ISO-10303-21;
HEADER;
/* Generated by software containing ST-Developer
 * from STEP Tools, Inc. (www.steptools.com) 
 */
/* OPTION: strings as raw bytes, not using required /X/ escapes */

FILE_DESCRIPTION(
/* description */ ('Unknown'),
/* implementation_level */ '2;1');

FILE_NAME(
/* name */ '60312042114504',
/* time_stamp */ '2018-09-19T15:38:44+02:00',
/* author */ ('Unknown'),
/* organization */ ('Unknown'),
/* preprocessor_version */ 'ST-DEVELOPER v16.7',
/* originating_system */ 'DEX',
/* authorisation */ $);

FILE_SCHEMA (('AUTOMOTIVE_DESIGN {1 0 10303 214 3 1 1}'));
ENDSEC;

DATA;
#10=PROPERTY_DEFINITION_REPRESENTATION(#14,#12);
#11=PROPERTY_DEFINITION_REPRESENTATION(#15,#13);
#12=REPRESENTATION('',(#16),#7743);
#13=REPRESENTATION('',(#17),#7743);
#14=PROPERTY_DEFINITION('pmi validation property','',#7748);
#15=PROPERTY_DEFINITION('pmi validation property','',#7748);
#16=VALUE_REPRESENTATION_ITEM('number of annotations',COUNT_MEASURE(0.));
#17=VALUE_REPRESENTATION_ITEM('number of views',COUNT_MEASURE(0.));
#18=ORIENTED_CLOSED_SHELL('',*,#2440,.F.);
#19=ELLIPSE('',#3154,50.8039685949823,0.635);
#20=ELLIPSE('',#3156,50.8039685949853,0.635);
#21=ELLIPSE('',#3159,50.8039685949823,0.635);
#22=ELLIPSE('',#3160,50.8039685949853,0.635);
#23=ELLIPSE('',#3162,46.8036561071894,0.585);
#24=ELLIPSE('',#3164,46.8036561071894,0.585);
#25=ELLIPSE('',#3166,46.8036561071884,0.585);
#26=ELLIPSE('',#3168,46.8036561071884,0.585);
#27=DRAUGHTING_PRE_DEFINED_COLOUR('white');
#28=BREP_WITH_VOIDS('',#2439,(#18));
#29=(
BOUNDED_SURFACE()
B_SPLINE_SURFACE(1,2,((#4533,#4534,#4535,#4536,#4537,#4538,#4539,#4540,
#4541,#4542,#4543,#4544,#4545,#4546,#4547,#4548,#4549,#4550,#4551,#4552,
#4553,#4554,#4555,#4556,#4557,#4558,#4559,#4560,#4561,#4562,#4563,#4564,
#4565,#4566,#4567),(#4568,#4569,#4570,#4571,#4572,#4573,#4574,#4575,#4576,
#4577,#4578,#4579,#4580,#4581,#4582,#4583,#4584,#4585,#4586,#4587,#4588,
#4589,#4590,#4591,#4592,#4593,#4594,#4595,#4596,#4597,#4598,#4599,#4600,
#4601,#4602)),.UNSPECIFIED.,.F.,.F.,.F.)
B_SPLINE_SURFACE_WITH_KNOTS((2,2),(3,2,2,2,2,2,2,2,2,2,2,2,2,2,2,2,2,3),
(0.,0.691649899396378),(0.126846771253403,0.145833333333333,0.166666666666667,
0.1875,0.208333333333333,0.229166666666667,0.25,0.270833333333333,0.291666666666667,
0.3125,0.333333333333333,0.354166666666667,0.375,0.395833333333333,0.416666666666667,
0.4375,0.458333333333333,0.473797774936078),.PIECEWISE_BEZIER_KNOTS.)
GEOMETRIC_REPRESENTATION_ITEM()
RATIONAL_B_SPLINE_SURFACE(((0.978353167004115,0.877901584567346,1.,0.866025403784439,
1.,0.866025403784439,1.,0.866025403784439,1.,0.866025403784439,1.,0.866025403784439,
1.,0.866025403784439,1.,0.866025403784439,1.,0.866025403784439,1.,0.866025403784439,
1.,0.866025403784439,1.,0.866025403784439,1.,0.866025403784439,1.,0.866025403784439,
1.,0.866025403784439,1.,0.866025403784439,1.,0.900551568667514,0.948742925382301),
(0.978353167004115,0.877901584567346,1.,0.866025403784439,1.,0.866025403784439,
1.,0.866025403784439,1.,0.866025403784439,1.,0.866025403784439,1.,0.866025403784439,
1.,0.866025403784439,1.,0.866025403784439,1.,0.866025403784439,1.,0.866025403784439,
1.,0.866025403784439,1.,0.866025403784439,1.,0.866025403784439,1.,0.866025403784439,
1.,0.866025403784439,1.,0.900551568667514,0.948742925382301)))
REPRESENTATION_ITEM('')
SURFACE()
);
#30=(
BOUNDED_SURFACE()
B_SPLINE_SURFACE(1,2,((#4798,#4799,#4800,#4801,#4802,#4803,#4804,#4805,
#4806,#4807,#4808,#4809,#4810,#4811,#4812,#4813,#4814,#4815,#4816,#4817,
#4818,#4819,#4820,#4821,#4822,#4823,#4824,#4825,#4826,#4827,#4828,#4829,
#4830,#4831,#4832),(#4833,#4834,#4835,#4836,#4837,#4838,#4839,#4840,#4841,
#4842,#4843,#4844,#4845,#4846,#4847,#4848,#4849,#4850,#4851,#4852,#4853,
#4854,#4855,#4856,#4857,#4858,#4859,#4860,#4861,#4862,#4863,#4864,#4865,
#4866,#4867)),.UNSPECIFIED.,.F.,.F.,.F.)
B_SPLINE_SURFACE_WITH_KNOTS((2,2),(3,2,2,2,2,2,2,2,2,2,2,2,2,2,2,2,2,3),
(0.308350100603615,1.),(0.229309369902746,0.25,0.270833333333333,0.291666666666667,
0.3125,0.333333333333333,0.354166666666667,0.375,0.395833333333333,0.416666666666667,
0.4375,0.458333333333333,0.479166666666667,0.5,0.520833333333333,0.541666666666667,
0.5625,0.576420140097823),.PIECEWISE_BEZIER_KNOTS.)
GEOMETRIC_REPRESENTATION_ITEM()
RATIONAL_B_SPLINE_SURFACE(((0.998177185538339,0.866943096989191,1.,0.866025403784439,
1.,0.866025403784439,1.,0.866025403784439,1.,0.866025403784439,1.,0.866025403784439,
1.,0.866025403784439,1.,0.866025403784439,1.,0.866025403784439,1.,0.866025403784439,
1.,0.866025403784439,1.,0.866025403784439,1.,0.866025403784439,1.,0.866025403784439,
1.,0.866025403784439,1.,0.866025403784439,1.,0.910482632854248,0.940590317726777),
(0.998177185538339,0.866943096989191,1.,0.866025403784439,1.,0.866025403784439,
1.,0.866025403784439,1.,0.866025403784439,1.,0.866025403784439,1.,0.866025403784439,
1.,0.866025403784439,1.,0.866025403784439,1.,0.866025403784439,1.,0.866025403784439,
1.,0.866025403784439,1.,0.866025403784439,1.,0.866025403784439,1.,0.866025403784439,
1.,0.866025403784439,1.,0.910482632854248,0.940590317726777)))
REPRESENTATION_ITEM('')
SURFACE()
);
#31=(
BOUNDED_SURFACE()
B_SPLINE_SURFACE(1,2,((#5136,#5137,#5138,#5139,#5140,#5141,#5142,#5143,
#5144,#5145,#5146,#5147,#5148,#5149,#5150,#5151,#5152,#5153,#5154,#5155,
#5156,#5157,#5158,#5159,#5160,#5161,#5162,#5163,#5164,#5165,#5166,#5167,
#5168,#5169,#5170,#5171,#5172,#5173,#5174,#5175,#5176,#5177,#5178,#5179,
#5180,#5181,#5182,#5183,#5184,#5185,#5186,#5187,#5188,#5189,#5190,#5191,
#5192,#5193,#5194,#5195,#5196,#5197,#5198,#5199,#5200,#5201,#5202,#5203,
#5204,#5205,#5206,#5207,#5208,#5209,#5210,#5211,#5212,#5213,#5214,#5215,
#5216,#5217,#5218,#5219,#5220,#5221,#5222,#5223,#5224,#5225,#5226,#5227,
#5228,#5229,#5230,#5231,#5232,#5233,#5234,#5235,#5236,#5237,#5238,#5239,
#5240,#5241,#5242,#5243,#5244,#5245,#5246,#5247,#5248,#5249,#5250,#5251,
#5252,#5253,#5254,#5255,#5256,#5257,#5258,#5259,#5260,#5261,#5262,#5263,
#5264,#5265,#5266,#5267,#5268,#5269,#5270,#5271,#5272,#5273,#5274,#5275,
#5276,#5277,#5278,#5279,#5280,#5281,#5282,#5283,#5284,#5285,#5286,#5287,
#5288,#5289,#5290,#5291,#5292,#5293,#5294,#5295,#5296,#5297,#5298,#5299,
#5300,#5301,#5302,#5303,#5304,#5305,#5306,#5307,#5308,#5309,#5310,#5311,
#5312,#5313,#5314,#5315,#5316,#5317,#5318,#5319,#5320,#5321,#5322,#5323,
#5324,#5325,#5326,#5327,#5328,#5329,#5330,#5331,#5332,#5333,#5334,#5335,
#5336,#5337,#5338,#5339,#5340,#5341,#5342,#5343,#5344,#5345,#5346,#5347,
#5348,#5349,#5350,#5351,#5352,#5353,#5354,#5355,#5356,#5357,#5358,#5359,
#5360,#5361,#5362,#5363,#5364,#5365,#5366,#5367,#5368,#5369,#5370,#5371,
#5372,#5373,#5374,#5375,#5376,#5377,#5378,#5379,#5380,#5381,#5382,#5383,
#5384,#5385,#5386,#5387,#5388,#5389,#5390,#5391,#5392,#5393,#5394,#5395,
#5396,#5397,#5398,#5399,#5400,#5401,#5402,#5403,#5404,#5405,#5406,#5407,
#5408,#5409,#5410,#5411,#5412,#5413,#5414,#5415,#5416,#5417,#5418,#5419,
#5420,#5421,#5422,#5423,#5424,#5425,#5426,#5427,#5428,#5429,#5430,#5431,
#5432,#5433,#5434,#5435,#5436,#5437,#5438),(#5439,#5440,#5441,#5442,#5443,
#5444,#5445,#5446,#5447,#5448,#5449,#5450,#5451,#5452,#5453,#5454,#5455,
#5456,#5457,#5458,#5459,#5460,#5461,#5462,#5463,#5464,#5465,#5466,#5467,
#5468,#5469,#5470,#5471,#5472,#5473,#5474,#5475,#5476,#5477,#5478,#5479,
#5480,#5481,#5482,#5483,#5484,#5485,#5486,#5487,#5488,#5489,#5490,#5491,
#5492,#5493,#5494,#5495,#5496,#5497,#5498,#5499,#5500,#5501,#5502,#5503,
#5504,#5505,#5506,#5507,#5508,#5509,#5510,#5511,#5512,#5513,#5514,#5515,
#5516,#5517,#5518,#5519,#5520,#5521,#5522,#5523,#5524,#5525,#5526,#5527,
#5528,#5529,#5530,#5531,#5532,#5533,#5534,#5535,#5536,#5537,#5538,#5539,
#5540,#5541,#5542,#5543,#5544,#5545,#5546,#5547,#5548,#5549,#5550,#5551,
#5552,#5553,#5554,#5555,#5556,#5557,#5558,#5559,#5560,#5561,#5562,#5563,
#5564,#5565,#5566,#5567,#5568,#5569,#5570,#5571,#5572,#5573,#5574,#5575,
#5576,#5577,#5578,#5579,#5580,#5581,#5582,#5583,#5584,#5585,#5586,#5587,
#5588,#5589,#5590,#5591,#5592,#5593,#5594,#5595,#5596,#5597,#5598,#5599,
#5600,#5601,#5602,#5603,#5604,#5605,#5606,#5607,#5608,#5609,#5610,#5611,
#5612,#5613,#5614,#5615,#5616,#5617,#5618,#5619,#5620,#5621,#5622,#5623,
#5624,#5625,#5626,#5627,#5628,#5629,#5630,#5631,#5632,#5633,#5634,#5635,
#5636,#5637,#5638,#5639,#5640,#5641,#5642,#5643,#5644,#5645,#5646,#5647,
#5648,#5649,#5650,#5651,#5652,#5653,#5654,#5655,#5656,#5657,#5658,#5659,
#5660,#5661,#5662,#5663,#5664,#5665,#5666,#5667,#5668,#5669,#5670,#5671,
#5672,#5673,#5674,#5675,#5676,#5677,#5678,#5679,#5680,#5681,#5682,#5683,
#5684,#5685,#5686,#5687,#5688,#5689,#5690,#5691,#5692,#5693,#5694,#5695,
#5696,#5697,#5698,#5699,#5700,#5701,#5702,#5703,#5704,#5705,#5706,#5707,
#5708,#5709,#5710,#5711,#5712,#5713,#5714,#5715,#5716,#5717,#5718,#5719,
#5720,#5721,#5722,#5723,#5724,#5725,#5726,#5727,#5728,#5729,#5730,#5731,
#5732,#5733,#5734,#5735,#5736,#5737,#5738,#5739,#5740,#5741)),
 .UNSPECIFIED.,.F.,.F.,.F.)
B_SPLINE_SURFACE_WITH_KNOTS((2,2),(3,2,2,2,2,2,2,2,2,2,2,2,2,2,2,2,2,2,
2,2,2,2,2,2,2,2,2,2,2,2,2,2,2,2,2,2,2,2,2,2,2,2,2,2,2,2,2,2,2,2,2,2,2,2,
2,2,2,2,2,2,2,2,2,2,2,2,2,2,2,2,2,2,2,2,2,2,2,2,2,2,2,2,2,2,2,2,2,2,2,2,
2,2,2,2,2,2,2,2,2,2,2,2,2,2,2,2,2,2,2,2,2,2,2,2,2,2,2,2,2,2,2,2,2,2,2,2,
2,2,2,2,2,2,2,2,2,2,2,2,2,2,2,2,2,2,2,2,2,2,2,2,2,3),(0.,1.),(0.0374971046136637,
0.0432098765432099,0.0493827160493827,0.0555555555555556,0.0617283950617284,
0.0679012345679012,0.0740740740740741,0.0802469135802469,0.0864197530864197,
0.0925925925925926,0.0987654320987654,0.104938271604938,0.111111111111111,
0.117283950617284,0.123456790123457,0.12962962962963,0.135802469135802,
0.141975308641975,0.148148148148148,0.154320987654321,0.160493827160494,
0.166666666666667,0.172839506172839,0.179012345679012,0.185185185185185,
0.191358024691358,0.197530864197531,0.203703703703704,0.209876543209877,
0.216049382716049,0.222222222222222,0.228395061728395,0.234567901234568,
0.240740740740741,0.246913580246914,0.253086419753086,0.259259259259259,
0.265432098765432,0.271604938271605,0.277777777777778,0.283950617283951,
0.290123456790123,0.296296296296296,0.302469135802469,0.308641975308642,
0.314814814814815,0.320987654320988,0.327160493827161,0.333333333333333,
0.339506172839506,0.345679012345679,0.351851851851852,0.358024691358025,
0.364197530864198,0.37037037037037,0.376543209876543,0.382716049382716,
0.388888888888889,0.395061728395062,0.401234567901235,0.407407407407407,
0.41358024691358,0.419753086419753,0.425925925925926,0.432098765432099,
0.438271604938272,0.444444444444444,0.450617283950617,0.45679012345679,
0.462962962962963,0.469135802469136,0.475308641975309,0.481481481481481,
0.487654320987654,0.493827160493827,0.5,0.506172839506173,0.512345679012346,
0.518518518518518,0.524691358024691,0.530864197530864,0.537037037037037,
0.54320987654321,0.549382716049383,0.555555555555556,0.561728395061728,
0.567901234567901,0.574074074074074,0.580246913580247,0.58641975308642,
0.592592592592593,0.598765432098765,0.604938271604938,0.611111111111111,
0.617283950617284,0.623456790123457,0.62962962962963,0.635802469135803,
0.641975308641975,0.648148148148148,0.654320987654321,0.660493827160494,
0.666666666666667,0.672839506172839,0.679012345679012,0.685185185185185,
0.691358024691358,0.697530864197531,0.703703703703704,0.709876543209877,
0.716049382716049,0.722222222222222,0.728395061728395,0.734567901234568,
0.740740740740741,0.746913580246914,0.753086419753086,0.759259259259259,
0.765432098765432,0.771604938271605,0.777777777777778,0.783950617283951,
0.790123456790123,0.796296296296296,0.802469135802469,0.808641975308642,
0.814814814814815,0.820987654320988,0.827160493827161,0.833333333333333,
0.839506172839506,0.845679012345679,0.851851851851852,0.858024691358025,
0.864197530864197,0.87037037037037,0.876543209876543,0.882716049382716,
0.888888888888889,0.895061728395062,0.901234567901235,0.907407407407407,
0.91358024691358,0.919753086419753,0.925925925925926,0.932098765432099,
0.938271604938272,0.944444444444444,0.950617283950617,0.95679012345679,
0.962962962962963,0.966086549919587),.PIECEWISE_BEZIER_KNOTS.)
GEOMETRIC_REPRESENTATION_ITEM()
RATIONAL_B_SPLINE_SURFACE(((0.981517913649172,0.876010657369729,1.,0.866025403784439,
1.,0.866025403784439,1.,0.866025403784439,1.,0.866025403784439,1.,0.866025403784439,
1.,0.866025403784439,1.,0.866025403784439,1.,0.866025403784439,1.,0.866025403784439,
1.,0.866025403784439,1.,0.866025403784439,1.,0.866025403784439,1.,0.866025403784439,
1.,0.866025403784439,1.,0.866025403784439,1.,0.866025403784439,1.,0.866025403784439,
1.,0.866025403784439,1.,0.866025403784439,1.,0.866025403784439,1.,0.866025403784439,
1.,0.866025403784439,1.,0.866025403784439,1.,0.866025403784439,1.,0.866025403784439,
1.,0.866025403784439,1.,0.866025403784439,1.,0.866025403784439,1.,0.866025403784439,
1.,0.866025403784439,1.,0.866025403784439,1.,0.866025403784439,1.,0.866025403784439,
1.,0.866025403784439,1.,0.866025403784439,1.,0.866025403784439,1.,0.866025403784439,
1.,0.866025403784439,1.,0.866025403784439,1.,0.866025403784439,1.,0.866025403784439,
1.,0.866025403784439,1.,0.866025403784439,1.,0.866025403784439,1.,0.866025403784439,
1.,0.866025403784439,1.,0.866025403784439,1.,0.866025403784439,1.,0.866025403784439,
1.,0.866025403784439,1.,0.866025403784439,1.,0.866025403784439,1.,0.866025403784439,
1.,0.866025403784439,1.,0.866025403784439,1.,0.866025403784439,1.,0.866025403784439,
1.,0.866025403784439,1.,0.866025403784439,1.,0.866025403784439,1.,0.866025403784439,
1.,0.866025403784439,1.,0.866025403784439,1.,0.866025403784439,1.,0.866025403784439,
1.,0.866025403784439,1.,0.866025403784439,1.,0.866025403784439,1.,0.866025403784439,
1.,0.866025403784439,1.,0.866025403784439,1.,0.866025403784439,1.,0.866025403784439,
1.,0.866025403784439,1.,0.866025403784439,1.,0.866025403784439,1.,0.866025403784439,
1.,0.866025403784439,1.,0.866025403784439,1.,0.866025403784439,1.,0.866025403784439,
1.,0.866025403784439,1.,0.866025403784439,1.,0.866025403784439,1.,0.866025403784439,
1.,0.866025403784439,1.,0.866025403784439,1.,0.866025403784439,1.,0.866025403784439,
1.,0.866025403784439,1.,0.866025403784439,1.,0.866025403784439,1.,0.866025403784439,
1.,0.866025403784439,1.,0.866025403784439,1.,0.866025403784439,1.,0.866025403784439,
1.,0.866025403784439,1.,0.866025403784439,1.,0.866025403784439,1.,0.866025403784439,
1.,0.866025403784439,1.,0.866025403784439,1.,0.866025403784439,1.,0.866025403784439,
1.,0.866025403784439,1.,0.866025403784439,1.,0.866025403784439,1.,0.866025403784439,
1.,0.866025403784439,1.,0.866025403784439,1.,0.866025403784439,1.,0.866025403784439,
1.,0.866025403784439,1.,0.866025403784439,1.,0.866025403784439,1.,0.866025403784439,
1.,0.866025403784439,1.,0.866025403784439,1.,0.866025403784439,1.,0.866025403784439,
1.,0.866025403784439,1.,0.866025403784439,1.,0.866025403784439,1.,0.866025403784439,
1.,0.866025403784439,1.,0.866025403784439,1.,0.866025403784439,1.,0.866025403784439,
1.,0.866025403784439,1.,0.866025403784439,1.,0.866025403784439,1.,0.866025403784439,
1.,0.866025403784439,1.,0.866025403784439,1.,0.866025403784439,1.,0.866025403784439,
1.,0.866025403784439,1.,0.866025403784439,1.,0.866025403784439,1.,0.866025403784439,
1.,0.866025403784439,1.,0.866025403784439,1.,0.866025403784439,1.,0.866025403784439,
1.,0.866025403784439,1.,0.866025403784439,1.,0.866025403784439,1.,0.866025403784439,
1.,0.932206029196213,0.933022415985142),(0.981517913649172,0.876010657369729,
1.,0.866025403784439,1.,0.866025403784439,1.,0.866025403784439,1.,0.866025403784439,
1.,0.866025403784439,1.,0.866025403784439,1.,0.866025403784439,1.,0.866025403784439,
1.,0.866025403784439,1.,0.866025403784439,1.,0.866025403784439,1.,0.866025403784439,
1.,0.866025403784439,1.,0.866025403784439,1.,0.866025403784439,1.,0.866025403784439,
1.,0.866025403784439,1.,0.866025403784439,1.,0.866025403784439,1.,0.866025403784439,
1.,0.866025403784439,1.,0.866025403784439,1.,0.866025403784439,1.,0.866025403784439,
1.,0.866025403784439,1.,0.866025403784439,1.,0.866025403784439,1.,0.866025403784439,
1.,0.866025403784439,1.,0.866025403784439,1.,0.866025403784439,1.,0.866025403784439,
1.,0.866025403784439,1.,0.866025403784439,1.,0.866025403784439,1.,0.866025403784439,
1.,0.866025403784439,1.,0.866025403784439,1.,0.866025403784439,1.,0.866025403784439,
1.,0.866025403784439,1.,0.866025403784439,1.,0.866025403784439,1.,0.866025403784439,
1.,0.866025403784439,1.,0.866025403784439,1.,0.866025403784439,1.,0.866025403784439,
1.,0.866025403784439,1.,0.866025403784439,1.,0.866025403784439,1.,0.866025403784439,
1.,0.866025403784439,1.,0.866025403784439,1.,0.866025403784439,1.,0.866025403784439,
1.,0.866025403784439,1.,0.866025403784439,1.,0.866025403784439,1.,0.866025403784439,
1.,0.866025403784439,1.,0.866025403784439,1.,0.866025403784439,1.,0.866025403784439,
1.,0.866025403784439,1.,0.866025403784439,1.,0.866025403784439,1.,0.866025403784439,
1.,0.866025403784439,1.,0.866025403784439,1.,0.866025403784439,1.,0.866025403784439,
1.,0.866025403784439,1.,0.866025403784439,1.,0.866025403784439,1.,0.866025403784439,
1.,0.866025403784439,1.,0.866025403784439,1.,0.866025403784439,1.,0.866025403784439,
1.,0.866025403784439,1.,0.866025403784439,1.,0.866025403784439,1.,0.866025403784439,
1.,0.866025403784439,1.,0.866025403784439,1.,0.866025403784439,1.,0.866025403784439,
1.,0.866025403784439,1.,0.866025403784439,1.,0.866025403784439,1.,0.866025403784439,
1.,0.866025403784439,1.,0.866025403784439,1.,0.866025403784439,1.,0.866025403784439,
1.,0.866025403784439,1.,0.866025403784439,1.,0.866025403784439,1.,0.866025403784439,
1.,0.866025403784439,1.,0.866025403784439,1.,0.866025403784439,1.,0.866025403784439,
1.,0.866025403784439,1.,0.866025403784439,1.,0.866025403784439,1.,0.866025403784439,
1.,0.866025403784439,1.,0.866025403784439,1.,0.866025403784439,1.,0.866025403784439,
1.,0.866025403784439,1.,0.866025403784439,1.,0.866025403784439,1.,0.866025403784439,
1.,0.866025403784439,1.,0.866025403784439,1.,0.866025403784439,1.,0.866025403784439,
1.,0.866025403784439,1.,0.866025403784439,1.,0.866025403784439,1.,0.866025403784439,
1.,0.866025403784439,1.,0.866025403784439,1.,0.866025403784439,1.,0.866025403784439,
1.,0.866025403784439,1.,0.866025403784439,1.,0.866025403784439,1.,0.866025403784439,
1.,0.866025403784439,1.,0.866025403784439,1.,0.866025403784439,1.,0.866025403784439,
1.,0.866025403784439,1.,0.866025403784439,1.,0.866025403784439,1.,0.866025403784439,
1.,0.866025403784439,1.,0.866025403784439,1.,0.866025403784439,1.,0.866025403784439,
1.,0.866025403784439,1.,0.866025403784439,1.,0.866025403784439,1.,0.866025403784439,
1.,0.866025403784439,1.,0.932206029196213,0.933022415985142)))
REPRESENTATION_ITEM('')
SURFACE()
);
#32=(
BOUNDED_SURFACE()
B_SPLINE_SURFACE(1,2,((#6727,#6728,#6729,#6730,#6731,#6732,#6733,#6734,
#6735,#6736,#6737,#6738,#6739,#6740,#6741,#6742,#6743,#6744,#6745,#6746,
#6747,#6748,#6749,#6750,#6751,#6752,#6753,#6754,#6755,#6756,#6757,#6758,
#6759,#6760,#6761,#6762,#6763,#6764,#6765,#6766,#6767,#6768,#6769,#6770,
#6771,#6772,#6773,#6774,#6775,#6776,#6777,#6778,#6779,#6780,#6781,#6782,
#6783,#6784,#6785,#6786,#6787,#6788,#6789,#6790,#6791,#6792,#6793,#6794,
#6795,#6796,#6797,#6798,#6799,#6800,#6801,#6802,#6803,#6804,#6805,#6806,
#6807,#6808,#6809,#6810,#6811,#6812,#6813,#6814,#6815,#6816,#6817,#6818,
#6819,#6820,#6821,#6822,#6823,#6824,#6825,#6826,#6827,#6828,#6829,#6830,
#6831,#6832,#6833,#6834,#6835,#6836,#6837,#6838,#6839,#6840,#6841,#6842,
#6843,#6844,#6845,#6846,#6847,#6848,#6849,#6850,#6851,#6852,#6853,#6854,
#6855,#6856,#6857,#6858,#6859,#6860,#6861,#6862,#6863,#6864,#6865,#6866,
#6867,#6868,#6869,#6870,#6871,#6872,#6873,#6874,#6875,#6876,#6877,#6878,
#6879,#6880,#6881,#6882,#6883,#6884,#6885,#6886,#6887,#6888,#6889,#6890,
#6891,#6892,#6893,#6894,#6895,#6896,#6897,#6898,#6899,#6900,#6901,#6902,
#6903,#6904,#6905,#6906,#6907,#6908,#6909,#6910,#6911,#6912,#6913,#6914,
#6915,#6916,#6917,#6918,#6919,#6920,#6921,#6922,#6923,#6924,#6925,#6926,
#6927,#6928,#6929,#6930,#6931,#6932,#6933,#6934,#6935,#6936,#6937,#6938,
#6939,#6940,#6941,#6942,#6943,#6944,#6945,#6946,#6947,#6948,#6949,#6950,
#6951,#6952,#6953,#6954,#6955,#6956,#6957,#6958,#6959,#6960,#6961,#6962,
#6963,#6964,#6965,#6966,#6967,#6968,#6969,#6970,#6971,#6972,#6973,#6974,
#6975,#6976,#6977,#6978,#6979,#6980,#6981,#6982,#6983,#6984,#6985,#6986,
#6987,#6988,#6989,#6990,#6991,#6992,#6993,#6994,#6995,#6996,#6997,#6998,
#6999,#7000,#7001,#7002,#7003,#7004,#7005,#7006,#7007,#7008,#7009,#7010,
#7011,#7012,#7013,#7014,#7015,#7016,#7017,#7018,#7019,#7020,#7021,#7022,
#7023,#7024,#7025,#7026,#7027),(#7028,#7029,#7030,#7031,#7032,#7033,#7034,
#7035,#7036,#7037,#7038,#7039,#7040,#7041,#7042,#7043,#7044,#7045,#7046,
#7047,#7048,#7049,#7050,#7051,#7052,#7053,#7054,#7055,#7056,#7057,#7058,
#7059,#7060,#7061,#7062,#7063,#7064,#7065,#7066,#7067,#7068,#7069,#7070,
#7071,#7072,#7073,#7074,#7075,#7076,#7077,#7078,#7079,#7080,#7081,#7082,
#7083,#7084,#7085,#7086,#7087,#7088,#7089,#7090,#7091,#7092,#7093,#7094,
#7095,#7096,#7097,#7098,#7099,#7100,#7101,#7102,#7103,#7104,#7105,#7106,
#7107,#7108,#7109,#7110,#7111,#7112,#7113,#7114,#7115,#7116,#7117,#7118,
#7119,#7120,#7121,#7122,#7123,#7124,#7125,#7126,#7127,#7128,#7129,#7130,
#7131,#7132,#7133,#7134,#7135,#7136,#7137,#7138,#7139,#7140,#7141,#7142,
#7143,#7144,#7145,#7146,#7147,#7148,#7149,#7150,#7151,#7152,#7153,#7154,
#7155,#7156,#7157,#7158,#7159,#7160,#7161,#7162,#7163,#7164,#7165,#7166,
#7167,#7168,#7169,#7170,#7171,#7172,#7173,#7174,#7175,#7176,#7177,#7178,
#7179,#7180,#7181,#7182,#7183,#7184,#7185,#7186,#7187,#7188,#7189,#7190,
#7191,#7192,#7193,#7194,#7195,#7196,#7197,#7198,#7199,#7200,#7201,#7202,
#7203,#7204,#7205,#7206,#7207,#7208,#7209,#7210,#7211,#7212,#7213,#7214,
#7215,#7216,#7217,#7218,#7219,#7220,#7221,#7222,#7223,#7224,#7225,#7226,
#7227,#7228,#7229,#7230,#7231,#7232,#7233,#7234,#7235,#7236,#7237,#7238,
#7239,#7240,#7241,#7242,#7243,#7244,#7245,#7246,#7247,#7248,#7249,#7250,
#7251,#7252,#7253,#7254,#7255,#7256,#7257,#7258,#7259,#7260,#7261,#7262,
#7263,#7264,#7265,#7266,#7267,#7268,#7269,#7270,#7271,#7272,#7273,#7274,
#7275,#7276,#7277,#7278,#7279,#7280,#7281,#7282,#7283,#7284,#7285,#7286,
#7287,#7288,#7289,#7290,#7291,#7292,#7293,#7294,#7295,#7296,#7297,#7298,
#7299,#7300,#7301,#7302,#7303,#7304,#7305,#7306,#7307,#7308,#7309,#7310,
#7311,#7312,#7313,#7314,#7315,#7316,#7317,#7318,#7319,#7320,#7321,#7322,
#7323,#7324,#7325,#7326,#7327,#7328)),.UNSPECIFIED.,.F.,.F.,.F.)
B_SPLINE_SURFACE_WITH_KNOTS((2,2),(3,2,2,2,2,2,2,2,2,2,2,2,2,2,2,2,2,2,
2,2,2,2,2,2,2,2,2,2,2,2,2,2,2,2,2,2,2,2,2,2,2,2,2,2,2,2,2,2,2,2,2,2,2,2,
2,2,2,2,2,2,2,2,2,2,2,2,2,2,2,2,2,2,2,2,2,2,2,2,2,2,2,2,2,2,2,2,2,2,2,2,
2,2,2,2,2,2,2,2,2,2,2,2,2,2,2,2,2,2,2,2,2,2,2,2,2,2,2,2,2,2,2,2,2,2,2,2,
2,2,2,2,2,2,2,2,2,2,2,2,2,2,2,2,2,2,2,2,2,2,2,2,3),(0.,1.),(0.0432295973951704,
0.0493827160493827,0.0555555555555556,0.0617283950617284,0.0679012345679012,
0.0740740740740741,0.0802469135802469,0.0864197530864197,0.0925925925925926,
0.0987654320987654,0.104938271604938,0.111111111111111,0.117283950617284,
0.123456790123457,0.12962962962963,0.135802469135802,0.141975308641975,
0.148148148148148,0.154320987654321,0.160493827160494,0.166666666666667,
0.172839506172839,0.179012345679012,0.185185185185185,0.191358024691358,
0.197530864197531,0.203703703703704,0.209876543209877,0.216049382716049,
0.222222222222222,0.228395061728395,0.234567901234568,0.240740740740741,
0.246913580246914,0.253086419753086,0.259259259259259,0.265432098765432,
0.271604938271605,0.277777777777778,0.283950617283951,0.290123456790123,
0.296296296296296,0.302469135802469,0.308641975308642,0.314814814814815,
0.320987654320988,0.327160493827161,0.333333333333333,0.339506172839506,
0.345679012345679,0.351851851851852,0.358024691358025,0.364197530864198,
0.37037037037037,0.376543209876543,0.382716049382716,0.388888888888889,
0.395061728395062,0.401234567901235,0.407407407407407,0.41358024691358,
0.419753086419753,0.425925925925926,0.432098765432099,0.438271604938272,
0.444444444444444,0.450617283950617,0.45679012345679,0.462962962962963,
0.469135802469136,0.475308641975309,0.481481481481481,0.487654320987654,
0.493827160493827,0.5,0.506172839506173,0.512345679012346,0.518518518518518,
0.524691358024691,0.530864197530864,0.537037037037037,0.54320987654321,
0.549382716049383,0.555555555555556,0.561728395061728,0.567901234567901,
0.574074074074074,0.580246913580247,0.58641975308642,0.592592592592593,
0.598765432098765,0.604938271604938,0.611111111111111,0.617283950617284,
0.623456790123457,0.62962962962963,0.635802469135803,0.641975308641975,
0.648148148148148,0.654320987654321,0.660493827160494,0.666666666666667,
0.672839506172839,0.679012345679012,0.685185185185185,0.691358024691358,
0.697530864197531,0.703703703703704,0.709876543209877,0.716049382716049,
0.722222222222222,0.728395061728395,0.734567901234568,0.740740740740741,
0.746913580246914,0.753086419753086,0.759259259259259,0.765432098765432,
0.771604938271605,0.777777777777778,0.783950617283951,0.790123456790123,
0.796296296296296,0.802469135802469,0.808641975308642,0.814814814814815,
0.820987654320988,0.827160493827161,0.833333333333333,0.839506172839506,
0.845679012345679,0.851851851851852,0.858024691358025,0.864197530864197,
0.87037037037037,0.876543209876543,0.882716049382716,0.888888888888889,
0.895061728395062,0.901234567901235,0.907407407407407,0.91358024691358,
0.919753086419753,0.925925925925926,0.932098765432099,0.938271604938272,
0.944444444444444,0.950617283950617,0.95679012345679,0.962962962962963,
0.963503225585223),.PIECEWISE_BEZIER_KNOTS.)
GEOMETRIC_REPRESENTATION_ITEM()
RATIONAL_B_SPLINE_SURFACE(((0.999146696662179,0.866453422879345,1.,0.866025403784439,
1.,0.866025403784439,1.,0.866025403784439,1.,0.866025403784439,1.,0.866025403784439,
1.,0.866025403784439,1.,0.866025403784439,1.,0.866025403784439,1.,0.866025403784439,
1.,0.866025403784439,1.,0.866025403784439,1.,0.866025403784439,1.,0.866025403784439,
1.,0.866025403784439,1.,0.866025403784439,1.,0.866025403784439,1.,0.866025403784439,
1.,0.866025403784439,1.,0.866025403784439,1.,0.866025403784439,1.,0.866025403784439,
1.,0.866025403784439,1.,0.866025403784439,1.,0.866025403784439,1.,0.866025403784439,
1.,0.866025403784439,1.,0.866025403784439,1.,0.866025403784439,1.,0.866025403784439,
1.,0.866025403784439,1.,0.866025403784439,1.,0.866025403784439,1.,0.866025403784439,
1.,0.866025403784439,1.,0.866025403784439,1.,0.866025403784439,1.,0.866025403784439,
1.,0.866025403784439,1.,0.866025403784439,1.,0.866025403784439,1.,0.866025403784439,
1.,0.866025403784439,1.,0.866025403784439,1.,0.866025403784439,1.,0.866025403784439,
1.,0.866025403784439,1.,0.866025403784439,1.,0.866025403784439,1.,0.866025403784439,
1.,0.866025403784439,1.,0.866025403784439,1.,0.866025403784439,1.,0.866025403784439,
1.,0.866025403784439,1.,0.866025403784439,1.,0.866025403784439,1.,0.866025403784439,
1.,0.866025403784439,1.,0.866025403784439,1.,0.866025403784439,1.,0.866025403784439,
1.,0.866025403784439,1.,0.866025403784439,1.,0.866025403784439,1.,0.866025403784439,
1.,0.866025403784439,1.,0.866025403784439,1.,0.866025403784439,1.,0.866025403784439,
1.,0.866025403784439,1.,0.866025403784439,1.,0.866025403784439,1.,0.866025403784439,
1.,0.866025403784439,1.,0.866025403784439,1.,0.866025403784439,1.,0.866025403784439,
1.,0.866025403784439,1.,0.866025403784439,1.,0.866025403784439,1.,0.866025403784439,
1.,0.866025403784439,1.,0.866025403784439,1.,0.866025403784439,1.,0.866025403784439,
1.,0.866025403784439,1.,0.866025403784439,1.,0.866025403784439,1.,0.866025403784439,
1.,0.866025403784439,1.,0.866025403784439,1.,0.866025403784439,1.,0.866025403784439,
1.,0.866025403784439,1.,0.866025403784439,1.,0.866025403784439,1.,0.866025403784439,
1.,0.866025403784439,1.,0.866025403784439,1.,0.866025403784439,1.,0.866025403784439,
1.,0.866025403784439,1.,0.866025403784439,1.,0.866025403784439,1.,0.866025403784439,
1.,0.866025403784439,1.,0.866025403784439,1.,0.866025403784439,1.,0.866025403784439,
1.,0.866025403784439,1.,0.866025403784439,1.,0.866025403784439,1.,0.866025403784439,
1.,0.866025403784439,1.,0.866025403784439,1.,0.866025403784439,1.,0.866025403784439,
1.,0.866025403784439,1.,0.866025403784439,1.,0.866025403784439,1.,0.866025403784439,
1.,0.866025403784439,1.,0.866025403784439,1.,0.866025403784439,1.,0.866025403784439,
1.,0.866025403784439,1.,0.866025403784439,1.,0.866025403784439,1.,0.866025403784439,
1.,0.866025403784439,1.,0.866025403784439,1.,0.866025403784439,1.,0.866025403784439,
1.,0.866025403784439,1.,0.866025403784439,1.,0.866025403784439,1.,0.866025403784439,
1.,0.866025403784439,1.,0.866025403784439,1.,0.866025403784439,1.,0.866025403784439,
1.,0.866025403784439,1.,0.866025403784439,1.,0.866025403784439,1.,0.866025403784439,
1.,0.866025403784439,1.,0.866025403784439,1.,0.866025403784439,1.,0.988274202399836,
0.978600948091369),(0.999146696662179,0.866453422879345,1.,0.866025403784439,
1.,0.866025403784439,1.,0.866025403784439,1.,0.866025403784439,1.,0.866025403784439,
1.,0.866025403784439,1.,0.866025403784439,1.,0.866025403784439,1.,0.866025403784439,
1.,0.866025403784439,1.,0.866025403784439,1.,0.866025403784439,1.,0.866025403784439,
1.,0.866025403784439,1.,0.866025403784439,1.,0.866025403784439,1.,0.866025403784439,
1.,0.866025403784439,1.,0.866025403784439,1.,0.866025403784439,1.,0.866025403784439,
1.,0.866025403784439,1.,0.866025403784439,1.,0.866025403784439,1.,0.866025403784439,
1.,0.866025403784439,1.,0.866025403784439,1.,0.866025403784439,1.,0.866025403784439,
1.,0.866025403784439,1.,0.866025403784439,1.,0.866025403784439,1.,0.866025403784439,
1.,0.866025403784439,1.,0.866025403784439,1.,0.866025403784439,1.,0.866025403784439,
1.,0.866025403784439,1.,0.866025403784439,1.,0.866025403784439,1.,0.866025403784439,
1.,0.866025403784439,1.,0.866025403784439,1.,0.866025403784439,1.,0.866025403784439,
1.,0.866025403784439,1.,0.866025403784439,1.,0.866025403784439,1.,0.866025403784439,
1.,0.866025403784439,1.,0.866025403784439,1.,0.866025403784439,1.,0.866025403784439,
1.,0.866025403784439,1.,0.866025403784439,1.,0.866025403784439,1.,0.866025403784439,
1.,0.866025403784439,1.,0.866025403784439,1.,0.866025403784439,1.,0.866025403784439,
1.,0.866025403784439,1.,0.866025403784439,1.,0.866025403784439,1.,0.866025403784439,
1.,0.866025403784439,1.,0.866025403784439,1.,0.866025403784439,1.,0.866025403784439,
1.,0.866025403784439,1.,0.866025403784439,1.,0.866025403784439,1.,0.866025403784439,
1.,0.866025403784439,1.,0.866025403784439,1.,0.866025403784439,1.,0.866025403784439,
1.,0.866025403784439,1.,0.866025403784439,1.,0.866025403784439,1.,0.866025403784439,
1.,0.866025403784439,1.,0.866025403784439,1.,0.866025403784439,1.,0.866025403784439,
1.,0.866025403784439,1.,0.866025403784439,1.,0.866025403784439,1.,0.866025403784439,
1.,0.866025403784439,1.,0.866025403784439,1.,0.866025403784439,1.,0.866025403784439,
1.,0.866025403784439,1.,0.866025403784439,1.,0.866025403784439,1.,0.866025403784439,
1.,0.866025403784439,1.,0.866025403784439,1.,0.866025403784439,1.,0.866025403784439,
1.,0.866025403784439,1.,0.866025403784439,1.,0.866025403784439,1.,0.866025403784439,
1.,0.866025403784439,1.,0.866025403784439,1.,0.866025403784439,1.,0.866025403784439,
1.,0.866025403784439,1.,0.866025403784439,1.,0.866025403784439,1.,0.866025403784439,
1.,0.866025403784439,1.,0.866025403784439,1.,0.866025403784439,1.,0.866025403784439,
1.,0.866025403784439,1.,0.866025403784439,1.,0.866025403784439,1.,0.866025403784439,
1.,0.866025403784439,1.,0.866025403784439,1.,0.866025403784439,1.,0.866025403784439,
1.,0.866025403784439,1.,0.866025403784439,1.,0.866025403784439,1.,0.866025403784439,
1.,0.866025403784439,1.,0.866025403784439,1.,0.866025403784439,1.,0.866025403784439,
1.,0.866025403784439,1.,0.866025403784439,1.,0.866025403784439,1.,0.866025403784439,
1.,0.866025403784439,1.,0.866025403784439,1.,0.866025403784439,1.,0.866025403784439,
1.,0.866025403784439,1.,0.866025403784439,1.,0.866025403784439,1.,0.866025403784439,
1.,0.866025403784439,1.,0.866025403784439,1.,0.866025403784439,1.,0.988274202399836,
0.978600948091369)))
REPRESENTATION_ITEM('')
SURFACE()
);
#33=(
BOUNDED_CURVE()
B_SPLINE_CURVE(2,(#4339,#4340,#4341,#4342,#4343,#4344,#4345,#4346,#4347,
#4348,#4349,#4350,#4351,#4352,#4353,#4354,#4355,#4356,#4357,#4358,#4359,
#4360,#4361,#4362,#4363,#4364,#4365,#4366,#4367,#4368,#4369,#4370,#4371,
#4372,#4373,#4374,#4375,#4376,#4377,#4378,#4379,#4380,#4381,#4382,#4383,
#4384,#4385,#4386,#4387,#4388,#4389,#4390,#4391,#4392,#4393,#4394,#4395,
#4396,#4397,#4398,#4399,#4400,#4401,#4402,#4403,#4404,#4405,#4406,#4407,
#4408,#4409,#4410,#4411,#4412,#4413,#4414,#4415,#4416,#4417,#4418,#4419,
#4420,#4421,#4422,#4423,#4424,#4425,#4426,#4427,#4428,#4429,#4430,#4431,
#4432,#4433,#4434,#4435),.UNSPECIFIED.,.F.,.F.)
B_SPLINE_CURVE_WITH_KNOTS((3,2,2,2,2,2,2,2,2,2,2,2,2,2,2,2,2,2,2,2,2,2,
2,2,2,2,2,2,2,2,2,2,2,2,2,2,2,2,2,2,2,2,2,2,2,2,2,2,3),(0.,0.0208333333333333,
0.0416666666666667,0.0625,0.0833333333333333,0.104166666666667,0.125,0.145833333333333,
0.166666666666667,0.1875,0.208333333333333,0.229166666666667,0.25,0.270833333333333,
0.291666666666667,0.3125,0.333333333333333,0.354166666666667,0.375,0.395833333333333,
0.416666666666667,0.4375,0.458333333333333,0.479166666666667,0.5,0.520833333333333,
0.541666666666667,0.5625,0.583333333333333,0.604166666666667,0.625,0.645833333333333,
0.666666666666667,0.6875,0.708333333333333,0.729166666666667,0.75,0.770833333333333,
0.791666666666667,0.8125,0.833333333333333,0.854166666666667,0.875,0.895833333333333,
0.916666666666667,0.9375,0.958333333333333,0.979166666666667,1.),
 .PIECEWISE_BEZIER_KNOTS.)
CURVE()
GEOMETRIC_REPRESENTATION_ITEM()
RATIONAL_B_SPLINE_CURVE((1.,0.866025403784439,1.,0.866025403784439,1.,0.866025403784439,
1.,0.866025403784439,1.,0.866025403784439,1.,0.866025403784439,1.,0.866025403784439,
1.,0.866025403784439,1.,0.866025403784439,1.,0.866025403784439,1.,0.866025403784439,
1.,0.866025403784439,1.,0.866025403784439,1.,0.866025403784439,1.,0.866025403784439,
1.,0.866025403784439,1.,0.866025403784439,1.,0.866025403784439,1.,0.866025403784439,
1.,0.866025403784439,1.,0.866025403784439,1.,0.866025403784439,1.,0.866025403784439,
1.,0.866025403784439,1.,0.866025403784439,1.,0.866025403784439,1.,0.866025403784439,
1.,0.866025403784439,1.,0.866025403784439,1.,0.866025403784439,1.,0.866025403784439,
1.,0.866025403784439,1.,0.866025403784439,1.,0.866025403784439,1.,0.866025403784439,
1.,0.866025403784439,1.,0.866025403784439,1.,0.866025403784439,1.,0.866025403784439,
1.,0.866025403784439,1.,0.866025403784439,1.,0.866025403784439,1.,0.866025403784439,
1.,0.866025403784439,1.,0.866025403784439,1.,0.866025403784439,1.,0.866025403784439,
1.,0.866025403784439,1.))
REPRESENTATION_ITEM('')
);
#34=(
BOUNDED_CURVE()
B_SPLINE_CURVE(2,(#4436,#4437,#4438,#4439,#4440,#4441,#4442,#4443,#4444,
#4445,#4446,#4447,#4448,#4449,#4450,#4451,#4452,#4453,#4454,#4455,#4456,
#4457,#4458,#4459,#4460,#4461,#4462,#4463,#4464,#4465,#4466,#4467,#4468,
#4469,#4470,#4471,#4472,#4473,#4474,#4475,#4476,#4477,#4478,#4479,#4480,
#4481,#4482,#4483,#4484,#4485,#4486,#4487,#4488,#4489,#4490,#4491,#4492,
#4493,#4494,#4495,#4496,#4497,#4498,#4499,#4500,#4501,#4502,#4503,#4504,
#4505,#4506,#4507,#4508,#4509,#4510,#4511,#4512,#4513,#4514,#4515,#4516,
#4517,#4518,#4519,#4520,#4521,#4522,#4523,#4524,#4525,#4526,#4527,#4528,
#4529,#4530,#4531,#4532),.UNSPECIFIED.,.F.,.F.)
B_SPLINE_CURVE_WITH_KNOTS((3,2,2,2,2,2,2,2,2,2,2,2,2,2,2,2,2,2,2,2,2,2,
2,2,2,2,2,2,2,2,2,2,2,2,2,2,2,2,2,2,2,2,2,2,2,2,2,2,3),(0.,0.0208333333333333,
0.0416666666666667,0.0625,0.0833333333333333,0.104166666666667,0.125,0.145833333333333,
0.166666666666667,0.1875,0.208333333333333,0.229166666666667,0.25,0.270833333333333,
0.291666666666667,0.3125,0.333333333333333,0.354166666666667,0.375,0.395833333333333,
0.416666666666667,0.4375,0.458333333333333,0.479166666666667,0.5,0.520833333333333,
0.541666666666667,0.5625,0.583333333333333,0.604166666666667,0.625,0.645833333333333,
0.666666666666667,0.6875,0.708333333333333,0.729166666666667,0.75,0.770833333333333,
0.791666666666667,0.8125,0.833333333333333,0.854166666666667,0.875,0.895833333333333,
0.916666666666667,0.9375,0.958333333333333,0.979166666666667,1.),
 .PIECEWISE_BEZIER_KNOTS.)
CURVE()
GEOMETRIC_REPRESENTATION_ITEM()
RATIONAL_B_SPLINE_CURVE((1.,0.866025403784439,1.,0.866025403784439,1.,0.866025403784439,
1.,0.866025403784439,1.,0.866025403784439,1.,0.866025403784439,1.,0.866025403784439,
1.,0.866025403784439,1.,0.866025403784439,1.,0.866025403784439,1.,0.866025403784439,
1.,0.866025403784439,1.,0.866025403784439,1.,0.866025403784439,1.,0.866025403784439,
1.,0.866025403784439,1.,0.866025403784439,1.,0.866025403784439,1.,0.866025403784439,
1.,0.866025403784439,1.,0.866025403784439,1.,0.866025403784439,1.,0.866025403784439,
1.,0.866025403784439,1.,0.866025403784439,1.,0.866025403784439,1.,0.866025403784439,
1.,0.866025403784439,1.,0.866025403784439,1.,0.866025403784439,1.,0.866025403784439,
1.,0.866025403784439,1.,0.866025403784439,1.,0.866025403784439,1.,0.866025403784439,
1.,0.866025403784439,1.,0.866025403784439,1.,0.866025403784439,1.,0.866025403784439,
1.,0.866025403784439,1.,0.866025403784439,1.,0.866025403784439,1.,0.866025403784439,
1.,0.866025403784439,1.,0.866025403784439,1.,0.866025403784439,1.,0.866025403784439,
1.,0.866025403784439,1.))
REPRESENTATION_ITEM('')
);
#35=(
BOUNDED_CURVE()
B_SPLINE_CURVE(2,(#4603,#4604,#4605,#4606,#4607,#4608,#4609,#4610,#4611,
#4612,#4613,#4614,#4615,#4616,#4617,#4618,#4619,#4620,#4621,#4622,#4623,
#4624,#4625,#4626,#4627,#4628,#4629,#4630,#4631,#4632,#4633,#4634,#4635,
#4636,#4637,#4638,#4639,#4640,#4641,#4642,#4643,#4644,#4645,#4646,#4647,
#4648,#4649,#4650,#4651,#4652,#4653,#4654,#4655,#4656,#4657,#4658,#4659,
#4660,#4661,#4662,#4663,#4664,#4665,#4666,#4667,#4668,#4669,#4670,#4671,
#4672,#4673,#4674,#4675,#4676,#4677,#4678,#4679,#4680,#4681,#4682,#4683,
#4684,#4685,#4686,#4687,#4688,#4689,#4690,#4691,#4692,#4693,#4694,#4695,
#4696,#4697,#4698,#4699),.UNSPECIFIED.,.F.,.F.)
B_SPLINE_CURVE_WITH_KNOTS((3,2,2,2,2,2,2,2,2,2,2,2,2,2,2,2,2,2,2,2,2,2,
2,2,2,2,2,2,2,2,2,2,2,2,2,2,2,2,2,2,2,2,2,2,2,2,2,2,3),(0.,0.0208333333333333,
0.0416666666666667,0.0625,0.0833333333333333,0.104166666666667,0.125,0.145833333333333,
0.166666666666667,0.1875,0.208333333333333,0.229166666666667,0.25,0.270833333333333,
0.291666666666667,0.3125,0.333333333333333,0.354166666666667,0.375,0.395833333333333,
0.416666666666667,0.4375,0.458333333333333,0.479166666666667,0.5,0.520833333333333,
0.541666666666667,0.5625,0.583333333333333,0.604166666666667,0.625,0.645833333333333,
0.666666666666667,0.6875,0.708333333333333,0.729166666666667,0.75,0.770833333333333,
0.791666666666667,0.8125,0.833333333333333,0.854166666666667,0.875,0.895833333333333,
0.916666666666667,0.9375,0.958333333333333,0.979166666666667,1.),
 .UNSPECIFIED.)
CURVE()
GEOMETRIC_REPRESENTATION_ITEM()
RATIONAL_B_SPLINE_CURVE((1.,0.866025403784439,1.,0.866025403784439,1.,0.866025403784439,
1.,0.866025403784439,1.,0.866025403784439,1.,0.866025403784439,1.,0.866025403784439,
1.,0.866025403784439,1.,0.866025403784439,1.,0.866025403784439,1.,0.866025403784439,
1.,0.866025403784439,1.,0.866025403784439,1.,0.866025403784439,1.,0.866025403784439,
1.,0.866025403784439,1.,0.866025403784439,1.,0.866025403784439,1.,0.866025403784439,
1.,0.866025403784439,1.,0.866025403784439,1.,0.866025403784439,1.,0.866025403784439,
1.,0.866025403784439,1.,0.866025403784439,1.,0.866025403784439,1.,0.866025403784439,
1.,0.866025403784439,1.,0.866025403784439,1.,0.866025403784439,1.,0.866025403784439,
1.,0.866025403784439,1.,0.866025403784439,1.,0.866025403784439,1.,0.866025403784439,
1.,0.866025403784439,1.,0.866025403784439,1.,0.866025403784439,1.,0.866025403784439,
1.,0.866025403784439,1.,0.866025403784439,1.,0.866025403784439,1.,0.866025403784439,
1.,0.866025403784439,1.,0.866025403784439,1.,0.866025403784439,1.,0.866025403784439,
1.,0.866025403784439,1.))
REPRESENTATION_ITEM('')
);
#36=(
BOUNDED_CURVE()
B_SPLINE_CURVE(2,(#4701,#4702,#4703,#4704,#4705,#4706,#4707,#4708,#4709,
#4710,#4711,#4712,#4713,#4714,#4715,#4716,#4717,#4718,#4719,#4720,#4721,
#4722,#4723,#4724,#4725,#4726,#4727,#4728,#4729,#4730,#4731,#4732,#4733,
#4734,#4735,#4736,#4737,#4738,#4739,#4740,#4741,#4742,#4743,#4744,#4745,
#4746,#4747,#4748,#4749,#4750,#4751,#4752,#4753,#4754,#4755,#4756,#4757,
#4758,#4759,#4760,#4761,#4762,#4763,#4764,#4765,#4766,#4767,#4768,#4769,
#4770,#4771,#4772,#4773,#4774,#4775,#4776,#4777,#4778,#4779,#4780,#4781,
#4782,#4783,#4784,#4785,#4786,#4787,#4788,#4789,#4790,#4791,#4792,#4793,
#4794,#4795,#4796,#4797),.UNSPECIFIED.,.F.,.F.)
B_SPLINE_CURVE_WITH_KNOTS((3,2,2,2,2,2,2,2,2,2,2,2,2,2,2,2,2,2,2,2,2,2,
2,2,2,2,2,2,2,2,2,2,2,2,2,2,2,2,2,2,2,2,2,2,2,2,2,2,3),(0.,0.0208333333333333,
0.0416666666666667,0.0625,0.0833333333333333,0.104166666666667,0.125,0.145833333333333,
0.166666666666667,0.1875,0.208333333333333,0.229166666666667,0.25,0.270833333333333,
0.291666666666667,0.3125,0.333333333333333,0.354166666666667,0.375,0.395833333333333,
0.416666666666667,0.4375,0.458333333333333,0.479166666666667,0.5,0.520833333333333,
0.541666666666667,0.5625,0.583333333333333,0.604166666666667,0.625,0.645833333333333,
0.666666666666667,0.6875,0.708333333333333,0.729166666666667,0.75,0.770833333333333,
0.791666666666667,0.8125,0.833333333333333,0.854166666666667,0.875,0.895833333333333,
0.916666666666667,0.9375,0.958333333333333,0.979166666666667,1.),
 .UNSPECIFIED.)
CURVE()
GEOMETRIC_REPRESENTATION_ITEM()
RATIONAL_B_SPLINE_CURVE((1.,0.866025403784439,1.,0.866025403784439,1.,0.866025403784439,
1.,0.866025403784439,1.,0.866025403784439,1.,0.866025403784439,1.,0.866025403784439,
1.,0.866025403784439,1.,0.866025403784439,1.,0.866025403784439,1.,0.866025403784439,
1.,0.866025403784439,1.,0.866025403784439,1.,0.866025403784439,1.,0.866025403784439,
1.,0.866025403784439,1.,0.866025403784439,1.,0.866025403784439,1.,0.866025403784439,
1.,0.866025403784439,1.,0.866025403784439,1.,0.866025403784439,1.,0.866025403784439,
1.,0.866025403784439,1.,0.866025403784439,1.,0.866025403784439,1.,0.866025403784439,
1.,0.866025403784439,1.,0.866025403784439,1.,0.866025403784439,1.,0.866025403784439,
1.,0.866025403784439,1.,0.866025403784439,1.,0.866025403784439,1.,0.866025403784439,
1.,0.866025403784439,1.,0.866025403784439,1.,0.866025403784439,1.,0.866025403784439,
1.,0.866025403784439,1.,0.866025403784439,1.,0.866025403784439,1.,0.866025403784439,
1.,0.866025403784439,1.,0.866025403784439,1.,0.866025403784439,1.,0.866025403784439,
1.,0.866025403784439,1.))
REPRESENTATION_ITEM('')
);
#37=(
BOUNDED_CURVE()
B_SPLINE_CURVE(2,(#5742,#5743,#5744,#5745,#5746,#5747,#5748,#5749,#5750,
#5751,#5752,#5753,#5754,#5755,#5756,#5757,#5758,#5759,#5760,#5761,#5762,
#5763,#5764,#5765,#5766,#5767,#5768,#5769,#5770,#5771,#5772,#5773,#5774,
#5775,#5776,#5777,#5778,#5779,#5780,#5781,#5782,#5783,#5784,#5785,#5786,
#5787,#5788,#5789,#5790,#5791,#5792,#5793,#5794,#5795,#5796,#5797,#5798,
#5799,#5800,#5801,#5802,#5803,#5804,#5805,#5806,#5807,#5808,#5809,#5810,
#5811,#5812,#5813,#5814,#5815,#5816,#5817,#5818,#5819,#5820,#5821,#5822,
#5823,#5824,#5825,#5826,#5827,#5828,#5829,#5830,#5831,#5832,#5833,#5834,
#5835,#5836,#5837,#5838,#5839,#5840,#5841,#5842,#5843,#5844,#5845,#5846,
#5847,#5848,#5849,#5850,#5851,#5852,#5853,#5854,#5855,#5856,#5857,#5858,
#5859,#5860,#5861,#5862,#5863,#5864,#5865,#5866,#5867,#5868,#5869,#5870,
#5871,#5872,#5873,#5874,#5875,#5876,#5877,#5878,#5879,#5880,#5881,#5882,
#5883,#5884,#5885,#5886,#5887,#5888,#5889,#5890,#5891,#5892,#5893,#5894,
#5895,#5896,#5897,#5898,#5899,#5900,#5901,#5902,#5903,#5904,#5905,#5906,
#5907,#5908,#5909,#5910,#5911,#5912,#5913,#5914,#5915,#5916,#5917,#5918,
#5919,#5920,#5921,#5922,#5923,#5924,#5925,#5926,#5927,#5928,#5929,#5930,
#5931,#5932,#5933,#5934,#5935,#5936,#5937,#5938,#5939,#5940,#5941,#5942,
#5943,#5944,#5945,#5946,#5947,#5948,#5949,#5950,#5951,#5952,#5953,#5954,
#5955,#5956,#5957,#5958,#5959,#5960,#5961,#5962,#5963,#5964,#5965,#5966,
#5967,#5968,#5969,#5970,#5971,#5972,#5973,#5974,#5975,#5976,#5977,#5978,
#5979,#5980,#5981,#5982,#5983,#5984,#5985,#5986,#5987,#5988,#5989,#5990,
#5991,#5992,#5993,#5994,#5995,#5996,#5997,#5998,#5999,#6000,#6001,#6002,
#6003,#6004,#6005,#6006,#6007,#6008,#6009,#6010,#6011,#6012,#6013,#6014,
#6015,#6016,#6017,#6018,#6019,#6020,#6021,#6022,#6023,#6024,#6025,#6026,
#6027,#6028,#6029,#6030,#6031,#6032,#6033,#6034,#6035,#6036,#6037,#6038,
#6039,#6040,#6041,#6042,#6043,#6044,#6045,#6046,#6047,#6048,#6049,#6050,
#6051,#6052,#6053,#6054,#6055,#6056,#6057,#6058,#6059,#6060,#6061,#6062,
#6063,#6064,#6065,#6066),.UNSPECIFIED.,.F.,.F.)
B_SPLINE_CURVE_WITH_KNOTS((3,2,2,2,2,2,2,2,2,2,2,2,2,2,2,2,2,2,2,2,2,2,
2,2,2,2,2,2,2,2,2,2,2,2,2,2,2,2,2,2,2,2,2,2,2,2,2,2,2,2,2,2,2,2,2,2,2,2,
2,2,2,2,2,2,2,2,2,2,2,2,2,2,2,2,2,2,2,2,2,2,2,2,2,2,2,2,2,2,2,2,2,2,2,2,
2,2,2,2,2,2,2,2,2,2,2,2,2,2,2,2,2,2,2,2,2,2,2,2,2,2,2,2,2,2,2,2,2,2,2,2,
2,2,2,2,2,2,2,2,2,2,2,2,2,2,2,2,2,2,2,2,2,2,2,2,2,2,2,2,2,2,2,2,3),(0.,
0.00617283950617284,0.0123456790123457,0.0185185185185185,0.0246913580246914,
0.0308641975308642,0.037037037037037,0.0432098765432099,0.0493827160493827,
0.0555555555555556,0.0617283950617284,0.0679012345679012,0.0740740740740741,
0.0802469135802469,0.0864197530864197,0.0925925925925926,0.0987654320987654,
0.104938271604938,0.111111111111111,0.117283950617284,0.123456790123457,
0.12962962962963,0.135802469135802,0.141975308641975,0.148148148148148,
0.154320987654321,0.160493827160494,0.166666666666667,0.172839506172839,
0.179012345679012,0.185185185185185,0.191358024691358,0.197530864197531,
0.203703703703704,0.209876543209877,0.216049382716049,0.222222222222222,
0.228395061728395,0.234567901234568,0.240740740740741,0.246913580246914,
0.253086419753086,0.259259259259259,0.265432098765432,0.271604938271605,
0.277777777777778,0.283950617283951,0.290123456790123,0.296296296296296,
0.302469135802469,0.308641975308642,0.314814814814815,0.320987654320988,
0.327160493827161,0.333333333333333,0.339506172839506,0.345679012345679,
0.351851851851852,0.358024691358025,0.364197530864198,0.37037037037037,
0.376543209876543,0.382716049382716,0.388888888888889,0.395061728395062,
0.401234567901235,0.407407407407407,0.41358024691358,0.419753086419753,
0.425925925925926,0.432098765432099,0.438271604938272,0.444444444444444,
0.450617283950617,0.45679012345679,0.462962962962963,0.469135802469136,
0.475308641975309,0.481481481481481,0.487654320987654,0.493827160493827,
0.5,0.506172839506173,0.512345679012346,0.518518518518518,0.524691358024691,
0.530864197530864,0.537037037037037,0.54320987654321,0.549382716049383,
0.555555555555556,0.561728395061728,0.567901234567901,0.574074074074074,
0.580246913580247,0.58641975308642,0.592592592592593,0.598765432098765,
0.604938271604938,0.611111111111111,0.617283950617284,0.623456790123457,
0.62962962962963,0.635802469135803,0.641975308641975,0.648148148148148,
0.654320987654321,0.660493827160494,0.666666666666667,0.672839506172839,
0.679012345679012,0.685185185185185,0.691358024691358,0.697530864197531,
0.703703703703704,0.709876543209877,0.716049382716049,0.722222222222222,
0.728395061728395,0.734567901234568,0.740740740740741,0.746913580246914,
0.753086419753086,0.759259259259259,0.765432098765432,0.771604938271605,
0.777777777777778,0.783950617283951,0.790123456790123,0.796296296296296,
0.802469135802469,0.808641975308642,0.814814814814815,0.820987654320988,
0.827160493827161,0.833333333333333,0.839506172839506,0.845679012345679,
0.851851851851852,0.858024691358025,0.864197530864197,0.87037037037037,
0.876543209876543,0.882716049382716,0.888888888888889,0.895061728395062,
0.901234567901235,0.907407407407407,0.91358024691358,0.919753086419753,
0.925925925925926,0.932098765432099,0.938271604938272,0.944444444444444,
0.950617283950617,0.95679012345679,0.962962962962963,0.969135802469136,
0.975308641975309,0.981481481481482,0.987654320987654,0.993827160493827,
1.),.UNSPECIFIED.)
CURVE()
GEOMETRIC_REPRESENTATION_ITEM()
RATIONAL_B_SPLINE_CURVE((1.,0.866025403784439,1.,0.866025403784439,1.,0.866025403784439,
1.,0.866025403784439,1.,0.866025403784439,1.,0.866025403784439,1.,0.866025403784439,
1.,0.866025403784439,1.,0.866025403784439,1.,0.866025403784439,1.,0.866025403784439,
1.,0.866025403784439,1.,0.866025403784439,1.,0.866025403784439,1.,0.866025403784439,
1.,0.866025403784439,1.,0.866025403784439,1.,0.866025403784439,1.,0.866025403784439,
1.,0.866025403784439,1.,0.866025403784439,1.,0.866025403784439,1.,0.866025403784439,
1.,0.866025403784439,1.,0.866025403784439,1.,0.866025403784439,1.,0.866025403784439,
1.,0.866025403784439,1.,0.866025403784439,1.,0.866025403784439,1.,0.866025403784439,
1.,0.866025403784439,1.,0.866025403784439,1.,0.866025403784439,1.,0.866025403784439,
1.,0.866025403784439,1.,0.866025403784439,1.,0.866025403784439,1.,0.866025403784439,
1.,0.866025403784439,1.,0.866025403784439,1.,0.866025403784439,1.,0.866025403784439,
1.,0.866025403784439,1.,0.866025403784439,1.,0.866025403784439,1.,0.866025403784439,
1.,0.866025403784439,1.,0.866025403784439,1.,0.866025403784439,1.,0.866025403784439,
1.,0.866025403784439,1.,0.866025403784439,1.,0.866025403784439,1.,0.866025403784439,
1.,0.866025403784439,1.,0.866025403784439,1.,0.866025403784439,1.,0.866025403784439,
1.,0.866025403784439,1.,0.866025403784439,1.,0.866025403784439,1.,0.866025403784439,
1.,0.866025403784439,1.,0.866025403784439,1.,0.866025403784439,1.,0.866025403784439,
1.,0.866025403784439,1.,0.866025403784439,1.,0.866025403784439,1.,0.866025403784439,
1.,0.866025403784439,1.,0.866025403784439,1.,0.866025403784439,1.,0.866025403784439,
1.,0.866025403784439,1.,0.866025403784439,1.,0.866025403784439,1.,0.866025403784439,
1.,0.866025403784439,1.,0.866025403784439,1.,0.866025403784439,1.,0.866025403784439,
1.,0.866025403784439,1.,0.866025403784439,1.,0.866025403784439,1.,0.866025403784439,
1.,0.866025403784439,1.,0.866025403784439,1.,0.866025403784439,1.,0.866025403784439,
1.,0.866025403784439,1.,0.866025403784439,1.,0.866025403784439,1.,0.866025403784439,
1.,0.866025403784439,1.,0.866025403784439,1.,0.866025403784439,1.,0.866025403784439,
1.,0.866025403784439,1.,0.866025403784439,1.,0.866025403784439,1.,0.866025403784439,
1.,0.866025403784439,1.,0.866025403784439,1.,0.866025403784439,1.,0.866025403784439,
1.,0.866025403784439,1.,0.866025403784439,1.,0.866025403784439,1.,0.866025403784439,
1.,0.866025403784439,1.,0.866025403784439,1.,0.866025403784439,1.,0.866025403784439,
1.,0.866025403784439,1.,0.866025403784439,1.,0.866025403784439,1.,0.866025403784439,
1.,0.866025403784439,1.,0.866025403784439,1.,0.866025403784439,1.,0.866025403784439,
1.,0.866025403784439,1.,0.866025403784439,1.,0.866025403784439,1.,0.866025403784439,
1.,0.866025403784439,1.,0.866025403784439,1.,0.866025403784439,1.,0.866025403784439,
1.,0.866025403784439,1.,0.866025403784439,1.,0.866025403784439,1.,0.866025403784439,
1.,0.866025403784439,1.,0.866025403784439,1.,0.866025403784439,1.,0.866025403784439,
1.,0.866025403784439,1.,0.866025403784439,1.,0.866025403784439,1.,0.866025403784439,
1.,0.866025403784439,1.,0.866025403784439,1.,0.866025403784439,1.,0.866025403784439,
1.,0.866025403784439,1.,0.866025403784439,1.,0.866025403784439,1.,0.866025403784439,
1.,0.866025403784439,1.,0.866025403784439,1.,0.866025403784439,1.,0.866025403784439,
1.,0.866025403784439,1.,0.866025403784439,1.,0.866025403784439,1.,0.866025403784439,
1.,0.866025403784439,1.,0.866025403784439,1.,0.866025403784439,1.))
REPRESENTATION_ITEM('')
);
#38=(
BOUNDED_CURVE()
B_SPLINE_CURVE(2,(#6068,#6069,#6070,#6071,#6072,#6073,#6074,#6075,#6076,
#6077,#6078,#6079,#6080,#6081,#6082,#6083,#6084,#6085,#6086,#6087,#6088,
#6089,#6090,#6091,#6092,#6093,#6094,#6095,#6096,#6097,#6098,#6099,#6100,
#6101,#6102,#6103,#6104,#6105,#6106,#6107,#6108,#6109,#6110,#6111,#6112,
#6113,#6114,#6115,#6116,#6117,#6118,#6119,#6120,#6121,#6122,#6123,#6124,
#6125,#6126,#6127,#6128,#6129,#6130,#6131,#6132,#6133,#6134,#6135,#6136,
#6137,#6138,#6139,#6140,#6141,#6142,#6143,#6144,#6145,#6146,#6147,#6148,
#6149,#6150,#6151,#6152,#6153,#6154,#6155,#6156,#6157,#6158,#6159,#6160,
#6161,#6162,#6163,#6164,#6165,#6166,#6167,#6168,#6169,#6170,#6171,#6172,
#6173,#6174,#6175,#6176,#6177,#6178,#6179,#6180,#6181,#6182,#6183,#6184,
#6185,#6186,#6187,#6188,#6189,#6190,#6191,#6192,#6193,#6194,#6195,#6196,
#6197,#6198,#6199,#6200,#6201,#6202,#6203,#6204,#6205,#6206,#6207,#6208,
#6209,#6210,#6211,#6212,#6213,#6214,#6215,#6216,#6217,#6218,#6219,#6220,
#6221,#6222,#6223,#6224,#6225,#6226,#6227,#6228,#6229,#6230,#6231,#6232,
#6233,#6234,#6235,#6236,#6237,#6238,#6239,#6240,#6241,#6242,#6243,#6244,
#6245,#6246,#6247,#6248,#6249,#6250,#6251,#6252,#6253,#6254,#6255,#6256,
#6257,#6258,#6259,#6260,#6261,#6262,#6263,#6264,#6265,#6266,#6267,#6268,
#6269,#6270,#6271,#6272,#6273,#6274,#6275,#6276,#6277,#6278,#6279,#6280,
#6281,#6282,#6283,#6284,#6285,#6286,#6287,#6288,#6289,#6290,#6291,#6292,
#6293,#6294,#6295,#6296,#6297,#6298,#6299,#6300,#6301,#6302,#6303,#6304,
#6305,#6306,#6307,#6308,#6309,#6310,#6311,#6312,#6313,#6314,#6315,#6316,
#6317,#6318,#6319,#6320,#6321,#6322,#6323,#6324,#6325,#6326,#6327,#6328,
#6329,#6330,#6331,#6332,#6333,#6334,#6335,#6336,#6337,#6338,#6339,#6340,
#6341,#6342,#6343,#6344,#6345,#6346,#6347,#6348,#6349,#6350,#6351,#6352,
#6353,#6354,#6355,#6356,#6357,#6358,#6359,#6360,#6361,#6362,#6363,#6364,
#6365,#6366,#6367,#6368,#6369,#6370,#6371,#6372,#6373,#6374,#6375,#6376,
#6377,#6378,#6379,#6380,#6381,#6382,#6383,#6384,#6385,#6386,#6387,#6388,
#6389,#6390,#6391,#6392),.UNSPECIFIED.,.F.,.F.)
B_SPLINE_CURVE_WITH_KNOTS((3,2,2,2,2,2,2,2,2,2,2,2,2,2,2,2,2,2,2,2,2,2,
2,2,2,2,2,2,2,2,2,2,2,2,2,2,2,2,2,2,2,2,2,2,2,2,2,2,2,2,2,2,2,2,2,2,2,2,
2,2,2,2,2,2,2,2,2,2,2,2,2,2,2,2,2,2,2,2,2,2,2,2,2,2,2,2,2,2,2,2,2,2,2,2,
2,2,2,2,2,2,2,2,2,2,2,2,2,2,2,2,2,2,2,2,2,2,2,2,2,2,2,2,2,2,2,2,2,2,2,2,
2,2,2,2,2,2,2,2,2,2,2,2,2,2,2,2,2,2,2,2,2,2,2,2,2,2,2,2,2,2,2,2,3),(0.,
0.00617283950617284,0.0123456790123457,0.0185185185185185,0.0246913580246914,
0.0308641975308642,0.037037037037037,0.0432098765432099,0.0493827160493827,
0.0555555555555556,0.0617283950617284,0.0679012345679012,0.0740740740740741,
0.0802469135802469,0.0864197530864197,0.0925925925925926,0.0987654320987654,
0.104938271604938,0.111111111111111,0.117283950617284,0.123456790123457,
0.12962962962963,0.135802469135802,0.141975308641975,0.148148148148148,
0.154320987654321,0.160493827160494,0.166666666666667,0.172839506172839,
0.179012345679012,0.185185185185185,0.191358024691358,0.197530864197531,
0.203703703703704,0.209876543209877,0.216049382716049,0.222222222222222,
0.228395061728395,0.234567901234568,0.240740740740741,0.246913580246914,
0.253086419753086,0.259259259259259,0.265432098765432,0.271604938271605,
0.277777777777778,0.283950617283951,0.290123456790123,0.296296296296296,
0.302469135802469,0.308641975308642,0.314814814814815,0.320987654320988,
0.327160493827161,0.333333333333333,0.339506172839506,0.345679012345679,
0.351851851851852,0.358024691358025,0.364197530864198,0.37037037037037,
0.376543209876543,0.382716049382716,0.388888888888889,0.395061728395062,
0.401234567901235,0.407407407407407,0.41358024691358,0.419753086419753,
0.425925925925926,0.432098765432099,0.438271604938272,0.444444444444444,
0.450617283950617,0.45679012345679,0.462962962962963,0.469135802469136,
0.475308641975309,0.481481481481481,0.487654320987654,0.493827160493827,
0.5,0.506172839506173,0.512345679012346,0.518518518518518,0.524691358024691,
0.530864197530864,0.537037037037037,0.54320987654321,0.549382716049383,
0.555555555555556,0.561728395061728,0.567901234567901,0.574074074074074,
0.580246913580247,0.58641975308642,0.592592592592593,0.598765432098765,
0.604938271604938,0.611111111111111,0.617283950617284,0.623456790123457,
0.62962962962963,0.635802469135803,0.641975308641975,0.648148148148148,
0.654320987654321,0.660493827160494,0.666666666666667,0.672839506172839,
0.679012345679012,0.685185185185185,0.691358024691358,0.697530864197531,
0.703703703703704,0.709876543209877,0.716049382716049,0.722222222222222,
0.728395061728395,0.734567901234568,0.740740740740741,0.746913580246914,
0.753086419753086,0.759259259259259,0.765432098765432,0.771604938271605,
0.777777777777778,0.783950617283951,0.790123456790123,0.796296296296296,
0.802469135802469,0.808641975308642,0.814814814814815,0.820987654320988,
0.827160493827161,0.833333333333333,0.839506172839506,0.845679012345679,
0.851851851851852,0.858024691358025,0.864197530864197,0.87037037037037,
0.876543209876543,0.882716049382716,0.888888888888889,0.895061728395062,
0.901234567901235,0.907407407407407,0.91358024691358,0.919753086419753,
0.925925925925926,0.932098765432099,0.938271604938272,0.944444444444444,
0.950617283950617,0.95679012345679,0.962962962962963,0.969135802469136,
0.975308641975309,0.981481481481482,0.987654320987654,0.993827160493827,
1.),.UNSPECIFIED.)
CURVE()
GEOMETRIC_REPRESENTATION_ITEM()
RATIONAL_B_SPLINE_CURVE((1.,0.866025403784439,1.,0.866025403784439,1.,0.866025403784439,
1.,0.866025403784439,1.,0.866025403784439,1.,0.866025403784439,1.,0.866025403784439,
1.,0.866025403784439,1.,0.866025403784439,1.,0.866025403784439,1.,0.866025403784439,
1.,0.866025403784439,1.,0.866025403784439,1.,0.866025403784439,1.,0.866025403784439,
1.,0.866025403784439,1.,0.866025403784439,1.,0.866025403784439,1.,0.866025403784439,
1.,0.866025403784439,1.,0.866025403784439,1.,0.866025403784439,1.,0.866025403784439,
1.,0.866025403784439,1.,0.866025403784439,1.,0.866025403784439,1.,0.866025403784439,
1.,0.866025403784439,1.,0.866025403784439,1.,0.866025403784439,1.,0.866025403784439,
1.,0.866025403784439,1.,0.866025403784439,1.,0.866025403784439,1.,0.866025403784439,
1.,0.866025403784439,1.,0.866025403784439,1.,0.866025403784439,1.,0.866025403784439,
1.,0.866025403784439,1.,0.866025403784439,1.,0.866025403784439,1.,0.866025403784439,
1.,0.866025403784439,1.,0.866025403784439,1.,0.866025403784439,1.,0.866025403784439,
1.,0.866025403784439,1.,0.866025403784439,1.,0.866025403784439,1.,0.866025403784439,
1.,0.866025403784439,1.,0.866025403784439,1.,0.866025403784439,1.,0.866025403784439,
1.,0.866025403784439,1.,0.866025403784439,1.,0.866025403784439,1.,0.866025403784439,
1.,0.866025403784439,1.,0.866025403784439,1.,0.866025403784439,1.,0.866025403784439,
1.,0.866025403784439,1.,0.866025403784439,1.,0.866025403784439,1.,0.866025403784439,
1.,0.866025403784439,1.,0.866025403784439,1.,0.866025403784439,1.,0.866025403784439,
1.,0.866025403784439,1.,0.866025403784439,1.,0.866025403784439,1.,0.866025403784439,
1.,0.866025403784439,1.,0.866025403784439,1.,0.866025403784439,1.,0.866025403784439,
1.,0.866025403784439,1.,0.866025403784439,1.,0.866025403784439,1.,0.866025403784439,
1.,0.866025403784439,1.,0.866025403784439,1.,0.866025403784439,1.,0.866025403784439,
1.,0.866025403784439,1.,0.866025403784439,1.,0.866025403784439,1.,0.866025403784439,
1.,0.866025403784439,1.,0.866025403784439,1.,0.866025403784439,1.,0.866025403784439,
1.,0.866025403784439,1.,0.866025403784439,1.,0.866025403784439,1.,0.866025403784439,
1.,0.866025403784439,1.,0.866025403784439,1.,0.866025403784439,1.,0.866025403784439,
1.,0.866025403784439,1.,0.866025403784439,1.,0.866025403784439,1.,0.866025403784439,
1.,0.866025403784439,1.,0.866025403784439,1.,0.866025403784439,1.,0.866025403784439,
1.,0.866025403784439,1.,0.866025403784439,1.,0.866025403784439,1.,0.866025403784439,
1.,0.866025403784439,1.,0.866025403784439,1.,0.866025403784439,1.,0.866025403784439,
1.,0.866025403784439,1.,0.866025403784439,1.,0.866025403784439,1.,0.866025403784439,
1.,0.866025403784439,1.,0.866025403784439,1.,0.866025403784439,1.,0.866025403784439,
1.,0.866025403784439,1.,0.866025403784439,1.,0.866025403784439,1.,0.866025403784439,
1.,0.866025403784439,1.,0.866025403784439,1.,0.866025403784439,1.,0.866025403784439,
1.,0.866025403784439,1.,0.866025403784439,1.,0.866025403784439,1.,0.866025403784439,
1.,0.866025403784439,1.,0.866025403784439,1.,0.866025403784439,1.,0.866025403784439,
1.,0.866025403784439,1.,0.866025403784439,1.,0.866025403784439,1.,0.866025403784439,
1.,0.866025403784439,1.,0.866025403784439,1.,0.866025403784439,1.,0.866025403784439,
1.,0.866025403784439,1.,0.866025403784439,1.,0.866025403784439,1.,0.866025403784439,
1.,0.866025403784439,1.,0.866025403784439,1.,0.866025403784439,1.,0.866025403784439,
1.,0.866025403784439,1.,0.866025403784439,1.,0.866025403784439,1.))
REPRESENTATION_ITEM('')
);
#39=(
BOUNDED_CURVE()
B_SPLINE_CURVE(2,(#6402,#6403,#6404,#6405,#6406,#6407,#6408,#6409,#6410,
#6411,#6412,#6413,#6414,#6415,#6416,#6417,#6418,#6419,#6420,#6421,#6422,
#6423,#6424,#6425,#6426,#6427,#6428,#6429,#6430,#6431,#6432,#6433,#6434,
#6435,#6436,#6437,#6438,#6439,#6440,#6441,#6442,#6443,#6444,#6445,#6446,
#6447,#6448,#6449,#6450,#6451,#6452,#6453,#6454,#6455,#6456,#6457,#6458,
#6459,#6460,#6461,#6462,#6463,#6464,#6465,#6466,#6467,#6468,#6469,#6470,
#6471,#6472,#6473,#6474,#6475,#6476,#6477,#6478,#6479,#6480,#6481,#6482,
#6483,#6484,#6485,#6486,#6487,#6488,#6489,#6490,#6491,#6492,#6493,#6494,
#6495,#6496,#6497,#6498,#6499,#6500,#6501,#6502,#6503,#6504,#6505,#6506,
#6507,#6508,#6509,#6510,#6511,#6512,#6513,#6514,#6515,#6516,#6517,#6518,
#6519,#6520,#6521,#6522,#6523,#6524,#6525,#6526,#6527,#6528,#6529,#6530,
#6531,#6532,#6533,#6534,#6535,#6536,#6537,#6538,#6539,#6540,#6541,#6542,
#6543,#6544,#6545,#6546,#6547,#6548,#6549,#6550,#6551,#6552,#6553,#6554,
#6555,#6556,#6557,#6558,#6559,#6560,#6561,#6562,#6563,#6564,#6565,#6566,
#6567,#6568,#6569,#6570,#6571,#6572,#6573,#6574,#6575,#6576,#6577,#6578,
#6579,#6580,#6581,#6582,#6583,#6584,#6585,#6586,#6587,#6588,#6589,#6590,
#6591,#6592,#6593,#6594,#6595,#6596,#6597,#6598,#6599,#6600,#6601,#6602,
#6603,#6604,#6605,#6606,#6607,#6608,#6609,#6610,#6611,#6612,#6613,#6614,
#6615,#6616,#6617,#6618,#6619,#6620,#6621,#6622,#6623,#6624,#6625,#6626,
#6627,#6628,#6629,#6630,#6631,#6632,#6633,#6634,#6635,#6636,#6637,#6638,
#6639,#6640,#6641,#6642,#6643,#6644,#6645,#6646,#6647,#6648,#6649,#6650,
#6651,#6652,#6653,#6654,#6655,#6656,#6657,#6658,#6659,#6660,#6661,#6662,
#6663,#6664,#6665,#6666,#6667,#6668,#6669,#6670,#6671,#6672,#6673,#6674,
#6675,#6676,#6677,#6678,#6679,#6680,#6681,#6682,#6683,#6684,#6685,#6686,
#6687,#6688,#6689,#6690,#6691,#6692,#6693,#6694,#6695,#6696,#6697,#6698,
#6699,#6700,#6701,#6702,#6703,#6704,#6705,#6706,#6707,#6708,#6709,#6710,
#6711,#6712,#6713,#6714,#6715,#6716,#6717,#6718,#6719,#6720,#6721,#6722,
#6723,#6724,#6725,#6726),.UNSPECIFIED.,.F.,.F.)
B_SPLINE_CURVE_WITH_KNOTS((3,2,2,2,2,2,2,2,2,2,2,2,2,2,2,2,2,2,2,2,2,2,
2,2,2,2,2,2,2,2,2,2,2,2,2,2,2,2,2,2,2,2,2,2,2,2,2,2,2,2,2,2,2,2,2,2,2,2,
2,2,2,2,2,2,2,2,2,2,2,2,2,2,2,2,2,2,2,2,2,2,2,2,2,2,2,2,2,2,2,2,2,2,2,2,
2,2,2,2,2,2,2,2,2,2,2,2,2,2,2,2,2,2,2,2,2,2,2,2,2,2,2,2,2,2,2,2,2,2,2,2,
2,2,2,2,2,2,2,2,2,2,2,2,2,2,2,2,2,2,2,2,2,2,2,2,2,2,2,2,2,2,2,2,3),(0.,
0.00617283950617284,0.0123456790123457,0.0185185185185185,0.0246913580246914,
0.0308641975308642,0.037037037037037,0.0432098765432099,0.0493827160493827,
0.0555555555555556,0.0617283950617284,0.0679012345679012,0.0740740740740741,
0.0802469135802469,0.0864197530864197,0.0925925925925926,0.0987654320987654,
0.104938271604938,0.111111111111111,0.117283950617284,0.123456790123457,
0.12962962962963,0.135802469135802,0.141975308641975,0.148148148148148,
0.154320987654321,0.160493827160494,0.166666666666667,0.172839506172839,
0.179012345679012,0.185185185185185,0.191358024691358,0.197530864197531,
0.203703703703704,0.209876543209877,0.216049382716049,0.222222222222222,
0.228395061728395,0.234567901234568,0.240740740740741,0.246913580246914,
0.253086419753086,0.259259259259259,0.265432098765432,0.271604938271605,
0.277777777777778,0.283950617283951,0.290123456790123,0.296296296296296,
0.302469135802469,0.308641975308642,0.314814814814815,0.320987654320988,
0.327160493827161,0.333333333333333,0.339506172839506,0.345679012345679,
0.351851851851852,0.358024691358025,0.364197530864198,0.37037037037037,
0.376543209876543,0.382716049382716,0.388888888888889,0.395061728395062,
0.401234567901235,0.407407407407407,0.41358024691358,0.419753086419753,
0.425925925925926,0.432098765432099,0.438271604938272,0.444444444444444,
0.450617283950617,0.45679012345679,0.462962962962963,0.469135802469136,
0.475308641975309,0.481481481481481,0.487654320987654,0.493827160493827,
0.5,0.506172839506173,0.512345679012346,0.518518518518518,0.524691358024691,
0.530864197530864,0.537037037037037,0.54320987654321,0.549382716049383,
0.555555555555556,0.561728395061728,0.567901234567901,0.574074074074074,
0.580246913580247,0.58641975308642,0.592592592592593,0.598765432098765,
0.604938271604938,0.611111111111111,0.617283950617284,0.623456790123457,
0.62962962962963,0.635802469135803,0.641975308641975,0.648148148148148,
0.654320987654321,0.660493827160494,0.666666666666667,0.672839506172839,
0.679012345679012,0.685185185185185,0.691358024691358,0.697530864197531,
0.703703703703704,0.709876543209877,0.716049382716049,0.722222222222222,
0.728395061728395,0.734567901234568,0.740740740740741,0.746913580246914,
0.753086419753086,0.759259259259259,0.765432098765432,0.771604938271605,
0.777777777777778,0.783950617283951,0.790123456790123,0.796296296296296,
0.802469135802469,0.808641975308642,0.814814814814815,0.820987654320988,
0.827160493827161,0.833333333333333,0.839506172839506,0.845679012345679,
0.851851851851852,0.858024691358025,0.864197530864197,0.87037037037037,
0.876543209876543,0.882716049382716,0.888888888888889,0.895061728395062,
0.901234567901235,0.907407407407407,0.91358024691358,0.919753086419753,
0.925925925925926,0.932098765432099,0.938271604938272,0.944444444444444,
0.950617283950617,0.95679012345679,0.962962962962963,0.969135802469136,
0.975308641975309,0.981481481481482,0.987654320987654,0.993827160493827,
1.),.UNSPECIFIED.)
CURVE()
GEOMETRIC_REPRESENTATION_ITEM()
RATIONAL_B_SPLINE_CURVE((1.,0.866025403784439,1.,0.866025403784439,1.,0.866025403784439,
1.,0.866025403784439,1.,0.866025403784439,1.,0.866025403784439,1.,0.866025403784439,
1.,0.866025403784439,1.,0.866025403784439,1.,0.866025403784439,1.,0.866025403784439,
1.,0.866025403784439,1.,0.866025403784439,1.,0.866025403784439,1.,0.866025403784439,
1.,0.866025403784439,1.,0.866025403784439,1.,0.866025403784439,1.,0.866025403784439,
1.,0.866025403784439,1.,0.866025403784439,1.,0.866025403784439,1.,0.866025403784439,
1.,0.866025403784439,1.,0.866025403784439,1.,0.866025403784439,1.,0.866025403784439,
1.,0.866025403784439,1.,0.866025403784439,1.,0.866025403784439,1.,0.866025403784439,
1.,0.866025403784439,1.,0.866025403784439,1.,0.866025403784439,1.,0.866025403784439,
1.,0.866025403784439,1.,0.866025403784439,1.,0.866025403784439,1.,0.866025403784439,
1.,0.866025403784439,1.,0.866025403784439,1.,0.866025403784439,1.,0.866025403784439,
1.,0.866025403784439,1.,0.866025403784439,1.,0.866025403784439,1.,0.866025403784439,
1.,0.866025403784439,1.,0.866025403784439,1.,0.866025403784439,1.,0.866025403784439,
1.,0.866025403784439,1.,0.866025403784439,1.,0.866025403784439,1.,0.866025403784439,
1.,0.866025403784439,1.,0.866025403784439,1.,0.866025403784439,1.,0.866025403784439,
1.,0.866025403784439,1.,0.866025403784439,1.,0.866025403784439,1.,0.866025403784439,
1.,0.866025403784439,1.,0.866025403784439,1.,0.866025403784439,1.,0.866025403784439,
1.,0.866025403784439,1.,0.866025403784439,1.,0.866025403784439,1.,0.866025403784439,
1.,0.866025403784439,1.,0.866025403784439,1.,0.866025403784439,1.,0.866025403784439,
1.,0.866025403784439,1.,0.866025403784439,1.,0.866025403784439,1.,0.866025403784439,
1.,0.866025403784439,1.,0.866025403784439,1.,0.866025403784439,1.,0.866025403784439,
1.,0.866025403784439,1.,0.866025403784439,1.,0.866025403784439,1.,0.866025403784439,
1.,0.866025403784439,1.,0.866025403784439,1.,0.866025403784439,1.,0.866025403784439,
1.,0.866025403784439,1.,0.866025403784439,1.,0.866025403784439,1.,0.866025403784439,
1.,0.866025403784439,1.,0.866025403784439,1.,0.866025403784439,1.,0.866025403784439,
1.,0.866025403784439,1.,0.866025403784439,1.,0.866025403784439,1.,0.866025403784439,
1.,0.866025403784439,1.,0.866025403784439,1.,0.866025403784439,1.,0.866025403784439,
1.,0.866025403784439,1.,0.866025403784439,1.,0.866025403784439,1.,0.866025403784439,
1.,0.866025403784439,1.,0.866025403784439,1.,0.866025403784439,1.,0.866025403784439,
1.,0.866025403784439,1.,0.866025403784439,1.,0.866025403784439,1.,0.866025403784439,
1.,0.866025403784439,1.,0.866025403784439,1.,0.866025403784439,1.,0.866025403784439,
1.,0.866025403784439,1.,0.866025403784439,1.,0.866025403784439,1.,0.866025403784439,
1.,0.866025403784439,1.,0.866025403784439,1.,0.866025403784439,1.,0.866025403784439,
1.,0.866025403784439,1.,0.866025403784439,1.,0.866025403784439,1.,0.866025403784439,
1.,0.866025403784439,1.,0.866025403784439,1.,0.866025403784439,1.,0.866025403784439,
1.,0.866025403784439,1.,0.866025403784439,1.,0.866025403784439,1.,0.866025403784439,
1.,0.866025403784439,1.,0.866025403784439,1.,0.866025403784439,1.,0.866025403784439,
1.,0.866025403784439,1.,0.866025403784439,1.,0.866025403784439,1.,0.866025403784439,
1.,0.866025403784439,1.,0.866025403784439,1.,0.866025403784439,1.,0.866025403784439,
1.,0.866025403784439,1.,0.866025403784439,1.,0.866025403784439,1.,0.866025403784439,
1.,0.866025403784439,1.,0.866025403784439,1.,0.866025403784439,1.))
REPRESENTATION_ITEM('')
);
#40=(
BOUNDED_CURVE()
B_SPLINE_CURVE(2,(#7329,#7330,#7331,#7332,#7333,#7334,#7335,#7336,#7337,
#7338,#7339,#7340,#7341,#7342,#7343,#7344,#7345,#7346,#7347,#7348,#7349,
#7350,#7351,#7352,#7353,#7354,#7355,#7356,#7357,#7358,#7359,#7360,#7361,
#7362,#7363,#7364,#7365,#7366,#7367,#7368,#7369,#7370,#7371,#7372,#7373,
#7374,#7375,#7376,#7377,#7378,#7379,#7380,#7381,#7382,#7383,#7384,#7385,
#7386,#7387,#7388,#7389,#7390,#7391,#7392,#7393,#7394,#7395,#7396,#7397,
#7398,#7399,#7400,#7401,#7402,#7403,#7404,#7405,#7406,#7407,#7408,#7409,
#7410,#7411,#7412,#7413,#7414,#7415,#7416,#7417,#7418,#7419,#7420,#7421,
#7422,#7423,#7424,#7425,#7426,#7427,#7428,#7429,#7430,#7431,#7432,#7433,
#7434,#7435,#7436,#7437,#7438,#7439,#7440,#7441,#7442,#7443,#7444,#7445,
#7446,#7447,#7448,#7449,#7450,#7451,#7452,#7453,#7454,#7455,#7456,#7457,
#7458,#7459,#7460,#7461,#7462,#7463,#7464,#7465,#7466,#7467,#7468,#7469,
#7470,#7471,#7472,#7473,#7474,#7475,#7476,#7477,#7478,#7479,#7480,#7481,
#7482,#7483,#7484,#7485,#7486,#7487,#7488,#7489,#7490,#7491,#7492,#7493,
#7494,#7495,#7496,#7497,#7498,#7499,#7500,#7501,#7502,#7503,#7504,#7505,
#7506,#7507,#7508,#7509,#7510,#7511,#7512,#7513,#7514,#7515,#7516,#7517,
#7518,#7519,#7520,#7521,#7522,#7523,#7524,#7525,#7526,#7527,#7528,#7529,
#7530,#7531,#7532,#7533,#7534,#7535,#7536,#7537,#7538,#7539,#7540,#7541,
#7542,#7543,#7544,#7545,#7546,#7547,#7548,#7549,#7550,#7551,#7552,#7553,
#7554,#7555,#7556,#7557,#7558,#7559,#7560,#7561,#7562,#7563,#7564,#7565,
#7566,#7567,#7568,#7569,#7570,#7571,#7572,#7573,#7574,#7575,#7576,#7577,
#7578,#7579,#7580,#7581,#7582,#7583,#7584,#7585,#7586,#7587,#7588,#7589,
#7590,#7591,#7592,#7593,#7594,#7595,#7596,#7597,#7598,#7599,#7600,#7601,
#7602,#7603,#7604,#7605,#7606,#7607,#7608,#7609,#7610,#7611,#7612,#7613,
#7614,#7615,#7616,#7617,#7618,#7619,#7620,#7621,#7622,#7623,#7624,#7625,
#7626,#7627,#7628,#7629,#7630,#7631,#7632,#7633,#7634,#7635,#7636,#7637,
#7638,#7639,#7640,#7641,#7642,#7643,#7644,#7645,#7646,#7647,#7648,#7649,
#7650,#7651,#7652,#7653),.UNSPECIFIED.,.F.,.F.)
B_SPLINE_CURVE_WITH_KNOTS((3,2,2,2,2,2,2,2,2,2,2,2,2,2,2,2,2,2,2,2,2,2,
2,2,2,2,2,2,2,2,2,2,2,2,2,2,2,2,2,2,2,2,2,2,2,2,2,2,2,2,2,2,2,2,2,2,2,2,
2,2,2,2,2,2,2,2,2,2,2,2,2,2,2,2,2,2,2,2,2,2,2,2,2,2,2,2,2,2,2,2,2,2,2,2,
2,2,2,2,2,2,2,2,2,2,2,2,2,2,2,2,2,2,2,2,2,2,2,2,2,2,2,2,2,2,2,2,2,2,2,2,
2,2,2,2,2,2,2,2,2,2,2,2,2,2,2,2,2,2,2,2,2,2,2,2,2,2,2,2,2,2,2,2,3),(0.,
0.00617283950617284,0.0123456790123457,0.0185185185185185,0.0246913580246914,
0.0308641975308642,0.037037037037037,0.0432098765432099,0.0493827160493827,
0.0555555555555556,0.0617283950617284,0.0679012345679012,0.0740740740740741,
0.0802469135802469,0.0864197530864197,0.0925925925925926,0.0987654320987654,
0.104938271604938,0.111111111111111,0.117283950617284,0.123456790123457,
0.12962962962963,0.135802469135802,0.141975308641975,0.148148148148148,
0.154320987654321,0.160493827160494,0.166666666666667,0.172839506172839,
0.179012345679012,0.185185185185185,0.191358024691358,0.197530864197531,
0.203703703703704,0.209876543209877,0.216049382716049,0.222222222222222,
0.228395061728395,0.234567901234568,0.240740740740741,0.246913580246914,
0.253086419753086,0.259259259259259,0.265432098765432,0.271604938271605,
0.277777777777778,0.283950617283951,0.290123456790123,0.296296296296296,
0.302469135802469,0.308641975308642,0.314814814814815,0.320987654320988,
0.327160493827161,0.333333333333333,0.339506172839506,0.345679012345679,
0.351851851851852,0.358024691358025,0.364197530864198,0.37037037037037,
0.376543209876543,0.382716049382716,0.388888888888889,0.395061728395062,
0.401234567901235,0.407407407407407,0.41358024691358,0.419753086419753,
0.425925925925926,0.432098765432099,0.438271604938272,0.444444444444444,
0.450617283950617,0.45679012345679,0.462962962962963,0.469135802469136,
0.475308641975309,0.481481481481481,0.487654320987654,0.493827160493827,
0.5,0.506172839506173,0.512345679012346,0.518518518518518,0.524691358024691,
0.530864197530864,0.537037037037037,0.54320987654321,0.549382716049383,
0.555555555555556,0.561728395061728,0.567901234567901,0.574074074074074,
0.580246913580247,0.58641975308642,0.592592592592593,0.598765432098765,
0.604938271604938,0.611111111111111,0.617283950617284,0.623456790123457,
0.62962962962963,0.635802469135803,0.641975308641975,0.648148148148148,
0.654320987654321,0.660493827160494,0.666666666666667,0.672839506172839,
0.679012345679012,0.685185185185185,0.691358024691358,0.697530864197531,
0.703703703703704,0.709876543209877,0.716049382716049,0.722222222222222,
0.728395061728395,0.734567901234568,0.740740740740741,0.746913580246914,
0.753086419753086,0.759259259259259,0.765432098765432,0.771604938271605,
0.777777777777778,0.783950617283951,0.790123456790123,0.796296296296296,
0.802469135802469,0.808641975308642,0.814814814814815,0.820987654320988,
0.827160493827161,0.833333333333333,0.839506172839506,0.845679012345679,
0.851851851851852,0.858024691358025,0.864197530864197,0.87037037037037,
0.876543209876543,0.882716049382716,0.888888888888889,0.895061728395062,
0.901234567901235,0.907407407407407,0.91358024691358,0.919753086419753,
0.925925925925926,0.932098765432099,0.938271604938272,0.944444444444444,
0.950617283950617,0.95679012345679,0.962962962962963,0.969135802469136,
0.975308641975309,0.981481481481482,0.987654320987654,0.993827160493827,
1.),.UNSPECIFIED.)
CURVE()
GEOMETRIC_REPRESENTATION_ITEM()
RATIONAL_B_SPLINE_CURVE((1.,0.866025403784439,1.,0.866025403784439,1.,0.866025403784439,
1.,0.866025403784439,1.,0.866025403784439,1.,0.866025403784439,1.,0.866025403784439,
1.,0.866025403784439,1.,0.866025403784439,1.,0.866025403784439,1.,0.866025403784439,
1.,0.866025403784439,1.,0.866025403784439,1.,0.866025403784439,1.,0.866025403784439,
1.,0.866025403784439,1.,0.866025403784439,1.,0.866025403784439,1.,0.866025403784439,
1.,0.866025403784439,1.,0.866025403784439,1.,0.866025403784439,1.,0.866025403784439,
1.,0.866025403784439,1.,0.866025403784439,1.,0.866025403784439,1.,0.866025403784439,
1.,0.866025403784439,1.,0.866025403784439,1.,0.866025403784439,1.,0.866025403784439,
1.,0.866025403784439,1.,0.866025403784439,1.,0.866025403784439,1.,0.866025403784439,
1.,0.866025403784439,1.,0.866025403784439,1.,0.866025403784439,1.,0.866025403784439,
1.,0.866025403784439,1.,0.866025403784439,1.,0.866025403784439,1.,0.866025403784439,
1.,0.866025403784439,1.,0.866025403784439,1.,0.866025403784439,1.,0.866025403784439,
1.,0.866025403784439,1.,0.866025403784439,1.,0.866025403784439,1.,0.866025403784439,
1.,0.866025403784439,1.,0.866025403784439,1.,0.866025403784439,1.,0.866025403784439,
1.,0.866025403784439,1.,0.866025403784439,1.,0.866025403784439,1.,0.866025403784439,
1.,0.866025403784439,1.,0.866025403784439,1.,0.866025403784439,1.,0.866025403784439,
1.,0.866025403784439,1.,0.866025403784439,1.,0.866025403784439,1.,0.866025403784439,
1.,0.866025403784439,1.,0.866025403784439,1.,0.866025403784439,1.,0.866025403784439,
1.,0.866025403784439,1.,0.866025403784439,1.,0.866025403784439,1.,0.866025403784439,
1.,0.866025403784439,1.,0.866025403784439,1.,0.866025403784439,1.,0.866025403784439,
1.,0.866025403784439,1.,0.866025403784439,1.,0.866025403784439,1.,0.866025403784439,
1.,0.866025403784439,1.,0.866025403784439,1.,0.866025403784439,1.,0.866025403784439,
1.,0.866025403784439,1.,0.866025403784439,1.,0.866025403784439,1.,0.866025403784439,
1.,0.866025403784439,1.,0.866025403784439,1.,0.866025403784439,1.,0.866025403784439,
1.,0.866025403784439,1.,0.866025403784439,1.,0.866025403784439,1.,0.866025403784439,
1.,0.866025403784439,1.,0.866025403784439,1.,0.866025403784439,1.,0.866025403784439,
1.,0.866025403784439,1.,0.866025403784439,1.,0.866025403784439,1.,0.866025403784439,
1.,0.866025403784439,1.,0.866025403784439,1.,0.866025403784439,1.,0.866025403784439,
1.,0.866025403784439,1.,0.866025403784439,1.,0.866025403784439,1.,0.866025403784439,
1.,0.866025403784439,1.,0.866025403784439,1.,0.866025403784439,1.,0.866025403784439,
1.,0.866025403784439,1.,0.866025403784439,1.,0.866025403784439,1.,0.866025403784439,
1.,0.866025403784439,1.,0.866025403784439,1.,0.866025403784439,1.,0.866025403784439,
1.,0.866025403784439,1.,0.866025403784439,1.,0.866025403784439,1.,0.866025403784439,
1.,0.866025403784439,1.,0.866025403784439,1.,0.866025403784439,1.,0.866025403784439,
1.,0.866025403784439,1.,0.866025403784439,1.,0.866025403784439,1.,0.866025403784439,
1.,0.866025403784439,1.,0.866025403784439,1.,0.866025403784439,1.,0.866025403784439,
1.,0.866025403784439,1.,0.866025403784439,1.,0.866025403784439,1.,0.866025403784439,
1.,0.866025403784439,1.,0.866025403784439,1.,0.866025403784439,1.,0.866025403784439,
1.,0.866025403784439,1.,0.866025403784439,1.,0.866025403784439,1.,0.866025403784439,
1.,0.866025403784439,1.,0.866025403784439,1.,0.866025403784439,1.,0.866025403784439,
1.,0.866025403784439,1.,0.866025403784439,1.,0.866025403784439,1.))
REPRESENTATION_ITEM('')
);
#41=B_SPLINE_CURVE_WITH_KNOTS('',3,(#4184,#4185,#4186,#4187),
 .UNSPECIFIED.,.F.,.F.,(4,4),(1.99917002598473E-17,0.00323353304556522),
 .UNSPECIFIED.);
#42=B_SPLINE_CURVE_WITH_KNOTS('',3,(#4191,#4192,#4193,#4194,#4195,#4196,
#4197,#4198,#4199),.UNSPECIFIED.,.F.,.F.,(4,1,1,1,1,1,4),(2.07604191607249E-17,
0.00298397130706353,0.00447595696059528,0.00596794261412703,0.00745992826765878,
0.00895191392119053,0.011935885228254),.UNSPECIFIED.);
#43=B_SPLINE_CURVE_WITH_KNOTS('',3,(#4204,#4205,#4206,#4207,#4208,#4209,
#4210),.UNSPECIFIED.,.F.,.F.,(4,1,1,1,4),(0.,0.00300152574776251,0.00600305149552501,
0.00900457724328752,0.01200610299105),.UNSPECIFIED.);
#44=B_SPLINE_CURVE_WITH_KNOTS('',3,(#4214,#4215,#4216,#4217),
 .UNSPECIFIED.,.F.,.F.,(4,4),(1.13258480308641E-14,0.00324080589607604),
 .UNSPECIFIED.);
#45=B_SPLINE_CURVE_WITH_KNOTS('',3,(#4222,#4223,#4224,#4225),
 .UNSPECIFIED.,.F.,.F.,(4,4),(2.54019882251967E-7,0.00163787561747721),
 .UNSPECIFIED.);
#46=B_SPLINE_CURVE_WITH_KNOTS('',3,(#4226,#4227,#4228,#4229),
 .UNSPECIFIED.,.F.,.F.,(4,4),(7.86667957320946E-6,0.00164605124887088),
 .UNSPECIFIED.);
#47=B_SPLINE_CURVE_WITH_KNOTS('',3,(#4233,#4234,#4235,#4236),
 .UNSPECIFIED.,.F.,.F.,(4,4),(2.53198614276692E-7,0.0016378731187402),
 .UNSPECIFIED.);
#48=B_SPLINE_CURVE_WITH_KNOTS('',3,(#4237,#4238,#4239,#4240),
 .UNSPECIFIED.,.F.,.F.,(4,4),(7.86667978860922E-6,0.00164605296570263),
 .UNSPECIFIED.);
#49=B_SPLINE_CURVE_WITH_KNOTS('',3,(#4242,#4243,#4244,#4245),
 .UNSPECIFIED.,.F.,.F.,(4,4),(0.000742171566704407,0.00237721411256752),
 .UNSPECIFIED.);
#50=B_SPLINE_CURVE_WITH_KNOTS('',3,(#4246,#4247,#4248,#4249),
 .UNSPECIFIED.,.F.,.F.,(4,4),(0.0108263531798117,0.012450787830216),
 .UNSPECIFIED.);
#51=B_SPLINE_CURVE_WITH_KNOTS('',3,(#4250,#4251,#4252,#4253),
 .UNSPECIFIED.,.F.,.F.,(4,4),(0.000742173070591703,0.00237721400461753),
 .UNSPECIFIED.);
#52=B_SPLINE_CURVE_WITH_KNOTS('',3,(#4257,#4258,#4259,#4260),
 .UNSPECIFIED.,.F.,.F.,(4,4),(0.0108263525079977,0.0124507849397569),
 .UNSPECIFIED.);
#53=B_SPLINE_CURVE_WITH_KNOTS('',3,(#4265,#4266,#4267,#4268),
 .UNSPECIFIED.,.F.,.F.,(4,4),(2.53324833472354E-7,0.00163787478460126),
 .UNSPECIFIED.);
#54=B_SPLINE_CURVE_WITH_KNOTS('',3,(#4269,#4270,#4271,#4272),
 .UNSPECIFIED.,.F.,.F.,(4,4),(7.86667963758239E-6,0.00164605127344149),
 .UNSPECIFIED.);
#55=B_SPLINE_CURVE_WITH_KNOTS('',3,(#4273,#4274,#4275,#4276),
 .UNSPECIFIED.,.F.,.F.,(4,4),(2.54019807959285E-7,0.0016378739516964),
 .UNSPECIFIED.);
#56=B_SPLINE_CURVE_WITH_KNOTS('',3,(#4277,#4278,#4279,#4280),
 .UNSPECIFIED.,.F.,.F.,(4,4),(7.86667972425014E-6,0.00164605283311774),
 .UNSPECIFIED.);
#57=B_SPLINE_CURVE_WITH_KNOTS('',3,(#4285,#4286,#4287,#4288),
 .UNSPECIFIED.,.F.,.F.,(4,4),(2.54714880375178E-7,0.00163787478460711),
 .UNSPECIFIED.);
#58=B_SPLINE_CURVE_WITH_KNOTS('',3,(#4289,#4290,#4291,#4292),
 .UNSPECIFIED.,.F.,.F.,(4,4),(7.86667987528268E-6,0.00164605340107087),
 .UNSPECIFIED.);
#59=B_SPLINE_CURVE_WITH_KNOTS('',3,(#4293,#4294,#4295,#4296),
 .UNSPECIFIED.,.F.,.F.,(4,4),(2.54430528684483E-7,0.00163787645042445),
 .UNSPECIFIED.);
#60=B_SPLINE_CURVE_WITH_KNOTS('',3,(#4297,#4298,#4299,#4300),
 .UNSPECIFIED.,.F.,.F.,(4,4),(7.86667972424304E-6,0.00164605140605283),
 .UNSPECIFIED.);
#61=B_SPLINE_CURVE_WITH_KNOTS('',3,(#4302,#4303,#4304,#4305),
 .UNSPECIFIED.,.F.,.F.,(4,4),(0.000742172882605881,0.00237721340501219),
 .UNSPECIFIED.);
#62=B_SPLINE_CURVE_WITH_KNOTS('',3,(#4306,#4307,#4308,#4309),
 .UNSPECIFIED.,.F.,.F.,(4,4),(0.0108263532079875,0.0124507853010637),
 .UNSPECIFIED.);
#63=B_SPLINE_CURVE_WITH_KNOTS('',3,(#4310,#4311,#4312,#4313),
 .UNSPECIFIED.,.F.,.F.,(4,4),(0.00074217175469023,0.00237721419790307),
 .UNSPECIFIED.);
#64=B_SPLINE_CURVE_WITH_KNOTS('',3,(#4317,#4318,#4319,#4320),
 .UNSPECIFIED.,.F.,.F.,(4,4),(0.0108263529572616,0.0124507874689084),
 .UNSPECIFIED.);
#65=B_SPLINE_CURVE_WITH_KNOTS('',3,(#4322,#4323,#4324,#4325),
 .UNSPECIFIED.,.F.,.F.,(4,4),(2.54840889613134E-7,0.00163787478456039),
 .UNSPECIFIED.);
#66=B_SPLINE_CURVE_WITH_KNOTS('',3,(#4326,#4327,#4328,#4329),
 .UNSPECIFIED.,.F.,.F.,(4,4),(7.86667979975757E-6,0.00164605337648901),
 .UNSPECIFIED.);
#67=B_SPLINE_CURVE_WITH_KNOTS('',3,(#4330,#4331,#4332,#4333),
 .UNSPECIFIED.,.F.,.F.,(4,4),(2.53609355195614E-7,0.00163787561747712),
 .UNSPECIFIED.);
#68=B_SPLINE_CURVE_WITH_KNOTS('',3,(#4334,#4335,#4336,#4337),
 .UNSPECIFIED.,.F.,.F.,(4,4),(7.86667972423847E-6,0.00164605129803185),
 .UNSPECIFIED.);
#69=B_SPLINE_CURVE_WITH_KNOTS('',3,(#4899,#4900,#4901,#4902),
 .UNSPECIFIED.,.F.,.F.,(4,4),(0.,0.509553334945158),.UNSPECIFIED.);
#70=B_SPLINE_CURVE_WITH_KNOTS('',3,(#4906,#4907,#4908,#4909),
 .UNSPECIFIED.,.F.,.F.,(4,4),(3.19584857328585E-14,0.00131516584309311),
 .UNSPECIFIED.);
#71=B_SPLINE_CURVE_WITH_KNOTS('',3,(#5122,#5123,#5124,#5125,#5126,#5127,
#5128,#5129,#5130,#5131),.UNSPECIFIED.,.F.,.F.,(4,1,1,1,1,1,1,4),(2.80496324199155E-17,
0.00158118263301685,0.00316236526603366,0.00474354789905048,0.0063247305320673,
0.00790591316508412,0.00948709579810094,0.0126494610641346),
 .UNSPECIFIED.);
#72=B_SPLINE_CURVE_WITH_KNOTS('',3,(#5132,#5133,#5134,#5135),
 .UNSPECIFIED.,.F.,.F.,(4,4),(0.,1.),.UNSPECIFIED.);
#73=B_SPLINE_CURVE_WITH_KNOTS('',3,(#6394,#6395,#6396,#6397,#6398),
 .UNSPECIFIED.,.F.,.F.,(4,1,4),(1.69449943316667E-16,0.00233358027158417,
0.00466716054316817),.UNSPECIFIED.);
#74=B_SPLINE_CURVE_WITH_KNOTS('',3,(#7655,#7656,#7657,#7658,#7659,#7660,
#7661,#7662,#7663,#7664,#7665),.UNSPECIFIED.,.F.,.F.,(4,1,1,1,1,1,1,1,4),
(1.91221412695205E-16,0.00215718072942933,0.00431436145885846,0.0064715421882876,
0.00862872291771673,0.0107859036471459,0.012943084376575,0.0151002651060041,
0.0172574458354333),.UNSPECIFIED.);
#75=CONICAL_SURFACE('',#3036,3.3,0.785398163397448);
#76=CONICAL_SURFACE('',#3039,3.,0.785398163397449);
#77=CONICAL_SURFACE('',#3072,2.74494449921424,0.00102063643701912);
#78=CONICAL_SURFACE('',#3076,3.21118363071664,1.04746237488872);
#79=CONICAL_SURFACE('',#3134,2.74505710696162,1.04687680423067);
#80=CONICAL_SURFACE('',#3140,3.165,0.785398163397448);
#81=SHAPE_REPRESENTATION_RELATIONSHIP('','',#2929,#82);
#82=ADVANCED_BREP_SHAPE_REPRESENTATION('',(#2926,#2927,#28),#7743);
#83=TOROIDAL_SURFACE('',#3018,4.95,0.15);
#84=TOROIDAL_SURFACE('',#3019,4.95,0.15);
#85=TOROIDAL_SURFACE('',#3050,4.00126147779443,1.);
#86=TOROIDAL_SURFACE('',#3051,4.00126147779443,1.);
#87=TOROIDAL_SURFACE('',#3052,4.00126147779443,1.);
#88=TOROIDAL_SURFACE('',#3053,4.00126147779443,1.);
#89=TOROIDAL_SURFACE('',#3054,4.00126147779443,1.);
#90=TOROIDAL_SURFACE('',#3055,4.00126147779443,1.);
#91=TOROIDAL_SURFACE('',#3056,4.00126147779443,1.);
#92=TOROIDAL_SURFACE('',#3057,4.00126147779443,1.);
#93=TOROIDAL_SURFACE('',#3058,4.00126147779443,1.);
#94=TOROIDAL_SURFACE('',#3059,4.00126147779443,1.);
#95=TOROIDAL_SURFACE('',#3060,4.00126147779443,1.);
#96=TOROIDAL_SURFACE('',#3061,4.00126147779443,1.);
#97=CYLINDRICAL_SURFACE('',#2975,3.25);
#98=CYLINDRICAL_SURFACE('',#2976,3.25);
#99=CYLINDRICAL_SURFACE('',#2977,3.25);
#100=CYLINDRICAL_SURFACE('',#2978,3.25);
#101=CYLINDRICAL_SURFACE('',#2979,3.25);
#102=CYLINDRICAL_SURFACE('',#2980,3.25);
#103=CYLINDRICAL_SURFACE('',#2981,3.25);
#104=CYLINDRICAL_SURFACE('',#2982,3.25);
#105=CYLINDRICAL_SURFACE('',#2983,3.25);
#106=CYLINDRICAL_SURFACE('',#2984,3.25);
#107=CYLINDRICAL_SURFACE('',#2985,5.1);
#108=CYLINDRICAL_SURFACE('',#2989,4.);
#109=CYLINDRICAL_SURFACE('',#2992,4.);
#110=CYLINDRICAL_SURFACE('',#2995,4.);
#111=CYLINDRICAL_SURFACE('',#2998,4.);
#112=CYLINDRICAL_SURFACE('',#3001,4.);
#113=CYLINDRICAL_SURFACE('',#3004,4.);
#114=CYLINDRICAL_SURFACE('',#3007,4.);
#115=CYLINDRICAL_SURFACE('',#3010,4.);
#116=CYLINDRICAL_SURFACE('',#3013,4.);
#117=CYLINDRICAL_SURFACE('',#3016,4.);
#118=CYLINDRICAL_SURFACE('',#3048,3.);
#119=CYLINDRICAL_SURFACE('',#3049,3.275);
#120=CYLINDRICAL_SURFACE('',#3062,0.78);
#121=CYLINDRICAL_SURFACE('',#3065,0.635);
#122=CYLINDRICAL_SURFACE('',#3078,3.165);
#123=CYLINDRICAL_SURFACE('',#3123,3.96);
#124=CYLINDRICAL_SURFACE('',#3133,1.95);
#125=CYLINDRICAL_SURFACE('',#3136,2.745);
#126=CYLINDRICAL_SURFACE('',#3138,3.165);
#127=CYLINDRICAL_SURFACE('',#3142,2.675);
#128=CYLINDRICAL_SURFACE('',#3146,2.475);
#129=CYLINDRICAL_SURFACE('',#3153,0.635);
#130=CYLINDRICAL_SURFACE('',#3157,0.635);
#131=CYLINDRICAL_SURFACE('',#3161,0.585);
#132=CYLINDRICAL_SURFACE('',#3165,0.585);
#133=CYLINDRICAL_SURFACE('',#3174,0.5);
#134=CYLINDRICAL_SURFACE('',#3181,0.635);
#135=LINE('',#3876,#321);
#136=LINE('',#3881,#322);
#137=LINE('',#3885,#323);
#138=LINE('',#3889,#324);
#139=LINE('',#3893,#325);
#140=LINE('',#3897,#326);
#141=LINE('',#3901,#327);
#142=LINE('',#3905,#328);
#143=LINE('',#3909,#329);
#144=LINE('',#3913,#330);
#145=LINE('',#3917,#331);
#146=LINE('',#3921,#332);
#147=LINE('',#3925,#333);
#148=LINE('',#3929,#334);
#149=LINE('',#3933,#335);
#150=LINE('',#3937,#336);
#151=LINE('',#3941,#337);
#152=LINE('',#3945,#338);
#153=LINE('',#3949,#339);
#154=LINE('',#3953,#340);
#155=LINE('',#3962,#341);
#156=LINE('',#3966,#342);
#157=LINE('',#3970,#343);
#158=LINE('',#3974,#344);
#159=LINE('',#3978,#345);
#160=LINE('',#3982,#346);
#161=LINE('',#3986,#347);
#162=LINE('',#3990,#348);
#163=LINE('',#3994,#349);
#164=LINE('',#3998,#350);
#165=LINE('',#4002,#351);
#166=LINE('',#4006,#352);
#167=LINE('',#4010,#353);
#168=LINE('',#4014,#354);
#169=LINE('',#4018,#355);
#170=LINE('',#4022,#356);
#171=LINE('',#4026,#357);
#172=LINE('',#4030,#358);
#173=LINE('',#4034,#359);
#174=LINE('',#4038,#360);
#175=LINE('',#4040,#361);
#176=LINE('',#4041,#362);
#177=LINE('',#4043,#363);
#178=LINE('',#4044,#364);
#179=LINE('',#4046,#365);
#180=LINE('',#4047,#366);
#181=LINE('',#4049,#367);
#182=LINE('',#4050,#368);
#183=LINE('',#4052,#369);
#184=LINE('',#4053,#370);
#185=LINE('',#4055,#371);
#186=LINE('',#4056,#372);
#187=LINE('',#4058,#373);
#188=LINE('',#4059,#374);
#189=LINE('',#4061,#375);
#190=LINE('',#4062,#376);
#191=LINE('',#4064,#377);
#192=LINE('',#4065,#378);
#193=LINE('',#4067,#379);
#194=LINE('',#4068,#380);
#195=LINE('',#4075,#381);
#196=LINE('',#4077,#382);
#197=LINE('',#4080,#383);
#198=LINE('',#4082,#384);
#199=LINE('',#4085,#385);
#200=LINE('',#4087,#386);
#201=LINE('',#4090,#387);
#202=LINE('',#4092,#388);
#203=LINE('',#4095,#389);
#204=LINE('',#4097,#390);
#205=LINE('',#4100,#391);
#206=LINE('',#4102,#392);
#207=LINE('',#4105,#393);
#208=LINE('',#4107,#394);
#209=LINE('',#4110,#395);
#210=LINE('',#4112,#396);
#211=LINE('',#4115,#397);
#212=LINE('',#4117,#398);
#213=LINE('',#4120,#399);
#214=LINE('',#4122,#400);
#215=LINE('',#4132,#401);
#216=LINE('',#4136,#402);
#217=LINE('',#4140,#403);
#218=LINE('',#4144,#404);
#219=LINE('',#4148,#405);
#220=LINE('',#4152,#406);
#221=LINE('',#4156,#407);
#222=LINE('',#4161,#408);
#223=LINE('',#4165,#409);
#224=LINE('',#4169,#410);
#225=LINE('',#4173,#411);
#226=LINE('',#4177,#412);
#227=LINE('',#4219,#413);
#228=LINE('',#4231,#414);
#229=LINE('',#4255,#415);
#230=LINE('',#4262,#416);
#231=LINE('',#4282,#417);
#232=LINE('',#4315,#418);
#233=LINE('',#4919,#419);
#234=LINE('',#4922,#420);
#235=LINE('',#4924,#421);
#236=LINE('',#4928,#422);
#237=LINE('',#4930,#423);
#238=LINE('',#4932,#424);
#239=LINE('',#4936,#425);
#240=LINE('',#4938,#426);
#241=LINE('',#4940,#427);
#242=LINE('',#4943,#428);
#243=LINE('',#4944,#429);
#244=LINE('',#4948,#430);
#245=LINE('',#4950,#431);
#246=LINE('',#4952,#432);
#247=LINE('',#4955,#433);
#248=LINE('',#4957,#434);
#249=LINE('',#4961,#435);
#250=LINE('',#4963,#436);
#251=LINE('',#4965,#437);
#252=LINE('',#4967,#438);
#253=LINE('',#4970,#439);
#254=LINE('',#4973,#440);
#255=LINE('',#4976,#441);
#256=LINE('',#4977,#442);
#257=LINE('',#4981,#443);
#258=LINE('',#4983,#444);
#259=LINE('',#4988,#445);
#260=LINE('',#4990,#446);
#261=LINE('',#4992,#447);
#262=LINE('',#4994,#448);
#263=LINE('',#4996,#449);
#264=LINE('',#4998,#450);
#265=LINE('',#5000,#451);
#266=LINE('',#5004,#452);
#267=LINE('',#5006,#453);
#268=LINE('',#5009,#454);
#269=LINE('',#5010,#455);
#270=LINE('',#5012,#456);
#271=LINE('',#5016,#457);
#272=LINE('',#5021,#458);
#273=LINE('',#5024,#459);
#274=LINE('',#5028,#460);
#275=LINE('',#5030,#461);
#276=LINE('',#5032,#462);
#277=LINE('',#5034,#463);
#278=LINE('',#5036,#464);
#279=LINE('',#5038,#465);
#280=LINE('',#5042,#466);
#281=LINE('',#5045,#467);
#282=LINE('',#5046,#468);
#283=LINE('',#5050,#469);
#284=LINE('',#5052,#470);
#285=LINE('',#5054,#471);
#286=LINE('',#5057,#472);
#287=LINE('',#5058,#473);
#288=LINE('',#5060,#474);
#289=LINE('',#5062,#475);
#290=LINE('',#5064,#476);
#291=LINE('',#5066,#477);
#292=LINE('',#5068,#478);
#293=LINE('',#5071,#479);
#294=LINE('',#5072,#480);
#295=LINE('',#5074,#481);
#296=LINE('',#5076,#482);
#297=LINE('',#5078,#483);
#298=LINE('',#5080,#484);
#299=LINE('',#5082,#485);
#300=LINE('',#5085,#486);
#301=LINE('',#5086,#487);
#302=LINE('',#5088,#488);
#303=LINE('',#5090,#489);
#304=LINE('',#5092,#490);
#305=LINE('',#5094,#491);
#306=LINE('',#5100,#492);
#307=LINE('',#5101,#493);
#308=LINE('',#5105,#494);
#309=LINE('',#5107,#495);
#310=LINE('',#5109,#496);
#311=LINE('',#5111,#497);
#312=LINE('',#5113,#498);
#313=LINE('',#7684,#499);
#314=LINE('',#7688,#500);
#315=LINE('',#7692,#501);
#316=LINE('',#7696,#502);
#317=LINE('',#7722,#503);
#318=LINE('',#7723,#504);
#319=LINE('',#7724,#505);
#320=LINE('',#7725,#506);
#321=VECTOR('',#3188,1000.);
#322=VECTOR('',#3191,1000.);
#323=VECTOR('',#3194,1000.);
#324=VECTOR('',#3197,1000.);
#325=VECTOR('',#3200,1000.);
#326=VECTOR('',#3203,1000.);
#327=VECTOR('',#3206,1000.);
#328=VECTOR('',#3209,1000.);
#329=VECTOR('',#3212,1000.);
#330=VECTOR('',#3215,1000.);
#331=VECTOR('',#3218,1000.);
#332=VECTOR('',#3221,1000.);
#333=VECTOR('',#3224,1000.);
#334=VECTOR('',#3227,1000.);
#335=VECTOR('',#3230,1000.);
#336=VECTOR('',#3233,1000.);
#337=VECTOR('',#3236,1000.);
#338=VECTOR('',#3239,1000.);
#339=VECTOR('',#3242,1000.);
#340=VECTOR('',#3245,1000.);
#341=VECTOR('',#3254,1000.);
#342=VECTOR('',#3257,1000.);
#343=VECTOR('',#3260,1000.);
#344=VECTOR('',#3263,1000.);
#345=VECTOR('',#3266,1000.);
#346=VECTOR('',#3269,1000.);
#347=VECTOR('',#3272,1000.);
#348=VECTOR('',#3275,1000.);
#349=VECTOR('',#3278,1000.);
#350=VECTOR('',#3281,1000.);
#351=VECTOR('',#3284,1000.);
#352=VECTOR('',#3287,1000.);
#353=VECTOR('',#3290,1000.);
#354=VECTOR('',#3293,1000.);
#355=VECTOR('',#3296,1000.);
#356=VECTOR('',#3299,1000.);
#357=VECTOR('',#3302,1000.);
#358=VECTOR('',#3305,1000.);
#359=VECTOR('',#3308,1000.);
#360=VECTOR('',#3311,1000.);
#361=VECTOR('',#3314,1000.);
#362=VECTOR('',#3315,1000.);
#363=VECTOR('',#3318,1000.);
#364=VECTOR('',#3319,1000.);
#365=VECTOR('',#3322,1000.);
#366=VECTOR('',#3323,1000.);
#367=VECTOR('',#3326,1000.);
#368=VECTOR('',#3327,1000.);
#369=VECTOR('',#3330,1000.);
#370=VECTOR('',#3331,1000.);
#371=VECTOR('',#3334,1000.);
#372=VECTOR('',#3335,1000.);
#373=VECTOR('',#3338,1000.);
#374=VECTOR('',#3339,1000.);
#375=VECTOR('',#3342,1000.);
#376=VECTOR('',#3343,1000.);
#377=VECTOR('',#3346,1000.);
#378=VECTOR('',#3347,1000.);
#379=VECTOR('',#3350,1000.);
#380=VECTOR('',#3351,1000.);
#381=VECTOR('',#3360,1000.);
#382=VECTOR('',#3363,1000.);
#383=VECTOR('',#3368,1000.);
#384=VECTOR('',#3371,1000.);
#385=VECTOR('',#3376,1000.);
#386=VECTOR('',#3379,1000.);
#387=VECTOR('',#3384,1000.);
#388=VECTOR('',#3387,1000.);
#389=VECTOR('',#3392,1000.);
#390=VECTOR('',#3395,1000.);
#391=VECTOR('',#3400,1000.);
#392=VECTOR('',#3403,1000.);
#393=VECTOR('',#3408,1000.);
#394=VECTOR('',#3411,1000.);
#395=VECTOR('',#3416,1000.);
#396=VECTOR('',#3419,1000.);
#397=VECTOR('',#3424,1000.);
#398=VECTOR('',#3427,1000.);
#399=VECTOR('',#3432,1000.);
#400=VECTOR('',#3435,1000.);
#401=VECTOR('',#3448,1000.);
#402=VECTOR('',#3451,1000.);
#403=VECTOR('',#3454,1000.);
#404=VECTOR('',#3457,1000.);
#405=VECTOR('',#3460,1000.);
#406=VECTOR('',#3463,1000.);
#407=VECTOR('',#3468,1000.);
#408=VECTOR('',#3471,1000.);
#409=VECTOR('',#3474,1000.);
#410=VECTOR('',#3477,1000.);
#411=VECTOR('',#3480,1000.);
#412=VECTOR('',#3483,1000.);
#413=VECTOR('',#3500,1000.);
#414=VECTOR('',#3501,1000.);
#415=VECTOR('',#3504,1000.);
#416=VECTOR('',#3507,1000.);
#417=VECTOR('',#3510,1000.);
#418=VECTOR('',#3513,1000.);
#419=VECTOR('',#3582,1000.);
#420=VECTOR('',#3583,1000.);
#421=VECTOR('',#3584,1000.);
#422=VECTOR('',#3589,1000.);
#423=VECTOR('',#3590,1000.);
#424=VECTOR('',#3591,1000.);
#425=VECTOR('',#3596,1000.);
#426=VECTOR('',#3597,1000.);
#427=VECTOR('',#3600,1000.);
#428=VECTOR('',#3601,1000.);
#429=VECTOR('',#3602,1000.);
#430=VECTOR('',#3607,1000.);
#431=VECTOR('',#3608,1000.);
#432=VECTOR('',#3611,1000.);
#433=VECTOR('',#3612,1000.);
#434=VECTOR('',#3613,1000.);
#435=VECTOR('',#3618,1000.);
#436=VECTOR('',#3619,1000.);
#437=VECTOR('',#3620,1000.);
#438=VECTOR('',#3623,1000.);
#439=VECTOR('',#3624,1000.);
#440=VECTOR('',#3629,1000.);
#441=VECTOR('',#3630,1000.);
#442=VECTOR('',#3631,1000.);
#443=VECTOR('',#3636,1000.);
#444=VECTOR('',#3637,1000.);
#445=VECTOR('',#3642,1000.);
#446=VECTOR('',#3643,1000.);
#447=VECTOR('',#3644,1000.);
#448=VECTOR('',#3647,1000.);
#449=VECTOR('',#3648,1000.);
#450=VECTOR('',#3649,1000.);
#451=VECTOR('',#3652,1000.);
#452=VECTOR('',#3655,1000.);
#453=VECTOR('',#3658,1000.);
#454=VECTOR('',#3659,1000.);
#455=VECTOR('',#3660,1000.);
#456=VECTOR('',#3663,1000.);
#457=VECTOR('',#3666,1000.);
#458=VECTOR('',#3673,1000.);
#459=VECTOR('',#3674,1000.);
#460=VECTOR('',#3677,1000.);
#461=VECTOR('',#3680,1000.);
#462=VECTOR('',#3681,1000.);
#463=VECTOR('',#3682,1000.);
#464=VECTOR('',#3685,1000.);
#465=VECTOR('',#3686,1000.);
#466=VECTOR('',#3691,1000.);
#467=VECTOR('',#3692,1000.);
#468=VECTOR('',#3693,1000.);
#469=VECTOR('',#3698,1000.);
#470=VECTOR('',#3699,1000.);
#471=VECTOR('',#3702,1000.);
#472=VECTOR('',#3703,1000.);
#473=VECTOR('',#3704,1000.);
#474=VECTOR('',#3707,1000.);
#475=VECTOR('',#3708,1000.);
#476=VECTOR('',#3711,1000.);
#477=VECTOR('',#3712,1000.);
#478=VECTOR('',#3715,1000.);
#479=VECTOR('',#3716,1000.);
#480=VECTOR('',#3717,1000.);
#481=VECTOR('',#3720,1000.);
#482=VECTOR('',#3721,1000.);
#483=VECTOR('',#3724,1000.);
#484=VECTOR('',#3725,1000.);
#485=VECTOR('',#3728,1000.);
#486=VECTOR('',#3729,1000.);
#487=VECTOR('',#3730,1000.);
#488=VECTOR('',#3733,1000.);
#489=VECTOR('',#3734,1000.);
#490=VECTOR('',#3737,1000.);
#491=VECTOR('',#3738,1000.);
#492=VECTOR('',#3747,1000.);
#493=VECTOR('',#3748,1000.);
#494=VECTOR('',#3753,1000.);
#495=VECTOR('',#3754,1000.);
#496=VECTOR('',#3757,1000.);
#497=VECTOR('',#3758,1000.);
#498=VECTOR('',#3761,1000.);
#499=VECTOR('',#3800,1000.);
#500=VECTOR('',#3803,1000.);
#501=VECTOR('',#3806,1000.);
#502=VECTOR('',#3809,1000.);
#503=VECTOR('',#3844,1000.);
#504=VECTOR('',#3845,1000.);
#505=VECTOR('',#3846,1000.);
#506=VECTOR('',#3847,1000.);
#507=ORIENTED_EDGE('',*,*,#1197,.T.);
#508=ORIENTED_EDGE('',*,*,#1198,.T.);
#509=ORIENTED_EDGE('',*,*,#1199,.T.);
#510=ORIENTED_EDGE('',*,*,#1200,.T.);
#511=ORIENTED_EDGE('',*,*,#1201,.T.);
#512=ORIENTED_EDGE('',*,*,#1202,.T.);
#513=ORIENTED_EDGE('',*,*,#1203,.T.);
#514=ORIENTED_EDGE('',*,*,#1204,.T.);
#515=ORIENTED_EDGE('',*,*,#1205,.T.);
#516=ORIENTED_EDGE('',*,*,#1206,.T.);
#517=ORIENTED_EDGE('',*,*,#1207,.T.);
#518=ORIENTED_EDGE('',*,*,#1208,.T.);
#519=ORIENTED_EDGE('',*,*,#1209,.T.);
#520=ORIENTED_EDGE('',*,*,#1210,.T.);
#521=ORIENTED_EDGE('',*,*,#1211,.T.);
#522=ORIENTED_EDGE('',*,*,#1212,.T.);
#523=ORIENTED_EDGE('',*,*,#1213,.T.);
#524=ORIENTED_EDGE('',*,*,#1214,.T.);
#525=ORIENTED_EDGE('',*,*,#1215,.T.);
#526=ORIENTED_EDGE('',*,*,#1216,.T.);
#527=ORIENTED_EDGE('',*,*,#1217,.T.);
#528=ORIENTED_EDGE('',*,*,#1218,.T.);
#529=ORIENTED_EDGE('',*,*,#1219,.T.);
#530=ORIENTED_EDGE('',*,*,#1220,.T.);
#531=ORIENTED_EDGE('',*,*,#1221,.T.);
#532=ORIENTED_EDGE('',*,*,#1222,.T.);
#533=ORIENTED_EDGE('',*,*,#1223,.T.);
#534=ORIENTED_EDGE('',*,*,#1224,.T.);
#535=ORIENTED_EDGE('',*,*,#1225,.T.);
#536=ORIENTED_EDGE('',*,*,#1226,.T.);
#537=ORIENTED_EDGE('',*,*,#1227,.T.);
#538=ORIENTED_EDGE('',*,*,#1228,.T.);
#539=ORIENTED_EDGE('',*,*,#1229,.T.);
#540=ORIENTED_EDGE('',*,*,#1230,.T.);
#541=ORIENTED_EDGE('',*,*,#1231,.T.);
#542=ORIENTED_EDGE('',*,*,#1232,.T.);
#543=ORIENTED_EDGE('',*,*,#1233,.T.);
#544=ORIENTED_EDGE('',*,*,#1234,.T.);
#545=ORIENTED_EDGE('',*,*,#1235,.T.);
#546=ORIENTED_EDGE('',*,*,#1236,.T.);
#547=ORIENTED_EDGE('',*,*,#1237,.T.);
#548=ORIENTED_EDGE('',*,*,#1238,.T.);
#549=ORIENTED_EDGE('',*,*,#1239,.F.);
#550=ORIENTED_EDGE('',*,*,#1240,.F.);
#551=ORIENTED_EDGE('',*,*,#1241,.F.);
#552=ORIENTED_EDGE('',*,*,#1242,.F.);
#553=ORIENTED_EDGE('',*,*,#1243,.F.);
#554=ORIENTED_EDGE('',*,*,#1244,.F.);
#555=ORIENTED_EDGE('',*,*,#1245,.F.);
#556=ORIENTED_EDGE('',*,*,#1246,.F.);
#557=ORIENTED_EDGE('',*,*,#1247,.F.);
#558=ORIENTED_EDGE('',*,*,#1248,.F.);
#559=ORIENTED_EDGE('',*,*,#1249,.F.);
#560=ORIENTED_EDGE('',*,*,#1250,.F.);
#561=ORIENTED_EDGE('',*,*,#1251,.F.);
#562=ORIENTED_EDGE('',*,*,#1252,.F.);
#563=ORIENTED_EDGE('',*,*,#1253,.F.);
#564=ORIENTED_EDGE('',*,*,#1254,.F.);
#565=ORIENTED_EDGE('',*,*,#1255,.F.);
#566=ORIENTED_EDGE('',*,*,#1256,.F.);
#567=ORIENTED_EDGE('',*,*,#1257,.F.);
#568=ORIENTED_EDGE('',*,*,#1258,.F.);
#569=ORIENTED_EDGE('',*,*,#1259,.F.);
#570=ORIENTED_EDGE('',*,*,#1260,.F.);
#571=ORIENTED_EDGE('',*,*,#1261,.F.);
#572=ORIENTED_EDGE('',*,*,#1262,.F.);
#573=ORIENTED_EDGE('',*,*,#1263,.F.);
#574=ORIENTED_EDGE('',*,*,#1264,.F.);
#575=ORIENTED_EDGE('',*,*,#1265,.F.);
#576=ORIENTED_EDGE('',*,*,#1266,.F.);
#577=ORIENTED_EDGE('',*,*,#1267,.F.);
#578=ORIENTED_EDGE('',*,*,#1268,.F.);
#579=ORIENTED_EDGE('',*,*,#1269,.F.);
#580=ORIENTED_EDGE('',*,*,#1270,.F.);
#581=ORIENTED_EDGE('',*,*,#1271,.F.);
#582=ORIENTED_EDGE('',*,*,#1272,.F.);
#583=ORIENTED_EDGE('',*,*,#1273,.F.);
#584=ORIENTED_EDGE('',*,*,#1274,.F.);
#585=ORIENTED_EDGE('',*,*,#1275,.F.);
#586=ORIENTED_EDGE('',*,*,#1276,.F.);
#587=ORIENTED_EDGE('',*,*,#1277,.F.);
#588=ORIENTED_EDGE('',*,*,#1278,.F.);
#589=ORIENTED_EDGE('',*,*,#1241,.T.);
#590=ORIENTED_EDGE('',*,*,#1279,.T.);
#591=ORIENTED_EDGE('',*,*,#1237,.F.);
#592=ORIENTED_EDGE('',*,*,#1280,.F.);
#593=ORIENTED_EDGE('',*,*,#1201,.F.);
#594=ORIENTED_EDGE('',*,*,#1281,.F.);
#595=ORIENTED_EDGE('',*,*,#1277,.T.);
#596=ORIENTED_EDGE('',*,*,#1282,.T.);
#597=ORIENTED_EDGE('',*,*,#1245,.T.);
#598=ORIENTED_EDGE('',*,*,#1283,.T.);
#599=ORIENTED_EDGE('',*,*,#1233,.F.);
#600=ORIENTED_EDGE('',*,*,#1284,.F.);
#601=ORIENTED_EDGE('',*,*,#1249,.T.);
#602=ORIENTED_EDGE('',*,*,#1285,.T.);
#603=ORIENTED_EDGE('',*,*,#1229,.F.);
#604=ORIENTED_EDGE('',*,*,#1286,.F.);
#605=ORIENTED_EDGE('',*,*,#1253,.T.);
#606=ORIENTED_EDGE('',*,*,#1287,.T.);
#607=ORIENTED_EDGE('',*,*,#1225,.F.);
#608=ORIENTED_EDGE('',*,*,#1288,.F.);
#609=ORIENTED_EDGE('',*,*,#1257,.T.);
#610=ORIENTED_EDGE('',*,*,#1289,.T.);
#611=ORIENTED_EDGE('',*,*,#1221,.F.);
#612=ORIENTED_EDGE('',*,*,#1290,.F.);
#613=ORIENTED_EDGE('',*,*,#1261,.T.);
#614=ORIENTED_EDGE('',*,*,#1291,.T.);
#615=ORIENTED_EDGE('',*,*,#1217,.F.);
#616=ORIENTED_EDGE('',*,*,#1292,.F.);
#617=ORIENTED_EDGE('',*,*,#1265,.T.);
#618=ORIENTED_EDGE('',*,*,#1293,.T.);
#619=ORIENTED_EDGE('',*,*,#1213,.F.);
#620=ORIENTED_EDGE('',*,*,#1294,.F.);
#621=ORIENTED_EDGE('',*,*,#1269,.T.);
#622=ORIENTED_EDGE('',*,*,#1295,.T.);
#623=ORIENTED_EDGE('',*,*,#1209,.F.);
#624=ORIENTED_EDGE('',*,*,#1296,.F.);
#625=ORIENTED_EDGE('',*,*,#1273,.T.);
#626=ORIENTED_EDGE('',*,*,#1297,.T.);
#627=ORIENTED_EDGE('',*,*,#1205,.F.);
#628=ORIENTED_EDGE('',*,*,#1298,.F.);
#629=ORIENTED_EDGE('',*,*,#1299,.T.);
#630=ORIENTED_EDGE('',*,*,#1300,.T.);
#631=ORIENTED_EDGE('',*,*,#1202,.F.);
#632=ORIENTED_EDGE('',*,*,#1282,.F.);
#633=ORIENTED_EDGE('',*,*,#1276,.T.);
#634=ORIENTED_EDGE('',*,*,#1301,.T.);
#635=ORIENTED_EDGE('',*,*,#1203,.F.);
#636=ORIENTED_EDGE('',*,*,#1301,.F.);
#637=ORIENTED_EDGE('',*,*,#1275,.T.);
#638=ORIENTED_EDGE('',*,*,#1302,.T.);
#639=ORIENTED_EDGE('',*,*,#1204,.F.);
#640=ORIENTED_EDGE('',*,*,#1302,.F.);
#641=ORIENTED_EDGE('',*,*,#1274,.T.);
#642=ORIENTED_EDGE('',*,*,#1298,.T.);
#643=ORIENTED_EDGE('',*,*,#1272,.T.);
#644=ORIENTED_EDGE('',*,*,#1303,.T.);
#645=ORIENTED_EDGE('',*,*,#1206,.F.);
#646=ORIENTED_EDGE('',*,*,#1297,.F.);
#647=ORIENTED_EDGE('',*,*,#1207,.F.);
#648=ORIENTED_EDGE('',*,*,#1303,.F.);
#649=ORIENTED_EDGE('',*,*,#1271,.T.);
#650=ORIENTED_EDGE('',*,*,#1304,.T.);
#651=ORIENTED_EDGE('',*,*,#1208,.F.);
#652=ORIENTED_EDGE('',*,*,#1304,.F.);
#653=ORIENTED_EDGE('',*,*,#1270,.T.);
#654=ORIENTED_EDGE('',*,*,#1296,.T.);
#655=ORIENTED_EDGE('',*,*,#1210,.F.);
#656=ORIENTED_EDGE('',*,*,#1295,.F.);
#657=ORIENTED_EDGE('',*,*,#1268,.T.);
#658=ORIENTED_EDGE('',*,*,#1305,.T.);
#659=ORIENTED_EDGE('',*,*,#1211,.F.);
#660=ORIENTED_EDGE('',*,*,#1305,.F.);
#661=ORIENTED_EDGE('',*,*,#1267,.T.);
#662=ORIENTED_EDGE('',*,*,#1306,.T.);
#663=ORIENTED_EDGE('',*,*,#1212,.F.);
#664=ORIENTED_EDGE('',*,*,#1306,.F.);
#665=ORIENTED_EDGE('',*,*,#1266,.T.);
#666=ORIENTED_EDGE('',*,*,#1294,.T.);
#667=ORIENTED_EDGE('',*,*,#1214,.F.);
#668=ORIENTED_EDGE('',*,*,#1293,.F.);
#669=ORIENTED_EDGE('',*,*,#1264,.T.);
#670=ORIENTED_EDGE('',*,*,#1307,.T.);
#671=ORIENTED_EDGE('',*,*,#1215,.F.);
#672=ORIENTED_EDGE('',*,*,#1307,.F.);
#673=ORIENTED_EDGE('',*,*,#1263,.T.);
#674=ORIENTED_EDGE('',*,*,#1308,.T.);
#675=ORIENTED_EDGE('',*,*,#1216,.F.);
#676=ORIENTED_EDGE('',*,*,#1308,.F.);
#677=ORIENTED_EDGE('',*,*,#1262,.T.);
#678=ORIENTED_EDGE('',*,*,#1292,.T.);
#679=ORIENTED_EDGE('',*,*,#1260,.T.);
#680=ORIENTED_EDGE('',*,*,#1309,.T.);
#681=ORIENTED_EDGE('',*,*,#1218,.F.);
#682=ORIENTED_EDGE('',*,*,#1291,.F.);
#683=ORIENTED_EDGE('',*,*,#1219,.F.);
#684=ORIENTED_EDGE('',*,*,#1309,.F.);
#685=ORIENTED_EDGE('',*,*,#1259,.T.);
#686=ORIENTED_EDGE('',*,*,#1310,.T.);
#687=ORIENTED_EDGE('',*,*,#1220,.F.);
#688=ORIENTED_EDGE('',*,*,#1310,.F.);
#689=ORIENTED_EDGE('',*,*,#1258,.T.);
#690=ORIENTED_EDGE('',*,*,#1290,.T.);
#691=ORIENTED_EDGE('',*,*,#1222,.F.);
#692=ORIENTED_EDGE('',*,*,#1289,.F.);
#693=ORIENTED_EDGE('',*,*,#1256,.T.);
#694=ORIENTED_EDGE('',*,*,#1311,.T.);
#695=ORIENTED_EDGE('',*,*,#1223,.F.);
#696=ORIENTED_EDGE('',*,*,#1311,.F.);
#697=ORIENTED_EDGE('',*,*,#1255,.T.);
#698=ORIENTED_EDGE('',*,*,#1312,.T.);
#699=ORIENTED_EDGE('',*,*,#1224,.F.);
#700=ORIENTED_EDGE('',*,*,#1312,.F.);
#701=ORIENTED_EDGE('',*,*,#1254,.T.);
#702=ORIENTED_EDGE('',*,*,#1288,.T.);
#703=ORIENTED_EDGE('',*,*,#1252,.T.);
#704=ORIENTED_EDGE('',*,*,#1313,.T.);
#705=ORIENTED_EDGE('',*,*,#1226,.F.);
#706=ORIENTED_EDGE('',*,*,#1287,.F.);
#707=ORIENTED_EDGE('',*,*,#1227,.F.);
#708=ORIENTED_EDGE('',*,*,#1313,.F.);
#709=ORIENTED_EDGE('',*,*,#1251,.T.);
#710=ORIENTED_EDGE('',*,*,#1314,.T.);
#711=ORIENTED_EDGE('',*,*,#1228,.F.);
#712=ORIENTED_EDGE('',*,*,#1314,.F.);
#713=ORIENTED_EDGE('',*,*,#1250,.T.);
#714=ORIENTED_EDGE('',*,*,#1286,.T.);
#715=ORIENTED_EDGE('',*,*,#1230,.F.);
#716=ORIENTED_EDGE('',*,*,#1285,.F.);
#717=ORIENTED_EDGE('',*,*,#1248,.T.);
#718=ORIENTED_EDGE('',*,*,#1315,.T.);
#719=ORIENTED_EDGE('',*,*,#1231,.F.);
#720=ORIENTED_EDGE('',*,*,#1315,.F.);
#721=ORIENTED_EDGE('',*,*,#1247,.T.);
#722=ORIENTED_EDGE('',*,*,#1316,.T.);
#723=ORIENTED_EDGE('',*,*,#1232,.F.);
#724=ORIENTED_EDGE('',*,*,#1316,.F.);
#725=ORIENTED_EDGE('',*,*,#1246,.T.);
#726=ORIENTED_EDGE('',*,*,#1284,.T.);
#727=ORIENTED_EDGE('',*,*,#1234,.F.);
#728=ORIENTED_EDGE('',*,*,#1283,.F.);
#729=ORIENTED_EDGE('',*,*,#1244,.T.);
#730=ORIENTED_EDGE('',*,*,#1317,.T.);
#731=ORIENTED_EDGE('',*,*,#1235,.F.);
#732=ORIENTED_EDGE('',*,*,#1317,.F.);
#733=ORIENTED_EDGE('',*,*,#1243,.T.);
#734=ORIENTED_EDGE('',*,*,#1318,.T.);
#735=ORIENTED_EDGE('',*,*,#1236,.F.);
#736=ORIENTED_EDGE('',*,*,#1318,.F.);
#737=ORIENTED_EDGE('',*,*,#1242,.T.);
#738=ORIENTED_EDGE('',*,*,#1280,.T.);
#739=ORIENTED_EDGE('',*,*,#1240,.T.);
#740=ORIENTED_EDGE('',*,*,#1319,.T.);
#741=ORIENTED_EDGE('',*,*,#1198,.F.);
#742=ORIENTED_EDGE('',*,*,#1279,.F.);
#743=ORIENTED_EDGE('',*,*,#1199,.F.);
#744=ORIENTED_EDGE('',*,*,#1319,.F.);
#745=ORIENTED_EDGE('',*,*,#1239,.T.);
#746=ORIENTED_EDGE('',*,*,#1320,.T.);
#747=ORIENTED_EDGE('',*,*,#1200,.F.);
#748=ORIENTED_EDGE('',*,*,#1320,.F.);
#749=ORIENTED_EDGE('',*,*,#1278,.T.);
#750=ORIENTED_EDGE('',*,*,#1281,.T.);
#751=ORIENTED_EDGE('',*,*,#1197,.F.);
#752=ORIENTED_EDGE('',*,*,#1300,.F.);
#753=ORIENTED_EDGE('',*,*,#1299,.F.);
#754=ORIENTED_EDGE('',*,*,#1238,.F.);
#755=ORIENTED_EDGE('',*,*,#1321,.T.);
#756=ORIENTED_EDGE('',*,*,#1322,.F.);
#757=ORIENTED_EDGE('',*,*,#1323,.T.);
#758=ORIENTED_EDGE('',*,*,#1324,.F.);
#759=ORIENTED_EDGE('',*,*,#1325,.T.);
#760=ORIENTED_EDGE('',*,*,#1326,.F.);
#761=ORIENTED_EDGE('',*,*,#1327,.T.);
#762=ORIENTED_EDGE('',*,*,#1328,.F.);
#763=ORIENTED_EDGE('',*,*,#1329,.T.);
#764=ORIENTED_EDGE('',*,*,#1330,.F.);
#765=ORIENTED_EDGE('',*,*,#1331,.T.);
#766=ORIENTED_EDGE('',*,*,#1332,.F.);
#767=ORIENTED_EDGE('',*,*,#1333,.T.);
#768=ORIENTED_EDGE('',*,*,#1334,.T.);
#769=ORIENTED_EDGE('',*,*,#1335,.F.);
#770=ORIENTED_EDGE('',*,*,#1336,.T.);
#771=ORIENTED_EDGE('',*,*,#1337,.F.);
#772=ORIENTED_EDGE('',*,*,#1338,.T.);
#773=ORIENTED_EDGE('',*,*,#1339,.F.);
#774=ORIENTED_EDGE('',*,*,#1340,.T.);
#775=ORIENTED_EDGE('',*,*,#1341,.F.);
#776=ORIENTED_EDGE('',*,*,#1342,.T.);
#777=ORIENTED_EDGE('',*,*,#1343,.F.);
#778=ORIENTED_EDGE('',*,*,#1344,.T.);
#779=ORIENTED_EDGE('',*,*,#1345,.F.);
#780=ORIENTED_EDGE('',*,*,#1346,.T.);
#781=ORIENTED_EDGE('',*,*,#1321,.F.);
#782=ORIENTED_EDGE('',*,*,#1347,.T.);
#783=ORIENTED_EDGE('',*,*,#1348,.T.);
#784=ORIENTED_EDGE('',*,*,#1349,.F.);
#785=ORIENTED_EDGE('',*,*,#1350,.T.);
#786=ORIENTED_EDGE('',*,*,#1334,.F.);
#787=ORIENTED_EDGE('',*,*,#1351,.F.);
#788=ORIENTED_EDGE('',*,*,#1352,.T.);
#789=ORIENTED_EDGE('',*,*,#1353,.T.);
#790=ORIENTED_EDGE('',*,*,#1354,.T.);
#791=ORIENTED_EDGE('',*,*,#1355,.F.);
#792=ORIENTED_EDGE('',*,*,#1356,.T.);
#793=ORIENTED_EDGE('',*,*,#1327,.F.);
#794=ORIENTED_EDGE('',*,*,#1357,.T.);
#795=ORIENTED_EDGE('',*,*,#1358,.T.);
#796=ORIENTED_EDGE('',*,*,#1359,.T.);
#797=ORIENTED_EDGE('',*,*,#1343,.T.);
#798=ORIENTED_EDGE('',*,*,#1360,.T.);
#799=ORIENTED_EDGE('',*,*,#1329,.F.);
#800=ORIENTED_EDGE('',*,*,#1361,.T.);
#801=ORIENTED_EDGE('',*,*,#1355,.T.);
#802=ORIENTED_EDGE('',*,*,#1362,.T.);
#803=ORIENTED_EDGE('',*,*,#1341,.T.);
#804=ORIENTED_EDGE('',*,*,#1363,.T.);
#805=ORIENTED_EDGE('',*,*,#1364,.F.);
#806=ORIENTED_EDGE('',*,*,#1365,.T.);
#807=ORIENTED_EDGE('',*,*,#1366,.F.);
#808=ORIENTED_EDGE('',*,*,#1367,.T.);
#809=ORIENTED_EDGE('',*,*,#1331,.F.);
#810=ORIENTED_EDGE('',*,*,#1368,.T.);
#811=ORIENTED_EDGE('',*,*,#1364,.T.);
#812=ORIENTED_EDGE('',*,*,#1369,.T.);
#813=ORIENTED_EDGE('',*,*,#1339,.T.);
#814=ORIENTED_EDGE('',*,*,#1370,.T.);
#815=ORIENTED_EDGE('',*,*,#1371,.F.);
#816=ORIENTED_EDGE('',*,*,#1372,.T.);
#817=ORIENTED_EDGE('',*,*,#1333,.F.);
#818=ORIENTED_EDGE('',*,*,#1373,.T.);
#819=ORIENTED_EDGE('',*,*,#1366,.T.);
#820=ORIENTED_EDGE('',*,*,#1374,.T.);
#821=ORIENTED_EDGE('',*,*,#1337,.T.);
#822=ORIENTED_EDGE('',*,*,#1375,.T.);
#823=ORIENTED_EDGE('',*,*,#1323,.F.);
#824=ORIENTED_EDGE('',*,*,#1376,.T.);
#825=ORIENTED_EDGE('',*,*,#1371,.T.);
#826=ORIENTED_EDGE('',*,*,#1377,.T.);
#827=ORIENTED_EDGE('',*,*,#1335,.T.);
#828=ORIENTED_EDGE('',*,*,#1378,.T.);
#829=ORIENTED_EDGE('',*,*,#1379,.F.);
#830=ORIENTED_EDGE('',*,*,#1380,.T.);
#831=ORIENTED_EDGE('',*,*,#1358,.F.);
#832=ORIENTED_EDGE('',*,*,#1381,.T.);
#833=ORIENTED_EDGE('',*,*,#1325,.F.);
#834=ORIENTED_EDGE('',*,*,#1382,.T.);
#835=ORIENTED_EDGE('',*,*,#1379,.T.);
#836=ORIENTED_EDGE('',*,*,#1383,.T.);
#837=ORIENTED_EDGE('',*,*,#1345,.T.);
#838=ORIENTED_EDGE('',*,*,#1384,.T.);
#839=ORIENTED_EDGE('',*,*,#1385,.F.);
#840=ORIENTED_EDGE('',*,*,#1351,.T.);
#841=ORIENTED_EDGE('',*,*,#1386,.F.);
#842=ORIENTED_EDGE('',*,*,#1349,.T.);
#843=ORIENTED_EDGE('',*,*,#1386,.T.);
#844=ORIENTED_EDGE('',*,*,#1354,.F.);
#845=ORIENTED_EDGE('',*,*,#1387,.F.);
#846=ORIENTED_EDGE('',*,*,#1350,.F.);
#847=ORIENTED_EDGE('',*,*,#1387,.T.);
#848=ORIENTED_EDGE('',*,*,#1353,.F.);
#849=ORIENTED_EDGE('',*,*,#1388,.F.);
#850=ORIENTED_EDGE('',*,*,#1347,.F.);
#851=ORIENTED_EDGE('',*,*,#1388,.T.);
#852=ORIENTED_EDGE('',*,*,#1352,.F.);
#853=ORIENTED_EDGE('',*,*,#1385,.T.);
#854=ORIENTED_EDGE('',*,*,#1348,.F.);
#855=ORIENTED_EDGE('',*,*,#1346,.F.);
#856=ORIENTED_EDGE('',*,*,#1383,.F.);
#857=ORIENTED_EDGE('',*,*,#1378,.F.);
#858=ORIENTED_EDGE('',*,*,#1359,.F.);
#859=ORIENTED_EDGE('',*,*,#1384,.F.);
#860=ORIENTED_EDGE('',*,*,#1344,.F.);
#861=ORIENTED_EDGE('',*,*,#1342,.F.);
#862=ORIENTED_EDGE('',*,*,#1362,.F.);
#863=ORIENTED_EDGE('',*,*,#1360,.F.);
#864=ORIENTED_EDGE('',*,*,#1340,.F.);
#865=ORIENTED_EDGE('',*,*,#1369,.F.);
#866=ORIENTED_EDGE('',*,*,#1363,.F.);
#867=ORIENTED_EDGE('',*,*,#1338,.F.);
#868=ORIENTED_EDGE('',*,*,#1374,.F.);
#869=ORIENTED_EDGE('',*,*,#1370,.F.);
#870=ORIENTED_EDGE('',*,*,#1336,.F.);
#871=ORIENTED_EDGE('',*,*,#1377,.F.);
#872=ORIENTED_EDGE('',*,*,#1375,.F.);
#873=ORIENTED_EDGE('',*,*,#1382,.F.);
#874=ORIENTED_EDGE('',*,*,#1324,.T.);
#875=ORIENTED_EDGE('',*,*,#1380,.F.);
#876=ORIENTED_EDGE('',*,*,#1326,.T.);
#877=ORIENTED_EDGE('',*,*,#1381,.F.);
#878=ORIENTED_EDGE('',*,*,#1357,.F.);
#879=ORIENTED_EDGE('',*,*,#1361,.F.);
#880=ORIENTED_EDGE('',*,*,#1328,.T.);
#881=ORIENTED_EDGE('',*,*,#1356,.F.);
#882=ORIENTED_EDGE('',*,*,#1368,.F.);
#883=ORIENTED_EDGE('',*,*,#1330,.T.);
#884=ORIENTED_EDGE('',*,*,#1365,.F.);
#885=ORIENTED_EDGE('',*,*,#1373,.F.);
#886=ORIENTED_EDGE('',*,*,#1332,.T.);
#887=ORIENTED_EDGE('',*,*,#1367,.F.);
#888=ORIENTED_EDGE('',*,*,#1376,.F.);
#889=ORIENTED_EDGE('',*,*,#1322,.T.);
#890=ORIENTED_EDGE('',*,*,#1372,.F.);
#891=ORIENTED_EDGE('',*,*,#1389,.F.);
#892=ORIENTED_EDGE('',*,*,#1390,.F.);
#893=ORIENTED_EDGE('',*,*,#1391,.T.);
#894=ORIENTED_EDGE('',*,*,#1392,.F.);
#895=ORIENTED_EDGE('',*,*,#1392,.T.);
#896=ORIENTED_EDGE('',*,*,#1391,.F.);
#897=ORIENTED_EDGE('',*,*,#1389,.T.);
#898=ORIENTED_EDGE('',*,*,#1390,.T.);
#899=ORIENTED_EDGE('',*,*,#1393,.T.);
#900=ORIENTED_EDGE('',*,*,#1394,.F.);
#901=ORIENTED_EDGE('',*,*,#1395,.T.);
#902=ORIENTED_EDGE('',*,*,#1396,.T.);
#903=ORIENTED_EDGE('',*,*,#1397,.F.);
#904=ORIENTED_EDGE('',*,*,#1398,.F.);
#905=ORIENTED_EDGE('',*,*,#1398,.T.);
#906=ORIENTED_EDGE('',*,*,#1399,.T.);
#907=ORIENTED_EDGE('',*,*,#1400,.T.);
#908=ORIENTED_EDGE('',*,*,#1399,.F.);
#909=ORIENTED_EDGE('',*,*,#1401,.T.);
#910=ORIENTED_EDGE('',*,*,#1402,.T.);
#911=ORIENTED_EDGE('',*,*,#1403,.T.);
#912=ORIENTED_EDGE('',*,*,#1404,.T.);
#913=ORIENTED_EDGE('',*,*,#1401,.F.);
#914=ORIENTED_EDGE('',*,*,#1405,.F.);
#915=ORIENTED_EDGE('',*,*,#1406,.T.);
#916=ORIENTED_EDGE('',*,*,#1407,.T.);
#917=ORIENTED_EDGE('',*,*,#1406,.F.);
#918=ORIENTED_EDGE('',*,*,#1408,.F.);
#919=ORIENTED_EDGE('',*,*,#1409,.F.);
#920=ORIENTED_EDGE('',*,*,#1410,.F.);
#921=ORIENTED_EDGE('',*,*,#1411,.F.);
#922=ORIENTED_EDGE('',*,*,#1412,.F.);
#923=ORIENTED_EDGE('',*,*,#1409,.T.);
#924=ORIENTED_EDGE('',*,*,#1413,.T.);
#925=ORIENTED_EDGE('',*,*,#1411,.T.);
#926=ORIENTED_EDGE('',*,*,#1414,.T.);
#927=ORIENTED_EDGE('',*,*,#1415,.T.);
#928=ORIENTED_EDGE('',*,*,#1416,.T.);
#929=ORIENTED_EDGE('',*,*,#1417,.F.);
#930=ORIENTED_EDGE('',*,*,#1418,.F.);
#931=ORIENTED_EDGE('',*,*,#1419,.F.);
#932=ORIENTED_EDGE('',*,*,#1420,.F.);
#933=ORIENTED_EDGE('',*,*,#1417,.T.);
#934=ORIENTED_EDGE('',*,*,#1421,.F.);
#935=ORIENTED_EDGE('',*,*,#1422,.F.);
#936=ORIENTED_EDGE('',*,*,#1423,.T.);
#937=ORIENTED_EDGE('',*,*,#1424,.T.);
#938=ORIENTED_EDGE('',*,*,#1425,.T.);
#939=ORIENTED_EDGE('',*,*,#1422,.T.);
#940=ORIENTED_EDGE('',*,*,#1426,.T.);
#941=ORIENTED_EDGE('',*,*,#1427,.T.);
#942=ORIENTED_EDGE('',*,*,#1428,.F.);
#943=ORIENTED_EDGE('',*,*,#1424,.F.);
#944=ORIENTED_EDGE('',*,*,#1429,.T.);
#945=ORIENTED_EDGE('',*,*,#1427,.F.);
#946=ORIENTED_EDGE('',*,*,#1430,.F.);
#947=ORIENTED_EDGE('',*,*,#1431,.F.);
#948=ORIENTED_EDGE('',*,*,#1432,.F.);
#949=ORIENTED_EDGE('',*,*,#1433,.T.);
#950=ORIENTED_EDGE('',*,*,#1434,.F.);
#951=ORIENTED_EDGE('',*,*,#1435,.T.);
#952=ORIENTED_EDGE('',*,*,#1436,.T.);
#953=ORIENTED_EDGE('',*,*,#1434,.T.);
#954=ORIENTED_EDGE('',*,*,#1437,.F.);
#955=ORIENTED_EDGE('',*,*,#1438,.F.);
#956=ORIENTED_EDGE('',*,*,#1439,.T.);
#957=ORIENTED_EDGE('',*,*,#1440,.T.);
#958=ORIENTED_EDGE('',*,*,#1438,.T.);
#959=ORIENTED_EDGE('',*,*,#1441,.T.);
#960=ORIENTED_EDGE('',*,*,#1442,.T.);
#961=ORIENTED_EDGE('',*,*,#1443,.T.);
#962=ORIENTED_EDGE('',*,*,#1444,.F.);
#963=ORIENTED_EDGE('',*,*,#1442,.F.);
#964=ORIENTED_EDGE('',*,*,#1445,.T.);
#965=ORIENTED_EDGE('',*,*,#1446,.T.);
#966=ORIENTED_EDGE('',*,*,#1443,.F.);
#967=ORIENTED_EDGE('',*,*,#1447,.T.);
#968=ORIENTED_EDGE('',*,*,#1448,.T.);
#969=ORIENTED_EDGE('',*,*,#1400,.F.);
#970=ORIENTED_EDGE('',*,*,#1449,.F.);
#971=ORIENTED_EDGE('',*,*,#1450,.F.);
#972=ORIENTED_EDGE('',*,*,#1451,.T.);
#973=ORIENTED_EDGE('',*,*,#1452,.F.);
#974=ORIENTED_EDGE('',*,*,#1453,.F.);
#975=ORIENTED_EDGE('',*,*,#1451,.F.);
#976=ORIENTED_EDGE('',*,*,#1454,.F.);
#977=ORIENTED_EDGE('',*,*,#1455,.T.);
#978=ORIENTED_EDGE('',*,*,#1456,.T.);
#979=ORIENTED_EDGE('',*,*,#1457,.F.);
#980=ORIENTED_EDGE('',*,*,#1458,.F.);
#981=ORIENTED_EDGE('',*,*,#1459,.F.);
#982=ORIENTED_EDGE('',*,*,#1455,.F.);
#983=ORIENTED_EDGE('',*,*,#1460,.F.);
#984=ORIENTED_EDGE('',*,*,#1461,.F.);
#985=ORIENTED_EDGE('',*,*,#1458,.T.);
#986=ORIENTED_EDGE('',*,*,#1462,.T.);
#987=ORIENTED_EDGE('',*,*,#1463,.F.);
#988=ORIENTED_EDGE('',*,*,#1460,.T.);
#989=ORIENTED_EDGE('',*,*,#1464,.F.);
#990=ORIENTED_EDGE('',*,*,#1465,.F.);
#991=ORIENTED_EDGE('',*,*,#1466,.T.);
#992=ORIENTED_EDGE('',*,*,#1467,.F.);
#993=ORIENTED_EDGE('',*,*,#1415,.F.);
#994=ORIENTED_EDGE('',*,*,#1468,.T.);
#995=ORIENTED_EDGE('',*,*,#1469,.T.);
#996=ORIENTED_EDGE('',*,*,#1470,.F.);
#997=ORIENTED_EDGE('',*,*,#1402,.F.);
#998=ORIENTED_EDGE('',*,*,#1407,.F.);
#999=ORIENTED_EDGE('',*,*,#1410,.T.);
#1000=ORIENTED_EDGE('',*,*,#1412,.T.);
#1001=ORIENTED_EDGE('',*,*,#1416,.F.);
#1002=ORIENTED_EDGE('',*,*,#1467,.T.);
#1003=ORIENTED_EDGE('',*,*,#1471,.T.);
#1004=ORIENTED_EDGE('',*,*,#1472,.F.);
#1005=ORIENTED_EDGE('',*,*,#1403,.F.);
#1006=ORIENTED_EDGE('',*,*,#1470,.T.);
#1007=ORIENTED_EDGE('',*,*,#1473,.T.);
#1008=ORIENTED_EDGE('',*,*,#1474,.F.);
#1009=ORIENTED_EDGE('',*,*,#1448,.F.);
#1010=ORIENTED_EDGE('',*,*,#1475,.T.);
#1011=ORIENTED_EDGE('',*,*,#1476,.T.);
#1012=ORIENTED_EDGE('',*,*,#1477,.F.);
#1013=ORIENTED_EDGE('',*,*,#1435,.F.);
#1014=ORIENTED_EDGE('',*,*,#1439,.F.);
#1015=ORIENTED_EDGE('',*,*,#1440,.F.);
#1016=ORIENTED_EDGE('',*,*,#1444,.T.);
#1017=ORIENTED_EDGE('',*,*,#1446,.F.);
#1018=ORIENTED_EDGE('',*,*,#1474,.T.);
#1019=ORIENTED_EDGE('',*,*,#1478,.T.);
#1020=ORIENTED_EDGE('',*,*,#1479,.F.);
#1021=ORIENTED_EDGE('',*,*,#1436,.F.);
#1022=ORIENTED_EDGE('',*,*,#1477,.T.);
#1023=ORIENTED_EDGE('',*,*,#1480,.F.);
#1024=ORIENTED_EDGE('',*,*,#1481,.F.);
#1025=ORIENTED_EDGE('',*,*,#1431,.T.);
#1026=ORIENTED_EDGE('',*,*,#1482,.T.);
#1027=ORIENTED_EDGE('',*,*,#1483,.F.);
#1028=ORIENTED_EDGE('',*,*,#1484,.F.);
#1029=ORIENTED_EDGE('',*,*,#1418,.T.);
#1030=ORIENTED_EDGE('',*,*,#1423,.F.);
#1031=ORIENTED_EDGE('',*,*,#1425,.F.);
#1032=ORIENTED_EDGE('',*,*,#1428,.T.);
#1033=ORIENTED_EDGE('',*,*,#1432,.T.);
#1034=ORIENTED_EDGE('',*,*,#1481,.T.);
#1035=ORIENTED_EDGE('',*,*,#1485,.F.);
#1036=ORIENTED_EDGE('',*,*,#1486,.F.);
#1037=ORIENTED_EDGE('',*,*,#1419,.T.);
#1038=ORIENTED_EDGE('',*,*,#1484,.T.);
#1039=ORIENTED_EDGE('',*,*,#1449,.T.);
#1040=ORIENTED_EDGE('',*,*,#1487,.F.);
#1041=ORIENTED_EDGE('',*,*,#1475,.F.);
#1042=ORIENTED_EDGE('',*,*,#1447,.F.);
#1043=ORIENTED_EDGE('',*,*,#1445,.F.);
#1044=ORIENTED_EDGE('',*,*,#1441,.F.);
#1045=ORIENTED_EDGE('',*,*,#1437,.T.);
#1046=ORIENTED_EDGE('',*,*,#1433,.F.);
#1047=ORIENTED_EDGE('',*,*,#1479,.T.);
#1048=ORIENTED_EDGE('',*,*,#1488,.F.);
#1049=ORIENTED_EDGE('',*,*,#1482,.F.);
#1050=ORIENTED_EDGE('',*,*,#1430,.T.);
#1051=ORIENTED_EDGE('',*,*,#1429,.F.);
#1052=ORIENTED_EDGE('',*,*,#1426,.F.);
#1053=ORIENTED_EDGE('',*,*,#1421,.T.);
#1054=ORIENTED_EDGE('',*,*,#1420,.T.);
#1055=ORIENTED_EDGE('',*,*,#1486,.T.);
#1056=ORIENTED_EDGE('',*,*,#1489,.F.);
#1057=ORIENTED_EDGE('',*,*,#1490,.F.);
#1058=ORIENTED_EDGE('',*,*,#1452,.T.);
#1059=ORIENTED_EDGE('',*,*,#1456,.F.);
#1060=ORIENTED_EDGE('',*,*,#1459,.T.);
#1061=ORIENTED_EDGE('',*,*,#1461,.T.);
#1062=ORIENTED_EDGE('',*,*,#1463,.T.);
#1063=ORIENTED_EDGE('',*,*,#1491,.T.);
#1064=ORIENTED_EDGE('',*,*,#1492,.F.);
#1065=ORIENTED_EDGE('',*,*,#1468,.F.);
#1066=ORIENTED_EDGE('',*,*,#1414,.F.);
#1067=ORIENTED_EDGE('',*,*,#1413,.F.);
#1068=ORIENTED_EDGE('',*,*,#1408,.T.);
#1069=ORIENTED_EDGE('',*,*,#1405,.T.);
#1070=ORIENTED_EDGE('',*,*,#1404,.F.);
#1071=ORIENTED_EDGE('',*,*,#1472,.T.);
#1072=ORIENTED_EDGE('',*,*,#1493,.F.);
#1073=ORIENTED_EDGE('',*,*,#1494,.F.);
#1074=ORIENTED_EDGE('',*,*,#1453,.T.);
#1075=ORIENTED_EDGE('',*,*,#1490,.T.);
#1076=ORIENTED_EDGE('',*,*,#1495,.F.);
#1077=ORIENTED_EDGE('',*,*,#1496,.F.);
#1078=ORIENTED_EDGE('',*,*,#1464,.T.);
#1079=ORIENTED_EDGE('',*,*,#1462,.F.);
#1080=ORIENTED_EDGE('',*,*,#1457,.T.);
#1081=ORIENTED_EDGE('',*,*,#1454,.T.);
#1082=ORIENTED_EDGE('',*,*,#1450,.T.);
#1083=ORIENTED_EDGE('',*,*,#1494,.T.);
#1084=ORIENTED_EDGE('',*,*,#1497,.F.);
#1085=ORIENTED_EDGE('',*,*,#1491,.F.);
#1086=ORIENTED_EDGE('',*,*,#1465,.T.);
#1087=ORIENTED_EDGE('',*,*,#1496,.T.);
#1088=ORIENTED_EDGE('',*,*,#1498,.F.);
#1089=ORIENTED_EDGE('',*,*,#1497,.T.);
#1090=ORIENTED_EDGE('',*,*,#1495,.T.);
#1091=ORIENTED_EDGE('',*,*,#1493,.T.);
#1092=ORIENTED_EDGE('',*,*,#1489,.T.);
#1093=ORIENTED_EDGE('',*,*,#1485,.T.);
#1094=ORIENTED_EDGE('',*,*,#1483,.T.);
#1095=ORIENTED_EDGE('',*,*,#1480,.T.);
#1096=ORIENTED_EDGE('',*,*,#1488,.T.);
#1097=ORIENTED_EDGE('',*,*,#1478,.F.);
#1098=ORIENTED_EDGE('',*,*,#1476,.F.);
#1099=ORIENTED_EDGE('',*,*,#1473,.F.);
#1100=ORIENTED_EDGE('',*,*,#1487,.T.);
#1101=ORIENTED_EDGE('',*,*,#1471,.F.);
#1102=ORIENTED_EDGE('',*,*,#1469,.F.);
#1103=ORIENTED_EDGE('',*,*,#1466,.F.);
#1104=ORIENTED_EDGE('',*,*,#1492,.T.);
#1105=ORIENTED_EDGE('',*,*,#1498,.T.);
#1106=ORIENTED_EDGE('',*,*,#1393,.F.);
#1107=ORIENTED_EDGE('',*,*,#1499,.T.);
#1108=ORIENTED_EDGE('',*,*,#1500,.F.);
#1109=ORIENTED_EDGE('',*,*,#1396,.F.);
#1110=ORIENTED_EDGE('',*,*,#1501,.T.);
#1111=ORIENTED_EDGE('',*,*,#1502,.T.);
#1112=ORIENTED_EDGE('',*,*,#1397,.T.);
#1113=ORIENTED_EDGE('',*,*,#1500,.T.);
#1114=ORIENTED_EDGE('',*,*,#1503,.F.);
#1115=ORIENTED_EDGE('',*,*,#1504,.F.);
#1116=ORIENTED_EDGE('',*,*,#1395,.F.);
#1117=ORIENTED_EDGE('',*,*,#1394,.T.);
#1118=ORIENTED_EDGE('',*,*,#1502,.F.);
#1119=ORIENTED_EDGE('',*,*,#1505,.F.);
#1120=ORIENTED_EDGE('',*,*,#1506,.T.);
#1121=ORIENTED_EDGE('',*,*,#1507,.T.);
#1122=ORIENTED_EDGE('',*,*,#1501,.F.);
#1123=ORIENTED_EDGE('',*,*,#1506,.F.);
#1124=ORIENTED_EDGE('',*,*,#1508,.F.);
#1125=ORIENTED_EDGE('',*,*,#1499,.F.);
#1126=ORIENTED_EDGE('',*,*,#1507,.F.);
#1127=ORIENTED_EDGE('',*,*,#1509,.T.);
#1128=ORIENTED_EDGE('',*,*,#1503,.T.);
#1129=ORIENTED_EDGE('',*,*,#1510,.F.);
#1130=ORIENTED_EDGE('',*,*,#1509,.F.);
#1131=ORIENTED_EDGE('',*,*,#1508,.T.);
#1132=ORIENTED_EDGE('',*,*,#1505,.T.);
#1133=ORIENTED_EDGE('',*,*,#1504,.T.);
#1134=ORIENTED_EDGE('',*,*,#1510,.T.);
#1135=ORIENTED_EDGE('',*,*,#1511,.T.);
#1136=ORIENTED_EDGE('',*,*,#1512,.T.);
#1137=ORIENTED_EDGE('',*,*,#1511,.F.);
#1138=ORIENTED_EDGE('',*,*,#1513,.T.);
#1139=ORIENTED_EDGE('',*,*,#1512,.F.);
#1140=ORIENTED_EDGE('',*,*,#1513,.F.);
#1141=ORIENTED_EDGE('',*,*,#1514,.F.);
#1142=ORIENTED_EDGE('',*,*,#1515,.F.);
#1143=ORIENTED_EDGE('',*,*,#1516,.T.);
#1144=ORIENTED_EDGE('',*,*,#1517,.F.);
#1145=ORIENTED_EDGE('',*,*,#1518,.F.);
#1146=ORIENTED_EDGE('',*,*,#1519,.T.);
#1147=ORIENTED_EDGE('',*,*,#1520,.T.);
#1148=ORIENTED_EDGE('',*,*,#1521,.T.);
#1149=ORIENTED_EDGE('',*,*,#1518,.T.);
#1150=ORIENTED_EDGE('',*,*,#1522,.T.);
#1151=ORIENTED_EDGE('',*,*,#1523,.T.);
#1152=ORIENTED_EDGE('',*,*,#1524,.F.);
#1153=ORIENTED_EDGE('',*,*,#1525,.T.);
#1154=ORIENTED_EDGE('',*,*,#1526,.T.);
#1155=ORIENTED_EDGE('',*,*,#1514,.T.);
#1156=ORIENTED_EDGE('',*,*,#1527,.F.);
#1157=ORIENTED_EDGE('',*,*,#1520,.F.);
#1158=ORIENTED_EDGE('',*,*,#1528,.T.);
#1159=ORIENTED_EDGE('',*,*,#1529,.T.);
#1160=ORIENTED_EDGE('',*,*,#1530,.T.);
#1161=ORIENTED_EDGE('',*,*,#1516,.F.);
#1162=ORIENTED_EDGE('',*,*,#1531,.T.);
#1163=ORIENTED_EDGE('',*,*,#1532,.T.);
#1164=ORIENTED_EDGE('',*,*,#1533,.T.);
#1165=ORIENTED_EDGE('',*,*,#1532,.F.);
#1166=ORIENTED_EDGE('',*,*,#1534,.T.);
#1167=ORIENTED_EDGE('',*,*,#1525,.F.);
#1168=ORIENTED_EDGE('',*,*,#1535,.F.);
#1169=ORIENTED_EDGE('',*,*,#1529,.F.);
#1170=ORIENTED_EDGE('',*,*,#1536,.F.);
#1171=ORIENTED_EDGE('',*,*,#1523,.F.);
#1172=ORIENTED_EDGE('',*,*,#1537,.T.);
#1173=ORIENTED_EDGE('',*,*,#1517,.T.);
#1174=ORIENTED_EDGE('',*,*,#1533,.F.);
#1175=ORIENTED_EDGE('',*,*,#1537,.F.);
#1176=ORIENTED_EDGE('',*,*,#1522,.F.);
#1177=ORIENTED_EDGE('',*,*,#1536,.T.);
#1178=ORIENTED_EDGE('',*,*,#1528,.F.);
#1179=ORIENTED_EDGE('',*,*,#1519,.F.);
#1180=ORIENTED_EDGE('',*,*,#1524,.T.);
#1181=ORIENTED_EDGE('',*,*,#1534,.F.);
#1182=ORIENTED_EDGE('',*,*,#1531,.F.);
#1183=ORIENTED_EDGE('',*,*,#1515,.T.);
#1184=ORIENTED_EDGE('',*,*,#1526,.F.);
#1185=ORIENTED_EDGE('',*,*,#1521,.F.);
#1186=ORIENTED_EDGE('',*,*,#1530,.F.);
#1187=ORIENTED_EDGE('',*,*,#1535,.T.);
#1188=ORIENTED_EDGE('',*,*,#1527,.T.);
#1189=ORIENTED_EDGE('',*,*,#1538,.T.);
#1190=ORIENTED_EDGE('',*,*,#1539,.F.);
#1191=ORIENTED_EDGE('',*,*,#1538,.F.);
#1192=ORIENTED_EDGE('',*,*,#1540,.T.);
#1193=ORIENTED_EDGE('',*,*,#1539,.T.);
#1194=ORIENTED_EDGE('',*,*,#1541,.F.);
#1195=ORIENTED_EDGE('',*,*,#1540,.F.);
#1196=ORIENTED_EDGE('',*,*,#1541,.T.);
#1197=EDGE_CURVE('',#1542,#1542,#1780,.F.);
#1198=EDGE_CURVE('',#1543,#1544,#135,.T.);
#1199=EDGE_CURVE('',#1544,#1545,#1781,.T.);
#1200=EDGE_CURVE('',#1545,#1546,#136,.T.);
#1201=EDGE_CURVE('',#1546,#1547,#1782,.T.);
#1202=EDGE_CURVE('',#1547,#1548,#137,.T.);
#1203=EDGE_CURVE('',#1548,#1549,#1783,.T.);
#1204=EDGE_CURVE('',#1549,#1550,#138,.T.);
#1205=EDGE_CURVE('',#1550,#1551,#1784,.T.);
#1206=EDGE_CURVE('',#1551,#1552,#139,.T.);
#1207=EDGE_CURVE('',#1552,#1553,#1785,.T.);
#1208=EDGE_CURVE('',#1553,#1554,#140,.T.);
#1209=EDGE_CURVE('',#1554,#1555,#1786,.T.);
#1210=EDGE_CURVE('',#1555,#1556,#141,.T.);
#1211=EDGE_CURVE('',#1556,#1557,#1787,.T.);
#1212=EDGE_CURVE('',#1557,#1558,#142,.T.);
#1213=EDGE_CURVE('',#1558,#1559,#1788,.T.);
#1214=EDGE_CURVE('',#1559,#1560,#143,.T.);
#1215=EDGE_CURVE('',#1560,#1561,#1789,.T.);
#1216=EDGE_CURVE('',#1561,#1562,#144,.T.);
#1217=EDGE_CURVE('',#1562,#1563,#1790,.T.);
#1218=EDGE_CURVE('',#1563,#1564,#145,.T.);
#1219=EDGE_CURVE('',#1564,#1565,#1791,.T.);
#1220=EDGE_CURVE('',#1565,#1566,#146,.T.);
#1221=EDGE_CURVE('',#1566,#1567,#1792,.T.);
#1222=EDGE_CURVE('',#1567,#1568,#147,.T.);
#1223=EDGE_CURVE('',#1568,#1569,#1793,.T.);
#1224=EDGE_CURVE('',#1569,#1570,#148,.T.);
#1225=EDGE_CURVE('',#1570,#1571,#1794,.T.);
#1226=EDGE_CURVE('',#1571,#1572,#149,.T.);
#1227=EDGE_CURVE('',#1572,#1573,#1795,.T.);
#1228=EDGE_CURVE('',#1573,#1574,#150,.T.);
#1229=EDGE_CURVE('',#1574,#1575,#1796,.T.);
#1230=EDGE_CURVE('',#1575,#1576,#151,.T.);
#1231=EDGE_CURVE('',#1576,#1577,#1797,.T.);
#1232=EDGE_CURVE('',#1577,#1578,#152,.T.);
#1233=EDGE_CURVE('',#1578,#1579,#1798,.T.);
#1234=EDGE_CURVE('',#1579,#1580,#153,.T.);
#1235=EDGE_CURVE('',#1580,#1581,#1799,.T.);
#1236=EDGE_CURVE('',#1581,#1582,#154,.T.);
#1237=EDGE_CURVE('',#1582,#1543,#1800,.T.);
#1238=EDGE_CURVE('',#1583,#1583,#1801,.T.);
#1239=EDGE_CURVE('',#1584,#1585,#1802,.T.);
#1240=EDGE_CURVE('',#1586,#1584,#155,.T.);
#1241=EDGE_CURVE('',#1587,#1586,#1803,.T.);
#1242=EDGE_CURVE('',#1588,#1587,#156,.T.);
#1243=EDGE_CURVE('',#1589,#1588,#1804,.T.);
#1244=EDGE_CURVE('',#1590,#1589,#157,.T.);
#1245=EDGE_CURVE('',#1591,#1590,#1805,.T.);
#1246=EDGE_CURVE('',#1592,#1591,#158,.T.);
#1247=EDGE_CURVE('',#1593,#1592,#1806,.T.);
#1248=EDGE_CURVE('',#1594,#1593,#159,.T.);
#1249=EDGE_CURVE('',#1595,#1594,#1807,.T.);
#1250=EDGE_CURVE('',#1596,#1595,#160,.T.);
#1251=EDGE_CURVE('',#1597,#1596,#1808,.T.);
#1252=EDGE_CURVE('',#1598,#1597,#161,.T.);
#1253=EDGE_CURVE('',#1599,#1598,#1809,.T.);
#1254=EDGE_CURVE('',#1600,#1599,#162,.T.);
#1255=EDGE_CURVE('',#1601,#1600,#1810,.T.);
#1256=EDGE_CURVE('',#1602,#1601,#163,.T.);
#1257=EDGE_CURVE('',#1603,#1602,#1811,.T.);
#1258=EDGE_CURVE('',#1604,#1603,#164,.T.);
#1259=EDGE_CURVE('',#1605,#1604,#1812,.T.);
#1260=EDGE_CURVE('',#1606,#1605,#165,.T.);
#1261=EDGE_CURVE('',#1607,#1606,#1813,.T.);
#1262=EDGE_CURVE('',#1608,#1607,#166,.T.);
#1263=EDGE_CURVE('',#1609,#1608,#1814,.T.);
#1264=EDGE_CURVE('',#1610,#1609,#167,.T.);
#1265=EDGE_CURVE('',#1611,#1610,#1815,.T.);
#1266=EDGE_CURVE('',#1612,#1611,#168,.T.);
#1267=EDGE_CURVE('',#1613,#1612,#1816,.T.);
#1268=EDGE_CURVE('',#1614,#1613,#169,.T.);
#1269=EDGE_CURVE('',#1615,#1614,#1817,.T.);
#1270=EDGE_CURVE('',#1616,#1615,#170,.T.);
#1271=EDGE_CURVE('',#1617,#1616,#1818,.T.);
#1272=EDGE_CURVE('',#1618,#1617,#171,.T.);
#1273=EDGE_CURVE('',#1619,#1618,#1819,.T.);
#1274=EDGE_CURVE('',#1620,#1619,#172,.T.);
#1275=EDGE_CURVE('',#1621,#1620,#1820,.T.);
#1276=EDGE_CURVE('',#1622,#1621,#173,.T.);
#1277=EDGE_CURVE('',#1623,#1622,#1821,.T.);
#1278=EDGE_CURVE('',#1585,#1623,#174,.T.);
#1279=EDGE_CURVE('',#1586,#1543,#175,.T.);
#1280=EDGE_CURVE('',#1587,#1582,#176,.T.);
#1281=EDGE_CURVE('',#1623,#1546,#177,.T.);
#1282=EDGE_CURVE('',#1622,#1547,#178,.T.);
#1283=EDGE_CURVE('',#1590,#1579,#179,.T.);
#1284=EDGE_CURVE('',#1591,#1578,#180,.T.);
#1285=EDGE_CURVE('',#1594,#1575,#181,.T.);
#1286=EDGE_CURVE('',#1595,#1574,#182,.T.);
#1287=EDGE_CURVE('',#1598,#1571,#183,.T.);
#1288=EDGE_CURVE('',#1599,#1570,#184,.T.);
#1289=EDGE_CURVE('',#1602,#1567,#185,.T.);
#1290=EDGE_CURVE('',#1603,#1566,#186,.T.);
#1291=EDGE_CURVE('',#1606,#1563,#187,.T.);
#1292=EDGE_CURVE('',#1607,#1562,#188,.T.);
#1293=EDGE_CURVE('',#1610,#1559,#189,.T.);
#1294=EDGE_CURVE('',#1611,#1558,#190,.T.);
#1295=EDGE_CURVE('',#1614,#1555,#191,.T.);
#1296=EDGE_CURVE('',#1615,#1554,#192,.T.);
#1297=EDGE_CURVE('',#1618,#1551,#193,.T.);
#1298=EDGE_CURVE('',#1619,#1550,#194,.T.);
#1299=EDGE_CURVE('',#1624,#1624,#1822,.F.);
#1300=EDGE_CURVE('',#1625,#1625,#1823,.T.);
#1301=EDGE_CURVE('',#1621,#1548,#195,.T.);
#1302=EDGE_CURVE('',#1620,#1549,#196,.T.);
#1303=EDGE_CURVE('',#1617,#1552,#197,.T.);
#1304=EDGE_CURVE('',#1616,#1553,#198,.T.);
#1305=EDGE_CURVE('',#1613,#1556,#199,.T.);
#1306=EDGE_CURVE('',#1612,#1557,#200,.T.);
#1307=EDGE_CURVE('',#1609,#1560,#201,.T.);
#1308=EDGE_CURVE('',#1608,#1561,#202,.T.);
#1309=EDGE_CURVE('',#1605,#1564,#203,.T.);
#1310=EDGE_CURVE('',#1604,#1565,#204,.T.);
#1311=EDGE_CURVE('',#1601,#1568,#205,.T.);
#1312=EDGE_CURVE('',#1600,#1569,#206,.T.);
#1313=EDGE_CURVE('',#1597,#1572,#207,.T.);
#1314=EDGE_CURVE('',#1596,#1573,#208,.T.);
#1315=EDGE_CURVE('',#1593,#1576,#209,.T.);
#1316=EDGE_CURVE('',#1592,#1577,#210,.T.);
#1317=EDGE_CURVE('',#1589,#1580,#211,.T.);
#1318=EDGE_CURVE('',#1588,#1581,#212,.T.);
#1319=EDGE_CURVE('',#1584,#1544,#213,.T.);
#1320=EDGE_CURVE('',#1585,#1545,#214,.T.);
#1321=EDGE_CURVE('',#1626,#1626,#1824,.F.);
#1322=EDGE_CURVE('',#1627,#1628,#1825,.F.);
#1323=EDGE_CURVE('',#1627,#1629,#215,.T.);
#1324=EDGE_CURVE('',#1630,#1629,#1826,.F.);
#1325=EDGE_CURVE('',#1630,#1631,#216,.T.);
#1326=EDGE_CURVE('',#1632,#1631,#1827,.F.);
#1327=EDGE_CURVE('',#1632,#1633,#217,.T.);
#1328=EDGE_CURVE('',#1634,#1633,#1828,.F.);
#1329=EDGE_CURVE('',#1634,#1635,#218,.T.);
#1330=EDGE_CURVE('',#1636,#1635,#1829,.F.);
#1331=EDGE_CURVE('',#1636,#1637,#219,.T.);
#1332=EDGE_CURVE('',#1638,#1637,#1830,.F.);
#1333=EDGE_CURVE('',#1638,#1628,#220,.T.);
#1334=EDGE_CURVE('',#1639,#1639,#1831,.T.);
#1335=EDGE_CURVE('',#1640,#1641,#221,.T.);
#1336=EDGE_CURVE('',#1640,#1642,#1832,.F.);
#1337=EDGE_CURVE('',#1643,#1642,#222,.T.);
#1338=EDGE_CURVE('',#1643,#1644,#1833,.F.);
#1339=EDGE_CURVE('',#1645,#1644,#223,.T.);
#1340=EDGE_CURVE('',#1645,#1646,#1834,.F.);
#1341=EDGE_CURVE('',#1647,#1646,#224,.T.);
#1342=EDGE_CURVE('',#1647,#1648,#1835,.F.);
#1343=EDGE_CURVE('',#1649,#1648,#225,.T.);
#1344=EDGE_CURVE('',#1649,#1650,#1836,.F.);
#1345=EDGE_CURVE('',#1651,#1650,#226,.T.);
#1346=EDGE_CURVE('',#1651,#1641,#1837,.F.);
#1347=EDGE_CURVE('',#1652,#1653,#1838,.F.);
#1348=EDGE_CURVE('',#1653,#1654,#41,.T.);
#1349=EDGE_CURVE('',#1655,#1654,#1839,.T.);
#1350=EDGE_CURVE('',#1655,#1652,#42,.T.);
#1351=EDGE_CURVE('',#1656,#1657,#1840,.F.);
#1352=EDGE_CURVE('',#1656,#1658,#43,.T.);
#1353=EDGE_CURVE('',#1658,#1659,#1841,.F.);
#1354=EDGE_CURVE('',#1659,#1657,#44,.T.);
#1355=EDGE_CURVE('',#1660,#1661,#227,.T.);
#1356=EDGE_CURVE('',#1660,#1633,#45,.T.);
#1357=EDGE_CURVE('',#1632,#1662,#46,.T.);
#1358=EDGE_CURVE('',#1662,#1663,#228,.T.);
#1359=EDGE_CURVE('',#1663,#1649,#47,.T.);
#1360=EDGE_CURVE('',#1648,#1661,#48,.T.);
#1361=EDGE_CURVE('',#1634,#1660,#49,.T.);
#1362=EDGE_CURVE('',#1661,#1647,#50,.T.);
#1363=EDGE_CURVE('',#1646,#1664,#51,.T.);
#1364=EDGE_CURVE('',#1665,#1664,#229,.T.);
#1365=EDGE_CURVE('',#1665,#1635,#52,.T.);
#1366=EDGE_CURVE('',#1666,#1667,#230,.T.);
#1367=EDGE_CURVE('',#1666,#1637,#53,.T.);
#1368=EDGE_CURVE('',#1636,#1665,#54,.T.);
#1369=EDGE_CURVE('',#1664,#1645,#55,.T.);
#1370=EDGE_CURVE('',#1644,#1667,#56,.T.);
#1371=EDGE_CURVE('',#1668,#1669,#231,.T.);
#1372=EDGE_CURVE('',#1668,#1628,#57,.T.);
#1373=EDGE_CURVE('',#1638,#1666,#58,.T.);
#1374=EDGE_CURVE('',#1667,#1643,#59,.T.);
#1375=EDGE_CURVE('',#1642,#1669,#60,.T.);
#1376=EDGE_CURVE('',#1627,#1668,#61,.T.);
#1377=EDGE_CURVE('',#1669,#1640,#62,.T.);
#1378=EDGE_CURVE('',#1641,#1670,#63,.T.);
#1379=EDGE_CURVE('',#1671,#1670,#232,.T.);
#1380=EDGE_CURVE('',#1671,#1629,#64,.T.);
#1381=EDGE_CURVE('',#1662,#1631,#65,.T.);
#1382=EDGE_CURVE('',#1630,#1671,#66,.T.);
#1383=EDGE_CURVE('',#1670,#1651,#67,.T.);
#1384=EDGE_CURVE('',#1650,#1663,#68,.T.);
#1385=EDGE_CURVE('',#1656,#1654,#33,.F.);
#1386=EDGE_CURVE('',#1655,#1657,#34,.T.);
#1387=EDGE_CURVE('',#1652,#1659,#35,.T.);
#1388=EDGE_CURVE('',#1653,#1658,#36,.T.);
#1389=EDGE_CURVE('',#1672,#1672,#1842,.T.);
#1390=EDGE_CURVE('',#1673,#1673,#1843,.T.);
#1391=EDGE_CURVE('',#1674,#1674,#1844,.T.);
#1392=EDGE_CURVE('',#1675,#1675,#1845,.T.);
#1393=EDGE_CURVE('',#1676,#1676,#1846,.T.);
#1394=EDGE_CURVE('',#1677,#1678,#1847,.T.);
#1395=EDGE_CURVE('',#1677,#1679,#69,.F.);
#1396=EDGE_CURVE('',#1679,#1680,#1848,.T.);
#1397=EDGE_CURVE('',#1678,#1680,#70,.F.);
#1398=EDGE_CURVE('',#1681,#1681,#1849,.T.);
#1399=EDGE_CURVE('',#1682,#1682,#1850,.F.);
#1400=EDGE_CURVE('',#1683,#1683,#1851,.F.);
#1401=EDGE_CURVE('',#1684,#1685,#233,.T.);
#1402=EDGE_CURVE('',#1685,#1686,#234,.T.);
#1403=EDGE_CURVE('',#1686,#1687,#235,.T.);
#1404=EDGE_CURVE('',#1687,#1684,#1852,.T.);
#1405=EDGE_CURVE('',#1688,#1684,#236,.T.);
#1406=EDGE_CURVE('',#1688,#1689,#237,.T.);
#1407=EDGE_CURVE('',#1689,#1685,#238,.T.);
#1408=EDGE_CURVE('',#1690,#1688,#1853,.T.);
#1409=EDGE_CURVE('',#1691,#1690,#239,.T.);
#1410=EDGE_CURVE('',#1689,#1691,#240,.T.);
#1411=EDGE_CURVE('',#1692,#1693,#241,.T.);
#1412=EDGE_CURVE('',#1691,#1692,#242,.T.);
#1413=EDGE_CURVE('',#1690,#1693,#243,.T.);
#1414=EDGE_CURVE('',#1693,#1694,#1854,.T.);
#1415=EDGE_CURVE('',#1694,#1695,#244,.T.);
#1416=EDGE_CURVE('',#1695,#1692,#245,.T.);
#1417=EDGE_CURVE('',#1696,#1697,#246,.T.);
#1418=EDGE_CURVE('',#1698,#1696,#247,.T.);
#1419=EDGE_CURVE('',#1699,#1698,#248,.T.);
#1420=EDGE_CURVE('',#1697,#1699,#1855,.T.);
#1421=EDGE_CURVE('',#1700,#1697,#249,.T.);
#1422=EDGE_CURVE('',#1701,#1700,#250,.T.);
#1423=EDGE_CURVE('',#1701,#1696,#251,.T.);
#1424=EDGE_CURVE('',#1702,#1703,#252,.T.);
#1425=EDGE_CURVE('',#1703,#1701,#253,.T.);
#1426=EDGE_CURVE('',#1700,#1702,#1856,.T.);
#1427=EDGE_CURVE('',#1704,#1705,#254,.T.);
#1428=EDGE_CURVE('',#1703,#1705,#255,.T.);
#1429=EDGE_CURVE('',#1702,#1704,#256,.T.);
#1430=EDGE_CURVE('',#1706,#1704,#1857,.T.);
#1431=EDGE_CURVE('',#1707,#1706,#257,.T.);
#1432=EDGE_CURVE('',#1705,#1707,#258,.T.);
#1433=EDGE_CURVE('',#1708,#1709,#1858,.T.);
#1434=EDGE_CURVE('',#1710,#1709,#259,.T.);
#1435=EDGE_CURVE('',#1710,#1711,#260,.T.);
#1436=EDGE_CURVE('',#1711,#1708,#261,.T.);
#1437=EDGE_CURVE('',#1712,#1709,#262,.T.);
#1438=EDGE_CURVE('',#1713,#1712,#263,.T.);
#1439=EDGE_CURVE('',#1713,#1710,#264,.T.);
#1440=EDGE_CURVE('',#1714,#1713,#265,.T.);
#1441=EDGE_CURVE('',#1712,#1715,#1859,.T.);
#1442=EDGE_CURVE('',#1715,#1714,#266,.T.);
#1443=EDGE_CURVE('',#1716,#1717,#267,.T.);
#1444=EDGE_CURVE('',#1714,#1717,#268,.T.);
#1445=EDGE_CURVE('',#1715,#1716,#269,.T.);
#1446=EDGE_CURVE('',#1718,#1717,#270,.T.);
#1447=EDGE_CURVE('',#1716,#1719,#1860,.T.);
#1448=EDGE_CURVE('',#1719,#1718,#271,.T.);
#1449=EDGE_CURVE('',#1720,#1720,#1861,.T.);
#1450=EDGE_CURVE('',#1721,#1722,#272,.T.);
#1451=EDGE_CURVE('',#1721,#1723,#273,.T.);
#1452=EDGE_CURVE('',#1724,#1723,#1862,.T.);
#1453=EDGE_CURVE('',#1722,#1724,#274,.T.);
#1454=EDGE_CURVE('',#1725,#1721,#275,.T.);
#1455=EDGE_CURVE('',#1725,#1726,#276,.T.);
#1456=EDGE_CURVE('',#1726,#1723,#277,.T.);
#1457=EDGE_CURVE('',#1727,#1725,#278,.T.);
#1458=EDGE_CURVE('',#1728,#1727,#279,.T.);
#1459=EDGE_CURVE('',#1726,#1728,#1863,.T.);
#1460=EDGE_CURVE('',#1729,#1730,#280,.T.);
#1461=EDGE_CURVE('',#1728,#1729,#281,.T.);
#1462=EDGE_CURVE('',#1727,#1730,#282,.T.);
#1463=EDGE_CURVE('',#1729,#1731,#1864,.T.);
#1464=EDGE_CURVE('',#1732,#1730,#283,.T.);
#1465=EDGE_CURVE('',#1731,#1732,#284,.T.);
#1466=EDGE_CURVE('',#1733,#1734,#285,.T.);
#1467=EDGE_CURVE('',#1695,#1734,#286,.T.);
#1468=EDGE_CURVE('',#1694,#1733,#287,.T.);
#1469=EDGE_CURVE('',#1734,#1735,#288,.T.);
#1470=EDGE_CURVE('',#1686,#1735,#289,.T.);
#1471=EDGE_CURVE('',#1735,#1736,#290,.T.);
#1472=EDGE_CURVE('',#1687,#1736,#291,.T.);
#1473=EDGE_CURVE('',#1737,#1738,#292,.T.);
#1474=EDGE_CURVE('',#1718,#1738,#293,.T.);
#1475=EDGE_CURVE('',#1719,#1737,#294,.T.);
#1476=EDGE_CURVE('',#1738,#1739,#295,.T.);
#1477=EDGE_CURVE('',#1711,#1739,#296,.T.);
#1478=EDGE_CURVE('',#1739,#1740,#297,.T.);
#1479=EDGE_CURVE('',#1708,#1740,#298,.T.);
#1480=EDGE_CURVE('',#1741,#1742,#299,.T.);
#1481=EDGE_CURVE('',#1707,#1741,#300,.T.);
#1482=EDGE_CURVE('',#1706,#1742,#301,.T.);
#1483=EDGE_CURVE('',#1743,#1741,#302,.T.);
#1484=EDGE_CURVE('',#1698,#1743,#303,.T.);
#1485=EDGE_CURVE('',#1744,#1743,#304,.T.);
#1486=EDGE_CURVE('',#1699,#1744,#305,.T.);
#1487=EDGE_CURVE('',#1737,#1736,#1865,.T.);
#1488=EDGE_CURVE('',#1742,#1740,#1866,.T.);
#1489=EDGE_CURVE('',#1745,#1744,#1867,.T.);
#1490=EDGE_CURVE('',#1724,#1745,#306,.T.);
#1491=EDGE_CURVE('',#1731,#1746,#307,.T.);
#1492=EDGE_CURVE('',#1733,#1746,#1868,.T.);
#1493=EDGE_CURVE('',#1747,#1745,#308,.T.);
#1494=EDGE_CURVE('',#1722,#1747,#309,.T.);
#1495=EDGE_CURVE('',#1748,#1747,#310,.T.);
#1496=EDGE_CURVE('',#1732,#1748,#311,.T.);
#1497=EDGE_CURVE('',#1746,#1748,#312,.T.);
#1498=EDGE_CURVE('',#1749,#1749,#1869,.T.);
#1499=EDGE_CURVE('',#1750,#1751,#1870,.F.);
#1500=EDGE_CURVE('',#1680,#1751,#71,.T.);
#1501=EDGE_CURVE('',#1679,#1750,#72,.T.);
#1502=EDGE_CURVE('',#1752,#1678,#37,.T.);
#1503=EDGE_CURVE('',#1753,#1751,#38,.T.);
#1504=EDGE_CURVE('',#1752,#1753,#73,.T.);
#1505=EDGE_CURVE('',#1754,#1752,#1871,.F.);
#1506=EDGE_CURVE('',#1754,#1679,#39,.T.);
#1507=EDGE_CURVE('',#1755,#1750,#40,.T.);
#1508=EDGE_CURVE('',#1755,#1754,#74,.T.);
#1509=EDGE_CURVE('',#1755,#1753,#1872,.T.);
#1510=EDGE_CURVE('',#1756,#1756,#1873,.F.);
#1511=EDGE_CURVE('',#1757,#1757,#1874,.T.);
#1512=EDGE_CURVE('',#1758,#1758,#1875,.T.);
#1513=EDGE_CURVE('',#1759,#1759,#1876,.T.);
#1514=EDGE_CURVE('',#1760,#1761,#1877,.T.);
#1515=EDGE_CURVE('',#1762,#1760,#313,.T.);
#1516=EDGE_CURVE('',#1762,#1763,#1878,.T.);
#1517=EDGE_CURVE('',#1764,#1763,#314,.T.);
#1518=EDGE_CURVE('',#1765,#1764,#1879,.T.);
#1519=EDGE_CURVE('',#1765,#1766,#315,.T.);
#1520=EDGE_CURVE('',#1766,#1767,#1880,.T.);
#1521=EDGE_CURVE('',#1767,#1761,#316,.T.);
#1522=EDGE_CURVE('',#1764,#1768,#19,.F.);
#1523=EDGE_CURVE('',#1768,#1769,#1881,.T.);
#1524=EDGE_CURVE('',#1765,#1769,#20,.T.);
#1525=EDGE_CURVE('',#1770,#1771,#1882,.T.);
#1526=EDGE_CURVE('',#1771,#1760,#21,.F.);
#1527=EDGE_CURVE('',#1770,#1761,#22,.T.);
#1528=EDGE_CURVE('',#1766,#1772,#23,.T.);
#1529=EDGE_CURVE('',#1772,#1773,#1883,.T.);
#1530=EDGE_CURVE('',#1773,#1767,#24,.T.);
#1531=EDGE_CURVE('',#1762,#1774,#25,.T.);
#1532=EDGE_CURVE('',#1774,#1775,#1884,.T.);
#1533=EDGE_CURVE('',#1775,#1763,#26,.T.);
#1534=EDGE_CURVE('',#1774,#1771,#317,.T.);
#1535=EDGE_CURVE('',#1773,#1770,#318,.T.);
#1536=EDGE_CURVE('',#1769,#1772,#319,.T.);
#1537=EDGE_CURVE('',#1768,#1775,#320,.T.);
#1538=EDGE_CURVE('',#1776,#1776,#1885,.T.);
#1539=EDGE_CURVE('',#1777,#1777,#1886,.T.);
#1540=EDGE_CURVE('',#1778,#1778,#1887,.T.);
#1541=EDGE_CURVE('',#1779,#1779,#1888,.T.);
#1542=VERTEX_POINT('',#3875);
#1543=VERTEX_POINT('',#3877);
#1544=VERTEX_POINT('',#3878);
#1545=VERTEX_POINT('',#3880);
#1546=VERTEX_POINT('',#3882);
#1547=VERTEX_POINT('',#3884);
#1548=VERTEX_POINT('',#3886);
#1549=VERTEX_POINT('',#3888);
#1550=VERTEX_POINT('',#3890);
#1551=VERTEX_POINT('',#3892);
#1552=VERTEX_POINT('',#3894);
#1553=VERTEX_POINT('',#3896);
#1554=VERTEX_POINT('',#3898);
#1555=VERTEX_POINT('',#3900);
#1556=VERTEX_POINT('',#3902);
#1557=VERTEX_POINT('',#3904);
#1558=VERTEX_POINT('',#3906);
#1559=VERTEX_POINT('',#3908);
#1560=VERTEX_POINT('',#3910);
#1561=VERTEX_POINT('',#3912);
#1562=VERTEX_POINT('',#3914);
#1563=VERTEX_POINT('',#3916);
#1564=VERTEX_POINT('',#3918);
#1565=VERTEX_POINT('',#3920);
#1566=VERTEX_POINT('',#3922);
#1567=VERTEX_POINT('',#3924);
#1568=VERTEX_POINT('',#3926);
#1569=VERTEX_POINT('',#3928);
#1570=VERTEX_POINT('',#3930);
#1571=VERTEX_POINT('',#3932);
#1572=VERTEX_POINT('',#3934);
#1573=VERTEX_POINT('',#3936);
#1574=VERTEX_POINT('',#3938);
#1575=VERTEX_POINT('',#3940);
#1576=VERTEX_POINT('',#3942);
#1577=VERTEX_POINT('',#3944);
#1578=VERTEX_POINT('',#3946);
#1579=VERTEX_POINT('',#3948);
#1580=VERTEX_POINT('',#3950);
#1581=VERTEX_POINT('',#3952);
#1582=VERTEX_POINT('',#3954);
#1583=VERTEX_POINT('',#3958);
#1584=VERTEX_POINT('',#3960);
#1585=VERTEX_POINT('',#3961);
#1586=VERTEX_POINT('',#3963);
#1587=VERTEX_POINT('',#3965);
#1588=VERTEX_POINT('',#3967);
#1589=VERTEX_POINT('',#3969);
#1590=VERTEX_POINT('',#3971);
#1591=VERTEX_POINT('',#3973);
#1592=VERTEX_POINT('',#3975);
#1593=VERTEX_POINT('',#3977);
#1594=VERTEX_POINT('',#3979);
#1595=VERTEX_POINT('',#3981);
#1596=VERTEX_POINT('',#3983);
#1597=VERTEX_POINT('',#3985);
#1598=VERTEX_POINT('',#3987);
#1599=VERTEX_POINT('',#3989);
#1600=VERTEX_POINT('',#3991);
#1601=VERTEX_POINT('',#3993);
#1602=VERTEX_POINT('',#3995);
#1603=VERTEX_POINT('',#3997);
#1604=VERTEX_POINT('',#3999);
#1605=VERTEX_POINT('',#4001);
#1606=VERTEX_POINT('',#4003);
#1607=VERTEX_POINT('',#4005);
#1608=VERTEX_POINT('',#4007);
#1609=VERTEX_POINT('',#4009);
#1610=VERTEX_POINT('',#4011);
#1611=VERTEX_POINT('',#4013);
#1612=VERTEX_POINT('',#4015);
#1613=VERTEX_POINT('',#4017);
#1614=VERTEX_POINT('',#4019);
#1615=VERTEX_POINT('',#4021);
#1616=VERTEX_POINT('',#4023);
#1617=VERTEX_POINT('',#4025);
#1618=VERTEX_POINT('',#4027);
#1619=VERTEX_POINT('',#4029);
#1620=VERTEX_POINT('',#4031);
#1621=VERTEX_POINT('',#4033);
#1622=VERTEX_POINT('',#4035);
#1623=VERTEX_POINT('',#4037);
#1624=VERTEX_POINT('',#4071);
#1625=VERTEX_POINT('',#4073);
#1626=VERTEX_POINT('',#4128);
#1627=VERTEX_POINT('',#4130);
#1628=VERTEX_POINT('',#4131);
#1629=VERTEX_POINT('',#4133);
#1630=VERTEX_POINT('',#4135);
#1631=VERTEX_POINT('',#4137);
#1632=VERTEX_POINT('',#4139);
#1633=VERTEX_POINT('',#4141);
#1634=VERTEX_POINT('',#4143);
#1635=VERTEX_POINT('',#4145);
#1636=VERTEX_POINT('',#4147);
#1637=VERTEX_POINT('',#4149);
#1638=VERTEX_POINT('',#4151);
#1639=VERTEX_POINT('',#4155);
#1640=VERTEX_POINT('',#4157);
#1641=VERTEX_POINT('',#4158);
#1642=VERTEX_POINT('',#4160);
#1643=VERTEX_POINT('',#4162);
#1644=VERTEX_POINT('',#4164);
#1645=VERTEX_POINT('',#4166);
#1646=VERTEX_POINT('',#4168);
#1647=VERTEX_POINT('',#4170);
#1648=VERTEX_POINT('',#4172);
#1649=VERTEX_POINT('',#4174);
#1650=VERTEX_POINT('',#4176);
#1651=VERTEX_POINT('',#4178);
#1652=VERTEX_POINT('',#4182);
#1653=VERTEX_POINT('',#4183);
#1654=VERTEX_POINT('',#4188);
#1655=VERTEX_POINT('',#4190);
#1656=VERTEX_POINT('',#4202);
#1657=VERTEX_POINT('',#4203);
#1658=VERTEX_POINT('',#4211);
#1659=VERTEX_POINT('',#4213);
#1660=VERTEX_POINT('',#4220);
#1661=VERTEX_POINT('',#4221);
#1662=VERTEX_POINT('',#4230);
#1663=VERTEX_POINT('',#4232);
#1664=VERTEX_POINT('',#4254);
#1665=VERTEX_POINT('',#4256);
#1666=VERTEX_POINT('',#4263);
#1667=VERTEX_POINT('',#4264);
#1668=VERTEX_POINT('',#4283);
#1669=VERTEX_POINT('',#4284);
#1670=VERTEX_POINT('',#4314);
#1671=VERTEX_POINT('',#4316);
#1672=VERTEX_POINT('',#4882);
#1673=VERTEX_POINT('',#4884);
#1674=VERTEX_POINT('',#4887);
#1675=VERTEX_POINT('',#4889);
#1676=VERTEX_POINT('',#4894);
#1677=VERTEX_POINT('',#4897);
#1678=VERTEX_POINT('',#4898);
#1679=VERTEX_POINT('',#4903);
#1680=VERTEX_POINT('',#4905);
#1681=VERTEX_POINT('',#4911);
#1682=VERTEX_POINT('',#4914);
#1683=VERTEX_POINT('',#4917);
#1684=VERTEX_POINT('',#4920);
#1685=VERTEX_POINT('',#4921);
#1686=VERTEX_POINT('',#4923);
#1687=VERTEX_POINT('',#4925);
#1688=VERTEX_POINT('',#4929);
#1689=VERTEX_POINT('',#4931);
#1690=VERTEX_POINT('',#4935);
#1691=VERTEX_POINT('',#4937);
#1692=VERTEX_POINT('',#4941);
#1693=VERTEX_POINT('',#4942);
#1694=VERTEX_POINT('',#4947);
#1695=VERTEX_POINT('',#4949);
#1696=VERTEX_POINT('',#4953);
#1697=VERTEX_POINT('',#4954);
#1698=VERTEX_POINT('',#4956);
#1699=VERTEX_POINT('',#4958);
#1700=VERTEX_POINT('',#4962);
#1701=VERTEX_POINT('',#4964);
#1702=VERTEX_POINT('',#4968);
#1703=VERTEX_POINT('',#4969);
#1704=VERTEX_POINT('',#4974);
#1705=VERTEX_POINT('',#4975);
#1706=VERTEX_POINT('',#4980);
#1707=VERTEX_POINT('',#4982);
#1708=VERTEX_POINT('',#4986);
#1709=VERTEX_POINT('',#4987);
#1710=VERTEX_POINT('',#4989);
#1711=VERTEX_POINT('',#4991);
#1712=VERTEX_POINT('',#4995);
#1713=VERTEX_POINT('',#4997);
#1714=VERTEX_POINT('',#5001);
#1715=VERTEX_POINT('',#5003);
#1716=VERTEX_POINT('',#5007);
#1717=VERTEX_POINT('',#5008);
#1718=VERTEX_POINT('',#5013);
#1719=VERTEX_POINT('',#5015);
#1720=VERTEX_POINT('',#5019);
#1721=VERTEX_POINT('',#5022);
#1722=VERTEX_POINT('',#5023);
#1723=VERTEX_POINT('',#5025);
#1724=VERTEX_POINT('',#5027);
#1725=VERTEX_POINT('',#5031);
#1726=VERTEX_POINT('',#5033);
#1727=VERTEX_POINT('',#5037);
#1728=VERTEX_POINT('',#5039);
#1729=VERTEX_POINT('',#5043);
#1730=VERTEX_POINT('',#5044);
#1731=VERTEX_POINT('',#5049);
#1732=VERTEX_POINT('',#5051);
#1733=VERTEX_POINT('',#5055);
#1734=VERTEX_POINT('',#5056);
#1735=VERTEX_POINT('',#5061);
#1736=VERTEX_POINT('',#5065);
#1737=VERTEX_POINT('',#5069);
#1738=VERTEX_POINT('',#5070);
#1739=VERTEX_POINT('',#5075);
#1740=VERTEX_POINT('',#5079);
#1741=VERTEX_POINT('',#5083);
#1742=VERTEX_POINT('',#5084);
#1743=VERTEX_POINT('',#5089);
#1744=VERTEX_POINT('',#5093);
#1745=VERTEX_POINT('',#5099);
#1746=VERTEX_POINT('',#5102);
#1747=VERTEX_POINT('',#5106);
#1748=VERTEX_POINT('',#5110);
#1749=VERTEX_POINT('',#5116);
#1750=VERTEX_POINT('',#5120);
#1751=VERTEX_POINT('',#5121);
#1752=VERTEX_POINT('',#6067);
#1753=VERTEX_POINT('',#6393);
#1754=VERTEX_POINT('',#6401);
#1755=VERTEX_POINT('',#7654);
#1756=VERTEX_POINT('',#7670);
#1757=VERTEX_POINT('',#7673);
#1758=VERTEX_POINT('',#7676);
#1759=VERTEX_POINT('',#7679);
#1760=VERTEX_POINT('',#7682);
#1761=VERTEX_POINT('',#7683);
#1762=VERTEX_POINT('',#7685);
#1763=VERTEX_POINT('',#7687);
#1764=VERTEX_POINT('',#7689);
#1765=VERTEX_POINT('',#7691);
#1766=VERTEX_POINT('',#7693);
#1767=VERTEX_POINT('',#7695);
#1768=VERTEX_POINT('',#7699);
#1769=VERTEX_POINT('',#7701);
#1770=VERTEX_POINT('',#7705);
#1771=VERTEX_POINT('',#7706);
#1772=VERTEX_POINT('',#7711);
#1773=VERTEX_POINT('',#7713);
#1774=VERTEX_POINT('',#7717);
#1775=VERTEX_POINT('',#7719);
#1776=VERTEX_POINT('',#7732);
#1777=VERTEX_POINT('',#7734);
#1778=VERTEX_POINT('',#7737);
#1779=VERTEX_POINT('',#7740);
#1780=CIRCLE('',#2932,4.95);
#1781=CIRCLE('',#2933,4.);
#1782=CIRCLE('',#2934,3.25);
#1783=CIRCLE('',#2935,4.);
#1784=CIRCLE('',#2936,3.25);
#1785=CIRCLE('',#2937,4.);
#1786=CIRCLE('',#2938,3.25);
#1787=CIRCLE('',#2939,4.);
#1788=CIRCLE('',#2940,3.25);
#1789=CIRCLE('',#2941,4.);
#1790=CIRCLE('',#2942,3.25);
#1791=CIRCLE('',#2943,4.);
#1792=CIRCLE('',#2944,3.25);
#1793=CIRCLE('',#2945,4.);
#1794=CIRCLE('',#2946,3.25);
#1795=CIRCLE('',#2947,4.);
#1796=CIRCLE('',#2948,3.25);
#1797=CIRCLE('',#2949,4.);
#1798=CIRCLE('',#2950,3.25);
#1799=CIRCLE('',#2951,4.);
#1800=CIRCLE('',#2952,3.25);
#1801=CIRCLE('',#2954,4.95);
#1802=CIRCLE('',#2955,4.);
#1803=CIRCLE('',#2956,3.25);
#1804=CIRCLE('',#2957,4.);
#1805=CIRCLE('',#2958,3.25);
#1806=CIRCLE('',#2959,4.);
#1807=CIRCLE('',#2960,3.25);
#1808=CIRCLE('',#2961,4.);
#1809=CIRCLE('',#2962,3.25);
#1810=CIRCLE('',#2963,4.);
#1811=CIRCLE('',#2964,3.25);
#1812=CIRCLE('',#2965,4.);
#1813=CIRCLE('',#2966,3.25);
#1814=CIRCLE('',#2967,4.);
#1815=CIRCLE('',#2968,3.25);
#1816=CIRCLE('',#2969,4.);
#1817=CIRCLE('',#2970,3.25);
#1818=CIRCLE('',#2971,4.);
#1819=CIRCLE('',#2972,3.25);
#1820=CIRCLE('',#2973,4.);
#1821=CIRCLE('',#2974,3.25);
#1822=CIRCLE('',#2986,5.1);
#1823=CIRCLE('',#2987,5.1);
#1824=CIRCLE('',#3021,3.3);
#1825=CIRCLE('',#3022,4.14232883759109);
#1826=CIRCLE('',#3023,4.14232883759109);
#1827=CIRCLE('',#3024,4.14232883759109);
#1828=CIRCLE('',#3025,4.14232883759109);
#1829=CIRCLE('',#3026,4.14232883759109);
#1830=CIRCLE('',#3027,4.14232883759109);
#1831=CIRCLE('',#3029,3.3);
#1832=CIRCLE('',#3030,4.14232883759109);
#1833=CIRCLE('',#3031,4.14232883759109);
#1834=CIRCLE('',#3032,4.14232883759109);
#1835=CIRCLE('',#3033,4.14232883759109);
#1836=CIRCLE('',#3034,4.14232883759109);
#1837=CIRCLE('',#3035,4.14232883759109);
#1838=CIRCLE('',#3037,3.275);
#1839=CIRCLE('',#3038,3.);
#1840=CIRCLE('',#3040,3.);
#1841=CIRCLE('',#3041,3.275);
#1842=CIRCLE('',#3063,0.78);
#1843=CIRCLE('',#3064,0.78);
#1844=CIRCLE('',#3066,0.635);
#1845=CIRCLE('',#3067,0.635);
#1846=CIRCLE('',#3071,1.95);
#1847=CIRCLE('',#3073,2.745);
#1848=CIRCLE('',#3074,2.74505710696162);
#1849=CIRCLE('',#3075,2.74494449921424);
#1850=CIRCLE('',#3077,3.165);
#1851=CIRCLE('',#3079,3.165);
#1852=CIRCLE('',#3081,3.96);
#1853=CIRCLE('',#3084,3.96);
#1854=CIRCLE('',#3087,3.96);
#1855=CIRCLE('',#3089,3.96);
#1856=CIRCLE('',#3092,3.96);
#1857=CIRCLE('',#3095,3.96);
#1858=CIRCLE('',#3097,3.96);
#1859=CIRCLE('',#3100,3.96);
#1860=CIRCLE('',#3103,3.96);
#1861=CIRCLE('',#3105,3.96);
#1862=CIRCLE('',#3107,3.96);
#1863=CIRCLE('',#3110,3.96);
#1864=CIRCLE('',#3113,3.96);
#1865=CIRCLE('',#3124,3.96);
#1866=CIRCLE('',#3125,3.96);
#1867=CIRCLE('',#3126,3.96);
#1868=CIRCLE('',#3127,3.96);
#1869=CIRCLE('',#3132,1.95);
#1870=CIRCLE('',#3135,3.165);
#1871=CIRCLE('',#3137,2.745);
#1872=CIRCLE('',#3139,3.165);
#1873=CIRCLE('',#3141,2.675);
#1874=CIRCLE('',#3143,2.675);
#1875=CIRCLE('',#3145,2.475);
#1876=CIRCLE('',#3147,2.475);
#1877=CIRCLE('',#3149,0.635);
#1878=CIRCLE('',#3150,0.585);
#1879=CIRCLE('',#3151,0.635);
#1880=CIRCLE('',#3152,0.585);
#1881=CIRCLE('',#3155,0.635);
#1882=CIRCLE('',#3158,0.635);
#1883=CIRCLE('',#3163,0.585);
#1884=CIRCLE('',#3167,0.585);
#1885=CIRCLE('',#3175,0.5);
#1886=CIRCLE('',#3176,0.5);
#1887=CIRCLE('',#3178,0.635);
#1888=CIRCLE('',#3180,0.635);
#1889=EDGE_LOOP('',(#507));
#1890=EDGE_LOOP('',(#508,#509,#510,#511,#512,#513,#514,#515,#516,#517,#518,
#519,#520,#521,#522,#523,#524,#525,#526,#527,#528,#529,#530,#531,#532,#533,
#534,#535,#536,#537,#538,#539,#540,#541,#542,#543,#544,#545,#546,#547));
#1891=EDGE_LOOP('',(#548));
#1892=EDGE_LOOP('',(#549,#550,#551,#552,#553,#554,#555,#556,#557,#558,#559,
#560,#561,#562,#563,#564,#565,#566,#567,#568,#569,#570,#571,#572,#573,#574,
#575,#576,#577,#578,#579,#580,#581,#582,#583,#584,#585,#586,#587,#588));
#1893=EDGE_LOOP('',(#589,#590,#591,#592));
#1894=EDGE_LOOP('',(#593,#594,#595,#596));
#1895=EDGE_LOOP('',(#597,#598,#599,#600));
#1896=EDGE_LOOP('',(#601,#602,#603,#604));
#1897=EDGE_LOOP('',(#605,#606,#607,#608));
#1898=EDGE_LOOP('',(#609,#610,#611,#612));
#1899=EDGE_LOOP('',(#613,#614,#615,#616));
#1900=EDGE_LOOP('',(#617,#618,#619,#620));
#1901=EDGE_LOOP('',(#621,#622,#623,#624));
#1902=EDGE_LOOP('',(#625,#626,#627,#628));
#1903=EDGE_LOOP('',(#629));
#1904=EDGE_LOOP('',(#630));
#1905=EDGE_LOOP('',(#631,#632,#633,#634));
#1906=EDGE_LOOP('',(#635,#636,#637,#638));
#1907=EDGE_LOOP('',(#639,#640,#641,#642));
#1908=EDGE_LOOP('',(#643,#644,#645,#646));
#1909=EDGE_LOOP('',(#647,#648,#649,#650));
#1910=EDGE_LOOP('',(#651,#652,#653,#654));
#1911=EDGE_LOOP('',(#655,#656,#657,#658));
#1912=EDGE_LOOP('',(#659,#660,#661,#662));
#1913=EDGE_LOOP('',(#663,#664,#665,#666));
#1914=EDGE_LOOP('',(#667,#668,#669,#670));
#1915=EDGE_LOOP('',(#671,#672,#673,#674));
#1916=EDGE_LOOP('',(#675,#676,#677,#678));
#1917=EDGE_LOOP('',(#679,#680,#681,#682));
#1918=EDGE_LOOP('',(#683,#684,#685,#686));
#1919=EDGE_LOOP('',(#687,#688,#689,#690));
#1920=EDGE_LOOP('',(#691,#692,#693,#694));
#1921=EDGE_LOOP('',(#695,#696,#697,#698));
#1922=EDGE_LOOP('',(#699,#700,#701,#702));
#1923=EDGE_LOOP('',(#703,#704,#705,#706));
#1924=EDGE_LOOP('',(#707,#708,#709,#710));
#1925=EDGE_LOOP('',(#711,#712,#713,#714));
#1926=EDGE_LOOP('',(#715,#716,#717,#718));
#1927=EDGE_LOOP('',(#719,#720,#721,#722));
#1928=EDGE_LOOP('',(#723,#724,#725,#726));
#1929=EDGE_LOOP('',(#727,#728,#729,#730));
#1930=EDGE_LOOP('',(#731,#732,#733,#734));
#1931=EDGE_LOOP('',(#735,#736,#737,#738));
#1932=EDGE_LOOP('',(#739,#740,#741,#742));
#1933=EDGE_LOOP('',(#743,#744,#745,#746));
#1934=EDGE_LOOP('',(#747,#748,#749,#750));
#1935=EDGE_LOOP('',(#751));
#1936=EDGE_LOOP('',(#752));
#1937=EDGE_LOOP('',(#753));
#1938=EDGE_LOOP('',(#754));
#1939=EDGE_LOOP('',(#755));
#1940=EDGE_LOOP('',(#756,#757,#758,#759,#760,#761,#762,#763,#764,#765,#766,
#767));
#1941=EDGE_LOOP('',(#768));
#1942=EDGE_LOOP('',(#769,#770,#771,#772,#773,#774,#775,#776,#777,#778,#779,
#780));
#1943=EDGE_LOOP('',(#781));
#1944=EDGE_LOOP('',(#782,#783,#784,#785));
#1945=EDGE_LOOP('',(#786));
#1946=EDGE_LOOP('',(#787,#788,#789,#790));
#1947=EDGE_LOOP('',(#791,#792,#793,#794,#795,#796,#797,#798));
#1948=EDGE_LOOP('',(#799,#800,#801,#802,#803,#804,#805,#806));
#1949=EDGE_LOOP('',(#807,#808,#809,#810,#811,#812,#813,#814));
#1950=EDGE_LOOP('',(#815,#816,#817,#818,#819,#820,#821,#822));
#1951=EDGE_LOOP('',(#823,#824,#825,#826,#827,#828,#829,#830));
#1952=EDGE_LOOP('',(#831,#832,#833,#834,#835,#836,#837,#838));
#1953=EDGE_LOOP('',(#839,#840,#841,#842));
#1954=EDGE_LOOP('',(#843,#844,#845,#846));
#1955=EDGE_LOOP('',(#847,#848,#849,#850));
#1956=EDGE_LOOP('',(#851,#852,#853,#854));
#1957=EDGE_LOOP('',(#855,#856,#857));
#1958=EDGE_LOOP('',(#858,#859,#860));
#1959=EDGE_LOOP('',(#861,#862,#863));
#1960=EDGE_LOOP('',(#864,#865,#866));
#1961=EDGE_LOOP('',(#867,#868,#869));
#1962=EDGE_LOOP('',(#870,#871,#872));
#1963=EDGE_LOOP('',(#873,#874,#875));
#1964=EDGE_LOOP('',(#876,#877,#878));
#1965=EDGE_LOOP('',(#879,#880,#881));
#1966=EDGE_LOOP('',(#882,#883,#884));
#1967=EDGE_LOOP('',(#885,#886,#887));
#1968=EDGE_LOOP('',(#888,#889,#890));
#1969=EDGE_LOOP('',(#891));
#1970=EDGE_LOOP('',(#892));
#1971=EDGE_LOOP('',(#893));
#1972=EDGE_LOOP('',(#894));
#1973=EDGE_LOOP('',(#895));
#1974=EDGE_LOOP('',(#896));
#1975=EDGE_LOOP('',(#897));
#1976=EDGE_LOOP('',(#898));
#1977=EDGE_LOOP('',(#899));
#1978=EDGE_LOOP('',(#900,#901,#902,#903));
#1979=EDGE_LOOP('',(#904));
#1980=EDGE_LOOP('',(#905));
#1981=EDGE_LOOP('',(#906));
#1982=EDGE_LOOP('',(#907));
#1983=EDGE_LOOP('',(#908));
#1984=EDGE_LOOP('',(#909,#910,#911,#912));
#1985=EDGE_LOOP('',(#913,#914,#915,#916));
#1986=EDGE_LOOP('',(#917,#918,#919,#920));
#1987=EDGE_LOOP('',(#921,#922,#923,#924));
#1988=EDGE_LOOP('',(#925,#926,#927,#928));
#1989=EDGE_LOOP('',(#929,#930,#931,#932));
#1990=EDGE_LOOP('',(#933,#934,#935,#936));
#1991=EDGE_LOOP('',(#937,#938,#939,#940));
#1992=EDGE_LOOP('',(#941,#942,#943,#944));
#1993=EDGE_LOOP('',(#945,#946,#947,#948));
#1994=EDGE_LOOP('',(#949,#950,#951,#952));
#1995=EDGE_LOOP('',(#953,#954,#955,#956));
#1996=EDGE_LOOP('',(#957,#958,#959,#960));
#1997=EDGE_LOOP('',(#961,#962,#963,#964));
#1998=EDGE_LOOP('',(#965,#966,#967,#968));
#1999=EDGE_LOOP('',(#969));
#2000=EDGE_LOOP('',(#970));
#2001=EDGE_LOOP('',(#971,#972,#973,#974));
#2002=EDGE_LOOP('',(#975,#976,#977,#978));
#2003=EDGE_LOOP('',(#979,#980,#981,#982));
#2004=EDGE_LOOP('',(#983,#984,#985,#986));
#2005=EDGE_LOOP('',(#987,#988,#989,#990));
#2006=EDGE_LOOP('',(#991,#992,#993,#994));
#2007=EDGE_LOOP('',(#995,#996,#997,#998,#999,#1000,#1001,#1002));
#2008=EDGE_LOOP('',(#1003,#1004,#1005,#1006));
#2009=EDGE_LOOP('',(#1007,#1008,#1009,#1010));
#2010=EDGE_LOOP('',(#1011,#1012,#1013,#1014,#1015,#1016,#1017,#1018));
#2011=EDGE_LOOP('',(#1019,#1020,#1021,#1022));
#2012=EDGE_LOOP('',(#1023,#1024,#1025,#1026));
#2013=EDGE_LOOP('',(#1027,#1028,#1029,#1030,#1031,#1032,#1033,#1034));
#2014=EDGE_LOOP('',(#1035,#1036,#1037,#1038));
#2015=EDGE_LOOP('',(#1039));
#2016=EDGE_LOOP('',(#1040,#1041,#1042,#1043,#1044,#1045,#1046,#1047,#1048,
#1049,#1050,#1051,#1052,#1053,#1054,#1055,#1056,#1057,#1058,#1059,#1060,
#1061,#1062,#1063,#1064,#1065,#1066,#1067,#1068,#1069,#1070,#1071));
#2017=EDGE_LOOP('',(#1072,#1073,#1074,#1075));
#2018=EDGE_LOOP('',(#1076,#1077,#1078,#1079,#1080,#1081,#1082,#1083));
#2019=EDGE_LOOP('',(#1084,#1085,#1086,#1087));
#2020=EDGE_LOOP('',(#1088));
#2021=EDGE_LOOP('',(#1089,#1090,#1091,#1092,#1093,#1094,#1095,#1096,#1097,
#1098,#1099,#1100,#1101,#1102,#1103,#1104));
#2022=EDGE_LOOP('',(#1105));
#2023=EDGE_LOOP('',(#1106));
#2024=EDGE_LOOP('',(#1107,#1108,#1109,#1110));
#2025=EDGE_LOOP('',(#1111,#1112,#1113,#1114,#1115));
#2026=EDGE_LOOP('',(#1116,#1117,#1118,#1119,#1120));
#2027=EDGE_LOOP('',(#1121,#1122,#1123,#1124));
#2028=EDGE_LOOP('',(#1125,#1126,#1127,#1128));
#2029=EDGE_LOOP('',(#1129));
#2030=EDGE_LOOP('',(#1130,#1131,#1132,#1133));
#2031=EDGE_LOOP('',(#1134));
#2032=EDGE_LOOP('',(#1135));
#2033=EDGE_LOOP('',(#1136));
#2034=EDGE_LOOP('',(#1137));
#2035=EDGE_LOOP('',(#1138));
#2036=EDGE_LOOP('',(#1139));
#2037=EDGE_LOOP('',(#1140));
#2038=EDGE_LOOP('',(#1141,#1142,#1143,#1144,#1145,#1146,#1147,#1148));
#2039=EDGE_LOOP('',(#1149,#1150,#1151,#1152));
#2040=EDGE_LOOP('',(#1153,#1154,#1155,#1156));
#2041=EDGE_LOOP('',(#1157,#1158,#1159,#1160));
#2042=EDGE_LOOP('',(#1161,#1162,#1163,#1164));
#2043=EDGE_LOOP('',(#1165,#1166,#1167,#1168,#1169,#1170,#1171,#1172));
#2044=EDGE_LOOP('',(#1173,#1174,#1175,#1176));
#2045=EDGE_LOOP('',(#1177,#1178,#1179,#1180));
#2046=EDGE_LOOP('',(#1181,#1182,#1183,#1184));
#2047=EDGE_LOOP('',(#1185,#1186,#1187,#1188));
#2048=EDGE_LOOP('',(#1189));
#2049=EDGE_LOOP('',(#1190));
#2050=EDGE_LOOP('',(#1191));
#2051=EDGE_LOOP('',(#1192));
#2052=EDGE_LOOP('',(#1193));
#2053=EDGE_LOOP('',(#1194));
#2054=EDGE_LOOP('',(#1195));
#2055=EDGE_LOOP('',(#1196));
#2056=FACE_BOUND('',#1889,.T.);
#2057=FACE_BOUND('',#1890,.T.);
#2058=FACE_BOUND('',#1891,.T.);
#2059=FACE_BOUND('',#1892,.T.);
#2060=FACE_BOUND('',#1893,.T.);
#2061=FACE_BOUND('',#1894,.T.);
#2062=FACE_BOUND('',#1895,.T.);
#2063=FACE_BOUND('',#1896,.T.);
#2064=FACE_BOUND('',#1897,.T.);
#2065=FACE_BOUND('',#1898,.T.);
#2066=FACE_BOUND('',#1899,.T.);
#2067=FACE_BOUND('',#1900,.T.);
#2068=FACE_BOUND('',#1901,.T.);
#2069=FACE_BOUND('',#1902,.T.);
#2070=FACE_BOUND('',#1903,.T.);
#2071=FACE_BOUND('',#1904,.T.);
#2072=FACE_BOUND('',#1905,.T.);
#2073=FACE_BOUND('',#1906,.T.);
#2074=FACE_BOUND('',#1907,.T.);
#2075=FACE_BOUND('',#1908,.T.);
#2076=FACE_BOUND('',#1909,.T.);
#2077=FACE_BOUND('',#1910,.T.);
#2078=FACE_BOUND('',#1911,.T.);
#2079=FACE_BOUND('',#1912,.T.);
#2080=FACE_BOUND('',#1913,.T.);
#2081=FACE_BOUND('',#1914,.T.);
#2082=FACE_BOUND('',#1915,.T.);
#2083=FACE_BOUND('',#1916,.T.);
#2084=FACE_BOUND('',#1917,.T.);
#2085=FACE_BOUND('',#1918,.T.);
#2086=FACE_BOUND('',#1919,.T.);
#2087=FACE_BOUND('',#1920,.T.);
#2088=FACE_BOUND('',#1921,.T.);
#2089=FACE_BOUND('',#1922,.T.);
#2090=FACE_BOUND('',#1923,.T.);
#2091=FACE_BOUND('',#1924,.T.);
#2092=FACE_BOUND('',#1925,.T.);
#2093=FACE_BOUND('',#1926,.T.);
#2094=FACE_BOUND('',#1927,.T.);
#2095=FACE_BOUND('',#1928,.T.);
#2096=FACE_BOUND('',#1929,.T.);
#2097=FACE_BOUND('',#1930,.T.);
#2098=FACE_BOUND('',#1931,.T.);
#2099=FACE_BOUND('',#1932,.T.);
#2100=FACE_BOUND('',#1933,.T.);
#2101=FACE_BOUND('',#1934,.T.);
#2102=FACE_BOUND('',#1935,.T.);
#2103=FACE_BOUND('',#1936,.T.);
#2104=FACE_BOUND('',#1937,.T.);
#2105=FACE_BOUND('',#1938,.T.);
#2106=FACE_BOUND('',#1939,.T.);
#2107=FACE_BOUND('',#1940,.T.);
#2108=FACE_BOUND('',#1941,.T.);
#2109=FACE_BOUND('',#1942,.T.);
#2110=FACE_BOUND('',#1943,.T.);
#2111=FACE_BOUND('',#1944,.T.);
#2112=FACE_BOUND('',#1945,.T.);
#2113=FACE_BOUND('',#1946,.T.);
#2114=FACE_BOUND('',#1947,.T.);
#2115=FACE_BOUND('',#1948,.T.);
#2116=FACE_BOUND('',#1949,.T.);
#2117=FACE_BOUND('',#1950,.T.);
#2118=FACE_BOUND('',#1951,.T.);
#2119=FACE_BOUND('',#1952,.T.);
#2120=FACE_BOUND('',#1953,.T.);
#2121=FACE_BOUND('',#1954,.T.);
#2122=FACE_BOUND('',#1955,.T.);
#2123=FACE_BOUND('',#1956,.T.);
#2124=FACE_BOUND('',#1957,.T.);
#2125=FACE_BOUND('',#1958,.T.);
#2126=FACE_BOUND('',#1959,.T.);
#2127=FACE_BOUND('',#1960,.T.);
#2128=FACE_BOUND('',#1961,.T.);
#2129=FACE_BOUND('',#1962,.T.);
#2130=FACE_BOUND('',#1963,.T.);
#2131=FACE_BOUND('',#1964,.T.);
#2132=FACE_BOUND('',#1965,.T.);
#2133=FACE_BOUND('',#1966,.T.);
#2134=FACE_BOUND('',#1967,.T.);
#2135=FACE_BOUND('',#1968,.T.);
#2136=FACE_BOUND('',#1969,.T.);
#2137=FACE_BOUND('',#1970,.T.);
#2138=FACE_BOUND('',#1971,.T.);
#2139=FACE_BOUND('',#1972,.T.);
#2140=FACE_BOUND('',#1973,.T.);
#2141=FACE_BOUND('',#1974,.T.);
#2142=FACE_BOUND('',#1975,.T.);
#2143=FACE_BOUND('',#1976,.T.);
#2144=FACE_BOUND('',#1977,.T.);
#2145=FACE_BOUND('',#1978,.T.);
#2146=FACE_BOUND('',#1979,.T.);
#2147=FACE_BOUND('',#1980,.T.);
#2148=FACE_BOUND('',#1981,.T.);
#2149=FACE_BOUND('',#1982,.T.);
#2150=FACE_BOUND('',#1983,.T.);
#2151=FACE_BOUND('',#1984,.T.);
#2152=FACE_BOUND('',#1985,.T.);
#2153=FACE_BOUND('',#1986,.T.);
#2154=FACE_BOUND('',#1987,.T.);
#2155=FACE_BOUND('',#1988,.T.);
#2156=FACE_BOUND('',#1989,.T.);
#2157=FACE_BOUND('',#1990,.T.);
#2158=FACE_BOUND('',#1991,.T.);
#2159=FACE_BOUND('',#1992,.T.);
#2160=FACE_BOUND('',#1993,.T.);
#2161=FACE_BOUND('',#1994,.T.);
#2162=FACE_BOUND('',#1995,.T.);
#2163=FACE_BOUND('',#1996,.T.);
#2164=FACE_BOUND('',#1997,.T.);
#2165=FACE_BOUND('',#1998,.T.);
#2166=FACE_BOUND('',#1999,.T.);
#2167=FACE_BOUND('',#2000,.T.);
#2168=FACE_BOUND('',#2001,.T.);
#2169=FACE_BOUND('',#2002,.T.);
#2170=FACE_BOUND('',#2003,.T.);
#2171=FACE_BOUND('',#2004,.T.);
#2172=FACE_BOUND('',#2005,.T.);
#2173=FACE_BOUND('',#2006,.T.);
#2174=FACE_BOUND('',#2007,.T.);
#2175=FACE_BOUND('',#2008,.T.);
#2176=FACE_BOUND('',#2009,.T.);
#2177=FACE_BOUND('',#2010,.T.);
#2178=FACE_BOUND('',#2011,.T.);
#2179=FACE_BOUND('',#2012,.T.);
#2180=FACE_BOUND('',#2013,.T.);
#2181=FACE_BOUND('',#2014,.T.);
#2182=FACE_BOUND('',#2015,.T.);
#2183=FACE_BOUND('',#2016,.T.);
#2184=FACE_BOUND('',#2017,.T.);
#2185=FACE_BOUND('',#2018,.T.);
#2186=FACE_BOUND('',#2019,.T.);
#2187=FACE_BOUND('',#2020,.T.);
#2188=FACE_BOUND('',#2021,.T.);
#2189=FACE_BOUND('',#2022,.T.);
#2190=FACE_BOUND('',#2023,.T.);
#2191=FACE_BOUND('',#2024,.T.);
#2192=FACE_BOUND('',#2025,.T.);
#2193=FACE_BOUND('',#2026,.T.);
#2194=FACE_BOUND('',#2027,.T.);
#2195=FACE_BOUND('',#2028,.T.);
#2196=FACE_BOUND('',#2029,.T.);
#2197=FACE_BOUND('',#2030,.T.);
#2198=FACE_BOUND('',#2031,.T.);
#2199=FACE_BOUND('',#2032,.T.);
#2200=FACE_BOUND('',#2033,.T.);
#2201=FACE_BOUND('',#2034,.T.);
#2202=FACE_BOUND('',#2035,.T.);
#2203=FACE_BOUND('',#2036,.T.);
#2204=FACE_BOUND('',#2037,.T.);
#2205=FACE_BOUND('',#2038,.T.);
#2206=FACE_BOUND('',#2039,.T.);
#2207=FACE_BOUND('',#2040,.T.);
#2208=FACE_BOUND('',#2041,.T.);
#2209=FACE_BOUND('',#2042,.T.);
#2210=FACE_BOUND('',#2043,.T.);
#2211=FACE_BOUND('',#2044,.T.);
#2212=FACE_BOUND('',#2045,.T.);
#2213=FACE_BOUND('',#2046,.T.);
#2214=FACE_BOUND('',#2047,.T.);
#2215=FACE_BOUND('',#2048,.T.);
#2216=FACE_BOUND('',#2049,.T.);
#2217=FACE_BOUND('',#2050,.T.);
#2218=FACE_BOUND('',#2051,.T.);
#2219=FACE_BOUND('',#2052,.T.);
#2220=FACE_BOUND('',#2053,.T.);
#2221=FACE_BOUND('',#2054,.T.);
#2222=FACE_BOUND('',#2055,.T.);
#2223=PLANE('',#2931);
#2224=PLANE('',#2953);
#2225=PLANE('',#2988);
#2226=PLANE('',#2990);
#2227=PLANE('',#2991);
#2228=PLANE('',#2993);
#2229=PLANE('',#2994);
#2230=PLANE('',#2996);
#2231=PLANE('',#2997);
#2232=PLANE('',#2999);
#2233=PLANE('',#3000);
#2234=PLANE('',#3002);
#2235=PLANE('',#3003);
#2236=PLANE('',#3005);
#2237=PLANE('',#3006);
#2238=PLANE('',#3008);
#2239=PLANE('',#3009);
#2240=PLANE('',#3011);
#2241=PLANE('',#3012);
#2242=PLANE('',#3014);
#2243=PLANE('',#3015);
#2244=PLANE('',#3017);
#2245=PLANE('',#3020);
#2246=PLANE('',#3028);
#2247=PLANE('',#3042);
#2248=PLANE('',#3043);
#2249=PLANE('',#3044);
#2250=PLANE('',#3045);
#2251=PLANE('',#3046);
#2252=PLANE('',#3047);
#2253=PLANE('',#3068);
#2254=PLANE('',#3069);
#2255=PLANE('',#3070);
#2256=PLANE('',#3080);
#2257=PLANE('',#3082);
#2258=PLANE('',#3083);
#2259=PLANE('',#3085);
#2260=PLANE('',#3086);
#2261=PLANE('',#3088);
#2262=PLANE('',#3090);
#2263=PLANE('',#3091);
#2264=PLANE('',#3093);
#2265=PLANE('',#3094);
#2266=PLANE('',#3096);
#2267=PLANE('',#3098);
#2268=PLANE('',#3099);
#2269=PLANE('',#3101);
#2270=PLANE('',#3102);
#2271=PLANE('',#3104);
#2272=PLANE('',#3106);
#2273=PLANE('',#3108);
#2274=PLANE('',#3109);
#2275=PLANE('',#3111);
#2276=PLANE('',#3112);
#2277=PLANE('',#3114);
#2278=PLANE('',#3115);
#2279=PLANE('',#3116);
#2280=PLANE('',#3117);
#2281=PLANE('',#3118);
#2282=PLANE('',#3119);
#2283=PLANE('',#3120);
#2284=PLANE('',#3121);
#2285=PLANE('',#3122);
#2286=PLANE('',#3128);
#2287=PLANE('',#3129);
#2288=PLANE('',#3130);
#2289=PLANE('',#3131);
#2290=PLANE('',#3144);
#2291=PLANE('',#3148);
#2292=PLANE('',#3169);
#2293=PLANE('',#3170);
#2294=PLANE('',#3171);
#2295=PLANE('',#3172);
#2296=PLANE('',#3173);
#2297=PLANE('',#3177);
#2298=PLANE('',#3179);
#2299=ADVANCED_FACE('',(#2056,#2057),#2223,.F.);
#2300=ADVANCED_FACE('',(#2058,#2059),#2224,.T.);
#2301=ADVANCED_FACE('',(#2060),#97,.F.);
#2302=ADVANCED_FACE('',(#2061),#98,.F.);
#2303=ADVANCED_FACE('',(#2062),#99,.F.);
#2304=ADVANCED_FACE('',(#2063),#100,.F.);
#2305=ADVANCED_FACE('',(#2064),#101,.F.);
#2306=ADVANCED_FACE('',(#2065),#102,.F.);
#2307=ADVANCED_FACE('',(#2066),#103,.F.);
#2308=ADVANCED_FACE('',(#2067),#104,.F.);
#2309=ADVANCED_FACE('',(#2068),#105,.F.);
#2310=ADVANCED_FACE('',(#2069),#106,.F.);
#2311=ADVANCED_FACE('',(#2070,#2071),#107,.T.);
#2312=ADVANCED_FACE('',(#2072),#2225,.T.);
#2313=ADVANCED_FACE('',(#2073),#108,.F.);
#2314=ADVANCED_FACE('',(#2074),#2226,.T.);
#2315=ADVANCED_FACE('',(#2075),#2227,.T.);
#2316=ADVANCED_FACE('',(#2076),#109,.F.);
#2317=ADVANCED_FACE('',(#2077),#2228,.T.);
#2318=ADVANCED_FACE('',(#2078),#2229,.T.);
#2319=ADVANCED_FACE('',(#2079),#110,.F.);
#2320=ADVANCED_FACE('',(#2080),#2230,.T.);
#2321=ADVANCED_FACE('',(#2081),#2231,.T.);
#2322=ADVANCED_FACE('',(#2082),#111,.F.);
#2323=ADVANCED_FACE('',(#2083),#2232,.T.);
#2324=ADVANCED_FACE('',(#2084),#2233,.T.);
#2325=ADVANCED_FACE('',(#2085),#112,.F.);
#2326=ADVANCED_FACE('',(#2086),#2234,.T.);
#2327=ADVANCED_FACE('',(#2087),#2235,.T.);
#2328=ADVANCED_FACE('',(#2088),#113,.F.);
#2329=ADVANCED_FACE('',(#2089),#2236,.T.);
#2330=ADVANCED_FACE('',(#2090),#2237,.T.);
#2331=ADVANCED_FACE('',(#2091),#114,.F.);
#2332=ADVANCED_FACE('',(#2092),#2238,.T.);
#2333=ADVANCED_FACE('',(#2093),#2239,.T.);
#2334=ADVANCED_FACE('',(#2094),#115,.F.);
#2335=ADVANCED_FACE('',(#2095),#2240,.T.);
#2336=ADVANCED_FACE('',(#2096),#2241,.T.);
#2337=ADVANCED_FACE('',(#2097),#116,.F.);
#2338=ADVANCED_FACE('',(#2098),#2242,.T.);
#2339=ADVANCED_FACE('',(#2099),#2243,.T.);
#2340=ADVANCED_FACE('',(#2100),#117,.F.);
#2341=ADVANCED_FACE('',(#2101),#2244,.T.);
#2342=ADVANCED_FACE('',(#2102,#2103),#83,.T.);
#2343=ADVANCED_FACE('',(#2104,#2105),#84,.T.);
#2344=ADVANCED_FACE('',(#2106,#2107),#2245,.T.);
#2345=ADVANCED_FACE('',(#2108,#2109),#2246,.F.);
#2346=ADVANCED_FACE('',(#2110,#2111),#75,.F.);
#2347=ADVANCED_FACE('',(#2112,#2113),#76,.F.);
#2348=ADVANCED_FACE('',(#2114),#2247,.F.);
#2349=ADVANCED_FACE('',(#2115),#2248,.F.);
#2350=ADVANCED_FACE('',(#2116),#2249,.F.);
#2351=ADVANCED_FACE('',(#2117),#2250,.F.);
#2352=ADVANCED_FACE('',(#2118),#2251,.F.);
#2353=ADVANCED_FACE('',(#2119),#2252,.F.);
#2354=ADVANCED_FACE('',(#2120),#118,.F.);
#2355=ADVANCED_FACE('',(#2121),#29,.T.);
#2356=ADVANCED_FACE('',(#2122),#119,.F.);
#2357=ADVANCED_FACE('',(#2123),#30,.T.);
#2358=ADVANCED_FACE('',(#2124),#85,.T.);
#2359=ADVANCED_FACE('',(#2125),#86,.T.);
#2360=ADVANCED_FACE('',(#2126),#87,.T.);
#2361=ADVANCED_FACE('',(#2127),#88,.T.);
#2362=ADVANCED_FACE('',(#2128),#89,.T.);
#2363=ADVANCED_FACE('',(#2129),#90,.T.);
#2364=ADVANCED_FACE('',(#2130),#91,.T.);
#2365=ADVANCED_FACE('',(#2131),#92,.T.);
#2366=ADVANCED_FACE('',(#2132),#93,.T.);
#2367=ADVANCED_FACE('',(#2133),#94,.T.);
#2368=ADVANCED_FACE('',(#2134),#95,.T.);
#2369=ADVANCED_FACE('',(#2135),#96,.T.);
#2370=ADVANCED_FACE('',(#2136,#2137),#120,.T.);
#2371=ADVANCED_FACE('',(#2138,#2139),#121,.T.);
#2372=ADVANCED_FACE('',(#2140),#2253,.T.);
#2373=ADVANCED_FACE('',(#2141,#2142),#2254,.T.);
#2374=ADVANCED_FACE('',(#2143,#2144),#2255,.F.);
#2375=ADVANCED_FACE('',(#2145,#2146),#77,.T.);
#2376=ADVANCED_FACE('',(#2147,#2148),#78,.T.);
#2377=ADVANCED_FACE('',(#2149,#2150),#122,.T.);
#2378=ADVANCED_FACE('',(#2151),#2256,.T.);
#2379=ADVANCED_FACE('',(#2152),#2257,.T.);
#2380=ADVANCED_FACE('',(#2153),#2258,.F.);
#2381=ADVANCED_FACE('',(#2154),#2259,.T.);
#2382=ADVANCED_FACE('',(#2155),#2260,.T.);
#2383=ADVANCED_FACE('',(#2156),#2261,.F.);
#2384=ADVANCED_FACE('',(#2157),#2262,.F.);
#2385=ADVANCED_FACE('',(#2158),#2263,.T.);
#2386=ADVANCED_FACE('',(#2159),#2264,.F.);
#2387=ADVANCED_FACE('',(#2160),#2265,.F.);
#2388=ADVANCED_FACE('',(#2161),#2266,.T.);
#2389=ADVANCED_FACE('',(#2162),#2267,.F.);
#2390=ADVANCED_FACE('',(#2163),#2268,.T.);
#2391=ADVANCED_FACE('',(#2164),#2269,.F.);
#2392=ADVANCED_FACE('',(#2165),#2270,.T.);
#2393=ADVANCED_FACE('',(#2166,#2167),#2271,.F.);
#2394=ADVANCED_FACE('',(#2168),#2272,.F.);
#2395=ADVANCED_FACE('',(#2169),#2273,.T.);
#2396=ADVANCED_FACE('',(#2170),#2274,.F.);
#2397=ADVANCED_FACE('',(#2171),#2275,.T.);
#2398=ADVANCED_FACE('',(#2172),#2276,.F.);
#2399=ADVANCED_FACE('',(#2173),#2277,.F.);
#2400=ADVANCED_FACE('',(#2174),#2278,.F.);
#2401=ADVANCED_FACE('',(#2175),#2279,.F.);
#2402=ADVANCED_FACE('',(#2176),#2280,.F.);
#2403=ADVANCED_FACE('',(#2177),#2281,.F.);
#2404=ADVANCED_FACE('',(#2178),#2282,.F.);
#2405=ADVANCED_FACE('',(#2179),#2283,.T.);
#2406=ADVANCED_FACE('',(#2180),#2284,.T.);
#2407=ADVANCED_FACE('',(#2181),#2285,.T.);
#2408=ADVANCED_FACE('',(#2182,#2183),#123,.T.);
#2409=ADVANCED_FACE('',(#2184),#2286,.T.);
#2410=ADVANCED_FACE('',(#2185),#2287,.T.);
#2411=ADVANCED_FACE('',(#2186),#2288,.T.);
#2412=ADVANCED_FACE('',(#2187,#2188),#2289,.T.);
#2413=ADVANCED_FACE('',(#2189,#2190),#124,.F.);
#2414=ADVANCED_FACE('',(#2191),#79,.T.);
#2415=ADVANCED_FACE('',(#2192),#31,.T.);
#2416=ADVANCED_FACE('',(#2193),#125,.T.);
#2417=ADVANCED_FACE('',(#2194),#32,.T.);
#2418=ADVANCED_FACE('',(#2195),#126,.T.);
#2419=ADVANCED_FACE('',(#2196,#2197),#80,.T.);
#2420=ADVANCED_FACE('',(#2198,#2199),#127,.T.);
#2421=ADVANCED_FACE('',(#2200,#2201),#2290,.F.);
#2422=ADVANCED_FACE('',(#2202,#2203),#128,.F.);
#2423=ADVANCED_FACE('',(#2204,#2205),#2291,.F.);
#2424=ADVANCED_FACE('',(#2206),#129,.F.);
#2425=ADVANCED_FACE('',(#2207),#130,.F.);
#2426=ADVANCED_FACE('',(#2208),#131,.F.);
#2427=ADVANCED_FACE('',(#2209),#132,.F.);
#2428=ADVANCED_FACE('',(#2210),#2292,.F.);
#2429=ADVANCED_FACE('',(#2211),#2293,.T.);
#2430=ADVANCED_FACE('',(#2212),#2294,.T.);
#2431=ADVANCED_FACE('',(#2213),#2295,.T.);
#2432=ADVANCED_FACE('',(#2214),#2296,.T.);
#2433=ADVANCED_FACE('',(#2215,#2216),#133,.T.);
#2434=ADVANCED_FACE('',(#2217,#2218),#2297,.T.);
#2435=ADVANCED_FACE('',(#2219,#2220),#2298,.F.);
#2436=ADVANCED_FACE('',(#2221,#2222),#134,.F.);
#2437=CLOSED_SHELL('',(#2299,#2300,#2301,#2302,#2303,#2304,#2305,#2306,
#2307,#2308,#2309,#2310,#2311,#2312,#2313,#2314,#2315,#2316,#2317,#2318,
#2319,#2320,#2321,#2322,#2323,#2324,#2325,#2326,#2327,#2328,#2329,#2330,
#2331,#2332,#2333,#2334,#2335,#2336,#2337,#2338,#2339,#2340,#2341,#2342,
#2343));
#2438=CLOSED_SHELL('',(#2344,#2345,#2346,#2347,#2348,#2349,#2350,#2351,
#2352,#2353,#2354,#2355,#2356,#2357,#2358,#2359,#2360,#2361,#2362,#2363,
#2364,#2365,#2366,#2367,#2368,#2369));
#2439=CLOSED_SHELL('',(#2370,#2371,#2372,#2373,#2374,#2375,#2376,#2377,
#2378,#2379,#2380,#2381,#2382,#2383,#2384,#2385,#2386,#2387,#2388,#2389,
#2390,#2391,#2392,#2393,#2394,#2395,#2396,#2397,#2398,#2399,#2400,#2401,
#2402,#2403,#2404,#2405,#2406,#2407,#2408,#2409,#2410,#2411,#2412,#2413,
#2414,#2415,#2416,#2417,#2418,#2419,#2420,#2421,#2422,#2423,#2424,#2425,
#2426,#2427,#2428,#2429,#2430,#2431,#2432));
#2440=CLOSED_SHELL('',(#2433,#2434,#2435,#2436));
#2441=STYLED_ITEM('',(#2510),#2926);
#2442=STYLED_ITEM('',(#2511),#2927);
#2443=STYLED_ITEM('',(#2512),#2370);
#2444=STYLED_ITEM('',(#2513),#2371);
#2445=STYLED_ITEM('',(#2514),#2372);
#2446=STYLED_ITEM('',(#2515),#2373);
#2447=STYLED_ITEM('',(#2516),#2374);
#2448=STYLED_ITEM('',(#2517),#2375);
#2449=STYLED_ITEM('',(#2518),#2376);
#2450=STYLED_ITEM('',(#2519),#2377);
#2451=STYLED_ITEM('',(#2520),#2378);
#2452=STYLED_ITEM('',(#2521),#2379);
#2453=STYLED_ITEM('',(#2522),#2380);
#2454=STYLED_ITEM('',(#2523),#2381);
#2455=STYLED_ITEM('',(#2524),#2382);
#2456=STYLED_ITEM('',(#2525),#2383);
#2457=STYLED_ITEM('',(#2526),#2384);
#2458=STYLED_ITEM('',(#2527),#2385);
#2459=STYLED_ITEM('',(#2528),#2386);
#2460=STYLED_ITEM('',(#2529),#2387);
#2461=STYLED_ITEM('',(#2530),#2388);
#2462=STYLED_ITEM('',(#2531),#2389);
#2463=STYLED_ITEM('',(#2532),#2390);
#2464=STYLED_ITEM('',(#2533),#2391);
#2465=STYLED_ITEM('',(#2534),#2392);
#2466=STYLED_ITEM('',(#2535),#2393);
#2467=STYLED_ITEM('',(#2536),#2394);
#2468=STYLED_ITEM('',(#2537),#2395);
#2469=STYLED_ITEM('',(#2538),#2396);
#2470=STYLED_ITEM('',(#2539),#2397);
#2471=STYLED_ITEM('',(#2540),#2398);
#2472=STYLED_ITEM('',(#2541),#2399);
#2473=STYLED_ITEM('',(#2542),#2400);
#2474=STYLED_ITEM('',(#2543),#2401);
#2475=STYLED_ITEM('',(#2544),#2402);
#2476=STYLED_ITEM('',(#2545),#2403);
#2477=STYLED_ITEM('',(#2546),#2404);
#2478=STYLED_ITEM('',(#2547),#2405);
#2479=STYLED_ITEM('',(#2548),#2406);
#2480=STYLED_ITEM('',(#2549),#2407);
#2481=STYLED_ITEM('',(#2550),#2408);
#2482=STYLED_ITEM('',(#2551),#2409);
#2483=STYLED_ITEM('',(#2552),#2410);
#2484=STYLED_ITEM('',(#2553),#2411);
#2485=STYLED_ITEM('',(#2554),#2412);
#2486=STYLED_ITEM('',(#2555),#2413);
#2487=STYLED_ITEM('',(#2556),#2414);
#2488=STYLED_ITEM('',(#2557),#2415);
#2489=STYLED_ITEM('',(#2558),#2416);
#2490=STYLED_ITEM('',(#2559),#2417);
#2491=STYLED_ITEM('',(#2560),#2418);
#2492=STYLED_ITEM('',(#2561),#2419);
#2493=STYLED_ITEM('',(#2562),#2420);
#2494=STYLED_ITEM('',(#2563),#2421);
#2495=STYLED_ITEM('',(#2564),#2422);
#2496=STYLED_ITEM('',(#2565),#2423);
#2497=STYLED_ITEM('',(#2566),#2424);
#2498=STYLED_ITEM('',(#2567),#2425);
#2499=STYLED_ITEM('',(#2568),#2426);
#2500=STYLED_ITEM('',(#2569),#2427);
#2501=STYLED_ITEM('',(#2570),#2428);
#2502=STYLED_ITEM('',(#2571),#2429);
#2503=STYLED_ITEM('',(#2572),#2430);
#2504=STYLED_ITEM('',(#2573),#2431);
#2505=STYLED_ITEM('',(#2574),#2432);
#2506=STYLED_ITEM('',(#2575),#2433);
#2507=STYLED_ITEM('',(#2576),#2434);
#2508=STYLED_ITEM('',(#2577),#2435);
#2509=STYLED_ITEM('',(#2578),#2436);
#2510=PRESENTATION_STYLE_ASSIGNMENT((#2579));
#2511=PRESENTATION_STYLE_ASSIGNMENT((#2580));
#2512=PRESENTATION_STYLE_ASSIGNMENT((#2581));
#2513=PRESENTATION_STYLE_ASSIGNMENT((#2582));
#2514=PRESENTATION_STYLE_ASSIGNMENT((#2583));
#2515=PRESENTATION_STYLE_ASSIGNMENT((#2584));
#2516=PRESENTATION_STYLE_ASSIGNMENT((#2585));
#2517=PRESENTATION_STYLE_ASSIGNMENT((#2586));
#2518=PRESENTATION_STYLE_ASSIGNMENT((#2587));
#2519=PRESENTATION_STYLE_ASSIGNMENT((#2588));
#2520=PRESENTATION_STYLE_ASSIGNMENT((#2589));
#2521=PRESENTATION_STYLE_ASSIGNMENT((#2590));
#2522=PRESENTATION_STYLE_ASSIGNMENT((#2591));
#2523=PRESENTATION_STYLE_ASSIGNMENT((#2592));
#2524=PRESENTATION_STYLE_ASSIGNMENT((#2593));
#2525=PRESENTATION_STYLE_ASSIGNMENT((#2594));
#2526=PRESENTATION_STYLE_ASSIGNMENT((#2595));
#2527=PRESENTATION_STYLE_ASSIGNMENT((#2596));
#2528=PRESENTATION_STYLE_ASSIGNMENT((#2597));
#2529=PRESENTATION_STYLE_ASSIGNMENT((#2598));
#2530=PRESENTATION_STYLE_ASSIGNMENT((#2599));
#2531=PRESENTATION_STYLE_ASSIGNMENT((#2600));
#2532=PRESENTATION_STYLE_ASSIGNMENT((#2601));
#2533=PRESENTATION_STYLE_ASSIGNMENT((#2602));
#2534=PRESENTATION_STYLE_ASSIGNMENT((#2603));
#2535=PRESENTATION_STYLE_ASSIGNMENT((#2604));
#2536=PRESENTATION_STYLE_ASSIGNMENT((#2605));
#2537=PRESENTATION_STYLE_ASSIGNMENT((#2606));
#2538=PRESENTATION_STYLE_ASSIGNMENT((#2607));
#2539=PRESENTATION_STYLE_ASSIGNMENT((#2608));
#2540=PRESENTATION_STYLE_ASSIGNMENT((#2609));
#2541=PRESENTATION_STYLE_ASSIGNMENT((#2610));
#2542=PRESENTATION_STYLE_ASSIGNMENT((#2611));
#2543=PRESENTATION_STYLE_ASSIGNMENT((#2612));
#2544=PRESENTATION_STYLE_ASSIGNMENT((#2613));
#2545=PRESENTATION_STYLE_ASSIGNMENT((#2614));
#2546=PRESENTATION_STYLE_ASSIGNMENT((#2615));
#2547=PRESENTATION_STYLE_ASSIGNMENT((#2616));
#2548=PRESENTATION_STYLE_ASSIGNMENT((#2617));
#2549=PRESENTATION_STYLE_ASSIGNMENT((#2618));
#2550=PRESENTATION_STYLE_ASSIGNMENT((#2619));
#2551=PRESENTATION_STYLE_ASSIGNMENT((#2620));
#2552=PRESENTATION_STYLE_ASSIGNMENT((#2621));
#2553=PRESENTATION_STYLE_ASSIGNMENT((#2622));
#2554=PRESENTATION_STYLE_ASSIGNMENT((#2623));
#2555=PRESENTATION_STYLE_ASSIGNMENT((#2624));
#2556=PRESENTATION_STYLE_ASSIGNMENT((#2625));
#2557=PRESENTATION_STYLE_ASSIGNMENT((#2626));
#2558=PRESENTATION_STYLE_ASSIGNMENT((#2627));
#2559=PRESENTATION_STYLE_ASSIGNMENT((#2628));
#2560=PRESENTATION_STYLE_ASSIGNMENT((#2629));
#2561=PRESENTATION_STYLE_ASSIGNMENT((#2630));
#2562=PRESENTATION_STYLE_ASSIGNMENT((#2631));
#2563=PRESENTATION_STYLE_ASSIGNMENT((#2632));
#2564=PRESENTATION_STYLE_ASSIGNMENT((#2633));
#2565=PRESENTATION_STYLE_ASSIGNMENT((#2634));
#2566=PRESENTATION_STYLE_ASSIGNMENT((#2635));
#2567=PRESENTATION_STYLE_ASSIGNMENT((#2636));
#2568=PRESENTATION_STYLE_ASSIGNMENT((#2637));
#2569=PRESENTATION_STYLE_ASSIGNMENT((#2638));
#2570=PRESENTATION_STYLE_ASSIGNMENT((#2639));
#2571=PRESENTATION_STYLE_ASSIGNMENT((#2640));
#2572=PRESENTATION_STYLE_ASSIGNMENT((#2641));
#2573=PRESENTATION_STYLE_ASSIGNMENT((#2642));
#2574=PRESENTATION_STYLE_ASSIGNMENT((#2643));
#2575=PRESENTATION_STYLE_ASSIGNMENT((#2644));
#2576=PRESENTATION_STYLE_ASSIGNMENT((#2645));
#2577=PRESENTATION_STYLE_ASSIGNMENT((#2646));
#2578=PRESENTATION_STYLE_ASSIGNMENT((#2647));
#2579=SURFACE_STYLE_USAGE(.BOTH.,#2648);
#2580=SURFACE_STYLE_USAGE(.BOTH.,#2649);
#2581=SURFACE_STYLE_USAGE(.BOTH.,#2650);
#2582=SURFACE_STYLE_USAGE(.BOTH.,#2651);
#2583=SURFACE_STYLE_USAGE(.BOTH.,#2652);
#2584=SURFACE_STYLE_USAGE(.BOTH.,#2653);
#2585=SURFACE_STYLE_USAGE(.BOTH.,#2654);
#2586=SURFACE_STYLE_USAGE(.BOTH.,#2655);
#2587=SURFACE_STYLE_USAGE(.BOTH.,#2656);
#2588=SURFACE_STYLE_USAGE(.BOTH.,#2657);
#2589=SURFACE_STYLE_USAGE(.BOTH.,#2658);
#2590=SURFACE_STYLE_USAGE(.BOTH.,#2659);
#2591=SURFACE_STYLE_USAGE(.BOTH.,#2660);
#2592=SURFACE_STYLE_USAGE(.BOTH.,#2661);
#2593=SURFACE_STYLE_USAGE(.BOTH.,#2662);
#2594=SURFACE_STYLE_USAGE(.BOTH.,#2663);
#2595=SURFACE_STYLE_USAGE(.BOTH.,#2664);
#2596=SURFACE_STYLE_USAGE(.BOTH.,#2665);
#2597=SURFACE_STYLE_USAGE(.BOTH.,#2666);
#2598=SURFACE_STYLE_USAGE(.BOTH.,#2667);
#2599=SURFACE_STYLE_USAGE(.BOTH.,#2668);
#2600=SURFACE_STYLE_USAGE(.BOTH.,#2669);
#2601=SURFACE_STYLE_USAGE(.BOTH.,#2670);
#2602=SURFACE_STYLE_USAGE(.BOTH.,#2671);
#2603=SURFACE_STYLE_USAGE(.BOTH.,#2672);
#2604=SURFACE_STYLE_USAGE(.BOTH.,#2673);
#2605=SURFACE_STYLE_USAGE(.BOTH.,#2674);
#2606=SURFACE_STYLE_USAGE(.BOTH.,#2675);
#2607=SURFACE_STYLE_USAGE(.BOTH.,#2676);
#2608=SURFACE_STYLE_USAGE(.BOTH.,#2677);
#2609=SURFACE_STYLE_USAGE(.BOTH.,#2678);
#2610=SURFACE_STYLE_USAGE(.BOTH.,#2679);
#2611=SURFACE_STYLE_USAGE(.BOTH.,#2680);
#2612=SURFACE_STYLE_USAGE(.BOTH.,#2681);
#2613=SURFACE_STYLE_USAGE(.BOTH.,#2682);
#2614=SURFACE_STYLE_USAGE(.BOTH.,#2683);
#2615=SURFACE_STYLE_USAGE(.BOTH.,#2684);
#2616=SURFACE_STYLE_USAGE(.BOTH.,#2685);
#2617=SURFACE_STYLE_USAGE(.BOTH.,#2686);
#2618=SURFACE_STYLE_USAGE(.BOTH.,#2687);
#2619=SURFACE_STYLE_USAGE(.BOTH.,#2688);
#2620=SURFACE_STYLE_USAGE(.BOTH.,#2689);
#2621=SURFACE_STYLE_USAGE(.BOTH.,#2690);
#2622=SURFACE_STYLE_USAGE(.BOTH.,#2691);
#2623=SURFACE_STYLE_USAGE(.BOTH.,#2692);
#2624=SURFACE_STYLE_USAGE(.BOTH.,#2693);
#2625=SURFACE_STYLE_USAGE(.BOTH.,#2694);
#2626=SURFACE_STYLE_USAGE(.BOTH.,#2695);
#2627=SURFACE_STYLE_USAGE(.BOTH.,#2696);
#2628=SURFACE_STYLE_USAGE(.BOTH.,#2697);
#2629=SURFACE_STYLE_USAGE(.BOTH.,#2698);
#2630=SURFACE_STYLE_USAGE(.BOTH.,#2699);
#2631=SURFACE_STYLE_USAGE(.BOTH.,#2700);
#2632=SURFACE_STYLE_USAGE(.BOTH.,#2701);
#2633=SURFACE_STYLE_USAGE(.BOTH.,#2702);
#2634=SURFACE_STYLE_USAGE(.BOTH.,#2703);
#2635=SURFACE_STYLE_USAGE(.BOTH.,#2704);
#2636=SURFACE_STYLE_USAGE(.BOTH.,#2705);
#2637=SURFACE_STYLE_USAGE(.BOTH.,#2706);
#2638=SURFACE_STYLE_USAGE(.BOTH.,#2707);
#2639=SURFACE_STYLE_USAGE(.BOTH.,#2708);
#2640=SURFACE_STYLE_USAGE(.BOTH.,#2709);
#2641=SURFACE_STYLE_USAGE(.BOTH.,#2710);
#2642=SURFACE_STYLE_USAGE(.BOTH.,#2711);
#2643=SURFACE_STYLE_USAGE(.BOTH.,#2712);
#2644=SURFACE_STYLE_USAGE(.BOTH.,#2713);
#2645=SURFACE_STYLE_USAGE(.BOTH.,#2714);
#2646=SURFACE_STYLE_USAGE(.BOTH.,#2715);
#2647=SURFACE_STYLE_USAGE(.BOTH.,#2716);
#2648=SURFACE_SIDE_STYLE('',(#2717));
#2649=SURFACE_SIDE_STYLE('',(#2718));
#2650=SURFACE_SIDE_STYLE('',(#2719));
#2651=SURFACE_SIDE_STYLE('',(#2720));
#2652=SURFACE_SIDE_STYLE('',(#2721));
#2653=SURFACE_SIDE_STYLE('',(#2722));
#2654=SURFACE_SIDE_STYLE('',(#2723));
#2655=SURFACE_SIDE_STYLE('',(#2724));
#2656=SURFACE_SIDE_STYLE('',(#2725));
#2657=SURFACE_SIDE_STYLE('',(#2726));
#2658=SURFACE_SIDE_STYLE('',(#2727));
#2659=SURFACE_SIDE_STYLE('',(#2728));
#2660=SURFACE_SIDE_STYLE('',(#2729));
#2661=SURFACE_SIDE_STYLE('',(#2730));
#2662=SURFACE_SIDE_STYLE('',(#2731));
#2663=SURFACE_SIDE_STYLE('',(#2732));
#2664=SURFACE_SIDE_STYLE('',(#2733));
#2665=SURFACE_SIDE_STYLE('',(#2734));
#2666=SURFACE_SIDE_STYLE('',(#2735));
#2667=SURFACE_SIDE_STYLE('',(#2736));
#2668=SURFACE_SIDE_STYLE('',(#2737));
#2669=SURFACE_SIDE_STYLE('',(#2738));
#2670=SURFACE_SIDE_STYLE('',(#2739));
#2671=SURFACE_SIDE_STYLE('',(#2740));
#2672=SURFACE_SIDE_STYLE('',(#2741));
#2673=SURFACE_SIDE_STYLE('',(#2742));
#2674=SURFACE_SIDE_STYLE('',(#2743));
#2675=SURFACE_SIDE_STYLE('',(#2744));
#2676=SURFACE_SIDE_STYLE('',(#2745));
#2677=SURFACE_SIDE_STYLE('',(#2746));
#2678=SURFACE_SIDE_STYLE('',(#2747));
#2679=SURFACE_SIDE_STYLE('',(#2748));
#2680=SURFACE_SIDE_STYLE('',(#2749));
#2681=SURFACE_SIDE_STYLE('',(#2750));
#2682=SURFACE_SIDE_STYLE('',(#2751));
#2683=SURFACE_SIDE_STYLE('',(#2752));
#2684=SURFACE_SIDE_STYLE('',(#2753));
#2685=SURFACE_SIDE_STYLE('',(#2754));
#2686=SURFACE_SIDE_STYLE('',(#2755));
#2687=SURFACE_SIDE_STYLE('',(#2756));
#2688=SURFACE_SIDE_STYLE('',(#2757));
#2689=SURFACE_SIDE_STYLE('',(#2758));
#2690=SURFACE_SIDE_STYLE('',(#2759));
#2691=SURFACE_SIDE_STYLE('',(#2760));
#2692=SURFACE_SIDE_STYLE('',(#2761));
#2693=SURFACE_SIDE_STYLE('',(#2762));
#2694=SURFACE_SIDE_STYLE('',(#2763));
#2695=SURFACE_SIDE_STYLE('',(#2764));
#2696=SURFACE_SIDE_STYLE('',(#2765));
#2697=SURFACE_SIDE_STYLE('',(#2766));
#2698=SURFACE_SIDE_STYLE('',(#2767));
#2699=SURFACE_SIDE_STYLE('',(#2768));
#2700=SURFACE_SIDE_STYLE('',(#2769));
#2701=SURFACE_SIDE_STYLE('',(#2770));
#2702=SURFACE_SIDE_STYLE('',(#2771));
#2703=SURFACE_SIDE_STYLE('',(#2772));
#2704=SURFACE_SIDE_STYLE('',(#2773));
#2705=SURFACE_SIDE_STYLE('',(#2774));
#2706=SURFACE_SIDE_STYLE('',(#2775));
#2707=SURFACE_SIDE_STYLE('',(#2776));
#2708=SURFACE_SIDE_STYLE('',(#2777));
#2709=SURFACE_SIDE_STYLE('',(#2778));
#2710=SURFACE_SIDE_STYLE('',(#2779));
#2711=SURFACE_SIDE_STYLE('',(#2780));
#2712=SURFACE_SIDE_STYLE('',(#2781));
#2713=SURFACE_SIDE_STYLE('',(#2782));
#2714=SURFACE_SIDE_STYLE('',(#2783));
#2715=SURFACE_SIDE_STYLE('',(#2784));
#2716=SURFACE_SIDE_STYLE('',(#2785));
#2717=SURFACE_STYLE_FILL_AREA(#2786);
#2718=SURFACE_STYLE_FILL_AREA(#2787);
#2719=SURFACE_STYLE_FILL_AREA(#2788);
#2720=SURFACE_STYLE_FILL_AREA(#2789);
#2721=SURFACE_STYLE_FILL_AREA(#2790);
#2722=SURFACE_STYLE_FILL_AREA(#2791);
#2723=SURFACE_STYLE_FILL_AREA(#2792);
#2724=SURFACE_STYLE_FILL_AREA(#2793);
#2725=SURFACE_STYLE_FILL_AREA(#2794);
#2726=SURFACE_STYLE_FILL_AREA(#2795);
#2727=SURFACE_STYLE_FILL_AREA(#2796);
#2728=SURFACE_STYLE_FILL_AREA(#2797);
#2729=SURFACE_STYLE_FILL_AREA(#2798);
#2730=SURFACE_STYLE_FILL_AREA(#2799);
#2731=SURFACE_STYLE_FILL_AREA(#2800);
#2732=SURFACE_STYLE_FILL_AREA(#2801);
#2733=SURFACE_STYLE_FILL_AREA(#2802);
#2734=SURFACE_STYLE_FILL_AREA(#2803);
#2735=SURFACE_STYLE_FILL_AREA(#2804);
#2736=SURFACE_STYLE_FILL_AREA(#2805);
#2737=SURFACE_STYLE_FILL_AREA(#2806);
#2738=SURFACE_STYLE_FILL_AREA(#2807);
#2739=SURFACE_STYLE_FILL_AREA(#2808);
#2740=SURFACE_STYLE_FILL_AREA(#2809);
#2741=SURFACE_STYLE_FILL_AREA(#2810);
#2742=SURFACE_STYLE_FILL_AREA(#2811);
#2743=SURFACE_STYLE_FILL_AREA(#2812);
#2744=SURFACE_STYLE_FILL_AREA(#2813);
#2745=SURFACE_STYLE_FILL_AREA(#2814);
#2746=SURFACE_STYLE_FILL_AREA(#2815);
#2747=SURFACE_STYLE_FILL_AREA(#2816);
#2748=SURFACE_STYLE_FILL_AREA(#2817);
#2749=SURFACE_STYLE_FILL_AREA(#2818);
#2750=SURFACE_STYLE_FILL_AREA(#2819);
#2751=SURFACE_STYLE_FILL_AREA(#2820);
#2752=SURFACE_STYLE_FILL_AREA(#2821);
#2753=SURFACE_STYLE_FILL_AREA(#2822);
#2754=SURFACE_STYLE_FILL_AREA(#2823);
#2755=SURFACE_STYLE_FILL_AREA(#2824);
#2756=SURFACE_STYLE_FILL_AREA(#2825);
#2757=SURFACE_STYLE_FILL_AREA(#2826);
#2758=SURFACE_STYLE_FILL_AREA(#2827);
#2759=SURFACE_STYLE_FILL_AREA(#2828);
#2760=SURFACE_STYLE_FILL_AREA(#2829);
#2761=SURFACE_STYLE_FILL_AREA(#2830);
#2762=SURFACE_STYLE_FILL_AREA(#2831);
#2763=SURFACE_STYLE_FILL_AREA(#2832);
#2764=SURFACE_STYLE_FILL_AREA(#2833);
#2765=SURFACE_STYLE_FILL_AREA(#2834);
#2766=SURFACE_STYLE_FILL_AREA(#2835);
#2767=SURFACE_STYLE_FILL_AREA(#2836);
#2768=SURFACE_STYLE_FILL_AREA(#2837);
#2769=SURFACE_STYLE_FILL_AREA(#2838);
#2770=SURFACE_STYLE_FILL_AREA(#2839);
#2771=SURFACE_STYLE_FILL_AREA(#2840);
#2772=SURFACE_STYLE_FILL_AREA(#2841);
#2773=SURFACE_STYLE_FILL_AREA(#2842);
#2774=SURFACE_STYLE_FILL_AREA(#2843);
#2775=SURFACE_STYLE_FILL_AREA(#2844);
#2776=SURFACE_STYLE_FILL_AREA(#2845);
#2777=SURFACE_STYLE_FILL_AREA(#2846);
#2778=SURFACE_STYLE_FILL_AREA(#2847);
#2779=SURFACE_STYLE_FILL_AREA(#2848);
#2780=SURFACE_STYLE_FILL_AREA(#2849);
#2781=SURFACE_STYLE_FILL_AREA(#2850);
#2782=SURFACE_STYLE_FILL_AREA(#2851);
#2783=SURFACE_STYLE_FILL_AREA(#2852);
#2784=SURFACE_STYLE_FILL_AREA(#2853);
#2785=SURFACE_STYLE_FILL_AREA(#2854);
#2786=FILL_AREA_STYLE('',(#2855));
#2787=FILL_AREA_STYLE('',(#2856));
#2788=FILL_AREA_STYLE('',(#2857));
#2789=FILL_AREA_STYLE('',(#2858));
#2790=FILL_AREA_STYLE('',(#2859));
#2791=FILL_AREA_STYLE('',(#2860));
#2792=FILL_AREA_STYLE('',(#2861));
#2793=FILL_AREA_STYLE('',(#2862));
#2794=FILL_AREA_STYLE('',(#2863));
#2795=FILL_AREA_STYLE('',(#2864));
#2796=FILL_AREA_STYLE('',(#2865));
#2797=FILL_AREA_STYLE('',(#2866));
#2798=FILL_AREA_STYLE('',(#2867));
#2799=FILL_AREA_STYLE('',(#2868));
#2800=FILL_AREA_STYLE('',(#2869));
#2801=FILL_AREA_STYLE('',(#2870));
#2802=FILL_AREA_STYLE('',(#2871));
#2803=FILL_AREA_STYLE('',(#2872));
#2804=FILL_AREA_STYLE('',(#2873));
#2805=FILL_AREA_STYLE('',(#2874));
#2806=FILL_AREA_STYLE('',(#2875));
#2807=FILL_AREA_STYLE('',(#2876));
#2808=FILL_AREA_STYLE('',(#2877));
#2809=FILL_AREA_STYLE('',(#2878));
#2810=FILL_AREA_STYLE('',(#2879));
#2811=FILL_AREA_STYLE('',(#2880));
#2812=FILL_AREA_STYLE('',(#2881));
#2813=FILL_AREA_STYLE('',(#2882));
#2814=FILL_AREA_STYLE('',(#2883));
#2815=FILL_AREA_STYLE('',(#2884));
#2816=FILL_AREA_STYLE('',(#2885));
#2817=FILL_AREA_STYLE('',(#2886));
#2818=FILL_AREA_STYLE('',(#2887));
#2819=FILL_AREA_STYLE('',(#2888));
#2820=FILL_AREA_STYLE('',(#2889));
#2821=FILL_AREA_STYLE('',(#2890));
#2822=FILL_AREA_STYLE('',(#2891));
#2823=FILL_AREA_STYLE('',(#2892));
#2824=FILL_AREA_STYLE('',(#2893));
#2825=FILL_AREA_STYLE('',(#2894));
#2826=FILL_AREA_STYLE('',(#2895));
#2827=FILL_AREA_STYLE('',(#2896));
#2828=FILL_AREA_STYLE('',(#2897));
#2829=FILL_AREA_STYLE('',(#2898));
#2830=FILL_AREA_STYLE('',(#2899));
#2831=FILL_AREA_STYLE('',(#2900));
#2832=FILL_AREA_STYLE('',(#2901));
#2833=FILL_AREA_STYLE('',(#2902));
#2834=FILL_AREA_STYLE('',(#2903));
#2835=FILL_AREA_STYLE('',(#2904));
#2836=FILL_AREA_STYLE('',(#2905));
#2837=FILL_AREA_STYLE('',(#2906));
#2838=FILL_AREA_STYLE('',(#2907));
#2839=FILL_AREA_STYLE('',(#2908));
#2840=FILL_AREA_STYLE('',(#2909));
#2841=FILL_AREA_STYLE('',(#2910));
#2842=FILL_AREA_STYLE('',(#2911));
#2843=FILL_AREA_STYLE('',(#2912));
#2844=FILL_AREA_STYLE('',(#2913));
#2845=FILL_AREA_STYLE('',(#2914));
#2846=FILL_AREA_STYLE('',(#2915));
#2847=FILL_AREA_STYLE('',(#2916));
#2848=FILL_AREA_STYLE('',(#2917));
#2849=FILL_AREA_STYLE('',(#2918));
#2850=FILL_AREA_STYLE('',(#2919));
#2851=FILL_AREA_STYLE('',(#2920));
#2852=FILL_AREA_STYLE('',(#2921));
#2853=FILL_AREA_STYLE('',(#2922));
#2854=FILL_AREA_STYLE('',(#2923));
#2855=FILL_AREA_STYLE_COLOUR('',#2924);
#2856=FILL_AREA_STYLE_COLOUR('',#2924);
#2857=FILL_AREA_STYLE_COLOUR('',#2924);
#2858=FILL_AREA_STYLE_COLOUR('',#2924);
#2859=FILL_AREA_STYLE_COLOUR('',#2924);
#2860=FILL_AREA_STYLE_COLOUR('',#2924);
#2861=FILL_AREA_STYLE_COLOUR('',#27);
#2862=FILL_AREA_STYLE_COLOUR('',#2924);
#2863=FILL_AREA_STYLE_COLOUR('',#2924);
#2864=FILL_AREA_STYLE_COLOUR('',#2924);
#2865=FILL_AREA_STYLE_COLOUR('',#2924);
#2866=FILL_AREA_STYLE_COLOUR('',#2924);
#2867=FILL_AREA_STYLE_COLOUR('',#2924);
#2868=FILL_AREA_STYLE_COLOUR('',#2924);
#2869=FILL_AREA_STYLE_COLOUR('',#2924);
#2870=FILL_AREA_STYLE_COLOUR('',#2924);
#2871=FILL_AREA_STYLE_COLOUR('',#2924);
#2872=FILL_AREA_STYLE_COLOUR('',#2924);
#2873=FILL_AREA_STYLE_COLOUR('',#2924);
#2874=FILL_AREA_STYLE_COLOUR('',#2924);
#2875=FILL_AREA_STYLE_COLOUR('',#2924);
#2876=FILL_AREA_STYLE_COLOUR('',#2924);
#2877=FILL_AREA_STYLE_COLOUR('',#2924);
#2878=FILL_AREA_STYLE_COLOUR('',#2924);
#2879=FILL_AREA_STYLE_COLOUR('',#2924);
#2880=FILL_AREA_STYLE_COLOUR('',#2924);
#2881=FILL_AREA_STYLE_COLOUR('',#2924);
#2882=FILL_AREA_STYLE_COLOUR('',#2924);
#2883=FILL_AREA_STYLE_COLOUR('',#2924);
#2884=FILL_AREA_STYLE_COLOUR('',#2924);
#2885=FILL_AREA_STYLE_COLOUR('',#2924);
#2886=FILL_AREA_STYLE_COLOUR('',#2924);
#2887=FILL_AREA_STYLE_COLOUR('',#2924);
#2888=FILL_AREA_STYLE_COLOUR('',#2924);
#2889=FILL_AREA_STYLE_COLOUR('',#2924);
#2890=FILL_AREA_STYLE_COLOUR('',#2924);
#2891=FILL_AREA_STYLE_COLOUR('',#2924);
#2892=FILL_AREA_STYLE_COLOUR('',#2924);
#2893=FILL_AREA_STYLE_COLOUR('',#2924);
#2894=FILL_AREA_STYLE_COLOUR('',#2924);
#2895=FILL_AREA_STYLE_COLOUR('',#2924);
#2896=FILL_AREA_STYLE_COLOUR('',#2924);
#2897=FILL_AREA_STYLE_COLOUR('',#2924);
#2898=FILL_AREA_STYLE_COLOUR('',#2924);
#2899=FILL_AREA_STYLE_COLOUR('',#2924);
#2900=FILL_AREA_STYLE_COLOUR('',#2924);
#2901=FILL_AREA_STYLE_COLOUR('',#2924);
#2902=FILL_AREA_STYLE_COLOUR('',#2924);
#2903=FILL_AREA_STYLE_COLOUR('',#2924);
#2904=FILL_AREA_STYLE_COLOUR('',#2924);
#2905=FILL_AREA_STYLE_COLOUR('',#2924);
#2906=FILL_AREA_STYLE_COLOUR('',#2924);
#2907=FILL_AREA_STYLE_COLOUR('',#2924);
#2908=FILL_AREA_STYLE_COLOUR('',#2924);
#2909=FILL_AREA_STYLE_COLOUR('',#2924);
#2910=FILL_AREA_STYLE_COLOUR('',#2925);
#2911=FILL_AREA_STYLE_COLOUR('',#27);
#2912=FILL_AREA_STYLE_COLOUR('',#27);
#2913=FILL_AREA_STYLE_COLOUR('',#2924);
#2914=FILL_AREA_STYLE_COLOUR('',#2924);
#2915=FILL_AREA_STYLE_COLOUR('',#2924);
#2916=FILL_AREA_STYLE_COLOUR('',#2924);
#2917=FILL_AREA_STYLE_COLOUR('',#2924);
#2918=FILL_AREA_STYLE_COLOUR('',#2924);
#2919=FILL_AREA_STYLE_COLOUR('',#2924);
#2920=FILL_AREA_STYLE_COLOUR('',#2924);
#2921=FILL_AREA_STYLE_COLOUR('',#2924);
#2922=FILL_AREA_STYLE_COLOUR('',#2924);
#2923=FILL_AREA_STYLE_COLOUR('',#27);
#2924=COLOUR_RGB('',0.87058824300766,0.633254885673523,0.172549024224281);
#2925=COLOUR_RGB('',0.506983280181885,0.531564235687256,0.550000011920929);
#2926=MANIFOLD_SOLID_BREP('60312042114504_Shelding',#2437);
#2927=MANIFOLD_SOLID_BREP('',#2438);
#2928=SHAPE_DEFINITION_REPRESENTATION(#7748,#2929);
#2929=SHAPE_REPRESENTATION('60312042114504',(#2930),#7743);
#2930=AXIS2_PLACEMENT_3D('',#3872,#3182,#3183);
#2931=AXIS2_PLACEMENT_3D('',#3873,#3184,#3185);
#2932=AXIS2_PLACEMENT_3D('',#3874,#3186,#3187);
#2933=AXIS2_PLACEMENT_3D('',#3879,#3189,#3190);
#2934=AXIS2_PLACEMENT_3D('',#3883,#3192,#3193);
#2935=AXIS2_PLACEMENT_3D('',#3887,#3195,#3196);
#2936=AXIS2_PLACEMENT_3D('',#3891,#3198,#3199);
#2937=AXIS2_PLACEMENT_3D('',#3895,#3201,#3202);
#2938=AXIS2_PLACEMENT_3D('',#3899,#3204,#3205);
#2939=AXIS2_PLACEMENT_3D('',#3903,#3207,#3208);
#2940=AXIS2_PLACEMENT_3D('',#3907,#3210,#3211);
#2941=AXIS2_PLACEMENT_3D('',#3911,#3213,#3214);
#2942=AXIS2_PLACEMENT_3D('',#3915,#3216,#3217);
#2943=AXIS2_PLACEMENT_3D('',#3919,#3219,#3220);
#2944=AXIS2_PLACEMENT_3D('',#3923,#3222,#3223);
#2945=AXIS2_PLACEMENT_3D('',#3927,#3225,#3226);
#2946=AXIS2_PLACEMENT_3D('',#3931,#3228,#3229);
#2947=AXIS2_PLACEMENT_3D('',#3935,#3231,#3232);
#2948=AXIS2_PLACEMENT_3D('',#3939,#3234,#3235);
#2949=AXIS2_PLACEMENT_3D('',#3943,#3237,#3238);
#2950=AXIS2_PLACEMENT_3D('',#3947,#3240,#3241);
#2951=AXIS2_PLACEMENT_3D('',#3951,#3243,#3244);
#2952=AXIS2_PLACEMENT_3D('',#3955,#3246,#3247);
#2953=AXIS2_PLACEMENT_3D('',#3956,#3248,#3249);
#2954=AXIS2_PLACEMENT_3D('',#3957,#3250,#3251);
#2955=AXIS2_PLACEMENT_3D('',#3959,#3252,#3253);
#2956=AXIS2_PLACEMENT_3D('',#3964,#3255,#3256);
#2957=AXIS2_PLACEMENT_3D('',#3968,#3258,#3259);
#2958=AXIS2_PLACEMENT_3D('',#3972,#3261,#3262);
#2959=AXIS2_PLACEMENT_3D('',#3976,#3264,#3265);
#2960=AXIS2_PLACEMENT_3D('',#3980,#3267,#3268);
#2961=AXIS2_PLACEMENT_3D('',#3984,#3270,#3271);
#2962=AXIS2_PLACEMENT_3D('',#3988,#3273,#3274);
#2963=AXIS2_PLACEMENT_3D('',#3992,#3276,#3277);
#2964=AXIS2_PLACEMENT_3D('',#3996,#3279,#3280);
#2965=AXIS2_PLACEMENT_3D('',#4000,#3282,#3283);
#2966=AXIS2_PLACEMENT_3D('',#4004,#3285,#3286);
#2967=AXIS2_PLACEMENT_3D('',#4008,#3288,#3289);
#2968=AXIS2_PLACEMENT_3D('',#4012,#3291,#3292);
#2969=AXIS2_PLACEMENT_3D('',#4016,#3294,#3295);
#2970=AXIS2_PLACEMENT_3D('',#4020,#3297,#3298);
#2971=AXIS2_PLACEMENT_3D('',#4024,#3300,#3301);
#2972=AXIS2_PLACEMENT_3D('',#4028,#3303,#3304);
#2973=AXIS2_PLACEMENT_3D('',#4032,#3306,#3307);
#2974=AXIS2_PLACEMENT_3D('',#4036,#3309,#3310);
#2975=AXIS2_PLACEMENT_3D('',#4039,#3312,#3313);
#2976=AXIS2_PLACEMENT_3D('',#4042,#3316,#3317);
#2977=AXIS2_PLACEMENT_3D('',#4045,#3320,#3321);
#2978=AXIS2_PLACEMENT_3D('',#4048,#3324,#3325);
#2979=AXIS2_PLACEMENT_3D('',#4051,#3328,#3329);
#2980=AXIS2_PLACEMENT_3D('',#4054,#3332,#3333);
#2981=AXIS2_PLACEMENT_3D('',#4057,#3336,#3337);
#2982=AXIS2_PLACEMENT_3D('',#4060,#3340,#3341);
#2983=AXIS2_PLACEMENT_3D('',#4063,#3344,#3345);
#2984=AXIS2_PLACEMENT_3D('',#4066,#3348,#3349);
#2985=AXIS2_PLACEMENT_3D('',#4069,#3352,#3353);
#2986=AXIS2_PLACEMENT_3D('',#4070,#3354,#3355);
#2987=AXIS2_PLACEMENT_3D('',#4072,#3356,#3357);
#2988=AXIS2_PLACEMENT_3D('',#4074,#3358,#3359);
#2989=AXIS2_PLACEMENT_3D('',#4076,#3361,#3362);
#2990=AXIS2_PLACEMENT_3D('',#4078,#3364,#3365);
#2991=AXIS2_PLACEMENT_3D('',#4079,#3366,#3367);
#2992=AXIS2_PLACEMENT_3D('',#4081,#3369,#3370);
#2993=AXIS2_PLACEMENT_3D('',#4083,#3372,#3373);
#2994=AXIS2_PLACEMENT_3D('',#4084,#3374,#3375);
#2995=AXIS2_PLACEMENT_3D('',#4086,#3377,#3378);
#2996=AXIS2_PLACEMENT_3D('',#4088,#3380,#3381);
#2997=AXIS2_PLACEMENT_3D('',#4089,#3382,#3383);
#2998=AXIS2_PLACEMENT_3D('',#4091,#3385,#3386);
#2999=AXIS2_PLACEMENT_3D('',#4093,#3388,#3389);
#3000=AXIS2_PLACEMENT_3D('',#4094,#3390,#3391);
#3001=AXIS2_PLACEMENT_3D('',#4096,#3393,#3394);
#3002=AXIS2_PLACEMENT_3D('',#4098,#3396,#3397);
#3003=AXIS2_PLACEMENT_3D('',#4099,#3398,#3399);
#3004=AXIS2_PLACEMENT_3D('',#4101,#3401,#3402);
#3005=AXIS2_PLACEMENT_3D('',#4103,#3404,#3405);
#3006=AXIS2_PLACEMENT_3D('',#4104,#3406,#3407);
#3007=AXIS2_PLACEMENT_3D('',#4106,#3409,#3410);
#3008=AXIS2_PLACEMENT_3D('',#4108,#3412,#3413);
#3009=AXIS2_PLACEMENT_3D('',#4109,#3414,#3415);
#3010=AXIS2_PLACEMENT_3D('',#4111,#3417,#3418);
#3011=AXIS2_PLACEMENT_3D('',#4113,#3420,#3421);
#3012=AXIS2_PLACEMENT_3D('',#4114,#3422,#3423);
#3013=AXIS2_PLACEMENT_3D('',#4116,#3425,#3426);
#3014=AXIS2_PLACEMENT_3D('',#4118,#3428,#3429);
#3015=AXIS2_PLACEMENT_3D('',#4119,#3430,#3431);
#3016=AXIS2_PLACEMENT_3D('',#4121,#3433,#3434);
#3017=AXIS2_PLACEMENT_3D('',#4123,#3436,#3437);
#3018=AXIS2_PLACEMENT_3D('',#4124,#3438,#3439);
#3019=AXIS2_PLACEMENT_3D('',#4125,#3440,#3441);
#3020=AXIS2_PLACEMENT_3D('',#4126,#3442,#3443);
#3021=AXIS2_PLACEMENT_3D('',#4127,#3444,#3445);
#3022=AXIS2_PLACEMENT_3D('',#4129,#3446,#3447);
#3023=AXIS2_PLACEMENT_3D('',#4134,#3449,#3450);
#3024=AXIS2_PLACEMENT_3D('',#4138,#3452,#3453);
#3025=AXIS2_PLACEMENT_3D('',#4142,#3455,#3456);
#3026=AXIS2_PLACEMENT_3D('',#4146,#3458,#3459);
#3027=AXIS2_PLACEMENT_3D('',#4150,#3461,#3462);
#3028=AXIS2_PLACEMENT_3D('',#4153,#3464,#3465);
#3029=AXIS2_PLACEMENT_3D('',#4154,#3466,#3467);
#3030=AXIS2_PLACEMENT_3D('',#4159,#3469,#3470);
#3031=AXIS2_PLACEMENT_3D('',#4163,#3472,#3473);
#3032=AXIS2_PLACEMENT_3D('',#4167,#3475,#3476);
#3033=AXIS2_PLACEMENT_3D('',#4171,#3478,#3479);
#3034=AXIS2_PLACEMENT_3D('',#4175,#3481,#3482);
#3035=AXIS2_PLACEMENT_3D('',#4179,#3484,#3485);
#3036=AXIS2_PLACEMENT_3D('',#4180,#3486,#3487);
#3037=AXIS2_PLACEMENT_3D('',#4181,#3488,#3489);
#3038=AXIS2_PLACEMENT_3D('',#4189,#3490,#3491);
#3039=AXIS2_PLACEMENT_3D('',#4200,#3492,#3493);
#3040=AXIS2_PLACEMENT_3D('',#4201,#3494,#3495);
#3041=AXIS2_PLACEMENT_3D('',#4212,#3496,#3497);
#3042=AXIS2_PLACEMENT_3D('',#4218,#3498,#3499);
#3043=AXIS2_PLACEMENT_3D('',#4241,#3502,#3503);
#3044=AXIS2_PLACEMENT_3D('',#4261,#3505,#3506);
#3045=AXIS2_PLACEMENT_3D('',#4281,#3508,#3509);
#3046=AXIS2_PLACEMENT_3D('',#4301,#3511,#3512);
#3047=AXIS2_PLACEMENT_3D('',#4321,#3514,#3515);
#3048=AXIS2_PLACEMENT_3D('',#4338,#3516,#3517);
#3049=AXIS2_PLACEMENT_3D('',#4700,#3518,#3519);
#3050=AXIS2_PLACEMENT_3D('',#4868,#3520,#3521);
#3051=AXIS2_PLACEMENT_3D('',#4869,#3522,#3523);
#3052=AXIS2_PLACEMENT_3D('',#4870,#3524,#3525);
#3053=AXIS2_PLACEMENT_3D('',#4871,#3526,#3527);
#3054=AXIS2_PLACEMENT_3D('',#4872,#3528,#3529);
#3055=AXIS2_PLACEMENT_3D('',#4873,#3530,#3531);
#3056=AXIS2_PLACEMENT_3D('',#4874,#3532,#3533);
#3057=AXIS2_PLACEMENT_3D('',#4875,#3534,#3535);
#3058=AXIS2_PLACEMENT_3D('',#4876,#3536,#3537);
#3059=AXIS2_PLACEMENT_3D('',#4877,#3538,#3539);
#3060=AXIS2_PLACEMENT_3D('',#4878,#3540,#3541);
#3061=AXIS2_PLACEMENT_3D('',#4879,#3542,#3543);
#3062=AXIS2_PLACEMENT_3D('',#4880,#3544,#3545);
#3063=AXIS2_PLACEMENT_3D('',#4881,#3546,#3547);
#3064=AXIS2_PLACEMENT_3D('',#4883,#3548,#3549);
#3065=AXIS2_PLACEMENT_3D('',#4885,#3550,#3551);
#3066=AXIS2_PLACEMENT_3D('',#4886,#3552,#3553);
#3067=AXIS2_PLACEMENT_3D('',#4888,#3554,#3555);
#3068=AXIS2_PLACEMENT_3D('',#4890,#3556,#3557);
#3069=AXIS2_PLACEMENT_3D('',#4891,#3558,#3559);
#3070=AXIS2_PLACEMENT_3D('',#4892,#3560,#3561);
#3071=AXIS2_PLACEMENT_3D('',#4893,#3562,#3563);
#3072=AXIS2_PLACEMENT_3D('',#4895,#3564,#3565);
#3073=AXIS2_PLACEMENT_3D('',#4896,#3566,#3567);
#3074=AXIS2_PLACEMENT_3D('',#4904,#3568,#3569);
#3075=AXIS2_PLACEMENT_3D('',#4910,#3570,#3571);
#3076=AXIS2_PLACEMENT_3D('',#4912,#3572,#3573);
#3077=AXIS2_PLACEMENT_3D('',#4913,#3574,#3575);
#3078=AXIS2_PLACEMENT_3D('',#4915,#3576,#3577);
#3079=AXIS2_PLACEMENT_3D('',#4916,#3578,#3579);
#3080=AXIS2_PLACEMENT_3D('',#4918,#3580,#3581);
#3081=AXIS2_PLACEMENT_3D('',#4926,#3585,#3586);
#3082=AXIS2_PLACEMENT_3D('',#4927,#3587,#3588);
#3083=AXIS2_PLACEMENT_3D('',#4933,#3592,#3593);
#3084=AXIS2_PLACEMENT_3D('',#4934,#3594,#3595);
#3085=AXIS2_PLACEMENT_3D('',#4939,#3598,#3599);
#3086=AXIS2_PLACEMENT_3D('',#4945,#3603,#3604);
#3087=AXIS2_PLACEMENT_3D('',#4946,#3605,#3606);
#3088=AXIS2_PLACEMENT_3D('',#4951,#3609,#3610);
#3089=AXIS2_PLACEMENT_3D('',#4959,#3614,#3615);
#3090=AXIS2_PLACEMENT_3D('',#4960,#3616,#3617);
#3091=AXIS2_PLACEMENT_3D('',#4966,#3621,#3622);
#3092=AXIS2_PLACEMENT_3D('',#4971,#3625,#3626);
#3093=AXIS2_PLACEMENT_3D('',#4972,#3627,#3628);
#3094=AXIS2_PLACEMENT_3D('',#4978,#3632,#3633);
#3095=AXIS2_PLACEMENT_3D('',#4979,#3634,#3635);
#3096=AXIS2_PLACEMENT_3D('',#4984,#3638,#3639);
#3097=AXIS2_PLACEMENT_3D('',#4985,#3640,#3641);
#3098=AXIS2_PLACEMENT_3D('',#4993,#3645,#3646);
#3099=AXIS2_PLACEMENT_3D('',#4999,#3650,#3651);
#3100=AXIS2_PLACEMENT_3D('',#5002,#3653,#3654);
#3101=AXIS2_PLACEMENT_3D('',#5005,#3656,#3657);
#3102=AXIS2_PLACEMENT_3D('',#5011,#3661,#3662);
#3103=AXIS2_PLACEMENT_3D('',#5014,#3664,#3665);
#3104=AXIS2_PLACEMENT_3D('',#5017,#3667,#3668);
#3105=AXIS2_PLACEMENT_3D('',#5018,#3669,#3670);
#3106=AXIS2_PLACEMENT_3D('',#5020,#3671,#3672);
#3107=AXIS2_PLACEMENT_3D('',#5026,#3675,#3676);
#3108=AXIS2_PLACEMENT_3D('',#5029,#3678,#3679);
#3109=AXIS2_PLACEMENT_3D('',#5035,#3683,#3684);
#3110=AXIS2_PLACEMENT_3D('',#5040,#3687,#3688);
#3111=AXIS2_PLACEMENT_3D('',#5041,#3689,#3690);
#3112=AXIS2_PLACEMENT_3D('',#5047,#3694,#3695);
#3113=AXIS2_PLACEMENT_3D('',#5048,#3696,#3697);
#3114=AXIS2_PLACEMENT_3D('',#5053,#3700,#3701);
#3115=AXIS2_PLACEMENT_3D('',#5059,#3705,#3706);
#3116=AXIS2_PLACEMENT_3D('',#5063,#3709,#3710);
#3117=AXIS2_PLACEMENT_3D('',#5067,#3713,#3714);
#3118=AXIS2_PLACEMENT_3D('',#5073,#3718,#3719);
#3119=AXIS2_PLACEMENT_3D('',#5077,#3722,#3723);
#3120=AXIS2_PLACEMENT_3D('',#5081,#3726,#3727);
#3121=AXIS2_PLACEMENT_3D('',#5087,#3731,#3732);
#3122=AXIS2_PLACEMENT_3D('',#5091,#3735,#3736);
#3123=AXIS2_PLACEMENT_3D('',#5095,#3739,#3740);
#3124=AXIS2_PLACEMENT_3D('',#5096,#3741,#3742);
#3125=AXIS2_PLACEMENT_3D('',#5097,#3743,#3744);
#3126=AXIS2_PLACEMENT_3D('',#5098,#3745,#3746);
#3127=AXIS2_PLACEMENT_3D('',#5103,#3749,#3750);
#3128=AXIS2_PLACEMENT_3D('',#5104,#3751,#3752);
#3129=AXIS2_PLACEMENT_3D('',#5108,#3755,#3756);
#3130=AXIS2_PLACEMENT_3D('',#5112,#3759,#3760);
#3131=AXIS2_PLACEMENT_3D('',#5114,#3762,#3763);
#3132=AXIS2_PLACEMENT_3D('',#5115,#3764,#3765);
#3133=AXIS2_PLACEMENT_3D('',#5117,#3766,#3767);
#3134=AXIS2_PLACEMENT_3D('',#5118,#3768,#3769);
#3135=AXIS2_PLACEMENT_3D('',#5119,#3770,#3771);
#3136=AXIS2_PLACEMENT_3D('',#6399,#3772,#3773);
#3137=AXIS2_PLACEMENT_3D('',#6400,#3774,#3775);
#3138=AXIS2_PLACEMENT_3D('',#7666,#3776,#3777);
#3139=AXIS2_PLACEMENT_3D('',#7667,#3778,#3779);
#3140=AXIS2_PLACEMENT_3D('',#7668,#3780,#3781);
#3141=AXIS2_PLACEMENT_3D('',#7669,#3782,#3783);
#3142=AXIS2_PLACEMENT_3D('',#7671,#3784,#3785);
#3143=AXIS2_PLACEMENT_3D('',#7672,#3786,#3787);
#3144=AXIS2_PLACEMENT_3D('',#7674,#3788,#3789);
#3145=AXIS2_PLACEMENT_3D('',#7675,#3790,#3791);
#3146=AXIS2_PLACEMENT_3D('',#7677,#3792,#3793);
#3147=AXIS2_PLACEMENT_3D('',#7678,#3794,#3795);
#3148=AXIS2_PLACEMENT_3D('',#7680,#3796,#3797);
#3149=AXIS2_PLACEMENT_3D('',#7681,#3798,#3799);
#3150=AXIS2_PLACEMENT_3D('',#7686,#3801,#3802);
#3151=AXIS2_PLACEMENT_3D('',#7690,#3804,#3805);
#3152=AXIS2_PLACEMENT_3D('',#7694,#3807,#3808);
#3153=AXIS2_PLACEMENT_3D('',#7697,#3810,#3811);
#3154=AXIS2_PLACEMENT_3D('',#7698,#3812,#3813);
#3155=AXIS2_PLACEMENT_3D('',#7700,#3814,#3815);
#3156=AXIS2_PLACEMENT_3D('',#7702,#3816,#3817);
#3157=AXIS2_PLACEMENT_3D('',#7703,#3818,#3819);
#3158=AXIS2_PLACEMENT_3D('',#7704,#3820,#3821);
#3159=AXIS2_PLACEMENT_3D('',#7707,#3822,#3823);
#3160=AXIS2_PLACEMENT_3D('',#7708,#3824,#3825);
#3161=AXIS2_PLACEMENT_3D('',#7709,#3826,#3827);
#3162=AXIS2_PLACEMENT_3D('',#7710,#3828,#3829);
#3163=AXIS2_PLACEMENT_3D('',#7712,#3830,#3831);
#3164=AXIS2_PLACEMENT_3D('',#7714,#3832,#3833);
#3165=AXIS2_PLACEMENT_3D('',#7715,#3834,#3835);
#3166=AXIS2_PLACEMENT_3D('',#7716,#3836,#3837);
#3167=AXIS2_PLACEMENT_3D('',#7718,#3838,#3839);
#3168=AXIS2_PLACEMENT_3D('',#7720,#3840,#3841);
#3169=AXIS2_PLACEMENT_3D('',#7721,#3842,#3843);
#3170=AXIS2_PLACEMENT_3D('',#7726,#3848,#3849);
#3171=AXIS2_PLACEMENT_3D('',#7727,#3850,#3851);
#3172=AXIS2_PLACEMENT_3D('',#7728,#3852,#3853);
#3173=AXIS2_PLACEMENT_3D('',#7729,#3854,#3855);
#3174=AXIS2_PLACEMENT_3D('',#7730,#3856,#3857);
#3175=AXIS2_PLACEMENT_3D('',#7731,#3858,#3859);
#3176=AXIS2_PLACEMENT_3D('',#7733,#3860,#3861);
#3177=AXIS2_PLACEMENT_3D('',#7735,#3862,#3863);
#3178=AXIS2_PLACEMENT_3D('',#7736,#3864,#3865);
#3179=AXIS2_PLACEMENT_3D('',#7738,#3866,#3867);
#3180=AXIS2_PLACEMENT_3D('',#7739,#3868,#3869);
#3181=AXIS2_PLACEMENT_3D('',#7741,#3870,#3871);
#3182=DIRECTION('',(0.,0.,1.));
#3183=DIRECTION('',(1.,0.,0.));
#3184=DIRECTION('',(-9.98244829963245E-17,-3.41269996936449E-17,1.));
#3185=DIRECTION('',(0.795455380227409,0.606012159999506,1.00087298876494E-16));
#3186=DIRECTION('',(-9.98244829963245E-17,-3.41269996936449E-17,1.));
#3187=DIRECTION('',(0.795455380227409,0.606012159999506,1.00087298876494E-16));
#3188=DIRECTION('',(0.971552826996557,-0.23682293882772,8.89027022977271E-17));
#3189=DIRECTION('',(-9.98244829963245E-17,-3.41269996936449E-17,1.));
#3190=DIRECTION('',(-0.0227029820785324,0.999742254085893,3.18518901504488E-17));
#3191=DIRECTION('',(-0.959800898711466,-0.280681732274585,-1.05390453884626E-16));
#3192=DIRECTION('',(-9.98244829963245E-17,-3.41269996936449E-17,1.));
#3193=DIRECTION('',(-0.606012159999506,0.795455380227409,-3.33483450441076E-17));
#3194=DIRECTION('',(0.925198383993834,0.379483794456626,1.05308093688384E-16));
#3195=DIRECTION('',(-9.98244829963245E-17,-3.41269996936449E-17,1.));
#3196=DIRECTION('',(-0.606012159999506,0.795455380227409,-3.33483450441076E-17));
#3197=DIRECTION('',(-0.611503406850657,-0.791241798320867,-8.80457200482532E-17));
#3198=DIRECTION('',(-9.98244829963245E-17,-3.41269996936449E-17,1.));
#3199=DIRECTION('',(-0.606012159999506,0.795455380227409,-3.33483450441076E-17));
#3200=DIRECTION('',(0.525457205365067,0.850820031105247,8.14894288031371E-17));
#3201=DIRECTION('',(-9.98244829963245E-17,-3.41269996936449E-17,1.));
#3202=DIRECTION('',(-0.957827373703452,0.28734425726704,-8.58084249999515E-17));
#3203=DIRECTION('',(-0.0296492728951015,-0.999560363668344,-3.70717195626596E-17));
#3204=DIRECTION('',(-9.98244829963245E-17,-3.41269996936449E-17,1.));
#3205=DIRECTION('',(-0.606012159999506,0.795455380227409,-3.33483450441076E-17));
#3206=DIRECTION('',(-0.0750049481177924,0.997183161589608,2.65435392820517E-17));
#3207=DIRECTION('',(-9.98244829963245E-17,-3.41269996936449E-17,1.));
#3208=DIRECTION('',(-0.943792260270177,-0.330539210161382,-1.05493885961318E-16));
#3209=DIRECTION('',(0.563547771274346,-0.826083476103788,2.80641143752734E-17));
#3210=DIRECTION('',(-9.98244829963245E-17,-3.41269996936449E-17,1.));
#3211=DIRECTION('',(-0.606012159999506,0.795455380227409,-3.33483450441076E-17));
#3212=DIRECTION('',(-0.64680826552519,0.762652652029937,-3.85402538816183E-17));
#3213=DIRECTION('',(-9.98244829963245E-17,-3.41269996936449E-17,1.));
#3214=DIRECTION('',(-0.569259595435919,-0.822157839471311,-8.48838251408526E-17));
#3215=DIRECTION('',(0.941478715337533,-0.337072438158904,8.24793550168279E-17));
#3216=DIRECTION('',(-9.98244829963245E-17,-3.41269996936449E-17,1.));
#3217=DIRECTION('',(-0.606012159999506,0.795455380227409,-3.33483450441076E-17));
#3218=DIRECTION('',(-0.971552826669652,0.236822940168828,-8.8902702219326E-17));
#3219=DIRECTION('',(-9.98244829963245E-17,-3.41269996936449E-17,1.));
#3220=DIRECTION('',(0.022702980698512,-0.999742254117231,-3.18518902892781E-17));
#3221=DIRECTION('',(0.959800899098913,0.280681730949698,1.05390453878088E-16));
#3222=DIRECTION('',(-9.98244829963245E-17,-3.41269996936449E-17,1.));
#3223=DIRECTION('',(-0.606012159999506,0.795455380227409,-3.33483450441076E-17));
#3224=DIRECTION('',(-0.925198384517667,-0.379483793179496,-1.05308093697091E-16));
#3225=DIRECTION('',(-9.98244829963245E-17,-3.41269996936449E-17,1.));
#3226=DIRECTION('',(0.606012158901472,-0.795455381063939,3.33483449059486E-17));
#3227=DIRECTION('',(0.611503407942875,0.791241797476757,8.80457201284764E-17));
#3228=DIRECTION('',(-9.98244829963245E-17,-3.41269996936449E-17,1.));
#3229=DIRECTION('',(-0.606012159999506,0.795455380227409,-3.33483450441076E-17));
#3230=DIRECTION('',(-0.525457206539532,-0.850820030379911,-8.14894288956238E-17));
#3231=DIRECTION('',(-9.98244829963245E-17,-3.41269996936449E-17,1.));
#3232=DIRECTION('',(0.957827373306805,-0.287344258589217,8.58084249152345E-17));
#3233=DIRECTION('',(0.0296492742748862,0.999560363627416,3.70717196989992E-17));
#3234=DIRECTION('',(-9.98244829963245E-17,-3.41269996936449E-17,1.));
#3235=DIRECTION('',(-0.606012159999506,0.795455380227409,-3.33483450441076E-17));
#3236=DIRECTION('',(0.0750049477744146,-0.997183161615436,-2.65435393172106E-17));
#3237=DIRECTION('',(-9.98244829963245E-17,-3.41269996936449E-17,1.));
#3238=DIRECTION('',(0.943792260383997,0.33053920983639,1.05493885961589E-16));
#3239=DIRECTION('',(-0.563547770989886,0.826083476297844,-2.80641143402548E-17));
#3240=DIRECTION('',(-9.98244829963245E-17,-3.41269996936449E-17,1.));
#3241=DIRECTION('',(-0.606012159999506,0.795455380227409,-3.33483450441076E-17));
#3242=DIRECTION('',(0.646808266577942,-0.762652651137094,3.85402540171788E-17));
#3243=DIRECTION('',(-9.98244829963245E-17,-3.41269996936449E-17,1.));
#3244=DIRECTION('',(0.569259594301026,0.822157840257107,8.48838250543795E-17));
#3245=DIRECTION('',(-0.941478715802822,0.337072436859304,-8.24793551076266E-17));
#3246=DIRECTION('',(-9.98244829963245E-17,-3.41269996936449E-17,1.));
#3247=DIRECTION('',(-0.606012159999506,0.795455380227409,-3.33483450441076E-17));
#3248=DIRECTION('',(-9.98244829963245E-17,-3.41269996936449E-17,1.));
#3249=DIRECTION('',(0.795455380227409,0.606012159999506,1.00087298876494E-16));
#3250=DIRECTION('',(-9.98244829963245E-17,-3.41269996936449E-17,1.));
#3251=DIRECTION('',(0.795455380227409,0.606012159999506,1.00087298876494E-16));
#3252=DIRECTION('',(-9.98244829963245E-17,-3.41269996936449E-17,1.));
#3253=DIRECTION('',(-0.0227029820785324,0.999742254085893,3.18518901504488E-17));
#3254=DIRECTION('',(0.971552826996557,-0.23682293882772,8.89027022977271E-17));
#3255=DIRECTION('',(-9.98244829963245E-17,-3.41269996936449E-17,1.));
#3256=DIRECTION('',(-0.606012159999506,0.795455380227409,-3.33483450441076E-17));
#3257=DIRECTION('',(-0.941478715802822,0.337072436859304,-8.24793551076266E-17));
#3258=DIRECTION('',(-9.98244829963245E-17,-3.41269996936449E-17,1.));
#3259=DIRECTION('',(0.569259594301026,0.822157840257107,8.48838250543795E-17));
#3260=DIRECTION('',(0.646808266577942,-0.762652651137094,3.85402540171788E-17));
#3261=DIRECTION('',(-9.98244829963245E-17,-3.41269996936449E-17,1.));
#3262=DIRECTION('',(-0.606012159999506,0.795455380227409,-3.33483450441076E-17));
#3263=DIRECTION('',(-0.563547770989886,0.826083476297844,-2.80641143402548E-17));
#3264=DIRECTION('',(-9.98244829963245E-17,-3.41269996936449E-17,1.));
#3265=DIRECTION('',(0.943792260383997,0.33053920983639,1.05493885961589E-16));
#3266=DIRECTION('',(0.0750049477744146,-0.997183161615436,-2.65435393172106E-17));
#3267=DIRECTION('',(-9.98244829963245E-17,-3.41269996936449E-17,1.));
#3268=DIRECTION('',(-0.606012159999506,0.795455380227409,-3.33483450441076E-17));
#3269=DIRECTION('',(0.0296492742748862,0.999560363627416,3.70717196989992E-17));
#3270=DIRECTION('',(-9.98244829963245E-17,-3.41269996936449E-17,1.));
#3271=DIRECTION('',(0.957827373306805,-0.287344258589217,8.58084249152345E-17));
#3272=DIRECTION('',(-0.525457206539532,-0.850820030379911,-8.14894288956238E-17));
#3273=DIRECTION('',(-9.98244829963245E-17,-3.41269996936449E-17,1.));
#3274=DIRECTION('',(-0.606012159999506,0.795455380227409,-3.33483450441076E-17));
#3275=DIRECTION('',(0.611503407942875,0.791241797476757,8.80457201284764E-17));
#3276=DIRECTION('',(-9.98244829963245E-17,-3.41269996936449E-17,1.));
#3277=DIRECTION('',(0.606012158901472,-0.795455381063939,3.33483449059486E-17));
#3278=DIRECTION('',(-0.925198384517667,-0.379483793179496,-1.05308093697091E-16));
#3279=DIRECTION('',(-9.98244829963245E-17,-3.41269996936449E-17,1.));
#3280=DIRECTION('',(-0.606012159999506,0.795455380227409,-3.33483450441076E-17));
#3281=DIRECTION('',(0.959800899098913,0.280681730949698,1.05390453878088E-16));
#3282=DIRECTION('',(-9.98244829963245E-17,-3.41269996936449E-17,1.));
#3283=DIRECTION('',(0.022702980698512,-0.999742254117231,-3.18518902892781E-17));
#3284=DIRECTION('',(-0.971552826669652,0.236822940168828,-8.8902702219326E-17));
#3285=DIRECTION('',(-9.98244829963245E-17,-3.41269996936449E-17,1.));
#3286=DIRECTION('',(-0.606012159999506,0.795455380227409,-3.33483450441076E-17));
#3287=DIRECTION('',(0.941478715337533,-0.337072438158904,8.24793550168279E-17));
#3288=DIRECTION('',(-9.98244829963245E-17,-3.41269996936449E-17,1.));
#3289=DIRECTION('',(-0.569259595435919,-0.822157839471311,-8.48838251408526E-17));
#3290=DIRECTION('',(-0.64680826552519,0.762652652029937,-3.85402538816183E-17));
#3291=DIRECTION('',(-9.98244829963245E-17,-3.41269996936449E-17,1.));
#3292=DIRECTION('',(-0.606012159999506,0.795455380227409,-3.33483450441076E-17));
#3293=DIRECTION('',(0.563547771274346,-0.826083476103788,2.80641143752734E-17));
#3294=DIRECTION('',(-9.98244829963245E-17,-3.41269996936449E-17,1.));
#3295=DIRECTION('',(-0.943792260270177,-0.330539210161382,-1.05493885961318E-16));
#3296=DIRECTION('',(-0.0750049481177924,0.997183161589608,2.65435392820517E-17));
#3297=DIRECTION('',(-9.98244829963245E-17,-3.41269996936449E-17,1.));
#3298=DIRECTION('',(-0.606012159999506,0.795455380227409,-3.33483450441076E-17));
#3299=DIRECTION('',(-0.0296492728951015,-0.999560363668344,-3.70717195626596E-17));
#3300=DIRECTION('',(-9.98244829963245E-17,-3.41269996936449E-17,1.));
#3301=DIRECTION('',(-0.957827373703452,0.28734425726704,-8.58084249999515E-17));
#3302=DIRECTION('',(0.525457205365067,0.850820031105247,8.14894288031371E-17));
#3303=DIRECTION('',(-9.98244829963245E-17,-3.41269996936449E-17,1.));
#3304=DIRECTION('',(-0.606012159999506,0.795455380227409,-3.33483450441076E-17));
#3305=DIRECTION('',(-0.611503406850657,-0.791241798320867,-8.80457200482532E-17));
#3306=DIRECTION('',(-9.98244829963245E-17,-3.41269996936449E-17,1.));
#3307=DIRECTION('',(-0.606012159999506,0.795455380227409,-3.33483450441076E-17));
#3308=DIRECTION('',(0.925198383993834,0.379483794456626,1.05308093688384E-16));
#3309=DIRECTION('',(-9.98244829963245E-17,-3.41269996936449E-17,1.));
#3310=DIRECTION('',(-0.606012159999506,0.795455380227409,-3.33483450441076E-17));
#3311=DIRECTION('',(-0.959800898711466,-0.280681732274585,-1.05390453884626E-16));
#3312=DIRECTION('',(9.98244829963245E-17,3.41269996936449E-17,-1.));
#3313=DIRECTION('',(-0.795455380227409,-0.606012159999506,-1.00087298876494E-16));
#3314=DIRECTION('',(9.98244829963245E-17,3.41269996936449E-17,-1.));
#3315=DIRECTION('',(9.98244829963245E-17,3.41269996936449E-17,-1.));
#3316=DIRECTION('',(9.98244829963245E-17,3.41269996936449E-17,-1.));
#3317=DIRECTION('',(-0.795455380227409,-0.606012159999506,-1.00087298876494E-16));
#3318=DIRECTION('',(9.98244829963245E-17,3.41269996936449E-17,-1.));
#3319=DIRECTION('',(9.98244829963245E-17,3.41269996936449E-17,-1.));
#3320=DIRECTION('',(9.98244829963245E-17,3.41269996936449E-17,-1.));
#3321=DIRECTION('',(-0.795455380227409,-0.606012159999506,-1.00087298876494E-16));
#3322=DIRECTION('',(9.98244829963245E-17,3.41269996936449E-17,-1.));
#3323=DIRECTION('',(9.98244829963245E-17,3.41269996936449E-17,-1.));
#3324=DIRECTION('',(9.98244829963245E-17,3.41269996936449E-17,-1.));
#3325=DIRECTION('',(-0.795455380227409,-0.606012159999506,-1.00087298876494E-16));
#3326=DIRECTION('',(9.98244829963245E-17,3.41269996936449E-17,-1.));
#3327=DIRECTION('',(9.98244829963245E-17,3.41269996936449E-17,-1.));
#3328=DIRECTION('',(9.98244829963245E-17,3.41269996936449E-17,-1.));
#3329=DIRECTION('',(-0.795455380227409,-0.606012159999506,-1.00087298876494E-16));
#3330=DIRECTION('',(9.98244829963245E-17,3.41269996936449E-17,-1.));
#3331=DIRECTION('',(9.98244829963245E-17,3.41269996936449E-17,-1.));
#3332=DIRECTION('',(9.98244829963245E-17,3.41269996936449E-17,-1.));
#3333=DIRECTION('',(-0.795455380227409,-0.606012159999506,-1.00087298876494E-16));
#3334=DIRECTION('',(9.98244829963245E-17,3.41269996936449E-17,-1.));
#3335=DIRECTION('',(9.98244829963245E-17,3.41269996936449E-17,-1.));
#3336=DIRECTION('',(9.98244829963245E-17,3.41269996936449E-17,-1.));
#3337=DIRECTION('',(-0.795455380227409,-0.606012159999506,-1.00087298876494E-16));
#3338=DIRECTION('',(9.98244829963245E-17,3.41269996936449E-17,-1.));
#3339=DIRECTION('',(9.98244829963245E-17,3.41269996936449E-17,-1.));
#3340=DIRECTION('',(9.98244829963245E-17,3.41269996936449E-17,-1.));
#3341=DIRECTION('',(-0.795455380227409,-0.606012159999506,-1.00087298876494E-16));
#3342=DIRECTION('',(9.98244829963245E-17,3.41269996936449E-17,-1.));
#3343=DIRECTION('',(9.98244829963245E-17,3.41269996936449E-17,-1.));
#3344=DIRECTION('',(9.98244829963245E-17,3.41269996936449E-17,-1.));
#3345=DIRECTION('',(-0.795455380227409,-0.606012159999506,-1.00087298876494E-16));
#3346=DIRECTION('',(9.98244829963245E-17,3.41269996936449E-17,-1.));
#3347=DIRECTION('',(9.98244829963245E-17,3.41269996936449E-17,-1.));
#3348=DIRECTION('',(9.98244829963245E-17,3.41269996936449E-17,-1.));
#3349=DIRECTION('',(-0.795455380227409,-0.606012159999506,-1.00087298876494E-16));
#3350=DIRECTION('',(9.98244829963245E-17,3.41269996936449E-17,-1.));
#3351=DIRECTION('',(9.98244829963245E-17,3.41269996936449E-17,-1.));
#3352=DIRECTION('',(-9.98244829963245E-17,-3.41269996936449E-17,1.));
#3353=DIRECTION('',(0.795455380227409,0.606012159999506,1.00087298876494E-16));
#3354=DIRECTION('',(-9.98244829963245E-17,-3.41269996936449E-17,1.));
#3355=DIRECTION('',(0.795455380227409,0.606012159999506,1.00087298876494E-16));
#3356=DIRECTION('',(-9.98244829963245E-17,-3.41269996936449E-17,1.));
#3357=DIRECTION('',(0.795455380227409,0.606012159999506,1.00087298876494E-16));
#3358=DIRECTION('',(-0.379483794456626,0.925198383993834,-6.30752861999779E-18));
#3359=DIRECTION('',(-0.925198383993834,-0.379483794456626,-1.05308093688384E-16));
#3360=DIRECTION('',(9.98244829963245E-17,3.41269996936449E-17,-1.));
#3361=DIRECTION('',(9.98244829963245E-17,3.41269996936449E-17,-1.));
#3362=DIRECTION('',(-0.795455380227409,-0.606012159999506,-1.00087298876494E-16));
#3363=DIRECTION('',(9.98244829963245E-17,3.41269996936449E-17,-1.));
#3364=DIRECTION('',(0.791241798320867,-0.611503406850657,5.81165268642074E-17));
#3365=DIRECTION('',(0.611503406850657,0.791241798320867,8.80457200482532E-17));
#3366=DIRECTION('',(-0.850820031105247,0.525457205365067,-6.70003918414809E-17));
#3367=DIRECTION('',(-0.525457205365067,-0.850820031105247,-8.14894288031371E-17));
#3368=DIRECTION('',(9.98244829963245E-17,3.41269996936449E-17,-1.));
#3369=DIRECTION('',(9.98244829963245E-17,3.41269996936449E-17,-1.));
#3370=DIRECTION('',(-0.795455380227409,-0.606012159999506,-1.00087298876494E-16));
#3371=DIRECTION('',(9.98244829963245E-17,3.41269996936449E-17,-1.));
#3372=DIRECTION('',(0.999560363668344,-0.0296492728951016,9.87687557998026E-17));
#3373=DIRECTION('',(0.0296492728951016,0.999560363668344,3.70717195626596E-17));
#3374=DIRECTION('',(-0.997183161589608,-0.0750049481177924,-1.02102987399761E-16));
#3375=DIRECTION('',(0.0750049481177924,-0.997183161589608,-2.65435392820517E-17));
#3376=DIRECTION('',(9.98244829963245E-17,3.41269996936449E-17,-1.));
#3377=DIRECTION('',(9.98244829963245E-17,3.41269996936449E-17,-1.));
#3378=DIRECTION('',(-0.795455380227409,-0.606012159999506,-1.00087298876494E-16));
#3379=DIRECTION('',(9.98244829963245E-17,3.41269996936449E-17,-1.));
#3380=DIRECTION('',(0.826083476103788,0.563547771274346,1.01695550531501E-16));
#3381=DIRECTION('',(-0.563547771274346,0.826083476103788,-2.80641143752734E-17));
#3382=DIRECTION('',(-0.762652652029936,-0.64680826552519,-9.82050321740894E-17));
#3383=DIRECTION('',(0.64680826552519,-0.762652652029937,3.85402538816183E-17));
#3384=DIRECTION('',(9.98244829963245E-17,3.41269996936449E-17,-1.));
#3385=DIRECTION('',(9.98244829963245E-17,3.41269996936449E-17,-1.));
#3386=DIRECTION('',(-0.795455380227409,-0.606012159999506,-1.00087298876494E-16));
#3387=DIRECTION('',(9.98244829963245E-17,3.41269996936449E-17,-1.));
#3388=DIRECTION('',(0.337072438158904,0.941478715337533,6.57779257014204E-17));
#3389=DIRECTION('',(-0.941478715337533,0.337072438158904,-8.24793550168279E-17));
#3390=DIRECTION('',(-0.236822940168828,-0.971552826669652,-5.67969105821379E-17));
#3391=DIRECTION('',(0.971552826669652,-0.236822940168828,8.89027022193261E-17));
#3392=DIRECTION('',(9.98244829963245E-17,3.41269996936449E-17,-1.));
#3393=DIRECTION('',(9.98244829963245E-17,3.41269996936449E-17,-1.));
#3394=DIRECTION('',(-0.795455380227409,-0.606012159999506,-1.00087298876494E-16));
#3395=DIRECTION('',(9.98244829963245E-17,3.41269996936449E-17,-1.));
#3396=DIRECTION('',(-0.280681730949698,0.959800899098913,4.73621631094163E-18));
#3397=DIRECTION('',(-0.959800899098913,-0.280681730949698,-1.05390453878088E-16));
#3398=DIRECTION('',(0.379483793179496,-0.925198384517667,6.30752847463209E-18));
#3399=DIRECTION('',(0.925198384517667,0.379483793179496,1.05308093697091E-16));
#3400=DIRECTION('',(9.98244829963245E-17,3.41269996936449E-17,-1.));
#3401=DIRECTION('',(9.98244829963245E-17,3.41269996936449E-17,-1.));
#3402=DIRECTION('',(-0.795455380227409,-0.606012159999506,-1.00087298876494E-16));
#3403=DIRECTION('',(9.98244829963245E-17,3.41269996936449E-17,-1.));
#3404=DIRECTION('',(-0.791241797476757,0.611503407942875,-5.81165267426704E-17));
#3405=DIRECTION('',(-0.611503407942875,-0.791241797476757,-8.80457201284764E-17));
#3406=DIRECTION('',(0.850820030379911,-0.525457206539532,6.70003917289936E-17));
#3407=DIRECTION('',(0.525457206539532,0.850820030379911,8.14894288956238E-17));
#3408=DIRECTION('',(9.98244829963245E-17,3.41269996936449E-17,-1.));
#3409=DIRECTION('',(9.98244829963245E-17,3.41269996936449E-17,-1.));
#3410=DIRECTION('',(-0.795455380227409,-0.606012159999506,-1.00087298876494E-16));
#3411=DIRECTION('',(9.98244829963245E-17,3.41269996936449E-17,-1.));
#3412=DIRECTION('',(-0.999560363627416,0.0296492742748861,-9.87687557486291E-17));
#3413=DIRECTION('',(-0.0296492742748861,-0.999560363627416,-3.70717196989992E-17));
#3414=DIRECTION('',(0.997183161615436,0.0750049477744145,1.02102987390621E-16));
#3415=DIRECTION('',(-0.0750049477744145,0.997183161615436,2.65435393172106E-17));
#3416=DIRECTION('',(9.98244829963245E-17,3.41269996936449E-17,-1.));
#3417=DIRECTION('',(9.98244829963245E-17,3.41269996936449E-17,-1.));
#3418=DIRECTION('',(-0.795455380227409,-0.606012159999506,-1.00087298876494E-16));
#3419=DIRECTION('',(9.98244829963245E-17,3.41269996936449E-17,-1.));
#3420=DIRECTION('',(-0.826083476297844,-0.563547770989886,-1.01695550541165E-16));
#3421=DIRECTION('',(0.563547770989886,-0.826083476297844,2.80641143402548E-17));
#3422=DIRECTION('',(0.762652651137094,0.646808266577942,9.82050321208891E-17));
#3423=DIRECTION('',(-0.646808266577942,0.762652651137094,-3.85402540171788E-17));
#3424=DIRECTION('',(9.98244829963245E-17,3.41269996936449E-17,-1.));
#3425=DIRECTION('',(9.98244829963245E-17,3.41269996936449E-17,-1.));
#3426=DIRECTION('',(-0.795455380227409,-0.606012159999506,-1.00087298876494E-16));
#3427=DIRECTION('',(9.98244829963245E-17,3.41269996936449E-17,-1.));
#3428=DIRECTION('',(-0.337072436859304,-0.941478715802822,-6.57779255875673E-17));
#3429=DIRECTION('',(0.941478715802822,-0.337072436859304,8.24793551076266E-17));
#3430=DIRECTION('',(0.23682293882772,0.971552826996557,5.67969104594187E-17));
#3431=DIRECTION('',(-0.971552826996557,0.23682293882772,-8.89027022977271E-17));
#3432=DIRECTION('',(9.98244829963245E-17,3.41269996936449E-17,-1.));
#3433=DIRECTION('',(9.98244829963245E-17,3.41269996936449E-17,-1.));
#3434=DIRECTION('',(-0.795455380227409,-0.606012159999506,-1.00087298876494E-16));
#3435=DIRECTION('',(9.98244829963245E-17,3.41269996936449E-17,-1.));
#3436=DIRECTION('',(0.280681732274584,-0.959800898711466,-4.73621616546317E-18));
#3437=DIRECTION('',(0.959800898711466,0.280681732274584,1.05390453884626E-16));
#3438=DIRECTION('',(-9.98244829963245E-17,-3.41269996936449E-17,1.));
#3439=DIRECTION('',(0.795455380227409,0.606012159999506,1.00087298876494E-16));
#3440=DIRECTION('',(-9.98244829963245E-17,-3.41269996936449E-17,1.));
#3441=DIRECTION('',(0.795455380227409,0.606012159999506,1.00087298876494E-16));
#3442=DIRECTION('',(-1.24378798357386E-19,-6.32984605483953E-17,-1.));
#3443=DIRECTION('',(-0.468198693826777,0.883623213309213,-5.58737551163688E-17));
#3444=DIRECTION('',(-1.24378798357386E-19,-6.32984605483953E-17,-1.));
#3445=DIRECTION('',(-0.468198693826777,0.883623213309213,-5.58737551163688E-17));
#3446=DIRECTION('',(-1.24378798357386E-19,-6.32984605483953E-17,-1.));
#3447=DIRECTION('',(-0.468198693826777,0.883623213309213,-5.58737551163688E-17));
#3448=DIRECTION('',(0.883623148982724,0.468198815229016,-2.97461682200505E-17));
#3449=DIRECTION('',(-1.24378798357386E-19,-6.32984605483953E-17,-1.));
#3450=DIRECTION('',(-0.468198693826777,0.883623213309213,-5.58737551163688E-17));
#3451=DIRECTION('',(0.847283496553094,-0.531140919595509,3.35150184414854E-17));
#3452=DIRECTION('',(-1.24378798357386E-19,-6.32984605483953E-17,-1.));
#3453=DIRECTION('',(-0.468198693826777,0.883623213309213,-5.58737551163688E-17));
#3454=DIRECTION('',(-0.0363395064812577,-0.999339502005549,6.32611719063003E-17));
#3455=DIRECTION('',(-1.24378798357386E-19,-6.32984605483953E-17,-1.));
#3456=DIRECTION('',(-0.468198693826777,0.883623213309213,-5.58737551163688E-17));
#3457=DIRECTION('',(-0.883623277635686,-0.46819857242453,2.9746152866902E-17));
#3458=DIRECTION('',(-1.24378798357386E-19,-6.32984605483953E-17,-1.));
#3459=DIRECTION('',(-0.468198693826777,0.883623213309213,-5.58737551163688E-17));
#3460=DIRECTION('',(-0.847283642501467,0.531140686776533,-3.35150036862497E-17));
#3461=DIRECTION('',(-1.24378798357386E-19,-6.32984605483953E-17,-1.));
#3462=DIRECTION('',(-0.468198693826777,0.883623213309213,-5.58737551163688E-17));
#3463=DIRECTION('',(0.0363397810825917,0.999339492020039,-6.32611713083874E-17));
#3464=DIRECTION('',(-1.24378798357386E-19,-6.32984605483953E-17,-1.));
#3465=DIRECTION('',(-0.468198693826777,0.883623213309213,-5.58737551163688E-17));
#3466=DIRECTION('',(-1.24378798357386E-19,-6.32984605483953E-17,-1.));
#3467=DIRECTION('',(-0.468198693826777,0.883623213309213,-5.58737551163688E-17));
#3468=DIRECTION('',(0.883623148982724,0.468198815229016,-2.97461682200505E-17));
#3469=DIRECTION('',(-1.24378798357386E-19,-6.32984605483953E-17,-1.));
#3470=DIRECTION('',(-0.468198693826777,0.883623213309213,-5.58737551163688E-17));
#3471=DIRECTION('',(0.0363397810825917,0.999339492020039,-6.32611713083874E-17));
#3472=DIRECTION('',(-1.24378798357386E-19,-6.32984605483953E-17,-1.));
#3473=DIRECTION('',(-0.468198693826777,0.883623213309213,-5.58737551163688E-17));
#3474=DIRECTION('',(-0.847283642501467,0.531140686776533,-3.35150036862497E-17));
#3475=DIRECTION('',(-1.24378798357386E-19,-6.32984605483953E-17,-1.));
#3476=DIRECTION('',(-0.468198693826777,0.883623213309213,-5.58737551163688E-17));
#3477=DIRECTION('',(-0.883623277635686,-0.46819857242453,2.9746152866902E-17));
#3478=DIRECTION('',(-1.24378798357386E-19,-6.32984605483953E-17,-1.));
#3479=DIRECTION('',(-0.468198693826777,0.883623213309213,-5.58737551163688E-17));
#3480=DIRECTION('',(-0.0363395064812577,-0.999339502005549,6.32611719063003E-17));
#3481=DIRECTION('',(-1.24378798357386E-19,-6.32984605483953E-17,-1.));
#3482=DIRECTION('',(-0.468198693826777,0.883623213309213,-5.58737551163688E-17));
#3483=DIRECTION('',(0.847283496553094,-0.531140919595509,3.35150184414854E-17));
#3484=DIRECTION('',(-1.24378798357386E-19,-6.32984605483953E-17,-1.));
#3485=DIRECTION('',(-0.468198693826777,0.883623213309213,-5.58737551163688E-17));
#3486=DIRECTION('',(-1.24378798357386E-19,-6.32984605483953E-17,-1.));
#3487=DIRECTION('',(-0.468198693826777,0.883623213309213,-5.58737551163688E-17));
#3488=DIRECTION('',(-1.24378798357386E-19,-6.32984605483953E-17,-1.));
#3489=DIRECTION('',(-0.468198693826777,0.883623213309213,-5.58737551163688E-17));
#3490=DIRECTION('',(-1.24378798357386E-19,-6.32984605483953E-17,-1.));
#3491=DIRECTION('',(-0.468198693826777,0.883623213309213,-5.58737551163688E-17));
#3492=DIRECTION('',(1.24378798357386E-19,6.32984605483953E-17,1.));
#3493=DIRECTION('',(0.468198693826777,-0.883623213309213,5.58737551163688E-17));
#3494=DIRECTION('',(-1.24378798357386E-19,-6.32984605483953E-17,-1.));
#3495=DIRECTION('',(-0.468198693826777,0.883623213309213,-5.58737551163688E-17));
#3496=DIRECTION('',(1.24378798357386E-19,6.32984605483953E-17,1.));
#3497=DIRECTION('',(0.468198693826777,-0.883623213309213,5.58737551163688E-17));
#3498=DIRECTION('',(-0.999339502005549,0.0363395064812576,-2.17593817094152E-18));
#3499=DIRECTION('',(-0.0363395064812577,-0.999339502005549,6.32611719063003E-17));
#3500=DIRECTION('',(1.24378798357386E-19,6.32984605483953E-17,1.));
#3501=DIRECTION('',(1.24378798357386E-19,6.32984605483953E-17,1.));
#3502=DIRECTION('',(-0.46819857242453,0.883623277635686,-5.58737592032354E-17));
#3503=DIRECTION('',(-0.883623277635686,-0.46819857242453,2.9746152866902E-17));
#3504=DIRECTION('',(1.24378798357386E-19,6.32984605483953E-17,1.));
#3505=DIRECTION('',(0.531140686776533,0.847283642501467,-5.36978128585597E-17));
#3506=DIRECTION('',(-0.847283642501467,0.531140686776533,-3.35150036862497E-17));
#3507=DIRECTION('',(1.24378798357386E-19,6.32984605483953E-17,1.));
#3508=DIRECTION('',(0.999339492020039,-0.0363397810825917,2.17595555402522E-18));
#3509=DIRECTION('',(0.0363397810825917,0.999339492020039,-6.32611713083874E-17));
#3510=DIRECTION('',(1.24378798357386E-19,6.32984605483953E-17,1.));
#3511=DIRECTION('',(0.468198815229016,-0.883623148982724,5.58737510295012E-17));
#3512=DIRECTION('',(0.883623148982724,0.468198815229016,-2.97461682200505E-17));
#3513=DIRECTION('',(1.24378798357386E-19,6.32984605483953E-17,1.));
#3514=DIRECTION('',(-0.531140919595509,-0.847283496553094,5.36978036492102E-17));
#3515=DIRECTION('',(0.847283496553094,-0.531140919595509,3.35150184414854E-17));
#3516=DIRECTION('',(-1.24378798357386E-19,-6.32984605483953E-17,-1.));
#3517=DIRECTION('',(-0.468198693826777,0.883623213309213,-5.58737551163688E-17));
#3518=DIRECTION('',(-8.58823259656328E-17,2.25617411523109E-16,1.));
#3519=DIRECTION('',(0.468198693826777,-0.883623213309213,2.39570774988472E-16));
#3520=DIRECTION('',(-1.24424480606814E-19,-6.32984847537004E-17,-1.));
#3521=DIRECTION('',(0.883623213309213,0.468198693826777,-2.97462122422649E-17));
#3522=DIRECTION('',(-1.24424480606814E-19,-6.32984847537004E-17,-1.));
#3523=DIRECTION('',(0.883623213309213,0.468198693826777,-2.97462122422649E-17));
#3524=DIRECTION('',(-1.24424480606814E-19,-6.32984847537004E-17,-1.));
#3525=DIRECTION('',(0.883623213309213,0.468198693826777,-2.97462122422649E-17));
#3526=DIRECTION('',(-1.24424480606814E-19,-6.32984847537004E-17,-1.));
#3527=DIRECTION('',(0.883623213309213,0.468198693826777,-2.97462122422649E-17));
#3528=DIRECTION('',(-1.24424480606814E-19,-6.32984847537004E-17,-1.));
#3529=DIRECTION('',(0.883623213309213,0.468198693826777,-2.97462122422649E-17));
#3530=DIRECTION('',(-1.24424480606814E-19,-6.32984847537004E-17,-1.));
#3531=DIRECTION('',(0.883623213309213,0.468198693826777,-2.97462122422649E-17));
#3532=DIRECTION('',(-1.24333116107958E-19,-6.32984363430902E-17,-1.));
#3533=DIRECTION('',(0.883623213309213,0.468198693826777,-2.97461088446883E-17));
#3534=DIRECTION('',(-1.24333116107958E-19,-6.32984363430902E-17,-1.));
#3535=DIRECTION('',(0.883623213309213,0.468198693826777,-2.97461088446883E-17));
#3536=DIRECTION('',(-1.24333116107958E-19,-6.32984363430902E-17,-1.));
#3537=DIRECTION('',(0.883623213309213,0.468198693826777,-2.97461088446883E-17));
#3538=DIRECTION('',(-1.24333116107958E-19,-6.32984363430902E-17,-1.));
#3539=DIRECTION('',(0.883623213309213,0.468198693826777,-2.97461088446883E-17));
#3540=DIRECTION('',(-1.24333116107958E-19,-6.32984363430902E-17,-1.));
#3541=DIRECTION('',(0.883623213309213,0.468198693826777,-2.97461088446883E-17));
#3542=DIRECTION('',(-1.24333116107958E-19,-6.32984363430902E-17,-1.));
#3543=DIRECTION('',(0.883623213309213,0.468198693826777,-2.97461088446883E-17));
#3544=DIRECTION('',(1.89476898563206E-16,-5.32608956387228E-16,-1.));
#3545=DIRECTION('',(1.,-6.93889390390723E-17,-1.58653051571607E-16));
#3546=DIRECTION('',(1.89476898563206E-16,-5.32608956387228E-16,-1.));
#3547=DIRECTION('',(-1.,6.93889390390723E-17,1.58653051571607E-16));
#3548=DIRECTION('',(-8.45690954056505E-18,2.18847671522085E-17,1.));
#3549=DIRECTION('',(0.,-1.,2.18847671522085E-17));
#3550=DIRECTION('',(1.89476898563206E-16,-5.32608956387228E-16,-1.));
#3551=DIRECTION('',(1.,-6.93889390390723E-17,-1.58653051571607E-16));
#3552=DIRECTION('',(1.89476898563206E-16,-5.32608956387228E-16,-1.));
#3553=DIRECTION('',(-1.,6.93889390390723E-17,1.58653051571607E-16));
#3554=DIRECTION('',(1.89476898563206E-16,-5.32608956387228E-16,-1.));
#3555=DIRECTION('',(-1.,6.93889390390723E-17,1.58653051571607E-16));
#3556=DIRECTION('',(1.89476898563206E-16,-5.32608956387228E-16,-1.));
#3557=DIRECTION('',(1.,-6.93889390390723E-17,-1.58653051571607E-16));
#3558=DIRECTION('',(1.89476898563206E-16,-5.32608956387228E-16,-1.));
#3559=DIRECTION('',(1.,-6.93889390390723E-17,-1.58653051571607E-16));
#3560=DIRECTION('',(-8.45690954056505E-18,2.18847671522085E-17,1.));
#3561=DIRECTION('',(0.654871615200415,-0.755740145555865,2.20773871234999E-17));
#3562=DIRECTION('',(0.,0.,-1.));
#3563=DIRECTION('',(-1.,0.,0.));
#3564=DIRECTION('',(-1.03759503420558E-17,-1.16942013695489E-16,1.));
#3565=DIRECTION('',(0.,-1.,-1.16942013695489E-16));
#3566=DIRECTION('',(-1.03759503420558E-17,-1.16942013695489E-16,1.));
#3567=DIRECTION('',(0.,-1.,-1.16942013695489E-16));
#3568=DIRECTION('',(1.03759503420558E-17,1.16942013695489E-16,-1.));
#3569=DIRECTION('',(0.,1.,1.16942013695489E-16));
#3570=DIRECTION('',(1.03759503420558E-17,1.16942013695489E-16,-1.));
#3571=DIRECTION('',(0.,1.,1.16942013695489E-16));
#3572=DIRECTION('',(1.03759503420558E-17,1.16942013695489E-16,-1.));
#3573=DIRECTION('',(0.,1.,1.16942013695489E-16));
#3574=DIRECTION('',(1.03759503420558E-17,1.16942013695489E-16,-1.));
#3575=DIRECTION('',(0.,1.,1.16942013695489E-16));
#3576=DIRECTION('',(0.,0.,1.));
#3577=DIRECTION('',(1.,0.,0.));
#3578=DIRECTION('',(0.,0.,-1.));
#3579=DIRECTION('',(-1.,0.,0.));
#3580=DIRECTION('',(0.,0.,-1.));
#3581=DIRECTION('',(-1.,0.,0.));
#3582=DIRECTION('',(1.,0.,0.));
#3583=DIRECTION('',(0.,-1.,0.));
#3584=DIRECTION('',(-1.,-3.55558445790668E-15,0.));
#3585=DIRECTION('',(0.,0.,-1.));
#3586=DIRECTION('',(0.,1.,0.));
#3587=DIRECTION('',(0.,-1.,0.));
#3588=DIRECTION('',(0.,0.,-1.));
#3589=DIRECTION('',(0.,0.,1.));
#3590=DIRECTION('',(1.,0.,0.));
#3591=DIRECTION('',(0.,0.,1.));
#3592=DIRECTION('',(0.,0.,1.));
#3593=DIRECTION('',(1.,0.,0.));
#3594=DIRECTION('',(0.,0.,1.));
#3595=DIRECTION('',(0.,1.,0.));
#3596=DIRECTION('',(-1.,0.,0.));
#3597=DIRECTION('',(0.,1.,0.));
#3598=DIRECTION('',(0.,1.,0.));
#3599=DIRECTION('',(0.,0.,1.));
#3600=DIRECTION('',(-1.,0.,0.));
#3601=DIRECTION('',(0.,0.,1.));
#3602=DIRECTION('',(0.,0.,1.));
#3603=DIRECTION('',(0.,0.,-1.));
#3604=DIRECTION('',(-1.,0.,0.));
#3605=DIRECTION('',(0.,0.,-1.));
#3606=DIRECTION('',(0.,1.,0.));
#3607=DIRECTION('',(1.,-2.58587960575031E-15,0.));
#3608=DIRECTION('',(0.,-1.,0.));
#3609=DIRECTION('',(0.,0.,1.));
#3610=DIRECTION('',(1.,0.,0.));
#3611=DIRECTION('',(1.,0.,0.));
#3612=DIRECTION('',(0.,-1.,0.));
#3613=DIRECTION('',(-1.,-2.58587960575031E-15,0.));
#3614=DIRECTION('',(0.,0.,1.));
#3615=DIRECTION('',(0.,1.,0.));
#3616=DIRECTION('',(0.,-1.,0.));
#3617=DIRECTION('',(0.,0.,-1.));
#3618=DIRECTION('',(0.,0.,1.));
#3619=DIRECTION('',(1.,0.,0.));
#3620=DIRECTION('',(0.,0.,1.));
#3621=DIRECTION('',(0.,0.,-1.));
#3622=DIRECTION('',(-1.,0.,0.));
#3623=DIRECTION('',(-1.,0.,0.));
#3624=DIRECTION('',(0.,1.,0.));
#3625=DIRECTION('',(0.,0.,-1.));
#3626=DIRECTION('',(0.,1.,0.));
#3627=DIRECTION('',(0.,1.,0.));
#3628=DIRECTION('',(0.,0.,1.));
#3629=DIRECTION('',(-1.,0.,0.));
#3630=DIRECTION('',(0.,0.,1.));
#3631=DIRECTION('',(0.,0.,1.));
#3632=DIRECTION('',(0.,0.,1.));
#3633=DIRECTION('',(1.,0.,0.));
#3634=DIRECTION('',(0.,0.,1.));
#3635=DIRECTION('',(0.,1.,0.));
#3636=DIRECTION('',(1.,-3.55558445790668E-15,0.));
#3637=DIRECTION('',(0.,-1.,0.));
#3638=DIRECTION('',(0.,0.,-1.));
#3639=DIRECTION('',(-1.,0.,0.));
#3640=DIRECTION('',(0.,0.,-1.));
#3641=DIRECTION('',(0.,1.,0.));
#3642=DIRECTION('',(-2.53016249422663E-16,-1.,0.));
#3643=DIRECTION('',(1.,0.,0.));
#3644=DIRECTION('',(-3.23234950718789E-16,-1.,0.));
#3645=DIRECTION('',(-1.,2.53016249422663E-16,0.));
#3646=DIRECTION('',(-2.53016249422663E-16,-1.,0.));
#3647=DIRECTION('',(0.,0.,1.));
#3648=DIRECTION('',(-2.53016249422663E-16,-1.,0.));
#3649=DIRECTION('',(0.,0.,1.));
#3650=DIRECTION('',(0.,0.,-1.));
#3651=DIRECTION('',(-1.,0.,0.));
#3652=DIRECTION('',(1.,0.,0.));
#3653=DIRECTION('',(0.,0.,-1.));
#3654=DIRECTION('',(0.,1.,0.));
#3655=DIRECTION('',(0.,1.,0.));
#3656=DIRECTION('',(1.,0.,0.));
#3657=DIRECTION('',(0.,0.,-1.));
#3658=DIRECTION('',(0.,1.,0.));
#3659=DIRECTION('',(0.,0.,1.));
#3660=DIRECTION('',(0.,0.,1.));
#3661=DIRECTION('',(0.,0.,-1.));
#3662=DIRECTION('',(-1.,0.,0.));
#3663=DIRECTION('',(1.,0.,0.));
#3664=DIRECTION('',(0.,0.,-1.));
#3665=DIRECTION('',(0.,1.,0.));
#3666=DIRECTION('',(-3.23234950718789E-16,1.,0.));
#3667=DIRECTION('',(0.,0.,-1.));
#3668=DIRECTION('',(-1.,0.,0.));
#3669=DIRECTION('',(0.,0.,-1.));
#3670=DIRECTION('',(1.,0.,0.));
#3671=DIRECTION('',(0.,0.,1.));
#3672=DIRECTION('',(1.,0.,0.));
#3673=DIRECTION('',(1.,0.,0.));
#3674=DIRECTION('',(-2.53016249422663E-16,1.,0.));
#3675=DIRECTION('',(0.,0.,1.));
#3676=DIRECTION('',(0.,-1.,0.));
#3677=DIRECTION('',(-3.23234950718789E-16,1.,0.));
#3678=DIRECTION('',(1.,2.53016249422663E-16,0.));
#3679=DIRECTION('',(-2.53016249422663E-16,1.,0.));
#3680=DIRECTION('',(0.,0.,1.));
#3681=DIRECTION('',(-2.53016249422663E-16,1.,0.));
#3682=DIRECTION('',(0.,0.,1.));
#3683=DIRECTION('',(0.,0.,1.));
#3684=DIRECTION('',(1.,0.,0.));
#3685=DIRECTION('',(1.,0.,0.));
#3686=DIRECTION('',(0.,-1.,0.));
#3687=DIRECTION('',(0.,0.,1.));
#3688=DIRECTION('',(0.,-1.,0.));
#3689=DIRECTION('',(-1.,0.,0.));
#3690=DIRECTION('',(0.,0.,1.));
#3691=DIRECTION('',(0.,-1.,0.));
#3692=DIRECTION('',(0.,0.,1.));
#3693=DIRECTION('',(0.,0.,1.));
#3694=DIRECTION('',(0.,0.,1.));
#3695=DIRECTION('',(1.,0.,0.));
#3696=DIRECTION('',(0.,0.,1.));
#3697=DIRECTION('',(0.,-1.,0.));
#3698=DIRECTION('',(1.,0.,0.));
#3699=DIRECTION('',(-3.23234950718789E-16,-1.,0.));
#3700=DIRECTION('',(-2.58587960575031E-15,-1.,0.));
#3701=DIRECTION('',(1.,-2.58587960575031E-15,0.));
#3702=DIRECTION('',(1.,-2.58587960575031E-15,0.));
#3703=DIRECTION('',(0.,0.,1.));
#3704=DIRECTION('',(0.,0.,1.));
#3705=DIRECTION('',(-1.,0.,0.));
#3706=DIRECTION('',(0.,0.,1.));
#3707=DIRECTION('',(0.,-1.,0.));
#3708=DIRECTION('',(0.,0.,1.));
#3709=DIRECTION('',(-3.55558445790668E-15,1.,0.));
#3710=DIRECTION('',(-1.,-3.55558445790668E-15,0.));
#3711=DIRECTION('',(-1.,-3.55558445790668E-15,0.));
#3712=DIRECTION('',(0.,0.,1.));
#3713=DIRECTION('',(1.,3.23234950718789E-16,0.));
#3714=DIRECTION('',(-3.23234950718789E-16,1.,0.));
#3715=DIRECTION('',(-3.23234950718789E-16,1.,0.));
#3716=DIRECTION('',(0.,0.,1.));
#3717=DIRECTION('',(0.,0.,1.));
#3718=DIRECTION('',(0.,-1.,0.));
#3719=DIRECTION('',(0.,0.,-1.));
#3720=DIRECTION('',(1.,0.,0.));
#3721=DIRECTION('',(0.,0.,1.));
#3722=DIRECTION('',(-1.,3.23234950718789E-16,0.));
#3723=DIRECTION('',(-3.23234950718789E-16,-1.,0.));
#3724=DIRECTION('',(-3.23234950718789E-16,-1.,0.));
#3725=DIRECTION('',(0.,0.,1.));
#3726=DIRECTION('',(-3.55558445790668E-15,-1.,0.));
#3727=DIRECTION('',(1.,-3.55558445790668E-15,0.));
#3728=DIRECTION('',(1.,-3.55558445790668E-15,0.));
#3729=DIRECTION('',(0.,0.,1.));
#3730=DIRECTION('',(0.,0.,1.));
#3731=DIRECTION('',(-1.,0.,0.));
#3732=DIRECTION('',(0.,0.,1.));
#3733=DIRECTION('',(0.,-1.,0.));
#3734=DIRECTION('',(0.,0.,1.));
#3735=DIRECTION('',(-2.58587960575031E-15,1.,0.));
#3736=DIRECTION('',(-1.,-2.58587960575031E-15,0.));
#3737=DIRECTION('',(-1.,-2.58587960575031E-15,0.));
#3738=DIRECTION('',(0.,0.,1.));
#3739=DIRECTION('',(0.,0.,-1.));
#3740=DIRECTION('',(-1.,0.,0.));
#3741=DIRECTION('',(0.,0.,-1.));
#3742=DIRECTION('',(1.,0.,0.));
#3743=DIRECTION('',(0.,0.,-1.));
#3744=DIRECTION('',(1.,0.,0.));
#3745=DIRECTION('',(0.,0.,-1.));
#3746=DIRECTION('',(1.,0.,0.));
#3747=DIRECTION('',(0.,0.,1.));
#3748=DIRECTION('',(0.,0.,1.));
#3749=DIRECTION('',(0.,0.,-1.));
#3750=DIRECTION('',(1.,0.,0.));
#3751=DIRECTION('',(1.,3.23234950718789E-16,0.));
#3752=DIRECTION('',(-3.23234950718789E-16,1.,0.));
#3753=DIRECTION('',(-3.23234950718789E-16,1.,0.));
#3754=DIRECTION('',(0.,0.,1.));
#3755=DIRECTION('',(0.,-1.,0.));
#3756=DIRECTION('',(0.,0.,-1.));
#3757=DIRECTION('',(1.,0.,0.));
#3758=DIRECTION('',(0.,0.,1.));
#3759=DIRECTION('',(-1.,3.23234950718789E-16,0.));
#3760=DIRECTION('',(-3.23234950718789E-16,-1.,0.));
#3761=DIRECTION('',(-3.23234950718789E-16,-1.,0.));
#3762=DIRECTION('',(0.,0.,-1.));
#3763=DIRECTION('',(-1.,0.,0.));
#3764=DIRECTION('',(0.,0.,-1.));
#3765=DIRECTION('',(-1.,0.,0.));
#3766=DIRECTION('',(0.,0.,1.));
#3767=DIRECTION('',(1.,0.,0.));
#3768=DIRECTION('',(-1.03759503420558E-17,-1.16942013695489E-16,1.));
#3769=DIRECTION('',(0.,-1.,-1.16942013695489E-16));
#3770=DIRECTION('',(-1.03759503420558E-17,-1.16942013695489E-16,1.));
#3771=DIRECTION('',(0.,-1.,-1.16942013695489E-16));
#3772=DIRECTION('',(0.,1.22464679914735E-16,-1.));
#3773=DIRECTION('',(0.,1.,1.22464679914735E-16));
#3774=DIRECTION('',(0.,0.,-1.));
#3775=DIRECTION('',(-1.,0.,0.));
#3776=DIRECTION('',(0.,0.,1.));
#3777=DIRECTION('',(1.,0.,0.));
#3778=DIRECTION('',(0.,0.,-1.));
#3779=DIRECTION('',(-1.,0.,0.));
#3780=DIRECTION('',(0.,0.,-1.));
#3781=DIRECTION('',(-1.,0.,0.));
#3782=DIRECTION('',(0.,0.,-1.));
#3783=DIRECTION('',(-1.,0.,0.));
#3784=DIRECTION('',(0.,0.,-1.));
#3785=DIRECTION('',(-1.,0.,0.));
#3786=DIRECTION('',(0.,0.,-1.));
#3787=DIRECTION('',(0.,-1.,0.));
#3788=DIRECTION('',(0.,0.,-1.));
#3789=DIRECTION('',(-1.,0.,0.));
#3790=DIRECTION('',(0.,0.,-1.));
#3791=DIRECTION('',(0.,1.,0.));
#3792=DIRECTION('',(0.,0.,1.));
#3793=DIRECTION('',(1.,0.,0.));
#3794=DIRECTION('',(0.,0.,-1.));
#3795=DIRECTION('',(0.,1.,0.));
#3796=DIRECTION('',(0.,0.,-1.));
#3797=DIRECTION('',(-1.,0.,0.));
#3798=DIRECTION('',(-8.45690954056505E-18,2.18847671522085E-17,1.));
#3799=DIRECTION('',(0.755740145555865,0.654871615200415,-7.94048676611239E-18));
#3800=DIRECTION('',(-1.,6.93889390390723E-17,1.58653051571607E-16));
#3801=DIRECTION('',(1.89476898563206E-16,-5.32608956387228E-16,-1.));
#3802=DIRECTION('',(-1.,6.93889390390723E-17,1.58653051571607E-16));
#3803=DIRECTION('',(-1.,6.93889390390723E-17,1.58653051571607E-16));
#3804=DIRECTION('',(-8.45690954056505E-18,2.18847671522085E-17,1.));
#3805=DIRECTION('',(0.755740145555865,0.654871615200415,-7.94048676611239E-18));
#3806=DIRECTION('',(-1.,6.93889390390723E-17,1.58653051571607E-16));
#3807=DIRECTION('',(1.89476898563206E-16,-5.32608956387228E-16,-1.));
#3808=DIRECTION('',(-1.,6.93889390390723E-17,1.58653051571607E-16));
#3809=DIRECTION('',(-1.,6.93889390390723E-17,1.58653051571607E-16));
#3810=DIRECTION('',(8.45690954056505E-18,-2.18847671522085E-17,-1.));
#3811=DIRECTION('',(-0.654871615200415,0.755740145555865,-2.20773871234999E-17));
#3812=DIRECTION('',(1.96642128475213E-16,-0.999921884154082,-0.0124990235519266));
#3813=DIRECTION('',(1.87033674261774E-16,0.0124990235519256,-0.999921884154082));
#3814=DIRECTION('',(1.89476898563206E-16,-5.32608956387228E-16,-1.));
#3815=DIRECTION('',(0.,1.,-5.32608956387228E-16));
#3816=DIRECTION('',(-1.91905576039838E-16,0.999921884154082,-0.0124990235519254));
#3817=DIRECTION('',(1.08563899113143E-17,-0.0124990235519254,-0.999921884154082));
#3818=DIRECTION('',(8.45690954056505E-18,-2.18847671522085E-17,-1.));
#3819=DIRECTION('',(-0.654871615200415,0.755740145555865,-2.20773871234999E-17));
#3820=DIRECTION('',(1.89476898563206E-16,-5.32608956387228E-16,-1.));
#3821=DIRECTION('',(0.,1.,-5.32608956387228E-16));
#3822=DIRECTION('',(1.96642128475213E-16,-0.999921884154082,-0.0124990235519266));
#3823=DIRECTION('',(1.87033674261774E-16,0.0124990235519256,-0.999921884154082));
#3824=DIRECTION('',(-1.91905576039838E-16,0.999921884154082,-0.0124990235519254));
#3825=DIRECTION('',(1.08563899113143E-17,-0.0124990235519254,-0.999921884154082));
#3826=DIRECTION('',(-1.89476898563206E-16,5.32608956387228E-16,1.));
#3827=DIRECTION('',(-1.,6.93889390390723E-17,1.58653051571607E-16));
#3828=DIRECTION('',(-1.91905576039838E-16,0.999921884154082,-0.0124990235519254));
#3829=DIRECTION('',(-1.91890520568212E-16,0.0124990235519264,0.999921884154082));
#3830=DIRECTION('',(1.89476898563206E-16,-5.32608956387228E-16,-1.));
#3831=DIRECTION('',(-1.,6.93889390390723E-17,1.58653051571607E-16));
#3832=DIRECTION('',(-1.91905576039838E-16,0.999921884154082,-0.0124990235519254));
#3833=DIRECTION('',(-1.91890520568212E-16,0.0124990235519264,0.999921884154082));
#3834=DIRECTION('',(-1.89476898563206E-16,5.32608956387228E-16,1.));
#3835=DIRECTION('',(-1.,6.93889390390723E-17,1.58653051571607E-16));
#3836=DIRECTION('',(1.96642128475213E-16,-0.999921884154082,-0.0124990235519266));
#3837=DIRECTION('',(-1.87033674261774E-16,-0.0124990235519256,0.999921884154082));
#3838=DIRECTION('',(1.89476898563206E-16,-5.32608956387228E-16,-1.));
#3839=DIRECTION('',(-1.,6.93889390390723E-17,1.58653051571607E-16));
#3840=DIRECTION('',(1.96642128475213E-16,-0.999921884154082,-0.0124990235519266));
#3841=DIRECTION('',(-1.87033674261774E-16,-0.0124990235519256,0.999921884154082));
#3842=DIRECTION('',(1.89476898563206E-16,-5.32608956387228E-16,-1.));
#3843=DIRECTION('',(1.,-6.93889390390723E-17,-1.58653051571607E-16));
#3844=DIRECTION('',(-1.,6.93889390390723E-17,1.58653051571607E-16));
#3845=DIRECTION('',(-1.,6.93889390390723E-17,1.58653051571607E-16));
#3846=DIRECTION('',(-1.,6.93889390390723E-17,1.58653051571607E-16));
#3847=DIRECTION('',(-1.,6.93889390390723E-17,1.58653051571607E-16));
#3848=DIRECTION('',(1.96642128475213E-16,-0.999921884154082,-0.0124990235519266));
#3849=DIRECTION('',(-1.87033674261774E-16,-0.0124990235519256,0.999921884154082));
#3850=DIRECTION('',(-1.91905576039838E-16,0.999921884154082,-0.0124990235519254));
#3851=DIRECTION('',(1.91890520568212E-16,-0.0124990235519264,-0.999921884154082));
#3852=DIRECTION('',(1.96642128475213E-16,-0.999921884154082,-0.0124990235519266));
#3853=DIRECTION('',(-1.87033674261774E-16,-0.0124990235519256,0.999921884154082));
#3854=DIRECTION('',(-1.91905576039838E-16,0.999921884154082,-0.0124990235519254));
#3855=DIRECTION('',(1.91890520568212E-16,-0.0124990235519264,-0.999921884154082));
#3856=DIRECTION('',(1.89476898563206E-16,-5.32608956387228E-16,-1.));
#3857=DIRECTION('',(1.,-6.93889390390723E-17,-1.58653051571607E-16));
#3858=DIRECTION('',(1.89476898563206E-16,-5.32608956387228E-16,-1.));
#3859=DIRECTION('',(-1.,6.93889390390723E-17,1.58653051571607E-16));
#3860=DIRECTION('',(1.89476898563206E-16,-5.32608956387228E-16,-1.));
#3861=DIRECTION('',(-1.,6.93889390390723E-17,1.58653051571607E-16));
#3862=DIRECTION('',(1.89476898563206E-16,-5.32608956387228E-16,-1.));
#3863=DIRECTION('',(1.,-6.93889390390723E-17,-1.58653051571607E-16));
#3864=DIRECTION('',(1.89476898563206E-16,-5.32608956387228E-16,-1.));
#3865=DIRECTION('',(0.,1.,-5.32608956387228E-16));
#3866=DIRECTION('',(1.89476898563206E-16,-5.32608956387228E-16,-1.));
#3867=DIRECTION('',(1.,-6.93889390390723E-17,-1.58653051571607E-16));
#3868=DIRECTION('',(1.89476898563206E-16,-5.32608956387228E-16,-1.));
#3869=DIRECTION('',(0.,1.,-5.32608956387228E-16));
#3870=DIRECTION('',(8.45690954056505E-18,-2.18847671522085E-17,-1.));
#3871=DIRECTION('',(-0.654871615200415,0.755740145555865,-2.20773871234999E-17));
#3872=CARTESIAN_POINT('',(0.,0.,0.));
#3873=CARTESIAN_POINT('',(-1.0572495620765E-15,-6.41307013574018E-16,29.3183349436021));
#3874=CARTESIAN_POINT('',(-1.0572495620765E-15,-6.41307013574018E-16,29.3183349436021));
#3875=CARTESIAN_POINT('',(3.93750413212568,2.99976019199756,29.3183349436021));
#3876=CARTESIAN_POINT('',(3.23353410957343,-0.326627420827973,29.3183349436021));
#3877=CARTESIAN_POINT('',(3.23354492858613,-0.326630058039568,29.3183349436021));
#3878=CARTESIAN_POINT('',(3.96790072448583,-0.505634526862707,29.3183349436021));
#3879=CARTESIAN_POINT('',(-6.46233624993267E-6,4.57641964431691E-5,29.3183349436021));
#3880=CARTESIAN_POINT('',(3.9408554211333,0.685324988612923,29.3183349436021));
#3881=CARTESIAN_POINT('',(3.21537172391061,0.473166382440741,29.3183349436021));
#3882=CARTESIAN_POINT('',(3.21537172391061,0.473166382440741,29.3183349436021));
#3883=CARTESIAN_POINT('',(-1.0572495620765E-15,-6.41307013574018E-16,29.3183349436021));
#3884=CARTESIAN_POINT('',(2.80797969184156,1.63638322229403,29.3183349436021));
#3885=CARTESIAN_POINT('',(2.80797969184156,1.63638322229403,29.3183349436021));
#3886=CARTESIAN_POINT('',(3.50730842260792,1.92322323943518,29.3183349436021));
#3887=CARTESIAN_POINT('',(-1.0572495620765E-15,-6.41307013574018E-16,29.3183349436021));
#3888=CARTESIAN_POINT('',(2.78538640171138,2.87082263352534,29.3183349436021));
#3889=CARTESIAN_POINT('',(2.32316996384195,2.27274752647596,29.3183349436021));
#3890=CARTESIAN_POINT('',(2.32316996384195,2.27274752647596,29.3183349436021));
#3891=CARTESIAN_POINT('',(-1.0572495620765E-15,-6.41307013574018E-16,29.3183349436021));
#3892=CARTESIAN_POINT('',(1.30986387889381,2.9743497808377,29.3183349436021));
#3893=CARTESIAN_POINT('',(1.30985835410175,2.9743408350973,29.3183349436021));
#3894=CARTESIAN_POINT('',(1.70703514002926,3.61744927838593,29.3183349436021));
#3895=CARTESIAN_POINT('',(-4.13516088566383E-5,6.83216836849967E-6,29.3183349436021));
#3896=CARTESIAN_POINT('',(0.566007419901348,3.9597528831509,29.3183349436021));
#3897=CARTESIAN_POINT('',(0.543596455138989,3.20421624091094,29.3183349436021));
#3898=CARTESIAN_POINT('',(0.543596455138989,3.20421624091094,29.3183349436021));
#3899=CARTESIAN_POINT('',(-1.0572495620765E-15,-6.41307013574018E-16,29.3183349436021));
#3900=CARTESIAN_POINT('',(-0.688578730557566,3.17621528546316,29.3183349436021));
#3901=CARTESIAN_POINT('',(-0.688578730557566,3.17621528546316,29.3183349436021));
#3902=CARTESIAN_POINT('',(-0.745272641913082,3.92995507446467,29.3183349436021));
#3903=CARTESIAN_POINT('',(-1.05992456737077E-5,-4.78382386279824E-6,29.3183349436021));
#3904=CARTESIAN_POINT('',(-1.86958080074824,3.53619476677472,29.3183349436021));
#3905=CARTESIAN_POINT('',(-1.44361253877371,2.91178391733405,29.3183349436021));
#3906=CARTESIAN_POINT('',(-1.44361253877371,2.91178391733405,29.3183349436021));
#3907=CARTESIAN_POINT('',(-1.0572495620765E-15,-6.41307013574018E-16,29.3183349436021));
#3908=CARTESIAN_POINT('',(-2.4240023880764,2.1648744477402,29.3183349436021));
#3909=CARTESIAN_POINT('',(-2.4240023880764,2.1648744477402,29.3183349436021));
#3910=CARTESIAN_POINT('',(-2.91290467239118,2.74133990681006,29.3183349436021));
#3911=CARTESIAN_POINT('',(-8.2053544420483E-6,-1.63583121687254E-5,29.3183349436021));
#3912=CARTESIAN_POINT('',(-3.5910445921449,1.76193076596452,29.3183349436021));
#3913=CARTESIAN_POINT('',(-2.87941006442514,1.50714817616315,29.3183349436021));
#3914=CARTESIAN_POINT('',(-2.87941006442514,1.50714817616315,29.3183349436021));
#3915=CARTESIAN_POINT('',(-1.0572495620765E-15,-6.41307013574018E-16,29.3183349436021));
#3916=CARTESIAN_POINT('',(-3.23354492813526,0.326630062503091,29.3183349436021));
#3917=CARTESIAN_POINT('',(-3.23353410912257,0.326627425291481,29.3183349436021));
#3918=CARTESIAN_POINT('',(-3.96790072378787,0.505634532339918,29.3183349436021));
#3919=CARTESIAN_POINT('',(6.46233618292426E-6,-4.57641964369174E-5,29.3183349436021));
#3920=CARTESIAN_POINT('',(-3.94085542207931,-0.685324983173045,29.3183349436021));
#3921=CARTESIAN_POINT('',(-3.21537172456376,-0.473166378002304,29.3183349436021));
#3922=CARTESIAN_POINT('',(-3.21537172456376,-0.473166378002304,29.3183349436021));
#3923=CARTESIAN_POINT('',(-1.0572495620765E-15,-6.41307013574018E-16,29.3183349436021));
#3924=CARTESIAN_POINT('',(-2.80797969410039,-1.63638321841795,29.3183349436021));
#3925=CARTESIAN_POINT('',(-2.80797969410039,-1.63638321841795,29.3183349436021));
#3926=CARTESIAN_POINT('',(-3.5073084252627,-1.92322323459375,29.3183349436021));
#3927=CARTESIAN_POINT('',(8.86416166560932E-15,-1.08016913605474E-14,29.3183349436021));
#3928=CARTESIAN_POINT('',(-2.78538640567421,-2.87082262968044,29.3183349436021));
#3929=CARTESIAN_POINT('',(-2.32316996697921,-2.2727475232691,29.3183349436021));
#3930=CARTESIAN_POINT('',(-2.32316996697921,-2.2727475232691,29.3183349436021));
#3931=CARTESIAN_POINT('',(-1.0572495620765E-15,-6.41307013574018E-16,29.3183349436021));
#3932=CARTESIAN_POINT('',(-1.30986388299954,-2.97434977902959,29.3183349436021));
#3933=CARTESIAN_POINT('',(-1.30985835820747,-2.97434083328919,29.3183349436021));
#3934=CARTESIAN_POINT('',(-1.70703514502272,-3.61744927602956,29.3183349436021));
#3935=CARTESIAN_POINT('',(4.13516088814367E-5,-6.83216843337571E-6,29.3183349436021));
#3936=CARTESIAN_POINT('',(-0.566007425367323,-3.9597528823696,29.3183349436021));
#3937=CARTESIAN_POINT('',(-0.543596459562028,-3.20421624016057,29.3183349436021));
#3938=CARTESIAN_POINT('',(-0.543596459562028,-3.20421624016057,29.3183349436021));
#3939=CARTESIAN_POINT('',(-1.0572495620765E-15,-6.41307013574018E-16,29.3183349436021));
#3940=CARTESIAN_POINT('',(0.68857872893241,-3.17621528596178,29.3183349436021));
#3941=CARTESIAN_POINT('',(0.68857872893241,-3.17621528596178,29.3183349436021));
#3942=CARTESIAN_POINT('',(0.745272640028377,-3.92995507498281,29.3183349436021));
#3943=CARTESIAN_POINT('',(1.05987142419599E-5,4.78356234696347E-6,29.3183349436021));
#3944=CARTESIAN_POINT('',(1.86958079899913,-3.53619476768002,29.3183349436021));
#3945=CARTESIAN_POINT('',(1.44361253723961,-2.91178391809267,29.3183349436021));
#3946=CARTESIAN_POINT('',(1.44361253723961,-2.91178391809267,29.3183349436021));
#3947=CARTESIAN_POINT('',(-1.0572495620765E-15,-6.41307013574018E-16,29.3183349436021));
#3948=CARTESIAN_POINT('',(2.42400239106476,-2.16487444439415,29.3183349436021));
#3949=CARTESIAN_POINT('',(2.42400239106476,-2.16487444439415,29.3183349436021));
#3950=CARTESIAN_POINT('',(2.91290467617527,-2.74133990278914,29.3183349436021));
#3951=CARTESIAN_POINT('',(8.20535441736388E-6,1.63583121813243E-5,29.3183349436021));
#3952=CARTESIAN_POINT('',(3.59104459457704,-1.76193076100751,29.3183349436021));
#3953=CARTESIAN_POINT('',(2.87941006650558,-1.50714817218847,29.3183349436021));
#3954=CARTESIAN_POINT('',(2.87941006650558,-1.50714817218847,29.3183349436021));
#3955=CARTESIAN_POINT('',(-1.0572495620765E-15,-6.41307013574018E-16,29.3183349436021));
#3956=CARTESIAN_POINT('',(-1.11115478289451E-15,-6.59735593408587E-16,29.8583349436021));
#3957=CARTESIAN_POINT('',(-1.11115478289451E-15,-6.59735593408587E-16,29.8583349436021));
#3958=CARTESIAN_POINT('',(3.93750413212568,2.99976019199756,29.8583349436021));
#3959=CARTESIAN_POINT('',(-6.46233624998657E-6,4.57641964431506E-5,29.8583349436021));
#3960=CARTESIAN_POINT('',(3.96790072448583,-0.505634526862707,29.8583349436021));
#3961=CARTESIAN_POINT('',(3.9408554211333,0.685324988612923,29.8583349436021));
#3962=CARTESIAN_POINT('',(3.23353410957343,-0.326627420827973,29.8583349436021));
#3963=CARTESIAN_POINT('',(3.23354492858613,-0.326630058039568,29.8583349436021));
#3964=CARTESIAN_POINT('',(-1.11115478289451E-15,-6.59735593408587E-16,29.8583349436021));
#3965=CARTESIAN_POINT('',(2.87941034674212,-1.50714831887059,29.8583349436021));
#3966=CARTESIAN_POINT('',(2.87941006650558,-1.50714817218847,29.8583349436021));
#3967=CARTESIAN_POINT('',(3.59104459457704,-1.76193076100751,29.8583349436021));
#3968=CARTESIAN_POINT('',(8.20535441730997E-6,1.63583121813059E-5,29.8583349436021));
#3969=CARTESIAN_POINT('',(2.91290467617527,-2.74133990278914,29.8583349436021));
#3970=CARTESIAN_POINT('',(2.42400239106476,-2.16487444439415,29.8583349436021));
#3971=CARTESIAN_POINT('',(2.42400239106476,-2.16487444439415,29.8583349436021));
#3972=CARTESIAN_POINT('',(-1.11115478289451E-15,-6.59735593408587E-16,29.8583349436021));
#3973=CARTESIAN_POINT('',(1.44361234976898,-2.91178353996215,29.8583349436021));
#3974=CARTESIAN_POINT('',(1.44361253723961,-2.91178391809267,29.8583349436021));
#3975=CARTESIAN_POINT('',(1.86958079899913,-3.53619476768002,29.8583349436021));
#3976=CARTESIAN_POINT('',(1.0598714241906E-5,4.78356234694504E-6,29.8583349436021));
#3977=CARTESIAN_POINT('',(0.745272640028377,-3.92995507498281,29.8583349436021));
#3978=CARTESIAN_POINT('',(0.68857872893241,-3.17621528596178,29.8583349436021));
#3979=CARTESIAN_POINT('',(0.68857872893241,-3.17621528596178,29.8583349436021));
#3980=CARTESIAN_POINT('',(-1.11115478289451E-15,-6.59735593408587E-16,29.8583349436021));
#3981=CARTESIAN_POINT('',(-0.543596464975486,-3.20421642266345,29.8583349436021));
#3982=CARTESIAN_POINT('',(-0.543596459562028,-3.20421624016057,29.8583349436021));
#3983=CARTESIAN_POINT('',(-0.566007425367323,-3.9597528823696,29.8583349436021));
#3984=CARTESIAN_POINT('',(4.13516088813828E-5,-6.83216843339414E-6,29.8583349436021));
#3985=CARTESIAN_POINT('',(-1.70703514502272,-3.61744927602956,29.8583349436021));
#3986=CARTESIAN_POINT('',(-1.30985835820747,-2.97434083328919,29.8583349436021));
#3987=CARTESIAN_POINT('',(-1.30986388299954,-2.97434977902959,29.8583349436021));
#3988=CARTESIAN_POINT('',(-1.11115478289451E-15,-6.59735593408587E-16,29.8583349436021));
#3989=CARTESIAN_POINT('',(-2.32316996697921,-2.2727475232691,29.8583349436021));
#3990=CARTESIAN_POINT('',(-2.32316996697921,-2.2727475232691,29.8583349436021));
#3991=CARTESIAN_POINT('',(-2.78538640567421,-2.87082262968044,29.8583349436021));
#3992=CARTESIAN_POINT('',(8.8102564447913E-15,-1.0820119940382E-14,29.8583349436021));
#3993=CARTESIAN_POINT('',(-3.5073084252627,-1.92322323459375,29.8583349436021));
#3994=CARTESIAN_POINT('',(-2.80797969410039,-1.63638321841795,29.8583349436021));
#3995=CARTESIAN_POINT('',(-2.80797969410039,-1.63638321841795,29.8583349436021));
#3996=CARTESIAN_POINT('',(-1.11115478289451E-15,-6.59735593408587E-16,29.8583349436021));
#3997=CARTESIAN_POINT('',(-3.21537145844579,-0.473166338841023,29.8583349436021));
#3998=CARTESIAN_POINT('',(-3.21537172456376,-0.473166378002304,29.8583349436021));
#3999=CARTESIAN_POINT('',(-3.94085542207931,-0.685324983173045,29.8583349436021));
#4000=CARTESIAN_POINT('',(6.46233618287035E-6,-4.57641964369359E-5,29.8583349436021));
#4001=CARTESIAN_POINT('',(-3.96790072378787,0.505634532339918,29.8583349436021));
#4002=CARTESIAN_POINT('',(-3.23353410912257,0.326627425291481,29.8583349436021));
#4003=CARTESIAN_POINT('',(-3.23354492813526,0.326630062503091,29.8583349436021));
#4004=CARTESIAN_POINT('',(-1.11115478289451E-15,-6.59735593408587E-16,29.8583349436021));
#4005=CARTESIAN_POINT('',(-2.87941034466167,1.50714832284528,29.8583349436021));
#4006=CARTESIAN_POINT('',(-2.87941006442514,1.50714817616315,29.8583349436021));
#4007=CARTESIAN_POINT('',(-3.5910445921449,1.76193076596452,29.8583349436021));
#4008=CARTESIAN_POINT('',(-8.20535444210221E-6,-1.63583121687438E-5,29.8583349436021));
#4009=CARTESIAN_POINT('',(-2.91290467239118,2.74133990681006,29.8583349436021));
#4010=CARTESIAN_POINT('',(-2.4240023880764,2.1648744477402,29.8583349436021));
#4011=CARTESIAN_POINT('',(-2.4240023880764,2.1648744477402,29.8583349436021));
#4012=CARTESIAN_POINT('',(-1.11115478289451E-15,-6.59735593408587E-16,29.8583349436021));
#4013=CARTESIAN_POINT('',(-1.4436123513023,2.91178353920195,29.8583349436021));
#4014=CARTESIAN_POINT('',(-1.44361253877371,2.91178391733405,29.8583349436021));
#4015=CARTESIAN_POINT('',(-1.86958080074824,3.53619476677472,29.8583349436021));
#4016=CARTESIAN_POINT('',(-1.05992456737616E-5,-4.78382386281667E-6,29.8583349436021));
#4017=CARTESIAN_POINT('',(-0.745272641913082,3.92995507446467,29.8583349436021));
#4018=CARTESIAN_POINT('',(-0.688578730557566,3.17621528546316,29.8583349436021));
#4019=CARTESIAN_POINT('',(-0.688578730557566,3.17621528546316,29.8583349436021));
#4020=CARTESIAN_POINT('',(-1.11115478289451E-15,-6.59735593408587E-16,29.8583349436021));
#4021=CARTESIAN_POINT('',(0.543596460552447,3.20421642341382,29.8583349436021));
#4022=CARTESIAN_POINT('',(0.543596455138989,3.20421624091094,29.8583349436021));
#4023=CARTESIAN_POINT('',(0.566007419901348,3.9597528831509,29.8583349436021));
#4024=CARTESIAN_POINT('',(-4.13516088566922E-5,6.83216836848124E-6,29.8583349436021));
#4025=CARTESIAN_POINT('',(1.70703514002926,3.61744927838593,29.8583349436021));
#4026=CARTESIAN_POINT('',(1.30985835410175,2.9743408350973,29.8583349436021));
#4027=CARTESIAN_POINT('',(1.30986387889381,2.9743497808377,29.8583349436021));
#4028=CARTESIAN_POINT('',(-1.11115478289451E-15,-6.59735593408587E-16,29.8583349436021));
#4029=CARTESIAN_POINT('',(2.32316996384195,2.27274752647596,29.8583349436021));
#4030=CARTESIAN_POINT('',(2.32316996384195,2.27274752647596,29.8583349436021));
#4031=CARTESIAN_POINT('',(2.78538640171138,2.87082263352534,29.8583349436021));
#4032=CARTESIAN_POINT('',(-1.11115478289451E-15,-6.59735593408587E-16,29.8583349436021));
#4033=CARTESIAN_POINT('',(3.50730842260792,1.92322323943518,29.8583349436021));
#4034=CARTESIAN_POINT('',(2.80797969184156,1.63638322229403,29.8583349436021));
#4035=CARTESIAN_POINT('',(2.80797969184156,1.63638322229403,29.8583349436021));
#4036=CARTESIAN_POINT('',(-1.11115478289451E-15,-6.59735593408587E-16,29.8583349436021));
#4037=CARTESIAN_POINT('',(3.21537145779264,0.473166343279459,29.8583349436021));
#4038=CARTESIAN_POINT('',(3.21537172391061,0.473166382440741,29.8583349436021));
#4039=CARTESIAN_POINT('',(-1.11115478289451E-15,-6.59735593408587E-16,29.8583349436021));
#4040=CARTESIAN_POINT('',(3.23354492858613,-0.326630058039567,29.8583349436021));
#4041=CARTESIAN_POINT('',(2.87941006650558,-1.50714817218847,29.8583349436021));
#4042=CARTESIAN_POINT('',(-1.11115478289451E-15,-6.59735593408587E-16,29.8583349436021));
#4043=CARTESIAN_POINT('',(3.21537172391061,0.473166382440741,29.8583349436021));
#4044=CARTESIAN_POINT('',(2.80797969184156,1.63638322229403,29.8583349436021));
#4045=CARTESIAN_POINT('',(-1.11115478289451E-15,-6.59735593408587E-16,29.8583349436021));
#4046=CARTESIAN_POINT('',(2.42400239106476,-2.16487444439415,29.8583349436021));
#4047=CARTESIAN_POINT('',(1.44361253723961,-2.91178391809267,29.8583349436021));
#4048=CARTESIAN_POINT('',(-1.11115478289451E-15,-6.59735593408587E-16,29.8583349436021));
#4049=CARTESIAN_POINT('',(0.68857872893241,-3.17621528596178,29.8583349436021));
#4050=CARTESIAN_POINT('',(-0.543596459562028,-3.20421624016057,29.8583349436021));
#4051=CARTESIAN_POINT('',(-1.11115478289451E-15,-6.59735593408587E-16,29.8583349436021));
#4052=CARTESIAN_POINT('',(-1.30986388299954,-2.97434977902959,29.8583349436021));
#4053=CARTESIAN_POINT('',(-2.32316996697921,-2.2727475232691,29.8583349436021));
#4054=CARTESIAN_POINT('',(-1.11115478289451E-15,-6.59735593408587E-16,29.8583349436021));
#4055=CARTESIAN_POINT('',(-2.80797969410039,-1.63638321841795,29.8583349436021));
#4056=CARTESIAN_POINT('',(-3.21537172456376,-0.473166378002304,29.8583349436021));
#4057=CARTESIAN_POINT('',(-1.11115478289451E-15,-6.59735593408587E-16,29.8583349436021));
#4058=CARTESIAN_POINT('',(-3.23354492813526,0.326630062503091,29.8583349436021));
#4059=CARTESIAN_POINT('',(-2.87941006442514,1.50714817616315,29.8583349436021));
#4060=CARTESIAN_POINT('',(-1.11115478289451E-15,-6.59735593408587E-16,29.8583349436021));
#4061=CARTESIAN_POINT('',(-2.4240023880764,2.1648744477402,29.8583349436021));
#4062=CARTESIAN_POINT('',(-1.44361253877371,2.91178391733405,29.8583349436021));
#4063=CARTESIAN_POINT('',(-1.11115478289451E-15,-6.59735593408587E-16,29.8583349436021));
#4064=CARTESIAN_POINT('',(-0.688578730557566,3.17621528546316,29.8583349436021));
#4065=CARTESIAN_POINT('',(0.543596455138989,3.20421624091094,29.8583349436021));
#4066=CARTESIAN_POINT('',(-1.11115478289451E-15,-6.59735593408587E-16,29.8583349436021));
#4067=CARTESIAN_POINT('',(1.30986387889381,2.9743497808377,29.8583349436021));
#4068=CARTESIAN_POINT('',(2.32316996384195,2.27274752647596,29.8583349436021));
#4069=CARTESIAN_POINT('',(-1.0572495620765E-15,-6.41307013574018E-16,29.3183349436021));
#4070=CARTESIAN_POINT('',(-1.09618111044506E-15,-6.5461654345454E-16,29.7083349436021));
#4071=CARTESIAN_POINT('',(4.05682243915979,3.09066201599748,29.7083349436021));
#4072=CARTESIAN_POINT('',(-1.07222323452595E-15,-6.46426063528065E-16,29.4683349436021));
#4073=CARTESIAN_POINT('',(4.05682243915979,3.09066201599748,29.4683349436021));
#4074=CARTESIAN_POINT('',(2.80797969184156,1.63638322229403,29.8583349436021));
#4075=CARTESIAN_POINT('',(3.50730842260792,1.92322323943518,29.8583349436021));
#4076=CARTESIAN_POINT('',(-1.11115478289451E-15,-6.59735593408587E-16,29.8583349436021));
#4077=CARTESIAN_POINT('',(2.78538640171138,2.87082263352534,29.8583349436021));
#4078=CARTESIAN_POINT('',(2.32316996384195,2.27274752647596,29.8583349436021));
#4079=CARTESIAN_POINT('',(1.30985835410175,2.9743408350973,29.8583349436021));
#4080=CARTESIAN_POINT('',(1.70703514002926,3.61744927838593,29.8583349436021));
#4081=CARTESIAN_POINT('',(-4.13516088566922E-5,6.83216836848124E-6,29.8583349436021));
#4082=CARTESIAN_POINT('',(0.566007419901348,3.9597528831509,29.8583349436021));
#4083=CARTESIAN_POINT('',(0.543596455138989,3.20421624091094,29.8583349436021));
#4084=CARTESIAN_POINT('',(-0.688578730557566,3.17621528546316,29.8583349436021));
#4085=CARTESIAN_POINT('',(-0.745272641913082,3.92995507446467,29.8583349436021));
#4086=CARTESIAN_POINT('',(-1.05992456737616E-5,-4.78382386281667E-6,29.8583349436021));
#4087=CARTESIAN_POINT('',(-1.86958080074824,3.53619476677472,29.8583349436021));
#4088=CARTESIAN_POINT('',(-1.44361253877371,2.91178391733405,29.8583349436021));
#4089=CARTESIAN_POINT('',(-2.4240023880764,2.1648744477402,29.8583349436021));
#4090=CARTESIAN_POINT('',(-2.91290467239118,2.74133990681006,29.8583349436021));
#4091=CARTESIAN_POINT('',(-8.20535444210221E-6,-1.63583121687438E-5,29.8583349436021));
#4092=CARTESIAN_POINT('',(-3.5910445921449,1.76193076596452,29.8583349436021));
#4093=CARTESIAN_POINT('',(-2.87941006442514,1.50714817616315,29.8583349436021));
#4094=CARTESIAN_POINT('',(-3.23353410912257,0.326627425291481,29.8583349436021));
#4095=CARTESIAN_POINT('',(-3.96790072378787,0.505634532339918,29.8583349436021));
#4096=CARTESIAN_POINT('',(6.46233618287035E-6,-4.57641964369359E-5,29.8583349436021));
#4097=CARTESIAN_POINT('',(-3.94085542207931,-0.685324983173045,29.8583349436021));
#4098=CARTESIAN_POINT('',(-3.21537172456376,-0.473166378002304,29.8583349436021));
#4099=CARTESIAN_POINT('',(-2.80797969410039,-1.63638321841795,29.8583349436021));
#4100=CARTESIAN_POINT('',(-3.5073084252627,-1.92322323459375,29.8583349436021));
#4101=CARTESIAN_POINT('',(8.8102564447913E-15,-1.0820119940382E-14,29.8583349436021));
#4102=CARTESIAN_POINT('',(-2.78538640567421,-2.87082262968044,29.8583349436021));
#4103=CARTESIAN_POINT('',(-2.32316996697921,-2.2727475232691,29.8583349436021));
#4104=CARTESIAN_POINT('',(-1.30985835820747,-2.97434083328919,29.8583349436021));
#4105=CARTESIAN_POINT('',(-1.70703514502272,-3.61744927602956,29.8583349436021));
#4106=CARTESIAN_POINT('',(4.13516088813828E-5,-6.83216843339414E-6,29.8583349436021));
#4107=CARTESIAN_POINT('',(-0.566007425367323,-3.9597528823696,29.8583349436021));
#4108=CARTESIAN_POINT('',(-0.543596459562028,-3.20421624016057,29.8583349436021));
#4109=CARTESIAN_POINT('',(0.68857872893241,-3.17621528596178,29.8583349436021));
#4110=CARTESIAN_POINT('',(0.745272640028377,-3.92995507498281,29.8583349436021));
#4111=CARTESIAN_POINT('',(1.0598714241906E-5,4.78356234694504E-6,29.8583349436021));
#4112=CARTESIAN_POINT('',(1.86958079899913,-3.53619476768002,29.8583349436021));
#4113=CARTESIAN_POINT('',(1.44361253723961,-2.91178391809267,29.8583349436021));
#4114=CARTESIAN_POINT('',(2.42400239106476,-2.16487444439415,29.8583349436021));
#4115=CARTESIAN_POINT('',(2.91290467617527,-2.74133990278914,29.8583349436021));
#4116=CARTESIAN_POINT('',(8.20535441730997E-6,1.63583121813059E-5,29.8583349436021));
#4117=CARTESIAN_POINT('',(3.59104459457704,-1.76193076100751,29.8583349436021));
#4118=CARTESIAN_POINT('',(2.87941006650558,-1.50714817218847,29.8583349436021));
#4119=CARTESIAN_POINT('',(3.23353410957343,-0.326627420827973,29.8583349436021));
#4120=CARTESIAN_POINT('',(3.96790072448583,-0.505634526862707,29.8583349436021));
#4121=CARTESIAN_POINT('',(-6.46233624998657E-6,4.57641964431506E-5,29.8583349436021));
#4122=CARTESIAN_POINT('',(3.9408554211333,0.685324988612923,29.8583349436021));
#4123=CARTESIAN_POINT('',(3.21537172391061,0.473166382440741,29.8583349436021));
#4124=CARTESIAN_POINT('',(-1.07222323452595E-15,-6.46426063528065E-16,29.4683349436021));
#4125=CARTESIAN_POINT('',(-1.09618111044506E-15,-6.5461654345454E-16,29.7083349436021));
#4126=CARTESIAN_POINT('',(2.60196083516685E-15,8.04063277440008E-16,39.1012312183738));
#4127=CARTESIAN_POINT('',(2.60196083516685E-15,8.04063277440008E-16,39.1012312183738));
#4128=CARTESIAN_POINT('',(-1.54505568962836,2.9159566039204,39.1012312183738));
#4129=CARTESIAN_POINT('',(2.60196083516685E-15,8.04063277440008E-16,39.1012312183738));
#4130=CARTESIAN_POINT('',(-2.56516519005534,3.25250914625418,39.1012312183738));
#4131=CARTESIAN_POINT('',(-4.04527790862043,0.891411712266726,39.1012312183738));
#4132=CARTESIAN_POINT('',(-3.98681211224145,2.4992316824306,39.1012312183738));
#4133=CARTESIAN_POINT('',(-1.25065485137889,3.94901894670831,39.1012312183738));
#4134=CARTESIAN_POINT('',(2.60196083516685E-15,8.04063277440008E-16,39.1012312183738));
#4135=CARTESIAN_POINT('',(1.53417400896602,3.84775237105403,39.1012312183738));
#4136=CARTESIAN_POINT('',(0.170993362917412,4.70229636354603,39.1012312183738));
#4137=CARTESIAN_POINT('',(2.79462414236419,3.05760757809992,39.1012312183738));
#4138=CARTESIAN_POINT('',(2.60196083516685E-15,8.04063277440008E-16,39.1012312183738));
#4139=CARTESIAN_POINT('',(4.09933814172503,0.595243646364374,39.1012312183738));
#4140=CARTESIAN_POINT('',(4.15780418304855,2.20306472810128,39.1012312183738));
#4141=CARTESIAN_POINT('',(4.04527815356491,-0.891410600693774,39.1012312183738));
#4142=CARTESIAN_POINT('',(2.60196083516685E-15,8.04063277440008E-16,39.1012312183738));
#4143=CARTESIAN_POINT('',(2.56516429632159,-3.25250985111741,39.1012312183738));
#4144=CARTESIAN_POINT('',(3.9868120851142,-2.49923242843093,39.1012312183738));
#4145=CARTESIAN_POINT('',(1.25065376625625,-3.94901929036664,39.1012312183738));
#4146=CARTESIAN_POINT('',(2.60196083516685E-15,8.04063277440008E-16,39.1012312183738));
#4147=CARTESIAN_POINT('',(-1.53417295166968,-3.84775279261856,39.1012312183738));
#4148=CARTESIAN_POINT('',(-0.170992070807094,-4.7022964105319,39.1012312183738));
#4149=CARTESIAN_POINT('',(-2.79462330218602,-3.05760834601453,39.1012312183738));
#4150=CARTESIAN_POINT('',(2.60196083516685E-15,8.04063277440008E-16,39.1012312183738));
#4151=CARTESIAN_POINT('',(-4.09933830528761,-0.595242519936627,39.1012312183738));
#4152=CARTESIAN_POINT('',(-4.15780478841275,-2.20306358560802,39.1012312183738));
#4153=CARTESIAN_POINT('',(2.60220959276357E-15,9.30660198536799E-16,41.1012312183738));
#4154=CARTESIAN_POINT('',(2.60220959276357E-15,9.30660198536799E-16,41.1012312183738));
#4155=CARTESIAN_POINT('',(-1.54505568962836,2.9159566039204,41.1012312183738));
#4156=CARTESIAN_POINT('',(-3.98681211224145,2.4992316824306,41.1012312183738));
#4157=CARTESIAN_POINT('',(-2.56516519005534,3.25250914625418,41.1012312183738));
#4158=CARTESIAN_POINT('',(-1.25065485137889,3.94901894670831,41.1012312183738));
#4159=CARTESIAN_POINT('',(2.60220959276357E-15,9.30660198536799E-16,41.1012312183738));
#4160=CARTESIAN_POINT('',(-4.04527790862043,0.891411712266726,41.1012312183738));
#4161=CARTESIAN_POINT('',(-4.15780478841275,-2.20306358560802,41.1012312183738));
#4162=CARTESIAN_POINT('',(-4.09933830528761,-0.595242519936627,41.1012312183738));
#4163=CARTESIAN_POINT('',(2.60220959276357E-15,9.30660198536799E-16,41.1012312183738));
#4164=CARTESIAN_POINT('',(-2.79462330218602,-3.05760834601453,41.1012312183738));
#4165=CARTESIAN_POINT('',(-0.170992070807094,-4.7022964105319,41.1012312183738));
#4166=CARTESIAN_POINT('',(-1.53417295166968,-3.84775279261856,41.1012312183738));
#4167=CARTESIAN_POINT('',(2.60220959276357E-15,9.30660198536799E-16,41.1012312183738));
#4168=CARTESIAN_POINT('',(1.25065376625625,-3.94901929036664,41.1012312183738));
#4169=CARTESIAN_POINT('',(3.9868120851142,-2.49923242843093,41.1012312183738));
#4170=CARTESIAN_POINT('',(2.56516429632159,-3.25250985111741,41.1012312183738));
#4171=CARTESIAN_POINT('',(2.60220959276357E-15,9.30660198536799E-16,41.1012312183738));
#4172=CARTESIAN_POINT('',(4.04527815356491,-0.891410600693774,41.1012312183738));
#4173=CARTESIAN_POINT('',(4.15780418304855,2.20306472810128,41.1012312183738));
#4174=CARTESIAN_POINT('',(4.09933814172503,0.595243646364374,41.1012312183738));
#4175=CARTESIAN_POINT('',(2.60220959276357E-15,9.30660198536799E-16,41.1012312183738));
#4176=CARTESIAN_POINT('',(2.79462414236419,3.05760757809992,41.1012312183738));
#4177=CARTESIAN_POINT('',(0.170993362917412,4.70229636354603,41.1012312183738));
#4178=CARTESIAN_POINT('',(1.53417400896602,3.84775237105403,41.1012312183738));
#4179=CARTESIAN_POINT('',(2.60220959276357E-15,9.30660198536799E-16,41.1012312183738));
#4180=CARTESIAN_POINT('',(2.60196083516685E-15,8.04063277440008E-16,39.1012312183738));
#4181=CARTESIAN_POINT('',(2.60196394463681E-15,8.05645738953718E-16,39.1262312183739));
#4182=CARTESIAN_POINT('',(2.05641816330995,-2.54887609302786,39.1262312183738));
#4183=CARTESIAN_POINT('',(-1.43305847252229,-2.94482060817498,39.1262312183739));
#4184=CARTESIAN_POINT('',(-1.43305847252231,-2.94482060817497,39.1262312183739));
#4185=CARTESIAN_POINT('',(-0.419387323365127,-3.34368703744051,39.2111350192413));
#4186=CARTESIAN_POINT('',(0.769245141850982,-3.18553693856845,39.3093532012074));
#4187=CARTESIAN_POINT('',(1.63090726811088,-2.51796375724972,39.4012312183739));
#4188=CARTESIAN_POINT('',(1.63090726811088,-2.51796375724971,39.4012312183739));
#4189=CARTESIAN_POINT('',(2.60199814880636E-15,8.23052815604527E-16,39.4012312183739));
#4190=CARTESIAN_POINT('',(-2.93202114963013,0.635021242260128,39.4012312183739));
#4191=CARTESIAN_POINT('',(-2.93202114963013,0.635021242260149,39.4012312183739));
#4192=CARTESIAN_POINT('',(-2.74174483882687,1.62561154584445,39.3775139791724));
#4193=CARTESIAN_POINT('',(-1.67544383566549,2.90215310394305,39.3426632196555));
#4194=CARTESIAN_POINT('',(0.3691010616446,3.20793058387535,39.2943211911075));
#4195=CARTESIAN_POINT('',(1.82130178046367,2.705472784239,39.2612318811007));
#4196=CARTESIAN_POINT('',(2.88692112965533,1.58688419718453,39.226720942064));
#4197=CARTESIAN_POINT('',(3.47439493791981,-0.379665810985053,39.181411183857));
#4198=CARTESIAN_POINT('',(2.82700098029728,-1.89913415215108,39.148054485107));
#4199=CARTESIAN_POINT('',(2.05641816330996,-2.54887609302785,39.1262312183739));
#4200=CARTESIAN_POINT('',(2.60217227912406E-15,9.1167066037228E-16,40.8012312183739));
#4201=CARTESIAN_POINT('',(2.60217227912406E-15,9.1167066037228E-16,40.8012312183739));
#4202=CARTESIAN_POINT('',(1.12545665026229,-2.78088966490589,40.8012312183739));
#4203=CARTESIAN_POINT('',(-2.77659154638416,1.13601909515114,40.8012312183739));
#4204=CARTESIAN_POINT('',(1.12545665026229,-2.78088966490589,40.8012312183739));
#4205=CARTESIAN_POINT('',(2.0743795683591,-2.42182520562956,40.8243822066811));
#4206=CARTESIAN_POINT('',(3.52935134619567,-0.705766297451078,40.8732283491783));
#4207=CARTESIAN_POINT('',(2.61967986772992,2.56123992409355,40.9420428463307));
#4208=CARTESIAN_POINT('',(-0.566348598726688,3.66858647027037,41.0107572816683));
#4209=CARTESIAN_POINT('',(-2.403056557321,2.41375010105974,41.0530891661602));
#4210=CARTESIAN_POINT('',(-2.89637107607241,1.52861361687351,41.0762312183738));
#4211=CARTESIAN_POINT('',(-2.89637107607238,1.52861361687358,41.0762312183738));
#4212=CARTESIAN_POINT('',(2.60220648329361E-15,9.29077737023089E-16,41.0762312183738));
#4213=CARTESIAN_POINT('',(-2.62527524834229,-1.95794659540073,41.0762312183806));
#4214=CARTESIAN_POINT('',(-2.6252752483507,-1.95794659539211,41.0762312183786));
#4215=CARTESIAN_POINT('',(-3.20135531075737,-1.03195607160995,40.984423198684));
#4216=CARTESIAN_POINT('',(-3.28014954470398,0.168917064737568,40.9010740542871));
#4217=CARTESIAN_POINT('',(-2.77659154639204,1.13601909515436,40.8012312183824));
#4218=CARTESIAN_POINT('',(4.15780418304855,2.20306472810128,39.1012312183738));
#4219=CARTESIAN_POINT('',(3.9868120851142,-2.49923242843093,39.1012312183738));
#4220=CARTESIAN_POINT('',(3.98681208511298,-2.49923242843157,39.3811732410087));
#4221=CARTESIAN_POINT('',(3.98681208511419,-2.49923242843093,40.8212891957383));
#4222=CARTESIAN_POINT('',(3.98681208511418,-2.49923242843135,39.3811732410096));
#4223=CARTESIAN_POINT('',(4.00484699968373,-2.00327075228869,39.1350954833593));
#4224=CARTESIAN_POINT('',(4.02532409221761,-1.44014897555559,39.1152808835695));
#4225=CARTESIAN_POINT('',(4.04527815356492,-0.891410600693773,39.1012312183738));
#4226=CARTESIAN_POINT('',(4.09933814172503,0.595243646364374,39.1012312183738));
#4227=CARTESIAN_POINT('',(4.11925820754289,1.14304714129087,39.1152569472991));
#4228=CARTESIAN_POINT('',(4.13977346479637,1.70721845104094,39.135153004354));
#4229=CARTESIAN_POINT('',(4.15780415592138,2.20306398210173,39.3811725007334));
#4230=CARTESIAN_POINT('',(4.15780415592135,2.20306398210105,39.3811725007351));
#4231=CARTESIAN_POINT('',(4.1578047884128,2.20306358560792,39.1012312183738));
#4232=CARTESIAN_POINT('',(4.15780415592135,2.20306398210105,40.8212899360126));
#4233=CARTESIAN_POINT('',(4.15780415592136,2.20306398210105,40.8212899360126));
#4234=CARTESIAN_POINT('',(4.139769249474,1.70710252931932,41.0673669482952));
#4235=CARTESIAN_POINT('',(4.11929218296272,1.14398146820999,41.0871815673374));
#4236=CARTESIAN_POINT('',(4.09933814172503,0.595243646364374,41.1012312183738));
#4237=CARTESIAN_POINT('',(4.04527815356492,-0.891410600693773,41.1012312183739));
#4238=CARTESIAN_POINT('',(4.02535806744531,-1.43921465392019,41.0872054751541));
#4239=CARTESIAN_POINT('',(4.00484278400234,-2.0033866838835,41.0673094324396));
#4240=CARTESIAN_POINT('',(3.98681208511418,-2.49923242843161,40.8212891957401));
#4241=CARTESIAN_POINT('',(3.9868120851142,-2.49923242843093,39.1012312183738));
#4242=CARTESIAN_POINT('',(2.56516429632159,-3.25250985111741,39.1012312183738));
#4243=CARTESIAN_POINT('',(3.04723205388154,-2.99708036933035,39.1151902288789));
#4244=CARTESIAN_POINT('',(3.54703364514695,-2.73225439943048,39.1343965807438));
#4245=CARTESIAN_POINT('',(3.98681208511298,-2.49923242843157,39.3811732410087));
#4246=CARTESIAN_POINT('',(3.98681208511419,-2.49923242843093,40.8212891957383));
#4247=CARTESIAN_POINT('',(3.55195635606159,-2.72964604100328,41.0653035328695));
#4248=CARTESIAN_POINT('',(3.04951406584821,-2.99587121745297,41.087206128716));
#4249=CARTESIAN_POINT('',(2.56516429632159,-3.25250985111741,41.1012312183739));
#4250=CARTESIAN_POINT('',(1.25065376625625,-3.94901929036664,41.1012312183739));
#4251=CARTESIAN_POINT('',(0.768586489110825,-4.2044485176002,41.0872722217799));
#4252=CARTESIAN_POINT('',(0.268785470222559,-4.46927418421906,41.0680658104205));
#4253=CARTESIAN_POINT('',(-0.170992703300787,-4.70229601404006,40.8212899360114));
#4254=CARTESIAN_POINT('',(-0.170992703306567,-4.70229601403397,40.8212899360172));
#4255=CARTESIAN_POINT('',(-0.170992703298655,-4.70229601403893,39.1012312183738));
#4256=CARTESIAN_POINT('',(-0.170992703298667,-4.70229601403892,39.3811725007351));
#4257=CARTESIAN_POINT('',(-0.170992703298657,-4.70229601403893,39.3811725007351));
#4258=CARTESIAN_POINT('',(0.263862762409466,-4.47188254100287,39.1371589405998));
#4259=CARTESIAN_POINT('',(0.766304466104864,-4.20565767532689,39.1152562944403));
#4260=CARTESIAN_POINT('',(1.25065376625625,-3.94901929036664,39.1012312183739));
#4261=CARTESIAN_POINT('',(-0.170992070807094,-4.7022964105319,39.1012312183738));
#4262=CARTESIAN_POINT('',(-4.15780418304859,-2.2030647281012,39.1012312183738));
#4263=CARTESIAN_POINT('',(-4.15780482910384,-2.20306470460816,39.3811734260781));
#4264=CARTESIAN_POINT('',(-4.15780482910351,-2.20306470459882,40.8212890106742));
#4265=CARTESIAN_POINT('',(-4.15780471843785,-2.20306439247922,39.3811731841846));
#4266=CARTESIAN_POINT('',(-3.73730675560648,-2.46666393053591,39.1350954698166));
#4267=CARTESIAN_POINT('',(-3.25986760758224,-2.76595845748668,39.1152808824645));
#4268=CARTESIAN_POINT('',(-2.79462330218602,-3.05760834601453,39.1012312183738));
#4269=CARTESIAN_POINT('',(-1.53417295166968,-3.84775279261856,39.1012312183738));
#4270=CARTESIAN_POINT('',(-1.06972123918843,-4.13890582469353,39.1152569473747));
#4271=CARTESIAN_POINT('',(-0.59139216086915,-4.43875822643897,39.1351530178828));
#4272=CARTESIAN_POINT('',(-0.170992703298093,-4.70229601403928,39.3811725007333));
#4273=CARTESIAN_POINT('',(-0.170992703306567,-4.70229601403397,40.8212899360172));
#4274=CARTESIAN_POINT('',(-0.591490436550853,-4.43869661989961,41.0673669301904));
#4275=CARTESIAN_POINT('',(-1.06892907777565,-4.1394024106486,41.0871815673139));
#4276=CARTESIAN_POINT('',(-1.53417295166968,-3.84775279261856,41.1012312183738));
#4277=CARTESIAN_POINT('',(-2.79462330218602,-3.05760834601453,41.1012312183738));
#4278=CARTESIAN_POINT('',(-3.2590754523902,-2.76645503954212,41.0872054761545));
#4279=CARTESIAN_POINT('',(-3.73740506403088,-2.46660230347099,41.0673094432961));
#4280=CARTESIAN_POINT('',(-4.15780473238156,-2.20306438373825,40.8212892444053));
#4281=CARTESIAN_POINT('',(-4.15780478841275,-2.20306358560802,39.1012312183738));
#4282=CARTESIAN_POINT('',(-3.98681142549529,2.4992327779381,39.1012312183738));
#4283=CARTESIAN_POINT('',(-3.98681112281194,2.49923220669224,39.3811723156661));
#4284=CARTESIAN_POINT('',(-3.98681112281315,2.4992322066916,40.8212901210809));
#4285=CARTESIAN_POINT('',(-3.98681144845797,2.49923214646731,39.3811725575602));
#4286=CARTESIAN_POINT('',(-4.00484648946236,2.00327074606887,39.1350955201003));
#4287=CARTESIAN_POINT('',(-4.02532371499613,1.44014957270829,39.1152808705389));
#4288=CARTESIAN_POINT('',(-4.04527790862043,0.891411712266727,39.1012312183738));
#4289=CARTESIAN_POINT('',(-4.09933830528761,-0.595242519936628,39.1012312183738));
#4290=CARTESIAN_POINT('',(-4.11925854703667,-1.14304670800211,39.1152569651861));
#4291=CARTESIAN_POINT('',(-4.13977399227292,-1.70721891846107,39.1351530076791));
#4292=CARTESIAN_POINT('',(-4.15780482910387,-2.20306470460884,39.3811734260764));
#4293=CARTESIAN_POINT('',(-4.15780482910351,-2.20306470459882,40.8212890106742));
#4294=CARTESIAN_POINT('',(-4.13976977655347,-1.7071029866968,41.067366950135));
#4295=CARTESIAN_POINT('',(-4.11929252245446,-1.1439810277956,41.0871815496326));
#4296=CARTESIAN_POINT('',(-4.09933830528761,-0.595242519936626,41.1012312183738));
#4297=CARTESIAN_POINT('',(-4.04527790862043,0.891411712266726,41.1012312183738));
#4298=CARTESIAN_POINT('',(-4.02535769074746,1.43921524374254,41.0872054883726));
#4299=CARTESIAN_POINT('',(-4.00484227515364,2.0033866390383,41.067309408008));
#4300=CARTESIAN_POINT('',(-3.98681144905588,2.49923213002463,40.8212898873478));
#4301=CARTESIAN_POINT('',(-3.98681211224145,2.4992316824306,39.1012312183738));
#4302=CARTESIAN_POINT('',(-2.56516519005535,3.25250914625418,39.1012312183738));
#4303=CARTESIAN_POINT('',(-3.04723227630193,2.9970798505172,39.1151902114724));
#4304=CARTESIAN_POINT('',(-3.54703307637091,2.73225412394789,39.1343966357256));
#4305=CARTESIAN_POINT('',(-3.98681112281194,2.49923220669224,39.3811723156661));
#4306=CARTESIAN_POINT('',(-3.98681112281315,2.4992322066916,40.8212901210809));
#4307=CARTESIAN_POINT('',(-3.55195575781364,2.7296457794043,41.0653035029271));
#4308=CARTESIAN_POINT('',(-3.04951429468516,2.99587069443681,41.0872061459271));
#4309=CARTESIAN_POINT('',(-2.56516519005534,3.25250914625418,41.1012312183738));
#4310=CARTESIAN_POINT('',(-1.25065485137889,3.94901894670831,41.1012312183739));
#4311=CARTESIAN_POINT('',(-0.76858719492005,4.20444854457942,41.0872722087639));
#4312=CARTESIAN_POINT('',(-0.268785712895598,4.46927463249139,41.0680658527394));
#4313=CARTESIAN_POINT('',(0.170992645267108,4.70229671491668,40.8212892435242));
#4314=CARTESIAN_POINT('',(0.170992414188269,4.7022969582807,40.8212890106741));
#4315=CARTESIAN_POINT('',(0.170992070807198,4.70229641053189,39.1012312183738));
#4316=CARTESIAN_POINT('',(0.170992414180395,4.70229695828563,39.3811734260781));
#4317=CARTESIAN_POINT('',(0.170992676808271,4.70229673162916,39.3811732109224));
#4318=CARTESIAN_POINT('',(-0.263862971829382,4.47188300862723,39.1371589089609));
#4319=CARTESIAN_POINT('',(-0.766305169726269,4.20565770426846,39.1152563075292));
#4320=CARTESIAN_POINT('',(-1.25065485137889,3.94901894670831,39.1012312183738));
#4321=CARTESIAN_POINT('',(0.170993362917412,4.70229636354603,39.1012312183738));
#4322=CARTESIAN_POINT('',(4.15780415592135,2.20306398210105,39.3811725007351));
#4323=CARTESIAN_POINT('',(3.73730652604113,2.4666634723908,39.1350955246592));
#4324=CARTESIAN_POINT('',(3.25986793690071,2.76595783173814,39.1152808694574));
#4325=CARTESIAN_POINT('',(2.79462414236419,3.05760757809992,39.1012312183738));
#4326=CARTESIAN_POINT('',(1.53417400896602,3.84775237105403,39.1012312183738));
#4327=CARTESIAN_POINT('',(1.06972178917831,4.13890589892257,39.1152569651106));
#4328=CARTESIAN_POINT('',(0.591392066045547,4.43875888797306,39.1351529941504));
#4329=CARTESIAN_POINT('',(0.170992414179823,4.70229695828599,39.3811734260764));
#4330=CARTESIAN_POINT('',(0.170992414188269,4.7022969582807,40.8212890106741));
#4331=CARTESIAN_POINT('',(0.591490365857087,4.43869726626969,41.0673669682389));
#4332=CARTESIAN_POINT('',(1.0689296304887,4.13940248347376,41.0871815496562));
#4333=CARTESIAN_POINT('',(1.53417400896602,3.84775237105403,41.1012312183738));
#4334=CARTESIAN_POINT('',(2.79462414236419,3.05760757809992,41.1012312183739));
#4335=CARTESIAN_POINT('',(3.25907577734316,2.76645441683342,41.0872054892975));
#4336=CARTESIAN_POINT('',(3.73740479388202,2.46660187072904,41.0673094053377));
#4337=CARTESIAN_POINT('',(4.15780415592193,2.20306398210069,40.8212899360144));
#4338=CARTESIAN_POINT('',(2.60220959276357E-15,9.30660198536799E-16,41.1012312183738));
#4339=CARTESIAN_POINT('',(1.40459608148033,-2.65086963992764,37.9720480753712));
#4340=CARTESIAN_POINT('',(2.93507638167916,-1.83992571418228,38.0312147420379));
#4341=CARTESIAN_POINT('',(2.99801849103841,-0.109018931345775,38.0903814087045));
#4342=CARTESIAN_POINT('',(3.06096060039766,1.62188785149073,38.1495480753712));
#4343=CARTESIAN_POINT('',(1.59342240955808,2.54185070858186,38.2087147420379));
#4344=CARTESIAN_POINT('',(0.125884218718501,3.461813565673,38.2678814087045));
#4345=CARTESIAN_POINT('',(-1.40459608148033,2.65086963992764,38.3270480753712));
#4346=CARTESIAN_POINT('',(-2.93507638167916,1.83992571418228,38.3862147420379));
#4347=CARTESIAN_POINT('',(-2.99801849103841,0.109018931345777,38.4453814087045));
#4348=CARTESIAN_POINT('',(-3.06096060039765,-1.62188785149073,38.5045480753712));
#4349=CARTESIAN_POINT('',(-1.59342240955808,-2.54185070858186,38.5637147420379));
#4350=CARTESIAN_POINT('',(-0.125884218718496,-3.461813565673,38.6228814087045));
#4351=CARTESIAN_POINT('',(1.40459608148033,-2.65086963992764,38.6820480753712));
#4352=CARTESIAN_POINT('',(2.93507638167916,-1.83992571418228,38.7412147420379));
#4353=CARTESIAN_POINT('',(2.99801849103841,-0.109018931345775,38.8003814087045));
#4354=CARTESIAN_POINT('',(3.06096060039766,1.62188785149073,38.8595480753712));
#4355=CARTESIAN_POINT('',(1.59342240955808,2.54185070858186,38.9187147420379));
#4356=CARTESIAN_POINT('',(0.125884218718501,3.461813565673,38.9778814087045));
#4357=CARTESIAN_POINT('',(-1.40459608148033,2.65086963992764,39.0370480753712));
#4358=CARTESIAN_POINT('',(-2.93507638167916,1.83992571418228,39.0962147420379));
#4359=CARTESIAN_POINT('',(-2.99801849103841,0.109018931345777,39.1553814087045));
#4360=CARTESIAN_POINT('',(-3.06096060039765,-1.62188785149073,39.2145480753712));
#4361=CARTESIAN_POINT('',(-1.59342240955808,-2.54185070858186,39.2737147420379));
#4362=CARTESIAN_POINT('',(-0.125884218718496,-3.461813565673,39.3328814087045));
#4363=CARTESIAN_POINT('',(1.40459608148033,-2.65086963992764,39.3920480753712));
#4364=CARTESIAN_POINT('',(2.93507638167916,-1.83992571418228,39.4512147420379));
#4365=CARTESIAN_POINT('',(2.99801849103841,-0.109018931345775,39.5103814087045));
#4366=CARTESIAN_POINT('',(3.06096060039766,1.62188785149073,39.5695480753712));
#4367=CARTESIAN_POINT('',(1.59342240955808,2.54185070858186,39.6287147420379));
#4368=CARTESIAN_POINT('',(0.125884218718501,3.461813565673,39.6878814087045));
#4369=CARTESIAN_POINT('',(-1.40459608148033,2.65086963992764,39.7470480753712));
#4370=CARTESIAN_POINT('',(-2.93507638167916,1.83992571418228,39.8062147420379));
#4371=CARTESIAN_POINT('',(-2.99801849103841,0.109018931345777,39.8653814087045));
#4372=CARTESIAN_POINT('',(-3.06096060039765,-1.62188785149073,39.9245480753712));
#4373=CARTESIAN_POINT('',(-1.59342240955808,-2.54185070858186,39.9837147420379));
#4374=CARTESIAN_POINT('',(-0.125884218718496,-3.461813565673,40.0428814087045));
#4375=CARTESIAN_POINT('',(1.40459608148033,-2.65086963992764,40.1020480753712));
#4376=CARTESIAN_POINT('',(2.93507638167916,-1.83992571418228,40.1612147420379));
#4377=CARTESIAN_POINT('',(2.99801849103841,-0.109018931345775,40.2203814087045));
#4378=CARTESIAN_POINT('',(3.06096060039766,1.62188785149073,40.2795480753712));
#4379=CARTESIAN_POINT('',(1.59342240955808,2.54185070858186,40.3387147420379));
#4380=CARTESIAN_POINT('',(0.125884218718501,3.461813565673,40.3978814087045));
#4381=CARTESIAN_POINT('',(-1.40459608148033,2.65086963992764,40.4570480753712));
#4382=CARTESIAN_POINT('',(-2.93507638167916,1.83992571418228,40.5162147420379));
#4383=CARTESIAN_POINT('',(-2.99801849103841,0.109018931345777,40.5753814087045));
#4384=CARTESIAN_POINT('',(-3.06096060039765,-1.62188785149073,40.6345480753712));
#4385=CARTESIAN_POINT('',(-1.59342240955808,-2.54185070858186,40.6937147420379));
#4386=CARTESIAN_POINT('',(-0.125884218718496,-3.461813565673,40.7528814087045));
#4387=CARTESIAN_POINT('',(1.40459608148033,-2.65086963992764,40.8120480753712));
#4388=CARTESIAN_POINT('',(2.93507638167916,-1.83992571418228,40.8712147420379));
#4389=CARTESIAN_POINT('',(2.99801849103841,-0.109018931345775,40.9303814087045));
#4390=CARTESIAN_POINT('',(3.06096060039766,1.62188785149073,40.9895480753712));
#4391=CARTESIAN_POINT('',(1.59342240955808,2.54185070858186,41.0487147420379));
#4392=CARTESIAN_POINT('',(0.125884218718501,3.461813565673,41.1078814087045));
#4393=CARTESIAN_POINT('',(-1.40459608148033,2.65086963992764,41.1670480753712));
#4394=CARTESIAN_POINT('',(-2.93507638167916,1.83992571418228,41.2262147420379));
#4395=CARTESIAN_POINT('',(-2.99801849103841,0.109018931345777,41.2853814087045));
#4396=CARTESIAN_POINT('',(-3.06096060039765,-1.62188785149073,41.3445480753712));
#4397=CARTESIAN_POINT('',(-1.59342240955808,-2.54185070858186,41.4037147420379));
#4398=CARTESIAN_POINT('',(-0.125884218718496,-3.461813565673,41.4628814087045));
#4399=CARTESIAN_POINT('',(1.40459608148033,-2.65086963992764,41.5220480753712));
#4400=CARTESIAN_POINT('',(2.93507638167916,-1.83992571418228,41.5812147420379));
#4401=CARTESIAN_POINT('',(2.99801849103841,-0.109018931345775,41.6403814087045));
#4402=CARTESIAN_POINT('',(3.06096060039766,1.62188785149073,41.6995480753712));
#4403=CARTESIAN_POINT('',(1.59342240955808,2.54185070858186,41.7587147420379));
#4404=CARTESIAN_POINT('',(0.125884218718501,3.461813565673,41.8178814087045));
#4405=CARTESIAN_POINT('',(-1.40459608148033,2.65086963992764,41.8770480753712));
#4406=CARTESIAN_POINT('',(-2.93507638167916,1.83992571418228,41.9362147420379));
#4407=CARTESIAN_POINT('',(-2.99801849103841,0.109018931345777,41.9953814087045));
#4408=CARTESIAN_POINT('',(-3.06096060039766,-1.62188785149072,42.0545480753712));
#4409=CARTESIAN_POINT('',(-1.59342240955808,-2.54185070858186,42.1137147420379));
#4410=CARTESIAN_POINT('',(-0.125884218718497,-3.461813565673,42.1728814087045));
#4411=CARTESIAN_POINT('',(1.40459608148033,-2.65086963992764,42.2320480753712));
#4412=CARTESIAN_POINT('',(2.93507638167916,-1.83992571418228,42.2912147420379));
#4413=CARTESIAN_POINT('',(2.99801849103841,-0.109018931345774,42.3503814087045));
#4414=CARTESIAN_POINT('',(3.06096060039766,1.62188785149073,42.4095480753712));
#4415=CARTESIAN_POINT('',(1.59342240955808,2.54185070858186,42.4687147420379));
#4416=CARTESIAN_POINT('',(0.125884218718501,3.461813565673,42.5278814087045));
#4417=CARTESIAN_POINT('',(-1.40459608148033,2.65086963992764,42.5870480753712));
#4418=CARTESIAN_POINT('',(-2.93507638167916,1.83992571418228,42.6462147420379));
#4419=CARTESIAN_POINT('',(-2.99801849103841,0.109018931345777,42.7053814087045));
#4420=CARTESIAN_POINT('',(-3.06096060039766,-1.62188785149072,42.7645480753712));
#4421=CARTESIAN_POINT('',(-1.59342240955808,-2.54185070858186,42.8237147420379));
#4422=CARTESIAN_POINT('',(-0.125884218718497,-3.461813565673,42.8828814087045));
#4423=CARTESIAN_POINT('',(1.40459608148033,-2.65086963992764,42.9420480753712));
#4424=CARTESIAN_POINT('',(2.93507638167916,-1.83992571418228,43.0012147420379));
#4425=CARTESIAN_POINT('',(2.99801849103841,-0.109018931345774,43.0603814087045));
#4426=CARTESIAN_POINT('',(3.06096060039766,1.62188785149073,43.1195480753712));
#4427=CARTESIAN_POINT('',(1.59342240955808,2.54185070858186,43.1787147420379));
#4428=CARTESIAN_POINT('',(0.125884218718501,3.461813565673,43.2378814087045));
#4429=CARTESIAN_POINT('',(-1.40459608148033,2.65086963992764,43.2970480753712));
#4430=CARTESIAN_POINT('',(-2.93507638167916,1.83992571418228,43.3562147420379));
#4431=CARTESIAN_POINT('',(-2.99801849103841,0.109018931345778,43.4153814087045));
#4432=CARTESIAN_POINT('',(-3.06096060039766,-1.62188785149072,43.4745480753712));
#4433=CARTESIAN_POINT('',(-1.59342240955808,-2.54185070858186,43.5337147420379));
#4434=CARTESIAN_POINT('',(-0.125884218718497,-3.461813565673,43.5928814087045));
#4435=CARTESIAN_POINT('',(1.40459608148033,-2.65086963992764,43.6520480753712));
#4436=CARTESIAN_POINT('',(1.40459608148033,-2.65086963992764,38.2368598943467));
#4437=CARTESIAN_POINT('',(2.93507638167916,-1.83992571418228,38.2960265610134));
#4438=CARTESIAN_POINT('',(2.99801849103841,-0.109018931345775,38.35519322768));
#4439=CARTESIAN_POINT('',(3.06096060039766,1.62188785149073,38.4143598943467));
#4440=CARTESIAN_POINT('',(1.59342240955808,2.54185070858186,38.4735265610134));
#4441=CARTESIAN_POINT('',(0.125884218718501,3.461813565673,38.53269322768));
#4442=CARTESIAN_POINT('',(-1.40459608148033,2.65086963992764,38.5918598943467));
#4443=CARTESIAN_POINT('',(-2.93507638167916,1.83992571418228,38.6510265610134));
#4444=CARTESIAN_POINT('',(-2.99801849103841,0.109018931345777,38.71019322768));
#4445=CARTESIAN_POINT('',(-3.06096060039765,-1.62188785149073,38.7693598943467));
#4446=CARTESIAN_POINT('',(-1.59342240955808,-2.54185070858186,38.8285265610134));
#4447=CARTESIAN_POINT('',(-0.125884218718496,-3.461813565673,38.88769322768));
#4448=CARTESIAN_POINT('',(1.40459608148033,-2.65086963992764,38.9468598943467));
#4449=CARTESIAN_POINT('',(2.93507638167916,-1.83992571418228,39.0060265610134));
#4450=CARTESIAN_POINT('',(2.99801849103841,-0.109018931345775,39.06519322768));
#4451=CARTESIAN_POINT('',(3.06096060039766,1.62188785149073,39.1243598943467));
#4452=CARTESIAN_POINT('',(1.59342240955808,2.54185070858186,39.1835265610134));
#4453=CARTESIAN_POINT('',(0.125884218718501,3.461813565673,39.24269322768));
#4454=CARTESIAN_POINT('',(-1.40459608148033,2.65086963992764,39.3018598943467));
#4455=CARTESIAN_POINT('',(-2.93507638167916,1.83992571418228,39.3610265610134));
#4456=CARTESIAN_POINT('',(-2.99801849103841,0.109018931345777,39.42019322768));
#4457=CARTESIAN_POINT('',(-3.06096060039765,-1.62188785149073,39.4793598943467));
#4458=CARTESIAN_POINT('',(-1.59342240955808,-2.54185070858186,39.5385265610134));
#4459=CARTESIAN_POINT('',(-0.125884218718496,-3.461813565673,39.59769322768));
#4460=CARTESIAN_POINT('',(1.40459608148033,-2.65086963992764,39.6568598943467));
#4461=CARTESIAN_POINT('',(2.93507638167916,-1.83992571418228,39.7160265610134));
#4462=CARTESIAN_POINT('',(2.99801849103841,-0.109018931345775,39.77519322768));
#4463=CARTESIAN_POINT('',(3.06096060039766,1.62188785149073,39.8343598943467));
#4464=CARTESIAN_POINT('',(1.59342240955808,2.54185070858186,39.8935265610134));
#4465=CARTESIAN_POINT('',(0.125884218718501,3.461813565673,39.95269322768));
#4466=CARTESIAN_POINT('',(-1.40459608148033,2.65086963992764,40.0118598943467));
#4467=CARTESIAN_POINT('',(-2.93507638167916,1.83992571418228,40.0710265610134));
#4468=CARTESIAN_POINT('',(-2.99801849103841,0.109018931345777,40.13019322768));
#4469=CARTESIAN_POINT('',(-3.06096060039765,-1.62188785149073,40.1893598943467));
#4470=CARTESIAN_POINT('',(-1.59342240955808,-2.54185070858186,40.2485265610134));
#4471=CARTESIAN_POINT('',(-0.125884218718496,-3.461813565673,40.30769322768));
#4472=CARTESIAN_POINT('',(1.40459608148033,-2.65086963992764,40.3668598943467));
#4473=CARTESIAN_POINT('',(2.93507638167916,-1.83992571418228,40.4260265610134));
#4474=CARTESIAN_POINT('',(2.99801849103841,-0.109018931345775,40.48519322768));
#4475=CARTESIAN_POINT('',(3.06096060039766,1.62188785149073,40.5443598943467));
#4476=CARTESIAN_POINT('',(1.59342240955808,2.54185070858186,40.6035265610134));
#4477=CARTESIAN_POINT('',(0.125884218718501,3.461813565673,40.66269322768));
#4478=CARTESIAN_POINT('',(-1.40459608148033,2.65086963992764,40.7218598943467));
#4479=CARTESIAN_POINT('',(-2.93507638167916,1.83992571418228,40.7810265610134));
#4480=CARTESIAN_POINT('',(-2.99801849103841,0.109018931345777,40.84019322768));
#4481=CARTESIAN_POINT('',(-3.06096060039765,-1.62188785149073,40.8993598943467));
#4482=CARTESIAN_POINT('',(-1.59342240955808,-2.54185070858186,40.9585265610134));
#4483=CARTESIAN_POINT('',(-0.125884218718496,-3.461813565673,41.01769322768));
#4484=CARTESIAN_POINT('',(1.40459608148033,-2.65086963992764,41.0768598943467));
#4485=CARTESIAN_POINT('',(2.93507638167916,-1.83992571418228,41.1360265610134));
#4486=CARTESIAN_POINT('',(2.99801849103841,-0.109018931345775,41.19519322768));
#4487=CARTESIAN_POINT('',(3.06096060039766,1.62188785149073,41.2543598943467));
#4488=CARTESIAN_POINT('',(1.59342240955808,2.54185070858186,41.3135265610134));
#4489=CARTESIAN_POINT('',(0.125884218718501,3.461813565673,41.37269322768));
#4490=CARTESIAN_POINT('',(-1.40459608148033,2.65086963992764,41.4318598943467));
#4491=CARTESIAN_POINT('',(-2.93507638167916,1.83992571418228,41.4910265610134));
#4492=CARTESIAN_POINT('',(-2.99801849103841,0.109018931345777,41.55019322768));
#4493=CARTESIAN_POINT('',(-3.06096060039765,-1.62188785149072,41.6093598943467));
#4494=CARTESIAN_POINT('',(-1.59342240955808,-2.54185070858186,41.6685265610134));
#4495=CARTESIAN_POINT('',(-0.125884218718496,-3.461813565673,41.72769322768));
#4496=CARTESIAN_POINT('',(1.40459608148033,-2.65086963992764,41.7868598943467));
#4497=CARTESIAN_POINT('',(2.93507638167916,-1.83992571418228,41.8460265610134));
#4498=CARTESIAN_POINT('',(2.99801849103841,-0.109018931345774,41.90519322768));
#4499=CARTESIAN_POINT('',(3.06096060039766,1.62188785149073,41.9643598943467));
#4500=CARTESIAN_POINT('',(1.59342240955808,2.54185070858186,42.0235265610134));
#4501=CARTESIAN_POINT('',(0.125884218718501,3.461813565673,42.08269322768));
#4502=CARTESIAN_POINT('',(-1.40459608148033,2.65086963992764,42.1418598943467));
#4503=CARTESIAN_POINT('',(-2.93507638167916,1.83992571418228,42.2010265610134));
#4504=CARTESIAN_POINT('',(-2.99801849103841,0.109018931345777,42.26019322768));
#4505=CARTESIAN_POINT('',(-3.06096060039766,-1.62188785149072,42.3193598943467));
#4506=CARTESIAN_POINT('',(-1.59342240955808,-2.54185070858186,42.3785265610134));
#4507=CARTESIAN_POINT('',(-0.125884218718497,-3.461813565673,42.43769322768));
#4508=CARTESIAN_POINT('',(1.40459608148033,-2.65086963992764,42.4968598943467));
#4509=CARTESIAN_POINT('',(2.93507638167916,-1.83992571418228,42.5560265610134));
#4510=CARTESIAN_POINT('',(2.99801849103841,-0.109018931345774,42.61519322768));
#4511=CARTESIAN_POINT('',(3.06096060039766,1.62188785149073,42.6743598943467));
#4512=CARTESIAN_POINT('',(1.59342240955808,2.54185070858186,42.7335265610134));
#4513=CARTESIAN_POINT('',(0.125884218718501,3.461813565673,42.79269322768));
#4514=CARTESIAN_POINT('',(-1.40459608148033,2.65086963992764,42.8518598943467));
#4515=CARTESIAN_POINT('',(-2.93507638167916,1.83992571418228,42.9110265610134));
#4516=CARTESIAN_POINT('',(-2.99801849103841,0.109018931345777,42.97019322768));
#4517=CARTESIAN_POINT('',(-3.06096060039766,-1.62188785149072,43.0293598943467));
#4518=CARTESIAN_POINT('',(-1.59342240955808,-2.54185070858186,43.0885265610134));
#4519=CARTESIAN_POINT('',(-0.125884218718497,-3.461813565673,43.14769322768));
#4520=CARTESIAN_POINT('',(1.40459608148033,-2.65086963992764,43.2068598943467));
#4521=CARTESIAN_POINT('',(2.93507638167916,-1.83992571418228,43.2660265610134));
#4522=CARTESIAN_POINT('',(2.99801849103841,-0.109018931345774,43.32519322768));
#4523=CARTESIAN_POINT('',(3.06096060039766,1.62188785149073,43.3843598943467));
#4524=CARTESIAN_POINT('',(1.59342240955808,2.54185070858186,43.4435265610134));
#4525=CARTESIAN_POINT('',(0.125884218718501,3.461813565673,43.50269322768));
#4526=CARTESIAN_POINT('',(-1.40459608148033,2.65086963992764,43.5618598943467));
#4527=CARTESIAN_POINT('',(-2.93507638167916,1.83992571418228,43.6210265610134));
#4528=CARTESIAN_POINT('',(-2.99801849103841,0.109018931345778,43.68019322768));
#4529=CARTESIAN_POINT('',(-3.06096060039766,-1.62188785149072,43.7393598943467));
#4530=CARTESIAN_POINT('',(-1.59342240955808,-2.54185070858186,43.7985265610134));
#4531=CARTESIAN_POINT('',(-0.125884218718497,-3.461813565673,43.85769322768));
#4532=CARTESIAN_POINT('',(1.40459608148033,-2.65086963992764,43.9168598943467));
#4533=CARTESIAN_POINT('',(1.78628164015684,-2.74496318773834,39.115043862067));
#4534=CARTESIAN_POINT('',(3.21106313878373,-1.81778826473716,39.1707721655884));
#4535=CARTESIAN_POINT('',(3.27283685271693,-0.119012333385805,39.2239645517072));
#4536=CARTESIAN_POINT('',(3.34154865543411,1.77056090454404,39.2831312183738));
#4537=CARTESIAN_POINT('',(1.73948613043424,2.77485369020187,39.3422978850405));
#4538=CARTESIAN_POINT('',(0.137423605434364,3.77914647585969,39.4014645517072));
#4539=CARTESIAN_POINT('',(-1.53335072228269,2.89386602358767,39.4606312183738));
#4540=CARTESIAN_POINT('',(-3.20412504999975,2.00858557131565,39.5197978850405));
#4541=CARTESIAN_POINT('',(-3.27283685271693,0.119012333385806,39.5789645517072));
#4542=CARTESIAN_POINT('',(-3.34154865543411,-1.77056090454404,39.6381312183739));
#4543=CARTESIAN_POINT('',(-1.73948613043423,-2.77485369020187,39.6972978850405));
#4544=CARTESIAN_POINT('',(-0.137423605434359,-3.77914647585969,39.7564645517072));
#4545=CARTESIAN_POINT('',(1.5333507222827,-2.89386602358767,39.8156312183739));
#4546=CARTESIAN_POINT('',(3.20412504999975,-2.00858557131565,39.8747978850405));
#4547=CARTESIAN_POINT('',(3.27283685271693,-0.119012333385805,39.9339645517072));
#4548=CARTESIAN_POINT('',(3.34154865543411,1.77056090454404,39.9931312183738));
#4549=CARTESIAN_POINT('',(1.73948613043424,2.77485369020187,40.0522978850405));
#4550=CARTESIAN_POINT('',(0.137423605434363,3.77914647585969,40.1114645517072));
#4551=CARTESIAN_POINT('',(-1.53335072228269,2.89386602358767,40.1706312183738));
#4552=CARTESIAN_POINT('',(-3.20412504999975,2.00858557131565,40.2297978850405));
#4553=CARTESIAN_POINT('',(-3.27283685271693,0.119012333385807,40.2889645517072));
#4554=CARTESIAN_POINT('',(-3.34154865543411,-1.77056090454404,40.3481312183739));
#4555=CARTESIAN_POINT('',(-1.73948613043423,-2.77485369020187,40.4072978850405));
#4556=CARTESIAN_POINT('',(-0.137423605434359,-3.77914647585969,40.4664645517072));
#4557=CARTESIAN_POINT('',(1.5333507222827,-2.89386602358767,40.5256312183738));
#4558=CARTESIAN_POINT('',(3.20412504999975,-2.00858557131565,40.5847978850405));
#4559=CARTESIAN_POINT('',(3.27283685271693,-0.119012333385804,40.6439645517072));
#4560=CARTESIAN_POINT('',(3.34154865543411,1.77056090454404,40.7031312183738));
#4561=CARTESIAN_POINT('',(1.73948613043424,2.77485369020187,40.7622978850405));
#4562=CARTESIAN_POINT('',(0.137423605434363,3.77914647585969,40.8214645517072));
#4563=CARTESIAN_POINT('',(-1.53335072228269,2.89386602358767,40.8806312183738));
#4564=CARTESIAN_POINT('',(-3.20412504999975,2.00858557131565,40.9397978850405));
#4565=CARTESIAN_POINT('',(-3.27283685271693,0.119012333385807,40.9989645517072));
#4566=CARTESIAN_POINT('',(-3.3218857070507,-1.22983020654439,41.0411997587602));
#4567=CARTESIAN_POINT('',(-2.40631269934462,-2.22154995284212,41.0883515877383));
#4568=CARTESIAN_POINT('',(1.63628852533451,-2.51447009563817,38.9562725380399));
#4569=CARTESIAN_POINT('',(2.94143188285533,-1.66514955548442,39.0120008415613));
#4570=CARTESIAN_POINT('',(2.99801849103841,-0.109018931345775,39.06519322768));
#4571=CARTESIAN_POINT('',(3.06096060039766,1.62188785149073,39.1243598943467));
#4572=CARTESIAN_POINT('',(1.59342240955808,2.54185070858186,39.1835265610134));
#4573=CARTESIAN_POINT('',(0.125884218718501,3.461813565673,39.24269322768));
#4574=CARTESIAN_POINT('',(-1.40459608148033,2.65086963992764,39.3018598943467));
#4575=CARTESIAN_POINT('',(-2.93507638167916,1.83992571418228,39.3610265610134));
#4576=CARTESIAN_POINT('',(-2.99801849103841,0.109018931345777,39.42019322768));
#4577=CARTESIAN_POINT('',(-3.06096060039766,-1.62188785149073,39.4793598943467));
#4578=CARTESIAN_POINT('',(-1.59342240955808,-2.54185070858186,39.5385265610134));
#4579=CARTESIAN_POINT('',(-0.125884218718496,-3.461813565673,39.59769322768));
#4580=CARTESIAN_POINT('',(1.40459608148033,-2.65086963992764,39.6568598943467));
#4581=CARTESIAN_POINT('',(2.93507638167916,-1.83992571418228,39.7160265610134));
#4582=CARTESIAN_POINT('',(2.99801849103841,-0.109018931345775,39.77519322768));
#4583=CARTESIAN_POINT('',(3.06096060039766,1.62188785149073,39.8343598943467));
#4584=CARTESIAN_POINT('',(1.59342240955808,2.54185070858186,39.8935265610134));
#4585=CARTESIAN_POINT('',(0.125884218718501,3.461813565673,39.95269322768));
#4586=CARTESIAN_POINT('',(-1.40459608148033,2.65086963992764,40.0118598943467));
#4587=CARTESIAN_POINT('',(-2.93507638167916,1.83992571418228,40.0710265610134));
#4588=CARTESIAN_POINT('',(-2.99801849103841,0.109018931345777,40.13019322768));
#4589=CARTESIAN_POINT('',(-3.06096060039766,-1.62188785149073,40.1893598943467));
#4590=CARTESIAN_POINT('',(-1.59342240955808,-2.54185070858186,40.2485265610134));
#4591=CARTESIAN_POINT('',(-0.125884218718496,-3.461813565673,40.30769322768));
#4592=CARTESIAN_POINT('',(1.40459608148033,-2.65086963992764,40.3668598943467));
#4593=CARTESIAN_POINT('',(2.93507638167916,-1.83992571418228,40.4260265610134));
#4594=CARTESIAN_POINT('',(2.99801849103841,-0.109018931345775,40.48519322768));
#4595=CARTESIAN_POINT('',(3.06096060039766,1.62188785149073,40.5443598943467));
#4596=CARTESIAN_POINT('',(1.59342240955808,2.54185070858186,40.6035265610134));
#4597=CARTESIAN_POINT('',(0.125884218718501,3.461813565673,40.66269322768));
#4598=CARTESIAN_POINT('',(-1.40459608148033,2.65086963992764,40.7218598943467));
#4599=CARTESIAN_POINT('',(-2.93507638167916,1.83992571418228,40.7810265610134));
#4600=CARTESIAN_POINT('',(-2.99801849103841,0.109018931345777,40.84019322768));
#4601=CARTESIAN_POINT('',(-3.04294873928309,-1.12656202126204,40.8824284347331));
#4602=CARTESIAN_POINT('',(-2.2042559077966,-2.03500759038972,40.9295802637111));
#4603=CARTESIAN_POINT('',(1.5333507222827,-2.89386602358767,38.3956312183738));
#4604=CARTESIAN_POINT('',(3.20412504999975,-2.00858557131565,38.4547978850405));
#4605=CARTESIAN_POINT('',(3.27283685271693,-0.119012333385805,38.5139645517072));
#4606=CARTESIAN_POINT('',(3.34154865543411,1.77056090454404,38.5731312183738));
#4607=CARTESIAN_POINT('',(1.73948613043424,2.77485369020187,38.6322978850405));
#4608=CARTESIAN_POINT('',(0.137423605434364,3.77914647585969,38.6914645517072));
#4609=CARTESIAN_POINT('',(-1.53335072228269,2.89386602358767,38.7506312183738));
#4610=CARTESIAN_POINT('',(-3.20412504999975,2.00858557131565,38.8097978850405));
#4611=CARTESIAN_POINT('',(-3.27283685271693,0.119012333385806,38.8689645517072));
#4612=CARTESIAN_POINT('',(-3.34154865543411,-1.77056090454404,38.9281312183738));
#4613=CARTESIAN_POINT('',(-1.73948613043423,-2.77485369020187,38.9872978850405));
#4614=CARTESIAN_POINT('',(-0.137423605434358,-3.77914647585969,39.0464645517072));
#4615=CARTESIAN_POINT('',(1.5333507222827,-2.89386602358767,39.1056312183739));
#4616=CARTESIAN_POINT('',(3.20412504999975,-2.00858557131565,39.1647978850405));
#4617=CARTESIAN_POINT('',(3.27283685271693,-0.119012333385806,39.2239645517072));
#4618=CARTESIAN_POINT('',(3.34154865543411,1.77056090454404,39.2831312183738));
#4619=CARTESIAN_POINT('',(1.73948613043424,2.77485369020187,39.3422978850405));
#4620=CARTESIAN_POINT('',(0.137423605434368,3.77914647585969,39.4014645517072));
#4621=CARTESIAN_POINT('',(-1.53335072228269,2.89386602358767,39.4606312183738));
#4622=CARTESIAN_POINT('',(-3.20412504999974,2.00858557131565,39.5197978850405));
#4623=CARTESIAN_POINT('',(-3.27283685271693,0.11901233338581,39.5789645517072));
#4624=CARTESIAN_POINT('',(-3.34154865543411,-1.77056090454404,39.6381312183739));
#4625=CARTESIAN_POINT('',(-1.73948613043423,-2.77485369020187,39.6972978850405));
#4626=CARTESIAN_POINT('',(-0.137423605434363,-3.77914647585969,39.7564645517072));
#4627=CARTESIAN_POINT('',(1.5333507222827,-2.89386602358767,39.8156312183739));
#4628=CARTESIAN_POINT('',(3.20412504999975,-2.00858557131565,39.8747978850405));
#4629=CARTESIAN_POINT('',(3.27283685271693,-0.11901233338581,39.9339645517072));
#4630=CARTESIAN_POINT('',(3.34154865543412,1.77056090454404,39.9931312183738));
#4631=CARTESIAN_POINT('',(1.73948613043424,2.77485369020187,40.0522978850405));
#4632=CARTESIAN_POINT('',(0.137423605434369,3.77914647585969,40.1114645517072));
#4633=CARTESIAN_POINT('',(-1.53335072228269,2.89386602358768,40.1706312183738));
#4634=CARTESIAN_POINT('',(-3.20412504999975,2.00858557131566,40.2297978850405));
#4635=CARTESIAN_POINT('',(-3.27283685271693,0.11901233338581,40.2889645517072));
#4636=CARTESIAN_POINT('',(-3.34154865543411,-1.77056090454403,40.3481312183739));
#4637=CARTESIAN_POINT('',(-1.73948613043424,-2.77485369020186,40.4072978850405));
#4638=CARTESIAN_POINT('',(-0.137423605434371,-3.77914647585969,40.4664645517072));
#4639=CARTESIAN_POINT('',(1.5333507222827,-2.89386602358767,40.5256312183738));
#4640=CARTESIAN_POINT('',(3.20412504999975,-2.00858557131565,40.5847978850405));
#4641=CARTESIAN_POINT('',(3.27283685271693,-0.11901233338581,40.6439645517072));
#4642=CARTESIAN_POINT('',(3.34154865543412,1.77056090454403,40.7031312183738));
#4643=CARTESIAN_POINT('',(1.73948613043425,2.77485369020186,40.7622978850405));
#4644=CARTESIAN_POINT('',(0.137423605434377,3.77914647585969,40.8214645517072));
#4645=CARTESIAN_POINT('',(-1.53335072228269,2.89386602358767,40.8806312183738));
#4646=CARTESIAN_POINT('',(-3.20412504999974,2.00858557131566,40.9397978850405));
#4647=CARTESIAN_POINT('',(-3.27283685271693,0.119012333385812,40.9989645517072));
#4648=CARTESIAN_POINT('',(-3.34154865543411,-1.77056090454403,41.0581312183739));
#4649=CARTESIAN_POINT('',(-1.73948613043424,-2.77485369020186,41.1172978850405));
#4650=CARTESIAN_POINT('',(-0.137423605434372,-3.77914647585969,41.1764645517072));
#4651=CARTESIAN_POINT('',(1.5333507222827,-2.89386602358767,41.2356312183738));
#4652=CARTESIAN_POINT('',(3.20412504999975,-2.00858557131566,41.2947978850405));
#4653=CARTESIAN_POINT('',(3.27283685271693,-0.119012333385811,41.3539645517072));
#4654=CARTESIAN_POINT('',(3.34154865543412,1.77056090454403,41.4131312183738));
#4655=CARTESIAN_POINT('',(1.73948613043425,2.77485369020186,41.4722978850405));
#4656=CARTESIAN_POINT('',(0.137423605434377,3.77914647585969,41.5314645517072));
#4657=CARTESIAN_POINT('',(-1.53335072228268,2.89386602358768,41.5906312183739));
#4658=CARTESIAN_POINT('',(-3.20412504999974,2.00858557131566,41.6497978850405));
#4659=CARTESIAN_POINT('',(-3.27283685271693,0.119012333385812,41.7089645517072));
#4660=CARTESIAN_POINT('',(-3.34154865543411,-1.77056090454403,41.7681312183738));
#4661=CARTESIAN_POINT('',(-1.73948613043424,-2.77485369020186,41.8272978850405));
#4662=CARTESIAN_POINT('',(-0.137423605434372,-3.77914647585969,41.8864645517072));
#4663=CARTESIAN_POINT('',(1.53335072228268,-2.89386602358768,41.9456312183738));
#4664=CARTESIAN_POINT('',(3.20412504999975,-2.00858557131566,42.0047978850405));
#4665=CARTESIAN_POINT('',(3.27283685271693,-0.119012333385812,42.0639645517072));
#4666=CARTESIAN_POINT('',(3.34154865543412,1.77056090454402,42.1231312183738));
#4667=CARTESIAN_POINT('',(1.73948613043425,2.77485369020186,42.1822978850405));
#4668=CARTESIAN_POINT('',(0.137423605434365,3.7791464758597,42.2414645517072));
#4669=CARTESIAN_POINT('',(-1.53335072228268,2.89386602358768,42.3006312183738));
#4670=CARTESIAN_POINT('',(-3.20412504999974,2.00858557131566,42.3597978850405));
#4671=CARTESIAN_POINT('',(-3.27283685271693,0.119012333385825,42.4189645517072));
#4672=CARTESIAN_POINT('',(-3.34154865543411,-1.77056090454403,42.4781312183738));
#4673=CARTESIAN_POINT('',(-1.73948613043425,-2.77485369020185,42.5372978850405));
#4674=CARTESIAN_POINT('',(-0.137423605434373,-3.77914647585969,42.5964645517072));
#4675=CARTESIAN_POINT('',(1.53335072228269,-2.89386602358767,42.6556312183738));
#4676=CARTESIAN_POINT('',(3.20412504999974,-2.00858557131567,42.7147978850405));
#4677=CARTESIAN_POINT('',(3.27283685271693,-0.119012333385812,42.7739645517072));
#4678=CARTESIAN_POINT('',(3.34154865543412,1.77056090454402,42.8331312183738));
#4679=CARTESIAN_POINT('',(1.73948613043425,2.77485369020186,42.8922978850405));
#4680=CARTESIAN_POINT('',(0.137423605434366,3.7791464758597,42.9514645517072));
#4681=CARTESIAN_POINT('',(-1.53335072228268,2.89386602358768,43.0106312183738));
#4682=CARTESIAN_POINT('',(-3.20412504999974,2.00858557131566,43.0697978850405));
#4683=CARTESIAN_POINT('',(-3.27283685271693,0.119012333385826,43.1289645517072));
#4684=CARTESIAN_POINT('',(-3.34154865543411,-1.77056090454403,43.1881312183739));
#4685=CARTESIAN_POINT('',(-1.73948613043425,-2.77485369020185,43.2472978850405));
#4686=CARTESIAN_POINT('',(-0.137423605434374,-3.77914647585969,43.3064645517072));
#4687=CARTESIAN_POINT('',(1.53335072228269,-2.89386602358767,43.3656312183738));
#4688=CARTESIAN_POINT('',(3.20412504999974,-2.00858557131567,43.4247978850405));
#4689=CARTESIAN_POINT('',(3.27283685271693,-0.119012333385813,43.4839645517072));
#4690=CARTESIAN_POINT('',(3.34154865543412,1.77056090454402,43.5431312183738));
#4691=CARTESIAN_POINT('',(1.73948613043425,2.77485369020186,43.6022978850405));
#4692=CARTESIAN_POINT('',(0.137423605434394,3.77914647585969,43.6614645517072));
#4693=CARTESIAN_POINT('',(-1.53335072228268,2.89386602358768,43.7206312183738));
#4694=CARTESIAN_POINT('',(-3.20412504999974,2.00858557131566,43.7797978850405));
#4695=CARTESIAN_POINT('',(-3.27283685271693,0.119012333385827,43.8389645517072));
#4696=CARTESIAN_POINT('',(-3.34154865543411,-1.77056090454403,43.8981312183738));
#4697=CARTESIAN_POINT('',(-1.73948613043425,-2.77485369020185,43.9572978850405));
#4698=CARTESIAN_POINT('',(-0.137423605434375,-3.77914647585969,44.0164645517072));
#4699=CARTESIAN_POINT('',(1.53335072228269,-2.89386602358767,44.0756312183739));
#4700=CARTESIAN_POINT('',(3.03180779078927E-15,-1.02479168256155E-16,37.6012312183738));
#4701=CARTESIAN_POINT('',(1.5333507222827,-2.89386602358767,37.813276751344));
#4702=CARTESIAN_POINT('',(3.20412504999975,-2.00858557131565,37.8724434180107));
#4703=CARTESIAN_POINT('',(3.27283685271693,-0.119012333385805,37.9316100846774));
#4704=CARTESIAN_POINT('',(3.34154865543411,1.77056090454404,37.9907767513441));
#4705=CARTESIAN_POINT('',(1.73948613043424,2.77485369020187,38.0499434180107));
#4706=CARTESIAN_POINT('',(0.137423605434364,3.77914647585969,38.1091100846774));
#4707=CARTESIAN_POINT('',(-1.53335072228269,2.89386602358767,38.1682767513441));
#4708=CARTESIAN_POINT('',(-3.20412504999975,2.00858557131565,38.2274434180107));
#4709=CARTESIAN_POINT('',(-3.27283685271693,0.119012333385806,38.2866100846774));
#4710=CARTESIAN_POINT('',(-3.34154865543411,-1.77056090454404,38.3457767513441));
#4711=CARTESIAN_POINT('',(-1.73948613043423,-2.77485369020187,38.4049434180107));
#4712=CARTESIAN_POINT('',(-0.137423605434358,-3.77914647585969,38.4641100846774));
#4713=CARTESIAN_POINT('',(1.5333507222827,-2.89386602358767,38.523276751344));
#4714=CARTESIAN_POINT('',(3.20412504999975,-2.00858557131565,38.5824434180107));
#4715=CARTESIAN_POINT('',(3.27283685271693,-0.119012333385806,38.6416100846774));
#4716=CARTESIAN_POINT('',(3.34154865543411,1.77056090454404,38.7007767513441));
#4717=CARTESIAN_POINT('',(1.73948613043424,2.77485369020187,38.7599434180107));
#4718=CARTESIAN_POINT('',(0.137423605434368,3.77914647585969,38.8191100846774));
#4719=CARTESIAN_POINT('',(-1.53335072228269,2.89386602358767,38.8782767513441));
#4720=CARTESIAN_POINT('',(-3.20412504999974,2.00858557131565,38.9374434180107));
#4721=CARTESIAN_POINT('',(-3.27283685271693,0.11901233338581,38.9966100846774));
#4722=CARTESIAN_POINT('',(-3.34154865543411,-1.77056090454404,39.0557767513441));
#4723=CARTESIAN_POINT('',(-1.73948613043423,-2.77485369020187,39.1149434180107));
#4724=CARTESIAN_POINT('',(-0.137423605434363,-3.77914647585969,39.1741100846774));
#4725=CARTESIAN_POINT('',(1.5333507222827,-2.89386602358767,39.2332767513441));
#4726=CARTESIAN_POINT('',(3.20412504999975,-2.00858557131565,39.2924434180107));
#4727=CARTESIAN_POINT('',(3.27283685271693,-0.11901233338581,39.3516100846774));
#4728=CARTESIAN_POINT('',(3.34154865543412,1.77056090454404,39.4107767513441));
#4729=CARTESIAN_POINT('',(1.73948613043424,2.77485369020187,39.4699434180107));
#4730=CARTESIAN_POINT('',(0.137423605434369,3.77914647585969,39.5291100846774));
#4731=CARTESIAN_POINT('',(-1.53335072228269,2.89386602358768,39.5882767513441));
#4732=CARTESIAN_POINT('',(-3.20412504999975,2.00858557131566,39.6474434180107));
#4733=CARTESIAN_POINT('',(-3.27283685271693,0.11901233338581,39.7066100846774));
#4734=CARTESIAN_POINT('',(-3.34154865543411,-1.77056090454403,39.765776751344));
#4735=CARTESIAN_POINT('',(-1.73948613043424,-2.77485369020186,39.8249434180107));
#4736=CARTESIAN_POINT('',(-0.137423605434371,-3.77914647585969,39.8841100846774));
#4737=CARTESIAN_POINT('',(1.5333507222827,-2.89386602358767,39.9432767513441));
#4738=CARTESIAN_POINT('',(3.20412504999975,-2.00858557131565,40.0024434180107));
#4739=CARTESIAN_POINT('',(3.27283685271693,-0.11901233338581,40.0616100846774));
#4740=CARTESIAN_POINT('',(3.34154865543412,1.77056090454403,40.1207767513441));
#4741=CARTESIAN_POINT('',(1.73948613043425,2.77485369020186,40.1799434180107));
#4742=CARTESIAN_POINT('',(0.137423605434377,3.77914647585969,40.2391100846774));
#4743=CARTESIAN_POINT('',(-1.53335072228269,2.89386602358767,40.298276751344));
#4744=CARTESIAN_POINT('',(-3.20412504999974,2.00858557131566,40.3574434180107));
#4745=CARTESIAN_POINT('',(-3.27283685271693,0.119012333385812,40.4166100846774));
#4746=CARTESIAN_POINT('',(-3.34154865543411,-1.77056090454403,40.4757767513441));
#4747=CARTESIAN_POINT('',(-1.73948613043424,-2.77485369020186,40.5349434180107));
#4748=CARTESIAN_POINT('',(-0.137423605434372,-3.77914647585969,40.5941100846774));
#4749=CARTESIAN_POINT('',(1.5333507222827,-2.89386602358767,40.6532767513441));
#4750=CARTESIAN_POINT('',(3.20412504999975,-2.00858557131566,40.7124434180107));
#4751=CARTESIAN_POINT('',(3.27283685271693,-0.119012333385811,40.7716100846774));
#4752=CARTESIAN_POINT('',(3.34154865543412,1.77056090454403,40.830776751344));
#4753=CARTESIAN_POINT('',(1.73948613043425,2.77485369020186,40.8899434180107));
#4754=CARTESIAN_POINT('',(0.137423605434377,3.77914647585969,40.9491100846774));
#4755=CARTESIAN_POINT('',(-1.53335072228268,2.89386602358768,41.0082767513441));
#4756=CARTESIAN_POINT('',(-3.20412504999974,2.00858557131566,41.0674434180107));
#4757=CARTESIAN_POINT('',(-3.27283685271693,0.119012333385812,41.1266100846774));
#4758=CARTESIAN_POINT('',(-3.34154865543411,-1.77056090454403,41.1857767513441));
#4759=CARTESIAN_POINT('',(-1.73948613043424,-2.77485369020186,41.2449434180107));
#4760=CARTESIAN_POINT('',(-0.137423605434372,-3.77914647585969,41.3041100846774));
#4761=CARTESIAN_POINT('',(1.53335072228268,-2.89386602358768,41.3632767513441));
#4762=CARTESIAN_POINT('',(3.20412504999975,-2.00858557131566,41.4224434180107));
#4763=CARTESIAN_POINT('',(3.27283685271693,-0.119012333385812,41.4816100846774));
#4764=CARTESIAN_POINT('',(3.34154865543412,1.77056090454402,41.540776751344));
#4765=CARTESIAN_POINT('',(1.73948613043425,2.77485369020186,41.5999434180107));
#4766=CARTESIAN_POINT('',(0.137423605434365,3.7791464758597,41.6591100846774));
#4767=CARTESIAN_POINT('',(-1.53335072228268,2.89386602358768,41.7182767513441));
#4768=CARTESIAN_POINT('',(-3.20412504999974,2.00858557131566,41.7774434180107));
#4769=CARTESIAN_POINT('',(-3.27283685271693,0.119012333385825,41.8366100846774));
#4770=CARTESIAN_POINT('',(-3.34154865543411,-1.77056090454403,41.8957767513441));
#4771=CARTESIAN_POINT('',(-1.73948613043425,-2.77485369020185,41.9549434180107));
#4772=CARTESIAN_POINT('',(-0.137423605434373,-3.77914647585969,42.0141100846774));
#4773=CARTESIAN_POINT('',(1.53335072228269,-2.89386602358767,42.073276751344));
#4774=CARTESIAN_POINT('',(3.20412504999974,-2.00858557131567,42.1324434180107));
#4775=CARTESIAN_POINT('',(3.27283685271693,-0.119012333385812,42.1916100846774));
#4776=CARTESIAN_POINT('',(3.34154865543412,1.77056090454402,42.250776751344));
#4777=CARTESIAN_POINT('',(1.73948613043425,2.77485369020186,42.3099434180107));
#4778=CARTESIAN_POINT('',(0.137423605434366,3.7791464758597,42.3691100846774));
#4779=CARTESIAN_POINT('',(-1.53335072228268,2.89386602358768,42.4282767513441));
#4780=CARTESIAN_POINT('',(-3.20412504999974,2.00858557131566,42.4874434180107));
#4781=CARTESIAN_POINT('',(-3.27283685271693,0.119012333385826,42.5466100846774));
#4782=CARTESIAN_POINT('',(-3.34154865543411,-1.77056090454403,42.6057767513441));
#4783=CARTESIAN_POINT('',(-1.73948613043425,-2.77485369020185,42.6649434180107));
#4784=CARTESIAN_POINT('',(-0.137423605434374,-3.77914647585969,42.7241100846774));
#4785=CARTESIAN_POINT('',(1.53335072228269,-2.89386602358767,42.7832767513441));
#4786=CARTESIAN_POINT('',(3.20412504999974,-2.00858557131567,42.8424434180107));
#4787=CARTESIAN_POINT('',(3.27283685271693,-0.119012333385813,42.9016100846774));
#4788=CARTESIAN_POINT('',(3.34154865543412,1.77056090454402,42.960776751344));
#4789=CARTESIAN_POINT('',(1.73948613043425,2.77485369020186,43.0199434180107));
#4790=CARTESIAN_POINT('',(0.137423605434394,3.77914647585969,43.0791100846774));
#4791=CARTESIAN_POINT('',(-1.53335072228268,2.89386602358768,43.1382767513441));
#4792=CARTESIAN_POINT('',(-3.20412504999974,2.00858557131566,43.1974434180107));
#4793=CARTESIAN_POINT('',(-3.27283685271693,0.119012333385827,43.2566100846774));
#4794=CARTESIAN_POINT('',(-3.34154865543411,-1.77056090454403,43.3157767513441));
#4795=CARTESIAN_POINT('',(-1.73948613043425,-2.77485369020185,43.3749434180107));
#4796=CARTESIAN_POINT('',(-0.137423605434375,-3.77914647585969,43.4341100846774));
#4797=CARTESIAN_POINT('',(1.53335072228269,-2.89386602358767,43.4932767513441));
#4798=CARTESIAN_POINT('',(-1.57595811694546,-2.55271541963332,39.2744187298022));
#4799=CARTESIAN_POINT('',(-0.113791826919195,-3.45540626224276,39.333348887126));
#4800=CARTESIAN_POINT('',(1.40459608148033,-2.65086963992764,39.3920480753712));
#4801=CARTESIAN_POINT('',(2.93507638167916,-1.83992571418227,39.4512147420379));
#4802=CARTESIAN_POINT('',(2.99801849103841,-0.109018931345775,39.5103814087045));
#4803=CARTESIAN_POINT('',(3.06096060039766,1.62188785149072,39.5695480753712));
#4804=CARTESIAN_POINT('',(1.59342240955808,2.54185070858186,39.6287147420379));
#4805=CARTESIAN_POINT('',(0.125884218718501,3.461813565673,39.6878814087045));
#4806=CARTESIAN_POINT('',(-1.40459608148033,2.65086963992764,39.7470480753712));
#4807=CARTESIAN_POINT('',(-2.93507638167915,1.83992571418228,39.8062147420379));
#4808=CARTESIAN_POINT('',(-2.9980184910384,0.109018931345777,39.8653814087045));
#4809=CARTESIAN_POINT('',(-3.06096060039765,-1.62188785149072,39.9245480753712));
#4810=CARTESIAN_POINT('',(-1.59342240955808,-2.54185070858186,39.9837147420379));
#4811=CARTESIAN_POINT('',(-0.125884218718496,-3.461813565673,40.0428814087045));
#4812=CARTESIAN_POINT('',(1.40459608148033,-2.65086963992764,40.1020480753712));
#4813=CARTESIAN_POINT('',(2.93507638167916,-1.83992571418227,40.1612147420379));
#4814=CARTESIAN_POINT('',(2.99801849103841,-0.109018931345775,40.2203814087045));
#4815=CARTESIAN_POINT('',(3.06096060039766,1.62188785149072,40.2795480753712));
#4816=CARTESIAN_POINT('',(1.59342240955808,2.54185070858186,40.3387147420379));
#4817=CARTESIAN_POINT('',(0.125884218718501,3.461813565673,40.3978814087045));
#4818=CARTESIAN_POINT('',(-1.40459608148033,2.65086963992764,40.4570480753712));
#4819=CARTESIAN_POINT('',(-2.93507638167915,1.83992571418228,40.5162147420379));
#4820=CARTESIAN_POINT('',(-2.9980184910384,0.109018931345777,40.5753814087045));
#4821=CARTESIAN_POINT('',(-3.06096060039765,-1.62188785149072,40.6345480753712));
#4822=CARTESIAN_POINT('',(-1.59342240955808,-2.54185070858186,40.6937147420379));
#4823=CARTESIAN_POINT('',(-0.125884218718496,-3.461813565673,40.7528814087045));
#4824=CARTESIAN_POINT('',(1.40459608148033,-2.65086963992764,40.8120480753712));
#4825=CARTESIAN_POINT('',(2.93507638167916,-1.83992571418227,40.8712147420379));
#4826=CARTESIAN_POINT('',(2.99801849103841,-0.109018931345775,40.9303814087045));
#4827=CARTESIAN_POINT('',(3.06096060039766,1.62188785149072,40.9895480753712));
#4828=CARTESIAN_POINT('',(1.59342240955808,2.54185070858186,41.0487147420379));
#4829=CARTESIAN_POINT('',(0.125884218718501,3.461813565673,41.1078814087045));
#4830=CARTESIAN_POINT('',(-1.40459608148033,2.65086963992764,41.1670480753712));
#4831=CARTESIAN_POINT('',(-2.3772795907487,2.13548124622443,41.204650938314));
#4832=CARTESIAN_POINT('',(-2.78578080970114,1.11329478589492,41.2473713802829));
#4833=CARTESIAN_POINT('',(-1.72042094433213,-2.7867143330997,39.1156474057751));
#4834=CARTESIAN_POINT('',(-0.124222744386789,-3.77215183628168,39.1745775630988));
#4835=CARTESIAN_POINT('',(1.5333507222827,-2.89386602358767,39.2332767513441));
#4836=CARTESIAN_POINT('',(3.20412504999975,-2.00858557131565,39.2924434180107));
#4837=CARTESIAN_POINT('',(3.27283685271693,-0.119012333385805,39.3516100846774));
#4838=CARTESIAN_POINT('',(3.34154865543411,1.77056090454404,39.4107767513441));
#4839=CARTESIAN_POINT('',(1.73948613043424,2.77485369020187,39.4699434180107));
#4840=CARTESIAN_POINT('',(0.137423605434363,3.77914647585969,39.5291100846774));
#4841=CARTESIAN_POINT('',(-1.53335072228269,2.89386602358767,39.5882767513441));
#4842=CARTESIAN_POINT('',(-3.20412504999975,2.00858557131565,39.6474434180107));
#4843=CARTESIAN_POINT('',(-3.27283685271693,0.119012333385807,39.7066100846774));
#4844=CARTESIAN_POINT('',(-3.34154865543411,-1.77056090454404,39.765776751344));
#4845=CARTESIAN_POINT('',(-1.73948613043423,-2.77485369020187,39.8249434180107));
#4846=CARTESIAN_POINT('',(-0.137423605434359,-3.77914647585969,39.8841100846774));
#4847=CARTESIAN_POINT('',(1.5333507222827,-2.89386602358767,39.9432767513441));
#4848=CARTESIAN_POINT('',(3.20412504999975,-2.00858557131565,40.0024434180107));
#4849=CARTESIAN_POINT('',(3.27283685271693,-0.119012333385804,40.0616100846774));
#4850=CARTESIAN_POINT('',(3.34154865543411,1.77056090454404,40.1207767513441));
#4851=CARTESIAN_POINT('',(1.73948613043424,2.77485369020187,40.1799434180107));
#4852=CARTESIAN_POINT('',(0.137423605434363,3.77914647585969,40.2391100846774));
#4853=CARTESIAN_POINT('',(-1.53335072228269,2.89386602358767,40.298276751344));
#4854=CARTESIAN_POINT('',(-3.20412504999975,2.00858557131565,40.3574434180107));
#4855=CARTESIAN_POINT('',(-3.27283685271693,0.119012333385807,40.4166100846774));
#4856=CARTESIAN_POINT('',(-3.34154865543411,-1.77056090454404,40.4757767513441));
#4857=CARTESIAN_POINT('',(-1.73948613043423,-2.77485369020187,40.5349434180107));
#4858=CARTESIAN_POINT('',(-0.137423605434359,-3.77914647585969,40.5941100846774));
#4859=CARTESIAN_POINT('',(1.5333507222827,-2.89386602358767,40.6532767513441));
#4860=CARTESIAN_POINT('',(3.20412504999975,-2.00858557131565,40.7124434180107));
#4861=CARTESIAN_POINT('',(3.27283685271693,-0.119012333385804,40.7716100846774));
#4862=CARTESIAN_POINT('',(3.34154865543411,1.77056090454404,40.830776751344));
#4863=CARTESIAN_POINT('',(1.73948613043424,2.77485369020187,40.8899434180107));
#4864=CARTESIAN_POINT('',(0.137423605434363,3.77914647585969,40.9491100846774));
#4865=CARTESIAN_POINT('',(-1.53335072228269,2.89386602358767,41.0082767513441));
#4866=CARTESIAN_POINT('',(-2.59519688656734,2.33123369379501,41.0458796142869));
#4867=CARTESIAN_POINT('',(-3.04114405059042,1.21534680793529,41.0886000562558));
#4868=CARTESIAN_POINT('',(2.60208645775319E-15,8.67994722593887E-16,40.1112312183739));
#4869=CARTESIAN_POINT('',(2.60208645775319E-15,8.67994722593887E-16,40.1112312183739));
#4870=CARTESIAN_POINT('',(2.60208645775319E-15,8.67994722593887E-16,40.1112312183739));
#4871=CARTESIAN_POINT('',(2.60208645775319E-15,8.67994722593887E-16,40.1112312183739));
#4872=CARTESIAN_POINT('',(2.60208645775319E-15,8.67994722593887E-16,40.1112312183739));
#4873=CARTESIAN_POINT('',(2.60208645775319E-15,8.67994722593887E-16,40.1112312183739));
#4874=CARTESIAN_POINT('',(2.60208397017723E-15,8.6672875338292E-16,40.0912312183738));
#4875=CARTESIAN_POINT('',(2.60208397017723E-15,8.6672875338292E-16,40.0912312183738));
#4876=CARTESIAN_POINT('',(2.60208397017723E-15,8.6672875338292E-16,40.0912312183738));
#4877=CARTESIAN_POINT('',(2.60208397017723E-15,8.6672875338292E-16,40.0912312183738));
#4878=CARTESIAN_POINT('',(2.60208397017723E-15,8.6672875338292E-16,40.0912312183738));
#4879=CARTESIAN_POINT('',(2.60208397017723E-15,8.6672875338292E-16,40.0912312183738));
#4880=CARTESIAN_POINT('',(1.46423025887295E-16,-3.09979097444668E-16,6.55000000000001));
#4881=CARTESIAN_POINT('',(1.28328441726653E-15,-3.50563283576804E-15,0.55000000000001));
#4882=CARTESIAN_POINT('',(-0.779999999999999,-3.45150946331756E-15,0.55000000000001));
#4883=CARTESIAN_POINT('',(2.01371326470626E-16,-4.64435694796968E-16,6.26));
#4884=CARTESIAN_POINT('',(2.01371326470626E-16,-0.780000000000001,6.26));
#4885=CARTESIAN_POINT('',(1.28328441726653E-15,-3.50563283576804E-15,0.55000000000001));
#4886=CARTESIAN_POINT('',(1.28328441726653E-15,-3.50563283576804E-15,0.55000000000001));
#4887=CARTESIAN_POINT('',(-0.634999999999999,-3.46157085947822E-15,0.55000000000001));
#4888=CARTESIAN_POINT('',(2.23066891008256E-15,-6.16867761770418E-15,-4.44999999999999));
#4889=CARTESIAN_POINT('',(-0.634999999999998,-6.12461564141437E-15,-4.44999999999999));
#4890=CARTESIAN_POINT('',(2.23066891008256E-15,-6.16867761770418E-15,-4.44999999999999));
#4891=CARTESIAN_POINT('',(1.28328441726653E-15,-3.50563283576804E-15,0.55000000000001));
#4892=CARTESIAN_POINT('',(-2.40741243048404E-32,0.,6.26));
#4893=CARTESIAN_POINT('',(0.,0.,6.26));
#4894=CARTESIAN_POINT('',(-1.95,0.,6.26));
#4895=CARTESIAN_POINT('',(8.37920843302929E-17,3.03368798885411E-15,1.79520995741778));
#4896=CARTESIAN_POINT('',(8.32278548199934E-17,3.02732884747953E-15,1.8495885436387));
#4897=CARTESIAN_POINT('',(-0.24260338711958,-2.73425832659573,1.84958854363826));
#4898=CARTESIAN_POINT('',(1.07254675199185,-2.52679015052531,1.84958854363869));
#4899=CARTESIAN_POINT('',(-0.242603387119579,-2.73425832659573,1.90586666421503));
#4900=CARTESIAN_POINT('',(-0.242603387119579,-2.73425832659573,1.88710729068944));
#4901=CARTESIAN_POINT('',(-0.242603387119579,-2.73425832659573,1.86834791716385));
#4902=CARTESIAN_POINT('',(-0.242603387119579,-2.73425832659573,1.84958854363826));
#4903=CARTESIAN_POINT('',(-0.242608434238821,-2.73431521008765,1.90554082960434));
#4904=CARTESIAN_POINT('',(8.26472966792893E-17,3.02078567448784E-15,1.90554082960434));
#4905=CARTESIAN_POINT('',(2.12008037056618,-1.74373098350074,1.90554082960434));
#4906=CARTESIAN_POINT('',(2.12008037054557,-1.7437309835258,1.90554082960434));
#4907=CARTESIAN_POINT('',(1.83781066940818,-2.08689414453516,1.88761735030859));
#4908=CARTESIAN_POINT('',(1.47585518616997,-2.35561857097019,1.86832389478326));
#4909=CARTESIAN_POINT('',(1.07254675199186,-2.52679015052531,1.8495885436387));
#4910=CARTESIAN_POINT('',(8.37920843302929E-17,3.03368798885411E-15,1.79520995741778));
#4911=CARTESIAN_POINT('',(8.37920843302929E-17,2.74494449921424,1.79520995741778));
#4912=CARTESIAN_POINT('',(8.65834088471317E-17,3.06514757560191E-15,1.52619127239911));
#4913=CARTESIAN_POINT('',(8.63069123199514E-17,3.06203132508004E-15,1.55283909915862));
#4914=CARTESIAN_POINT('',(8.63069123199514E-17,3.165,1.55283909915862));
#4915=CARTESIAN_POINT('',(0.,0.,1.14));
#4916=CARTESIAN_POINT('',(0.,0.,1.14));
#4917=CARTESIAN_POINT('',(-3.165,0.,1.14));
#4918=CARTESIAN_POINT('',(0.,0.,-0.51));
#4919=CARTESIAN_POINT('',(-3.92702177228495,-0.51,-0.51));
#4920=CARTESIAN_POINT('',(-3.92702177228495,-0.509999999999999,-0.51));
#4921=CARTESIAN_POINT('',(-3.07,-0.51,-0.51));
#4922=CARTESIAN_POINT('',(-3.07,1.29910791366906,-0.51));
#4923=CARTESIAN_POINT('',(-3.07,-1.29910791366906,-0.51));
#4924=CARTESIAN_POINT('',(-3.07,-1.29910791366906,-0.51));
#4925=CARTESIAN_POINT('',(-3.74084464107271,-1.29910791366907,-0.51));
#4926=CARTESIAN_POINT('',(0.,0.,-0.51));
#4927=CARTESIAN_POINT('',(-3.92702177228495,-0.51,-4.45));
#4928=CARTESIAN_POINT('',(-3.92702177228495,-0.509999999999999,-4.45));
#4929=CARTESIAN_POINT('',(-3.92702177228495,-0.509999999999999,-4.45));
#4930=CARTESIAN_POINT('',(-3.92702177228495,-0.51,-4.45));
#4931=CARTESIAN_POINT('',(-3.07,-0.51,-4.45));
#4932=CARTESIAN_POINT('',(-3.07,-0.51,-4.45));
#4933=CARTESIAN_POINT('',(0.,0.,-4.45));
#4934=CARTESIAN_POINT('',(0.,0.,-4.45));
#4935=CARTESIAN_POINT('',(-3.92702177228495,0.51,-4.45));
#4936=CARTESIAN_POINT('',(-3.07,0.51,-4.45));
#4937=CARTESIAN_POINT('',(-3.07,0.51,-4.45));
#4938=CARTESIAN_POINT('',(-3.07,-0.51,-4.45));
#4939=CARTESIAN_POINT('',(-3.07,0.51,-4.45));
#4940=CARTESIAN_POINT('',(-3.07,0.51,-0.51));
#4941=CARTESIAN_POINT('',(-3.07,0.51,-0.51));
#4942=CARTESIAN_POINT('',(-3.92702177228495,0.51,-0.51));
#4943=CARTESIAN_POINT('',(-3.07,0.51,-4.45));
#4944=CARTESIAN_POINT('',(-3.92702177228495,0.51,-4.45));
#4945=CARTESIAN_POINT('',(0.,0.,-0.51));
#4946=CARTESIAN_POINT('',(0.,0.,-0.51));
#4947=CARTESIAN_POINT('',(-3.74084464107271,1.29910791366906,-0.51));
#4948=CARTESIAN_POINT('',(-3.74084464107271,1.29910791366907,-0.51));
#4949=CARTESIAN_POINT('',(-3.07,1.29910791366906,-0.51));
#4950=CARTESIAN_POINT('',(-3.07,1.29910791366906,-0.51));
#4951=CARTESIAN_POINT('',(0.,0.,-0.51));
#4952=CARTESIAN_POINT('',(3.07,0.51,-0.51));
#4953=CARTESIAN_POINT('',(3.07,0.51,-0.51));
#4954=CARTESIAN_POINT('',(3.92702177228495,0.51,-0.51));
#4955=CARTESIAN_POINT('',(3.07,1.29910791366906,-0.51));
#4956=CARTESIAN_POINT('',(3.07,1.29910791366906,-0.51));
#4957=CARTESIAN_POINT('',(3.74084464107271,1.29910791366907,-0.51));
#4958=CARTESIAN_POINT('',(3.74084464107271,1.29910791366906,-0.51));
#4959=CARTESIAN_POINT('',(0.,0.,-0.51));
#4960=CARTESIAN_POINT('',(3.07,0.51,-4.45));
#4961=CARTESIAN_POINT('',(3.92702177228495,0.51,-4.45));
#4962=CARTESIAN_POINT('',(3.92702177228495,0.51,-4.45));
#4963=CARTESIAN_POINT('',(3.07,0.51,-4.45));
#4964=CARTESIAN_POINT('',(3.07,0.51,-4.45));
#4965=CARTESIAN_POINT('',(3.07,0.51,-4.45));
#4966=CARTESIAN_POINT('',(0.,0.,-4.45));
#4967=CARTESIAN_POINT('',(3.92702177228495,-0.51,-4.45));
#4968=CARTESIAN_POINT('',(3.92702177228495,-0.509999999999998,-4.45));
#4969=CARTESIAN_POINT('',(3.07,-0.51,-4.45));
#4970=CARTESIAN_POINT('',(3.07,-0.51,-4.45));
#4971=CARTESIAN_POINT('',(0.,0.,-4.45));
#4972=CARTESIAN_POINT('',(3.92702177228495,-0.51,-4.45));
#4973=CARTESIAN_POINT('',(3.92702177228495,-0.51,-0.51));
#4974=CARTESIAN_POINT('',(3.92702177228495,-0.509999999999998,-0.51));
#4975=CARTESIAN_POINT('',(3.07,-0.51,-0.51));
#4976=CARTESIAN_POINT('',(3.07,-0.51,-4.45));
#4977=CARTESIAN_POINT('',(3.92702177228495,-0.509999999999998,-4.45));
#4978=CARTESIAN_POINT('',(0.,0.,-0.51));
#4979=CARTESIAN_POINT('',(0.,0.,-0.51));
#4980=CARTESIAN_POINT('',(3.74084464107271,-1.29910791366907,-0.51));
#4981=CARTESIAN_POINT('',(3.07,-1.29910791366906,-0.51));
#4982=CARTESIAN_POINT('',(3.07,-1.29910791366906,-0.51));
#4983=CARTESIAN_POINT('',(3.07,1.29910791366906,-0.51));
#4984=CARTESIAN_POINT('',(0.,0.,-0.51));
#4985=CARTESIAN_POINT('',(0.,0.,-0.51));
#4986=CARTESIAN_POINT('',(1.29910791366906,-3.74084464107271,-0.51));
#4987=CARTESIAN_POINT('',(0.51,-3.92702177228495,-0.51));
#4988=CARTESIAN_POINT('',(0.51,-3.07,-0.51));
#4989=CARTESIAN_POINT('',(0.51,-3.07,-0.51));
#4990=CARTESIAN_POINT('',(-1.29910791366906,-3.07,-0.51));
#4991=CARTESIAN_POINT('',(1.29910791366906,-3.07,-0.51));
#4992=CARTESIAN_POINT('',(1.29910791366906,-3.07,-0.51));
#4993=CARTESIAN_POINT('',(0.51,-3.07,-4.45));
#4994=CARTESIAN_POINT('',(0.51,-3.92702177228495,-4.45));
#4995=CARTESIAN_POINT('',(0.51,-3.92702177228495,-4.45));
#4996=CARTESIAN_POINT('',(0.51,-3.07,-4.45));
#4997=CARTESIAN_POINT('',(0.51,-3.07,-4.45));
#4998=CARTESIAN_POINT('',(0.51,-3.07,-4.45));
#4999=CARTESIAN_POINT('',(0.,0.,-4.45));
#5000=CARTESIAN_POINT('',(-0.51,-3.07,-4.45));
#5001=CARTESIAN_POINT('',(-0.51,-3.07,-4.45));
#5002=CARTESIAN_POINT('',(0.,0.,-4.45));
#5003=CARTESIAN_POINT('',(-0.509999999999996,-3.92702177228495,-4.45));
#5004=CARTESIAN_POINT('',(-0.51,-3.92702177228495,-4.45));
#5005=CARTESIAN_POINT('',(-0.51,-3.92702177228495,-4.45));
#5006=CARTESIAN_POINT('',(-0.51,-3.92702177228495,-0.51));
#5007=CARTESIAN_POINT('',(-0.51,-3.92702177228495,-0.51));
#5008=CARTESIAN_POINT('',(-0.51,-3.07,-0.51));
#5009=CARTESIAN_POINT('',(-0.51,-3.07,-4.45));
#5010=CARTESIAN_POINT('',(-0.509999999999996,-3.92702177228495,-4.45));
#5011=CARTESIAN_POINT('',(0.,0.,-0.51));
#5012=CARTESIAN_POINT('',(-1.29910791366906,-3.07,-0.51));
#5013=CARTESIAN_POINT('',(-1.29910791366906,-3.07,-0.51));
#5014=CARTESIAN_POINT('',(0.,0.,-0.51));
#5015=CARTESIAN_POINT('',(-1.29910791366906,-3.74084464107271,-0.51));
#5016=CARTESIAN_POINT('',(-1.29910791366906,-3.74084464107271,-0.51));
#5017=CARTESIAN_POINT('',(0.,0.,1.14));
#5018=CARTESIAN_POINT('',(0.,0.,1.14));
#5019=CARTESIAN_POINT('',(3.96,0.,1.14));
#5020=CARTESIAN_POINT('',(0.,0.,-0.51));
#5021=CARTESIAN_POINT('',(-1.29910791366906,3.07,-0.51));
#5022=CARTESIAN_POINT('',(0.51,3.07,-0.51));
#5023=CARTESIAN_POINT('',(1.29910791366906,3.07,-0.51));
#5024=CARTESIAN_POINT('',(0.51,3.07,-0.51));
#5025=CARTESIAN_POINT('',(0.51,3.92702177228495,-0.51));
#5026=CARTESIAN_POINT('',(0.,0.,-0.51));
#5027=CARTESIAN_POINT('',(1.29910791366906,3.74084464107271,-0.51));
#5028=CARTESIAN_POINT('',(1.29910791366906,3.07,-0.51));
#5029=CARTESIAN_POINT('',(0.51,3.07,-4.45));
#5030=CARTESIAN_POINT('',(0.51,3.07,-4.45));
#5031=CARTESIAN_POINT('',(0.51,3.07,-4.45));
#5032=CARTESIAN_POINT('',(0.51,3.07,-4.45));
#5033=CARTESIAN_POINT('',(0.51,3.92702177228495,-4.45));
#5034=CARTESIAN_POINT('',(0.51,3.92702177228495,-4.45));
#5035=CARTESIAN_POINT('',(0.,0.,-4.45));
#5036=CARTESIAN_POINT('',(-0.51,3.07,-4.45));
#5037=CARTESIAN_POINT('',(-0.51,3.07,-4.45));
#5038=CARTESIAN_POINT('',(-0.51,3.92702177228495,-4.45));
#5039=CARTESIAN_POINT('',(-0.509999999999998,3.92702177228495,-4.45));
#5040=CARTESIAN_POINT('',(0.,0.,-4.45));
#5041=CARTESIAN_POINT('',(-0.51,3.92702177228495,-4.45));
#5042=CARTESIAN_POINT('',(-0.51,3.92702177228495,-0.51));
#5043=CARTESIAN_POINT('',(-0.509999999999998,3.92702177228495,-0.51));
#5044=CARTESIAN_POINT('',(-0.51,3.07,-0.51));
#5045=CARTESIAN_POINT('',(-0.509999999999998,3.92702177228495,-4.45));
#5046=CARTESIAN_POINT('',(-0.51,3.07,-4.45));
#5047=CARTESIAN_POINT('',(0.,0.,-0.51));
#5048=CARTESIAN_POINT('',(0.,0.,-0.51));
#5049=CARTESIAN_POINT('',(-1.29910791366906,3.74084464107271,-0.51));
#5050=CARTESIAN_POINT('',(-1.29910791366906,3.07,-0.51));
#5051=CARTESIAN_POINT('',(-1.29910791366906,3.07,-0.51));
#5052=CARTESIAN_POINT('',(-1.29910791366906,3.74084464107271,-0.51));
#5053=CARTESIAN_POINT('',(-3.74084464107271,1.29910791366907,-0.51));
#5054=CARTESIAN_POINT('',(-3.74084464107271,1.29910791366907,0.));
#5055=CARTESIAN_POINT('',(-3.74084464107271,1.29910791366906,0.));
#5056=CARTESIAN_POINT('',(-3.07,1.29910791366906,0.));
#5057=CARTESIAN_POINT('',(-3.07,1.29910791366906,-0.51));
#5058=CARTESIAN_POINT('',(-3.74084464107271,1.29910791366906,-0.51));
#5059=CARTESIAN_POINT('',(-3.07,1.29910791366906,-0.51));
#5060=CARTESIAN_POINT('',(-3.07,1.29910791366906,0.));
#5061=CARTESIAN_POINT('',(-3.07,-1.29910791366906,0.));
#5062=CARTESIAN_POINT('',(-3.07,-1.29910791366906,-0.51));
#5063=CARTESIAN_POINT('',(-3.07,-1.29910791366906,-0.51));
#5064=CARTESIAN_POINT('',(-3.07,-1.29910791366906,0.));
#5065=CARTESIAN_POINT('',(-3.74084464107271,-1.29910791366907,0.));
#5066=CARTESIAN_POINT('',(-3.74084464107271,-1.29910791366907,-0.51));
#5067=CARTESIAN_POINT('',(-1.29910791366906,-3.74084464107271,-0.51));
#5068=CARTESIAN_POINT('',(-1.29910791366906,-3.74084464107271,0.));
#5069=CARTESIAN_POINT('',(-1.29910791366906,-3.74084464107271,0.));
#5070=CARTESIAN_POINT('',(-1.29910791366906,-3.07,0.));
#5071=CARTESIAN_POINT('',(-1.29910791366906,-3.07,-0.51));
#5072=CARTESIAN_POINT('',(-1.29910791366906,-3.74084464107271,-0.51));
#5073=CARTESIAN_POINT('',(-1.29910791366906,-3.07,-0.51));
#5074=CARTESIAN_POINT('',(-1.29910791366906,-3.07,0.));
#5075=CARTESIAN_POINT('',(1.29910791366906,-3.07,0.));
#5076=CARTESIAN_POINT('',(1.29910791366906,-3.07,-0.51));
#5077=CARTESIAN_POINT('',(1.29910791366906,-3.07,-0.51));
#5078=CARTESIAN_POINT('',(1.29910791366906,-3.07,0.));
#5079=CARTESIAN_POINT('',(1.29910791366906,-3.74084464107271,0.));
#5080=CARTESIAN_POINT('',(1.29910791366906,-3.74084464107271,-0.51));
#5081=CARTESIAN_POINT('',(3.07,-1.29910791366906,-0.51));
#5082=CARTESIAN_POINT('',(3.07,-1.29910791366906,0.));
#5083=CARTESIAN_POINT('',(3.07,-1.29910791366906,0.));
#5084=CARTESIAN_POINT('',(3.74084464107271,-1.29910791366907,0.));
#5085=CARTESIAN_POINT('',(3.07,-1.29910791366906,-0.51));
#5086=CARTESIAN_POINT('',(3.74084464107271,-1.29910791366907,-0.51));
#5087=CARTESIAN_POINT('',(3.07,1.29910791366906,-0.51));
#5088=CARTESIAN_POINT('',(3.07,1.29910791366906,0.));
#5089=CARTESIAN_POINT('',(3.07,1.29910791366906,0.));
#5090=CARTESIAN_POINT('',(3.07,1.29910791366906,-0.51));
#5091=CARTESIAN_POINT('',(3.74084464107271,1.29910791366907,-0.51));
#5092=CARTESIAN_POINT('',(3.74084464107271,1.29910791366907,0.));
#5093=CARTESIAN_POINT('',(3.74084464107271,1.29910791366906,0.));
#5094=CARTESIAN_POINT('',(3.74084464107271,1.29910791366906,-0.51));
#5095=CARTESIAN_POINT('',(0.,0.,1.14));
#5096=CARTESIAN_POINT('',(0.,0.,0.));
#5097=CARTESIAN_POINT('',(0.,0.,0.));
#5098=CARTESIAN_POINT('',(0.,0.,0.));
#5099=CARTESIAN_POINT('',(1.29910791366906,3.74084464107271,0.));
#5100=CARTESIAN_POINT('',(1.29910791366906,3.74084464107271,-0.51));
#5101=CARTESIAN_POINT('',(-1.29910791366906,3.74084464107271,-0.51));
#5102=CARTESIAN_POINT('',(-1.29910791366906,3.74084464107271,0.));
#5103=CARTESIAN_POINT('',(0.,0.,0.));
#5104=CARTESIAN_POINT('',(1.29910791366906,3.07,-0.51));
#5105=CARTESIAN_POINT('',(1.29910791366906,3.07,0.));
#5106=CARTESIAN_POINT('',(1.29910791366906,3.07,0.));
#5107=CARTESIAN_POINT('',(1.29910791366906,3.07,-0.51));
#5108=CARTESIAN_POINT('',(-1.29910791366906,3.07,-0.51));
#5109=CARTESIAN_POINT('',(-1.29910791366906,3.07,0.));
#5110=CARTESIAN_POINT('',(-1.29910791366906,3.07,0.));
#5111=CARTESIAN_POINT('',(-1.29910791366906,3.07,-0.51));
#5112=CARTESIAN_POINT('',(-1.29910791366906,3.74084464107271,-0.51));
#5113=CARTESIAN_POINT('',(-1.29910791366906,3.74084464107271,0.));
#5114=CARTESIAN_POINT('',(0.,0.,0.));
#5115=CARTESIAN_POINT('',(0.,0.,0.));
#5116=CARTESIAN_POINT('',(-1.95,0.,0.));
#5117=CARTESIAN_POINT('',(0.,0.,0.));
#5118=CARTESIAN_POINT('',(8.26472966792893E-17,3.02078567448784E-15,1.90554082960434));
#5119=CARTESIAN_POINT('',(8.01297407357708E-17,2.99241159289333E-15,2.14817459909285));
#5120=CARTESIAN_POINT('',(-0.279726466007109,-3.15265350550172,2.14819705485298));
#5121=CARTESIAN_POINT('',(-2.82551606233433,-1.42607292292178,2.14817459909284));
#5122=CARTESIAN_POINT('',(2.1200803705664,-1.74373098350092,1.90554082960483));
#5123=CARTESIAN_POINT('',(2.47380819603697,-1.34303986336247,1.91632451049247));
#5124=CARTESIAN_POINT('',(2.93081334071514,-0.348662932410234,1.93657684169758));
#5125=CARTESIAN_POINT('',(2.71675245143548,1.29223958545582,1.97006393282115));
#5126=CARTESIAN_POINT('',(1.66381625485839,2.56280862481245,1.99983479020125));
#5127=CARTESIAN_POINT('',(0.114277750401319,3.10561214361046,2.03124075861438));
#5128=CARTESIAN_POINT('',(-1.49978126302752,2.77617080129111,2.06068135304503));
#5129=CARTESIAN_POINT('',(-3.13808834283996,1.325445255595,2.1001941897264));
#5130=CARTESIAN_POINT('',(-3.27879143891021,-0.459554722800172,2.13035958038055));
#5131=CARTESIAN_POINT('',(-2.82551606233433,-1.42607292292178,2.14817459909284));
#5132=CARTESIAN_POINT('',(-0.242608434238822,-2.73431521008765,1.90554082960434));
#5133=CARTESIAN_POINT('',(-0.254981111494918,-2.87376130855901,1.98642623802056));
#5134=CARTESIAN_POINT('',(-0.267353788751014,-3.01320740703036,2.06731164643677));
#5135=CARTESIAN_POINT('',(-0.27972646600711,-3.15265350550172,2.14819705485298));
#5136=CARTESIAN_POINT('',(-0.237932511846157,-3.15604390333952,19.304484990597));
#5137=CARTESIAN_POINT('',(-1.90504748160856,-3.03036097102284,19.2481558794589));
#5138=CARTESIAN_POINT('',(-2.74097040297775,-1.5825,19.1940231101368));
#5139=CARTESIAN_POINT('',(-3.65462720397033,-7.86431490675197E-17,19.1348564434702));
#5140=CARTESIAN_POINT('',(-2.74097040297775,1.5825,19.0756897768035));
#5141=CARTESIAN_POINT('',(-1.82731360198517,3.165,19.0165231101368));
#5142=CARTESIAN_POINT('',(-3.87600711930137E-16,3.165,18.9573564434702));
#5143=CARTESIAN_POINT('',(1.82731360198516,3.165,18.8981897768035));
#5144=CARTESIAN_POINT('',(2.74097040297775,1.5825,18.8390231101368));
#5145=CARTESIAN_POINT('',(3.65462720397033,8.59957313786033E-16,18.7798564434702));
#5146=CARTESIAN_POINT('',(2.74097040297775,-1.5825,18.7206897768035));
#5147=CARTESIAN_POINT('',(1.82731360198517,-3.165,18.6615231101368));
#5148=CARTESIAN_POINT('',(0.,-3.165,18.6023564434702));
#5149=CARTESIAN_POINT('',(-1.82731360198517,-3.165,18.5431897768035));
#5150=CARTESIAN_POINT('',(-2.74097040297775,-1.5825,18.4840231101368));
#5151=CARTESIAN_POINT('',(-3.65462720397033,8.30677367194238E-18,18.4248564434702));
#5152=CARTESIAN_POINT('',(-2.74097040297775,1.5825,18.3656897768035));
#5153=CARTESIAN_POINT('',(-1.82731360198517,3.165,18.3065231101368));
#5154=CARTESIAN_POINT('',(-3.87600711930137E-16,3.165,18.2473564434702));
#5155=CARTESIAN_POINT('',(1.82731360198516,3.165,18.1881897768035));
#5156=CARTESIAN_POINT('',(2.74097040297775,1.5825,18.1290231101368));
#5157=CARTESIAN_POINT('',(3.65462720397033,9.46907236525495E-16,18.0698564434702));
#5158=CARTESIAN_POINT('',(2.74097040297775,-1.5825,18.0106897768035));
#5159=CARTESIAN_POINT('',(1.82731360198517,-3.165,17.9515231101368));
#5160=CARTESIAN_POINT('',(0.,-3.165,17.8923564434702));
#5161=CARTESIAN_POINT('',(-1.82731360198517,-3.165,17.8331897768035));
#5162=CARTESIAN_POINT('',(-2.74097040297775,-1.5825,17.7740231101368));
#5163=CARTESIAN_POINT('',(-3.65462720397033,9.52566964114044E-17,17.7148564434702));
#5164=CARTESIAN_POINT('',(-2.74097040297775,1.5825,17.6556897768035));
#5165=CARTESIAN_POINT('',(-1.82731360198517,3.165,17.5965231101368));
#5166=CARTESIAN_POINT('',(-3.87600711930137E-16,3.165,17.5373564434702));
#5167=CARTESIAN_POINT('',(1.82731360198516,3.165,17.4781897768035));
#5168=CARTESIAN_POINT('',(2.74097040297775,1.5825,17.4190231101368));
#5169=CARTESIAN_POINT('',(3.65462720397033,1.03385715926496E-15,17.3598564434702));
#5170=CARTESIAN_POINT('',(2.74097040297775,-1.5825,17.3006897768035));
#5171=CARTESIAN_POINT('',(1.82731360198517,-3.165,17.2415231101368));
#5172=CARTESIAN_POINT('',(0.,-3.165,17.1823564434702));
#5173=CARTESIAN_POINT('',(-1.82731360198517,-3.165,17.1231897768035));
#5174=CARTESIAN_POINT('',(-2.74097040297775,-1.5825,17.0640231101368));
#5175=CARTESIAN_POINT('',(-3.65462720397033,1.82206619150867E-16,17.0048564434702));
#5176=CARTESIAN_POINT('',(-2.74097040297775,1.5825,16.9456897768035));
#5177=CARTESIAN_POINT('',(-1.82731360198517,3.165,16.8865231101368));
#5178=CARTESIAN_POINT('',(-3.87600711930137E-16,3.165,16.8273564434702));
#5179=CARTESIAN_POINT('',(1.82731360198516,3.165,16.7681897768035));
#5180=CARTESIAN_POINT('',(2.74097040297775,1.5825,16.7090231101368));
#5181=CARTESIAN_POINT('',(3.65462720397033,1.12080708200442E-15,16.6498564434702));
#5182=CARTESIAN_POINT('',(2.74097040297775,-1.5825,16.5906897768035));
#5183=CARTESIAN_POINT('',(1.82731360198517,-3.165,16.5315231101368));
#5184=CARTESIAN_POINT('',(0.,-3.165,16.4723564434702));
#5185=CARTESIAN_POINT('',(-1.82731360198517,-3.165,16.4131897768035));
#5186=CARTESIAN_POINT('',(-2.74097040297775,-1.5825,16.3540231101368));
#5187=CARTESIAN_POINT('',(-3.65462720397033,2.69156541890329E-16,16.2948564434702));
#5188=CARTESIAN_POINT('',(-2.74097040297775,1.5825,16.2356897768035));
#5189=CARTESIAN_POINT('',(-1.82731360198517,3.165,16.1765231101368));
#5190=CARTESIAN_POINT('',(-3.87600711930137E-16,3.165,16.1173564434702));
#5191=CARTESIAN_POINT('',(1.82731360198516,3.165,16.0581897768035));
#5192=CARTESIAN_POINT('',(2.74097040297775,1.5825,15.9990231101368));
#5193=CARTESIAN_POINT('',(3.65462720397033,1.20775700474388E-15,15.9398564434702));
#5194=CARTESIAN_POINT('',(2.74097040297775,-1.5825,15.8806897768035));
#5195=CARTESIAN_POINT('',(1.82731360198517,-3.165,15.8215231101368));
#5196=CARTESIAN_POINT('',(0.,-3.165,15.7623564434702));
#5197=CARTESIAN_POINT('',(-1.82731360198517,-3.165,15.7031897768035));
#5198=CARTESIAN_POINT('',(-2.74097040297775,-1.5825,15.6440231101368));
#5199=CARTESIAN_POINT('',(-3.65462720397033,3.56106464629791E-16,15.5848564434702));
#5200=CARTESIAN_POINT('',(-2.74097040297775,1.5825,15.5256897768035));
#5201=CARTESIAN_POINT('',(-1.82731360198517,3.165,15.4665231101368));
#5202=CARTESIAN_POINT('',(-3.87600711930137E-16,3.165,15.4073564434702));
#5203=CARTESIAN_POINT('',(1.82731360198516,3.165,15.3481897768035));
#5204=CARTESIAN_POINT('',(2.74097040297775,1.5825,15.2890231101368));
#5205=CARTESIAN_POINT('',(3.65462720397033,1.29470692748334E-15,15.2298564434702));
#5206=CARTESIAN_POINT('',(2.74097040297775,-1.5825,15.1706897768035));
#5207=CARTESIAN_POINT('',(1.82731360198517,-3.165,15.1115231101368));
#5208=CARTESIAN_POINT('',(0.,-3.165,15.0523564434702));
#5209=CARTESIAN_POINT('',(-1.82731360198517,-3.165,14.9931897768035));
#5210=CARTESIAN_POINT('',(-2.74097040297775,-1.5825,14.9340231101368));
#5211=CARTESIAN_POINT('',(-3.65462720397033,4.43056387369253E-16,14.8748564434702));
#5212=CARTESIAN_POINT('',(-2.74097040297775,1.5825,14.8156897768035));
#5213=CARTESIAN_POINT('',(-1.82731360198517,3.165,14.7565231101368));
#5214=CARTESIAN_POINT('',(-3.87600711930137E-16,3.165,14.6973564434702));
#5215=CARTESIAN_POINT('',(1.82731360198516,3.165,14.6381897768035));
#5216=CARTESIAN_POINT('',(2.74097040297775,1.5825,14.5790231101368));
#5217=CARTESIAN_POINT('',(3.65462720397033,1.38165685022281E-15,14.5198564434702));
#5218=CARTESIAN_POINT('',(2.74097040297775,-1.5825,14.4606897768035));
#5219=CARTESIAN_POINT('',(1.82731360198517,-3.165,14.4015231101368));
#5220=CARTESIAN_POINT('',(0.,-3.165,14.3423564434702));
#5221=CARTESIAN_POINT('',(-1.82731360198517,-3.165,14.2831897768035));
#5222=CARTESIAN_POINT('',(-2.74097040297775,-1.5825,14.2240231101368));
#5223=CARTESIAN_POINT('',(-3.65462720397033,5.30006310108715E-16,14.1648564434702));
#5224=CARTESIAN_POINT('',(-2.74097040297775,1.5825,14.1056897768035));
#5225=CARTESIAN_POINT('',(-1.82731360198517,3.165,14.0465231101368));
#5226=CARTESIAN_POINT('',(-3.87600711930137E-16,3.165,13.9873564434702));
#5227=CARTESIAN_POINT('',(1.82731360198516,3.165,13.9281897768035));
#5228=CARTESIAN_POINT('',(2.74097040297775,1.5825,13.8690231101368));
#5229=CARTESIAN_POINT('',(3.65462720397033,1.46860677296227E-15,13.8098564434702));
#5230=CARTESIAN_POINT('',(2.74097040297775,-1.5825,13.7506897768035));
#5231=CARTESIAN_POINT('',(1.82731360198517,-3.165,13.6915231101368));
#5232=CARTESIAN_POINT('',(0.,-3.165,13.6323564434702));
#5233=CARTESIAN_POINT('',(-1.82731360198517,-3.165,13.5731897768035));
#5234=CARTESIAN_POINT('',(-2.74097040297775,-1.5825,13.5140231101368));
#5235=CARTESIAN_POINT('',(-3.65462720397033,6.16956232848177E-16,13.4548564434702));
#5236=CARTESIAN_POINT('',(-2.74097040297775,1.5825,13.3956897768035));
#5237=CARTESIAN_POINT('',(-1.82731360198517,3.165,13.3365231101368));
#5238=CARTESIAN_POINT('',(-3.87600711930137E-16,3.165,13.2773564434702));
#5239=CARTESIAN_POINT('',(1.82731360198516,3.165,13.2181897768035));
#5240=CARTESIAN_POINT('',(2.74097040297775,1.5825,13.1590231101368));
#5241=CARTESIAN_POINT('',(3.65462720397033,1.55555669570173E-15,13.0998564434702));
#5242=CARTESIAN_POINT('',(2.74097040297775,-1.5825,13.0406897768035));
#5243=CARTESIAN_POINT('',(1.82731360198517,-3.165,12.9815231101368));
#5244=CARTESIAN_POINT('',(0.,-3.165,12.9223564434702));
#5245=CARTESIAN_POINT('',(-1.82731360198517,-3.165,12.8631897768035));
#5246=CARTESIAN_POINT('',(-2.74097040297775,-1.5825,12.8040231101368));
#5247=CARTESIAN_POINT('',(-3.65462720397033,7.03906155587639E-16,12.7448564434702));
#5248=CARTESIAN_POINT('',(-2.74097040297775,1.5825,12.6856897768035));
#5249=CARTESIAN_POINT('',(-1.82731360198517,3.165,12.6265231101368));
#5250=CARTESIAN_POINT('',(-3.87600711930137E-16,3.165,12.5673564434702));
#5251=CARTESIAN_POINT('',(1.82731360198516,3.165,12.5081897768035));
#5252=CARTESIAN_POINT('',(2.74097040297775,1.5825,12.4490231101368));
#5253=CARTESIAN_POINT('',(3.65462720397033,1.64250661844119E-15,12.3898564434702));
#5254=CARTESIAN_POINT('',(2.74097040297775,-1.5825,12.3306897768035));
#5255=CARTESIAN_POINT('',(1.82731360198517,-3.165,12.2715231101368));
#5256=CARTESIAN_POINT('',(0.,-3.165,12.2123564434702));
#5257=CARTESIAN_POINT('',(-1.82731360198517,-3.165,12.1531897768035));
#5258=CARTESIAN_POINT('',(-2.74097040297775,-1.5825,12.0940231101368));
#5259=CARTESIAN_POINT('',(-3.65462720397033,7.90856078327101E-16,12.0348564434702));
#5260=CARTESIAN_POINT('',(-2.74097040297775,1.5825,11.9756897768035));
#5261=CARTESIAN_POINT('',(-1.82731360198517,3.165,11.9165231101368));
#5262=CARTESIAN_POINT('',(-3.87600711930137E-16,3.165,11.8573564434702));
#5263=CARTESIAN_POINT('',(1.82731360198516,3.165,11.7981897768035));
#5264=CARTESIAN_POINT('',(2.74097040297775,1.5825,11.7390231101368));
#5265=CARTESIAN_POINT('',(3.65462720397033,1.72945654118065E-15,11.6798564434702));
#5266=CARTESIAN_POINT('',(2.74097040297775,-1.5825,11.6206897768035));
#5267=CARTESIAN_POINT('',(1.82731360198517,-3.165,11.5615231101368));
#5268=CARTESIAN_POINT('',(0.,-3.165,11.5023564434702));
#5269=CARTESIAN_POINT('',(-1.82731360198517,-3.165,11.4431897768035));
#5270=CARTESIAN_POINT('',(-2.74097040297775,-1.5825,11.3840231101368));
#5271=CARTESIAN_POINT('',(-3.65462720397033,8.77806001066563E-16,11.3248564434702));
#5272=CARTESIAN_POINT('',(-2.74097040297775,1.5825,11.2656897768035));
#5273=CARTESIAN_POINT('',(-1.82731360198517,3.165,11.2065231101368));
#5274=CARTESIAN_POINT('',(-3.87600711930137E-16,3.165,11.1473564434702));
#5275=CARTESIAN_POINT('',(1.82731360198516,3.165,11.0881897768035));
#5276=CARTESIAN_POINT('',(2.74097040297775,1.5825,11.0290231101368));
#5277=CARTESIAN_POINT('',(3.65462720397033,1.81640646392012E-15,10.9698564434702));
#5278=CARTESIAN_POINT('',(2.74097040297775,-1.5825,10.9106897768035));
#5279=CARTESIAN_POINT('',(1.82731360198517,-3.165,10.8515231101368));
#5280=CARTESIAN_POINT('',(0.,-3.165,10.7923564434702));
#5281=CARTESIAN_POINT('',(-1.82731360198517,-3.165,10.7331897768035));
#5282=CARTESIAN_POINT('',(-2.74097040297775,-1.5825,10.6740231101368));
#5283=CARTESIAN_POINT('',(-3.65462720397033,9.64755923806025E-16,10.6148564434702));
#5284=CARTESIAN_POINT('',(-2.74097040297775,1.5825,10.5556897768035));
#5285=CARTESIAN_POINT('',(-1.82731360198517,3.165,10.4965231101368));
#5286=CARTESIAN_POINT('',(-3.87600711930137E-16,3.165,10.4373564434702));
#5287=CARTESIAN_POINT('',(1.82731360198516,3.165,10.3781897768035));
#5288=CARTESIAN_POINT('',(2.74097040297775,1.5825,10.3190231101368));
#5289=CARTESIAN_POINT('',(3.65462720397033,1.90335638665958E-15,10.2598564434702));
#5290=CARTESIAN_POINT('',(2.74097040297775,-1.5825,10.2006897768035));
#5291=CARTESIAN_POINT('',(1.82731360198517,-3.165,10.1415231101368));
#5292=CARTESIAN_POINT('',(0.,-3.165,10.0823564434702));
#5293=CARTESIAN_POINT('',(-1.82731360198517,-3.165,10.0231897768035));
#5294=CARTESIAN_POINT('',(-2.74097040297775,-1.5825,9.96402311013684));
#5295=CARTESIAN_POINT('',(-3.65462720397033,1.05170584654549E-15,9.90485644347017));
#5296=CARTESIAN_POINT('',(-2.74097040297775,1.5825,9.84568977680351));
#5297=CARTESIAN_POINT('',(-1.82731360198517,3.165,9.78652311013684));
#5298=CARTESIAN_POINT('',(-3.87600711930137E-16,3.165,9.72735644347017));
#5299=CARTESIAN_POINT('',(1.82731360198516,3.165,9.66818977680351));
#5300=CARTESIAN_POINT('',(2.74097040297775,1.5825,9.60902311013684));
#5301=CARTESIAN_POINT('',(3.65462720397033,1.99030630939904E-15,9.54985644347017));
#5302=CARTESIAN_POINT('',(2.74097040297775,-1.5825,9.49068977680351));
#5303=CARTESIAN_POINT('',(1.82731360198517,-3.165,9.43152311013684));
#5304=CARTESIAN_POINT('',(0.,-3.165,9.37235644347017));
#5305=CARTESIAN_POINT('',(-1.82731360198517,-3.165,9.31318977680351));
#5306=CARTESIAN_POINT('',(-2.74097040297775,-1.5825,9.25402311013684));
#5307=CARTESIAN_POINT('',(-3.65462720397033,1.13865576928495E-15,9.19485644347018));
#5308=CARTESIAN_POINT('',(-2.74097040297775,1.5825,9.13568977680351));
#5309=CARTESIAN_POINT('',(-1.82731360198517,3.165,9.07652311013684));
#5310=CARTESIAN_POINT('',(-3.87600711930137E-16,3.165,9.01735644347017));
#5311=CARTESIAN_POINT('',(1.82731360198516,3.165,8.95818977680351));
#5312=CARTESIAN_POINT('',(2.74097040297775,1.5825,8.89902311013684));
#5313=CARTESIAN_POINT('',(3.65462720397033,2.0772562321385E-15,8.83985644347017));
#5314=CARTESIAN_POINT('',(2.74097040297775,-1.5825,8.78068977680351));
#5315=CARTESIAN_POINT('',(1.82731360198517,-3.165,8.72152311013684));
#5316=CARTESIAN_POINT('',(0.,-3.165,8.66235644347018));
#5317=CARTESIAN_POINT('',(-1.82731360198517,-3.165,8.60318977680351));
#5318=CARTESIAN_POINT('',(-2.74097040297775,-1.5825,8.54402311013684));
#5319=CARTESIAN_POINT('',(-3.65462720397033,1.22560569202441E-15,8.48485644347017));
#5320=CARTESIAN_POINT('',(-2.74097040297775,1.5825,8.42568977680351));
#5321=CARTESIAN_POINT('',(-1.82731360198517,3.165,8.36652311013684));
#5322=CARTESIAN_POINT('',(-3.87600711930137E-16,3.165,8.30735644347017));
#5323=CARTESIAN_POINT('',(1.82731360198516,3.165,8.24818977680351));
#5324=CARTESIAN_POINT('',(2.74097040297775,1.5825,8.18902311013684));
#5325=CARTESIAN_POINT('',(3.65462720397033,2.16420615487796E-15,8.12985644347017));
#5326=CARTESIAN_POINT('',(2.74097040297775,-1.5825,8.07068977680351));
#5327=CARTESIAN_POINT('',(1.82731360198517,-3.165,8.01152311013684));
#5328=CARTESIAN_POINT('',(0.,-3.165,7.95235644347017));
#5329=CARTESIAN_POINT('',(-1.82731360198517,-3.165,7.89318977680351));
#5330=CARTESIAN_POINT('',(-2.74097040297775,-1.5825,7.83402311013684));
#5331=CARTESIAN_POINT('',(-3.65462720397033,1.31255561476387E-15,7.77485644347017));
#5332=CARTESIAN_POINT('',(-2.74097040297775,1.5825,7.71568977680351));
#5333=CARTESIAN_POINT('',(-1.82731360198517,3.165,7.65652311013684));
#5334=CARTESIAN_POINT('',(-3.87600711930137E-16,3.165,7.59735644347017));
#5335=CARTESIAN_POINT('',(1.82731360198516,3.165,7.53818977680351));
#5336=CARTESIAN_POINT('',(2.74097040297775,1.5825,7.47902311013684));
#5337=CARTESIAN_POINT('',(3.65462720397033,2.25115607761743E-15,7.41985644347018));
#5338=CARTESIAN_POINT('',(2.74097040297775,-1.5825,7.36068977680351));
#5339=CARTESIAN_POINT('',(1.82731360198517,-3.165,7.30152311013684));
#5340=CARTESIAN_POINT('',(0.,-3.165,7.24235644347017));
#5341=CARTESIAN_POINT('',(-1.82731360198517,-3.165,7.18318977680351));
#5342=CARTESIAN_POINT('',(-2.74097040297775,-1.5825,7.12402311013684));
#5343=CARTESIAN_POINT('',(-3.65462720397033,1.39950553750334E-15,7.06485644347018));
#5344=CARTESIAN_POINT('',(-2.74097040297775,1.5825,7.00568977680351));
#5345=CARTESIAN_POINT('',(-1.82731360198517,3.165,6.94652311013684));
#5346=CARTESIAN_POINT('',(-3.87600711930137E-16,3.165,6.88735644347017));
#5347=CARTESIAN_POINT('',(1.82731360198516,3.165,6.82818977680351));
#5348=CARTESIAN_POINT('',(2.74097040297775,1.5825,6.76902311013684));
#5349=CARTESIAN_POINT('',(3.65462720397033,2.33810600035689E-15,6.70985644347017));
#5350=CARTESIAN_POINT('',(2.74097040297775,-1.5825,6.65068977680351));
#5351=CARTESIAN_POINT('',(1.82731360198517,-3.165,6.59152311013684));
#5352=CARTESIAN_POINT('',(0.,-3.165,6.53235644347018));
#5353=CARTESIAN_POINT('',(-1.82731360198517,-3.165,6.47318977680351));
#5354=CARTESIAN_POINT('',(-2.74097040297775,-1.5825,6.41402311013684));
#5355=CARTESIAN_POINT('',(-3.65462720397033,1.4864554602428E-15,6.35485644347017));
#5356=CARTESIAN_POINT('',(-2.74097040297775,1.5825,6.29568977680351));
#5357=CARTESIAN_POINT('',(-1.82731360198517,3.165,6.23652311013684));
#5358=CARTESIAN_POINT('',(-3.87600711930137E-16,3.165,6.17735644347017));
#5359=CARTESIAN_POINT('',(1.82731360198516,3.165,6.11818977680351));
#5360=CARTESIAN_POINT('',(2.74097040297775,1.5825,6.05902311013684));
#5361=CARTESIAN_POINT('',(3.65462720397033,2.42505592309635E-15,5.99985644347018));
#5362=CARTESIAN_POINT('',(2.74097040297775,-1.5825,5.94068977680351));
#5363=CARTESIAN_POINT('',(1.82731360198517,-3.165,5.88152311013684));
#5364=CARTESIAN_POINT('',(0.,-3.165,5.82235644347017));
#5365=CARTESIAN_POINT('',(-1.82731360198517,-3.165,5.76318977680351));
#5366=CARTESIAN_POINT('',(-2.74097040297775,-1.5825,5.70402311013684));
#5367=CARTESIAN_POINT('',(-3.65462720397033,1.57340538298226E-15,5.64485644347017));
#5368=CARTESIAN_POINT('',(-2.74097040297775,1.5825,5.58568977680351));
#5369=CARTESIAN_POINT('',(-1.82731360198517,3.165,5.52652311013684));
#5370=CARTESIAN_POINT('',(-3.87600711930137E-16,3.165,5.46735644347017));
#5371=CARTESIAN_POINT('',(1.82731360198516,3.165,5.40818977680351));
#5372=CARTESIAN_POINT('',(2.74097040297775,1.5825,5.34902311013684));
#5373=CARTESIAN_POINT('',(3.65462720397033,2.51200584583581E-15,5.28985644347017));
#5374=CARTESIAN_POINT('',(2.74097040297775,-1.5825,5.23068977680351));
#5375=CARTESIAN_POINT('',(1.82731360198517,-3.165,5.17152311013684));
#5376=CARTESIAN_POINT('',(0.,-3.165,5.11235644347017));
#5377=CARTESIAN_POINT('',(-1.82731360198517,-3.165,5.05318977680351));
#5378=CARTESIAN_POINT('',(-2.74097040297775,-1.5825,4.99402311013684));
#5379=CARTESIAN_POINT('',(-3.65462720397033,1.66035530572172E-15,4.93485644347018));
#5380=CARTESIAN_POINT('',(-2.74097040297775,1.5825,4.87568977680351));
#5381=CARTESIAN_POINT('',(-1.82731360198517,3.165,4.81652311013684));
#5382=CARTESIAN_POINT('',(-3.87600711930137E-16,3.165,4.75735644347017));
#5383=CARTESIAN_POINT('',(1.82731360198516,3.165,4.69818977680351));
#5384=CARTESIAN_POINT('',(2.74097040297775,1.5825,4.63902311013684));
#5385=CARTESIAN_POINT('',(3.65462720397033,2.59895576857527E-15,4.57985644347017));
#5386=CARTESIAN_POINT('',(2.74097040297775,-1.5825,4.52068977680351));
#5387=CARTESIAN_POINT('',(1.82731360198517,-3.165,4.46152311013684));
#5388=CARTESIAN_POINT('',(0.,-3.165,4.40235644347018));
#5389=CARTESIAN_POINT('',(-1.82731360198517,-3.165,4.34318977680351));
#5390=CARTESIAN_POINT('',(-2.74097040297775,-1.5825,4.28402311013684));
#5391=CARTESIAN_POINT('',(-3.65462720397033,1.74730522846118E-15,4.22485644347017));
#5392=CARTESIAN_POINT('',(-2.74097040297775,1.5825,4.16568977680351));
#5393=CARTESIAN_POINT('',(-1.82731360198517,3.165,4.10652311013684));
#5394=CARTESIAN_POINT('',(-3.87600711930137E-16,3.165,4.04735644347018));
#5395=CARTESIAN_POINT('',(1.82731360198516,3.165,3.98818977680351));
#5396=CARTESIAN_POINT('',(2.74097040297775,1.5825,3.92902311013684));
#5397=CARTESIAN_POINT('',(3.65462720397033,2.68590569131474E-15,3.86985644347018));
#5398=CARTESIAN_POINT('',(2.74097040297775,-1.5825,3.81068977680351));
#5399=CARTESIAN_POINT('',(1.82731360198517,-3.165,3.75152311013684));
#5400=CARTESIAN_POINT('',(0.,-3.165,3.69235644347017));
#5401=CARTESIAN_POINT('',(-1.82731360198517,-3.165,3.63318977680351));
#5402=CARTESIAN_POINT('',(-2.74097040297775,-1.5825,3.57402311013684));
#5403=CARTESIAN_POINT('',(-3.65462720397033,1.83425515120065E-15,3.51485644347017));
#5404=CARTESIAN_POINT('',(-2.74097040297775,1.5825,3.45568977680351));
#5405=CARTESIAN_POINT('',(-1.82731360198517,3.165,3.39652311013684));
#5406=CARTESIAN_POINT('',(-3.87600711930137E-16,3.165,3.33735644347017));
#5407=CARTESIAN_POINT('',(1.82731360198516,3.165,3.27818977680351));
#5408=CARTESIAN_POINT('',(2.74097040297775,1.5825,3.21902311013684));
#5409=CARTESIAN_POINT('',(3.65462720397033,2.7728556140542E-15,3.15985644347017));
#5410=CARTESIAN_POINT('',(2.74097040297775,-1.5825,3.10068977680351));
#5411=CARTESIAN_POINT('',(1.82731360198517,-3.165,3.04152311013684));
#5412=CARTESIAN_POINT('',(0.,-3.165,2.98235644347018));
#5413=CARTESIAN_POINT('',(-1.82731360198517,-3.165,2.92318977680351));
#5414=CARTESIAN_POINT('',(-2.74097040297775,-1.5825,2.86402311013684));
#5415=CARTESIAN_POINT('',(-3.65462720397033,1.92120507394011E-15,2.80485644347018));
#5416=CARTESIAN_POINT('',(-2.74097040297775,1.5825,2.74568977680351));
#5417=CARTESIAN_POINT('',(-1.82731360198517,3.165,2.68652311013684));
#5418=CARTESIAN_POINT('',(-3.87600711930137E-16,3.165,2.62735644347017));
#5419=CARTESIAN_POINT('',(1.82731360198516,3.165,2.56818977680351));
#5420=CARTESIAN_POINT('',(2.74097040297775,1.5825,2.50902311013684));
#5421=CARTESIAN_POINT('',(3.65462720397033,2.85980553679366E-15,2.44985644347017));
#5422=CARTESIAN_POINT('',(2.74097040297775,-1.5825,2.39068977680351));
#5423=CARTESIAN_POINT('',(1.82731360198517,-3.165,2.33152311013684));
#5424=CARTESIAN_POINT('',(0.,-3.165,2.27235644347017));
#5425=CARTESIAN_POINT('',(-1.82731360198517,-3.165,2.21318977680351));
#5426=CARTESIAN_POINT('',(-2.74097040297775,-1.5825,2.15402311013684));
#5427=CARTESIAN_POINT('',(-3.65462720397033,2.00815499667957E-15,2.09485644347017));
#5428=CARTESIAN_POINT('',(-2.74097040297775,1.5825,2.03568977680351));
#5429=CARTESIAN_POINT('',(-1.82731360198517,3.165,1.97652311013684));
#5430=CARTESIAN_POINT('',(-3.87600711930137E-16,3.165,1.91735644347018));
#5431=CARTESIAN_POINT('',(1.82731360198516,3.165,1.85818977680351));
#5432=CARTESIAN_POINT('',(2.74097040297775,1.5825,1.79902311013684));
#5433=CARTESIAN_POINT('',(3.65462720397033,2.94675545953312E-15,1.73985644347018));
#5434=CARTESIAN_POINT('',(2.74097040297775,-1.5825,1.68068977680351));
#5435=CARTESIAN_POINT('',(1.82731360198517,-3.165,1.62152311013684));
#5436=CARTESIAN_POINT('',(0.,-3.165,1.56235644347017));
#5437=CARTESIAN_POINT('',(-0.859014364909736,-3.165,1.5345423799535));
#5438=CARTESIAN_POINT('',(-1.6001553915542,-2.73070095815709,1.50242613460197));
#5439=CARTESIAN_POINT('',(-0.206358529231501,-2.73723239010016,19.5469721036566));
#5440=CARTESIAN_POINT('',(-1.65224497220079,-2.62822776159801,19.4906429925186));
#5441=CARTESIAN_POINT('',(-2.37723973338828,-1.3725,19.4365102231965));
#5442=CARTESIAN_POINT('',(-3.16965297785105,-7.86431490675199E-17,19.3773435565298));
#5443=CARTESIAN_POINT('',(-2.37723973338828,1.3725,19.3181768898632));
#5444=CARTESIAN_POINT('',(-1.58482648892552,2.745,19.2590102231965));
#5445=CARTESIAN_POINT('',(-3.36165546365948E-16,2.745,19.1998435565298));
#5446=CARTESIAN_POINT('',(1.58482648892552,2.745,19.1406768898632));
#5447=CARTESIAN_POINT('',(2.37723973338828,1.3725,19.0815102231965));
#5448=CARTESIAN_POINT('',(3.16965297785105,7.41172887048843E-16,19.0223435565298));
#5449=CARTESIAN_POINT('',(2.37723973338829,-1.3725,18.9631768898632));
#5450=CARTESIAN_POINT('',(1.58482648892552,-2.745,18.9040102231965));
#5451=CARTESIAN_POINT('',(0.,-2.745,18.8448435565298));
#5452=CARTESIAN_POINT('',(-1.58482648892552,-2.745,18.7856768898632));
#5453=CARTESIAN_POINT('',(-2.37723973338828,-1.3725,18.7265102231965));
#5454=CARTESIAN_POINT('',(-3.16965297785105,8.30677367194219E-18,18.6673435565298));
#5455=CARTESIAN_POINT('',(-2.37723973338828,1.3725,18.6081768898632));
#5456=CARTESIAN_POINT('',(-1.58482648892552,2.745,18.5490102231965));
#5457=CARTESIAN_POINT('',(-3.36165546365948E-16,2.745,18.4898435565298));
#5458=CARTESIAN_POINT('',(1.58482648892552,2.745,18.4306768898632));
#5459=CARTESIAN_POINT('',(2.37723973338828,1.3725,18.3715102231965));
#5460=CARTESIAN_POINT('',(3.16965297785105,8.28122809788305E-16,18.3123435565298));
#5461=CARTESIAN_POINT('',(2.37723973338829,-1.3725,18.2531768898632));
#5462=CARTESIAN_POINT('',(1.58482648892552,-2.745,18.1940102231965));
#5463=CARTESIAN_POINT('',(0.,-2.745,18.1348435565298));
#5464=CARTESIAN_POINT('',(-1.58482648892552,-2.745,18.0756768898632));
#5465=CARTESIAN_POINT('',(-2.37723973338828,-1.3725,18.0165102231965));
#5466=CARTESIAN_POINT('',(-3.16965297785105,9.52566964114042E-17,17.9573435565298));
#5467=CARTESIAN_POINT('',(-2.37723973338828,1.3725,17.8981768898632));
#5468=CARTESIAN_POINT('',(-1.58482648892552,2.745,17.8390102231965));
#5469=CARTESIAN_POINT('',(-3.36165546365948E-16,2.745,17.7798435565298));
#5470=CARTESIAN_POINT('',(1.58482648892552,2.745,17.7206768898632));
#5471=CARTESIAN_POINT('',(2.37723973338828,1.3725,17.6615102231965));
#5472=CARTESIAN_POINT('',(3.16965297785105,9.15072732527767E-16,17.6023435565298));
#5473=CARTESIAN_POINT('',(2.37723973338829,-1.3725,17.5431768898632));
#5474=CARTESIAN_POINT('',(1.58482648892552,-2.745,17.4840102231965));
#5475=CARTESIAN_POINT('',(0.,-2.745,17.4248435565298));
#5476=CARTESIAN_POINT('',(-1.58482648892552,-2.745,17.3656768898632));
#5477=CARTESIAN_POINT('',(-2.37723973338828,-1.3725,17.3065102231965));
#5478=CARTESIAN_POINT('',(-3.16965297785105,1.82206619150866E-16,17.2473435565298));
#5479=CARTESIAN_POINT('',(-2.37723973338828,1.3725,17.1881768898632));
#5480=CARTESIAN_POINT('',(-1.58482648892552,2.745,17.1290102231965));
#5481=CARTESIAN_POINT('',(-3.36165546365948E-16,2.745,17.0698435565298));
#5482=CARTESIAN_POINT('',(1.58482648892552,2.745,17.0106768898632));
#5483=CARTESIAN_POINT('',(2.37723973338828,1.3725,16.9515102231965));
#5484=CARTESIAN_POINT('',(3.16965297785105,1.00202265526723E-15,16.8923435565298));
#5485=CARTESIAN_POINT('',(2.37723973338829,-1.3725,16.8331768898632));
#5486=CARTESIAN_POINT('',(1.58482648892552,-2.745,16.7740102231965));
#5487=CARTESIAN_POINT('',(0.,-2.745,16.7148435565298));
#5488=CARTESIAN_POINT('',(-1.58482648892552,-2.745,16.6556768898632));
#5489=CARTESIAN_POINT('',(-2.37723973338828,-1.3725,16.5965102231965));
#5490=CARTESIAN_POINT('',(-3.16965297785105,2.69156541890328E-16,16.5373435565298));
#5491=CARTESIAN_POINT('',(-2.37723973338828,1.3725,16.4781768898632));
#5492=CARTESIAN_POINT('',(-1.58482648892552,2.745,16.4190102231965));
#5493=CARTESIAN_POINT('',(-3.36165546365948E-16,2.745,16.3598435565298));
#5494=CARTESIAN_POINT('',(1.58482648892552,2.745,16.3006768898632));
#5495=CARTESIAN_POINT('',(2.37723973338828,1.3725,16.2415102231965));
#5496=CARTESIAN_POINT('',(3.16965297785105,1.08897257800669E-15,16.1823435565298));
#5497=CARTESIAN_POINT('',(2.37723973338829,-1.3725,16.1231768898632));
#5498=CARTESIAN_POINT('',(1.58482648892552,-2.745,16.0640102231965));
#5499=CARTESIAN_POINT('',(0.,-2.745,16.0048435565298));
#5500=CARTESIAN_POINT('',(-1.58482648892552,-2.745,15.9456768898632));
#5501=CARTESIAN_POINT('',(-2.37723973338828,-1.3725,15.8865102231965));
#5502=CARTESIAN_POINT('',(-3.16965297785105,3.5610646462979E-16,15.8273435565298));
#5503=CARTESIAN_POINT('',(-2.37723973338828,1.3725,15.7681768898632));
#5504=CARTESIAN_POINT('',(-1.58482648892552,2.745,15.7090102231965));
#5505=CARTESIAN_POINT('',(-3.36165546365948E-16,2.745,15.6498435565298));
#5506=CARTESIAN_POINT('',(1.58482648892552,2.745,15.5906768898632));
#5507=CARTESIAN_POINT('',(2.37723973338828,1.3725,15.5315102231965));
#5508=CARTESIAN_POINT('',(3.16965297785105,1.17592250074615E-15,15.4723435565298));
#5509=CARTESIAN_POINT('',(2.37723973338829,-1.3725,15.4131768898632));
#5510=CARTESIAN_POINT('',(1.58482648892552,-2.745,15.3540102231965));
#5511=CARTESIAN_POINT('',(0.,-2.745,15.2948435565298));
#5512=CARTESIAN_POINT('',(-1.58482648892552,-2.745,15.2356768898632));
#5513=CARTESIAN_POINT('',(-2.37723973338828,-1.3725,15.1765102231965));
#5514=CARTESIAN_POINT('',(-3.16965297785105,4.43056387369252E-16,15.1173435565298));
#5515=CARTESIAN_POINT('',(-2.37723973338828,1.3725,15.0581768898632));
#5516=CARTESIAN_POINT('',(-1.58482648892552,2.745,14.9990102231965));
#5517=CARTESIAN_POINT('',(-3.36165546365948E-16,2.745,14.9398435565298));
#5518=CARTESIAN_POINT('',(1.58482648892552,2.745,14.8806768898632));
#5519=CARTESIAN_POINT('',(2.37723973338828,1.3725,14.8215102231965));
#5520=CARTESIAN_POINT('',(3.16965297785105,1.26287242348562E-15,14.7623435565298));
#5521=CARTESIAN_POINT('',(2.37723973338829,-1.3725,14.7031768898632));
#5522=CARTESIAN_POINT('',(1.58482648892552,-2.745,14.6440102231965));
#5523=CARTESIAN_POINT('',(0.,-2.745,14.5848435565298));
#5524=CARTESIAN_POINT('',(-1.58482648892552,-2.745,14.5256768898632));
#5525=CARTESIAN_POINT('',(-2.37723973338828,-1.3725,14.4665102231965));
#5526=CARTESIAN_POINT('',(-3.16965297785105,5.30006310108715E-16,14.4073435565298));
#5527=CARTESIAN_POINT('',(-2.37723973338828,1.3725,14.3481768898632));
#5528=CARTESIAN_POINT('',(-1.58482648892552,2.745,14.2890102231965));
#5529=CARTESIAN_POINT('',(-3.36165546365948E-16,2.745,14.2298435565298));
#5530=CARTESIAN_POINT('',(1.58482648892552,2.745,14.1706768898632));
#5531=CARTESIAN_POINT('',(2.37723973338828,1.3725,14.1115102231965));
#5532=CARTESIAN_POINT('',(3.16965297785105,1.34982234622508E-15,14.0523435565298));
#5533=CARTESIAN_POINT('',(2.37723973338829,-1.3725,13.9931768898632));
#5534=CARTESIAN_POINT('',(1.58482648892552,-2.745,13.9340102231965));
#5535=CARTESIAN_POINT('',(0.,-2.745,13.8748435565298));
#5536=CARTESIAN_POINT('',(-1.58482648892552,-2.745,13.8156768898632));
#5537=CARTESIAN_POINT('',(-2.37723973338828,-1.3725,13.7565102231965));
#5538=CARTESIAN_POINT('',(-3.16965297785105,6.16956232848177E-16,13.6973435565298));
#5539=CARTESIAN_POINT('',(-2.37723973338828,1.3725,13.6381768898632));
#5540=CARTESIAN_POINT('',(-1.58482648892552,2.745,13.5790102231965));
#5541=CARTESIAN_POINT('',(-3.36165546365948E-16,2.745,13.5198435565298));
#5542=CARTESIAN_POINT('',(1.58482648892552,2.745,13.4606768898632));
#5543=CARTESIAN_POINT('',(2.37723973338828,1.3725,13.4015102231965));
#5544=CARTESIAN_POINT('',(3.16965297785105,1.43677226896454E-15,13.3423435565298));
#5545=CARTESIAN_POINT('',(2.37723973338829,-1.3725,13.2831768898632));
#5546=CARTESIAN_POINT('',(1.58482648892552,-2.745,13.2240102231965));
#5547=CARTESIAN_POINT('',(0.,-2.745,13.1648435565298));
#5548=CARTESIAN_POINT('',(-1.58482648892552,-2.745,13.1056768898632));
#5549=CARTESIAN_POINT('',(-2.37723973338828,-1.3725,13.0465102231965));
#5550=CARTESIAN_POINT('',(-3.16965297785105,7.03906155587639E-16,12.9873435565298));
#5551=CARTESIAN_POINT('',(-2.37723973338828,1.3725,12.9281768898632));
#5552=CARTESIAN_POINT('',(-1.58482648892552,2.745,12.8690102231965));
#5553=CARTESIAN_POINT('',(-3.36165546365948E-16,2.745,12.8098435565298));
#5554=CARTESIAN_POINT('',(1.58482648892552,2.745,12.7506768898632));
#5555=CARTESIAN_POINT('',(2.37723973338828,1.3725,12.6915102231965));
#5556=CARTESIAN_POINT('',(3.16965297785105,1.523722191704E-15,12.6323435565298));
#5557=CARTESIAN_POINT('',(2.37723973338829,-1.3725,12.5731768898632));
#5558=CARTESIAN_POINT('',(1.58482648892552,-2.745,12.5140102231965));
#5559=CARTESIAN_POINT('',(0.,-2.745,12.4548435565298));
#5560=CARTESIAN_POINT('',(-1.58482648892552,-2.745,12.3956768898632));
#5561=CARTESIAN_POINT('',(-2.37723973338828,-1.3725,12.3365102231965));
#5562=CARTESIAN_POINT('',(-3.16965297785105,7.90856078327101E-16,12.2773435565298));
#5563=CARTESIAN_POINT('',(-2.37723973338828,1.3725,12.2181768898632));
#5564=CARTESIAN_POINT('',(-1.58482648892552,2.745,12.1590102231965));
#5565=CARTESIAN_POINT('',(-3.36165546365948E-16,2.745,12.0998435565298));
#5566=CARTESIAN_POINT('',(1.58482648892552,2.745,12.0406768898632));
#5567=CARTESIAN_POINT('',(2.37723973338828,1.3725,11.9815102231965));
#5568=CARTESIAN_POINT('',(3.16965297785105,1.61067211444346E-15,11.9223435565298));
#5569=CARTESIAN_POINT('',(2.37723973338829,-1.3725,11.8631768898632));
#5570=CARTESIAN_POINT('',(1.58482648892552,-2.745,11.8040102231965));
#5571=CARTESIAN_POINT('',(0.,-2.745,11.7448435565298));
#5572=CARTESIAN_POINT('',(-1.58482648892552,-2.745,11.6856768898632));
#5573=CARTESIAN_POINT('',(-2.37723973338828,-1.3725,11.6265102231965));
#5574=CARTESIAN_POINT('',(-3.16965297785105,8.77806001066563E-16,11.5673435565298));
#5575=CARTESIAN_POINT('',(-2.37723973338828,1.3725,11.5081768898632));
#5576=CARTESIAN_POINT('',(-1.58482648892552,2.745,11.4490102231965));
#5577=CARTESIAN_POINT('',(-3.36165546365948E-16,2.745,11.3898435565298));
#5578=CARTESIAN_POINT('',(1.58482648892552,2.745,11.3306768898632));
#5579=CARTESIAN_POINT('',(2.37723973338828,1.3725,11.2715102231965));
#5580=CARTESIAN_POINT('',(3.16965297785105,1.69762203718293E-15,11.2123435565298));
#5581=CARTESIAN_POINT('',(2.37723973338829,-1.3725,11.1531768898632));
#5582=CARTESIAN_POINT('',(1.58482648892552,-2.745,11.0940102231965));
#5583=CARTESIAN_POINT('',(0.,-2.745,11.0348435565298));
#5584=CARTESIAN_POINT('',(-1.58482648892552,-2.745,10.9756768898632));
#5585=CARTESIAN_POINT('',(-2.37723973338828,-1.3725,10.9165102231965));
#5586=CARTESIAN_POINT('',(-3.16965297785105,9.64755923806025E-16,10.8573435565298));
#5587=CARTESIAN_POINT('',(-2.37723973338828,1.3725,10.7981768898632));
#5588=CARTESIAN_POINT('',(-1.58482648892552,2.745,10.7390102231965));
#5589=CARTESIAN_POINT('',(-3.36165546365948E-16,2.745,10.6798435565298));
#5590=CARTESIAN_POINT('',(1.58482648892552,2.745,10.6206768898632));
#5591=CARTESIAN_POINT('',(2.37723973338828,1.3725,10.5615102231965));
#5592=CARTESIAN_POINT('',(3.16965297785105,1.78457195992239E-15,10.5023435565298));
#5593=CARTESIAN_POINT('',(2.37723973338829,-1.3725,10.4431768898632));
#5594=CARTESIAN_POINT('',(1.58482648892552,-2.745,10.3840102231965));
#5595=CARTESIAN_POINT('',(0.,-2.745,10.3248435565298));
#5596=CARTESIAN_POINT('',(-1.58482648892552,-2.745,10.2656768898632));
#5597=CARTESIAN_POINT('',(-2.37723973338828,-1.3725,10.2065102231965));
#5598=CARTESIAN_POINT('',(-3.16965297785105,1.05170584654549E-15,10.1473435565298));
#5599=CARTESIAN_POINT('',(-2.37723973338828,1.3725,10.0881768898632));
#5600=CARTESIAN_POINT('',(-1.58482648892552,2.745,10.0290102231965));
#5601=CARTESIAN_POINT('',(-3.36165546365948E-16,2.745,9.96984355652982));
#5602=CARTESIAN_POINT('',(1.58482648892552,2.745,9.91067688986315));
#5603=CARTESIAN_POINT('',(2.37723973338828,1.3725,9.85151022319649));
#5604=CARTESIAN_POINT('',(3.16965297785105,1.87152188266185E-15,9.79234355652982));
#5605=CARTESIAN_POINT('',(2.37723973338829,-1.3725,9.73317688986315));
#5606=CARTESIAN_POINT('',(1.58482648892552,-2.745,9.67401022319649));
#5607=CARTESIAN_POINT('',(0.,-2.745,9.61484355652982));
#5608=CARTESIAN_POINT('',(-1.58482648892552,-2.745,9.55567688986315));
#5609=CARTESIAN_POINT('',(-2.37723973338828,-1.3725,9.49651022319649));
#5610=CARTESIAN_POINT('',(-3.16965297785105,1.13865576928495E-15,9.43734355652982));
#5611=CARTESIAN_POINT('',(-2.37723973338828,1.3725,9.37817688986315));
#5612=CARTESIAN_POINT('',(-1.58482648892552,2.745,9.31901022319649));
#5613=CARTESIAN_POINT('',(-3.36165546365948E-16,2.745,9.25984355652982));
#5614=CARTESIAN_POINT('',(1.58482648892552,2.745,9.20067688986315));
#5615=CARTESIAN_POINT('',(2.37723973338828,1.3725,9.14151022319649));
#5616=CARTESIAN_POINT('',(3.16965297785105,1.95847180540131E-15,9.08234355652982));
#5617=CARTESIAN_POINT('',(2.37723973338829,-1.3725,9.02317688986315));
#5618=CARTESIAN_POINT('',(1.58482648892552,-2.745,8.96401022319649));
#5619=CARTESIAN_POINT('',(0.,-2.745,8.90484355652982));
#5620=CARTESIAN_POINT('',(-1.58482648892552,-2.745,8.84567688986315));
#5621=CARTESIAN_POINT('',(-2.37723973338828,-1.3725,8.78651022319649));
#5622=CARTESIAN_POINT('',(-3.16965297785105,1.22560569202441E-15,8.72734355652982));
#5623=CARTESIAN_POINT('',(-2.37723973338828,1.3725,8.66817688986315));
#5624=CARTESIAN_POINT('',(-1.58482648892552,2.745,8.60901022319649));
#5625=CARTESIAN_POINT('',(-3.36165546365948E-16,2.745,8.54984355652982));
#5626=CARTESIAN_POINT('',(1.58482648892552,2.745,8.49067688986315));
#5627=CARTESIAN_POINT('',(2.37723973338828,1.3725,8.43151022319648));
#5628=CARTESIAN_POINT('',(3.16965297785105,2.04542172814077E-15,8.37234355652982));
#5629=CARTESIAN_POINT('',(2.37723973338829,-1.3725,8.31317688986315));
#5630=CARTESIAN_POINT('',(1.58482648892552,-2.745,8.25401022319649));
#5631=CARTESIAN_POINT('',(0.,-2.745,8.19484355652982));
#5632=CARTESIAN_POINT('',(-1.58482648892552,-2.745,8.13567688986315));
#5633=CARTESIAN_POINT('',(-2.37723973338828,-1.3725,8.07651022319649));
#5634=CARTESIAN_POINT('',(-3.16965297785105,1.31255561476387E-15,8.01734355652982));
#5635=CARTESIAN_POINT('',(-2.37723973338828,1.3725,7.95817688986315));
#5636=CARTESIAN_POINT('',(-1.58482648892552,2.745,7.89901022319648));
#5637=CARTESIAN_POINT('',(-3.36165546365948E-16,2.745,7.83984355652982));
#5638=CARTESIAN_POINT('',(1.58482648892552,2.745,7.78067688986315));
#5639=CARTESIAN_POINT('',(2.37723973338828,1.3725,7.72151022319649));
#5640=CARTESIAN_POINT('',(3.16965297785105,2.13237165088024E-15,7.66234355652982));
#5641=CARTESIAN_POINT('',(2.37723973338829,-1.3725,7.60317688986315));
#5642=CARTESIAN_POINT('',(1.58482648892552,-2.745,7.54401022319649));
#5643=CARTESIAN_POINT('',(0.,-2.745,7.48484355652982));
#5644=CARTESIAN_POINT('',(-1.58482648892552,-2.745,7.42567688986315));
#5645=CARTESIAN_POINT('',(-2.37723973338828,-1.3725,7.36651022319649));
#5646=CARTESIAN_POINT('',(-3.16965297785105,1.39950553750334E-15,7.30734355652982));
#5647=CARTESIAN_POINT('',(-2.37723973338828,1.3725,7.24817688986315));
#5648=CARTESIAN_POINT('',(-1.58482648892552,2.745,7.18901022319649));
#5649=CARTESIAN_POINT('',(-3.36165546365948E-16,2.745,7.12984355652982));
#5650=CARTESIAN_POINT('',(1.58482648892552,2.745,7.07067688986315));
#5651=CARTESIAN_POINT('',(2.37723973338828,1.3725,7.01151022319649));
#5652=CARTESIAN_POINT('',(3.16965297785105,2.2193215736197E-15,6.95234355652982));
#5653=CARTESIAN_POINT('',(2.37723973338829,-1.3725,6.89317688986315));
#5654=CARTESIAN_POINT('',(1.58482648892552,-2.745,6.83401022319649));
#5655=CARTESIAN_POINT('',(0.,-2.745,6.77484355652982));
#5656=CARTESIAN_POINT('',(-1.58482648892552,-2.745,6.71567688986315));
#5657=CARTESIAN_POINT('',(-2.37723973338828,-1.3725,6.65651022319649));
#5658=CARTESIAN_POINT('',(-3.16965297785105,1.4864554602428E-15,6.59734355652982));
#5659=CARTESIAN_POINT('',(-2.37723973338828,1.3725,6.53817688986315));
#5660=CARTESIAN_POINT('',(-1.58482648892552,2.745,6.47901022319649));
#5661=CARTESIAN_POINT('',(-3.36165546365948E-16,2.745,6.41984355652982));
#5662=CARTESIAN_POINT('',(1.58482648892552,2.745,6.36067688986315));
#5663=CARTESIAN_POINT('',(2.37723973338828,1.3725,6.30151022319649));
#5664=CARTESIAN_POINT('',(3.16965297785105,2.30627149635916E-15,6.24234355652982));
#5665=CARTESIAN_POINT('',(2.37723973338829,-1.3725,6.18317688986315));
#5666=CARTESIAN_POINT('',(1.58482648892552,-2.745,6.12401022319648));
#5667=CARTESIAN_POINT('',(0.,-2.745,6.06484355652982));
#5668=CARTESIAN_POINT('',(-1.58482648892552,-2.745,6.00567688986315));
#5669=CARTESIAN_POINT('',(-2.37723973338828,-1.3725,5.94651022319649));
#5670=CARTESIAN_POINT('',(-3.16965297785105,1.57340538298226E-15,5.88734355652982));
#5671=CARTESIAN_POINT('',(-2.37723973338828,1.3725,5.82817688986315));
#5672=CARTESIAN_POINT('',(-1.58482648892552,2.745,5.76901022319649));
#5673=CARTESIAN_POINT('',(-3.36165546365948E-16,2.745,5.70984355652982));
#5674=CARTESIAN_POINT('',(1.58482648892552,2.745,5.65067688986315));
#5675=CARTESIAN_POINT('',(2.37723973338828,1.3725,5.59151022319648));
#5676=CARTESIAN_POINT('',(3.16965297785105,2.39322141909862E-15,5.53234355652982));
#5677=CARTESIAN_POINT('',(2.37723973338829,-1.3725,5.47317688986315));
#5678=CARTESIAN_POINT('',(1.58482648892552,-2.745,5.41401022319649));
#5679=CARTESIAN_POINT('',(0.,-2.745,5.35484355652982));
#5680=CARTESIAN_POINT('',(-1.58482648892552,-2.745,5.29567688986315));
#5681=CARTESIAN_POINT('',(-2.37723973338828,-1.3725,5.23651022319649));
#5682=CARTESIAN_POINT('',(-3.16965297785105,1.66035530572172E-15,5.17734355652982));
#5683=CARTESIAN_POINT('',(-2.37723973338828,1.3725,5.11817688986315));
#5684=CARTESIAN_POINT('',(-1.58482648892552,2.745,5.05901022319649));
#5685=CARTESIAN_POINT('',(-3.36165546365948E-16,2.745,4.99984355652982));
#5686=CARTESIAN_POINT('',(1.58482648892552,2.745,4.94067688986315));
#5687=CARTESIAN_POINT('',(2.37723973338828,1.3725,4.88151022319649));
#5688=CARTESIAN_POINT('',(3.16965297785105,2.48017134183808E-15,4.82234355652982));
#5689=CARTESIAN_POINT('',(2.37723973338829,-1.3725,4.76317688986315));
#5690=CARTESIAN_POINT('',(1.58482648892552,-2.745,4.70401022319649));
#5691=CARTESIAN_POINT('',(0.,-2.745,4.64484355652982));
#5692=CARTESIAN_POINT('',(-1.58482648892552,-2.745,4.58567688986315));
#5693=CARTESIAN_POINT('',(-2.37723973338828,-1.3725,4.52651022319649));
#5694=CARTESIAN_POINT('',(-3.16965297785105,1.74730522846118E-15,4.46734355652982));
#5695=CARTESIAN_POINT('',(-2.37723973338828,1.3725,4.40817688986315));
#5696=CARTESIAN_POINT('',(-1.58482648892552,2.745,4.34901022319649));
#5697=CARTESIAN_POINT('',(-3.36165546365948E-16,2.745,4.28984355652982));
#5698=CARTESIAN_POINT('',(1.58482648892552,2.745,4.23067688986315));
#5699=CARTESIAN_POINT('',(2.37723973338828,1.3725,4.17151022319649));
#5700=CARTESIAN_POINT('',(3.16965297785105,2.56712126457755E-15,4.11234355652982));
#5701=CARTESIAN_POINT('',(2.37723973338829,-1.3725,4.05317688986315));
#5702=CARTESIAN_POINT('',(1.58482648892552,-2.745,3.99401022319648));
#5703=CARTESIAN_POINT('',(0.,-2.745,3.93484355652982));
#5704=CARTESIAN_POINT('',(-1.58482648892552,-2.745,3.87567688986315));
#5705=CARTESIAN_POINT('',(-2.37723973338828,-1.3725,3.81651022319648));
#5706=CARTESIAN_POINT('',(-3.16965297785105,1.83425515120065E-15,3.75734355652982));
#5707=CARTESIAN_POINT('',(-2.37723973338828,1.3725,3.69817688986315));
#5708=CARTESIAN_POINT('',(-1.58482648892552,2.745,3.63901022319649));
#5709=CARTESIAN_POINT('',(-3.36165546365948E-16,2.745,3.57984355652982));
#5710=CARTESIAN_POINT('',(1.58482648892552,2.745,3.52067688986315));
#5711=CARTESIAN_POINT('',(2.37723973338828,1.3725,3.46151022319649));
#5712=CARTESIAN_POINT('',(3.16965297785105,2.65407118731701E-15,3.40234355652982));
#5713=CARTESIAN_POINT('',(2.37723973338829,-1.3725,3.34317688986315));
#5714=CARTESIAN_POINT('',(1.58482648892552,-2.745,3.28401022319649));
#5715=CARTESIAN_POINT('',(0.,-2.745,3.22484355652982));
#5716=CARTESIAN_POINT('',(-1.58482648892552,-2.745,3.16567688986315));
#5717=CARTESIAN_POINT('',(-2.37723973338828,-1.3725,3.10651022319649));
#5718=CARTESIAN_POINT('',(-3.16965297785105,1.92120507394011E-15,3.04734355652982));
#5719=CARTESIAN_POINT('',(-2.37723973338828,1.3725,2.98817688986315));
#5720=CARTESIAN_POINT('',(-1.58482648892552,2.745,2.92901022319648));
#5721=CARTESIAN_POINT('',(-3.36165546365948E-16,2.745,2.86984355652982));
#5722=CARTESIAN_POINT('',(1.58482648892552,2.745,2.81067688986315));
#5723=CARTESIAN_POINT('',(2.37723973338828,1.3725,2.75151022319648));
#5724=CARTESIAN_POINT('',(3.16965297785105,2.74102111005647E-15,2.69234355652982));
#5725=CARTESIAN_POINT('',(2.37723973338829,-1.3725,2.63317688986315));
#5726=CARTESIAN_POINT('',(1.58482648892552,-2.745,2.57401022319648));
#5727=CARTESIAN_POINT('',(0.,-2.745,2.51484355652982));
#5728=CARTESIAN_POINT('',(-1.58482648892552,-2.745,2.45567688986315));
#5729=CARTESIAN_POINT('',(-2.37723973338828,-1.3725,2.39651022319649));
#5730=CARTESIAN_POINT('',(-3.16965297785105,2.00815499667957E-15,2.33734355652982));
#5731=CARTESIAN_POINT('',(-2.37723973338828,1.3725,2.27817688986315));
#5732=CARTESIAN_POINT('',(-1.58482648892552,2.745,2.21901022319649));
#5733=CARTESIAN_POINT('',(-3.36165546365948E-16,2.745,2.15984355652982));
#5734=CARTESIAN_POINT('',(1.58482648892552,2.745,2.10067688986315));
#5735=CARTESIAN_POINT('',(2.37723973338828,1.3725,2.04151022319649));
#5736=CARTESIAN_POINT('',(3.16965297785105,2.82797103279593E-15,1.98234355652982));
#5737=CARTESIAN_POINT('',(2.37723973338829,-1.3725,1.92317688986315));
#5738=CARTESIAN_POINT('',(1.58482648892552,-2.745,1.86401022319648));
#5739=CARTESIAN_POINT('',(0.,-2.745,1.80484355652982));
#5740=CARTESIAN_POINT('',(-0.745021937338776,-2.745,1.77702949301315));
#5741=CARTESIAN_POINT('',(-1.3878124959925,-2.36833305849643,1.74491324766162));
#5742=CARTESIAN_POINT('',(0.,-2.745,20.2648435565298));
#5743=CARTESIAN_POINT('',(-1.58482648892552,-2.745,20.2056768898632));
#5744=CARTESIAN_POINT('',(-2.37723973338828,-1.3725,20.1465102231965));
#5745=CARTESIAN_POINT('',(-3.16965297785105,-1.65593071806982E-16,20.0873435565298));
#5746=CARTESIAN_POINT('',(-2.37723973338828,1.3725,20.0281768898632));
#5747=CARTESIAN_POINT('',(-1.58482648892552,2.745,19.9690102231965));
#5748=CARTESIAN_POINT('',(-3.36165546365948E-16,2.745,19.9098435565298));
#5749=CARTESIAN_POINT('',(1.58482648892552,2.745,19.8506768898632));
#5750=CARTESIAN_POINT('',(2.37723973338828,1.3725,19.7915102231965));
#5751=CARTESIAN_POINT('',(3.16965297785105,6.54222964309381E-16,19.7323435565298));
#5752=CARTESIAN_POINT('',(2.37723973338829,-1.3725,19.6731768898632));
#5753=CARTESIAN_POINT('',(1.58482648892552,-2.745,19.6140102231965));
#5754=CARTESIAN_POINT('',(6.72331092731897E-16,-2.745,19.5548435565298));
#5755=CARTESIAN_POINT('',(-1.58482648892552,-2.745,19.4956768898632));
#5756=CARTESIAN_POINT('',(-2.37723973338828,-1.3725,19.4365102231965));
#5757=CARTESIAN_POINT('',(-3.16965297785105,-3.67020159667969E-15,19.3773435565298));
#5758=CARTESIAN_POINT('',(-2.37723973338829,1.3725,19.3181768898632));
#5759=CARTESIAN_POINT('',(-1.58482648892553,2.745,19.2590102231965));
#5760=CARTESIAN_POINT('',(-1.00849663909785E-15,2.745,19.1998435565298));
#5761=CARTESIAN_POINT('',(1.58482648892552,2.745,19.1406768898632));
#5762=CARTESIAN_POINT('',(2.37723973338828,1.3725,19.0815102231965));
#5763=CARTESIAN_POINT('',(3.16965297785105,1.51751396179547E-15,19.0223435565298));
#5764=CARTESIAN_POINT('',(2.37723973338829,-1.3725,18.9631768898632));
#5765=CARTESIAN_POINT('',(1.58482648892553,-2.745,18.9040102231965));
#5766=CARTESIAN_POINT('',(1.34466218546379E-15,-2.745,18.8448435565298));
#5767=CARTESIAN_POINT('',(-1.58482648892552,-2.745,18.7856768898632));
#5768=CARTESIAN_POINT('',(-2.37723973338828,-1.3725,18.7265102231965));
#5769=CARTESIAN_POINT('',(-3.16965297785105,-7.1748101215524E-15,18.6673435565298));
#5770=CARTESIAN_POINT('',(-2.37723973338829,1.3725,18.6081768898632));
#5771=CARTESIAN_POINT('',(-1.58482648892553,2.745,18.5490102231965));
#5772=CARTESIAN_POINT('',(-6.55692725598343E-15,2.745,18.4898435565298));
#5773=CARTESIAN_POINT('',(1.58482648892552,2.745,18.4306768898632));
#5774=CARTESIAN_POINT('',(2.37723973338828,1.3725,18.3715102231965));
#5775=CARTESIAN_POINT('',(3.16965297785105,8.01123970501264E-15,18.3123435565298));
#5776=CARTESIAN_POINT('',(2.37723973338829,-1.37249999999999,18.2531768898632));
#5777=CARTESIAN_POINT('',(1.58482648892553,-2.74499999999999,18.1940102231965));
#5778=CARTESIAN_POINT('',(2.01699327819569E-15,-2.745,18.1348435565298));
#5779=CARTESIAN_POINT('',(-1.58482648892552,-2.745,18.0756768898632));
#5780=CARTESIAN_POINT('',(-2.37723973338828,-1.3725,18.0165102231965));
#5781=CARTESIAN_POINT('',(-3.16965297785105,-7.86420127355957E-15,17.9573435565298));
#5782=CARTESIAN_POINT('',(-2.37723973338829,1.37249999999999,17.8981768898632));
#5783=CARTESIAN_POINT('',(-1.58482648892553,2.74499999999999,17.8390102231965));
#5784=CARTESIAN_POINT('',(-2.35315882456164E-15,2.745,17.7798435565298));
#5785=CARTESIAN_POINT('',(1.58482648892552,2.745,17.7206768898632));
#5786=CARTESIAN_POINT('',(2.37723973338828,1.3725,17.6615102231965));
#5787=CARTESIAN_POINT('',(3.16965297785105,8.87453070249874E-15,17.6023435565298));
#5788=CARTESIAN_POINT('',(2.37723973338829,-1.37249999999999,17.5431768898632));
#5789=CARTESIAN_POINT('',(1.58482648892553,-2.74499999999999,17.4840102231965));
#5790=CARTESIAN_POINT('',(2.68932437092759E-15,-2.745,17.4248435565298));
#5791=CARTESIAN_POINT('',(-1.58482648892552,-2.745,17.3656768898632));
#5792=CARTESIAN_POINT('',(-2.37723973338828,-1.3725,17.3065102231965));
#5793=CARTESIAN_POINT('',(-3.16965297785105,-8.55359242556673E-15,17.2473435565298));
#5794=CARTESIAN_POINT('',(-2.37723973338829,1.37249999999999,17.1881768898632));
#5795=CARTESIAN_POINT('',(-1.58482648892553,2.74499999999999,17.1290102231965));
#5796=CARTESIAN_POINT('',(-1.27776889656009E-14,2.745,17.0698435565298));
#5797=CARTESIAN_POINT('',(1.58482648892552,2.745,17.0106768898632));
#5798=CARTESIAN_POINT('',(2.37723973338828,1.37250000000001,16.9515102231965));
#5799=CARTESIAN_POINT('',(3.16965297785105,9.73782169998483E-15,16.8923435565298));
#5800=CARTESIAN_POINT('',(2.37723973338829,-1.37249999999999,16.8331768898632));
#5801=CARTESIAN_POINT('',(1.58482648892553,-2.74499999999999,16.7740102231965));
#5802=CARTESIAN_POINT('',(1.31138545119669E-14,-2.745,16.7148435565298));
#5803=CARTESIAN_POINT('',(-1.58482648892552,-2.745,16.6556768898632));
#5804=CARTESIAN_POINT('',(-2.37723973338828,-1.37250000000001,16.5965102231965));
#5805=CARTESIAN_POINT('',(-3.16965297785105,-2.05038530690361E-14,16.5373435565298));
#5806=CARTESIAN_POINT('',(-2.37723973338829,1.37249999999999,16.4781768898632));
#5807=CARTESIAN_POINT('',(-1.58482648892552,2.745,16.4190102231965));
#5808=CARTESIAN_POINT('',(-1.34500200583328E-14,2.745,16.3598435565298));
#5809=CARTESIAN_POINT('',(1.58482648892552,2.745,16.3006768898632));
#5810=CARTESIAN_POINT('',(2.37723973338828,1.37250000000001,16.2415102231965));
#5811=CARTESIAN_POINT('',(3.16965297785105,1.06011126974709E-14,16.1823435565298));
#5812=CARTESIAN_POINT('',(2.37723973338829,-1.37249999999998,16.1231768898632));
#5813=CARTESIAN_POINT('',(1.58482648892553,-2.74499999999999,16.0640102231965));
#5814=CARTESIAN_POINT('',(4.03398655639138E-15,-2.745,16.0048435565298));
#5815=CARTESIAN_POINT('',(-1.58482648892551,-2.74500000000001,15.9456768898632));
#5816=CARTESIAN_POINT('',(-2.37723973338828,-1.37250000000001,15.8865102231965));
#5817=CARTESIAN_POINT('',(-3.16965297785105,-2.11932442210432E-14,15.8273435565298));
#5818=CARTESIAN_POINT('',(-2.37723973338829,1.37249999999999,15.7681768898632));
#5819=CARTESIAN_POINT('',(-1.58482648892553,2.745,15.7090102231965));
#5820=CARTESIAN_POINT('',(-1.41223511510647E-14,2.745,15.6498435565298));
#5821=CARTESIAN_POINT('',(1.58482648892552,2.745,15.5906768898632));
#5822=CARTESIAN_POINT('',(2.37723973338828,1.37250000000002,15.5315102231965));
#5823=CARTESIAN_POINT('',(3.16965297785105,1.1464403694957E-14,15.4723435565298));
#5824=CARTESIAN_POINT('',(2.37723973338829,-1.37249999999998,15.4131768898632));
#5825=CARTESIAN_POINT('',(1.58482648892554,-2.74499999999999,15.3540102231965));
#5826=CARTESIAN_POINT('',(4.70631764912328E-15,-2.745,15.2948435565298));
#5827=CARTESIAN_POINT('',(-1.58482648892551,-2.74500000000001,15.2356768898632));
#5828=CARTESIAN_POINT('',(-2.37723973338828,-1.37250000000001,15.1765102231965));
#5829=CARTESIAN_POINT('',(-3.16965297785105,-2.18826353730504E-14,15.1173435565298));
#5830=CARTESIAN_POINT('',(-2.37723973338829,1.37249999999999,15.0581768898632));
#5831=CARTESIAN_POINT('',(-1.58482648892555,2.74499999999999,14.9990102231965));
#5832=CARTESIAN_POINT('',(-1.47946822437966E-14,2.745,14.9398435565298));
#5833=CARTESIAN_POINT('',(1.58482648892552,2.745,14.8806768898632));
#5834=CARTESIAN_POINT('',(2.37723973338828,1.37250000000002,14.8215102231965));
#5835=CARTESIAN_POINT('',(3.16965297785105,1.23276946924431E-14,14.7623435565298));
#5836=CARTESIAN_POINT('',(2.3772397333883,-1.37249999999998,14.7031768898632));
#5837=CARTESIAN_POINT('',(1.58482648892554,-2.74499999999999,14.6440102231965));
#5838=CARTESIAN_POINT('',(5.37864874185518E-15,-2.745,14.5848435565298));
#5839=CARTESIAN_POINT('',(-1.58482648892551,-2.74500000000001,14.5256768898632));
#5840=CARTESIAN_POINT('',(-2.37723973338828,-1.37250000000001,14.4665102231965));
#5841=CARTESIAN_POINT('',(-3.16965297785105,-2.25720265250576E-14,14.4073435565298));
#5842=CARTESIAN_POINT('',(-2.37723973338829,1.37249999999999,14.3481768898632));
#5843=CARTESIAN_POINT('',(-1.58482648892555,2.74499999999999,14.2890102231965));
#5844=CARTESIAN_POINT('',(-1.54670133365285E-14,2.745,14.2298435565298));
#5845=CARTESIAN_POINT('',(1.58482648892552,2.74500000000001,14.1706768898632));
#5846=CARTESIAN_POINT('',(2.37723973338827,1.37250000000002,14.1115102231965));
#5847=CARTESIAN_POINT('',(3.16965297785105,1.31909856899292E-14,14.0523435565298));
#5848=CARTESIAN_POINT('',(2.3772397333883,-1.37249999999998,13.9931768898632));
#5849=CARTESIAN_POINT('',(1.58482648892554,-2.74499999999999,13.9340102231965));
#5850=CARTESIAN_POINT('',(2.55553779312018E-14,-2.745,13.8748435565298));
#5851=CARTESIAN_POINT('',(-1.58482648892551,-2.74500000000001,13.8156768898632));
#5852=CARTESIAN_POINT('',(-2.37723973338828,-1.37250000000001,13.7565102231965));
#5853=CARTESIAN_POINT('',(-3.16965297785105,-2.32614176770647E-14,13.6973435565298));
#5854=CARTESIAN_POINT('',(-2.37723973338829,1.37249999999999,13.6381768898632));
#5855=CARTESIAN_POINT('',(-1.58482648892555,2.74499999999999,13.5790102231965));
#5856=CARTESIAN_POINT('',(-1.61393444292604E-14,2.745,13.5198435565298));
#5857=CARTESIAN_POINT('',(1.58482648892549,2.74500000000002,13.4606768898632));
#5858=CARTESIAN_POINT('',(2.37723973338827,1.37250000000002,13.4015102231965));
#5859=CARTESIAN_POINT('',(3.16965297785105,1.40542766874153E-14,13.3423435565298));
#5860=CARTESIAN_POINT('',(2.3772397333883,-1.37249999999998,13.2831768898632));
#5861=CARTESIAN_POINT('',(1.58482648892554,-2.74499999999999,13.2240102231965));
#5862=CARTESIAN_POINT('',(2.62277090239337E-14,-2.745,13.1648435565298));
#5863=CARTESIAN_POINT('',(-1.5848264889255,-2.74500000000001,13.1056768898632));
#5864=CARTESIAN_POINT('',(-2.37723973338828,-1.37250000000001,13.0465102231965));
#5865=CARTESIAN_POINT('',(-3.16965297785105,-2.39508088290719E-14,12.9873435565298));
#5866=CARTESIAN_POINT('',(-2.37723973338829,1.37249999999999,12.9281768898632));
#5867=CARTESIAN_POINT('',(-1.58482648892553,2.745,12.8690102231965));
#5868=CARTESIAN_POINT('',(-3.6316073618607E-14,2.745,12.8098435565298));
#5869=CARTESIAN_POINT('',(1.58482648892549,2.74500000000002,12.7506768898632));
#5870=CARTESIAN_POINT('',(2.37723973338827,1.37250000000002,12.6915102231965));
#5871=CARTESIAN_POINT('',(3.16965297785105,1.49175676849014E-14,12.6323435565298));
#5872=CARTESIAN_POINT('',(2.37723973338829,-1.3725,12.5731768898632));
#5873=CARTESIAN_POINT('',(1.58482648892556,-2.74499999999998,12.5140102231965));
#5874=CARTESIAN_POINT('',(2.69000401166656E-14,-2.745,12.4548435565298));
#5875=CARTESIAN_POINT('',(-1.5848264889255,-2.74500000000001,12.3956768898632));
#5876=CARTESIAN_POINT('',(-2.37723973338828,-1.37250000000001,12.3365102231965));
#5877=CARTESIAN_POINT('',(-3.16965297785105,-2.11846099815477E-15,12.2773435565298));
#5878=CARTESIAN_POINT('',(-2.3772397333883,1.37249999999997,12.2181768898632));
#5879=CARTESIAN_POINT('',(-1.58482648892555,2.74499999999999,12.1590102231965));
#5880=CARTESIAN_POINT('',(-1.74840066147242E-14,2.745,12.0998435565298));
#5881=CARTESIAN_POINT('',(1.58482648892551,2.74500000000001,12.0406768898632));
#5882=CARTESIAN_POINT('',(2.37723973338826,1.37250000000004,11.9815102231965));
#5883=CARTESIAN_POINT('',(3.16965297785105,3.83025976653118E-14,11.9223435565298));
#5884=CARTESIAN_POINT('',(2.3772397333883,-1.37249999999998,11.8631768898632));
#5885=CARTESIAN_POINT('',(1.58482648892554,-2.74499999999999,11.8040102231965));
#5886=CARTESIAN_POINT('',(8.06797311278276E-15,-2.745,11.7448435565298));
#5887=CARTESIAN_POINT('',(-1.58482648892548,-2.74500000000002,11.6856768898632));
#5888=CARTESIAN_POINT('',(-2.37723973338827,-1.37250000000003,11.6265102231965));
#5889=CARTESIAN_POINT('',(-3.16965297785105,-2.53295911330862E-14,11.5673435565298));
#5890=CARTESIAN_POINT('',(-2.37723973338829,1.37249999999999,11.5081768898632));
#5891=CARTESIAN_POINT('',(-1.58482648892553,2.745,11.4490102231965));
#5892=CARTESIAN_POINT('',(-3.76607358040708E-14,2.745,11.3898435565298));
#5893=CARTESIAN_POINT('',(1.58482648892549,2.74500000000002,11.3306768898632));
#5894=CARTESIAN_POINT('',(2.37723973338827,1.37250000000002,11.2715102231965));
#5895=CARTESIAN_POINT('',(3.16965297785105,1.66441496798736E-14,11.2123435565298));
#5896=CARTESIAN_POINT('',(2.37723973338829,-1.37249999999999,11.1531768898632));
#5897=CARTESIAN_POINT('',(1.58482648892556,-2.74499999999998,11.0940102231965));
#5898=CARTESIAN_POINT('',(2.82447023021294E-14,-2.745,11.0348435565298));
#5899=CARTESIAN_POINT('',(-1.5848264889255,-2.74500000000001,10.9756768898632));
#5900=CARTESIAN_POINT('',(-2.37723973338828,-1.37250000000001,10.9165102231965));
#5901=CARTESIAN_POINT('',(-3.16965297785105,-4.85407212680177E-14,10.8573435565298));
#5902=CARTESIAN_POINT('',(-2.3772397333883,1.37249999999997,10.7981768898632));
#5903=CARTESIAN_POINT('',(-1.58482648892555,2.74499999999999,10.7390102231965));
#5904=CARTESIAN_POINT('',(-1.8828668800188E-14,2.745,10.6798435565298));
#5905=CARTESIAN_POINT('',(1.58482648892551,2.74500000000001,10.6206768898632));
#5906=CARTESIAN_POINT('',(2.37723973338826,1.37250000000004,10.5615102231965));
#5907=CARTESIAN_POINT('',(3.16965297785105,4.0029179660284E-14,10.5023435565298));
#5908=CARTESIAN_POINT('',(2.3772397333883,-1.37249999999998,10.4431768898632));
#5909=CARTESIAN_POINT('',(1.58482648892554,-2.74499999999999,10.3840102231965));
#5910=CARTESIAN_POINT('',(9.41263529824656E-15,-2.745,10.3248435565298));
#5911=CARTESIAN_POINT('',(-1.58482648892548,-2.74500000000002,10.2656768898632));
#5912=CARTESIAN_POINT('',(-2.37723973338827,-1.37250000000003,10.2065102231965));
#5913=CARTESIAN_POINT('',(-3.16965297785105,-2.67083734371006E-14,10.1473435565298));
#5914=CARTESIAN_POINT('',(-2.37723973338829,1.37249999999999,10.0881768898632));
#5915=CARTESIAN_POINT('',(-1.58482648892553,2.745,10.0290102231965));
#5916=CARTESIAN_POINT('',(-3.90053979895346E-14,2.745,9.96984355652982));
#5917=CARTESIAN_POINT('',(1.58482648892549,2.74500000000002,9.91067688986315));
#5918=CARTESIAN_POINT('',(2.37723973338827,1.37250000000002,9.85151022319649));
#5919=CARTESIAN_POINT('',(3.16965297785105,1.83707316748458E-14,9.79234355652982));
#5920=CARTESIAN_POINT('',(2.37723973338831,-1.37249999999996,9.73317688986315));
#5921=CARTESIAN_POINT('',(1.58482648892556,-2.74499999999998,9.67401022319649));
#5922=CARTESIAN_POINT('',(2.95893644875932E-14,-2.745,9.61484355652982));
#5923=CARTESIAN_POINT('',(-1.5848264889255,-2.74500000000001,9.55567688986315));
#5924=CARTESIAN_POINT('',(-2.37723973338828,-1.37250000000001,9.49651022319649));
#5925=CARTESIAN_POINT('',(-3.16965297785105,-4.99195035720321E-14,9.43734355652982));
#5926=CARTESIAN_POINT('',(-2.3772397333883,1.37249999999997,9.37817688986315));
#5927=CARTESIAN_POINT('',(-1.58482648892555,2.74499999999999,9.31901022319649));
#5928=CARTESIAN_POINT('',(-2.01733309856518E-14,2.745,9.25984355652982));
#5929=CARTESIAN_POINT('',(1.58482648892551,2.74500000000001,9.20067688986315));
#5930=CARTESIAN_POINT('',(2.37723973338826,1.37250000000004,9.14151022319649));
#5931=CARTESIAN_POINT('',(3.16965297785105,4.17557616552562E-14,9.08234355652982));
#5932=CARTESIAN_POINT('',(2.3772397333883,-1.37249999999998,9.02317688986315));
#5933=CARTESIAN_POINT('',(1.58482648892554,-2.74499999999999,8.96401022319649));
#5934=CARTESIAN_POINT('',(1.07572974837104E-14,-2.745,8.90484355652982));
#5935=CARTESIAN_POINT('',(-1.58482648892548,-2.74500000000002,8.84567688986315));
#5936=CARTESIAN_POINT('',(-2.37723973338827,-1.37250000000003,8.78651022319649));
#5937=CARTESIAN_POINT('',(-3.16965297785105,-2.80871557411149E-14,8.72734355652982));
#5938=CARTESIAN_POINT('',(-2.37723973338829,1.37249999999999,8.66817688986315));
#5939=CARTESIAN_POINT('',(-1.58482648892557,2.74499999999997,8.60901022319649));
#5940=CARTESIAN_POINT('',(-4.03500601749984E-14,2.745,8.54984355652982));
#5941=CARTESIAN_POINT('',(1.58482648892549,2.74500000000002,8.49067688986315));
#5942=CARTESIAN_POINT('',(2.37723973338827,1.37250000000002,8.43151022319648));
#5943=CARTESIAN_POINT('',(3.16965297785105,2.0097313669818E-14,8.37234355652982));
#5944=CARTESIAN_POINT('',(2.37723973338831,-1.37249999999996,8.31317688986315));
#5945=CARTESIAN_POINT('',(1.58482648892556,-2.74499999999998,8.25401022319649));
#5946=CARTESIAN_POINT('',(3.0934026673057E-14,-2.745,8.19484355652982));
#5947=CARTESIAN_POINT('',(-1.5848264889255,-2.74500000000001,8.13567688986315));
#5948=CARTESIAN_POINT('',(-2.37723973338828,-1.37250000000001,8.07651022319649));
#5949=CARTESIAN_POINT('',(-3.16965297785105,-5.12982858760464E-14,8.01734355652982));
#5950=CARTESIAN_POINT('',(-2.3772397333883,1.37249999999997,7.95817688986315));
#5951=CARTESIAN_POINT('',(-1.58482648892555,2.74499999999998,7.89901022319648));
#5952=CARTESIAN_POINT('',(-2.15179931711156E-14,2.745,7.83984355652982));
#5953=CARTESIAN_POINT('',(1.58482648892547,2.74500000000003,7.78067688986315));
#5954=CARTESIAN_POINT('',(2.37723973338826,1.37250000000004,7.72151022319649));
#5955=CARTESIAN_POINT('',(3.16965297785105,4.34823436502284E-14,7.66234355652982));
#5956=CARTESIAN_POINT('',(2.3772397333883,-1.37249999999997,7.60317688986315));
#5957=CARTESIAN_POINT('',(1.58482648892554,-2.74499999999999,7.54401022319649));
#5958=CARTESIAN_POINT('',(5.11107558624036E-14,-2.745,7.48484355652982));
#5959=CARTESIAN_POINT('',(-1.58482648892548,-2.74500000000002,7.42567688986315));
#5960=CARTESIAN_POINT('',(-2.37723973338827,-1.37250000000003,7.36651022319649));
#5961=CARTESIAN_POINT('',(-3.16965297785105,-2.94659380451293E-14,7.30734355652982));
#5962=CARTESIAN_POINT('',(-2.37723973338829,1.37249999999999,7.24817688986315));
#5963=CARTESIAN_POINT('',(-1.58482648892557,2.74499999999997,7.18901022319649));
#5964=CARTESIAN_POINT('',(-4.16947223604622E-14,2.745,7.12984355652982));
#5965=CARTESIAN_POINT('',(1.58482648892549,2.74500000000002,7.07067688986315));
#5966=CARTESIAN_POINT('',(2.37723973338827,1.37250000000002,7.01151022319649));
#5967=CARTESIAN_POINT('',(3.16965297785105,2.18238956647901E-14,6.95234355652982));
#5968=CARTESIAN_POINT('',(2.37723973338831,-1.37249999999996,6.89317688986315));
#5969=CARTESIAN_POINT('',(1.58482648892556,-2.74499999999997,6.83401022319649));
#5970=CARTESIAN_POINT('',(3.22786888585208E-14,-2.745,6.77484355652982));
#5971=CARTESIAN_POINT('',(-1.5848264889255,-2.74500000000001,6.71567688986315));
#5972=CARTESIAN_POINT('',(-2.37723973338826,-1.37250000000005,6.65651022319649));
#5973=CARTESIAN_POINT('',(-3.16965297785105,-5.26770681800607E-14,6.59734355652982));
#5974=CARTESIAN_POINT('',(-2.3772397333883,1.37249999999997,6.53817688986315));
#5975=CARTESIAN_POINT('',(-1.58482648892555,2.74499999999998,6.47901022319649));
#5976=CARTESIAN_POINT('',(-2.28626553565794E-14,2.745,6.41984355652982));
#5977=CARTESIAN_POINT('',(1.58482648892547,2.74500000000003,6.36067688986315));
#5978=CARTESIAN_POINT('',(2.37723973338826,1.37250000000004,6.30151022319649));
#5979=CARTESIAN_POINT('',(3.16965297785105,4.52089256452005E-14,6.24234355652982));
#5980=CARTESIAN_POINT('',(2.3772397333883,-1.37249999999997,6.18317688986315));
#5981=CARTESIAN_POINT('',(1.58482648892554,-2.74499999999999,6.12401022319648));
#5982=CARTESIAN_POINT('',(5.24554180478674E-14,-2.745,6.06484355652982));
#5983=CARTESIAN_POINT('',(-1.58482648892548,-2.74500000000002,6.00567688986315));
#5984=CARTESIAN_POINT('',(-2.37723973338827,-1.37250000000003,5.94651022319649));
#5985=CARTESIAN_POINT('',(-3.16965297785105,-3.08447203491436E-14,5.88734355652982));
#5986=CARTESIAN_POINT('',(-2.37723973338829,1.37249999999998,5.82817688986315));
#5987=CARTESIAN_POINT('',(-1.58482648892553,2.74499999999999,5.76901022319649));
#5988=CARTESIAN_POINT('',(-4.3039384545926E-14,2.745,5.70984355652982));
#5989=CARTESIAN_POINT('',(1.58482648892545,2.74500000000004,5.65067688986315));
#5990=CARTESIAN_POINT('',(2.37723973338827,1.37250000000002,5.59151022319648));
#5991=CARTESIAN_POINT('',(3.16965297785105,6.85939556256109E-14,5.53234355652982));
#5992=CARTESIAN_POINT('',(2.37723973338829,-1.37249999999999,5.47317688986315));
#5993=CARTESIAN_POINT('',(1.58482648892556,-2.74499999999997,5.41401022319649));
#5994=CARTESIAN_POINT('',(7.26321472372141E-14,-2.745,5.35484355652982));
#5995=CARTESIAN_POINT('',(-1.5848264889255,-2.74500000000001,5.29567688986315));
#5996=CARTESIAN_POINT('',(-2.37723973338826,-1.37250000000005,5.23651022319649));
#5997=CARTESIAN_POINT('',(-3.16965297785105,-9.01237251822647E-15,5.17734355652982));
#5998=CARTESIAN_POINT('',(-2.3772397333883,1.37249999999997,5.11817688986315));
#5999=CARTESIAN_POINT('',(-1.58482648892559,2.74499999999996,5.05901022319649));
#6000=CARTESIAN_POINT('',(-2.42073175420432E-14,2.745,4.99984355652982));
#6001=CARTESIAN_POINT('',(1.58482648892547,2.74500000000003,4.94067688986315));
#6002=CARTESIAN_POINT('',(2.37723973338828,1.37250000000001,4.88151022319649));
#6003=CARTESIAN_POINT('',(3.16965297785105,4.69355076401727E-14,4.82234355652982));
#6004=CARTESIAN_POINT('',(2.37723973338832,-1.37249999999994,4.76317688986315));
#6005=CARTESIAN_POINT('',(1.58482648892555,-2.74499999999999,4.70401022319649));
#6006=CARTESIAN_POINT('',(5.38000802333312E-14,-2.745,4.64484355652982));
#6007=CARTESIAN_POINT('',(-1.58482648892552,-2.745,4.58567688986315));
#6008=CARTESIAN_POINT('',(-2.37723973338827,-1.37250000000003,4.52651022319649));
#6009=CARTESIAN_POINT('',(-3.16965297785105,-7.72669806190065E-14,4.46734355652982));
#6010=CARTESIAN_POINT('',(-2.3772397333883,1.37249999999998,4.40817688986315));
#6011=CARTESIAN_POINT('',(-1.58482648892557,2.74499999999997,4.34901022319649));
#6012=CARTESIAN_POINT('',(-5.3752505381603E-15,2.745,4.28984355652982));
#6013=CARTESIAN_POINT('',(1.58482648892549,2.74500000000002,4.23067688986315));
#6014=CARTESIAN_POINT('',(2.37723973338825,1.37250000000006,4.17151022319649));
#6015=CARTESIAN_POINT('',(3.16965297785105,2.52770596547345E-14,4.11234355652982));
#6016=CARTESIAN_POINT('',(2.37723973338831,-1.37249999999995,4.05317688986315));
#6017=CARTESIAN_POINT('',(1.5848264889256,-2.74499999999995,3.99401022319648));
#6018=CARTESIAN_POINT('',(3.49680132294484E-14,-2.745,3.93484355652982));
#6019=CARTESIAN_POINT('',(-1.58482648892546,-2.74500000000004,3.87567688986315));
#6020=CARTESIAN_POINT('',(-2.37723973338827,-1.37250000000001,3.81651022319648));
#6021=CARTESIAN_POINT('',(-3.16965297785105,-5.54346327880894E-14,3.75734355652982));
#6022=CARTESIAN_POINT('',(-2.37723973338832,1.37249999999993,3.69817688986315));
#6023=CARTESIAN_POINT('',(-1.58482648892556,2.74499999999998,3.63901022319649));
#6024=CARTESIAN_POINT('',(-6.45607759207365E-14,2.745,3.57984355652982));
#6025=CARTESIAN_POINT('',(1.58482648892551,2.74500000000001,3.52067688986315));
#6026=CARTESIAN_POINT('',(2.37723973338826,1.37250000000004,3.46151022319649));
#6027=CARTESIAN_POINT('',(3.16965297785105,9.37055676009935E-14,3.40234355652982));
#6028=CARTESIAN_POINT('',(2.3772397333883,-1.37249999999997,3.34317688986315));
#6029=CARTESIAN_POINT('',(1.58482648892559,-2.74499999999996,3.28401022319649));
#6030=CARTESIAN_POINT('',(1.61359462255655E-14,-2.745,3.22484355652982));
#6031=CARTESIAN_POINT('',(-1.58482648892548,-2.74500000000002,3.16567688986315));
#6032=CARTESIAN_POINT('',(-2.37723973338824,-1.37250000000007,3.10651022319649));
#6033=CARTESIAN_POINT('',(-3.16965297785105,-3.36022849571723E-14,3.04734355652982));
#6034=CARTESIAN_POINT('',(-2.37723973338832,1.37249999999995,2.98817688986315));
#6035=CARTESIAN_POINT('',(-1.58482648892554,2.74499999999999,2.92901022319648));
#6036=CARTESIAN_POINT('',(-4.57287089168536E-14,2.745,2.86984355652982));
#6037=CARTESIAN_POINT('',(1.58482648892545,2.74500000000005,2.81067688986315));
#6038=CARTESIAN_POINT('',(2.37723973338827,1.37250000000003,2.75151022319648));
#6039=CARTESIAN_POINT('',(3.16965297785105,7.20471196155553E-14,2.69234355652982));
#6040=CARTESIAN_POINT('',(2.37723973338829,-1.37249999999999,2.63317688986315));
#6041=CARTESIAN_POINT('',(1.58482648892557,-2.74499999999997,2.57401022319648));
#6042=CARTESIAN_POINT('',(7.53214716081417E-14,-2.745,2.51484355652982));
#6043=CARTESIAN_POINT('',(-1.58482648892549,-2.74500000000001,2.45567688986315));
#6044=CARTESIAN_POINT('',(-2.37723973338825,-1.37250000000005,2.39651022319649));
#6045=CARTESIAN_POINT('',(-3.16965297785105,-1.17699371262552E-14,2.33734355652982));
#6046=CARTESIAN_POINT('',(-2.37723973338831,1.37249999999996,2.27817688986315));
#6047=CARTESIAN_POINT('',(-1.5848264889256,2.74499999999996,2.21901022319649));
#6048=CARTESIAN_POINT('',(-2.68966419129707E-14,2.745,2.15984355652982));
#6049=CARTESIAN_POINT('',(1.58482648892546,2.74500000000004,2.10067688986315));
#6050=CARTESIAN_POINT('',(2.37723973338828,1.37250000000001,2.04151022319649));
#6051=CARTESIAN_POINT('',(3.16965297785105,5.03886716301171E-14,1.98234355652982));
#6052=CARTESIAN_POINT('',(2.37723973338832,-1.37249999999993,1.92317688986315));
#6053=CARTESIAN_POINT('',(1.58482648892555,-2.74499999999998,1.86401022319648));
#6054=CARTESIAN_POINT('',(5.64894046042588E-14,-2.745,1.80484355652982));
#6055=CARTESIAN_POINT('',(-1.58482648892544,-2.74500000000005,1.74567688986315));
#6056=CARTESIAN_POINT('',(-2.37723973338826,-1.37250000000003,1.68651022319648));
#6057=CARTESIAN_POINT('',(-3.16965297785105,-8.00245452270352E-14,1.62734355652982));
#6058=CARTESIAN_POINT('',(-2.3772397333883,1.37249999999998,1.56817688986315));
#6059=CARTESIAN_POINT('',(-1.58482648892558,2.74499999999997,1.50901022319648));
#6060=CARTESIAN_POINT('',(-8.60821672955469E-14,2.745,1.44984355652982));
#6061=CARTESIAN_POINT('',(1.58482648892548,2.74500000000002,1.39067688986315));
#6062=CARTESIAN_POINT('',(2.37723973338825,1.37250000000006,1.33151022319649));
#6063=CARTESIAN_POINT('',(3.16965297785105,2.87302236446789E-14,1.27234355652982));
#6064=CARTESIAN_POINT('',(2.37723973338831,-1.37249999999995,1.21317688986315));
#6065=CARTESIAN_POINT('',(1.58482648892561,-2.74499999999995,1.15401022319649));
#6066=CARTESIAN_POINT('',(3.7657337600376E-14,-2.745,1.09484355652982));
#6067=CARTESIAN_POINT('',(-2.32959997766936,-1.45189150560327,19.44));
#6068=CARTESIAN_POINT('',(0.,-3.165,20.0223564434702));
#6069=CARTESIAN_POINT('',(-1.82731360198517,-3.165,19.9631897768035));
#6070=CARTESIAN_POINT('',(-2.74097040297775,-1.5825,19.9040231101368));
#6071=CARTESIAN_POINT('',(-3.65462720397033,-1.65593071806982E-16,19.8448564434702));
#6072=CARTESIAN_POINT('',(-2.74097040297775,1.5825,19.7856897768035));
#6073=CARTESIAN_POINT('',(-1.82731360198517,3.165,19.7265231101368));
#6074=CARTESIAN_POINT('',(-3.87600711930137E-16,3.165,19.6673564434702));
#6075=CARTESIAN_POINT('',(1.82731360198516,3.165,19.6081897768035));
#6076=CARTESIAN_POINT('',(2.74097040297775,1.5825,19.5490231101368));
#6077=CARTESIAN_POINT('',(3.65462720397033,7.73007391046571E-16,19.4898564434702));
#6078=CARTESIAN_POINT('',(2.74097040297775,-1.5825,19.4306897768035));
#6079=CARTESIAN_POINT('',(1.82731360198517,-3.165,19.3715231101368));
#6080=CARTESIAN_POINT('',(7.75201423860275E-16,-3.165,19.3123564434702));
#6081=CARTESIAN_POINT('',(-1.82731360198516,-3.165,19.2531897768035));
#6082=CARTESIAN_POINT('',(-2.74097040297775,-1.5825,19.1940231101368));
#6083=CARTESIAN_POINT('',(-3.65462720397033,-4.2197296651668E-15,19.1348564434702));
#6084=CARTESIAN_POINT('',(-2.74097040297775,1.5825,19.0756897768035));
#6085=CARTESIAN_POINT('',(-1.82731360198517,3.165,19.0165231101368));
#6086=CARTESIAN_POINT('',(-1.16280213579041E-15,3.165,18.9573564434702));
#6087=CARTESIAN_POINT('',(1.82731360198516,3.165,18.8981897768035));
#6088=CARTESIAN_POINT('',(2.74097040297775,1.5825,18.8390231101368));
#6089=CARTESIAN_POINT('',(3.65462720397033,1.75508281526985E-15,18.7798564434702));
#6090=CARTESIAN_POINT('',(2.74097040297775,-1.5825,18.7206897768035));
#6091=CARTESIAN_POINT('',(1.82731360198517,-3.165,18.6615231101368));
#6092=CARTESIAN_POINT('',(1.55040284772055E-15,-3.165,18.6023564434702));
#6093=CARTESIAN_POINT('',(-1.82731360198516,-3.165,18.5431897768035));
#6094=CARTESIAN_POINT('',(-2.74097040297775,-1.5825,18.4840231101368));
#6095=CARTESIAN_POINT('',(-3.65462720397033,-8.27386625852661E-15,18.4248564434702));
#6096=CARTESIAN_POINT('',(-2.74097040297775,1.5825,18.3656897768035));
#6097=CARTESIAN_POINT('',(-1.82731360198517,3.165,18.3065231101368));
#6098=CARTESIAN_POINT('',(-7.56017295635248E-15,3.165,18.2473564434702));
#6099=CARTESIAN_POINT('',(1.82731360198516,3.165,18.1881897768035));
#6100=CARTESIAN_POINT('',(2.74097040297775,1.58250000000001,18.1290231101368));
#6101=CARTESIAN_POINT('',(3.65462720397033,9.22908026872405E-15,18.0698564434702));
#6102=CARTESIAN_POINT('',(2.74097040297775,-1.58249999999999,18.0106897768035));
#6103=CARTESIAN_POINT('',(1.82731360198518,-3.16499999999999,17.9515231101368));
#6104=CARTESIAN_POINT('',(2.32560427158082E-15,-3.165,17.8923564434702));
#6105=CARTESIAN_POINT('',(-1.82731360198516,-3.165,17.8331897768035));
#6106=CARTESIAN_POINT('',(-2.74097040297775,-1.58250000000001,17.7740231101368));
#6107=CARTESIAN_POINT('',(-3.65462720397033,-9.08204183727097E-15,17.7148564434702));
#6108=CARTESIAN_POINT('',(-2.74097040297775,1.58249999999999,17.6556897768035));
#6109=CARTESIAN_POINT('',(-1.82731360198518,3.16499999999999,17.5965231101368));
#6110=CARTESIAN_POINT('',(-2.71320498351096E-15,3.165,17.5373564434702));
#6111=CARTESIAN_POINT('',(1.82731360198516,3.165,17.4781897768035));
#6112=CARTESIAN_POINT('',(2.74097040297774,1.58250000000001,17.4190231101368));
#6113=CARTESIAN_POINT('',(3.65462720397033,1.02111556929473E-14,17.3598564434702));
#6114=CARTESIAN_POINT('',(2.74097040297775,-1.58249999999999,17.3006897768035));
#6115=CARTESIAN_POINT('',(1.82731360198518,-3.16499999999999,17.2415231101368));
#6116=CARTESIAN_POINT('',(3.1008056954411E-15,-3.165,17.1823564434702));
#6117=CARTESIAN_POINT('',(-1.82731360198516,-3.165,17.1231897768035));
#6118=CARTESIAN_POINT('',(-2.74097040297774,-1.58250000000001,17.0640231101368));
#6119=CARTESIAN_POINT('',(-3.65462720397033,-9.89021741601533E-15,17.0048564434702));
#6120=CARTESIAN_POINT('',(-2.74097040297775,1.58249999999999,16.9456897768035));
#6121=CARTESIAN_POINT('',(-1.82731360198518,3.16499999999999,16.8865231101368));
#6122=CARTESIAN_POINT('',(-1.47327452007748E-14,3.165,16.8273564434702));
#6123=CARTESIAN_POINT('',(1.82731360198516,3.165,16.7681897768035));
#6124=CARTESIAN_POINT('',(2.74097040297774,1.58250000000001,16.7090231101368));
#6125=CARTESIAN_POINT('',(3.65462720397033,1.11932311171706E-14,16.6498564434702));
#6126=CARTESIAN_POINT('',(2.74097040297775,-1.58249999999999,16.5906897768035));
#6127=CARTESIAN_POINT('',(1.82731360198518,-3.16499999999999,16.5315231101368));
#6128=CARTESIAN_POINT('',(1.5120345912705E-14,-3.165,16.4723564434702));
#6129=CARTESIAN_POINT('',(-1.82731360198516,-3.165,16.4131897768035));
#6130=CARTESIAN_POINT('',(-2.74097040297774,-1.58250000000001,16.3540231101368));
#6131=CARTESIAN_POINT('',(-3.65462720397033,-2.36822370532215E-14,16.2948564434702));
#6132=CARTESIAN_POINT('',(-2.74097040297775,1.58249999999999,16.2356897768035));
#6133=CARTESIAN_POINT('',(-1.82731360198517,3.165,16.1765231101368));
#6134=CARTESIAN_POINT('',(-1.55079466246351E-14,3.165,16.1173564434702));
#6135=CARTESIAN_POINT('',(1.82731360198516,3.165,16.0581897768035));
#6136=CARTESIAN_POINT('',(2.74097040297774,1.58250000000002,15.9990231101368));
#6137=CARTESIAN_POINT('',(3.65462720397033,1.21753065413939E-14,15.9398564434702));
#6138=CARTESIAN_POINT('',(2.74097040297776,-1.58249999999998,15.8806897768035));
#6139=CARTESIAN_POINT('',(1.82731360198518,-3.16499999999999,15.8215231101368));
#6140=CARTESIAN_POINT('',(4.65120854316165E-15,-3.165,15.7623564434702));
#6141=CARTESIAN_POINT('',(-1.82731360198515,-3.16500000000001,15.7031897768035));
#6142=CARTESIAN_POINT('',(-2.74097040297774,-1.58250000000001,15.6440231101368));
#6143=CARTESIAN_POINT('',(-3.65462720397033,-2.44904126319659E-14,15.5848564434702));
#6144=CARTESIAN_POINT('',(-2.74097040297775,1.58249999999999,15.5256897768035));
#6145=CARTESIAN_POINT('',(-1.82731360198517,3.165,15.4665231101368));
#6146=CARTESIAN_POINT('',(-1.62831480484954E-14,3.165,15.4073564434702));
#6147=CARTESIAN_POINT('',(1.82731360198516,3.165,15.3481897768035));
#6148=CARTESIAN_POINT('',(2.74097040297774,1.58250000000002,15.2890231101368));
#6149=CARTESIAN_POINT('',(3.65462720397033,1.31573819656172E-14,15.2298564434702));
#6150=CARTESIAN_POINT('',(2.74097040297776,-1.58249999999998,15.1706897768035));
#6151=CARTESIAN_POINT('',(1.82731360198518,-3.16499999999999,15.1115231101368));
#6152=CARTESIAN_POINT('',(5.42640996702192E-15,-3.165,15.0523564434702));
#6153=CARTESIAN_POINT('',(-1.82731360198515,-3.16500000000001,14.9931897768035));
#6154=CARTESIAN_POINT('',(-2.74097040297774,-1.58250000000001,14.9340231101368));
#6155=CARTESIAN_POINT('',(-3.65462720397033,-2.52985882107102E-14,14.8748564434702));
#6156=CARTESIAN_POINT('',(-2.74097040297776,1.58249999999999,14.8156897768035));
#6157=CARTESIAN_POINT('',(-1.82731360198519,3.16499999999998,14.7565231101368));
#6158=CARTESIAN_POINT('',(-1.70583494723556E-14,3.165,14.6973564434702));
#6159=CARTESIAN_POINT('',(1.82731360198516,3.16500000000001,14.6381897768035));
#6160=CARTESIAN_POINT('',(2.74097040297774,1.58250000000002,14.5790231101368));
#6161=CARTESIAN_POINT('',(3.65462720397033,1.41394573898405E-14,14.5198564434702));
#6162=CARTESIAN_POINT('',(2.74097040297776,-1.58249999999998,14.4606897768035));
#6163=CARTESIAN_POINT('',(1.82731360198518,-3.16499999999999,14.4015231101368));
#6164=CARTESIAN_POINT('',(6.2016113908822E-15,-3.165,14.3423564434702));
#6165=CARTESIAN_POINT('',(-1.82731360198515,-3.16500000000001,14.2831897768035));
#6166=CARTESIAN_POINT('',(-2.74097040297774,-1.58250000000001,14.2240231101368));
#6167=CARTESIAN_POINT('',(-3.65462720397033,-2.61067637894546E-14,14.1648564434702));
#6168=CARTESIAN_POINT('',(-2.74097040297776,1.58249999999999,14.1056897768035));
#6169=CARTESIAN_POINT('',(-1.82731360198519,3.16499999999999,14.0465231101368));
#6170=CARTESIAN_POINT('',(-1.78335508962159E-14,3.165,13.9873564434702));
#6171=CARTESIAN_POINT('',(1.82731360198516,3.16500000000001,13.9281897768035));
#6172=CARTESIAN_POINT('',(2.74097040297774,1.58250000000002,13.8690231101368));
#6173=CARTESIAN_POINT('',(3.65462720397033,1.51215328140638E-14,13.8098564434702));
#6174=CARTESIAN_POINT('',(2.74097040297776,-1.58249999999998,13.7506897768035));
#6175=CARTESIAN_POINT('',(1.82731360198518,-3.16499999999999,13.6915231101368));
#6176=CARTESIAN_POINT('',(2.94654904015496E-14,-3.165,13.6323564434702));
#6177=CARTESIAN_POINT('',(-1.82731360198515,-3.16500000000001,13.5731897768035));
#6178=CARTESIAN_POINT('',(-2.74097040297774,-1.58250000000001,13.5140231101368));
#6179=CARTESIAN_POINT('',(-3.65462720397033,-2.6914939368199E-14,13.4548564434702));
#6180=CARTESIAN_POINT('',(-2.74097040297776,1.58249999999999,13.3956897768035));
#6181=CARTESIAN_POINT('',(-1.82731360198519,3.16499999999998,13.3365231101368));
#6182=CARTESIAN_POINT('',(-1.86087523200762E-14,3.165,13.2773564434702));
#6183=CARTESIAN_POINT('',(1.82731360198513,3.16500000000002,13.2181897768035));
#6184=CARTESIAN_POINT('',(2.74097040297774,1.58250000000002,13.1590231101368));
#6185=CARTESIAN_POINT('',(3.65462720397033,1.6103608238287E-14,13.0998564434702));
#6186=CARTESIAN_POINT('',(2.74097040297776,-1.58249999999998,13.0406897768035));
#6187=CARTESIAN_POINT('',(1.82731360198518,-3.16499999999999,12.9815231101368));
#6188=CARTESIAN_POINT('',(3.02406918254099E-14,-3.165,12.9223564434702));
#6189=CARTESIAN_POINT('',(-1.82731360198514,-3.16500000000001,12.8631897768035));
#6190=CARTESIAN_POINT('',(-2.74097040297774,-1.58250000000001,12.8040231101368));
#6191=CARTESIAN_POINT('',(-3.65462720397033,-2.77231149469433E-14,12.7448564434702));
#6192=CARTESIAN_POINT('',(-2.74097040297776,1.58249999999999,12.6856897768035));
#6193=CARTESIAN_POINT('',(-1.82731360198517,3.165,12.6265231101368));
#6194=CARTESIAN_POINT('',(-4.18726313307436E-14,3.165,12.5673564434702));
#6195=CARTESIAN_POINT('',(1.82731360198513,3.16500000000002,12.5081897768035));
#6196=CARTESIAN_POINT('',(2.74097040297774,1.58250000000002,12.4490231101368));
#6197=CARTESIAN_POINT('',(3.65462720397033,1.70856836625103E-14,12.3898564434702));
#6198=CARTESIAN_POINT('',(2.74097040297775,-1.5825,12.3306897768035));
#6199=CARTESIAN_POINT('',(1.82731360198521,-3.16499999999998,12.2715231101368));
#6200=CARTESIAN_POINT('',(3.10158932492702E-14,-3.165,12.2123564434702));
#6201=CARTESIAN_POINT('',(-1.82731360198514,-3.16500000000001,12.1531897768035));
#6202=CARTESIAN_POINT('',(-2.74097040297774,-1.58250000000001,12.0940231101368));
#6203=CARTESIAN_POINT('',(-3.65462720397033,-2.56360240876402E-15,12.0348564434702));
#6204=CARTESIAN_POINT('',(-2.74097040297777,1.58249999999997,11.9756897768035));
#6205=CARTESIAN_POINT('',(-1.82731360198519,3.16499999999998,11.9165231101368));
#6206=CARTESIAN_POINT('',(-2.01591551677967E-14,3.165,11.8573564434702));
#6207=CARTESIAN_POINT('',(1.82731360198515,3.16500000000001,11.7981897768035));
#6208=CARTESIAN_POINT('',(2.74097040297773,1.58250000000004,11.7390231101368));
#6209=CARTESIAN_POINT('',(3.65462720397033,4.40354472036573E-14,11.6798564434702));
#6210=CARTESIAN_POINT('',(2.74097040297776,-1.58249999999997,11.6206897768035));
#6211=CARTESIAN_POINT('',(1.82731360198518,-3.16499999999999,11.5615231101368));
#6212=CARTESIAN_POINT('',(9.3024170863233E-15,-3.165,11.5023564434702));
#6213=CARTESIAN_POINT('',(-1.82731360198512,-3.16500000000002,11.4431897768035));
#6214=CARTESIAN_POINT('',(-2.74097040297773,-1.58250000000003,11.3840231101368));
#6215=CARTESIAN_POINT('',(-3.65462720397033,-2.9339466104432E-14,11.3248564434702));
#6216=CARTESIAN_POINT('',(-2.74097040297776,1.58249999999999,11.2656897768035));
#6217=CARTESIAN_POINT('',(-1.82731360198517,3.165,11.2065231101368));
#6218=CARTESIAN_POINT('',(-4.34230341784642E-14,3.165,11.1473564434702));
#6219=CARTESIAN_POINT('',(1.82731360198513,3.16500000000002,11.0881897768035));
#6220=CARTESIAN_POINT('',(2.74097040297774,1.58250000000002,11.0290231101368));
#6221=CARTESIAN_POINT('',(3.65462720397033,1.90498345109569E-14,10.9698564434702));
#6222=CARTESIAN_POINT('',(2.74097040297775,-1.58249999999999,10.9106897768035));
#6223=CARTESIAN_POINT('',(1.82731360198521,-3.16499999999997,10.8515231101368));
#6224=CARTESIAN_POINT('',(3.25662960969907E-14,-3.165,10.7923564434702));
#6225=CARTESIAN_POINT('',(-1.82731360198514,-3.16500000000001,10.7331897768035));
#6226=CARTESIAN_POINT('',(-2.74097040297774,-1.58250000000001,10.6740231101368));
#6227=CARTESIAN_POINT('',(-3.65462720397033,-5.61153298001E-14,10.6148564434702));
#6228=CARTESIAN_POINT('',(-2.74097040297777,1.58249999999997,10.5556897768035));
#6229=CARTESIAN_POINT('',(-1.8273136019852,3.16499999999998,10.4965231101368));
#6230=CARTESIAN_POINT('',(-2.17095580155173E-14,3.165,10.4373564434702));
#6231=CARTESIAN_POINT('',(1.82731360198515,3.16500000000001,10.3781897768035));
#6232=CARTESIAN_POINT('',(2.74097040297772,1.58250000000004,10.3190231101368));
#6233=CARTESIAN_POINT('',(3.65462720397033,4.59995980521038E-14,10.2598564434702));
#6234=CARTESIAN_POINT('',(2.74097040297776,-1.58249999999997,10.2006897768035));
#6235=CARTESIAN_POINT('',(1.82731360198519,-3.16499999999999,10.1415231101368));
#6236=CARTESIAN_POINT('',(1.08528199340438E-14,-3.165,10.0823564434702));
#6237=CARTESIAN_POINT('',(-1.82731360198512,-3.16500000000003,10.0231897768035));
#6238=CARTESIAN_POINT('',(-2.74097040297773,-1.58250000000003,9.96402311013684));
#6239=CARTESIAN_POINT('',(-3.65462720397033,-3.09558172619207E-14,9.90485644347017));
#6240=CARTESIAN_POINT('',(-2.74097040297776,1.58249999999999,9.84568977680351));
#6241=CARTESIAN_POINT('',(-1.82731360198517,3.165,9.78652311013684));
#6242=CARTESIAN_POINT('',(-4.49734370261847E-14,3.165,9.72735644347017));
#6243=CARTESIAN_POINT('',(1.82731360198513,3.16500000000002,9.66818977680351));
#6244=CARTESIAN_POINT('',(2.74097040297774,1.58250000000002,9.60902311013684));
#6245=CARTESIAN_POINT('',(3.65462720397033,2.10139853594034E-14,9.54985644347017));
#6246=CARTESIAN_POINT('',(2.74097040297777,-1.58249999999995,9.49068977680351));
#6247=CARTESIAN_POINT('',(1.82731360198521,-3.16499999999997,9.43152311013684));
#6248=CARTESIAN_POINT('',(3.41166989447113E-14,-3.165,9.37235644347017));
#6249=CARTESIAN_POINT('',(-1.82731360198514,-3.16500000000001,9.31318977680351));
#6250=CARTESIAN_POINT('',(-2.74097040297774,-1.58250000000001,9.25402311013684));
#6251=CARTESIAN_POINT('',(-3.65462720397033,-5.77316809575888E-14,9.19485644347018));
#6252=CARTESIAN_POINT('',(-2.74097040297777,1.58249999999997,9.13568977680351));
#6253=CARTESIAN_POINT('',(-1.8273136019852,3.16499999999998,9.07652311013684));
#6254=CARTESIAN_POINT('',(-2.32599608632378E-14,3.165,9.01735644347017));
#6255=CARTESIAN_POINT('',(1.82731360198515,3.16500000000001,8.95818977680351));
#6256=CARTESIAN_POINT('',(2.74097040297772,1.58250000000004,8.89902311013684));
#6257=CARTESIAN_POINT('',(3.65462720397033,4.79637489005504E-14,8.83985644347017));
#6258=CARTESIAN_POINT('',(2.74097040297776,-1.58249999999997,8.78068977680351));
#6259=CARTESIAN_POINT('',(1.82731360198519,-3.16499999999999,8.72152311013684));
#6260=CARTESIAN_POINT('',(1.24032227817644E-14,-3.165,8.66235644347018));
#6261=CARTESIAN_POINT('',(-1.82731360198512,-3.16500000000003,8.60318977680351));
#6262=CARTESIAN_POINT('',(-2.74097040297773,-1.58250000000003,8.54402311013684));
#6263=CARTESIAN_POINT('',(-3.65462720397033,-3.25721684194095E-14,8.48485644347017));
#6264=CARTESIAN_POINT('',(-2.74097040297776,1.58249999999998,8.42568977680351));
#6265=CARTESIAN_POINT('',(-1.82731360198522,3.16499999999997,8.36652311013684));
#6266=CARTESIAN_POINT('',(-4.65238398739053E-14,3.165,8.30735644347017));
#6267=CARTESIAN_POINT('',(1.82731360198513,3.16500000000002,8.24818977680351));
#6268=CARTESIAN_POINT('',(2.74097040297773,1.58250000000003,8.18902311013684));
#6269=CARTESIAN_POINT('',(3.65462720397033,2.297813620785E-14,8.12985644347017));
#6270=CARTESIAN_POINT('',(2.74097040297778,-1.58249999999995,8.07068977680351));
#6271=CARTESIAN_POINT('',(1.82731360198521,-3.16499999999997,8.01152311013684));
#6272=CARTESIAN_POINT('',(3.56671017924318E-14,-3.165,7.95235644347017));
#6273=CARTESIAN_POINT('',(-1.82731360198514,-3.16500000000001,7.89318977680351));
#6274=CARTESIAN_POINT('',(-2.74097040297774,-1.58250000000001,7.83402311013684));
#6275=CARTESIAN_POINT('',(-3.65462720397033,-5.93480321150775E-14,7.77485644347017));
#6276=CARTESIAN_POINT('',(-2.74097040297777,1.58249999999996,7.71568977680351));
#6277=CARTESIAN_POINT('',(-1.8273136019852,3.16499999999998,7.65652311013684));
#6278=CARTESIAN_POINT('',(-2.48103637109584E-14,3.165,7.59735644347017));
#6279=CARTESIAN_POINT('',(1.8273136019851,3.16500000000004,7.53818977680351));
#6280=CARTESIAN_POINT('',(2.74097040297772,1.58250000000005,7.47902311013684));
#6281=CARTESIAN_POINT('',(3.65462720397033,4.99278997489969E-14,7.41985644347018));
#6282=CARTESIAN_POINT('',(2.74097040297776,-1.58249999999997,7.36068977680351));
#6283=CARTESIAN_POINT('',(1.82731360198519,-3.16499999999998,7.30152311013684));
#6284=CARTESIAN_POINT('',(5.89309808030993E-14,-3.165,7.24235644347017));
#6285=CARTESIAN_POINT('',(-1.82731360198512,-3.16500000000003,7.18318977680351));
#6286=CARTESIAN_POINT('',(-2.74097040297773,-1.58250000000003,7.12402311013684));
#6287=CARTESIAN_POINT('',(-3.65462720397033,-3.41885195768982E-14,7.06485644347018));
#6288=CARTESIAN_POINT('',(-2.74097040297776,1.58249999999998,7.00568977680351));
#6289=CARTESIAN_POINT('',(-1.82731360198522,3.16499999999997,6.94652311013684));
#6290=CARTESIAN_POINT('',(-4.80742427216258E-14,3.165,6.88735644347017));
#6291=CARTESIAN_POINT('',(1.82731360198513,3.16500000000002,6.82818977680351));
#6292=CARTESIAN_POINT('',(2.74097040297773,1.58250000000003,6.76902311013684));
#6293=CARTESIAN_POINT('',(3.65462720397033,2.49422870562966E-14,6.70985644347017));
#6294=CARTESIAN_POINT('',(2.74097040297778,-1.58249999999995,6.65068977680351));
#6295=CARTESIAN_POINT('',(1.82731360198521,-3.16499999999997,6.59152311013684));
#6296=CARTESIAN_POINT('',(3.72175046401524E-14,-3.165,6.53235644347018));
#6297=CARTESIAN_POINT('',(-1.82731360198514,-3.16500000000001,6.47318977680351));
#6298=CARTESIAN_POINT('',(-2.74097040297772,-1.58250000000005,6.41402311013684));
#6299=CARTESIAN_POINT('',(-3.65462720397033,-6.09643832725662E-14,6.35485644347017));
#6300=CARTESIAN_POINT('',(-2.74097040297777,1.58249999999996,6.29568977680351));
#6301=CARTESIAN_POINT('',(-1.8273136019852,3.16499999999998,6.23652311013684));
#6302=CARTESIAN_POINT('',(-2.63607665586789E-14,3.165,6.17735644347017));
#6303=CARTESIAN_POINT('',(1.8273136019851,3.16500000000004,6.11818977680351));
#6304=CARTESIAN_POINT('',(2.74097040297772,1.58250000000005,6.05902311013684));
#6305=CARTESIAN_POINT('',(3.65462720397033,5.18920505974435E-14,5.99985644347018));
#6306=CARTESIAN_POINT('',(2.74097040297777,-1.58249999999997,5.94068977680351));
#6307=CARTESIAN_POINT('',(1.82731360198519,-3.16499999999998,5.88152311013684));
#6308=CARTESIAN_POINT('',(6.04813836508198E-14,-3.165,5.82235644347017));
#6309=CARTESIAN_POINT('',(-1.82731360198511,-3.16500000000003,5.76318977680351));
#6310=CARTESIAN_POINT('',(-2.74097040297773,-1.58250000000003,5.70402311013684));
#6311=CARTESIAN_POINT('',(-3.65462720397033,-3.58048707343869E-14,5.64485644347017));
#6312=CARTESIAN_POINT('',(-2.74097040297776,1.58249999999998,5.58568977680351));
#6313=CARTESIAN_POINT('',(-1.82731360198518,3.16499999999999,5.52652311013684));
#6314=CARTESIAN_POINT('',(-4.96246455693464E-14,3.165,5.46735644347017));
#6315=CARTESIAN_POINT('',(1.82731360198508,3.16500000000005,5.40818977680351));
#6316=CARTESIAN_POINT('',(2.74097040297773,1.58250000000003,5.34902311013684));
#6317=CARTESIAN_POINT('',(3.65462720397033,7.88418141385905E-14,5.28985644347017));
#6318=CARTESIAN_POINT('',(2.74097040297775,-1.58249999999999,5.23068977680351));
#6319=CARTESIAN_POINT('',(1.82731360198521,-3.16499999999997,5.17152311013684));
#6320=CARTESIAN_POINT('',(8.37452626614873E-14,-3.165,5.11235644347017));
#6321=CARTESIAN_POINT('',(-1.82731360198514,-3.16500000000002,5.05318977680351));
#6322=CARTESIAN_POINT('',(-2.74097040297772,-1.58250000000005,4.99402311013684));
#6323=CARTESIAN_POINT('',(-3.65462720397033,-1.06453581962076E-14,4.93485644347018));
#6324=CARTESIAN_POINT('',(-2.74097040297777,1.58249999999996,4.87568977680351));
#6325=CARTESIAN_POINT('',(-1.82731360198525,3.16499999999995,4.81652311013684));
#6326=CARTESIAN_POINT('',(-2.79111694063995E-14,3.165,4.75735644347017));
#6327=CARTESIAN_POINT('',(1.8273136019851,3.16500000000004,4.69818977680351));
#6328=CARTESIAN_POINT('',(2.74097040297774,1.58250000000001,4.63902311013684));
#6329=CARTESIAN_POINT('',(3.65462720397033,5.38562014458901E-14,4.57985644347017));
#6330=CARTESIAN_POINT('',(2.74097040297779,-1.58249999999993,4.52068977680351));
#6331=CARTESIAN_POINT('',(1.82731360198519,-3.16499999999998,4.46152311013684));
#6332=CARTESIAN_POINT('',(6.20317864985404E-14,-3.165,4.40235644347018));
#6333=CARTESIAN_POINT('',(-1.82731360198516,-3.165,4.34318977680351));
#6334=CARTESIAN_POINT('',(-2.74097040297773,-1.58250000000004,4.28402311013684));
#6335=CARTESIAN_POINT('',(-3.65462720397033,-8.93565981257229E-14,4.22485644347017));
#6336=CARTESIAN_POINT('',(-2.74097040297776,1.58249999999998,4.16568977680351));
#6337=CARTESIAN_POINT('',(-1.82731360198523,3.16499999999997,4.10652311013684));
#6338=CARTESIAN_POINT('',(-6.19769324345259E-15,3.165,4.04735644347018));
#6339=CARTESIAN_POINT('',(1.82731360198512,3.16500000000003,3.98818977680351));
#6340=CARTESIAN_POINT('',(2.74097040297771,1.58250000000007,3.92902311013684));
#6341=CARTESIAN_POINT('',(3.65462720397033,2.88705887531897E-14,3.86985644347018));
#6342=CARTESIAN_POINT('',(2.74097040297778,-1.58249999999995,3.81068977680351));
#6343=CARTESIAN_POINT('',(1.82731360198526,-3.16499999999994,3.75152311013684));
#6344=CARTESIAN_POINT('',(4.03183103355935E-14,-3.165,3.69235644347017));
#6345=CARTESIAN_POINT('',(-1.82731360198509,-3.16500000000004,3.63318977680351));
#6346=CARTESIAN_POINT('',(-2.74097040297774,-1.58250000000002,3.57402311013684));
#6347=CARTESIAN_POINT('',(-3.65462720397033,-6.41970855875436E-14,3.51485644347017));
#6348=CARTESIAN_POINT('',(-2.7409704029778,1.58249999999992,3.45568977680351));
#6349=CARTESIAN_POINT('',(-1.8273136019852,3.16499999999998,3.39652311013684));
#6350=CARTESIAN_POINT('',(-7.44389274277344E-14,3.165,3.33735644347017));
#6351=CARTESIAN_POINT('',(1.82731360198515,3.16500000000001,3.27818977680351));
#6352=CARTESIAN_POINT('',(2.74097040297772,1.58250000000005,3.21902311013684));
#6353=CARTESIAN_POINT('',(3.65462720397033,1.07755728528184E-13,3.15985644347017));
#6354=CARTESIAN_POINT('',(2.74097040297777,-1.58249999999997,3.10068977680351));
#6355=CARTESIAN_POINT('',(1.82731360198524,-3.16499999999996,3.04152311013684));
#6356=CARTESIAN_POINT('',(1.86048341726466E-14,-3.165,2.98235644347018));
#6357=CARTESIAN_POINT('',(-1.82731360198511,-3.16500000000003,2.92318977680351));
#6358=CARTESIAN_POINT('',(-2.7409704029777,-1.58250000000008,2.86402311013684));
#6359=CARTESIAN_POINT('',(-3.65462720397033,-3.90375730493643E-14,2.80485644347018));
#6360=CARTESIAN_POINT('',(-2.74097040297778,1.58249999999994,2.74568977680351));
#6361=CARTESIAN_POINT('',(-1.82731360198518,3.16499999999999,2.68652311013684));
#6362=CARTESIAN_POINT('',(-5.27254512647875E-14,3.165,2.62735644347017));
#6363=CARTESIAN_POINT('',(1.82731360198508,3.16500000000005,2.56818977680351));
#6364=CARTESIAN_POINT('',(2.74097040297773,1.58250000000003,2.50902311013684));
#6365=CARTESIAN_POINT('',(3.65462720397033,8.27701158354836E-14,2.44985644347017));
#6366=CARTESIAN_POINT('',(2.74097040297776,-1.58249999999998,2.39068977680351));
#6367=CARTESIAN_POINT('',(1.82731360198522,-3.16499999999997,2.33152311013684));
#6368=CARTESIAN_POINT('',(8.68460683569284E-14,-3.165,2.27235644347017));
#6369=CARTESIAN_POINT('',(-1.82731360198513,-3.16500000000002,2.21318977680351));
#6370=CARTESIAN_POINT('',(-2.74097040297771,-1.58250000000006,2.15402311013684));
#6371=CARTESIAN_POINT('',(-3.65462720397033,-1.38780605111851E-14,2.09485644347017));
#6372=CARTESIAN_POINT('',(-2.74097040297777,1.58249999999996,2.03568977680351));
#6373=CARTESIAN_POINT('',(-1.82731360198525,3.16499999999995,1.97652311013684));
#6374=CARTESIAN_POINT('',(-3.10119751018406E-14,3.165,1.91735644347018));
#6375=CARTESIAN_POINT('',(1.8273136019851,3.16500000000004,1.85818977680351));
#6376=CARTESIAN_POINT('',(2.74097040297774,1.58250000000001,1.79902311013684));
#6377=CARTESIAN_POINT('',(3.65462720397033,5.77845031427832E-14,1.73985644347018));
#6378=CARTESIAN_POINT('',(2.74097040297779,-1.58249999999993,1.68068977680351));
#6379=CARTESIAN_POINT('',(1.82731360198519,-3.16499999999998,1.62152311013684));
#6380=CARTESIAN_POINT('',(6.51325921939815E-14,-3.165,1.56235644347017));
#6381=CARTESIAN_POINT('',(-1.82731360198506,-3.16500000000006,1.50318977680351));
#6382=CARTESIAN_POINT('',(-2.74097040297773,-1.58250000000004,1.44402311013684));
#6383=CARTESIAN_POINT('',(-3.65462720397033,-9.25893004407004E-14,1.38485644347017));
#6384=CARTESIAN_POINT('',(-2.74097040297776,1.58249999999998,1.32568977680351));
#6385=CARTESIAN_POINT('',(-1.82731360198523,3.16499999999997,1.26652311013684));
#6386=CARTESIAN_POINT('',(-9.92532092861224E-14,3.165,1.20735644347017));
#6387=CARTESIAN_POINT('',(1.82731360198512,3.16500000000003,1.14818977680351));
#6388=CARTESIAN_POINT('',(2.74097040297771,1.58250000000007,1.08902311013684));
#6389=CARTESIAN_POINT('',(3.65462720397033,3.27988904500829E-14,1.02985644347017));
#6390=CARTESIAN_POINT('',(2.74097040297778,-1.58249999999994,0.970689776803507));
#6391=CARTESIAN_POINT('',(1.82731360198526,-3.16499999999994,0.911523110136842));
#6392=CARTESIAN_POINT('',(4.34191160310346E-14,-3.165,0.852356443470176));
#6393=CARTESIAN_POINT('',(-1.66235240952638,2.69328971084468,19.02));
#6394=CARTESIAN_POINT('',(-2.32959997766927,-1.45189150560341,19.44));
#6395=CARTESIAN_POINT('',(-2.80341214752491,-0.824842012372089,19.3695500956286));
#6396=CARTESIAN_POINT('',(-3.18634177388612,0.809565216164282,19.2116429472424));
#6397=CARTESIAN_POINT('',(-2.29142781015663,2.22376186522935,19.0891404447202));
#6398=CARTESIAN_POINT('',(-1.66235240952627,2.69328971084474,19.02));
#6399=CARTESIAN_POINT('',(0.,0.,20.32));
#6400=CARTESIAN_POINT('',(0.,0.,19.44));
#6401=CARTESIAN_POINT('',(-2.51254955439107,1.10549524500526,19.44));
#6402=CARTESIAN_POINT('',(0.,-2.745,20.3751564434702));
#6403=CARTESIAN_POINT('',(-1.58482648892552,-2.745,20.3159897768035));
#6404=CARTESIAN_POINT('',(-2.37723973338828,-1.3725,20.2568231101368));
#6405=CARTESIAN_POINT('',(-3.16965297785105,-1.79102504196603E-16,20.1976564434702));
#6406=CARTESIAN_POINT('',(-2.37723973338828,1.3725,20.1384897768035));
#6407=CARTESIAN_POINT('',(-1.58482648892552,2.745,20.0793231101368));
#6408=CARTESIAN_POINT('',(-3.36165546365948E-16,2.745,20.0201564434702));
#6409=CARTESIAN_POINT('',(1.58482648892552,2.745,19.9609897768035));
#6410=CARTESIAN_POINT('',(2.37723973338828,1.3725,19.9018231101368));
#6411=CARTESIAN_POINT('',(3.16965297785105,6.4071353191976E-16,19.8426564434702));
#6412=CARTESIAN_POINT('',(2.37723973338829,-1.3725,19.7834897768035));
#6413=CARTESIAN_POINT('',(1.58482648892552,-2.745,19.7243231101368));
#6414=CARTESIAN_POINT('',(6.72331092731897E-16,-2.745,19.6651564434702));
#6415=CARTESIAN_POINT('',(-1.58482648892552,-2.745,19.6059897768035));
#6416=CARTESIAN_POINT('',(-2.37723973338828,-1.3725,19.5468231101368));
#6417=CARTESIAN_POINT('',(-3.16965297785105,-3.68371102906931E-15,19.4876564434702));
#6418=CARTESIAN_POINT('',(-2.37723973338829,1.3725,19.4284897768035));
#6419=CARTESIAN_POINT('',(-1.58482648892553,2.745,19.3693231101368));
#6420=CARTESIAN_POINT('',(-1.00849663909785E-15,2.745,19.3101564434702));
#6421=CARTESIAN_POINT('',(1.58482648892552,2.745,19.2509897768035));
#6422=CARTESIAN_POINT('',(2.37723973338828,1.3725,19.1918231101368));
#6423=CARTESIAN_POINT('',(3.16965297785105,1.50400452940585E-15,19.1326564434702));
#6424=CARTESIAN_POINT('',(2.37723973338829,-1.3725,19.0734897768035));
#6425=CARTESIAN_POINT('',(1.58482648892553,-2.745,19.0143231101368));
#6426=CARTESIAN_POINT('',(1.34466218546379E-15,-2.745,18.9551564434702));
#6427=CARTESIAN_POINT('',(-1.58482648892552,-2.745,18.8959897768035));
#6428=CARTESIAN_POINT('',(-2.37723973338828,-1.3725,18.8368231101368));
#6429=CARTESIAN_POINT('',(-3.16965297785105,-7.18831955394202E-15,18.7776564434702));
#6430=CARTESIAN_POINT('',(-2.37723973338829,1.3725,18.7184897768035));
#6431=CARTESIAN_POINT('',(-1.58482648892553,2.745,18.6593231101368));
#6432=CARTESIAN_POINT('',(-6.55692725598343E-15,2.745,18.6001564434702));
#6433=CARTESIAN_POINT('',(1.58482648892552,2.745,18.5409897768035));
#6434=CARTESIAN_POINT('',(2.37723973338828,1.3725,18.4818231101368));
#6435=CARTESIAN_POINT('',(3.16965297785105,7.99773027262302E-15,18.4226564434702));
#6436=CARTESIAN_POINT('',(2.37723973338829,-1.37249999999999,18.3634897768035));
#6437=CARTESIAN_POINT('',(1.58482648892553,-2.74499999999999,18.3043231101368));
#6438=CARTESIAN_POINT('',(2.01699327819569E-15,-2.745,18.2451564434702));
#6439=CARTESIAN_POINT('',(-1.58482648892552,-2.745,18.1859897768035));
#6440=CARTESIAN_POINT('',(-2.37723973338828,-1.3725,18.1268231101368));
#6441=CARTESIAN_POINT('',(-3.16965297785105,-7.87771070594919E-15,18.0676564434702));
#6442=CARTESIAN_POINT('',(-2.37723973338829,1.37249999999999,18.0084897768035));
#6443=CARTESIAN_POINT('',(-1.58482648892553,2.74499999999999,17.9493231101368));
#6444=CARTESIAN_POINT('',(-2.35315882456164E-15,2.745,17.8901564434702));
#6445=CARTESIAN_POINT('',(1.58482648892552,2.745,17.8309897768035));
#6446=CARTESIAN_POINT('',(2.37723973338828,1.3725,17.7718231101368));
#6447=CARTESIAN_POINT('',(3.16965297785105,8.86102127010912E-15,17.7126564434702));
#6448=CARTESIAN_POINT('',(2.37723973338829,-1.37249999999999,17.6534897768035));
#6449=CARTESIAN_POINT('',(1.58482648892553,-2.74499999999999,17.5943231101368));
#6450=CARTESIAN_POINT('',(2.68932437092759E-15,-2.745,17.5351564434702));
#6451=CARTESIAN_POINT('',(-1.58482648892552,-2.745,17.4759897768035));
#6452=CARTESIAN_POINT('',(-2.37723973338828,-1.3725,17.4168231101368));
#6453=CARTESIAN_POINT('',(-3.16965297785105,-8.56710185795636E-15,17.3576564434702));
#6454=CARTESIAN_POINT('',(-2.37723973338829,1.37249999999999,17.2984897768035));
#6455=CARTESIAN_POINT('',(-1.58482648892553,2.74499999999999,17.2393231101368));
#6456=CARTESIAN_POINT('',(-1.27776889656009E-14,2.745,17.1801564434702));
#6457=CARTESIAN_POINT('',(1.58482648892552,2.745,17.1209897768035));
#6458=CARTESIAN_POINT('',(2.37723973338828,1.37250000000001,17.0618231101368));
#6459=CARTESIAN_POINT('',(3.16965297785105,9.72431226759521E-15,17.0026564434702));
#6460=CARTESIAN_POINT('',(2.37723973338829,-1.37249999999999,16.9434897768035));
#6461=CARTESIAN_POINT('',(1.58482648892553,-2.74499999999999,16.8843231101368));
#6462=CARTESIAN_POINT('',(1.31138545119669E-14,-2.745,16.8251564434702));
#6463=CARTESIAN_POINT('',(-1.58482648892552,-2.745,16.7659897768035));
#6464=CARTESIAN_POINT('',(-2.37723973338828,-1.37250000000001,16.7068231101368));
#6465=CARTESIAN_POINT('',(-3.16965297785105,-2.05173625014257E-14,16.6476564434702));
#6466=CARTESIAN_POINT('',(-2.37723973338829,1.37249999999999,16.5884897768035));
#6467=CARTESIAN_POINT('',(-1.58482648892552,2.745,16.5293231101368));
#6468=CARTESIAN_POINT('',(-1.34500200583328E-14,2.745,16.4701564434702));
#6469=CARTESIAN_POINT('',(1.58482648892552,2.745,16.4109897768035));
#6470=CARTESIAN_POINT('',(2.37723973338828,1.37250000000001,16.3518231101368));
#6471=CARTESIAN_POINT('',(3.16965297785105,1.05876032650813E-14,16.2926564434702));
#6472=CARTESIAN_POINT('',(2.37723973338829,-1.37249999999998,16.2334897768035));
#6473=CARTESIAN_POINT('',(1.58482648892553,-2.74499999999999,16.1743231101368));
#6474=CARTESIAN_POINT('',(4.03398655639138E-15,-2.745,16.1151564434702));
#6475=CARTESIAN_POINT('',(-1.58482648892551,-2.74500000000001,16.0559897768035));
#6476=CARTESIAN_POINT('',(-2.37723973338828,-1.37250000000001,15.9968231101368));
#6477=CARTESIAN_POINT('',(-3.16965297785105,-2.12067536534328E-14,15.9376564434702));
#6478=CARTESIAN_POINT('',(-2.37723973338829,1.37249999999999,15.8784897768035));
#6479=CARTESIAN_POINT('',(-1.58482648892553,2.745,15.8193231101368));
#6480=CARTESIAN_POINT('',(-1.41223511510647E-14,2.745,15.7601564434702));
#6481=CARTESIAN_POINT('',(1.58482648892552,2.745,15.7009897768035));
#6482=CARTESIAN_POINT('',(2.37723973338828,1.37250000000002,15.6418231101368));
#6483=CARTESIAN_POINT('',(3.16965297785105,1.14508942625674E-14,15.5826564434702));
#6484=CARTESIAN_POINT('',(2.37723973338829,-1.37249999999998,15.5234897768035));
#6485=CARTESIAN_POINT('',(1.58482648892554,-2.74499999999999,15.4643231101368));
#6486=CARTESIAN_POINT('',(4.70631764912328E-15,-2.745,15.4051564434702));
#6487=CARTESIAN_POINT('',(-1.58482648892551,-2.74500000000001,15.3459897768035));
#6488=CARTESIAN_POINT('',(-2.37723973338828,-1.37250000000001,15.2868231101368));
#6489=CARTESIAN_POINT('',(-3.16965297785105,-2.189614480544E-14,15.2276564434702));
#6490=CARTESIAN_POINT('',(-2.37723973338829,1.37249999999999,15.1684897768035));
#6491=CARTESIAN_POINT('',(-1.58482648892555,2.74499999999999,15.1093231101368));
#6492=CARTESIAN_POINT('',(-1.47946822437966E-14,2.745,15.0501564434702));
#6493=CARTESIAN_POINT('',(1.58482648892552,2.745,14.9909897768035));
#6494=CARTESIAN_POINT('',(2.37723973338828,1.37250000000002,14.9318231101368));
#6495=CARTESIAN_POINT('',(3.16965297785105,1.23141852600535E-14,14.8726564434702));
#6496=CARTESIAN_POINT('',(2.3772397333883,-1.37249999999998,14.8134897768035));
#6497=CARTESIAN_POINT('',(1.58482648892554,-2.74499999999999,14.7543231101368));
#6498=CARTESIAN_POINT('',(5.37864874185518E-15,-2.745,14.6951564434702));
#6499=CARTESIAN_POINT('',(-1.58482648892551,-2.74500000000001,14.6359897768035));
#6500=CARTESIAN_POINT('',(-2.37723973338828,-1.37250000000001,14.5768231101368));
#6501=CARTESIAN_POINT('',(-3.16965297785105,-2.25855359574472E-14,14.5176564434702));
#6502=CARTESIAN_POINT('',(-2.37723973338829,1.37249999999999,14.4584897768035));
#6503=CARTESIAN_POINT('',(-1.58482648892555,2.74499999999999,14.3993231101368));
#6504=CARTESIAN_POINT('',(-1.54670133365285E-14,2.745,14.3401564434702));
#6505=CARTESIAN_POINT('',(1.58482648892552,2.74500000000001,14.2809897768035));
#6506=CARTESIAN_POINT('',(2.37723973338827,1.37250000000002,14.2218231101368));
#6507=CARTESIAN_POINT('',(3.16965297785105,1.31774762575396E-14,14.1626564434702));
#6508=CARTESIAN_POINT('',(2.3772397333883,-1.37249999999998,14.1034897768035));
#6509=CARTESIAN_POINT('',(1.58482648892554,-2.74499999999999,14.0443231101368));
#6510=CARTESIAN_POINT('',(2.55553779312018E-14,-2.745,13.9851564434702));
#6511=CARTESIAN_POINT('',(-1.58482648892551,-2.74500000000001,13.9259897768035));
#6512=CARTESIAN_POINT('',(-2.37723973338828,-1.37250000000001,13.8668231101368));
#6513=CARTESIAN_POINT('',(-3.16965297785105,-2.32749271094544E-14,13.8076564434702));
#6514=CARTESIAN_POINT('',(-2.37723973338829,1.37249999999999,13.7484897768035));
#6515=CARTESIAN_POINT('',(-1.58482648892555,2.74499999999999,13.6893231101368));
#6516=CARTESIAN_POINT('',(-1.61393444292604E-14,2.745,13.6301564434702));
#6517=CARTESIAN_POINT('',(1.58482648892549,2.74500000000002,13.5709897768035));
#6518=CARTESIAN_POINT('',(2.37723973338827,1.37250000000002,13.5118231101368));
#6519=CARTESIAN_POINT('',(3.16965297785105,1.40407672550257E-14,13.4526564434702));
#6520=CARTESIAN_POINT('',(2.3772397333883,-1.37249999999998,13.3934897768035));
#6521=CARTESIAN_POINT('',(1.58482648892554,-2.74499999999999,13.3343231101368));
#6522=CARTESIAN_POINT('',(2.62277090239337E-14,-2.745,13.2751564434702));
#6523=CARTESIAN_POINT('',(-1.5848264889255,-2.74500000000001,13.2159897768035));
#6524=CARTESIAN_POINT('',(-2.37723973338828,-1.37250000000001,13.1568231101368));
#6525=CARTESIAN_POINT('',(-3.16965297785105,-2.39643182614615E-14,13.0976564434702));
#6526=CARTESIAN_POINT('',(-2.37723973338829,1.37249999999999,13.0384897768035));
#6527=CARTESIAN_POINT('',(-1.58482648892553,2.745,12.9793231101368));
#6528=CARTESIAN_POINT('',(-3.6316073618607E-14,2.745,12.9201564434702));
#6529=CARTESIAN_POINT('',(1.58482648892549,2.74500000000002,12.8609897768035));
#6530=CARTESIAN_POINT('',(2.37723973338827,1.37250000000002,12.8018231101368));
#6531=CARTESIAN_POINT('',(3.16965297785105,1.49040582525118E-14,12.7426564434702));
#6532=CARTESIAN_POINT('',(2.37723973338829,-1.3725,12.6834897768035));
#6533=CARTESIAN_POINT('',(1.58482648892556,-2.74499999999998,12.6243231101368));
#6534=CARTESIAN_POINT('',(2.69000401166656E-14,-2.745,12.5651564434702));
#6535=CARTESIAN_POINT('',(-1.5848264889255,-2.74500000000001,12.5059897768035));
#6536=CARTESIAN_POINT('',(-2.37723973338828,-1.37250000000001,12.4468231101368));
#6537=CARTESIAN_POINT('',(-3.16965297785105,-2.1319704305444E-15,12.3876564434702));
#6538=CARTESIAN_POINT('',(-2.3772397333883,1.37249999999997,12.3284897768035));
#6539=CARTESIAN_POINT('',(-1.58482648892555,2.74499999999999,12.2693231101368));
#6540=CARTESIAN_POINT('',(-1.74840066147242E-14,2.745,12.2101564434702));
#6541=CARTESIAN_POINT('',(1.58482648892551,2.74500000000001,12.1509897768035));
#6542=CARTESIAN_POINT('',(2.37723973338826,1.37250000000004,12.0918231101368));
#6543=CARTESIAN_POINT('',(3.16965297785105,3.82890882329222E-14,12.0326564434702));
#6544=CARTESIAN_POINT('',(2.3772397333883,-1.37249999999998,11.9734897768035));
#6545=CARTESIAN_POINT('',(1.58482648892554,-2.74499999999999,11.9143231101368));
#6546=CARTESIAN_POINT('',(8.06797311278276E-15,-2.745,11.8551564434702));
#6547=CARTESIAN_POINT('',(-1.58482648892548,-2.74500000000002,11.7959897768035));
#6548=CARTESIAN_POINT('',(-2.37723973338827,-1.37250000000003,11.7368231101368));
#6549=CARTESIAN_POINT('',(-3.16965297785105,-2.53431005654759E-14,11.6776564434702));
#6550=CARTESIAN_POINT('',(-2.37723973338829,1.37249999999999,11.6184897768035));
#6551=CARTESIAN_POINT('',(-1.58482648892553,2.745,11.5593231101368));
#6552=CARTESIAN_POINT('',(-3.76607358040708E-14,2.745,11.5001564434702));
#6553=CARTESIAN_POINT('',(1.58482648892549,2.74500000000002,11.4409897768035));
#6554=CARTESIAN_POINT('',(2.37723973338827,1.37250000000002,11.3818231101368));
#6555=CARTESIAN_POINT('',(3.16965297785105,1.6630640247484E-14,11.3226564434702));
#6556=CARTESIAN_POINT('',(2.37723973338829,-1.37249999999999,11.2634897768035));
#6557=CARTESIAN_POINT('',(1.58482648892556,-2.74499999999998,11.2043231101368));
#6558=CARTESIAN_POINT('',(2.82447023021294E-14,-2.745,11.1451564434702));
#6559=CARTESIAN_POINT('',(-1.5848264889255,-2.74500000000001,11.0859897768035));
#6560=CARTESIAN_POINT('',(-2.37723973338828,-1.37250000000001,11.0268231101368));
#6561=CARTESIAN_POINT('',(-3.16965297785105,-4.85542307004073E-14,10.9676564434702));
#6562=CARTESIAN_POINT('',(-2.3772397333883,1.37249999999997,10.9084897768035));
#6563=CARTESIAN_POINT('',(-1.58482648892555,2.74499999999999,10.8493231101368));
#6564=CARTESIAN_POINT('',(-1.8828668800188E-14,2.745,10.7901564434702));
#6565=CARTESIAN_POINT('',(1.58482648892551,2.74500000000001,10.7309897768035));
#6566=CARTESIAN_POINT('',(2.37723973338826,1.37250000000004,10.6718231101368));
#6567=CARTESIAN_POINT('',(3.16965297785105,4.00156702278944E-14,10.6126564434702));
#6568=CARTESIAN_POINT('',(2.3772397333883,-1.37249999999998,10.5534897768035));
#6569=CARTESIAN_POINT('',(1.58482648892554,-2.74499999999999,10.4943231101368));
#6570=CARTESIAN_POINT('',(9.41263529824656E-15,-2.745,10.4351564434702));
#6571=CARTESIAN_POINT('',(-1.58482648892548,-2.74500000000002,10.3759897768035));
#6572=CARTESIAN_POINT('',(-2.37723973338827,-1.37250000000003,10.3168231101368));
#6573=CARTESIAN_POINT('',(-3.16965297785105,-2.67218828694902E-14,10.2576564434702));
#6574=CARTESIAN_POINT('',(-2.37723973338829,1.37249999999999,10.1984897768035));
#6575=CARTESIAN_POINT('',(-1.58482648892553,2.745,10.1393231101368));
#6576=CARTESIAN_POINT('',(-3.90053979895346E-14,2.745,10.0801564434702));
#6577=CARTESIAN_POINT('',(1.58482648892549,2.74500000000002,10.0209897768035));
#6578=CARTESIAN_POINT('',(2.37723973338827,1.37250000000002,9.96182311013684));
#6579=CARTESIAN_POINT('',(3.16965297785105,1.83572222424561E-14,9.90265644347017));
#6580=CARTESIAN_POINT('',(2.37723973338831,-1.37249999999996,9.84348977680351));
#6581=CARTESIAN_POINT('',(1.58482648892556,-2.74499999999998,9.78432311013684));
#6582=CARTESIAN_POINT('',(2.95893644875932E-14,-2.745,9.72515644347017));
#6583=CARTESIAN_POINT('',(-1.5848264889255,-2.74500000000001,9.66598977680351));
#6584=CARTESIAN_POINT('',(-2.37723973338828,-1.37250000000001,9.60682311013684));
#6585=CARTESIAN_POINT('',(-3.16965297785105,-4.99330130044217E-14,9.54765644347018));
#6586=CARTESIAN_POINT('',(-2.3772397333883,1.37249999999997,9.48848977680351));
#6587=CARTESIAN_POINT('',(-1.58482648892555,2.74499999999999,9.42932311013684));
#6588=CARTESIAN_POINT('',(-2.01733309856518E-14,2.745,9.37015644347017));
#6589=CARTESIAN_POINT('',(1.58482648892551,2.74500000000001,9.31098977680351));
#6590=CARTESIAN_POINT('',(2.37723973338826,1.37250000000004,9.25182311013684));
#6591=CARTESIAN_POINT('',(3.16965297785105,4.17422522228665E-14,9.19265644347018));
#6592=CARTESIAN_POINT('',(2.3772397333883,-1.37249999999998,9.13348977680351));
#6593=CARTESIAN_POINT('',(1.58482648892554,-2.74499999999999,9.07432311013684));
#6594=CARTESIAN_POINT('',(1.07572974837104E-14,-2.745,9.01515644347018));
#6595=CARTESIAN_POINT('',(-1.58482648892548,-2.74500000000002,8.95598977680351));
#6596=CARTESIAN_POINT('',(-2.37723973338827,-1.37250000000003,8.89682311013684));
#6597=CARTESIAN_POINT('',(-3.16965297785105,-2.81006651735045E-14,8.83765644347018));
#6598=CARTESIAN_POINT('',(-2.37723973338829,1.37249999999999,8.77848977680351));
#6599=CARTESIAN_POINT('',(-1.58482648892557,2.74499999999997,8.71932311013684));
#6600=CARTESIAN_POINT('',(-4.03500601749984E-14,2.745,8.66015644347017));
#6601=CARTESIAN_POINT('',(1.58482648892549,2.74500000000002,8.60098977680351));
#6602=CARTESIAN_POINT('',(2.37723973338827,1.37250000000002,8.54182311013684));
#6603=CARTESIAN_POINT('',(3.16965297785105,2.00838042374283E-14,8.48265644347017));
#6604=CARTESIAN_POINT('',(2.37723973338831,-1.37249999999996,8.42348977680351));
#6605=CARTESIAN_POINT('',(1.58482648892556,-2.74499999999998,8.36432311013684));
#6606=CARTESIAN_POINT('',(3.0934026673057E-14,-2.745,8.30515644347017));
#6607=CARTESIAN_POINT('',(-1.5848264889255,-2.74500000000001,8.24598977680351));
#6608=CARTESIAN_POINT('',(-2.37723973338828,-1.37250000000001,8.18682311013684));
#6609=CARTESIAN_POINT('',(-3.16965297785105,-5.1311795308436E-14,8.12765644347017));
#6610=CARTESIAN_POINT('',(-2.3772397333883,1.37249999999997,8.06848977680351));
#6611=CARTESIAN_POINT('',(-1.58482648892555,2.74499999999998,8.00932311013684));
#6612=CARTESIAN_POINT('',(-2.15179931711156E-14,2.745,7.95015644347018));
#6613=CARTESIAN_POINT('',(1.58482648892547,2.74500000000003,7.89098977680351));
#6614=CARTESIAN_POINT('',(2.37723973338826,1.37250000000004,7.83182311013684));
#6615=CARTESIAN_POINT('',(3.16965297785105,4.34688342178387E-14,7.77265644347017));
#6616=CARTESIAN_POINT('',(2.3772397333883,-1.37249999999997,7.71348977680351));
#6617=CARTESIAN_POINT('',(1.58482648892554,-2.74499999999999,7.65432311013684));
#6618=CARTESIAN_POINT('',(5.11107558624036E-14,-2.745,7.59515644347017));
#6619=CARTESIAN_POINT('',(-1.58482648892548,-2.74500000000002,7.53598977680351));
#6620=CARTESIAN_POINT('',(-2.37723973338827,-1.37250000000003,7.47682311013684));
#6621=CARTESIAN_POINT('',(-3.16965297785105,-2.94794474775189E-14,7.41765644347018));
#6622=CARTESIAN_POINT('',(-2.37723973338829,1.37249999999999,7.35848977680351));
#6623=CARTESIAN_POINT('',(-1.58482648892557,2.74499999999997,7.29932311013684));
#6624=CARTESIAN_POINT('',(-4.16947223604622E-14,2.745,7.24015644347018));
#6625=CARTESIAN_POINT('',(1.58482648892549,2.74500000000002,7.18098977680351));
#6626=CARTESIAN_POINT('',(2.37723973338827,1.37250000000002,7.12182311013684));
#6627=CARTESIAN_POINT('',(3.16965297785105,2.18103862324005E-14,7.06265644347017));
#6628=CARTESIAN_POINT('',(2.37723973338831,-1.37249999999996,7.00348977680351));
#6629=CARTESIAN_POINT('',(1.58482648892556,-2.74499999999997,6.94432311013684));
#6630=CARTESIAN_POINT('',(3.22786888585208E-14,-2.745,6.88515644347018));
#6631=CARTESIAN_POINT('',(-1.5848264889255,-2.74500000000001,6.82598977680351));
#6632=CARTESIAN_POINT('',(-2.37723973338826,-1.37250000000005,6.76682311013684));
#6633=CARTESIAN_POINT('',(-3.16965297785105,-5.26905776124504E-14,6.70765644347017));
#6634=CARTESIAN_POINT('',(-2.3772397333883,1.37249999999997,6.64848977680351));
#6635=CARTESIAN_POINT('',(-1.58482648892555,2.74499999999998,6.58932311013684));
#6636=CARTESIAN_POINT('',(-2.28626553565794E-14,2.745,6.53015644347017));
#6637=CARTESIAN_POINT('',(1.58482648892547,2.74500000000003,6.47098977680351));
#6638=CARTESIAN_POINT('',(2.37723973338826,1.37250000000004,6.41182311013684));
#6639=CARTESIAN_POINT('',(3.16965297785105,4.51954162128109E-14,6.35265644347018));
#6640=CARTESIAN_POINT('',(2.3772397333883,-1.37249999999997,6.29348977680351));
#6641=CARTESIAN_POINT('',(1.58482648892554,-2.74499999999999,6.23432311013684));
#6642=CARTESIAN_POINT('',(5.24554180478674E-14,-2.745,6.17515644347017));
#6643=CARTESIAN_POINT('',(-1.58482648892548,-2.74500000000002,6.11598977680351));
#6644=CARTESIAN_POINT('',(-2.37723973338827,-1.37250000000003,6.05682311013684));
#6645=CARTESIAN_POINT('',(-3.16965297785105,-3.08582297815332E-14,5.99765644347017));
#6646=CARTESIAN_POINT('',(-2.37723973338829,1.37249999999998,5.93848977680351));
#6647=CARTESIAN_POINT('',(-1.58482648892553,2.74499999999999,5.87932311013684));
#6648=CARTESIAN_POINT('',(-4.3039384545926E-14,2.745,5.82015644347018));
#6649=CARTESIAN_POINT('',(1.58482648892545,2.74500000000004,5.76098977680351));
#6650=CARTESIAN_POINT('',(2.37723973338827,1.37250000000002,5.70182311013684));
#6651=CARTESIAN_POINT('',(3.16965297785105,6.85804461932213E-14,5.64265644347017));
#6652=CARTESIAN_POINT('',(2.37723973338829,-1.37249999999999,5.58348977680351));
#6653=CARTESIAN_POINT('',(1.58482648892556,-2.74499999999997,5.52432311013684));
#6654=CARTESIAN_POINT('',(7.26321472372141E-14,-2.745,5.46515644347017));
#6655=CARTESIAN_POINT('',(-1.5848264889255,-2.74500000000001,5.40598977680351));
#6656=CARTESIAN_POINT('',(-2.37723973338826,-1.37250000000005,5.34682311013684));
#6657=CARTESIAN_POINT('',(-3.16965297785105,-9.02588195061609E-15,5.28765644347017));
#6658=CARTESIAN_POINT('',(-2.3772397333883,1.37249999999997,5.22848977680351));
#6659=CARTESIAN_POINT('',(-1.58482648892559,2.74499999999996,5.16932311013684));
#6660=CARTESIAN_POINT('',(-2.42073175420432E-14,2.745,5.11015644347018));
#6661=CARTESIAN_POINT('',(1.58482648892547,2.74500000000003,5.05098977680351));
#6662=CARTESIAN_POINT('',(2.37723973338828,1.37250000000001,4.99182311013684));
#6663=CARTESIAN_POINT('',(3.16965297785105,4.69219982077831E-14,4.93265644347017));
#6664=CARTESIAN_POINT('',(2.37723973338832,-1.37249999999994,4.87348977680351));
#6665=CARTESIAN_POINT('',(1.58482648892555,-2.74499999999999,4.81432311013684));
#6666=CARTESIAN_POINT('',(5.38000802333312E-14,-2.745,4.75515644347018));
#6667=CARTESIAN_POINT('',(-1.58482648892552,-2.745,4.69598977680351));
#6668=CARTESIAN_POINT('',(-2.37723973338827,-1.37250000000003,4.63682311013684));
#6669=CARTESIAN_POINT('',(-3.16965297785105,-7.72804900513962E-14,4.57765644347017));
#6670=CARTESIAN_POINT('',(-2.3772397333883,1.37249999999998,4.51848977680351));
#6671=CARTESIAN_POINT('',(-1.58482648892557,2.74499999999997,4.45932311013684));
#6672=CARTESIAN_POINT('',(-5.3752505381603E-15,2.745,4.40015644347018));
#6673=CARTESIAN_POINT('',(1.58482648892549,2.74500000000002,4.34098977680351));
#6674=CARTESIAN_POINT('',(2.37723973338825,1.37250000000006,4.28182311013684));
#6675=CARTESIAN_POINT('',(3.16965297785105,2.52635502223449E-14,4.22265644347018));
#6676=CARTESIAN_POINT('',(2.37723973338831,-1.37249999999995,4.16348977680351));
#6677=CARTESIAN_POINT('',(1.5848264889256,-2.74499999999995,4.10432311013684));
#6678=CARTESIAN_POINT('',(3.49680132294484E-14,-2.745,4.04515644347017));
#6679=CARTESIAN_POINT('',(-1.58482648892546,-2.74500000000004,3.98598977680351));
#6680=CARTESIAN_POINT('',(-2.37723973338827,-1.37250000000001,3.92682311013684));
#6681=CARTESIAN_POINT('',(-3.16965297785105,-5.5448142220479E-14,3.86765644347017));
#6682=CARTESIAN_POINT('',(-2.37723973338832,1.37249999999993,3.80848977680351));
#6683=CARTESIAN_POINT('',(-1.58482648892556,2.74499999999998,3.74932311013684));
#6684=CARTESIAN_POINT('',(-6.45607759207365E-14,2.745,3.69015644347017));
#6685=CARTESIAN_POINT('',(1.58482648892551,2.74500000000001,3.63098977680351));
#6686=CARTESIAN_POINT('',(2.37723973338826,1.37250000000004,3.57182311013684));
#6687=CARTESIAN_POINT('',(3.16965297785105,9.36920581686039E-14,3.51265644347017));
#6688=CARTESIAN_POINT('',(2.3772397333883,-1.37249999999997,3.45348977680351));
#6689=CARTESIAN_POINT('',(1.58482648892559,-2.74499999999996,3.39432311013684));
#6690=CARTESIAN_POINT('',(1.61359462255655E-14,-2.745,3.33515644347018));
#6691=CARTESIAN_POINT('',(-1.58482648892548,-2.74500000000002,3.27598977680351));
#6692=CARTESIAN_POINT('',(-2.37723973338824,-1.37250000000007,3.21682311013684));
#6693=CARTESIAN_POINT('',(-3.16965297785105,-3.36157943895619E-14,3.15765644347018));
#6694=CARTESIAN_POINT('',(-2.37723973338832,1.37249999999995,3.09848977680351));
#6695=CARTESIAN_POINT('',(-1.58482648892554,2.74499999999999,3.03932311013684));
#6696=CARTESIAN_POINT('',(-4.57287089168536E-14,2.745,2.98015644347017));
#6697=CARTESIAN_POINT('',(1.58482648892545,2.74500000000005,2.92098977680351));
#6698=CARTESIAN_POINT('',(2.37723973338827,1.37250000000003,2.86182311013684));
#6699=CARTESIAN_POINT('',(3.16965297785105,7.20336101831657E-14,2.80265644347017));
#6700=CARTESIAN_POINT('',(2.37723973338829,-1.37249999999999,2.74348977680351));
#6701=CARTESIAN_POINT('',(1.58482648892557,-2.74499999999997,2.68432311013684));
#6702=CARTESIAN_POINT('',(7.53214716081417E-14,-2.745,2.62515644347017));
#6703=CARTESIAN_POINT('',(-1.58482648892549,-2.74500000000001,2.56598977680351));
#6704=CARTESIAN_POINT('',(-2.37723973338825,-1.37250000000005,2.50682311013684));
#6705=CARTESIAN_POINT('',(-3.16965297785105,-1.17834465586448E-14,2.44765644347017));
#6706=CARTESIAN_POINT('',(-2.37723973338831,1.37249999999996,2.38848977680351));
#6707=CARTESIAN_POINT('',(-1.5848264889256,2.74499999999996,2.32932311013684));
#6708=CARTESIAN_POINT('',(-2.68966419129707E-14,2.745,2.27015644347018));
#6709=CARTESIAN_POINT('',(1.58482648892546,2.74500000000004,2.21098977680351));
#6710=CARTESIAN_POINT('',(2.37723973338828,1.37250000000001,2.15182311013684));
#6711=CARTESIAN_POINT('',(3.16965297785105,5.03751621977275E-14,2.09265644347018));
#6712=CARTESIAN_POINT('',(2.37723973338832,-1.37249999999993,2.03348977680351));
#6713=CARTESIAN_POINT('',(1.58482648892555,-2.74499999999998,1.97432311013684));
#6714=CARTESIAN_POINT('',(5.64894046042588E-14,-2.745,1.91515644347017));
#6715=CARTESIAN_POINT('',(-1.58482648892544,-2.74500000000005,1.85598977680351));
#6716=CARTESIAN_POINT('',(-2.37723973338826,-1.37250000000003,1.79682311013684));
#6717=CARTESIAN_POINT('',(-3.16965297785105,-8.00380546594248E-14,1.73765644347017));
#6718=CARTESIAN_POINT('',(-2.3772397333883,1.37249999999998,1.67848977680351));
#6719=CARTESIAN_POINT('',(-1.58482648892558,2.74499999999997,1.61932311013684));
#6720=CARTESIAN_POINT('',(-8.60821672955469E-14,2.745,1.56015644347017));
#6721=CARTESIAN_POINT('',(1.58482648892548,2.74500000000002,1.50098977680351));
#6722=CARTESIAN_POINT('',(2.37723973338825,1.37250000000006,1.44182311013684));
#6723=CARTESIAN_POINT('',(3.16965297785105,2.87167142122893E-14,1.38265644347017));
#6724=CARTESIAN_POINT('',(2.37723973338831,-1.37249999999995,1.32348977680351));
#6725=CARTESIAN_POINT('',(1.58482648892561,-2.74499999999995,1.26432311013684));
#6726=CARTESIAN_POINT('',(3.7657337600376E-14,-2.745,1.20515644347018));
#6727=CARTESIAN_POINT('',(-2.38161429047407,-1.36489500380421,19.5464952687708));
#6728=CARTESIAN_POINT('',(-3.16673120000654,0.0050606676751111,19.4874382847544));
#6729=CARTESIAN_POINT('',(-2.37723973338828,1.3725,19.4284897768035));
#6730=CARTESIAN_POINT('',(-1.58482648892552,2.745,19.3693231101368));
#6731=CARTESIAN_POINT('',(-3.36165546365948E-16,2.745,19.3101564434702));
#6732=CARTESIAN_POINT('',(1.58482648892552,2.745,19.2509897768035));
#6733=CARTESIAN_POINT('',(2.37723973338828,1.3725,19.1918231101368));
#6734=CARTESIAN_POINT('',(3.16965297785105,7.27663454659222E-16,19.1326564434702));
#6735=CARTESIAN_POINT('',(2.37723973338829,-1.3725,19.0734897768035));
#6736=CARTESIAN_POINT('',(1.58482648892552,-2.745,19.0143231101368));
#6737=CARTESIAN_POINT('',(0.,-2.745,18.9551564434702));
#6738=CARTESIAN_POINT('',(-1.58482648892552,-2.745,18.8959897768035));
#6739=CARTESIAN_POINT('',(-2.37723973338828,-1.3725,18.8368231101368));
#6740=CARTESIAN_POINT('',(-3.16965297785105,-5.20265871767885E-18,18.7776564434702));
#6741=CARTESIAN_POINT('',(-2.37723973338828,1.3725,18.7184897768035));
#6742=CARTESIAN_POINT('',(-1.58482648892552,2.745,18.6593231101368));
#6743=CARTESIAN_POINT('',(-3.36165546365948E-16,2.745,18.6001564434702));
#6744=CARTESIAN_POINT('',(1.58482648892552,2.745,18.5409897768035));
#6745=CARTESIAN_POINT('',(2.37723973338828,1.3725,18.4818231101368));
#6746=CARTESIAN_POINT('',(3.16965297785105,8.14613377398684E-16,18.4226564434702));
#6747=CARTESIAN_POINT('',(2.37723973338829,-1.3725,18.3634897768035));
#6748=CARTESIAN_POINT('',(1.58482648892552,-2.745,18.3043231101368));
#6749=CARTESIAN_POINT('',(0.,-2.745,18.2451564434702));
#6750=CARTESIAN_POINT('',(-1.58482648892552,-2.745,18.1859897768035));
#6751=CARTESIAN_POINT('',(-2.37723973338828,-1.3725,18.1268231101368));
#6752=CARTESIAN_POINT('',(-3.16965297785105,8.17472640217832E-17,18.0676564434702));
#6753=CARTESIAN_POINT('',(-2.37723973338828,1.3725,18.0084897768035));
#6754=CARTESIAN_POINT('',(-1.58482648892552,2.745,17.9493231101368));
#6755=CARTESIAN_POINT('',(-3.36165546365948E-16,2.745,17.8901564434702));
#6756=CARTESIAN_POINT('',(1.58482648892552,2.745,17.8309897768035));
#6757=CARTESIAN_POINT('',(2.37723973338828,1.3725,17.7718231101368));
#6758=CARTESIAN_POINT('',(3.16965297785105,9.01563300138146E-16,17.7126564434702));
#6759=CARTESIAN_POINT('',(2.37723973338829,-1.3725,17.6534897768035));
#6760=CARTESIAN_POINT('',(1.58482648892552,-2.745,17.5943231101368));
#6761=CARTESIAN_POINT('',(0.,-2.745,17.5351564434702));
#6762=CARTESIAN_POINT('',(-1.58482648892552,-2.745,17.4759897768035));
#6763=CARTESIAN_POINT('',(-2.37723973338828,-1.3725,17.4168231101368));
#6764=CARTESIAN_POINT('',(-3.16965297785105,1.68697186761245E-16,17.3576564434702));
#6765=CARTESIAN_POINT('',(-2.37723973338828,1.3725,17.2984897768035));
#6766=CARTESIAN_POINT('',(-1.58482648892552,2.745,17.2393231101368));
#6767=CARTESIAN_POINT('',(-3.36165546365948E-16,2.745,17.1801564434702));
#6768=CARTESIAN_POINT('',(1.58482648892552,2.745,17.1209897768035));
#6769=CARTESIAN_POINT('',(2.37723973338828,1.3725,17.0618231101368));
#6770=CARTESIAN_POINT('',(3.16965297785105,9.88513222877608E-16,17.0026564434702));
#6771=CARTESIAN_POINT('',(2.37723973338829,-1.3725,16.9434897768035));
#6772=CARTESIAN_POINT('',(1.58482648892552,-2.745,16.8843231101368));
#6773=CARTESIAN_POINT('',(0.,-2.745,16.8251564434702));
#6774=CARTESIAN_POINT('',(-1.58482648892552,-2.745,16.7659897768035));
#6775=CARTESIAN_POINT('',(-2.37723973338828,-1.3725,16.7068231101368));
#6776=CARTESIAN_POINT('',(-3.16965297785105,2.55647109500707E-16,16.6476564434702));
#6777=CARTESIAN_POINT('',(-2.37723973338828,1.3725,16.5884897768035));
#6778=CARTESIAN_POINT('',(-1.58482648892552,2.745,16.5293231101368));
#6779=CARTESIAN_POINT('',(-3.36165546365948E-16,2.745,16.4701564434702));
#6780=CARTESIAN_POINT('',(1.58482648892552,2.745,16.4109897768035));
#6781=CARTESIAN_POINT('',(2.37723973338828,1.3725,16.3518231101368));
#6782=CARTESIAN_POINT('',(3.16965297785105,1.07546314561707E-15,16.2926564434702));
#6783=CARTESIAN_POINT('',(2.37723973338829,-1.3725,16.2334897768035));
#6784=CARTESIAN_POINT('',(1.58482648892552,-2.745,16.1743231101368));
#6785=CARTESIAN_POINT('',(0.,-2.745,16.1151564434702));
#6786=CARTESIAN_POINT('',(-1.58482648892552,-2.745,16.0559897768035));
#6787=CARTESIAN_POINT('',(-2.37723973338828,-1.3725,15.9968231101368));
#6788=CARTESIAN_POINT('',(-3.16965297785105,3.42597032240169E-16,15.9376564434702));
#6789=CARTESIAN_POINT('',(-2.37723973338828,1.3725,15.8784897768035));
#6790=CARTESIAN_POINT('',(-1.58482648892552,2.745,15.8193231101368));
#6791=CARTESIAN_POINT('',(-3.36165546365948E-16,2.745,15.7601564434702));
#6792=CARTESIAN_POINT('',(1.58482648892552,2.745,15.7009897768035));
#6793=CARTESIAN_POINT('',(2.37723973338828,1.3725,15.6418231101368));
#6794=CARTESIAN_POINT('',(3.16965297785105,1.16241306835653E-15,15.5826564434702));
#6795=CARTESIAN_POINT('',(2.37723973338829,-1.3725,15.5234897768035));
#6796=CARTESIAN_POINT('',(1.58482648892552,-2.745,15.4643231101368));
#6797=CARTESIAN_POINT('',(0.,-2.745,15.4051564434702));
#6798=CARTESIAN_POINT('',(-1.58482648892552,-2.745,15.3459897768035));
#6799=CARTESIAN_POINT('',(-2.37723973338828,-1.3725,15.2868231101368));
#6800=CARTESIAN_POINT('',(-3.16965297785105,4.29546954979631E-16,15.2276564434702));
#6801=CARTESIAN_POINT('',(-2.37723973338828,1.3725,15.1684897768035));
#6802=CARTESIAN_POINT('',(-1.58482648892552,2.745,15.1093231101368));
#6803=CARTESIAN_POINT('',(-3.36165546365948E-16,2.745,15.0501564434702));
#6804=CARTESIAN_POINT('',(1.58482648892552,2.745,14.9909897768035));
#6805=CARTESIAN_POINT('',(2.37723973338828,1.3725,14.9318231101368));
#6806=CARTESIAN_POINT('',(3.16965297785105,1.24936299109599E-15,14.8726564434702));
#6807=CARTESIAN_POINT('',(2.37723973338829,-1.3725,14.8134897768035));
#6808=CARTESIAN_POINT('',(1.58482648892552,-2.745,14.7543231101368));
#6809=CARTESIAN_POINT('',(0.,-2.745,14.6951564434702));
#6810=CARTESIAN_POINT('',(-1.58482648892552,-2.745,14.6359897768035));
#6811=CARTESIAN_POINT('',(-2.37723973338828,-1.3725,14.5768231101368));
#6812=CARTESIAN_POINT('',(-3.16965297785105,5.16496877719094E-16,14.5176564434702));
#6813=CARTESIAN_POINT('',(-2.37723973338828,1.3725,14.4584897768035));
#6814=CARTESIAN_POINT('',(-1.58482648892552,2.745,14.3993231101368));
#6815=CARTESIAN_POINT('',(-3.36165546365948E-16,2.745,14.3401564434702));
#6816=CARTESIAN_POINT('',(1.58482648892552,2.745,14.2809897768035));
#6817=CARTESIAN_POINT('',(2.37723973338828,1.3725,14.2218231101368));
#6818=CARTESIAN_POINT('',(3.16965297785105,1.33631291383546E-15,14.1626564434702));
#6819=CARTESIAN_POINT('',(2.37723973338829,-1.3725,14.1034897768035));
#6820=CARTESIAN_POINT('',(1.58482648892552,-2.745,14.0443231101368));
#6821=CARTESIAN_POINT('',(0.,-2.745,13.9851564434702));
#6822=CARTESIAN_POINT('',(-1.58482648892552,-2.745,13.9259897768035));
#6823=CARTESIAN_POINT('',(-2.37723973338828,-1.3725,13.8668231101368));
#6824=CARTESIAN_POINT('',(-3.16965297785105,6.03446800458556E-16,13.8076564434702));
#6825=CARTESIAN_POINT('',(-2.37723973338828,1.3725,13.7484897768035));
#6826=CARTESIAN_POINT('',(-1.58482648892552,2.745,13.6893231101368));
#6827=CARTESIAN_POINT('',(-3.36165546365948E-16,2.745,13.6301564434702));
#6828=CARTESIAN_POINT('',(1.58482648892552,2.745,13.5709897768035));
#6829=CARTESIAN_POINT('',(2.37723973338828,1.3725,13.5118231101368));
#6830=CARTESIAN_POINT('',(3.16965297785105,1.42326283657492E-15,13.4526564434702));
#6831=CARTESIAN_POINT('',(2.37723973338829,-1.3725,13.3934897768035));
#6832=CARTESIAN_POINT('',(1.58482648892552,-2.745,13.3343231101368));
#6833=CARTESIAN_POINT('',(0.,-2.745,13.2751564434702));
#6834=CARTESIAN_POINT('',(-1.58482648892552,-2.745,13.2159897768035));
#6835=CARTESIAN_POINT('',(-2.37723973338828,-1.3725,13.1568231101368));
#6836=CARTESIAN_POINT('',(-3.16965297785105,6.90396723198018E-16,13.0976564434702));
#6837=CARTESIAN_POINT('',(-2.37723973338828,1.3725,13.0384897768035));
#6838=CARTESIAN_POINT('',(-1.58482648892552,2.745,12.9793231101368));
#6839=CARTESIAN_POINT('',(-3.36165546365948E-16,2.745,12.9201564434702));
#6840=CARTESIAN_POINT('',(1.58482648892552,2.745,12.8609897768035));
#6841=CARTESIAN_POINT('',(2.37723973338828,1.3725,12.8018231101368));
#6842=CARTESIAN_POINT('',(3.16965297785105,1.51021275931438E-15,12.7426564434702));
#6843=CARTESIAN_POINT('',(2.37723973338829,-1.3725,12.6834897768035));
#6844=CARTESIAN_POINT('',(1.58482648892552,-2.745,12.6243231101368));
#6845=CARTESIAN_POINT('',(0.,-2.745,12.5651564434702));
#6846=CARTESIAN_POINT('',(-1.58482648892552,-2.745,12.5059897768035));
#6847=CARTESIAN_POINT('',(-2.37723973338828,-1.3725,12.4468231101368));
#6848=CARTESIAN_POINT('',(-3.16965297785105,7.7734664593748E-16,12.3876564434702));
#6849=CARTESIAN_POINT('',(-2.37723973338828,1.3725,12.3284897768035));
#6850=CARTESIAN_POINT('',(-1.58482648892552,2.745,12.2693231101368));
#6851=CARTESIAN_POINT('',(-3.36165546365948E-16,2.745,12.2101564434702));
#6852=CARTESIAN_POINT('',(1.58482648892552,2.745,12.1509897768035));
#6853=CARTESIAN_POINT('',(2.37723973338828,1.3725,12.0918231101368));
#6854=CARTESIAN_POINT('',(3.16965297785105,1.59716268205384E-15,12.0326564434702));
#6855=CARTESIAN_POINT('',(2.37723973338829,-1.3725,11.9734897768035));
#6856=CARTESIAN_POINT('',(1.58482648892552,-2.745,11.9143231101368));
#6857=CARTESIAN_POINT('',(0.,-2.745,11.8551564434702));
#6858=CARTESIAN_POINT('',(-1.58482648892552,-2.745,11.7959897768035));
#6859=CARTESIAN_POINT('',(-2.37723973338828,-1.3725,11.7368231101368));
#6860=CARTESIAN_POINT('',(-3.16965297785105,8.64296568676942E-16,11.6776564434702));
#6861=CARTESIAN_POINT('',(-2.37723973338828,1.3725,11.6184897768035));
#6862=CARTESIAN_POINT('',(-1.58482648892552,2.745,11.5593231101368));
#6863=CARTESIAN_POINT('',(-3.36165546365948E-16,2.745,11.5001564434702));
#6864=CARTESIAN_POINT('',(1.58482648892552,2.745,11.4409897768035));
#6865=CARTESIAN_POINT('',(2.37723973338828,1.3725,11.3818231101368));
#6866=CARTESIAN_POINT('',(3.16965297785105,1.6841126047933E-15,11.3226564434702));
#6867=CARTESIAN_POINT('',(2.37723973338829,-1.3725,11.2634897768035));
#6868=CARTESIAN_POINT('',(1.58482648892552,-2.745,11.2043231101368));
#6869=CARTESIAN_POINT('',(0.,-2.745,11.1451564434702));
#6870=CARTESIAN_POINT('',(-1.58482648892552,-2.745,11.0859897768035));
#6871=CARTESIAN_POINT('',(-2.37723973338828,-1.3725,11.0268231101368));
#6872=CARTESIAN_POINT('',(-3.16965297785105,9.51246491416404E-16,10.9676564434702));
#6873=CARTESIAN_POINT('',(-2.37723973338828,1.3725,10.9084897768035));
#6874=CARTESIAN_POINT('',(-1.58482648892552,2.745,10.8493231101368));
#6875=CARTESIAN_POINT('',(-3.36165546365948E-16,2.745,10.7901564434702));
#6876=CARTESIAN_POINT('',(1.58482648892552,2.745,10.7309897768035));
#6877=CARTESIAN_POINT('',(2.37723973338828,1.3725,10.6718231101368));
#6878=CARTESIAN_POINT('',(3.16965297785105,1.77106252753277E-15,10.6126564434702));
#6879=CARTESIAN_POINT('',(2.37723973338829,-1.3725,10.5534897768035));
#6880=CARTESIAN_POINT('',(1.58482648892552,-2.745,10.4943231101368));
#6881=CARTESIAN_POINT('',(0.,-2.745,10.4351564434702));
#6882=CARTESIAN_POINT('',(-1.58482648892552,-2.745,10.3759897768035));
#6883=CARTESIAN_POINT('',(-2.37723973338828,-1.3725,10.3168231101368));
#6884=CARTESIAN_POINT('',(-3.16965297785105,1.03819641415587E-15,10.2576564434702));
#6885=CARTESIAN_POINT('',(-2.37723973338828,1.3725,10.1984897768035));
#6886=CARTESIAN_POINT('',(-1.58482648892552,2.745,10.1393231101368));
#6887=CARTESIAN_POINT('',(-3.36165546365948E-16,2.745,10.0801564434702));
#6888=CARTESIAN_POINT('',(1.58482648892552,2.745,10.0209897768035));
#6889=CARTESIAN_POINT('',(2.37723973338828,1.3725,9.96182311013684));
#6890=CARTESIAN_POINT('',(3.16965297785105,1.85801245027223E-15,9.90265644347017));
#6891=CARTESIAN_POINT('',(2.37723973338829,-1.3725,9.84348977680351));
#6892=CARTESIAN_POINT('',(1.58482648892552,-2.745,9.78432311013684));
#6893=CARTESIAN_POINT('',(0.,-2.745,9.72515644347017));
#6894=CARTESIAN_POINT('',(-1.58482648892552,-2.745,9.66598977680351));
#6895=CARTESIAN_POINT('',(-2.37723973338828,-1.3725,9.60682311013684));
#6896=CARTESIAN_POINT('',(-3.16965297785105,1.12514633689533E-15,9.54765644347018));
#6897=CARTESIAN_POINT('',(-2.37723973338828,1.3725,9.48848977680351));
#6898=CARTESIAN_POINT('',(-1.58482648892552,2.745,9.42932311013684));
#6899=CARTESIAN_POINT('',(-3.36165546365948E-16,2.745,9.37015644347017));
#6900=CARTESIAN_POINT('',(1.58482648892552,2.745,9.31098977680351));
#6901=CARTESIAN_POINT('',(2.37723973338828,1.3725,9.25182311013684));
#6902=CARTESIAN_POINT('',(3.16965297785105,1.94496237301169E-15,9.19265644347018));
#6903=CARTESIAN_POINT('',(2.37723973338829,-1.3725,9.13348977680351));
#6904=CARTESIAN_POINT('',(1.58482648892552,-2.745,9.07432311013684));
#6905=CARTESIAN_POINT('',(0.,-2.745,9.01515644347018));
#6906=CARTESIAN_POINT('',(-1.58482648892552,-2.745,8.95598977680351));
#6907=CARTESIAN_POINT('',(-2.37723973338828,-1.3725,8.89682311013684));
#6908=CARTESIAN_POINT('',(-3.16965297785105,1.21209625963479E-15,8.83765644347018));
#6909=CARTESIAN_POINT('',(-2.37723973338828,1.3725,8.77848977680351));
#6910=CARTESIAN_POINT('',(-1.58482648892552,2.745,8.71932311013684));
#6911=CARTESIAN_POINT('',(-3.36165546365948E-16,2.745,8.66015644347017));
#6912=CARTESIAN_POINT('',(1.58482648892552,2.745,8.60098977680351));
#6913=CARTESIAN_POINT('',(2.37723973338828,1.3725,8.54182311013684));
#6914=CARTESIAN_POINT('',(3.16965297785105,2.03191229575115E-15,8.48265644347017));
#6915=CARTESIAN_POINT('',(2.37723973338829,-1.3725,8.42348977680351));
#6916=CARTESIAN_POINT('',(1.58482648892552,-2.745,8.36432311013684));
#6917=CARTESIAN_POINT('',(0.,-2.745,8.30515644347017));
#6918=CARTESIAN_POINT('',(-1.58482648892552,-2.745,8.24598977680351));
#6919=CARTESIAN_POINT('',(-2.37723973338828,-1.3725,8.18682311013684));
#6920=CARTESIAN_POINT('',(-3.16965297785105,1.29904618237425E-15,8.12765644347017));
#6921=CARTESIAN_POINT('',(-2.37723973338828,1.3725,8.06848977680351));
#6922=CARTESIAN_POINT('',(-1.58482648892552,2.745,8.00932311013684));
#6923=CARTESIAN_POINT('',(-3.36165546365948E-16,2.745,7.95015644347018));
#6924=CARTESIAN_POINT('',(1.58482648892552,2.745,7.89098977680351));
#6925=CARTESIAN_POINT('',(2.37723973338828,1.3725,7.83182311013684));
#6926=CARTESIAN_POINT('',(3.16965297785105,2.11886221849062E-15,7.77265644347017));
#6927=CARTESIAN_POINT('',(2.37723973338829,-1.3725,7.71348977680351));
#6928=CARTESIAN_POINT('',(1.58482648892552,-2.745,7.65432311013684));
#6929=CARTESIAN_POINT('',(0.,-2.745,7.59515644347017));
#6930=CARTESIAN_POINT('',(-1.58482648892552,-2.745,7.53598977680351));
#6931=CARTESIAN_POINT('',(-2.37723973338828,-1.3725,7.47682311013684));
#6932=CARTESIAN_POINT('',(-3.16965297785105,1.38599610511371E-15,7.41765644347018));
#6933=CARTESIAN_POINT('',(-2.37723973338828,1.3725,7.35848977680351));
#6934=CARTESIAN_POINT('',(-1.58482648892552,2.745,7.29932311013684));
#6935=CARTESIAN_POINT('',(-3.36165546365948E-16,2.745,7.24015644347018));
#6936=CARTESIAN_POINT('',(1.58482648892552,2.745,7.18098977680351));
#6937=CARTESIAN_POINT('',(2.37723973338828,1.3725,7.12182311013684));
#6938=CARTESIAN_POINT('',(3.16965297785105,2.20581214123008E-15,7.06265644347017));
#6939=CARTESIAN_POINT('',(2.37723973338829,-1.3725,7.00348977680351));
#6940=CARTESIAN_POINT('',(1.58482648892552,-2.745,6.94432311013684));
#6941=CARTESIAN_POINT('',(0.,-2.745,6.88515644347018));
#6942=CARTESIAN_POINT('',(-1.58482648892552,-2.745,6.82598977680351));
#6943=CARTESIAN_POINT('',(-2.37723973338828,-1.3725,6.76682311013684));
#6944=CARTESIAN_POINT('',(-3.16965297785105,1.47294602785318E-15,6.70765644347017));
#6945=CARTESIAN_POINT('',(-2.37723973338828,1.3725,6.64848977680351));
#6946=CARTESIAN_POINT('',(-1.58482648892552,2.745,6.58932311013684));
#6947=CARTESIAN_POINT('',(-3.36165546365948E-16,2.745,6.53015644347017));
#6948=CARTESIAN_POINT('',(1.58482648892552,2.745,6.47098977680351));
#6949=CARTESIAN_POINT('',(2.37723973338828,1.3725,6.41182311013684));
#6950=CARTESIAN_POINT('',(3.16965297785105,2.29276206396954E-15,6.35265644347018));
#6951=CARTESIAN_POINT('',(2.37723973338829,-1.3725,6.29348977680351));
#6952=CARTESIAN_POINT('',(1.58482648892552,-2.745,6.23432311013684));
#6953=CARTESIAN_POINT('',(0.,-2.745,6.17515644347017));
#6954=CARTESIAN_POINT('',(-1.58482648892552,-2.745,6.11598977680351));
#6955=CARTESIAN_POINT('',(-2.37723973338828,-1.3725,6.05682311013684));
#6956=CARTESIAN_POINT('',(-3.16965297785105,1.55989595059264E-15,5.99765644347017));
#6957=CARTESIAN_POINT('',(-2.37723973338828,1.3725,5.93848977680351));
#6958=CARTESIAN_POINT('',(-1.58482648892552,2.745,5.87932311013684));
#6959=CARTESIAN_POINT('',(-3.36165546365948E-16,2.745,5.82015644347018));
#6960=CARTESIAN_POINT('',(1.58482648892552,2.745,5.76098977680351));
#6961=CARTESIAN_POINT('',(2.37723973338828,1.3725,5.70182311013684));
#6962=CARTESIAN_POINT('',(3.16965297785105,2.379711986709E-15,5.64265644347017));
#6963=CARTESIAN_POINT('',(2.37723973338829,-1.3725,5.58348977680351));
#6964=CARTESIAN_POINT('',(1.58482648892552,-2.745,5.52432311013684));
#6965=CARTESIAN_POINT('',(0.,-2.745,5.46515644347017));
#6966=CARTESIAN_POINT('',(-1.58482648892552,-2.745,5.40598977680351));
#6967=CARTESIAN_POINT('',(-2.37723973338828,-1.3725,5.34682311013684));
#6968=CARTESIAN_POINT('',(-3.16965297785105,1.6468458733321E-15,5.28765644347017));
#6969=CARTESIAN_POINT('',(-2.37723973338828,1.3725,5.22848977680351));
#6970=CARTESIAN_POINT('',(-1.58482648892552,2.745,5.16932311013684));
#6971=CARTESIAN_POINT('',(-3.36165546365948E-16,2.745,5.11015644347018));
#6972=CARTESIAN_POINT('',(1.58482648892552,2.745,5.05098977680351));
#6973=CARTESIAN_POINT('',(2.37723973338828,1.3725,4.99182311013684));
#6974=CARTESIAN_POINT('',(3.16965297785105,2.46666190944846E-15,4.93265644347017));
#6975=CARTESIAN_POINT('',(2.37723973338829,-1.3725,4.87348977680351));
#6976=CARTESIAN_POINT('',(1.58482648892552,-2.745,4.81432311013684));
#6977=CARTESIAN_POINT('',(0.,-2.745,4.75515644347018));
#6978=CARTESIAN_POINT('',(-1.58482648892552,-2.745,4.69598977680351));
#6979=CARTESIAN_POINT('',(-2.37723973338828,-1.3725,4.63682311013684));
#6980=CARTESIAN_POINT('',(-3.16965297785105,1.73379579607156E-15,4.57765644347017));
#6981=CARTESIAN_POINT('',(-2.37723973338828,1.3725,4.51848977680351));
#6982=CARTESIAN_POINT('',(-1.58482648892552,2.745,4.45932311013684));
#6983=CARTESIAN_POINT('',(-3.36165546365948E-16,2.745,4.40015644347018));
#6984=CARTESIAN_POINT('',(1.58482648892552,2.745,4.34098977680351));
#6985=CARTESIAN_POINT('',(2.37723973338828,1.3725,4.28182311013684));
#6986=CARTESIAN_POINT('',(3.16965297785105,2.55361183218792E-15,4.22265644347018));
#6987=CARTESIAN_POINT('',(2.37723973338829,-1.3725,4.16348977680351));
#6988=CARTESIAN_POINT('',(1.58482648892552,-2.745,4.10432311013684));
#6989=CARTESIAN_POINT('',(0.,-2.745,4.04515644347017));
#6990=CARTESIAN_POINT('',(-1.58482648892552,-2.745,3.98598977680351));
#6991=CARTESIAN_POINT('',(-2.37723973338828,-1.3725,3.92682311013684));
#6992=CARTESIAN_POINT('',(-3.16965297785105,1.82074571881102E-15,3.86765644347017));
#6993=CARTESIAN_POINT('',(-2.37723973338828,1.3725,3.80848977680351));
#6994=CARTESIAN_POINT('',(-1.58482648892552,2.745,3.74932311013684));
#6995=CARTESIAN_POINT('',(-3.36165546365948E-16,2.745,3.69015644347017));
#6996=CARTESIAN_POINT('',(1.58482648892552,2.745,3.63098977680351));
#6997=CARTESIAN_POINT('',(2.37723973338828,1.3725,3.57182311013684));
#6998=CARTESIAN_POINT('',(3.16965297785105,2.64056175492739E-15,3.51265644347017));
#6999=CARTESIAN_POINT('',(2.37723973338829,-1.3725,3.45348977680351));
#7000=CARTESIAN_POINT('',(1.58482648892552,-2.745,3.39432311013684));
#7001=CARTESIAN_POINT('',(0.,-2.745,3.33515644347018));
#7002=CARTESIAN_POINT('',(-1.58482648892552,-2.745,3.27598977680351));
#7003=CARTESIAN_POINT('',(-2.37723973338828,-1.3725,3.21682311013684));
#7004=CARTESIAN_POINT('',(-3.16965297785105,1.90769564155049E-15,3.15765644347018));
#7005=CARTESIAN_POINT('',(-2.37723973338828,1.3725,3.09848977680351));
#7006=CARTESIAN_POINT('',(-1.58482648892552,2.745,3.03932311013684));
#7007=CARTESIAN_POINT('',(-3.36165546365948E-16,2.745,2.98015644347017));
#7008=CARTESIAN_POINT('',(1.58482648892552,2.745,2.92098977680351));
#7009=CARTESIAN_POINT('',(2.37723973338828,1.3725,2.86182311013684));
#7010=CARTESIAN_POINT('',(3.16965297785105,2.72751167766685E-15,2.80265644347017));
#7011=CARTESIAN_POINT('',(2.37723973338829,-1.3725,2.74348977680351));
#7012=CARTESIAN_POINT('',(1.58482648892552,-2.745,2.68432311013684));
#7013=CARTESIAN_POINT('',(0.,-2.745,2.62515644347017));
#7014=CARTESIAN_POINT('',(-1.58482648892552,-2.745,2.56598977680351));
#7015=CARTESIAN_POINT('',(-2.37723973338828,-1.3725,2.50682311013684));
#7016=CARTESIAN_POINT('',(-3.16965297785105,1.99464556428995E-15,2.44765644347017));
#7017=CARTESIAN_POINT('',(-2.37723973338828,1.3725,2.38848977680351));
#7018=CARTESIAN_POINT('',(-1.58482648892552,2.745,2.32932311013684));
#7019=CARTESIAN_POINT('',(-3.36165546365948E-16,2.745,2.27015644347018));
#7020=CARTESIAN_POINT('',(1.58482648892552,2.745,2.21098977680351));
#7021=CARTESIAN_POINT('',(2.37723973338828,1.3725,2.15182311013684));
#7022=CARTESIAN_POINT('',(3.16965297785105,2.81446160040631E-15,2.09265644347018));
#7023=CARTESIAN_POINT('',(2.37723973338829,-1.3725,2.03348977680351));
#7024=CARTESIAN_POINT('',(1.58482648892552,-2.745,1.97432311013684));
#7025=CARTESIAN_POINT('',(0.,-2.745,1.91515644347017));
#7026=CARTESIAN_POINT('',(-0.121549963011031,-2.745,1.91061859267384));
#7027=CARTESIAN_POINT('',(-0.242624197624311,-2.7342564800558,1.9058669328528));
#7028=CARTESIAN_POINT('',(-2.74601429120234,-1.5737313978289,19.7889823818304));
#7029=CARTESIAN_POINT('',(-3.65125837814962,0.00583497748332478,19.729925397814));
#7030=CARTESIAN_POINT('',(-2.74097040297775,1.5825,19.6709768898632));
#7031=CARTESIAN_POINT('',(-1.82731360198517,3.165,19.6118102231965));
#7032=CARTESIAN_POINT('',(-3.87600711930137E-16,3.165,19.5526435565298));
#7033=CARTESIAN_POINT('',(1.82731360198516,3.165,19.4934768898632));
#7034=CARTESIAN_POINT('',(2.74097040297775,1.5825,19.4343102231965));
#7035=CARTESIAN_POINT('',(3.65462720397033,7.87055668027816E-16,19.3751435565298));
#7036=CARTESIAN_POINT('',(2.74097040297775,-1.5825,19.3159768898632));
#7037=CARTESIAN_POINT('',(1.82731360198517,-3.165,19.2568102231965));
#7038=CARTESIAN_POINT('',(0.,-3.165,19.1976435565298));
#7039=CARTESIAN_POINT('',(-1.82731360198517,-3.165,19.1384768898632));
#7040=CARTESIAN_POINT('',(-2.74097040297775,-1.5825,19.0793102231965));
#7041=CARTESIAN_POINT('',(-3.65462720397033,-6.45948720862739E-17,19.0201435565298));
#7042=CARTESIAN_POINT('',(-2.74097040297775,1.5825,18.9609768898632));
#7043=CARTESIAN_POINT('',(-1.82731360198517,3.165,18.9018102231965));
#7044=CARTESIAN_POINT('',(-3.87600711930137E-16,3.165,18.8426435565298));
#7045=CARTESIAN_POINT('',(1.82731360198516,3.165,18.7834768898632));
#7046=CARTESIAN_POINT('',(2.74097040297775,1.5825,18.7243102231965));
#7047=CARTESIAN_POINT('',(3.65462720397033,8.74005590767278E-16,18.6651435565298));
#7048=CARTESIAN_POINT('',(2.74097040297775,-1.5825,18.6059768898632));
#7049=CARTESIAN_POINT('',(1.82731360198517,-3.165,18.5468102231965));
#7050=CARTESIAN_POINT('',(0.,-3.165,18.4876435565298));
#7051=CARTESIAN_POINT('',(-1.82731360198517,-3.165,18.4284768898632));
#7052=CARTESIAN_POINT('',(-2.74097040297775,-1.5825,18.3693102231965));
#7053=CARTESIAN_POINT('',(-3.65462720397033,2.23550506531882E-17,18.3101435565298));
#7054=CARTESIAN_POINT('',(-2.74097040297775,1.5825,18.2509768898632));
#7055=CARTESIAN_POINT('',(-1.82731360198517,3.165,18.1918102231965));
#7056=CARTESIAN_POINT('',(-3.87600711930137E-16,3.165,18.1326435565298));
#7057=CARTESIAN_POINT('',(1.82731360198516,3.165,18.0734768898632));
#7058=CARTESIAN_POINT('',(2.74097040297775,1.5825,18.0143102231965));
#7059=CARTESIAN_POINT('',(3.65462720397033,9.6095551350674E-16,17.9551435565298));
#7060=CARTESIAN_POINT('',(2.74097040297775,-1.5825,17.8959768898632));
#7061=CARTESIAN_POINT('',(1.82731360198517,-3.165,17.8368102231965));
#7062=CARTESIAN_POINT('',(0.,-3.165,17.7776435565298));
#7063=CARTESIAN_POINT('',(-1.82731360198517,-3.165,17.7184768898632));
#7064=CARTESIAN_POINT('',(-2.74097040297775,-1.5825,17.6593102231965));
#7065=CARTESIAN_POINT('',(-3.65462720397033,1.0930497339265E-16,17.6001435565298));
#7066=CARTESIAN_POINT('',(-2.74097040297775,1.5825,17.5409768898632));
#7067=CARTESIAN_POINT('',(-1.82731360198517,3.165,17.4818102231965));
#7068=CARTESIAN_POINT('',(-3.87600711930137E-16,3.165,17.4226435565298));
#7069=CARTESIAN_POINT('',(1.82731360198516,3.165,17.3634768898632));
#7070=CARTESIAN_POINT('',(2.74097040297775,1.5825,17.3043102231965));
#7071=CARTESIAN_POINT('',(3.65462720397033,1.0479054362462E-15,17.2451435565298));
#7072=CARTESIAN_POINT('',(2.74097040297775,-1.5825,17.1859768898632));
#7073=CARTESIAN_POINT('',(1.82731360198517,-3.165,17.1268102231965));
#7074=CARTESIAN_POINT('',(0.,-3.165,17.0676435565298));
#7075=CARTESIAN_POINT('',(-1.82731360198517,-3.165,17.0084768898632));
#7076=CARTESIAN_POINT('',(-2.74097040297775,-1.5825,16.9493102231965));
#7077=CARTESIAN_POINT('',(-3.65462720397033,1.96254896132112E-16,16.8901435565298));
#7078=CARTESIAN_POINT('',(-2.74097040297775,1.5825,16.8309768898632));
#7079=CARTESIAN_POINT('',(-1.82731360198517,3.165,16.7718102231965));
#7080=CARTESIAN_POINT('',(-3.87600711930137E-16,3.165,16.7126435565298));
#7081=CARTESIAN_POINT('',(1.82731360198516,3.165,16.6534768898632));
#7082=CARTESIAN_POINT('',(2.74097040297775,1.5825,16.5943102231965));
#7083=CARTESIAN_POINT('',(3.65462720397033,1.13485535898566E-15,16.5351435565298));
#7084=CARTESIAN_POINT('',(2.74097040297775,-1.5825,16.4759768898632));
#7085=CARTESIAN_POINT('',(1.82731360198517,-3.165,16.4168102231965));
#7086=CARTESIAN_POINT('',(0.,-3.165,16.3576435565298));
#7087=CARTESIAN_POINT('',(-1.82731360198517,-3.165,16.2984768898632));
#7088=CARTESIAN_POINT('',(-2.74097040297775,-1.5825,16.2393102231965));
#7089=CARTESIAN_POINT('',(-3.65462720397033,2.83204818871574E-16,16.1801435565298));
#7090=CARTESIAN_POINT('',(-2.74097040297775,1.5825,16.1209768898632));
#7091=CARTESIAN_POINT('',(-1.82731360198517,3.165,16.0618102231965));
#7092=CARTESIAN_POINT('',(-3.87600711930137E-16,3.165,16.0026435565298));
#7093=CARTESIAN_POINT('',(1.82731360198516,3.165,15.9434768898632));
#7094=CARTESIAN_POINT('',(2.74097040297775,1.5825,15.8843102231965));
#7095=CARTESIAN_POINT('',(3.65462720397033,1.22180528172513E-15,15.8251435565298));
#7096=CARTESIAN_POINT('',(2.74097040297775,-1.5825,15.7659768898632));
#7097=CARTESIAN_POINT('',(1.82731360198517,-3.165,15.7068102231965));
#7098=CARTESIAN_POINT('',(0.,-3.165,15.6476435565298));
#7099=CARTESIAN_POINT('',(-1.82731360198517,-3.165,15.5884768898632));
#7100=CARTESIAN_POINT('',(-2.74097040297775,-1.5825,15.5293102231965));
#7101=CARTESIAN_POINT('',(-3.65462720397033,3.70154741611036E-16,15.4701435565298));
#7102=CARTESIAN_POINT('',(-2.74097040297775,1.5825,15.4109768898632));
#7103=CARTESIAN_POINT('',(-1.82731360198517,3.165,15.3518102231965));
#7104=CARTESIAN_POINT('',(-3.87600711930137E-16,3.165,15.2926435565298));
#7105=CARTESIAN_POINT('',(1.82731360198516,3.165,15.2334768898632));
#7106=CARTESIAN_POINT('',(2.74097040297775,1.5825,15.1743102231965));
#7107=CARTESIAN_POINT('',(3.65462720397033,1.30875520446459E-15,15.1151435565298));
#7108=CARTESIAN_POINT('',(2.74097040297775,-1.5825,15.0559768898632));
#7109=CARTESIAN_POINT('',(1.82731360198517,-3.165,14.9968102231965));
#7110=CARTESIAN_POINT('',(0.,-3.165,14.9376435565298));
#7111=CARTESIAN_POINT('',(-1.82731360198517,-3.165,14.8784768898632));
#7112=CARTESIAN_POINT('',(-2.74097040297775,-1.5825,14.8193102231965));
#7113=CARTESIAN_POINT('',(-3.65462720397033,4.57104664350499E-16,14.7601435565298));
#7114=CARTESIAN_POINT('',(-2.74097040297775,1.5825,14.7009768898632));
#7115=CARTESIAN_POINT('',(-1.82731360198517,3.165,14.6418102231965));
#7116=CARTESIAN_POINT('',(-3.87600711930137E-16,3.165,14.5826435565298));
#7117=CARTESIAN_POINT('',(1.82731360198516,3.165,14.5234768898632));
#7118=CARTESIAN_POINT('',(2.74097040297775,1.5825,14.4643102231965));
#7119=CARTESIAN_POINT('',(3.65462720397033,1.39570512720405E-15,14.4051435565298));
#7120=CARTESIAN_POINT('',(2.74097040297775,-1.5825,14.3459768898632));
#7121=CARTESIAN_POINT('',(1.82731360198517,-3.165,14.2868102231965));
#7122=CARTESIAN_POINT('',(0.,-3.165,14.2276435565298));
#7123=CARTESIAN_POINT('',(-1.82731360198517,-3.165,14.1684768898632));
#7124=CARTESIAN_POINT('',(-2.74097040297775,-1.5825,14.1093102231965));
#7125=CARTESIAN_POINT('',(-3.65462720397033,5.44054587089961E-16,14.0501435565298));
#7126=CARTESIAN_POINT('',(-2.74097040297775,1.5825,13.9909768898632));
#7127=CARTESIAN_POINT('',(-1.82731360198517,3.165,13.9318102231965));
#7128=CARTESIAN_POINT('',(-3.87600711930137E-16,3.165,13.8726435565298));
#7129=CARTESIAN_POINT('',(1.82731360198516,3.165,13.8134768898632));
#7130=CARTESIAN_POINT('',(2.74097040297775,1.5825,13.7543102231965));
#7131=CARTESIAN_POINT('',(3.65462720397033,1.48265504994351E-15,13.6951435565298));
#7132=CARTESIAN_POINT('',(2.74097040297775,-1.5825,13.6359768898632));
#7133=CARTESIAN_POINT('',(1.82731360198517,-3.165,13.5768102231965));
#7134=CARTESIAN_POINT('',(0.,-3.165,13.5176435565298));
#7135=CARTESIAN_POINT('',(-1.82731360198517,-3.165,13.4584768898632));
#7136=CARTESIAN_POINT('',(-2.74097040297775,-1.5825,13.3993102231965));
#7137=CARTESIAN_POINT('',(-3.65462720397033,6.31004509829423E-16,13.3401435565298));
#7138=CARTESIAN_POINT('',(-2.74097040297775,1.5825,13.2809768898632));
#7139=CARTESIAN_POINT('',(-1.82731360198517,3.165,13.2218102231965));
#7140=CARTESIAN_POINT('',(-3.87600711930137E-16,3.165,13.1626435565298));
#7141=CARTESIAN_POINT('',(1.82731360198516,3.165,13.1034768898632));
#7142=CARTESIAN_POINT('',(2.74097040297775,1.5825,13.0443102231965));
#7143=CARTESIAN_POINT('',(3.65462720397033,1.56960497268297E-15,12.9851435565298));
#7144=CARTESIAN_POINT('',(2.74097040297775,-1.5825,12.9259768898632));
#7145=CARTESIAN_POINT('',(1.82731360198517,-3.165,12.8668102231965));
#7146=CARTESIAN_POINT('',(0.,-3.165,12.8076435565298));
#7147=CARTESIAN_POINT('',(-1.82731360198517,-3.165,12.7484768898632));
#7148=CARTESIAN_POINT('',(-2.74097040297775,-1.5825,12.6893102231965));
#7149=CARTESIAN_POINT('',(-3.65462720397033,7.17954432568885E-16,12.6301435565298));
#7150=CARTESIAN_POINT('',(-2.74097040297775,1.5825,12.5709768898632));
#7151=CARTESIAN_POINT('',(-1.82731360198517,3.165,12.5118102231965));
#7152=CARTESIAN_POINT('',(-3.87600711930137E-16,3.165,12.4526435565298));
#7153=CARTESIAN_POINT('',(1.82731360198516,3.165,12.3934768898632));
#7154=CARTESIAN_POINT('',(2.74097040297775,1.5825,12.3343102231965));
#7155=CARTESIAN_POINT('',(3.65462720397033,1.65655489542244E-15,12.2751435565298));
#7156=CARTESIAN_POINT('',(2.74097040297775,-1.5825,12.2159768898632));
#7157=CARTESIAN_POINT('',(1.82731360198517,-3.165,12.1568102231965));
#7158=CARTESIAN_POINT('',(0.,-3.165,12.0976435565298));
#7159=CARTESIAN_POINT('',(-1.82731360198517,-3.165,12.0384768898632));
#7160=CARTESIAN_POINT('',(-2.74097040297775,-1.5825,11.9793102231965));
#7161=CARTESIAN_POINT('',(-3.65462720397033,8.04904355308347E-16,11.9201435565298));
#7162=CARTESIAN_POINT('',(-2.74097040297775,1.5825,11.8609768898632));
#7163=CARTESIAN_POINT('',(-1.82731360198517,3.165,11.8018102231965));
#7164=CARTESIAN_POINT('',(-3.87600711930137E-16,3.165,11.7426435565298));
#7165=CARTESIAN_POINT('',(1.82731360198516,3.165,11.6834768898632));
#7166=CARTESIAN_POINT('',(2.74097040297775,1.5825,11.6243102231965));
#7167=CARTESIAN_POINT('',(3.65462720397033,1.7435048181619E-15,11.5651435565298));
#7168=CARTESIAN_POINT('',(2.74097040297775,-1.5825,11.5059768898632));
#7169=CARTESIAN_POINT('',(1.82731360198517,-3.165,11.4468102231965));
#7170=CARTESIAN_POINT('',(0.,-3.165,11.3876435565298));
#7171=CARTESIAN_POINT('',(-1.82731360198517,-3.165,11.3284768898632));
#7172=CARTESIAN_POINT('',(-2.74097040297775,-1.5825,11.2693102231965));
#7173=CARTESIAN_POINT('',(-3.65462720397033,8.91854278047809E-16,11.2101435565298));
#7174=CARTESIAN_POINT('',(-2.74097040297775,1.5825,11.1509768898632));
#7175=CARTESIAN_POINT('',(-1.82731360198517,3.165,11.0918102231965));
#7176=CARTESIAN_POINT('',(-3.87600711930137E-16,3.165,11.0326435565298));
#7177=CARTESIAN_POINT('',(1.82731360198516,3.165,10.9734768898632));
#7178=CARTESIAN_POINT('',(2.74097040297775,1.5825,10.9143102231965));
#7179=CARTESIAN_POINT('',(3.65462720397033,1.83045474090136E-15,10.8551435565298));
#7180=CARTESIAN_POINT('',(2.74097040297775,-1.5825,10.7959768898632));
#7181=CARTESIAN_POINT('',(1.82731360198517,-3.165,10.7368102231965));
#7182=CARTESIAN_POINT('',(0.,-3.165,10.6776435565298));
#7183=CARTESIAN_POINT('',(-1.82731360198517,-3.165,10.6184768898632));
#7184=CARTESIAN_POINT('',(-2.74097040297775,-1.5825,10.5593102231965));
#7185=CARTESIAN_POINT('',(-3.65462720397033,9.78804200787271E-16,10.5001435565298));
#7186=CARTESIAN_POINT('',(-2.74097040297775,1.5825,10.4409768898632));
#7187=CARTESIAN_POINT('',(-1.82731360198517,3.165,10.3818102231965));
#7188=CARTESIAN_POINT('',(-3.87600711930137E-16,3.165,10.3226435565298));
#7189=CARTESIAN_POINT('',(1.82731360198516,3.165,10.2634768898632));
#7190=CARTESIAN_POINT('',(2.74097040297775,1.5825,10.2043102231965));
#7191=CARTESIAN_POINT('',(3.65462720397033,1.91740466364082E-15,10.1451435565298));
#7192=CARTESIAN_POINT('',(2.74097040297775,-1.5825,10.0859768898632));
#7193=CARTESIAN_POINT('',(1.82731360198517,-3.165,10.0268102231965));
#7194=CARTESIAN_POINT('',(0.,-3.165,9.96764355652982));
#7195=CARTESIAN_POINT('',(-1.82731360198517,-3.165,9.90847688986315));
#7196=CARTESIAN_POINT('',(-2.74097040297775,-1.5825,9.84931022319649));
#7197=CARTESIAN_POINT('',(-3.65462720397033,1.06575412352673E-15,9.79014355652982));
#7198=CARTESIAN_POINT('',(-2.74097040297775,1.5825,9.73097688986315));
#7199=CARTESIAN_POINT('',(-1.82731360198517,3.165,9.67181022319649));
#7200=CARTESIAN_POINT('',(-3.87600711930137E-16,3.165,9.61264355652982));
#7201=CARTESIAN_POINT('',(1.82731360198516,3.165,9.55347688986315));
#7202=CARTESIAN_POINT('',(2.74097040297775,1.5825,9.49431022319649));
#7203=CARTESIAN_POINT('',(3.65462720397033,2.00435458638029E-15,9.43514355652982));
#7204=CARTESIAN_POINT('',(2.74097040297775,-1.5825,9.37597688986315));
#7205=CARTESIAN_POINT('',(1.82731360198517,-3.165,9.31681022319649));
#7206=CARTESIAN_POINT('',(0.,-3.165,9.25764355652982));
#7207=CARTESIAN_POINT('',(-1.82731360198517,-3.165,9.19847688986315));
#7208=CARTESIAN_POINT('',(-2.74097040297775,-1.5825,9.13931022319649));
#7209=CARTESIAN_POINT('',(-3.65462720397033,1.1527040462662E-15,9.08014355652982));
#7210=CARTESIAN_POINT('',(-2.74097040297775,1.5825,9.02097688986315));
#7211=CARTESIAN_POINT('',(-1.82731360198517,3.165,8.96181022319649));
#7212=CARTESIAN_POINT('',(-3.87600711930137E-16,3.165,8.90264355652982));
#7213=CARTESIAN_POINT('',(1.82731360198516,3.165,8.84347688986315));
#7214=CARTESIAN_POINT('',(2.74097040297775,1.5825,8.78431022319648));
#7215=CARTESIAN_POINT('',(3.65462720397033,2.09130450911975E-15,8.72514355652982));
#7216=CARTESIAN_POINT('',(2.74097040297775,-1.5825,8.66597688986315));
#7217=CARTESIAN_POINT('',(1.82731360198517,-3.165,8.60681022319649));
#7218=CARTESIAN_POINT('',(0.,-3.165,8.54764355652982));
#7219=CARTESIAN_POINT('',(-1.82731360198517,-3.165,8.48847688986315));
#7220=CARTESIAN_POINT('',(-2.74097040297775,-1.5825,8.42931022319649));
#7221=CARTESIAN_POINT('',(-3.65462720397033,1.23965396900566E-15,8.37014355652982));
#7222=CARTESIAN_POINT('',(-2.74097040297775,1.5825,8.31097688986315));
#7223=CARTESIAN_POINT('',(-1.82731360198517,3.165,8.25181022319649));
#7224=CARTESIAN_POINT('',(-3.87600711930137E-16,3.165,8.19264355652982));
#7225=CARTESIAN_POINT('',(1.82731360198516,3.165,8.13347688986315));
#7226=CARTESIAN_POINT('',(2.74097040297775,1.5825,8.07431022319649));
#7227=CARTESIAN_POINT('',(3.65462720397033,2.17825443185921E-15,8.01514355652982));
#7228=CARTESIAN_POINT('',(2.74097040297775,-1.5825,7.95597688986315));
#7229=CARTESIAN_POINT('',(1.82731360198517,-3.165,7.89681022319649));
#7230=CARTESIAN_POINT('',(0.,-3.165,7.83764355652982));
#7231=CARTESIAN_POINT('',(-1.82731360198517,-3.165,7.77847688986315));
#7232=CARTESIAN_POINT('',(-2.74097040297775,-1.5825,7.71931022319649));
#7233=CARTESIAN_POINT('',(-3.65462720397033,1.32660389174512E-15,7.66014355652982));
#7234=CARTESIAN_POINT('',(-2.74097040297775,1.5825,7.60097688986315));
#7235=CARTESIAN_POINT('',(-1.82731360198517,3.165,7.54181022319649));
#7236=CARTESIAN_POINT('',(-3.87600711930137E-16,3.165,7.48264355652982));
#7237=CARTESIAN_POINT('',(1.82731360198516,3.165,7.42347688986315));
#7238=CARTESIAN_POINT('',(2.74097040297775,1.5825,7.36431022319649));
#7239=CARTESIAN_POINT('',(3.65462720397033,2.26520435459867E-15,7.30514355652982));
#7240=CARTESIAN_POINT('',(2.74097040297775,-1.5825,7.24597688986315));
#7241=CARTESIAN_POINT('',(1.82731360198517,-3.165,7.18681022319649));
#7242=CARTESIAN_POINT('',(0.,-3.165,7.12764355652982));
#7243=CARTESIAN_POINT('',(-1.82731360198517,-3.165,7.06847688986315));
#7244=CARTESIAN_POINT('',(-2.74097040297775,-1.5825,7.00931022319649));
#7245=CARTESIAN_POINT('',(-3.65462720397033,1.41355381448458E-15,6.95014355652982));
#7246=CARTESIAN_POINT('',(-2.74097040297775,1.5825,6.89097688986315));
#7247=CARTESIAN_POINT('',(-1.82731360198517,3.165,6.83181022319649));
#7248=CARTESIAN_POINT('',(-3.87600711930137E-16,3.165,6.77264355652982));
#7249=CARTESIAN_POINT('',(1.82731360198516,3.165,6.71347688986315));
#7250=CARTESIAN_POINT('',(2.74097040297775,1.5825,6.65431022319649));
#7251=CARTESIAN_POINT('',(3.65462720397033,2.35215427733813E-15,6.59514355652982));
#7252=CARTESIAN_POINT('',(2.74097040297775,-1.5825,6.53597688986315));
#7253=CARTESIAN_POINT('',(1.82731360198517,-3.165,6.47681022319648));
#7254=CARTESIAN_POINT('',(0.,-3.165,6.41764355652982));
#7255=CARTESIAN_POINT('',(-1.82731360198517,-3.165,6.35847688986315));
#7256=CARTESIAN_POINT('',(-2.74097040297775,-1.5825,6.29931022319649));
#7257=CARTESIAN_POINT('',(-3.65462720397033,1.50050373722404E-15,6.24014355652982));
#7258=CARTESIAN_POINT('',(-2.74097040297775,1.5825,6.18097688986315));
#7259=CARTESIAN_POINT('',(-1.82731360198517,3.165,6.12181022319649));
#7260=CARTESIAN_POINT('',(-3.87600711930137E-16,3.165,6.06264355652982));
#7261=CARTESIAN_POINT('',(1.82731360198516,3.165,6.00347688986315));
#7262=CARTESIAN_POINT('',(2.74097040297775,1.5825,5.94431022319649));
#7263=CARTESIAN_POINT('',(3.65462720397033,2.4391042000776E-15,5.88514355652982));
#7264=CARTESIAN_POINT('',(2.74097040297775,-1.5825,5.82597688986315));
#7265=CARTESIAN_POINT('',(1.82731360198517,-3.165,5.76681022319649));
#7266=CARTESIAN_POINT('',(0.,-3.165,5.70764355652982));
#7267=CARTESIAN_POINT('',(-1.82731360198517,-3.165,5.64847688986315));
#7268=CARTESIAN_POINT('',(-2.74097040297775,-1.5825,5.58931022319649));
#7269=CARTESIAN_POINT('',(-3.65462720397033,1.58745365996351E-15,5.53014355652982));
#7270=CARTESIAN_POINT('',(-2.74097040297775,1.5825,5.47097688986315));
#7271=CARTESIAN_POINT('',(-1.82731360198517,3.165,5.41181022319649));
#7272=CARTESIAN_POINT('',(-3.87600711930137E-16,3.165,5.35264355652982));
#7273=CARTESIAN_POINT('',(1.82731360198516,3.165,5.29347688986315));
#7274=CARTESIAN_POINT('',(2.74097040297775,1.5825,5.23431022319649));
#7275=CARTESIAN_POINT('',(3.65462720397033,2.52605412281706E-15,5.17514355652982));
#7276=CARTESIAN_POINT('',(2.74097040297775,-1.5825,5.11597688986315));
#7277=CARTESIAN_POINT('',(1.82731360198517,-3.165,5.05681022319649));
#7278=CARTESIAN_POINT('',(0.,-3.165,4.99764355652982));
#7279=CARTESIAN_POINT('',(-1.82731360198517,-3.165,4.93847688986315));
#7280=CARTESIAN_POINT('',(-2.74097040297775,-1.5825,4.87931022319649));
#7281=CARTESIAN_POINT('',(-3.65462720397033,1.67440358270297E-15,4.82014355652982));
#7282=CARTESIAN_POINT('',(-2.74097040297775,1.5825,4.76097688986315));
#7283=CARTESIAN_POINT('',(-1.82731360198517,3.165,4.70181022319649));
#7284=CARTESIAN_POINT('',(-3.87600711930137E-16,3.165,4.64264355652982));
#7285=CARTESIAN_POINT('',(1.82731360198516,3.165,4.58347688986315));
#7286=CARTESIAN_POINT('',(2.74097040297775,1.5825,4.52431022319649));
#7287=CARTESIAN_POINT('',(3.65462720397033,2.61300404555652E-15,4.46514355652982));
#7288=CARTESIAN_POINT('',(2.74097040297775,-1.5825,4.40597688986315));
#7289=CARTESIAN_POINT('',(1.82731360198517,-3.165,4.34681022319648));
#7290=CARTESIAN_POINT('',(0.,-3.165,4.28764355652982));
#7291=CARTESIAN_POINT('',(-1.82731360198517,-3.165,4.22847688986315));
#7292=CARTESIAN_POINT('',(-2.74097040297775,-1.5825,4.16931022319648));
#7293=CARTESIAN_POINT('',(-3.65462720397033,1.76135350544243E-15,4.11014355652982));
#7294=CARTESIAN_POINT('',(-2.74097040297775,1.5825,4.05097688986315));
#7295=CARTESIAN_POINT('',(-1.82731360198517,3.165,3.99181022319649));
#7296=CARTESIAN_POINT('',(-3.87600711930137E-16,3.165,3.93264355652982));
#7297=CARTESIAN_POINT('',(1.82731360198516,3.165,3.87347688986315));
#7298=CARTESIAN_POINT('',(2.74097040297775,1.5825,3.81431022319649));
#7299=CARTESIAN_POINT('',(3.65462720397033,2.69995396829598E-15,3.75514355652982));
#7300=CARTESIAN_POINT('',(2.74097040297775,-1.5825,3.69597688986315));
#7301=CARTESIAN_POINT('',(1.82731360198517,-3.165,3.63681022319649));
#7302=CARTESIAN_POINT('',(0.,-3.165,3.57764355652982));
#7303=CARTESIAN_POINT('',(-1.82731360198517,-3.165,3.51847688986315));
#7304=CARTESIAN_POINT('',(-2.74097040297775,-1.5825,3.45931022319649));
#7305=CARTESIAN_POINT('',(-3.65462720397033,1.84830342818189E-15,3.40014355652982));
#7306=CARTESIAN_POINT('',(-2.74097040297775,1.5825,3.34097688986315));
#7307=CARTESIAN_POINT('',(-1.82731360198517,3.165,3.28181022319649));
#7308=CARTESIAN_POINT('',(-3.87600711930137E-16,3.165,3.22264355652982));
#7309=CARTESIAN_POINT('',(1.82731360198516,3.165,3.16347688986315));
#7310=CARTESIAN_POINT('',(2.74097040297775,1.5825,3.10431022319648));
#7311=CARTESIAN_POINT('',(3.65462720397033,2.78690389103544E-15,3.04514355652982));
#7312=CARTESIAN_POINT('',(2.74097040297775,-1.5825,2.98597688986315));
#7313=CARTESIAN_POINT('',(1.82731360198517,-3.165,2.92681022319648));
#7314=CARTESIAN_POINT('',(0.,-3.165,2.86764355652982));
#7315=CARTESIAN_POINT('',(-1.82731360198517,-3.165,2.80847688986315));
#7316=CARTESIAN_POINT('',(-2.74097040297775,-1.5825,2.74931022319649));
#7317=CARTESIAN_POINT('',(-3.65462720397033,1.93525335092135E-15,2.69014355652982));
#7318=CARTESIAN_POINT('',(-2.74097040297775,1.5825,2.63097688986315));
#7319=CARTESIAN_POINT('',(-1.82731360198517,3.165,2.57181022319649));
#7320=CARTESIAN_POINT('',(-3.87600711930137E-16,3.165,2.51264355652982));
#7321=CARTESIAN_POINT('',(1.82731360198516,3.165,2.45347688986315));
#7322=CARTESIAN_POINT('',(2.74097040297775,1.5825,2.39431022319649));
#7323=CARTESIAN_POINT('',(3.65462720397033,2.87385381377491E-15,2.33514355652982));
#7324=CARTESIAN_POINT('',(2.74097040297775,-1.5825,2.27597688986315));
#7325=CARTESIAN_POINT('',(1.82731360198517,-3.165,2.21681022319649));
#7326=CARTESIAN_POINT('',(0.,-3.165,2.15764355652982));
#7327=CARTESIAN_POINT('',(-0.140147771559167,-3.165,2.15310570573349));
#7328=CARTESIAN_POINT('',(-0.279747025676119,-3.15261266279658,2.14835404591244));
#7329=CARTESIAN_POINT('',(0.,-3.165,20.6176435565298));
#7330=CARTESIAN_POINT('',(-1.82731360198517,-3.165,20.5584768898632));
#7331=CARTESIAN_POINT('',(-2.74097040297775,-1.5825,20.4993102231965));
#7332=CARTESIAN_POINT('',(-3.65462720397033,-2.38494717565198E-16,20.4401435565298));
#7333=CARTESIAN_POINT('',(-2.74097040297775,1.5825,20.3809768898632));
#7334=CARTESIAN_POINT('',(-1.82731360198517,3.165,20.3218102231965));
#7335=CARTESIAN_POINT('',(-3.87600711930137E-16,3.165,20.2626435565298));
#7336=CARTESIAN_POINT('',(1.82731360198516,3.165,20.2034768898632));
#7337=CARTESIAN_POINT('',(2.74097040297775,1.5825,20.1443102231965));
#7338=CARTESIAN_POINT('',(3.65462720397033,7.00105745288354E-16,20.0851435565298));
#7339=CARTESIAN_POINT('',(2.74097040297775,-1.5825,20.0259768898632));
#7340=CARTESIAN_POINT('',(1.82731360198517,-3.165,19.9668102231965));
#7341=CARTESIAN_POINT('',(7.75201423860275E-16,-3.165,19.9076435565298));
#7342=CARTESIAN_POINT('',(-1.82731360198516,-3.165,19.8484768898632));
#7343=CARTESIAN_POINT('',(-2.74097040297775,-1.5825,19.7893102231965));
#7344=CARTESIAN_POINT('',(-3.65462720397033,-4.29263131092501E-15,19.7301435565298));
#7345=CARTESIAN_POINT('',(-2.74097040297775,1.5825,19.6709768898632));
#7346=CARTESIAN_POINT('',(-1.82731360198517,3.165,19.6118102231965));
#7347=CARTESIAN_POINT('',(-1.16280213579041E-15,3.165,19.5526435565298));
#7348=CARTESIAN_POINT('',(1.82731360198516,3.165,19.4934768898632));
#7349=CARTESIAN_POINT('',(2.74097040297775,1.5825,19.4343102231965));
#7350=CARTESIAN_POINT('',(3.65462720397033,1.68218116951164E-15,19.3751435565298));
#7351=CARTESIAN_POINT('',(2.74097040297775,-1.5825,19.3159768898632));
#7352=CARTESIAN_POINT('',(1.82731360198517,-3.165,19.2568102231965));
#7353=CARTESIAN_POINT('',(1.55040284772055E-15,-3.165,19.1976435565298));
#7354=CARTESIAN_POINT('',(-1.82731360198516,-3.165,19.1384768898632));
#7355=CARTESIAN_POINT('',(-2.74097040297775,-1.5825,19.0793102231965));
#7356=CARTESIAN_POINT('',(-3.65462720397033,-8.34676790428483E-15,19.0201435565298));
#7357=CARTESIAN_POINT('',(-2.74097040297775,1.5825,18.9609768898632));
#7358=CARTESIAN_POINT('',(-1.82731360198517,3.165,18.9018102231965));
#7359=CARTESIAN_POINT('',(-7.56017295635248E-15,3.165,18.8426435565298));
#7360=CARTESIAN_POINT('',(1.82731360198516,3.165,18.7834768898632));
#7361=CARTESIAN_POINT('',(2.74097040297774,1.58250000000001,18.7243102231965));
#7362=CARTESIAN_POINT('',(3.65462720397033,9.15617862296583E-15,18.6651435565298));
#7363=CARTESIAN_POINT('',(2.74097040297775,-1.58249999999999,18.6059768898632));
#7364=CARTESIAN_POINT('',(1.82731360198518,-3.16499999999999,18.5468102231965));
#7365=CARTESIAN_POINT('',(2.32560427158082E-15,-3.165,18.4876435565298));
#7366=CARTESIAN_POINT('',(-1.82731360198516,-3.165,18.4284768898632));
#7367=CARTESIAN_POINT('',(-2.74097040297774,-1.5825,18.3693102231965));
#7368=CARTESIAN_POINT('',(-3.65462720397033,-9.15494348302919E-15,18.3101435565298));
#7369=CARTESIAN_POINT('',(-2.74097040297775,1.58249999999999,18.2509768898632));
#7370=CARTESIAN_POINT('',(-1.82731360198518,3.16499999999999,18.1918102231965));
#7371=CARTESIAN_POINT('',(-2.71320498351096E-15,3.165,18.1326435565298));
#7372=CARTESIAN_POINT('',(1.82731360198516,3.165,18.0734768898632));
#7373=CARTESIAN_POINT('',(2.74097040297774,1.58250000000001,18.0143102231965));
#7374=CARTESIAN_POINT('',(3.65462720397033,1.01382540471891E-14,17.9551435565298));
#7375=CARTESIAN_POINT('',(2.74097040297775,-1.58249999999999,17.8959768898632));
#7376=CARTESIAN_POINT('',(1.82731360198518,-3.16499999999999,17.8368102231965));
#7377=CARTESIAN_POINT('',(3.1008056954411E-15,-3.165,17.7776435565298));
#7378=CARTESIAN_POINT('',(-1.82731360198516,-3.165,17.7184768898632));
#7379=CARTESIAN_POINT('',(-2.74097040297774,-1.58250000000001,17.6593102231965));
#7380=CARTESIAN_POINT('',(-3.65462720397033,-9.96311906177354E-15,17.6001435565298));
#7381=CARTESIAN_POINT('',(-2.74097040297775,1.58249999999999,17.5409768898632));
#7382=CARTESIAN_POINT('',(-1.82731360198518,3.16499999999999,17.4818102231965));
#7383=CARTESIAN_POINT('',(-1.47327452007748E-14,3.165,17.4226435565298));
#7384=CARTESIAN_POINT('',(1.82731360198516,3.165,17.3634768898632));
#7385=CARTESIAN_POINT('',(2.74097040297774,1.58250000000001,17.3043102231965));
#7386=CARTESIAN_POINT('',(3.65462720397033,1.11203294714124E-14,17.2451435565298));
#7387=CARTESIAN_POINT('',(2.74097040297775,-1.58249999999999,17.1859768898632));
#7388=CARTESIAN_POINT('',(1.82731360198518,-3.16499999999999,17.1268102231965));
#7389=CARTESIAN_POINT('',(1.5120345912705E-14,-3.165,17.0676435565298));
#7390=CARTESIAN_POINT('',(-1.82731360198516,-3.165,17.0084768898632));
#7391=CARTESIAN_POINT('',(-2.74097040297774,-1.58250000000001,16.9493102231965));
#7392=CARTESIAN_POINT('',(-3.65462720397033,-2.37551386989797E-14,16.8901435565298));
#7393=CARTESIAN_POINT('',(-2.74097040297775,1.58249999999999,16.8309768898632));
#7394=CARTESIAN_POINT('',(-1.82731360198517,3.165,16.7718102231965));
#7395=CARTESIAN_POINT('',(-1.55079466246351E-14,3.165,16.7126435565298));
#7396=CARTESIAN_POINT('',(1.82731360198516,3.165,16.6534768898632));
#7397=CARTESIAN_POINT('',(2.74097040297774,1.58250000000002,16.5943102231965));
#7398=CARTESIAN_POINT('',(3.65462720397033,1.21024048956357E-14,16.5351435565298));
#7399=CARTESIAN_POINT('',(2.74097040297776,-1.58249999999998,16.4759768898632));
#7400=CARTESIAN_POINT('',(1.82731360198518,-3.16499999999999,16.4168102231965));
#7401=CARTESIAN_POINT('',(4.65120854316165E-15,-3.165,16.3576435565298));
#7402=CARTESIAN_POINT('',(-1.82731360198515,-3.16500000000001,16.2984768898632));
#7403=CARTESIAN_POINT('',(-2.74097040297774,-1.58250000000001,16.2393102231965));
#7404=CARTESIAN_POINT('',(-3.65462720397033,-2.45633142777241E-14,16.1801435565298));
#7405=CARTESIAN_POINT('',(-2.74097040297775,1.58249999999999,16.1209768898632));
#7406=CARTESIAN_POINT('',(-1.82731360198517,3.165,16.0618102231965));
#7407=CARTESIAN_POINT('',(-1.62831480484954E-14,3.165,16.0026435565298));
#7408=CARTESIAN_POINT('',(1.82731360198516,3.165,15.9434768898632));
#7409=CARTESIAN_POINT('',(2.74097040297774,1.58250000000002,15.8843102231965));
#7410=CARTESIAN_POINT('',(3.65462720397033,1.3084480319859E-14,15.8251435565298));
#7411=CARTESIAN_POINT('',(2.74097040297776,-1.58249999999998,15.7659768898632));
#7412=CARTESIAN_POINT('',(1.82731360198518,-3.16499999999999,15.7068102231965));
#7413=CARTESIAN_POINT('',(5.42640996702192E-15,-3.165,15.6476435565298));
#7414=CARTESIAN_POINT('',(-1.82731360198515,-3.16500000000001,15.5884768898632));
#7415=CARTESIAN_POINT('',(-2.74097040297774,-1.58250000000001,15.5293102231965));
#7416=CARTESIAN_POINT('',(-3.65462720397033,-2.53714898564684E-14,15.4701435565298));
#7417=CARTESIAN_POINT('',(-2.74097040297775,1.58249999999999,15.4109768898632));
#7418=CARTESIAN_POINT('',(-1.82731360198519,3.16499999999998,15.3518102231965));
#7419=CARTESIAN_POINT('',(-1.70583494723556E-14,3.165,15.2926435565298));
#7420=CARTESIAN_POINT('',(1.82731360198516,3.165,15.2334768898632));
#7421=CARTESIAN_POINT('',(2.74097040297774,1.58250000000002,15.1743102231965));
#7422=CARTESIAN_POINT('',(3.65462720397033,1.40665557440822E-14,15.1151435565298));
#7423=CARTESIAN_POINT('',(2.74097040297776,-1.58249999999998,15.0559768898632));
#7424=CARTESIAN_POINT('',(1.82731360198518,-3.16499999999999,14.9968102231965));
#7425=CARTESIAN_POINT('',(6.2016113908822E-15,-3.165,14.9376435565298));
#7426=CARTESIAN_POINT('',(-1.82731360198515,-3.16500000000001,14.8784768898632));
#7427=CARTESIAN_POINT('',(-2.74097040297774,-1.58250000000001,14.8193102231965));
#7428=CARTESIAN_POINT('',(-3.65462720397033,-2.61796654352128E-14,14.7601435565298));
#7429=CARTESIAN_POINT('',(-2.74097040297776,1.58249999999999,14.7009768898632));
#7430=CARTESIAN_POINT('',(-1.82731360198519,3.16499999999998,14.6418102231965));
#7431=CARTESIAN_POINT('',(-1.78335508962159E-14,3.165,14.5826435565298));
#7432=CARTESIAN_POINT('',(1.82731360198516,3.16500000000001,14.5234768898632));
#7433=CARTESIAN_POINT('',(2.74097040297774,1.58250000000002,14.4643102231965));
#7434=CARTESIAN_POINT('',(3.65462720397033,1.50486311683055E-14,14.4051435565298));
#7435=CARTESIAN_POINT('',(2.74097040297776,-1.58249999999998,14.3459768898632));
#7436=CARTESIAN_POINT('',(1.82731360198518,-3.16499999999999,14.2868102231965));
#7437=CARTESIAN_POINT('',(2.94654904015496E-14,-3.165,14.2276435565298));
#7438=CARTESIAN_POINT('',(-1.82731360198515,-3.16500000000001,14.1684768898632));
#7439=CARTESIAN_POINT('',(-2.74097040297774,-1.58250000000001,14.1093102231965));
#7440=CARTESIAN_POINT('',(-3.65462720397033,-2.69878410139572E-14,14.0501435565298));
#7441=CARTESIAN_POINT('',(-2.74097040297776,1.58249999999999,13.9909768898632));
#7442=CARTESIAN_POINT('',(-1.82731360198519,3.16499999999998,13.9318102231965));
#7443=CARTESIAN_POINT('',(-1.86087523200762E-14,3.165,13.8726435565298));
#7444=CARTESIAN_POINT('',(1.82731360198513,3.16500000000002,13.8134768898632));
#7445=CARTESIAN_POINT('',(2.74097040297774,1.58250000000002,13.7543102231965));
#7446=CARTESIAN_POINT('',(3.65462720397033,1.60307065925288E-14,13.6951435565298));
#7447=CARTESIAN_POINT('',(2.74097040297776,-1.58249999999998,13.6359768898632));
#7448=CARTESIAN_POINT('',(1.82731360198518,-3.16499999999999,13.5768102231965));
#7449=CARTESIAN_POINT('',(3.02406918254099E-14,-3.165,13.5176435565298));
#7450=CARTESIAN_POINT('',(-1.82731360198514,-3.16500000000001,13.4584768898632));
#7451=CARTESIAN_POINT('',(-2.74097040297774,-1.58250000000001,13.3993102231965));
#7452=CARTESIAN_POINT('',(-3.65462720397033,-2.77960165927015E-14,13.3401435565298));
#7453=CARTESIAN_POINT('',(-2.74097040297776,1.58249999999999,13.2809768898632));
#7454=CARTESIAN_POINT('',(-1.82731360198517,3.165,13.2218102231965));
#7455=CARTESIAN_POINT('',(-4.18726313307436E-14,3.165,13.1626435565298));
#7456=CARTESIAN_POINT('',(1.82731360198513,3.16500000000002,13.1034768898632));
#7457=CARTESIAN_POINT('',(2.74097040297774,1.58250000000002,13.0443102231965));
#7458=CARTESIAN_POINT('',(3.65462720397033,1.70127820167521E-14,12.9851435565298));
#7459=CARTESIAN_POINT('',(2.74097040297775,-1.58249999999999,12.9259768898632));
#7460=CARTESIAN_POINT('',(1.82731360198521,-3.16499999999998,12.8668102231965));
#7461=CARTESIAN_POINT('',(3.10158932492702E-14,-3.165,12.8076435565298));
#7462=CARTESIAN_POINT('',(-1.82731360198514,-3.16500000000001,12.7484768898632));
#7463=CARTESIAN_POINT('',(-2.74097040297774,-1.58250000000001,12.6893102231965));
#7464=CARTESIAN_POINT('',(-3.65462720397033,-2.63650405452224E-15,12.6301435565298));
#7465=CARTESIAN_POINT('',(-2.74097040297777,1.58249999999997,12.5709768898632));
#7466=CARTESIAN_POINT('',(-1.82731360198519,3.16499999999998,12.5118102231965));
#7467=CARTESIAN_POINT('',(-2.01591551677967E-14,3.165,12.4526435565298));
#7468=CARTESIAN_POINT('',(1.82731360198515,3.16500000000001,12.3934768898632));
#7469=CARTESIAN_POINT('',(2.74097040297772,1.58250000000004,12.3343102231965));
#7470=CARTESIAN_POINT('',(3.65462720397033,4.3962545557899E-14,12.2751435565298));
#7471=CARTESIAN_POINT('',(2.74097040297776,-1.58249999999997,12.2159768898632));
#7472=CARTESIAN_POINT('',(1.82731360198518,-3.16499999999999,12.1568102231965));
#7473=CARTESIAN_POINT('',(9.30241708632329E-15,-3.165,12.0976435565298));
#7474=CARTESIAN_POINT('',(-1.82731360198512,-3.16500000000002,12.0384768898632));
#7475=CARTESIAN_POINT('',(-2.74097040297773,-1.58250000000003,11.9793102231965));
#7476=CARTESIAN_POINT('',(-3.65462720397033,-2.94123677501903E-14,11.9201435565298));
#7477=CARTESIAN_POINT('',(-2.74097040297776,1.58249999999999,11.8609768898632));
#7478=CARTESIAN_POINT('',(-1.82731360198517,3.165,11.8018102231965));
#7479=CARTESIAN_POINT('',(-4.34230341784642E-14,3.165,11.7426435565298));
#7480=CARTESIAN_POINT('',(1.82731360198513,3.16500000000002,11.6834768898632));
#7481=CARTESIAN_POINT('',(2.74097040297774,1.58250000000002,11.6243102231965));
#7482=CARTESIAN_POINT('',(3.65462720397033,1.89769328651987E-14,11.5651435565298));
#7483=CARTESIAN_POINT('',(2.74097040297775,-1.58249999999999,11.5059768898632));
#7484=CARTESIAN_POINT('',(1.82731360198521,-3.16499999999997,11.4468102231965));
#7485=CARTESIAN_POINT('',(3.25662960969907E-14,-3.165,11.3876435565298));
#7486=CARTESIAN_POINT('',(-1.82731360198514,-3.16500000000001,11.3284768898632));
#7487=CARTESIAN_POINT('',(-2.74097040297774,-1.58250000000001,11.2693102231965));
#7488=CARTESIAN_POINT('',(-3.65462720397033,-5.61882314458582E-14,11.2101435565298));
#7489=CARTESIAN_POINT('',(-2.74097040297777,1.58249999999997,11.1509768898632));
#7490=CARTESIAN_POINT('',(-1.8273136019852,3.16499999999998,11.0918102231965));
#7491=CARTESIAN_POINT('',(-2.17095580155173E-14,3.165,11.0326435565298));
#7492=CARTESIAN_POINT('',(1.82731360198515,3.16500000000001,10.9734768898632));
#7493=CARTESIAN_POINT('',(2.74097040297772,1.58250000000004,10.9143102231965));
#7494=CARTESIAN_POINT('',(3.65462720397033,4.59266964063456E-14,10.8551435565298));
#7495=CARTESIAN_POINT('',(2.74097040297776,-1.58249999999997,10.7959768898632));
#7496=CARTESIAN_POINT('',(1.82731360198519,-3.16499999999999,10.7368102231965));
#7497=CARTESIAN_POINT('',(1.08528199340438E-14,-3.165,10.6776435565298));
#7498=CARTESIAN_POINT('',(-1.82731360198512,-3.16500000000003,10.6184768898632));
#7499=CARTESIAN_POINT('',(-2.74097040297773,-1.58250000000003,10.5593102231965));
#7500=CARTESIAN_POINT('',(-3.65462720397033,-3.1028718907679E-14,10.5001435565298));
#7501=CARTESIAN_POINT('',(-2.74097040297776,1.58249999999998,10.4409768898632));
#7502=CARTESIAN_POINT('',(-1.82731360198517,3.165,10.3818102231965));
#7503=CARTESIAN_POINT('',(-4.49734370261847E-14,3.165,10.3226435565298));
#7504=CARTESIAN_POINT('',(1.82731360198513,3.16500000000002,10.2634768898632));
#7505=CARTESIAN_POINT('',(2.74097040297774,1.58250000000002,10.2043102231965));
#7506=CARTESIAN_POINT('',(3.65462720397033,2.09410837136452E-14,10.1451435565298));
#7507=CARTESIAN_POINT('',(2.74097040297777,-1.58249999999995,10.0859768898632));
#7508=CARTESIAN_POINT('',(1.82731360198521,-3.16499999999997,10.0268102231965));
#7509=CARTESIAN_POINT('',(3.41166989447113E-14,-3.165,9.96764355652982));
#7510=CARTESIAN_POINT('',(-1.82731360198514,-3.16500000000001,9.90847688986315));
#7511=CARTESIAN_POINT('',(-2.74097040297774,-1.58250000000001,9.84931022319649));
#7512=CARTESIAN_POINT('',(-3.65462720397033,-5.7804582603347E-14,9.79014355652982));
#7513=CARTESIAN_POINT('',(-2.74097040297777,1.58249999999996,9.73097688986315));
#7514=CARTESIAN_POINT('',(-1.8273136019852,3.16499999999998,9.67181022319649));
#7515=CARTESIAN_POINT('',(-2.32599608632378E-14,3.165,9.61264355652982));
#7516=CARTESIAN_POINT('',(1.82731360198515,3.16500000000001,9.55347688986315));
#7517=CARTESIAN_POINT('',(2.74097040297772,1.58250000000004,9.49431022319649));
#7518=CARTESIAN_POINT('',(3.65462720397033,4.78908472547922E-14,9.43514355652982));
#7519=CARTESIAN_POINT('',(2.74097040297776,-1.58249999999997,9.37597688986315));
#7520=CARTESIAN_POINT('',(1.82731360198519,-3.16499999999999,9.31681022319649));
#7521=CARTESIAN_POINT('',(1.24032227817644E-14,-3.165,9.25764355652982));
#7522=CARTESIAN_POINT('',(-1.82731360198512,-3.16500000000003,9.19847688986315));
#7523=CARTESIAN_POINT('',(-2.74097040297773,-1.58250000000003,9.13931022319649));
#7524=CARTESIAN_POINT('',(-3.65462720397033,-3.26450700651677E-14,9.08014355652982));
#7525=CARTESIAN_POINT('',(-2.74097040297776,1.58249999999998,9.02097688986315));
#7526=CARTESIAN_POINT('',(-1.82731360198522,3.16499999999997,8.96181022319649));
#7527=CARTESIAN_POINT('',(-4.65238398739053E-14,3.165,8.90264355652982));
#7528=CARTESIAN_POINT('',(1.82731360198513,3.16500000000002,8.84347688986315));
#7529=CARTESIAN_POINT('',(2.74097040297773,1.58250000000003,8.78431022319648));
#7530=CARTESIAN_POINT('',(3.65462720397033,2.29052345620918E-14,8.72514355652982));
#7531=CARTESIAN_POINT('',(2.74097040297778,-1.58249999999995,8.66597688986315));
#7532=CARTESIAN_POINT('',(1.82731360198521,-3.16499999999997,8.60681022319649));
#7533=CARTESIAN_POINT('',(3.56671017924318E-14,-3.165,8.54764355652982));
#7534=CARTESIAN_POINT('',(-1.82731360198514,-3.16500000000001,8.48847688986315));
#7535=CARTESIAN_POINT('',(-2.74097040297774,-1.58250000000001,8.42931022319649));
#7536=CARTESIAN_POINT('',(-3.65462720397033,-5.94209337608357E-14,8.37014355652982));
#7537=CARTESIAN_POINT('',(-2.74097040297777,1.58249999999996,8.31097688986315));
#7538=CARTESIAN_POINT('',(-1.8273136019852,3.16499999999998,8.25181022319649));
#7539=CARTESIAN_POINT('',(-2.48103637109584E-14,3.165,8.19264355652982));
#7540=CARTESIAN_POINT('',(1.8273136019851,3.16500000000004,8.13347688986315));
#7541=CARTESIAN_POINT('',(2.74097040297772,1.58250000000005,8.07431022319649));
#7542=CARTESIAN_POINT('',(3.65462720397033,4.98549981032387E-14,8.01514355652982));
#7543=CARTESIAN_POINT('',(2.74097040297776,-1.58249999999997,7.95597688986315));
#7544=CARTESIAN_POINT('',(1.82731360198519,-3.16499999999998,7.89681022319649));
#7545=CARTESIAN_POINT('',(5.89309808030993E-14,-3.165,7.83764355652982));
#7546=CARTESIAN_POINT('',(-1.82731360198512,-3.16500000000003,7.77847688986315));
#7547=CARTESIAN_POINT('',(-2.74097040297773,-1.58250000000003,7.71931022319649));
#7548=CARTESIAN_POINT('',(-3.65462720397033,-3.42614212226564E-14,7.66014355652982));
#7549=CARTESIAN_POINT('',(-2.74097040297776,1.58249999999998,7.60097688986315));
#7550=CARTESIAN_POINT('',(-1.82731360198522,3.16499999999997,7.54181022319649));
#7551=CARTESIAN_POINT('',(-4.80742427216258E-14,3.165,7.48264355652982));
#7552=CARTESIAN_POINT('',(1.82731360198513,3.16500000000002,7.42347688986315));
#7553=CARTESIAN_POINT('',(2.74097040297773,1.58250000000003,7.36431022319649));
#7554=CARTESIAN_POINT('',(3.65462720397033,2.48693854105384E-14,7.30514355652982));
#7555=CARTESIAN_POINT('',(2.74097040297778,-1.58249999999995,7.24597688986315));
#7556=CARTESIAN_POINT('',(1.82731360198521,-3.16499999999997,7.18681022319649));
#7557=CARTESIAN_POINT('',(3.72175046401524E-14,-3.165,7.12764355652982));
#7558=CARTESIAN_POINT('',(-1.82731360198514,-3.16500000000001,7.06847688986315));
#7559=CARTESIAN_POINT('',(-2.74097040297772,-1.58250000000005,7.00931022319649));
#7560=CARTESIAN_POINT('',(-3.65462720397033,-6.10372849183244E-14,6.95014355652982));
#7561=CARTESIAN_POINT('',(-2.74097040297777,1.58249999999996,6.89097688986315));
#7562=CARTESIAN_POINT('',(-1.8273136019852,3.16499999999998,6.83181022319649));
#7563=CARTESIAN_POINT('',(-2.63607665586789E-14,3.165,6.77264355652982));
#7564=CARTESIAN_POINT('',(1.8273136019851,3.16500000000004,6.71347688986315));
#7565=CARTESIAN_POINT('',(2.74097040297772,1.58250000000005,6.65431022319649));
#7566=CARTESIAN_POINT('',(3.65462720397033,5.18191489516853E-14,6.59514355652982));
#7567=CARTESIAN_POINT('',(2.74097040297777,-1.58249999999997,6.53597688986315));
#7568=CARTESIAN_POINT('',(1.82731360198519,-3.16499999999998,6.47681022319648));
#7569=CARTESIAN_POINT('',(6.04813836508198E-14,-3.165,6.41764355652982));
#7570=CARTESIAN_POINT('',(-1.82731360198511,-3.16500000000003,6.35847688986315));
#7571=CARTESIAN_POINT('',(-2.74097040297773,-1.58250000000003,6.29931022319649));
#7572=CARTESIAN_POINT('',(-3.65462720397033,-3.58777723801451E-14,6.24014355652982));
#7573=CARTESIAN_POINT('',(-2.74097040297776,1.58249999999998,6.18097688986315));
#7574=CARTESIAN_POINT('',(-1.82731360198518,3.16499999999999,6.12181022319649));
#7575=CARTESIAN_POINT('',(-4.96246455693464E-14,3.165,6.06264355652982));
#7576=CARTESIAN_POINT('',(1.82731360198508,3.16500000000005,6.00347688986315));
#7577=CARTESIAN_POINT('',(2.74097040297773,1.58250000000003,5.94431022319649));
#7578=CARTESIAN_POINT('',(3.65462720397033,7.87689124928322E-14,5.88514355652982));
#7579=CARTESIAN_POINT('',(2.74097040297775,-1.58249999999999,5.82597688986315));
#7580=CARTESIAN_POINT('',(1.82731360198521,-3.16499999999997,5.76681022319649));
#7581=CARTESIAN_POINT('',(8.37452626614873E-14,-3.165,5.70764355652982));
#7582=CARTESIAN_POINT('',(-1.82731360198514,-3.16500000000002,5.64847688986315));
#7583=CARTESIAN_POINT('',(-2.74097040297772,-1.58250000000005,5.58931022319649));
#7584=CARTESIAN_POINT('',(-3.65462720397033,-1.07182598419658E-14,5.53014355652982));
#7585=CARTESIAN_POINT('',(-2.74097040297777,1.58249999999996,5.47097688986315));
#7586=CARTESIAN_POINT('',(-1.82731360198525,3.16499999999995,5.41181022319649));
#7587=CARTESIAN_POINT('',(-2.79111694063995E-14,3.165,5.35264355652982));
#7588=CARTESIAN_POINT('',(1.8273136019851,3.16500000000004,5.29347688986315));
#7589=CARTESIAN_POINT('',(2.74097040297774,1.58250000000001,5.23431022319649));
#7590=CARTESIAN_POINT('',(3.65462720397033,5.37832998001319E-14,5.17514355652982));
#7591=CARTESIAN_POINT('',(2.74097040297779,-1.58249999999993,5.11597688986315));
#7592=CARTESIAN_POINT('',(1.82731360198519,-3.16499999999998,5.05681022319649));
#7593=CARTESIAN_POINT('',(6.20317864985404E-14,-3.165,4.99764355652982));
#7594=CARTESIAN_POINT('',(-1.82731360198516,-3.165,4.93847688986315));
#7595=CARTESIAN_POINT('',(-2.74097040297773,-1.58250000000004,4.87931022319649));
#7596=CARTESIAN_POINT('',(-3.65462720397033,-8.94294997714811E-14,4.82014355652982));
#7597=CARTESIAN_POINT('',(-2.74097040297776,1.58249999999998,4.76097688986315));
#7598=CARTESIAN_POINT('',(-1.82731360198523,3.16499999999997,4.70181022319649));
#7599=CARTESIAN_POINT('',(-6.19769324345259E-15,3.165,4.64264355652982));
#7600=CARTESIAN_POINT('',(1.82731360198512,3.16500000000003,4.58347688986315));
#7601=CARTESIAN_POINT('',(2.74097040297771,1.58250000000007,4.52431022319649));
#7602=CARTESIAN_POINT('',(3.65462720397033,2.87976871074315E-14,4.46514355652982));
#7603=CARTESIAN_POINT('',(2.74097040297778,-1.58249999999995,4.40597688986315));
#7604=CARTESIAN_POINT('',(1.82731360198526,-3.16499999999994,4.34681022319648));
#7605=CARTESIAN_POINT('',(4.03183103355935E-14,-3.165,4.28764355652982));
#7606=CARTESIAN_POINT('',(-1.82731360198509,-3.16500000000004,4.22847688986315));
#7607=CARTESIAN_POINT('',(-2.74097040297774,-1.58250000000002,4.16931022319648));
#7608=CARTESIAN_POINT('',(-3.65462720397033,-6.42699872333018E-14,4.11014355652982));
#7609=CARTESIAN_POINT('',(-2.7409704029778,1.58249999999992,4.05097688986315));
#7610=CARTESIAN_POINT('',(-1.8273136019852,3.16499999999998,3.99181022319649));
#7611=CARTESIAN_POINT('',(-7.44389274277344E-14,3.165,3.93264355652982));
#7612=CARTESIAN_POINT('',(1.82731360198515,3.16500000000001,3.87347688986315));
#7613=CARTESIAN_POINT('',(2.74097040297772,1.58250000000005,3.81431022319649));
#7614=CARTESIAN_POINT('',(3.65462720397033,1.07682826882426E-13,3.75514355652982));
#7615=CARTESIAN_POINT('',(2.74097040297777,-1.58249999999997,3.69597688986315));
#7616=CARTESIAN_POINT('',(1.82731360198524,-3.16499999999996,3.63681022319649));
#7617=CARTESIAN_POINT('',(1.86048341726466E-14,-3.165,3.57764355652982));
#7618=CARTESIAN_POINT('',(-1.82731360198511,-3.16500000000003,3.51847688986315));
#7619=CARTESIAN_POINT('',(-2.7409704029777,-1.58250000000008,3.45931022319649));
#7620=CARTESIAN_POINT('',(-3.65462720397033,-3.91104746951226E-14,3.40014355652982));
#7621=CARTESIAN_POINT('',(-2.74097040297778,1.58249999999994,3.34097688986315));
#7622=CARTESIAN_POINT('',(-1.82731360198518,3.16499999999999,3.28181022319649));
#7623=CARTESIAN_POINT('',(-5.27254512647875E-14,3.165,3.22264355652982));
#7624=CARTESIAN_POINT('',(1.82731360198508,3.16500000000005,3.16347688986315));
#7625=CARTESIAN_POINT('',(2.74097040297773,1.58250000000003,3.10431022319648));
#7626=CARTESIAN_POINT('',(3.65462720397033,8.26972141897254E-14,3.04514355652982));
#7627=CARTESIAN_POINT('',(2.74097040297776,-1.58249999999998,2.98597688986315));
#7628=CARTESIAN_POINT('',(1.82731360198522,-3.16499999999997,2.92681022319648));
#7629=CARTESIAN_POINT('',(8.68460683569284E-14,-3.165,2.86764355652982));
#7630=CARTESIAN_POINT('',(-1.82731360198513,-3.16500000000002,2.80847688986315));
#7631=CARTESIAN_POINT('',(-2.74097040297771,-1.58250000000006,2.74931022319649));
#7632=CARTESIAN_POINT('',(-3.65462720397033,-1.39509621569433E-14,2.69014355652982));
#7633=CARTESIAN_POINT('',(-2.74097040297777,1.58249999999996,2.63097688986315));
#7634=CARTESIAN_POINT('',(-1.82731360198525,3.16499999999995,2.57181022319649));
#7635=CARTESIAN_POINT('',(-3.10119751018406E-14,3.165,2.51264355652982));
#7636=CARTESIAN_POINT('',(1.8273136019851,3.16500000000004,2.45347688986315));
#7637=CARTESIAN_POINT('',(2.74097040297774,1.58250000000001,2.39431022319649));
#7638=CARTESIAN_POINT('',(3.65462720397033,5.7711601497025E-14,2.33514355652982));
#7639=CARTESIAN_POINT('',(2.74097040297779,-1.58249999999993,2.27597688986315));
#7640=CARTESIAN_POINT('',(1.82731360198519,-3.16499999999998,2.21681022319649));
#7641=CARTESIAN_POINT('',(6.51325921939815E-14,-3.165,2.15764355652982));
#7642=CARTESIAN_POINT('',(-1.82731360198506,-3.16500000000006,2.09847688986315));
#7643=CARTESIAN_POINT('',(-2.74097040297772,-1.58250000000004,2.03931022319648));
#7644=CARTESIAN_POINT('',(-3.65462720397033,-9.26622020864586E-14,1.98014355652982));
#7645=CARTESIAN_POINT('',(-2.74097040297776,1.58249999999998,1.92097688986315));
#7646=CARTESIAN_POINT('',(-1.82731360198523,3.16499999999996,1.86181022319648));
#7647=CARTESIAN_POINT('',(-9.92532092861224E-14,3.165,1.80264355652982));
#7648=CARTESIAN_POINT('',(1.82731360198512,3.16500000000003,1.74347688986315));
#7649=CARTESIAN_POINT('',(2.74097040297771,1.58250000000007,1.68431022319649));
#7650=CARTESIAN_POINT('',(3.65462720397033,3.27259888043246E-14,1.62514355652982));
#7651=CARTESIAN_POINT('',(2.74097040297778,-1.58249999999994,1.56597688986315));
#7652=CARTESIAN_POINT('',(1.82731360198526,-3.16499999999994,1.50681022319649));
#7653=CARTESIAN_POINT('',(4.34191160310346E-14,-3.165,1.44764355652982));
#7654=CARTESIAN_POINT('',(-3.16499767096731,0.00383963169176277,19.02));
#7655=CARTESIAN_POINT('',(-3.16499767096731,0.00383963169195752,19.02));
#7656=CARTESIAN_POINT('',(-3.14860243820041,-0.725184519851525,19.0372796391023));
#7657=CARTESIAN_POINT('',(-2.60538019261271,-2.14800306905614,19.067383780013));
#7658=CARTESIAN_POINT('',(-0.59305951753808,-3.27795544066089,19.1210016799913));
#7659=CARTESIAN_POINT('',(1.67115503677552,-2.82848973378388,19.1705747250736));
#7660=CARTESIAN_POINT('',(3.08441312158588,-0.992761182315536,19.2213294612809));
#7661=CARTESIAN_POINT('',(2.90376043278309,1.3209097373092,19.2763043105063));
#7662=CARTESIAN_POINT('',(1.20172313573181,2.90479240699904,19.3299398775505));
#7663=CARTESIAN_POINT('',(-1.13508204778118,2.87843243085148,19.383161285161));
#7664=CARTESIAN_POINT('',(-2.23524522897719,1.78109546321493,19.4217369874295));
#7665=CARTESIAN_POINT('',(-2.51254955439104,1.10549524500533,19.44));
#7666=CARTESIAN_POINT('',(0.,0.,1.14));
#7667=CARTESIAN_POINT('',(0.,0.,19.02));
#7668=CARTESIAN_POINT('',(0.,0.,19.02));
#7669=CARTESIAN_POINT('',(0.,0.,19.51));
#7670=CARTESIAN_POINT('',(-2.675,0.,19.51));
#7671=CARTESIAN_POINT('',(0.,0.,20.32));
#7672=CARTESIAN_POINT('',(0.,0.,20.32));
#7673=CARTESIAN_POINT('',(0.,-2.675,20.32));
#7674=CARTESIAN_POINT('',(0.,0.,20.32));
#7675=CARTESIAN_POINT('',(0.,0.,20.32));
#7676=CARTESIAN_POINT('',(0.,2.475,20.32));
#7677=CARTESIAN_POINT('',(0.,0.,18.32));
#7678=CARTESIAN_POINT('',(0.,0.,18.32));
#7679=CARTESIAN_POINT('',(0.,2.475,18.32));
#7680=CARTESIAN_POINT('',(0.,0.,18.32));
#7681=CARTESIAN_POINT('',(-1.01990329059215E-16,2.63930291855635E-16,18.32));
#7682=CARTESIAN_POINT('',(-0.633028435380276,0.0500000000000008,18.32));
#7683=CARTESIAN_POINT('',(-0.633028435380276,-0.0499999999999953,18.32));
#7684=CARTESIAN_POINT('',(2.32331565291969,0.0500000000000053,18.32));
#7685=CARTESIAN_POINT('',(-0.582859331228386,0.0500000000000055,18.32));
#7686=CARTESIAN_POINT('',(-2.08372007020164E-15,5.958828319233E-15,18.32));
#7687=CARTESIAN_POINT('',(0.582859331228383,0.0500000000000054,18.32));
#7688=CARTESIAN_POINT('',(2.32331565291969,0.0500000000000053,18.32));
#7689=CARTESIAN_POINT('',(0.633028435380276,0.050000000000001,18.32));
#7690=CARTESIAN_POINT('',(-1.01990329059215E-16,2.63930291855635E-16,18.32));
#7691=CARTESIAN_POINT('',(0.633028435380276,-0.0499999999999951,18.32));
#7692=CARTESIAN_POINT('',(2.32331565291969,-0.0499999999999947,18.32));
#7693=CARTESIAN_POINT('',(0.582859331228384,-0.0499999999999946,18.32));
#7694=CARTESIAN_POINT('',(-2.08372007020164E-15,5.958828319233E-15,18.32));
#7695=CARTESIAN_POINT('',(-0.582859331228386,-0.0499999999999945,18.32));
#7696=CARTESIAN_POINT('',(2.32331565291969,-0.0499999999999947,18.32));
#7697=CARTESIAN_POINT('',(-1.01990329059215E-16,2.63930291855635E-16,18.32));
#7698=CARTESIAN_POINT('',(-2.84162766445445E-15,8.08926414478188E-15,22.3199999999999));
#7699=CARTESIAN_POINT('',(0.627076550350912,0.100000000000004,14.32));
#7700=CARTESIAN_POINT('',(-6.81626908969544E-17,1.76391223246801E-16,14.32));
#7701=CARTESIAN_POINT('',(0.627076550350914,-0.0999999999999962,14.32));
#7702=CARTESIAN_POINT('',(-1.35817967221473E-16,3.51469360464466E-16,22.3199999999998));
#7703=CARTESIAN_POINT('',(-1.01990329059215E-16,2.63930291855635E-16,18.32));
#7704=CARTESIAN_POINT('',(-6.81626908969544E-17,1.76391223246801E-16,14.32));
#7705=CARTESIAN_POINT('',(-0.627076550350913,-0.0999999999999961,14.32));
#7706=CARTESIAN_POINT('',(-0.627076550350912,0.100000000000004,14.32));
#7707=CARTESIAN_POINT('',(-2.84162766445445E-15,8.08926414478188E-15,22.3199999999999));
#7708=CARTESIAN_POINT('',(-1.35817967221473E-16,3.51469360464466E-16,22.3199999999998));
#7709=CARTESIAN_POINT('',(-1.32581247594881E-15,3.82839249368409E-15,14.32));
#7710=CARTESIAN_POINT('',(-2.84162766445448E-15,8.08926414478196E-15,22.3200000000001));
#7711=CARTESIAN_POINT('',(0.576389625166865,-0.0999999999999962,14.32));
#7712=CARTESIAN_POINT('',(-1.32581247594881E-15,3.82839249368409E-15,14.32));
#7713=CARTESIAN_POINT('',(-0.576389625166867,-0.0999999999999961,14.32));
#7714=CARTESIAN_POINT('',(-2.84162766445448E-15,8.08926414478196E-15,22.3200000000001));
#7715=CARTESIAN_POINT('',(-1.32581247594881E-15,3.82839249368409E-15,14.32));
#7716=CARTESIAN_POINT('',(-2.84162766445445E-15,8.08926414478187E-15,22.3199999999999));
#7717=CARTESIAN_POINT('',(-0.576389625166867,0.100000000000004,14.32));
#7718=CARTESIAN_POINT('',(-1.32581247594881E-15,3.82839249368409E-15,14.32));
#7719=CARTESIAN_POINT('',(0.576389625166865,0.100000000000004,14.32));
#7720=CARTESIAN_POINT('',(-2.84162766445445E-15,8.08926414478187E-15,22.3199999999999));
#7721=CARTESIAN_POINT('',(-1.32581247594881E-15,3.82839249368409E-15,14.32));
#7722=CARTESIAN_POINT('',(2.32331565291969,0.100000000000004,14.32));
#7723=CARTESIAN_POINT('',(2.32331565291969,-0.0999999999999963,14.32));
#7724=CARTESIAN_POINT('',(2.32331565291969,-0.0999999999999963,14.32));
#7725=CARTESIAN_POINT('',(2.32331565291969,0.100000000000004,14.32));
#7726=CARTESIAN_POINT('',(2.32331565291969,0.100000000000004,14.32));
#7727=CARTESIAN_POINT('',(2.32331565291969,-0.0499999999999947,18.32));
#7728=CARTESIAN_POINT('',(2.32331565291969,0.100000000000004,14.32));
#7729=CARTESIAN_POINT('',(2.32331565291969,-0.0499999999999947,18.32));
#7730=CARTESIAN_POINT('',(-9.22226682009186E-16,2.6939354165793E-15,12.19));
#7731=CARTESIAN_POINT('',(-9.22226682009186E-16,2.6939354165793E-15,12.19));
#7732=CARTESIAN_POINT('',(-0.500000000000001,2.72862988609883E-15,12.19));
#7733=CARTESIAN_POINT('',(-8.27488232727583E-16,2.42763093838568E-15,11.69));
#7734=CARTESIAN_POINT('',(-0.500000000000001,2.46232540790522E-15,11.69));
#7735=CARTESIAN_POINT('',(-9.22226682009186E-16,2.6939354165793E-15,12.19));
#7736=CARTESIAN_POINT('',(-5.01494735755508E-17,1.29776669212597E-16,12.19));
#7737=CARTESIAN_POINT('',(-5.01494735755508E-17,0.635,12.19));
#7738=CARTESIAN_POINT('',(-8.27488232727583E-16,2.42763093838568E-15,11.69));
#7739=CARTESIAN_POINT('',(-4.59210188052683E-17,1.18834285636493E-16,11.69));
#7740=CARTESIAN_POINT('',(-4.59210188052683E-17,0.635,11.69));
#7741=CARTESIAN_POINT('',(-1.01990329059215E-16,2.63930291855635E-16,18.32));
#7742=MECHANICAL_DESIGN_GEOMETRIC_PRESENTATION_REPRESENTATION('',(#2441,
#2442,#2443,#2444,#2445,#2446,#2447,#2448,#2449,#2450,#2451,#2452,#2453,
#2454,#2455,#2456,#2457,#2458,#2459,#2460,#2461,#2462,#2463,#2464,#2465,
#2466,#2467,#2468,#2469,#2470,#2471,#2472,#2473,#2474,#2475,#2476,#2477,
#2478,#2479,#2480,#2481,#2482,#2483,#2484,#2485,#2486,#2487,#2488,#2489,
#2490,#2491,#2492,#2493,#2494,#2495,#2496,#2497,#2498,#2499,#2500,#2501,
#2502,#2503,#2504,#2505,#2506,#2507,#2508,#2509),#7743);
#7743=(
GEOMETRIC_REPRESENTATION_CONTEXT(3)
GLOBAL_UNCERTAINTY_ASSIGNED_CONTEXT((#7744))
GLOBAL_UNIT_ASSIGNED_CONTEXT((#7747,#7746,#7745))
REPRESENTATION_CONTEXT('60312042114504','TOP_LEVEL_ASSEMBLY_PART')
);
#7744=UNCERTAINTY_MEASURE_WITH_UNIT(LENGTH_MEASURE(0.005),#7747,
'DISTANCE_ACCURACY_VALUE','Maximum Tolerance applied to model');
#7745=(
NAMED_UNIT(*)
SI_UNIT($,.STERADIAN.)
SOLID_ANGLE_UNIT()
);
#7746=(
NAMED_UNIT(*)
PLANE_ANGLE_UNIT()
SI_UNIT($,.RADIAN.)
);
#7747=(
LENGTH_UNIT()
NAMED_UNIT(*)
SI_UNIT(.MILLI.,.METRE.)
);
#7748=PRODUCT_DEFINITION_SHAPE('','',#7749);
#7749=PRODUCT_DEFINITION('','',#7751,#7750);
#7750=PRODUCT_DEFINITION_CONTEXT('',#7757,'design');
#7751=PRODUCT_DEFINITION_FORMATION_WITH_SPECIFIED_SOURCE('','',#7753,
 .NOT_KNOWN.);
#7752=PRODUCT_RELATED_PRODUCT_CATEGORY('','',(#7753));
#7753=PRODUCT('60312042114504','60312042114504','60312042114504',(#7755));
#7754=PRODUCT_CATEGORY('','');
#7755=PRODUCT_CONTEXT('',#7757,'mechanical');
#7756=APPLICATION_PROTOCOL_DEFINITION('international standard',
'automotive_design',2010,#7757);
#7757=APPLICATION_CONTEXT(
'core data for automotive mechanical design processes');
ENDSEC;
END-ISO-10303-21;
