ISO-10303-21;
HEADER;
FILE_DESCRIPTION((''),'2;1');
FILE_NAME('C-5788793-1','2011-10-31T',('workeradm'),('Tyco Electronics Ltd.'),
'PRO/ENGINEER BY PARAMETRIC TECHNOLOGY CORPORATION, 2010430',
'PRO/ENGINEER BY PARAMETRIC TECHNOLOGY CORPORATION, 2010430','');
FILE_SCHEMA(('AUTOMOTIVE_DESIGN { 1 0 10303 214 1 1 1 1 }'));
ENDSEC;
DATA;
#1=DRAUGHTING_PRE_DEFINED_COLOUR('black');
#2=COLOUR_RGB('',0.E0,0.E0,3.6E-1);
#3=COLOUR_RGB('',0.E0,0.E0,4.8E-1);
#4=DRAUGHTING_PRE_DEFINED_COLOUR('blue');
#5=COLOUR_RGB('',0.E0,3.6E-1,9.E-2);
#6=COLOUR_RGB('',0.E0,3.6E-1,2.7E-1);
#7=COLOUR_RGB('',0.E0,5.6E-1,6.4E-1);
#8=COLOUR_RGB('',0.E0,5.8E-1,8.E-1);
#9=COLOUR_RGB('',0.E0,7.1E-1,6.6E-1);
#10=COLOUR_RGB('',0.E0,7.13E-1,0.E0);
#11=COLOUR_RGB('',0.E0,9.5E-1,8.4E-1);
#12=DRAUGHTING_PRE_DEFINED_COLOUR('green');
#13=DRAUGHTING_PRE_DEFINED_COLOUR('cyan');
#14=COLOUR_RGB('',4.E-2,0.E0,1.6E-1);
#15=COLOUR_RGB('',9.E-2,0.E0,1.2E-1);
#16=COLOUR_RGB('',1.E-1,0.E0,2.5E-1);
#17=COLOUR_RGB('',1.6E-1,3.2E-2,0.E0);
#18=COLOUR_RGB('',1.6E-1,4.6E-1,6.5E-1);
#19=COLOUR_RGB('',1.6E-1,1.E0,1.6E-1);
#20=COLOUR_RGB('',2.E-1,3.2E-2,0.E0);
#21=COLOUR_RGB('',3.1E-1,3.1E-1,5.6E-1);
#22=COLOUR_RGB('',3.2E-1,1.5E-1,0.E0);
#23=COLOUR_RGB('',4.E-1,4.E-1,4.E-1);
#24=COLOUR_RGB('',4.2E-1,4.2E-1,1.E0);
#25=COLOUR_RGB('',4.4E-1,8.5E-1,1.E0);
#26=COLOUR_RGB('',4.9E-1,4.9E-1,0.E0);
#27=COLOUR_RGB('',4.9E-1,1.E0,0.E0);
#28=COLOUR_RGB('',5.E-1,0.E0,0.E0);
#29=COLOUR_RGB('',5.E-1,0.E0,2.3E-1);
#30=COLOUR_RGB('',5.E-1,5.E-1,5.E-1);
#31=COLOUR_RGB('',5.3E-1,0.E0,0.E0);
#32=COLOUR_RGB('',5.4E-1,0.E0,4.4E-1);
#33=COLOUR_RGB('',5.5E-1,3.E-1,0.E0);
#34=COLOUR_RGB('',5.6E-1,1.E-1,5.E-2);
#35=COLOUR_RGB('',5.8E-1,2.2E-1,1.E-2);
#36=COLOUR_RGB('',6.E-1,6.E-1,6.E-1);
#37=COLOUR_RGB('',6.2E-1,0.E0,5.5E-1);
#38=COLOUR_RGB('',6.4E-1,0.E0,2.5E-1);
#39=COLOUR_RGB('',6.4E-1,1.E-2,0.E0);
#40=COLOUR_RGB('',6.8E-1,7.5E-1,1.E0);
#41=COLOUR_RGB('',7.1E-1,3.1E-1,0.E0);
#42=COLOUR_RGB('',7.2E-1,7.2E-1,7.2E-1);
#43=COLOUR_RGB('',7.4E-1,1.E0,2.6E-1);
#44=COLOUR_RGB('',7.5E-1,3.E-2,0.E0);
#45=COLOUR_RGB('',7.6E-1,0.E0,4.7E-1);
#46=COLOUR_RGB('',8.1E-1,4.E-2,0.E0);
#47=COLOUR_RGB('',8.1E-1,6.1E-1,0.E0);
#48=COLOUR_RGB('',8.2E-1,4.E-2,6.6E-1);
#49=COLOUR_RGB('',8.5E-1,8.5E-1,8.5E-1);
#50=COLOUR_RGB('',8.784E-1,9.49E-1,1.E0);
#51=COLOUR_RGB('',9.E-1,1.E0,0.E0);
#52=COLOUR_RGB('',9.37E-1,7.85E-1,0.E0);
#53=COLOUR_RGB('',9.5E-1,2.2E-1,8.1E-1);
#54=COLOUR_RGB('',9.6E-1,3.7E-1,3.E-1);
#55=COLOUR_RGB('',9.6E-1,7.1E-1,3.75E-1);
#56=DRAUGHTING_PRE_DEFINED_COLOUR('red');
#57=COLOUR_RGB('',1.E0,0.E0,6.1E-1);
#58=COLOUR_RGB('',1.E0,4.E-2,0.E0);
#59=COLOUR_RGB('',1.E0,2.3E-1,0.E0);
#60=COLOUR_RGB('',1.E0,3.5E-1,5.2E-1);
#61=COLOUR_RGB('',1.E0,3.6E-1,0.E0);
#62=COLOUR_RGB('',1.E0,4.9E-1,3.7E-1);
#63=COLOUR_RGB('',1.E0,5.E-1,0.E0);
#64=COLOUR_RGB('',1.E0,5.6E-1,7.8E-1);
#65=COLOUR_RGB('',1.E0,6.4E-1,4.9E-1);
#66=COLOUR_RGB('',1.E0,6.7E-1,0.E0);
#67=COLOUR_RGB('',1.E0,7.6E-1,6.5E-1);
#68=COLOUR_RGB('',1.E0,8.6E-1,4.E-2);
#69=COLOUR_RGB('',1.E0,9.8E-1,7.2E-1);
#70=DRAUGHTING_PRE_DEFINED_COLOUR('yellow');
#71=DRAUGHTING_PRE_DEFINED_COLOUR('white');
#72=DIRECTION('',(-1.E0,0.E0,0.E0));
#73=VECTOR('',#72,1.269492E1);
#74=CARTESIAN_POINT('',(6.34746E0,4.191E0,0.E0));
#75=LINE('',#74,#73);
#76=CARTESIAN_POINT('',(-6.34746E0,2.06756E0,0.E0));
#77=DIRECTION('',(0.E0,0.E0,1.E0));
#78=DIRECTION('',(0.E0,1.E0,0.E0));
#79=AXIS2_PLACEMENT_3D('',#76,#77,#78);
#81=DIRECTION('',(1.736481776669E-1,-9.848077530122E-1,0.E0));
#82=VECTOR('',#81,4.198910891341E0);
#83=CARTESIAN_POINT('',(-8.438640175056E0,1.698828513615E0,0.E0));
#84=LINE('',#83,#82);
#85=CARTESIAN_POINT('',(-5.618326775533E0,-2.06756E0,0.E0));
#86=DIRECTION('',(0.E0,0.E0,1.E0));
#87=DIRECTION('',(-9.848077530122E-1,-1.736481776669E-1,0.E0));
#88=AXIS2_PLACEMENT_3D('',#85,#86,#87);
#90=DIRECTION('',(1.E0,0.E0,0.E0));
#91=VECTOR('',#90,1.123665355107E1);
#92=CARTESIAN_POINT('',(-5.618326775533E0,-4.191E0,0.E0));
#93=LINE('',#92,#91);
#94=CARTESIAN_POINT('',(5.618326775533E0,-2.06756E0,0.E0));
#95=DIRECTION('',(0.E0,0.E0,1.E0));
#96=DIRECTION('',(0.E0,-1.E0,0.E0));
#97=AXIS2_PLACEMENT_3D('',#94,#95,#96);
#99=DIRECTION('',(1.736481776669E-1,9.848077530122E-1,0.E0));
#100=VECTOR('',#99,4.198910891341E0);
#101=CARTESIAN_POINT('',(7.709506950589E0,-2.436291486385E0,0.E0));
#102=LINE('',#101,#100);
#103=CARTESIAN_POINT('',(6.34746E0,2.06756E0,0.E0));
#104=DIRECTION('',(0.E0,0.E0,1.E0));
#105=DIRECTION('',(9.848077530122E-1,-1.736481776669E-1,0.E0));
#106=AXIS2_PLACEMENT_3D('',#103,#104,#105);
#108=CARTESIAN_POINT('',(-6.34746E0,2.06756E0,0.E0));
#109=DIRECTION('',(0.E0,0.E0,-1.E0));
#110=DIRECTION('',(-9.848077530122E-1,-1.736481776669E-1,0.E0));
#111=AXIS2_PLACEMENT_3D('',#108,#109,#110);
#113=DIRECTION('',(1.E0,0.E0,0.E0));
#114=VECTOR('',#113,1.269492E1);
#115=CARTESIAN_POINT('',(-6.34746E0,4.60756E0,0.E0));
#116=LINE('',#115,#114);
#117=CARTESIAN_POINT('',(6.34746E0,2.06756E0,0.E0));
#118=DIRECTION('',(0.E0,0.E0,-1.E0));
#119=DIRECTION('',(0.E0,1.E0,0.E0));
#120=AXIS2_PLACEMENT_3D('',#117,#118,#119);
#122=DIRECTION('',(-1.736481776669E-1,-9.848077530122E-1,0.E0));
#123=VECTOR('',#122,4.198910891341E0);
#124=CARTESIAN_POINT('',(8.848871692651E0,1.626493628726E0,0.E0));
#125=LINE('',#124,#123);
#126=CARTESIAN_POINT('',(5.618326775533E0,-2.06756E0,0.E0));
#127=DIRECTION('',(0.E0,0.E0,-1.E0));
#128=DIRECTION('',(9.848077530122E-1,-1.736481776669E-1,0.E0));
#129=AXIS2_PLACEMENT_3D('',#126,#127,#128);
#131=DIRECTION('',(-1.E0,0.E0,0.E0));
#132=VECTOR('',#131,1.123665355107E1);
#133=CARTESIAN_POINT('',(5.618326775533E0,-4.60756E0,0.E0));
#134=LINE('',#133,#132);
#135=CARTESIAN_POINT('',(-5.618326775533E0,-2.06756E0,0.E0));
#136=DIRECTION('',(0.E0,0.E0,-1.E0));
#137=DIRECTION('',(0.E0,-1.E0,0.E0));
#138=AXIS2_PLACEMENT_3D('',#135,#136,#137);
#140=DIRECTION('',(-1.736481776669E-1,9.848077530122E-1,0.E0));
#141=VECTOR('',#140,4.198910891341E0);
#142=CARTESIAN_POINT('',(-8.119738468184E0,-2.508626371274E0,0.E0));
#143=LINE('',#142,#141);
#144=DIRECTION('',(1.E0,0.E0,0.E0));
#145=VECTOR('',#144,1.269492E1);
#146=CARTESIAN_POINT('',(-6.34746E0,4.191E0,-5.8928E0));
#147=LINE('',#146,#145);
#148=DIRECTION('',(0.E0,0.E0,1.E0));
#149=VECTOR('',#148,5.8928E0);
#150=CARTESIAN_POINT('',(-6.34746E0,4.191E0,-5.8928E0));
#151=LINE('',#150,#149);
#152=CARTESIAN_POINT('',(-1.24968E1,0.E0,-5.8928E0));
#153=DIRECTION('',(0.E0,0.E0,1.E0));
#154=DIRECTION('',(1.E0,0.E0,0.E0));
#155=AXIS2_PLACEMENT_3D('',#152,#153,#154);
#157=CARTESIAN_POINT('',(-1.24968E1,0.E0,-5.8928E0));
#158=DIRECTION('',(0.E0,0.E0,1.E0));
#159=DIRECTION('',(-1.E0,0.E0,0.E0));
#160=AXIS2_PLACEMENT_3D('',#157,#158,#159);
#162=CARTESIAN_POINT('',(1.24968E1,0.E0,-5.8928E0));
#163=DIRECTION('',(0.E0,0.E0,1.E0));
#164=DIRECTION('',(1.E0,0.E0,0.E0));
#165=AXIS2_PLACEMENT_3D('',#162,#163,#164);
#167=CARTESIAN_POINT('',(1.24968E1,0.E0,-5.8928E0));
#168=DIRECTION('',(0.E0,0.E0,1.E0));
#169=DIRECTION('',(-1.E0,0.E0,0.E0));
#170=AXIS2_PLACEMENT_3D('',#167,#168,#169);
#172=CARTESIAN_POINT('',(1.39446E1,4.699E0,-5.8928E0));
#173=DIRECTION('',(0.E0,0.E0,1.E0));
#174=DIRECTION('',(1.E0,0.E0,0.E0));
#175=AXIS2_PLACEMENT_3D('',#172,#173,#174);
#177=CARTESIAN_POINT('',(1.42494E1,-3.7338E0,-5.8928E0));
#178=DIRECTION('',(0.E0,0.E0,1.E0));
#179=DIRECTION('',(0.E0,-1.E0,0.E0));
#180=AXIS2_PLACEMENT_3D('',#177,#178,#179);
#182=DIRECTION('',(-1.E0,0.E0,0.E0));
#183=VECTOR('',#182,3.809999999989E-2);
#184=CARTESIAN_POINT('',(1.42494E1,-5.0038E0,-5.8928E0));
#185=LINE('',#184,#183);
#186=DIRECTION('',(0.E0,-1.E0,0.E0));
#187=VECTOR('',#186,6.096E-2);
#188=CARTESIAN_POINT('',(1.42113E1,-5.0038E0,-5.8928E0));
#189=LINE('',#188,#187);
#190=DIRECTION('',(1.E0,0.E0,0.E0));
#191=VECTOR('',#190,3.556E0);
#192=CARTESIAN_POINT('',(1.06553E1,-5.06476E0,-5.8928E0));
#193=LINE('',#192,#191);
#194=DIRECTION('',(-1.E0,0.E0,0.E0));
#195=VECTOR('',#194,3.556E0);
#196=CARTESIAN_POINT('',(-1.06553E1,-5.06476E0,-5.8928E0));
#197=LINE('',#196,#195);
#198=DIRECTION('',(0.E0,1.E0,0.E0));
#199=VECTOR('',#198,6.096E-2);
#200=CARTESIAN_POINT('',(-1.42113E1,-5.06476E0,-5.8928E0));
#201=LINE('',#200,#199);
#202=DIRECTION('',(-1.E0,0.E0,0.E0));
#203=VECTOR('',#202,3.809999999989E-2);
#204=CARTESIAN_POINT('',(-1.42113E1,-5.0038E0,-5.8928E0));
#205=LINE('',#204,#203);
#206=CARTESIAN_POINT('',(-1.42494E1,-3.7338E0,-5.8928E0));
#207=DIRECTION('',(0.E0,0.E0,1.E0));
#208=DIRECTION('',(-1.E0,0.E0,0.E0));
#209=AXIS2_PLACEMENT_3D('',#206,#207,#208);
#211=CARTESIAN_POINT('',(-1.39446E1,4.699E0,-5.8928E0));
#212=DIRECTION('',(0.E0,0.E0,1.E0));
#213=DIRECTION('',(0.E0,1.E0,0.E0));
#214=AXIS2_PLACEMENT_3D('',#211,#212,#213);
#216=DIRECTION('',(1.E0,0.E0,0.E0));
#217=VECTOR('',#216,2.78892E1);
#218=CARTESIAN_POINT('',(-1.39446E1,6.2738E0,-5.8928E0));
#219=LINE('',#218,#217);
#220=CARTESIAN_POINT('',(-5.4864E0,1.4224E0,-5.8928E0));
#221=DIRECTION('',(0.E0,0.E0,1.E0));
#222=DIRECTION('',(1.E0,0.E0,0.E0));
#223=AXIS2_PLACEMENT_3D('',#220,#221,#222);
#225=CARTESIAN_POINT('',(-5.4864E0,1.4224E0,-5.8928E0));
#226=DIRECTION('',(0.E0,0.E0,1.E0));
#227=DIRECTION('',(-1.E0,0.E0,0.E0));
#228=AXIS2_PLACEMENT_3D('',#225,#226,#227);
#230=CARTESIAN_POINT('',(-2.7432E0,1.4224E0,-5.8928E0));
#231=DIRECTION('',(0.E0,0.E0,1.E0));
#232=DIRECTION('',(1.E0,0.E0,0.E0));
#233=AXIS2_PLACEMENT_3D('',#230,#231,#232);
#235=CARTESIAN_POINT('',(-2.7432E0,1.4224E0,-5.8928E0));
#236=DIRECTION('',(0.E0,0.E0,1.E0));
#237=DIRECTION('',(-1.E0,0.E0,0.E0));
#238=AXIS2_PLACEMENT_3D('',#235,#236,#237);
#240=CARTESIAN_POINT('',(0.E0,1.4224E0,-5.8928E0));
#241=DIRECTION('',(0.E0,0.E0,1.E0));
#242=DIRECTION('',(1.E0,0.E0,0.E0));
#243=AXIS2_PLACEMENT_3D('',#240,#241,#242);
#245=CARTESIAN_POINT('',(0.E0,1.4224E0,-5.8928E0));
#246=DIRECTION('',(0.E0,0.E0,1.E0));
#247=DIRECTION('',(-1.E0,0.E0,0.E0));
#248=AXIS2_PLACEMENT_3D('',#245,#246,#247);
#250=CARTESIAN_POINT('',(2.7432E0,1.4224E0,-5.8928E0));
#251=DIRECTION('',(0.E0,0.E0,1.E0));
#252=DIRECTION('',(1.E0,0.E0,0.E0));
#253=AXIS2_PLACEMENT_3D('',#250,#251,#252);
#255=CARTESIAN_POINT('',(2.7432E0,1.4224E0,-5.8928E0));
#256=DIRECTION('',(0.E0,0.E0,1.E0));
#257=DIRECTION('',(-1.E0,0.E0,0.E0));
#258=AXIS2_PLACEMENT_3D('',#255,#256,#257);
#260=CARTESIAN_POINT('',(5.4864E0,1.4224E0,-5.8928E0));
#261=DIRECTION('',(0.E0,0.E0,1.E0));
#262=DIRECTION('',(1.E0,0.E0,0.E0));
#263=AXIS2_PLACEMENT_3D('',#260,#261,#262);
#265=CARTESIAN_POINT('',(5.4864E0,1.4224E0,-5.8928E0));
#266=DIRECTION('',(0.E0,0.E0,1.E0));
#267=DIRECTION('',(-1.E0,0.E0,0.E0));
#268=AXIS2_PLACEMENT_3D('',#265,#266,#267);
#270=CARTESIAN_POINT('',(-4.1148E0,-1.4224E0,-5.8928E0));
#271=DIRECTION('',(0.E0,0.E0,1.E0));
#272=DIRECTION('',(1.E0,0.E0,0.E0));
#273=AXIS2_PLACEMENT_3D('',#270,#271,#272);
#275=CARTESIAN_POINT('',(-4.1148E0,-1.4224E0,-5.8928E0));
#276=DIRECTION('',(0.E0,0.E0,1.E0));
#277=DIRECTION('',(-1.E0,0.E0,0.E0));
#278=AXIS2_PLACEMENT_3D('',#275,#276,#277);
#280=CARTESIAN_POINT('',(-1.3716E0,-1.4224E0,-5.8928E0));
#281=DIRECTION('',(0.E0,0.E0,1.E0));
#282=DIRECTION('',(1.E0,0.E0,0.E0));
#283=AXIS2_PLACEMENT_3D('',#280,#281,#282);
#285=CARTESIAN_POINT('',(-1.3716E0,-1.4224E0,-5.8928E0));
#286=DIRECTION('',(0.E0,0.E0,1.E0));
#287=DIRECTION('',(-1.E0,0.E0,0.E0));
#288=AXIS2_PLACEMENT_3D('',#285,#286,#287);
#290=CARTESIAN_POINT('',(1.3716E0,-1.4224E0,-5.8928E0));
#291=DIRECTION('',(0.E0,0.E0,1.E0));
#292=DIRECTION('',(1.E0,0.E0,0.E0));
#293=AXIS2_PLACEMENT_3D('',#290,#291,#292);
#295=CARTESIAN_POINT('',(1.3716E0,-1.4224E0,-5.8928E0));
#296=DIRECTION('',(0.E0,0.E0,1.E0));
#297=DIRECTION('',(-1.E0,0.E0,0.E0));
#298=AXIS2_PLACEMENT_3D('',#295,#296,#297);
#300=CARTESIAN_POINT('',(4.1148E0,-1.4224E0,-5.8928E0));
#301=DIRECTION('',(0.E0,0.E0,1.E0));
#302=DIRECTION('',(1.E0,0.E0,0.E0));
#303=AXIS2_PLACEMENT_3D('',#300,#301,#302);
#305=CARTESIAN_POINT('',(4.1148E0,-1.4224E0,-5.8928E0));
#306=DIRECTION('',(0.E0,0.E0,1.E0));
#307=DIRECTION('',(-1.E0,0.E0,0.E0));
#308=AXIS2_PLACEMENT_3D('',#305,#306,#307);
#310=DIRECTION('',(0.E0,1.E0,0.E0));
#311=VECTOR('',#310,1.27E0);
#312=CARTESIAN_POINT('',(-5.4864E0,2.286E0,-5.8928E0));
#313=LINE('',#312,#311);
#314=DIRECTION('',(-1.E0,0.E0,0.E0));
#315=VECTOR('',#314,1.5875E-1);
#316=CARTESIAN_POINT('',(-5.4864E0,3.556E0,-5.8928E0));
#317=LINE('',#316,#315);
#318=DIRECTION('',(-6.428712937139E-1,-7.659742160926E-1,0.E0));
#319=VECTOR('',#318,2.469390087134E-1);
#320=CARTESIAN_POINT('',(-5.64515E0,3.556E0,-5.8928E0));
#321=LINE('',#320,#319);
#322=DIRECTION('',(0.E0,-1.E0,0.E0));
#323=VECTOR('',#322,2.161702626944E-1);
#324=CARTESIAN_POINT('',(-5.8039E0,3.366851086378E0,-5.8928E0));
#325=LINE('',#324,#323);
#326=DIRECTION('',(6.428711427642E-1,7.659743427825E-1,0.E0));
#327=VECTOR('',#326,2.469390666960E-1);
#328=CARTESIAN_POINT('',(-5.8039E0,3.150680823684E0,-5.8928E0));
#329=LINE('',#328,#327);
#330=DIRECTION('',(0.E0,-1.E0,0.E0));
#331=VECTOR('',#330,1.053829813004E0);
#332=CARTESIAN_POINT('',(-5.64515E0,3.339829813004E0,-5.8928E0));
#333=LINE('',#332,#331);
#334=DIRECTION('',(1.E0,0.E0,0.E0));
#335=VECTOR('',#334,1.5875E-1);
#336=CARTESIAN_POINT('',(-5.64515E0,2.286E0,-5.8928E0));
#337=LINE('',#336,#335);
#338=DIRECTION('',(-6.996248351869E-1,7.145103848018E-1,0.E0));
#339=VECTOR('',#338,1.134536626030E-1);
#340=CARTESIAN_POINT('',(-3.697816691899E0,-2.807510636687E0,-5.8928E0));
#341=LINE('',#340,#339);
#342=DIRECTION('',(-8.526533338197E-1,5.224770734933E-1,0.E0));
#343=VECTOR('',#342,1.551528750949E-1);
#344=CARTESIAN_POINT('',(-3.777191691899E0,-2.726446816564E0,-5.8928E0));
#345=LINE('',#344,#343);
#346=DIRECTION('',(-9.797707167625E-1,2.001233184180E-1,0.E0));
#347=VECTOR('',#346,1.350231126895E-1);
#348=CARTESIAN_POINT('',(-3.909483308101E0,-2.645382996440E0,-5.8928E0));
#349=LINE('',#348,#347);
#350=DIRECTION('',(-1.E0,0.E0,0.E0));
#351=VECTOR('',#350,1.322916540504E-1);
#352=CARTESIAN_POINT('',(-4.041775E0,-2.618361723065E0,-5.8928E0));
#353=LINE('',#352,#351);
#354=DIRECTION('',(-9.797707111493E-1,-2.001233458994E-1,0.E0));
#355=VECTOR('',#354,1.350230941479E-1);
#356=CARTESIAN_POINT('',(-4.174066654050E0,-2.618361723065E0,-5.8928E0));
#357=LINE('',#356,#355);
#358=DIRECTION('',(-8.265992944048E-1,-5.627909083216E-1,0.E0));
#359=VECTOR('',#358,1.920519537541E-1);
#360=CARTESIAN_POINT('',(-4.306358327025E0,-2.645382996440E0,-5.8928E0));
#361=LINE('',#360,#359);
#362=DIRECTION('',(0.E0,1.E0,0.E0));
#363=VECTOR('',#362,5.404254674912E-2);
#364=CARTESIAN_POINT('',(-4.465108336487E0,-2.753468089938E0,-5.8928E0));
#365=LINE('',#364,#363);
#366=DIRECTION('',(1.610638152105E-1,9.869439940695E-1,0.E0));
#367=VECTOR('',#366,1.642723814336E-1);
#368=CARTESIAN_POINT('',(-4.465108336487E0,-2.699425543189E0,-5.8928E0));
#369=LINE('',#368,#367);
#370=DIRECTION('',(3.102797362676E-1,9.506452993950E-1,0.E0));
#371=VECTOR('',#370,8.527249424487E-2);
#372=CARTESIAN_POINT('',(-4.43865E0,-2.537297902942E0,-5.8928E0));
#373=LINE('',#372,#371);
#374=DIRECTION('',(5.466225923193E-1,8.373790907147E-1,0.E0));
#375=VECTOR('',#374,9.680659694343E-2);
#376=CARTESIAN_POINT('',(-4.412191672975E0,-2.456234007120E0,-5.8928E0));
#377=LINE('',#376,#375);
#378=DIRECTION('',(8.265992787996E-1,5.627909312417E-1,0.E0));
#379=VECTOR('',#378,9.602597296633E-2);
#380=CARTESIAN_POINT('',(-4.359275E0,-2.375170186996E0,-5.8928E0));
#381=LINE('',#380,#379);
#382=DIRECTION('',(9.466499177700E-1,3.222637633772E-1,0.E0));
#383=VECTOR('',#382,8.384831447192E-2);
#384=CARTESIAN_POINT('',(-4.2799E0,-2.321127640247E0,-5.8928E0));
#385=LINE('',#384,#383);
#386=DIRECTION('',(1.E0,0.E0,0.E0));
#387=VECTOR('',#386,1.5875E-1);
#388=CARTESIAN_POINT('',(-4.200525E0,-2.294106366873E0,-5.8928E0));
#389=LINE('',#388,#387);
#390=DIRECTION('',(9.466499177700E-1,-3.222637633772E-1,0.E0));
#391=VECTOR('',#390,8.384831447192E-2);
#392=CARTESIAN_POINT('',(-4.041775E0,-2.294106366873E0,-5.8928E0));
#393=LINE('',#392,#391);
#394=DIRECTION('',(8.265992787996E-1,-5.627909312417E-1,0.E0));
#395=VECTOR('',#394,9.602597296633E-2);
#396=CARTESIAN_POINT('',(-3.9624E0,-2.321127640247E0,-5.8928E0));
#397=LINE('',#396,#395);
#398=DIRECTION('',(5.466227293958E-1,-8.373790012342E-1,0.E0));
#399=VECTOR('',#398,9.680660728798E-2);
#400=CARTESIAN_POINT('',(-3.883025E0,-2.375170186996E0,-5.8928E0));
#401=LINE('',#400,#399);
#402=DIRECTION('',(1.E0,0.E0,0.E0));
#403=VECTOR('',#402,1.322916162014E-1);
#404=CARTESIAN_POINT('',(-3.830108308101E0,-2.456234007120E0,-5.8928E0));
#405=LINE('',#404,#403);
#406=DIRECTION('',(-3.102797975506E-1,9.506452793929E-1,0.E0));
#407=VECTOR('',#406,8.527241641114E-2);
#408=CARTESIAN_POINT('',(-3.697816691899E0,-2.456234007120E0,-5.8928E0));
#409=LINE('',#408,#407);
#410=DIRECTION('',(-5.919095487496E-1,8.060043958311E-1,0.E0));
#411=VECTOR('',#410,1.340998809154E-1);
#412=CARTESIAN_POINT('',(-3.724275E0,-2.375170186996E0,-5.8928E0));
#413=LINE('',#412,#411);
#414=DIRECTION('',(-8.526534670056E-1,5.224768561414E-1,0.E0));
#415=VECTOR('',#414,1.551529396390E-1);
#416=CARTESIAN_POINT('',(-3.80365E0,-2.267085093498E0,-5.8928E0));
#417=LINE('',#416,#415);
#418=DIRECTION('',(-9.797707055361E-1,2.001233733807E-1,0.E0));
#419=VECTOR('',#418,1.350230756062E-1);
#420=CARTESIAN_POINT('',(-3.935941691899E0,-2.186021273375E0,-5.8928E0));
#421=LINE('',#420,#419);
#422=DIRECTION('',(-1.E0,0.E0,0.E0));
#423=VECTOR('',#422,1.058333081007E-1);
#424=CARTESIAN_POINT('',(-4.068233345950E0,-2.159E0,-5.8928E0));
#425=LINE('',#424,#423);
#426=DIRECTION('',(-9.797707111493E-1,-2.001233458994E-1,0.E0));
#427=VECTOR('',#426,1.350230941479E-1);
#428=CARTESIAN_POINT('',(-4.174066654050E0,-2.159E0,-5.8928E0));
#429=LINE('',#428,#427);
#430=DIRECTION('',(-8.526534337091E-1,-5.224769104793E-1,0.E0));
#431=VECTOR('',#430,1.551529235030E-1);
#432=CARTESIAN_POINT('',(-4.306358327025E0,-2.186021273375E0,-5.8928E0));
#433=LINE('',#432,#431);
#434=DIRECTION('',(-5.919095487496E-1,-8.060043958311E-1,0.E0));
#435=VECTOR('',#434,1.340998809154E-1);
#436=CARTESIAN_POINT('',(-4.43865E0,-2.267085093498E0,-5.8928E0));
#437=LINE('',#436,#435);
#438=DIRECTION('',(-3.646917540429E-1,-9.311283072343E-1,0.E0));
#439=VECTOR('',#438,1.450997048645E-1);
#440=CARTESIAN_POINT('',(-4.518025E0,-2.375170186996E0,-5.8928E0));
#441=LINE('',#440,#439);
#442=DIRECTION('',(-1.385322304961E-1,-9.903579257591E-1,0.E0));
#443=VECTOR('',#442,1.909904577953E-1);
#444=CARTESIAN_POINT('',(-4.570941665878E0,-2.510276629567E0,-5.8928E0));
#445=LINE('',#444,#443);
#446=DIRECTION('',(0.E0,-1.E0,0.E0));
#447=VECTOR('',#446,1.891489136219E-1);
#448=CARTESIAN_POINT('',(-4.5974E0,-2.699425543189E0,-5.8928E0));
#449=LINE('',#448,#447);
#450=DIRECTION('',(1.385322033076E-1,-9.903579295622E-1,0.E0));
#451=VECTOR('',#450,1.909904952793E-1);
#452=CARTESIAN_POINT('',(-4.5974E0,-2.888574456811E0,-5.8928E0));
#453=LINE('',#452,#451);
#454=DIRECTION('',(3.646918869090E-1,-9.311282551951E-1,0.E0));
#455=VECTOR('',#454,1.450996520012E-1);
#456=CARTESIAN_POINT('',(-4.570941665878E0,-3.077723408282E0,-5.8928E0));
#457=LINE('',#456,#455);
#458=DIRECTION('',(5.919095150862E-1,-8.060044205527E-1,0.E0));
#459=VECTOR('',#458,1.340998885420E-1);
#460=CARTESIAN_POINT('',(-4.518025E0,-3.212829794079E0,-5.8928E0));
#461=LINE('',#460,#459);
#462=DIRECTION('',(8.526534133324E-1,-5.224769437330E-1,0.E0));
#463=VECTOR('',#462,1.551529272108E-1);
#464=CARTESIAN_POINT('',(-4.43865E0,-3.320914897040E0,-5.8928E0));
#465=LINE('',#464,#463);
#466=DIRECTION('',(9.797707077141E-1,-2.001233627174E-1,0.E0));
#467=VECTOR('',#466,1.350230946213E-1);
#468=CARTESIAN_POINT('',(-4.306358327025E0,-3.401978724260E0,-5.8928E0));
#469=LINE('',#468,#467);
#470=DIRECTION('',(1.E0,0.E0,0.E0));
#471=VECTOR('',#470,1.322916540504E-1);
#472=CARTESIAN_POINT('',(-4.174066654050E0,-3.429E0,-5.8928E0));
#473=LINE('',#472,#471);
#474=DIRECTION('',(9.797707133274E-1,2.001233352361E-1,0.E0));
#475=VECTOR('',#474,1.350231131629E-1);
#476=CARTESIAN_POINT('',(-4.041775E0,-3.429E0,-5.8928E0));
#477=LINE('',#476,#475);
#478=DIRECTION('',(8.526533134429E-1,5.224771067470E-1,0.E0));
#479=VECTOR('',#478,1.551528788028E-1);
#480=CARTESIAN_POINT('',(-3.909483308101E0,-3.401978724260E0,-5.8928E0));
#481=LINE('',#480,#479);
#482=DIRECTION('',(5.919095150862E-1,8.060044205527E-1,0.E0));
#483=VECTOR('',#482,1.340998885420E-1);
#484=CARTESIAN_POINT('',(-3.777191691899E0,-3.320914897040E0,-5.8928E0));
#485=LINE('',#484,#483);
#486=DIRECTION('',(3.646920423907E-1,9.311281942981E-1,0.E0));
#487=VECTOR('',#486,1.450996614909E-1);
#488=CARTESIAN_POINT('',(-3.697816691899E0,-3.212829794079E0,-5.8928E0));
#489=LINE('',#488,#487);
#490=DIRECTION('',(0.E0,1.E0,0.E0));
#491=VECTOR('',#490,1.351064047217E-1);
#492=CARTESIAN_POINT('',(-3.6449E0,-3.077723408282E0,-5.8928E0));
#493=LINE('',#492,#491);
#494=DIRECTION('',(-3.646920866794E-1,9.311281769517E-1,0.E0));
#495=VECTOR('',#494,1.450996438698E-1);
#496=CARTESIAN_POINT('',(-3.6449E0,-2.942617003560E0,-5.8928E0));
#497=LINE('',#496,#495);
#498=DIRECTION('',(3.102796666273E-1,-9.506453221247E-1,0.E0));
#499=VECTOR('',#498,8.527245239206E-2);
#500=CARTESIAN_POINT('',(-3.80365E0,-2.888574456811E0,-5.8928E0));
#501=LINE('',#500,#499);
#502=DIRECTION('',(0.E0,-1.E0,0.E0));
#503=VECTOR('',#502,8.106382012367E-2);
#504=CARTESIAN_POINT('',(-3.777191691899E0,-2.969638314784E0,-5.8928E0));
#505=LINE('',#504,#503);
#506=DIRECTION('',(-3.102797975506E-1,-9.506452793929E-1,0.E0));
#507=VECTOR('',#506,8.527241641114E-2);
#508=CARTESIAN_POINT('',(-3.777191691899E0,-3.050702134907E0,-5.8928E0));
#509=LINE('',#508,#507);
#510=DIRECTION('',(-5.466226399153E-1,-8.373790596451E-1,0.E0));
#511=VECTOR('',#510,9.680662313493E-2);
#512=CARTESIAN_POINT('',(-3.80365E0,-3.131765955031E0,-5.8928E0));
#513=LINE('',#512,#511);
#514=DIRECTION('',(-8.265992787996E-1,-5.627909312417E-1,0.E0));
#515=VECTOR('',#514,9.602597296633E-2);
#516=CARTESIAN_POINT('',(-3.856566691899E0,-3.212829794079E0,-5.8928E0));
#517=LINE('',#516,#515);
#518=DIRECTION('',(-9.466498708905E-1,-3.222639010857E-1,0.E0));
#519=VECTOR('',#518,8.384827864222E-2);
#520=CARTESIAN_POINT('',(-3.935941691899E0,-3.266872340828E0,-5.8928E0));
#521=LINE('',#520,#519);
#522=DIRECTION('',(-1.E0,0.E0,0.E0));
#523=VECTOR('',#522,1.852083459497E-1);
#524=CARTESIAN_POINT('',(-4.015316654050E0,-3.293893614203E0,-5.8928E0));
#525=LINE('',#524,#523);
#526=DIRECTION('',(-9.466499177700E-1,3.222637633772E-1,0.E0));
#527=VECTOR('',#526,8.384831447192E-2);
#528=CARTESIAN_POINT('',(-4.200525E0,-3.293893614203E0,-5.8928E0));
#529=LINE('',#528,#527);
#530=DIRECTION('',(-8.265992787996E-1,5.627909312417E-1,0.E0));
#531=VECTOR('',#530,9.602597296633E-2);
#532=CARTESIAN_POINT('',(-4.2799E0,-3.266872340828E0,-5.8928E0));
#533=LINE('',#532,#531);
#534=DIRECTION('',(-5.466225028388E-1,8.373791491256E-1,0.E0));
#535=VECTOR('',#534,9.680661279039E-2);
#536=CARTESIAN_POINT('',(-4.359275E0,-3.212829794079E0,-5.8928E0));
#537=LINE('',#536,#535);
#538=DIRECTION('',(-3.102799981143E-1,9.506452139312E-1,0.E0));
#539=VECTOR('',#538,8.527242228302E-2);
#540=CARTESIAN_POINT('',(-4.412191672975E0,-3.131765955031E0,-5.8928E0));
#541=LINE('',#540,#539);
#542=DIRECTION('',(0.E0,1.E0,0.E0));
#543=VECTOR('',#542,8.106382012367E-2);
#544=CARTESIAN_POINT('',(-4.43865E0,-3.050702134907E0,-5.8928E0));
#545=LINE('',#544,#543);
#546=DIRECTION('',(3.102798671908E-1,9.506452566631E-1,0.E0));
#547=VECTOR('',#546,8.527245826395E-2);
#548=CARTESIAN_POINT('',(-4.43865E0,-2.969638314784E0,-5.8928E0));
#549=LINE('',#548,#547);
#550=DIRECTION('',(6.996248777656E-1,7.145103431102E-1,0.E0));
#551=VECTOR('',#550,7.563577948203E-2);
#552=CARTESIAN_POINT('',(-4.412191672975E0,-2.888574456811E0,-5.8928E0));
#553=LINE('',#552,#551);
#554=DIRECTION('',(8.265992787996E-1,5.627909312417E-1,0.E0));
#555=VECTOR('',#554,9.602597296633E-2);
#556=CARTESIAN_POINT('',(-4.359275E0,-2.834531910062E0,-5.8928E0));
#557=LINE('',#556,#555);
#558=DIRECTION('',(9.466499177700E-1,3.222637633772E-1,0.E0));
#559=VECTOR('',#558,8.384831447193E-2);
#560=CARTESIAN_POINT('',(-4.2799E0,-2.780489363313E0,-5.8928E0));
#561=LINE('',#560,#559);
#562=DIRECTION('',(1.E0,0.E0,0.E0));
#563=VECTOR('',#562,1.852083459496E-1);
#564=CARTESIAN_POINT('',(-4.200525E0,-2.753468089938E0,-5.8928E0));
#565=LINE('',#564,#563);
#566=DIRECTION('',(9.466498708905E-1,-3.222639010856E-1,0.E0));
#567=VECTOR('',#566,8.384827864222E-2);
#568=CARTESIAN_POINT('',(-4.015316654050E0,-2.753468089938E0,-5.8928E0));
#569=LINE('',#568,#567);
#570=DIRECTION('',(8.265992787996E-1,-5.627909312417E-1,0.E0));
#571=VECTOR('',#570,9.602597296633E-2);
#572=CARTESIAN_POINT('',(-3.935941691899E0,-2.780489363313E0,-5.8928E0));
#573=LINE('',#572,#571);
#574=DIRECTION('',(6.996250055017E-1,-7.145102180353E-1,0.E0));
#575=VECTOR('',#574,7.563579272207E-2);
#576=CARTESIAN_POINT('',(-3.856566691899E0,-2.834531910062E0,-5.8928E0));
#577=LINE('',#576,#575);
#578=DIRECTION('',(7.938782159876E-1,6.080767864179E-1,0.E0));
#579=VECTOR('',#578,1.333118151101E-1);
#580=CARTESIAN_POINT('',(5.239808327025E0,2.853446816564E0,-5.8928E0));
#581=LINE('',#580,#579);
#582=DIRECTION('',(9.689177141588E-1,2.473832314230E-1,0.E0));
#583=VECTOR('',#582,1.092283952276E-1);
#584=CARTESIAN_POINT('',(5.345641672975E0,2.934510636687E0,-5.8928E0));
#585=LINE('',#584,#583);
#586=DIRECTION('',(1.E0,0.E0,0.E0));
#587=VECTOR('',#586,1.5875E-1);
#588=CARTESIAN_POINT('',(5.451475E0,2.961531910062E0,-5.8928E0));
#589=LINE('',#588,#587);
#590=DIRECTION('',(9.689177035558E-1,-2.473832729514E-1,0.E0));
#591=VECTOR('',#590,1.092283768914E-1);
#592=CARTESIAN_POINT('',(5.610225E0,2.961531910062E0,-5.8928E0));
#593=LINE('',#592,#591);
#594=DIRECTION('',(8.265992787996E-1,-5.627909312417E-1,0.E0));
#595=VECTOR('',#594,9.602597296633E-2);
#596=CARTESIAN_POINT('',(5.716058308101E0,2.934510636687E0,-5.8928E0));
#597=LINE('',#596,#595);
#598=DIRECTION('',(5.466227293958E-1,-8.373790012342E-1,0.E0));
#599=VECTOR('',#598,9.680660728798E-2);
#600=CARTESIAN_POINT('',(5.795433308101E0,2.880468089938E0,-5.8928E0));
#601=LINE('',#600,#599);
#602=DIRECTION('',(3.102796666273E-1,-9.506453221247E-1,0.E0));
#603=VECTOR('',#602,8.527245239207E-2);
#604=CARTESIAN_POINT('',(5.84835E0,2.799404269814E0,-5.8928E0));
#605=LINE('',#604,#603);
#606=DIRECTION('',(0.E0,-1.E0,0.E0));
#607=VECTOR('',#606,5.404254674911E-2);
#608=CARTESIAN_POINT('',(5.874808308101E0,2.718340411842E0,-5.8928E0));
#609=LINE('',#608,#607);
#610=DIRECTION('',(-3.102797975506E-1,-9.506452793929E-1,0.E0));
#611=VECTOR('',#610,8.527241641114E-2);
#612=CARTESIAN_POINT('',(5.874808308101E0,2.664297865093E0,-5.8928E0));
#613=LINE('',#612,#611);
#614=DIRECTION('',(-5.466226399152E-1,-8.373790596451E-1,0.E0));
#615=VECTOR('',#614,9.680662313494E-2);
#616=CARTESIAN_POINT('',(5.84835E0,2.583234044969E0,-5.8928E0));
#617=LINE('',#616,#615);
#618=DIRECTION('',(-8.265992787996E-1,-5.627909312417E-1,0.E0));
#619=VECTOR('',#618,9.602597296633E-2);
#620=CARTESIAN_POINT('',(5.795433308101E0,2.502170205921E0,-5.8928E0));
#621=LINE('',#620,#619);
#622=DIRECTION('',(-9.689177035558E-1,-2.473832729514E-1,0.E0));
#623=VECTOR('',#622,1.092283768914E-1);
#624=CARTESIAN_POINT('',(5.716058308101E0,2.448127659172E0,-5.8928E0));
#625=LINE('',#624,#623);
#626=DIRECTION('',(-1.E0,0.E0,0.E0));
#627=VECTOR('',#626,1.5875E-1);
#628=CARTESIAN_POINT('',(5.610225E0,2.421106385797E0,-5.8928E0));
#629=LINE('',#628,#627);
#630=DIRECTION('',(-9.689177141588E-1,2.473832314230E-1,0.E0));
#631=VECTOR('',#630,1.092283952276E-1);
#632=CARTESIAN_POINT('',(5.451475E0,2.421106385797E0,-5.8928E0));
#633=LINE('',#632,#631);
#634=DIRECTION('',(-8.265992787996E-1,5.627909312418E-1,0.E0));
#635=VECTOR('',#634,9.602597296633E-2);
#636=CARTESIAN_POINT('',(5.345641672975E0,2.448127659172E0,-5.8928E0));
#637=LINE('',#636,#635);
#638=DIRECTION('',(-4.397134760044E-1,8.981381068745E-1,0.E0));
#639=VECTOR('',#638,1.203435324650E-1);
#640=CARTESIAN_POINT('',(5.266266672975E0,2.502170205921E0,-5.8928E0));
#641=LINE('',#640,#639);
#642=DIRECTION('',(-1.E0,0.E0,0.E0));
#643=VECTOR('',#642,1.5875E-1);
#644=CARTESIAN_POINT('',(5.21335E0,2.610255318344E0,-5.8928E0));
#645=LINE('',#644,#643);
#646=DIRECTION('',(4.397134442921E-1,-8.981381224003E-1,0.E0));
#647=VECTOR('',#646,1.203435303847E-1);
#648=CARTESIAN_POINT('',(5.0546E0,2.610255318344E0,-5.8928E0));
#649=LINE('',#648,#647);
#650=DIRECTION('',(5.919094921664E-1,-8.060044373844E-1,0.E0));
#651=VECTOR('',#650,1.340998857416E-1);
#652=CARTESIAN_POINT('',(5.107516668244E0,2.502170205921E0,-5.8928E0));
#653=LINE('',#652,#651);
#654=DIRECTION('',(8.526533966842E-1,-5.224769709020E-1,0.E0));
#655=VECTOR('',#654,1.551529191428E-1);
#656=CARTESIAN_POINT('',(5.186891663513E0,2.394085102960E0,-5.8928E0));
#657=LINE('',#656,#655);
#658=DIRECTION('',(9.797707077141E-1,-2.001233627174E-1,0.E0));
#659=VECTOR('',#658,1.350230946213E-1);
#660=CARTESIAN_POINT('',(5.319183327025E0,2.313021275740E0,-5.8928E0));
#661=LINE('',#660,#659);
#662=DIRECTION('',(1.E0,0.E0,0.E0));
#663=VECTOR('',#662,1.5875E-1);
#664=CARTESIAN_POINT('',(5.451475E0,2.286E0,-5.8928E0));
#665=LINE('',#664,#663);
#666=DIRECTION('',(9.797707133274E-1,2.001233352361E-1,0.E0));
#667=VECTOR('',#666,1.350231131629E-1);
#668=CARTESIAN_POINT('',(5.610225E0,2.286E0,-5.8928E0));
#669=LINE('',#668,#667);
#670=DIRECTION('',(8.526533134429E-1,5.224771067471E-1,0.E0));
#671=VECTOR('',#670,1.551528788028E-1);
#672=CARTESIAN_POINT('',(5.742516691899E0,2.313021275740E0,-5.8928E0));
#673=LINE('',#672,#671);
#674=DIRECTION('',(5.919095150862E-1,8.060044205527E-1,0.E0));
#675=VECTOR('',#674,1.340998885420E-1);
#676=CARTESIAN_POINT('',(5.874808308101E0,2.394085102960E0,-5.8928E0));
#677=LINE('',#676,#675);
#678=DIRECTION('',(3.646920423907E-1,9.311281942981E-1,0.E0));
#679=VECTOR('',#678,1.450996614909E-1);
#680=CARTESIAN_POINT('',(5.954183308101E0,2.502170205921E0,-5.8928E0));
#681=LINE('',#680,#679);
#682=DIRECTION('',(0.E0,1.E0,0.E0));
#683=VECTOR('',#682,1.080850934982E-1);
#684=CARTESIAN_POINT('',(6.0071E0,2.637276591718E0,-5.8928E0));
#685=LINE('',#684,#683);
#686=DIRECTION('',(-3.646919981020E-1,9.311282116446E-1,0.E0));
#687=VECTOR('',#686,1.450996791120E-1);
#688=CARTESIAN_POINT('',(6.0071E0,2.745361685216E0,-5.8928E0));
#689=LINE('',#688,#687);
#690=DIRECTION('',(-5.919095487496E-1,8.060043958311E-1,0.E0));
#691=VECTOR('',#690,1.340998809154E-1);
#692=CARTESIAN_POINT('',(5.954183308101E0,2.880468089938E0,-5.8928E0));
#693=LINE('',#692,#691);
#694=DIRECTION('',(-8.526533338197E-1,5.224770734933E-1,0.E0));
#695=VECTOR('',#694,1.551528750949E-1);
#696=CARTESIAN_POINT('',(5.874808308101E0,2.988553183436E0,-5.8928E0));
#697=LINE('',#696,#695);
#698=DIRECTION('',(-9.797707167625E-1,2.001233184181E-1,0.E0));
#699=VECTOR('',#698,1.350231126895E-1);
#700=CARTESIAN_POINT('',(5.742516691899E0,3.069617003560E0,-5.8928E0));
#701=LINE('',#700,#699);
#702=DIRECTION('',(-1.E0,0.E0,0.E0));
#703=VECTOR('',#702,1.5875E-1);
#704=CARTESIAN_POINT('',(5.610225E0,3.096638276935E0,-5.8928E0));
#705=LINE('',#704,#703);
#706=DIRECTION('',(-9.797707111493E-1,-2.001233458994E-1,0.E0));
#707=VECTOR('',#706,1.350230941479E-1);
#708=CARTESIAN_POINT('',(5.451475E0,3.096638276935E0,-5.8928E0));
#709=LINE('',#708,#707);
#710=DIRECTION('',(-8.526534170609E-1,-5.224769376483E-1,0.E0));
#711=VECTOR('',#710,1.551529154350E-1);
#712=CARTESIAN_POINT('',(5.319183327025E0,3.069617003560E0,-5.8928E0));
#713=LINE('',#712,#711);
#714=DIRECTION('',(0.E0,1.E0,0.E0));
#715=VECTOR('',#714,4.323404496908E-1);
#716=CARTESIAN_POINT('',(5.186891663513E0,2.988553183436E0,-5.8928E0));
#717=LINE('',#716,#715);
#718=DIRECTION('',(1.E0,0.E0,0.E0));
#719=VECTOR('',#718,7.672916445881E-1);
#720=CARTESIAN_POINT('',(5.186891663513E0,3.420893633127E0,-5.8928E0));
#721=LINE('',#720,#719);
#722=DIRECTION('',(0.E0,1.E0,0.E0));
#723=VECTOR('',#722,1.351063668728E-1);
#724=CARTESIAN_POINT('',(5.954183308101E0,3.420893633127E0,-5.8928E0));
#725=LINE('',#724,#723);
#726=DIRECTION('',(-1.E0,0.E0,0.E0));
#727=VECTOR('',#726,8.995833081007E-1);
#728=CARTESIAN_POINT('',(5.954183308101E0,3.556E0,-5.8928E0));
#729=LINE('',#728,#727);
#730=DIRECTION('',(0.E0,-1.E0,0.E0));
#731=VECTOR('',#730,7.025531834364E-1);
#732=CARTESIAN_POINT('',(5.0546E0,3.556E0,-5.8928E0));
#733=LINE('',#732,#731);
#734=DIRECTION('',(1.E0,0.E0,0.E0));
#735=VECTOR('',#734,1.852083270252E-1);
#736=CARTESIAN_POINT('',(5.0546E0,2.853446816564E0,-5.8928E0));
#737=LINE('',#736,#735);
#738=DIRECTION('',(3.102799827934E-1,-9.506452189317E-1,0.E0));
#739=VECTOR('',#738,8.527244174145E-2);
#740=CARTESIAN_POINT('',(3.837516668244E0,-3.131765955031E0,-5.8928E0));
#741=LINE('',#740,#739);
#742=DIRECTION('',(5.919095150862E-1,-8.060044205527E-1,0.E0));
#743=VECTOR('',#742,1.340998885420E-1);
#744=CARTESIAN_POINT('',(3.863975E0,-3.212829794079E0,-5.8928E0));
#745=LINE('',#744,#743);
#746=DIRECTION('',(8.526534133324E-1,-5.224769437331E-1,0.E0));
#747=VECTOR('',#746,1.551529272108E-1);
#748=CARTESIAN_POINT('',(3.94335E0,-3.320914897040E0,-5.8928E0));
#749=LINE('',#748,#747);
#750=DIRECTION('',(9.797707077141E-1,-2.001233627174E-1,0.E0));
#751=VECTOR('',#750,1.350230946213E-1);
#752=CARTESIAN_POINT('',(4.075641672975E0,-3.401978724260E0,-5.8928E0));
#753=LINE('',#752,#751);
#754=DIRECTION('',(1.E0,0.E0,0.E0));
#755=VECTOR('',#754,1.058333081007E-1);
#756=CARTESIAN_POINT('',(4.207933345950E0,-3.429E0,-5.8928E0));
#757=LINE('',#756,#755);
#758=DIRECTION('',(9.797707021009E-1,2.001233901988E-1,0.E0));
#759=VECTOR('',#758,1.350230760796E-1);
#760=CARTESIAN_POINT('',(4.313766654050E0,-3.429E0,-5.8928E0));
#761=LINE('',#760,#759);
#762=DIRECTION('',(8.526534466288E-1,5.224768893951E-1,0.E0));
#763=VECTOR('',#762,1.551529433468E-1);
#764=CARTESIAN_POINT('',(4.446058308101E0,-3.401978724260E0,-5.8928E0));
#765=LINE('',#764,#763);
#766=DIRECTION('',(5.919095150862E-1,8.060044205527E-1,0.E0));
#767=VECTOR('',#766,1.340998885420E-1);
#768=CARTESIAN_POINT('',(4.57835E0,-3.320914897040E0,-5.8928E0));
#769=LINE('',#768,#767);
#770=DIRECTION('',(3.646920423907E-1,9.311281942981E-1,0.E0));
#771=VECTOR('',#770,1.450996614909E-1);
#772=CARTESIAN_POINT('',(4.657725E0,-3.212829794079E0,-5.8928E0));
#773=LINE('',#772,#771);
#774=DIRECTION('',(1.385320696791E-1,9.903579482543E-1,0.E0));
#775=VECTOR('',#774,1.909904916745E-1);
#776=CARTESIAN_POINT('',(4.710641691899E0,-3.077723408282E0,-5.8928E0));
#777=LINE('',#776,#775);
#778=DIRECTION('',(0.E0,1.E0,0.E0));
#779=VECTOR('',#778,1.891489136219E-1);
#780=CARTESIAN_POINT('',(4.7371E0,-2.888574456811E0,-5.8928E0));
#781=LINE('',#780,#779);
#782=DIRECTION('',(-1.385320968676E-1,9.903579444511E-1,0.E0));
#783=VECTOR('',#782,1.909904541905E-1);
#784=CARTESIAN_POINT('',(4.7371E0,-2.699425543189E0,-5.8928E0));
#785=LINE('',#784,#783);
#786=DIRECTION('',(-3.646919095246E-1,9.311282463374E-1,0.E0));
#787=VECTOR('',#786,1.450997143542E-1);
#788=CARTESIAN_POINT('',(4.710641691899E0,-2.510276629567E0,-5.8928E0));
#789=LINE('',#788,#787);
#790=DIRECTION('',(-5.919095487496E-1,8.060043958311E-1,0.E0));
#791=VECTOR('',#790,1.340998809154E-1);
#792=CARTESIAN_POINT('',(4.657725E0,-2.375170186996E0,-5.8928E0));
#793=LINE('',#792,#791);
#794=DIRECTION('',(-8.526534670056E-1,5.224768561414E-1,0.E0));
#795=VECTOR('',#794,1.551529396390E-1);
#796=CARTESIAN_POINT('',(4.57835E0,-2.267085093498E0,-5.8928E0));
#797=LINE('',#796,#795);
#798=DIRECTION('',(-9.797707055361E-1,2.001233733807E-1,0.E0));
#799=VECTOR('',#798,1.350230756062E-1);
#800=CARTESIAN_POINT('',(4.446058308101E0,-2.186021273375E0,-5.8928E0));
#801=LINE('',#800,#799);
#802=DIRECTION('',(-1.E0,0.E0,0.E0));
#803=VECTOR('',#802,1.322916540503E-1);
#804=CARTESIAN_POINT('',(4.313766654050E0,-2.159E0,-5.8928E0));
#805=LINE('',#804,#803);
#806=DIRECTION('',(-9.797707111493E-1,-2.001233458994E-1,0.E0));
#807=VECTOR('',#806,1.350230941479E-1);
#808=CARTESIAN_POINT('',(4.181475E0,-2.159E0,-5.8928E0));
#809=LINE('',#808,#807);
#810=DIRECTION('',(-8.526534170609E-1,-5.224769376483E-1,0.E0));
#811=VECTOR('',#810,1.551529154350E-1);
#812=CARTESIAN_POINT('',(4.049183327025E0,-2.186021273375E0,-5.8928E0));
#813=LINE('',#812,#811);
#814=DIRECTION('',(-5.919095258298E-1,-8.060044126628E-1,0.E0));
#815=VECTOR('',#814,1.340998781150E-1);
#816=CARTESIAN_POINT('',(3.916891663513E0,-2.267085093498E0,-5.8928E0));
#817=LINE('',#816,#815);
#818=DIRECTION('',(-3.646917681776E-1,-9.311283016983E-1,0.E0));
#819=VECTOR('',#818,1.450997057272E-1);
#820=CARTESIAN_POINT('',(3.837516668244E0,-2.375170186996E0,-5.8928E0));
#821=LINE('',#820,#819);
#822=DIRECTION('',(0.E0,-1.E0,0.E0));
#823=VECTOR('',#822,1.080850934982E-1);
#824=CARTESIAN_POINT('',(3.7846E0,-2.510276629567E0,-5.8928E0));
#825=LINE('',#824,#823);
#826=DIRECTION('',(3.646919453324E-1,-9.311282323126E-1,0.E0));
#827=VECTOR('',#826,1.450996352427E-1);
#828=CARTESIAN_POINT('',(3.7846E0,-2.618361723065E0,-5.8928E0));
#829=LINE('',#828,#827);
#830=DIRECTION('',(5.919095258298E-1,-8.060044126628E-1,0.E0));
#831=VECTOR('',#830,1.340998781150E-1);
#832=CARTESIAN_POINT('',(3.837516668244E0,-2.753468089938E0,-5.8928E0));
#833=LINE('',#832,#831);
#834=DIRECTION('',(8.526534170609E-1,-5.224769376483E-1,0.E0));
#835=VECTOR('',#834,1.551529154350E-1);
#836=CARTESIAN_POINT('',(3.916891663513E0,-2.861553183436E0,-5.8928E0));
#837=LINE('',#836,#835);
#838=DIRECTION('',(9.797706561866E-1,-2.001236149876E-1,0.E0));
#839=VECTOR('',#838,1.350231017223E-1);
#840=CARTESIAN_POINT('',(4.049183327025E0,-2.942617003560E0,-5.8928E0));
#841=LINE('',#840,#839);
#842=DIRECTION('',(1.E0,0.E0,0.E0));
#843=VECTOR('',#842,1.322916540503E-1);
#844=CARTESIAN_POINT('',(4.181475E0,-2.969638314784E0,-5.8928E0));
#845=LINE('',#844,#843);
#846=DIRECTION('',(9.797706505734E-1,2.001236424690E-1,0.E0));
#847=VECTOR('',#846,1.350230831807E-1);
#848=CARTESIAN_POINT('',(4.313766654050E0,-2.969638314784E0,-5.8928E0));
#849=LINE('',#848,#847);
#850=DIRECTION('',(8.265992787996E-1,5.627909312417E-1,0.E0));
#851=VECTOR('',#850,1.920519459327E-1);
#852=CARTESIAN_POINT('',(4.446058308101E0,-2.942617003560E0,-5.8928E0));
#853=LINE('',#852,#851);
#854=DIRECTION('',(0.E0,-1.E0,0.E0));
#855=VECTOR('',#854,5.404254674912E-2);
#856=CARTESIAN_POINT('',(4.604808308101E0,-2.834531910062E0,-5.8928E0));
#857=LINE('',#856,#855);
#858=DIRECTION('',(-1.610636102655E-1,-9.869440275154E-1,0.E0));
#859=VECTOR('',#858,1.642724142163E-1);
#860=CARTESIAN_POINT('',(4.604808308101E0,-2.888574456811E0,-5.8928E0));
#861=LINE('',#860,#859);
#862=DIRECTION('',(-3.102797975506E-1,-9.506452793929E-1,0.E0));
#863=VECTOR('',#862,8.527241641114E-2);
#864=CARTESIAN_POINT('',(4.57835E0,-3.050702134907E0,-5.8928E0));
#865=LINE('',#864,#863);
#866=DIRECTION('',(-5.466226399153E-1,-8.373790596451E-1,0.E0));
#867=VECTOR('',#866,9.680662313493E-2);
#868=CARTESIAN_POINT('',(4.551891691899E0,-3.131765955031E0,-5.8928E0));
#869=LINE('',#868,#867);
#870=DIRECTION('',(-8.265992787996E-1,-5.627909312417E-1,0.E0));
#871=VECTOR('',#870,9.602597296633E-2);
#872=CARTESIAN_POINT('',(4.498975E0,-3.212829794079E0,-5.8928E0));
#873=LINE('',#872,#871);
#874=DIRECTION('',(-9.466499177700E-1,-3.222637633772E-1,0.E0));
#875=VECTOR('',#874,8.384831447192E-2);
#876=CARTESIAN_POINT('',(4.4196E0,-3.266872340828E0,-5.8928E0));
#877=LINE('',#876,#875);
#878=DIRECTION('',(-1.E0,0.E0,0.E0));
#879=VECTOR('',#878,1.5875E-1);
#880=CARTESIAN_POINT('',(4.340225E0,-3.293893614203E0,-5.8928E0));
#881=LINE('',#880,#879);
#882=DIRECTION('',(-9.466499177700E-1,3.222637633772E-1,0.E0));
#883=VECTOR('',#882,8.384831447193E-2);
#884=CARTESIAN_POINT('',(4.181475E0,-3.293893614203E0,-5.8928E0));
#885=LINE('',#884,#883);
#886=DIRECTION('',(-8.265992787996E-1,5.627909312417E-1,0.E0));
#887=VECTOR('',#886,9.602597296633E-2);
#888=CARTESIAN_POINT('',(4.1021E0,-3.266872340828E0,-5.8928E0));
#889=LINE('',#888,#887);
#890=DIRECTION('',(-5.466225028388E-1,8.373791491256E-1,0.E0));
#891=VECTOR('',#890,9.680661279039E-2);
#892=CARTESIAN_POINT('',(4.022725E0,-3.212829794079E0,-5.8928E0));
#893=LINE('',#892,#891);
#894=DIRECTION('',(-1.E0,0.E0,0.E0));
#895=VECTOR('',#894,1.322916587815E-1);
#896=CARTESIAN_POINT('',(3.969808327025E0,-3.131765955031E0,-5.8928E0));
#897=LINE('',#896,#895);
#898=DIRECTION('',(-3.102797975506E-1,-9.506452793929E-1,0.E0));
#899=VECTOR('',#898,8.527241641114E-2);
#900=CARTESIAN_POINT('',(4.57835E0,-2.591340449691E0,-5.8928E0));
#901=LINE('',#900,#899);
#902=DIRECTION('',(-5.466227293958E-1,-8.373790012342E-1,0.E0));
#903=VECTOR('',#902,9.680660728798E-2);
#904=CARTESIAN_POINT('',(4.551891691899E0,-2.672404269814E0,-5.8928E0));
#905=LINE('',#904,#903);
#906=DIRECTION('',(-8.265992787996E-1,-5.627909312417E-1,0.E0));
#907=VECTOR('',#906,9.602597296633E-2);
#908=CARTESIAN_POINT('',(4.498975E0,-2.753468089938E0,-5.8928E0));
#909=LINE('',#908,#907);
#910=DIRECTION('',(-9.466499177700E-1,-3.222637633772E-1,0.E0));
#911=VECTOR('',#910,8.384831447192E-2);
#912=CARTESIAN_POINT('',(4.4196E0,-2.807510636687E0,-5.8928E0));
#913=LINE('',#912,#911);
#914=DIRECTION('',(-1.E0,0.E0,0.E0));
#915=VECTOR('',#914,1.852083459497E-1);
#916=CARTESIAN_POINT('',(4.340225E0,-2.834531910062E0,-5.8928E0));
#917=LINE('',#916,#915);
#918=DIRECTION('',(-9.466498943303E-1,3.222638322314E-1,0.E0));
#919=VECTOR('',#918,8.384829655707E-2);
#920=CARTESIAN_POINT('',(4.155016654050E0,-2.834531910062E0,-5.8928E0));
#921=LINE('',#920,#919);
#922=DIRECTION('',(-8.265992787996E-1,5.627909312417E-1,0.E0));
#923=VECTOR('',#922,9.602597296633E-2);
#924=CARTESIAN_POINT('',(4.075641672975E0,-2.807510636687E0,-5.8928E0));
#925=LINE('',#924,#923);
#926=DIRECTION('',(-5.466225923193E-1,8.373790907147E-1,0.E0));
#927=VECTOR('',#926,9.680659694343E-2);
#928=CARTESIAN_POINT('',(3.996266672975E0,-2.753468089938E0,-5.8928E0));
#929=LINE('',#928,#927);
#930=DIRECTION('',(-3.102800983960E-1,9.506451812003E-1,0.E0));
#931=VECTOR('',#930,8.527242521897E-2);
#932=CARTESIAN_POINT('',(3.94335E0,-2.672404269814E0,-5.8928E0));
#933=LINE('',#932,#931);
#934=DIRECTION('',(0.E0,1.E0,0.E0));
#935=VECTOR('',#934,5.404254674912E-2);
#936=CARTESIAN_POINT('',(3.916891663513E0,-2.591340449691E0,-5.8928E0));
#937=LINE('',#936,#935);
#938=DIRECTION('',(3.102798365493E-1,9.506452666642E-1,0.E0));
#939=VECTOR('',#938,8.527249718081E-2);
#940=CARTESIAN_POINT('',(3.916891663513E0,-2.537297902942E0,-5.8928E0));
#941=LINE('',#940,#939);
#942=DIRECTION('',(5.466225923193E-1,8.373790907147E-1,0.E0));
#943=VECTOR('',#942,9.680659694343E-2);
#944=CARTESIAN_POINT('',(3.94335E0,-2.456234007120E0,-5.8928E0));
#945=LINE('',#944,#943);
#946=DIRECTION('',(8.265992787996E-1,5.627909312418E-1,0.E0));
#947=VECTOR('',#946,9.602597296633E-2);
#948=CARTESIAN_POINT('',(3.996266672975E0,-2.375170186996E0,-5.8928E0));
#949=LINE('',#948,#947);
#950=DIRECTION('',(9.466498943303E-1,3.222638322314E-1,0.E0));
#951=VECTOR('',#950,8.384829655707E-2);
#952=CARTESIAN_POINT('',(4.075641672975E0,-2.321127640247E0,-5.8928E0));
#953=LINE('',#952,#951);
#954=DIRECTION('',(1.E0,0.E0,0.E0));
#955=VECTOR('',#954,1.852083459497E-1);
#956=CARTESIAN_POINT('',(4.155016654050E0,-2.294106366873E0,-5.8928E0));
#957=LINE('',#956,#955);
#958=DIRECTION('',(9.466499177700E-1,-3.222637633772E-1,0.E0));
#959=VECTOR('',#958,8.384831447192E-2);
#960=CARTESIAN_POINT('',(4.340225E0,-2.294106366873E0,-5.8928E0));
#961=LINE('',#960,#959);
#962=DIRECTION('',(8.265992787996E-1,-5.627909312417E-1,0.E0));
#963=VECTOR('',#962,9.602597296633E-2);
#964=CARTESIAN_POINT('',(4.4196E0,-2.321127640247E0,-5.8928E0));
#965=LINE('',#964,#963);
#966=DIRECTION('',(5.466227293958E-1,-8.373790012342E-1,0.E0));
#967=VECTOR('',#966,9.680660728798E-2);
#968=CARTESIAN_POINT('',(4.498975E0,-2.375170186996E0,-5.8928E0));
#969=LINE('',#968,#967);
#970=DIRECTION('',(3.102795357040E-1,-9.506453648566E-1,0.E0));
#971=VECTOR('',#970,8.527248837299E-2);
#972=CARTESIAN_POINT('',(4.551891691899E0,-2.456234007120E0,-5.8928E0));
#973=LINE('',#972,#971);
#974=DIRECTION('',(0.E0,-1.E0,0.E0));
#975=VECTOR('',#974,5.404254674912E-2);
#976=CARTESIAN_POINT('',(4.57835E0,-2.537297902942E0,-5.8928E0));
#977=LINE('',#976,#975);
#978=DIRECTION('',(1.E0,0.E0,0.E0));
#979=VECTOR('',#978,1.123665355107E1);
#980=CARTESIAN_POINT('',(-5.618326775533E0,-4.191E0,-5.8928E0));
#981=LINE('',#980,#979);
#982=DIRECTION('',(0.E0,0.E0,1.E0));
#983=VECTOR('',#982,5.8928E0);
#984=CARTESIAN_POINT('',(5.618326775533E0,-4.191E0,-5.8928E0));
#985=LINE('',#984,#983);
#986=CARTESIAN_POINT('',(5.618326775533E0,-2.06756E0,-5.8928E0));
#987=DIRECTION('',(0.E0,0.E0,1.E0));
#988=DIRECTION('',(1.171165455657E-14,-1.E0,0.E0));
#989=AXIS2_PLACEMENT_3D('',#986,#987,#988);
#991=DIRECTION('',(0.E0,0.E0,1.E0));
#992=VECTOR('',#991,5.8928E0);
#993=CARTESIAN_POINT('',(7.709506950589E0,-2.436291486385E0,-5.8928E0));
#994=LINE('',#993,#992);
#995=DIRECTION('',(-1.736481776669E-1,-9.848077530122E-1,0.E0));
#996=VECTOR('',#995,4.198910891341E0);
#997=CARTESIAN_POINT('',(8.438640175056E0,1.698828513615E0,-5.8928E0));
#998=LINE('',#997,#996);
#999=DIRECTION('',(0.E0,0.E0,1.E0));
#1000=VECTOR('',#999,5.8928E0);
#1001=CARTESIAN_POINT('',(8.438640175056E0,1.698828513615E0,-5.8928E0));
#1002=LINE('',#1001,#1000);
#1003=CARTESIAN_POINT('',(6.34746E0,2.06756E0,-5.8928E0));
#1004=DIRECTION('',(0.E0,0.E0,1.E0));
#1005=DIRECTION('',(9.848077530122E-1,-1.736481776669E-1,0.E0));
#1006=AXIS2_PLACEMENT_3D('',#1003,#1004,#1005);
#1008=DIRECTION('',(0.E0,0.E0,1.E0));
#1009=VECTOR('',#1008,5.8928E0);
#1010=CARTESIAN_POINT('',(6.34746E0,4.191E0,-5.8928E0));
#1011=LINE('',#1010,#1009);
#1012=CARTESIAN_POINT('',(-5.618326775533E0,-2.06756E0,-5.8928E0));
#1013=DIRECTION('',(0.E0,0.E0,1.E0));
#1014=DIRECTION('',(-9.848077530122E-1,-1.736481776669E-1,0.E0));
#1015=AXIS2_PLACEMENT_3D('',#1012,#1013,#1014);
#1017=DIRECTION('',(0.E0,0.E0,1.E0));
#1018=VECTOR('',#1017,5.8928E0);
#1019=CARTESIAN_POINT('',(-5.618326775533E0,-4.191E0,-5.8928E0));
#1020=LINE('',#1019,#1018);
#1021=DIRECTION('',(-1.736481776669E-1,9.848077530122E-1,0.E0));
#1022=VECTOR('',#1021,4.198910891341E0);
#1023=CARTESIAN_POINT('',(-7.709506950589E0,-2.436291486385E0,-5.8928E0));
#1024=LINE('',#1023,#1022);
#1025=DIRECTION('',(0.E0,0.E0,1.E0));
#1026=VECTOR('',#1025,5.8928E0);
#1027=CARTESIAN_POINT('',(-7.709506950589E0,-2.436291486385E0,-5.8928E0));
#1028=LINE('',#1027,#1026);
#1029=CARTESIAN_POINT('',(-6.34746E0,2.06756E0,-5.8928E0));
#1030=DIRECTION('',(0.E0,0.E0,1.E0));
#1031=DIRECTION('',(0.E0,1.E0,0.E0));
#1032=AXIS2_PLACEMENT_3D('',#1029,#1030,#1031);
#1034=DIRECTION('',(0.E0,0.E0,1.E0));
#1035=VECTOR('',#1034,5.8928E0);
#1036=CARTESIAN_POINT('',(-8.438640175056E0,1.698828513615E0,-5.8928E0));
#1037=LINE('',#1036,#1035);
#1038=DIRECTION('',(1.E0,0.E0,0.E0));
#1039=VECTOR('',#1038,1.123665355107E1);
#1040=CARTESIAN_POINT('',(-5.618326775533E0,-4.60756E0,-5.8928E0));
#1041=LINE('',#1040,#1039);
#1042=DIRECTION('',(0.E0,0.E0,1.E0));
#1043=VECTOR('',#1042,5.8928E0);
#1044=CARTESIAN_POINT('',(-5.618326775533E0,-4.60756E0,-5.8928E0));
#1045=LINE('',#1044,#1043);
#1046=CARTESIAN_POINT('',(-5.618326775533E0,-2.06756E0,-5.8928E0));
#1047=DIRECTION('',(0.E0,0.E0,1.E0));
#1048=DIRECTION('',(-9.848077530122E-1,-1.736481776669E-1,0.E0));
#1049=AXIS2_PLACEMENT_3D('',#1046,#1047,#1048);
#1051=DIRECTION('',(0.E0,0.E0,1.E0));
#1052=VECTOR('',#1051,5.8928E0);
#1053=CARTESIAN_POINT('',(-8.119738468184E0,-2.508626371274E0,-5.8928E0));
#1054=LINE('',#1053,#1052);
#1055=DIRECTION('',(1.736481776669E-1,-9.848077530122E-1,0.E0));
#1056=VECTOR('',#1055,4.198910891341E0);
#1057=CARTESIAN_POINT('',(-8.848871692651E0,1.626493628726E0,-5.8928E0));
#1058=LINE('',#1057,#1056);
#1059=DIRECTION('',(0.E0,0.E0,1.E0));
#1060=VECTOR('',#1059,5.8928E0);
#1061=CARTESIAN_POINT('',(-8.848871692651E0,1.626493628726E0,-5.8928E0));
#1062=LINE('',#1061,#1060);
#1063=CARTESIAN_POINT('',(-6.34746E0,2.06756E0,-5.8928E0));
#1064=DIRECTION('',(0.E0,0.E0,1.E0));
#1065=DIRECTION('',(0.E0,1.E0,0.E0));
#1066=AXIS2_PLACEMENT_3D('',#1063,#1064,#1065);
#1068=DIRECTION('',(0.E0,0.E0,1.E0));
#1069=VECTOR('',#1068,5.8928E0);
#1070=CARTESIAN_POINT('',(-6.34746E0,4.60756E0,-5.8928E0));
#1071=LINE('',#1070,#1069);
#1072=DIRECTION('',(1.E0,0.E0,0.E0));
#1073=VECTOR('',#1072,1.269492E1);
#1074=CARTESIAN_POINT('',(-6.34746E0,4.60756E0,-5.8928E0));
#1075=LINE('',#1074,#1073);
#1076=DIRECTION('',(0.E0,0.E0,1.E0));
#1077=VECTOR('',#1076,5.8928E0);
#1078=CARTESIAN_POINT('',(6.34746E0,4.60756E0,-5.8928E0));
#1079=LINE('',#1078,#1077);
#1080=CARTESIAN_POINT('',(6.34746E0,2.06756E0,-5.8928E0));
#1081=DIRECTION('',(0.E0,0.E0,1.E0));
#1082=DIRECTION('',(9.848077530122E-1,-1.736481776669E-1,0.E0));
#1083=AXIS2_PLACEMENT_3D('',#1080,#1081,#1082);
#1085=DIRECTION('',(0.E0,0.E0,1.E0));
#1086=VECTOR('',#1085,5.8928E0);
#1087=CARTESIAN_POINT('',(8.848871692651E0,1.626493628726E0,-5.8928E0));
#1088=LINE('',#1087,#1086);
#1089=DIRECTION('',(1.736481776669E-1,9.848077530122E-1,0.E0));
#1090=VECTOR('',#1089,4.198910891341E0);
#1091=CARTESIAN_POINT('',(8.119738468184E0,-2.508626371274E0,-5.8928E0));
#1092=LINE('',#1091,#1090);
#1093=DIRECTION('',(0.E0,0.E0,1.E0));
#1094=VECTOR('',#1093,5.8928E0);
#1095=CARTESIAN_POINT('',(8.119738468184E0,-2.508626371274E0,-5.8928E0));
#1096=LINE('',#1095,#1094);
#1097=CARTESIAN_POINT('',(5.618326775533E0,-2.06756E0,-5.8928E0));
#1098=DIRECTION('',(0.E0,0.E0,1.E0));
#1099=DIRECTION('',(0.E0,-1.E0,0.E0));
#1100=AXIS2_PLACEMENT_3D('',#1097,#1098,#1099);
#1102=DIRECTION('',(0.E0,0.E0,1.E0));
#1103=VECTOR('',#1102,5.8928E0);
#1104=CARTESIAN_POINT('',(5.618326775533E0,-4.60756E0,-5.8928E0));
#1105=LINE('',#1104,#1103);
#1106=CARTESIAN_POINT('',(-1.24968E1,0.E0,-2.641652470691E-1));
#1107=DIRECTION('',(0.E0,0.E0,1.E0));
#1108=DIRECTION('',(1.E0,0.E0,0.E0));
#1109=AXIS2_PLACEMENT_3D('',#1106,#1107,#1108);
#1111=DIRECTION('',(-1.762067894273E-6,-6.195672685515E-10,9.999999999984E-1));
#1112=VECTOR('',#1111,5.628630084853E0);
#1113=CARTESIAN_POINT('',(-1.05918E1,0.E0,-5.8928E0));
#1114=LINE('',#1113,#1112);
#1115=DIRECTION('',(7.071110755416E-1,1.510175985665E-9,-7.071024868054E-1));
#1116=VECTOR('',#1115,3.592102451653E-1);
#1117=CARTESIAN_POINT('',(-1.084581146083E1,-4.029785808943E-9,
-1.017145751361E-2));
#1118=LINE('',#1117,#1116);
#1119=DIRECTION('',(-7.071110755416E-1,-1.510177845431E-9,-7.071024868054E-1));
#1120=VECTOR('',#1119,3.592102451653E-1);
#1121=CARTESIAN_POINT('',(-1.414778853917E1,4.029786584071E-9,
-1.017145751361E-2));
#1122=LINE('',#1121,#1120);
#1123=CARTESIAN_POINT('',(-1.24968E1,0.E0,-1.017492505766E-2));
#1124=DIRECTION('',(0.E0,0.E0,1.E0));
#1125=DIRECTION('',(1.E0,0.E0,0.E0));
#1126=AXIS2_PLACEMENT_3D('',#1123,#1124,#1125);
#1128=CARTESIAN_POINT('',(-1.24968E1,0.E0,-1.017492505766E-2));
#1129=DIRECTION('',(0.E0,0.E0,1.E0));
#1130=DIRECTION('',(-1.E0,0.E0,0.E0));
#1131=AXIS2_PLACEMENT_3D('',#1128,#1129,#1130);
#1133=CARTESIAN_POINT('',(-1.24968E1,0.E0,-1.013798528636E-2));
#1134=DIRECTION('',(0.E0,0.E0,-1.E0));
#1135=DIRECTION('',(1.E0,0.E0,0.E0));
#1136=AXIS2_PLACEMENT_3D('',#1133,#1134,#1135);
#1138=CARTESIAN_POINT('',(-1.24968E1,0.E0,-1.013798528636E-2));
#1139=DIRECTION('',(0.E0,0.E0,-1.E0));
#1140=DIRECTION('',(-1.E0,0.E0,0.E0));
#1141=AXIS2_PLACEMENT_3D('',#1138,#1139,#1140);
#1143=CARTESIAN_POINT('',(1.24968E1,0.E0,-1.013798528636E-2));
#1144=DIRECTION('',(0.E0,0.E0,-1.E0));
#1145=DIRECTION('',(1.E0,0.E0,0.E0));
#1146=AXIS2_PLACEMENT_3D('',#1143,#1144,#1145);
#1148=CARTESIAN_POINT('',(1.24968E1,0.E0,-1.013798528636E-2));
#1149=DIRECTION('',(0.E0,0.E0,-1.E0));
#1150=DIRECTION('',(-1.E0,0.E0,0.E0));
#1151=AXIS2_PLACEMENT_3D('',#1148,#1149,#1150);
#1153=CARTESIAN_POINT('',(1.24968E1,0.E0,-1.017492505766E-2));
#1154=DIRECTION('',(0.E0,0.E0,1.E0));
#1155=DIRECTION('',(-1.E0,0.E0,0.E0));
#1156=AXIS2_PLACEMENT_3D('',#1153,#1154,#1155);
#1158=CARTESIAN_POINT('',(1.24968E1,0.E0,-1.017492505766E-2));
#1159=DIRECTION('',(0.E0,0.E0,1.E0));
#1160=DIRECTION('',(1.E0,0.E0,0.E0));
#1161=AXIS2_PLACEMENT_3D('',#1158,#1159,#1160);
#1163=DIRECTION('',(-7.070868771686E-1,-3.447915462714E-8,-7.071266846443E-1));
#1164=VECTOR('',#1163,3.592102410439E-1);
#1165=CARTESIAN_POINT('',(-1.110743847636E1,3.199405060487E-8,
-1.014153803400E-2));
#1166=LINE('',#1165,#1164);
#1167=DIRECTION('',(7.070868771686E-1,3.447915602654E-8,-7.071266846443E-1));
#1168=VECTOR('',#1167,3.592102410439E-1);
#1169=CARTESIAN_POINT('',(-1.388616152364E1,-3.199405150487E-8,
-1.014153803400E-2));
#1170=LINE('',#1169,#1168);
#1171=CARTESIAN_POINT('',(-1.24968E1,0.E0,-2.641506732285E-1));
#1172=DIRECTION('',(0.E0,0.E0,-1.E0));
#1173=DIRECTION('',(-1.E0,0.E0,0.E0));
#1174=AXIS2_PLACEMENT_3D('',#1171,#1172,#1173);
#1176=DIRECTION('',(1.517936896205E-5,-2.628490658282E-8,-9.999999998848E-1));
#1177=VECTOR('',#1176,7.460093152123E-1);
#1178=CARTESIAN_POINT('',(-1.136143132395E1,1.960878516027E-8,
-2.641486848737E-1));
#1179=LINE('',#1178,#1177);
#1180=DIRECTION('',(-1.517936895729E-5,2.628490689012E-8,-9.999999998848E-1));
#1181=VECTOR('',#1180,7.460093152123E-1);
#1182=CARTESIAN_POINT('',(-1.363216867605E1,-1.960878555759E-8,
-2.641486848737E-1));
#1183=LINE('',#1182,#1181);
#1184=CARTESIAN_POINT('',(-1.24968E1,0.E0,-2.641506732285E-1));
#1185=DIRECTION('',(0.E0,0.E0,-1.E0));
#1186=DIRECTION('',(1.E0,0.E0,0.E0));
#1187=AXIS2_PLACEMENT_3D('',#1184,#1185,#1186);
#1189=CARTESIAN_POINT('',(-1.24968E1,0.E0,-1.010158E0));
#1190=DIRECTION('',(0.E0,0.E0,1.E0));
#1191=DIRECTION('',(1.E0,0.E0,0.E0));
#1192=AXIS2_PLACEMENT_3D('',#1189,#1190,#1191);
#1194=CARTESIAN_POINT('',(-1.24968E1,0.E0,-1.010158E0));
#1195=DIRECTION('',(0.E0,0.E0,-1.E0));
#1196=DIRECTION('',(1.E0,0.E0,0.E0));
#1197=AXIS2_PLACEMENT_3D('',#1194,#1195,#1196);
#1199=DIRECTION('',(-7.070868771686E-1,-3.447915325782E-8,-7.071266846443E-1));
#1200=VECTOR('',#1199,3.592102410439E-1);
#1201=CARTESIAN_POINT('',(1.388616152364E1,3.199405030881E-8,
-1.014153803400E-2));
#1202=LINE('',#1201,#1200);
#1203=DIRECTION('',(7.070868771686E-1,3.447915109107E-8,-7.071266846443E-1));
#1204=VECTOR('',#1203,3.592102410439E-1);
#1205=CARTESIAN_POINT('',(1.110743847636E1,-3.199404936238E-8,
-1.014153803400E-2));
#1206=LINE('',#1205,#1204);
#1207=CARTESIAN_POINT('',(1.24968E1,0.E0,-2.641506732285E-1));
#1208=DIRECTION('',(0.E0,0.E0,-1.E0));
#1209=DIRECTION('',(-1.E0,0.E0,0.E0));
#1210=AXIS2_PLACEMENT_3D('',#1207,#1208,#1209);
#1212=CARTESIAN_POINT('',(1.24968E1,0.E0,-1.010158E0));
#1213=DIRECTION('',(0.E0,0.E0,1.E0));
#1214=DIRECTION('',(1.E0,0.E0,0.E0));
#1215=AXIS2_PLACEMENT_3D('',#1212,#1213,#1214);
#1217=CARTESIAN_POINT('',(1.24968E1,0.E0,-2.641506732285E-1));
#1218=DIRECTION('',(0.E0,0.E0,-1.E0));
#1219=DIRECTION('',(1.E0,0.E0,0.E0));
#1220=AXIS2_PLACEMENT_3D('',#1217,#1218,#1219);
#1222=DIRECTION('',(1.517936896206E-5,-2.628490674421E-8,9.999999998848E-1));
#1223=VECTOR('',#1222,7.460093152123E-1);
#1224=CARTESIAN_POINT('',(1.136142E1,0.E0,-1.010158E0));
#1225=LINE('',#1224,#1223);
#1226=CARTESIAN_POINT('',(1.24968E1,0.E0,-1.010158E0));
#1227=DIRECTION('',(0.E0,0.E0,-1.E0));
#1228=DIRECTION('',(1.E0,0.E0,0.E0));
#1229=AXIS2_PLACEMENT_3D('',#1226,#1227,#1228);
#1231=DIRECTION('',(-1.517936895967E-5,2.628490696956E-8,9.999999998848E-1));
#1232=VECTOR('',#1231,7.460093152123E-1);
#1233=CARTESIAN_POINT('',(1.363218E1,0.E0,-1.010158E0));
#1234=LINE('',#1233,#1232);
#1235=DIRECTION('',(-7.071110755416E-1,-1.510177666138E-9,-7.071024868054E-1));
#1236=VECTOR('',#1235,3.592102451653E-1);
#1237=CARTESIAN_POINT('',(1.084581146083E1,4.029786241857E-9,
-1.017145751361E-2));
#1238=LINE('',#1237,#1236);
#1239=DIRECTION('',(7.071110755416E-1,1.510176707943E-9,-7.071024868054E-1));
#1240=VECTOR('',#1239,3.592102451653E-1);
#1241=CARTESIAN_POINT('',(1.414778853917E1,-4.029786028960E-9,
-1.017145751362E-2));
#1242=LINE('',#1241,#1240);
#1243=CARTESIAN_POINT('',(1.24968E1,0.E0,-2.641652470691E-1));
#1244=DIRECTION('',(0.E0,0.E0,1.E0));
#1245=DIRECTION('',(1.E0,0.E0,0.E0));
#1246=AXIS2_PLACEMENT_3D('',#1243,#1244,#1245);
#1248=DIRECTION('',(-1.762067893641E-6,-6.195672615458E-10,9.999999999984E-1));
#1249=VECTOR('',#1248,5.628630084853E0);
#1250=CARTESIAN_POINT('',(1.44018E1,0.E0,-5.8928E0));
#1251=LINE('',#1250,#1249);
#1252=CARTESIAN_POINT('',(1.24968E1,0.E0,-2.641652470691E-1));
#1253=DIRECTION('',(0.E0,0.E0,1.E0));
#1254=DIRECTION('',(-1.E0,0.E0,0.E0));
#1255=AXIS2_PLACEMENT_3D('',#1252,#1253,#1254);
#1257=DIRECTION('',(1.762067893641E-6,6.195672382193E-10,9.999999999984E-1));
#1258=VECTOR('',#1257,5.628630084853E0);
#1259=CARTESIAN_POINT('',(1.05918E1,0.E0,-5.8928E0));
#1260=LINE('',#1259,#1258);
#1261=CARTESIAN_POINT('',(-1.24968E1,0.E0,-2.641652470691E-1));
#1262=DIRECTION('',(0.E0,0.E0,1.E0));
#1263=DIRECTION('',(-1.E0,0.E0,0.E0));
#1264=AXIS2_PLACEMENT_3D('',#1261,#1262,#1263);
#1266=DIRECTION('',(1.762067893326E-6,6.195672875759E-10,9.999999999984E-1));
#1267=VECTOR('',#1266,5.628630084853E0);
#1268=CARTESIAN_POINT('',(-1.44018E1,0.E0,-5.8928E0));
#1269=LINE('',#1268,#1267);
#1270=DIRECTION('',(0.E0,0.E0,1.E0));
#1271=VECTOR('',#1270,1.68656E0);
#1272=CARTESIAN_POINT('',(1.39446E1,6.2738E0,-7.57936E0));
#1273=LINE('',#1272,#1271);
#1274=DIRECTION('',(0.E0,0.E0,-1.E0));
#1275=VECTOR('',#1274,1.68656E0);
#1276=CARTESIAN_POINT('',(-1.39446E1,6.2738E0,-5.8928E0));
#1277=LINE('',#1276,#1275);
#1278=DIRECTION('',(1.E0,0.E0,0.E0));
#1279=VECTOR('',#1278,3.683E-1);
#1280=CARTESIAN_POINT('',(-1.39446E1,6.2738E0,-7.57936E0));
#1281=LINE('',#1280,#1279);
#1282=DIRECTION('',(0.E0,0.E0,-1.E0));
#1283=VECTOR('',#1282,4.1656E-1);
#1284=CARTESIAN_POINT('',(-1.35763E1,6.2738E0,-7.57936E0));
#1285=LINE('',#1284,#1283);
#1286=DIRECTION('',(1.E0,0.E0,0.E0));
#1287=VECTOR('',#1286,5.08E-1);
#1288=CARTESIAN_POINT('',(-1.14173E1,6.2738E0,-7.57936E0));
#1289=LINE('',#1288,#1287);
#1290=DIRECTION('',(0.E0,0.E0,1.E0));
#1291=VECTOR('',#1290,9.652E-1);
#1292=CARTESIAN_POINT('',(-1.09093E1,6.2738E0,-8.54456E0));
#1293=LINE('',#1292,#1291);
#1294=DIRECTION('',(1.E0,0.E0,0.E0));
#1295=VECTOR('',#1294,2.18186E1);
#1296=CARTESIAN_POINT('',(-1.09093E1,6.2738E0,-8.54456E0));
#1297=LINE('',#1296,#1295);
#1298=DIRECTION('',(0.E0,0.E0,1.E0));
#1299=VECTOR('',#1298,9.652E-1);
#1300=CARTESIAN_POINT('',(1.09093E1,6.2738E0,-8.54456E0));
#1301=LINE('',#1300,#1299);
#1302=DIRECTION('',(1.E0,0.E0,0.E0));
#1303=VECTOR('',#1302,5.08E-1);
#1304=CARTESIAN_POINT('',(1.09093E1,6.2738E0,-7.57936E0));
#1305=LINE('',#1304,#1303);
#1306=DIRECTION('',(0.E0,0.E0,-1.E0));
#1307=VECTOR('',#1306,4.1656E-1);
#1308=CARTESIAN_POINT('',(1.14173E1,6.2738E0,-7.57936E0));
#1309=LINE('',#1308,#1307);
#1310=DIRECTION('',(1.E0,0.E0,0.E0));
#1311=VECTOR('',#1310,3.683E-1);
#1312=CARTESIAN_POINT('',(1.35763E1,6.2738E0,-7.57936E0));
#1313=LINE('',#1312,#1311);
#1314=DIRECTION('',(0.E0,1.E0,0.E0));
#1315=VECTOR('',#1314,2.9718E0);
#1316=CARTESIAN_POINT('',(-1.09093E1,3.302E0,-8.54456E0));
#1317=LINE('',#1316,#1315);
#1318=DIRECTION('',(1.E0,0.E0,0.E0));
#1319=VECTOR('',#1318,2.18186E1);
#1320=CARTESIAN_POINT('',(-1.09093E1,3.302E0,-8.54456E0));
#1321=LINE('',#1320,#1319);
#1322=DIRECTION('',(0.E0,1.E0,0.E0));
#1323=VECTOR('',#1322,2.9718E0);
#1324=CARTESIAN_POINT('',(1.09093E1,3.302E0,-8.54456E0));
#1325=LINE('',#1324,#1323);
#1326=CARTESIAN_POINT('',(1.39446E1,4.699E0,-8.54456E0));
#1327=DIRECTION('',(0.E0,0.E0,-1.E0));
#1328=DIRECTION('',(8.870967741935E-2,9.960575250116E-1,0.E0));
#1329=AXIS2_PLACEMENT_3D('',#1326,#1327,#1328);
#1331=DIRECTION('',(0.E0,1.E0,0.E0));
#1332=VECTOR('',#1331,2.965591390388E0);
#1333=CARTESIAN_POINT('',(1.40843E1,3.302E0,-8.54456E0));
#1334=LINE('',#1333,#1332);
#1335=DIRECTION('',(1.E0,0.E0,0.E0));
#1336=VECTOR('',#1335,1.4351E0);
#1337=CARTESIAN_POINT('',(1.40843E1,3.302E0,-8.54456E0));
#1338=LINE('',#1337,#1336);
#1339=CARTESIAN_POINT('',(-1.39446E1,4.699E0,-8.54456E0));
#1340=DIRECTION('',(0.E0,0.E0,-1.E0));
#1341=DIRECTION('',(-1.E0,0.E0,0.E0));
#1342=AXIS2_PLACEMENT_3D('',#1339,#1340,#1341);
#1344=DIRECTION('',(1.E0,0.E0,0.E0));
#1345=VECTOR('',#1344,1.4351E0);
#1346=CARTESIAN_POINT('',(-1.55194E1,3.302E0,-8.54456E0));
#1347=LINE('',#1346,#1345);
#1348=DIRECTION('',(0.E0,1.E0,0.E0));
#1349=VECTOR('',#1348,2.965591390388E0);
#1350=CARTESIAN_POINT('',(-1.40843E1,3.302E0,-8.54456E0));
#1351=LINE('',#1350,#1349);
#1352=DIRECTION('',(0.E0,-1.E0,0.E0));
#1353=VECTOR('',#1352,2.9718E0);
#1354=CARTESIAN_POINT('',(-1.09093E1,6.2738E0,-7.57936E0));
#1355=LINE('',#1354,#1353);
#1356=CARTESIAN_POINT('',(-1.39446E1,4.699E0,-7.57936E0));
#1357=DIRECTION('',(0.E0,0.E0,-1.E0));
#1358=DIRECTION('',(-8.870967741935E-2,9.960575250116E-1,0.E0));
#1359=AXIS2_PLACEMENT_3D('',#1356,#1357,#1358);
#1361=DIRECTION('',(0.E0,-1.E0,0.E0));
#1362=VECTOR('',#1361,2.965591390388E0);
#1363=CARTESIAN_POINT('',(-1.40843E1,6.267591390388E0,-7.57936E0));
#1364=LINE('',#1363,#1362);
#1365=DIRECTION('',(0.E0,-1.E0,0.E0));
#1366=VECTOR('',#1365,1.397E0);
#1367=CARTESIAN_POINT('',(-1.14173E1,6.2738E0,-7.57936E0));
#1368=LINE('',#1367,#1366);
#1369=DIRECTION('',(-1.E0,0.E0,0.E0));
#1370=VECTOR('',#1369,2.159E0);
#1371=CARTESIAN_POINT('',(-1.14173E1,4.8768E0,-7.57936E0));
#1372=LINE('',#1371,#1370);
#1373=DIRECTION('',(0.E0,-1.E0,0.E0));
#1374=VECTOR('',#1373,1.397E0);
#1375=CARTESIAN_POINT('',(-1.35763E1,6.2738E0,-7.57936E0));
#1376=LINE('',#1375,#1374);
#1377=DIRECTION('',(0.E0,0.E0,1.E0));
#1378=VECTOR('',#1377,9.652E-1);
#1379=CARTESIAN_POINT('',(-1.40843E1,6.267591390388E0,-8.54456E0));
#1380=LINE('',#1379,#1378);
#1381=DIRECTION('',(0.E0,0.E0,-1.E0));
#1382=VECTOR('',#1381,9.652E-1);
#1383=CARTESIAN_POINT('',(-1.09093E1,3.302E0,-7.57936E0));
#1384=LINE('',#1383,#1382);
#1385=DIRECTION('',(1.E0,0.E0,0.E0));
#1386=VECTOR('',#1385,3.175E0);
#1387=CARTESIAN_POINT('',(-1.40843E1,3.302E0,-7.57936E0));
#1388=LINE('',#1387,#1386);
#1389=DIRECTION('',(0.E0,0.E0,1.E0));
#1390=VECTOR('',#1389,9.652E-1);
#1391=CARTESIAN_POINT('',(-1.40843E1,3.302E0,-8.54456E0));
#1392=LINE('',#1391,#1390);
#1393=DIRECTION('',(1.E0,0.E0,0.E0));
#1394=VECTOR('',#1393,7.366E0);
#1395=CARTESIAN_POINT('',(-1.55194E1,3.302E0,-9.73836E0));
#1396=LINE('',#1395,#1394);
#1397=DIRECTION('',(0.E0,0.E0,1.E0));
#1398=VECTOR('',#1397,7.8486E0);
#1399=CARTESIAN_POINT('',(-8.1534E0,3.302E0,-1.758696E1));
#1400=LINE('',#1399,#1398);
#1401=DIRECTION('',(-1.E0,0.E0,0.E0));
#1402=VECTOR('',#1401,1.63068E1);
#1403=CARTESIAN_POINT('',(8.1534E0,3.302E0,-1.758696E1));
#1404=LINE('',#1403,#1402);
#1405=DIRECTION('',(0.E0,0.E0,1.E0));
#1406=VECTOR('',#1405,7.8486E0);
#1407=CARTESIAN_POINT('',(8.1534E0,3.302E0,-1.758696E1));
#1408=LINE('',#1407,#1406);
#1409=DIRECTION('',(-1.E0,0.E0,0.E0));
#1410=VECTOR('',#1409,7.366E0);
#1411=CARTESIAN_POINT('',(1.55194E1,3.302E0,-9.73836E0));
#1412=LINE('',#1411,#1410);
#1413=DIRECTION('',(0.E0,0.E0,-1.E0));
#1414=VECTOR('',#1413,9.652E-1);
#1415=CARTESIAN_POINT('',(1.40843E1,3.302E0,-7.57936E0));
#1416=LINE('',#1415,#1414);
#1417=DIRECTION('',(1.E0,0.E0,0.E0));
#1418=VECTOR('',#1417,3.175E0);
#1419=CARTESIAN_POINT('',(1.09093E1,3.302E0,-7.57936E0));
#1420=LINE('',#1419,#1418);
#1421=DIRECTION('',(0.E0,0.E0,1.E0));
#1422=VECTOR('',#1421,9.652E-1);
#1423=CARTESIAN_POINT('',(1.09093E1,3.302E0,-8.54456E0));
#1424=LINE('',#1423,#1422);
#1425=DIRECTION('',(0.E0,0.E0,-1.E0));
#1426=VECTOR('',#1425,2.65176E0);
#1427=CARTESIAN_POINT('',(-1.55194E1,4.699E0,-5.8928E0));
#1428=LINE('',#1427,#1426);
#1429=DIRECTION('',(0.E0,-1.E0,0.E0));
#1430=VECTOR('',#1429,8.4328E0);
#1431=CARTESIAN_POINT('',(-1.55194E1,4.699E0,-5.8928E0));
#1432=LINE('',#1431,#1430);
#1433=DIRECTION('',(0.E0,0.E0,1.E0));
#1434=VECTOR('',#1433,4.1656E-1);
#1435=CARTESIAN_POINT('',(-1.55194E1,-3.7338E0,-6.30936E0));
#1436=LINE('',#1435,#1434);
#1437=DIRECTION('',(0.E0,1.E0,0.E0));
#1438=VECTOR('',#1437,1.5748E0);
#1439=CARTESIAN_POINT('',(-1.55194E1,-5.3086E0,-6.30936E0));
#1440=LINE('',#1439,#1438);
#1441=DIRECTION('',(0.E0,0.E0,1.E0));
#1442=VECTOR('',#1441,1.22936E1);
#1443=CARTESIAN_POINT('',(-1.55194E1,-5.3086E0,-1.860296E1));
#1444=LINE('',#1443,#1442);
#1445=DIRECTION('',(0.E0,1.E0,0.E0));
#1446=VECTOR('',#1445,1.9558E0);
#1447=CARTESIAN_POINT('',(-1.55194E1,-5.3086E0,-1.860296E1));
#1448=LINE('',#1447,#1446);
#1449=DIRECTION('',(0.E0,0.E0,1.E0));
#1450=VECTOR('',#1449,8.8646E0);
#1451=CARTESIAN_POINT('',(-1.55194E1,-3.3528E0,-1.860296E1));
#1452=LINE('',#1451,#1450);
#1453=DIRECTION('',(0.E0,-1.E0,0.E0));
#1454=VECTOR('',#1453,6.6548E0);
#1455=CARTESIAN_POINT('',(-1.55194E1,3.302E0,-9.73836E0));
#1456=LINE('',#1455,#1454);
#1457=DIRECTION('',(0.E0,0.E0,1.E0));
#1458=VECTOR('',#1457,1.1938E0);
#1459=CARTESIAN_POINT('',(-1.55194E1,3.302E0,-9.73836E0));
#1460=LINE('',#1459,#1458);
#1461=DIRECTION('',(0.E0,1.E0,0.E0));
#1462=VECTOR('',#1461,1.397E0);
#1463=CARTESIAN_POINT('',(-1.55194E1,3.302E0,-8.54456E0));
#1464=LINE('',#1463,#1462);
#1465=DIRECTION('',(0.E0,0.E0,-1.E0));
#1466=VECTOR('',#1465,4.1656E-1);
#1467=CARTESIAN_POINT('',(-1.42494E1,-5.0038E0,-5.8928E0));
#1468=LINE('',#1467,#1466);
#1469=DIRECTION('',(0.E0,0.E0,-1.E0));
#1470=VECTOR('',#1469,4.1656E-1);
#1471=CARTESIAN_POINT('',(-1.42113E1,-5.0038E0,-5.8928E0));
#1472=LINE('',#1471,#1470);
#1473=DIRECTION('',(0.E0,0.E0,1.E0));
#1474=VECTOR('',#1473,4.1656E-1);
#1475=CARTESIAN_POINT('',(-1.42113E1,-5.06476E0,-6.30936E0));
#1476=LINE('',#1475,#1474);
#1477=DIRECTION('',(0.E0,-7.071067811865E-1,-7.071067811865E-1));
#1478=VECTOR('',#1477,3.448418350491E-1);
#1479=CARTESIAN_POINT('',(-1.06553E1,-5.06476E0,-1.142001519846E1));
#1480=LINE('',#1479,#1478);
#1481=DIRECTION('',(0.E0,0.E0,-1.E0));
#1482=VECTOR('',#1481,5.527215198458E0);
#1483=CARTESIAN_POINT('',(-1.06553E1,-5.06476E0,-5.8928E0));
#1484=LINE('',#1483,#1482);
#1485=DIRECTION('',(0.E0,-1.E0,0.E0));
#1486=VECTOR('',#1485,1.20904E0);
#1487=CARTESIAN_POINT('',(-1.06553E1,-5.06476E0,-5.8928E0));
#1488=LINE('',#1487,#1486);
#1489=DIRECTION('',(0.E0,1.E0,0.E0));
#1490=VECTOR('',#1489,9.652E-1);
#1491=CARTESIAN_POINT('',(-1.06553E1,-6.2738E0,-1.225296E1));
#1492=LINE('',#1491,#1490);
#1493=DIRECTION('',(0.E0,0.E0,-1.E0));
#1494=VECTOR('',#1493,5.354495198458E0);
#1495=CARTESIAN_POINT('',(1.43383E1,-5.3086E0,-6.30936E0));
#1496=LINE('',#1495,#1494);
#1497=DIRECTION('',(1.E0,0.E0,0.E0));
#1498=VECTOR('',#1497,1.1811E0);
#1499=CARTESIAN_POINT('',(1.43383E1,-5.3086E0,-6.30936E0));
#1500=LINE('',#1499,#1498);
#1501=CARTESIAN_POINT('',(1.3843E1,-5.3086E0,-1.702816E1));
#1502=DIRECTION('',(0.E0,-1.E0,0.E0));
#1503=DIRECTION('',(0.E0,0.E0,-1.E0));
#1504=AXIS2_PLACEMENT_3D('',#1501,#1502,#1503);
#1506=DIRECTION('',(0.E0,0.E0,1.E0));
#1507=VECTOR('',#1506,4.2672E0);
#1508=CARTESIAN_POINT('',(1.54178E1,-5.3086E0,-1.702816E1));
#1509=LINE('',#1508,#1507);
#1510=DIRECTION('',(-1.E0,0.E0,0.E0));
#1511=VECTOR('',#1510,1.2065E0);
#1512=CARTESIAN_POINT('',(1.54178E1,-5.3086E0,-1.276096E1));
#1513=LINE('',#1512,#1511);
#1514=DIRECTION('',(0.E0,0.E0,1.E0));
#1515=VECTOR('',#1514,1.097104801542E0);
#1516=CARTESIAN_POINT('',(1.42113E1,-5.3086E0,-1.276096E1));
#1517=LINE('',#1516,#1515);
#1518=DIRECTION('',(1.E0,0.E0,1.398706172756E-14));
#1519=VECTOR('',#1518,1.27E-1);
#1520=CARTESIAN_POINT('',(1.42113E1,-5.3086E0,-1.166385519846E1));
#1521=LINE('',#1520,#1519);
#1522=DIRECTION('',(1.E0,0.E0,-1.398706172756E-14));
#1523=VECTOR('',#1522,1.27E-1);
#1524=CARTESIAN_POINT('',(1.06553E1,-5.3086E0,-1.166385519846E1));
#1525=LINE('',#1524,#1523);
#1526=DIRECTION('',(0.E0,0.E0,-1.E0));
#1527=VECTOR('',#1526,1.097104801542E0);
#1528=CARTESIAN_POINT('',(1.07823E1,-5.3086E0,-1.166385519846E1));
#1529=LINE('',#1528,#1527);
#1530=DIRECTION('',(-1.E0,0.E0,0.E0));
#1531=VECTOR('',#1530,1.2065E0);
#1532=CARTESIAN_POINT('',(1.07823E1,-5.3086E0,-1.276096E1));
#1533=LINE('',#1532,#1531);
#1534=DIRECTION('',(0.E0,0.E0,-1.E0));
#1535=VECTOR('',#1534,4.2672E0);
#1536=CARTESIAN_POINT('',(9.5758E0,-5.3086E0,-1.276096E1));
#1537=LINE('',#1536,#1535);
#1538=CARTESIAN_POINT('',(1.11506E1,-5.3086E0,-1.702816E1));
#1539=DIRECTION('',(0.E0,-1.E0,0.E0));
#1540=DIRECTION('',(-1.E0,0.E0,0.E0));
#1541=AXIS2_PLACEMENT_3D('',#1538,#1539,#1540);
#1543=DIRECTION('',(0.E0,0.E0,-1.E0));
#1544=VECTOR('',#1543,6.35E0);
#1545=CARTESIAN_POINT('',(9.4234E0,-5.3086E0,-1.225296E1));
#1546=LINE('',#1545,#1544);
#1547=DIRECTION('',(-1.E0,0.E0,0.E0));
#1548=VECTOR('',#1547,1.2319E0);
#1549=CARTESIAN_POINT('',(1.06553E1,-5.3086E0,-1.225296E1));
#1550=LINE('',#1549,#1548);
#1551=DIRECTION('',(0.E0,0.E0,-1.E0));
#1552=VECTOR('',#1551,5.891048015421E-1);
#1553=CARTESIAN_POINT('',(1.06553E1,-5.3086E0,-1.166385519846E1));
#1554=LINE('',#1553,#1552);
#1555=DIRECTION('',(0.E0,0.E0,-1.E0));
#1556=VECTOR('',#1555,5.354495198458E0);
#1557=CARTESIAN_POINT('',(-1.43383E1,-5.3086E0,-6.30936E0));
#1558=LINE('',#1557,#1556);
#1559=DIRECTION('',(-1.E0,0.E0,0.E0));
#1560=VECTOR('',#1559,1.27E-1);
#1561=CARTESIAN_POINT('',(-1.42113E1,-5.3086E0,-1.166385519846E1));
#1562=LINE('',#1561,#1560);
#1563=DIRECTION('',(0.E0,0.E0,-1.E0));
#1564=VECTOR('',#1563,1.097104801542E0);
#1565=CARTESIAN_POINT('',(-1.42113E1,-5.3086E0,-1.166385519846E1));
#1566=LINE('',#1565,#1564);
#1567=DIRECTION('',(1.E0,0.E0,0.E0));
#1568=VECTOR('',#1567,1.2065E0);
#1569=CARTESIAN_POINT('',(-1.54178E1,-5.3086E0,-1.276096E1));
#1570=LINE('',#1569,#1568);
#1571=DIRECTION('',(0.E0,0.E0,-1.E0));
#1572=VECTOR('',#1571,4.2672E0);
#1573=CARTESIAN_POINT('',(-1.54178E1,-5.3086E0,-1.276096E1));
#1574=LINE('',#1573,#1572);
#1575=CARTESIAN_POINT('',(-1.3843E1,-5.3086E0,-1.702816E1));
#1576=DIRECTION('',(0.E0,-1.E0,0.E0));
#1577=DIRECTION('',(-1.E0,0.E0,0.E0));
#1578=AXIS2_PLACEMENT_3D('',#1575,#1576,#1577);
#1580=DIRECTION('',(1.E0,0.E0,0.E0));
#1581=VECTOR('',#1580,1.1811E0);
#1582=CARTESIAN_POINT('',(-1.55194E1,-5.3086E0,-6.30936E0));
#1583=LINE('',#1582,#1581);
#1584=DIRECTION('',(-1.E0,0.E0,0.E0));
#1585=VECTOR('',#1584,1.27E-1);
#1586=CARTESIAN_POINT('',(-1.06553E1,-5.3086E0,-1.166385519846E1));
#1587=LINE('',#1586,#1585);
#1588=DIRECTION('',(0.E0,0.E0,1.E0));
#1589=VECTOR('',#1588,5.891048015421E-1);
#1590=CARTESIAN_POINT('',(-1.06553E1,-5.3086E0,-1.225296E1));
#1591=LINE('',#1590,#1589);
#1592=DIRECTION('',(-1.E0,0.E0,0.E0));
#1593=VECTOR('',#1592,1.2319E0);
#1594=CARTESIAN_POINT('',(-9.4234E0,-5.3086E0,-1.225296E1));
#1595=LINE('',#1594,#1593);
#1596=DIRECTION('',(0.E0,0.E0,1.E0));
#1597=VECTOR('',#1596,6.35E0);
#1598=CARTESIAN_POINT('',(-9.4234E0,-5.3086E0,-1.860296E1));
#1599=LINE('',#1598,#1597);
#1600=CARTESIAN_POINT('',(-1.11506E1,-5.3086E0,-1.702816E1));
#1601=DIRECTION('',(0.E0,-1.E0,0.E0));
#1602=DIRECTION('',(0.E0,0.E0,-1.E0));
#1603=AXIS2_PLACEMENT_3D('',#1600,#1601,#1602);
#1605=DIRECTION('',(0.E0,0.E0,1.E0));
#1606=VECTOR('',#1605,4.2672E0);
#1607=CARTESIAN_POINT('',(-9.5758E0,-5.3086E0,-1.702816E1));
#1608=LINE('',#1607,#1606);
#1609=DIRECTION('',(-1.E0,0.E0,0.E0));
#1610=VECTOR('',#1609,1.2065E0);
#1611=CARTESIAN_POINT('',(-9.5758E0,-5.3086E0,-1.276096E1));
#1612=LINE('',#1611,#1610);
#1613=DIRECTION('',(0.E0,0.E0,1.E0));
#1614=VECTOR('',#1613,1.097104801542E0);
#1615=CARTESIAN_POINT('',(-1.07823E1,-5.3086E0,-1.276096E1));
#1616=LINE('',#1615,#1614);
#1617=DIRECTION('',(0.E0,7.071067811865E-1,7.071067811865E-1));
#1618=VECTOR('',#1617,3.448418350491E-1);
#1619=CARTESIAN_POINT('',(1.43383E1,-5.3086E0,-1.166385519846E1));
#1620=LINE('',#1619,#1618);
#1621=DIRECTION('',(0.E0,0.E0,1.E0));
#1622=VECTOR('',#1621,5.110655198458E0);
#1623=CARTESIAN_POINT('',(1.43383E1,-5.06476E0,-1.142001519846E1));
#1624=LINE('',#1623,#1622);
#1625=DIRECTION('',(0.E0,1.E0,0.E0));
#1626=VECTOR('',#1625,1.20904E0);
#1627=CARTESIAN_POINT('',(1.06553E1,-6.2738E0,-5.8928E0));
#1628=LINE('',#1627,#1626);
#1629=DIRECTION('',(0.E0,0.E0,1.E0));
#1630=VECTOR('',#1629,5.527215198458E0);
#1631=CARTESIAN_POINT('',(1.06553E1,-5.06476E0,-1.142001519846E1));
#1632=LINE('',#1631,#1630);
#1633=DIRECTION('',(0.E0,7.071067811865E-1,7.071067811865E-1));
#1634=VECTOR('',#1633,3.448418350491E-1);
#1635=CARTESIAN_POINT('',(1.06553E1,-5.3086E0,-1.166385519846E1));
#1636=LINE('',#1635,#1634);
#1637=DIRECTION('',(1.E0,0.E0,0.E0));
#1638=VECTOR('',#1637,3.683E0);
#1639=CARTESIAN_POINT('',(1.06553E1,-5.06476E0,-1.142001519846E1));
#1640=LINE('',#1639,#1638);
#1641=DIRECTION('',(0.E0,0.E0,1.E0));
#1642=VECTOR('',#1641,4.1656E-1);
#1643=CARTESIAN_POINT('',(1.42113E1,-5.06476E0,-6.30936E0));
#1644=LINE('',#1643,#1642);
#1645=DIRECTION('',(0.E0,0.E0,-1.E0));
#1646=VECTOR('',#1645,4.1656E-1);
#1647=CARTESIAN_POINT('',(1.42113E1,-5.0038E0,-5.8928E0));
#1648=LINE('',#1647,#1646);
#1649=DIRECTION('',(0.E0,0.E0,-1.E0));
#1650=VECTOR('',#1649,4.1656E-1);
#1651=CARTESIAN_POINT('',(1.42494E1,-5.0038E0,-5.8928E0));
#1652=LINE('',#1651,#1650);
#1653=DIRECTION('',(0.E0,0.E0,1.E0));
#1654=VECTOR('',#1653,2.65176E0);
#1655=CARTESIAN_POINT('',(1.55194E1,4.699E0,-8.54456E0));
#1656=LINE('',#1655,#1654);
#1657=DIRECTION('',(0.E0,1.E0,0.E0));
#1658=VECTOR('',#1657,1.397E0);
#1659=CARTESIAN_POINT('',(1.55194E1,3.302E0,-8.54456E0));
#1660=LINE('',#1659,#1658);
#1661=DIRECTION('',(0.E0,0.E0,1.E0));
#1662=VECTOR('',#1661,1.1938E0);
#1663=CARTESIAN_POINT('',(1.55194E1,3.302E0,-9.73836E0));
#1664=LINE('',#1663,#1662);
#1665=DIRECTION('',(0.E0,-1.E0,0.E0));
#1666=VECTOR('',#1665,6.6548E0);
#1667=CARTESIAN_POINT('',(1.55194E1,3.302E0,-9.73836E0));
#1668=LINE('',#1667,#1666);
#1669=DIRECTION('',(0.E0,0.E0,1.E0));
#1670=VECTOR('',#1669,8.8646E0);
#1671=CARTESIAN_POINT('',(1.55194E1,-3.3528E0,-1.860296E1));
#1672=LINE('',#1671,#1670);
#1673=DIRECTION('',(0.E0,1.E0,0.E0));
#1674=VECTOR('',#1673,1.9558E0);
#1675=CARTESIAN_POINT('',(1.55194E1,-5.3086E0,-1.860296E1));
#1676=LINE('',#1675,#1674);
#1677=DIRECTION('',(0.E0,0.E0,1.E0));
#1678=VECTOR('',#1677,1.22936E1);
#1679=CARTESIAN_POINT('',(1.55194E1,-5.3086E0,-1.860296E1));
#1680=LINE('',#1679,#1678);
#1681=DIRECTION('',(0.E0,1.E0,0.E0));
#1682=VECTOR('',#1681,1.5748E0);
#1683=CARTESIAN_POINT('',(1.55194E1,-5.3086E0,-6.30936E0));
#1684=LINE('',#1683,#1682);
#1685=DIRECTION('',(0.E0,0.E0,1.E0));
#1686=VECTOR('',#1685,4.1656E-1);
#1687=CARTESIAN_POINT('',(1.55194E1,-3.7338E0,-6.30936E0));
#1688=LINE('',#1687,#1686);
#1689=DIRECTION('',(0.E0,-1.E0,0.E0));
#1690=VECTOR('',#1689,8.4328E0);
#1691=CARTESIAN_POINT('',(1.55194E1,4.699E0,-5.8928E0));
#1692=LINE('',#1691,#1690);
#1693=DIRECTION('',(8.660254037844E-1,5.E-1,0.E0));
#1694=VECTOR('',#1693,2.316836463801E0);
#1695=CARTESIAN_POINT('',(1.023628038297E1,1.598498364406E0,-9.73836E0));
#1696=LINE('',#1695,#1694);
#1697=CARTESIAN_POINT('',(1.24968E1,0.E0,-9.73836E0));
#1698=DIRECTION('',(0.E0,0.E0,-1.E0));
#1699=DIRECTION('',(-9.177215306181E-2,9.957800318958E-1,0.E0));
#1700=AXIS2_PLACEMENT_3D('',#1697,#1698,#1699);
#1702=DIRECTION('',(8.660254037844E-1,-5.E-1,0.E0));
#1703=VECTOR('',#1702,2.316836463801E0);
#1704=CARTESIAN_POINT('',(1.275088038297E1,2.756916596307E0,-9.73836E0));
#1705=LINE('',#1704,#1703);
#1706=CARTESIAN_POINT('',(1.24968E1,0.E0,-9.73836E0));
#1707=DIRECTION('',(0.E0,0.E0,-1.E0));
#1708=DIRECTION('',(8.164847276721E-1,5.773670318594E-1,0.E0));
#1709=AXIS2_PLACEMENT_3D('',#1706,#1707,#1708);
#1711=DIRECTION('',(0.E0,-1.E0,0.E0));
#1712=VECTOR('',#1711,2.316836463801E0);
#1713=CARTESIAN_POINT('',(1.50114E1,1.158418231901E0,-9.73836E0));
#1714=LINE('',#1713,#1712);
#1715=CARTESIAN_POINT('',(1.24968E1,0.E0,-9.73836E0));
#1716=DIRECTION('',(0.E0,0.E0,-1.E0));
#1717=DIRECTION('',(9.082568807339E-1,-4.184130000364E-1,0.E0));
#1718=AXIS2_PLACEMENT_3D('',#1715,#1716,#1717);
#1720=DIRECTION('',(-8.660254037844E-1,-5.E-1,0.E0));
#1721=VECTOR('',#1720,2.316836463801E0);
#1722=CARTESIAN_POINT('',(1.475731961703E1,-1.598498364406E0,-9.73836E0));
#1723=LINE('',#1722,#1721);
#1724=CARTESIAN_POINT('',(1.24968E1,0.E0,-9.73836E0));
#1725=DIRECTION('',(0.E0,0.E0,-1.E0));
#1726=DIRECTION('',(9.177215306181E-2,-9.957800318958E-1,0.E0));
#1727=AXIS2_PLACEMENT_3D('',#1724,#1725,#1726);
#1729=DIRECTION('',(-8.660254037844E-1,5.E-1,0.E0));
#1730=VECTOR('',#1729,2.316836463801E0);
#1731=CARTESIAN_POINT('',(1.224271961703E1,-2.756916596307E0,-9.73836E0));
#1732=LINE('',#1731,#1730);
#1733=CARTESIAN_POINT('',(1.24968E1,0.E0,-9.73836E0));
#1734=DIRECTION('',(0.E0,0.E0,-1.E0));
#1735=DIRECTION('',(-8.164847276721E-1,-5.773670318594E-1,0.E0));
#1736=AXIS2_PLACEMENT_3D('',#1733,#1734,#1735);
#1738=DIRECTION('',(0.E0,1.E0,0.E0));
#1739=VECTOR('',#1738,2.316836463801E0);
#1740=CARTESIAN_POINT('',(9.9822E0,-1.158418231901E0,-9.73836E0));
#1741=LINE('',#1740,#1739);
#1742=CARTESIAN_POINT('',(1.24968E1,0.E0,-9.73836E0));
#1743=DIRECTION('',(0.E0,0.E0,-1.E0));
#1744=DIRECTION('',(-9.082568807339E-1,4.184130000364E-1,0.E0));
#1745=AXIS2_PLACEMENT_3D('',#1742,#1743,#1744);
#1747=DIRECTION('',(0.E0,-1.E0,0.E0));
#1748=VECTOR('',#1747,6.6548E0);
#1749=CARTESIAN_POINT('',(8.1534E0,3.302E0,-1.758696E1));
#1750=LINE('',#1749,#1748);
#1751=DIRECTION('',(0.E0,1.E0,0.E0));
#1752=VECTOR('',#1751,6.6548E0);
#1753=CARTESIAN_POINT('',(8.1534E0,-3.3528E0,-9.73836E0));
#1754=LINE('',#1753,#1752);
#1755=DIRECTION('',(0.E0,1.E0,0.E0));
#1756=VECTOR('',#1755,1.8542E0);
#1757=CARTESIAN_POINT('',(-7.8994E0,-5.207E0,-1.758696E1));
#1758=LINE('',#1757,#1756);
#1759=DIRECTION('',(0.E0,-1.E0,0.E0));
#1760=VECTOR('',#1759,1.8542E0);
#1761=CARTESIAN_POINT('',(7.8994E0,-3.3528E0,-1.758696E1));
#1762=LINE('',#1761,#1760);
#1763=DIRECTION('',(0.E0,0.E0,1.E0));
#1764=VECTOR('',#1763,1.016E0);
#1765=CARTESIAN_POINT('',(7.8994E0,-3.3528E0,-1.860296E1));
#1766=LINE('',#1765,#1764);
#1767=DIRECTION('',(1.E0,0.E0,0.E0));
#1768=VECTOR('',#1767,7.62E0);
#1769=CARTESIAN_POINT('',(7.8994E0,-3.3528E0,-1.860296E1));
#1770=LINE('',#1769,#1768);
#1771=DIRECTION('',(-1.E0,0.E0,0.E0));
#1772=VECTOR('',#1771,7.366E0);
#1773=CARTESIAN_POINT('',(1.55194E1,-3.3528E0,-9.73836E0));
#1774=LINE('',#1773,#1772);
#1775=DIRECTION('',(0.E0,0.E0,-1.E0));
#1776=VECTOR('',#1775,7.8486E0);
#1777=CARTESIAN_POINT('',(8.1534E0,-3.3528E0,-9.73836E0));
#1778=LINE('',#1777,#1776);
#1779=DIRECTION('',(-1.E0,0.E0,0.E0));
#1780=VECTOR('',#1779,2.54E-1);
#1781=CARTESIAN_POINT('',(8.1534E0,-3.3528E0,-1.758696E1));
#1782=LINE('',#1781,#1780);
#1783=DIRECTION('',(0.E0,0.E0,1.E0));
#1784=VECTOR('',#1783,1.016E0);
#1785=CARTESIAN_POINT('',(-7.8994E0,-3.3528E0,-1.860296E1));
#1786=LINE('',#1785,#1784);
#1787=DIRECTION('',(-1.E0,0.E0,0.E0));
#1788=VECTOR('',#1787,2.54E-1);
#1789=CARTESIAN_POINT('',(-7.8994E0,-3.3528E0,-1.758696E1));
#1790=LINE('',#1789,#1788);
#1791=DIRECTION('',(0.E0,0.E0,1.E0));
#1792=VECTOR('',#1791,7.8486E0);
#1793=CARTESIAN_POINT('',(-8.1534E0,-3.3528E0,-1.758696E1));
#1794=LINE('',#1793,#1792);
#1795=DIRECTION('',(-1.E0,0.E0,0.E0));
#1796=VECTOR('',#1795,7.366E0);
#1797=CARTESIAN_POINT('',(-8.1534E0,-3.3528E0,-9.73836E0));
#1798=LINE('',#1797,#1796);
#1799=DIRECTION('',(1.E0,0.E0,0.E0));
#1800=VECTOR('',#1799,7.62E0);
#1801=CARTESIAN_POINT('',(-1.55194E1,-3.3528E0,-1.860296E1));
#1802=LINE('',#1801,#1800);
#1803=CARTESIAN_POINT('',(-1.24968E1,-3.3528E0,-1.540256E1));
#1804=DIRECTION('',(0.E0,1.E0,0.E0));
#1805=DIRECTION('',(1.E0,0.E0,0.E0));
#1806=AXIS2_PLACEMENT_3D('',#1803,#1804,#1805);
#1808=CARTESIAN_POINT('',(-1.24968E1,-3.3528E0,-1.540256E1));
#1809=DIRECTION('',(0.E0,1.E0,0.E0));
#1810=DIRECTION('',(-1.E0,0.E0,0.E0));
#1811=AXIS2_PLACEMENT_3D('',#1808,#1809,#1810);
#1813=CARTESIAN_POINT('',(1.24968E1,-3.3528E0,-1.540256E1));
#1814=DIRECTION('',(0.E0,1.E0,0.E0));
#1815=DIRECTION('',(1.E0,0.E0,0.E0));
#1816=AXIS2_PLACEMENT_3D('',#1813,#1814,#1815);
#1818=CARTESIAN_POINT('',(1.24968E1,-3.3528E0,-1.540256E1));
#1819=DIRECTION('',(0.E0,1.E0,0.E0));
#1820=DIRECTION('',(-1.E0,0.E0,0.E0));
#1821=AXIS2_PLACEMENT_3D('',#1818,#1819,#1820);
#1823=DIRECTION('',(0.E0,0.E0,-1.E0));
#1824=VECTOR('',#1823,1.397E0);
#1825=CARTESIAN_POINT('',(-1.38303E1,-3.3528E0,-1.470406E1));
#1826=LINE('',#1825,#1824);
#1827=CARTESIAN_POINT('',(-1.31953E1,-3.3528E0,-1.470406E1));
#1828=DIRECTION('',(0.E0,-1.E0,0.E0));
#1829=DIRECTION('',(-9.862245919626E-1,0.E0,1.654117716738E-1));
#1830=AXIS2_PLACEMENT_3D('',#1827,#1828,#1829);
#1832=CARTESIAN_POINT('',(-1.31953E1,-3.3528E0,-1.610106E1));
#1833=DIRECTION('',(0.E0,-1.E0,0.E0));
#1834=DIRECTION('',(-1.E0,0.E0,-6.713789629229E-14));
#1835=AXIS2_PLACEMENT_3D('',#1832,#1833,#1834);
#1837=DIRECTION('',(1.E0,0.E0,0.E0));
#1838=VECTOR('',#1837,1.397E0);
#1839=CARTESIAN_POINT('',(-1.31953E1,-3.3528E0,-1.673606E1));
#1840=LINE('',#1839,#1838);
#1841=CARTESIAN_POINT('',(-1.31953E1,-3.3528E0,-1.610106E1));
#1842=DIRECTION('',(0.E0,-1.E0,0.E0));
#1843=DIRECTION('',(-1.654117716738E-1,0.E0,-9.862245919626E-1));
#1844=AXIS2_PLACEMENT_3D('',#1841,#1842,#1843);
#1846=CARTESIAN_POINT('',(-1.24968E1,-3.3528E0,-1.540256E1));
#1847=DIRECTION('',(0.E0,1.E0,0.E0));
#1848=DIRECTION('',(5.186113818335E-1,0.E0,-8.550100786732E-1));
#1849=AXIS2_PLACEMENT_3D('',#1846,#1847,#1848);
#1851=CARTESIAN_POINT('',(-1.17983E1,-3.3528E0,-1.610106E1));
#1852=DIRECTION('',(0.E0,-1.E0,0.E0));
#1853=DIRECTION('',(-1.342757925846E-13,0.E0,-1.E0));
#1854=AXIS2_PLACEMENT_3D('',#1851,#1852,#1853);
#1856=DIRECTION('',(0.E0,0.E0,1.E0));
#1857=VECTOR('',#1856,1.397E0);
#1858=CARTESIAN_POINT('',(-1.11633E1,-3.3528E0,-1.610106E1));
#1859=LINE('',#1858,#1857);
#1860=CARTESIAN_POINT('',(-1.17983E1,-3.3528E0,-1.610106E1));
#1861=DIRECTION('',(0.E0,-1.E0,0.E0));
#1862=DIRECTION('',(9.862245919626E-1,0.E0,-1.654117716738E-1));
#1863=AXIS2_PLACEMENT_3D('',#1860,#1861,#1862);
#1865=CARTESIAN_POINT('',(-1.17983E1,-3.3528E0,-1.470406E1));
#1866=DIRECTION('',(0.E0,-1.E0,0.E0));
#1867=DIRECTION('',(1.E0,0.E0,6.713789629229E-14));
#1868=AXIS2_PLACEMENT_3D('',#1865,#1866,#1867);
#1870=DIRECTION('',(-1.E0,0.E0,0.E0));
#1871=VECTOR('',#1870,1.397E0);
#1872=CARTESIAN_POINT('',(-1.17983E1,-3.3528E0,-1.406906E1));
#1873=LINE('',#1872,#1871);
#1874=CARTESIAN_POINT('',(-1.17983E1,-3.3528E0,-1.470406E1));
#1875=DIRECTION('',(0.E0,-1.E0,0.E0));
#1876=DIRECTION('',(1.654117716738E-1,0.E0,9.862245919626E-1));
#1877=AXIS2_PLACEMENT_3D('',#1874,#1875,#1876);
#1879=CARTESIAN_POINT('',(-1.24968E1,-3.3528E0,-1.540256E1));
#1880=DIRECTION('',(0.E0,1.E0,0.E0));
#1881=DIRECTION('',(-5.186113818335E-1,0.E0,8.550100786732E-1));
#1882=AXIS2_PLACEMENT_3D('',#1879,#1880,#1881);
#1884=CARTESIAN_POINT('',(-1.31953E1,-3.3528E0,-1.470406E1));
#1885=DIRECTION('',(0.E0,-1.E0,0.E0));
#1886=DIRECTION('',(0.E0,0.E0,1.E0));
#1887=AXIS2_PLACEMENT_3D('',#1884,#1885,#1886);
#1889=DIRECTION('',(1.E0,0.E0,0.E0));
#1890=VECTOR('',#1889,1.397E0);
#1891=CARTESIAN_POINT('',(-1.31953E1,-3.3528E0,-1.43891E1));
#1892=LINE('',#1891,#1890);
#1893=CARTESIAN_POINT('',(-1.31953E1,-3.3528E0,-1.470406E1));
#1894=DIRECTION('',(0.E0,-1.E0,0.E0));
#1895=DIRECTION('',(3.383966546991E-14,0.E0,1.E0));
#1896=AXIS2_PLACEMENT_3D('',#1893,#1894,#1895);
#1898=DIRECTION('',(0.E0,0.E0,1.E0));
#1899=VECTOR('',#1898,1.397E0);
#1900=CARTESIAN_POINT('',(-1.351026E1,-3.3528E0,-1.610106E1));
#1901=LINE('',#1900,#1899);
#1902=CARTESIAN_POINT('',(-1.31953E1,-3.3528E0,-1.610106E1));
#1903=DIRECTION('',(0.E0,-1.E0,0.E0));
#1904=DIRECTION('',(-1.E0,0.E0,-3.383966546991E-14));
#1905=AXIS2_PLACEMENT_3D('',#1902,#1903,#1904);
#1907=DIRECTION('',(-1.E0,0.E0,0.E0));
#1908=VECTOR('',#1907,1.397E0);
#1909=CARTESIAN_POINT('',(-1.17983E1,-3.3528E0,-1.641602E1));
#1910=LINE('',#1909,#1908);
#1911=CARTESIAN_POINT('',(-1.17983E1,-3.3528E0,-1.610106E1));
#1912=DIRECTION('',(0.E0,-1.E0,0.E0));
#1913=DIRECTION('',(0.E0,0.E0,-1.E0));
#1914=AXIS2_PLACEMENT_3D('',#1911,#1912,#1913);
#1916=DIRECTION('',(0.E0,0.E0,-1.E0));
#1917=VECTOR('',#1916,1.397E0);
#1918=CARTESIAN_POINT('',(-1.148334E1,-3.3528E0,-1.470406E1));
#1919=LINE('',#1918,#1917);
#1920=CARTESIAN_POINT('',(-1.17983E1,-3.3528E0,-1.470406E1));
#1921=DIRECTION('',(0.E0,-1.E0,0.E0));
#1922=DIRECTION('',(1.E0,0.E0,0.E0));
#1923=AXIS2_PLACEMENT_3D('',#1920,#1921,#1922);
#1925=CARTESIAN_POINT('',(1.17983E1,-3.3528E0,-1.610106E1));
#1926=DIRECTION('',(0.E0,-1.E0,0.E0));
#1927=DIRECTION('',(-1.E0,0.E0,-1.342757925846E-13));
#1928=AXIS2_PLACEMENT_3D('',#1925,#1926,#1927);
#1930=DIRECTION('',(0.E0,0.E0,-1.E0));
#1931=VECTOR('',#1930,1.397E0);
#1932=CARTESIAN_POINT('',(1.11633E1,-3.3528E0,-1.470406E1));
#1933=LINE('',#1932,#1931);
#1934=CARTESIAN_POINT('',(1.17983E1,-3.3528E0,-1.470406E1));
#1935=DIRECTION('',(0.E0,-1.E0,0.E0));
#1936=DIRECTION('',(-9.862245919626E-1,0.E0,1.654117716738E-1));
#1937=AXIS2_PLACEMENT_3D('',#1934,#1935,#1936);
#1939=CARTESIAN_POINT('',(1.24968E1,-3.3528E0,-1.540256E1));
#1940=DIRECTION('',(0.E0,1.E0,0.E0));
#1941=DIRECTION('',(-5.186113818335E-1,0.E0,8.550100786732E-1));
#1942=AXIS2_PLACEMENT_3D('',#1939,#1940,#1941);
#1944=CARTESIAN_POINT('',(1.17983E1,-3.3528E0,-1.470406E1));
#1945=DIRECTION('',(0.E0,-1.E0,0.E0));
#1946=DIRECTION('',(0.E0,0.E0,1.E0));
#1947=AXIS2_PLACEMENT_3D('',#1944,#1945,#1946);
#1949=DIRECTION('',(-1.E0,0.E0,0.E0));
#1950=VECTOR('',#1949,1.397E0);
#1951=CARTESIAN_POINT('',(1.31953E1,-3.3528E0,-1.406906E1));
#1952=LINE('',#1951,#1950);
#1953=CARTESIAN_POINT('',(1.31953E1,-3.3528E0,-1.470406E1));
#1954=DIRECTION('',(0.E0,-1.E0,0.E0));
#1955=DIRECTION('',(1.654117716738E-1,0.E0,9.862245919626E-1));
#1956=AXIS2_PLACEMENT_3D('',#1953,#1954,#1955);
#1958=CARTESIAN_POINT('',(1.31953E1,-3.3528E0,-1.470406E1));
#1959=DIRECTION('',(0.E0,-1.E0,0.E0));
#1960=DIRECTION('',(1.E0,0.E0,0.E0));
#1961=AXIS2_PLACEMENT_3D('',#1958,#1959,#1960);
#1963=DIRECTION('',(0.E0,0.E0,1.E0));
#1964=VECTOR('',#1963,1.397E0);
#1965=CARTESIAN_POINT('',(1.38303E1,-3.3528E0,-1.610106E1));
#1966=LINE('',#1965,#1964);
#1967=CARTESIAN_POINT('',(1.31953E1,-3.3528E0,-1.610106E1));
#1968=DIRECTION('',(0.E0,-1.E0,0.E0));
#1969=DIRECTION('',(9.862245919626E-1,0.E0,-1.654117716738E-1));
#1970=AXIS2_PLACEMENT_3D('',#1967,#1968,#1969);
#1972=CARTESIAN_POINT('',(1.24968E1,-3.3528E0,-1.540256E1));
#1973=DIRECTION('',(0.E0,1.E0,0.E0));
#1974=DIRECTION('',(5.186113818335E-1,0.E0,-8.550100786732E-1));
#1975=AXIS2_PLACEMENT_3D('',#1972,#1973,#1974);
#1977=CARTESIAN_POINT('',(1.31953E1,-3.3528E0,-1.610106E1));
#1978=DIRECTION('',(0.E0,-1.E0,0.E0));
#1979=DIRECTION('',(-1.342757925846E-13,0.E0,-1.E0));
#1980=AXIS2_PLACEMENT_3D('',#1977,#1978,#1979);
#1982=DIRECTION('',(1.E0,0.E0,0.E0));
#1983=VECTOR('',#1982,1.397E0);
#1984=CARTESIAN_POINT('',(1.17983E1,-3.3528E0,-1.673606E1));
#1985=LINE('',#1984,#1983);
#1986=CARTESIAN_POINT('',(1.17983E1,-3.3528E0,-1.610106E1));
#1987=DIRECTION('',(0.E0,-1.E0,0.E0));
#1988=DIRECTION('',(-1.654117716738E-1,0.E0,-9.862245919626E-1));
#1989=AXIS2_PLACEMENT_3D('',#1986,#1987,#1988);
#1991=CARTESIAN_POINT('',(1.31953E1,-3.3528E0,-1.470406E1));
#1992=DIRECTION('',(0.E0,-1.E0,0.E0));
#1993=DIRECTION('',(1.E0,0.E0,0.E0));
#1994=AXIS2_PLACEMENT_3D('',#1991,#1992,#1993);
#1996=DIRECTION('',(1.E0,0.E0,0.E0));
#1997=VECTOR('',#1996,1.397E0);
#1998=CARTESIAN_POINT('',(1.17983E1,-3.3528E0,-1.43891E1));
#1999=LINE('',#1998,#1997);
#2000=CARTESIAN_POINT('',(1.17983E1,-3.3528E0,-1.470406E1));
#2001=DIRECTION('',(0.E0,-1.E0,0.E0));
#2002=DIRECTION('',(0.E0,0.E0,1.E0));
#2003=AXIS2_PLACEMENT_3D('',#2000,#2001,#2002);
#2005=DIRECTION('',(0.E0,0.E0,1.E0));
#2006=VECTOR('',#2005,1.397E0);
#2007=CARTESIAN_POINT('',(1.148334E1,-3.3528E0,-1.610106E1));
#2008=LINE('',#2007,#2006);
#2009=CARTESIAN_POINT('',(1.17983E1,-3.3528E0,-1.610106E1));
#2010=DIRECTION('',(0.E0,-1.E0,0.E0));
#2011=DIRECTION('',(-1.E0,0.E0,-6.767933093981E-14));
#2012=AXIS2_PLACEMENT_3D('',#2009,#2010,#2011);
#2014=DIRECTION('',(-1.E0,0.E0,0.E0));
#2015=VECTOR('',#2014,1.397E0);
#2016=CARTESIAN_POINT('',(1.31953E1,-3.3528E0,-1.641602E1));
#2017=LINE('',#2016,#2015);
#2018=CARTESIAN_POINT('',(1.31953E1,-3.3528E0,-1.610106E1));
#2019=DIRECTION('',(0.E0,-1.E0,0.E0));
#2020=DIRECTION('',(0.E0,0.E0,-1.E0));
#2021=AXIS2_PLACEMENT_3D('',#2018,#2019,#2020);
#2023=DIRECTION('',(0.E0,0.E0,-1.E0));
#2024=VECTOR('',#2023,1.397E0);
#2025=CARTESIAN_POINT('',(1.351026E1,-3.3528E0,-1.470406E1));
#2026=LINE('',#2025,#2024);
#2027=DIRECTION('',(0.E0,1.E0,0.E0));
#2028=VECTOR('',#2027,2.921E0);
#2029=CARTESIAN_POINT('',(7.8994E0,-6.2738E0,-1.860296E1));
#2030=LINE('',#2029,#2028);
#2031=DIRECTION('',(1.E0,0.E0,0.E0));
#2032=VECTOR('',#2031,1.6764E0);
#2033=CARTESIAN_POINT('',(-1.55194E1,-5.3086E0,-1.860296E1));
#2034=LINE('',#2033,#2032);
#2035=DIRECTION('',(0.E0,-1.E0,0.E0));
#2036=VECTOR('',#2035,4.1656E-1);
#2037=CARTESIAN_POINT('',(-1.3843E1,-5.3086E0,-1.860296E1));
#2038=LINE('',#2037,#2036);
#2039=DIRECTION('',(1.E0,0.E0,0.E0));
#2040=VECTOR('',#2039,1.7272E0);
#2041=CARTESIAN_POINT('',(-1.11506E1,-5.3086E0,-1.860296E1));
#2042=LINE('',#2041,#2040);
#2043=DIRECTION('',(0.E0,1.E0,0.E0));
#2044=VECTOR('',#2043,9.652E-1);
#2045=CARTESIAN_POINT('',(-9.4234E0,-6.2738E0,-1.860296E1));
#2046=LINE('',#2045,#2044);
#2047=DIRECTION('',(1.E0,0.E0,0.E0));
#2048=VECTOR('',#2047,1.524E0);
#2049=CARTESIAN_POINT('',(-9.4234E0,-6.2738E0,-1.860296E1));
#2050=LINE('',#2049,#2048);
#2051=DIRECTION('',(1.E0,0.E0,0.E0));
#2052=VECTOR('',#2051,1.7272E0);
#2053=CARTESIAN_POINT('',(9.4234E0,-5.3086E0,-1.860296E1));
#2054=LINE('',#2053,#2052);
#2055=DIRECTION('',(0.E0,-1.E0,0.E0));
#2056=VECTOR('',#2055,4.1656E-1);
#2057=CARTESIAN_POINT('',(1.11506E1,-5.3086E0,-1.860296E1));
#2058=LINE('',#2057,#2056);
#2059=DIRECTION('',(1.E0,0.E0,0.E0));
#2060=VECTOR('',#2059,1.6764E0);
#2061=CARTESIAN_POINT('',(1.3843E1,-5.3086E0,-1.860296E1));
#2062=LINE('',#2061,#2060);
#2063=DIRECTION('',(1.E0,0.E0,0.E0));
#2064=VECTOR('',#2063,1.524E0);
#2065=CARTESIAN_POINT('',(7.8994E0,-6.2738E0,-1.860296E1));
#2066=LINE('',#2065,#2064);
#2067=DIRECTION('',(0.E0,1.E0,0.E0));
#2068=VECTOR('',#2067,9.652E-1);
#2069=CARTESIAN_POINT('',(9.4234E0,-6.2738E0,-1.860296E1));
#2070=LINE('',#2069,#2068);
#2071=DIRECTION('',(0.E0,-1.E0,0.E0));
#2072=VECTOR('',#2071,4.1656E-1);
#2073=CARTESIAN_POINT('',(-1.54178E1,-5.3086E0,-1.702816E1));
#2074=LINE('',#2073,#2072);
#2075=DIRECTION('',(0.E0,-1.E0,0.E0));
#2076=VECTOR('',#2075,4.1656E-1);
#2077=CARTESIAN_POINT('',(-1.54178E1,-5.3086E0,-1.276096E1));
#2078=LINE('',#2077,#2076);
#2079=DIRECTION('',(0.E0,-1.E0,0.E0));
#2080=VECTOR('',#2079,4.1656E-1);
#2081=CARTESIAN_POINT('',(-1.42113E1,-5.3086E0,-1.276096E1));
#2082=LINE('',#2081,#2080);
#2083=DIRECTION('',(0.E0,-7.071067811865E-1,-7.071067811865E-1));
#2084=VECTOR('',#2083,5.891048015421E-1);
#2085=CARTESIAN_POINT('',(-1.42113E1,-5.3086E0,-1.166385519846E1));
#2086=LINE('',#2085,#2084);
#2087=DIRECTION('',(-1.E0,0.E0,0.E0));
#2088=VECTOR('',#2087,3.683E0);
#2089=CARTESIAN_POINT('',(-1.06553E1,-5.06476E0,-1.142001519846E1));
#2090=LINE('',#2089,#2088);
#2091=DIRECTION('',(0.E0,-7.071067811865E-1,-7.071067811865E-1));
#2092=VECTOR('',#2091,5.891048015421E-1);
#2093=CARTESIAN_POINT('',(-1.07823E1,-5.3086E0,-1.166385519846E1));
#2094=LINE('',#2093,#2092);
#2095=DIRECTION('',(0.E0,-1.E0,0.E0));
#2096=VECTOR('',#2095,4.1656E-1);
#2097=CARTESIAN_POINT('',(-1.07823E1,-5.3086E0,-1.276096E1));
#2098=LINE('',#2097,#2096);
#2099=DIRECTION('',(0.E0,-1.E0,0.E0));
#2100=VECTOR('',#2099,4.1656E-1);
#2101=CARTESIAN_POINT('',(-9.5758E0,-5.3086E0,-1.276096E1));
#2102=LINE('',#2101,#2100);
#2103=DIRECTION('',(0.E0,-1.E0,0.E0));
#2104=VECTOR('',#2103,4.1656E-1);
#2105=CARTESIAN_POINT('',(-9.5758E0,-5.3086E0,-1.702816E1));
#2106=LINE('',#2105,#2104);
#2107=DIRECTION('',(0.E0,-1.E0,0.E0));
#2108=VECTOR('',#2107,4.1656E-1);
#2109=CARTESIAN_POINT('',(-1.11506E1,-5.3086E0,-1.860296E1));
#2110=LINE('',#2109,#2108);
#2111=DIRECTION('',(1.E0,0.E0,0.E0));
#2112=VECTOR('',#2111,3.429E0);
#2113=CARTESIAN_POINT('',(1.07823E1,-5.72516E0,-1.208041519846E1));
#2114=LINE('',#2113,#2112);
#2115=DIRECTION('',(0.E0,0.E0,1.E0));
#2116=VECTOR('',#2115,6.805448015421E-1);
#2117=CARTESIAN_POINT('',(1.42113E1,-5.72516E0,-1.276096E1));
#2118=LINE('',#2117,#2116);
#2119=DIRECTION('',(-1.E0,0.E0,0.E0));
#2120=VECTOR('',#2119,1.2065E0);
#2121=CARTESIAN_POINT('',(1.54178E1,-5.72516E0,-1.276096E1));
#2122=LINE('',#2121,#2120);
#2123=DIRECTION('',(0.E0,0.E0,1.E0));
#2124=VECTOR('',#2123,4.2672E0);
#2125=CARTESIAN_POINT('',(1.54178E1,-5.72516E0,-1.702816E1));
#2126=LINE('',#2125,#2124);
#2127=CARTESIAN_POINT('',(1.3843E1,-5.72516E0,-1.702816E1));
#2128=DIRECTION('',(0.E0,-1.E0,0.E0));
#2129=DIRECTION('',(0.E0,0.E0,-1.E0));
#2130=AXIS2_PLACEMENT_3D('',#2127,#2128,#2129);
#2132=DIRECTION('',(1.E0,0.E0,0.E0));
#2133=VECTOR('',#2132,2.6924E0);
#2134=CARTESIAN_POINT('',(1.11506E1,-5.72516E0,-1.860296E1));
#2135=LINE('',#2134,#2133);
#2136=CARTESIAN_POINT('',(1.11506E1,-5.72516E0,-1.702816E1));
#2137=DIRECTION('',(0.E0,-1.E0,0.E0));
#2138=DIRECTION('',(-1.E0,0.E0,0.E0));
#2139=AXIS2_PLACEMENT_3D('',#2136,#2137,#2138);
#2141=DIRECTION('',(0.E0,0.E0,-1.E0));
#2142=VECTOR('',#2141,4.2672E0);
#2143=CARTESIAN_POINT('',(9.5758E0,-5.72516E0,-1.276096E1));
#2144=LINE('',#2143,#2142);
#2145=DIRECTION('',(-1.E0,0.E0,0.E0));
#2146=VECTOR('',#2145,1.2065E0);
#2147=CARTESIAN_POINT('',(1.07823E1,-5.72516E0,-1.276096E1));
#2148=LINE('',#2147,#2146);
#2149=DIRECTION('',(0.E0,0.E0,-1.E0));
#2150=VECTOR('',#2149,6.805448015421E-1);
#2151=CARTESIAN_POINT('',(1.07823E1,-5.72516E0,-1.208041519846E1));
#2152=LINE('',#2151,#2150);
#2153=DIRECTION('',(-1.E0,0.E0,0.E0));
#2154=VECTOR('',#2153,3.429E0);
#2155=CARTESIAN_POINT('',(-1.07823E1,-5.72516E0,-1.208041519846E1));
#2156=LINE('',#2155,#2154);
#2157=DIRECTION('',(0.E0,0.E0,1.E0));
#2158=VECTOR('',#2157,6.805448015421E-1);
#2159=CARTESIAN_POINT('',(-1.07823E1,-5.72516E0,-1.276096E1));
#2160=LINE('',#2159,#2158);
#2161=DIRECTION('',(-1.E0,0.E0,0.E0));
#2162=VECTOR('',#2161,1.2065E0);
#2163=CARTESIAN_POINT('',(-9.5758E0,-5.72516E0,-1.276096E1));
#2164=LINE('',#2163,#2162);
#2165=DIRECTION('',(0.E0,0.E0,1.E0));
#2166=VECTOR('',#2165,4.2672E0);
#2167=CARTESIAN_POINT('',(-9.5758E0,-5.72516E0,-1.702816E1));
#2168=LINE('',#2167,#2166);
#2169=CARTESIAN_POINT('',(-1.11506E1,-5.72516E0,-1.702816E1));
#2170=DIRECTION('',(0.E0,-1.E0,0.E0));
#2171=DIRECTION('',(0.E0,0.E0,-1.E0));
#2172=AXIS2_PLACEMENT_3D('',#2169,#2170,#2171);
#2174=DIRECTION('',(1.E0,0.E0,0.E0));
#2175=VECTOR('',#2174,2.6924E0);
#2176=CARTESIAN_POINT('',(-1.3843E1,-5.72516E0,-1.860296E1));
#2177=LINE('',#2176,#2175);
#2178=CARTESIAN_POINT('',(-1.3843E1,-5.72516E0,-1.702816E1));
#2179=DIRECTION('',(0.E0,-1.E0,0.E0));
#2180=DIRECTION('',(-1.E0,0.E0,0.E0));
#2181=AXIS2_PLACEMENT_3D('',#2178,#2179,#2180);
#2183=DIRECTION('',(0.E0,0.E0,-1.E0));
#2184=VECTOR('',#2183,4.2672E0);
#2185=CARTESIAN_POINT('',(-1.54178E1,-5.72516E0,-1.276096E1));
#2186=LINE('',#2185,#2184);
#2187=DIRECTION('',(-1.E0,0.E0,0.E0));
#2188=VECTOR('',#2187,1.2065E0);
#2189=CARTESIAN_POINT('',(-1.42113E1,-5.72516E0,-1.276096E1));
#2190=LINE('',#2189,#2188);
#2191=DIRECTION('',(0.E0,0.E0,-1.E0));
#2192=VECTOR('',#2191,6.805448015421E-1);
#2193=CARTESIAN_POINT('',(-1.42113E1,-5.72516E0,-1.208041519846E1));
#2194=LINE('',#2193,#2192);
#2195=CARTESIAN_POINT('',(-1.24968E1,-5.72516E0,-1.540256E1));
#2196=DIRECTION('',(0.E0,-1.E0,0.E0));
#2197=DIRECTION('',(-1.E0,0.E0,0.E0));
#2198=AXIS2_PLACEMENT_3D('',#2195,#2196,#2197);
#2200=CARTESIAN_POINT('',(-1.24968E1,-5.72516E0,-1.540256E1));
#2201=DIRECTION('',(0.E0,-1.E0,0.E0));
#2202=DIRECTION('',(1.E0,0.E0,0.E0));
#2203=AXIS2_PLACEMENT_3D('',#2200,#2201,#2202);
#2205=CARTESIAN_POINT('',(-1.24968E1,-5.72516E0,-1.540256E1));
#2206=DIRECTION('',(0.E0,-1.E0,0.E0));
#2207=DIRECTION('',(1.E0,0.E0,0.E0));
#2208=AXIS2_PLACEMENT_3D('',#2205,#2206,#2207);
#2210=CARTESIAN_POINT('',(-1.24968E1,-5.72516E0,-1.540256E1));
#2211=DIRECTION('',(0.E0,-1.E0,0.E0));
#2212=DIRECTION('',(-1.E0,0.E0,0.E0));
#2213=AXIS2_PLACEMENT_3D('',#2210,#2211,#2212);
#2215=CARTESIAN_POINT('',(1.24968E1,-5.72516E0,-1.540256E1));
#2216=DIRECTION('',(0.E0,-1.E0,0.E0));
#2217=DIRECTION('',(-1.E0,0.E0,0.E0));
#2218=AXIS2_PLACEMENT_3D('',#2215,#2216,#2217);
#2220=CARTESIAN_POINT('',(1.24968E1,-5.72516E0,-1.540256E1));
#2221=DIRECTION('',(0.E0,-1.E0,0.E0));
#2222=DIRECTION('',(1.E0,0.E0,0.E0));
#2223=AXIS2_PLACEMENT_3D('',#2220,#2221,#2222);
#2225=CARTESIAN_POINT('',(1.24968E1,-5.72516E0,-1.540256E1));
#2226=DIRECTION('',(0.E0,-1.E0,0.E0));
#2227=DIRECTION('',(1.E0,0.E0,0.E0));
#2228=AXIS2_PLACEMENT_3D('',#2225,#2226,#2227);
#2230=CARTESIAN_POINT('',(1.24968E1,-5.72516E0,-1.540256E1));
#2231=DIRECTION('',(0.E0,-1.E0,0.E0));
#2232=DIRECTION('',(-1.E0,0.E0,0.E0));
#2233=AXIS2_PLACEMENT_3D('',#2230,#2231,#2232);
#2235=DIRECTION('',(-1.E0,0.E0,0.E0));
#2236=VECTOR('',#2235,3.2004E-1);
#2237=CARTESIAN_POINT('',(1.38303E1,-5.72516E0,-1.469136E1));
#2238=LINE('',#2237,#2236);
#2239=DIRECTION('',(0.E0,0.E0,-1.E0));
#2240=VECTOR('',#2239,1.4224E0);
#2241=CARTESIAN_POINT('',(1.351026E1,-5.72516E0,-1.469136E1));
#2242=LINE('',#2241,#2240);
#2243=DIRECTION('',(-1.E0,0.E0,0.E0));
#2244=VECTOR('',#2243,3.2004E-1);
#2245=CARTESIAN_POINT('',(1.38303E1,-5.72516E0,-1.611376E1));
#2246=LINE('',#2245,#2244);
#2247=DIRECTION('',(0.E0,0.E0,-1.E0));
#2248=VECTOR('',#2247,1.4224E0);
#2249=CARTESIAN_POINT('',(1.38303E1,-5.72516E0,-1.469136E1));
#2250=LINE('',#2249,#2248);
#2251=DIRECTION('',(-1.E0,0.E0,0.E0));
#2252=VECTOR('',#2251,3.2004E-1);
#2253=CARTESIAN_POINT('',(1.148334E1,-5.72516E0,-1.469136E1));
#2254=LINE('',#2253,#2252);
#2255=DIRECTION('',(0.E0,0.E0,-1.E0));
#2256=VECTOR('',#2255,1.4224E0);
#2257=CARTESIAN_POINT('',(1.11633E1,-5.72516E0,-1.469136E1));
#2258=LINE('',#2257,#2256);
#2259=DIRECTION('',(-1.E0,0.E0,0.E0));
#2260=VECTOR('',#2259,3.2004E-1);
#2261=CARTESIAN_POINT('',(1.148334E1,-5.72516E0,-1.611376E1));
#2262=LINE('',#2261,#2260);
#2263=DIRECTION('',(0.E0,0.E0,-1.E0));
#2264=VECTOR('',#2263,1.4224E0);
#2265=CARTESIAN_POINT('',(1.148334E1,-5.72516E0,-1.469136E1));
#2266=LINE('',#2265,#2264);
#2267=DIRECTION('',(-1.E0,0.E0,0.E0));
#2268=VECTOR('',#2267,3.2004E-1);
#2269=CARTESIAN_POINT('',(-1.11633E1,-5.72516E0,-1.469136E1));
#2270=LINE('',#2269,#2268);
#2271=DIRECTION('',(0.E0,0.E0,-1.E0));
#2272=VECTOR('',#2271,1.4224E0);
#2273=CARTESIAN_POINT('',(-1.148334E1,-5.72516E0,-1.469136E1));
#2274=LINE('',#2273,#2272);
#2275=DIRECTION('',(-1.E0,0.E0,0.E0));
#2276=VECTOR('',#2275,3.2004E-1);
#2277=CARTESIAN_POINT('',(-1.11633E1,-5.72516E0,-1.611376E1));
#2278=LINE('',#2277,#2276);
#2279=DIRECTION('',(0.E0,0.E0,-1.E0));
#2280=VECTOR('',#2279,1.4224E0);
#2281=CARTESIAN_POINT('',(-1.11633E1,-5.72516E0,-1.469136E1));
#2282=LINE('',#2281,#2280);
#2283=DIRECTION('',(-1.E0,0.E0,0.E0));
#2284=VECTOR('',#2283,3.2004E-1);
#2285=CARTESIAN_POINT('',(-1.351026E1,-5.72516E0,-1.469136E1));
#2286=LINE('',#2285,#2284);
#2287=DIRECTION('',(0.E0,0.E0,-1.E0));
#2288=VECTOR('',#2287,1.4224E0);
#2289=CARTESIAN_POINT('',(-1.38303E1,-5.72516E0,-1.469136E1));
#2290=LINE('',#2289,#2288);
#2291=DIRECTION('',(-1.E0,0.E0,0.E0));
#2292=VECTOR('',#2291,3.2004E-1);
#2293=CARTESIAN_POINT('',(-1.351026E1,-5.72516E0,-1.611376E1));
#2294=LINE('',#2293,#2292);
#2295=DIRECTION('',(0.E0,0.E0,-1.E0));
#2296=VECTOR('',#2295,1.4224E0);
#2297=CARTESIAN_POINT('',(-1.351026E1,-5.72516E0,-1.469136E1));
#2298=LINE('',#2297,#2296);
#2299=DIRECTION('',(0.E0,0.E0,1.E0));
#2300=VECTOR('',#2299,3.2004E-1);
#2301=CARTESIAN_POINT('',(-1.17856E1,-5.72516E0,-1.673606E1));
#2302=LINE('',#2301,#2300);
#2303=DIRECTION('',(1.E0,0.E0,0.E0));
#2304=VECTOR('',#2303,1.4224E0);
#2305=CARTESIAN_POINT('',(-1.3208E1,-5.72516E0,-1.641602E1));
#2306=LINE('',#2305,#2304);
#2307=DIRECTION('',(0.E0,0.E0,1.E0));
#2308=VECTOR('',#2307,3.2004E-1);
#2309=CARTESIAN_POINT('',(-1.3208E1,-5.72516E0,-1.673606E1));
#2310=LINE('',#2309,#2308);
#2311=DIRECTION('',(1.E0,0.E0,0.E0));
#2312=VECTOR('',#2311,1.4224E0);
#2313=CARTESIAN_POINT('',(-1.3208E1,-5.72516E0,-1.673606E1));
#2314=LINE('',#2313,#2312);
#2315=DIRECTION('',(0.E0,0.E0,1.E0));
#2316=VECTOR('',#2315,3.2004E-1);
#2317=CARTESIAN_POINT('',(-1.17856E1,-5.72516E0,-1.43891E1));
#2318=LINE('',#2317,#2316);
#2319=DIRECTION('',(1.E0,0.E0,0.E0));
#2320=VECTOR('',#2319,1.4224E0);
#2321=CARTESIAN_POINT('',(-1.3208E1,-5.72516E0,-1.406906E1));
#2322=LINE('',#2321,#2320);
#2323=DIRECTION('',(0.E0,0.E0,1.E0));
#2324=VECTOR('',#2323,3.2004E-1);
#2325=CARTESIAN_POINT('',(-1.3208E1,-5.72516E0,-1.43891E1));
#2326=LINE('',#2325,#2324);
#2327=DIRECTION('',(1.E0,0.E0,0.E0));
#2328=VECTOR('',#2327,1.4224E0);
#2329=CARTESIAN_POINT('',(-1.3208E1,-5.72516E0,-1.43891E1));
#2330=LINE('',#2329,#2328);
#2331=DIRECTION('',(0.E0,0.E0,-1.E0));
#2332=VECTOR('',#2331,3.2004E-1);
#2333=CARTESIAN_POINT('',(1.17856E1,-5.72516E0,-1.406906E1));
#2334=LINE('',#2333,#2332);
#2335=DIRECTION('',(1.E0,0.E0,0.E0));
#2336=VECTOR('',#2335,1.4224E0);
#2337=CARTESIAN_POINT('',(1.17856E1,-5.72516E0,-1.43891E1));
#2338=LINE('',#2337,#2336);
#2339=DIRECTION('',(-1.665126396138E-14,0.E0,-1.E0));
#2340=VECTOR('',#2339,3.2004E-1);
#2341=CARTESIAN_POINT('',(1.3208E1,-5.72516E0,-1.406906E1));
#2342=LINE('',#2341,#2340);
#2343=DIRECTION('',(1.E0,0.E0,0.E0));
#2344=VECTOR('',#2343,1.4224E0);
#2345=CARTESIAN_POINT('',(1.17856E1,-5.72516E0,-1.406906E1));
#2346=LINE('',#2345,#2344);
#2347=DIRECTION('',(0.E0,0.E0,-1.E0));
#2348=VECTOR('',#2347,3.2004E-1);
#2349=CARTESIAN_POINT('',(1.17856E1,-5.72516E0,-1.641602E1));
#2350=LINE('',#2349,#2348);
#2351=DIRECTION('',(1.E0,0.E0,0.E0));
#2352=VECTOR('',#2351,1.4224E0);
#2353=CARTESIAN_POINT('',(1.17856E1,-5.72516E0,-1.673606E1));
#2354=LINE('',#2353,#2352);
#2355=DIRECTION('',(-1.665126396138E-14,0.E0,-1.E0));
#2356=VECTOR('',#2355,3.2004E-1);
#2357=CARTESIAN_POINT('',(1.3208E1,-5.72516E0,-1.641602E1));
#2358=LINE('',#2357,#2356);
#2359=DIRECTION('',(1.E0,0.E0,0.E0));
#2360=VECTOR('',#2359,1.4224E0);
#2361=CARTESIAN_POINT('',(1.17856E1,-5.72516E0,-1.641602E1));
#2362=LINE('',#2361,#2360);
#2363=DIRECTION('',(0.E0,-7.071067811865E-1,-7.071067811865E-1));
#2364=VECTOR('',#2363,5.891048015421E-1);
#2365=CARTESIAN_POINT('',(1.42113E1,-5.3086E0,-1.166385519846E1));
#2366=LINE('',#2365,#2364);
#2367=DIRECTION('',(0.E0,-1.E0,0.E0));
#2368=VECTOR('',#2367,4.1656E-1);
#2369=CARTESIAN_POINT('',(1.42113E1,-5.3086E0,-1.276096E1));
#2370=LINE('',#2369,#2368);
#2371=DIRECTION('',(0.E0,-1.E0,0.E0));
#2372=VECTOR('',#2371,4.1656E-1);
#2373=CARTESIAN_POINT('',(1.54178E1,-5.3086E0,-1.276096E1));
#2374=LINE('',#2373,#2372);
#2375=DIRECTION('',(0.E0,-1.E0,0.E0));
#2376=VECTOR('',#2375,4.1656E-1);
#2377=CARTESIAN_POINT('',(1.54178E1,-5.3086E0,-1.702816E1));
#2378=LINE('',#2377,#2376);
#2379=DIRECTION('',(0.E0,-1.E0,0.E0));
#2380=VECTOR('',#2379,4.1656E-1);
#2381=CARTESIAN_POINT('',(1.3843E1,-5.3086E0,-1.860296E1));
#2382=LINE('',#2381,#2380);
#2383=DIRECTION('',(0.E0,-1.E0,0.E0));
#2384=VECTOR('',#2383,4.1656E-1);
#2385=CARTESIAN_POINT('',(9.5758E0,-5.3086E0,-1.702816E1));
#2386=LINE('',#2385,#2384);
#2387=DIRECTION('',(0.E0,-1.E0,0.E0));
#2388=VECTOR('',#2387,4.1656E-1);
#2389=CARTESIAN_POINT('',(9.5758E0,-5.3086E0,-1.276096E1));
#2390=LINE('',#2389,#2388);
#2391=DIRECTION('',(0.E0,-1.E0,0.E0));
#2392=VECTOR('',#2391,4.1656E-1);
#2393=CARTESIAN_POINT('',(1.07823E1,-5.3086E0,-1.276096E1));
#2394=LINE('',#2393,#2392);
#2395=DIRECTION('',(0.E0,-7.071067811865E-1,-7.071067811865E-1));
#2396=VECTOR('',#2395,5.891048015421E-1);
#2397=CARTESIAN_POINT('',(1.07823E1,-5.3086E0,-1.166385519846E1));
#2398=LINE('',#2397,#2396);
#2399=DIRECTION('',(0.E0,-1.E0,0.E0));
#2400=VECTOR('',#2399,2.54E-1);
#2401=CARTESIAN_POINT('',(-1.09474E1,-5.72516E0,-1.540256E1));
#2402=LINE('',#2401,#2400);
#2403=DIRECTION('',(0.E0,-1.E0,0.E0));
#2404=VECTOR('',#2403,2.54E-1);
#2405=CARTESIAN_POINT('',(-1.40462E1,-5.72516E0,-1.540256E1));
#2406=LINE('',#2405,#2404);
#2407=CARTESIAN_POINT('',(-1.24968E1,-5.97916E0,-1.540256E1));
#2408=DIRECTION('',(0.E0,1.E0,0.E0));
#2409=DIRECTION('',(1.E0,0.E0,0.E0));
#2410=AXIS2_PLACEMENT_3D('',#2407,#2408,#2409);
#2412=CARTESIAN_POINT('',(-1.24968E1,-5.97916E0,-1.540256E1));
#2413=DIRECTION('',(0.E0,1.E0,0.E0));
#2414=DIRECTION('',(-1.E0,0.E0,0.E0));
#2415=AXIS2_PLACEMENT_3D('',#2412,#2413,#2414);
#2417=CARTESIAN_POINT('',(-1.24968E1,-5.97916E0,-1.540256E1));
#2418=DIRECTION('',(0.E0,-1.E0,0.E0));
#2419=DIRECTION('',(1.E0,0.E0,0.E0));
#2420=AXIS2_PLACEMENT_3D('',#2417,#2418,#2419);
#2422=CARTESIAN_POINT('',(-1.24968E1,-5.97916E0,-1.540256E1));
#2423=DIRECTION('',(0.E0,-1.E0,0.E0));
#2424=DIRECTION('',(-1.E0,0.E0,0.E0));
#2425=AXIS2_PLACEMENT_3D('',#2422,#2423,#2424);
#2427=CARTESIAN_POINT('',(1.24968E1,-5.97916E0,-1.540256E1));
#2428=DIRECTION('',(0.E0,1.E0,0.E0));
#2429=DIRECTION('',(1.E0,0.E0,0.E0));
#2430=AXIS2_PLACEMENT_3D('',#2427,#2428,#2429);
#2432=CARTESIAN_POINT('',(1.24968E1,-5.97916E0,-1.540256E1));
#2433=DIRECTION('',(0.E0,1.E0,0.E0));
#2434=DIRECTION('',(-1.E0,0.E0,0.E0));
#2435=AXIS2_PLACEMENT_3D('',#2432,#2433,#2434);
#2437=CARTESIAN_POINT('',(1.24968E1,-5.97916E0,-1.540256E1));
#2438=DIRECTION('',(0.E0,-1.E0,0.E0));
#2439=DIRECTION('',(1.E0,0.E0,0.E0));
#2440=AXIS2_PLACEMENT_3D('',#2437,#2438,#2439);
#2442=CARTESIAN_POINT('',(1.24968E1,-5.97916E0,-1.540256E1));
#2443=DIRECTION('',(0.E0,-1.E0,0.E0));
#2444=DIRECTION('',(-1.E0,0.E0,0.E0));
#2445=AXIS2_PLACEMENT_3D('',#2442,#2443,#2444);
#2447=DIRECTION('',(0.E0,-1.E0,0.E0));
#2448=VECTOR('',#2447,2.54E-1);
#2449=CARTESIAN_POINT('',(-9.65835E0,-5.72516E0,-1.540256E1));
#2450=LINE('',#2449,#2448);
#2451=DIRECTION('',(0.E0,-1.E0,0.E0));
#2452=VECTOR('',#2451,2.54E-1);
#2453=CARTESIAN_POINT('',(-1.533525E1,-5.72516E0,-1.540256E1));
#2454=LINE('',#2453,#2452);
#2455=DIRECTION('',(0.E0,-1.E0,0.E0));
#2456=VECTOR('',#2455,2.54E-1);
#2457=CARTESIAN_POINT('',(1.40462E1,-5.72516E0,-1.540256E1));
#2458=LINE('',#2457,#2456);
#2459=DIRECTION('',(0.E0,-1.E0,0.E0));
#2460=VECTOR('',#2459,2.54E-1);
#2461=CARTESIAN_POINT('',(1.09474E1,-5.72516E0,-1.540256E1));
#2462=LINE('',#2461,#2460);
#2463=DIRECTION('',(0.E0,-1.E0,0.E0));
#2464=VECTOR('',#2463,2.54E-1);
#2465=CARTESIAN_POINT('',(1.533525E1,-5.72516E0,-1.540256E1));
#2466=LINE('',#2465,#2464);
#2467=DIRECTION('',(0.E0,-1.E0,0.E0));
#2468=VECTOR('',#2467,2.54E-1);
#2469=CARTESIAN_POINT('',(9.65835E0,-5.72516E0,-1.540256E1));
#2470=LINE('',#2469,#2468);
#2471=DIRECTION('',(0.E0,-1.E0,0.E0));
#2472=VECTOR('',#2471,1.64084E0);
#2473=CARTESIAN_POINT('',(1.38303E1,-5.72516E0,-1.469136E1));
#2474=LINE('',#2473,#2472);
#2475=CARTESIAN_POINT('',(1.39827E1,-7.366E0,-1.469136E1));
#2476=DIRECTION('',(0.E0,0.E0,1.E0));
#2477=DIRECTION('',(-1.E0,0.E0,0.E0));
#2478=AXIS2_PLACEMENT_3D('',#2475,#2476,#2477);
#2480=DIRECTION('',(8.077084570215E-1,-5.895820964513E-1,0.E0));
#2481=VECTOR('',#2480,3.877141730708E-1);
#2482=CARTESIAN_POINT('',(1.389284768850E1,-7.489094768850E0,-1.469136E1));
#2483=LINE('',#2482,#2481);
#2484=CARTESIAN_POINT('',(1.39065E1,-8.128E0,-1.469136E1));
#2485=DIRECTION('',(0.E0,0.E0,-1.E0));
#2486=DIRECTION('',(5.895820964513E-1,8.077084570215E-1,0.E0));
#2487=AXIS2_PLACEMENT_3D('',#2484,#2485,#2486);
#2489=DIRECTION('',(-5.150380749101E-1,-8.571673007021E-1,0.E0));
#2490=VECTOR('',#2489,1.680139520915E0);
#2491=CARTESIAN_POINT('',(1.434194098876E1,-8.389639342054E0,-1.469136E1));
#2492=LINE('',#2491,#2490);
#2493=DIRECTION('',(-8.571673007021E-1,5.150380749101E-1,0.E0));
#2494=VECTOR('',#2493,1.27E-1);
#2495=CARTESIAN_POINT('',(1.347660516432E1,-9.8298E0,-1.469136E1));
#2496=LINE('',#2495,#2494);
#2497=DIRECTION('',(1.745240643713E-2,9.998476951564E-1,0.E0));
#2498=VECTOR('',#2497,3.860799999999E-1);
#2499=CARTESIAN_POINT('',(1.336774491714E1,-9.764390164486E0,-1.469136E1));
#2500=LINE('',#2499,#2498);
#2501=DIRECTION('',(5.150380749101E-1,8.571673007021E-1,0.E0));
#2502=VECTOR('',#2501,1.345784433022E0);
#2503=CARTESIAN_POINT('',(1.337448294221E1,-9.378368966341E0,-1.469136E1));
#2504=LINE('',#2503,#2502);
#2505=CARTESIAN_POINT('',(1.39065E1,-8.128E0,-1.469136E1));
#2506=DIRECTION('',(0.E0,0.E0,1.E0));
#2507=DIRECTION('',(8.571673007021E-1,-5.150380749101E-1,0.E0));
#2508=AXIS2_PLACEMENT_3D('',#2505,#2506,#2507);
#2510=DIRECTION('',(-8.077084570215E-1,5.895820964513E-1,0.E0));
#2511=VECTOR('',#2510,3.877141730708E-1);
#2512=CARTESIAN_POINT('',(1.401731785085E1,-7.976183118418E0,-1.469136E1));
#2513=LINE('',#2512,#2511);
#2514=CARTESIAN_POINT('',(1.39827E1,-7.366E0,-1.469136E1));
#2515=DIRECTION('',(0.E0,0.E0,-1.E0));
#2516=DIRECTION('',(-5.895820964513E-1,-8.077084570215E-1,0.E0));
#2517=AXIS2_PLACEMENT_3D('',#2514,#2515,#2516);
#2519=DIRECTION('',(0.E0,1.E0,0.E0));
#2520=VECTOR('',#2519,1.64084E0);
#2521=CARTESIAN_POINT('',(1.351026E1,-7.366E0,-1.469136E1));
#2522=LINE('',#2521,#2520);
#2523=DIRECTION('',(0.E0,-1.E0,0.E0));
#2524=VECTOR('',#2523,1.64084E0);
#2525=CARTESIAN_POINT('',(1.148334E1,-5.72516E0,-1.469136E1));
#2526=LINE('',#2525,#2524);
#2527=CARTESIAN_POINT('',(1.10109E1,-7.366E0,-1.469136E1));
#2528=DIRECTION('',(0.E0,0.E0,-1.E0));
#2529=DIRECTION('',(1.E0,0.E0,0.E0));
#2530=AXIS2_PLACEMENT_3D('',#2527,#2528,#2529);
#2532=DIRECTION('',(-8.077084570215E-1,-5.895820964513E-1,0.E0));
#2533=VECTOR('',#2532,3.877141730708E-1);
#2534=CARTESIAN_POINT('',(1.128944216565E1,-7.747593783435E0,-1.469136E1));
#2535=LINE('',#2534,#2533);
#2536=CARTESIAN_POINT('',(1.10871E1,-8.128E0,-1.469136E1));
#2537=DIRECTION('',(0.E0,0.E0,1.E0));
#2538=DIRECTION('',(-5.895820964513E-1,8.077084570215E-1,0.E0));
#2539=AXIS2_PLACEMENT_3D('',#2536,#2537,#2538);
#2541=DIRECTION('',(5.150380749101E-1,-8.571673007021E-1,0.E0));
#2542=VECTOR('',#2541,1.345784433022E0);
#2543=CARTESIAN_POINT('',(1.092598683416E1,-8.224806556560E0,-1.469136E1));
#2544=LINE('',#2543,#2542);
#2545=DIRECTION('',(1.745240643713E-2,-9.998476951564E-1,0.E0));
#2546=VECTOR('',#2545,3.860799999999E-1);
#2547=CARTESIAN_POINT('',(1.161911705779E1,-9.378368966341E0,-1.469136E1));
#2548=LINE('',#2547,#2546);
#2549=DIRECTION('',(-8.571673007021E-1,-5.150380749101E-1,0.E0));
#2550=VECTOR('',#2549,1.27E-1);
#2551=CARTESIAN_POINT('',(1.162585508286E1,-9.764390164486E0,-1.469136E1));
#2552=LINE('',#2551,#2550);
#2553=DIRECTION('',(-5.150380749101E-1,8.571673007021E-1,0.E0));
#2554=VECTOR('',#2553,1.680139520915E0);
#2555=CARTESIAN_POINT('',(1.151699483568E1,-9.8298E0,-1.469136E1));
#2556=LINE('',#2555,#2554);
#2557=CARTESIAN_POINT('',(1.10871E1,-8.128E0,-1.469136E1));
#2558=DIRECTION('',(0.E0,0.E0,-1.E0));
#2559=DIRECTION('',(-8.571673007021E-1,-5.150380749101E-1,0.E0));
#2560=AXIS2_PLACEMENT_3D('',#2557,#2558,#2559);
#2562=DIRECTION('',(8.077084570215E-1,5.895820964513E-1,0.E0));
#2563=VECTOR('',#2562,3.877141730708E-1);
#2564=CARTESIAN_POINT('',(1.078759229500E1,-7.717684103833E0,-1.469136E1));
#2565=LINE('',#2564,#2563);
#2566=CARTESIAN_POINT('',(1.10109E1,-7.366E0,-1.469136E1));
#2567=DIRECTION('',(0.E0,0.E0,1.E0));
#2568=DIRECTION('',(5.895820964513E-1,-8.077084570215E-1,0.E0));
#2569=AXIS2_PLACEMENT_3D('',#2566,#2567,#2568);
#2571=DIRECTION('',(0.E0,1.E0,0.E0));
#2572=VECTOR('',#2571,1.64084E0);
#2573=CARTESIAN_POINT('',(1.11633E1,-7.366E0,-1.469136E1));
#2574=LINE('',#2573,#2572);
#2575=DIRECTION('',(0.E0,-1.E0,0.E0));
#2576=VECTOR('',#2575,1.64084E0);
#2577=CARTESIAN_POINT('',(-1.11633E1,-5.72516E0,-1.469136E1));
#2578=LINE('',#2577,#2576);
#2579=CARTESIAN_POINT('',(-1.10109E1,-7.366E0,-1.469136E1));
#2580=DIRECTION('',(0.E0,0.E0,1.E0));
#2581=DIRECTION('',(-1.E0,0.E0,0.E0));
#2582=AXIS2_PLACEMENT_3D('',#2579,#2580,#2581);
#2584=DIRECTION('',(8.077084570215E-1,-5.895820964513E-1,0.E0));
#2585=VECTOR('',#2584,3.877141730708E-1);
#2586=CARTESIAN_POINT('',(-1.110075231150E1,-7.489094768850E0,-1.469136E1));
#2587=LINE('',#2586,#2585);
#2588=CARTESIAN_POINT('',(-1.10871E1,-8.128E0,-1.469136E1));
#2589=DIRECTION('',(0.E0,0.E0,-1.E0));
#2590=DIRECTION('',(5.895820964513E-1,8.077084570215E-1,0.E0));
#2591=AXIS2_PLACEMENT_3D('',#2588,#2589,#2590);
#2593=DIRECTION('',(-5.150380749101E-1,-8.571673007021E-1,0.E0));
#2594=VECTOR('',#2593,1.680139520915E0);
#2595=CARTESIAN_POINT('',(-1.065165901124E1,-8.389639342054E0,-1.469136E1));
#2596=LINE('',#2595,#2594);
#2597=DIRECTION('',(-8.571673007021E-1,5.150380749100E-1,0.E0));
#2598=VECTOR('',#2597,1.27E-1);
#2599=CARTESIAN_POINT('',(-1.151699483568E1,-9.8298E0,-1.469136E1));
#2600=LINE('',#2599,#2598);
#2601=DIRECTION('',(1.745240643714E-2,9.998476951564E-1,0.E0));
#2602=VECTOR('',#2601,3.860799999999E-1);
#2603=CARTESIAN_POINT('',(-1.162585508286E1,-9.764390164486E0,-1.469136E1));
#2604=LINE('',#2603,#2602);
#2605=DIRECTION('',(5.150380749101E-1,8.571673007021E-1,0.E0));
#2606=VECTOR('',#2605,1.345784433022E0);
#2607=CARTESIAN_POINT('',(-1.161911705779E1,-9.378368966341E0,-1.469136E1));
#2608=LINE('',#2607,#2606);
#2609=CARTESIAN_POINT('',(-1.10871E1,-8.128E0,-1.469136E1));
#2610=DIRECTION('',(0.E0,0.E0,1.E0));
#2611=DIRECTION('',(8.571673007021E-1,-5.150380749100E-1,0.E0));
#2612=AXIS2_PLACEMENT_3D('',#2609,#2610,#2611);
#2614=DIRECTION('',(-8.077084570215E-1,5.895820964513E-1,0.E0));
#2615=VECTOR('',#2614,3.877141730708E-1);
#2616=CARTESIAN_POINT('',(-1.097628214915E1,-7.976183118418E0,-1.469136E1));
#2617=LINE('',#2616,#2615);
#2618=CARTESIAN_POINT('',(-1.10109E1,-7.366E0,-1.469136E1));
#2619=DIRECTION('',(0.E0,0.E0,-1.E0));
#2620=DIRECTION('',(-5.895820964513E-1,-8.077084570215E-1,0.E0));
#2621=AXIS2_PLACEMENT_3D('',#2618,#2619,#2620);
#2623=DIRECTION('',(0.E0,1.E0,0.E0));
#2624=VECTOR('',#2623,1.64084E0);
#2625=CARTESIAN_POINT('',(-1.148334E1,-7.366E0,-1.469136E1));
#2626=LINE('',#2625,#2624);
#2627=DIRECTION('',(0.E0,-1.E0,0.E0));
#2628=VECTOR('',#2627,1.64084E0);
#2629=CARTESIAN_POINT('',(-1.351026E1,-5.72516E0,-1.469136E1));
#2630=LINE('',#2629,#2628);
#2631=CARTESIAN_POINT('',(-1.39827E1,-7.366E0,-1.469136E1));
#2632=DIRECTION('',(0.E0,0.E0,-1.E0));
#2633=DIRECTION('',(1.E0,0.E0,0.E0));
#2634=AXIS2_PLACEMENT_3D('',#2631,#2632,#2633);
#2636=DIRECTION('',(-8.077084570215E-1,-5.895820964513E-1,0.E0));
#2637=VECTOR('',#2636,3.877141730708E-1);
#2638=CARTESIAN_POINT('',(-1.370415783435E1,-7.747593783435E0,-1.469136E1));
#2639=LINE('',#2638,#2637);
#2640=CARTESIAN_POINT('',(-1.39065E1,-8.128E0,-1.469136E1));
#2641=DIRECTION('',(0.E0,0.E0,1.E0));
#2642=DIRECTION('',(-5.895820964513E-1,8.077084570215E-1,0.E0));
#2643=AXIS2_PLACEMENT_3D('',#2640,#2641,#2642);
#2645=DIRECTION('',(5.150380749101E-1,-8.571673007021E-1,0.E0));
#2646=VECTOR('',#2645,1.345784433022E0);
#2647=CARTESIAN_POINT('',(-1.406761316584E1,-8.224806556560E0,-1.469136E1));
#2648=LINE('',#2647,#2646);
#2649=DIRECTION('',(1.745240643714E-2,-9.998476951564E-1,0.E0));
#2650=VECTOR('',#2649,3.860799999999E-1);
#2651=CARTESIAN_POINT('',(-1.337448294221E1,-9.378368966341E0,-1.469136E1));
#2652=LINE('',#2651,#2650);
#2653=DIRECTION('',(-8.571673007021E-1,-5.150380749100E-1,0.E0));
#2654=VECTOR('',#2653,1.27E-1);
#2655=CARTESIAN_POINT('',(-1.336774491714E1,-9.764390164486E0,-1.469136E1));
#2656=LINE('',#2655,#2654);
#2657=DIRECTION('',(-5.150380749101E-1,8.571673007021E-1,0.E0));
#2658=VECTOR('',#2657,1.680139520915E0);
#2659=CARTESIAN_POINT('',(-1.347660516432E1,-9.8298E0,-1.469136E1));
#2660=LINE('',#2659,#2658);
#2661=CARTESIAN_POINT('',(-1.39065E1,-8.128E0,-1.469136E1));
#2662=DIRECTION('',(0.E0,0.E0,-1.E0));
#2663=DIRECTION('',(-8.571673007021E-1,-5.150380749101E-1,0.E0));
#2664=AXIS2_PLACEMENT_3D('',#2661,#2662,#2663);
#2666=DIRECTION('',(8.077084570215E-1,5.895820964513E-1,0.E0));
#2667=VECTOR('',#2666,3.877141730708E-1);
#2668=CARTESIAN_POINT('',(-1.420600770500E1,-7.717684103833E0,-1.469136E1));
#2669=LINE('',#2668,#2667);
#2670=CARTESIAN_POINT('',(-1.39827E1,-7.366E0,-1.469136E1));
#2671=DIRECTION('',(0.E0,0.E0,1.E0));
#2672=DIRECTION('',(5.895820964513E-1,-8.077084570215E-1,0.E0));
#2673=AXIS2_PLACEMENT_3D('',#2670,#2671,#2672);
#2675=DIRECTION('',(0.E0,1.E0,0.E0));
#2676=VECTOR('',#2675,1.64084E0);
#2677=CARTESIAN_POINT('',(-1.38303E1,-7.366E0,-1.469136E1));
#2678=LINE('',#2677,#2676);
#2679=DIRECTION('',(0.E0,1.E0,0.E0));
#2680=VECTOR('',#2679,1.64084E0);
#2681=CARTESIAN_POINT('',(1.351026E1,-7.366E0,-1.611376E1));
#2682=LINE('',#2681,#2680);
#2683=CARTESIAN_POINT('',(1.39827E1,-7.366E0,-1.611376E1));
#2684=DIRECTION('',(0.E0,0.E0,-1.E0));
#2685=DIRECTION('',(-5.895820964513E-1,-8.077084570215E-1,0.E0));
#2686=AXIS2_PLACEMENT_3D('',#2683,#2684,#2685);
#2688=DIRECTION('',(-8.077084570215E-1,5.895820964513E-1,0.E0));
#2689=VECTOR('',#2688,3.877141730708E-1);
#2690=CARTESIAN_POINT('',(1.401731785085E1,-7.976183118418E0,-1.611376E1));
#2691=LINE('',#2690,#2689);
#2692=CARTESIAN_POINT('',(1.39065E1,-8.128E0,-1.611376E1));
#2693=DIRECTION('',(0.E0,0.E0,1.E0));
#2694=DIRECTION('',(8.571673007021E-1,-5.150380749101E-1,0.E0));
#2695=AXIS2_PLACEMENT_3D('',#2692,#2693,#2694);
#2697=DIRECTION('',(5.150380749101E-1,8.571673007021E-1,0.E0));
#2698=VECTOR('',#2697,1.345784433022E0);
#2699=CARTESIAN_POINT('',(1.337448294221E1,-9.378368966341E0,-1.611376E1));
#2700=LINE('',#2699,#2698);
#2701=DIRECTION('',(1.745240643713E-2,9.998476951564E-1,0.E0));
#2702=VECTOR('',#2701,3.860799999999E-1);
#2703=CARTESIAN_POINT('',(1.336774491714E1,-9.764390164486E0,-1.611376E1));
#2704=LINE('',#2703,#2702);
#2705=DIRECTION('',(-8.571673007021E-1,5.150380749101E-1,0.E0));
#2706=VECTOR('',#2705,1.27E-1);
#2707=CARTESIAN_POINT('',(1.347660516432E1,-9.8298E0,-1.611376E1));
#2708=LINE('',#2707,#2706);
#2709=DIRECTION('',(-5.150380749101E-1,-8.571673007021E-1,0.E0));
#2710=VECTOR('',#2709,1.680139520915E0);
#2711=CARTESIAN_POINT('',(1.434194098876E1,-8.389639342054E0,-1.611376E1));
#2712=LINE('',#2711,#2710);
#2713=CARTESIAN_POINT('',(1.39065E1,-8.128E0,-1.611376E1));
#2714=DIRECTION('',(0.E0,0.E0,-1.E0));
#2715=DIRECTION('',(5.895820964513E-1,8.077084570215E-1,0.E0));
#2716=AXIS2_PLACEMENT_3D('',#2713,#2714,#2715);
#2718=DIRECTION('',(8.077084570215E-1,-5.895820964513E-1,0.E0));
#2719=VECTOR('',#2718,3.877141730708E-1);
#2720=CARTESIAN_POINT('',(1.389284768850E1,-7.489094768850E0,-1.611376E1));
#2721=LINE('',#2720,#2719);
#2722=CARTESIAN_POINT('',(1.39827E1,-7.366E0,-1.611376E1));
#2723=DIRECTION('',(0.E0,0.E0,1.E0));
#2724=DIRECTION('',(-1.E0,0.E0,0.E0));
#2725=AXIS2_PLACEMENT_3D('',#2722,#2723,#2724);
#2727=DIRECTION('',(0.E0,-1.E0,0.E0));
#2728=VECTOR('',#2727,1.64084E0);
#2729=CARTESIAN_POINT('',(1.38303E1,-5.72516E0,-1.611376E1));
#2730=LINE('',#2729,#2728);
#2731=DIRECTION('',(0.E0,1.E0,0.E0));
#2732=VECTOR('',#2731,1.64084E0);
#2733=CARTESIAN_POINT('',(1.11633E1,-7.366E0,-1.611376E1));
#2734=LINE('',#2733,#2732);
#2735=CARTESIAN_POINT('',(1.10109E1,-7.366E0,-1.611376E1));
#2736=DIRECTION('',(0.E0,0.E0,1.E0));
#2737=DIRECTION('',(5.895820964513E-1,-8.077084570215E-1,0.E0));
#2738=AXIS2_PLACEMENT_3D('',#2735,#2736,#2737);
#2740=DIRECTION('',(8.077084570215E-1,5.895820964513E-1,0.E0));
#2741=VECTOR('',#2740,3.877141730708E-1);
#2742=CARTESIAN_POINT('',(1.078759229500E1,-7.717684103833E0,-1.611376E1));
#2743=LINE('',#2742,#2741);
#2744=CARTESIAN_POINT('',(1.10871E1,-8.128E0,-1.611376E1));
#2745=DIRECTION('',(0.E0,0.E0,-1.E0));
#2746=DIRECTION('',(-8.571673007021E-1,-5.150380749101E-1,0.E0));
#2747=AXIS2_PLACEMENT_3D('',#2744,#2745,#2746);
#2749=DIRECTION('',(-5.150380749101E-1,8.571673007021E-1,0.E0));
#2750=VECTOR('',#2749,1.680139520915E0);
#2751=CARTESIAN_POINT('',(1.151699483568E1,-9.8298E0,-1.611376E1));
#2752=LINE('',#2751,#2750);
#2753=DIRECTION('',(-8.571673007021E-1,-5.150380749101E-1,0.E0));
#2754=VECTOR('',#2753,1.27E-1);
#2755=CARTESIAN_POINT('',(1.162585508286E1,-9.764390164486E0,-1.611376E1));
#2756=LINE('',#2755,#2754);
#2757=DIRECTION('',(1.745240643713E-2,-9.998476951564E-1,0.E0));
#2758=VECTOR('',#2757,3.860799999999E-1);
#2759=CARTESIAN_POINT('',(1.161911705779E1,-9.378368966341E0,-1.611376E1));
#2760=LINE('',#2759,#2758);
#2761=DIRECTION('',(5.150380749101E-1,-8.571673007021E-1,0.E0));
#2762=VECTOR('',#2761,1.345784433022E0);
#2763=CARTESIAN_POINT('',(1.092598683416E1,-8.224806556560E0,-1.611376E1));
#2764=LINE('',#2763,#2762);
#2765=CARTESIAN_POINT('',(1.10871E1,-8.128E0,-1.611376E1));
#2766=DIRECTION('',(0.E0,0.E0,1.E0));
#2767=DIRECTION('',(-5.895820964513E-1,8.077084570215E-1,0.E0));
#2768=AXIS2_PLACEMENT_3D('',#2765,#2766,#2767);
#2770=DIRECTION('',(-8.077084570215E-1,-5.895820964513E-1,0.E0));
#2771=VECTOR('',#2770,3.877141730708E-1);
#2772=CARTESIAN_POINT('',(1.128944216565E1,-7.747593783435E0,-1.611376E1));
#2773=LINE('',#2772,#2771);
#2774=CARTESIAN_POINT('',(1.10109E1,-7.366E0,-1.611376E1));
#2775=DIRECTION('',(0.E0,0.E0,-1.E0));
#2776=DIRECTION('',(1.E0,0.E0,0.E0));
#2777=AXIS2_PLACEMENT_3D('',#2774,#2775,#2776);
#2779=DIRECTION('',(0.E0,-1.E0,0.E0));
#2780=VECTOR('',#2779,1.64084E0);
#2781=CARTESIAN_POINT('',(1.148334E1,-5.72516E0,-1.611376E1));
#2782=LINE('',#2781,#2780);
#2783=DIRECTION('',(0.E0,1.E0,0.E0));
#2784=VECTOR('',#2783,1.64084E0);
#2785=CARTESIAN_POINT('',(-1.148334E1,-7.366E0,-1.611376E1));
#2786=LINE('',#2785,#2784);
#2787=CARTESIAN_POINT('',(-1.10109E1,-7.366E0,-1.611376E1));
#2788=DIRECTION('',(0.E0,0.E0,-1.E0));
#2789=DIRECTION('',(-5.895820964513E-1,-8.077084570215E-1,0.E0));
#2790=AXIS2_PLACEMENT_3D('',#2787,#2788,#2789);
#2792=DIRECTION('',(-8.077084570215E-1,5.895820964513E-1,0.E0));
#2793=VECTOR('',#2792,3.877141730708E-1);
#2794=CARTESIAN_POINT('',(-1.097628214915E1,-7.976183118418E0,-1.611376E1));
#2795=LINE('',#2794,#2793);
#2796=CARTESIAN_POINT('',(-1.10871E1,-8.128E0,-1.611376E1));
#2797=DIRECTION('',(0.E0,0.E0,1.E0));
#2798=DIRECTION('',(8.571673007021E-1,-5.150380749100E-1,0.E0));
#2799=AXIS2_PLACEMENT_3D('',#2796,#2797,#2798);
#2801=DIRECTION('',(5.150380749101E-1,8.571673007021E-1,0.E0));
#2802=VECTOR('',#2801,1.345784433022E0);
#2803=CARTESIAN_POINT('',(-1.161911705779E1,-9.378368966341E0,-1.611376E1));
#2804=LINE('',#2803,#2802);
#2805=DIRECTION('',(1.745240643714E-2,9.998476951564E-1,0.E0));
#2806=VECTOR('',#2805,3.860799999999E-1);
#2807=CARTESIAN_POINT('',(-1.162585508286E1,-9.764390164486E0,-1.611376E1));
#2808=LINE('',#2807,#2806);
#2809=DIRECTION('',(-8.571673007021E-1,5.150380749100E-1,0.E0));
#2810=VECTOR('',#2809,1.27E-1);
#2811=CARTESIAN_POINT('',(-1.151699483568E1,-9.8298E0,-1.611376E1));
#2812=LINE('',#2811,#2810);
#2813=DIRECTION('',(-5.150380749101E-1,-8.571673007021E-1,0.E0));
#2814=VECTOR('',#2813,1.680139520915E0);
#2815=CARTESIAN_POINT('',(-1.065165901124E1,-8.389639342054E0,-1.611376E1));
#2816=LINE('',#2815,#2814);
#2817=CARTESIAN_POINT('',(-1.10871E1,-8.128E0,-1.611376E1));
#2818=DIRECTION('',(0.E0,0.E0,-1.E0));
#2819=DIRECTION('',(5.895820964513E-1,8.077084570215E-1,0.E0));
#2820=AXIS2_PLACEMENT_3D('',#2817,#2818,#2819);
#2822=DIRECTION('',(8.077084570215E-1,-5.895820964513E-1,0.E0));
#2823=VECTOR('',#2822,3.877141730708E-1);
#2824=CARTESIAN_POINT('',(-1.110075231150E1,-7.489094768850E0,-1.611376E1));
#2825=LINE('',#2824,#2823);
#2826=CARTESIAN_POINT('',(-1.10109E1,-7.366E0,-1.611376E1));
#2827=DIRECTION('',(0.E0,0.E0,1.E0));
#2828=DIRECTION('',(-1.E0,0.E0,0.E0));
#2829=AXIS2_PLACEMENT_3D('',#2826,#2827,#2828);
#2831=DIRECTION('',(0.E0,-1.E0,0.E0));
#2832=VECTOR('',#2831,1.64084E0);
#2833=CARTESIAN_POINT('',(-1.11633E1,-5.72516E0,-1.611376E1));
#2834=LINE('',#2833,#2832);
#2835=DIRECTION('',(0.E0,1.E0,0.E0));
#2836=VECTOR('',#2835,1.64084E0);
#2837=CARTESIAN_POINT('',(-1.38303E1,-7.366E0,-1.611376E1));
#2838=LINE('',#2837,#2836);
#2839=CARTESIAN_POINT('',(-1.39827E1,-7.366E0,-1.611376E1));
#2840=DIRECTION('',(0.E0,0.E0,1.E0));
#2841=DIRECTION('',(5.895820964513E-1,-8.077084570215E-1,0.E0));
#2842=AXIS2_PLACEMENT_3D('',#2839,#2840,#2841);
#2844=DIRECTION('',(8.077084570215E-1,5.895820964513E-1,0.E0));
#2845=VECTOR('',#2844,3.877141730708E-1);
#2846=CARTESIAN_POINT('',(-1.420600770500E1,-7.717684103833E0,-1.611376E1));
#2847=LINE('',#2846,#2845);
#2848=CARTESIAN_POINT('',(-1.39065E1,-8.128E0,-1.611376E1));
#2849=DIRECTION('',(0.E0,0.E0,-1.E0));
#2850=DIRECTION('',(-8.571673007021E-1,-5.150380749101E-1,0.E0));
#2851=AXIS2_PLACEMENT_3D('',#2848,#2849,#2850);
#2853=DIRECTION('',(-5.150380749101E-1,8.571673007021E-1,0.E0));
#2854=VECTOR('',#2853,1.680139520915E0);
#2855=CARTESIAN_POINT('',(-1.347660516432E1,-9.8298E0,-1.611376E1));
#2856=LINE('',#2855,#2854);
#2857=DIRECTION('',(-8.571673007021E-1,-5.150380749100E-1,0.E0));
#2858=VECTOR('',#2857,1.27E-1);
#2859=CARTESIAN_POINT('',(-1.336774491714E1,-9.764390164486E0,-1.611376E1));
#2860=LINE('',#2859,#2858);
#2861=DIRECTION('',(1.745240643714E-2,-9.998476951564E-1,0.E0));
#2862=VECTOR('',#2861,3.860799999999E-1);
#2863=CARTESIAN_POINT('',(-1.337448294221E1,-9.378368966341E0,-1.611376E1));
#2864=LINE('',#2863,#2862);
#2865=DIRECTION('',(5.150380749101E-1,-8.571673007021E-1,0.E0));
#2866=VECTOR('',#2865,1.345784433022E0);
#2867=CARTESIAN_POINT('',(-1.406761316584E1,-8.224806556560E0,-1.611376E1));
#2868=LINE('',#2867,#2866);
#2869=CARTESIAN_POINT('',(-1.39065E1,-8.128E0,-1.611376E1));
#2870=DIRECTION('',(0.E0,0.E0,1.E0));
#2871=DIRECTION('',(-5.895820964513E-1,8.077084570215E-1,0.E0));
#2872=AXIS2_PLACEMENT_3D('',#2869,#2870,#2871);
#2874=DIRECTION('',(-8.077084570215E-1,-5.895820964513E-1,0.E0));
#2875=VECTOR('',#2874,3.877141730708E-1);
#2876=CARTESIAN_POINT('',(-1.370415783435E1,-7.747593783435E0,-1.611376E1));
#2877=LINE('',#2876,#2875);
#2878=CARTESIAN_POINT('',(-1.39827E1,-7.366E0,-1.611376E1));
#2879=DIRECTION('',(0.E0,0.E0,-1.E0));
#2880=DIRECTION('',(1.E0,0.E0,0.E0));
#2881=AXIS2_PLACEMENT_3D('',#2878,#2879,#2880);
#2883=DIRECTION('',(0.E0,-1.E0,0.E0));
#2884=VECTOR('',#2883,1.64084E0);
#2885=CARTESIAN_POINT('',(-1.351026E1,-5.72516E0,-1.611376E1));
#2886=LINE('',#2885,#2884);
#2887=DIRECTION('',(0.E0,0.E0,-1.E0));
#2888=VECTOR('',#2887,1.4224E0);
#2889=CARTESIAN_POINT('',(1.351026E1,-7.366E0,-1.469136E1));
#2890=LINE('',#2889,#2888);
#2891=DIRECTION('',(0.E0,0.E0,-1.E0));
#2892=VECTOR('',#2891,1.4224E0);
#2893=CARTESIAN_POINT('',(1.370415783435E1,-7.747593783435E0,-1.469136E1));
#2894=LINE('',#2893,#2892);
#2895=DIRECTION('',(0.E0,0.E0,-1.E0));
#2896=VECTOR('',#2895,1.4224E0);
#2897=CARTESIAN_POINT('',(1.401731785085E1,-7.976183118418E0,-1.469136E1));
#2898=LINE('',#2897,#2896);
#2899=DIRECTION('',(0.E0,0.E0,-1.E0));
#2900=VECTOR('',#2899,1.4224E0);
#2901=CARTESIAN_POINT('',(1.406761316584E1,-8.224806556560E0,-1.469136E1));
#2902=LINE('',#2901,#2900);
#2903=DIRECTION('',(0.E0,0.E0,-1.E0));
#2904=VECTOR('',#2903,1.4224E0);
#2905=CARTESIAN_POINT('',(1.337448294221E1,-9.378368966341E0,-1.469136E1));
#2906=LINE('',#2905,#2904);
#2907=DIRECTION('',(0.E0,0.E0,-1.E0));
#2908=VECTOR('',#2907,1.4224E0);
#2909=CARTESIAN_POINT('',(1.336774491714E1,-9.764390164486E0,-1.469136E1));
#2910=LINE('',#2909,#2908);
#2911=DIRECTION('',(0.E0,0.E0,-1.E0));
#2912=VECTOR('',#2911,1.4224E0);
#2913=CARTESIAN_POINT('',(1.347660516432E1,-9.8298E0,-1.469136E1));
#2914=LINE('',#2913,#2912);
#2915=DIRECTION('',(0.E0,0.E0,-1.E0));
#2916=VECTOR('',#2915,1.4224E0);
#2917=CARTESIAN_POINT('',(1.434194098876E1,-8.389639342054E0,-1.469136E1));
#2918=LINE('',#2917,#2916);
#2919=DIRECTION('',(0.E0,0.E0,-1.E0));
#2920=VECTOR('',#2919,1.4224E0);
#2921=CARTESIAN_POINT('',(1.420600770500E1,-7.717684103833E0,-1.469136E1));
#2922=LINE('',#2921,#2920);
#2923=DIRECTION('',(0.E0,0.E0,-1.E0));
#2924=VECTOR('',#2923,1.4224E0);
#2925=CARTESIAN_POINT('',(1.389284768850E1,-7.489094768850E0,-1.469136E1));
#2926=LINE('',#2925,#2924);
#2927=DIRECTION('',(0.E0,0.E0,-1.E0));
#2928=VECTOR('',#2927,1.4224E0);
#2929=CARTESIAN_POINT('',(1.38303E1,-7.366E0,-1.469136E1));
#2930=LINE('',#2929,#2928);
#2931=DIRECTION('',(0.E0,0.E0,-1.E0));
#2932=VECTOR('',#2931,1.4224E0);
#2933=CARTESIAN_POINT('',(1.11633E1,-7.366E0,-1.469136E1));
#2934=LINE('',#2933,#2932);
#2935=DIRECTION('',(0.E0,0.E0,-1.E0));
#2936=VECTOR('',#2935,1.4224E0);
#2937=CARTESIAN_POINT('',(1.110075231150E1,-7.489094768850E0,-1.469136E1));
#2938=LINE('',#2937,#2936);
#2939=DIRECTION('',(0.E0,0.E0,-1.E0));
#2940=VECTOR('',#2939,1.4224E0);
#2941=CARTESIAN_POINT('',(1.078759229500E1,-7.717684103833E0,-1.469136E1));
#2942=LINE('',#2941,#2940);
#2943=DIRECTION('',(0.E0,0.E0,-1.E0));
#2944=VECTOR('',#2943,1.4224E0);
#2945=CARTESIAN_POINT('',(1.065165901124E1,-8.389639342054E0,-1.469136E1));
#2946=LINE('',#2945,#2944);
#2947=DIRECTION('',(0.E0,0.E0,-1.E0));
#2948=VECTOR('',#2947,1.4224E0);
#2949=CARTESIAN_POINT('',(1.151699483568E1,-9.8298E0,-1.469136E1));
#2950=LINE('',#2949,#2948);
#2951=DIRECTION('',(0.E0,0.E0,-1.E0));
#2952=VECTOR('',#2951,1.4224E0);
#2953=CARTESIAN_POINT('',(1.162585508286E1,-9.764390164486E0,-1.469136E1));
#2954=LINE('',#2953,#2952);
#2955=DIRECTION('',(0.E0,0.E0,-1.E0));
#2956=VECTOR('',#2955,1.4224E0);
#2957=CARTESIAN_POINT('',(1.161911705779E1,-9.378368966341E0,-1.469136E1));
#2958=LINE('',#2957,#2956);
#2959=DIRECTION('',(0.E0,0.E0,-1.E0));
#2960=VECTOR('',#2959,1.4224E0);
#2961=CARTESIAN_POINT('',(1.092598683416E1,-8.224806556560E0,-1.469136E1));
#2962=LINE('',#2961,#2960);
#2963=DIRECTION('',(0.E0,0.E0,-1.E0));
#2964=VECTOR('',#2963,1.4224E0);
#2965=CARTESIAN_POINT('',(1.097628214915E1,-7.976183118418E0,-1.469136E1));
#2966=LINE('',#2965,#2964);
#2967=DIRECTION('',(0.E0,0.E0,-1.E0));
#2968=VECTOR('',#2967,1.4224E0);
#2969=CARTESIAN_POINT('',(1.128944216565E1,-7.747593783435E0,-1.469136E1));
#2970=LINE('',#2969,#2968);
#2971=DIRECTION('',(0.E0,0.E0,-1.E0));
#2972=VECTOR('',#2971,1.4224E0);
#2973=CARTESIAN_POINT('',(1.148334E1,-7.366E0,-1.469136E1));
#2974=LINE('',#2973,#2972);
#2975=DIRECTION('',(0.E0,0.E0,-1.E0));
#2976=VECTOR('',#2975,1.4224E0);
#2977=CARTESIAN_POINT('',(-1.148334E1,-7.366E0,-1.469136E1));
#2978=LINE('',#2977,#2976);
#2979=DIRECTION('',(0.E0,0.E0,-1.E0));
#2980=VECTOR('',#2979,1.4224E0);
#2981=CARTESIAN_POINT('',(-1.128944216565E1,-7.747593783435E0,-1.469136E1));
#2982=LINE('',#2981,#2980);
#2983=DIRECTION('',(0.E0,0.E0,-1.E0));
#2984=VECTOR('',#2983,1.4224E0);
#2985=CARTESIAN_POINT('',(-1.097628214915E1,-7.976183118418E0,-1.469136E1));
#2986=LINE('',#2985,#2984);
#2987=DIRECTION('',(0.E0,0.E0,-1.E0));
#2988=VECTOR('',#2987,1.4224E0);
#2989=CARTESIAN_POINT('',(-1.092598683416E1,-8.224806556560E0,-1.469136E1));
#2990=LINE('',#2989,#2988);
#2991=DIRECTION('',(0.E0,0.E0,-1.E0));
#2992=VECTOR('',#2991,1.4224E0);
#2993=CARTESIAN_POINT('',(-1.161911705779E1,-9.378368966341E0,-1.469136E1));
#2994=LINE('',#2993,#2992);
#2995=DIRECTION('',(0.E0,0.E0,-1.E0));
#2996=VECTOR('',#2995,1.4224E0);
#2997=CARTESIAN_POINT('',(-1.162585508286E1,-9.764390164486E0,-1.469136E1));
#2998=LINE('',#2997,#2996);
#2999=DIRECTION('',(0.E0,0.E0,-1.E0));
#3000=VECTOR('',#2999,1.4224E0);
#3001=CARTESIAN_POINT('',(-1.151699483568E1,-9.8298E0,-1.469136E1));
#3002=LINE('',#3001,#3000);
#3003=DIRECTION('',(0.E0,0.E0,-1.E0));
#3004=VECTOR('',#3003,1.4224E0);
#3005=CARTESIAN_POINT('',(-1.065165901124E1,-8.389639342054E0,-1.469136E1));
#3006=LINE('',#3005,#3004);
#3007=DIRECTION('',(0.E0,0.E0,-1.E0));
#3008=VECTOR('',#3007,1.4224E0);
#3009=CARTESIAN_POINT('',(-1.078759229500E1,-7.717684103833E0,-1.469136E1));
#3010=LINE('',#3009,#3008);
#3011=DIRECTION('',(0.E0,0.E0,-1.E0));
#3012=VECTOR('',#3011,1.4224E0);
#3013=CARTESIAN_POINT('',(-1.110075231150E1,-7.489094768850E0,-1.469136E1));
#3014=LINE('',#3013,#3012);
#3015=DIRECTION('',(0.E0,0.E0,-1.E0));
#3016=VECTOR('',#3015,1.4224E0);
#3017=CARTESIAN_POINT('',(-1.11633E1,-7.366E0,-1.469136E1));
#3018=LINE('',#3017,#3016);
#3019=DIRECTION('',(0.E0,0.E0,-1.E0));
#3020=VECTOR('',#3019,1.4224E0);
#3021=CARTESIAN_POINT('',(-1.38303E1,-7.366E0,-1.469136E1));
#3022=LINE('',#3021,#3020);
#3023=DIRECTION('',(0.E0,0.E0,-1.E0));
#3024=VECTOR('',#3023,1.4224E0);
#3025=CARTESIAN_POINT('',(-1.389284768850E1,-7.489094768850E0,-1.469136E1));
#3026=LINE('',#3025,#3024);
#3027=DIRECTION('',(0.E0,0.E0,-1.E0));
#3028=VECTOR('',#3027,1.4224E0);
#3029=CARTESIAN_POINT('',(-1.420600770500E1,-7.717684103833E0,-1.469136E1));
#3030=LINE('',#3029,#3028);
#3031=DIRECTION('',(0.E0,0.E0,-1.E0));
#3032=VECTOR('',#3031,1.4224E0);
#3033=CARTESIAN_POINT('',(-1.434194098876E1,-8.389639342054E0,-1.469136E1));
#3034=LINE('',#3033,#3032);
#3035=DIRECTION('',(0.E0,0.E0,-1.E0));
#3036=VECTOR('',#3035,1.4224E0);
#3037=CARTESIAN_POINT('',(-1.347660516432E1,-9.8298E0,-1.469136E1));
#3038=LINE('',#3037,#3036);
#3039=DIRECTION('',(0.E0,0.E0,-1.E0));
#3040=VECTOR('',#3039,1.4224E0);
#3041=CARTESIAN_POINT('',(-1.336774491714E1,-9.764390164486E0,-1.469136E1));
#3042=LINE('',#3041,#3040);
#3043=DIRECTION('',(0.E0,0.E0,-1.E0));
#3044=VECTOR('',#3043,1.4224E0);
#3045=CARTESIAN_POINT('',(-1.337448294221E1,-9.378368966341E0,-1.469136E1));
#3046=LINE('',#3045,#3044);
#3047=DIRECTION('',(0.E0,0.E0,-1.E0));
#3048=VECTOR('',#3047,1.4224E0);
#3049=CARTESIAN_POINT('',(-1.406761316584E1,-8.224806556560E0,-1.469136E1));
#3050=LINE('',#3049,#3048);
#3051=DIRECTION('',(0.E0,0.E0,-1.E0));
#3052=VECTOR('',#3051,1.4224E0);
#3053=CARTESIAN_POINT('',(-1.401731785085E1,-7.976183118418E0,-1.469136E1));
#3054=LINE('',#3053,#3052);
#3055=DIRECTION('',(0.E0,0.E0,-1.E0));
#3056=VECTOR('',#3055,1.4224E0);
#3057=CARTESIAN_POINT('',(-1.370415783435E1,-7.747593783435E0,-1.469136E1));
#3058=LINE('',#3057,#3056);
#3059=DIRECTION('',(0.E0,0.E0,-1.E0));
#3060=VECTOR('',#3059,1.4224E0);
#3061=CARTESIAN_POINT('',(-1.351026E1,-7.366E0,-1.469136E1));
#3062=LINE('',#3061,#3060);
#3063=DIRECTION('',(0.E0,-1.E0,0.E0));
#3064=VECTOR('',#3063,1.86944E0);
#3065=CARTESIAN_POINT('',(-1.17856E1,-5.72516E0,-1.673606E1));
#3066=LINE('',#3065,#3064);
#3067=CARTESIAN_POINT('',(-1.17856E1,-7.5946E0,-1.692007729845E1));
#3068=DIRECTION('',(1.E0,0.E0,0.E0));
#3069=DIRECTION('',(0.E0,0.E0,1.E0));
#3070=AXIS2_PLACEMENT_3D('',#3067,#3068,#3069);
#3072=DIRECTION('',(0.E0,-5.591929034707E-1,-8.290375725550E-1));
#3073=VECTOR('',#3072,3.367204010553E-1);
#3074=CARTESIAN_POINT('',(-1.17856E1,-7.747157254418E0,-1.681717613104E1));
#3075=LINE('',#3074,#3073);
#3076=CARTESIAN_POINT('',(-1.17856E1,-8.3566E0,-1.681226E1));
#3077=DIRECTION('',(-1.E0,0.E0,0.E0));
#3078=DIRECTION('',(0.E0,8.290375725550E-1,-5.591929034707E-1));
#3079=AXIS2_PLACEMENT_3D('',#3076,#3077,#3078);
#3081=DIRECTION('',(0.E0,-8.290375725550E-1,5.591929034707E-1));
#3082=VECTOR('',#3081,1.434349955180E0);
#3083=CARTESIAN_POINT('',(-1.17856E1,-8.640669994963E0,-1.723341108686E1));
#3084=LINE('',#3083,#3082);
#3085=DIRECTION('',(0.E0,5.591929034708E-1,8.290375725550E-1));
#3086=VECTOR('',#3085,1.27E-1);
#3087=CARTESIAN_POINT('',(-1.17856E1,-9.8298E0,-1.643133277083E1));
#3088=LINE('',#3087,#3086);
#3089=DIRECTION('',(0.E0,9.975640502598E-1,-6.975647374412E-2));
#3090=VECTOR('',#3089,3.8608E-1);
#3091=CARTESIAN_POINT('',(-1.17856E1,-9.758782501259E0,-1.632604499911E1));
#3092=LINE('',#3091,#3090);
#3093=DIRECTION('',(0.E0,8.290375725550E-1,-5.591929034707E-1));
#3094=VECTOR('',#3093,1.099994867287E0);
#3095=CARTESIAN_POINT('',(-1.17856E1,-9.373642972735E0,-1.635297657850E1));
#3096=LINE('',#3095,#3094);
#3097=CARTESIAN_POINT('',(-1.17856E1,-8.3566E0,-1.681226E1));
#3098=DIRECTION('',(1.E0,0.E0,0.E0));
#3099=DIRECTION('',(0.E0,-5.591929034707E-1,-8.290375725550E-1));
#3100=AXIS2_PLACEMENT_3D('',#3097,#3098,#3099);
#3102=DIRECTION('',(0.E0,5.591929034707E-1,8.290375725550E-1));
#3103=VECTOR('',#3102,3.367204010553E-1);
#3104=CARTESIAN_POINT('',(-1.17856E1,-8.200774097863E0,-1.691736589814E1));
#3105=LINE('',#3104,#3103);
#3106=CARTESIAN_POINT('',(-1.17856E1,-7.5946E0,-1.692007729845E1));
#3107=DIRECTION('',(-1.E0,0.E0,0.E0));
#3108=DIRECTION('',(0.E0,-8.290375725550E-1,5.591929034707E-1));
#3109=AXIS2_PLACEMENT_3D('',#3106,#3107,#3108);
#3111=DIRECTION('',(0.E0,1.E0,0.E0));
#3112=VECTOR('',#3111,1.86944E0);
#3113=CARTESIAN_POINT('',(-1.17856E1,-7.5946E0,-1.641602E1));
#3114=LINE('',#3113,#3112);
#3115=DIRECTION('',(0.E0,-1.E0,0.E0));
#3116=VECTOR('',#3115,1.86944E0);
#3117=CARTESIAN_POINT('',(-1.17856E1,-5.72516E0,-1.43891E1));
#3118=LINE('',#3117,#3116);
#3119=CARTESIAN_POINT('',(-1.17856E1,-7.5946E0,-1.388504270155E1));
#3120=DIRECTION('',(-1.E0,0.E0,0.E0));
#3121=DIRECTION('',(0.E0,0.E0,-1.E0));
#3122=AXIS2_PLACEMENT_3D('',#3119,#3120,#3121);
#3124=DIRECTION('',(0.E0,-5.591929034707E-1,8.290375725550E-1));
#3125=VECTOR('',#3124,3.367204010553E-1);
#3126=CARTESIAN_POINT('',(-1.17856E1,-8.012482439139E0,-1.416690796578E1));
#3127=LINE('',#3126,#3125);
#3128=CARTESIAN_POINT('',(-1.17856E1,-8.3566E0,-1.399286E1));
#3129=DIRECTION('',(1.E0,0.E0,0.E0));
#3130=DIRECTION('',(0.E0,8.290375725550E-1,5.591929034707E-1));
#3131=AXIS2_PLACEMENT_3D('',#3128,#3129,#3130);
#3133=DIRECTION('',(0.E0,-8.290375725550E-1,-5.591929034707E-1));
#3134=VECTOR('',#3133,1.099994867287E0);
#3135=CARTESIAN_POINT('',(-1.17856E1,-8.461705898136E0,-1.383703409786E1));
#3136=LINE('',#3135,#3134);
#3137=DIRECTION('',(0.E0,-9.975640502598E-1,-6.975647374412E-2));
#3138=VECTOR('',#3137,3.8608E-1);
#3139=CARTESIAN_POINT('',(-1.17856E1,-9.373642972735E0,-1.445214342150E1));
#3140=LINE('',#3139,#3138);
#3141=DIRECTION('',(0.E0,-5.591929034708E-1,8.290375725550E-1));
#3142=VECTOR('',#3141,1.27E-1);
#3143=CARTESIAN_POINT('',(-1.17856E1,-9.758782501259E0,-1.447907500089E1));
#3144=LINE('',#3143,#3142);
#3145=DIRECTION('',(0.E0,8.290375725550E-1,5.591929034707E-1));
#3146=VECTOR('',#3145,1.434349955180E0);
#3147=CARTESIAN_POINT('',(-1.17856E1,-9.8298E0,-1.437378722917E1));
#3148=LINE('',#3147,#3146);
#3149=CARTESIAN_POINT('',(-1.17856E1,-8.3566E0,-1.399286E1));
#3150=DIRECTION('',(-1.E0,0.E0,0.E0));
#3151=DIRECTION('',(0.E0,-5.591929034707E-1,8.290375725550E-1));
#3152=AXIS2_PLACEMENT_3D('',#3149,#3150,#3151);
#3154=DIRECTION('',(0.E0,5.591929034707E-1,-8.290375725550E-1));
#3155=VECTOR('',#3154,3.367204010553E-1);
#3156=CARTESIAN_POINT('',(-1.17856E1,-7.935448913142E0,-1.370879000504E1));
#3157=LINE('',#3156,#3155);
#3158=CARTESIAN_POINT('',(-1.17856E1,-7.5946E0,-1.388504270155E1));
#3159=DIRECTION('',(1.E0,0.E0,0.E0));
#3160=DIRECTION('',(0.E0,-8.290375725550E-1,-5.591929034707E-1));
#3161=AXIS2_PLACEMENT_3D('',#3158,#3159,#3160);
#3163=DIRECTION('',(0.E0,1.E0,0.E0));
#3164=VECTOR('',#3163,1.86944E0);
#3165=CARTESIAN_POINT('',(-1.17856E1,-7.5946E0,-1.406906E1));
#3166=LINE('',#3165,#3164);
#3167=DIRECTION('',(0.E0,1.E0,0.E0));
#3168=VECTOR('',#3167,1.86944E0);
#3169=CARTESIAN_POINT('',(-1.3208E1,-7.5946E0,-1.641602E1));
#3170=LINE('',#3169,#3168);
#3171=CARTESIAN_POINT('',(-1.3208E1,-7.5946E0,-1.692007729845E1));
#3172=DIRECTION('',(-1.E0,0.E0,0.E0));
#3173=DIRECTION('',(0.E0,-8.290375725550E-1,5.591929034707E-1));
#3174=AXIS2_PLACEMENT_3D('',#3171,#3172,#3173);
#3176=DIRECTION('',(0.E0,5.591929034707E-1,8.290375725550E-1));
#3177=VECTOR('',#3176,3.367204010553E-1);
#3178=CARTESIAN_POINT('',(-1.3208E1,-8.200774097863E0,-1.691736589814E1));
#3179=LINE('',#3178,#3177);
#3180=CARTESIAN_POINT('',(-1.3208E1,-8.3566E0,-1.681226E1));
#3181=DIRECTION('',(1.E0,0.E0,0.E0));
#3182=DIRECTION('',(0.E0,-5.591929034707E-1,-8.290375725550E-1));
#3183=AXIS2_PLACEMENT_3D('',#3180,#3181,#3182);
#3185=DIRECTION('',(0.E0,8.290375725550E-1,-5.591929034707E-1));
#3186=VECTOR('',#3185,1.099994867287E0);
#3187=CARTESIAN_POINT('',(-1.3208E1,-9.373642972735E0,-1.635297657850E1));
#3188=LINE('',#3187,#3186);
#3189=DIRECTION('',(0.E0,9.975640502598E-1,-6.975647374412E-2));
#3190=VECTOR('',#3189,3.8608E-1);
#3191=CARTESIAN_POINT('',(-1.3208E1,-9.758782501259E0,-1.632604499911E1));
#3192=LINE('',#3191,#3190);
#3193=DIRECTION('',(0.E0,5.591929034708E-1,8.290375725550E-1));
#3194=VECTOR('',#3193,1.27E-1);
#3195=CARTESIAN_POINT('',(-1.3208E1,-9.8298E0,-1.643133277083E1));
#3196=LINE('',#3195,#3194);
#3197=DIRECTION('',(0.E0,-8.290375725550E-1,5.591929034707E-1));
#3198=VECTOR('',#3197,1.434349955180E0);
#3199=CARTESIAN_POINT('',(-1.3208E1,-8.640669994963E0,-1.723341108686E1));
#3200=LINE('',#3199,#3198);
#3201=CARTESIAN_POINT('',(-1.3208E1,-8.3566E0,-1.681226E1));
#3202=DIRECTION('',(-1.E0,0.E0,0.E0));
#3203=DIRECTION('',(0.E0,8.290375725550E-1,-5.591929034707E-1));
#3204=AXIS2_PLACEMENT_3D('',#3201,#3202,#3203);
#3206=DIRECTION('',(0.E0,-5.591929034707E-1,-8.290375725550E-1));
#3207=VECTOR('',#3206,3.367204010553E-1);
#3208=CARTESIAN_POINT('',(-1.3208E1,-7.747157254418E0,-1.681717613104E1));
#3209=LINE('',#3208,#3207);
#3210=CARTESIAN_POINT('',(-1.3208E1,-7.5946E0,-1.692007729845E1));
#3211=DIRECTION('',(1.E0,0.E0,0.E0));
#3212=DIRECTION('',(0.E0,0.E0,1.E0));
#3213=AXIS2_PLACEMENT_3D('',#3210,#3211,#3212);
#3215=DIRECTION('',(0.E0,-1.E0,0.E0));
#3216=VECTOR('',#3215,1.86944E0);
#3217=CARTESIAN_POINT('',(-1.3208E1,-5.72516E0,-1.673606E1));
#3218=LINE('',#3217,#3216);
#3219=DIRECTION('',(0.E0,1.E0,0.E0));
#3220=VECTOR('',#3219,1.86944E0);
#3221=CARTESIAN_POINT('',(-1.3208E1,-7.5946E0,-1.406906E1));
#3222=LINE('',#3221,#3220);
#3223=CARTESIAN_POINT('',(-1.3208E1,-7.5946E0,-1.388504270155E1));
#3224=DIRECTION('',(1.E0,0.E0,0.E0));
#3225=DIRECTION('',(0.E0,-8.290375725550E-1,-5.591929034707E-1));
#3226=AXIS2_PLACEMENT_3D('',#3223,#3224,#3225);
#3228=DIRECTION('',(0.E0,5.591929034707E-1,-8.290375725550E-1));
#3229=VECTOR('',#3228,3.367204010553E-1);
#3230=CARTESIAN_POINT('',(-1.3208E1,-7.935448913142E0,-1.370879000504E1));
#3231=LINE('',#3230,#3229);
#3232=CARTESIAN_POINT('',(-1.3208E1,-8.3566E0,-1.399286E1));
#3233=DIRECTION('',(-1.E0,0.E0,0.E0));
#3234=DIRECTION('',(0.E0,-5.591929034707E-1,8.290375725550E-1));
#3235=AXIS2_PLACEMENT_3D('',#3232,#3233,#3234);
#3237=DIRECTION('',(0.E0,8.290375725550E-1,5.591929034707E-1));
#3238=VECTOR('',#3237,1.434349955180E0);
#3239=CARTESIAN_POINT('',(-1.3208E1,-9.8298E0,-1.437378722917E1));
#3240=LINE('',#3239,#3238);
#3241=DIRECTION('',(0.E0,-5.591929034708E-1,8.290375725550E-1));
#3242=VECTOR('',#3241,1.27E-1);
#3243=CARTESIAN_POINT('',(-1.3208E1,-9.758782501259E0,-1.447907500089E1));
#3244=LINE('',#3243,#3242);
#3245=DIRECTION('',(0.E0,-9.975640502598E-1,-6.975647374412E-2));
#3246=VECTOR('',#3245,3.8608E-1);
#3247=CARTESIAN_POINT('',(-1.3208E1,-9.373642972735E0,-1.445214342150E1));
#3248=LINE('',#3247,#3246);
#3249=DIRECTION('',(0.E0,-8.290375725550E-1,-5.591929034707E-1));
#3250=VECTOR('',#3249,1.099994867287E0);
#3251=CARTESIAN_POINT('',(-1.3208E1,-8.461705898136E0,-1.383703409786E1));
#3252=LINE('',#3251,#3250);
#3253=CARTESIAN_POINT('',(-1.3208E1,-8.3566E0,-1.399286E1));
#3254=DIRECTION('',(1.E0,0.E0,0.E0));
#3255=DIRECTION('',(0.E0,8.290375725550E-1,5.591929034707E-1));
#3256=AXIS2_PLACEMENT_3D('',#3253,#3254,#3255);
#3258=DIRECTION('',(0.E0,-5.591929034707E-1,8.290375725550E-1));
#3259=VECTOR('',#3258,3.367204010553E-1);
#3260=CARTESIAN_POINT('',(-1.3208E1,-8.012482439139E0,-1.416690796578E1));
#3261=LINE('',#3260,#3259);
#3262=CARTESIAN_POINT('',(-1.3208E1,-7.5946E0,-1.388504270155E1));
#3263=DIRECTION('',(-1.E0,0.E0,0.E0));
#3264=DIRECTION('',(0.E0,0.E0,-1.E0));
#3265=AXIS2_PLACEMENT_3D('',#3262,#3263,#3264);
#3267=DIRECTION('',(0.E0,-1.E0,0.E0));
#3268=VECTOR('',#3267,1.86944E0);
#3269=CARTESIAN_POINT('',(-1.3208E1,-5.72516E0,-1.43891E1));
#3270=LINE('',#3269,#3268);
#3271=DIRECTION('',(-1.E0,0.E0,0.E0));
#3272=VECTOR('',#3271,1.4224E0);
#3273=CARTESIAN_POINT('',(-1.17856E1,-7.5946E0,-1.641602E1));
#3274=LINE('',#3273,#3272);
#3275=DIRECTION('',(-1.E0,0.E0,0.E0));
#3276=VECTOR('',#3275,1.4224E0);
#3277=CARTESIAN_POINT('',(-1.17856E1,-8.012482439139E0,-1.663821203422E1));
#3278=LINE('',#3277,#3276);
#3279=DIRECTION('',(-1.E0,0.E0,0.E0));
#3280=VECTOR('',#3279,1.4224E0);
#3281=CARTESIAN_POINT('',(-1.17856E1,-8.200774097863E0,-1.691736589814E1));
#3282=LINE('',#3281,#3280);
#3283=DIRECTION('',(-1.E0,0.E0,0.E0));
#3284=VECTOR('',#3283,1.4224E0);
#3285=CARTESIAN_POINT('',(-1.17856E1,-8.461705898136E0,-1.696808590214E1));
#3286=LINE('',#3285,#3284);
#3287=DIRECTION('',(-1.E0,0.E0,0.E0));
#3288=VECTOR('',#3287,1.4224E0);
#3289=CARTESIAN_POINT('',(-1.17856E1,-9.373642972735E0,-1.635297657850E1));
#3290=LINE('',#3289,#3288);
#3291=DIRECTION('',(-1.E0,0.E0,0.E0));
#3292=VECTOR('',#3291,1.4224E0);
#3293=CARTESIAN_POINT('',(-1.17856E1,-9.758782501259E0,-1.632604499911E1));
#3294=LINE('',#3293,#3292);
#3295=DIRECTION('',(-1.E0,0.E0,0.E0));
#3296=VECTOR('',#3295,1.4224E0);
#3297=CARTESIAN_POINT('',(-1.17856E1,-9.8298E0,-1.643133277083E1));
#3298=LINE('',#3297,#3296);
#3299=DIRECTION('',(-1.E0,0.E0,0.E0));
#3300=VECTOR('',#3299,1.4224E0);
#3301=CARTESIAN_POINT('',(-1.17856E1,-8.640669994963E0,-1.723341108686E1));
#3302=LINE('',#3301,#3300);
#3303=DIRECTION('',(-1.E0,0.E0,0.E0));
#3304=VECTOR('',#3303,1.4224E0);
#3305=CARTESIAN_POINT('',(-1.17856E1,-7.935448913142E0,-1.709632999496E1));
#3306=LINE('',#3305,#3304);
#3307=DIRECTION('',(-1.E0,0.E0,0.E0));
#3308=VECTOR('',#3307,1.4224E0);
#3309=CARTESIAN_POINT('',(-1.17856E1,-7.747157254418E0,-1.681717613104E1));
#3310=LINE('',#3309,#3308);
#3311=DIRECTION('',(-1.E0,0.E0,0.E0));
#3312=VECTOR('',#3311,1.4224E0);
#3313=CARTESIAN_POINT('',(-1.17856E1,-7.5946E0,-1.673606E1));
#3314=LINE('',#3313,#3312);
#3315=DIRECTION('',(-1.E0,0.E0,0.E0));
#3316=VECTOR('',#3315,1.4224E0);
#3317=CARTESIAN_POINT('',(-1.17856E1,-7.5946E0,-1.406906E1));
#3318=LINE('',#3317,#3316);
#3319=DIRECTION('',(-1.E0,0.E0,0.E0));
#3320=VECTOR('',#3319,1.4224E0);
#3321=CARTESIAN_POINT('',(-1.17856E1,-7.747157254418E0,-1.398794386896E1));
#3322=LINE('',#3321,#3320);
#3323=DIRECTION('',(-1.E0,0.E0,0.E0));
#3324=VECTOR('',#3323,1.4224E0);
#3325=CARTESIAN_POINT('',(-1.17856E1,-7.935448913142E0,-1.370879000504E1));
#3326=LINE('',#3325,#3324);
#3327=DIRECTION('',(-1.E0,0.E0,0.E0));
#3328=VECTOR('',#3327,1.4224E0);
#3329=CARTESIAN_POINT('',(-1.17856E1,-8.640669994963E0,-1.357170891314E1));
#3330=LINE('',#3329,#3328);
#3331=DIRECTION('',(-1.E0,0.E0,0.E0));
#3332=VECTOR('',#3331,1.4224E0);
#3333=CARTESIAN_POINT('',(-1.17856E1,-9.8298E0,-1.437378722917E1));
#3334=LINE('',#3333,#3332);
#3335=DIRECTION('',(-1.E0,0.E0,0.E0));
#3336=VECTOR('',#3335,1.4224E0);
#3337=CARTESIAN_POINT('',(-1.17856E1,-9.758782501259E0,-1.447907500089E1));
#3338=LINE('',#3337,#3336);
#3339=DIRECTION('',(-1.E0,0.E0,0.E0));
#3340=VECTOR('',#3339,1.4224E0);
#3341=CARTESIAN_POINT('',(-1.17856E1,-9.373642972735E0,-1.445214342150E1));
#3342=LINE('',#3341,#3340);
#3343=DIRECTION('',(-1.E0,0.E0,0.E0));
#3344=VECTOR('',#3343,1.4224E0);
#3345=CARTESIAN_POINT('',(-1.17856E1,-8.461705898136E0,-1.383703409786E1));
#3346=LINE('',#3345,#3344);
#3347=DIRECTION('',(-1.E0,0.E0,0.E0));
#3348=VECTOR('',#3347,1.4224E0);
#3349=CARTESIAN_POINT('',(-1.17856E1,-8.200774097863E0,-1.388775410186E1));
#3350=LINE('',#3349,#3348);
#3351=DIRECTION('',(-1.E0,0.E0,0.E0));
#3352=VECTOR('',#3351,1.4224E0);
#3353=CARTESIAN_POINT('',(-1.17856E1,-8.012482439139E0,-1.416690796578E1));
#3354=LINE('',#3353,#3352);
#3355=DIRECTION('',(-1.E0,0.E0,0.E0));
#3356=VECTOR('',#3355,1.4224E0);
#3357=CARTESIAN_POINT('',(-1.17856E1,-7.5946E0,-1.43891E1));
#3358=LINE('',#3357,#3356);
#3359=DIRECTION('',(0.E0,-1.E0,0.E0));
#3360=VECTOR('',#3359,1.86944E0);
#3361=CARTESIAN_POINT('',(1.17856E1,-5.72516E0,-1.406906E1));
#3362=LINE('',#3361,#3360);
#3363=CARTESIAN_POINT('',(1.17856E1,-7.5946E0,-1.388504270155E1));
#3364=DIRECTION('',(-1.E0,0.E0,0.E0));
#3365=DIRECTION('',(0.E0,0.E0,-1.E0));
#3366=AXIS2_PLACEMENT_3D('',#3363,#3364,#3365);
#3368=DIRECTION('',(0.E0,-5.591929034708E-1,8.290375725550E-1));
#3369=VECTOR('',#3368,3.367204010553E-1);
#3370=CARTESIAN_POINT('',(1.17856E1,-7.747157254418E0,-1.398794386896E1));
#3371=LINE('',#3370,#3369);
#3372=CARTESIAN_POINT('',(1.17856E1,-8.3566E0,-1.399286E1));
#3373=DIRECTION('',(1.E0,0.E0,0.E0));
#3374=DIRECTION('',(0.E0,8.290375725550E-1,5.591929034708E-1));
#3375=AXIS2_PLACEMENT_3D('',#3372,#3373,#3374);
#3377=DIRECTION('',(0.E0,-8.290375725550E-1,-5.591929034707E-1));
#3378=VECTOR('',#3377,1.434349955180E0);
#3379=CARTESIAN_POINT('',(1.17856E1,-8.640669994963E0,-1.357170891314E1));
#3380=LINE('',#3379,#3378);
#3381=DIRECTION('',(0.E0,5.591929034708E-1,-8.290375725550E-1));
#3382=VECTOR('',#3381,1.27E-1);
#3383=CARTESIAN_POINT('',(1.17856E1,-9.8298E0,-1.437378722917E1));
#3384=LINE('',#3383,#3382);
#3385=DIRECTION('',(0.E0,9.975640502598E-1,6.975647374412E-2));
#3386=VECTOR('',#3385,3.8608E-1);
#3387=CARTESIAN_POINT('',(1.17856E1,-9.758782501259E0,-1.447907500089E1));
#3388=LINE('',#3387,#3386);
#3389=DIRECTION('',(0.E0,8.290375725550E-1,5.591929034707E-1));
#3390=VECTOR('',#3389,1.099994867287E0);
#3391=CARTESIAN_POINT('',(1.17856E1,-9.373642972735E0,-1.445214342150E1));
#3392=LINE('',#3391,#3390);
#3393=CARTESIAN_POINT('',(1.17856E1,-8.3566E0,-1.399286E1));
#3394=DIRECTION('',(-1.E0,0.E0,0.E0));
#3395=DIRECTION('',(0.E0,-5.591929034708E-1,8.290375725550E-1));
#3396=AXIS2_PLACEMENT_3D('',#3393,#3394,#3395);
#3398=DIRECTION('',(0.E0,5.591929034707E-1,-8.290375725550E-1));
#3399=VECTOR('',#3398,3.367204010553E-1);
#3400=CARTESIAN_POINT('',(1.17856E1,-8.200774097863E0,-1.388775410186E1));
#3401=LINE('',#3400,#3399);
#3402=CARTESIAN_POINT('',(1.17856E1,-7.5946E0,-1.388504270155E1));
#3403=DIRECTION('',(1.E0,0.E0,0.E0));
#3404=DIRECTION('',(0.E0,-8.290375725550E-1,-5.591929034707E-1));
#3405=AXIS2_PLACEMENT_3D('',#3402,#3403,#3404);
#3407=DIRECTION('',(0.E0,1.E0,0.E0));
#3408=VECTOR('',#3407,1.86944E0);
#3409=CARTESIAN_POINT('',(1.17856E1,-7.5946E0,-1.43891E1));
#3410=LINE('',#3409,#3408);
#3411=DIRECTION('',(0.E0,-1.E0,0.E0));
#3412=VECTOR('',#3411,1.86944E0);
#3413=CARTESIAN_POINT('',(1.17856E1,-5.72516E0,-1.641602E1));
#3414=LINE('',#3413,#3412);
#3415=CARTESIAN_POINT('',(1.17856E1,-7.5946E0,-1.692007729845E1));
#3416=DIRECTION('',(1.E0,0.E0,0.E0));
#3417=DIRECTION('',(0.E0,0.E0,1.E0));
#3418=AXIS2_PLACEMENT_3D('',#3415,#3416,#3417);
#3420=DIRECTION('',(0.E0,-5.591929034707E-1,-8.290375725550E-1));
#3421=VECTOR('',#3420,3.367204010553E-1);
#3422=CARTESIAN_POINT('',(1.17856E1,-8.012482439139E0,-1.663821203422E1));
#3423=LINE('',#3422,#3421);
#3424=CARTESIAN_POINT('',(1.17856E1,-8.3566E0,-1.681226E1));
#3425=DIRECTION('',(-1.E0,0.E0,0.E0));
#3426=DIRECTION('',(0.E0,8.290375725550E-1,-5.591929034707E-1));
#3427=AXIS2_PLACEMENT_3D('',#3424,#3425,#3426);
#3429=DIRECTION('',(0.E0,-8.290375725550E-1,5.591929034707E-1));
#3430=VECTOR('',#3429,1.099994867287E0);
#3431=CARTESIAN_POINT('',(1.17856E1,-8.461705898136E0,-1.696808590214E1));
#3432=LINE('',#3431,#3430);
#3433=DIRECTION('',(0.E0,-9.975640502598E-1,6.975647374412E-2));
#3434=VECTOR('',#3433,3.8608E-1);
#3435=CARTESIAN_POINT('',(1.17856E1,-9.373642972735E0,-1.635297657850E1));
#3436=LINE('',#3435,#3434);
#3437=DIRECTION('',(0.E0,-5.591929034708E-1,-8.290375725550E-1));
#3438=VECTOR('',#3437,1.27E-1);
#3439=CARTESIAN_POINT('',(1.17856E1,-9.758782501259E0,-1.632604499911E1));
#3440=LINE('',#3439,#3438);
#3441=DIRECTION('',(0.E0,8.290375725550E-1,-5.591929034707E-1));
#3442=VECTOR('',#3441,1.434349955180E0);
#3443=CARTESIAN_POINT('',(1.17856E1,-9.8298E0,-1.643133277083E1));
#3444=LINE('',#3443,#3442);
#3445=CARTESIAN_POINT('',(1.17856E1,-8.3566E0,-1.681226E1));
#3446=DIRECTION('',(1.E0,0.E0,0.E0));
#3447=DIRECTION('',(0.E0,-5.591929034707E-1,-8.290375725550E-1));
#3448=AXIS2_PLACEMENT_3D('',#3445,#3446,#3447);
#3450=DIRECTION('',(0.E0,5.591929034707E-1,8.290375725550E-1));
#3451=VECTOR('',#3450,3.367204010553E-1);
#3452=CARTESIAN_POINT('',(1.17856E1,-7.935448913142E0,-1.709632999496E1));
#3453=LINE('',#3452,#3451);
#3454=CARTESIAN_POINT('',(1.17856E1,-7.5946E0,-1.692007729845E1));
#3455=DIRECTION('',(-1.E0,0.E0,0.E0));
#3456=DIRECTION('',(0.E0,-8.290375725550E-1,5.591929034707E-1));
#3457=AXIS2_PLACEMENT_3D('',#3454,#3455,#3456);
#3459=DIRECTION('',(0.E0,1.E0,0.E0));
#3460=VECTOR('',#3459,1.86944E0);
#3461=CARTESIAN_POINT('',(1.17856E1,-7.5946E0,-1.673606E1));
#3462=LINE('',#3461,#3460);
#3463=DIRECTION('',(0.E0,1.E0,0.E0));
#3464=VECTOR('',#3463,1.86944E0);
#3465=CARTESIAN_POINT('',(1.3208E1,-7.5946E0,-1.43891E1));
#3466=LINE('',#3465,#3464);
#3467=CARTESIAN_POINT('',(1.3208E1,-7.5946E0,-1.388504270155E1));
#3468=DIRECTION('',(1.E0,0.E0,0.E0));
#3469=DIRECTION('',(0.E0,-8.290375725550E-1,-5.591929034707E-1));
#3470=AXIS2_PLACEMENT_3D('',#3467,#3468,#3469);
#3472=DIRECTION('',(0.E0,5.591929034707E-1,-8.290375725550E-1));
#3473=VECTOR('',#3472,3.367204010553E-1);
#3474=CARTESIAN_POINT('',(1.3208E1,-8.200774097863E0,-1.388775410186E1));
#3475=LINE('',#3474,#3473);
#3476=CARTESIAN_POINT('',(1.3208E1,-8.3566E0,-1.399286E1));
#3477=DIRECTION('',(-1.E0,0.E0,0.E0));
#3478=DIRECTION('',(0.E0,-5.591929034708E-1,8.290375725550E-1));
#3479=AXIS2_PLACEMENT_3D('',#3476,#3477,#3478);
#3481=DIRECTION('',(0.E0,8.290375725550E-1,5.591929034707E-1));
#3482=VECTOR('',#3481,1.099994867287E0);
#3483=CARTESIAN_POINT('',(1.3208E1,-9.373642972735E0,-1.445214342150E1));
#3484=LINE('',#3483,#3482);
#3485=DIRECTION('',(0.E0,9.975640502598E-1,6.975647374412E-2));
#3486=VECTOR('',#3485,3.8608E-1);
#3487=CARTESIAN_POINT('',(1.3208E1,-9.758782501259E0,-1.447907500089E1));
#3488=LINE('',#3487,#3486);
#3489=DIRECTION('',(0.E0,5.591929034708E-1,-8.290375725550E-1));
#3490=VECTOR('',#3489,1.27E-1);
#3491=CARTESIAN_POINT('',(1.3208E1,-9.8298E0,-1.437378722917E1));
#3492=LINE('',#3491,#3490);
#3493=DIRECTION('',(0.E0,-8.290375725550E-1,-5.591929034707E-1));
#3494=VECTOR('',#3493,1.434349955180E0);
#3495=CARTESIAN_POINT('',(1.3208E1,-8.640669994963E0,-1.357170891314E1));
#3496=LINE('',#3495,#3494);
#3497=CARTESIAN_POINT('',(1.3208E1,-8.3566E0,-1.399286E1));
#3498=DIRECTION('',(1.E0,0.E0,0.E0));
#3499=DIRECTION('',(0.E0,8.290375725550E-1,5.591929034708E-1));
#3500=AXIS2_PLACEMENT_3D('',#3497,#3498,#3499);
#3502=DIRECTION('',(0.E0,-5.591929034707E-1,8.290375725550E-1));
#3503=VECTOR('',#3502,3.367204010553E-1);
#3504=CARTESIAN_POINT('',(1.3208E1,-7.747157254418E0,-1.398794386896E1));
#3505=LINE('',#3504,#3503);
#3506=CARTESIAN_POINT('',(1.3208E1,-7.5946E0,-1.388504270155E1));
#3507=DIRECTION('',(-1.E0,0.E0,0.E0));
#3508=DIRECTION('',(0.E0,0.E0,-1.E0));
#3509=AXIS2_PLACEMENT_3D('',#3506,#3507,#3508);
#3511=DIRECTION('',(0.E0,-1.E0,0.E0));
#3512=VECTOR('',#3511,1.86944E0);
#3513=CARTESIAN_POINT('',(1.3208E1,-5.72516E0,-1.406906E1));
#3514=LINE('',#3513,#3512);
#3515=DIRECTION('',(0.E0,1.E0,0.E0));
#3516=VECTOR('',#3515,1.86944E0);
#3517=CARTESIAN_POINT('',(1.3208E1,-7.5946E0,-1.673606E1));
#3518=LINE('',#3517,#3516);
#3519=CARTESIAN_POINT('',(1.3208E1,-7.5946E0,-1.692007729845E1));
#3520=DIRECTION('',(-1.E0,0.E0,0.E0));
#3521=DIRECTION('',(0.E0,-8.290375725550E-1,5.591929034707E-1));
#3522=AXIS2_PLACEMENT_3D('',#3519,#3520,#3521);
#3524=DIRECTION('',(0.E0,5.591929034707E-1,8.290375725550E-1));
#3525=VECTOR('',#3524,3.367204010553E-1);
#3526=CARTESIAN_POINT('',(1.3208E1,-7.935448913142E0,-1.709632999496E1));
#3527=LINE('',#3526,#3525);
#3528=CARTESIAN_POINT('',(1.3208E1,-8.3566E0,-1.681226E1));
#3529=DIRECTION('',(1.E0,0.E0,0.E0));
#3530=DIRECTION('',(0.E0,-5.591929034707E-1,-8.290375725550E-1));
#3531=AXIS2_PLACEMENT_3D('',#3528,#3529,#3530);
#3533=DIRECTION('',(0.E0,8.290375725550E-1,-5.591929034707E-1));
#3534=VECTOR('',#3533,1.434349955180E0);
#3535=CARTESIAN_POINT('',(1.3208E1,-9.8298E0,-1.643133277083E1));
#3536=LINE('',#3535,#3534);
#3537=DIRECTION('',(0.E0,-5.591929034708E-1,-8.290375725550E-1));
#3538=VECTOR('',#3537,1.27E-1);
#3539=CARTESIAN_POINT('',(1.3208E1,-9.758782501259E0,-1.632604499911E1));
#3540=LINE('',#3539,#3538);
#3541=DIRECTION('',(0.E0,-9.975640502598E-1,6.975647374412E-2));
#3542=VECTOR('',#3541,3.8608E-1);
#3543=CARTESIAN_POINT('',(1.3208E1,-9.373642972735E0,-1.635297657850E1));
#3544=LINE('',#3543,#3542);
#3545=DIRECTION('',(0.E0,-8.290375725550E-1,5.591929034707E-1));
#3546=VECTOR('',#3545,1.099994867287E0);
#3547=CARTESIAN_POINT('',(1.3208E1,-8.461705898136E0,-1.696808590214E1));
#3548=LINE('',#3547,#3546);
#3549=CARTESIAN_POINT('',(1.3208E1,-8.3566E0,-1.681226E1));
#3550=DIRECTION('',(-1.E0,0.E0,0.E0));
#3551=DIRECTION('',(0.E0,8.290375725550E-1,-5.591929034707E-1));
#3552=AXIS2_PLACEMENT_3D('',#3549,#3550,#3551);
#3554=DIRECTION('',(0.E0,-5.591929034707E-1,-8.290375725550E-1));
#3555=VECTOR('',#3554,3.367204010553E-1);
#3556=CARTESIAN_POINT('',(1.3208E1,-8.012482439139E0,-1.663821203422E1));
#3557=LINE('',#3556,#3555);
#3558=CARTESIAN_POINT('',(1.3208E1,-7.5946E0,-1.692007729845E1));
#3559=DIRECTION('',(1.E0,0.E0,0.E0));
#3560=DIRECTION('',(0.E0,0.E0,1.E0));
#3561=AXIS2_PLACEMENT_3D('',#3558,#3559,#3560);
#3563=DIRECTION('',(0.E0,-1.E0,0.E0));
#3564=VECTOR('',#3563,1.86944E0);
#3565=CARTESIAN_POINT('',(1.3208E1,-5.72516E0,-1.641602E1));
#3566=LINE('',#3565,#3564);
#3567=DIRECTION('',(1.E0,0.E0,0.E0));
#3568=VECTOR('',#3567,1.4224E0);
#3569=CARTESIAN_POINT('',(1.17856E1,-7.5946E0,-1.43891E1));
#3570=LINE('',#3569,#3568);
#3571=DIRECTION('',(1.E0,0.E0,0.E0));
#3572=VECTOR('',#3571,1.4224E0);
#3573=CARTESIAN_POINT('',(1.17856E1,-8.012482439139E0,-1.416690796578E1));
#3574=LINE('',#3573,#3572);
#3575=DIRECTION('',(1.E0,0.E0,0.E0));
#3576=VECTOR('',#3575,1.4224E0);
#3577=CARTESIAN_POINT('',(1.17856E1,-8.200774097863E0,-1.388775410186E1));
#3578=LINE('',#3577,#3576);
#3579=DIRECTION('',(1.E0,0.E0,0.E0));
#3580=VECTOR('',#3579,1.4224E0);
#3581=CARTESIAN_POINT('',(1.17856E1,-8.461705898136E0,-1.383703409786E1));
#3582=LINE('',#3581,#3580);
#3583=DIRECTION('',(1.E0,0.E0,0.E0));
#3584=VECTOR('',#3583,1.4224E0);
#3585=CARTESIAN_POINT('',(1.17856E1,-9.373642972735E0,-1.445214342150E1));
#3586=LINE('',#3585,#3584);
#3587=DIRECTION('',(1.E0,0.E0,0.E0));
#3588=VECTOR('',#3587,1.4224E0);
#3589=CARTESIAN_POINT('',(1.17856E1,-9.758782501259E0,-1.447907500089E1));
#3590=LINE('',#3589,#3588);
#3591=DIRECTION('',(1.E0,0.E0,0.E0));
#3592=VECTOR('',#3591,1.4224E0);
#3593=CARTESIAN_POINT('',(1.17856E1,-9.8298E0,-1.437378722917E1));
#3594=LINE('',#3593,#3592);
#3595=DIRECTION('',(1.E0,0.E0,0.E0));
#3596=VECTOR('',#3595,1.4224E0);
#3597=CARTESIAN_POINT('',(1.17856E1,-8.640669994963E0,-1.357170891314E1));
#3598=LINE('',#3597,#3596);
#3599=DIRECTION('',(1.E0,0.E0,0.E0));
#3600=VECTOR('',#3599,1.4224E0);
#3601=CARTESIAN_POINT('',(1.17856E1,-7.935448913142E0,-1.370879000504E1));
#3602=LINE('',#3601,#3600);
#3603=DIRECTION('',(1.E0,0.E0,0.E0));
#3604=VECTOR('',#3603,1.4224E0);
#3605=CARTESIAN_POINT('',(1.17856E1,-7.747157254418E0,-1.398794386896E1));
#3606=LINE('',#3605,#3604);
#3607=DIRECTION('',(1.E0,0.E0,0.E0));
#3608=VECTOR('',#3607,1.4224E0);
#3609=CARTESIAN_POINT('',(1.17856E1,-7.5946E0,-1.406906E1));
#3610=LINE('',#3609,#3608);
#3611=DIRECTION('',(1.E0,0.E0,0.E0));
#3612=VECTOR('',#3611,1.4224E0);
#3613=CARTESIAN_POINT('',(1.17856E1,-7.5946E0,-1.673606E1));
#3614=LINE('',#3613,#3612);
#3615=DIRECTION('',(1.E0,0.E0,0.E0));
#3616=VECTOR('',#3615,1.4224E0);
#3617=CARTESIAN_POINT('',(1.17856E1,-7.747157254418E0,-1.681717613104E1));
#3618=LINE('',#3617,#3616);
#3619=DIRECTION('',(1.E0,0.E0,0.E0));
#3620=VECTOR('',#3619,1.4224E0);
#3621=CARTESIAN_POINT('',(1.17856E1,-7.935448913142E0,-1.709632999496E1));
#3622=LINE('',#3621,#3620);
#3623=DIRECTION('',(1.E0,0.E0,0.E0));
#3624=VECTOR('',#3623,1.4224E0);
#3625=CARTESIAN_POINT('',(1.17856E1,-8.640669994963E0,-1.723341108686E1));
#3626=LINE('',#3625,#3624);
#3627=DIRECTION('',(1.E0,0.E0,0.E0));
#3628=VECTOR('',#3627,1.4224E0);
#3629=CARTESIAN_POINT('',(1.17856E1,-9.8298E0,-1.643133277083E1));
#3630=LINE('',#3629,#3628);
#3631=DIRECTION('',(1.E0,0.E0,0.E0));
#3632=VECTOR('',#3631,1.4224E0);
#3633=CARTESIAN_POINT('',(1.17856E1,-9.758782501259E0,-1.632604499911E1));
#3634=LINE('',#3633,#3632);
#3635=DIRECTION('',(1.E0,0.E0,0.E0));
#3636=VECTOR('',#3635,1.4224E0);
#3637=CARTESIAN_POINT('',(1.17856E1,-9.373642972735E0,-1.635297657850E1));
#3638=LINE('',#3637,#3636);
#3639=DIRECTION('',(1.E0,0.E0,0.E0));
#3640=VECTOR('',#3639,1.4224E0);
#3641=CARTESIAN_POINT('',(1.17856E1,-8.461705898136E0,-1.696808590214E1));
#3642=LINE('',#3641,#3640);
#3643=DIRECTION('',(1.E0,0.E0,0.E0));
#3644=VECTOR('',#3643,1.4224E0);
#3645=CARTESIAN_POINT('',(1.17856E1,-8.200774097863E0,-1.691736589814E1));
#3646=LINE('',#3645,#3644);
#3647=DIRECTION('',(1.E0,0.E0,0.E0));
#3648=VECTOR('',#3647,1.4224E0);
#3649=CARTESIAN_POINT('',(1.17856E1,-8.012482439139E0,-1.663821203422E1));
#3650=LINE('',#3649,#3648);
#3651=DIRECTION('',(1.E0,0.E0,0.E0));
#3652=VECTOR('',#3651,1.4224E0);
#3653=CARTESIAN_POINT('',(1.17856E1,-7.5946E0,-1.641602E1));
#3654=LINE('',#3653,#3652);
#3655=DIRECTION('',(0.E0,0.E0,-1.E0));
#3656=VECTOR('',#3655,5.110655198458E0);
#3657=CARTESIAN_POINT('',(-1.43383E1,-5.06476E0,-6.30936E0));
#3658=LINE('',#3657,#3656);
#3659=DIRECTION('',(0.E0,-7.071067811865E-1,-7.071067811865E-1));
#3660=VECTOR('',#3659,3.448418350491E-1);
#3661=CARTESIAN_POINT('',(-1.43383E1,-5.06476E0,-1.142001519846E1));
#3662=LINE('',#3661,#3660);
#3663=DIRECTION('',(0.E0,1.E0,0.E0));
#3664=VECTOR('',#3663,2.4384E-1);
#3665=CARTESIAN_POINT('',(1.43383E1,-5.3086E0,-6.30936E0));
#3666=LINE('',#3665,#3664);
#3667=DIRECTION('',(1.E0,0.E0,0.E0));
#3668=VECTOR('',#3667,1.27E-1);
#3669=CARTESIAN_POINT('',(1.42113E1,-5.06476E0,-6.30936E0));
#3670=LINE('',#3669,#3668);
#3671=DIRECTION('',(0.E0,-1.E0,0.E0));
#3672=VECTOR('',#3671,6.096E-2);
#3673=CARTESIAN_POINT('',(1.42113E1,-5.0038E0,-6.30936E0));
#3674=LINE('',#3673,#3672);
#3675=DIRECTION('',(-1.E0,0.E0,0.E0));
#3676=VECTOR('',#3675,3.809999999989E-2);
#3677=CARTESIAN_POINT('',(1.42494E1,-5.0038E0,-6.30936E0));
#3678=LINE('',#3677,#3676);
#3679=CARTESIAN_POINT('',(1.42494E1,-3.7338E0,-6.30936E0));
#3680=DIRECTION('',(0.E0,0.E0,-1.E0));
#3681=DIRECTION('',(1.E0,0.E0,0.E0));
#3682=AXIS2_PLACEMENT_3D('',#3679,#3680,#3681);
#3684=DIRECTION('',(0.E0,1.E0,0.E0));
#3685=VECTOR('',#3684,2.4384E-1);
#3686=CARTESIAN_POINT('',(-1.43383E1,-5.3086E0,-6.30936E0));
#3687=LINE('',#3686,#3685);
#3688=CARTESIAN_POINT('',(-1.42494E1,-3.7338E0,-6.30936E0));
#3689=DIRECTION('',(0.E0,0.E0,-1.E0));
#3690=DIRECTION('',(0.E0,-1.E0,0.E0));
#3691=AXIS2_PLACEMENT_3D('',#3688,#3689,#3690);
#3693=DIRECTION('',(-1.E0,0.E0,0.E0));
#3694=VECTOR('',#3693,3.809999999989E-2);
#3695=CARTESIAN_POINT('',(-1.42113E1,-5.0038E0,-6.30936E0));
#3696=LINE('',#3695,#3694);
#3697=DIRECTION('',(0.E0,1.E0,0.E0));
#3698=VECTOR('',#3697,6.096E-2);
#3699=CARTESIAN_POINT('',(-1.42113E1,-5.06476E0,-6.30936E0));
#3700=LINE('',#3699,#3698);
#3701=DIRECTION('',(-1.E0,0.E0,0.E0));
#3702=VECTOR('',#3701,1.27E-1);
#3703=CARTESIAN_POINT('',(-1.42113E1,-5.06476E0,-6.30936E0));
#3704=LINE('',#3703,#3702);
#3705=DIRECTION('',(0.E0,0.E0,-1.E0));
#3706=VECTOR('',#3705,1.22936E1);
#3707=CARTESIAN_POINT('',(-7.8994E0,-6.2738E0,-6.30936E0));
#3708=LINE('',#3707,#3706);
#3709=DIRECTION('',(0.E0,0.E0,1.E0));
#3710=VECTOR('',#3709,6.35E0);
#3711=CARTESIAN_POINT('',(-9.4234E0,-6.2738E0,-1.860296E1));
#3712=LINE('',#3711,#3710);
#3713=DIRECTION('',(1.E0,0.E0,0.E0));
#3714=VECTOR('',#3713,1.2319E0);
#3715=CARTESIAN_POINT('',(-1.06553E1,-6.2738E0,-1.225296E1));
#3716=LINE('',#3715,#3714);
#3717=DIRECTION('',(0.E0,0.E0,-1.E0));
#3718=VECTOR('',#3717,6.36016E0);
#3719=CARTESIAN_POINT('',(-1.06553E1,-6.2738E0,-5.8928E0));
#3720=LINE('',#3719,#3718);
#3721=DIRECTION('',(1.E0,0.E0,0.E0));
#3722=VECTOR('',#3721,2.13106E1);
#3723=CARTESIAN_POINT('',(-1.06553E1,-6.2738E0,-5.8928E0));
#3724=LINE('',#3723,#3722);
#3725=DIRECTION('',(0.E0,0.E0,-1.E0));
#3726=VECTOR('',#3725,6.36016E0);
#3727=CARTESIAN_POINT('',(1.06553E1,-6.2738E0,-5.8928E0));
#3728=LINE('',#3727,#3726);
#3729=DIRECTION('',(-1.E0,0.E0,0.E0));
#3730=VECTOR('',#3729,1.2319E0);
#3731=CARTESIAN_POINT('',(1.06553E1,-6.2738E0,-1.225296E1));
#3732=LINE('',#3731,#3730);
#3733=DIRECTION('',(0.E0,0.E0,1.E0));
#3734=VECTOR('',#3733,6.35E0);
#3735=CARTESIAN_POINT('',(9.4234E0,-6.2738E0,-1.860296E1));
#3736=LINE('',#3735,#3734);
#3737=DIRECTION('',(0.E0,0.E0,-1.E0));
#3738=VECTOR('',#3737,1.22936E1);
#3739=CARTESIAN_POINT('',(7.8994E0,-6.2738E0,-6.30936E0));
#3740=LINE('',#3739,#3738);
#3741=DIRECTION('',(1.E0,0.E0,0.E0));
#3742=VECTOR('',#3741,1.57988E1);
#3743=CARTESIAN_POINT('',(-7.8994E0,-6.2738E0,-6.30936E0));
#3744=LINE('',#3743,#3742);
#3745=DIRECTION('',(0.E0,0.E0,-1.E0));
#3746=VECTOR('',#3745,1.12776E1);
#3747=CARTESIAN_POINT('',(-7.8994E0,-5.207E0,-6.30936E0));
#3748=LINE('',#3747,#3746);
#3749=DIRECTION('',(0.E0,-1.E0,0.E0));
#3750=VECTOR('',#3749,2.921E0);
#3751=CARTESIAN_POINT('',(-7.8994E0,-3.3528E0,-1.860296E1));
#3752=LINE('',#3751,#3750);
#3753=DIRECTION('',(-1.E0,0.E0,0.E0));
#3754=VECTOR('',#3753,1.57988E1);
#3755=CARTESIAN_POINT('',(7.8994E0,-5.207E0,-1.758696E1));
#3756=LINE('',#3755,#3754);
#3757=DIRECTION('',(0.E0,0.E0,-1.E0));
#3758=VECTOR('',#3757,1.12776E1);
#3759=CARTESIAN_POINT('',(7.8994E0,-5.207E0,-6.30936E0));
#3760=LINE('',#3759,#3758);
#3761=CARTESIAN_POINT('',(-5.4864E0,-5.207E0,-1.682496E1));
#3762=DIRECTION('',(0.E0,-1.E0,0.E0));
#3763=DIRECTION('',(0.E0,0.E0,-1.E0));
#3764=AXIS2_PLACEMENT_3D('',#3761,#3762,#3763);
#3766=CARTESIAN_POINT('',(-5.4864E0,-5.207E0,-1.682496E1));
#3767=DIRECTION('',(0.E0,-1.E0,0.E0));
#3768=DIRECTION('',(0.E0,0.E0,1.E0));
#3769=AXIS2_PLACEMENT_3D('',#3766,#3767,#3768);
#3771=CARTESIAN_POINT('',(-2.7432E0,-5.207E0,-1.682496E1));
#3772=DIRECTION('',(0.E0,-1.E0,0.E0));
#3773=DIRECTION('',(0.E0,0.E0,-1.E0));
#3774=AXIS2_PLACEMENT_3D('',#3771,#3772,#3773);
#3776=CARTESIAN_POINT('',(-2.7432E0,-5.207E0,-1.682496E1));
#3777=DIRECTION('',(0.E0,-1.E0,0.E0));
#3778=DIRECTION('',(0.E0,0.E0,1.E0));
#3779=AXIS2_PLACEMENT_3D('',#3776,#3777,#3778);
#3781=CARTESIAN_POINT('',(0.E0,-5.207E0,-1.682496E1));
#3782=DIRECTION('',(0.E0,-1.E0,0.E0));
#3783=DIRECTION('',(0.E0,0.E0,-1.E0));
#3784=AXIS2_PLACEMENT_3D('',#3781,#3782,#3783);
#3786=CARTESIAN_POINT('',(0.E0,-5.207E0,-1.682496E1));
#3787=DIRECTION('',(0.E0,-1.E0,0.E0));
#3788=DIRECTION('',(0.E0,0.E0,1.E0));
#3789=AXIS2_PLACEMENT_3D('',#3786,#3787,#3788);
#3791=CARTESIAN_POINT('',(2.7432E0,-5.207E0,-1.682496E1));
#3792=DIRECTION('',(0.E0,-1.E0,0.E0));
#3793=DIRECTION('',(0.E0,0.E0,-1.E0));
#3794=AXIS2_PLACEMENT_3D('',#3791,#3792,#3793);
#3796=CARTESIAN_POINT('',(2.7432E0,-5.207E0,-1.682496E1));
#3797=DIRECTION('',(0.E0,-1.E0,0.E0));
#3798=DIRECTION('',(0.E0,0.E0,1.E0));
#3799=AXIS2_PLACEMENT_3D('',#3796,#3797,#3798);
#3801=CARTESIAN_POINT('',(5.4864E0,-5.207E0,-1.682496E1));
#3802=DIRECTION('',(0.E0,-1.E0,0.E0));
#3803=DIRECTION('',(0.E0,0.E0,-1.E0));
#3804=AXIS2_PLACEMENT_3D('',#3801,#3802,#3803);
#3806=CARTESIAN_POINT('',(5.4864E0,-5.207E0,-1.682496E1));
#3807=DIRECTION('',(0.E0,-1.E0,0.E0));
#3808=DIRECTION('',(0.E0,0.E0,1.E0));
#3809=AXIS2_PLACEMENT_3D('',#3806,#3807,#3808);
#3811=CARTESIAN_POINT('',(-4.1148E0,-5.207E0,-1.398016E1));
#3812=DIRECTION('',(0.E0,-1.E0,0.E0));
#3813=DIRECTION('',(0.E0,0.E0,-1.E0));
#3814=AXIS2_PLACEMENT_3D('',#3811,#3812,#3813);
#3816=CARTESIAN_POINT('',(-4.1148E0,-5.207E0,-1.398016E1));
#3817=DIRECTION('',(0.E0,-1.E0,0.E0));
#3818=DIRECTION('',(0.E0,0.E0,1.E0));
#3819=AXIS2_PLACEMENT_3D('',#3816,#3817,#3818);
#3821=CARTESIAN_POINT('',(-1.3716E0,-5.207E0,-1.398016E1));
#3822=DIRECTION('',(0.E0,-1.E0,0.E0));
#3823=DIRECTION('',(0.E0,0.E0,-1.E0));
#3824=AXIS2_PLACEMENT_3D('',#3821,#3822,#3823);
#3826=CARTESIAN_POINT('',(-1.3716E0,-5.207E0,-1.398016E1));
#3827=DIRECTION('',(0.E0,-1.E0,0.E0));
#3828=DIRECTION('',(0.E0,0.E0,1.E0));
#3829=AXIS2_PLACEMENT_3D('',#3826,#3827,#3828);
#3831=CARTESIAN_POINT('',(1.3716E0,-5.207E0,-1.398016E1));
#3832=DIRECTION('',(0.E0,-1.E0,0.E0));
#3833=DIRECTION('',(0.E0,0.E0,-1.E0));
#3834=AXIS2_PLACEMENT_3D('',#3831,#3832,#3833);
#3836=CARTESIAN_POINT('',(1.3716E0,-5.207E0,-1.398016E1));
#3837=DIRECTION('',(0.E0,-1.E0,0.E0));
#3838=DIRECTION('',(0.E0,0.E0,1.E0));
#3839=AXIS2_PLACEMENT_3D('',#3836,#3837,#3838);
#3841=CARTESIAN_POINT('',(4.1148E0,-5.207E0,-1.398016E1));
#3842=DIRECTION('',(0.E0,-1.E0,0.E0));
#3843=DIRECTION('',(0.E0,0.E0,-1.E0));
#3844=AXIS2_PLACEMENT_3D('',#3841,#3842,#3843);
#3846=CARTESIAN_POINT('',(4.1148E0,-5.207E0,-1.398016E1));
#3847=DIRECTION('',(0.E0,-1.E0,0.E0));
#3848=DIRECTION('',(0.E0,0.E0,1.E0));
#3849=AXIS2_PLACEMENT_3D('',#3846,#3847,#3848);
#3851=DIRECTION('',(0.E0,1.E0,0.E0));
#3852=VECTOR('',#3851,1.0668E0);
#3853=CARTESIAN_POINT('',(7.8994E0,-6.2738E0,-6.30936E0));
#3854=LINE('',#3853,#3852);
#3855=DIRECTION('',(-1.E0,0.E0,0.E0));
#3856=VECTOR('',#3855,1.57988E1);
#3857=CARTESIAN_POINT('',(7.8994E0,-5.207E0,-6.30936E0));
#3858=LINE('',#3857,#3856);
#3859=DIRECTION('',(0.E0,-1.E0,0.E0));
#3860=VECTOR('',#3859,1.0668E0);
#3861=CARTESIAN_POINT('',(-7.8994E0,-5.207E0,-6.30936E0));
#3862=LINE('',#3861,#3860);
#3863=DIRECTION('',(0.E0,-1.E0,0.E0));
#3864=VECTOR('',#3863,4.2418E0);
#3865=CARTESIAN_POINT('',(-5.4864E0,-5.207E0,-1.714246E1));
#3866=LINE('',#3865,#3864);
#3867=DIRECTION('',(0.E0,-1.E0,0.E0));
#3868=VECTOR('',#3867,4.2418E0);
#3869=CARTESIAN_POINT('',(-5.4864E0,-5.207E0,-1.650746E1));
#3870=LINE('',#3869,#3868);
#3871=CARTESIAN_POINT('',(-5.4864E0,-9.4488E0,-1.682496E1));
#3872=DIRECTION('',(0.E0,-1.E0,0.E0));
#3873=DIRECTION('',(0.E0,0.E0,-1.E0));
#3874=AXIS2_PLACEMENT_3D('',#3871,#3872,#3873);
#3876=CARTESIAN_POINT('',(-5.4864E0,-9.4488E0,-1.682496E1));
#3877=DIRECTION('',(0.E0,-1.E0,0.E0));
#3878=DIRECTION('',(0.E0,0.E0,1.E0));
#3879=AXIS2_PLACEMENT_3D('',#3876,#3877,#3878);
#3881=DIRECTION('',(0.E0,-1.E0,0.E0));
#3882=VECTOR('',#3881,4.2418E0);
#3883=CARTESIAN_POINT('',(-2.7432E0,-5.207E0,-1.714246E1));
#3884=LINE('',#3883,#3882);
#3885=DIRECTION('',(0.E0,-1.E0,0.E0));
#3886=VECTOR('',#3885,4.2418E0);
#3887=CARTESIAN_POINT('',(-2.7432E0,-5.207E0,-1.650746E1));
#3888=LINE('',#3887,#3886);
#3889=CARTESIAN_POINT('',(-2.7432E0,-9.4488E0,-1.682496E1));
#3890=DIRECTION('',(0.E0,-1.E0,0.E0));
#3891=DIRECTION('',(0.E0,0.E0,-1.E0));
#3892=AXIS2_PLACEMENT_3D('',#3889,#3890,#3891);
#3894=CARTESIAN_POINT('',(-2.7432E0,-9.4488E0,-1.682496E1));
#3895=DIRECTION('',(0.E0,-1.E0,0.E0));
#3896=DIRECTION('',(0.E0,0.E0,1.E0));
#3897=AXIS2_PLACEMENT_3D('',#3894,#3895,#3896);
#3899=DIRECTION('',(0.E0,-1.E0,0.E0));
#3900=VECTOR('',#3899,4.2418E0);
#3901=CARTESIAN_POINT('',(0.E0,-5.207E0,-1.714246E1));
#3902=LINE('',#3901,#3900);
#3903=DIRECTION('',(0.E0,-1.E0,0.E0));
#3904=VECTOR('',#3903,4.2418E0);
#3905=CARTESIAN_POINT('',(0.E0,-5.207E0,-1.650746E1));
#3906=LINE('',#3905,#3904);
#3907=CARTESIAN_POINT('',(0.E0,-9.4488E0,-1.682496E1));
#3908=DIRECTION('',(0.E0,-1.E0,0.E0));
#3909=DIRECTION('',(0.E0,0.E0,-1.E0));
#3910=AXIS2_PLACEMENT_3D('',#3907,#3908,#3909);
#3912=CARTESIAN_POINT('',(0.E0,-9.4488E0,-1.682496E1));
#3913=DIRECTION('',(0.E0,-1.E0,0.E0));
#3914=DIRECTION('',(0.E0,0.E0,1.E0));
#3915=AXIS2_PLACEMENT_3D('',#3912,#3913,#3914);
#3917=DIRECTION('',(0.E0,-1.E0,0.E0));
#3918=VECTOR('',#3917,4.2418E0);
#3919=CARTESIAN_POINT('',(2.7432E0,-5.207E0,-1.714246E1));
#3920=LINE('',#3919,#3918);
#3921=DIRECTION('',(0.E0,-1.E0,0.E0));
#3922=VECTOR('',#3921,4.2418E0);
#3923=CARTESIAN_POINT('',(2.7432E0,-5.207E0,-1.650746E1));
#3924=LINE('',#3923,#3922);
#3925=CARTESIAN_POINT('',(2.7432E0,-9.4488E0,-1.682496E1));
#3926=DIRECTION('',(0.E0,-1.E0,0.E0));
#3927=DIRECTION('',(0.E0,0.E0,-1.E0));
#3928=AXIS2_PLACEMENT_3D('',#3925,#3926,#3927);
#3930=CARTESIAN_POINT('',(2.7432E0,-9.4488E0,-1.682496E1));
#3931=DIRECTION('',(0.E0,-1.E0,0.E0));
#3932=DIRECTION('',(0.E0,0.E0,1.E0));
#3933=AXIS2_PLACEMENT_3D('',#3930,#3931,#3932);
#3935=DIRECTION('',(0.E0,-1.E0,0.E0));
#3936=VECTOR('',#3935,4.2418E0);
#3937=CARTESIAN_POINT('',(5.4864E0,-5.207E0,-1.714246E1));
#3938=LINE('',#3937,#3936);
#3939=DIRECTION('',(0.E0,-1.E0,0.E0));
#3940=VECTOR('',#3939,4.2418E0);
#3941=CARTESIAN_POINT('',(5.4864E0,-5.207E0,-1.650746E1));
#3942=LINE('',#3941,#3940);
#3943=CARTESIAN_POINT('',(5.4864E0,-9.4488E0,-1.682496E1));
#3944=DIRECTION('',(0.E0,-1.E0,0.E0));
#3945=DIRECTION('',(0.E0,0.E0,-1.E0));
#3946=AXIS2_PLACEMENT_3D('',#3943,#3944,#3945);
#3948=CARTESIAN_POINT('',(5.4864E0,-9.4488E0,-1.682496E1));
#3949=DIRECTION('',(0.E0,-1.E0,0.E0));
#3950=DIRECTION('',(0.E0,0.E0,1.E0));
#3951=AXIS2_PLACEMENT_3D('',#3948,#3949,#3950);
#3953=DIRECTION('',(0.E0,-1.E0,0.E0));
#3954=VECTOR('',#3953,4.2418E0);
#3955=CARTESIAN_POINT('',(-4.1148E0,-5.207E0,-1.429766E1));
#3956=LINE('',#3955,#3954);
#3957=DIRECTION('',(0.E0,-1.E0,0.E0));
#3958=VECTOR('',#3957,4.2418E0);
#3959=CARTESIAN_POINT('',(-4.1148E0,-5.207E0,-1.366266E1));
#3960=LINE('',#3959,#3958);
#3961=CARTESIAN_POINT('',(-4.1148E0,-9.4488E0,-1.398016E1));
#3962=DIRECTION('',(0.E0,-1.E0,0.E0));
#3963=DIRECTION('',(0.E0,0.E0,-1.E0));
#3964=AXIS2_PLACEMENT_3D('',#3961,#3962,#3963);
#3966=CARTESIAN_POINT('',(-4.1148E0,-9.4488E0,-1.398016E1));
#3967=DIRECTION('',(0.E0,-1.E0,0.E0));
#3968=DIRECTION('',(0.E0,0.E0,1.E0));
#3969=AXIS2_PLACEMENT_3D('',#3966,#3967,#3968);
#3971=DIRECTION('',(0.E0,-1.E0,0.E0));
#3972=VECTOR('',#3971,4.2418E0);
#3973=CARTESIAN_POINT('',(-1.3716E0,-5.207E0,-1.429766E1));
#3974=LINE('',#3973,#3972);
#3975=DIRECTION('',(0.E0,-1.E0,0.E0));
#3976=VECTOR('',#3975,4.2418E0);
#3977=CARTESIAN_POINT('',(-1.3716E0,-5.207E0,-1.366266E1));
#3978=LINE('',#3977,#3976);
#3979=CARTESIAN_POINT('',(-1.3716E0,-9.4488E0,-1.398016E1));
#3980=DIRECTION('',(0.E0,-1.E0,0.E0));
#3981=DIRECTION('',(0.E0,0.E0,-1.E0));
#3982=AXIS2_PLACEMENT_3D('',#3979,#3980,#3981);
#3984=CARTESIAN_POINT('',(-1.3716E0,-9.4488E0,-1.398016E1));
#3985=DIRECTION('',(0.E0,-1.E0,0.E0));
#3986=DIRECTION('',(0.E0,0.E0,1.E0));
#3987=AXIS2_PLACEMENT_3D('',#3984,#3985,#3986);
#3989=DIRECTION('',(0.E0,-1.E0,0.E0));
#3990=VECTOR('',#3989,4.2418E0);
#3991=CARTESIAN_POINT('',(1.3716E0,-5.207E0,-1.429766E1));
#3992=LINE('',#3991,#3990);
#3993=DIRECTION('',(0.E0,-1.E0,0.E0));
#3994=VECTOR('',#3993,4.2418E0);
#3995=CARTESIAN_POINT('',(1.3716E0,-5.207E0,-1.366266E1));
#3996=LINE('',#3995,#3994);
#3997=CARTESIAN_POINT('',(1.3716E0,-9.4488E0,-1.398016E1));
#3998=DIRECTION('',(0.E0,-1.E0,0.E0));
#3999=DIRECTION('',(0.E0,0.E0,-1.E0));
#4000=AXIS2_PLACEMENT_3D('',#3997,#3998,#3999);
#4002=CARTESIAN_POINT('',(1.3716E0,-9.4488E0,-1.398016E1));
#4003=DIRECTION('',(0.E0,-1.E0,0.E0));
#4004=DIRECTION('',(0.E0,0.E0,1.E0));
#4005=AXIS2_PLACEMENT_3D('',#4002,#4003,#4004);
#4007=DIRECTION('',(0.E0,-1.E0,0.E0));
#4008=VECTOR('',#4007,4.2418E0);
#4009=CARTESIAN_POINT('',(4.1148E0,-5.207E0,-1.429766E1));
#4010=LINE('',#4009,#4008);
#4011=DIRECTION('',(0.E0,-1.E0,0.E0));
#4012=VECTOR('',#4011,4.2418E0);
#4013=CARTESIAN_POINT('',(4.1148E0,-5.207E0,-1.366266E1));
#4014=LINE('',#4013,#4012);
#4015=CARTESIAN_POINT('',(4.1148E0,-9.4488E0,-1.398016E1));
#4016=DIRECTION('',(0.E0,-1.E0,0.E0));
#4017=DIRECTION('',(0.E0,0.E0,-1.E0));
#4018=AXIS2_PLACEMENT_3D('',#4015,#4016,#4017);
#4020=CARTESIAN_POINT('',(4.1148E0,-9.4488E0,-1.398016E1));
#4021=DIRECTION('',(0.E0,-1.E0,0.E0));
#4022=DIRECTION('',(0.E0,0.E0,1.E0));
#4023=AXIS2_PLACEMENT_3D('',#4020,#4021,#4022);
#4025=DIRECTION('',(0.E0,1.E0,0.E0));
#4026=VECTOR('',#4025,9.652E-1);
#4027=CARTESIAN_POINT('',(-9.4234E0,-6.2738E0,-1.225296E1));
#4028=LINE('',#4027,#4026);
#4029=DIRECTION('',(0.E0,1.E0,0.E0));
#4030=VECTOR('',#4029,9.652E-1);
#4031=CARTESIAN_POINT('',(1.06553E1,-6.2738E0,-1.225296E1));
#4032=LINE('',#4031,#4030);
#4033=DIRECTION('',(0.E0,1.E0,0.E0));
#4034=VECTOR('',#4033,9.652E-1);
#4035=CARTESIAN_POINT('',(9.4234E0,-6.2738E0,-1.225296E1));
#4036=LINE('',#4035,#4034);
#4037=DIRECTION('',(0.E0,-1.E0,0.E0));
#4038=VECTOR('',#4037,6.6548E0);
#4039=CARTESIAN_POINT('',(-8.1534E0,3.302E0,-1.758696E1));
#4040=LINE('',#4039,#4038);
#4041=DIRECTION('',(0.E0,1.E0,0.E0));
#4042=VECTOR('',#4041,6.6548E0);
#4043=CARTESIAN_POINT('',(-8.1534E0,-3.3528E0,-9.73836E0));
#4044=LINE('',#4043,#4042);
#4045=CARTESIAN_POINT('',(-1.24968E1,0.E0,-9.73836E0));
#4046=DIRECTION('',(0.E0,0.E0,-1.E0));
#4047=DIRECTION('',(9.082568807339E-1,-4.184130000364E-1,0.E0));
#4048=AXIS2_PLACEMENT_3D('',#4045,#4046,#4047);
#4050=DIRECTION('',(-8.660254037844E-1,-5.E-1,0.E0));
#4051=VECTOR('',#4050,2.316836463801E0);
#4052=CARTESIAN_POINT('',(-1.023628038297E1,-1.598498364406E0,-9.73836E0));
#4053=LINE('',#4052,#4051);
#4054=CARTESIAN_POINT('',(-1.24968E1,0.E0,-9.73836E0));
#4055=DIRECTION('',(0.E0,0.E0,-1.E0));
#4056=DIRECTION('',(9.177215306181E-2,-9.957800318958E-1,0.E0));
#4057=AXIS2_PLACEMENT_3D('',#4054,#4055,#4056);
#4059=DIRECTION('',(-8.660254037844E-1,5.E-1,0.E0));
#4060=VECTOR('',#4059,2.316836463801E0);
#4061=CARTESIAN_POINT('',(-1.275088038297E1,-2.756916596307E0,-9.73836E0));
#4062=LINE('',#4061,#4060);
#4063=CARTESIAN_POINT('',(-1.24968E1,0.E0,-9.73836E0));
#4064=DIRECTION('',(0.E0,0.E0,-1.E0));
#4065=DIRECTION('',(-8.164847276721E-1,-5.773670318594E-1,0.E0));
#4066=AXIS2_PLACEMENT_3D('',#4063,#4064,#4065);
#4068=DIRECTION('',(0.E0,1.E0,0.E0));
#4069=VECTOR('',#4068,2.316836463801E0);
#4070=CARTESIAN_POINT('',(-1.50114E1,-1.158418231901E0,-9.73836E0));
#4071=LINE('',#4070,#4069);
#4072=CARTESIAN_POINT('',(-1.24968E1,0.E0,-9.73836E0));
#4073=DIRECTION('',(0.E0,0.E0,-1.E0));
#4074=DIRECTION('',(-9.082568807339E-1,4.184130000364E-1,0.E0));
#4075=AXIS2_PLACEMENT_3D('',#4072,#4073,#4074);
#4077=DIRECTION('',(8.660254037844E-1,5.E-1,0.E0));
#4078=VECTOR('',#4077,2.316836463801E0);
#4079=CARTESIAN_POINT('',(-1.475731961703E1,1.598498364406E0,-9.73836E0));
#4080=LINE('',#4079,#4078);
#4081=CARTESIAN_POINT('',(-1.24968E1,0.E0,-9.73836E0));
#4082=DIRECTION('',(0.E0,0.E0,-1.E0));
#4083=DIRECTION('',(-9.177215306181E-2,9.957800318958E-1,0.E0));
#4084=AXIS2_PLACEMENT_3D('',#4081,#4082,#4083);
#4086=DIRECTION('',(8.660254037844E-1,-5.E-1,0.E0));
#4087=VECTOR('',#4086,2.316836463801E0);
#4088=CARTESIAN_POINT('',(-1.224271961703E1,2.756916596307E0,-9.73836E0));
#4089=LINE('',#4088,#4087);
#4090=CARTESIAN_POINT('',(-1.24968E1,0.E0,-9.73836E0));
#4091=DIRECTION('',(0.E0,0.E0,-1.E0));
#4092=DIRECTION('',(8.164847276721E-1,5.773670318594E-1,0.E0));
#4093=AXIS2_PLACEMENT_3D('',#4090,#4091,#4092);
#4095=DIRECTION('',(0.E0,-1.E0,0.E0));
#4096=VECTOR('',#4095,2.316836463801E0);
#4097=CARTESIAN_POINT('',(-9.9822E0,1.158418231901E0,-9.73836E0));
#4098=LINE('',#4097,#4096);
#4099=DIRECTION('',(0.E0,0.E0,-1.E0));
#4100=VECTOR('',#4099,8.89E-1);
#4101=CARTESIAN_POINT('',(-9.9822E0,-1.158418231901E0,-9.73836E0));
#4102=LINE('',#4101,#4100);
#4103=DIRECTION('',(0.E0,0.E0,-1.E0));
#4104=VECTOR('',#4103,8.89E-1);
#4105=CARTESIAN_POINT('',(-9.9822E0,1.158418231901E0,-9.73836E0));
#4106=LINE('',#4105,#4104);
#4107=DIRECTION('',(0.E0,0.E0,-1.E0));
#4108=VECTOR('',#4107,8.89E-1);
#4109=CARTESIAN_POINT('',(-1.023628038297E1,1.598498364406E0,-9.73836E0));
#4110=LINE('',#4109,#4108);
#4111=DIRECTION('',(0.E0,0.E0,-1.E0));
#4112=VECTOR('',#4111,8.89E-1);
#4113=CARTESIAN_POINT('',(-1.224271961703E1,2.756916596307E0,-9.73836E0));
#4114=LINE('',#4113,#4112);
#4115=DIRECTION('',(0.E0,0.E0,-1.E0));
#4116=VECTOR('',#4115,8.89E-1);
#4117=CARTESIAN_POINT('',(-1.275088038297E1,2.756916596307E0,-9.73836E0));
#4118=LINE('',#4117,#4116);
#4119=DIRECTION('',(0.E0,0.E0,-1.E0));
#4120=VECTOR('',#4119,8.89E-1);
#4121=CARTESIAN_POINT('',(-1.475731961703E1,1.598498364406E0,-9.73836E0));
#4122=LINE('',#4121,#4120);
#4123=DIRECTION('',(0.E0,0.E0,-1.E0));
#4124=VECTOR('',#4123,8.89E-1);
#4125=CARTESIAN_POINT('',(-1.50114E1,1.158418231901E0,-9.73836E0));
#4126=LINE('',#4125,#4124);
#4127=DIRECTION('',(0.E0,0.E0,-1.E0));
#4128=VECTOR('',#4127,8.89E-1);
#4129=CARTESIAN_POINT('',(-1.50114E1,-1.158418231901E0,-9.73836E0));
#4130=LINE('',#4129,#4128);
#4131=DIRECTION('',(0.E0,0.E0,-1.E0));
#4132=VECTOR('',#4131,8.89E-1);
#4133=CARTESIAN_POINT('',(-1.475731961703E1,-1.598498364406E0,-9.73836E0));
#4134=LINE('',#4133,#4132);
#4135=DIRECTION('',(0.E0,0.E0,-1.E0));
#4136=VECTOR('',#4135,8.89E-1);
#4137=CARTESIAN_POINT('',(-1.275088038297E1,-2.756916596307E0,-9.73836E0));
#4138=LINE('',#4137,#4136);
#4139=DIRECTION('',(0.E0,0.E0,-1.E0));
#4140=VECTOR('',#4139,8.89E-1);
#4141=CARTESIAN_POINT('',(-1.224271961703E1,-2.756916596307E0,-9.73836E0));
#4142=LINE('',#4141,#4140);
#4143=DIRECTION('',(0.E0,0.E0,-1.E0));
#4144=VECTOR('',#4143,8.89E-1);
#4145=CARTESIAN_POINT('',(-1.023628038297E1,-1.598498364406E0,-9.73836E0));
#4146=LINE('',#4145,#4144);
#4147=CARTESIAN_POINT('',(-1.24968E1,0.E0,-1.062736E1));
#4148=DIRECTION('',(0.E0,0.E0,-1.E0));
#4149=DIRECTION('',(9.082568807339E-1,-4.184130000364E-1,0.E0));
#4150=AXIS2_PLACEMENT_3D('',#4147,#4148,#4149);
#4152=DIRECTION('',(0.E0,-1.E0,0.E0));
#4153=VECTOR('',#4152,2.316836463801E0);
#4154=CARTESIAN_POINT('',(-9.9822E0,1.158418231901E0,-1.062736E1));
#4155=LINE('',#4154,#4153);
#4156=CARTESIAN_POINT('',(-1.24968E1,0.E0,-1.062736E1));
#4157=DIRECTION('',(0.E0,0.E0,-1.E0));
#4158=DIRECTION('',(8.164847276721E-1,5.773670318594E-1,0.E0));
#4159=AXIS2_PLACEMENT_3D('',#4156,#4157,#4158);
#4161=DIRECTION('',(8.660254037844E-1,-5.E-1,0.E0));
#4162=VECTOR('',#4161,2.316836463801E0);
#4163=CARTESIAN_POINT('',(-1.224271961703E1,2.756916596307E0,-1.062736E1));
#4164=LINE('',#4163,#4162);
#4165=CARTESIAN_POINT('',(-1.24968E1,0.E0,-1.062736E1));
#4166=DIRECTION('',(0.E0,0.E0,-1.E0));
#4167=DIRECTION('',(-9.177215306181E-2,9.957800318958E-1,0.E0));
#4168=AXIS2_PLACEMENT_3D('',#4165,#4166,#4167);
#4170=DIRECTION('',(8.660254037844E-1,5.E-1,0.E0));
#4171=VECTOR('',#4170,2.316836463801E0);
#4172=CARTESIAN_POINT('',(-1.475731961703E1,1.598498364406E0,-1.062736E1));
#4173=LINE('',#4172,#4171);
#4174=CARTESIAN_POINT('',(-1.24968E1,0.E0,-1.062736E1));
#4175=DIRECTION('',(0.E0,0.E0,-1.E0));
#4176=DIRECTION('',(-9.082568807339E-1,4.184130000364E-1,0.E0));
#4177=AXIS2_PLACEMENT_3D('',#4174,#4175,#4176);
#4179=DIRECTION('',(0.E0,1.E0,0.E0));
#4180=VECTOR('',#4179,2.316836463801E0);
#4181=CARTESIAN_POINT('',(-1.50114E1,-1.158418231901E0,-1.062736E1));
#4182=LINE('',#4181,#4180);
#4183=CARTESIAN_POINT('',(-1.24968E1,0.E0,-1.062736E1));
#4184=DIRECTION('',(0.E0,0.E0,-1.E0));
#4185=DIRECTION('',(-8.164847276721E-1,-5.773670318594E-1,0.E0));
#4186=AXIS2_PLACEMENT_3D('',#4183,#4184,#4185);
#4188=DIRECTION('',(-8.660254037844E-1,5.E-1,0.E0));
#4189=VECTOR('',#4188,2.316836463801E0);
#4190=CARTESIAN_POINT('',(-1.275088038297E1,-2.756916596307E0,-1.062736E1));
#4191=LINE('',#4190,#4189);
#4192=CARTESIAN_POINT('',(-1.24968E1,0.E0,-1.062736E1));
#4193=DIRECTION('',(0.E0,0.E0,-1.E0));
#4194=DIRECTION('',(9.177215306181E-2,-9.957800318958E-1,0.E0));
#4195=AXIS2_PLACEMENT_3D('',#4192,#4193,#4194);
#4197=DIRECTION('',(-8.660254037844E-1,-5.E-1,0.E0));
#4198=VECTOR('',#4197,2.316836463801E0);
#4199=CARTESIAN_POINT('',(-1.023628038297E1,-1.598498364406E0,-1.062736E1));
#4200=LINE('',#4199,#4198);
#4201=DIRECTION('',(8.660254037844E-1,5.E-1,0.E0));
#4202=VECTOR('',#4201,2.316836463801E0);
#4203=CARTESIAN_POINT('',(1.023628038297E1,1.598498364406E0,-1.062736E1));
#4204=LINE('',#4203,#4202);
#4205=CARTESIAN_POINT('',(1.24968E1,0.E0,-1.062736E1));
#4206=DIRECTION('',(0.E0,0.E0,-1.E0));
#4207=DIRECTION('',(-9.082568807339E-1,4.184130000364E-1,0.E0));
#4208=AXIS2_PLACEMENT_3D('',#4205,#4206,#4207);
#4210=DIRECTION('',(0.E0,1.E0,0.E0));
#4211=VECTOR('',#4210,2.316836463801E0);
#4212=CARTESIAN_POINT('',(9.9822E0,-1.158418231901E0,-1.062736E1));
#4213=LINE('',#4212,#4211);
#4214=CARTESIAN_POINT('',(1.24968E1,0.E0,-1.062736E1));
#4215=DIRECTION('',(0.E0,0.E0,-1.E0));
#4216=DIRECTION('',(-8.164847276721E-1,-5.773670318594E-1,0.E0));
#4217=AXIS2_PLACEMENT_3D('',#4214,#4215,#4216);
#4219=DIRECTION('',(-8.660254037844E-1,5.E-1,0.E0));
#4220=VECTOR('',#4219,2.316836463801E0);
#4221=CARTESIAN_POINT('',(1.224271961703E1,-2.756916596307E0,-1.062736E1));
#4222=LINE('',#4221,#4220);
#4223=CARTESIAN_POINT('',(1.24968E1,0.E0,-1.062736E1));
#4224=DIRECTION('',(0.E0,0.E0,-1.E0));
#4225=DIRECTION('',(9.177215306181E-2,-9.957800318958E-1,0.E0));
#4226=AXIS2_PLACEMENT_3D('',#4223,#4224,#4225);
#4228=DIRECTION('',(-8.660254037844E-1,-5.E-1,0.E0));
#4229=VECTOR('',#4228,2.316836463801E0);
#4230=CARTESIAN_POINT('',(1.475731961703E1,-1.598498364406E0,-1.062736E1));
#4231=LINE('',#4230,#4229);
#4232=CARTESIAN_POINT('',(1.24968E1,0.E0,-1.062736E1));
#4233=DIRECTION('',(0.E0,0.E0,-1.E0));
#4234=DIRECTION('',(9.082568807339E-1,-4.184130000364E-1,0.E0));
#4235=AXIS2_PLACEMENT_3D('',#4232,#4233,#4234);
#4237=DIRECTION('',(0.E0,-1.E0,0.E0));
#4238=VECTOR('',#4237,2.316836463801E0);
#4239=CARTESIAN_POINT('',(1.50114E1,1.158418231901E0,-1.062736E1));
#4240=LINE('',#4239,#4238);
#4241=CARTESIAN_POINT('',(1.24968E1,0.E0,-1.062736E1));
#4242=DIRECTION('',(0.E0,0.E0,-1.E0));
#4243=DIRECTION('',(8.164847276721E-1,5.773670318594E-1,0.E0));
#4244=AXIS2_PLACEMENT_3D('',#4241,#4242,#4243);
#4246=DIRECTION('',(8.660254037844E-1,-5.E-1,0.E0));
#4247=VECTOR('',#4246,2.316836463801E0);
#4248=CARTESIAN_POINT('',(1.275088038297E1,2.756916596307E0,-1.062736E1));
#4249=LINE('',#4248,#4247);
#4250=CARTESIAN_POINT('',(1.24968E1,0.E0,-1.062736E1));
#4251=DIRECTION('',(0.E0,0.E0,-1.E0));
#4252=DIRECTION('',(-9.177215306181E-2,9.957800318958E-1,0.E0));
#4253=AXIS2_PLACEMENT_3D('',#4250,#4251,#4252);
#4255=CARTESIAN_POINT('',(-1.24968E1,0.E0,-1.062736E1));
#4256=DIRECTION('',(0.E0,0.E0,-1.E0));
#4257=DIRECTION('',(1.E0,0.E0,0.E0));
#4258=AXIS2_PLACEMENT_3D('',#4255,#4256,#4257);
#4260=CARTESIAN_POINT('',(-1.24968E1,0.E0,-1.062736E1));
#4261=DIRECTION('',(0.E0,0.E0,-1.E0));
#4262=DIRECTION('',(-1.E0,0.E0,0.E0));
#4263=AXIS2_PLACEMENT_3D('',#4260,#4261,#4262);
#4265=CARTESIAN_POINT('',(1.24968E1,0.E0,-1.062736E1));
#4266=DIRECTION('',(0.E0,0.E0,-1.E0));
#4267=DIRECTION('',(-1.E0,0.E0,0.E0));
#4268=AXIS2_PLACEMENT_3D('',#4265,#4266,#4267);
#4270=CARTESIAN_POINT('',(1.24968E1,0.E0,-1.062736E1));
#4271=DIRECTION('',(0.E0,0.E0,-1.E0));
#4272=DIRECTION('',(1.E0,0.E0,0.E0));
#4273=AXIS2_PLACEMENT_3D('',#4270,#4271,#4272);
#4275=DIRECTION('',(0.E0,0.E0,-1.E0));
#4276=VECTOR('',#4275,8.89E-1);
#4277=CARTESIAN_POINT('',(1.023628038297E1,1.598498364406E0,-9.73836E0));
#4278=LINE('',#4277,#4276);
#4279=DIRECTION('',(0.E0,0.E0,-1.E0));
#4280=VECTOR('',#4279,8.89E-1);
#4281=CARTESIAN_POINT('',(9.9822E0,1.158418231901E0,-9.73836E0));
#4282=LINE('',#4281,#4280);
#4283=DIRECTION('',(0.E0,0.E0,-1.E0));
#4284=VECTOR('',#4283,8.89E-1);
#4285=CARTESIAN_POINT('',(9.9822E0,-1.158418231901E0,-9.73836E0));
#4286=LINE('',#4285,#4284);
#4287=DIRECTION('',(0.E0,0.E0,-1.E0));
#4288=VECTOR('',#4287,8.89E-1);
#4289=CARTESIAN_POINT('',(1.023628038297E1,-1.598498364406E0,-9.73836E0));
#4290=LINE('',#4289,#4288);
#4291=DIRECTION('',(0.E0,0.E0,-1.E0));
#4292=VECTOR('',#4291,8.89E-1);
#4293=CARTESIAN_POINT('',(1.224271961703E1,-2.756916596307E0,-9.73836E0));
#4294=LINE('',#4293,#4292);
#4295=DIRECTION('',(0.E0,0.E0,-1.E0));
#4296=VECTOR('',#4295,8.89E-1);
#4297=CARTESIAN_POINT('',(1.275088038297E1,-2.756916596307E0,-9.73836E0));
#4298=LINE('',#4297,#4296);
#4299=DIRECTION('',(0.E0,0.E0,-1.E0));
#4300=VECTOR('',#4299,8.89E-1);
#4301=CARTESIAN_POINT('',(1.475731961703E1,-1.598498364406E0,-9.73836E0));
#4302=LINE('',#4301,#4300);
#4303=DIRECTION('',(0.E0,0.E0,-1.E0));
#4304=VECTOR('',#4303,8.89E-1);
#4305=CARTESIAN_POINT('',(1.50114E1,-1.158418231901E0,-9.73836E0));
#4306=LINE('',#4305,#4304);
#4307=DIRECTION('',(0.E0,0.E0,-1.E0));
#4308=VECTOR('',#4307,8.89E-1);
#4309=CARTESIAN_POINT('',(1.50114E1,1.158418231901E0,-9.73836E0));
#4310=LINE('',#4309,#4308);
#4311=DIRECTION('',(0.E0,0.E0,-1.E0));
#4312=VECTOR('',#4311,8.89E-1);
#4313=CARTESIAN_POINT('',(1.475731961703E1,1.598498364406E0,-9.73836E0));
#4314=LINE('',#4313,#4312);
#4315=DIRECTION('',(0.E0,0.E0,-1.E0));
#4316=VECTOR('',#4315,8.89E-1);
#4317=CARTESIAN_POINT('',(1.275088038297E1,2.756916596307E0,-9.73836E0));
#4318=LINE('',#4317,#4316);
#4319=DIRECTION('',(0.E0,0.E0,-1.E0));
#4320=VECTOR('',#4319,8.89E-1);
#4321=CARTESIAN_POINT('',(1.224271961703E1,2.756916596307E0,-9.73836E0));
#4322=LINE('',#4321,#4320);
#4323=CARTESIAN_POINT('',(-1.24968E1,0.E0,-9.627362E0));
#4324=DIRECTION('',(0.E0,0.E0,-1.E0));
#4325=DIRECTION('',(1.E0,0.E0,0.E0));
#4326=AXIS2_PLACEMENT_3D('',#4323,#4324,#4325);
#4328=DIRECTION('',(0.E0,0.E0,-1.E0));
#4329=VECTOR('',#4328,9.99998E-1);
#4330=CARTESIAN_POINT('',(-1.363218E1,0.E0,-9.627362E0));
#4331=LINE('',#4330,#4329);
#4332=CARTESIAN_POINT('',(-1.24968E1,0.E0,-9.627362E0));
#4333=DIRECTION('',(0.E0,0.E0,1.E0));
#4334=DIRECTION('',(1.E0,0.E0,0.E0));
#4335=AXIS2_PLACEMENT_3D('',#4332,#4333,#4334);
#4337=DIRECTION('',(0.E0,0.E0,-1.E0));
#4338=VECTOR('',#4337,9.99998E-1);
#4339=CARTESIAN_POINT('',(-1.136142E1,0.E0,-9.627362E0));
#4340=LINE('',#4339,#4338);
#4341=DIRECTION('',(0.E0,0.E0,1.E0));
#4342=VECTOR('',#4341,9.99998E-1);
#4343=CARTESIAN_POINT('',(1.363218E1,0.E0,-1.062736E1));
#4344=LINE('',#4343,#4342);
#4345=DIRECTION('',(0.E0,0.E0,1.E0));
#4346=VECTOR('',#4345,9.99998E-1);
#4347=CARTESIAN_POINT('',(1.136142E1,0.E0,-1.062736E1));
#4348=LINE('',#4347,#4346);
#4349=CARTESIAN_POINT('',(1.24968E1,0.E0,-9.627362E0));
#4350=DIRECTION('',(0.E0,0.E0,-1.E0));
#4351=DIRECTION('',(1.E0,0.E0,0.E0));
#4352=AXIS2_PLACEMENT_3D('',#4349,#4350,#4351);
#4354=CARTESIAN_POINT('',(1.24968E1,0.E0,-9.627362E0));
#4355=DIRECTION('',(0.E0,0.E0,1.E0));
#4356=DIRECTION('',(1.E0,0.E0,0.E0));
#4357=AXIS2_PLACEMENT_3D('',#4354,#4355,#4356);
#4359=DIRECTION('',(0.E0,1.E0,0.E0));
#4360=VECTOR('',#4359,3.048E-1);
#4361=CARTESIAN_POINT('',(-1.06426E1,-3.3528E0,-1.540256E1));
#4362=LINE('',#4361,#4360);
#4363=DIRECTION('',(0.E0,1.E0,0.E0));
#4364=VECTOR('',#4363,3.048E-1);
#4365=CARTESIAN_POINT('',(-1.4351E1,-3.3528E0,-1.540256E1));
#4366=LINE('',#4365,#4364);
#4367=CARTESIAN_POINT('',(-1.24968E1,-3.048E0,-1.540256E1));
#4368=DIRECTION('',(0.E0,1.E0,0.E0));
#4369=DIRECTION('',(1.E0,0.E0,0.E0));
#4370=AXIS2_PLACEMENT_3D('',#4367,#4368,#4369);
#4372=CARTESIAN_POINT('',(-1.24968E1,-3.048E0,-1.540256E1));
#4373=DIRECTION('',(0.E0,1.E0,0.E0));
#4374=DIRECTION('',(-1.E0,0.E0,0.E0));
#4375=AXIS2_PLACEMENT_3D('',#4372,#4373,#4374);
#4377=CARTESIAN_POINT('',(1.24968E1,-3.048E0,-1.540256E1));
#4378=DIRECTION('',(0.E0,1.E0,0.E0));
#4379=DIRECTION('',(1.E0,0.E0,0.E0));
#4380=AXIS2_PLACEMENT_3D('',#4377,#4378,#4379);
#4382=CARTESIAN_POINT('',(1.24968E1,-3.048E0,-1.540256E1));
#4383=DIRECTION('',(0.E0,1.E0,0.E0));
#4384=DIRECTION('',(-1.E0,0.E0,0.E0));
#4385=AXIS2_PLACEMENT_3D('',#4382,#4383,#4384);
#4387=CARTESIAN_POINT('',(-1.17983E1,-3.048E0,-1.610106E1));
#4388=DIRECTION('',(0.E0,-1.E0,0.E0));
#4389=DIRECTION('',(1.654117716738E-1,0.E0,-9.862245919626E-1));
#4390=AXIS2_PLACEMENT_3D('',#4387,#4388,#4389);
#4392=CARTESIAN_POINT('',(-1.24968E1,-3.048E0,-1.540256E1));
#4393=DIRECTION('',(0.E0,-1.E0,0.E0));
#4394=DIRECTION('',(-5.186113818335E-1,0.E0,-8.550100786732E-1));
#4395=AXIS2_PLACEMENT_3D('',#4392,#4393,#4394);
#4397=CARTESIAN_POINT('',(-1.31953E1,-3.048E0,-1.610106E1));
#4398=DIRECTION('',(0.E0,-1.E0,0.E0));
#4399=DIRECTION('',(-9.862245919626E-1,0.E0,-1.654117716738E-1));
#4400=AXIS2_PLACEMENT_3D('',#4397,#4398,#4399);
#4402=CARTESIAN_POINT('',(-1.31953E1,-3.048E0,-1.470406E1));
#4403=DIRECTION('',(0.E0,-1.E0,0.E0));
#4404=DIRECTION('',(-1.654117716738E-1,0.E0,9.862245919626E-1));
#4405=AXIS2_PLACEMENT_3D('',#4402,#4403,#4404);
#4407=CARTESIAN_POINT('',(-1.24968E1,-3.048E0,-1.540256E1));
#4408=DIRECTION('',(0.E0,-1.E0,0.E0));
#4409=DIRECTION('',(5.186113818335E-1,0.E0,8.550100786732E-1));
#4410=AXIS2_PLACEMENT_3D('',#4407,#4408,#4409);
#4412=CARTESIAN_POINT('',(-1.17983E1,-3.048E0,-1.470406E1));
#4413=DIRECTION('',(0.E0,-1.E0,0.E0));
#4414=DIRECTION('',(9.862245919626E-1,0.E0,1.654117716738E-1));
#4415=AXIS2_PLACEMENT_3D('',#4412,#4413,#4414);
#4417=CARTESIAN_POINT('',(1.31953E1,-3.048E0,-1.610106E1));
#4418=DIRECTION('',(0.E0,-1.E0,0.E0));
#4419=DIRECTION('',(1.654117716738E-1,0.E0,-9.862245919626E-1));
#4420=AXIS2_PLACEMENT_3D('',#4417,#4418,#4419);
#4422=CARTESIAN_POINT('',(1.24968E1,-3.048E0,-1.540256E1));
#4423=DIRECTION('',(0.E0,-1.E0,0.E0));
#4424=DIRECTION('',(-5.186113818335E-1,0.E0,-8.550100786732E-1));
#4425=AXIS2_PLACEMENT_3D('',#4422,#4423,#4424);
#4427=CARTESIAN_POINT('',(1.17983E1,-3.048E0,-1.610106E1));
#4428=DIRECTION('',(0.E0,-1.E0,0.E0));
#4429=DIRECTION('',(-9.862245919626E-1,0.E0,-1.654117716738E-1));
#4430=AXIS2_PLACEMENT_3D('',#4427,#4428,#4429);
#4432=CARTESIAN_POINT('',(1.17983E1,-3.048E0,-1.470406E1));
#4433=DIRECTION('',(0.E0,-1.E0,0.E0));
#4434=DIRECTION('',(-1.654117716738E-1,0.E0,9.862245919626E-1));
#4435=AXIS2_PLACEMENT_3D('',#4432,#4433,#4434);
#4437=CARTESIAN_POINT('',(1.24968E1,-3.048E0,-1.540256E1));
#4438=DIRECTION('',(0.E0,-1.E0,0.E0));
#4439=DIRECTION('',(5.186113818335E-1,0.E0,8.550100786732E-1));
#4440=AXIS2_PLACEMENT_3D('',#4437,#4438,#4439);
#4442=CARTESIAN_POINT('',(1.31953E1,-3.048E0,-1.470406E1));
#4443=DIRECTION('',(0.E0,-1.E0,0.E0));
#4444=DIRECTION('',(9.862245919626E-1,0.E0,1.654117716738E-1));
#4445=AXIS2_PLACEMENT_3D('',#4442,#4443,#4444);
#4447=DIRECTION('',(0.E0,1.E0,0.E0));
#4448=VECTOR('',#4447,3.048E-1);
#4449=CARTESIAN_POINT('',(1.4351E1,-3.3528E0,-1.540256E1));
#4450=LINE('',#4449,#4448);
#4451=DIRECTION('',(0.E0,1.E0,0.E0));
#4452=VECTOR('',#4451,3.048E-1);
#4453=CARTESIAN_POINT('',(1.06426E1,-3.3528E0,-1.540256E1));
#4454=LINE('',#4453,#4452);
#4455=DIRECTION('',(0.E0,1.E0,0.E0));
#4456=VECTOR('',#4455,3.048E-1);
#4457=CARTESIAN_POINT('',(-1.169326352499E1,-3.3528E0,-1.672731261590E1));
#4458=LINE('',#4457,#4456);
#4459=DIRECTION('',(0.E0,1.E0,0.E0));
#4460=VECTOR('',#4459,3.048E-1);
#4461=CARTESIAN_POINT('',(-1.330033647501E1,-3.3528E0,-1.672731261590E1));
#4462=LINE('',#4461,#4460);
#4463=CARTESIAN_POINT('',(-1.24968E1,-3.3528E0,-1.540256E1));
#4464=DIRECTION('',(0.E0,1.E0,0.E0));
#4465=DIRECTION('',(8.550100786732E-1,0.E0,5.186113818335E-1));
#4466=AXIS2_PLACEMENT_3D('',#4463,#4464,#4465);
#4468=DIRECTION('',(0.E0,1.E0,1.165588477297E-14));
#4469=VECTOR('',#4468,3.048E-1);
#4470=CARTESIAN_POINT('',(-1.117204738410E1,-3.3528E0,-1.620609647501E1));
#4471=LINE('',#4470,#4469);
#4472=CARTESIAN_POINT('',(-1.24968E1,-3.048E0,-1.540256E1));
#4473=DIRECTION('',(0.E0,-1.E0,0.E0));
#4474=DIRECTION('',(8.550100786732E-1,0.E0,-5.186113818335E-1));
#4475=AXIS2_PLACEMENT_3D('',#4472,#4473,#4474);
#4477=DIRECTION('',(0.E0,1.E0,0.E0));
#4478=VECTOR('',#4477,3.048E-1);
#4479=CARTESIAN_POINT('',(-1.117204738410E1,-3.3528E0,-1.459902352499E1));
#4480=LINE('',#4479,#4478);
#4481=DIRECTION('',(1.165588477297E-14,1.E0,0.E0));
#4482=VECTOR('',#4481,3.048E-1);
#4483=CARTESIAN_POINT('',(-1.330033647501E1,-3.3528E0,-1.407780738410E1));
#4484=LINE('',#4483,#4482);
#4485=DIRECTION('',(0.E0,1.E0,0.E0));
#4486=VECTOR('',#4485,3.048E-1);
#4487=CARTESIAN_POINT('',(-1.169326352499E1,-3.3528E0,-1.407780738410E1));
#4488=LINE('',#4487,#4486);
#4489=CARTESIAN_POINT('',(-1.24968E1,-3.048E0,-1.540256E1));
#4490=DIRECTION('',(0.E0,-1.E0,0.E0));
#4491=DIRECTION('',(-8.550100786732E-1,0.E0,5.186113818335E-1));
#4492=AXIS2_PLACEMENT_3D('',#4489,#4490,#4491);
#4494=DIRECTION('',(0.E0,1.E0,0.E0));
#4495=VECTOR('',#4494,3.048E-1);
#4496=CARTESIAN_POINT('',(-1.382155261590E1,-3.3528E0,-1.620609647501E1));
#4497=LINE('',#4496,#4495);
#4498=CARTESIAN_POINT('',(-1.24968E1,-3.3528E0,-1.540256E1));
#4499=DIRECTION('',(0.E0,1.E0,0.E0));
#4500=DIRECTION('',(-8.550100786732E-1,0.E0,-5.186113818335E-1));
#4501=AXIS2_PLACEMENT_3D('',#4498,#4499,#4500);
#4503=DIRECTION('',(0.E0,1.E0,0.E0));
#4504=VECTOR('',#4503,3.048E-1);
#4505=CARTESIAN_POINT('',(-1.382155261590E1,-3.3528E0,-1.459902352499E1));
#4506=LINE('',#4505,#4504);
#4507=DIRECTION('',(-4.416966861335E-14,-1.E0,0.E0));
#4508=VECTOR('',#4507,4.826E-1);
#4509=CARTESIAN_POINT('',(-1.17983E1,-2.8702E0,-1.673606E1));
#4510=LINE('',#4509,#4508);
#4511=DIRECTION('',(0.E0,-1.E0,-2.944644574223E-14));
#4512=VECTOR('',#4511,4.826E-1);
#4513=CARTESIAN_POINT('',(-1.11633E1,-2.8702E0,-1.610106E1));
#4514=LINE('',#4513,#4512);
#4515=DIRECTION('',(0.E0,-1.E0,1.840402858890E-14));
#4516=VECTOR('',#4515,4.826E-1);
#4517=CARTESIAN_POINT('',(-1.11633E1,-2.8702E0,-1.470406E1));
#4518=LINE('',#4517,#4516);
#4519=DIRECTION('',(0.E0,-1.E0,0.E0));
#4520=VECTOR('',#4519,4.826E-1);
#4521=CARTESIAN_POINT('',(-1.17983E1,-2.8702E0,-1.406906E1));
#4522=LINE('',#4521,#4520);
#4523=DIRECTION('',(-1.104241715334E-14,-1.E0,0.E0));
#4524=VECTOR('',#4523,4.826E-1);
#4525=CARTESIAN_POINT('',(-1.31953E1,-2.8702E0,-1.406906E1));
#4526=LINE('',#4525,#4524);
#4527=DIRECTION('',(0.E0,-1.E0,2.944644574223E-14));
#4528=VECTOR('',#4527,4.826E-1);
#4529=CARTESIAN_POINT('',(-1.38303E1,-2.8702E0,-1.470406E1));
#4530=LINE('',#4529,#4528);
#4531=DIRECTION('',(0.E0,-1.E0,-2.944644574223E-14));
#4532=VECTOR('',#4531,4.826E-1);
#4533=CARTESIAN_POINT('',(-1.38303E1,-2.8702E0,-1.610106E1));
#4534=LINE('',#4533,#4532);
#4535=DIRECTION('',(3.312725146001E-14,-1.E0,0.E0));
#4536=VECTOR('',#4535,4.826E-1);
#4537=CARTESIAN_POINT('',(-1.31953E1,-2.8702E0,-1.673606E1));
#4538=LINE('',#4537,#4536);
#4539=CARTESIAN_POINT('',(-1.31953E1,-2.8702E0,-1.470406E1));
#4540=DIRECTION('',(0.E0,-1.E0,0.E0));
#4541=DIRECTION('',(0.E0,0.E0,1.E0));
#4542=AXIS2_PLACEMENT_3D('',#4539,#4540,#4541);
#4544=DIRECTION('',(0.E0,0.E0,-1.E0));
#4545=VECTOR('',#4544,1.397E0);
#4546=CARTESIAN_POINT('',(-1.38303E1,-2.8702E0,-1.470406E1));
#4547=LINE('',#4546,#4545);
#4548=CARTESIAN_POINT('',(-1.31953E1,-2.8702E0,-1.610106E1));
#4549=DIRECTION('',(0.E0,-1.E0,0.E0));
#4550=DIRECTION('',(-1.E0,0.E0,0.E0));
#4551=AXIS2_PLACEMENT_3D('',#4548,#4549,#4550);
#4553=DIRECTION('',(1.E0,0.E0,0.E0));
#4554=VECTOR('',#4553,1.397E0);
#4555=CARTESIAN_POINT('',(-1.31953E1,-2.8702E0,-1.673606E1));
#4556=LINE('',#4555,#4554);
#4557=CARTESIAN_POINT('',(-1.17983E1,-2.8702E0,-1.610106E1));
#4558=DIRECTION('',(0.E0,-1.E0,0.E0));
#4559=DIRECTION('',(-3.636636049166E-14,0.E0,-1.E0));
#4560=AXIS2_PLACEMENT_3D('',#4557,#4558,#4559);
#4562=DIRECTION('',(0.E0,0.E0,1.E0));
#4563=VECTOR('',#4562,1.397E0);
#4564=CARTESIAN_POINT('',(-1.11633E1,-2.8702E0,-1.610106E1));
#4565=LINE('',#4564,#4563);
#4566=CARTESIAN_POINT('',(-1.17983E1,-2.8702E0,-1.470406E1));
#4567=DIRECTION('',(0.E0,-1.E0,0.E0));
#4568=DIRECTION('',(1.E0,0.E0,0.E0));
#4569=AXIS2_PLACEMENT_3D('',#4566,#4567,#4568);
#4571=DIRECTION('',(-1.E0,0.E0,0.E0));
#4572=VECTOR('',#4571,1.397E0);
#4573=CARTESIAN_POINT('',(-1.17983E1,-2.8702E0,-1.406906E1));
#4574=LINE('',#4573,#4572);
#4575=DIRECTION('',(1.E0,0.E0,0.E0));
#4576=VECTOR('',#4575,1.397E0);
#4577=CARTESIAN_POINT('',(-1.31953E1,-2.8702E0,-1.43891E1));
#4578=LINE('',#4577,#4576);
#4579=CARTESIAN_POINT('',(-1.17983E1,-2.8702E0,-1.470406E1));
#4580=DIRECTION('',(0.E0,1.E0,0.E0));
#4581=DIRECTION('',(-2.819972122492E-14,0.E0,1.E0));
#4582=AXIS2_PLACEMENT_3D('',#4579,#4580,#4581);
#4584=DIRECTION('',(0.E0,0.E0,-1.E0));
#4585=VECTOR('',#4584,1.397E0);
#4586=CARTESIAN_POINT('',(-1.148334E1,-2.8702E0,-1.470406E1));
#4587=LINE('',#4586,#4585);
#4588=CARTESIAN_POINT('',(-1.17983E1,-2.8702E0,-1.610106E1));
#4589=DIRECTION('',(0.E0,1.E0,0.E0));
#4590=DIRECTION('',(1.E0,0.E0,0.E0));
#4591=AXIS2_PLACEMENT_3D('',#4588,#4589,#4590);
#4593=DIRECTION('',(-1.E0,0.E0,0.E0));
#4594=VECTOR('',#4593,1.397E0);
#4595=CARTESIAN_POINT('',(-1.17983E1,-2.8702E0,-1.641602E1));
#4596=LINE('',#4595,#4594);
#4597=CARTESIAN_POINT('',(-1.31953E1,-2.8702E0,-1.610106E1));
#4598=DIRECTION('',(0.E0,1.E0,0.E0));
#4599=DIRECTION('',(0.E0,0.E0,-1.E0));
#4600=AXIS2_PLACEMENT_3D('',#4597,#4598,#4599);
#4602=DIRECTION('',(0.E0,0.E0,1.E0));
#4603=VECTOR('',#4602,1.397E0);
#4604=CARTESIAN_POINT('',(-1.351026E1,-2.8702E0,-1.610106E1));
#4605=LINE('',#4604,#4603);
#4606=CARTESIAN_POINT('',(-1.31953E1,-2.8702E0,-1.470406E1));
#4607=DIRECTION('',(0.E0,1.E0,0.E0));
#4608=DIRECTION('',(-1.E0,0.E0,0.E0));
#4609=AXIS2_PLACEMENT_3D('',#4606,#4607,#4608);
#4611=DIRECTION('',(-1.E0,0.E0,0.E0));
#4612=VECTOR('',#4611,1.397E0);
#4613=CARTESIAN_POINT('',(1.31953E1,-2.8702E0,-1.406906E1));
#4614=LINE('',#4613,#4612);
#4615=CARTESIAN_POINT('',(1.17983E1,-2.8702E0,-1.470406E1));
#4616=DIRECTION('',(0.E0,-1.E0,0.E0));
#4617=DIRECTION('',(0.E0,0.E0,1.E0));
#4618=AXIS2_PLACEMENT_3D('',#4615,#4616,#4617);
#4620=DIRECTION('',(0.E0,0.E0,-1.E0));
#4621=VECTOR('',#4620,1.397E0);
#4622=CARTESIAN_POINT('',(1.11633E1,-2.8702E0,-1.470406E1));
#4623=LINE('',#4622,#4621);
#4624=CARTESIAN_POINT('',(1.17983E1,-2.8702E0,-1.610106E1));
#4625=DIRECTION('',(0.E0,-1.E0,0.E0));
#4626=DIRECTION('',(-1.E0,0.E0,-3.356894814615E-14));
#4627=AXIS2_PLACEMENT_3D('',#4624,#4625,#4626);
#4629=DIRECTION('',(1.E0,0.E0,0.E0));
#4630=VECTOR('',#4629,1.397E0);
#4631=CARTESIAN_POINT('',(1.17983E1,-2.8702E0,-1.673606E1));
#4632=LINE('',#4631,#4630);
#4633=CARTESIAN_POINT('',(1.31953E1,-2.8702E0,-1.610106E1));
#4634=DIRECTION('',(0.E0,-1.E0,0.E0));
#4635=DIRECTION('',(-3.356894814615E-14,0.E0,-1.E0));
#4636=AXIS2_PLACEMENT_3D('',#4633,#4634,#4635);
#4638=DIRECTION('',(0.E0,0.E0,1.E0));
#4639=VECTOR('',#4638,1.397E0);
#4640=CARTESIAN_POINT('',(1.38303E1,-2.8702E0,-1.610106E1));
#4641=LINE('',#4640,#4639);
#4642=CARTESIAN_POINT('',(1.31953E1,-2.8702E0,-1.470406E1));
#4643=DIRECTION('',(0.E0,-1.E0,0.E0));
#4644=DIRECTION('',(1.E0,0.E0,0.E0));
#4645=AXIS2_PLACEMENT_3D('',#4642,#4643,#4644);
#4647=CARTESIAN_POINT('',(1.31953E1,-2.8702E0,-1.470406E1));
#4648=DIRECTION('',(0.E0,1.E0,0.E0));
#4649=DIRECTION('',(-3.383966546991E-14,0.E0,1.E0));
#4650=AXIS2_PLACEMENT_3D('',#4647,#4648,#4649);
#4652=DIRECTION('',(0.E0,0.E0,-1.E0));
#4653=VECTOR('',#4652,1.397E0);
#4654=CARTESIAN_POINT('',(1.351026E1,-2.8702E0,-1.470406E1));
#4655=LINE('',#4654,#4653);
#4656=CARTESIAN_POINT('',(1.31953E1,-2.8702E0,-1.610106E1));
#4657=DIRECTION('',(0.E0,1.E0,0.E0));
#4658=DIRECTION('',(1.E0,0.E0,-5.639944244984E-14));
#4659=AXIS2_PLACEMENT_3D('',#4656,#4657,#4658);
#4661=DIRECTION('',(-1.E0,0.E0,0.E0));
#4662=VECTOR('',#4661,1.397E0);
#4663=CARTESIAN_POINT('',(1.31953E1,-2.8702E0,-1.641602E1));
#4664=LINE('',#4663,#4662);
#4665=CARTESIAN_POINT('',(1.17983E1,-2.8702E0,-1.610106E1));
#4666=DIRECTION('',(0.E0,1.E0,0.E0));
#4667=DIRECTION('',(0.E0,0.E0,-1.E0));
#4668=AXIS2_PLACEMENT_3D('',#4665,#4666,#4667);
#4670=DIRECTION('',(0.E0,0.E0,1.E0));
#4671=VECTOR('',#4670,1.397E0);
#4672=CARTESIAN_POINT('',(1.148334E1,-2.8702E0,-1.610106E1));
#4673=LINE('',#4672,#4671);
#4674=CARTESIAN_POINT('',(1.17983E1,-2.8702E0,-1.470406E1));
#4675=DIRECTION('',(0.E0,1.E0,0.E0));
#4676=DIRECTION('',(-1.E0,0.E0,5.639944244984E-14));
#4677=AXIS2_PLACEMENT_3D('',#4674,#4675,#4676);
#4679=DIRECTION('',(1.E0,0.E0,0.E0));
#4680=VECTOR('',#4679,1.397E0);
#4681=CARTESIAN_POINT('',(1.17983E1,-2.8702E0,-1.43891E1));
#4682=LINE('',#4681,#4680);
#4683=DIRECTION('',(0.E0,-1.E0,0.E0));
#4684=VECTOR('',#4683,4.826E-1);
#4685=CARTESIAN_POINT('',(-1.31953E1,-2.8702E0,-1.43891E1));
#4686=LINE('',#4685,#4684);
#4687=DIRECTION('',(0.E0,-1.E0,0.E0));
#4688=VECTOR('',#4687,4.826E-1);
#4689=CARTESIAN_POINT('',(-1.17983E1,-2.8702E0,-1.43891E1));
#4690=LINE('',#4689,#4688);
#4691=DIRECTION('',(0.E0,-1.E0,0.E0));
#4692=VECTOR('',#4691,4.826E-1);
#4693=CARTESIAN_POINT('',(-1.148334E1,-2.8702E0,-1.470406E1));
#4694=LINE('',#4693,#4692);
#4695=DIRECTION('',(0.E0,-1.E0,0.E0));
#4696=VECTOR('',#4695,4.826E-1);
#4697=CARTESIAN_POINT('',(-1.148334E1,-2.8702E0,-1.610106E1));
#4698=LINE('',#4697,#4696);
#4699=DIRECTION('',(0.E0,-1.E0,0.E0));
#4700=VECTOR('',#4699,4.826E-1);
#4701=CARTESIAN_POINT('',(-1.17983E1,-2.8702E0,-1.641602E1));
#4702=LINE('',#4701,#4700);
#4703=DIRECTION('',(0.E0,-1.E0,0.E0));
#4704=VECTOR('',#4703,4.826E-1);
#4705=CARTESIAN_POINT('',(-1.31953E1,-2.8702E0,-1.641602E1));
#4706=LINE('',#4705,#4704);
#4707=DIRECTION('',(0.E0,-1.E0,0.E0));
#4708=VECTOR('',#4707,4.826E-1);
#4709=CARTESIAN_POINT('',(-1.351026E1,-2.8702E0,-1.610106E1));
#4710=LINE('',#4709,#4708);
#4711=DIRECTION('',(0.E0,-1.E0,1.104241715334E-14));
#4712=VECTOR('',#4711,4.826E-1);
#4713=CARTESIAN_POINT('',(-1.351026E1,-2.8702E0,-1.470406E1));
#4714=LINE('',#4713,#4712);
#4715=DIRECTION('',(0.E0,-1.E0,0.E0));
#4716=VECTOR('',#4715,4.826E-1);
#4717=CARTESIAN_POINT('',(1.31953E1,-2.8702E0,-1.406906E1));
#4718=LINE('',#4717,#4716);
#4719=DIRECTION('',(0.E0,-1.E0,0.E0));
#4720=VECTOR('',#4719,4.826E-1);
#4721=CARTESIAN_POINT('',(1.17983E1,-2.8702E0,-1.406906E1));
#4722=LINE('',#4721,#4720);
#4723=DIRECTION('',(1.748382715945E-14,1.E0,0.E0));
#4724=VECTOR('',#4723,3.048E-1);
#4725=CARTESIAN_POINT('',(1.330033647501E1,-3.3528E0,-1.672731261590E1));
#4726=LINE('',#4725,#4724);
#4727=DIRECTION('',(0.E0,1.E0,0.E0));
#4728=VECTOR('',#4727,3.048E-1);
#4729=CARTESIAN_POINT('',(1.169326352499E1,-3.3528E0,-1.672731261590E1));
#4730=LINE('',#4729,#4728);
#4731=CARTESIAN_POINT('',(1.24968E1,-3.3528E0,-1.540256E1));
#4732=DIRECTION('',(0.E0,1.E0,0.E0));
#4733=DIRECTION('',(8.550100786732E-1,0.E0,5.186113818335E-1));
#4734=AXIS2_PLACEMENT_3D('',#4731,#4732,#4733);
#4736=DIRECTION('',(0.E0,1.E0,0.E0));
#4737=VECTOR('',#4736,3.048E-1);
#4738=CARTESIAN_POINT('',(1.382155261590E1,-3.3528E0,-1.620609647501E1));
#4739=LINE('',#4738,#4737);
#4740=CARTESIAN_POINT('',(1.24968E1,-3.048E0,-1.540256E1));
#4741=DIRECTION('',(0.E0,-1.E0,0.E0));
#4742=DIRECTION('',(8.550100786732E-1,0.E0,-5.186113818335E-1));
#4743=AXIS2_PLACEMENT_3D('',#4740,#4741,#4742);
#4745=DIRECTION('',(0.E0,1.E0,0.E0));
#4746=VECTOR('',#4745,3.048E-1);
#4747=CARTESIAN_POINT('',(1.382155261590E1,-3.3528E0,-1.459902352499E1));
#4748=LINE('',#4747,#4746);
#4749=DIRECTION('',(0.E0,1.E0,0.E0));
#4750=VECTOR('',#4749,3.048E-1);
#4751=CARTESIAN_POINT('',(1.169326352499E1,-3.3528E0,-1.407780738410E1));
#4752=LINE('',#4751,#4750);
#4753=DIRECTION('',(0.E0,1.E0,0.E0));
#4754=VECTOR('',#4753,3.048E-1);
#4755=CARTESIAN_POINT('',(1.330033647501E1,-3.3528E0,-1.407780738410E1));
#4756=LINE('',#4755,#4754);
#4757=CARTESIAN_POINT('',(1.24968E1,-3.048E0,-1.540256E1));
#4758=DIRECTION('',(0.E0,-1.E0,0.E0));
#4759=DIRECTION('',(-8.550100786732E-1,0.E0,5.186113818335E-1));
#4760=AXIS2_PLACEMENT_3D('',#4757,#4758,#4759);
#4762=DIRECTION('',(0.E0,1.E0,-1.165588477297E-14));
#4763=VECTOR('',#4762,3.048E-1);
#4764=CARTESIAN_POINT('',(1.117204738410E1,-3.3528E0,-1.620609647501E1));
#4765=LINE('',#4764,#4763);
#4766=CARTESIAN_POINT('',(1.24968E1,-3.3528E0,-1.540256E1));
#4767=DIRECTION('',(0.E0,1.E0,0.E0));
#4768=DIRECTION('',(-8.550100786732E-1,0.E0,-5.186113818335E-1));
#4769=AXIS2_PLACEMENT_3D('',#4766,#4767,#4768);
#4771=DIRECTION('',(-1.165588477297E-14,1.E0,-1.748382715945E-14));
#4772=VECTOR('',#4771,3.048E-1);
#4773=CARTESIAN_POINT('',(1.117204738410E1,-3.3528E0,-1.459902352499E1));
#4774=LINE('',#4773,#4772);
#4775=DIRECTION('',(-4.416966861335E-14,-1.E0,0.E0));
#4776=VECTOR('',#4775,4.826E-1);
#4777=CARTESIAN_POINT('',(1.31953E1,-2.8702E0,-1.673606E1));
#4778=LINE('',#4777,#4776);
#4779=DIRECTION('',(0.E0,-1.E0,0.E0));
#4780=VECTOR('',#4779,4.826E-1);
#4781=CARTESIAN_POINT('',(1.38303E1,-2.8702E0,-1.610106E1));
#4782=LINE('',#4781,#4780);
#4783=DIRECTION('',(0.E0,-1.E0,0.E0));
#4784=VECTOR('',#4783,4.826E-1);
#4785=CARTESIAN_POINT('',(1.38303E1,-2.8702E0,-1.470406E1));
#4786=LINE('',#4785,#4784);
#4787=DIRECTION('',(4.416966861335E-14,-1.E0,0.E0));
#4788=VECTOR('',#4787,4.826E-1);
#4789=CARTESIAN_POINT('',(1.17983E1,-2.8702E0,-1.673606E1));
#4790=LINE('',#4789,#4788);
#4791=DIRECTION('',(0.E0,-1.E0,-4.416966861335E-14));
#4792=VECTOR('',#4791,4.826E-1);
#4793=CARTESIAN_POINT('',(1.11633E1,-2.8702E0,-1.610106E1));
#4794=LINE('',#4793,#4792);
#4795=DIRECTION('',(0.E0,-1.E0,4.048886289557E-14));
#4796=VECTOR('',#4795,4.826E-1);
#4797=CARTESIAN_POINT('',(1.11633E1,-2.8702E0,-1.470406E1));
#4798=LINE('',#4797,#4796);
#4799=DIRECTION('',(0.E0,-1.E0,0.E0));
#4800=VECTOR('',#4799,4.826E-1);
#4801=CARTESIAN_POINT('',(1.31953E1,-2.8702E0,-1.43891E1));
#4802=LINE('',#4801,#4800);
#4803=DIRECTION('',(0.E0,-1.E0,-1.840402858890E-14));
#4804=VECTOR('',#4803,4.826E-1);
#4805=CARTESIAN_POINT('',(1.351026E1,-2.8702E0,-1.470406E1));
#4806=LINE('',#4805,#4804);
#4807=DIRECTION('',(0.E0,-1.E0,0.E0));
#4808=VECTOR('',#4807,4.826E-1);
#4809=CARTESIAN_POINT('',(1.351026E1,-2.8702E0,-1.610106E1));
#4810=LINE('',#4809,#4808);
#4811=DIRECTION('',(0.E0,-1.E0,0.E0));
#4812=VECTOR('',#4811,4.826E-1);
#4813=CARTESIAN_POINT('',(1.31953E1,-2.8702E0,-1.641602E1));
#4814=LINE('',#4813,#4812);
#4815=DIRECTION('',(0.E0,-1.E0,0.E0));
#4816=VECTOR('',#4815,4.826E-1);
#4817=CARTESIAN_POINT('',(1.17983E1,-2.8702E0,-1.641602E1));
#4818=LINE('',#4817,#4816);
#4819=DIRECTION('',(0.E0,-1.E0,0.E0));
#4820=VECTOR('',#4819,4.826E-1);
#4821=CARTESIAN_POINT('',(1.148334E1,-2.8702E0,-1.610106E1));
#4822=LINE('',#4821,#4820);
#4823=DIRECTION('',(0.E0,-1.E0,0.E0));
#4824=VECTOR('',#4823,4.826E-1);
#4825=CARTESIAN_POINT('',(1.148334E1,-2.8702E0,-1.470406E1));
#4826=LINE('',#4825,#4824);
#4827=DIRECTION('',(0.E0,-1.E0,0.E0));
#4828=VECTOR('',#4827,4.826E-1);
#4829=CARTESIAN_POINT('',(1.17983E1,-2.8702E0,-1.43891E1));
#4830=LINE('',#4829,#4828);
#4831=DIRECTION('',(0.E0,0.E0,-1.E0));
#4832=VECTOR('',#4831,9.652E-1);
#4833=CARTESIAN_POINT('',(1.40843E1,6.267591390388E0,-7.57936E0));
#4834=LINE('',#4833,#4832);
#4835=DIRECTION('',(0.E0,-1.E0,0.E0));
#4836=VECTOR('',#4835,2.965591390388E0);
#4837=CARTESIAN_POINT('',(1.40843E1,6.267591390388E0,-7.57936E0));
#4838=LINE('',#4837,#4836);
#4839=CARTESIAN_POINT('',(1.39446E1,4.699E0,-7.57936E0));
#4840=DIRECTION('',(0.E0,0.E0,-1.E0));
#4841=DIRECTION('',(0.E0,1.E0,0.E0));
#4842=AXIS2_PLACEMENT_3D('',#4839,#4840,#4841);
#4844=DIRECTION('',(0.E0,-1.E0,0.E0));
#4845=VECTOR('',#4844,1.397E0);
#4846=CARTESIAN_POINT('',(1.35763E1,6.2738E0,-7.57936E0));
#4847=LINE('',#4846,#4845);
#4848=DIRECTION('',(-1.E0,0.E0,0.E0));
#4849=VECTOR('',#4848,2.159E0);
#4850=CARTESIAN_POINT('',(1.35763E1,4.8768E0,-7.57936E0));
#4851=LINE('',#4850,#4849);
#4852=DIRECTION('',(0.E0,-1.E0,0.E0));
#4853=VECTOR('',#4852,1.397E0);
#4854=CARTESIAN_POINT('',(1.14173E1,6.2738E0,-7.57936E0));
#4855=LINE('',#4854,#4853);
#4856=DIRECTION('',(0.E0,-1.E0,0.E0));
#4857=VECTOR('',#4856,2.9718E0);
#4858=CARTESIAN_POINT('',(1.09093E1,6.2738E0,-7.57936E0));
#4859=LINE('',#4858,#4857);
#4860=DIRECTION('',(0.E0,0.E0,-1.E0));
#4861=VECTOR('',#4860,4.1656E-1);
#4862=CARTESIAN_POINT('',(1.35763E1,6.2738E0,-7.57936E0));
#4863=LINE('',#4862,#4861);
#4864=DIRECTION('',(0.E0,-1.E0,0.E0));
#4865=VECTOR('',#4864,1.397E0);
#4866=CARTESIAN_POINT('',(1.35763E1,6.2738E0,-7.99592E0));
#4867=LINE('',#4866,#4865);
#4868=DIRECTION('',(1.E0,0.E0,0.E0));
#4869=VECTOR('',#4868,2.159E0);
#4870=CARTESIAN_POINT('',(1.14173E1,6.2738E0,-7.99592E0));
#4871=LINE('',#4870,#4869);
#4872=DIRECTION('',(0.E0,1.E0,0.E0));
#4873=VECTOR('',#4872,1.397E0);
#4874=CARTESIAN_POINT('',(1.14173E1,4.8768E0,-7.99592E0));
#4875=LINE('',#4874,#4873);
#4876=DIRECTION('',(-1.E0,0.E0,0.E0));
#4877=VECTOR('',#4876,2.159E0);
#4878=CARTESIAN_POINT('',(1.35763E1,4.8768E0,-7.99592E0));
#4879=LINE('',#4878,#4877);
#4880=DIRECTION('',(1.E0,0.E0,0.E0));
#4881=VECTOR('',#4880,2.159E0);
#4882=CARTESIAN_POINT('',(-1.35763E1,6.2738E0,-7.99592E0));
#4883=LINE('',#4882,#4881);
#4884=DIRECTION('',(0.E0,1.E0,0.E0));
#4885=VECTOR('',#4884,1.397E0);
#4886=CARTESIAN_POINT('',(-1.35763E1,4.8768E0,-7.99592E0));
#4887=LINE('',#4886,#4885);
#4888=DIRECTION('',(-1.E0,0.E0,0.E0));
#4889=VECTOR('',#4888,2.159E0);
#4890=CARTESIAN_POINT('',(-1.14173E1,4.8768E0,-7.99592E0));
#4891=LINE('',#4890,#4889);
#4892=DIRECTION('',(0.E0,-1.E0,0.E0));
#4893=VECTOR('',#4892,1.397E0);
#4894=CARTESIAN_POINT('',(-1.14173E1,6.2738E0,-7.99592E0));
#4895=LINE('',#4894,#4893);
#4896=DIRECTION('',(0.E0,0.E0,-1.E0));
#4897=VECTOR('',#4896,4.1656E-1);
#4898=CARTESIAN_POINT('',(1.14173E1,4.8768E0,-7.57936E0));
#4899=LINE('',#4898,#4897);
#4900=DIRECTION('',(0.E0,0.E0,-1.E0));
#4901=VECTOR('',#4900,4.1656E-1);
#4902=CARTESIAN_POINT('',(1.35763E1,4.8768E0,-7.57936E0));
#4903=LINE('',#4902,#4901);
#4904=DIRECTION('',(0.E0,0.E0,-1.E0));
#4905=VECTOR('',#4904,4.1656E-1);
#4906=CARTESIAN_POINT('',(-1.35763E1,4.8768E0,-7.57936E0));
#4907=LINE('',#4906,#4905);
#4908=DIRECTION('',(0.E0,0.E0,-1.E0));
#4909=VECTOR('',#4908,4.1656E-1);
#4910=CARTESIAN_POINT('',(-1.14173E1,4.8768E0,-7.57936E0));
#4911=LINE('',#4910,#4909);
#4912=DIRECTION('',(0.E0,0.E0,-1.E0));
#4913=VECTOR('',#4912,4.1656E-1);
#4914=CARTESIAN_POINT('',(-1.14173E1,6.2738E0,-7.57936E0));
#4915=LINE('',#4914,#4913);
#4916=DIRECTION('',(0.E0,0.E0,1.E0));
#4917=VECTOR('',#4916,5.588E0);
#4918=CARTESIAN_POINT('',(-4.9784E0,1.4224E0,-5.8928E0));
#4919=LINE('',#4918,#4917);
#4920=DIRECTION('',(0.E0,0.E0,1.E0));
#4921=VECTOR('',#4920,5.588E0);
#4922=CARTESIAN_POINT('',(-5.9944E0,1.4224E0,-5.8928E0));
#4923=LINE('',#4922,#4921);
#4924=CARTESIAN_POINT('',(-5.4864E0,1.4224E0,-3.048E-1));
#4925=DIRECTION('',(0.E0,0.E0,1.E0));
#4926=DIRECTION('',(1.E0,0.E0,0.E0));
#4927=AXIS2_PLACEMENT_3D('',#4924,#4925,#4926);
#4929=CARTESIAN_POINT('',(-5.4864E0,1.4224E0,-3.048E-1));
#4930=DIRECTION('',(0.E0,0.E0,1.E0));
#4931=DIRECTION('',(-1.E0,0.E0,0.E0));
#4932=AXIS2_PLACEMENT_3D('',#4929,#4930,#4931);
#4934=DIRECTION('',(0.E0,0.E0,1.E0));
#4935=VECTOR('',#4934,5.588E0);
#4936=CARTESIAN_POINT('',(-2.2352E0,1.4224E0,-5.8928E0));
#4937=LINE('',#4936,#4935);
#4938=DIRECTION('',(0.E0,0.E0,1.E0));
#4939=VECTOR('',#4938,5.588E0);
#4940=CARTESIAN_POINT('',(-3.2512E0,1.4224E0,-5.8928E0));
#4941=LINE('',#4940,#4939);
#4942=CARTESIAN_POINT('',(-2.7432E0,1.4224E0,-3.048E-1));
#4943=DIRECTION('',(0.E0,0.E0,1.E0));
#4944=DIRECTION('',(1.E0,0.E0,0.E0));
#4945=AXIS2_PLACEMENT_3D('',#4942,#4943,#4944);
#4947=CARTESIAN_POINT('',(-2.7432E0,1.4224E0,-3.048E-1));
#4948=DIRECTION('',(0.E0,0.E0,1.E0));
#4949=DIRECTION('',(-1.E0,0.E0,0.E0));
#4950=AXIS2_PLACEMENT_3D('',#4947,#4948,#4949);
#4952=DIRECTION('',(0.E0,0.E0,1.E0));
#4953=VECTOR('',#4952,5.588E0);
#4954=CARTESIAN_POINT('',(5.08E-1,1.4224E0,-5.8928E0));
#4955=LINE('',#4954,#4953);
#4956=DIRECTION('',(0.E0,0.E0,1.E0));
#4957=VECTOR('',#4956,5.588E0);
#4958=CARTESIAN_POINT('',(-5.08E-1,1.4224E0,-5.8928E0));
#4959=LINE('',#4958,#4957);
#4960=CARTESIAN_POINT('',(0.E0,1.4224E0,-3.048E-1));
#4961=DIRECTION('',(0.E0,0.E0,1.E0));
#4962=DIRECTION('',(1.E0,0.E0,0.E0));
#4963=AXIS2_PLACEMENT_3D('',#4960,#4961,#4962);
#4965=CARTESIAN_POINT('',(0.E0,1.4224E0,-3.048E-1));
#4966=DIRECTION('',(0.E0,0.E0,1.E0));
#4967=DIRECTION('',(-1.E0,0.E0,0.E0));
#4968=AXIS2_PLACEMENT_3D('',#4965,#4966,#4967);
#4970=DIRECTION('',(0.E0,0.E0,1.E0));
#4971=VECTOR('',#4970,5.588E0);
#4972=CARTESIAN_POINT('',(3.2512E0,1.4224E0,-5.8928E0));
#4973=LINE('',#4972,#4971);
#4974=DIRECTION('',(0.E0,0.E0,1.E0));
#4975=VECTOR('',#4974,5.588E0);
#4976=CARTESIAN_POINT('',(2.2352E0,1.4224E0,-5.8928E0));
#4977=LINE('',#4976,#4975);
#4978=CARTESIAN_POINT('',(2.7432E0,1.4224E0,-3.048E-1));
#4979=DIRECTION('',(0.E0,0.E0,1.E0));
#4980=DIRECTION('',(1.E0,0.E0,0.E0));
#4981=AXIS2_PLACEMENT_3D('',#4978,#4979,#4980);
#4983=CARTESIAN_POINT('',(2.7432E0,1.4224E0,-3.048E-1));
#4984=DIRECTION('',(0.E0,0.E0,1.E0));
#4985=DIRECTION('',(-1.E0,0.E0,0.E0));
#4986=AXIS2_PLACEMENT_3D('',#4983,#4984,#4985);
#4988=DIRECTION('',(0.E0,0.E0,1.E0));
#4989=VECTOR('',#4988,5.588E0);
#4990=CARTESIAN_POINT('',(5.9944E0,1.4224E0,-5.8928E0));
#4991=LINE('',#4990,#4989);
#4992=DIRECTION('',(0.E0,0.E0,1.E0));
#4993=VECTOR('',#4992,5.588E0);
#4994=CARTESIAN_POINT('',(4.9784E0,1.4224E0,-5.8928E0));
#4995=LINE('',#4994,#4993);
#4996=CARTESIAN_POINT('',(5.4864E0,1.4224E0,-3.048E-1));
#4997=DIRECTION('',(0.E0,0.E0,1.E0));
#4998=DIRECTION('',(1.E0,0.E0,0.E0));
#4999=AXIS2_PLACEMENT_3D('',#4996,#4997,#4998);
#5001=CARTESIAN_POINT('',(5.4864E0,1.4224E0,-3.048E-1));
#5002=DIRECTION('',(0.E0,0.E0,1.E0));
#5003=DIRECTION('',(-1.E0,0.E0,0.E0));
#5004=AXIS2_PLACEMENT_3D('',#5001,#5002,#5003);
#5006=DIRECTION('',(0.E0,0.E0,1.E0));
#5007=VECTOR('',#5006,5.588E0);
#5008=CARTESIAN_POINT('',(-3.6068E0,-1.4224E0,-5.8928E0));
#5009=LINE('',#5008,#5007);
#5010=DIRECTION('',(0.E0,0.E0,1.E0));
#5011=VECTOR('',#5010,5.588E0);
#5012=CARTESIAN_POINT('',(-4.6228E0,-1.4224E0,-5.8928E0));
#5013=LINE('',#5012,#5011);
#5014=CARTESIAN_POINT('',(-4.1148E0,-1.4224E0,-3.048E-1));
#5015=DIRECTION('',(0.E0,0.E0,1.E0));
#5016=DIRECTION('',(1.E0,0.E0,0.E0));
#5017=AXIS2_PLACEMENT_3D('',#5014,#5015,#5016);
#5019=CARTESIAN_POINT('',(-4.1148E0,-1.4224E0,-3.048E-1));
#5020=DIRECTION('',(0.E0,0.E0,1.E0));
#5021=DIRECTION('',(-1.E0,0.E0,0.E0));
#5022=AXIS2_PLACEMENT_3D('',#5019,#5020,#5021);
#5024=DIRECTION('',(0.E0,0.E0,1.E0));
#5025=VECTOR('',#5024,5.588E0);
#5026=CARTESIAN_POINT('',(-8.636E-1,-1.4224E0,-5.8928E0));
#5027=LINE('',#5026,#5025);
#5028=DIRECTION('',(0.E0,0.E0,1.E0));
#5029=VECTOR('',#5028,5.588E0);
#5030=CARTESIAN_POINT('',(-1.8796E0,-1.4224E0,-5.8928E0));
#5031=LINE('',#5030,#5029);
#5032=CARTESIAN_POINT('',(-1.3716E0,-1.4224E0,-3.048E-1));
#5033=DIRECTION('',(0.E0,0.E0,1.E0));
#5034=DIRECTION('',(1.E0,0.E0,0.E0));
#5035=AXIS2_PLACEMENT_3D('',#5032,#5033,#5034);
#5037=CARTESIAN_POINT('',(-1.3716E0,-1.4224E0,-3.048E-1));
#5038=DIRECTION('',(0.E0,0.E0,1.E0));
#5039=DIRECTION('',(-1.E0,0.E0,0.E0));
#5040=AXIS2_PLACEMENT_3D('',#5037,#5038,#5039);
#5042=DIRECTION('',(0.E0,0.E0,1.E0));
#5043=VECTOR('',#5042,5.588E0);
#5044=CARTESIAN_POINT('',(1.8796E0,-1.4224E0,-5.8928E0));
#5045=LINE('',#5044,#5043);
#5046=DIRECTION('',(0.E0,0.E0,1.E0));
#5047=VECTOR('',#5046,5.588E0);
#5048=CARTESIAN_POINT('',(8.636E-1,-1.4224E0,-5.8928E0));
#5049=LINE('',#5048,#5047);
#5050=CARTESIAN_POINT('',(1.3716E0,-1.4224E0,-3.048E-1));
#5051=DIRECTION('',(0.E0,0.E0,1.E0));
#5052=DIRECTION('',(1.E0,0.E0,0.E0));
#5053=AXIS2_PLACEMENT_3D('',#5050,#5051,#5052);
#5055=CARTESIAN_POINT('',(1.3716E0,-1.4224E0,-3.048E-1));
#5056=DIRECTION('',(0.E0,0.E0,1.E0));
#5057=DIRECTION('',(-1.E0,0.E0,0.E0));
#5058=AXIS2_PLACEMENT_3D('',#5055,#5056,#5057);
#5060=DIRECTION('',(0.E0,0.E0,1.E0));
#5061=VECTOR('',#5060,5.588E0);
#5062=CARTESIAN_POINT('',(4.6228E0,-1.4224E0,-5.8928E0));
#5063=LINE('',#5062,#5061);
#5064=DIRECTION('',(0.E0,0.E0,1.E0));
#5065=VECTOR('',#5064,5.588E0);
#5066=CARTESIAN_POINT('',(3.6068E0,-1.4224E0,-5.8928E0));
#5067=LINE('',#5066,#5065);
#5068=CARTESIAN_POINT('',(4.1148E0,-1.4224E0,-3.048E-1));
#5069=DIRECTION('',(0.E0,0.E0,1.E0));
#5070=DIRECTION('',(1.E0,0.E0,0.E0));
#5071=AXIS2_PLACEMENT_3D('',#5068,#5069,#5070);
#5073=CARTESIAN_POINT('',(4.1148E0,-1.4224E0,-3.048E-1));
#5074=DIRECTION('',(0.E0,0.E0,1.E0));
#5075=DIRECTION('',(-1.E0,0.E0,0.E0));
#5076=AXIS2_PLACEMENT_3D('',#5073,#5074,#5075);
#5078=DIRECTION('',(0.E0,0.E0,1.E0));
#5079=VECTOR('',#5078,1.524E-1);
#5080=CARTESIAN_POINT('',(-5.4864E0,2.286E0,-5.8928E0));
#5081=LINE('',#5080,#5079);
#5082=DIRECTION('',(0.E0,0.E0,1.E0));
#5083=VECTOR('',#5082,1.524E-1);
#5084=CARTESIAN_POINT('',(-5.64515E0,2.286E0,-5.8928E0));
#5085=LINE('',#5084,#5083);
#5086=DIRECTION('',(0.E0,0.E0,1.E0));
#5087=VECTOR('',#5086,1.524E-1);
#5088=CARTESIAN_POINT('',(-5.64515E0,3.339829813004E0,-5.8928E0));
#5089=LINE('',#5088,#5087);
#5090=DIRECTION('',(0.E0,0.E0,1.E0));
#5091=VECTOR('',#5090,1.524E-1);
#5092=CARTESIAN_POINT('',(-5.8039E0,3.150680823684E0,-5.8928E0));
#5093=LINE('',#5092,#5091);
#5094=DIRECTION('',(0.E0,0.E0,1.E0));
#5095=VECTOR('',#5094,1.524E-1);
#5096=CARTESIAN_POINT('',(-5.8039E0,3.366851086378E0,-5.8928E0));
#5097=LINE('',#5096,#5095);
#5098=DIRECTION('',(0.E0,0.E0,1.E0));
#5099=VECTOR('',#5098,1.524E-1);
#5100=CARTESIAN_POINT('',(-5.64515E0,3.556E0,-5.8928E0));
#5101=LINE('',#5100,#5099);
#5102=DIRECTION('',(0.E0,0.E0,1.E0));
#5103=VECTOR('',#5102,1.524E-1);
#5104=CARTESIAN_POINT('',(-5.4864E0,3.556E0,-5.8928E0));
#5105=LINE('',#5104,#5103);
#5106=DIRECTION('',(0.E0,1.E0,0.E0));
#5107=VECTOR('',#5106,1.27E0);
#5108=CARTESIAN_POINT('',(-5.4864E0,2.286E0,-5.7404E0));
#5109=LINE('',#5108,#5107);
#5110=DIRECTION('',(1.E0,0.E0,0.E0));
#5111=VECTOR('',#5110,1.5875E-1);
#5112=CARTESIAN_POINT('',(-5.64515E0,2.286E0,-5.7404E0));
#5113=LINE('',#5112,#5111);
#5114=DIRECTION('',(0.E0,-1.E0,0.E0));
#5115=VECTOR('',#5114,1.053829813004E0);
#5116=CARTESIAN_POINT('',(-5.64515E0,3.339829813004E0,-5.7404E0));
#5117=LINE('',#5116,#5115);
#5118=DIRECTION('',(6.428711427642E-1,7.659743427825E-1,0.E0));
#5119=VECTOR('',#5118,2.469390666960E-1);
#5120=CARTESIAN_POINT('',(-5.8039E0,3.150680823684E0,-5.7404E0));
#5121=LINE('',#5120,#5119);
#5122=DIRECTION('',(0.E0,-1.E0,0.E0));
#5123=VECTOR('',#5122,2.161702626944E-1);
#5124=CARTESIAN_POINT('',(-5.8039E0,3.366851086378E0,-5.7404E0));
#5125=LINE('',#5124,#5123);
#5126=DIRECTION('',(-6.428712937139E-1,-7.659742160926E-1,0.E0));
#5127=VECTOR('',#5126,2.469390087134E-1);
#5128=CARTESIAN_POINT('',(-5.64515E0,3.556E0,-5.7404E0));
#5129=LINE('',#5128,#5127);
#5130=DIRECTION('',(-1.E0,0.E0,0.E0));
#5131=VECTOR('',#5130,1.5875E-1);
#5132=CARTESIAN_POINT('',(-5.4864E0,3.556E0,-5.7404E0));
#5133=LINE('',#5132,#5131);
#5134=DIRECTION('',(-6.996248351869E-1,7.145103848018E-1,0.E0));
#5135=VECTOR('',#5134,1.134536626030E-1);
#5136=CARTESIAN_POINT('',(-3.697816691899E0,-2.807510636687E0,-5.7404E0));
#5137=LINE('',#5136,#5135);
#5138=DIRECTION('',(-3.646920866794E-1,9.311281769517E-1,0.E0));
#5139=VECTOR('',#5138,1.450996438698E-1);
#5140=CARTESIAN_POINT('',(-3.6449E0,-2.942617003560E0,-5.7404E0));
#5141=LINE('',#5140,#5139);
#5142=DIRECTION('',(0.E0,1.E0,0.E0));
#5143=VECTOR('',#5142,1.351064047217E-1);
#5144=CARTESIAN_POINT('',(-3.6449E0,-3.077723408282E0,-5.7404E0));
#5145=LINE('',#5144,#5143);
#5146=DIRECTION('',(3.646920423907E-1,9.311281942981E-1,0.E0));
#5147=VECTOR('',#5146,1.450996614909E-1);
#5148=CARTESIAN_POINT('',(-3.697816691899E0,-3.212829794079E0,-5.7404E0));
#5149=LINE('',#5148,#5147);
#5150=DIRECTION('',(5.919095150862E-1,8.060044205527E-1,0.E0));
#5151=VECTOR('',#5150,1.340998885420E-1);
#5152=CARTESIAN_POINT('',(-3.777191691899E0,-3.320914897040E0,-5.7404E0));
#5153=LINE('',#5152,#5151);
#5154=DIRECTION('',(8.526533134429E-1,5.224771067470E-1,0.E0));
#5155=VECTOR('',#5154,1.551528788028E-1);
#5156=CARTESIAN_POINT('',(-3.909483308101E0,-3.401978724260E0,-5.7404E0));
#5157=LINE('',#5156,#5155);
#5158=DIRECTION('',(9.797707133274E-1,2.001233352361E-1,0.E0));
#5159=VECTOR('',#5158,1.350231131629E-1);
#5160=CARTESIAN_POINT('',(-4.041775E0,-3.429E0,-5.7404E0));
#5161=LINE('',#5160,#5159);
#5162=DIRECTION('',(1.E0,0.E0,0.E0));
#5163=VECTOR('',#5162,1.322916540504E-1);
#5164=CARTESIAN_POINT('',(-4.174066654050E0,-3.429E0,-5.7404E0));
#5165=LINE('',#5164,#5163);
#5166=DIRECTION('',(9.797707077141E-1,-2.001233627174E-1,0.E0));
#5167=VECTOR('',#5166,1.350230946213E-1);
#5168=CARTESIAN_POINT('',(-4.306358327025E0,-3.401978724260E0,-5.7404E0));
#5169=LINE('',#5168,#5167);
#5170=DIRECTION('',(8.526534133324E-1,-5.224769437331E-1,0.E0));
#5171=VECTOR('',#5170,1.551529272108E-1);
#5172=CARTESIAN_POINT('',(-4.43865E0,-3.320914897040E0,-5.7404E0));
#5173=LINE('',#5172,#5171);
#5174=DIRECTION('',(5.919095150862E-1,-8.060044205527E-1,0.E0));
#5175=VECTOR('',#5174,1.340998885420E-1);
#5176=CARTESIAN_POINT('',(-4.518025E0,-3.212829794079E0,-5.7404E0));
#5177=LINE('',#5176,#5175);
#5178=DIRECTION('',(3.646918869090E-1,-9.311282551951E-1,0.E0));
#5179=VECTOR('',#5178,1.450996520012E-1);
#5180=CARTESIAN_POINT('',(-4.570941665878E0,-3.077723408282E0,-5.7404E0));
#5181=LINE('',#5180,#5179);
#5182=DIRECTION('',(1.385322033076E-1,-9.903579295622E-1,0.E0));
#5183=VECTOR('',#5182,1.909904952793E-1);
#5184=CARTESIAN_POINT('',(-4.5974E0,-2.888574456811E0,-5.7404E0));
#5185=LINE('',#5184,#5183);
#5186=DIRECTION('',(0.E0,-1.E0,0.E0));
#5187=VECTOR('',#5186,1.891489136219E-1);
#5188=CARTESIAN_POINT('',(-4.5974E0,-2.699425543189E0,-5.7404E0));
#5189=LINE('',#5188,#5187);
#5190=DIRECTION('',(-1.385322304961E-1,-9.903579257591E-1,0.E0));
#5191=VECTOR('',#5190,1.909904577953E-1);
#5192=CARTESIAN_POINT('',(-4.570941665878E0,-2.510276629567E0,-5.7404E0));
#5193=LINE('',#5192,#5191);
#5194=DIRECTION('',(-3.646917540429E-1,-9.311283072343E-1,0.E0));
#5195=VECTOR('',#5194,1.450997048645E-1);
#5196=CARTESIAN_POINT('',(-4.518025E0,-2.375170186996E0,-5.7404E0));
#5197=LINE('',#5196,#5195);
#5198=DIRECTION('',(-5.919095487496E-1,-8.060043958311E-1,0.E0));
#5199=VECTOR('',#5198,1.340998809154E-1);
#5200=CARTESIAN_POINT('',(-4.43865E0,-2.267085093498E0,-5.7404E0));
#5201=LINE('',#5200,#5199);
#5202=DIRECTION('',(-8.526534337091E-1,-5.224769104793E-1,0.E0));
#5203=VECTOR('',#5202,1.551529235030E-1);
#5204=CARTESIAN_POINT('',(-4.306358327025E0,-2.186021273375E0,-5.7404E0));
#5205=LINE('',#5204,#5203);
#5206=DIRECTION('',(-9.797707111493E-1,-2.001233458994E-1,0.E0));
#5207=VECTOR('',#5206,1.350230941479E-1);
#5208=CARTESIAN_POINT('',(-4.174066654050E0,-2.159E0,-5.7404E0));
#5209=LINE('',#5208,#5207);
#5210=DIRECTION('',(-1.E0,0.E0,0.E0));
#5211=VECTOR('',#5210,1.058333081007E-1);
#5212=CARTESIAN_POINT('',(-4.068233345950E0,-2.159E0,-5.7404E0));
#5213=LINE('',#5212,#5211);
#5214=DIRECTION('',(-9.797707055361E-1,2.001233733807E-1,0.E0));
#5215=VECTOR('',#5214,1.350230756062E-1);
#5216=CARTESIAN_POINT('',(-3.935941691899E0,-2.186021273375E0,-5.7404E0));
#5217=LINE('',#5216,#5215);
#5218=DIRECTION('',(-8.526534670056E-1,5.224768561414E-1,0.E0));
#5219=VECTOR('',#5218,1.551529396390E-1);
#5220=CARTESIAN_POINT('',(-3.80365E0,-2.267085093498E0,-5.7404E0));
#5221=LINE('',#5220,#5219);
#5222=DIRECTION('',(-5.919095487496E-1,8.060043958311E-1,0.E0));
#5223=VECTOR('',#5222,1.340998809154E-1);
#5224=CARTESIAN_POINT('',(-3.724275E0,-2.375170186996E0,-5.7404E0));
#5225=LINE('',#5224,#5223);
#5226=DIRECTION('',(-3.102797975506E-1,9.506452793929E-1,0.E0));
#5227=VECTOR('',#5226,8.527241641114E-2);
#5228=CARTESIAN_POINT('',(-3.697816691899E0,-2.456234007120E0,-5.7404E0));
#5229=LINE('',#5228,#5227);
#5230=DIRECTION('',(1.E0,0.E0,0.E0));
#5231=VECTOR('',#5230,1.322916162014E-1);
#5232=CARTESIAN_POINT('',(-3.830108308101E0,-2.456234007120E0,-5.7404E0));
#5233=LINE('',#5232,#5231);
#5234=DIRECTION('',(5.466227293958E-1,-8.373790012342E-1,0.E0));
#5235=VECTOR('',#5234,9.680660728798E-2);
#5236=CARTESIAN_POINT('',(-3.883025E0,-2.375170186996E0,-5.7404E0));
#5237=LINE('',#5236,#5235);
#5238=DIRECTION('',(8.265992787996E-1,-5.627909312417E-1,0.E0));
#5239=VECTOR('',#5238,9.602597296633E-2);
#5240=CARTESIAN_POINT('',(-3.9624E0,-2.321127640247E0,-5.7404E0));
#5241=LINE('',#5240,#5239);
#5242=DIRECTION('',(9.466499177700E-1,-3.222637633772E-1,0.E0));
#5243=VECTOR('',#5242,8.384831447192E-2);
#5244=CARTESIAN_POINT('',(-4.041775E0,-2.294106366873E0,-5.7404E0));
#5245=LINE('',#5244,#5243);
#5246=DIRECTION('',(1.E0,0.E0,0.E0));
#5247=VECTOR('',#5246,1.5875E-1);
#5248=CARTESIAN_POINT('',(-4.200525E0,-2.294106366873E0,-5.7404E0));
#5249=LINE('',#5248,#5247);
#5250=DIRECTION('',(9.466499177700E-1,3.222637633772E-1,0.E0));
#5251=VECTOR('',#5250,8.384831447192E-2);
#5252=CARTESIAN_POINT('',(-4.2799E0,-2.321127640247E0,-5.7404E0));
#5253=LINE('',#5252,#5251);
#5254=DIRECTION('',(8.265992787996E-1,5.627909312418E-1,0.E0));
#5255=VECTOR('',#5254,9.602597296633E-2);
#5256=CARTESIAN_POINT('',(-4.359275E0,-2.375170186996E0,-5.7404E0));
#5257=LINE('',#5256,#5255);
#5258=DIRECTION('',(5.466225923193E-1,8.373790907147E-1,0.E0));
#5259=VECTOR('',#5258,9.680659694343E-2);
#5260=CARTESIAN_POINT('',(-4.412191672975E0,-2.456234007120E0,-5.7404E0));
#5261=LINE('',#5260,#5259);
#5262=DIRECTION('',(3.102797362676E-1,9.506452993950E-1,0.E0));
#5263=VECTOR('',#5262,8.527249424487E-2);
#5264=CARTESIAN_POINT('',(-4.43865E0,-2.537297902942E0,-5.7404E0));
#5265=LINE('',#5264,#5263);
#5266=DIRECTION('',(1.610638152105E-1,9.869439940695E-1,0.E0));
#5267=VECTOR('',#5266,1.642723814336E-1);
#5268=CARTESIAN_POINT('',(-4.465108336487E0,-2.699425543189E0,-5.7404E0));
#5269=LINE('',#5268,#5267);
#5270=DIRECTION('',(0.E0,1.E0,0.E0));
#5271=VECTOR('',#5270,5.404254674912E-2);
#5272=CARTESIAN_POINT('',(-4.465108336487E0,-2.753468089938E0,-5.7404E0));
#5273=LINE('',#5272,#5271);
#5274=DIRECTION('',(-8.265992944048E-1,-5.627909083216E-1,0.E0));
#5275=VECTOR('',#5274,1.920519537541E-1);
#5276=CARTESIAN_POINT('',(-4.306358327025E0,-2.645382996440E0,-5.7404E0));
#5277=LINE('',#5276,#5275);
#5278=DIRECTION('',(-9.797707111493E-1,-2.001233458994E-1,0.E0));
#5279=VECTOR('',#5278,1.350230941479E-1);
#5280=CARTESIAN_POINT('',(-4.174066654050E0,-2.618361723065E0,-5.7404E0));
#5281=LINE('',#5280,#5279);
#5282=DIRECTION('',(-1.E0,0.E0,0.E0));
#5283=VECTOR('',#5282,1.322916540504E-1);
#5284=CARTESIAN_POINT('',(-4.041775E0,-2.618361723065E0,-5.7404E0));
#5285=LINE('',#5284,#5283);
#5286=DIRECTION('',(-9.797707167625E-1,2.001233184180E-1,0.E0));
#5287=VECTOR('',#5286,1.350231126895E-1);
#5288=CARTESIAN_POINT('',(-3.909483308101E0,-2.645382996440E0,-5.7404E0));
#5289=LINE('',#5288,#5287);
#5290=DIRECTION('',(-8.526533338197E-1,5.224770734933E-1,0.E0));
#5291=VECTOR('',#5290,1.551528750949E-1);
#5292=CARTESIAN_POINT('',(-3.777191691899E0,-2.726446816564E0,-5.7404E0));
#5293=LINE('',#5292,#5291);
#5294=DIRECTION('',(3.102796666273E-1,-9.506453221247E-1,0.E0));
#5295=VECTOR('',#5294,8.527245239206E-2);
#5296=CARTESIAN_POINT('',(-3.80365E0,-2.888574456811E0,-5.7404E0));
#5297=LINE('',#5296,#5295);
#5298=DIRECTION('',(6.996250055017E-1,-7.145102180353E-1,0.E0));
#5299=VECTOR('',#5298,7.563579272207E-2);
#5300=CARTESIAN_POINT('',(-3.856566691899E0,-2.834531910062E0,-5.7404E0));
#5301=LINE('',#5300,#5299);
#5302=DIRECTION('',(8.265992787996E-1,-5.627909312417E-1,0.E0));
#5303=VECTOR('',#5302,9.602597296633E-2);
#5304=CARTESIAN_POINT('',(-3.935941691899E0,-2.780489363313E0,-5.7404E0));
#5305=LINE('',#5304,#5303);
#5306=DIRECTION('',(9.466498708905E-1,-3.222639010856E-1,0.E0));
#5307=VECTOR('',#5306,8.384827864222E-2);
#5308=CARTESIAN_POINT('',(-4.015316654050E0,-2.753468089938E0,-5.7404E0));
#5309=LINE('',#5308,#5307);
#5310=DIRECTION('',(1.E0,0.E0,0.E0));
#5311=VECTOR('',#5310,1.852083459497E-1);
#5312=CARTESIAN_POINT('',(-4.200525E0,-2.753468089938E0,-5.7404E0));
#5313=LINE('',#5312,#5311);
#5314=DIRECTION('',(9.466499177700E-1,3.222637633772E-1,0.E0));
#5315=VECTOR('',#5314,8.384831447192E-2);
#5316=CARTESIAN_POINT('',(-4.2799E0,-2.780489363313E0,-5.7404E0));
#5317=LINE('',#5316,#5315);
#5318=DIRECTION('',(8.265992787996E-1,5.627909312417E-1,0.E0));
#5319=VECTOR('',#5318,9.602597296633E-2);
#5320=CARTESIAN_POINT('',(-4.359275E0,-2.834531910062E0,-5.7404E0));
#5321=LINE('',#5320,#5319);
#5322=DIRECTION('',(6.996248777656E-1,7.145103431102E-1,0.E0));
#5323=VECTOR('',#5322,7.563577948203E-2);
#5324=CARTESIAN_POINT('',(-4.412191672975E0,-2.888574456811E0,-5.7404E0));
#5325=LINE('',#5324,#5323);
#5326=DIRECTION('',(3.102798671909E-1,9.506452566631E-1,0.E0));
#5327=VECTOR('',#5326,8.527245826395E-2);
#5328=CARTESIAN_POINT('',(-4.43865E0,-2.969638314784E0,-5.7404E0));
#5329=LINE('',#5328,#5327);
#5330=DIRECTION('',(0.E0,1.E0,0.E0));
#5331=VECTOR('',#5330,8.106382012367E-2);
#5332=CARTESIAN_POINT('',(-4.43865E0,-3.050702134907E0,-5.7404E0));
#5333=LINE('',#5332,#5331);
#5334=DIRECTION('',(-3.102799981143E-1,9.506452139312E-1,0.E0));
#5335=VECTOR('',#5334,8.527242228302E-2);
#5336=CARTESIAN_POINT('',(-4.412191672975E0,-3.131765955031E0,-5.7404E0));
#5337=LINE('',#5336,#5335);
#5338=DIRECTION('',(-5.466225028388E-1,8.373791491256E-1,0.E0));
#5339=VECTOR('',#5338,9.680661279039E-2);
#5340=CARTESIAN_POINT('',(-4.359275E0,-3.212829794079E0,-5.7404E0));
#5341=LINE('',#5340,#5339);
#5342=DIRECTION('',(-8.265992787996E-1,5.627909312418E-1,0.E0));
#5343=VECTOR('',#5342,9.602597296633E-2);
#5344=CARTESIAN_POINT('',(-4.2799E0,-3.266872340828E0,-5.7404E0));
#5345=LINE('',#5344,#5343);
#5346=DIRECTION('',(-9.466499177700E-1,3.222637633772E-1,0.E0));
#5347=VECTOR('',#5346,8.384831447192E-2);
#5348=CARTESIAN_POINT('',(-4.200525E0,-3.293893614203E0,-5.7404E0));
#5349=LINE('',#5348,#5347);
#5350=DIRECTION('',(-1.E0,0.E0,0.E0));
#5351=VECTOR('',#5350,1.852083459497E-1);
#5352=CARTESIAN_POINT('',(-4.015316654050E0,-3.293893614203E0,-5.7404E0));
#5353=LINE('',#5352,#5351);
#5354=DIRECTION('',(-9.466498708905E-1,-3.222639010856E-1,0.E0));
#5355=VECTOR('',#5354,8.384827864222E-2);
#5356=CARTESIAN_POINT('',(-3.935941691899E0,-3.266872340828E0,-5.7404E0));
#5357=LINE('',#5356,#5355);
#5358=DIRECTION('',(-8.265992787996E-1,-5.627909312417E-1,0.E0));
#5359=VECTOR('',#5358,9.602597296633E-2);
#5360=CARTESIAN_POINT('',(-3.856566691899E0,-3.212829794079E0,-5.7404E0));
#5361=LINE('',#5360,#5359);
#5362=DIRECTION('',(-5.466226399153E-1,-8.373790596451E-1,0.E0));
#5363=VECTOR('',#5362,9.680662313493E-2);
#5364=CARTESIAN_POINT('',(-3.80365E0,-3.131765955031E0,-5.7404E0));
#5365=LINE('',#5364,#5363);
#5366=DIRECTION('',(-3.102797975506E-1,-9.506452793929E-1,0.E0));
#5367=VECTOR('',#5366,8.527241641114E-2);
#5368=CARTESIAN_POINT('',(-3.777191691899E0,-3.050702134907E0,-5.7404E0));
#5369=LINE('',#5368,#5367);
#5370=DIRECTION('',(0.E0,-1.E0,0.E0));
#5371=VECTOR('',#5370,8.106382012367E-2);
#5372=CARTESIAN_POINT('',(-3.777191691899E0,-2.969638314784E0,-5.7404E0));
#5373=LINE('',#5372,#5371);
#5374=DIRECTION('',(7.938782159876E-1,6.080767864179E-1,0.E0));
#5375=VECTOR('',#5374,1.333118151101E-1);
#5376=CARTESIAN_POINT('',(5.239808327025E0,2.853446816564E0,-5.7404E0));
#5377=LINE('',#5376,#5375);
#5378=DIRECTION('',(1.E0,0.E0,0.E0));
#5379=VECTOR('',#5378,1.852083270252E-1);
#5380=CARTESIAN_POINT('',(5.0546E0,2.853446816564E0,-5.7404E0));
#5381=LINE('',#5380,#5379);
#5382=DIRECTION('',(0.E0,-1.E0,0.E0));
#5383=VECTOR('',#5382,7.025531834364E-1);
#5384=CARTESIAN_POINT('',(5.0546E0,3.556E0,-5.7404E0));
#5385=LINE('',#5384,#5383);
#5386=DIRECTION('',(-1.E0,0.E0,0.E0));
#5387=VECTOR('',#5386,8.995833081007E-1);
#5388=CARTESIAN_POINT('',(5.954183308101E0,3.556E0,-5.7404E0));
#5389=LINE('',#5388,#5387);
#5390=DIRECTION('',(0.E0,1.E0,0.E0));
#5391=VECTOR('',#5390,1.351063668728E-1);
#5392=CARTESIAN_POINT('',(5.954183308101E0,3.420893633127E0,-5.7404E0));
#5393=LINE('',#5392,#5391);
#5394=DIRECTION('',(1.E0,0.E0,0.E0));
#5395=VECTOR('',#5394,7.672916445881E-1);
#5396=CARTESIAN_POINT('',(5.186891663513E0,3.420893633127E0,-5.7404E0));
#5397=LINE('',#5396,#5395);
#5398=DIRECTION('',(0.E0,1.E0,0.E0));
#5399=VECTOR('',#5398,4.323404496908E-1);
#5400=CARTESIAN_POINT('',(5.186891663513E0,2.988553183436E0,-5.7404E0));
#5401=LINE('',#5400,#5399);
#5402=DIRECTION('',(-8.526534170609E-1,-5.224769376483E-1,0.E0));
#5403=VECTOR('',#5402,1.551529154350E-1);
#5404=CARTESIAN_POINT('',(5.319183327025E0,3.069617003560E0,-5.7404E0));
#5405=LINE('',#5404,#5403);
#5406=DIRECTION('',(-9.797707111493E-1,-2.001233458994E-1,0.E0));
#5407=VECTOR('',#5406,1.350230941479E-1);
#5408=CARTESIAN_POINT('',(5.451475E0,3.096638276935E0,-5.7404E0));
#5409=LINE('',#5408,#5407);
#5410=DIRECTION('',(-1.E0,0.E0,0.E0));
#5411=VECTOR('',#5410,1.5875E-1);
#5412=CARTESIAN_POINT('',(5.610225E0,3.096638276935E0,-5.7404E0));
#5413=LINE('',#5412,#5411);
#5414=DIRECTION('',(-9.797707167625E-1,2.001233184180E-1,0.E0));
#5415=VECTOR('',#5414,1.350231126895E-1);
#5416=CARTESIAN_POINT('',(5.742516691899E0,3.069617003560E0,-5.7404E0));
#5417=LINE('',#5416,#5415);
#5418=DIRECTION('',(-8.526533338197E-1,5.224770734933E-1,0.E0));
#5419=VECTOR('',#5418,1.551528750949E-1);
#5420=CARTESIAN_POINT('',(5.874808308101E0,2.988553183436E0,-5.7404E0));
#5421=LINE('',#5420,#5419);
#5422=DIRECTION('',(-5.919095487496E-1,8.060043958311E-1,0.E0));
#5423=VECTOR('',#5422,1.340998809154E-1);
#5424=CARTESIAN_POINT('',(5.954183308101E0,2.880468089938E0,-5.7404E0));
#5425=LINE('',#5424,#5423);
#5426=DIRECTION('',(-3.646919981020E-1,9.311282116446E-1,0.E0));
#5427=VECTOR('',#5426,1.450996791120E-1);
#5428=CARTESIAN_POINT('',(6.0071E0,2.745361685216E0,-5.7404E0));
#5429=LINE('',#5428,#5427);
#5430=DIRECTION('',(0.E0,1.E0,0.E0));
#5431=VECTOR('',#5430,1.080850934982E-1);
#5432=CARTESIAN_POINT('',(6.0071E0,2.637276591718E0,-5.7404E0));
#5433=LINE('',#5432,#5431);
#5434=DIRECTION('',(3.646920423907E-1,9.311281942981E-1,0.E0));
#5435=VECTOR('',#5434,1.450996614909E-1);
#5436=CARTESIAN_POINT('',(5.954183308101E0,2.502170205921E0,-5.7404E0));
#5437=LINE('',#5436,#5435);
#5438=DIRECTION('',(5.919095150862E-1,8.060044205527E-1,0.E0));
#5439=VECTOR('',#5438,1.340998885420E-1);
#5440=CARTESIAN_POINT('',(5.874808308101E0,2.394085102960E0,-5.7404E0));
#5441=LINE('',#5440,#5439);
#5442=DIRECTION('',(8.526533134429E-1,5.224771067470E-1,0.E0));
#5443=VECTOR('',#5442,1.551528788028E-1);
#5444=CARTESIAN_POINT('',(5.742516691899E0,2.313021275740E0,-5.7404E0));
#5445=LINE('',#5444,#5443);
#5446=DIRECTION('',(9.797707133274E-1,2.001233352361E-1,0.E0));
#5447=VECTOR('',#5446,1.350231131629E-1);
#5448=CARTESIAN_POINT('',(5.610225E0,2.286E0,-5.7404E0));
#5449=LINE('',#5448,#5447);
#5450=DIRECTION('',(1.E0,0.E0,0.E0));
#5451=VECTOR('',#5450,1.5875E-1);
#5452=CARTESIAN_POINT('',(5.451475E0,2.286E0,-5.7404E0));
#5453=LINE('',#5452,#5451);
#5454=DIRECTION('',(9.797707077141E-1,-2.001233627174E-1,0.E0));
#5455=VECTOR('',#5454,1.350230946213E-1);
#5456=CARTESIAN_POINT('',(5.319183327025E0,2.313021275740E0,-5.7404E0));
#5457=LINE('',#5456,#5455);
#5458=DIRECTION('',(8.526533966842E-1,-5.224769709020E-1,0.E0));
#5459=VECTOR('',#5458,1.551529191428E-1);
#5460=CARTESIAN_POINT('',(5.186891663513E0,2.394085102960E0,-5.7404E0));
#5461=LINE('',#5460,#5459);
#5462=DIRECTION('',(5.919094921664E-1,-8.060044373844E-1,0.E0));
#5463=VECTOR('',#5462,1.340998857416E-1);
#5464=CARTESIAN_POINT('',(5.107516668244E0,2.502170205921E0,-5.7404E0));
#5465=LINE('',#5464,#5463);
#5466=DIRECTION('',(4.397134442921E-1,-8.981381224003E-1,0.E0));
#5467=VECTOR('',#5466,1.203435303847E-1);
#5468=CARTESIAN_POINT('',(5.0546E0,2.610255318344E0,-5.7404E0));
#5469=LINE('',#5468,#5467);
#5470=DIRECTION('',(-1.E0,0.E0,0.E0));
#5471=VECTOR('',#5470,1.5875E-1);
#5472=CARTESIAN_POINT('',(5.21335E0,2.610255318344E0,-5.7404E0));
#5473=LINE('',#5472,#5471);
#5474=DIRECTION('',(-4.397134760043E-1,8.981381068745E-1,0.E0));
#5475=VECTOR('',#5474,1.203435324650E-1);
#5476=CARTESIAN_POINT('',(5.266266672975E0,2.502170205921E0,-5.7404E0));
#5477=LINE('',#5476,#5475);
#5478=DIRECTION('',(-8.265992787996E-1,5.627909312417E-1,0.E0));
#5479=VECTOR('',#5478,9.602597296633E-2);
#5480=CARTESIAN_POINT('',(5.345641672975E0,2.448127659172E0,-5.7404E0));
#5481=LINE('',#5480,#5479);
#5482=DIRECTION('',(-9.689177141588E-1,2.473832314230E-1,0.E0));
#5483=VECTOR('',#5482,1.092283952276E-1);
#5484=CARTESIAN_POINT('',(5.451475E0,2.421106385797E0,-5.7404E0));
#5485=LINE('',#5484,#5483);
#5486=DIRECTION('',(-1.E0,0.E0,0.E0));
#5487=VECTOR('',#5486,1.5875E-1);
#5488=CARTESIAN_POINT('',(5.610225E0,2.421106385797E0,-5.7404E0));
#5489=LINE('',#5488,#5487);
#5490=DIRECTION('',(-9.689177035558E-1,-2.473832729514E-1,0.E0));
#5491=VECTOR('',#5490,1.092283768914E-1);
#5492=CARTESIAN_POINT('',(5.716058308101E0,2.448127659172E0,-5.7404E0));
#5493=LINE('',#5492,#5491);
#5494=DIRECTION('',(-8.265992787996E-1,-5.627909312417E-1,0.E0));
#5495=VECTOR('',#5494,9.602597296633E-2);
#5496=CARTESIAN_POINT('',(5.795433308101E0,2.502170205921E0,-5.7404E0));
#5497=LINE('',#5496,#5495);
#5498=DIRECTION('',(-5.466226399152E-1,-8.373790596451E-1,0.E0));
#5499=VECTOR('',#5498,9.680662313493E-2);
#5500=CARTESIAN_POINT('',(5.84835E0,2.583234044969E0,-5.7404E0));
#5501=LINE('',#5500,#5499);
#5502=DIRECTION('',(-3.102797975506E-1,-9.506452793929E-1,0.E0));
#5503=VECTOR('',#5502,8.527241641114E-2);
#5504=CARTESIAN_POINT('',(5.874808308101E0,2.664297865093E0,-5.7404E0));
#5505=LINE('',#5504,#5503);
#5506=DIRECTION('',(0.E0,-1.E0,0.E0));
#5507=VECTOR('',#5506,5.404254674911E-2);
#5508=CARTESIAN_POINT('',(5.874808308101E0,2.718340411842E0,-5.7404E0));
#5509=LINE('',#5508,#5507);
#5510=DIRECTION('',(3.102796666273E-1,-9.506453221247E-1,0.E0));
#5511=VECTOR('',#5510,8.527245239207E-2);
#5512=CARTESIAN_POINT('',(5.84835E0,2.799404269814E0,-5.7404E0));
#5513=LINE('',#5512,#5511);
#5514=DIRECTION('',(5.466227293958E-1,-8.373790012342E-1,0.E0));
#5515=VECTOR('',#5514,9.680660728798E-2);
#5516=CARTESIAN_POINT('',(5.795433308101E0,2.880468089938E0,-5.7404E0));
#5517=LINE('',#5516,#5515);
#5518=DIRECTION('',(8.265992787996E-1,-5.627909312417E-1,0.E0));
#5519=VECTOR('',#5518,9.602597296633E-2);
#5520=CARTESIAN_POINT('',(5.716058308101E0,2.934510636687E0,-5.7404E0));
#5521=LINE('',#5520,#5519);
#5522=DIRECTION('',(9.689177035558E-1,-2.473832729514E-1,0.E0));
#5523=VECTOR('',#5522,1.092283768914E-1);
#5524=CARTESIAN_POINT('',(5.610225E0,2.961531910062E0,-5.7404E0));
#5525=LINE('',#5524,#5523);
#5526=DIRECTION('',(1.E0,0.E0,0.E0));
#5527=VECTOR('',#5526,1.5875E-1);
#5528=CARTESIAN_POINT('',(5.451475E0,2.961531910062E0,-5.7404E0));
#5529=LINE('',#5528,#5527);
#5530=DIRECTION('',(9.689177141588E-1,2.473832314230E-1,0.E0));
#5531=VECTOR('',#5530,1.092283952276E-1);
#5532=CARTESIAN_POINT('',(5.345641672975E0,2.934510636687E0,-5.7404E0));
#5533=LINE('',#5532,#5531);
#5534=DIRECTION('',(3.102799827934E-1,-9.506452189317E-1,0.E0));
#5535=VECTOR('',#5534,8.527244174146E-2);
#5536=CARTESIAN_POINT('',(3.837516668244E0,-3.131765955031E0,-5.7404E0));
#5537=LINE('',#5536,#5535);
#5538=DIRECTION('',(-1.E0,0.E0,0.E0));
#5539=VECTOR('',#5538,1.322916587815E-1);
#5540=CARTESIAN_POINT('',(3.969808327025E0,-3.131765955031E0,-5.7404E0));
#5541=LINE('',#5540,#5539);
#5542=DIRECTION('',(-5.466225028387E-1,8.373791491256E-1,0.E0));
#5543=VECTOR('',#5542,9.680661279039E-2);
#5544=CARTESIAN_POINT('',(4.022725E0,-3.212829794079E0,-5.7404E0));
#5545=LINE('',#5544,#5543);
#5546=DIRECTION('',(-8.265992787996E-1,5.627909312418E-1,0.E0));
#5547=VECTOR('',#5546,9.602597296633E-2);
#5548=CARTESIAN_POINT('',(4.1021E0,-3.266872340828E0,-5.7404E0));
#5549=LINE('',#5548,#5547);
#5550=DIRECTION('',(-9.466499177700E-1,3.222637633772E-1,0.E0));
#5551=VECTOR('',#5550,8.384831447193E-2);
#5552=CARTESIAN_POINT('',(4.181475E0,-3.293893614203E0,-5.7404E0));
#5553=LINE('',#5552,#5551);
#5554=DIRECTION('',(-1.E0,0.E0,0.E0));
#5555=VECTOR('',#5554,1.5875E-1);
#5556=CARTESIAN_POINT('',(4.340225E0,-3.293893614203E0,-5.7404E0));
#5557=LINE('',#5556,#5555);
#5558=DIRECTION('',(-9.466499177700E-1,-3.222637633772E-1,0.E0));
#5559=VECTOR('',#5558,8.384831447192E-2);
#5560=CARTESIAN_POINT('',(4.4196E0,-3.266872340828E0,-5.7404E0));
#5561=LINE('',#5560,#5559);
#5562=DIRECTION('',(-8.265992787996E-1,-5.627909312417E-1,0.E0));
#5563=VECTOR('',#5562,9.602597296633E-2);
#5564=CARTESIAN_POINT('',(4.498975E0,-3.212829794079E0,-5.7404E0));
#5565=LINE('',#5564,#5563);
#5566=DIRECTION('',(-5.466226399153E-1,-8.373790596451E-1,0.E0));
#5567=VECTOR('',#5566,9.680662313493E-2);
#5568=CARTESIAN_POINT('',(4.551891691899E0,-3.131765955031E0,-5.7404E0));
#5569=LINE('',#5568,#5567);
#5570=DIRECTION('',(-3.102797975506E-1,-9.506452793929E-1,0.E0));
#5571=VECTOR('',#5570,8.527241641114E-2);
#5572=CARTESIAN_POINT('',(4.57835E0,-3.050702134907E0,-5.7404E0));
#5573=LINE('',#5572,#5571);
#5574=DIRECTION('',(-1.610636102655E-1,-9.869440275154E-1,0.E0));
#5575=VECTOR('',#5574,1.642724142163E-1);
#5576=CARTESIAN_POINT('',(4.604808308101E0,-2.888574456811E0,-5.7404E0));
#5577=LINE('',#5576,#5575);
#5578=DIRECTION('',(0.E0,-1.E0,0.E0));
#5579=VECTOR('',#5578,5.404254674911E-2);
#5580=CARTESIAN_POINT('',(4.604808308101E0,-2.834531910062E0,-5.7404E0));
#5581=LINE('',#5580,#5579);
#5582=DIRECTION('',(8.265992787996E-1,5.627909312417E-1,0.E0));
#5583=VECTOR('',#5582,1.920519459327E-1);
#5584=CARTESIAN_POINT('',(4.446058308101E0,-2.942617003560E0,-5.7404E0));
#5585=LINE('',#5584,#5583);
#5586=DIRECTION('',(9.797706505734E-1,2.001236424690E-1,0.E0));
#5587=VECTOR('',#5586,1.350230831807E-1);
#5588=CARTESIAN_POINT('',(4.313766654050E0,-2.969638314784E0,-5.7404E0));
#5589=LINE('',#5588,#5587);
#5590=DIRECTION('',(1.E0,0.E0,0.E0));
#5591=VECTOR('',#5590,1.322916540503E-1);
#5592=CARTESIAN_POINT('',(4.181475E0,-2.969638314784E0,-5.7404E0));
#5593=LINE('',#5592,#5591);
#5594=DIRECTION('',(9.797706561866E-1,-2.001236149876E-1,0.E0));
#5595=VECTOR('',#5594,1.350231017223E-1);
#5596=CARTESIAN_POINT('',(4.049183327025E0,-2.942617003560E0,-5.7404E0));
#5597=LINE('',#5596,#5595);
#5598=DIRECTION('',(8.526534170609E-1,-5.224769376483E-1,0.E0));
#5599=VECTOR('',#5598,1.551529154350E-1);
#5600=CARTESIAN_POINT('',(3.916891663513E0,-2.861553183436E0,-5.7404E0));
#5601=LINE('',#5600,#5599);
#5602=DIRECTION('',(5.919095258298E-1,-8.060044126628E-1,0.E0));
#5603=VECTOR('',#5602,1.340998781150E-1);
#5604=CARTESIAN_POINT('',(3.837516668244E0,-2.753468089938E0,-5.7404E0));
#5605=LINE('',#5604,#5603);
#5606=DIRECTION('',(3.646919453324E-1,-9.311282323126E-1,0.E0));
#5607=VECTOR('',#5606,1.450996352427E-1);
#5608=CARTESIAN_POINT('',(3.7846E0,-2.618361723065E0,-5.7404E0));
#5609=LINE('',#5608,#5607);
#5610=DIRECTION('',(0.E0,-1.E0,0.E0));
#5611=VECTOR('',#5610,1.080850934982E-1);
#5612=CARTESIAN_POINT('',(3.7846E0,-2.510276629567E0,-5.7404E0));
#5613=LINE('',#5612,#5611);
#5614=DIRECTION('',(-3.646917681776E-1,-9.311283016983E-1,0.E0));
#5615=VECTOR('',#5614,1.450997057272E-1);
#5616=CARTESIAN_POINT('',(3.837516668244E0,-2.375170186996E0,-5.7404E0));
#5617=LINE('',#5616,#5615);
#5618=DIRECTION('',(-5.919095258298E-1,-8.060044126628E-1,0.E0));
#5619=VECTOR('',#5618,1.340998781150E-1);
#5620=CARTESIAN_POINT('',(3.916891663513E0,-2.267085093498E0,-5.7404E0));
#5621=LINE('',#5620,#5619);
#5622=DIRECTION('',(-8.526534170609E-1,-5.224769376483E-1,0.E0));
#5623=VECTOR('',#5622,1.551529154350E-1);
#5624=CARTESIAN_POINT('',(4.049183327025E0,-2.186021273375E0,-5.7404E0));
#5625=LINE('',#5624,#5623);
#5626=DIRECTION('',(-9.797707111493E-1,-2.001233458994E-1,0.E0));
#5627=VECTOR('',#5626,1.350230941479E-1);
#5628=CARTESIAN_POINT('',(4.181475E0,-2.159E0,-5.7404E0));
#5629=LINE('',#5628,#5627);
#5630=DIRECTION('',(-1.E0,0.E0,0.E0));
#5631=VECTOR('',#5630,1.322916540503E-1);
#5632=CARTESIAN_POINT('',(4.313766654050E0,-2.159E0,-5.7404E0));
#5633=LINE('',#5632,#5631);
#5634=DIRECTION('',(-9.797707055361E-1,2.001233733807E-1,0.E0));
#5635=VECTOR('',#5634,1.350230756062E-1);
#5636=CARTESIAN_POINT('',(4.446058308101E0,-2.186021273375E0,-5.7404E0));
#5637=LINE('',#5636,#5635);
#5638=DIRECTION('',(-8.526534670056E-1,5.224768561414E-1,0.E0));
#5639=VECTOR('',#5638,1.551529396390E-1);
#5640=CARTESIAN_POINT('',(4.57835E0,-2.267085093498E0,-5.7404E0));
#5641=LINE('',#5640,#5639);
#5642=DIRECTION('',(-5.919095487496E-1,8.060043958311E-1,0.E0));
#5643=VECTOR('',#5642,1.340998809154E-1);
#5644=CARTESIAN_POINT('',(4.657725E0,-2.375170186996E0,-5.7404E0));
#5645=LINE('',#5644,#5643);
#5646=DIRECTION('',(-3.646919095246E-1,9.311282463374E-1,0.E0));
#5647=VECTOR('',#5646,1.450997143542E-1);
#5648=CARTESIAN_POINT('',(4.710641691899E0,-2.510276629567E0,-5.7404E0));
#5649=LINE('',#5648,#5647);
#5650=DIRECTION('',(-1.385320968676E-1,9.903579444511E-1,0.E0));
#5651=VECTOR('',#5650,1.909904541905E-1);
#5652=CARTESIAN_POINT('',(4.7371E0,-2.699425543189E0,-5.7404E0));
#5653=LINE('',#5652,#5651);
#5654=DIRECTION('',(0.E0,1.E0,0.E0));
#5655=VECTOR('',#5654,1.891489136219E-1);
#5656=CARTESIAN_POINT('',(4.7371E0,-2.888574456811E0,-5.7404E0));
#5657=LINE('',#5656,#5655);
#5658=DIRECTION('',(1.385320696791E-1,9.903579482543E-1,0.E0));
#5659=VECTOR('',#5658,1.909904916745E-1);
#5660=CARTESIAN_POINT('',(4.710641691899E0,-3.077723408282E0,-5.7404E0));
#5661=LINE('',#5660,#5659);
#5662=DIRECTION('',(3.646920423907E-1,9.311281942981E-1,0.E0));
#5663=VECTOR('',#5662,1.450996614909E-1);
#5664=CARTESIAN_POINT('',(4.657725E0,-3.212829794079E0,-5.7404E0));
#5665=LINE('',#5664,#5663);
#5666=DIRECTION('',(5.919095150862E-1,8.060044205527E-1,0.E0));
#5667=VECTOR('',#5666,1.340998885420E-1);
#5668=CARTESIAN_POINT('',(4.57835E0,-3.320914897040E0,-5.7404E0));
#5669=LINE('',#5668,#5667);
#5670=DIRECTION('',(8.526534466288E-1,5.224768893951E-1,0.E0));
#5671=VECTOR('',#5670,1.551529433468E-1);
#5672=CARTESIAN_POINT('',(4.446058308101E0,-3.401978724260E0,-5.7404E0));
#5673=LINE('',#5672,#5671);
#5674=DIRECTION('',(9.797707021009E-1,2.001233901988E-1,0.E0));
#5675=VECTOR('',#5674,1.350230760796E-1);
#5676=CARTESIAN_POINT('',(4.313766654050E0,-3.429E0,-5.7404E0));
#5677=LINE('',#5676,#5675);
#5678=DIRECTION('',(1.E0,0.E0,0.E0));
#5679=VECTOR('',#5678,1.058333081007E-1);
#5680=CARTESIAN_POINT('',(4.207933345950E0,-3.429E0,-5.7404E0));
#5681=LINE('',#5680,#5679);
#5682=DIRECTION('',(9.797707077141E-1,-2.001233627174E-1,0.E0));
#5683=VECTOR('',#5682,1.350230946213E-1);
#5684=CARTESIAN_POINT('',(4.075641672975E0,-3.401978724260E0,-5.7404E0));
#5685=LINE('',#5684,#5683);
#5686=DIRECTION('',(8.526534133324E-1,-5.224769437331E-1,0.E0));
#5687=VECTOR('',#5686,1.551529272108E-1);
#5688=CARTESIAN_POINT('',(3.94335E0,-3.320914897040E0,-5.7404E0));
#5689=LINE('',#5688,#5687);
#5690=DIRECTION('',(5.919095150862E-1,-8.060044205527E-1,0.E0));
#5691=VECTOR('',#5690,1.340998885420E-1);
#5692=CARTESIAN_POINT('',(3.863975E0,-3.212829794079E0,-5.7404E0));
#5693=LINE('',#5692,#5691);
#5694=DIRECTION('',(-3.102797975506E-1,-9.506452793929E-1,0.E0));
#5695=VECTOR('',#5694,8.527241641114E-2);
#5696=CARTESIAN_POINT('',(4.57835E0,-2.591340449691E0,-5.7404E0));
#5697=LINE('',#5696,#5695);
#5698=DIRECTION('',(0.E0,-1.E0,0.E0));
#5699=VECTOR('',#5698,5.404254674912E-2);
#5700=CARTESIAN_POINT('',(4.57835E0,-2.537297902942E0,-5.7404E0));
#5701=LINE('',#5700,#5699);
#5702=DIRECTION('',(3.102795357040E-1,-9.506453648566E-1,0.E0));
#5703=VECTOR('',#5702,8.527248837299E-2);
#5704=CARTESIAN_POINT('',(4.551891691899E0,-2.456234007120E0,-5.7404E0));
#5705=LINE('',#5704,#5703);
#5706=DIRECTION('',(5.466227293958E-1,-8.373790012342E-1,0.E0));
#5707=VECTOR('',#5706,9.680660728798E-2);
#5708=CARTESIAN_POINT('',(4.498975E0,-2.375170186996E0,-5.7404E0));
#5709=LINE('',#5708,#5707);
#5710=DIRECTION('',(8.265992787996E-1,-5.627909312417E-1,0.E0));
#5711=VECTOR('',#5710,9.602597296633E-2);
#5712=CARTESIAN_POINT('',(4.4196E0,-2.321127640247E0,-5.7404E0));
#5713=LINE('',#5712,#5711);
#5714=DIRECTION('',(9.466499177700E-1,-3.222637633772E-1,0.E0));
#5715=VECTOR('',#5714,8.384831447192E-2);
#5716=CARTESIAN_POINT('',(4.340225E0,-2.294106366873E0,-5.7404E0));
#5717=LINE('',#5716,#5715);
#5718=DIRECTION('',(1.E0,0.E0,0.E0));
#5719=VECTOR('',#5718,1.852083459497E-1);
#5720=CARTESIAN_POINT('',(4.155016654050E0,-2.294106366873E0,-5.7404E0));
#5721=LINE('',#5720,#5719);
#5722=DIRECTION('',(9.466498943303E-1,3.222638322314E-1,0.E0));
#5723=VECTOR('',#5722,8.384829655707E-2);
#5724=CARTESIAN_POINT('',(4.075641672975E0,-2.321127640247E0,-5.7404E0));
#5725=LINE('',#5724,#5723);
#5726=DIRECTION('',(8.265992787996E-1,5.627909312418E-1,0.E0));
#5727=VECTOR('',#5726,9.602597296633E-2);
#5728=CARTESIAN_POINT('',(3.996266672975E0,-2.375170186996E0,-5.7404E0));
#5729=LINE('',#5728,#5727);
#5730=DIRECTION('',(5.466225923193E-1,8.373790907147E-1,0.E0));
#5731=VECTOR('',#5730,9.680659694343E-2);
#5732=CARTESIAN_POINT('',(3.94335E0,-2.456234007120E0,-5.7404E0));
#5733=LINE('',#5732,#5731);
#5734=DIRECTION('',(3.102798365493E-1,9.506452666642E-1,0.E0));
#5735=VECTOR('',#5734,8.527249718081E-2);
#5736=CARTESIAN_POINT('',(3.916891663513E0,-2.537297902942E0,-5.7404E0));
#5737=LINE('',#5736,#5735);
#5738=DIRECTION('',(0.E0,1.E0,0.E0));
#5739=VECTOR('',#5738,5.404254674912E-2);
#5740=CARTESIAN_POINT('',(3.916891663513E0,-2.591340449691E0,-5.7404E0));
#5741=LINE('',#5740,#5739);
#5742=DIRECTION('',(-3.102800983961E-1,9.506451812003E-1,0.E0));
#5743=VECTOR('',#5742,8.527242521897E-2);
#5744=CARTESIAN_POINT('',(3.94335E0,-2.672404269814E0,-5.7404E0));
#5745=LINE('',#5744,#5743);
#5746=DIRECTION('',(-5.466225923193E-1,8.373790907147E-1,0.E0));
#5747=VECTOR('',#5746,9.680659694343E-2);
#5748=CARTESIAN_POINT('',(3.996266672975E0,-2.753468089938E0,-5.7404E0));
#5749=LINE('',#5748,#5747);
#5750=DIRECTION('',(-8.265992787996E-1,5.627909312417E-1,0.E0));
#5751=VECTOR('',#5750,9.602597296633E-2);
#5752=CARTESIAN_POINT('',(4.075641672975E0,-2.807510636687E0,-5.7404E0));
#5753=LINE('',#5752,#5751);
#5754=DIRECTION('',(-9.466498943303E-1,3.222638322314E-1,0.E0));
#5755=VECTOR('',#5754,8.384829655707E-2);
#5756=CARTESIAN_POINT('',(4.155016654050E0,-2.834531910062E0,-5.7404E0));
#5757=LINE('',#5756,#5755);
#5758=DIRECTION('',(-1.E0,0.E0,0.E0));
#5759=VECTOR('',#5758,1.852083459497E-1);
#5760=CARTESIAN_POINT('',(4.340225E0,-2.834531910062E0,-5.7404E0));
#5761=LINE('',#5760,#5759);
#5762=DIRECTION('',(-9.466499177700E-1,-3.222637633772E-1,0.E0));
#5763=VECTOR('',#5762,8.384831447192E-2);
#5764=CARTESIAN_POINT('',(4.4196E0,-2.807510636687E0,-5.7404E0));
#5765=LINE('',#5764,#5763);
#5766=DIRECTION('',(-8.265992787996E-1,-5.627909312417E-1,0.E0));
#5767=VECTOR('',#5766,9.602597296633E-2);
#5768=CARTESIAN_POINT('',(4.498975E0,-2.753468089938E0,-5.7404E0));
#5769=LINE('',#5768,#5767);
#5770=DIRECTION('',(-5.466227293958E-1,-8.373790012342E-1,0.E0));
#5771=VECTOR('',#5770,9.680660728798E-2);
#5772=CARTESIAN_POINT('',(4.551891691899E0,-2.672404269814E0,-5.7404E0));
#5773=LINE('',#5772,#5771);
#5774=DIRECTION('',(0.E0,0.E0,1.E0));
#5775=VECTOR('',#5774,1.524E-1);
#5776=CARTESIAN_POINT('',(-3.697816691899E0,-2.807510636687E0,-5.8928E0));
#5777=LINE('',#5776,#5775);
#5778=DIRECTION('',(0.E0,0.E0,1.E0));
#5779=VECTOR('',#5778,1.524E-1);
#5780=CARTESIAN_POINT('',(-3.6449E0,-2.942617003560E0,-5.8928E0));
#5781=LINE('',#5780,#5779);
#5782=DIRECTION('',(0.E0,0.E0,1.E0));
#5783=VECTOR('',#5782,1.524E-1);
#5784=CARTESIAN_POINT('',(-3.6449E0,-3.077723408282E0,-5.8928E0));
#5785=LINE('',#5784,#5783);
#5786=DIRECTION('',(0.E0,0.E0,1.E0));
#5787=VECTOR('',#5786,1.524E-1);
#5788=CARTESIAN_POINT('',(-3.697816691899E0,-3.212829794079E0,-5.8928E0));
#5789=LINE('',#5788,#5787);
#5790=DIRECTION('',(0.E0,0.E0,1.E0));
#5791=VECTOR('',#5790,1.524E-1);
#5792=CARTESIAN_POINT('',(-3.777191691899E0,-3.320914897040E0,-5.8928E0));
#5793=LINE('',#5792,#5791);
#5794=DIRECTION('',(0.E0,0.E0,1.E0));
#5795=VECTOR('',#5794,1.524E-1);
#5796=CARTESIAN_POINT('',(-3.909483308101E0,-3.401978724260E0,-5.8928E0));
#5797=LINE('',#5796,#5795);
#5798=DIRECTION('',(-1.748382715945E-14,0.E0,1.E0));
#5799=VECTOR('',#5798,1.524E-1);
#5800=CARTESIAN_POINT('',(-4.041775E0,-3.429E0,-5.8928E0));
#5801=LINE('',#5800,#5799);
#5802=DIRECTION('',(1.748382715945E-14,0.E0,1.E0));
#5803=VECTOR('',#5802,1.524E-1);
#5804=CARTESIAN_POINT('',(-4.174066654050E0,-3.429E0,-5.8928E0));
#5805=LINE('',#5804,#5803);
#5806=DIRECTION('',(0.E0,0.E0,1.E0));
#5807=VECTOR('',#5806,1.524E-1);
#5808=CARTESIAN_POINT('',(-4.306358327025E0,-3.401978724260E0,-5.8928E0));
#5809=LINE('',#5808,#5807);
#5810=DIRECTION('',(0.E0,0.E0,1.E0));
#5811=VECTOR('',#5810,1.524E-1);
#5812=CARTESIAN_POINT('',(-4.43865E0,-3.320914897040E0,-5.8928E0));
#5813=LINE('',#5812,#5811);
#5814=DIRECTION('',(0.E0,0.E0,1.E0));
#5815=VECTOR('',#5814,1.524E-1);
#5816=CARTESIAN_POINT('',(-4.518025E0,-3.212829794079E0,-5.8928E0));
#5817=LINE('',#5816,#5815);
#5818=DIRECTION('',(0.E0,0.E0,1.E0));
#5819=VECTOR('',#5818,1.524E-1);
#5820=CARTESIAN_POINT('',(-4.570941665878E0,-3.077723408282E0,-5.8928E0));
#5821=LINE('',#5820,#5819);
#5822=DIRECTION('',(0.E0,0.E0,1.E0));
#5823=VECTOR('',#5822,1.524E-1);
#5824=CARTESIAN_POINT('',(-4.5974E0,-2.888574456811E0,-5.8928E0));
#5825=LINE('',#5824,#5823);
#5826=DIRECTION('',(0.E0,0.E0,1.E0));
#5827=VECTOR('',#5826,1.524E-1);
#5828=CARTESIAN_POINT('',(-4.5974E0,-2.699425543189E0,-5.8928E0));
#5829=LINE('',#5828,#5827);
#5830=DIRECTION('',(0.E0,0.E0,1.E0));
#5831=VECTOR('',#5830,1.524E-1);
#5832=CARTESIAN_POINT('',(-4.570941665878E0,-2.510276629567E0,-5.8928E0));
#5833=LINE('',#5832,#5831);
#5834=DIRECTION('',(0.E0,0.E0,1.E0));
#5835=VECTOR('',#5834,1.524E-1);
#5836=CARTESIAN_POINT('',(-4.518025E0,-2.375170186996E0,-5.8928E0));
#5837=LINE('',#5836,#5835);
#5838=DIRECTION('',(0.E0,0.E0,1.E0));
#5839=VECTOR('',#5838,1.524E-1);
#5840=CARTESIAN_POINT('',(-4.43865E0,-2.267085093498E0,-5.8928E0));
#5841=LINE('',#5840,#5839);
#5842=DIRECTION('',(0.E0,0.E0,1.E0));
#5843=VECTOR('',#5842,1.524E-1);
#5844=CARTESIAN_POINT('',(-4.306358327025E0,-2.186021273375E0,-5.8928E0));
#5845=LINE('',#5844,#5843);
#5846=DIRECTION('',(-2.331176954594E-14,0.E0,1.E0));
#5847=VECTOR('',#5846,1.524E-1);
#5848=CARTESIAN_POINT('',(-4.174066654050E0,-2.159E0,-5.8928E0));
#5849=LINE('',#5848,#5847);
#5850=DIRECTION('',(0.E0,0.E0,1.E0));
#5851=VECTOR('',#5850,1.524E-1);
#5852=CARTESIAN_POINT('',(-4.068233345950E0,-2.159E0,-5.8928E0));
#5853=LINE('',#5852,#5851);
#5854=DIRECTION('',(0.E0,0.E0,1.E0));
#5855=VECTOR('',#5854,1.524E-1);
#5856=CARTESIAN_POINT('',(-3.935941691899E0,-2.186021273375E0,-5.8928E0));
#5857=LINE('',#5856,#5855);
#5858=DIRECTION('',(0.E0,0.E0,1.E0));
#5859=VECTOR('',#5858,1.524E-1);
#5860=CARTESIAN_POINT('',(-3.80365E0,-2.267085093498E0,-5.8928E0));
#5861=LINE('',#5860,#5859);
#5862=DIRECTION('',(0.E0,0.E0,1.E0));
#5863=VECTOR('',#5862,1.524E-1);
#5864=CARTESIAN_POINT('',(-3.724275E0,-2.375170186996E0,-5.8928E0));
#5865=LINE('',#5864,#5863);
#5866=DIRECTION('',(0.E0,0.E0,1.E0));
#5867=VECTOR('',#5866,1.524E-1);
#5868=CARTESIAN_POINT('',(-3.697816691899E0,-2.456234007120E0,-5.8928E0));
#5869=LINE('',#5868,#5867);
#5870=DIRECTION('',(0.E0,0.E0,1.E0));
#5871=VECTOR('',#5870,1.524E-1);
#5872=CARTESIAN_POINT('',(-3.830108308101E0,-2.456234007120E0,-5.8928E0));
#5873=LINE('',#5872,#5871);
#5874=DIRECTION('',(0.E0,0.E0,1.E0));
#5875=VECTOR('',#5874,1.524E-1);
#5876=CARTESIAN_POINT('',(-3.883025E0,-2.375170186996E0,-5.8928E0));
#5877=LINE('',#5876,#5875);
#5878=DIRECTION('',(0.E0,0.E0,1.E0));
#5879=VECTOR('',#5878,1.524E-1);
#5880=CARTESIAN_POINT('',(-3.9624E0,-2.321127640247E0,-5.8928E0));
#5881=LINE('',#5880,#5879);
#5882=DIRECTION('',(0.E0,0.E0,1.E0));
#5883=VECTOR('',#5882,1.524E-1);
#5884=CARTESIAN_POINT('',(-4.041775E0,-2.294106366873E0,-5.8928E0));
#5885=LINE('',#5884,#5883);
#5886=DIRECTION('',(0.E0,0.E0,1.E0));
#5887=VECTOR('',#5886,1.524E-1);
#5888=CARTESIAN_POINT('',(-4.200525E0,-2.294106366873E0,-5.8928E0));
#5889=LINE('',#5888,#5887);
#5890=DIRECTION('',(0.E0,0.E0,1.E0));
#5891=VECTOR('',#5890,1.524E-1);
#5892=CARTESIAN_POINT('',(-4.2799E0,-2.321127640247E0,-5.8928E0));
#5893=LINE('',#5892,#5891);
#5894=DIRECTION('',(0.E0,0.E0,1.E0));
#5895=VECTOR('',#5894,1.524E-1);
#5896=CARTESIAN_POINT('',(-4.359275E0,-2.375170186996E0,-5.8928E0));
#5897=LINE('',#5896,#5895);
#5898=DIRECTION('',(0.E0,0.E0,1.E0));
#5899=VECTOR('',#5898,1.524E-1);
#5900=CARTESIAN_POINT('',(-4.412191672975E0,-2.456234007120E0,-5.8928E0));
#5901=LINE('',#5900,#5899);
#5902=DIRECTION('',(0.E0,0.E0,1.E0));
#5903=VECTOR('',#5902,1.524E-1);
#5904=CARTESIAN_POINT('',(-4.43865E0,-2.537297902942E0,-5.8928E0));
#5905=LINE('',#5904,#5903);
#5906=DIRECTION('',(0.E0,0.E0,1.E0));
#5907=VECTOR('',#5906,1.524E-1);
#5908=CARTESIAN_POINT('',(-4.465108336487E0,-2.699425543189E0,-5.8928E0));
#5909=LINE('',#5908,#5907);
#5910=DIRECTION('',(0.E0,0.E0,1.E0));
#5911=VECTOR('',#5910,1.524E-1);
#5912=CARTESIAN_POINT('',(-4.465108336487E0,-2.753468089938E0,-5.8928E0));
#5913=LINE('',#5912,#5911);
#5914=DIRECTION('',(0.E0,0.E0,1.E0));
#5915=VECTOR('',#5914,1.524E-1);
#5916=CARTESIAN_POINT('',(-4.306358327025E0,-2.645382996440E0,-5.8928E0));
#5917=LINE('',#5916,#5915);
#5918=DIRECTION('',(1.165588477297E-14,0.E0,1.E0));
#5919=VECTOR('',#5918,1.524E-1);
#5920=CARTESIAN_POINT('',(-4.174066654050E0,-2.618361723065E0,-5.8928E0));
#5921=LINE('',#5920,#5919);
#5922=DIRECTION('',(0.E0,0.E0,1.E0));
#5923=VECTOR('',#5922,1.524E-1);
#5924=CARTESIAN_POINT('',(-4.041775E0,-2.618361723065E0,-5.8928E0));
#5925=LINE('',#5924,#5923);
#5926=DIRECTION('',(0.E0,0.E0,1.E0));
#5927=VECTOR('',#5926,1.524E-1);
#5928=CARTESIAN_POINT('',(-3.909483308101E0,-2.645382996440E0,-5.8928E0));
#5929=LINE('',#5928,#5927);
#5930=DIRECTION('',(0.E0,0.E0,1.E0));
#5931=VECTOR('',#5930,1.524E-1);
#5932=CARTESIAN_POINT('',(-3.777191691899E0,-2.726446816564E0,-5.8928E0));
#5933=LINE('',#5932,#5931);
#5934=DIRECTION('',(0.E0,0.E0,1.E0));
#5935=VECTOR('',#5934,1.524E-1);
#5936=CARTESIAN_POINT('',(-3.80365E0,-2.888574456811E0,-5.8928E0));
#5937=LINE('',#5936,#5935);
#5938=DIRECTION('',(0.E0,0.E0,1.E0));
#5939=VECTOR('',#5938,1.524E-1);
#5940=CARTESIAN_POINT('',(-3.856566691899E0,-2.834531910062E0,-5.8928E0));
#5941=LINE('',#5940,#5939);
#5942=DIRECTION('',(0.E0,0.E0,1.E0));
#5943=VECTOR('',#5942,1.524E-1);
#5944=CARTESIAN_POINT('',(-3.935941691899E0,-2.780489363313E0,-5.8928E0));
#5945=LINE('',#5944,#5943);
#5946=DIRECTION('',(0.E0,0.E0,1.E0));
#5947=VECTOR('',#5946,1.524E-1);
#5948=CARTESIAN_POINT('',(-4.015316654050E0,-2.753468089938E0,-5.8928E0));
#5949=LINE('',#5948,#5947);
#5950=DIRECTION('',(0.E0,0.E0,1.E0));
#5951=VECTOR('',#5950,1.524E-1);
#5952=CARTESIAN_POINT('',(-4.200525E0,-2.753468089938E0,-5.8928E0));
#5953=LINE('',#5952,#5951);
#5954=DIRECTION('',(0.E0,0.E0,1.E0));
#5955=VECTOR('',#5954,1.524E-1);
#5956=CARTESIAN_POINT('',(-4.2799E0,-2.780489363313E0,-5.8928E0));
#5957=LINE('',#5956,#5955);
#5958=DIRECTION('',(0.E0,0.E0,1.E0));
#5959=VECTOR('',#5958,1.524E-1);
#5960=CARTESIAN_POINT('',(-4.359275E0,-2.834531910062E0,-5.8928E0));
#5961=LINE('',#5960,#5959);
#5962=DIRECTION('',(0.E0,0.E0,1.E0));
#5963=VECTOR('',#5962,1.524E-1);
#5964=CARTESIAN_POINT('',(-4.412191672975E0,-2.888574456811E0,-5.8928E0));
#5965=LINE('',#5964,#5963);
#5966=DIRECTION('',(0.E0,0.E0,1.E0));
#5967=VECTOR('',#5966,1.524E-1);
#5968=CARTESIAN_POINT('',(-4.43865E0,-2.969638314784E0,-5.8928E0));
#5969=LINE('',#5968,#5967);
#5970=DIRECTION('',(0.E0,0.E0,1.E0));
#5971=VECTOR('',#5970,1.524E-1);
#5972=CARTESIAN_POINT('',(-4.43865E0,-3.050702134907E0,-5.8928E0));
#5973=LINE('',#5972,#5971);
#5974=DIRECTION('',(0.E0,0.E0,1.E0));
#5975=VECTOR('',#5974,1.524E-1);
#5976=CARTESIAN_POINT('',(-4.412191672975E0,-3.131765955031E0,-5.8928E0));
#5977=LINE('',#5976,#5975);
#5978=DIRECTION('',(0.E0,0.E0,1.E0));
#5979=VECTOR('',#5978,1.524E-1);
#5980=CARTESIAN_POINT('',(-4.359275E0,-3.212829794079E0,-5.8928E0));
#5981=LINE('',#5980,#5979);
#5982=DIRECTION('',(0.E0,0.E0,1.E0));
#5983=VECTOR('',#5982,1.524E-1);
#5984=CARTESIAN_POINT('',(-4.2799E0,-3.266872340828E0,-5.8928E0));
#5985=LINE('',#5984,#5983);
#5986=DIRECTION('',(0.E0,0.E0,1.E0));
#5987=VECTOR('',#5986,1.524E-1);
#5988=CARTESIAN_POINT('',(-4.200525E0,-3.293893614203E0,-5.8928E0));
#5989=LINE('',#5988,#5987);
#5990=DIRECTION('',(0.E0,0.E0,1.E0));
#5991=VECTOR('',#5990,1.524E-1);
#5992=CARTESIAN_POINT('',(-4.015316654050E0,-3.293893614203E0,-5.8928E0));
#5993=LINE('',#5992,#5991);
#5994=DIRECTION('',(0.E0,0.E0,1.E0));
#5995=VECTOR('',#5994,1.524E-1);
#5996=CARTESIAN_POINT('',(-3.935941691899E0,-3.266872340828E0,-5.8928E0));
#5997=LINE('',#5996,#5995);
#5998=DIRECTION('',(0.E0,0.E0,1.E0));
#5999=VECTOR('',#5998,1.524E-1);
#6000=CARTESIAN_POINT('',(-3.856566691899E0,-3.212829794079E0,-5.8928E0));
#6001=LINE('',#6000,#5999);
#6002=DIRECTION('',(0.E0,0.E0,1.E0));
#6003=VECTOR('',#6002,1.524E-1);
#6004=CARTESIAN_POINT('',(-3.80365E0,-3.131765955031E0,-5.8928E0));
#6005=LINE('',#6004,#6003);
#6006=DIRECTION('',(0.E0,0.E0,1.E0));
#6007=VECTOR('',#6006,1.524E-1);
#6008=CARTESIAN_POINT('',(-3.777191691899E0,-3.050702134907E0,-5.8928E0));
#6009=LINE('',#6008,#6007);
#6010=DIRECTION('',(0.E0,0.E0,1.E0));
#6011=VECTOR('',#6010,1.524E-1);
#6012=CARTESIAN_POINT('',(-3.777191691899E0,-2.969638314784E0,-5.8928E0));
#6013=LINE('',#6012,#6011);
#6014=DIRECTION('',(0.E0,0.E0,1.E0));
#6015=VECTOR('',#6014,1.524E-1);
#6016=CARTESIAN_POINT('',(5.239808327025E0,2.853446816564E0,-5.8928E0));
#6017=LINE('',#6016,#6015);
#6018=DIRECTION('',(0.E0,0.E0,1.E0));
#6019=VECTOR('',#6018,1.524E-1);
#6020=CARTESIAN_POINT('',(5.0546E0,2.853446816564E0,-5.8928E0));
#6021=LINE('',#6020,#6019);
#6022=DIRECTION('',(0.E0,0.E0,1.E0));
#6023=VECTOR('',#6022,1.524E-1);
#6024=CARTESIAN_POINT('',(5.0546E0,3.556E0,-5.8928E0));
#6025=LINE('',#6024,#6023);
#6026=DIRECTION('',(0.E0,0.E0,1.E0));
#6027=VECTOR('',#6026,1.524E-1);
#6028=CARTESIAN_POINT('',(5.954183308101E0,3.556E0,-5.8928E0));
#6029=LINE('',#6028,#6027);
#6030=DIRECTION('',(0.E0,0.E0,1.E0));
#6031=VECTOR('',#6030,1.524E-1);
#6032=CARTESIAN_POINT('',(5.954183308101E0,3.420893633127E0,-5.8928E0));
#6033=LINE('',#6032,#6031);
#6034=DIRECTION('',(0.E0,0.E0,1.E0));
#6035=VECTOR('',#6034,1.524E-1);
#6036=CARTESIAN_POINT('',(5.186891663513E0,3.420893633127E0,-5.8928E0));
#6037=LINE('',#6036,#6035);
#6038=DIRECTION('',(0.E0,0.E0,1.E0));
#6039=VECTOR('',#6038,1.524E-1);
#6040=CARTESIAN_POINT('',(5.186891663513E0,2.988553183436E0,-5.8928E0));
#6041=LINE('',#6040,#6039);
#6042=DIRECTION('',(0.E0,0.E0,1.E0));
#6043=VECTOR('',#6042,1.524E-1);
#6044=CARTESIAN_POINT('',(5.319183327025E0,3.069617003560E0,-5.8928E0));
#6045=LINE('',#6044,#6043);
#6046=DIRECTION('',(0.E0,0.E0,1.E0));
#6047=VECTOR('',#6046,1.524E-1);
#6048=CARTESIAN_POINT('',(5.451475E0,3.096638276935E0,-5.8928E0));
#6049=LINE('',#6048,#6047);
#6050=DIRECTION('',(0.E0,0.E0,1.E0));
#6051=VECTOR('',#6050,1.524E-1);
#6052=CARTESIAN_POINT('',(5.610225E0,3.096638276935E0,-5.8928E0));
#6053=LINE('',#6052,#6051);
#6054=DIRECTION('',(0.E0,0.E0,1.E0));
#6055=VECTOR('',#6054,1.524E-1);
#6056=CARTESIAN_POINT('',(5.742516691899E0,3.069617003560E0,-5.8928E0));
#6057=LINE('',#6056,#6055);
#6058=DIRECTION('',(0.E0,0.E0,1.E0));
#6059=VECTOR('',#6058,1.524E-1);
#6060=CARTESIAN_POINT('',(5.874808308101E0,2.988553183436E0,-5.8928E0));
#6061=LINE('',#6060,#6059);
#6062=DIRECTION('',(0.E0,0.E0,1.E0));
#6063=VECTOR('',#6062,1.524E-1);
#6064=CARTESIAN_POINT('',(5.954183308101E0,2.880468089938E0,-5.8928E0));
#6065=LINE('',#6064,#6063);
#6066=DIRECTION('',(0.E0,0.E0,1.E0));
#6067=VECTOR('',#6066,1.524E-1);
#6068=CARTESIAN_POINT('',(6.0071E0,2.745361685216E0,-5.8928E0));
#6069=LINE('',#6068,#6067);
#6070=DIRECTION('',(0.E0,0.E0,1.E0));
#6071=VECTOR('',#6070,1.524E-1);
#6072=CARTESIAN_POINT('',(6.0071E0,2.637276591718E0,-5.8928E0));
#6073=LINE('',#6072,#6071);
#6074=DIRECTION('',(0.E0,0.E0,1.E0));
#6075=VECTOR('',#6074,1.524E-1);
#6076=CARTESIAN_POINT('',(5.954183308101E0,2.502170205921E0,-5.8928E0));
#6077=LINE('',#6076,#6075);
#6078=DIRECTION('',(0.E0,0.E0,1.E0));
#6079=VECTOR('',#6078,1.524E-1);
#6080=CARTESIAN_POINT('',(5.874808308101E0,2.394085102960E0,-5.8928E0));
#6081=LINE('',#6080,#6079);
#6082=DIRECTION('',(0.E0,0.E0,1.E0));
#6083=VECTOR('',#6082,1.524E-1);
#6084=CARTESIAN_POINT('',(5.742516691899E0,2.313021275740E0,-5.8928E0));
#6085=LINE('',#6084,#6083);
#6086=DIRECTION('',(0.E0,0.E0,1.E0));
#6087=VECTOR('',#6086,1.524E-1);
#6088=CARTESIAN_POINT('',(5.610225E0,2.286E0,-5.8928E0));
#6089=LINE('',#6088,#6087);
#6090=DIRECTION('',(0.E0,0.E0,1.E0));
#6091=VECTOR('',#6090,1.524E-1);
#6092=CARTESIAN_POINT('',(5.451475E0,2.286E0,-5.8928E0));
#6093=LINE('',#6092,#6091);
#6094=DIRECTION('',(0.E0,0.E0,1.E0));
#6095=VECTOR('',#6094,1.524E-1);
#6096=CARTESIAN_POINT('',(5.319183327025E0,2.313021275740E0,-5.8928E0));
#6097=LINE('',#6096,#6095);
#6098=DIRECTION('',(0.E0,0.E0,1.E0));
#6099=VECTOR('',#6098,1.524E-1);
#6100=CARTESIAN_POINT('',(5.186891663513E0,2.394085102960E0,-5.8928E0));
#6101=LINE('',#6100,#6099);
#6102=DIRECTION('',(0.E0,0.E0,1.E0));
#6103=VECTOR('',#6102,1.524E-1);
#6104=CARTESIAN_POINT('',(5.107516668244E0,2.502170205921E0,-5.8928E0));
#6105=LINE('',#6104,#6103);
#6106=DIRECTION('',(0.E0,0.E0,1.E0));
#6107=VECTOR('',#6106,1.524E-1);
#6108=CARTESIAN_POINT('',(5.0546E0,2.610255318344E0,-5.8928E0));
#6109=LINE('',#6108,#6107);
#6110=DIRECTION('',(0.E0,0.E0,1.E0));
#6111=VECTOR('',#6110,1.524E-1);
#6112=CARTESIAN_POINT('',(5.21335E0,2.610255318344E0,-5.8928E0));
#6113=LINE('',#6112,#6111);
#6114=DIRECTION('',(-1.165588477297E-14,0.E0,1.E0));
#6115=VECTOR('',#6114,1.524E-1);
#6116=CARTESIAN_POINT('',(5.266266672975E0,2.502170205921E0,-5.8928E0));
#6117=LINE('',#6116,#6115);
#6118=DIRECTION('',(0.E0,0.E0,1.E0));
#6119=VECTOR('',#6118,1.524E-1);
#6120=CARTESIAN_POINT('',(5.345641672975E0,2.448127659172E0,-5.8928E0));
#6121=LINE('',#6120,#6119);
#6122=DIRECTION('',(0.E0,0.E0,1.E0));
#6123=VECTOR('',#6122,1.524E-1);
#6124=CARTESIAN_POINT('',(5.451475E0,2.421106385797E0,-5.8928E0));
#6125=LINE('',#6124,#6123);
#6126=DIRECTION('',(0.E0,0.E0,1.E0));
#6127=VECTOR('',#6126,1.524E-1);
#6128=CARTESIAN_POINT('',(5.610225E0,2.421106385797E0,-5.8928E0));
#6129=LINE('',#6128,#6127);
#6130=DIRECTION('',(0.E0,0.E0,1.E0));
#6131=VECTOR('',#6130,1.524E-1);
#6132=CARTESIAN_POINT('',(5.716058308101E0,2.448127659172E0,-5.8928E0));
#6133=LINE('',#6132,#6131);
#6134=DIRECTION('',(0.E0,0.E0,1.E0));
#6135=VECTOR('',#6134,1.524E-1);
#6136=CARTESIAN_POINT('',(5.795433308101E0,2.502170205921E0,-5.8928E0));
#6137=LINE('',#6136,#6135);
#6138=DIRECTION('',(0.E0,0.E0,1.E0));
#6139=VECTOR('',#6138,1.524E-1);
#6140=CARTESIAN_POINT('',(5.84835E0,2.583234044969E0,-5.8928E0));
#6141=LINE('',#6140,#6139);
#6142=DIRECTION('',(0.E0,0.E0,1.E0));
#6143=VECTOR('',#6142,1.524E-1);
#6144=CARTESIAN_POINT('',(5.874808308101E0,2.664297865093E0,-5.8928E0));
#6145=LINE('',#6144,#6143);
#6146=DIRECTION('',(0.E0,0.E0,1.E0));
#6147=VECTOR('',#6146,1.524E-1);
#6148=CARTESIAN_POINT('',(5.874808308101E0,2.718340411842E0,-5.8928E0));
#6149=LINE('',#6148,#6147);
#6150=DIRECTION('',(0.E0,0.E0,1.E0));
#6151=VECTOR('',#6150,1.524E-1);
#6152=CARTESIAN_POINT('',(5.84835E0,2.799404269814E0,-5.8928E0));
#6153=LINE('',#6152,#6151);
#6154=DIRECTION('',(0.E0,0.E0,1.E0));
#6155=VECTOR('',#6154,1.524E-1);
#6156=CARTESIAN_POINT('',(5.795433308101E0,2.880468089938E0,-5.8928E0));
#6157=LINE('',#6156,#6155);
#6158=DIRECTION('',(0.E0,0.E0,1.E0));
#6159=VECTOR('',#6158,1.524E-1);
#6160=CARTESIAN_POINT('',(5.716058308101E0,2.934510636687E0,-5.8928E0));
#6161=LINE('',#6160,#6159);
#6162=DIRECTION('',(0.E0,0.E0,1.E0));
#6163=VECTOR('',#6162,1.524E-1);
#6164=CARTESIAN_POINT('',(5.610225E0,2.961531910062E0,-5.8928E0));
#6165=LINE('',#6164,#6163);
#6166=DIRECTION('',(0.E0,0.E0,1.E0));
#6167=VECTOR('',#6166,1.524E-1);
#6168=CARTESIAN_POINT('',(5.451475E0,2.961531910062E0,-5.8928E0));
#6169=LINE('',#6168,#6167);
#6170=DIRECTION('',(0.E0,0.E0,1.E0));
#6171=VECTOR('',#6170,1.524E-1);
#6172=CARTESIAN_POINT('',(5.345641672975E0,2.934510636687E0,-5.8928E0));
#6173=LINE('',#6172,#6171);
#6174=DIRECTION('',(0.E0,0.E0,1.E0));
#6175=VECTOR('',#6174,1.524E-1);
#6176=CARTESIAN_POINT('',(3.837516668244E0,-3.131765955031E0,-5.8928E0));
#6177=LINE('',#6176,#6175);
#6178=DIRECTION('',(0.E0,0.E0,1.E0));
#6179=VECTOR('',#6178,1.524E-1);
#6180=CARTESIAN_POINT('',(3.969808327025E0,-3.131765955031E0,-5.8928E0));
#6181=LINE('',#6180,#6179);
#6182=DIRECTION('',(0.E0,0.E0,1.E0));
#6183=VECTOR('',#6182,1.524E-1);
#6184=CARTESIAN_POINT('',(4.022725E0,-3.212829794079E0,-5.8928E0));
#6185=LINE('',#6184,#6183);
#6186=DIRECTION('',(0.E0,0.E0,1.E0));
#6187=VECTOR('',#6186,1.524E-1);
#6188=CARTESIAN_POINT('',(4.1021E0,-3.266872340828E0,-5.8928E0));
#6189=LINE('',#6188,#6187);
#6190=DIRECTION('',(-1.165588477297E-14,0.E0,1.E0));
#6191=VECTOR('',#6190,1.524E-1);
#6192=CARTESIAN_POINT('',(4.181475E0,-3.293893614203E0,-5.8928E0));
#6193=LINE('',#6192,#6191);
#6194=DIRECTION('',(0.E0,0.E0,1.E0));
#6195=VECTOR('',#6194,1.524E-1);
#6196=CARTESIAN_POINT('',(4.340225E0,-3.293893614203E0,-5.8928E0));
#6197=LINE('',#6196,#6195);
#6198=DIRECTION('',(0.E0,0.E0,1.E0));
#6199=VECTOR('',#6198,1.524E-1);
#6200=CARTESIAN_POINT('',(4.4196E0,-3.266872340828E0,-5.8928E0));
#6201=LINE('',#6200,#6199);
#6202=DIRECTION('',(0.E0,0.E0,1.E0));
#6203=VECTOR('',#6202,1.524E-1);
#6204=CARTESIAN_POINT('',(4.498975E0,-3.212829794079E0,-5.8928E0));
#6205=LINE('',#6204,#6203);
#6206=DIRECTION('',(0.E0,1.165588477297E-14,1.E0));
#6207=VECTOR('',#6206,1.524E-1);
#6208=CARTESIAN_POINT('',(4.551891691899E0,-3.131765955031E0,-5.8928E0));
#6209=LINE('',#6208,#6207);
#6210=DIRECTION('',(0.E0,0.E0,1.E0));
#6211=VECTOR('',#6210,1.524E-1);
#6212=CARTESIAN_POINT('',(4.57835E0,-3.050702134907E0,-5.8928E0));
#6213=LINE('',#6212,#6211);
#6214=DIRECTION('',(0.E0,0.E0,1.E0));
#6215=VECTOR('',#6214,1.524E-1);
#6216=CARTESIAN_POINT('',(4.604808308101E0,-2.888574456811E0,-5.8928E0));
#6217=LINE('',#6216,#6215);
#6218=DIRECTION('',(0.E0,0.E0,1.E0));
#6219=VECTOR('',#6218,1.524E-1);
#6220=CARTESIAN_POINT('',(4.604808308101E0,-2.834531910062E0,-5.8928E0));
#6221=LINE('',#6220,#6219);
#6222=DIRECTION('',(0.E0,0.E0,1.E0));
#6223=VECTOR('',#6222,1.524E-1);
#6224=CARTESIAN_POINT('',(4.446058308101E0,-2.942617003560E0,-5.8928E0));
#6225=LINE('',#6224,#6223);
#6226=DIRECTION('',(0.E0,0.E0,1.E0));
#6227=VECTOR('',#6226,1.524E-1);
#6228=CARTESIAN_POINT('',(4.313766654050E0,-2.969638314784E0,-5.8928E0));
#6229=LINE('',#6228,#6227);
#6230=DIRECTION('',(-1.165588477297E-14,0.E0,1.E0));
#6231=VECTOR('',#6230,1.524E-1);
#6232=CARTESIAN_POINT('',(4.181475E0,-2.969638314784E0,-5.8928E0));
#6233=LINE('',#6232,#6231);
#6234=DIRECTION('',(0.E0,0.E0,1.E0));
#6235=VECTOR('',#6234,1.524E-1);
#6236=CARTESIAN_POINT('',(4.049183327025E0,-2.942617003560E0,-5.8928E0));
#6237=LINE('',#6236,#6235);
#6238=DIRECTION('',(0.E0,0.E0,1.E0));
#6239=VECTOR('',#6238,1.524E-1);
#6240=CARTESIAN_POINT('',(3.916891663513E0,-2.861553183436E0,-5.8928E0));
#6241=LINE('',#6240,#6239);
#6242=DIRECTION('',(1.456985596621E-14,-2.331176954594E-14,1.E0));
#6243=VECTOR('',#6242,1.524E-1);
#6244=CARTESIAN_POINT('',(3.837516668244E0,-2.753468089938E0,-5.8928E0));
#6245=LINE('',#6244,#6243);
#6246=DIRECTION('',(0.E0,0.E0,1.E0));
#6247=VECTOR('',#6246,1.524E-1);
#6248=CARTESIAN_POINT('',(3.7846E0,-2.618361723065E0,-5.8928E0));
#6249=LINE('',#6248,#6247);
#6250=DIRECTION('',(0.E0,0.E0,1.E0));
#6251=VECTOR('',#6250,1.524E-1);
#6252=CARTESIAN_POINT('',(3.7846E0,-2.510276629567E0,-5.8928E0));
#6253=LINE('',#6252,#6251);
#6254=DIRECTION('',(0.E0,1.456985596621E-14,1.E0));
#6255=VECTOR('',#6254,1.524E-1);
#6256=CARTESIAN_POINT('',(3.837516668244E0,-2.375170186996E0,-5.8928E0));
#6257=LINE('',#6256,#6255);
#6258=DIRECTION('',(0.E0,0.E0,1.E0));
#6259=VECTOR('',#6258,1.524E-1);
#6260=CARTESIAN_POINT('',(3.916891663513E0,-2.267085093498E0,-5.8928E0));
#6261=LINE('',#6260,#6259);
#6262=DIRECTION('',(0.E0,0.E0,1.E0));
#6263=VECTOR('',#6262,1.524E-1);
#6264=CARTESIAN_POINT('',(4.049183327025E0,-2.186021273375E0,-5.8928E0));
#6265=LINE('',#6264,#6263);
#6266=DIRECTION('',(-1.165588477297E-14,0.E0,1.E0));
#6267=VECTOR('',#6266,1.524E-1);
#6268=CARTESIAN_POINT('',(4.181475E0,-2.159E0,-5.8928E0));
#6269=LINE('',#6268,#6267);
#6270=DIRECTION('',(0.E0,0.E0,1.E0));
#6271=VECTOR('',#6270,1.524E-1);
#6272=CARTESIAN_POINT('',(4.313766654050E0,-2.159E0,-5.8928E0));
#6273=LINE('',#6272,#6271);
#6274=DIRECTION('',(-1.165588477297E-14,0.E0,1.E0));
#6275=VECTOR('',#6274,1.524E-1);
#6276=CARTESIAN_POINT('',(4.446058308101E0,-2.186021273375E0,-5.8928E0));
#6277=LINE('',#6276,#6275);
#6278=DIRECTION('',(0.E0,0.E0,1.E0));
#6279=VECTOR('',#6278,1.524E-1);
#6280=CARTESIAN_POINT('',(4.57835E0,-2.267085093498E0,-5.8928E0));
#6281=LINE('',#6280,#6279);
#6282=DIRECTION('',(0.E0,0.E0,1.E0));
#6283=VECTOR('',#6282,1.524E-1);
#6284=CARTESIAN_POINT('',(4.657725E0,-2.375170186996E0,-5.8928E0));
#6285=LINE('',#6284,#6283);
#6286=DIRECTION('',(0.E0,0.E0,1.E0));
#6287=VECTOR('',#6286,1.524E-1);
#6288=CARTESIAN_POINT('',(4.710641691899E0,-2.510276629567E0,-5.8928E0));
#6289=LINE('',#6288,#6287);
#6290=DIRECTION('',(0.E0,0.E0,1.E0));
#6291=VECTOR('',#6290,1.524E-1);
#6292=CARTESIAN_POINT('',(4.7371E0,-2.699425543189E0,-5.8928E0));
#6293=LINE('',#6292,#6291);
#6294=DIRECTION('',(0.E0,0.E0,1.E0));
#6295=VECTOR('',#6294,1.524E-1);
#6296=CARTESIAN_POINT('',(4.7371E0,-2.888574456811E0,-5.8928E0));
#6297=LINE('',#6296,#6295);
#6298=DIRECTION('',(0.E0,0.E0,1.E0));
#6299=VECTOR('',#6298,1.524E-1);
#6300=CARTESIAN_POINT('',(4.710641691899E0,-3.077723408282E0,-5.8928E0));
#6301=LINE('',#6300,#6299);
#6302=DIRECTION('',(0.E0,0.E0,1.E0));
#6303=VECTOR('',#6302,1.524E-1);
#6304=CARTESIAN_POINT('',(4.657725E0,-3.212829794079E0,-5.8928E0));
#6305=LINE('',#6304,#6303);
#6306=DIRECTION('',(0.E0,0.E0,1.E0));
#6307=VECTOR('',#6306,1.524E-1);
#6308=CARTESIAN_POINT('',(4.57835E0,-3.320914897040E0,-5.8928E0));
#6309=LINE('',#6308,#6307);
#6310=DIRECTION('',(0.E0,0.E0,1.E0));
#6311=VECTOR('',#6310,1.524E-1);
#6312=CARTESIAN_POINT('',(4.446058308101E0,-3.401978724260E0,-5.8928E0));
#6313=LINE('',#6312,#6311);
#6314=DIRECTION('',(0.E0,0.E0,1.E0));
#6315=VECTOR('',#6314,1.524E-1);
#6316=CARTESIAN_POINT('',(4.313766654050E0,-3.429E0,-5.8928E0));
#6317=LINE('',#6316,#6315);
#6318=DIRECTION('',(1.165588477297E-14,0.E0,1.E0));
#6319=VECTOR('',#6318,1.524E-1);
#6320=CARTESIAN_POINT('',(4.207933345950E0,-3.429E0,-5.8928E0));
#6321=LINE('',#6320,#6319);
#6322=DIRECTION('',(0.E0,0.E0,1.E0));
#6323=VECTOR('',#6322,1.524E-1);
#6324=CARTESIAN_POINT('',(4.075641672975E0,-3.401978724260E0,-5.8928E0));
#6325=LINE('',#6324,#6323);
#6326=DIRECTION('',(0.E0,0.E0,1.E0));
#6327=VECTOR('',#6326,1.524E-1);
#6328=CARTESIAN_POINT('',(3.94335E0,-3.320914897040E0,-5.8928E0));
#6329=LINE('',#6328,#6327);
#6330=DIRECTION('',(0.E0,0.E0,1.E0));
#6331=VECTOR('',#6330,1.524E-1);
#6332=CARTESIAN_POINT('',(3.863975E0,-3.212829794079E0,-5.8928E0));
#6333=LINE('',#6332,#6331);
#6334=DIRECTION('',(0.E0,0.E0,1.E0));
#6335=VECTOR('',#6334,1.524E-1);
#6336=CARTESIAN_POINT('',(4.57835E0,-2.591340449691E0,-5.8928E0));
#6337=LINE('',#6336,#6335);
#6338=DIRECTION('',(0.E0,0.E0,1.E0));
#6339=VECTOR('',#6338,1.524E-1);
#6340=CARTESIAN_POINT('',(4.57835E0,-2.537297902942E0,-5.8928E0));
#6341=LINE('',#6340,#6339);
#6342=DIRECTION('',(0.E0,0.E0,1.E0));
#6343=VECTOR('',#6342,1.524E-1);
#6344=CARTESIAN_POINT('',(4.551891691899E0,-2.456234007120E0,-5.8928E0));
#6345=LINE('',#6344,#6343);
#6346=DIRECTION('',(0.E0,0.E0,1.E0));
#6347=VECTOR('',#6346,1.524E-1);
#6348=CARTESIAN_POINT('',(4.498975E0,-2.375170186996E0,-5.8928E0));
#6349=LINE('',#6348,#6347);
#6350=DIRECTION('',(-1.165588477297E-14,0.E0,1.E0));
#6351=VECTOR('',#6350,1.524E-1);
#6352=CARTESIAN_POINT('',(4.4196E0,-2.321127640247E0,-5.8928E0));
#6353=LINE('',#6352,#6351);
#6354=DIRECTION('',(0.E0,0.E0,1.E0));
#6355=VECTOR('',#6354,1.524E-1);
#6356=CARTESIAN_POINT('',(4.340225E0,-2.294106366873E0,-5.8928E0));
#6357=LINE('',#6356,#6355);
#6358=DIRECTION('',(0.E0,0.E0,1.E0));
#6359=VECTOR('',#6358,1.524E-1);
#6360=CARTESIAN_POINT('',(4.155016654050E0,-2.294106366873E0,-5.8928E0));
#6361=LINE('',#6360,#6359);
#6362=DIRECTION('',(0.E0,0.E0,1.E0));
#6363=VECTOR('',#6362,1.524E-1);
#6364=CARTESIAN_POINT('',(4.075641672975E0,-2.321127640247E0,-5.8928E0));
#6365=LINE('',#6364,#6363);
#6366=DIRECTION('',(0.E0,0.E0,1.E0));
#6367=VECTOR('',#6366,1.524E-1);
#6368=CARTESIAN_POINT('',(3.996266672975E0,-2.375170186996E0,-5.8928E0));
#6369=LINE('',#6368,#6367);
#6370=DIRECTION('',(0.E0,0.E0,1.E0));
#6371=VECTOR('',#6370,1.524E-1);
#6372=CARTESIAN_POINT('',(3.94335E0,-2.456234007120E0,-5.8928E0));
#6373=LINE('',#6372,#6371);
#6374=DIRECTION('',(0.E0,0.E0,1.E0));
#6375=VECTOR('',#6374,1.524E-1);
#6376=CARTESIAN_POINT('',(3.916891663513E0,-2.537297902942E0,-5.8928E0));
#6377=LINE('',#6376,#6375);
#6378=DIRECTION('',(0.E0,0.E0,1.E0));
#6379=VECTOR('',#6378,1.524E-1);
#6380=CARTESIAN_POINT('',(3.916891663513E0,-2.591340449691E0,-5.8928E0));
#6381=LINE('',#6380,#6379);
#6382=DIRECTION('',(0.E0,0.E0,1.E0));
#6383=VECTOR('',#6382,1.524E-1);
#6384=CARTESIAN_POINT('',(3.94335E0,-2.672404269814E0,-5.8928E0));
#6385=LINE('',#6384,#6383);
#6386=DIRECTION('',(0.E0,0.E0,1.E0));
#6387=VECTOR('',#6386,1.524E-1);
#6388=CARTESIAN_POINT('',(3.996266672975E0,-2.753468089938E0,-5.8928E0));
#6389=LINE('',#6388,#6387);
#6390=DIRECTION('',(0.E0,0.E0,1.E0));
#6391=VECTOR('',#6390,1.524E-1);
#6392=CARTESIAN_POINT('',(4.075641672975E0,-2.807510636687E0,-5.8928E0));
#6393=LINE('',#6392,#6391);
#6394=DIRECTION('',(0.E0,0.E0,1.E0));
#6395=VECTOR('',#6394,1.524E-1);
#6396=CARTESIAN_POINT('',(4.155016654050E0,-2.834531910062E0,-5.8928E0));
#6397=LINE('',#6396,#6395);
#6398=DIRECTION('',(0.E0,0.E0,1.E0));
#6399=VECTOR('',#6398,1.524E-1);
#6400=CARTESIAN_POINT('',(4.340225E0,-2.834531910062E0,-5.8928E0));
#6401=LINE('',#6400,#6399);
#6402=DIRECTION('',(0.E0,0.E0,1.E0));
#6403=VECTOR('',#6402,1.524E-1);
#6404=CARTESIAN_POINT('',(4.4196E0,-2.807510636687E0,-5.8928E0));
#6405=LINE('',#6404,#6403);
#6406=DIRECTION('',(0.E0,0.E0,1.E0));
#6407=VECTOR('',#6406,1.524E-1);
#6408=CARTESIAN_POINT('',(4.498975E0,-2.753468089938E0,-5.8928E0));
#6409=LINE('',#6408,#6407);
#6410=DIRECTION('',(0.E0,0.E0,1.E0));
#6411=VECTOR('',#6410,1.524E-1);
#6412=CARTESIAN_POINT('',(4.551891691899E0,-2.672404269814E0,-5.8928E0));
#6413=LINE('',#6412,#6411);
#6414=CARTESIAN_POINT('',(-8.438640175056E0,1.698828513615E0,0.E0));
#6415=CARTESIAN_POINT('',(-7.709506950589E0,-2.436291486385E0,0.E0));
#6416=VERTEX_POINT('',#6414);
#6417=VERTEX_POINT('',#6415);
#6418=CARTESIAN_POINT('',(-5.618326775533E0,-4.191E0,0.E0));
#6419=CARTESIAN_POINT('',(5.618326775533E0,-4.191E0,0.E0));
#6420=VERTEX_POINT('',#6418);
#6421=VERTEX_POINT('',#6419);
#6422=CARTESIAN_POINT('',(7.709506950589E0,-2.436291486385E0,0.E0));
#6423=CARTESIAN_POINT('',(8.438640175056E0,1.698828513615E0,0.E0));
#6424=VERTEX_POINT('',#6422);
#6425=VERTEX_POINT('',#6423);
#6426=CARTESIAN_POINT('',(6.34746E0,4.191E0,0.E0));
#6427=CARTESIAN_POINT('',(-6.34746E0,4.191E0,0.E0));
#6428=VERTEX_POINT('',#6426);
#6429=VERTEX_POINT('',#6427);
#6430=CARTESIAN_POINT('',(-8.848871692651E0,1.626493628726E0,0.E0));
#6431=CARTESIAN_POINT('',(-6.34746E0,4.60756E0,0.E0));
#6432=VERTEX_POINT('',#6430);
#6433=VERTEX_POINT('',#6431);
#6434=CARTESIAN_POINT('',(-8.119738468184E0,-2.508626371274E0,0.E0));
#6435=VERTEX_POINT('',#6434);
#6436=CARTESIAN_POINT('',(-5.618326775533E0,-4.60756E0,0.E0));
#6437=VERTEX_POINT('',#6436);
#6438=CARTESIAN_POINT('',(5.618326775533E0,-4.60756E0,0.E0));
#6439=VERTEX_POINT('',#6438);
#6440=CARTESIAN_POINT('',(8.119738468184E0,-2.508626371274E0,0.E0));
#6441=VERTEX_POINT('',#6440);
#6442=CARTESIAN_POINT('',(8.848871692651E0,1.626493628726E0,0.E0));
#6443=VERTEX_POINT('',#6442);
#6444=CARTESIAN_POINT('',(6.34746E0,4.60756E0,0.E0));
#6445=VERTEX_POINT('',#6444);
#6446=CARTESIAN_POINT('',(-5.618326775533E0,-4.191E0,-5.8928E0));
#6447=CARTESIAN_POINT('',(5.618326775533E0,-4.191E0,-5.8928E0));
#6448=VERTEX_POINT('',#6446);
#6449=VERTEX_POINT('',#6447);
#6450=CARTESIAN_POINT('',(-6.34746E0,4.191E0,-5.8928E0));
#6451=CARTESIAN_POINT('',(6.34746E0,4.191E0,-5.8928E0));
#6452=VERTEX_POINT('',#6450);
#6453=VERTEX_POINT('',#6451);
#6454=CARTESIAN_POINT('',(-5.618326775533E0,-4.60756E0,-5.8928E0));
#6455=CARTESIAN_POINT('',(5.618326775533E0,-4.60756E0,-5.8928E0));
#6456=VERTEX_POINT('',#6454);
#6457=VERTEX_POINT('',#6455);
#6458=CARTESIAN_POINT('',(-6.34746E0,4.60756E0,-5.8928E0));
#6459=CARTESIAN_POINT('',(6.34746E0,4.60756E0,-5.8928E0));
#6460=VERTEX_POINT('',#6458);
#6461=VERTEX_POINT('',#6459);
#6462=CARTESIAN_POINT('',(-7.709506950589E0,-2.436291486385E0,-5.8928E0));
#6463=CARTESIAN_POINT('',(-8.438640175056E0,1.698828513615E0,-5.8928E0));
#6464=VERTEX_POINT('',#6462);
#6465=VERTEX_POINT('',#6463);
#6466=CARTESIAN_POINT('',(8.438640175056E0,1.698828513615E0,-5.8928E0));
#6467=CARTESIAN_POINT('',(7.709506950589E0,-2.436291486385E0,-5.8928E0));
#6468=VERTEX_POINT('',#6466);
#6469=VERTEX_POINT('',#6467);
#6470=CARTESIAN_POINT('',(-8.848871692651E0,1.626493628726E0,-5.8928E0));
#6471=VERTEX_POINT('',#6470);
#6472=CARTESIAN_POINT('',(-8.119738468184E0,-2.508626371274E0,-5.8928E0));
#6473=VERTEX_POINT('',#6472);
#6474=CARTESIAN_POINT('',(8.119738468184E0,-2.508626371274E0,-5.8928E0));
#6475=VERTEX_POINT('',#6474);
#6476=CARTESIAN_POINT('',(8.848871692651E0,1.626493628726E0,-5.8928E0));
#6477=VERTEX_POINT('',#6476);
#6478=CARTESIAN_POINT('',(-8.1534E0,-3.3528E0,-9.73836E0));
#6479=CARTESIAN_POINT('',(-8.1534E0,3.302E0,-9.73836E0));
#6480=VERTEX_POINT('',#6478);
#6481=VERTEX_POINT('',#6479);
#6482=CARTESIAN_POINT('',(8.1534E0,-3.3528E0,-9.73836E0));
#6483=CARTESIAN_POINT('',(8.1534E0,3.302E0,-9.73836E0));
#6484=VERTEX_POINT('',#6482);
#6485=VERTEX_POINT('',#6483);
#6486=CARTESIAN_POINT('',(-1.55194E1,-3.3528E0,-1.860296E1));
#6487=CARTESIAN_POINT('',(-1.55194E1,-3.3528E0,-9.73836E0));
#6488=VERTEX_POINT('',#6486);
#6489=VERTEX_POINT('',#6487);
#6490=CARTESIAN_POINT('',(-1.55194E1,3.302E0,-9.73836E0));
#6491=VERTEX_POINT('',#6490);
#6492=CARTESIAN_POINT('',(1.55194E1,-3.3528E0,-1.860296E1));
#6493=CARTESIAN_POINT('',(1.55194E1,-3.3528E0,-9.73836E0));
#6494=VERTEX_POINT('',#6492);
#6495=VERTEX_POINT('',#6493);
#6496=CARTESIAN_POINT('',(1.55194E1,3.302E0,-9.73836E0));
#6497=VERTEX_POINT('',#6496);
#6498=CARTESIAN_POINT('',(-1.55194E1,3.302E0,-8.54456E0));
#6499=VERTEX_POINT('',#6498);
#6500=CARTESIAN_POINT('',(1.55194E1,3.302E0,-8.54456E0));
#6501=VERTEX_POINT('',#6500);
#6502=CARTESIAN_POINT('',(-9.4234E0,-5.3086E0,-1.225296E1));
#6503=CARTESIAN_POINT('',(-1.06553E1,-5.3086E0,-1.225296E1));
#6504=VERTEX_POINT('',#6502);
#6505=VERTEX_POINT('',#6503);
#6506=CARTESIAN_POINT('',(-9.4234E0,-6.2738E0,-1.860296E1));
#6507=CARTESIAN_POINT('',(-9.4234E0,-6.2738E0,-1.225296E1));
#6508=VERTEX_POINT('',#6506);
#6509=VERTEX_POINT('',#6507);
#6510=CARTESIAN_POINT('',(-1.06553E1,-6.2738E0,-1.225296E1));
#6511=VERTEX_POINT('',#6510);
#6512=CARTESIAN_POINT('',(-9.4234E0,-5.3086E0,-1.860296E1));
#6513=VERTEX_POINT('',#6512);
#6514=CARTESIAN_POINT('',(-1.55194E1,-5.3086E0,-1.860296E1));
#6515=VERTEX_POINT('',#6514);
#6516=CARTESIAN_POINT('',(1.55194E1,-5.3086E0,-1.860296E1));
#6517=VERTEX_POINT('',#6516);
#6518=CARTESIAN_POINT('',(7.8994E0,-5.207E0,-6.30936E0));
#6519=CARTESIAN_POINT('',(-7.8994E0,-5.207E0,-6.30936E0));
#6520=VERTEX_POINT('',#6518);
#6521=VERTEX_POINT('',#6519);
#6522=CARTESIAN_POINT('',(-7.8994E0,-6.2738E0,-6.30936E0));
#6523=CARTESIAN_POINT('',(-7.8994E0,-6.2738E0,-1.860296E1));
#6524=VERTEX_POINT('',#6522);
#6525=VERTEX_POINT('',#6523);
#6526=CARTESIAN_POINT('',(7.8994E0,-6.2738E0,-6.30936E0));
#6527=CARTESIAN_POINT('',(7.8994E0,-6.2738E0,-1.860296E1));
#6528=VERTEX_POINT('',#6526);
#6529=VERTEX_POINT('',#6527);
#6530=CARTESIAN_POINT('',(9.4234E0,-6.2738E0,-1.860296E1));
#6531=VERTEX_POINT('',#6530);
#6532=CARTESIAN_POINT('',(8.1534E0,3.302E0,-1.758696E1));
#6533=CARTESIAN_POINT('',(-8.1534E0,3.302E0,-1.758696E1));
#6534=VERTEX_POINT('',#6532);
#6535=VERTEX_POINT('',#6533);
#6536=CARTESIAN_POINT('',(-8.1534E0,-3.3528E0,-1.758696E1));
#6537=VERTEX_POINT('',#6536);
#6538=CARTESIAN_POINT('',(8.1534E0,-3.3528E0,-1.758696E1));
#6539=VERTEX_POINT('',#6538);
#6540=CARTESIAN_POINT('',(-4.9784E0,1.4224E0,-3.048E-1));
#6541=CARTESIAN_POINT('',(-5.9944E0,1.4224E0,-3.048E-1));
#6542=VERTEX_POINT('',#6540);
#6543=VERTEX_POINT('',#6541);
#6544=CARTESIAN_POINT('',(-4.9784E0,1.4224E0,-5.8928E0));
#6545=CARTESIAN_POINT('',(-5.9944E0,1.4224E0,-5.8928E0));
#6546=VERTEX_POINT('',#6544);
#6547=VERTEX_POINT('',#6545);
#6548=CARTESIAN_POINT('',(-2.2352E0,1.4224E0,-3.048E-1));
#6549=CARTESIAN_POINT('',(-3.2512E0,1.4224E0,-3.048E-1));
#6550=VERTEX_POINT('',#6548);
#6551=VERTEX_POINT('',#6549);
#6552=CARTESIAN_POINT('',(-2.2352E0,1.4224E0,-5.8928E0));
#6553=CARTESIAN_POINT('',(-3.2512E0,1.4224E0,-5.8928E0));
#6554=VERTEX_POINT('',#6552);
#6555=VERTEX_POINT('',#6553);
#6556=CARTESIAN_POINT('',(5.08E-1,1.4224E0,-3.048E-1));
#6557=CARTESIAN_POINT('',(-5.08E-1,1.4224E0,-3.048E-1));
#6558=VERTEX_POINT('',#6556);
#6559=VERTEX_POINT('',#6557);
#6560=CARTESIAN_POINT('',(5.08E-1,1.4224E0,-5.8928E0));
#6561=CARTESIAN_POINT('',(-5.08E-1,1.4224E0,-5.8928E0));
#6562=VERTEX_POINT('',#6560);
#6563=VERTEX_POINT('',#6561);
#6564=CARTESIAN_POINT('',(3.2512E0,1.4224E0,-3.048E-1));
#6565=CARTESIAN_POINT('',(2.2352E0,1.4224E0,-3.048E-1));
#6566=VERTEX_POINT('',#6564);
#6567=VERTEX_POINT('',#6565);
#6568=CARTESIAN_POINT('',(3.2512E0,1.4224E0,-5.8928E0));
#6569=CARTESIAN_POINT('',(2.2352E0,1.4224E0,-5.8928E0));
#6570=VERTEX_POINT('',#6568);
#6571=VERTEX_POINT('',#6569);
#6572=CARTESIAN_POINT('',(5.9944E0,1.4224E0,-3.048E-1));
#6573=CARTESIAN_POINT('',(4.9784E0,1.4224E0,-3.048E-1));
#6574=VERTEX_POINT('',#6572);
#6575=VERTEX_POINT('',#6573);
#6576=CARTESIAN_POINT('',(5.9944E0,1.4224E0,-5.8928E0));
#6577=CARTESIAN_POINT('',(4.9784E0,1.4224E0,-5.8928E0));
#6578=VERTEX_POINT('',#6576);
#6579=VERTEX_POINT('',#6577);
#6580=CARTESIAN_POINT('',(-3.6068E0,-1.4224E0,-3.048E-1));
#6581=CARTESIAN_POINT('',(-4.6228E0,-1.4224E0,-3.048E-1));
#6582=VERTEX_POINT('',#6580);
#6583=VERTEX_POINT('',#6581);
#6584=CARTESIAN_POINT('',(-3.6068E0,-1.4224E0,-5.8928E0));
#6585=CARTESIAN_POINT('',(-4.6228E0,-1.4224E0,-5.8928E0));
#6586=VERTEX_POINT('',#6584);
#6587=VERTEX_POINT('',#6585);
#6588=CARTESIAN_POINT('',(-8.636E-1,-1.4224E0,-3.048E-1));
#6589=CARTESIAN_POINT('',(-1.8796E0,-1.4224E0,-3.048E-1));
#6590=VERTEX_POINT('',#6588);
#6591=VERTEX_POINT('',#6589);
#6592=CARTESIAN_POINT('',(-8.636E-1,-1.4224E0,-5.8928E0));
#6593=CARTESIAN_POINT('',(-1.8796E0,-1.4224E0,-5.8928E0));
#6594=VERTEX_POINT('',#6592);
#6595=VERTEX_POINT('',#6593);
#6596=CARTESIAN_POINT('',(1.8796E0,-1.4224E0,-3.048E-1));
#6597=CARTESIAN_POINT('',(8.636E-1,-1.4224E0,-3.048E-1));
#6598=VERTEX_POINT('',#6596);
#6599=VERTEX_POINT('',#6597);
#6600=CARTESIAN_POINT('',(1.8796E0,-1.4224E0,-5.8928E0));
#6601=CARTESIAN_POINT('',(8.636E-1,-1.4224E0,-5.8928E0));
#6602=VERTEX_POINT('',#6600);
#6603=VERTEX_POINT('',#6601);
#6604=CARTESIAN_POINT('',(4.6228E0,-1.4224E0,-3.048E-1));
#6605=CARTESIAN_POINT('',(3.6068E0,-1.4224E0,-3.048E-1));
#6606=VERTEX_POINT('',#6604);
#6607=VERTEX_POINT('',#6605);
#6608=CARTESIAN_POINT('',(4.6228E0,-1.4224E0,-5.8928E0));
#6609=CARTESIAN_POINT('',(3.6068E0,-1.4224E0,-5.8928E0));
#6610=VERTEX_POINT('',#6608);
#6611=VERTEX_POINT('',#6609);
#6612=CARTESIAN_POINT('',(-9.9822E0,-1.158418231901E0,-1.062736E1));
#6613=CARTESIAN_POINT('',(-1.023628038297E1,-1.598498364406E0,-1.062736E1));
#6614=VERTEX_POINT('',#6612);
#6615=VERTEX_POINT('',#6613);
#6616=CARTESIAN_POINT('',(-1.224271961703E1,-2.756916596307E0,-1.062736E1));
#6617=VERTEX_POINT('',#6616);
#6618=CARTESIAN_POINT('',(-1.275088038297E1,-2.756916596307E0,-1.062736E1));
#6619=VERTEX_POINT('',#6618);
#6620=CARTESIAN_POINT('',(-1.475731961703E1,-1.598498364406E0,-1.062736E1));
#6621=VERTEX_POINT('',#6620);
#6622=CARTESIAN_POINT('',(-1.50114E1,-1.158418231901E0,-1.062736E1));
#6623=VERTEX_POINT('',#6622);
#6624=CARTESIAN_POINT('',(-1.50114E1,1.158418231901E0,-1.062736E1));
#6625=VERTEX_POINT('',#6624);
#6626=CARTESIAN_POINT('',(-1.475731961703E1,1.598498364406E0,-1.062736E1));
#6627=VERTEX_POINT('',#6626);
#6628=CARTESIAN_POINT('',(-1.275088038297E1,2.756916596307E0,-1.062736E1));
#6629=VERTEX_POINT('',#6628);
#6630=CARTESIAN_POINT('',(-1.224271961703E1,2.756916596307E0,-1.062736E1));
#6631=VERTEX_POINT('',#6630);
#6632=CARTESIAN_POINT('',(-1.023628038297E1,1.598498364406E0,-1.062736E1));
#6633=VERTEX_POINT('',#6632);
#6634=CARTESIAN_POINT('',(-9.9822E0,1.158418231901E0,-1.062736E1));
#6635=VERTEX_POINT('',#6634);
#6636=CARTESIAN_POINT('',(-9.9822E0,-1.158418231901E0,-9.73836E0));
#6637=CARTESIAN_POINT('',(-1.023628038297E1,-1.598498364406E0,-9.73836E0));
#6638=VERTEX_POINT('',#6636);
#6639=VERTEX_POINT('',#6637);
#6640=CARTESIAN_POINT('',(-1.224271961703E1,-2.756916596307E0,-9.73836E0));
#6641=VERTEX_POINT('',#6640);
#6642=CARTESIAN_POINT('',(-1.275088038297E1,-2.756916596307E0,-9.73836E0));
#6643=VERTEX_POINT('',#6642);
#6644=CARTESIAN_POINT('',(-1.475731961703E1,-1.598498364406E0,-9.73836E0));
#6645=VERTEX_POINT('',#6644);
#6646=CARTESIAN_POINT('',(-1.50114E1,-1.158418231901E0,-9.73836E0));
#6647=VERTEX_POINT('',#6646);
#6648=CARTESIAN_POINT('',(-1.50114E1,1.158418231901E0,-9.73836E0));
#6649=VERTEX_POINT('',#6648);
#6650=CARTESIAN_POINT('',(-1.475731961703E1,1.598498364406E0,-9.73836E0));
#6651=VERTEX_POINT('',#6650);
#6652=CARTESIAN_POINT('',(-1.275088038297E1,2.756916596307E0,-9.73836E0));
#6653=VERTEX_POINT('',#6652);
#6654=CARTESIAN_POINT('',(-1.224271961703E1,2.756916596307E0,-9.73836E0));
#6655=VERTEX_POINT('',#6654);
#6656=CARTESIAN_POINT('',(-1.023628038297E1,1.598498364406E0,-9.73836E0));
#6657=VERTEX_POINT('',#6656);
#6658=CARTESIAN_POINT('',(-9.9822E0,1.158418231901E0,-9.73836E0));
#6659=VERTEX_POINT('',#6658);
#6660=CARTESIAN_POINT('',(1.023628038297E1,1.598498364406E0,-1.062736E1));
#6661=CARTESIAN_POINT('',(1.224271961703E1,2.756916596307E0,-1.062736E1));
#6662=VERTEX_POINT('',#6660);
#6663=VERTEX_POINT('',#6661);
#6664=CARTESIAN_POINT('',(1.275088038297E1,2.756916596307E0,-1.062736E1));
#6665=VERTEX_POINT('',#6664);
#6666=CARTESIAN_POINT('',(1.475731961703E1,1.598498364406E0,-1.062736E1));
#6667=VERTEX_POINT('',#6666);
#6668=CARTESIAN_POINT('',(1.50114E1,1.158418231901E0,-1.062736E1));
#6669=VERTEX_POINT('',#6668);
#6670=CARTESIAN_POINT('',(1.50114E1,-1.158418231901E0,-1.062736E1));
#6671=VERTEX_POINT('',#6670);
#6672=CARTESIAN_POINT('',(1.475731961703E1,-1.598498364406E0,-1.062736E1));
#6673=VERTEX_POINT('',#6672);
#6674=CARTESIAN_POINT('',(1.275088038297E1,-2.756916596307E0,-1.062736E1));
#6675=VERTEX_POINT('',#6674);
#6676=CARTESIAN_POINT('',(1.224271961703E1,-2.756916596307E0,-1.062736E1));
#6677=VERTEX_POINT('',#6676);
#6678=CARTESIAN_POINT('',(1.023628038297E1,-1.598498364406E0,-1.062736E1));
#6679=VERTEX_POINT('',#6678);
#6680=CARTESIAN_POINT('',(9.9822E0,-1.158418231901E0,-1.062736E1));
#6681=VERTEX_POINT('',#6680);
#6682=CARTESIAN_POINT('',(9.9822E0,1.158418231901E0,-1.062736E1));
#6683=VERTEX_POINT('',#6682);
#6684=CARTESIAN_POINT('',(1.023628038297E1,1.598498364406E0,-9.73836E0));
#6685=CARTESIAN_POINT('',(1.224271961703E1,2.756916596307E0,-9.73836E0));
#6686=VERTEX_POINT('',#6684);
#6687=VERTEX_POINT('',#6685);
#6688=CARTESIAN_POINT('',(1.275088038297E1,2.756916596307E0,-9.73836E0));
#6689=VERTEX_POINT('',#6688);
#6690=CARTESIAN_POINT('',(1.475731961703E1,1.598498364406E0,-9.73836E0));
#6691=VERTEX_POINT('',#6690);
#6692=CARTESIAN_POINT('',(1.50114E1,1.158418231901E0,-9.73836E0));
#6693=VERTEX_POINT('',#6692);
#6694=CARTESIAN_POINT('',(1.50114E1,-1.158418231901E0,-9.73836E0));
#6695=VERTEX_POINT('',#6694);
#6696=CARTESIAN_POINT('',(1.475731961703E1,-1.598498364406E0,-9.73836E0));
#6697=VERTEX_POINT('',#6696);
#6698=CARTESIAN_POINT('',(1.275088038297E1,-2.756916596307E0,-9.73836E0));
#6699=VERTEX_POINT('',#6698);
#6700=CARTESIAN_POINT('',(1.224271961703E1,-2.756916596307E0,-9.73836E0));
#6701=VERTEX_POINT('',#6700);
#6702=CARTESIAN_POINT('',(1.023628038297E1,-1.598498364406E0,-9.73836E0));
#6703=VERTEX_POINT('',#6702);
#6704=CARTESIAN_POINT('',(9.9822E0,-1.158418231901E0,-9.73836E0));
#6705=VERTEX_POINT('',#6704);
#6706=CARTESIAN_POINT('',(9.9822E0,1.158418231901E0,-9.73836E0));
#6707=VERTEX_POINT('',#6706);
#6708=CARTESIAN_POINT('',(1.06553E1,-5.3086E0,-1.225296E1));
#6709=CARTESIAN_POINT('',(9.4234E0,-5.3086E0,-1.225296E1));
#6710=VERTEX_POINT('',#6708);
#6711=VERTEX_POINT('',#6709);
#6712=CARTESIAN_POINT('',(-1.06553E1,-6.2738E0,-5.8928E0));
#6713=VERTEX_POINT('',#6712);
#6714=CARTESIAN_POINT('',(1.06553E1,-6.2738E0,-5.8928E0));
#6715=CARTESIAN_POINT('',(1.06553E1,-6.2738E0,-1.225296E1));
#6716=VERTEX_POINT('',#6714);
#6717=VERTEX_POINT('',#6715);
#6718=CARTESIAN_POINT('',(9.4234E0,-6.2738E0,-1.225296E1));
#6719=VERTEX_POINT('',#6718);
#6720=CARTESIAN_POINT('',(9.4234E0,-5.3086E0,-1.860296E1));
#6721=VERTEX_POINT('',#6720);
#6722=CARTESIAN_POINT('',(-1.54178E1,-5.72516E0,-1.276096E1));
#6723=CARTESIAN_POINT('',(-1.54178E1,-5.72516E0,-1.702816E1));
#6724=VERTEX_POINT('',#6722);
#6725=VERTEX_POINT('',#6723);
#6726=CARTESIAN_POINT('',(-1.3843E1,-5.72516E0,-1.860296E1));
#6727=VERTEX_POINT('',#6726);
#6728=CARTESIAN_POINT('',(-1.11506E1,-5.72516E0,-1.860296E1));
#6729=VERTEX_POINT('',#6728);
#6730=CARTESIAN_POINT('',(-9.5758E0,-5.72516E0,-1.702816E1));
#6731=VERTEX_POINT('',#6730);
#6732=CARTESIAN_POINT('',(-9.5758E0,-5.72516E0,-1.276096E1));
#6733=VERTEX_POINT('',#6732);
#6734=CARTESIAN_POINT('',(-1.42113E1,-5.72516E0,-1.276096E1));
#6735=VERTEX_POINT('',#6734);
#6736=CARTESIAN_POINT('',(-1.54178E1,-5.3086E0,-1.702816E1));
#6737=CARTESIAN_POINT('',(-1.3843E1,-5.3086E0,-1.860296E1));
#6738=VERTEX_POINT('',#6736);
#6739=VERTEX_POINT('',#6737);
#6740=CARTESIAN_POINT('',(-1.11506E1,-5.3086E0,-1.860296E1));
#6741=CARTESIAN_POINT('',(-9.5758E0,-5.3086E0,-1.702816E1));
#6742=VERTEX_POINT('',#6740);
#6743=VERTEX_POINT('',#6741);
#6744=CARTESIAN_POINT('',(-9.5758E0,-5.3086E0,-1.276096E1));
#6745=VERTEX_POINT('',#6744);
#6746=CARTESIAN_POINT('',(-1.54178E1,-5.3086E0,-1.276096E1));
#6747=CARTESIAN_POINT('',(-1.42113E1,-5.3086E0,-1.276096E1));
#6748=VERTEX_POINT('',#6746);
#6749=VERTEX_POINT('',#6747);
#6750=CARTESIAN_POINT('',(1.11506E1,-5.3086E0,-1.860296E1));
#6751=VERTEX_POINT('',#6750);
#6752=CARTESIAN_POINT('',(1.3843E1,-5.3086E0,-1.860296E1));
#6753=VERTEX_POINT('',#6752);
#6754=CARTESIAN_POINT('',(-1.38303E1,-2.8702E0,-1.470406E1));
#6755=CARTESIAN_POINT('',(-1.38303E1,-2.8702E0,-1.610106E1));
#6756=VERTEX_POINT('',#6754);
#6757=VERTEX_POINT('',#6755);
#6758=CARTESIAN_POINT('',(-1.31953E1,-2.8702E0,-1.673606E1));
#6759=CARTESIAN_POINT('',(-1.17983E1,-2.8702E0,-1.673606E1));
#6760=VERTEX_POINT('',#6758);
#6761=VERTEX_POINT('',#6759);
#6762=CARTESIAN_POINT('',(-1.11633E1,-2.8702E0,-1.610106E1));
#6763=CARTESIAN_POINT('',(-1.11633E1,-2.8702E0,-1.470406E1));
#6764=VERTEX_POINT('',#6762);
#6765=VERTEX_POINT('',#6763);
#6766=CARTESIAN_POINT('',(-1.17983E1,-2.8702E0,-1.406906E1));
#6767=CARTESIAN_POINT('',(-1.31953E1,-2.8702E0,-1.406906E1));
#6768=VERTEX_POINT('',#6766);
#6769=VERTEX_POINT('',#6767);
#6770=CARTESIAN_POINT('',(-1.31953E1,-2.8702E0,-1.43891E1));
#6771=CARTESIAN_POINT('',(-1.17983E1,-2.8702E0,-1.43891E1));
#6772=VERTEX_POINT('',#6770);
#6773=VERTEX_POINT('',#6771);
#6774=CARTESIAN_POINT('',(-1.148334E1,-2.8702E0,-1.470406E1));
#6775=CARTESIAN_POINT('',(-1.148334E1,-2.8702E0,-1.610106E1));
#6776=VERTEX_POINT('',#6774);
#6777=VERTEX_POINT('',#6775);
#6778=CARTESIAN_POINT('',(-1.17983E1,-2.8702E0,-1.641602E1));
#6779=CARTESIAN_POINT('',(-1.31953E1,-2.8702E0,-1.641602E1));
#6780=VERTEX_POINT('',#6778);
#6781=VERTEX_POINT('',#6779);
#6782=CARTESIAN_POINT('',(-1.351026E1,-2.8702E0,-1.610106E1));
#6783=CARTESIAN_POINT('',(-1.351026E1,-2.8702E0,-1.470406E1));
#6784=VERTEX_POINT('',#6782);
#6785=VERTEX_POINT('',#6783);
#6786=CARTESIAN_POINT('',(-1.38303E1,-3.3528E0,-1.470406E1));
#6787=CARTESIAN_POINT('',(-1.38303E1,-3.3528E0,-1.610106E1));
#6788=VERTEX_POINT('',#6786);
#6789=VERTEX_POINT('',#6787);
#6790=CARTESIAN_POINT('',(-1.31953E1,-3.3528E0,-1.673606E1));
#6791=CARTESIAN_POINT('',(-1.17983E1,-3.3528E0,-1.673606E1));
#6792=VERTEX_POINT('',#6790);
#6793=VERTEX_POINT('',#6791);
#6794=CARTESIAN_POINT('',(-1.11633E1,-3.3528E0,-1.610106E1));
#6795=CARTESIAN_POINT('',(-1.11633E1,-3.3528E0,-1.470406E1));
#6796=VERTEX_POINT('',#6794);
#6797=VERTEX_POINT('',#6795);
#6798=CARTESIAN_POINT('',(-1.17983E1,-3.3528E0,-1.406906E1));
#6799=CARTESIAN_POINT('',(-1.31953E1,-3.3528E0,-1.406906E1));
#6800=VERTEX_POINT('',#6798);
#6801=VERTEX_POINT('',#6799);
#6802=CARTESIAN_POINT('',(-1.31953E1,-3.3528E0,-1.43891E1));
#6803=CARTESIAN_POINT('',(-1.17983E1,-3.3528E0,-1.43891E1));
#6804=VERTEX_POINT('',#6802);
#6805=VERTEX_POINT('',#6803);
#6806=CARTESIAN_POINT('',(-1.148334E1,-3.3528E0,-1.470406E1));
#6807=CARTESIAN_POINT('',(-1.148334E1,-3.3528E0,-1.610106E1));
#6808=VERTEX_POINT('',#6806);
#6809=VERTEX_POINT('',#6807);
#6810=CARTESIAN_POINT('',(-1.17983E1,-3.3528E0,-1.641602E1));
#6811=CARTESIAN_POINT('',(-1.31953E1,-3.3528E0,-1.641602E1));
#6812=VERTEX_POINT('',#6810);
#6813=VERTEX_POINT('',#6811);
#6814=CARTESIAN_POINT('',(-1.351026E1,-3.3528E0,-1.610106E1));
#6815=CARTESIAN_POINT('',(-1.351026E1,-3.3528E0,-1.470406E1));
#6816=VERTEX_POINT('',#6814);
#6817=VERTEX_POINT('',#6815);
#6818=CARTESIAN_POINT('',(1.38303E1,-5.72516E0,-1.469136E1));
#6819=CARTESIAN_POINT('',(1.351026E1,-5.72516E0,-1.469136E1));
#6820=VERTEX_POINT('',#6818);
#6821=VERTEX_POINT('',#6819);
#6822=CARTESIAN_POINT('',(1.38303E1,-5.72516E0,-1.611376E1));
#6823=CARTESIAN_POINT('',(1.351026E1,-5.72516E0,-1.611376E1));
#6824=VERTEX_POINT('',#6822);
#6825=VERTEX_POINT('',#6823);
#6826=CARTESIAN_POINT('',(1.148334E1,-5.72516E0,-1.469136E1));
#6827=CARTESIAN_POINT('',(1.11633E1,-5.72516E0,-1.469136E1));
#6828=VERTEX_POINT('',#6826);
#6829=VERTEX_POINT('',#6827);
#6830=CARTESIAN_POINT('',(1.148334E1,-5.72516E0,-1.611376E1));
#6831=CARTESIAN_POINT('',(1.11633E1,-5.72516E0,-1.611376E1));
#6832=VERTEX_POINT('',#6830);
#6833=VERTEX_POINT('',#6831);
#6834=CARTESIAN_POINT('',(1.38303E1,-7.366E0,-1.469136E1));
#6835=CARTESIAN_POINT('',(1.389284768850E1,-7.489094768850E0,-1.469136E1));
#6836=VERTEX_POINT('',#6834);
#6837=VERTEX_POINT('',#6835);
#6838=CARTESIAN_POINT('',(1.420600770500E1,-7.717684103833E0,-1.469136E1));
#6839=VERTEX_POINT('',#6838);
#6840=CARTESIAN_POINT('',(1.434194098876E1,-8.389639342054E0,-1.469136E1));
#6841=VERTEX_POINT('',#6840);
#6842=CARTESIAN_POINT('',(1.347660516432E1,-9.8298E0,-1.469136E1));
#6843=VERTEX_POINT('',#6842);
#6844=CARTESIAN_POINT('',(1.336774491714E1,-9.764390164486E0,-1.469136E1));
#6845=VERTEX_POINT('',#6844);
#6846=CARTESIAN_POINT('',(1.337448294221E1,-9.378368966341E0,-1.469136E1));
#6847=VERTEX_POINT('',#6846);
#6848=CARTESIAN_POINT('',(1.406761316584E1,-8.224806556560E0,-1.469136E1));
#6849=VERTEX_POINT('',#6848);
#6850=CARTESIAN_POINT('',(1.401731785085E1,-7.976183118418E0,-1.469136E1));
#6851=VERTEX_POINT('',#6850);
#6852=CARTESIAN_POINT('',(1.370415783435E1,-7.747593783435E0,-1.469136E1));
#6853=VERTEX_POINT('',#6852);
#6854=CARTESIAN_POINT('',(1.351026E1,-7.366E0,-1.469136E1));
#6855=VERTEX_POINT('',#6854);
#6856=CARTESIAN_POINT('',(1.148334E1,-7.366E0,-1.469136E1));
#6857=CARTESIAN_POINT('',(1.128944216565E1,-7.747593783435E0,-1.469136E1));
#6858=VERTEX_POINT('',#6856);
#6859=VERTEX_POINT('',#6857);
#6860=CARTESIAN_POINT('',(1.097628214915E1,-7.976183118418E0,-1.469136E1));
#6861=VERTEX_POINT('',#6860);
#6862=CARTESIAN_POINT('',(1.092598683416E1,-8.224806556560E0,-1.469136E1));
#6863=VERTEX_POINT('',#6862);
#6864=CARTESIAN_POINT('',(1.161911705779E1,-9.378368966341E0,-1.469136E1));
#6865=VERTEX_POINT('',#6864);
#6866=CARTESIAN_POINT('',(1.162585508286E1,-9.764390164486E0,-1.469136E1));
#6867=VERTEX_POINT('',#6866);
#6868=CARTESIAN_POINT('',(1.151699483568E1,-9.8298E0,-1.469136E1));
#6869=VERTEX_POINT('',#6868);
#6870=CARTESIAN_POINT('',(1.065165901124E1,-8.389639342054E0,-1.469136E1));
#6871=VERTEX_POINT('',#6870);
#6872=CARTESIAN_POINT('',(1.078759229500E1,-7.717684103833E0,-1.469136E1));
#6873=VERTEX_POINT('',#6872);
#6874=CARTESIAN_POINT('',(1.110075231150E1,-7.489094768850E0,-1.469136E1));
#6875=VERTEX_POINT('',#6874);
#6876=CARTESIAN_POINT('',(1.11633E1,-7.366E0,-1.469136E1));
#6877=VERTEX_POINT('',#6876);
#6878=CARTESIAN_POINT('',(1.38303E1,-7.366E0,-1.611376E1));
#6879=CARTESIAN_POINT('',(1.389284768850E1,-7.489094768850E0,-1.611376E1));
#6880=VERTEX_POINT('',#6878);
#6881=VERTEX_POINT('',#6879);
#6882=CARTESIAN_POINT('',(1.420600770500E1,-7.717684103833E0,-1.611376E1));
#6883=VERTEX_POINT('',#6882);
#6884=CARTESIAN_POINT('',(1.434194098876E1,-8.389639342054E0,-1.611376E1));
#6885=VERTEX_POINT('',#6884);
#6886=CARTESIAN_POINT('',(1.347660516432E1,-9.8298E0,-1.611376E1));
#6887=VERTEX_POINT('',#6886);
#6888=CARTESIAN_POINT('',(1.336774491714E1,-9.764390164486E0,-1.611376E1));
#6889=VERTEX_POINT('',#6888);
#6890=CARTESIAN_POINT('',(1.337448294221E1,-9.378368966341E0,-1.611376E1));
#6891=VERTEX_POINT('',#6890);
#6892=CARTESIAN_POINT('',(1.406761316584E1,-8.224806556560E0,-1.611376E1));
#6893=VERTEX_POINT('',#6892);
#6894=CARTESIAN_POINT('',(1.401731785085E1,-7.976183118418E0,-1.611376E1));
#6895=VERTEX_POINT('',#6894);
#6896=CARTESIAN_POINT('',(1.370415783435E1,-7.747593783435E0,-1.611376E1));
#6897=VERTEX_POINT('',#6896);
#6898=CARTESIAN_POINT('',(1.351026E1,-7.366E0,-1.611376E1));
#6899=VERTEX_POINT('',#6898);
#6900=CARTESIAN_POINT('',(1.148334E1,-7.366E0,-1.611376E1));
#6901=CARTESIAN_POINT('',(1.128944216565E1,-7.747593783435E0,-1.611376E1));
#6902=VERTEX_POINT('',#6900);
#6903=VERTEX_POINT('',#6901);
#6904=CARTESIAN_POINT('',(1.097628214915E1,-7.976183118418E0,-1.611376E1));
#6905=VERTEX_POINT('',#6904);
#6906=CARTESIAN_POINT('',(1.092598683416E1,-8.224806556560E0,-1.611376E1));
#6907=VERTEX_POINT('',#6906);
#6908=CARTESIAN_POINT('',(1.161911705779E1,-9.378368966341E0,-1.611376E1));
#6909=VERTEX_POINT('',#6908);
#6910=CARTESIAN_POINT('',(1.162585508286E1,-9.764390164486E0,-1.611376E1));
#6911=VERTEX_POINT('',#6910);
#6912=CARTESIAN_POINT('',(1.151699483568E1,-9.8298E0,-1.611376E1));
#6913=VERTEX_POINT('',#6912);
#6914=CARTESIAN_POINT('',(1.065165901124E1,-8.389639342054E0,-1.611376E1));
#6915=VERTEX_POINT('',#6914);
#6916=CARTESIAN_POINT('',(1.078759229500E1,-7.717684103833E0,-1.611376E1));
#6917=VERTEX_POINT('',#6916);
#6918=CARTESIAN_POINT('',(1.110075231150E1,-7.489094768850E0,-1.611376E1));
#6919=VERTEX_POINT('',#6918);
#6920=CARTESIAN_POINT('',(1.11633E1,-7.366E0,-1.611376E1));
#6921=VERTEX_POINT('',#6920);
#6922=CARTESIAN_POINT('',(-1.11633E1,-5.72516E0,-1.469136E1));
#6923=CARTESIAN_POINT('',(-1.148334E1,-5.72516E0,-1.469136E1));
#6924=VERTEX_POINT('',#6922);
#6925=VERTEX_POINT('',#6923);
#6926=CARTESIAN_POINT('',(-1.351026E1,-5.72516E0,-1.469136E1));
#6927=CARTESIAN_POINT('',(-1.38303E1,-5.72516E0,-1.469136E1));
#6928=VERTEX_POINT('',#6926);
#6929=VERTEX_POINT('',#6927);
#6930=CARTESIAN_POINT('',(-1.11633E1,-5.72516E0,-1.611376E1));
#6931=CARTESIAN_POINT('',(-1.148334E1,-5.72516E0,-1.611376E1));
#6932=VERTEX_POINT('',#6930);
#6933=VERTEX_POINT('',#6931);
#6934=CARTESIAN_POINT('',(-1.351026E1,-5.72516E0,-1.611376E1));
#6935=CARTESIAN_POINT('',(-1.38303E1,-5.72516E0,-1.611376E1));
#6936=VERTEX_POINT('',#6934);
#6937=VERTEX_POINT('',#6935);
#6938=CARTESIAN_POINT('',(-1.17856E1,-7.747157254418E0,-1.681717613104E1));
#6939=CARTESIAN_POINT('',(-1.17856E1,-7.935448913142E0,-1.709632999496E1));
#6940=VERTEX_POINT('',#6938);
#6941=VERTEX_POINT('',#6939);
#6942=CARTESIAN_POINT('',(-1.17856E1,-8.640669994963E0,-1.723341108686E1));
#6943=CARTESIAN_POINT('',(-1.17856E1,-9.8298E0,-1.643133277083E1));
#6944=VERTEX_POINT('',#6942);
#6945=VERTEX_POINT('',#6943);
#6946=CARTESIAN_POINT('',(-1.17856E1,-9.758782501259E0,-1.632604499911E1));
#6947=VERTEX_POINT('',#6946);
#6948=CARTESIAN_POINT('',(-1.17856E1,-9.373642972735E0,-1.635297657850E1));
#6949=VERTEX_POINT('',#6948);
#6950=CARTESIAN_POINT('',(-1.17856E1,-8.461705898136E0,-1.696808590214E1));
#6951=VERTEX_POINT('',#6950);
#6952=CARTESIAN_POINT('',(-1.17856E1,-8.200774097863E0,-1.691736589814E1));
#6953=CARTESIAN_POINT('',(-1.17856E1,-8.012482439139E0,-1.663821203422E1));
#6954=VERTEX_POINT('',#6952);
#6955=VERTEX_POINT('',#6953);
#6956=CARTESIAN_POINT('',(-1.3208E1,-7.747157254418E0,-1.681717613104E1));
#6957=CARTESIAN_POINT('',(-1.3208E1,-7.935448913142E0,-1.709632999496E1));
#6958=VERTEX_POINT('',#6956);
#6959=VERTEX_POINT('',#6957);
#6960=CARTESIAN_POINT('',(-1.3208E1,-8.640669994963E0,-1.723341108686E1));
#6961=CARTESIAN_POINT('',(-1.3208E1,-9.8298E0,-1.643133277083E1));
#6962=VERTEX_POINT('',#6960);
#6963=VERTEX_POINT('',#6961);
#6964=CARTESIAN_POINT('',(-1.3208E1,-9.758782501259E0,-1.632604499911E1));
#6965=VERTEX_POINT('',#6964);
#6966=CARTESIAN_POINT('',(-1.3208E1,-9.373642972735E0,-1.635297657850E1));
#6967=VERTEX_POINT('',#6966);
#6968=CARTESIAN_POINT('',(-1.3208E1,-8.461705898136E0,-1.696808590214E1));
#6969=VERTEX_POINT('',#6968);
#6970=CARTESIAN_POINT('',(-1.3208E1,-8.200774097863E0,-1.691736589814E1));
#6971=CARTESIAN_POINT('',(-1.3208E1,-8.012482439139E0,-1.663821203422E1));
#6972=VERTEX_POINT('',#6970);
#6973=VERTEX_POINT('',#6971);
#6974=CARTESIAN_POINT('',(-1.17856E1,-5.72516E0,-1.673606E1));
#6975=CARTESIAN_POINT('',(-1.17856E1,-5.72516E0,-1.641602E1));
#6976=VERTEX_POINT('',#6974);
#6977=VERTEX_POINT('',#6975);
#6978=CARTESIAN_POINT('',(-1.3208E1,-5.72516E0,-1.673606E1));
#6979=VERTEX_POINT('',#6978);
#6980=CARTESIAN_POINT('',(-1.3208E1,-5.72516E0,-1.641602E1));
#6981=VERTEX_POINT('',#6980);
#6982=CARTESIAN_POINT('',(-1.17856E1,-7.5946E0,-1.673606E1));
#6983=VERTEX_POINT('',#6982);
#6984=CARTESIAN_POINT('',(-1.17856E1,-7.5946E0,-1.641602E1));
#6985=VERTEX_POINT('',#6984);
#6986=CARTESIAN_POINT('',(-1.17856E1,-7.5946E0,-1.43891E1));
#6987=CARTESIAN_POINT('',(-1.17856E1,-8.012482439139E0,-1.416690796578E1));
#6988=VERTEX_POINT('',#6986);
#6989=VERTEX_POINT('',#6987);
#6990=CARTESIAN_POINT('',(-1.17856E1,-8.200774097863E0,-1.388775410186E1));
#6991=VERTEX_POINT('',#6990);
#6992=CARTESIAN_POINT('',(-1.17856E1,-8.461705898136E0,-1.383703409786E1));
#6993=VERTEX_POINT('',#6992);
#6994=CARTESIAN_POINT('',(-1.17856E1,-9.373642972735E0,-1.445214342150E1));
#6995=VERTEX_POINT('',#6994);
#6996=CARTESIAN_POINT('',(-1.17856E1,-9.758782501259E0,-1.447907500089E1));
#6997=VERTEX_POINT('',#6996);
#6998=CARTESIAN_POINT('',(-1.17856E1,-9.8298E0,-1.437378722917E1));
#6999=VERTEX_POINT('',#6998);
#7000=CARTESIAN_POINT('',(-1.17856E1,-8.640669994963E0,-1.357170891314E1));
#7001=VERTEX_POINT('',#7000);
#7002=CARTESIAN_POINT('',(-1.17856E1,-7.935448913142E0,-1.370879000504E1));
#7003=VERTEX_POINT('',#7002);
#7004=CARTESIAN_POINT('',(-1.17856E1,-7.747157254418E0,-1.398794386896E1));
#7005=VERTEX_POINT('',#7004);
#7006=CARTESIAN_POINT('',(-1.17856E1,-7.5946E0,-1.406906E1));
#7007=VERTEX_POINT('',#7006);
#7008=CARTESIAN_POINT('',(-1.3208E1,-7.5946E0,-1.673606E1));
#7009=VERTEX_POINT('',#7008);
#7010=CARTESIAN_POINT('',(-1.3208E1,-7.5946E0,-1.641602E1));
#7011=VERTEX_POINT('',#7010);
#7012=CARTESIAN_POINT('',(-1.3208E1,-7.5946E0,-1.43891E1));
#7013=CARTESIAN_POINT('',(-1.3208E1,-8.012482439139E0,-1.416690796578E1));
#7014=VERTEX_POINT('',#7012);
#7015=VERTEX_POINT('',#7013);
#7016=CARTESIAN_POINT('',(-1.3208E1,-8.200774097863E0,-1.388775410186E1));
#7017=VERTEX_POINT('',#7016);
#7018=CARTESIAN_POINT('',(-1.3208E1,-8.461705898136E0,-1.383703409786E1));
#7019=VERTEX_POINT('',#7018);
#7020=CARTESIAN_POINT('',(-1.3208E1,-9.373642972735E0,-1.445214342150E1));
#7021=VERTEX_POINT('',#7020);
#7022=CARTESIAN_POINT('',(-1.3208E1,-9.758782501259E0,-1.447907500089E1));
#7023=VERTEX_POINT('',#7022);
#7024=CARTESIAN_POINT('',(-1.3208E1,-9.8298E0,-1.437378722917E1));
#7025=VERTEX_POINT('',#7024);
#7026=CARTESIAN_POINT('',(-1.3208E1,-8.640669994963E0,-1.357170891314E1));
#7027=VERTEX_POINT('',#7026);
#7028=CARTESIAN_POINT('',(-1.3208E1,-7.935448913142E0,-1.370879000504E1));
#7029=VERTEX_POINT('',#7028);
#7030=CARTESIAN_POINT('',(-1.3208E1,-7.747157254418E0,-1.398794386896E1));
#7031=VERTEX_POINT('',#7030);
#7032=CARTESIAN_POINT('',(-1.3208E1,-7.5946E0,-1.406906E1));
#7033=VERTEX_POINT('',#7032);
#7034=CARTESIAN_POINT('',(-1.17856E1,-5.72516E0,-1.43891E1));
#7035=CARTESIAN_POINT('',(-1.17856E1,-5.72516E0,-1.406906E1));
#7036=VERTEX_POINT('',#7034);
#7037=VERTEX_POINT('',#7035);
#7038=CARTESIAN_POINT('',(-1.3208E1,-5.72516E0,-1.43891E1));
#7039=VERTEX_POINT('',#7038);
#7040=CARTESIAN_POINT('',(-1.3208E1,-5.72516E0,-1.406906E1));
#7041=VERTEX_POINT('',#7040);
#7042=CARTESIAN_POINT('',(1.17856E1,-7.5946E0,-1.406906E1));
#7043=CARTESIAN_POINT('',(1.17856E1,-7.747157254418E0,-1.398794386896E1));
#7044=VERTEX_POINT('',#7042);
#7045=VERTEX_POINT('',#7043);
#7046=CARTESIAN_POINT('',(1.17856E1,-7.935448913142E0,-1.370879000504E1));
#7047=VERTEX_POINT('',#7046);
#7048=CARTESIAN_POINT('',(1.17856E1,-8.640669994963E0,-1.357170891314E1));
#7049=VERTEX_POINT('',#7048);
#7050=CARTESIAN_POINT('',(1.17856E1,-9.8298E0,-1.437378722917E1));
#7051=VERTEX_POINT('',#7050);
#7052=CARTESIAN_POINT('',(1.17856E1,-9.758782501259E0,-1.447907500089E1));
#7053=VERTEX_POINT('',#7052);
#7054=CARTESIAN_POINT('',(1.17856E1,-9.373642972735E0,-1.445214342150E1));
#7055=VERTEX_POINT('',#7054);
#7056=CARTESIAN_POINT('',(1.17856E1,-8.461705898136E0,-1.383703409786E1));
#7057=VERTEX_POINT('',#7056);
#7058=CARTESIAN_POINT('',(1.17856E1,-8.200774097863E0,-1.388775410186E1));
#7059=VERTEX_POINT('',#7058);
#7060=CARTESIAN_POINT('',(1.17856E1,-8.012482439139E0,-1.416690796578E1));
#7061=VERTEX_POINT('',#7060);
#7062=CARTESIAN_POINT('',(1.17856E1,-7.5946E0,-1.43891E1));
#7063=VERTEX_POINT('',#7062);
#7064=CARTESIAN_POINT('',(1.17856E1,-8.640669994963E0,-1.723341108686E1));
#7065=CARTESIAN_POINT('',(1.17856E1,-7.935448913142E0,-1.709632999496E1));
#7066=VERTEX_POINT('',#7064);
#7067=VERTEX_POINT('',#7065);
#7068=CARTESIAN_POINT('',(1.17856E1,-7.747157254418E0,-1.681717613104E1));
#7069=VERTEX_POINT('',#7068);
#7070=CARTESIAN_POINT('',(1.17856E1,-7.5946E0,-1.673606E1));
#7071=VERTEX_POINT('',#7070);
#7072=CARTESIAN_POINT('',(1.17856E1,-7.5946E0,-1.641602E1));
#7073=CARTESIAN_POINT('',(1.17856E1,-8.012482439139E0,-1.663821203422E1));
#7074=VERTEX_POINT('',#7072);
#7075=VERTEX_POINT('',#7073);
#7076=CARTESIAN_POINT('',(1.17856E1,-8.200774097863E0,-1.691736589814E1));
#7077=VERTEX_POINT('',#7076);
#7078=CARTESIAN_POINT('',(1.17856E1,-8.461705898136E0,-1.696808590214E1));
#7079=VERTEX_POINT('',#7078);
#7080=CARTESIAN_POINT('',(1.17856E1,-9.373642972735E0,-1.635297657850E1));
#7081=VERTEX_POINT('',#7080);
#7082=CARTESIAN_POINT('',(1.17856E1,-9.758782501259E0,-1.632604499911E1));
#7083=VERTEX_POINT('',#7082);
#7084=CARTESIAN_POINT('',(1.17856E1,-9.8298E0,-1.643133277083E1));
#7085=VERTEX_POINT('',#7084);
#7086=CARTESIAN_POINT('',(1.3208E1,-7.5946E0,-1.406906E1));
#7087=CARTESIAN_POINT('',(1.3208E1,-7.747157254418E0,-1.398794386896E1));
#7088=VERTEX_POINT('',#7086);
#7089=VERTEX_POINT('',#7087);
#7090=CARTESIAN_POINT('',(1.3208E1,-7.935448913142E0,-1.370879000504E1));
#7091=VERTEX_POINT('',#7090);
#7092=CARTESIAN_POINT('',(1.3208E1,-8.640669994963E0,-1.357170891314E1));
#7093=VERTEX_POINT('',#7092);
#7094=CARTESIAN_POINT('',(1.3208E1,-9.8298E0,-1.437378722917E1));
#7095=VERTEX_POINT('',#7094);
#7096=CARTESIAN_POINT('',(1.3208E1,-9.758782501259E0,-1.447907500089E1));
#7097=VERTEX_POINT('',#7096);
#7098=CARTESIAN_POINT('',(1.3208E1,-9.373642972735E0,-1.445214342150E1));
#7099=VERTEX_POINT('',#7098);
#7100=CARTESIAN_POINT('',(1.3208E1,-8.461705898136E0,-1.383703409786E1));
#7101=VERTEX_POINT('',#7100);
#7102=CARTESIAN_POINT('',(1.3208E1,-8.200774097863E0,-1.388775410186E1));
#7103=VERTEX_POINT('',#7102);
#7104=CARTESIAN_POINT('',(1.3208E1,-8.012482439139E0,-1.416690796578E1));
#7105=VERTEX_POINT('',#7104);
#7106=CARTESIAN_POINT('',(1.3208E1,-7.5946E0,-1.43891E1));
#7107=VERTEX_POINT('',#7106);
#7108=CARTESIAN_POINT('',(1.3208E1,-8.640669994963E0,-1.723341108686E1));
#7109=CARTESIAN_POINT('',(1.3208E1,-7.935448913142E0,-1.709632999496E1));
#7110=VERTEX_POINT('',#7108);
#7111=VERTEX_POINT('',#7109);
#7112=CARTESIAN_POINT('',(1.3208E1,-7.747157254418E0,-1.681717613104E1));
#7113=VERTEX_POINT('',#7112);
#7114=CARTESIAN_POINT('',(1.3208E1,-7.5946E0,-1.673606E1));
#7115=VERTEX_POINT('',#7114);
#7116=CARTESIAN_POINT('',(1.3208E1,-7.5946E0,-1.641602E1));
#7117=CARTESIAN_POINT('',(1.3208E1,-8.012482439139E0,-1.663821203422E1));
#7118=VERTEX_POINT('',#7116);
#7119=VERTEX_POINT('',#7117);
#7120=CARTESIAN_POINT('',(1.3208E1,-8.200774097863E0,-1.691736589814E1));
#7121=VERTEX_POINT('',#7120);
#7122=CARTESIAN_POINT('',(1.3208E1,-8.461705898136E0,-1.696808590214E1));
#7123=VERTEX_POINT('',#7122);
#7124=CARTESIAN_POINT('',(1.3208E1,-9.373642972735E0,-1.635297657850E1));
#7125=VERTEX_POINT('',#7124);
#7126=CARTESIAN_POINT('',(1.3208E1,-9.758782501259E0,-1.632604499911E1));
#7127=VERTEX_POINT('',#7126);
#7128=CARTESIAN_POINT('',(1.3208E1,-9.8298E0,-1.643133277083E1));
#7129=VERTEX_POINT('',#7128);
#7130=CARTESIAN_POINT('',(1.17856E1,-5.72516E0,-1.406906E1));
#7131=CARTESIAN_POINT('',(1.17856E1,-5.72516E0,-1.43891E1));
#7132=VERTEX_POINT('',#7130);
#7133=VERTEX_POINT('',#7131);
#7134=CARTESIAN_POINT('',(1.17856E1,-5.72516E0,-1.641602E1));
#7135=CARTESIAN_POINT('',(1.17856E1,-5.72516E0,-1.673606E1));
#7136=VERTEX_POINT('',#7134);
#7137=VERTEX_POINT('',#7135);
#7138=CARTESIAN_POINT('',(1.3208E1,-5.72516E0,-1.406906E1));
#7139=CARTESIAN_POINT('',(1.3208E1,-5.72516E0,-1.43891E1));
#7140=VERTEX_POINT('',#7138);
#7141=VERTEX_POINT('',#7139);
#7142=CARTESIAN_POINT('',(1.3208E1,-5.72516E0,-1.641602E1));
#7143=CARTESIAN_POINT('',(1.3208E1,-5.72516E0,-1.673606E1));
#7144=VERTEX_POINT('',#7142);
#7145=VERTEX_POINT('',#7143);
#7146=CARTESIAN_POINT('',(-1.09474E1,-5.97916E0,-1.540256E1));
#7147=CARTESIAN_POINT('',(-1.40462E1,-5.97916E0,-1.540256E1));
#7148=VERTEX_POINT('',#7146);
#7149=VERTEX_POINT('',#7147);
#7150=CARTESIAN_POINT('',(-9.65835E0,-5.97916E0,-1.540256E1));
#7151=CARTESIAN_POINT('',(-1.533525E1,-5.97916E0,-1.540256E1));
#7152=VERTEX_POINT('',#7150);
#7153=VERTEX_POINT('',#7151);
#7154=CARTESIAN_POINT('',(-1.40462E1,-5.72516E0,-1.540256E1));
#7155=CARTESIAN_POINT('',(-1.09474E1,-5.72516E0,-1.540256E1));
#7156=VERTEX_POINT('',#7154);
#7157=VERTEX_POINT('',#7155);
#7158=CARTESIAN_POINT('',(-9.65835E0,-5.72516E0,-1.540256E1));
#7159=CARTESIAN_POINT('',(-1.533525E1,-5.72516E0,-1.540256E1));
#7160=VERTEX_POINT('',#7158);
#7161=VERTEX_POINT('',#7159);
#7162=CARTESIAN_POINT('',(1.40462E1,-5.97916E0,-1.540256E1));
#7163=CARTESIAN_POINT('',(1.09474E1,-5.97916E0,-1.540256E1));
#7164=VERTEX_POINT('',#7162);
#7165=VERTEX_POINT('',#7163);
#7166=CARTESIAN_POINT('',(1.533525E1,-5.97916E0,-1.540256E1));
#7167=CARTESIAN_POINT('',(9.65835E0,-5.97916E0,-1.540256E1));
#7168=VERTEX_POINT('',#7166);
#7169=VERTEX_POINT('',#7167);
#7170=CARTESIAN_POINT('',(1.09474E1,-5.72516E0,-1.540256E1));
#7171=CARTESIAN_POINT('',(1.40462E1,-5.72516E0,-1.540256E1));
#7172=VERTEX_POINT('',#7170);
#7173=VERTEX_POINT('',#7171);
#7174=CARTESIAN_POINT('',(1.533525E1,-5.72516E0,-1.540256E1));
#7175=CARTESIAN_POINT('',(9.65835E0,-5.72516E0,-1.540256E1));
#7176=VERTEX_POINT('',#7174);
#7177=VERTEX_POINT('',#7175);
#7178=CARTESIAN_POINT('',(-1.07823E1,-5.72516E0,-1.276096E1));
#7179=VERTEX_POINT('',#7178);
#7180=CARTESIAN_POINT('',(-1.07823E1,-5.3086E0,-1.276096E1));
#7181=VERTEX_POINT('',#7180);
#7182=CARTESIAN_POINT('',(1.54178E1,-5.72516E0,-1.276096E1));
#7183=CARTESIAN_POINT('',(1.42113E1,-5.72516E0,-1.276096E1));
#7184=VERTEX_POINT('',#7182);
#7185=VERTEX_POINT('',#7183);
#7186=CARTESIAN_POINT('',(1.07823E1,-5.72516E0,-1.276096E1));
#7187=CARTESIAN_POINT('',(9.5758E0,-5.72516E0,-1.276096E1));
#7188=VERTEX_POINT('',#7186);
#7189=VERTEX_POINT('',#7187);
#7190=CARTESIAN_POINT('',(9.5758E0,-5.72516E0,-1.702816E1));
#7191=VERTEX_POINT('',#7190);
#7192=CARTESIAN_POINT('',(1.11506E1,-5.72516E0,-1.860296E1));
#7193=VERTEX_POINT('',#7192);
#7194=CARTESIAN_POINT('',(1.3843E1,-5.72516E0,-1.860296E1));
#7195=VERTEX_POINT('',#7194);
#7196=CARTESIAN_POINT('',(1.54178E1,-5.72516E0,-1.702816E1));
#7197=VERTEX_POINT('',#7196);
#7198=CARTESIAN_POINT('',(1.54178E1,-5.3086E0,-1.276096E1));
#7199=CARTESIAN_POINT('',(1.42113E1,-5.3086E0,-1.276096E1));
#7200=VERTEX_POINT('',#7198);
#7201=VERTEX_POINT('',#7199);
#7202=CARTESIAN_POINT('',(1.07823E1,-5.3086E0,-1.276096E1));
#7203=CARTESIAN_POINT('',(9.5758E0,-5.3086E0,-1.276096E1));
#7204=VERTEX_POINT('',#7202);
#7205=VERTEX_POINT('',#7203);
#7206=CARTESIAN_POINT('',(9.5758E0,-5.3086E0,-1.702816E1));
#7207=VERTEX_POINT('',#7206);
#7208=CARTESIAN_POINT('',(1.54178E1,-5.3086E0,-1.702816E1));
#7209=VERTEX_POINT('',#7208);
#7210=CARTESIAN_POINT('',(1.363218E1,0.E0,-1.010158E0));
#7211=CARTESIAN_POINT('',(1.136142E1,0.E0,-1.010158E0));
#7212=VERTEX_POINT('',#7210);
#7213=VERTEX_POINT('',#7211);
#7214=CARTESIAN_POINT('',(1.363218E1,0.E0,-9.627362E0));
#7215=CARTESIAN_POINT('',(1.136142E1,0.E0,-9.627362E0));
#7216=VERTEX_POINT('',#7214);
#7217=VERTEX_POINT('',#7215);
#7218=CARTESIAN_POINT('',(1.136142E1,0.E0,-1.062736E1));
#7219=CARTESIAN_POINT('',(1.363218E1,0.E0,-1.062736E1));
#7220=VERTEX_POINT('',#7218);
#7221=VERTEX_POINT('',#7219);
#7222=CARTESIAN_POINT('',(-1.136142E1,0.E0,-1.010158E0));
#7223=CARTESIAN_POINT('',(-1.363218E1,0.E0,-1.010158E0));
#7224=VERTEX_POINT('',#7222);
#7225=VERTEX_POINT('',#7223);
#7226=CARTESIAN_POINT('',(-1.136142E1,0.E0,-9.627362E0));
#7227=CARTESIAN_POINT('',(-1.363218E1,0.E0,-9.627362E0));
#7228=VERTEX_POINT('',#7226);
#7229=VERTEX_POINT('',#7227);
#7230=CARTESIAN_POINT('',(-1.136142E1,0.E0,-1.062736E1));
#7231=CARTESIAN_POINT('',(-1.363218E1,0.E0,-1.062736E1));
#7232=VERTEX_POINT('',#7230);
#7233=VERTEX_POINT('',#7231);
#7234=CARTESIAN_POINT('',(-1.06426E1,-3.048E0,-1.540256E1));
#7235=CARTESIAN_POINT('',(-1.4351E1,-3.048E0,-1.540256E1));
#7236=VERTEX_POINT('',#7234);
#7237=VERTEX_POINT('',#7235);
#7238=CARTESIAN_POINT('',(1.4351E1,-3.048E0,-1.540256E1));
#7239=CARTESIAN_POINT('',(1.06426E1,-3.048E0,-1.540256E1));
#7240=VERTEX_POINT('',#7238);
#7241=VERTEX_POINT('',#7239);
#7242=CARTESIAN_POINT('',(-1.06426E1,-3.3528E0,-1.540256E1));
#7243=CARTESIAN_POINT('',(-1.4351E1,-3.3528E0,-1.540256E1));
#7244=VERTEX_POINT('',#7242);
#7245=VERTEX_POINT('',#7243);
#7246=CARTESIAN_POINT('',(1.4351E1,-3.3528E0,-1.540256E1));
#7247=CARTESIAN_POINT('',(1.06426E1,-3.3528E0,-1.540256E1));
#7248=VERTEX_POINT('',#7246);
#7249=VERTEX_POINT('',#7247);
#7250=CARTESIAN_POINT('',(-1.169326352499E1,-3.048E0,-1.407780738410E1));
#7251=CARTESIAN_POINT('',(-1.330033647501E1,-3.048E0,-1.407780738410E1));
#7252=VERTEX_POINT('',#7250);
#7253=VERTEX_POINT('',#7251);
#7254=CARTESIAN_POINT('',(-1.330033647501E1,-3.048E0,-1.672731261590E1));
#7255=CARTESIAN_POINT('',(-1.169326352499E1,-3.048E0,-1.672731261590E1));
#7256=VERTEX_POINT('',#7254);
#7257=VERTEX_POINT('',#7255);
#7258=CARTESIAN_POINT('',(1.330033647501E1,-3.048E0,-1.407780738410E1));
#7259=CARTESIAN_POINT('',(1.169326352499E1,-3.048E0,-1.407780738410E1));
#7260=VERTEX_POINT('',#7258);
#7261=VERTEX_POINT('',#7259);
#7262=CARTESIAN_POINT('',(1.169326352499E1,-3.048E0,-1.672731261590E1));
#7263=CARTESIAN_POINT('',(1.330033647501E1,-3.048E0,-1.672731261590E1));
#7264=VERTEX_POINT('',#7262);
#7265=VERTEX_POINT('',#7263);
#7266=CARTESIAN_POINT('',(-1.330033647501E1,-3.3528E0,-1.407780738410E1));
#7267=CARTESIAN_POINT('',(-1.169326352499E1,-3.3528E0,-1.407780738410E1));
#7268=VERTEX_POINT('',#7266);
#7269=VERTEX_POINT('',#7267);
#7270=CARTESIAN_POINT('',(-1.169326352499E1,-3.3528E0,-1.672731261590E1));
#7271=CARTESIAN_POINT('',(-1.330033647501E1,-3.3528E0,-1.672731261590E1));
#7272=VERTEX_POINT('',#7270);
#7273=VERTEX_POINT('',#7271);
#7274=CARTESIAN_POINT('',(1.169326352499E1,-3.3528E0,-1.407780738410E1));
#7275=CARTESIAN_POINT('',(1.330033647501E1,-3.3528E0,-1.407780738410E1));
#7276=VERTEX_POINT('',#7274);
#7277=VERTEX_POINT('',#7275);
#7278=CARTESIAN_POINT('',(1.330033647501E1,-3.3528E0,-1.672731261590E1));
#7279=CARTESIAN_POINT('',(1.169326352499E1,-3.3528E0,-1.672731261590E1));
#7280=VERTEX_POINT('',#7278);
#7281=VERTEX_POINT('',#7279);
#7282=CARTESIAN_POINT('',(-1.382155261590E1,-3.048E0,-1.459902352499E1));
#7283=CARTESIAN_POINT('',(-1.382155261590E1,-3.048E0,-1.620609647501E1));
#7284=VERTEX_POINT('',#7282);
#7285=VERTEX_POINT('',#7283);
#7286=CARTESIAN_POINT('',(-1.382155261590E1,-3.3528E0,-1.620609647501E1));
#7287=CARTESIAN_POINT('',(-1.382155261590E1,-3.3528E0,-1.459902352499E1));
#7288=VERTEX_POINT('',#7286);
#7289=VERTEX_POINT('',#7287);
#7290=CARTESIAN_POINT('',(-1.117204738410E1,-3.3528E0,-1.459902352499E1));
#7291=CARTESIAN_POINT('',(-1.117204738410E1,-3.3528E0,-1.620609647501E1));
#7292=VERTEX_POINT('',#7290);
#7293=VERTEX_POINT('',#7291);
#7294=CARTESIAN_POINT('',(-1.117204738410E1,-3.048E0,-1.620609647501E1));
#7295=CARTESIAN_POINT('',(-1.117204738410E1,-3.048E0,-1.459902352499E1));
#7296=VERTEX_POINT('',#7294);
#7297=VERTEX_POINT('',#7295);
#7298=CARTESIAN_POINT('',(1.117204738410E1,-3.048E0,-1.459902352499E1));
#7299=CARTESIAN_POINT('',(1.117204738410E1,-3.048E0,-1.620609647501E1));
#7300=VERTEX_POINT('',#7298);
#7301=VERTEX_POINT('',#7299);
#7302=CARTESIAN_POINT('',(1.117204738410E1,-3.3528E0,-1.620609647501E1));
#7303=CARTESIAN_POINT('',(1.117204738410E1,-3.3528E0,-1.459902352499E1));
#7304=VERTEX_POINT('',#7302);
#7305=VERTEX_POINT('',#7303);
#7306=CARTESIAN_POINT('',(1.382155261590E1,-3.3528E0,-1.459902352499E1));
#7307=CARTESIAN_POINT('',(1.382155261590E1,-3.3528E0,-1.620609647501E1));
#7308=VERTEX_POINT('',#7306);
#7309=VERTEX_POINT('',#7307);
#7310=CARTESIAN_POINT('',(1.382155261590E1,-3.048E0,-1.620609647501E1));
#7311=CARTESIAN_POINT('',(1.382155261590E1,-3.048E0,-1.459902352499E1));
#7312=VERTEX_POINT('',#7310);
#7313=VERTEX_POINT('',#7311);
#7314=CARTESIAN_POINT('',(1.31953E1,-2.8702E0,-1.406906E1));
#7315=CARTESIAN_POINT('',(1.17983E1,-2.8702E0,-1.406906E1));
#7316=VERTEX_POINT('',#7314);
#7317=VERTEX_POINT('',#7315);
#7318=CARTESIAN_POINT('',(1.11633E1,-2.8702E0,-1.470406E1));
#7319=VERTEX_POINT('',#7318);
#7320=CARTESIAN_POINT('',(1.11633E1,-2.8702E0,-1.610106E1));
#7321=VERTEX_POINT('',#7320);
#7322=CARTESIAN_POINT('',(1.17983E1,-2.8702E0,-1.673606E1));
#7323=VERTEX_POINT('',#7322);
#7324=CARTESIAN_POINT('',(1.31953E1,-2.8702E0,-1.673606E1));
#7325=VERTEX_POINT('',#7324);
#7326=CARTESIAN_POINT('',(1.38303E1,-2.8702E0,-1.610106E1));
#7327=VERTEX_POINT('',#7326);
#7328=CARTESIAN_POINT('',(1.38303E1,-2.8702E0,-1.470406E1));
#7329=VERTEX_POINT('',#7328);
#7330=CARTESIAN_POINT('',(1.31953E1,-2.8702E0,-1.43891E1));
#7331=CARTESIAN_POINT('',(1.351026E1,-2.8702E0,-1.470406E1));
#7332=VERTEX_POINT('',#7330);
#7333=VERTEX_POINT('',#7331);
#7334=CARTESIAN_POINT('',(1.351026E1,-2.8702E0,-1.610106E1));
#7335=VERTEX_POINT('',#7334);
#7336=CARTESIAN_POINT('',(1.31953E1,-2.8702E0,-1.641602E1));
#7337=VERTEX_POINT('',#7336);
#7338=CARTESIAN_POINT('',(1.17983E1,-2.8702E0,-1.641602E1));
#7339=VERTEX_POINT('',#7338);
#7340=CARTESIAN_POINT('',(1.148334E1,-2.8702E0,-1.610106E1));
#7341=VERTEX_POINT('',#7340);
#7342=CARTESIAN_POINT('',(1.148334E1,-2.8702E0,-1.470406E1));
#7343=VERTEX_POINT('',#7342);
#7344=CARTESIAN_POINT('',(1.17983E1,-2.8702E0,-1.43891E1));
#7345=VERTEX_POINT('',#7344);
#7346=CARTESIAN_POINT('',(1.31953E1,-3.3528E0,-1.406906E1));
#7347=CARTESIAN_POINT('',(1.17983E1,-3.3528E0,-1.406906E1));
#7348=VERTEX_POINT('',#7346);
#7349=VERTEX_POINT('',#7347);
#7350=CARTESIAN_POINT('',(1.11633E1,-3.3528E0,-1.470406E1));
#7351=VERTEX_POINT('',#7350);
#7352=CARTESIAN_POINT('',(1.11633E1,-3.3528E0,-1.610106E1));
#7353=VERTEX_POINT('',#7352);
#7354=CARTESIAN_POINT('',(1.17983E1,-3.3528E0,-1.673606E1));
#7355=VERTEX_POINT('',#7354);
#7356=CARTESIAN_POINT('',(1.31953E1,-3.3528E0,-1.673606E1));
#7357=VERTEX_POINT('',#7356);
#7358=CARTESIAN_POINT('',(1.38303E1,-3.3528E0,-1.610106E1));
#7359=VERTEX_POINT('',#7358);
#7360=CARTESIAN_POINT('',(1.38303E1,-3.3528E0,-1.470406E1));
#7361=VERTEX_POINT('',#7360);
#7362=CARTESIAN_POINT('',(1.351026E1,-3.3528E0,-1.470406E1));
#7363=CARTESIAN_POINT('',(1.31953E1,-3.3528E0,-1.43891E1));
#7364=VERTEX_POINT('',#7362);
#7365=VERTEX_POINT('',#7363);
#7366=CARTESIAN_POINT('',(1.351026E1,-3.3528E0,-1.610106E1));
#7367=VERTEX_POINT('',#7366);
#7368=CARTESIAN_POINT('',(1.31953E1,-3.3528E0,-1.641602E1));
#7369=VERTEX_POINT('',#7368);
#7370=CARTESIAN_POINT('',(1.17983E1,-3.3528E0,-1.641602E1));
#7371=VERTEX_POINT('',#7370);
#7372=CARTESIAN_POINT('',(1.148334E1,-3.3528E0,-1.610106E1));
#7373=VERTEX_POINT('',#7372);
#7374=CARTESIAN_POINT('',(1.148334E1,-3.3528E0,-1.470406E1));
#7375=VERTEX_POINT('',#7374);
#7376=CARTESIAN_POINT('',(1.17983E1,-3.3528E0,-1.43891E1));
#7377=VERTEX_POINT('',#7376);
#7378=CARTESIAN_POINT('',(7.8994E0,-3.3528E0,-1.860296E1));
#7379=CARTESIAN_POINT('',(7.8994E0,-3.3528E0,-1.758696E1));
#7380=VERTEX_POINT('',#7378);
#7381=VERTEX_POINT('',#7379);
#7382=CARTESIAN_POINT('',(-7.8994E0,-3.3528E0,-1.860296E1));
#7383=CARTESIAN_POINT('',(-7.8994E0,-3.3528E0,-1.758696E1));
#7384=VERTEX_POINT('',#7382);
#7385=VERTEX_POINT('',#7383);
#7386=CARTESIAN_POINT('',(7.8994E0,-5.207E0,-1.758696E1));
#7387=CARTESIAN_POINT('',(-7.8994E0,-5.207E0,-1.758696E1));
#7388=VERTEX_POINT('',#7386);
#7389=VERTEX_POINT('',#7387);
#7390=CARTESIAN_POINT('',(1.09093E1,3.302E0,-7.57936E0));
#7391=CARTESIAN_POINT('',(1.40843E1,3.302E0,-7.57936E0));
#7392=VERTEX_POINT('',#7390);
#7393=VERTEX_POINT('',#7391);
#7394=CARTESIAN_POINT('',(-1.40843E1,3.302E0,-7.57936E0));
#7395=CARTESIAN_POINT('',(-1.09093E1,3.302E0,-7.57936E0));
#7396=VERTEX_POINT('',#7394);
#7397=VERTEX_POINT('',#7395);
#7398=CARTESIAN_POINT('',(1.09093E1,6.2738E0,-8.54456E0));
#7399=CARTESIAN_POINT('',(1.09093E1,6.2738E0,-7.57936E0));
#7400=VERTEX_POINT('',#7398);
#7401=VERTEX_POINT('',#7399);
#7402=CARTESIAN_POINT('',(-1.09093E1,6.2738E0,-8.54456E0));
#7403=CARTESIAN_POINT('',(-1.09093E1,6.2738E0,-7.57936E0));
#7404=VERTEX_POINT('',#7402);
#7405=VERTEX_POINT('',#7403);
#7406=CARTESIAN_POINT('',(1.09093E1,3.302E0,-8.54456E0));
#7407=VERTEX_POINT('',#7406);
#7408=CARTESIAN_POINT('',(-1.09093E1,3.302E0,-8.54456E0));
#7409=VERTEX_POINT('',#7408);
#7410=CARTESIAN_POINT('',(-1.40843E1,3.302E0,-8.54456E0));
#7411=VERTEX_POINT('',#7410);
#7412=CARTESIAN_POINT('',(1.40843E1,3.302E0,-8.54456E0));
#7413=VERTEX_POINT('',#7412);
#7414=CARTESIAN_POINT('',(1.35763E1,6.2738E0,-7.99592E0));
#7415=CARTESIAN_POINT('',(1.35763E1,4.8768E0,-7.99592E0));
#7416=VERTEX_POINT('',#7414);
#7417=VERTEX_POINT('',#7415);
#7418=CARTESIAN_POINT('',(1.14173E1,4.8768E0,-7.99592E0));
#7419=VERTEX_POINT('',#7418);
#7420=CARTESIAN_POINT('',(1.14173E1,6.2738E0,-7.99592E0));
#7421=VERTEX_POINT('',#7420);
#7422=CARTESIAN_POINT('',(-1.35763E1,6.2738E0,-7.99592E0));
#7423=CARTESIAN_POINT('',(-1.14173E1,6.2738E0,-7.99592E0));
#7424=VERTEX_POINT('',#7422);
#7425=VERTEX_POINT('',#7423);
#7426=CARTESIAN_POINT('',(-1.14173E1,4.8768E0,-7.99592E0));
#7427=VERTEX_POINT('',#7426);
#7428=CARTESIAN_POINT('',(-1.35763E1,4.8768E0,-7.99592E0));
#7429=VERTEX_POINT('',#7428);
#7430=CARTESIAN_POINT('',(1.35763E1,6.2738E0,-7.57936E0));
#7431=CARTESIAN_POINT('',(1.35763E1,4.8768E0,-7.57936E0));
#7432=VERTEX_POINT('',#7430);
#7433=VERTEX_POINT('',#7431);
#7434=CARTESIAN_POINT('',(1.14173E1,4.8768E0,-7.57936E0));
#7435=VERTEX_POINT('',#7434);
#7436=CARTESIAN_POINT('',(1.14173E1,6.2738E0,-7.57936E0));
#7437=VERTEX_POINT('',#7436);
#7438=CARTESIAN_POINT('',(-1.14173E1,6.2738E0,-7.57936E0));
#7439=CARTESIAN_POINT('',(-1.14173E1,4.8768E0,-7.57936E0));
#7440=VERTEX_POINT('',#7438);
#7441=VERTEX_POINT('',#7439);
#7442=CARTESIAN_POINT('',(-1.35763E1,4.8768E0,-7.57936E0));
#7443=VERTEX_POINT('',#7442);
#7444=CARTESIAN_POINT('',(-1.35763E1,6.2738E0,-7.57936E0));
#7445=VERTEX_POINT('',#7444);
#7446=CARTESIAN_POINT('',(-5.4864E0,-9.4488E0,-1.714246E1));
#7447=CARTESIAN_POINT('',(-5.4864E0,-9.4488E0,-1.650746E1));
#7448=VERTEX_POINT('',#7446);
#7449=VERTEX_POINT('',#7447);
#7450=CARTESIAN_POINT('',(-5.4864E0,-5.207E0,-1.714246E1));
#7451=CARTESIAN_POINT('',(-5.4864E0,-5.207E0,-1.650746E1));
#7452=VERTEX_POINT('',#7450);
#7453=VERTEX_POINT('',#7451);
#7454=CARTESIAN_POINT('',(-2.7432E0,-9.4488E0,-1.714246E1));
#7455=CARTESIAN_POINT('',(-2.7432E0,-9.4488E0,-1.650746E1));
#7456=VERTEX_POINT('',#7454);
#7457=VERTEX_POINT('',#7455);
#7458=CARTESIAN_POINT('',(-2.7432E0,-5.207E0,-1.714246E1));
#7459=VERTEX_POINT('',#7458);
#7460=CARTESIAN_POINT('',(-2.7432E0,-5.207E0,-1.650746E1));
#7461=VERTEX_POINT('',#7460);
#7462=CARTESIAN_POINT('',(0.E0,-9.4488E0,-1.714246E1));
#7463=CARTESIAN_POINT('',(0.E0,-9.4488E0,-1.650746E1));
#7464=VERTEX_POINT('',#7462);
#7465=VERTEX_POINT('',#7463);
#7466=CARTESIAN_POINT('',(0.E0,-5.207E0,-1.714246E1));
#7467=VERTEX_POINT('',#7466);
#7468=CARTESIAN_POINT('',(0.E0,-5.207E0,-1.650746E1));
#7469=VERTEX_POINT('',#7468);
#7470=CARTESIAN_POINT('',(2.7432E0,-9.4488E0,-1.714246E1));
#7471=CARTESIAN_POINT('',(2.7432E0,-9.4488E0,-1.650746E1));
#7472=VERTEX_POINT('',#7470);
#7473=VERTEX_POINT('',#7471);
#7474=CARTESIAN_POINT('',(2.7432E0,-5.207E0,-1.714246E1));
#7475=VERTEX_POINT('',#7474);
#7476=CARTESIAN_POINT('',(2.7432E0,-5.207E0,-1.650746E1));
#7477=VERTEX_POINT('',#7476);
#7478=CARTESIAN_POINT('',(5.4864E0,-9.4488E0,-1.714246E1));
#7479=CARTESIAN_POINT('',(5.4864E0,-9.4488E0,-1.650746E1));
#7480=VERTEX_POINT('',#7478);
#7481=VERTEX_POINT('',#7479);
#7482=CARTESIAN_POINT('',(5.4864E0,-5.207E0,-1.714246E1));
#7483=CARTESIAN_POINT('',(5.4864E0,-5.207E0,-1.650746E1));
#7484=VERTEX_POINT('',#7482);
#7485=VERTEX_POINT('',#7483);
#7486=CARTESIAN_POINT('',(-4.1148E0,-9.4488E0,-1.429766E1));
#7487=CARTESIAN_POINT('',(-4.1148E0,-9.4488E0,-1.366266E1));
#7488=VERTEX_POINT('',#7486);
#7489=VERTEX_POINT('',#7487);
#7490=CARTESIAN_POINT('',(-4.1148E0,-5.207E0,-1.429766E1));
#7491=CARTESIAN_POINT('',(-4.1148E0,-5.207E0,-1.366266E1));
#7492=VERTEX_POINT('',#7490);
#7493=VERTEX_POINT('',#7491);
#7494=CARTESIAN_POINT('',(-1.3716E0,-9.4488E0,-1.429766E1));
#7495=CARTESIAN_POINT('',(-1.3716E0,-9.4488E0,-1.366266E1));
#7496=VERTEX_POINT('',#7494);
#7497=VERTEX_POINT('',#7495);
#7498=CARTESIAN_POINT('',(-1.3716E0,-5.207E0,-1.429766E1));
#7499=CARTESIAN_POINT('',(-1.3716E0,-5.207E0,-1.366266E1));
#7500=VERTEX_POINT('',#7498);
#7501=VERTEX_POINT('',#7499);
#7502=CARTESIAN_POINT('',(1.3716E0,-9.4488E0,-1.429766E1));
#7503=CARTESIAN_POINT('',(1.3716E0,-9.4488E0,-1.366266E1));
#7504=VERTEX_POINT('',#7502);
#7505=VERTEX_POINT('',#7503);
#7506=CARTESIAN_POINT('',(1.3716E0,-5.207E0,-1.429766E1));
#7507=VERTEX_POINT('',#7506);
#7508=CARTESIAN_POINT('',(1.3716E0,-5.207E0,-1.366266E1));
#7509=VERTEX_POINT('',#7508);
#7510=CARTESIAN_POINT('',(4.1148E0,-9.4488E0,-1.429766E1));
#7511=CARTESIAN_POINT('',(4.1148E0,-9.4488E0,-1.366266E1));
#7512=VERTEX_POINT('',#7510);
#7513=VERTEX_POINT('',#7511);
#7514=CARTESIAN_POINT('',(4.1148E0,-5.207E0,-1.429766E1));
#7515=VERTEX_POINT('',#7514);
#7516=CARTESIAN_POINT('',(4.1148E0,-5.207E0,-1.366266E1));
#7517=VERTEX_POINT('',#7516);
#7518=CARTESIAN_POINT('',(-1.351026E1,-7.366E0,-1.469136E1));
#7519=CARTESIAN_POINT('',(-1.370415783435E1,-7.747593783435E0,-1.469136E1));
#7520=VERTEX_POINT('',#7518);
#7521=VERTEX_POINT('',#7519);
#7522=CARTESIAN_POINT('',(-1.401731785085E1,-7.976183118418E0,-1.469136E1));
#7523=VERTEX_POINT('',#7522);
#7524=CARTESIAN_POINT('',(-1.406761316584E1,-8.224806556560E0,-1.469136E1));
#7525=VERTEX_POINT('',#7524);
#7526=CARTESIAN_POINT('',(-1.337448294221E1,-9.378368966341E0,-1.469136E1));
#7527=VERTEX_POINT('',#7526);
#7528=CARTESIAN_POINT('',(-1.336774491714E1,-9.764390164486E0,-1.469136E1));
#7529=VERTEX_POINT('',#7528);
#7530=CARTESIAN_POINT('',(-1.347660516432E1,-9.8298E0,-1.469136E1));
#7531=VERTEX_POINT('',#7530);
#7532=CARTESIAN_POINT('',(-1.434194098876E1,-8.389639342054E0,-1.469136E1));
#7533=VERTEX_POINT('',#7532);
#7534=CARTESIAN_POINT('',(-1.420600770500E1,-7.717684103833E0,-1.469136E1));
#7535=VERTEX_POINT('',#7534);
#7536=CARTESIAN_POINT('',(-1.389284768850E1,-7.489094768850E0,-1.469136E1));
#7537=VERTEX_POINT('',#7536);
#7538=CARTESIAN_POINT('',(-1.38303E1,-7.366E0,-1.469136E1));
#7539=VERTEX_POINT('',#7538);
#7540=CARTESIAN_POINT('',(-1.11633E1,-7.366E0,-1.469136E1));
#7541=CARTESIAN_POINT('',(-1.110075231150E1,-7.489094768850E0,-1.469136E1));
#7542=VERTEX_POINT('',#7540);
#7543=VERTEX_POINT('',#7541);
#7544=CARTESIAN_POINT('',(-1.078759229500E1,-7.717684103833E0,-1.469136E1));
#7545=VERTEX_POINT('',#7544);
#7546=CARTESIAN_POINT('',(-1.065165901124E1,-8.389639342054E0,-1.469136E1));
#7547=VERTEX_POINT('',#7546);
#7548=CARTESIAN_POINT('',(-1.151699483568E1,-9.8298E0,-1.469136E1));
#7549=VERTEX_POINT('',#7548);
#7550=CARTESIAN_POINT('',(-1.162585508286E1,-9.764390164486E0,-1.469136E1));
#7551=VERTEX_POINT('',#7550);
#7552=CARTESIAN_POINT('',(-1.161911705779E1,-9.378368966341E0,-1.469136E1));
#7553=VERTEX_POINT('',#7552);
#7554=CARTESIAN_POINT('',(-1.092598683416E1,-8.224806556560E0,-1.469136E1));
#7555=VERTEX_POINT('',#7554);
#7556=CARTESIAN_POINT('',(-1.097628214915E1,-7.976183118418E0,-1.469136E1));
#7557=VERTEX_POINT('',#7556);
#7558=CARTESIAN_POINT('',(-1.128944216565E1,-7.747593783435E0,-1.469136E1));
#7559=VERTEX_POINT('',#7558);
#7560=CARTESIAN_POINT('',(-1.148334E1,-7.366E0,-1.469136E1));
#7561=VERTEX_POINT('',#7560);
#7562=CARTESIAN_POINT('',(-1.351026E1,-7.366E0,-1.611376E1));
#7563=CARTESIAN_POINT('',(-1.370415783435E1,-7.747593783435E0,-1.611376E1));
#7564=VERTEX_POINT('',#7562);
#7565=VERTEX_POINT('',#7563);
#7566=CARTESIAN_POINT('',(-1.401731785085E1,-7.976183118418E0,-1.611376E1));
#7567=VERTEX_POINT('',#7566);
#7568=CARTESIAN_POINT('',(-1.406761316584E1,-8.224806556560E0,-1.611376E1));
#7569=VERTEX_POINT('',#7568);
#7570=CARTESIAN_POINT('',(-1.337448294221E1,-9.378368966341E0,-1.611376E1));
#7571=VERTEX_POINT('',#7570);
#7572=CARTESIAN_POINT('',(-1.336774491714E1,-9.764390164486E0,-1.611376E1));
#7573=VERTEX_POINT('',#7572);
#7574=CARTESIAN_POINT('',(-1.347660516432E1,-9.8298E0,-1.611376E1));
#7575=VERTEX_POINT('',#7574);
#7576=CARTESIAN_POINT('',(-1.434194098876E1,-8.389639342054E0,-1.611376E1));
#7577=VERTEX_POINT('',#7576);
#7578=CARTESIAN_POINT('',(-1.420600770500E1,-7.717684103833E0,-1.611376E1));
#7579=VERTEX_POINT('',#7578);
#7580=CARTESIAN_POINT('',(-1.389284768850E1,-7.489094768850E0,-1.611376E1));
#7581=VERTEX_POINT('',#7580);
#7582=CARTESIAN_POINT('',(-1.38303E1,-7.366E0,-1.611376E1));
#7583=VERTEX_POINT('',#7582);
#7584=CARTESIAN_POINT('',(-1.11633E1,-7.366E0,-1.611376E1));
#7585=CARTESIAN_POINT('',(-1.110075231150E1,-7.489094768850E0,-1.611376E1));
#7586=VERTEX_POINT('',#7584);
#7587=VERTEX_POINT('',#7585);
#7588=CARTESIAN_POINT('',(-1.078759229500E1,-7.717684103833E0,-1.611376E1));
#7589=VERTEX_POINT('',#7588);
#7590=CARTESIAN_POINT('',(-1.065165901124E1,-8.389639342054E0,-1.611376E1));
#7591=VERTEX_POINT('',#7590);
#7592=CARTESIAN_POINT('',(-1.151699483568E1,-9.8298E0,-1.611376E1));
#7593=VERTEX_POINT('',#7592);
#7594=CARTESIAN_POINT('',(-1.162585508286E1,-9.764390164486E0,-1.611376E1));
#7595=VERTEX_POINT('',#7594);
#7596=CARTESIAN_POINT('',(-1.161911705779E1,-9.378368966341E0,-1.611376E1));
#7597=VERTEX_POINT('',#7596);
#7598=CARTESIAN_POINT('',(-1.092598683416E1,-8.224806556560E0,-1.611376E1));
#7599=VERTEX_POINT('',#7598);
#7600=CARTESIAN_POINT('',(-1.097628214915E1,-7.976183118418E0,-1.611376E1));
#7601=VERTEX_POINT('',#7600);
#7602=CARTESIAN_POINT('',(-1.128944216565E1,-7.747593783435E0,-1.611376E1));
#7603=VERTEX_POINT('',#7602);
#7604=CARTESIAN_POINT('',(-1.148334E1,-7.366E0,-1.611376E1));
#7605=VERTEX_POINT('',#7604);
#7606=CARTESIAN_POINT('',(1.06553E1,-5.06476E0,-1.142001519846E1));
#7607=CARTESIAN_POINT('',(1.43383E1,-5.06476E0,-1.142001519846E1));
#7608=VERTEX_POINT('',#7606);
#7609=VERTEX_POINT('',#7607);
#7610=CARTESIAN_POINT('',(1.06553E1,-5.06476E0,-5.8928E0));
#7611=CARTESIAN_POINT('',(1.42113E1,-5.06476E0,-5.8928E0));
#7612=VERTEX_POINT('',#7610);
#7613=VERTEX_POINT('',#7611);
#7614=CARTESIAN_POINT('',(1.43383E1,-5.3086E0,-6.30936E0));
#7615=CARTESIAN_POINT('',(1.43383E1,-5.3086E0,-1.166385519846E1));
#7616=VERTEX_POINT('',#7614);
#7617=VERTEX_POINT('',#7615);
#7618=CARTESIAN_POINT('',(1.06553E1,-5.3086E0,-1.166385519846E1));
#7619=CARTESIAN_POINT('',(1.07823E1,-5.3086E0,-1.166385519846E1));
#7620=VERTEX_POINT('',#7618);
#7621=VERTEX_POINT('',#7619);
#7622=CARTESIAN_POINT('',(1.42113E1,-5.3086E0,-1.166385519846E1));
#7623=VERTEX_POINT('',#7622);
#7624=CARTESIAN_POINT('',(1.07823E1,-5.72516E0,-1.208041519846E1));
#7625=CARTESIAN_POINT('',(1.42113E1,-5.72516E0,-1.208041519846E1));
#7626=VERTEX_POINT('',#7624);
#7627=VERTEX_POINT('',#7625);
#7628=CARTESIAN_POINT('',(1.43383E1,-5.06476E0,-6.30936E0));
#7629=VERTEX_POINT('',#7628);
#7630=CARTESIAN_POINT('',(-1.06553E1,-5.06476E0,-1.142001519846E1));
#7631=CARTESIAN_POINT('',(-1.43383E1,-5.06476E0,-1.142001519846E1));
#7632=VERTEX_POINT('',#7630);
#7633=VERTEX_POINT('',#7631);
#7634=CARTESIAN_POINT('',(-1.06553E1,-5.06476E0,-5.8928E0));
#7635=CARTESIAN_POINT('',(-1.42113E1,-5.06476E0,-5.8928E0));
#7636=VERTEX_POINT('',#7634);
#7637=VERTEX_POINT('',#7635);
#7638=CARTESIAN_POINT('',(-1.43383E1,-5.3086E0,-6.30936E0));
#7639=CARTESIAN_POINT('',(-1.43383E1,-5.3086E0,-1.166385519846E1));
#7640=VERTEX_POINT('',#7638);
#7641=VERTEX_POINT('',#7639);
#7642=CARTESIAN_POINT('',(-1.06553E1,-5.3086E0,-1.166385519846E1));
#7643=CARTESIAN_POINT('',(-1.07823E1,-5.3086E0,-1.166385519846E1));
#7644=VERTEX_POINT('',#7642);
#7645=VERTEX_POINT('',#7643);
#7646=CARTESIAN_POINT('',(-1.42113E1,-5.3086E0,-1.166385519846E1));
#7647=VERTEX_POINT('',#7646);
#7648=CARTESIAN_POINT('',(-1.07823E1,-5.72516E0,-1.208041519846E1));
#7649=CARTESIAN_POINT('',(-1.42113E1,-5.72516E0,-1.208041519846E1));
#7650=VERTEX_POINT('',#7648);
#7651=VERTEX_POINT('',#7649);
#7652=CARTESIAN_POINT('',(-1.43383E1,-5.06476E0,-6.30936E0));
#7653=VERTEX_POINT('',#7652);
#7654=CARTESIAN_POINT('',(1.42494E1,-5.0038E0,-6.30936E0));
#7655=CARTESIAN_POINT('',(1.42113E1,-5.0038E0,-6.30936E0));
#7656=VERTEX_POINT('',#7654);
#7657=VERTEX_POINT('',#7655);
#7658=CARTESIAN_POINT('',(-1.55194E1,-5.3086E0,-6.30936E0));
#7659=CARTESIAN_POINT('',(-1.55194E1,-3.7338E0,-6.30936E0));
#7660=VERTEX_POINT('',#7658);
#7661=VERTEX_POINT('',#7659);
#7662=CARTESIAN_POINT('',(1.55194E1,-5.3086E0,-6.30936E0));
#7663=CARTESIAN_POINT('',(1.55194E1,-3.7338E0,-6.30936E0));
#7664=VERTEX_POINT('',#7662);
#7665=VERTEX_POINT('',#7663);
#7666=CARTESIAN_POINT('',(1.42494E1,-5.0038E0,-5.8928E0));
#7667=CARTESIAN_POINT('',(1.42113E1,-5.0038E0,-5.8928E0));
#7668=VERTEX_POINT('',#7666);
#7669=VERTEX_POINT('',#7667);
#7670=CARTESIAN_POINT('',(1.42113E1,-5.06476E0,-6.30936E0));
#7671=VERTEX_POINT('',#7670);
#7672=CARTESIAN_POINT('',(-1.42113E1,-5.06476E0,-6.30936E0));
#7673=VERTEX_POINT('',#7672);
#7674=CARTESIAN_POINT('',(-1.42113E1,-5.0038E0,-6.30936E0));
#7675=CARTESIAN_POINT('',(-1.42494E1,-5.0038E0,-6.30936E0));
#7676=VERTEX_POINT('',#7674);
#7677=VERTEX_POINT('',#7675);
#7678=CARTESIAN_POINT('',(-1.55194E1,-3.7338E0,-5.8928E0));
#7679=VERTEX_POINT('',#7678);
#7680=CARTESIAN_POINT('',(1.55194E1,-3.7338E0,-5.8928E0));
#7681=VERTEX_POINT('',#7680);
#7682=CARTESIAN_POINT('',(-1.42113E1,-5.0038E0,-5.8928E0));
#7683=CARTESIAN_POINT('',(-1.42494E1,-5.0038E0,-5.8928E0));
#7684=VERTEX_POINT('',#7682);
#7685=VERTEX_POINT('',#7683);
#7686=CARTESIAN_POINT('',(1.55194E1,4.699E0,-5.8928E0));
#7687=CARTESIAN_POINT('',(1.39446E1,6.2738E0,-5.8928E0));
#7688=VERTEX_POINT('',#7686);
#7689=VERTEX_POINT('',#7687);
#7690=CARTESIAN_POINT('',(1.39446E1,6.2738E0,-7.57936E0));
#7691=VERTEX_POINT('',#7690);
#7692=CARTESIAN_POINT('',(1.40843E1,6.267591390388E0,-7.57936E0));
#7693=VERTEX_POINT('',#7692);
#7694=CARTESIAN_POINT('',(1.40843E1,6.267591390388E0,-8.54456E0));
#7695=VERTEX_POINT('',#7694);
#7696=CARTESIAN_POINT('',(1.55194E1,4.699E0,-8.54456E0));
#7697=VERTEX_POINT('',#7696);
#7698=CARTESIAN_POINT('',(-1.55194E1,4.699E0,-8.54456E0));
#7699=CARTESIAN_POINT('',(-1.40843E1,6.267591390388E0,-8.54456E0));
#7700=VERTEX_POINT('',#7698);
#7701=VERTEX_POINT('',#7699);
#7702=CARTESIAN_POINT('',(-1.40843E1,6.267591390388E0,-7.57936E0));
#7703=VERTEX_POINT('',#7702);
#7704=CARTESIAN_POINT('',(-1.39446E1,6.2738E0,-7.57936E0));
#7705=VERTEX_POINT('',#7704);
#7706=CARTESIAN_POINT('',(-1.39446E1,6.2738E0,-5.8928E0));
#7707=VERTEX_POINT('',#7706);
#7708=CARTESIAN_POINT('',(-1.55194E1,4.699E0,-5.8928E0));
#7709=VERTEX_POINT('',#7708);
#7710=CARTESIAN_POINT('',(-5.4864E0,2.286E0,-5.7404E0));
#7711=CARTESIAN_POINT('',(-5.4864E0,3.556E0,-5.7404E0));
#7712=VERTEX_POINT('',#7710);
#7713=VERTEX_POINT('',#7711);
#7714=CARTESIAN_POINT('',(-5.64515E0,3.556E0,-5.7404E0));
#7715=VERTEX_POINT('',#7714);
#7716=CARTESIAN_POINT('',(-5.8039E0,3.366851086378E0,-5.7404E0));
#7717=VERTEX_POINT('',#7716);
#7718=CARTESIAN_POINT('',(-5.8039E0,3.150680823684E0,-5.7404E0));
#7719=VERTEX_POINT('',#7718);
#7720=CARTESIAN_POINT('',(-5.64515E0,3.339829813004E0,-5.7404E0));
#7721=VERTEX_POINT('',#7720);
#7722=CARTESIAN_POINT('',(-5.64515E0,2.286E0,-5.7404E0));
#7723=VERTEX_POINT('',#7722);
#7724=CARTESIAN_POINT('',(-3.697816691899E0,-2.807510636687E0,-5.7404E0));
#7725=CARTESIAN_POINT('',(-3.777191691899E0,-2.726446816564E0,-5.7404E0));
#7726=VERTEX_POINT('',#7724);
#7727=VERTEX_POINT('',#7725);
#7728=CARTESIAN_POINT('',(-3.909483308101E0,-2.645382996440E0,-5.7404E0));
#7729=VERTEX_POINT('',#7728);
#7730=CARTESIAN_POINT('',(-4.041775E0,-2.618361723065E0,-5.7404E0));
#7731=VERTEX_POINT('',#7730);
#7732=CARTESIAN_POINT('',(-4.174066654050E0,-2.618361723065E0,-5.7404E0));
#7733=VERTEX_POINT('',#7732);
#7734=CARTESIAN_POINT('',(-4.306358327025E0,-2.645382996440E0,-5.7404E0));
#7735=VERTEX_POINT('',#7734);
#7736=CARTESIAN_POINT('',(-4.465108336487E0,-2.753468089938E0,-5.7404E0));
#7737=VERTEX_POINT('',#7736);
#7738=CARTESIAN_POINT('',(-4.465108336487E0,-2.699425543189E0,-5.7404E0));
#7739=VERTEX_POINT('',#7738);
#7740=CARTESIAN_POINT('',(-4.43865E0,-2.537297902942E0,-5.7404E0));
#7741=VERTEX_POINT('',#7740);
#7742=CARTESIAN_POINT('',(-4.412191672975E0,-2.456234007120E0,-5.7404E0));
#7743=VERTEX_POINT('',#7742);
#7744=CARTESIAN_POINT('',(-4.359275E0,-2.375170186996E0,-5.7404E0));
#7745=VERTEX_POINT('',#7744);
#7746=CARTESIAN_POINT('',(-4.2799E0,-2.321127640247E0,-5.7404E0));
#7747=VERTEX_POINT('',#7746);
#7748=CARTESIAN_POINT('',(-4.200525E0,-2.294106366873E0,-5.7404E0));
#7749=VERTEX_POINT('',#7748);
#7750=CARTESIAN_POINT('',(-4.041775E0,-2.294106366873E0,-5.7404E0));
#7751=VERTEX_POINT('',#7750);
#7752=CARTESIAN_POINT('',(-3.9624E0,-2.321127640247E0,-5.7404E0));
#7753=VERTEX_POINT('',#7752);
#7754=CARTESIAN_POINT('',(-3.883025E0,-2.375170186996E0,-5.7404E0));
#7755=VERTEX_POINT('',#7754);
#7756=CARTESIAN_POINT('',(-3.830108308101E0,-2.456234007120E0,-5.7404E0));
#7757=VERTEX_POINT('',#7756);
#7758=CARTESIAN_POINT('',(-3.697816691899E0,-2.456234007120E0,-5.7404E0));
#7759=VERTEX_POINT('',#7758);
#7760=CARTESIAN_POINT('',(-3.724275E0,-2.375170186996E0,-5.7404E0));
#7761=VERTEX_POINT('',#7760);
#7762=CARTESIAN_POINT('',(-3.80365E0,-2.267085093498E0,-5.7404E0));
#7763=VERTEX_POINT('',#7762);
#7764=CARTESIAN_POINT('',(-3.935941691899E0,-2.186021273375E0,-5.7404E0));
#7765=VERTEX_POINT('',#7764);
#7766=CARTESIAN_POINT('',(-4.068233345950E0,-2.159E0,-5.7404E0));
#7767=VERTEX_POINT('',#7766);
#7768=CARTESIAN_POINT('',(-4.174066654050E0,-2.159E0,-5.7404E0));
#7769=VERTEX_POINT('',#7768);
#7770=CARTESIAN_POINT('',(-4.306358327025E0,-2.186021273375E0,-5.7404E0));
#7771=VERTEX_POINT('',#7770);
#7772=CARTESIAN_POINT('',(-4.43865E0,-2.267085093498E0,-5.7404E0));
#7773=VERTEX_POINT('',#7772);
#7774=CARTESIAN_POINT('',(-4.518025E0,-2.375170186996E0,-5.7404E0));
#7775=VERTEX_POINT('',#7774);
#7776=CARTESIAN_POINT('',(-4.570941665878E0,-2.510276629567E0,-5.7404E0));
#7777=VERTEX_POINT('',#7776);
#7778=CARTESIAN_POINT('',(-4.5974E0,-2.699425543189E0,-5.7404E0));
#7779=VERTEX_POINT('',#7778);
#7780=CARTESIAN_POINT('',(-4.5974E0,-2.888574456811E0,-5.7404E0));
#7781=VERTEX_POINT('',#7780);
#7782=CARTESIAN_POINT('',(-4.570941665878E0,-3.077723408282E0,-5.7404E0));
#7783=VERTEX_POINT('',#7782);
#7784=CARTESIAN_POINT('',(-4.518025E0,-3.212829794079E0,-5.7404E0));
#7785=VERTEX_POINT('',#7784);
#7786=CARTESIAN_POINT('',(-4.43865E0,-3.320914897040E0,-5.7404E0));
#7787=VERTEX_POINT('',#7786);
#7788=CARTESIAN_POINT('',(-4.306358327025E0,-3.401978724260E0,-5.7404E0));
#7789=VERTEX_POINT('',#7788);
#7790=CARTESIAN_POINT('',(-4.174066654050E0,-3.429E0,-5.7404E0));
#7791=VERTEX_POINT('',#7790);
#7792=CARTESIAN_POINT('',(-4.041775E0,-3.429E0,-5.7404E0));
#7793=VERTEX_POINT('',#7792);
#7794=CARTESIAN_POINT('',(-3.909483308101E0,-3.401978724260E0,-5.7404E0));
#7795=VERTEX_POINT('',#7794);
#7796=CARTESIAN_POINT('',(-3.777191691899E0,-3.320914897040E0,-5.7404E0));
#7797=VERTEX_POINT('',#7796);
#7798=CARTESIAN_POINT('',(-3.697816691899E0,-3.212829794079E0,-5.7404E0));
#7799=VERTEX_POINT('',#7798);
#7800=CARTESIAN_POINT('',(-3.6449E0,-3.077723408282E0,-5.7404E0));
#7801=VERTEX_POINT('',#7800);
#7802=CARTESIAN_POINT('',(-3.6449E0,-2.942617003560E0,-5.7404E0));
#7803=VERTEX_POINT('',#7802);
#7804=CARTESIAN_POINT('',(-3.80365E0,-2.888574456811E0,-5.7404E0));
#7805=CARTESIAN_POINT('',(-3.777191691899E0,-2.969638314784E0,-5.7404E0));
#7806=VERTEX_POINT('',#7804);
#7807=VERTEX_POINT('',#7805);
#7808=CARTESIAN_POINT('',(-3.777191691899E0,-3.050702134907E0,-5.7404E0));
#7809=VERTEX_POINT('',#7808);
#7810=CARTESIAN_POINT('',(-3.80365E0,-3.131765955031E0,-5.7404E0));
#7811=VERTEX_POINT('',#7810);
#7812=CARTESIAN_POINT('',(-3.856566691899E0,-3.212829794079E0,-5.7404E0));
#7813=VERTEX_POINT('',#7812);
#7814=CARTESIAN_POINT('',(-3.935941691899E0,-3.266872340828E0,-5.7404E0));
#7815=VERTEX_POINT('',#7814);
#7816=CARTESIAN_POINT('',(-4.015316654050E0,-3.293893614203E0,-5.7404E0));
#7817=VERTEX_POINT('',#7816);
#7818=CARTESIAN_POINT('',(-4.200525E0,-3.293893614203E0,-5.7404E0));
#7819=VERTEX_POINT('',#7818);
#7820=CARTESIAN_POINT('',(-4.2799E0,-3.266872340828E0,-5.7404E0));
#7821=VERTEX_POINT('',#7820);
#7822=CARTESIAN_POINT('',(-4.359275E0,-3.212829794079E0,-5.7404E0));
#7823=VERTEX_POINT('',#7822);
#7824=CARTESIAN_POINT('',(-4.412191672975E0,-3.131765955031E0,-5.7404E0));
#7825=VERTEX_POINT('',#7824);
#7826=CARTESIAN_POINT('',(-4.43865E0,-3.050702134907E0,-5.7404E0));
#7827=VERTEX_POINT('',#7826);
#7828=CARTESIAN_POINT('',(-4.43865E0,-2.969638314784E0,-5.7404E0));
#7829=VERTEX_POINT('',#7828);
#7830=CARTESIAN_POINT('',(-4.412191672975E0,-2.888574456811E0,-5.7404E0));
#7831=VERTEX_POINT('',#7830);
#7832=CARTESIAN_POINT('',(-4.359275E0,-2.834531910062E0,-5.7404E0));
#7833=VERTEX_POINT('',#7832);
#7834=CARTESIAN_POINT('',(-4.2799E0,-2.780489363313E0,-5.7404E0));
#7835=VERTEX_POINT('',#7834);
#7836=CARTESIAN_POINT('',(-4.200525E0,-2.753468089938E0,-5.7404E0));
#7837=VERTEX_POINT('',#7836);
#7838=CARTESIAN_POINT('',(-4.015316654050E0,-2.753468089938E0,-5.7404E0));
#7839=VERTEX_POINT('',#7838);
#7840=CARTESIAN_POINT('',(-3.935941691899E0,-2.780489363313E0,-5.7404E0));
#7841=VERTEX_POINT('',#7840);
#7842=CARTESIAN_POINT('',(-3.856566691899E0,-2.834531910062E0,-5.7404E0));
#7843=VERTEX_POINT('',#7842);
#7844=CARTESIAN_POINT('',(-5.4864E0,2.286E0,-5.8928E0));
#7845=CARTESIAN_POINT('',(-5.4864E0,3.556E0,-5.8928E0));
#7846=VERTEX_POINT('',#7844);
#7847=VERTEX_POINT('',#7845);
#7848=CARTESIAN_POINT('',(-5.64515E0,3.556E0,-5.8928E0));
#7849=VERTEX_POINT('',#7848);
#7850=CARTESIAN_POINT('',(-5.8039E0,3.366851086378E0,-5.8928E0));
#7851=VERTEX_POINT('',#7850);
#7852=CARTESIAN_POINT('',(-5.8039E0,3.150680823684E0,-5.8928E0));
#7853=VERTEX_POINT('',#7852);
#7854=CARTESIAN_POINT('',(-5.64515E0,3.339829813004E0,-5.8928E0));
#7855=VERTEX_POINT('',#7854);
#7856=CARTESIAN_POINT('',(-5.64515E0,2.286E0,-5.8928E0));
#7857=VERTEX_POINT('',#7856);
#7858=CARTESIAN_POINT('',(-3.697816691899E0,-2.807510636687E0,-5.8928E0));
#7859=CARTESIAN_POINT('',(-3.777191691899E0,-2.726446816564E0,-5.8928E0));
#7860=VERTEX_POINT('',#7858);
#7861=VERTEX_POINT('',#7859);
#7862=CARTESIAN_POINT('',(-3.909483308101E0,-2.645382996440E0,-5.8928E0));
#7863=VERTEX_POINT('',#7862);
#7864=CARTESIAN_POINT('',(-4.041775E0,-2.618361723065E0,-5.8928E0));
#7865=VERTEX_POINT('',#7864);
#7866=CARTESIAN_POINT('',(-4.174066654050E0,-2.618361723065E0,-5.8928E0));
#7867=VERTEX_POINT('',#7866);
#7868=CARTESIAN_POINT('',(-4.306358327025E0,-2.645382996440E0,-5.8928E0));
#7869=VERTEX_POINT('',#7868);
#7870=CARTESIAN_POINT('',(-4.465108336487E0,-2.753468089938E0,-5.8928E0));
#7871=VERTEX_POINT('',#7870);
#7872=CARTESIAN_POINT('',(-4.465108336487E0,-2.699425543189E0,-5.8928E0));
#7873=VERTEX_POINT('',#7872);
#7874=CARTESIAN_POINT('',(-4.43865E0,-2.537297902942E0,-5.8928E0));
#7875=VERTEX_POINT('',#7874);
#7876=CARTESIAN_POINT('',(-4.412191672975E0,-2.456234007120E0,-5.8928E0));
#7877=VERTEX_POINT('',#7876);
#7878=CARTESIAN_POINT('',(-4.359275E0,-2.375170186996E0,-5.8928E0));
#7879=VERTEX_POINT('',#7878);
#7880=CARTESIAN_POINT('',(-4.2799E0,-2.321127640247E0,-5.8928E0));
#7881=VERTEX_POINT('',#7880);
#7882=CARTESIAN_POINT('',(-4.200525E0,-2.294106366873E0,-5.8928E0));
#7883=VERTEX_POINT('',#7882);
#7884=CARTESIAN_POINT('',(-4.041775E0,-2.294106366873E0,-5.8928E0));
#7885=VERTEX_POINT('',#7884);
#7886=CARTESIAN_POINT('',(-3.9624E0,-2.321127640247E0,-5.8928E0));
#7887=VERTEX_POINT('',#7886);
#7888=CARTESIAN_POINT('',(-3.883025E0,-2.375170186996E0,-5.8928E0));
#7889=VERTEX_POINT('',#7888);
#7890=CARTESIAN_POINT('',(-3.830108308101E0,-2.456234007120E0,-5.8928E0));
#7891=VERTEX_POINT('',#7890);
#7892=CARTESIAN_POINT('',(-3.697816691899E0,-2.456234007120E0,-5.8928E0));
#7893=VERTEX_POINT('',#7892);
#7894=CARTESIAN_POINT('',(-3.724275E0,-2.375170186996E0,-5.8928E0));
#7895=VERTEX_POINT('',#7894);
#7896=CARTESIAN_POINT('',(-3.80365E0,-2.267085093498E0,-5.8928E0));
#7897=VERTEX_POINT('',#7896);
#7898=CARTESIAN_POINT('',(-3.935941691899E0,-2.186021273375E0,-5.8928E0));
#7899=VERTEX_POINT('',#7898);
#7900=CARTESIAN_POINT('',(-4.068233345950E0,-2.159E0,-5.8928E0));
#7901=VERTEX_POINT('',#7900);
#7902=CARTESIAN_POINT('',(-4.174066654050E0,-2.159E0,-5.8928E0));
#7903=VERTEX_POINT('',#7902);
#7904=CARTESIAN_POINT('',(-4.306358327025E0,-2.186021273375E0,-5.8928E0));
#7905=VERTEX_POINT('',#7904);
#7906=CARTESIAN_POINT('',(-4.43865E0,-2.267085093498E0,-5.8928E0));
#7907=VERTEX_POINT('',#7906);
#7908=CARTESIAN_POINT('',(-4.518025E0,-2.375170186996E0,-5.8928E0));
#7909=VERTEX_POINT('',#7908);
#7910=CARTESIAN_POINT('',(-4.570941665878E0,-2.510276629567E0,-5.8928E0));
#7911=VERTEX_POINT('',#7910);
#7912=CARTESIAN_POINT('',(-4.5974E0,-2.699425543189E0,-5.8928E0));
#7913=VERTEX_POINT('',#7912);
#7914=CARTESIAN_POINT('',(-4.5974E0,-2.888574456811E0,-5.8928E0));
#7915=VERTEX_POINT('',#7914);
#7916=CARTESIAN_POINT('',(-4.570941665878E0,-3.077723408282E0,-5.8928E0));
#7917=VERTEX_POINT('',#7916);
#7918=CARTESIAN_POINT('',(-4.518025E0,-3.212829794079E0,-5.8928E0));
#7919=VERTEX_POINT('',#7918);
#7920=CARTESIAN_POINT('',(-4.43865E0,-3.320914897040E0,-5.8928E0));
#7921=VERTEX_POINT('',#7920);
#7922=CARTESIAN_POINT('',(-4.306358327025E0,-3.401978724260E0,-5.8928E0));
#7923=VERTEX_POINT('',#7922);
#7924=CARTESIAN_POINT('',(-4.174066654050E0,-3.429E0,-5.8928E0));
#7925=VERTEX_POINT('',#7924);
#7926=CARTESIAN_POINT('',(-4.041775E0,-3.429E0,-5.8928E0));
#7927=VERTEX_POINT('',#7926);
#7928=CARTESIAN_POINT('',(-3.909483308101E0,-3.401978724260E0,-5.8928E0));
#7929=VERTEX_POINT('',#7928);
#7930=CARTESIAN_POINT('',(-3.777191691899E0,-3.320914897040E0,-5.8928E0));
#7931=VERTEX_POINT('',#7930);
#7932=CARTESIAN_POINT('',(-3.697816691899E0,-3.212829794079E0,-5.8928E0));
#7933=VERTEX_POINT('',#7932);
#7934=CARTESIAN_POINT('',(-3.6449E0,-3.077723408282E0,-5.8928E0));
#7935=VERTEX_POINT('',#7934);
#7936=CARTESIAN_POINT('',(-3.6449E0,-2.942617003560E0,-5.8928E0));
#7937=VERTEX_POINT('',#7936);
#7938=CARTESIAN_POINT('',(-3.80365E0,-2.888574456811E0,-5.8928E0));
#7939=CARTESIAN_POINT('',(-3.777191691899E0,-2.969638314784E0,-5.8928E0));
#7940=VERTEX_POINT('',#7938);
#7941=VERTEX_POINT('',#7939);
#7942=CARTESIAN_POINT('',(-3.777191691899E0,-3.050702134907E0,-5.8928E0));
#7943=VERTEX_POINT('',#7942);
#7944=CARTESIAN_POINT('',(-3.80365E0,-3.131765955031E0,-5.8928E0));
#7945=VERTEX_POINT('',#7944);
#7946=CARTESIAN_POINT('',(-3.856566691899E0,-3.212829794079E0,-5.8928E0));
#7947=VERTEX_POINT('',#7946);
#7948=CARTESIAN_POINT('',(-3.935941691899E0,-3.266872340828E0,-5.8928E0));
#7949=VERTEX_POINT('',#7948);
#7950=CARTESIAN_POINT('',(-4.015316654050E0,-3.293893614203E0,-5.8928E0));
#7951=VERTEX_POINT('',#7950);
#7952=CARTESIAN_POINT('',(-4.200525E0,-3.293893614203E0,-5.8928E0));
#7953=VERTEX_POINT('',#7952);
#7954=CARTESIAN_POINT('',(-4.2799E0,-3.266872340828E0,-5.8928E0));
#7955=VERTEX_POINT('',#7954);
#7956=CARTESIAN_POINT('',(-4.359275E0,-3.212829794079E0,-5.8928E0));
#7957=VERTEX_POINT('',#7956);
#7958=CARTESIAN_POINT('',(-4.412191672975E0,-3.131765955031E0,-5.8928E0));
#7959=VERTEX_POINT('',#7958);
#7960=CARTESIAN_POINT('',(-4.43865E0,-3.050702134907E0,-5.8928E0));
#7961=VERTEX_POINT('',#7960);
#7962=CARTESIAN_POINT('',(-4.43865E0,-2.969638314784E0,-5.8928E0));
#7963=VERTEX_POINT('',#7962);
#7964=CARTESIAN_POINT('',(-4.412191672975E0,-2.888574456811E0,-5.8928E0));
#7965=VERTEX_POINT('',#7964);
#7966=CARTESIAN_POINT('',(-4.359275E0,-2.834531910062E0,-5.8928E0));
#7967=VERTEX_POINT('',#7966);
#7968=CARTESIAN_POINT('',(-4.2799E0,-2.780489363313E0,-5.8928E0));
#7969=VERTEX_POINT('',#7968);
#7970=CARTESIAN_POINT('',(-4.200525E0,-2.753468089938E0,-5.8928E0));
#7971=VERTEX_POINT('',#7970);
#7972=CARTESIAN_POINT('',(-4.015316654050E0,-2.753468089938E0,-5.8928E0));
#7973=VERTEX_POINT('',#7972);
#7974=CARTESIAN_POINT('',(-3.935941691899E0,-2.780489363313E0,-5.8928E0));
#7975=VERTEX_POINT('',#7974);
#7976=CARTESIAN_POINT('',(-3.856566691899E0,-2.834531910062E0,-5.8928E0));
#7977=VERTEX_POINT('',#7976);
#7978=CARTESIAN_POINT('',(-1.05918E1,0.E0,-5.8928E0));
#7979=CARTESIAN_POINT('',(-1.44018E1,0.E0,-5.8928E0));
#7980=VERTEX_POINT('',#7978);
#7981=VERTEX_POINT('',#7979);
#7982=CARTESIAN_POINT('',(1.44018E1,0.E0,-5.8928E0));
#7983=CARTESIAN_POINT('',(1.05918E1,0.E0,-5.8928E0));
#7984=VERTEX_POINT('',#7982);
#7985=VERTEX_POINT('',#7983);
#7986=CARTESIAN_POINT('',(-1.414778853917E1,4.029786584071E-9,
-1.017145751361E-2));
#7987=CARTESIAN_POINT('',(-1.440179008197E1,3.487315229971E-9,
-2.641699151560E-1));
#7988=VERTEX_POINT('',#7986);
#7989=VERTEX_POINT('',#7987);
#7990=CARTESIAN_POINT('',(-1.084581146083E1,-4.029785808943E-9,
-1.017145751361E-2));
#7991=CARTESIAN_POINT('',(-1.059180991803E1,-3.487315122889E-9,
-2.641699151560E-1));
#7992=VERTEX_POINT('',#7990);
#7993=VERTEX_POINT('',#7991);
#7994=CARTESIAN_POINT('',(-1.388616152364E1,-3.199405150487E-8,
-1.014153803400E-2));
#7995=CARTESIAN_POINT('',(-1.363216867605E1,-1.960878555759E-8,
-2.641486848737E-1));
#7996=VERTEX_POINT('',#7994);
#7997=VERTEX_POINT('',#7995);
#7998=CARTESIAN_POINT('',(-1.110743847636E1,3.199405060487E-8,
-1.014153803400E-2));
#7999=CARTESIAN_POINT('',(-1.136143132395E1,1.960878516027E-8,
-2.641486848737E-1));
#8000=VERTEX_POINT('',#7998);
#8001=VERTEX_POINT('',#7999);
#8002=CARTESIAN_POINT('',(1.110743847636E1,-3.199404936238E-8,
-1.014153803400E-2));
#8003=CARTESIAN_POINT('',(1.136143132395E1,-1.960878518797E-8,
-2.641486848737E-1));
#8004=VERTEX_POINT('',#8002);
#8005=VERTEX_POINT('',#8003);
#8006=CARTESIAN_POINT('',(1.388616152364E1,3.199405030881E-8,
-1.014153803400E-2));
#8007=CARTESIAN_POINT('',(1.363216867605E1,1.960878535608E-8,
-2.641486848737E-1));
#8008=VERTEX_POINT('',#8006);
#8009=VERTEX_POINT('',#8007);
#8010=CARTESIAN_POINT('',(1.414778853917E1,-4.029786028960E-9,
-1.017145751362E-2));
#8011=CARTESIAN_POINT('',(1.440179008197E1,-3.487315083457E-9,
-2.641699151560E-1));
#8012=VERTEX_POINT('',#8010);
#8013=VERTEX_POINT('',#8011);
#8014=CARTESIAN_POINT('',(1.084581146083E1,4.029786241857E-9,
-1.017145751361E-2));
#8015=CARTESIAN_POINT('',(1.059180991803E1,3.487314952160E-9,
-2.641699151560E-1));
#8016=VERTEX_POINT('',#8014);
#8017=VERTEX_POINT('',#8015);
#8018=CARTESIAN_POINT('',(5.239808327025E0,2.853446816564E0,-5.7404E0));
#8019=CARTESIAN_POINT('',(5.345641672975E0,2.934510636687E0,-5.7404E0));
#8020=VERTEX_POINT('',#8018);
#8021=VERTEX_POINT('',#8019);
#8022=CARTESIAN_POINT('',(5.451475E0,2.961531910062E0,-5.7404E0));
#8023=VERTEX_POINT('',#8022);
#8024=CARTESIAN_POINT('',(5.610225E0,2.961531910062E0,-5.7404E0));
#8025=VERTEX_POINT('',#8024);
#8026=CARTESIAN_POINT('',(5.716058308101E0,2.934510636687E0,-5.7404E0));
#8027=VERTEX_POINT('',#8026);
#8028=CARTESIAN_POINT('',(5.795433308101E0,2.880468089938E0,-5.7404E0));
#8029=VERTEX_POINT('',#8028);
#8030=CARTESIAN_POINT('',(5.84835E0,2.799404269814E0,-5.7404E0));
#8031=VERTEX_POINT('',#8030);
#8032=CARTESIAN_POINT('',(5.874808308101E0,2.718340411842E0,-5.7404E0));
#8033=VERTEX_POINT('',#8032);
#8034=CARTESIAN_POINT('',(5.874808308101E0,2.664297865093E0,-5.7404E0));
#8035=VERTEX_POINT('',#8034);
#8036=CARTESIAN_POINT('',(5.84835E0,2.583234044969E0,-5.7404E0));
#8037=VERTEX_POINT('',#8036);
#8038=CARTESIAN_POINT('',(5.795433308101E0,2.502170205921E0,-5.7404E0));
#8039=VERTEX_POINT('',#8038);
#8040=CARTESIAN_POINT('',(5.716058308101E0,2.448127659172E0,-5.7404E0));
#8041=VERTEX_POINT('',#8040);
#8042=CARTESIAN_POINT('',(5.610225E0,2.421106385797E0,-5.7404E0));
#8043=VERTEX_POINT('',#8042);
#8044=CARTESIAN_POINT('',(5.451475E0,2.421106385797E0,-5.7404E0));
#8045=VERTEX_POINT('',#8044);
#8046=CARTESIAN_POINT('',(5.345641672975E0,2.448127659172E0,-5.7404E0));
#8047=VERTEX_POINT('',#8046);
#8048=CARTESIAN_POINT('',(5.266266672975E0,2.502170205921E0,-5.7404E0));
#8049=VERTEX_POINT('',#8048);
#8050=CARTESIAN_POINT('',(5.21335E0,2.610255318344E0,-5.7404E0));
#8051=VERTEX_POINT('',#8050);
#8052=CARTESIAN_POINT('',(5.0546E0,2.610255318344E0,-5.7404E0));
#8053=VERTEX_POINT('',#8052);
#8054=CARTESIAN_POINT('',(5.107516668244E0,2.502170205921E0,-5.7404E0));
#8055=VERTEX_POINT('',#8054);
#8056=CARTESIAN_POINT('',(5.186891663513E0,2.394085102960E0,-5.7404E0));
#8057=VERTEX_POINT('',#8056);
#8058=CARTESIAN_POINT('',(5.319183327025E0,2.313021275740E0,-5.7404E0));
#8059=VERTEX_POINT('',#8058);
#8060=CARTESIAN_POINT('',(5.451475E0,2.286E0,-5.7404E0));
#8061=VERTEX_POINT('',#8060);
#8062=CARTESIAN_POINT('',(5.610225E0,2.286E0,-5.7404E0));
#8063=VERTEX_POINT('',#8062);
#8064=CARTESIAN_POINT('',(5.742516691899E0,2.313021275740E0,-5.7404E0));
#8065=VERTEX_POINT('',#8064);
#8066=CARTESIAN_POINT('',(5.874808308101E0,2.394085102960E0,-5.7404E0));
#8067=VERTEX_POINT('',#8066);
#8068=CARTESIAN_POINT('',(5.954183308101E0,2.502170205921E0,-5.7404E0));
#8069=VERTEX_POINT('',#8068);
#8070=CARTESIAN_POINT('',(6.0071E0,2.637276591718E0,-5.7404E0));
#8071=VERTEX_POINT('',#8070);
#8072=CARTESIAN_POINT('',(6.0071E0,2.745361685216E0,-5.7404E0));
#8073=VERTEX_POINT('',#8072);
#8074=CARTESIAN_POINT('',(5.954183308101E0,2.880468089938E0,-5.7404E0));
#8075=VERTEX_POINT('',#8074);
#8076=CARTESIAN_POINT('',(5.874808308101E0,2.988553183436E0,-5.7404E0));
#8077=VERTEX_POINT('',#8076);
#8078=CARTESIAN_POINT('',(5.742516691899E0,3.069617003560E0,-5.7404E0));
#8079=VERTEX_POINT('',#8078);
#8080=CARTESIAN_POINT('',(5.610225E0,3.096638276935E0,-5.7404E0));
#8081=VERTEX_POINT('',#8080);
#8082=CARTESIAN_POINT('',(5.451475E0,3.096638276935E0,-5.7404E0));
#8083=VERTEX_POINT('',#8082);
#8084=CARTESIAN_POINT('',(5.319183327025E0,3.069617003560E0,-5.7404E0));
#8085=VERTEX_POINT('',#8084);
#8086=CARTESIAN_POINT('',(5.186891663513E0,2.988553183436E0,-5.7404E0));
#8087=VERTEX_POINT('',#8086);
#8088=CARTESIAN_POINT('',(5.186891663513E0,3.420893633127E0,-5.7404E0));
#8089=VERTEX_POINT('',#8088);
#8090=CARTESIAN_POINT('',(5.954183308101E0,3.420893633127E0,-5.7404E0));
#8091=VERTEX_POINT('',#8090);
#8092=CARTESIAN_POINT('',(5.954183308101E0,3.556E0,-5.7404E0));
#8093=VERTEX_POINT('',#8092);
#8094=CARTESIAN_POINT('',(5.0546E0,3.556E0,-5.7404E0));
#8095=VERTEX_POINT('',#8094);
#8096=CARTESIAN_POINT('',(5.0546E0,2.853446816564E0,-5.7404E0));
#8097=VERTEX_POINT('',#8096);
#8098=CARTESIAN_POINT('',(3.837516668244E0,-3.131765955031E0,-5.7404E0));
#8099=CARTESIAN_POINT('',(3.863975E0,-3.212829794079E0,-5.7404E0));
#8100=VERTEX_POINT('',#8098);
#8101=VERTEX_POINT('',#8099);
#8102=CARTESIAN_POINT('',(3.94335E0,-3.320914897040E0,-5.7404E0));
#8103=VERTEX_POINT('',#8102);
#8104=CARTESIAN_POINT('',(4.075641672975E0,-3.401978724260E0,-5.7404E0));
#8105=VERTEX_POINT('',#8104);
#8106=CARTESIAN_POINT('',(4.207933345950E0,-3.429E0,-5.7404E0));
#8107=VERTEX_POINT('',#8106);
#8108=CARTESIAN_POINT('',(4.313766654050E0,-3.429E0,-5.7404E0));
#8109=VERTEX_POINT('',#8108);
#8110=CARTESIAN_POINT('',(4.446058308101E0,-3.401978724260E0,-5.7404E0));
#8111=VERTEX_POINT('',#8110);
#8112=CARTESIAN_POINT('',(4.57835E0,-3.320914897040E0,-5.7404E0));
#8113=VERTEX_POINT('',#8112);
#8114=CARTESIAN_POINT('',(4.657725E0,-3.212829794079E0,-5.7404E0));
#8115=VERTEX_POINT('',#8114);
#8116=CARTESIAN_POINT('',(4.710641691899E0,-3.077723408282E0,-5.7404E0));
#8117=VERTEX_POINT('',#8116);
#8118=CARTESIAN_POINT('',(4.7371E0,-2.888574456811E0,-5.7404E0));
#8119=VERTEX_POINT('',#8118);
#8120=CARTESIAN_POINT('',(4.7371E0,-2.699425543189E0,-5.7404E0));
#8121=VERTEX_POINT('',#8120);
#8122=CARTESIAN_POINT('',(4.710641691899E0,-2.510276629567E0,-5.7404E0));
#8123=VERTEX_POINT('',#8122);
#8124=CARTESIAN_POINT('',(4.657725E0,-2.375170186996E0,-5.7404E0));
#8125=VERTEX_POINT('',#8124);
#8126=CARTESIAN_POINT('',(4.57835E0,-2.267085093498E0,-5.7404E0));
#8127=VERTEX_POINT('',#8126);
#8128=CARTESIAN_POINT('',(4.446058308101E0,-2.186021273375E0,-5.7404E0));
#8129=VERTEX_POINT('',#8128);
#8130=CARTESIAN_POINT('',(4.313766654050E0,-2.159E0,-5.7404E0));
#8131=VERTEX_POINT('',#8130);
#8132=CARTESIAN_POINT('',(4.181475E0,-2.159E0,-5.7404E0));
#8133=VERTEX_POINT('',#8132);
#8134=CARTESIAN_POINT('',(4.049183327025E0,-2.186021273375E0,-5.7404E0));
#8135=VERTEX_POINT('',#8134);
#8136=CARTESIAN_POINT('',(3.916891663513E0,-2.267085093498E0,-5.7404E0));
#8137=VERTEX_POINT('',#8136);
#8138=CARTESIAN_POINT('',(3.837516668244E0,-2.375170186996E0,-5.7404E0));
#8139=VERTEX_POINT('',#8138);
#8140=CARTESIAN_POINT('',(3.7846E0,-2.510276629567E0,-5.7404E0));
#8141=VERTEX_POINT('',#8140);
#8142=CARTESIAN_POINT('',(3.7846E0,-2.618361723065E0,-5.7404E0));
#8143=VERTEX_POINT('',#8142);
#8144=CARTESIAN_POINT('',(3.837516668244E0,-2.753468089938E0,-5.7404E0));
#8145=VERTEX_POINT('',#8144);
#8146=CARTESIAN_POINT('',(3.916891663513E0,-2.861553183436E0,-5.7404E0));
#8147=VERTEX_POINT('',#8146);
#8148=CARTESIAN_POINT('',(4.049183327025E0,-2.942617003560E0,-5.7404E0));
#8149=VERTEX_POINT('',#8148);
#8150=CARTESIAN_POINT('',(4.181475E0,-2.969638314784E0,-5.7404E0));
#8151=VERTEX_POINT('',#8150);
#8152=CARTESIAN_POINT('',(4.313766654050E0,-2.969638314784E0,-5.7404E0));
#8153=VERTEX_POINT('',#8152);
#8154=CARTESIAN_POINT('',(4.446058308101E0,-2.942617003560E0,-5.7404E0));
#8155=VERTEX_POINT('',#8154);
#8156=CARTESIAN_POINT('',(4.604808308101E0,-2.834531910062E0,-5.7404E0));
#8157=VERTEX_POINT('',#8156);
#8158=CARTESIAN_POINT('',(4.604808308101E0,-2.888574456811E0,-5.7404E0));
#8159=VERTEX_POINT('',#8158);
#8160=CARTESIAN_POINT('',(4.57835E0,-3.050702134907E0,-5.7404E0));
#8161=VERTEX_POINT('',#8160);
#8162=CARTESIAN_POINT('',(4.551891691899E0,-3.131765955031E0,-5.7404E0));
#8163=VERTEX_POINT('',#8162);
#8164=CARTESIAN_POINT('',(4.498975E0,-3.212829794079E0,-5.7404E0));
#8165=VERTEX_POINT('',#8164);
#8166=CARTESIAN_POINT('',(4.4196E0,-3.266872340828E0,-5.7404E0));
#8167=VERTEX_POINT('',#8166);
#8168=CARTESIAN_POINT('',(4.340225E0,-3.293893614203E0,-5.7404E0));
#8169=VERTEX_POINT('',#8168);
#8170=CARTESIAN_POINT('',(4.181475E0,-3.293893614203E0,-5.7404E0));
#8171=VERTEX_POINT('',#8170);
#8172=CARTESIAN_POINT('',(4.1021E0,-3.266872340828E0,-5.7404E0));
#8173=VERTEX_POINT('',#8172);
#8174=CARTESIAN_POINT('',(4.022725E0,-3.212829794079E0,-5.7404E0));
#8175=VERTEX_POINT('',#8174);
#8176=CARTESIAN_POINT('',(3.969808327025E0,-3.131765955031E0,-5.7404E0));
#8177=VERTEX_POINT('',#8176);
#8178=CARTESIAN_POINT('',(4.57835E0,-2.591340449691E0,-5.7404E0));
#8179=CARTESIAN_POINT('',(4.551891691899E0,-2.672404269814E0,-5.7404E0));
#8180=VERTEX_POINT('',#8178);
#8181=VERTEX_POINT('',#8179);
#8182=CARTESIAN_POINT('',(4.498975E0,-2.753468089938E0,-5.7404E0));
#8183=VERTEX_POINT('',#8182);
#8184=CARTESIAN_POINT('',(4.4196E0,-2.807510636687E0,-5.7404E0));
#8185=VERTEX_POINT('',#8184);
#8186=CARTESIAN_POINT('',(4.340225E0,-2.834531910062E0,-5.7404E0));
#8187=VERTEX_POINT('',#8186);
#8188=CARTESIAN_POINT('',(4.155016654050E0,-2.834531910062E0,-5.7404E0));
#8189=VERTEX_POINT('',#8188);
#8190=CARTESIAN_POINT('',(4.075641672975E0,-2.807510636687E0,-5.7404E0));
#8191=VERTEX_POINT('',#8190);
#8192=CARTESIAN_POINT('',(3.996266672975E0,-2.753468089938E0,-5.7404E0));
#8193=VERTEX_POINT('',#8192);
#8194=CARTESIAN_POINT('',(3.94335E0,-2.672404269814E0,-5.7404E0));
#8195=VERTEX_POINT('',#8194);
#8196=CARTESIAN_POINT('',(3.916891663513E0,-2.591340449691E0,-5.7404E0));
#8197=VERTEX_POINT('',#8196);
#8198=CARTESIAN_POINT('',(3.916891663513E0,-2.537297902942E0,-5.7404E0));
#8199=VERTEX_POINT('',#8198);
#8200=CARTESIAN_POINT('',(3.94335E0,-2.456234007120E0,-5.7404E0));
#8201=VERTEX_POINT('',#8200);
#8202=CARTESIAN_POINT('',(3.996266672975E0,-2.375170186996E0,-5.7404E0));
#8203=VERTEX_POINT('',#8202);
#8204=CARTESIAN_POINT('',(4.075641672975E0,-2.321127640247E0,-5.7404E0));
#8205=VERTEX_POINT('',#8204);
#8206=CARTESIAN_POINT('',(4.155016654050E0,-2.294106366873E0,-5.7404E0));
#8207=VERTEX_POINT('',#8206);
#8208=CARTESIAN_POINT('',(4.340225E0,-2.294106366873E0,-5.7404E0));
#8209=VERTEX_POINT('',#8208);
#8210=CARTESIAN_POINT('',(4.4196E0,-2.321127640247E0,-5.7404E0));
#8211=VERTEX_POINT('',#8210);
#8212=CARTESIAN_POINT('',(4.498975E0,-2.375170186996E0,-5.7404E0));
#8213=VERTEX_POINT('',#8212);
#8214=CARTESIAN_POINT('',(4.551891691899E0,-2.456234007120E0,-5.7404E0));
#8215=VERTEX_POINT('',#8214);
#8216=CARTESIAN_POINT('',(4.57835E0,-2.537297902942E0,-5.7404E0));
#8217=VERTEX_POINT('',#8216);
#8218=CARTESIAN_POINT('',(5.239808327025E0,2.853446816564E0,-5.8928E0));
#8219=CARTESIAN_POINT('',(5.345641672975E0,2.934510636687E0,-5.8928E0));
#8220=VERTEX_POINT('',#8218);
#8221=VERTEX_POINT('',#8219);
#8222=CARTESIAN_POINT('',(5.451475E0,2.961531910062E0,-5.8928E0));
#8223=VERTEX_POINT('',#8222);
#8224=CARTESIAN_POINT('',(5.610225E0,2.961531910062E0,-5.8928E0));
#8225=VERTEX_POINT('',#8224);
#8226=CARTESIAN_POINT('',(5.716058308101E0,2.934510636687E0,-5.8928E0));
#8227=VERTEX_POINT('',#8226);
#8228=CARTESIAN_POINT('',(5.795433308101E0,2.880468089938E0,-5.8928E0));
#8229=VERTEX_POINT('',#8228);
#8230=CARTESIAN_POINT('',(5.84835E0,2.799404269814E0,-5.8928E0));
#8231=VERTEX_POINT('',#8230);
#8232=CARTESIAN_POINT('',(5.874808308101E0,2.718340411842E0,-5.8928E0));
#8233=VERTEX_POINT('',#8232);
#8234=CARTESIAN_POINT('',(5.874808308101E0,2.664297865093E0,-5.8928E0));
#8235=VERTEX_POINT('',#8234);
#8236=CARTESIAN_POINT('',(5.84835E0,2.583234044969E0,-5.8928E0));
#8237=VERTEX_POINT('',#8236);
#8238=CARTESIAN_POINT('',(5.795433308101E0,2.502170205921E0,-5.8928E0));
#8239=VERTEX_POINT('',#8238);
#8240=CARTESIAN_POINT('',(5.716058308101E0,2.448127659172E0,-5.8928E0));
#8241=VERTEX_POINT('',#8240);
#8242=CARTESIAN_POINT('',(5.610225E0,2.421106385797E0,-5.8928E0));
#8243=VERTEX_POINT('',#8242);
#8244=CARTESIAN_POINT('',(5.451475E0,2.421106385797E0,-5.8928E0));
#8245=VERTEX_POINT('',#8244);
#8246=CARTESIAN_POINT('',(5.345641672975E0,2.448127659172E0,-5.8928E0));
#8247=VERTEX_POINT('',#8246);
#8248=CARTESIAN_POINT('',(5.266266672975E0,2.502170205921E0,-5.8928E0));
#8249=VERTEX_POINT('',#8248);
#8250=CARTESIAN_POINT('',(5.21335E0,2.610255318344E0,-5.8928E0));
#8251=VERTEX_POINT('',#8250);
#8252=CARTESIAN_POINT('',(5.0546E0,2.610255318344E0,-5.8928E0));
#8253=VERTEX_POINT('',#8252);
#8254=CARTESIAN_POINT('',(5.107516668244E0,2.502170205921E0,-5.8928E0));
#8255=VERTEX_POINT('',#8254);
#8256=CARTESIAN_POINT('',(5.186891663513E0,2.394085102960E0,-5.8928E0));
#8257=VERTEX_POINT('',#8256);
#8258=CARTESIAN_POINT('',(5.319183327025E0,2.313021275740E0,-5.8928E0));
#8259=VERTEX_POINT('',#8258);
#8260=CARTESIAN_POINT('',(5.451475E0,2.286E0,-5.8928E0));
#8261=VERTEX_POINT('',#8260);
#8262=CARTESIAN_POINT('',(5.610225E0,2.286E0,-5.8928E0));
#8263=VERTEX_POINT('',#8262);
#8264=CARTESIAN_POINT('',(5.742516691899E0,2.313021275740E0,-5.8928E0));
#8265=VERTEX_POINT('',#8264);
#8266=CARTESIAN_POINT('',(5.874808308101E0,2.394085102960E0,-5.8928E0));
#8267=VERTEX_POINT('',#8266);
#8268=CARTESIAN_POINT('',(5.954183308101E0,2.502170205921E0,-5.8928E0));
#8269=VERTEX_POINT('',#8268);
#8270=CARTESIAN_POINT('',(6.0071E0,2.637276591718E0,-5.8928E0));
#8271=VERTEX_POINT('',#8270);
#8272=CARTESIAN_POINT('',(6.0071E0,2.745361685216E0,-5.8928E0));
#8273=VERTEX_POINT('',#8272);
#8274=CARTESIAN_POINT('',(5.954183308101E0,2.880468089938E0,-5.8928E0));
#8275=VERTEX_POINT('',#8274);
#8276=CARTESIAN_POINT('',(5.874808308101E0,2.988553183436E0,-5.8928E0));
#8277=VERTEX_POINT('',#8276);
#8278=CARTESIAN_POINT('',(5.742516691899E0,3.069617003560E0,-5.8928E0));
#8279=VERTEX_POINT('',#8278);
#8280=CARTESIAN_POINT('',(5.610225E0,3.096638276935E0,-5.8928E0));
#8281=VERTEX_POINT('',#8280);
#8282=CARTESIAN_POINT('',(5.451475E0,3.096638276935E0,-5.8928E0));
#8283=VERTEX_POINT('',#8282);
#8284=CARTESIAN_POINT('',(5.319183327025E0,3.069617003560E0,-5.8928E0));
#8285=VERTEX_POINT('',#8284);
#8286=CARTESIAN_POINT('',(5.186891663513E0,2.988553183436E0,-5.8928E0));
#8287=VERTEX_POINT('',#8286);
#8288=CARTESIAN_POINT('',(5.186891663513E0,3.420893633127E0,-5.8928E0));
#8289=VERTEX_POINT('',#8288);
#8290=CARTESIAN_POINT('',(5.954183308101E0,3.420893633127E0,-5.8928E0));
#8291=VERTEX_POINT('',#8290);
#8292=CARTESIAN_POINT('',(5.954183308101E0,3.556E0,-5.8928E0));
#8293=VERTEX_POINT('',#8292);
#8294=CARTESIAN_POINT('',(5.0546E0,3.556E0,-5.8928E0));
#8295=VERTEX_POINT('',#8294);
#8296=CARTESIAN_POINT('',(5.0546E0,2.853446816564E0,-5.8928E0));
#8297=VERTEX_POINT('',#8296);
#8298=CARTESIAN_POINT('',(3.837516668244E0,-3.131765955031E0,-5.8928E0));
#8299=CARTESIAN_POINT('',(3.863975E0,-3.212829794079E0,-5.8928E0));
#8300=VERTEX_POINT('',#8298);
#8301=VERTEX_POINT('',#8299);
#8302=CARTESIAN_POINT('',(3.94335E0,-3.320914897040E0,-5.8928E0));
#8303=VERTEX_POINT('',#8302);
#8304=CARTESIAN_POINT('',(4.075641672975E0,-3.401978724260E0,-5.8928E0));
#8305=VERTEX_POINT('',#8304);
#8306=CARTESIAN_POINT('',(4.207933345950E0,-3.429E0,-5.8928E0));
#8307=VERTEX_POINT('',#8306);
#8308=CARTESIAN_POINT('',(4.313766654050E0,-3.429E0,-5.8928E0));
#8309=VERTEX_POINT('',#8308);
#8310=CARTESIAN_POINT('',(4.446058308101E0,-3.401978724260E0,-5.8928E0));
#8311=VERTEX_POINT('',#8310);
#8312=CARTESIAN_POINT('',(4.57835E0,-3.320914897040E0,-5.8928E0));
#8313=VERTEX_POINT('',#8312);
#8314=CARTESIAN_POINT('',(4.657725E0,-3.212829794079E0,-5.8928E0));
#8315=VERTEX_POINT('',#8314);
#8316=CARTESIAN_POINT('',(4.710641691899E0,-3.077723408282E0,-5.8928E0));
#8317=VERTEX_POINT('',#8316);
#8318=CARTESIAN_POINT('',(4.7371E0,-2.888574456811E0,-5.8928E0));
#8319=VERTEX_POINT('',#8318);
#8320=CARTESIAN_POINT('',(4.7371E0,-2.699425543189E0,-5.8928E0));
#8321=VERTEX_POINT('',#8320);
#8322=CARTESIAN_POINT('',(4.710641691899E0,-2.510276629567E0,-5.8928E0));
#8323=VERTEX_POINT('',#8322);
#8324=CARTESIAN_POINT('',(4.657725E0,-2.375170186996E0,-5.8928E0));
#8325=VERTEX_POINT('',#8324);
#8326=CARTESIAN_POINT('',(4.57835E0,-2.267085093498E0,-5.8928E0));
#8327=VERTEX_POINT('',#8326);
#8328=CARTESIAN_POINT('',(4.446058308101E0,-2.186021273375E0,-5.8928E0));
#8329=VERTEX_POINT('',#8328);
#8330=CARTESIAN_POINT('',(4.313766654050E0,-2.159E0,-5.8928E0));
#8331=VERTEX_POINT('',#8330);
#8332=CARTESIAN_POINT('',(4.181475E0,-2.159E0,-5.8928E0));
#8333=VERTEX_POINT('',#8332);
#8334=CARTESIAN_POINT('',(4.049183327025E0,-2.186021273375E0,-5.8928E0));
#8335=VERTEX_POINT('',#8334);
#8336=CARTESIAN_POINT('',(3.916891663513E0,-2.267085093498E0,-5.8928E0));
#8337=VERTEX_POINT('',#8336);
#8338=CARTESIAN_POINT('',(3.837516668244E0,-2.375170186996E0,-5.8928E0));
#8339=VERTEX_POINT('',#8338);
#8340=CARTESIAN_POINT('',(3.7846E0,-2.510276629567E0,-5.8928E0));
#8341=VERTEX_POINT('',#8340);
#8342=CARTESIAN_POINT('',(3.7846E0,-2.618361723065E0,-5.8928E0));
#8343=VERTEX_POINT('',#8342);
#8344=CARTESIAN_POINT('',(3.837516668244E0,-2.753468089938E0,-5.8928E0));
#8345=VERTEX_POINT('',#8344);
#8346=CARTESIAN_POINT('',(3.916891663513E0,-2.861553183436E0,-5.8928E0));
#8347=VERTEX_POINT('',#8346);
#8348=CARTESIAN_POINT('',(4.049183327025E0,-2.942617003560E0,-5.8928E0));
#8349=VERTEX_POINT('',#8348);
#8350=CARTESIAN_POINT('',(4.181475E0,-2.969638314784E0,-5.8928E0));
#8351=VERTEX_POINT('',#8350);
#8352=CARTESIAN_POINT('',(4.313766654050E0,-2.969638314784E0,-5.8928E0));
#8353=VERTEX_POINT('',#8352);
#8354=CARTESIAN_POINT('',(4.446058308101E0,-2.942617003560E0,-5.8928E0));
#8355=VERTEX_POINT('',#8354);
#8356=CARTESIAN_POINT('',(4.604808308101E0,-2.834531910062E0,-5.8928E0));
#8357=VERTEX_POINT('',#8356);
#8358=CARTESIAN_POINT('',(4.604808308101E0,-2.888574456811E0,-5.8928E0));
#8359=VERTEX_POINT('',#8358);
#8360=CARTESIAN_POINT('',(4.57835E0,-3.050702134907E0,-5.8928E0));
#8361=VERTEX_POINT('',#8360);
#8362=CARTESIAN_POINT('',(4.551891691899E0,-3.131765955031E0,-5.8928E0));
#8363=VERTEX_POINT('',#8362);
#8364=CARTESIAN_POINT('',(4.498975E0,-3.212829794079E0,-5.8928E0));
#8365=VERTEX_POINT('',#8364);
#8366=CARTESIAN_POINT('',(4.4196E0,-3.266872340828E0,-5.8928E0));
#8367=VERTEX_POINT('',#8366);
#8368=CARTESIAN_POINT('',(4.340225E0,-3.293893614203E0,-5.8928E0));
#8369=VERTEX_POINT('',#8368);
#8370=CARTESIAN_POINT('',(4.181475E0,-3.293893614203E0,-5.8928E0));
#8371=VERTEX_POINT('',#8370);
#8372=CARTESIAN_POINT('',(4.1021E0,-3.266872340828E0,-5.8928E0));
#8373=VERTEX_POINT('',#8372);
#8374=CARTESIAN_POINT('',(4.022725E0,-3.212829794079E0,-5.8928E0));
#8375=VERTEX_POINT('',#8374);
#8376=CARTESIAN_POINT('',(3.969808327025E0,-3.131765955031E0,-5.8928E0));
#8377=VERTEX_POINT('',#8376);
#8378=CARTESIAN_POINT('',(4.57835E0,-2.591340449691E0,-5.8928E0));
#8379=CARTESIAN_POINT('',(4.551891691899E0,-2.672404269814E0,-5.8928E0));
#8380=VERTEX_POINT('',#8378);
#8381=VERTEX_POINT('',#8379);
#8382=CARTESIAN_POINT('',(4.498975E0,-2.753468089938E0,-5.8928E0));
#8383=VERTEX_POINT('',#8382);
#8384=CARTESIAN_POINT('',(4.4196E0,-2.807510636687E0,-5.8928E0));
#8385=VERTEX_POINT('',#8384);
#8386=CARTESIAN_POINT('',(4.340225E0,-2.834531910062E0,-5.8928E0));
#8387=VERTEX_POINT('',#8386);
#8388=CARTESIAN_POINT('',(4.155016654050E0,-2.834531910062E0,-5.8928E0));
#8389=VERTEX_POINT('',#8388);
#8390=CARTESIAN_POINT('',(4.075641672975E0,-2.807510636687E0,-5.8928E0));
#8391=VERTEX_POINT('',#8390);
#8392=CARTESIAN_POINT('',(3.996266672975E0,-2.753468089938E0,-5.8928E0));
#8393=VERTEX_POINT('',#8392);
#8394=CARTESIAN_POINT('',(3.94335E0,-2.672404269814E0,-5.8928E0));
#8395=VERTEX_POINT('',#8394);
#8396=CARTESIAN_POINT('',(3.916891663513E0,-2.591340449691E0,-5.8928E0));
#8397=VERTEX_POINT('',#8396);
#8398=CARTESIAN_POINT('',(3.916891663513E0,-2.537297902942E0,-5.8928E0));
#8399=VERTEX_POINT('',#8398);
#8400=CARTESIAN_POINT('',(3.94335E0,-2.456234007120E0,-5.8928E0));
#8401=VERTEX_POINT('',#8400);
#8402=CARTESIAN_POINT('',(3.996266672975E0,-2.375170186996E0,-5.8928E0));
#8403=VERTEX_POINT('',#8402);
#8404=CARTESIAN_POINT('',(4.075641672975E0,-2.321127640247E0,-5.8928E0));
#8405=VERTEX_POINT('',#8404);
#8406=CARTESIAN_POINT('',(4.155016654050E0,-2.294106366873E0,-5.8928E0));
#8407=VERTEX_POINT('',#8406);
#8408=CARTESIAN_POINT('',(4.340225E0,-2.294106366873E0,-5.8928E0));
#8409=VERTEX_POINT('',#8408);
#8410=CARTESIAN_POINT('',(4.4196E0,-2.321127640247E0,-5.8928E0));
#8411=VERTEX_POINT('',#8410);
#8412=CARTESIAN_POINT('',(4.498975E0,-2.375170186996E0,-5.8928E0));
#8413=VERTEX_POINT('',#8412);
#8414=CARTESIAN_POINT('',(4.551891691899E0,-2.456234007120E0,-5.8928E0));
#8415=VERTEX_POINT('',#8414);
#8416=CARTESIAN_POINT('',(4.57835E0,-2.537297902942E0,-5.8928E0));
#8417=VERTEX_POINT('',#8416);
#8418=CARTESIAN_POINT('',(0.E0,0.E0,0.E0));
#8419=DIRECTION('',(0.E0,0.E0,1.E0));
#8420=DIRECTION('',(1.E0,0.E0,0.E0));
#8421=AXIS2_PLACEMENT_3D('',#8418,#8419,#8420);
#8422=PLANE('',#8421);
#8424=ORIENTED_EDGE('',*,*,#8423,.T.);
#8426=ORIENTED_EDGE('',*,*,#8425,.T.);
#8428=ORIENTED_EDGE('',*,*,#8427,.T.);
#8430=ORIENTED_EDGE('',*,*,#8429,.T.);
#8432=ORIENTED_EDGE('',*,*,#8431,.T.);
#8434=ORIENTED_EDGE('',*,*,#8433,.T.);
#8436=ORIENTED_EDGE('',*,*,#8435,.T.);
#8438=ORIENTED_EDGE('',*,*,#8437,.T.);
#8439=EDGE_LOOP('',(#8424,#8426,#8428,#8430,#8432,#8434,#8436,#8438));
#8440=FACE_OUTER_BOUND('',#8439,.F.);
#8442=ORIENTED_EDGE('',*,*,#8441,.T.);
#8444=ORIENTED_EDGE('',*,*,#8443,.T.);
#8446=ORIENTED_EDGE('',*,*,#8445,.T.);
#8448=ORIENTED_EDGE('',*,*,#8447,.T.);
#8450=ORIENTED_EDGE('',*,*,#8449,.T.);
#8452=ORIENTED_EDGE('',*,*,#8451,.T.);
#8454=ORIENTED_EDGE('',*,*,#8453,.T.);
#8456=ORIENTED_EDGE('',*,*,#8455,.T.);
#8457=EDGE_LOOP('',(#8442,#8444,#8446,#8448,#8450,#8452,#8454,#8456));
#8458=FACE_BOUND('',#8457,.F.);
#8459=ADVANCED_FACE('',(#8440,#8458),#8422,.T.);
#8460=CARTESIAN_POINT('',(-6.34746E0,4.191E0,0.E0));
#8461=DIRECTION('',(0.E0,-1.E0,0.E0));
#8462=DIRECTION('',(1.E0,0.E0,0.E0));
#8463=AXIS2_PLACEMENT_3D('',#8460,#8461,#8462);
#8464=PLANE('',#8463);
#8466=ORIENTED_EDGE('',*,*,#8465,.F.);
#8468=ORIENTED_EDGE('',*,*,#8467,.T.);
#8469=ORIENTED_EDGE('',*,*,#8441,.F.);
#8471=ORIENTED_EDGE('',*,*,#8470,.F.);
#8472=EDGE_LOOP('',(#8466,#8468,#8469,#8471));
#8473=FACE_OUTER_BOUND('',#8472,.F.);
#8474=ADVANCED_FACE('',(#8473),#8464,.T.);
#8475=CARTESIAN_POINT('',(-1.55194E1,6.2738E0,-5.8928E0));
#8476=DIRECTION('',(0.E0,0.E0,1.E0));
#8477=DIRECTION('',(0.E0,-1.E0,0.E0));
#8478=AXIS2_PLACEMENT_3D('',#8475,#8476,#8477);
#8479=PLANE('',#8478);
#8481=ORIENTED_EDGE('',*,*,#8480,.F.);
#8483=ORIENTED_EDGE('',*,*,#8482,.F.);
#8485=ORIENTED_EDGE('',*,*,#8484,.T.);
#8487=ORIENTED_EDGE('',*,*,#8486,.F.);
#8488=ORIENTED_EDGE('',*,*,#8465,.T.);
#8490=ORIENTED_EDGE('',*,*,#8489,.F.);
#8492=ORIENTED_EDGE('',*,*,#8491,.T.);
#8494=ORIENTED_EDGE('',*,*,#8493,.F.);
#8495=EDGE_LOOP('',(#8481,#8483,#8485,#8487,#8488,#8490,#8492,#8494));
#8496=FACE_OUTER_BOUND('',#8495,.F.);
#8498=ORIENTED_EDGE('',*,*,#8497,.T.);
#8500=ORIENTED_EDGE('',*,*,#8499,.T.);
#8501=EDGE_LOOP('',(#8498,#8500));
#8502=FACE_BOUND('',#8501,.F.);
#8504=ORIENTED_EDGE('',*,*,#8503,.T.);
#8506=ORIENTED_EDGE('',*,*,#8505,.T.);
#8507=EDGE_LOOP('',(#8504,#8506));
#8508=FACE_BOUND('',#8507,.F.);
#8510=ORIENTED_EDGE('',*,*,#8509,.T.);
#8512=ORIENTED_EDGE('',*,*,#8511,.T.);
#8513=EDGE_LOOP('',(#8510,#8512));
#8514=FACE_BOUND('',#8513,.F.);
#8516=ORIENTED_EDGE('',*,*,#8515,.T.);
#8518=ORIENTED_EDGE('',*,*,#8517,.T.);
#8519=EDGE_LOOP('',(#8516,#8518));
#8520=FACE_BOUND('',#8519,.F.);
#8522=ORIENTED_EDGE('',*,*,#8521,.T.);
#8524=ORIENTED_EDGE('',*,*,#8523,.T.);
#8525=EDGE_LOOP('',(#8522,#8524));
#8526=FACE_BOUND('',#8525,.F.);
#8528=ORIENTED_EDGE('',*,*,#8527,.T.);
#8530=ORIENTED_EDGE('',*,*,#8529,.T.);
#8531=EDGE_LOOP('',(#8528,#8530));
#8532=FACE_BOUND('',#8531,.F.);
#8534=ORIENTED_EDGE('',*,*,#8533,.T.);
#8536=ORIENTED_EDGE('',*,*,#8535,.T.);
#8537=EDGE_LOOP('',(#8534,#8536));
#8538=FACE_BOUND('',#8537,.F.);
#8540=ORIENTED_EDGE('',*,*,#8539,.T.);
#8542=ORIENTED_EDGE('',*,*,#8541,.T.);
#8543=EDGE_LOOP('',(#8540,#8542));
#8544=FACE_BOUND('',#8543,.F.);
#8546=ORIENTED_EDGE('',*,*,#8545,.T.);
#8548=ORIENTED_EDGE('',*,*,#8547,.T.);
#8549=EDGE_LOOP('',(#8546,#8548));
#8550=FACE_BOUND('',#8549,.F.);
#8552=ORIENTED_EDGE('',*,*,#8551,.T.);
#8554=ORIENTED_EDGE('',*,*,#8553,.T.);
#8556=ORIENTED_EDGE('',*,*,#8555,.T.);
#8558=ORIENTED_EDGE('',*,*,#8557,.T.);
#8560=ORIENTED_EDGE('',*,*,#8559,.T.);
#8562=ORIENTED_EDGE('',*,*,#8561,.T.);
#8564=ORIENTED_EDGE('',*,*,#8563,.T.);
#8565=EDGE_LOOP('',(#8552,#8554,#8556,#8558,#8560,#8562,#8564));
#8566=FACE_BOUND('',#8565,.F.);
#8568=ORIENTED_EDGE('',*,*,#8567,.T.);
#8570=ORIENTED_EDGE('',*,*,#8569,.T.);
#8572=ORIENTED_EDGE('',*,*,#8571,.T.);
#8574=ORIENTED_EDGE('',*,*,#8573,.T.);
#8576=ORIENTED_EDGE('',*,*,#8575,.T.);
#8578=ORIENTED_EDGE('',*,*,#8577,.T.);
#8580=ORIENTED_EDGE('',*,*,#8579,.T.);
#8582=ORIENTED_EDGE('',*,*,#8581,.T.);
#8584=ORIENTED_EDGE('',*,*,#8583,.T.);
#8586=ORIENTED_EDGE('',*,*,#8585,.T.);
#8588=ORIENTED_EDGE('',*,*,#8587,.T.);
#8590=ORIENTED_EDGE('',*,*,#8589,.T.);
#8592=ORIENTED_EDGE('',*,*,#8591,.T.);
#8594=ORIENTED_EDGE('',*,*,#8593,.T.);
#8596=ORIENTED_EDGE('',*,*,#8595,.T.);
#8598=ORIENTED_EDGE('',*,*,#8597,.T.);
#8600=ORIENTED_EDGE('',*,*,#8599,.T.);
#8602=ORIENTED_EDGE('',*,*,#8601,.T.);
#8604=ORIENTED_EDGE('',*,*,#8603,.T.);
#8606=ORIENTED_EDGE('',*,*,#8605,.T.);
#8608=ORIENTED_EDGE('',*,*,#8607,.T.);
#8610=ORIENTED_EDGE('',*,*,#8609,.T.);
#8612=ORIENTED_EDGE('',*,*,#8611,.T.);
#8614=ORIENTED_EDGE('',*,*,#8613,.T.);
#8616=ORIENTED_EDGE('',*,*,#8615,.T.);
#8618=ORIENTED_EDGE('',*,*,#8617,.T.);
#8620=ORIENTED_EDGE('',*,*,#8619,.T.);
#8622=ORIENTED_EDGE('',*,*,#8621,.T.);
#8624=ORIENTED_EDGE('',*,*,#8623,.T.);
#8626=ORIENTED_EDGE('',*,*,#8625,.T.);
#8628=ORIENTED_EDGE('',*,*,#8627,.T.);
#8630=ORIENTED_EDGE('',*,*,#8629,.T.);
#8632=ORIENTED_EDGE('',*,*,#8631,.T.);
#8634=ORIENTED_EDGE('',*,*,#8633,.T.);
#8636=ORIENTED_EDGE('',*,*,#8635,.T.);
#8638=ORIENTED_EDGE('',*,*,#8637,.T.);
#8640=ORIENTED_EDGE('',*,*,#8639,.T.);
#8642=ORIENTED_EDGE('',*,*,#8641,.T.);
#8644=ORIENTED_EDGE('',*,*,#8643,.T.);
#8646=ORIENTED_EDGE('',*,*,#8645,.T.);
#8647=EDGE_LOOP('',(#8568,#8570,#8572,#8574,#8576,#8578,#8580,#8582,#8584,#8586,
#8588,#8590,#8592,#8594,#8596,#8598,#8600,#8602,#8604,#8606,#8608,#8610,#8612,
#8614,#8616,#8618,#8620,#8622,#8624,#8626,#8628,#8630,#8632,#8634,#8636,#8638,
#8640,#8642,#8644,#8646));
#8648=FACE_BOUND('',#8647,.F.);
#8650=ORIENTED_EDGE('',*,*,#8649,.T.);
#8652=ORIENTED_EDGE('',*,*,#8651,.T.);
#8654=ORIENTED_EDGE('',*,*,#8653,.T.);
#8656=ORIENTED_EDGE('',*,*,#8655,.T.);
#8658=ORIENTED_EDGE('',*,*,#8657,.T.);
#8660=ORIENTED_EDGE('',*,*,#8659,.T.);
#8662=ORIENTED_EDGE('',*,*,#8661,.T.);
#8664=ORIENTED_EDGE('',*,*,#8663,.T.);
#8666=ORIENTED_EDGE('',*,*,#8665,.T.);
#8668=ORIENTED_EDGE('',*,*,#8667,.T.);
#8670=ORIENTED_EDGE('',*,*,#8669,.T.);
#8672=ORIENTED_EDGE('',*,*,#8671,.T.);
#8674=ORIENTED_EDGE('',*,*,#8673,.T.);
#8676=ORIENTED_EDGE('',*,*,#8675,.T.);
#8678=ORIENTED_EDGE('',*,*,#8677,.T.);
#8680=ORIENTED_EDGE('',*,*,#8679,.T.);
#8682=ORIENTED_EDGE('',*,*,#8681,.T.);
#8684=ORIENTED_EDGE('',*,*,#8683,.T.);
#8686=ORIENTED_EDGE('',*,*,#8685,.T.);
#8688=ORIENTED_EDGE('',*,*,#8687,.T.);
#8690=ORIENTED_EDGE('',*,*,#8689,.T.);
#8692=ORIENTED_EDGE('',*,*,#8691,.T.);
#8694=ORIENTED_EDGE('',*,*,#8693,.T.);
#8696=ORIENTED_EDGE('',*,*,#8695,.T.);
#8698=ORIENTED_EDGE('',*,*,#8697,.T.);
#8700=ORIENTED_EDGE('',*,*,#8699,.T.);
#8702=ORIENTED_EDGE('',*,*,#8701,.T.);
#8704=ORIENTED_EDGE('',*,*,#8703,.T.);
#8706=ORIENTED_EDGE('',*,*,#8705,.T.);
#8708=ORIENTED_EDGE('',*,*,#8707,.T.);
#8710=ORIENTED_EDGE('',*,*,#8709,.T.);
#8712=ORIENTED_EDGE('',*,*,#8711,.T.);
#8714=ORIENTED_EDGE('',*,*,#8713,.T.);
#8716=ORIENTED_EDGE('',*,*,#8715,.T.);
#8718=ORIENTED_EDGE('',*,*,#8717,.T.);
#8720=ORIENTED_EDGE('',*,*,#8719,.T.);
#8722=ORIENTED_EDGE('',*,*,#8721,.T.);
#8724=ORIENTED_EDGE('',*,*,#8723,.T.);
#8726=ORIENTED_EDGE('',*,*,#8725,.T.);
#8728=ORIENTED_EDGE('',*,*,#8727,.T.);
#8729=EDGE_LOOP('',(#8650,#8652,#8654,#8656,#8658,#8660,#8662,#8664,#8666,#8668,
#8670,#8672,#8674,#8676,#8678,#8680,#8682,#8684,#8686,#8688,#8690,#8692,#8694,
#8696,#8698,#8700,#8702,#8704,#8706,#8708,#8710,#8712,#8714,#8716,#8718,#8720,
#8722,#8724,#8726,#8728));
#8730=FACE_BOUND('',#8729,.F.);
#8732=ORIENTED_EDGE('',*,*,#8731,.T.);
#8734=ORIENTED_EDGE('',*,*,#8733,.T.);
#8736=ORIENTED_EDGE('',*,*,#8735,.T.);
#8738=ORIENTED_EDGE('',*,*,#8737,.T.);
#8740=ORIENTED_EDGE('',*,*,#8739,.T.);
#8742=ORIENTED_EDGE('',*,*,#8741,.T.);
#8744=ORIENTED_EDGE('',*,*,#8743,.T.);
#8746=ORIENTED_EDGE('',*,*,#8745,.T.);
#8748=ORIENTED_EDGE('',*,*,#8747,.T.);
#8750=ORIENTED_EDGE('',*,*,#8749,.T.);
#8752=ORIENTED_EDGE('',*,*,#8751,.T.);
#8754=ORIENTED_EDGE('',*,*,#8753,.T.);
#8756=ORIENTED_EDGE('',*,*,#8755,.T.);
#8758=ORIENTED_EDGE('',*,*,#8757,.T.);
#8760=ORIENTED_EDGE('',*,*,#8759,.T.);
#8762=ORIENTED_EDGE('',*,*,#8761,.T.);
#8764=ORIENTED_EDGE('',*,*,#8763,.T.);
#8766=ORIENTED_EDGE('',*,*,#8765,.T.);
#8768=ORIENTED_EDGE('',*,*,#8767,.T.);
#8770=ORIENTED_EDGE('',*,*,#8769,.T.);
#8772=ORIENTED_EDGE('',*,*,#8771,.T.);
#8774=ORIENTED_EDGE('',*,*,#8773,.T.);
#8776=ORIENTED_EDGE('',*,*,#8775,.T.);
#8778=ORIENTED_EDGE('',*,*,#8777,.T.);
#8780=ORIENTED_EDGE('',*,*,#8779,.T.);
#8782=ORIENTED_EDGE('',*,*,#8781,.T.);
#8784=ORIENTED_EDGE('',*,*,#8783,.T.);
#8786=ORIENTED_EDGE('',*,*,#8785,.T.);
#8788=ORIENTED_EDGE('',*,*,#8787,.T.);
#8790=ORIENTED_EDGE('',*,*,#8789,.T.);
#8792=ORIENTED_EDGE('',*,*,#8791,.T.);
#8794=ORIENTED_EDGE('',*,*,#8793,.T.);
#8796=ORIENTED_EDGE('',*,*,#8795,.T.);
#8798=ORIENTED_EDGE('',*,*,#8797,.T.);
#8800=ORIENTED_EDGE('',*,*,#8799,.T.);
#8802=ORIENTED_EDGE('',*,*,#8801,.T.);
#8804=ORIENTED_EDGE('',*,*,#8803,.T.);
#8806=ORIENTED_EDGE('',*,*,#8805,.T.);
#8808=ORIENTED_EDGE('',*,*,#8807,.T.);
#8810=ORIENTED_EDGE('',*,*,#8809,.T.);
#8811=EDGE_LOOP('',(#8732,#8734,#8736,#8738,#8740,#8742,#8744,#8746,#8748,#8750,
#8752,#8754,#8756,#8758,#8760,#8762,#8764,#8766,#8768,#8770,#8772,#8774,#8776,
#8778,#8780,#8782,#8784,#8786,#8788,#8790,#8792,#8794,#8796,#8798,#8800,#8802,
#8804,#8806,#8808,#8810));
#8812=FACE_BOUND('',#8811,.F.);
#8813=ADVANCED_FACE('',(#8496,#8502,#8508,#8514,#8520,#8526,#8532,#8538,#8544,
#8550,#8566,#8648,#8730,#8812),#8479,.T.);
#8814=CARTESIAN_POINT('',(-1.55194E1,6.2738E0,-5.8928E0));
#8815=DIRECTION('',(0.E0,0.E0,1.E0));
#8816=DIRECTION('',(0.E0,-1.E0,0.E0));
#8817=AXIS2_PLACEMENT_3D('',#8814,#8815,#8816);
#8818=PLANE('',#8817);
#8820=ORIENTED_EDGE('',*,*,#8819,.F.);
#8822=ORIENTED_EDGE('',*,*,#8821,.T.);
#8824=ORIENTED_EDGE('',*,*,#8823,.F.);
#8826=ORIENTED_EDGE('',*,*,#8825,.T.);
#8828=ORIENTED_EDGE('',*,*,#8827,.T.);
#8830=ORIENTED_EDGE('',*,*,#8829,.F.);
#8832=ORIENTED_EDGE('',*,*,#8831,.F.);
#8834=ORIENTED_EDGE('',*,*,#8833,.F.);
#8836=ORIENTED_EDGE('',*,*,#8835,.F.);
#8838=ORIENTED_EDGE('',*,*,#8837,.T.);
#8840=ORIENTED_EDGE('',*,*,#8839,.T.);
#8842=ORIENTED_EDGE('',*,*,#8841,.T.);
#8844=ORIENTED_EDGE('',*,*,#8843,.F.);
#8846=ORIENTED_EDGE('',*,*,#8845,.F.);
#8848=ORIENTED_EDGE('',*,*,#8847,.F.);
#8850=ORIENTED_EDGE('',*,*,#8849,.T.);
#8851=EDGE_LOOP('',(#8820,#8822,#8824,#8826,#8828,#8830,#8832,#8834,#8836,#8838,
#8840,#8842,#8844,#8846,#8848,#8850));
#8852=FACE_OUTER_BOUND('',#8851,.F.);
#8854=ORIENTED_EDGE('',*,*,#8853,.T.);
#8856=ORIENTED_EDGE('',*,*,#8855,.T.);
#8858=ORIENTED_EDGE('',*,*,#8857,.T.);
#8860=ORIENTED_EDGE('',*,*,#8859,.T.);
#8862=ORIENTED_EDGE('',*,*,#8861,.F.);
#8864=ORIENTED_EDGE('',*,*,#8863,.T.);
#8866=ORIENTED_EDGE('',*,*,#8865,.T.);
#8868=ORIENTED_EDGE('',*,*,#8867,.T.);
#8869=EDGE_LOOP('',(#8854,#8856,#8858,#8860,#8862,#8864,#8866,#8868));
#8870=FACE_BOUND('',#8869,.F.);
#8872=ORIENTED_EDGE('',*,*,#8871,.T.);
#8874=ORIENTED_EDGE('',*,*,#8873,.T.);
#8875=EDGE_LOOP('',(#8872,#8874));
#8876=FACE_BOUND('',#8875,.F.);
#8878=ORIENTED_EDGE('',*,*,#8877,.T.);
#8880=ORIENTED_EDGE('',*,*,#8879,.T.);
#8881=EDGE_LOOP('',(#8878,#8880));
#8882=FACE_BOUND('',#8881,.F.);
#8883=ADVANCED_FACE('',(#8852,#8870,#8876,#8882),#8818,.T.);
#8884=CARTESIAN_POINT('',(-1.55194E1,6.2738E0,-5.8928E0));
#8885=DIRECTION('',(0.E0,0.E0,1.E0));
#8886=DIRECTION('',(0.E0,-1.E0,0.E0));
#8887=AXIS2_PLACEMENT_3D('',#8884,#8885,#8886);
#8888=PLANE('',#8887);
#8890=ORIENTED_EDGE('',*,*,#8889,.T.);
#8892=ORIENTED_EDGE('',*,*,#8891,.T.);
#8894=ORIENTED_EDGE('',*,*,#8893,.T.);
#8896=ORIENTED_EDGE('',*,*,#8895,.T.);
#8898=ORIENTED_EDGE('',*,*,#8897,.T.);
#8900=ORIENTED_EDGE('',*,*,#8899,.T.);
#8902=ORIENTED_EDGE('',*,*,#8901,.T.);
#8904=ORIENTED_EDGE('',*,*,#8903,.T.);
#8906=ORIENTED_EDGE('',*,*,#8905,.T.);
#8908=ORIENTED_EDGE('',*,*,#8907,.T.);
#8910=ORIENTED_EDGE('',*,*,#8909,.T.);
#8912=ORIENTED_EDGE('',*,*,#8911,.T.);
#8914=ORIENTED_EDGE('',*,*,#8913,.T.);
#8916=ORIENTED_EDGE('',*,*,#8915,.T.);
#8918=ORIENTED_EDGE('',*,*,#8917,.T.);
#8920=ORIENTED_EDGE('',*,*,#8919,.T.);
#8922=ORIENTED_EDGE('',*,*,#8921,.T.);
#8924=ORIENTED_EDGE('',*,*,#8923,.T.);
#8926=ORIENTED_EDGE('',*,*,#8925,.T.);
#8928=ORIENTED_EDGE('',*,*,#8927,.T.);
#8929=EDGE_LOOP('',(#8890,#8892,#8894,#8896,#8898,#8900,#8902,#8904,#8906,#8908,
#8910,#8912,#8914,#8916,#8918,#8920,#8922,#8924,#8926,#8928));
#8930=FACE_OUTER_BOUND('',#8929,.F.);
#8931=ADVANCED_FACE('',(#8930),#8888,.T.);
#8932=CARTESIAN_POINT('',(-1.55194E1,6.2738E0,-5.8928E0));
#8933=DIRECTION('',(0.E0,0.E0,1.E0));
#8934=DIRECTION('',(0.E0,-1.E0,0.E0));
#8935=AXIS2_PLACEMENT_3D('',#8932,#8933,#8934);
#8936=PLANE('',#8935);
#8938=ORIENTED_EDGE('',*,*,#8937,.T.);
#8940=ORIENTED_EDGE('',*,*,#8939,.T.);
#8942=ORIENTED_EDGE('',*,*,#8941,.T.);
#8944=ORIENTED_EDGE('',*,*,#8943,.T.);
#8946=ORIENTED_EDGE('',*,*,#8945,.T.);
#8948=ORIENTED_EDGE('',*,*,#8947,.T.);
#8950=ORIENTED_EDGE('',*,*,#8949,.T.);
#8952=ORIENTED_EDGE('',*,*,#8951,.T.);
#8954=ORIENTED_EDGE('',*,*,#8953,.T.);
#8956=ORIENTED_EDGE('',*,*,#8955,.T.);
#8958=ORIENTED_EDGE('',*,*,#8957,.T.);
#8960=ORIENTED_EDGE('',*,*,#8959,.T.);
#8962=ORIENTED_EDGE('',*,*,#8961,.T.);
#8964=ORIENTED_EDGE('',*,*,#8963,.T.);
#8966=ORIENTED_EDGE('',*,*,#8965,.T.);
#8968=ORIENTED_EDGE('',*,*,#8967,.T.);
#8970=ORIENTED_EDGE('',*,*,#8969,.T.);
#8972=ORIENTED_EDGE('',*,*,#8971,.T.);
#8974=ORIENTED_EDGE('',*,*,#8973,.T.);
#8976=ORIENTED_EDGE('',*,*,#8975,.T.);
#8977=EDGE_LOOP('',(#8938,#8940,#8942,#8944,#8946,#8948,#8950,#8952,#8954,#8956,
#8958,#8960,#8962,#8964,#8966,#8968,#8970,#8972,#8974,#8976));
#8978=FACE_OUTER_BOUND('',#8977,.F.);
#8979=ADVANCED_FACE('',(#8978),#8936,.T.);
#8980=CARTESIAN_POINT('',(5.618326775533E0,-4.191E0,0.E0));
#8981=DIRECTION('',(0.E0,1.E0,0.E0));
#8982=DIRECTION('',(-1.E0,0.E0,0.E0));
#8983=AXIS2_PLACEMENT_3D('',#8980,#8981,#8982);
#8984=PLANE('',#8983);
#8985=ORIENTED_EDGE('',*,*,#8480,.T.);
#8987=ORIENTED_EDGE('',*,*,#8986,.T.);
#8988=ORIENTED_EDGE('',*,*,#8449,.F.);
#8990=ORIENTED_EDGE('',*,*,#8989,.F.);
#8991=EDGE_LOOP('',(#8985,#8987,#8988,#8990));
#8992=FACE_OUTER_BOUND('',#8991,.F.);
#8993=ADVANCED_FACE('',(#8992),#8984,.T.);
#8994=CARTESIAN_POINT('',(5.618326775533E0,-2.06756E0,0.E0));
#8995=DIRECTION('',(0.E0,0.E0,1.E0));
#8996=DIRECTION('',(1.E0,0.E0,0.E0));
#8997=AXIS2_PLACEMENT_3D('',#8994,#8995,#8996);
#8998=CYLINDRICAL_SURFACE('',#8997,2.12344E0);
#8999=ORIENTED_EDGE('',*,*,#8493,.T.);
#9001=ORIENTED_EDGE('',*,*,#9000,.T.);
#9002=ORIENTED_EDGE('',*,*,#8451,.F.);
#9003=ORIENTED_EDGE('',*,*,#8986,.F.);
#9004=EDGE_LOOP('',(#8999,#9001,#9002,#9003));
#9005=FACE_OUTER_BOUND('',#9004,.F.);
#9006=ADVANCED_FACE('',(#9005),#8998,.F.);
#9007=CARTESIAN_POINT('',(8.438640175056E0,1.698828513615E0,0.E0));
#9008=DIRECTION('',(-9.848077530122E-1,1.736481776669E-1,0.E0));
#9009=DIRECTION('',(-1.736481776669E-1,-9.848077530122E-1,0.E0));
#9010=AXIS2_PLACEMENT_3D('',#9007,#9008,#9009);
#9011=PLANE('',#9010);
#9012=ORIENTED_EDGE('',*,*,#8491,.F.);
#9014=ORIENTED_EDGE('',*,*,#9013,.T.);
#9015=ORIENTED_EDGE('',*,*,#8453,.F.);
#9016=ORIENTED_EDGE('',*,*,#9000,.F.);
#9017=EDGE_LOOP('',(#9012,#9014,#9015,#9016));
#9018=FACE_OUTER_BOUND('',#9017,.F.);
#9019=ADVANCED_FACE('',(#9018),#9011,.T.);
#9020=CARTESIAN_POINT('',(6.34746E0,2.06756E0,0.E0));
#9021=DIRECTION('',(0.E0,0.E0,1.E0));
#9022=DIRECTION('',(1.E0,0.E0,0.E0));
#9023=AXIS2_PLACEMENT_3D('',#9020,#9021,#9022);
#9024=CYLINDRICAL_SURFACE('',#9023,2.12344E0);
#9025=ORIENTED_EDGE('',*,*,#8489,.T.);
#9026=ORIENTED_EDGE('',*,*,#8470,.T.);
#9027=ORIENTED_EDGE('',*,*,#8455,.F.);
#9028=ORIENTED_EDGE('',*,*,#9013,.F.);
#9029=EDGE_LOOP('',(#9025,#9026,#9027,#9028));
#9030=FACE_OUTER_BOUND('',#9029,.F.);
#9031=ADVANCED_FACE('',(#9030),#9024,.F.);
#9032=CARTESIAN_POINT('',(-5.618326775533E0,-2.06756E0,0.E0));
#9033=DIRECTION('',(0.E0,0.E0,1.E0));
#9034=DIRECTION('',(1.E0,0.E0,0.E0));
#9035=AXIS2_PLACEMENT_3D('',#9032,#9033,#9034);
#9036=CYLINDRICAL_SURFACE('',#9035,2.12344E0);
#9037=ORIENTED_EDGE('',*,*,#8482,.T.);
#9038=ORIENTED_EDGE('',*,*,#8989,.T.);
#9039=ORIENTED_EDGE('',*,*,#8447,.F.);
#9041=ORIENTED_EDGE('',*,*,#9040,.F.);
#9042=EDGE_LOOP('',(#9037,#9038,#9039,#9041));
#9043=FACE_OUTER_BOUND('',#9042,.F.);
#9044=ADVANCED_FACE('',(#9043),#9036,.F.);
#9045=CARTESIAN_POINT('',(-7.709506950589E0,-2.436291486385E0,0.E0));
#9046=DIRECTION('',(9.848077530122E-1,1.736481776669E-1,0.E0));
#9047=DIRECTION('',(-1.736481776669E-1,9.848077530122E-1,0.E0));
#9048=AXIS2_PLACEMENT_3D('',#9045,#9046,#9047);
#9049=PLANE('',#9048);
#9050=ORIENTED_EDGE('',*,*,#8484,.F.);
#9051=ORIENTED_EDGE('',*,*,#9040,.T.);
#9052=ORIENTED_EDGE('',*,*,#8445,.F.);
#9054=ORIENTED_EDGE('',*,*,#9053,.F.);
#9055=EDGE_LOOP('',(#9050,#9051,#9052,#9054));
#9056=FACE_OUTER_BOUND('',#9055,.F.);
#9057=ADVANCED_FACE('',(#9056),#9049,.T.);
#9058=CARTESIAN_POINT('',(-6.34746E0,2.06756E0,0.E0));
#9059=DIRECTION('',(0.E0,0.E0,1.E0));
#9060=DIRECTION('',(1.E0,0.E0,0.E0));
#9061=AXIS2_PLACEMENT_3D('',#9058,#9059,#9060);
#9062=CYLINDRICAL_SURFACE('',#9061,2.12344E0);
#9063=ORIENTED_EDGE('',*,*,#8486,.T.);
#9064=ORIENTED_EDGE('',*,*,#9053,.T.);
#9065=ORIENTED_EDGE('',*,*,#8443,.F.);
#9066=ORIENTED_EDGE('',*,*,#8467,.F.);
#9067=EDGE_LOOP('',(#9063,#9064,#9065,#9066));
#9068=FACE_OUTER_BOUND('',#9067,.F.);
#9069=ADVANCED_FACE('',(#9068),#9062,.F.);
#9070=CARTESIAN_POINT('',(-5.618326775533E0,-4.60756E0,0.E0));
#9071=DIRECTION('',(0.E0,-1.E0,0.E0));
#9072=DIRECTION('',(1.E0,0.E0,0.E0));
#9073=AXIS2_PLACEMENT_3D('',#9070,#9071,#9072);
#9074=PLANE('',#9073);
#9075=ORIENTED_EDGE('',*,*,#8853,.F.);
#9077=ORIENTED_EDGE('',*,*,#9076,.T.);
#9078=ORIENTED_EDGE('',*,*,#8433,.F.);
#9080=ORIENTED_EDGE('',*,*,#9079,.F.);
#9081=EDGE_LOOP('',(#9075,#9077,#9078,#9080));
#9082=FACE_OUTER_BOUND('',#9081,.F.);
#9083=ADVANCED_FACE('',(#9082),#9074,.T.);
#9084=CARTESIAN_POINT('',(-5.618326775533E0,-2.06756E0,0.E0));
#9085=DIRECTION('',(0.E0,0.E0,1.E0));
#9086=DIRECTION('',(1.E0,0.E0,0.E0));
#9087=AXIS2_PLACEMENT_3D('',#9084,#9085,#9086);
#9088=CYLINDRICAL_SURFACE('',#9087,2.54E0);
#9089=ORIENTED_EDGE('',*,*,#8867,.F.);
#9091=ORIENTED_EDGE('',*,*,#9090,.T.);
#9092=ORIENTED_EDGE('',*,*,#8435,.F.);
#9093=ORIENTED_EDGE('',*,*,#9076,.F.);
#9094=EDGE_LOOP('',(#9089,#9091,#9092,#9093));
#9095=FACE_OUTER_BOUND('',#9094,.F.);
#9096=ADVANCED_FACE('',(#9095),#9088,.T.);
#9097=CARTESIAN_POINT('',(-8.848871692651E0,1.626493628726E0,0.E0));
#9098=DIRECTION('',(-9.848077530122E-1,-1.736481776669E-1,0.E0));
#9099=DIRECTION('',(1.736481776669E-1,-9.848077530122E-1,0.E0));
#9100=AXIS2_PLACEMENT_3D('',#9097,#9098,#9099);
#9101=PLANE('',#9100);
#9102=ORIENTED_EDGE('',*,*,#8865,.F.);
#9104=ORIENTED_EDGE('',*,*,#9103,.T.);
#9105=ORIENTED_EDGE('',*,*,#8437,.F.);
#9106=ORIENTED_EDGE('',*,*,#9090,.F.);
#9107=EDGE_LOOP('',(#9102,#9104,#9105,#9106));
#9108=FACE_OUTER_BOUND('',#9107,.F.);
#9109=ADVANCED_FACE('',(#9108),#9101,.T.);
#9110=CARTESIAN_POINT('',(-6.34746E0,2.06756E0,0.E0));
#9111=DIRECTION('',(0.E0,0.E0,1.E0));
#9112=DIRECTION('',(1.E0,0.E0,0.E0));
#9113=AXIS2_PLACEMENT_3D('',#9110,#9111,#9112);
#9114=CYLINDRICAL_SURFACE('',#9113,2.54E0);
#9115=ORIENTED_EDGE('',*,*,#8863,.F.);
#9117=ORIENTED_EDGE('',*,*,#9116,.T.);
#9118=ORIENTED_EDGE('',*,*,#8423,.F.);
#9119=ORIENTED_EDGE('',*,*,#9103,.F.);
#9120=EDGE_LOOP('',(#9115,#9117,#9118,#9119));
#9121=FACE_OUTER_BOUND('',#9120,.F.);
#9122=ADVANCED_FACE('',(#9121),#9114,.T.);
#9123=CARTESIAN_POINT('',(6.34746E0,4.60756E0,0.E0));
#9124=DIRECTION('',(0.E0,1.E0,0.E0));
#9125=DIRECTION('',(-1.E0,0.E0,0.E0));
#9126=AXIS2_PLACEMENT_3D('',#9123,#9124,#9125);
#9127=PLANE('',#9126);
#9128=ORIENTED_EDGE('',*,*,#8861,.T.);
#9130=ORIENTED_EDGE('',*,*,#9129,.T.);
#9131=ORIENTED_EDGE('',*,*,#8425,.F.);
#9132=ORIENTED_EDGE('',*,*,#9116,.F.);
#9133=EDGE_LOOP('',(#9128,#9130,#9131,#9132));
#9134=FACE_OUTER_BOUND('',#9133,.F.);
#9135=ADVANCED_FACE('',(#9134),#9127,.T.);
#9136=CARTESIAN_POINT('',(6.34746E0,2.06756E0,0.E0));
#9137=DIRECTION('',(0.E0,0.E0,1.E0));
#9138=DIRECTION('',(1.E0,0.E0,0.E0));
#9139=AXIS2_PLACEMENT_3D('',#9136,#9137,#9138);
#9140=CYLINDRICAL_SURFACE('',#9139,2.54E0);
#9141=ORIENTED_EDGE('',*,*,#8859,.F.);
#9143=ORIENTED_EDGE('',*,*,#9142,.T.);
#9144=ORIENTED_EDGE('',*,*,#8427,.F.);
#9145=ORIENTED_EDGE('',*,*,#9129,.F.);
#9146=EDGE_LOOP('',(#9141,#9143,#9144,#9145));
#9147=FACE_OUTER_BOUND('',#9146,.F.);
#9148=ADVANCED_FACE('',(#9147),#9140,.T.);
#9149=CARTESIAN_POINT('',(8.119738468184E0,-2.508626371274E0,0.E0));
#9150=DIRECTION('',(9.848077530122E-1,-1.736481776669E-1,0.E0));
#9151=DIRECTION('',(1.736481776669E-1,9.848077530122E-1,0.E0));
#9152=AXIS2_PLACEMENT_3D('',#9149,#9150,#9151);
#9153=PLANE('',#9152);
#9154=ORIENTED_EDGE('',*,*,#8857,.F.);
#9156=ORIENTED_EDGE('',*,*,#9155,.T.);
#9157=ORIENTED_EDGE('',*,*,#8429,.F.);
#9158=ORIENTED_EDGE('',*,*,#9142,.F.);
#9159=EDGE_LOOP('',(#9154,#9156,#9157,#9158));
#9160=FACE_OUTER_BOUND('',#9159,.F.);
#9161=ADVANCED_FACE('',(#9160),#9153,.T.);
#9162=CARTESIAN_POINT('',(5.618326775533E0,-2.06756E0,0.E0));
#9163=DIRECTION('',(0.E0,0.E0,1.E0));
#9164=DIRECTION('',(1.E0,0.E0,0.E0));
#9165=AXIS2_PLACEMENT_3D('',#9162,#9163,#9164);
#9166=CYLINDRICAL_SURFACE('',#9165,2.54E0);
#9167=ORIENTED_EDGE('',*,*,#8855,.F.);
#9168=ORIENTED_EDGE('',*,*,#9079,.T.);
#9169=ORIENTED_EDGE('',*,*,#8431,.F.);
#9170=ORIENTED_EDGE('',*,*,#9155,.F.);
#9171=EDGE_LOOP('',(#9167,#9168,#9169,#9170));
#9172=FACE_OUTER_BOUND('',#9171,.F.);
#9173=ADVANCED_FACE('',(#9172),#9166,.T.);
#9174=CARTESIAN_POINT('',(-1.24968E1,0.E0,-5.8928E0));
#9175=DIRECTION('',(0.E0,0.E0,1.E0));
#9176=DIRECTION('',(1.E0,0.E0,0.E0));
#9177=AXIS2_PLACEMENT_3D('',#9174,#9175,#9176);
#9178=CYLINDRICAL_SURFACE('',#9177,1.905E0);
#9180=ORIENTED_EDGE('',*,*,#9179,.T.);
#9182=ORIENTED_EDGE('',*,*,#9181,.F.);
#9183=ORIENTED_EDGE('',*,*,#8871,.F.);
#9185=ORIENTED_EDGE('',*,*,#9184,.T.);
#9186=EDGE_LOOP('',(#9180,#9182,#9183,#9185));
#9187=FACE_OUTER_BOUND('',#9186,.F.);
#9188=ADVANCED_FACE('',(#9187),#9178,.T.);
#9189=CARTESIAN_POINT('',(-1.24968E1,0.E0,-1.371802190384E-1));
#9190=DIRECTION('',(0.E0,0.E0,-1.E0));
#9191=DIRECTION('',(0.E0,-1.E0,0.E0));
#9192=AXIS2_PLACEMENT_3D('',#9189,#9190,#9191);
#9193=CONICAL_SURFACE('',#9192,1.777983197059E0,4.499940348674E1);
#9195=ORIENTED_EDGE('',*,*,#9194,.T.);
#9196=ORIENTED_EDGE('',*,*,#9179,.F.);
#9198=ORIENTED_EDGE('',*,*,#9197,.F.);
#9200=ORIENTED_EDGE('',*,*,#9199,.T.);
#9201=EDGE_LOOP('',(#9195,#9196,#9198,#9200));
#9202=FACE_OUTER_BOUND('',#9201,.F.);
#9203=ADVANCED_FACE('',(#9202),#9193,.T.);
#9204=CARTESIAN_POINT('',(-1.24968E1,0.E0,-1.371802190384E-1));
#9205=DIRECTION('',(0.E0,0.E0,-1.E0));
#9206=DIRECTION('',(0.E0,-1.E0,0.E0));
#9207=AXIS2_PLACEMENT_3D('',#9204,#9205,#9206);
#9208=CONICAL_SURFACE('',#9207,1.777983197059E0,4.499940348674E1);
#9209=ORIENTED_EDGE('',*,*,#9194,.F.);
#9211=ORIENTED_EDGE('',*,*,#9210,.T.);
#9212=ORIENTED_EDGE('',*,*,#9197,.T.);
#9214=ORIENTED_EDGE('',*,*,#9213,.F.);
#9215=EDGE_LOOP('',(#9209,#9211,#9212,#9214));
#9216=FACE_OUTER_BOUND('',#9215,.F.);
#9217=ADVANCED_FACE('',(#9216),#9208,.T.);
#9218=CARTESIAN_POINT('',(1.55194E1,-3.3528E0,-1.016E-2));
#9219=DIRECTION('',(0.E0,0.E0,-1.E0));
#9220=DIRECTION('',(1.E0,0.E0,0.E0));
#9221=AXIS2_PLACEMENT_3D('',#9218,#9219,#9220);
#9222=PLANE('',#9221);
#9223=ORIENTED_EDGE('',*,*,#9199,.F.);
#9224=ORIENTED_EDGE('',*,*,#9210,.F.);
#9225=EDGE_LOOP('',(#9223,#9224));
#9226=FACE_OUTER_BOUND('',#9225,.F.);
#9228=ORIENTED_EDGE('',*,*,#9227,.F.);
#9230=ORIENTED_EDGE('',*,*,#9229,.F.);
#9231=EDGE_LOOP('',(#9228,#9230));
#9232=FACE_BOUND('',#9231,.F.);
#9233=ADVANCED_FACE('',(#9226,#9232),#9222,.F.);
#9234=CARTESIAN_POINT('',(1.55194E1,-3.3528E0,-1.016E-2));
#9235=DIRECTION('',(0.E0,0.E0,-1.E0));
#9236=DIRECTION('',(1.E0,0.E0,0.E0));
#9237=AXIS2_PLACEMENT_3D('',#9234,#9235,#9236);
#9238=PLANE('',#9237);
#9240=ORIENTED_EDGE('',*,*,#9239,.F.);
#9242=ORIENTED_EDGE('',*,*,#9241,.F.);
#9243=EDGE_LOOP('',(#9240,#9242));
#9244=FACE_OUTER_BOUND('',#9243,.F.);
#9246=ORIENTED_EDGE('',*,*,#9245,.F.);
#9248=ORIENTED_EDGE('',*,*,#9247,.F.);
#9249=EDGE_LOOP('',(#9246,#9248));
#9250=FACE_BOUND('',#9249,.F.);
#9251=ADVANCED_FACE('',(#9244,#9250),#9238,.F.);
#9252=CARTESIAN_POINT('',(-1.24968E1,0.E0,-1.371342321805E-1));
#9253=DIRECTION('',(0.E0,0.E0,1.E0));
#9254=DIRECTION('',(0.E0,-1.E0,0.E0));
#9255=AXIS2_PLACEMENT_3D('',#9252,#9253,#9254);
#9256=CONICAL_SURFACE('',#9255,1.262355424971E0,4.499885754235E1);
#9258=ORIENTED_EDGE('',*,*,#9257,.T.);
#9260=ORIENTED_EDGE('',*,*,#9259,.F.);
#9262=ORIENTED_EDGE('',*,*,#9261,.F.);
#9263=ORIENTED_EDGE('',*,*,#9227,.T.);
#9264=EDGE_LOOP('',(#9258,#9260,#9262,#9263));
#9265=FACE_OUTER_BOUND('',#9264,.F.);
#9266=ADVANCED_FACE('',(#9265),#9256,.F.);
#9267=CARTESIAN_POINT('',(-1.24968E1,0.E0,-1.371342321805E-1));
#9268=DIRECTION('',(0.E0,0.E0,1.E0));
#9269=DIRECTION('',(0.E0,-1.E0,0.E0));
#9270=AXIS2_PLACEMENT_3D('',#9267,#9268,#9269);
#9271=CONICAL_SURFACE('',#9270,1.262355424971E0,4.499885754234E1);
#9272=ORIENTED_EDGE('',*,*,#9257,.F.);
#9273=ORIENTED_EDGE('',*,*,#9229,.T.);
#9274=ORIENTED_EDGE('',*,*,#9261,.T.);
#9276=ORIENTED_EDGE('',*,*,#9275,.F.);
#9277=EDGE_LOOP('',(#9272,#9273,#9274,#9276));
#9278=FACE_OUTER_BOUND('',#9277,.F.);
#9279=ADVANCED_FACE('',(#9278),#9271,.F.);
#9280=CARTESIAN_POINT('',(-1.24968E1,0.E0,2.856202501062E1));
#9281=DIRECTION('',(0.E0,0.E0,-1.E0));
#9282=DIRECTION('',(1.E0,0.E0,0.E0));
#9283=AXIS2_PLACEMENT_3D('',#9280,#9281,#9282);
#9284=CYLINDRICAL_SURFACE('',#9283,1.13538E0);
#9285=ORIENTED_EDGE('',*,*,#9275,.T.);
#9287=ORIENTED_EDGE('',*,*,#9286,.T.);
#9289=ORIENTED_EDGE('',*,*,#9288,.T.);
#9291=ORIENTED_EDGE('',*,*,#9290,.F.);
#9292=EDGE_LOOP('',(#9285,#9287,#9289,#9291));
#9293=FACE_OUTER_BOUND('',#9292,.F.);
#9294=ADVANCED_FACE('',(#9293),#9284,.F.);
#9295=CARTESIAN_POINT('',(-1.24968E1,0.E0,2.856202501062E1));
#9296=DIRECTION('',(0.E0,0.E0,-1.E0));
#9297=DIRECTION('',(1.E0,0.E0,0.E0));
#9298=AXIS2_PLACEMENT_3D('',#9295,#9296,#9297);
#9299=CYLINDRICAL_SURFACE('',#9298,1.13538E0);
#9300=ORIENTED_EDGE('',*,*,#9259,.T.);
#9301=ORIENTED_EDGE('',*,*,#9290,.T.);
#9303=ORIENTED_EDGE('',*,*,#9302,.F.);
#9304=ORIENTED_EDGE('',*,*,#9286,.F.);
#9305=EDGE_LOOP('',(#9300,#9301,#9303,#9304));
#9306=FACE_OUTER_BOUND('',#9305,.F.);
#9307=ADVANCED_FACE('',(#9306),#9299,.F.);
#9308=CARTESIAN_POINT('',(-1.24968E1,0.E0,-1.010158E0));
#9309=DIRECTION('',(0.E0,0.E0,-1.E0));
#9310=DIRECTION('',(1.E0,0.E0,0.E0));
#9311=AXIS2_PLACEMENT_3D('',#9308,#9309,#9310);
#9312=PLANE('',#9311);
#9313=ORIENTED_EDGE('',*,*,#9288,.F.);
#9314=ORIENTED_EDGE('',*,*,#9302,.T.);
#9315=EDGE_LOOP('',(#9313,#9314));
#9316=FACE_OUTER_BOUND('',#9315,.F.);
#9317=ADVANCED_FACE('',(#9316),#9312,.F.);
#9318=CARTESIAN_POINT('',(1.24968E1,0.E0,-1.371342321805E-1));
#9319=DIRECTION('',(0.E0,0.E0,1.E0));
#9320=DIRECTION('',(0.E0,-1.E0,0.E0));
#9321=AXIS2_PLACEMENT_3D('',#9318,#9319,#9320);
#9322=CONICAL_SURFACE('',#9321,1.262355424971E0,4.499885754235E1);
#9324=ORIENTED_EDGE('',*,*,#9323,.T.);
#9326=ORIENTED_EDGE('',*,*,#9325,.F.);
#9328=ORIENTED_EDGE('',*,*,#9327,.F.);
#9329=ORIENTED_EDGE('',*,*,#9245,.T.);
#9330=EDGE_LOOP('',(#9324,#9326,#9328,#9329));
#9331=FACE_OUTER_BOUND('',#9330,.F.);
#9332=ADVANCED_FACE('',(#9331),#9322,.F.);
#9333=CARTESIAN_POINT('',(1.24968E1,0.E0,-1.371342321805E-1));
#9334=DIRECTION('',(0.E0,0.E0,1.E0));
#9335=DIRECTION('',(0.E0,-1.E0,0.E0));
#9336=AXIS2_PLACEMENT_3D('',#9333,#9334,#9335);
#9337=CONICAL_SURFACE('',#9336,1.262355424971E0,4.499885754234E1);
#9338=ORIENTED_EDGE('',*,*,#9323,.F.);
#9339=ORIENTED_EDGE('',*,*,#9247,.T.);
#9340=ORIENTED_EDGE('',*,*,#9327,.T.);
#9342=ORIENTED_EDGE('',*,*,#9341,.F.);
#9343=EDGE_LOOP('',(#9338,#9339,#9340,#9342));
#9344=FACE_OUTER_BOUND('',#9343,.F.);
#9345=ADVANCED_FACE('',(#9344),#9337,.F.);
#9346=CARTESIAN_POINT('',(1.24968E1,0.E0,5.207E-1));
#9347=DIRECTION('',(0.E0,0.E0,-1.E0));
#9348=DIRECTION('',(1.E0,0.E0,0.E0));
#9349=AXIS2_PLACEMENT_3D('',#9346,#9347,#9348);
#9350=CYLINDRICAL_SURFACE('',#9349,1.13538E0);
#9351=ORIENTED_EDGE('',*,*,#9341,.T.);
#9353=ORIENTED_EDGE('',*,*,#9352,.F.);
#9355=ORIENTED_EDGE('',*,*,#9354,.T.);
#9357=ORIENTED_EDGE('',*,*,#9356,.T.);
#9358=EDGE_LOOP('',(#9351,#9353,#9355,#9357));
#9359=FACE_OUTER_BOUND('',#9358,.F.);
#9360=ADVANCED_FACE('',(#9359),#9350,.F.);
#9361=CARTESIAN_POINT('',(1.24968E1,0.E0,5.207E-1));
#9362=DIRECTION('',(0.E0,0.E0,-1.E0));
#9363=DIRECTION('',(1.E0,0.E0,0.E0));
#9364=AXIS2_PLACEMENT_3D('',#9361,#9362,#9363);
#9365=CYLINDRICAL_SURFACE('',#9364,1.13538E0);
#9366=ORIENTED_EDGE('',*,*,#9325,.T.);
#9367=ORIENTED_EDGE('',*,*,#9356,.F.);
#9369=ORIENTED_EDGE('',*,*,#9368,.F.);
#9370=ORIENTED_EDGE('',*,*,#9352,.T.);
#9371=EDGE_LOOP('',(#9366,#9367,#9369,#9370));
#9372=FACE_OUTER_BOUND('',#9371,.F.);
#9373=ADVANCED_FACE('',(#9372),#9365,.F.);
#9374=CARTESIAN_POINT('',(1.24968E1,0.E0,-1.010158E0));
#9375=DIRECTION('',(0.E0,0.E0,-1.E0));
#9376=DIRECTION('',(1.E0,0.E0,0.E0));
#9377=AXIS2_PLACEMENT_3D('',#9374,#9375,#9376);
#9378=PLANE('',#9377);
#9379=ORIENTED_EDGE('',*,*,#9368,.T.);
#9380=ORIENTED_EDGE('',*,*,#9354,.F.);
#9381=EDGE_LOOP('',(#9379,#9380));
#9382=FACE_OUTER_BOUND('',#9381,.F.);
#9383=ADVANCED_FACE('',(#9382),#9378,.F.);
#9384=CARTESIAN_POINT('',(1.24968E1,0.E0,-1.371802190384E-1));
#9385=DIRECTION('',(0.E0,0.E0,-1.E0));
#9386=DIRECTION('',(0.E0,-1.E0,0.E0));
#9387=AXIS2_PLACEMENT_3D('',#9384,#9385,#9386);
#9388=CONICAL_SURFACE('',#9387,1.777983197059E0,4.499940348674E1);
#9390=ORIENTED_EDGE('',*,*,#9389,.T.);
#9392=ORIENTED_EDGE('',*,*,#9391,.F.);
#9394=ORIENTED_EDGE('',*,*,#9393,.F.);
#9395=ORIENTED_EDGE('',*,*,#9239,.T.);
#9396=EDGE_LOOP('',(#9390,#9392,#9394,#9395));
#9397=FACE_OUTER_BOUND('',#9396,.F.);
#9398=ADVANCED_FACE('',(#9397),#9388,.T.);
#9399=CARTESIAN_POINT('',(1.24968E1,0.E0,-1.371802190384E-1));
#9400=DIRECTION('',(0.E0,0.E0,-1.E0));
#9401=DIRECTION('',(0.E0,-1.E0,0.E0));
#9402=AXIS2_PLACEMENT_3D('',#9399,#9400,#9401);
#9403=CONICAL_SURFACE('',#9402,1.777983197059E0,4.499940348674E1);
#9404=ORIENTED_EDGE('',*,*,#9389,.F.);
#9405=ORIENTED_EDGE('',*,*,#9241,.T.);
#9406=ORIENTED_EDGE('',*,*,#9393,.T.);
#9408=ORIENTED_EDGE('',*,*,#9407,.F.);
#9409=EDGE_LOOP('',(#9404,#9405,#9406,#9408));
#9410=FACE_OUTER_BOUND('',#9409,.F.);
#9411=ADVANCED_FACE('',(#9410),#9403,.T.);
#9412=CARTESIAN_POINT('',(1.24968E1,0.E0,-5.8928E0));
#9413=DIRECTION('',(0.E0,0.E0,1.E0));
#9414=DIRECTION('',(1.E0,0.E0,0.E0));
#9415=AXIS2_PLACEMENT_3D('',#9412,#9413,#9414);
#9416=CYLINDRICAL_SURFACE('',#9415,1.905E0);
#9417=ORIENTED_EDGE('',*,*,#9407,.T.);
#9419=ORIENTED_EDGE('',*,*,#9418,.F.);
#9420=ORIENTED_EDGE('',*,*,#8877,.F.);
#9422=ORIENTED_EDGE('',*,*,#9421,.T.);
#9423=EDGE_LOOP('',(#9417,#9419,#9420,#9422));
#9424=FACE_OUTER_BOUND('',#9423,.F.);
#9425=ADVANCED_FACE('',(#9424),#9416,.T.);
#9426=CARTESIAN_POINT('',(1.24968E1,0.E0,-5.8928E0));
#9427=DIRECTION('',(0.E0,0.E0,1.E0));
#9428=DIRECTION('',(1.E0,0.E0,0.E0));
#9429=AXIS2_PLACEMENT_3D('',#9426,#9427,#9428);
#9430=CYLINDRICAL_SURFACE('',#9429,1.905E0);
#9431=ORIENTED_EDGE('',*,*,#9391,.T.);
#9432=ORIENTED_EDGE('',*,*,#9421,.F.);
#9433=ORIENTED_EDGE('',*,*,#8879,.F.);
#9434=ORIENTED_EDGE('',*,*,#9418,.T.);
#9435=EDGE_LOOP('',(#9431,#9432,#9433,#9434));
#9436=FACE_OUTER_BOUND('',#9435,.F.);
#9437=ADVANCED_FACE('',(#9436),#9430,.T.);
#9438=CARTESIAN_POINT('',(-1.24968E1,0.E0,-5.8928E0));
#9439=DIRECTION('',(0.E0,0.E0,1.E0));
#9440=DIRECTION('',(1.E0,0.E0,0.E0));
#9441=AXIS2_PLACEMENT_3D('',#9438,#9439,#9440);
#9442=CYLINDRICAL_SURFACE('',#9441,1.905E0);
#9443=ORIENTED_EDGE('',*,*,#9213,.T.);
#9444=ORIENTED_EDGE('',*,*,#9184,.F.);
#9445=ORIENTED_EDGE('',*,*,#8873,.F.);
#9446=ORIENTED_EDGE('',*,*,#9181,.T.);
#9447=EDGE_LOOP('',(#9443,#9444,#9445,#9446));
#9448=FACE_OUTER_BOUND('',#9447,.F.);
#9449=ADVANCED_FACE('',(#9448),#9442,.T.);
#9450=CARTESIAN_POINT('',(1.39446E1,4.699E0,-8.603451380274E0));
#9451=DIRECTION('',(0.E0,0.E0,1.E0));
#9452=DIRECTION('',(1.E0,0.E0,0.E0));
#9453=AXIS2_PLACEMENT_3D('',#9450,#9451,#9452);
#9454=CYLINDRICAL_SURFACE('',#9453,1.5748E0);
#9455=ORIENTED_EDGE('',*,*,#8819,.T.);
#9457=ORIENTED_EDGE('',*,*,#9456,.F.);
#9459=ORIENTED_EDGE('',*,*,#9458,.T.);
#9461=ORIENTED_EDGE('',*,*,#9460,.T.);
#9463=ORIENTED_EDGE('',*,*,#9462,.T.);
#9465=ORIENTED_EDGE('',*,*,#9464,.T.);
#9466=EDGE_LOOP('',(#9455,#9457,#9459,#9461,#9463,#9465));
#9467=FACE_OUTER_BOUND('',#9466,.F.);
#9468=ADVANCED_FACE('',(#9467),#9454,.T.);
#9469=CARTESIAN_POINT('',(-1.55194E1,6.2738E0,-8.54456E0));
#9470=DIRECTION('',(0.E0,1.E0,0.E0));
#9471=DIRECTION('',(0.E0,0.E0,1.E0));
#9472=AXIS2_PLACEMENT_3D('',#9469,#9470,#9471);
#9473=PLANE('',#9472);
#9474=ORIENTED_EDGE('',*,*,#9456,.T.);
#9475=ORIENTED_EDGE('',*,*,#8849,.F.);
#9477=ORIENTED_EDGE('',*,*,#9476,.T.);
#9479=ORIENTED_EDGE('',*,*,#9478,.T.);
#9481=ORIENTED_EDGE('',*,*,#9480,.T.);
#9483=ORIENTED_EDGE('',*,*,#9482,.T.);
#9485=ORIENTED_EDGE('',*,*,#9484,.F.);
#9487=ORIENTED_EDGE('',*,*,#9486,.T.);
#9489=ORIENTED_EDGE('',*,*,#9488,.F.);
#9491=ORIENTED_EDGE('',*,*,#9490,.T.);
#9493=ORIENTED_EDGE('',*,*,#9492,.T.);
#9495=ORIENTED_EDGE('',*,*,#9494,.T.);
#9497=ORIENTED_EDGE('',*,*,#9496,.T.);
#9499=ORIENTED_EDGE('',*,*,#9498,.T.);
#9501=ORIENTED_EDGE('',*,*,#9500,.F.);
#9503=ORIENTED_EDGE('',*,*,#9502,.T.);
#9504=EDGE_LOOP('',(#9474,#9475,#9477,#9479,#9481,#9483,#9485,#9487,#9489,#9491,
#9493,#9495,#9497,#9499,#9501,#9503));
#9505=FACE_OUTER_BOUND('',#9504,.F.);
#9506=ADVANCED_FACE('',(#9505),#9473,.T.);
#9507=CARTESIAN_POINT('',(-1.39446E1,4.699E0,-5.835043797729E0));
#9508=DIRECTION('',(0.E0,0.E0,-1.E0));
#9509=DIRECTION('',(-1.E0,0.E0,0.E0));
#9510=AXIS2_PLACEMENT_3D('',#9507,#9508,#9509);
#9511=CYLINDRICAL_SURFACE('',#9510,1.5748E0);
#9513=ORIENTED_EDGE('',*,*,#9512,.T.);
#9515=ORIENTED_EDGE('',*,*,#9514,.T.);
#9517=ORIENTED_EDGE('',*,*,#9516,.T.);
#9518=ORIENTED_EDGE('',*,*,#9476,.F.);
#9519=ORIENTED_EDGE('',*,*,#8847,.T.);
#9521=ORIENTED_EDGE('',*,*,#9520,.T.);
#9522=EDGE_LOOP('',(#9513,#9515,#9517,#9518,#9519,#9521));
#9523=FACE_OUTER_BOUND('',#9522,.F.);
#9524=ADVANCED_FACE('',(#9523),#9511,.T.);
#9525=CARTESIAN_POINT('',(-1.55194E1,3.302E0,-8.54456E0));
#9526=DIRECTION('',(0.E0,0.E0,-1.E0));
#9527=DIRECTION('',(0.E0,1.E0,0.E0));
#9528=AXIS2_PLACEMENT_3D('',#9525,#9526,#9527);
#9529=PLANE('',#9528);
#9530=ORIENTED_EDGE('',*,*,#9490,.F.);
#9532=ORIENTED_EDGE('',*,*,#9531,.F.);
#9534=ORIENTED_EDGE('',*,*,#9533,.T.);
#9536=ORIENTED_EDGE('',*,*,#9535,.T.);
#9537=EDGE_LOOP('',(#9530,#9532,#9534,#9536));
#9538=FACE_OUTER_BOUND('',#9537,.F.);
#9539=ADVANCED_FACE('',(#9538),#9529,.T.);
#9540=CARTESIAN_POINT('',(-1.55194E1,3.302E0,-8.54456E0));
#9541=DIRECTION('',(0.E0,0.E0,-1.E0));
#9542=DIRECTION('',(0.E0,1.E0,0.E0));
#9543=AXIS2_PLACEMENT_3D('',#9540,#9541,#9542);
#9544=PLANE('',#9543);
#9545=ORIENTED_EDGE('',*,*,#9462,.F.);
#9547=ORIENTED_EDGE('',*,*,#9546,.F.);
#9549=ORIENTED_EDGE('',*,*,#9548,.T.);
#9551=ORIENTED_EDGE('',*,*,#9550,.T.);
#9552=EDGE_LOOP('',(#9545,#9547,#9549,#9551));
#9553=FACE_OUTER_BOUND('',#9552,.F.);
#9554=ADVANCED_FACE('',(#9553),#9544,.T.);
#9555=CARTESIAN_POINT('',(-1.55194E1,3.302E0,-8.54456E0));
#9556=DIRECTION('',(0.E0,0.E0,-1.E0));
#9557=DIRECTION('',(0.E0,1.E0,0.E0));
#9558=AXIS2_PLACEMENT_3D('',#9555,#9556,#9557);
#9559=PLANE('',#9558);
#9560=ORIENTED_EDGE('',*,*,#9512,.F.);
#9562=ORIENTED_EDGE('',*,*,#9561,.F.);
#9564=ORIENTED_EDGE('',*,*,#9563,.T.);
#9566=ORIENTED_EDGE('',*,*,#9565,.T.);
#9567=EDGE_LOOP('',(#9560,#9562,#9564,#9566));
#9568=FACE_OUTER_BOUND('',#9567,.F.);
#9569=ADVANCED_FACE('',(#9568),#9559,.T.);
#9570=CARTESIAN_POINT('',(-1.09093E1,6.2738E0,-7.57936E0));
#9571=DIRECTION('',(1.E0,0.E0,0.E0));
#9572=DIRECTION('',(0.E0,0.E0,-1.E0));
#9573=AXIS2_PLACEMENT_3D('',#9570,#9571,#9572);
#9574=PLANE('',#9573);
#9575=ORIENTED_EDGE('',*,*,#9488,.T.);
#9577=ORIENTED_EDGE('',*,*,#9576,.T.);
#9579=ORIENTED_EDGE('',*,*,#9578,.T.);
#9580=ORIENTED_EDGE('',*,*,#9531,.T.);
#9581=EDGE_LOOP('',(#9575,#9577,#9579,#9580));
#9582=FACE_OUTER_BOUND('',#9581,.F.);
#9583=ADVANCED_FACE('',(#9582),#9574,.F.);
#9584=CARTESIAN_POINT('',(-1.40843E1,6.2738E0,-7.57936E0));
#9585=DIRECTION('',(0.E0,0.E0,1.E0));
#9586=DIRECTION('',(1.E0,0.E0,0.E0));
#9587=AXIS2_PLACEMENT_3D('',#9584,#9585,#9586);
#9588=PLANE('',#9587);
#9589=ORIENTED_EDGE('',*,*,#9516,.F.);
#9591=ORIENTED_EDGE('',*,*,#9590,.T.);
#9593=ORIENTED_EDGE('',*,*,#9592,.T.);
#9594=ORIENTED_EDGE('',*,*,#9576,.F.);
#9595=ORIENTED_EDGE('',*,*,#9486,.F.);
#9597=ORIENTED_EDGE('',*,*,#9596,.T.);
#9599=ORIENTED_EDGE('',*,*,#9598,.T.);
#9601=ORIENTED_EDGE('',*,*,#9600,.F.);
#9602=ORIENTED_EDGE('',*,*,#9478,.F.);
#9603=EDGE_LOOP('',(#9589,#9591,#9593,#9594,#9595,#9597,#9599,#9601,#9602));
#9604=FACE_OUTER_BOUND('',#9603,.F.);
#9605=ADVANCED_FACE('',(#9604),#9588,.F.);
#9606=CARTESIAN_POINT('',(-1.40843E1,6.2738E0,-8.54456E0));
#9607=DIRECTION('',(-1.E0,0.E0,0.E0));
#9608=DIRECTION('',(0.E0,0.E0,1.E0));
#9609=AXIS2_PLACEMENT_3D('',#9606,#9607,#9608);
#9610=PLANE('',#9609);
#9611=ORIENTED_EDGE('',*,*,#9514,.F.);
#9612=ORIENTED_EDGE('',*,*,#9565,.F.);
#9614=ORIENTED_EDGE('',*,*,#9613,.T.);
#9615=ORIENTED_EDGE('',*,*,#9590,.F.);
#9616=EDGE_LOOP('',(#9611,#9612,#9614,#9615));
#9617=FACE_OUTER_BOUND('',#9616,.F.);
#9618=ADVANCED_FACE('',(#9617),#9610,.F.);
#9619=CARTESIAN_POINT('',(-1.55194E1,3.302E0,-1.860296E1));
#9620=DIRECTION('',(0.E0,1.E0,0.E0));
#9621=DIRECTION('',(0.E0,0.E0,1.E0));
#9622=AXIS2_PLACEMENT_3D('',#9619,#9620,#9621);
#9623=PLANE('',#9622);
#9624=ORIENTED_EDGE('',*,*,#9533,.F.);
#9625=ORIENTED_EDGE('',*,*,#9578,.F.);
#9626=ORIENTED_EDGE('',*,*,#9592,.F.);
#9627=ORIENTED_EDGE('',*,*,#9613,.F.);
#9628=ORIENTED_EDGE('',*,*,#9563,.F.);
#9630=ORIENTED_EDGE('',*,*,#9629,.F.);
#9632=ORIENTED_EDGE('',*,*,#9631,.T.);
#9634=ORIENTED_EDGE('',*,*,#9633,.F.);
#9636=ORIENTED_EDGE('',*,*,#9635,.F.);
#9638=ORIENTED_EDGE('',*,*,#9637,.T.);
#9640=ORIENTED_EDGE('',*,*,#9639,.F.);
#9642=ORIENTED_EDGE('',*,*,#9641,.T.);
#9643=ORIENTED_EDGE('',*,*,#9548,.F.);
#9645=ORIENTED_EDGE('',*,*,#9644,.F.);
#9647=ORIENTED_EDGE('',*,*,#9646,.F.);
#9649=ORIENTED_EDGE('',*,*,#9648,.F.);
#9650=EDGE_LOOP('',(#9624,#9625,#9626,#9627,#9628,#9630,#9632,#9634,#9636,#9638,
#9640,#9642,#9643,#9645,#9647,#9649));
#9651=FACE_OUTER_BOUND('',#9650,.F.);
#9652=ADVANCED_FACE('',(#9651),#9623,.T.);
#9653=CARTESIAN_POINT('',(-1.55194E1,0.E0,0.E0));
#9654=DIRECTION('',(1.E0,0.E0,0.E0));
#9655=DIRECTION('',(0.E0,-1.E0,0.E0));
#9656=AXIS2_PLACEMENT_3D('',#9653,#9654,#9655);
#9657=PLANE('',#9656);
#9658=ORIENTED_EDGE('',*,*,#9520,.F.);
#9659=ORIENTED_EDGE('',*,*,#8845,.T.);
#9661=ORIENTED_EDGE('',*,*,#9660,.F.);
#9663=ORIENTED_EDGE('',*,*,#9662,.F.);
#9665=ORIENTED_EDGE('',*,*,#9664,.F.);
#9667=ORIENTED_EDGE('',*,*,#9666,.T.);
#9669=ORIENTED_EDGE('',*,*,#9668,.T.);
#9671=ORIENTED_EDGE('',*,*,#9670,.F.);
#9672=ORIENTED_EDGE('',*,*,#9629,.T.);
#9673=ORIENTED_EDGE('',*,*,#9561,.T.);
#9674=EDGE_LOOP('',(#9658,#9659,#9661,#9663,#9665,#9667,#9669,#9671,#9672,
#9673));
#9675=FACE_OUTER_BOUND('',#9674,.F.);
#9676=ADVANCED_FACE('',(#9675),#9657,.F.);
#9677=CARTESIAN_POINT('',(-1.42494E1,-3.7338E0,-5.8928E0));
#9678=DIRECTION('',(0.E0,0.E0,1.E0));
#9679=DIRECTION('',(1.E0,0.E0,0.E0));
#9680=AXIS2_PLACEMENT_3D('',#9677,#9678,#9679);
#9681=CYLINDRICAL_SURFACE('',#9680,1.27E0);
#9682=ORIENTED_EDGE('',*,*,#9660,.T.);
#9683=ORIENTED_EDGE('',*,*,#8843,.T.);
#9685=ORIENTED_EDGE('',*,*,#9684,.T.);
#9687=ORIENTED_EDGE('',*,*,#9686,.T.);
#9688=EDGE_LOOP('',(#9682,#9683,#9685,#9687));
#9689=FACE_OUTER_BOUND('',#9688,.F.);
#9690=ADVANCED_FACE('',(#9689),#9681,.T.);
#9691=CARTESIAN_POINT('',(-1.42113E1,-5.0038E0,-5.8928E0));
#9692=DIRECTION('',(0.E0,1.E0,0.E0));
#9693=DIRECTION('',(-1.E0,0.E0,0.E0));
#9694=AXIS2_PLACEMENT_3D('',#9691,#9692,#9693);
#9695=PLANE('',#9694);
#9696=ORIENTED_EDGE('',*,*,#8841,.F.);
#9698=ORIENTED_EDGE('',*,*,#9697,.T.);
#9700=ORIENTED_EDGE('',*,*,#9699,.T.);
#9701=ORIENTED_EDGE('',*,*,#9684,.F.);
#9702=EDGE_LOOP('',(#9696,#9698,#9700,#9701));
#9703=FACE_OUTER_BOUND('',#9702,.F.);
#9704=ADVANCED_FACE('',(#9703),#9695,.F.);
#9705=CARTESIAN_POINT('',(-1.42113E1,-5.3086E0,-5.8928E0));
#9706=DIRECTION('',(1.E0,0.E0,0.E0));
#9707=DIRECTION('',(0.E0,1.E0,0.E0));
#9708=AXIS2_PLACEMENT_3D('',#9705,#9706,#9707);
#9709=PLANE('',#9708);
#9711=ORIENTED_EDGE('',*,*,#9710,.F.);
#9713=ORIENTED_EDGE('',*,*,#9712,.T.);
#9714=ORIENTED_EDGE('',*,*,#9697,.F.);
#9715=ORIENTED_EDGE('',*,*,#8839,.F.);
#9716=EDGE_LOOP('',(#9711,#9713,#9714,#9715));
#9717=FACE_OUTER_BOUND('',#9716,.F.);
#9718=ADVANCED_FACE('',(#9717),#9709,.F.);
#9719=CARTESIAN_POINT('',(-1.06553E1,-5.06476E0,-5.8928E0));
#9720=DIRECTION('',(0.E0,1.E0,0.E0));
#9721=DIRECTION('',(0.E0,0.E0,-1.E0));
#9722=AXIS2_PLACEMENT_3D('',#9719,#9720,#9721);
#9723=PLANE('',#9722);
#9724=ORIENTED_EDGE('',*,*,#8837,.F.);
#9726=ORIENTED_EDGE('',*,*,#9725,.T.);
#9728=ORIENTED_EDGE('',*,*,#9727,.T.);
#9730=ORIENTED_EDGE('',*,*,#9729,.F.);
#9732=ORIENTED_EDGE('',*,*,#9731,.F.);
#9733=ORIENTED_EDGE('',*,*,#9710,.T.);
#9734=EDGE_LOOP('',(#9724,#9726,#9728,#9730,#9732,#9733));
#9735=FACE_OUTER_BOUND('',#9734,.F.);
#9736=ADVANCED_FACE('',(#9735),#9723,.F.);
#9737=CARTESIAN_POINT('',(-1.06553E1,-6.2738E0,-1.225296E1));
#9738=DIRECTION('',(1.E0,0.E0,0.E0));
#9739=DIRECTION('',(0.E0,0.E0,1.E0));
#9740=AXIS2_PLACEMENT_3D('',#9737,#9738,#9739);
#9741=PLANE('',#9740);
#9743=ORIENTED_EDGE('',*,*,#9742,.T.);
#9745=ORIENTED_EDGE('',*,*,#9744,.F.);
#9746=ORIENTED_EDGE('',*,*,#9725,.F.);
#9747=ORIENTED_EDGE('',*,*,#8835,.T.);
#9749=ORIENTED_EDGE('',*,*,#9748,.T.);
#9751=ORIENTED_EDGE('',*,*,#9750,.T.);
#9752=EDGE_LOOP('',(#9743,#9745,#9746,#9747,#9749,#9751));
#9753=FACE_OUTER_BOUND('',#9752,.F.);
#9754=ADVANCED_FACE('',(#9753),#9741,.F.);
#9755=CARTESIAN_POINT('',(-1.55194E1,-5.3086E0,0.E0));
#9756=DIRECTION('',(0.E0,-1.E0,0.E0));
#9757=DIRECTION('',(1.E0,0.E0,0.E0));
#9758=AXIS2_PLACEMENT_3D('',#9755,#9756,#9757);
#9759=PLANE('',#9758);
#9761=ORIENTED_EDGE('',*,*,#9760,.F.);
#9763=ORIENTED_EDGE('',*,*,#9762,.T.);
#9765=ORIENTED_EDGE('',*,*,#9764,.F.);
#9767=ORIENTED_EDGE('',*,*,#9766,.F.);
#9769=ORIENTED_EDGE('',*,*,#9768,.T.);
#9771=ORIENTED_EDGE('',*,*,#9770,.T.);
#9773=ORIENTED_EDGE('',*,*,#9772,.T.);
#9775=ORIENTED_EDGE('',*,*,#9774,.T.);
#9777=ORIENTED_EDGE('',*,*,#9776,.T.);
#9778=EDGE_LOOP('',(#9761,#9763,#9765,#9767,#9769,#9771,#9773,#9775,#9777));
#9779=FACE_OUTER_BOUND('',#9778,.F.);
#9780=ADVANCED_FACE('',(#9779),#9759,.T.);
#9781=CARTESIAN_POINT('',(-1.55194E1,-5.3086E0,0.E0));
#9782=DIRECTION('',(0.E0,-1.E0,0.E0));
#9783=DIRECTION('',(1.E0,0.E0,0.E0));
#9784=AXIS2_PLACEMENT_3D('',#9781,#9782,#9783);
#9785=PLANE('',#9784);
#9787=ORIENTED_EDGE('',*,*,#9786,.T.);
#9789=ORIENTED_EDGE('',*,*,#9788,.T.);
#9791=ORIENTED_EDGE('',*,*,#9790,.T.);
#9793=ORIENTED_EDGE('',*,*,#9792,.T.);
#9795=ORIENTED_EDGE('',*,*,#9794,.T.);
#9797=ORIENTED_EDGE('',*,*,#9796,.F.);
#9799=ORIENTED_EDGE('',*,*,#9798,.F.);
#9801=ORIENTED_EDGE('',*,*,#9800,.F.);
#9803=ORIENTED_EDGE('',*,*,#9802,.F.);
#9804=EDGE_LOOP('',(#9787,#9789,#9791,#9793,#9795,#9797,#9799,#9801,#9803));
#9805=FACE_OUTER_BOUND('',#9804,.F.);
#9806=ADVANCED_FACE('',(#9805),#9785,.T.);
#9807=CARTESIAN_POINT('',(-1.55194E1,-5.3086E0,0.E0));
#9808=DIRECTION('',(0.E0,-1.E0,0.E0));
#9809=DIRECTION('',(1.E0,0.E0,0.E0));
#9810=AXIS2_PLACEMENT_3D('',#9807,#9808,#9809);
#9811=PLANE('',#9810);
#9813=ORIENTED_EDGE('',*,*,#9812,.T.);
#9815=ORIENTED_EDGE('',*,*,#9814,.F.);
#9817=ORIENTED_EDGE('',*,*,#9816,.T.);
#9819=ORIENTED_EDGE('',*,*,#9818,.F.);
#9821=ORIENTED_EDGE('',*,*,#9820,.T.);
#9823=ORIENTED_EDGE('',*,*,#9822,.T.);
#9825=ORIENTED_EDGE('',*,*,#9824,.F.);
#9826=ORIENTED_EDGE('',*,*,#9664,.T.);
#9828=ORIENTED_EDGE('',*,*,#9827,.T.);
#9829=EDGE_LOOP('',(#9813,#9815,#9817,#9819,#9821,#9823,#9825,#9826,#9828));
#9830=FACE_OUTER_BOUND('',#9829,.F.);
#9831=ADVANCED_FACE('',(#9830),#9811,.T.);
#9832=CARTESIAN_POINT('',(-1.55194E1,-5.3086E0,0.E0));
#9833=DIRECTION('',(0.E0,-1.E0,0.E0));
#9834=DIRECTION('',(1.E0,0.E0,0.E0));
#9835=AXIS2_PLACEMENT_3D('',#9832,#9833,#9834);
#9836=PLANE('',#9835);
#9838=ORIENTED_EDGE('',*,*,#9837,.F.);
#9839=ORIENTED_EDGE('',*,*,#9742,.F.);
#9841=ORIENTED_EDGE('',*,*,#9840,.F.);
#9843=ORIENTED_EDGE('',*,*,#9842,.F.);
#9845=ORIENTED_EDGE('',*,*,#9844,.F.);
#9847=ORIENTED_EDGE('',*,*,#9846,.T.);
#9849=ORIENTED_EDGE('',*,*,#9848,.T.);
#9851=ORIENTED_EDGE('',*,*,#9850,.T.);
#9853=ORIENTED_EDGE('',*,*,#9852,.T.);
#9854=EDGE_LOOP('',(#9838,#9839,#9841,#9843,#9845,#9847,#9849,#9851,#9853));
#9855=FACE_OUTER_BOUND('',#9854,.F.);
#9856=ADVANCED_FACE('',(#9855),#9836,.T.);
#9857=CARTESIAN_POINT('',(1.43383E1,-5.3086E0,0.E0));
#9858=DIRECTION('',(1.E0,0.E0,0.E0));
#9859=DIRECTION('',(0.E0,1.E0,0.E0));
#9860=AXIS2_PLACEMENT_3D('',#9857,#9858,#9859);
#9861=PLANE('',#9860);
#9862=ORIENTED_EDGE('',*,*,#9760,.T.);
#9864=ORIENTED_EDGE('',*,*,#9863,.T.);
#9866=ORIENTED_EDGE('',*,*,#9865,.T.);
#9868=ORIENTED_EDGE('',*,*,#9867,.F.);
#9869=EDGE_LOOP('',(#9862,#9864,#9866,#9868));
#9870=FACE_OUTER_BOUND('',#9869,.F.);
#9871=ADVANCED_FACE('',(#9870),#9861,.F.);
#9872=CARTESIAN_POINT('',(1.06553E1,-5.72516E0,-1.208041519846E1));
#9873=DIRECTION('',(0.E0,7.071067811865E-1,-7.071067811865E-1));
#9874=DIRECTION('',(0.E0,7.071067811865E-1,7.071067811865E-1));
#9875=AXIS2_PLACEMENT_3D('',#9872,#9873,#9874);
#9876=PLANE('',#9875);
#9877=ORIENTED_EDGE('',*,*,#9786,.F.);
#9879=ORIENTED_EDGE('',*,*,#9878,.T.);
#9881=ORIENTED_EDGE('',*,*,#9880,.T.);
#9882=ORIENTED_EDGE('',*,*,#9863,.F.);
#9883=ORIENTED_EDGE('',*,*,#9776,.F.);
#9885=ORIENTED_EDGE('',*,*,#9884,.T.);
#9887=ORIENTED_EDGE('',*,*,#9886,.F.);
#9889=ORIENTED_EDGE('',*,*,#9888,.F.);
#9890=EDGE_LOOP('',(#9877,#9879,#9881,#9882,#9883,#9885,#9887,#9889));
#9891=FACE_OUTER_BOUND('',#9890,.F.);
#9892=ADVANCED_FACE('',(#9891),#9876,.F.);
#9893=CARTESIAN_POINT('',(1.06553E1,-6.2738E0,-5.8928E0));
#9894=DIRECTION('',(-1.E0,0.E0,0.E0));
#9895=DIRECTION('',(0.E0,0.E0,-1.E0));
#9896=AXIS2_PLACEMENT_3D('',#9893,#9894,#9895);
#9897=PLANE('',#9896);
#9898=ORIENTED_EDGE('',*,*,#8831,.T.);
#9900=ORIENTED_EDGE('',*,*,#9899,.F.);
#9901=ORIENTED_EDGE('',*,*,#9878,.F.);
#9902=ORIENTED_EDGE('',*,*,#9802,.T.);
#9904=ORIENTED_EDGE('',*,*,#9903,.F.);
#9906=ORIENTED_EDGE('',*,*,#9905,.F.);
#9907=EDGE_LOOP('',(#9898,#9900,#9901,#9902,#9904,#9906));
#9908=FACE_OUTER_BOUND('',#9907,.F.);
#9909=ADVANCED_FACE('',(#9908),#9897,.F.);
#9910=CARTESIAN_POINT('',(1.06553E1,-5.06476E0,-1.142001519846E1));
#9911=DIRECTION('',(0.E0,1.E0,0.E0));
#9912=DIRECTION('',(0.E0,0.E0,1.E0));
#9913=AXIS2_PLACEMENT_3D('',#9910,#9911,#9912);
#9914=PLANE('',#9913);
#9915=ORIENTED_EDGE('',*,*,#8829,.T.);
#9917=ORIENTED_EDGE('',*,*,#9916,.F.);
#9919=ORIENTED_EDGE('',*,*,#9918,.T.);
#9920=ORIENTED_EDGE('',*,*,#9865,.F.);
#9921=ORIENTED_EDGE('',*,*,#9880,.F.);
#9922=ORIENTED_EDGE('',*,*,#9899,.T.);
#9923=EDGE_LOOP('',(#9915,#9917,#9919,#9920,#9921,#9922));
#9924=FACE_OUTER_BOUND('',#9923,.F.);
#9925=ADVANCED_FACE('',(#9924),#9914,.F.);
#9926=CARTESIAN_POINT('',(1.42113E1,-5.0038E0,-5.8928E0));
#9927=DIRECTION('',(-1.E0,0.E0,0.E0));
#9928=DIRECTION('',(0.E0,-1.E0,0.E0));
#9929=AXIS2_PLACEMENT_3D('',#9926,#9927,#9928);
#9930=PLANE('',#9929);
#9931=ORIENTED_EDGE('',*,*,#9916,.T.);
#9932=ORIENTED_EDGE('',*,*,#8827,.F.);
#9934=ORIENTED_EDGE('',*,*,#9933,.T.);
#9936=ORIENTED_EDGE('',*,*,#9935,.T.);
#9937=EDGE_LOOP('',(#9931,#9932,#9934,#9936));
#9938=FACE_OUTER_BOUND('',#9937,.F.);
#9939=ADVANCED_FACE('',(#9938),#9930,.F.);
#9940=CARTESIAN_POINT('',(1.42494E1,-5.0038E0,-5.8928E0));
#9941=DIRECTION('',(0.E0,1.E0,0.E0));
#9942=DIRECTION('',(-1.E0,0.E0,0.E0));
#9943=AXIS2_PLACEMENT_3D('',#9940,#9941,#9942);
#9944=PLANE('',#9943);
#9945=ORIENTED_EDGE('',*,*,#8825,.F.);
#9947=ORIENTED_EDGE('',*,*,#9946,.T.);
#9949=ORIENTED_EDGE('',*,*,#9948,.T.);
#9950=ORIENTED_EDGE('',*,*,#9933,.F.);
#9951=EDGE_LOOP('',(#9945,#9947,#9949,#9950));
#9952=FACE_OUTER_BOUND('',#9951,.F.);
#9953=ADVANCED_FACE('',(#9952),#9944,.F.);
#9954=CARTESIAN_POINT('',(1.42494E1,-3.7338E0,-5.8928E0));
#9955=DIRECTION('',(0.E0,0.E0,1.E0));
#9956=DIRECTION('',(1.E0,0.E0,0.E0));
#9957=AXIS2_PLACEMENT_3D('',#9954,#9955,#9956);
#9958=CYLINDRICAL_SURFACE('',#9957,1.27E0);
#9960=ORIENTED_EDGE('',*,*,#9959,.F.);
#9962=ORIENTED_EDGE('',*,*,#9961,.T.);
#9963=ORIENTED_EDGE('',*,*,#9946,.F.);
#9964=ORIENTED_EDGE('',*,*,#8823,.T.);
#9965=EDGE_LOOP('',(#9960,#9962,#9963,#9964));
#9966=FACE_OUTER_BOUND('',#9965,.F.);
#9967=ADVANCED_FACE('',(#9966),#9958,.T.);
#9968=CARTESIAN_POINT('',(1.55194E1,0.E0,0.E0));
#9969=DIRECTION('',(1.E0,0.E0,0.E0));
#9970=DIRECTION('',(0.E0,-1.E0,0.E0));
#9971=AXIS2_PLACEMENT_3D('',#9968,#9969,#9970);
#9972=PLANE('',#9971);
#9973=ORIENTED_EDGE('',*,*,#9464,.F.);
#9974=ORIENTED_EDGE('',*,*,#9550,.F.);
#9975=ORIENTED_EDGE('',*,*,#9641,.F.);
#9977=ORIENTED_EDGE('',*,*,#9976,.T.);
#9979=ORIENTED_EDGE('',*,*,#9978,.F.);
#9981=ORIENTED_EDGE('',*,*,#9980,.F.);
#9982=ORIENTED_EDGE('',*,*,#9764,.T.);
#9984=ORIENTED_EDGE('',*,*,#9983,.T.);
#9985=ORIENTED_EDGE('',*,*,#9959,.T.);
#9986=ORIENTED_EDGE('',*,*,#8821,.F.);
#9987=EDGE_LOOP('',(#9973,#9974,#9975,#9977,#9979,#9981,#9982,#9984,#9985,
#9986));
#9988=FACE_OUTER_BOUND('',#9987,.F.);
#9989=ADVANCED_FACE('',(#9988),#9972,.T.);
#9990=CARTESIAN_POINT('',(1.55194E1,-3.3528E0,-9.73836E0));
#9991=DIRECTION('',(0.E0,0.E0,1.E0));
#9992=DIRECTION('',(-1.E0,0.E0,0.E0));
#9993=AXIS2_PLACEMENT_3D('',#9990,#9991,#9992);
#9994=PLANE('',#9993);
#9996=ORIENTED_EDGE('',*,*,#9995,.F.);
#9998=ORIENTED_EDGE('',*,*,#9997,.F.);
#9999=ORIENTED_EDGE('',*,*,#9976,.F.);
#10000=ORIENTED_EDGE('',*,*,#9639,.T.);
#10001=EDGE_LOOP('',(#9996,#9998,#9999,#10000));
#10002=FACE_OUTER_BOUND('',#10001,.F.);
#10004=ORIENTED_EDGE('',*,*,#10003,.T.);
#10006=ORIENTED_EDGE('',*,*,#10005,.T.);
#10008=ORIENTED_EDGE('',*,*,#10007,.T.);
#10010=ORIENTED_EDGE('',*,*,#10009,.T.);
#10012=ORIENTED_EDGE('',*,*,#10011,.T.);
#10014=ORIENTED_EDGE('',*,*,#10013,.T.);
#10016=ORIENTED_EDGE('',*,*,#10015,.T.);
#10018=ORIENTED_EDGE('',*,*,#10017,.T.);
#10020=ORIENTED_EDGE('',*,*,#10019,.T.);
#10022=ORIENTED_EDGE('',*,*,#10021,.T.);
#10024=ORIENTED_EDGE('',*,*,#10023,.T.);
#10026=ORIENTED_EDGE('',*,*,#10025,.T.);
#10027=EDGE_LOOP('',(#10004,#10006,#10008,#10010,#10012,#10014,#10016,#10018,
#10020,#10022,#10024,#10026));
#10028=FACE_BOUND('',#10027,.F.);
#10029=ADVANCED_FACE('',(#10002,#10028),#9994,.F.);
#10030=CARTESIAN_POINT('',(8.1534E0,-3.3528E0,-9.73836E0));
#10031=DIRECTION('',(-1.E0,0.E0,0.E0));
#10032=DIRECTION('',(0.E0,0.E0,-1.E0));
#10033=AXIS2_PLACEMENT_3D('',#10030,#10031,#10032);
#10034=PLANE('',#10033);
#10036=ORIENTED_EDGE('',*,*,#10035,.T.);
#10038=ORIENTED_EDGE('',*,*,#10037,.F.);
#10039=ORIENTED_EDGE('',*,*,#9995,.T.);
#10040=ORIENTED_EDGE('',*,*,#9637,.F.);
#10041=EDGE_LOOP('',(#10036,#10038,#10039,#10040));
#10042=FACE_OUTER_BOUND('',#10041,.F.);
#10043=ADVANCED_FACE('',(#10042),#10034,.F.);
#10044=CARTESIAN_POINT('',(8.1534E0,3.302E0,-1.758696E1));
#10045=DIRECTION('',(0.E0,0.E0,1.E0));
#10046=DIRECTION('',(-1.E0,0.E0,0.E0));
#10047=AXIS2_PLACEMENT_3D('',#10044,#10045,#10046);
#10048=PLANE('',#10047);
#10050=ORIENTED_EDGE('',*,*,#10049,.F.);
#10052=ORIENTED_EDGE('',*,*,#10051,.F.);
#10054=ORIENTED_EDGE('',*,*,#10053,.F.);
#10056=ORIENTED_EDGE('',*,*,#10055,.F.);
#10058=ORIENTED_EDGE('',*,*,#10057,.F.);
#10059=ORIENTED_EDGE('',*,*,#10035,.F.);
#10060=ORIENTED_EDGE('',*,*,#9635,.T.);
#10062=ORIENTED_EDGE('',*,*,#10061,.T.);
#10063=EDGE_LOOP('',(#10050,#10052,#10054,#10056,#10058,#10059,#10060,#10062));
#10064=FACE_OUTER_BOUND('',#10063,.F.);
#10065=ADVANCED_FACE('',(#10064),#10048,.F.);
#10066=CARTESIAN_POINT('',(-1.55194E1,-3.3528E0,0.E0));
#10067=DIRECTION('',(0.E0,-1.E0,0.E0));
#10068=DIRECTION('',(0.E0,0.E0,-1.E0));
#10069=AXIS2_PLACEMENT_3D('',#10066,#10067,#10068);
#10070=PLANE('',#10069);
#10072=ORIENTED_EDGE('',*,*,#10071,.F.);
#10074=ORIENTED_EDGE('',*,*,#10073,.T.);
#10075=ORIENTED_EDGE('',*,*,#9978,.T.);
#10076=ORIENTED_EDGE('',*,*,#9997,.T.);
#10077=ORIENTED_EDGE('',*,*,#10037,.T.);
#10078=ORIENTED_EDGE('',*,*,#10057,.T.);
#10079=EDGE_LOOP('',(#10072,#10074,#10075,#10076,#10077,#10078));
#10080=FACE_OUTER_BOUND('',#10079,.F.);
#10082=ORIENTED_EDGE('',*,*,#10081,.T.);
#10084=ORIENTED_EDGE('',*,*,#10083,.T.);
#10085=EDGE_LOOP('',(#10082,#10084));
#10086=FACE_BOUND('',#10085,.F.);
#10087=ADVANCED_FACE('',(#10080,#10086),#10070,.F.);
#10088=CARTESIAN_POINT('',(-1.55194E1,-3.3528E0,0.E0));
#10089=DIRECTION('',(0.E0,-1.E0,0.E0));
#10090=DIRECTION('',(0.E0,0.E0,-1.E0));
#10091=AXIS2_PLACEMENT_3D('',#10088,#10089,#10090);
#10092=PLANE('',#10091);
#10094=ORIENTED_EDGE('',*,*,#10093,.T.);
#10095=ORIENTED_EDGE('',*,*,#10049,.T.);
#10097=ORIENTED_EDGE('',*,*,#10096,.T.);
#10099=ORIENTED_EDGE('',*,*,#10098,.T.);
#10100=ORIENTED_EDGE('',*,*,#9668,.F.);
#10102=ORIENTED_EDGE('',*,*,#10101,.T.);
#10103=EDGE_LOOP('',(#10094,#10095,#10097,#10099,#10100,#10102));
#10104=FACE_OUTER_BOUND('',#10103,.F.);
#10106=ORIENTED_EDGE('',*,*,#10105,.T.);
#10108=ORIENTED_EDGE('',*,*,#10107,.T.);
#10109=EDGE_LOOP('',(#10106,#10108));
#10110=FACE_BOUND('',#10109,.F.);
#10111=ADVANCED_FACE('',(#10104,#10110),#10092,.F.);
#10112=CARTESIAN_POINT('',(-1.55194E1,-3.3528E0,0.E0));
#10113=DIRECTION('',(0.E0,-1.E0,0.E0));
#10114=DIRECTION('',(0.E0,0.E0,-1.E0));
#10115=AXIS2_PLACEMENT_3D('',#10112,#10113,#10114);
#10116=PLANE('',#10115);
#10118=ORIENTED_EDGE('',*,*,#10117,.F.);
#10120=ORIENTED_EDGE('',*,*,#10119,.F.);
#10122=ORIENTED_EDGE('',*,*,#10121,.F.);
#10124=ORIENTED_EDGE('',*,*,#10123,.F.);
#10125=EDGE_LOOP('',(#10118,#10120,#10122,#10124));
#10126=FACE_OUTER_BOUND('',#10125,.F.);
#10127=ADVANCED_FACE('',(#10126),#10116,.F.);
#10128=CARTESIAN_POINT('',(-1.55194E1,-3.3528E0,0.E0));
#10129=DIRECTION('',(0.E0,-1.E0,0.E0));
#10130=DIRECTION('',(0.E0,0.E0,-1.E0));
#10131=AXIS2_PLACEMENT_3D('',#10128,#10129,#10130);
#10132=PLANE('',#10131);
#10134=ORIENTED_EDGE('',*,*,#10133,.F.);
#10136=ORIENTED_EDGE('',*,*,#10135,.F.);
#10138=ORIENTED_EDGE('',*,*,#10137,.F.);
#10140=ORIENTED_EDGE('',*,*,#10139,.F.);
#10141=EDGE_LOOP('',(#10134,#10136,#10138,#10140));
#10142=FACE_OUTER_BOUND('',#10141,.F.);
#10143=ADVANCED_FACE('',(#10142),#10132,.F.);
#10144=CARTESIAN_POINT('',(-1.55194E1,-3.3528E0,0.E0));
#10145=DIRECTION('',(0.E0,-1.E0,0.E0));
#10146=DIRECTION('',(0.E0,0.E0,-1.E0));
#10147=AXIS2_PLACEMENT_3D('',#10144,#10145,#10146);
#10148=PLANE('',#10147);
#10150=ORIENTED_EDGE('',*,*,#10149,.F.);
#10152=ORIENTED_EDGE('',*,*,#10151,.F.);
#10154=ORIENTED_EDGE('',*,*,#10153,.F.);
#10156=ORIENTED_EDGE('',*,*,#10155,.F.);
#10157=EDGE_LOOP('',(#10150,#10152,#10154,#10156));
#10158=FACE_OUTER_BOUND('',#10157,.F.);
#10159=ADVANCED_FACE('',(#10158),#10148,.F.);
#10160=CARTESIAN_POINT('',(-1.55194E1,-3.3528E0,0.E0));
#10161=DIRECTION('',(0.E0,-1.E0,0.E0));
#10162=DIRECTION('',(0.E0,0.E0,-1.E0));
#10163=AXIS2_PLACEMENT_3D('',#10160,#10161,#10162);
#10164=PLANE('',#10163);
#10166=ORIENTED_EDGE('',*,*,#10165,.F.);
#10168=ORIENTED_EDGE('',*,*,#10167,.F.);
#10170=ORIENTED_EDGE('',*,*,#10169,.F.);
#10172=ORIENTED_EDGE('',*,*,#10171,.F.);
#10173=EDGE_LOOP('',(#10166,#10168,#10170,#10172));
#10174=FACE_OUTER_BOUND('',#10173,.F.);
#10175=ADVANCED_FACE('',(#10174),#10164,.F.);
#10176=CARTESIAN_POINT('',(-1.55194E1,-3.3528E0,0.E0));
#10177=DIRECTION('',(0.E0,-1.E0,0.E0));
#10178=DIRECTION('',(0.E0,0.E0,-1.E0));
#10179=AXIS2_PLACEMENT_3D('',#10176,#10177,#10178);
#10180=PLANE('',#10179);
#10182=ORIENTED_EDGE('',*,*,#10181,.F.);
#10184=ORIENTED_EDGE('',*,*,#10183,.T.);
#10186=ORIENTED_EDGE('',*,*,#10185,.F.);
#10188=ORIENTED_EDGE('',*,*,#10187,.T.);
#10190=ORIENTED_EDGE('',*,*,#10189,.F.);
#10192=ORIENTED_EDGE('',*,*,#10191,.T.);
#10194=ORIENTED_EDGE('',*,*,#10193,.F.);
#10196=ORIENTED_EDGE('',*,*,#10195,.T.);
#10197=EDGE_LOOP('',(#10182,#10184,#10186,#10188,#10190,#10192,#10194,#10196));
#10198=FACE_OUTER_BOUND('',#10197,.F.);
#10199=ADVANCED_FACE('',(#10198),#10180,.F.);
#10200=CARTESIAN_POINT('',(-1.55194E1,-3.3528E0,0.E0));
#10201=DIRECTION('',(0.E0,-1.E0,0.E0));
#10202=DIRECTION('',(0.E0,0.E0,-1.E0));
#10203=AXIS2_PLACEMENT_3D('',#10200,#10201,#10202);
#10204=PLANE('',#10203);
#10206=ORIENTED_EDGE('',*,*,#10205,.F.);
#10208=ORIENTED_EDGE('',*,*,#10207,.F.);
#10210=ORIENTED_EDGE('',*,*,#10209,.F.);
#10212=ORIENTED_EDGE('',*,*,#10211,.F.);
#10213=EDGE_LOOP('',(#10206,#10208,#10210,#10212));
#10214=FACE_OUTER_BOUND('',#10213,.F.);
#10215=ADVANCED_FACE('',(#10214),#10204,.F.);
#10216=CARTESIAN_POINT('',(-1.55194E1,-3.3528E0,0.E0));
#10217=DIRECTION('',(0.E0,-1.E0,0.E0));
#10218=DIRECTION('',(0.E0,0.E0,-1.E0));
#10219=AXIS2_PLACEMENT_3D('',#10216,#10217,#10218);
#10220=PLANE('',#10219);
#10222=ORIENTED_EDGE('',*,*,#10221,.F.);
#10224=ORIENTED_EDGE('',*,*,#10223,.F.);
#10226=ORIENTED_EDGE('',*,*,#10225,.F.);
#10228=ORIENTED_EDGE('',*,*,#10227,.F.);
#10229=EDGE_LOOP('',(#10222,#10224,#10226,#10228));
#10230=FACE_OUTER_BOUND('',#10229,.F.);
#10231=ADVANCED_FACE('',(#10230),#10220,.F.);
#10232=CARTESIAN_POINT('',(-1.55194E1,-3.3528E0,0.E0));
#10233=DIRECTION('',(0.E0,-1.E0,0.E0));
#10234=DIRECTION('',(0.E0,0.E0,-1.E0));
#10235=AXIS2_PLACEMENT_3D('',#10232,#10233,#10234);
#10236=PLANE('',#10235);
#10238=ORIENTED_EDGE('',*,*,#10237,.F.);
#10240=ORIENTED_EDGE('',*,*,#10239,.F.);
#10242=ORIENTED_EDGE('',*,*,#10241,.F.);
#10244=ORIENTED_EDGE('',*,*,#10243,.F.);
#10245=EDGE_LOOP('',(#10238,#10240,#10242,#10244));
#10246=FACE_OUTER_BOUND('',#10245,.F.);
#10247=ADVANCED_FACE('',(#10246),#10236,.F.);
#10248=CARTESIAN_POINT('',(-1.55194E1,-3.3528E0,0.E0));
#10249=DIRECTION('',(0.E0,-1.E0,0.E0));
#10250=DIRECTION('',(0.E0,0.E0,-1.E0));
#10251=AXIS2_PLACEMENT_3D('',#10248,#10249,#10250);
#10252=PLANE('',#10251);
#10254=ORIENTED_EDGE('',*,*,#10253,.F.);
#10256=ORIENTED_EDGE('',*,*,#10255,.F.);
#10258=ORIENTED_EDGE('',*,*,#10257,.F.);
#10260=ORIENTED_EDGE('',*,*,#10259,.F.);
#10261=EDGE_LOOP('',(#10254,#10256,#10258,#10260));
#10262=FACE_OUTER_BOUND('',#10261,.F.);
#10263=ADVANCED_FACE('',(#10262),#10252,.F.);
#10264=CARTESIAN_POINT('',(-1.55194E1,-3.3528E0,0.E0));
#10265=DIRECTION('',(0.E0,-1.E0,0.E0));
#10266=DIRECTION('',(0.E0,0.E0,-1.E0));
#10267=AXIS2_PLACEMENT_3D('',#10264,#10265,#10266);
#10268=PLANE('',#10267);
#10270=ORIENTED_EDGE('',*,*,#10269,.T.);
#10272=ORIENTED_EDGE('',*,*,#10271,.F.);
#10274=ORIENTED_EDGE('',*,*,#10273,.T.);
#10276=ORIENTED_EDGE('',*,*,#10275,.F.);
#10278=ORIENTED_EDGE('',*,*,#10277,.T.);
#10280=ORIENTED_EDGE('',*,*,#10279,.F.);
#10282=ORIENTED_EDGE('',*,*,#10281,.T.);
#10284=ORIENTED_EDGE('',*,*,#10283,.F.);
#10285=EDGE_LOOP('',(#10270,#10272,#10274,#10276,#10278,#10280,#10282,#10284));
#10286=FACE_OUTER_BOUND('',#10285,.F.);
#10287=ADVANCED_FACE('',(#10286),#10268,.F.);
#10288=CARTESIAN_POINT('',(7.8994E0,-6.2738E0,-6.30936E0));
#10289=DIRECTION('',(1.E0,0.E0,0.E0));
#10290=DIRECTION('',(0.E0,1.E0,0.E0));
#10291=AXIS2_PLACEMENT_3D('',#10288,#10289,#10290);
#10292=PLANE('',#10291);
#10294=ORIENTED_EDGE('',*,*,#10293,.T.);
#10295=ORIENTED_EDGE('',*,*,#10071,.T.);
#10296=ORIENTED_EDGE('',*,*,#10055,.T.);
#10298=ORIENTED_EDGE('',*,*,#10297,.F.);
#10300=ORIENTED_EDGE('',*,*,#10299,.F.);
#10302=ORIENTED_EDGE('',*,*,#10301,.T.);
#10303=EDGE_LOOP('',(#10294,#10295,#10296,#10298,#10300,#10302));
#10304=FACE_OUTER_BOUND('',#10303,.F.);
#10305=ADVANCED_FACE('',(#10304),#10292,.F.);
#10306=CARTESIAN_POINT('',(-1.55194E1,-6.2738E0,-1.860296E1));
#10307=DIRECTION('',(0.E0,0.E0,-1.E0));
#10308=DIRECTION('',(0.E0,1.E0,0.E0));
#10309=AXIS2_PLACEMENT_3D('',#10306,#10307,#10308);
#10310=PLANE('',#10309);
#10311=ORIENTED_EDGE('',*,*,#9824,.T.);
#10313=ORIENTED_EDGE('',*,*,#10312,.T.);
#10315=ORIENTED_EDGE('',*,*,#10314,.T.);
#10317=ORIENTED_EDGE('',*,*,#10316,.F.);
#10318=ORIENTED_EDGE('',*,*,#9844,.T.);
#10320=ORIENTED_EDGE('',*,*,#10319,.F.);
#10322=ORIENTED_EDGE('',*,*,#10321,.T.);
#10324=ORIENTED_EDGE('',*,*,#10323,.F.);
#10325=ORIENTED_EDGE('',*,*,#10101,.F.);
#10326=ORIENTED_EDGE('',*,*,#9666,.F.);
#10327=EDGE_LOOP('',(#10311,#10313,#10315,#10317,#10318,#10320,#10322,#10324,
#10325,#10326));
#10328=FACE_OUTER_BOUND('',#10327,.F.);
#10329=ADVANCED_FACE('',(#10328),#10310,.T.);
#10330=CARTESIAN_POINT('',(-1.55194E1,-6.2738E0,-1.860296E1));
#10331=DIRECTION('',(0.E0,0.E0,-1.E0));
#10332=DIRECTION('',(0.E0,1.E0,0.E0));
#10333=AXIS2_PLACEMENT_3D('',#10330,#10331,#10332);
#10334=PLANE('',#10333);
#10335=ORIENTED_EDGE('',*,*,#9796,.T.);
#10337=ORIENTED_EDGE('',*,*,#10336,.T.);
#10339=ORIENTED_EDGE('',*,*,#10338,.T.);
#10341=ORIENTED_EDGE('',*,*,#10340,.F.);
#10342=ORIENTED_EDGE('',*,*,#9766,.T.);
#10343=ORIENTED_EDGE('',*,*,#9980,.T.);
#10344=ORIENTED_EDGE('',*,*,#10073,.F.);
#10345=ORIENTED_EDGE('',*,*,#10293,.F.);
#10347=ORIENTED_EDGE('',*,*,#10346,.T.);
#10349=ORIENTED_EDGE('',*,*,#10348,.T.);
#10350=EDGE_LOOP('',(#10335,#10337,#10339,#10341,#10342,#10343,#10344,#10345,
#10347,#10349));
#10351=FACE_OUTER_BOUND('',#10350,.F.);
#10352=ADVANCED_FACE('',(#10351),#10334,.T.);
#10353=CARTESIAN_POINT('',(-1.3843E1,-5.3086E0,-1.702816E1));
#10354=DIRECTION('',(0.E0,-1.E0,0.E0));
#10355=DIRECTION('',(1.E0,0.E0,0.E0));
#10356=AXIS2_PLACEMENT_3D('',#10353,#10354,#10355);
#10357=CYLINDRICAL_SURFACE('',#10356,1.5748E0);
#10358=ORIENTED_EDGE('',*,*,#9822,.F.);
#10360=ORIENTED_EDGE('',*,*,#10359,.T.);
#10362=ORIENTED_EDGE('',*,*,#10361,.T.);
#10363=ORIENTED_EDGE('',*,*,#10312,.F.);
#10364=EDGE_LOOP('',(#10358,#10360,#10362,#10363));
#10365=FACE_OUTER_BOUND('',#10364,.F.);
#10366=ADVANCED_FACE('',(#10365),#10357,.T.);
#10367=CARTESIAN_POINT('',(-1.54178E1,-5.3086E0,-1.276096E1));
#10368=DIRECTION('',(-1.E0,0.E0,0.E0));
#10369=DIRECTION('',(0.E0,0.E0,-1.E0));
#10370=AXIS2_PLACEMENT_3D('',#10367,#10368,#10369);
#10371=PLANE('',#10370);
#10373=ORIENTED_EDGE('',*,*,#10372,.T.);
#10375=ORIENTED_EDGE('',*,*,#10374,.T.);
#10376=ORIENTED_EDGE('',*,*,#10359,.F.);
#10377=ORIENTED_EDGE('',*,*,#9820,.F.);
#10378=EDGE_LOOP('',(#10373,#10375,#10376,#10377));
#10379=FACE_OUTER_BOUND('',#10378,.F.);
#10380=ADVANCED_FACE('',(#10379),#10371,.T.);
#10381=CARTESIAN_POINT('',(-1.42113E1,-5.3086E0,-1.276096E1));
#10382=DIRECTION('',(0.E0,0.E0,1.E0));
#10383=DIRECTION('',(-1.E0,0.E0,0.E0));
#10384=AXIS2_PLACEMENT_3D('',#10381,#10382,#10383);
#10385=PLANE('',#10384);
#10386=ORIENTED_EDGE('',*,*,#9818,.T.);
#10388=ORIENTED_EDGE('',*,*,#10387,.T.);
#10390=ORIENTED_EDGE('',*,*,#10389,.T.);
#10391=ORIENTED_EDGE('',*,*,#10372,.F.);
#10392=EDGE_LOOP('',(#10386,#10388,#10390,#10391));
#10393=FACE_OUTER_BOUND('',#10392,.F.);
#10394=ADVANCED_FACE('',(#10393),#10385,.T.);
#10395=CARTESIAN_POINT('',(-1.42113E1,-5.3086E0,-1.128776E1));
#10396=DIRECTION('',(-1.E0,0.E0,0.E0));
#10397=DIRECTION('',(0.E0,0.E0,-1.E0));
#10398=AXIS2_PLACEMENT_3D('',#10395,#10396,#10397);
#10399=PLANE('',#10398);
#10401=ORIENTED_EDGE('',*,*,#10400,.T.);
#10403=ORIENTED_EDGE('',*,*,#10402,.T.);
#10404=ORIENTED_EDGE('',*,*,#10387,.F.);
#10405=ORIENTED_EDGE('',*,*,#9816,.F.);
#10406=EDGE_LOOP('',(#10401,#10403,#10404,#10405));
#10407=FACE_OUTER_BOUND('',#10406,.F.);
#10408=ADVANCED_FACE('',(#10407),#10399,.T.);
#10409=CARTESIAN_POINT('',(-1.06553E1,-5.06476E0,-1.142001519846E1));
#10410=DIRECTION('',(0.E0,7.071067811865E-1,-7.071067811865E-1));
#10411=DIRECTION('',(0.E0,-7.071067811865E-1,-7.071067811865E-1));
#10412=AXIS2_PLACEMENT_3D('',#10409,#10410,#10411);
#10413=PLANE('',#10412);
#10414=ORIENTED_EDGE('',*,*,#9837,.T.);
#10416=ORIENTED_EDGE('',*,*,#10415,.T.);
#10418=ORIENTED_EDGE('',*,*,#10417,.T.);
#10419=ORIENTED_EDGE('',*,*,#10400,.F.);
#10420=ORIENTED_EDGE('',*,*,#9814,.T.);
#10422=ORIENTED_EDGE('',*,*,#10421,.F.);
#10423=ORIENTED_EDGE('',*,*,#9727,.F.);
#10424=ORIENTED_EDGE('',*,*,#9744,.T.);
#10425=EDGE_LOOP('',(#10414,#10416,#10418,#10419,#10420,#10422,#10423,#10424));
#10426=FACE_OUTER_BOUND('',#10425,.F.);
#10427=ADVANCED_FACE('',(#10426),#10413,.F.);
#10428=CARTESIAN_POINT('',(-1.07823E1,-5.3086E0,-1.276096E1));
#10429=DIRECTION('',(1.E0,0.E0,0.E0));
#10430=DIRECTION('',(0.E0,0.E0,1.E0));
#10431=AXIS2_PLACEMENT_3D('',#10428,#10429,#10430);
#10432=PLANE('',#10431);
#10433=ORIENTED_EDGE('',*,*,#10415,.F.);
#10434=ORIENTED_EDGE('',*,*,#9852,.F.);
#10436=ORIENTED_EDGE('',*,*,#10435,.T.);
#10438=ORIENTED_EDGE('',*,*,#10437,.T.);
#10439=EDGE_LOOP('',(#10433,#10434,#10436,#10438));
#10440=FACE_OUTER_BOUND('',#10439,.F.);
#10441=ADVANCED_FACE('',(#10440),#10432,.T.);
#10442=CARTESIAN_POINT('',(-9.5758E0,-5.3086E0,-1.276096E1));
#10443=DIRECTION('',(0.E0,0.E0,1.E0));
#10444=DIRECTION('',(-1.E0,0.E0,0.E0));
#10445=AXIS2_PLACEMENT_3D('',#10442,#10443,#10444);
#10446=PLANE('',#10445);
#10447=ORIENTED_EDGE('',*,*,#9850,.F.);
#10449=ORIENTED_EDGE('',*,*,#10448,.T.);
#10451=ORIENTED_EDGE('',*,*,#10450,.T.);
#10452=ORIENTED_EDGE('',*,*,#10435,.F.);
#10453=EDGE_LOOP('',(#10447,#10449,#10451,#10452));
#10454=FACE_OUTER_BOUND('',#10453,.F.);
#10455=ADVANCED_FACE('',(#10454),#10446,.T.);
#10456=CARTESIAN_POINT('',(-9.5758E0,-5.3086E0,-1.702816E1));
#10457=DIRECTION('',(1.E0,0.E0,0.E0));
#10458=DIRECTION('',(0.E0,0.E0,1.E0));
#10459=AXIS2_PLACEMENT_3D('',#10456,#10457,#10458);
#10460=PLANE('',#10459);
#10461=ORIENTED_EDGE('',*,*,#9848,.F.);
#10463=ORIENTED_EDGE('',*,*,#10462,.T.);
#10465=ORIENTED_EDGE('',*,*,#10464,.T.);
#10466=ORIENTED_EDGE('',*,*,#10448,.F.);
#10467=EDGE_LOOP('',(#10461,#10463,#10465,#10466));
#10468=FACE_OUTER_BOUND('',#10467,.F.);
#10469=ADVANCED_FACE('',(#10468),#10460,.T.);
#10470=CARTESIAN_POINT('',(-1.11506E1,-5.3086E0,-1.702816E1));
#10471=DIRECTION('',(0.E0,-1.E0,0.E0));
#10472=DIRECTION('',(1.E0,0.E0,0.E0));
#10473=AXIS2_PLACEMENT_3D('',#10470,#10471,#10472);
#10474=CYLINDRICAL_SURFACE('',#10473,1.5748E0);
#10475=ORIENTED_EDGE('',*,*,#9846,.F.);
#10476=ORIENTED_EDGE('',*,*,#10316,.T.);
#10478=ORIENTED_EDGE('',*,*,#10477,.T.);
#10479=ORIENTED_EDGE('',*,*,#10462,.F.);
#10480=EDGE_LOOP('',(#10475,#10476,#10478,#10479));
#10481=FACE_OUTER_BOUND('',#10480,.F.);
#10482=ADVANCED_FACE('',(#10481),#10474,.T.);
#10483=CARTESIAN_POINT('',(-1.55194E1,-5.72516E0,0.E0));
#10484=DIRECTION('',(0.E0,-1.E0,0.E0));
#10485=DIRECTION('',(1.E0,0.E0,0.E0));
#10486=AXIS2_PLACEMENT_3D('',#10483,#10484,#10485);
#10487=PLANE('',#10486);
#10488=ORIENTED_EDGE('',*,*,#9886,.T.);
#10490=ORIENTED_EDGE('',*,*,#10489,.F.);
#10492=ORIENTED_EDGE('',*,*,#10491,.F.);
#10494=ORIENTED_EDGE('',*,*,#10493,.F.);
#10496=ORIENTED_EDGE('',*,*,#10495,.F.);
#10497=ORIENTED_EDGE('',*,*,#10338,.F.);
#10499=ORIENTED_EDGE('',*,*,#10498,.F.);
#10501=ORIENTED_EDGE('',*,*,#10500,.F.);
#10503=ORIENTED_EDGE('',*,*,#10502,.F.);
#10505=ORIENTED_EDGE('',*,*,#10504,.F.);
#10506=EDGE_LOOP('',(#10488,#10490,#10492,#10494,#10496,#10497,#10499,#10501,
#10503,#10505));
#10507=FACE_OUTER_BOUND('',#10506,.F.);
#10509=ORIENTED_EDGE('',*,*,#10508,.T.);
#10511=ORIENTED_EDGE('',*,*,#10510,.T.);
#10512=EDGE_LOOP('',(#10509,#10511));
#10513=FACE_BOUND('',#10512,.F.);
#10514=ADVANCED_FACE('',(#10507,#10513),#10487,.T.);
#10515=CARTESIAN_POINT('',(-1.55194E1,-5.72516E0,0.E0));
#10516=DIRECTION('',(0.E0,-1.E0,0.E0));
#10517=DIRECTION('',(1.E0,0.E0,0.E0));
#10518=AXIS2_PLACEMENT_3D('',#10515,#10516,#10517);
#10519=PLANE('',#10518);
#10520=ORIENTED_EDGE('',*,*,#10417,.F.);
#10521=ORIENTED_EDGE('',*,*,#10437,.F.);
#10522=ORIENTED_EDGE('',*,*,#10450,.F.);
#10523=ORIENTED_EDGE('',*,*,#10464,.F.);
#10524=ORIENTED_EDGE('',*,*,#10477,.F.);
#10525=ORIENTED_EDGE('',*,*,#10314,.F.);
#10526=ORIENTED_EDGE('',*,*,#10361,.F.);
#10527=ORIENTED_EDGE('',*,*,#10374,.F.);
#10528=ORIENTED_EDGE('',*,*,#10389,.F.);
#10529=ORIENTED_EDGE('',*,*,#10402,.F.);
#10530=EDGE_LOOP('',(#10520,#10521,#10522,#10523,#10524,#10525,#10526,#10527,
#10528,#10529));
#10531=FACE_OUTER_BOUND('',#10530,.F.);
#10533=ORIENTED_EDGE('',*,*,#10532,.T.);
#10535=ORIENTED_EDGE('',*,*,#10534,.T.);
#10536=EDGE_LOOP('',(#10533,#10535));
#10537=FACE_BOUND('',#10536,.F.);
#10538=ADVANCED_FACE('',(#10531,#10537),#10519,.T.);
#10539=CARTESIAN_POINT('',(-1.55194E1,-5.72516E0,0.E0));
#10540=DIRECTION('',(0.E0,-1.E0,0.E0));
#10541=DIRECTION('',(1.E0,0.E0,0.E0));
#10542=AXIS2_PLACEMENT_3D('',#10539,#10540,#10541);
#10543=PLANE('',#10542);
#10545=ORIENTED_EDGE('',*,*,#10544,.F.);
#10547=ORIENTED_EDGE('',*,*,#10546,.F.);
#10548=EDGE_LOOP('',(#10545,#10547));
#10549=FACE_OUTER_BOUND('',#10548,.F.);
#10551=ORIENTED_EDGE('',*,*,#10550,.T.);
#10553=ORIENTED_EDGE('',*,*,#10552,.T.);
#10555=ORIENTED_EDGE('',*,*,#10554,.F.);
#10557=ORIENTED_EDGE('',*,*,#10556,.F.);
#10558=EDGE_LOOP('',(#10551,#10553,#10555,#10557));
#10559=FACE_BOUND('',#10558,.F.);
#10561=ORIENTED_EDGE('',*,*,#10560,.T.);
#10563=ORIENTED_EDGE('',*,*,#10562,.T.);
#10565=ORIENTED_EDGE('',*,*,#10564,.F.);
#10567=ORIENTED_EDGE('',*,*,#10566,.F.);
#10568=EDGE_LOOP('',(#10561,#10563,#10565,#10567));
#10569=FACE_BOUND('',#10568,.F.);
#10571=ORIENTED_EDGE('',*,*,#10570,.T.);
#10573=ORIENTED_EDGE('',*,*,#10572,.F.);
#10575=ORIENTED_EDGE('',*,*,#10574,.F.);
#10577=ORIENTED_EDGE('',*,*,#10576,.T.);
#10578=EDGE_LOOP('',(#10571,#10573,#10575,#10577));
#10579=FACE_BOUND('',#10578,.F.);
#10581=ORIENTED_EDGE('',*,*,#10580,.T.);
#10583=ORIENTED_EDGE('',*,*,#10582,.F.);
#10585=ORIENTED_EDGE('',*,*,#10584,.F.);
#10587=ORIENTED_EDGE('',*,*,#10586,.T.);
#10588=EDGE_LOOP('',(#10581,#10583,#10585,#10587));
#10589=FACE_BOUND('',#10588,.F.);
#10590=ADVANCED_FACE('',(#10549,#10559,#10569,#10579,#10589),#10543,.T.);
#10591=CARTESIAN_POINT('',(-1.55194E1,-5.72516E0,0.E0));
#10592=DIRECTION('',(0.E0,-1.E0,0.E0));
#10593=DIRECTION('',(1.E0,0.E0,0.E0));
#10594=AXIS2_PLACEMENT_3D('',#10591,#10592,#10593);
#10595=PLANE('',#10594);
#10597=ORIENTED_EDGE('',*,*,#10596,.F.);
#10599=ORIENTED_EDGE('',*,*,#10598,.F.);
#10600=EDGE_LOOP('',(#10597,#10599));
#10601=FACE_OUTER_BOUND('',#10600,.F.);
#10603=ORIENTED_EDGE('',*,*,#10602,.T.);
#10605=ORIENTED_EDGE('',*,*,#10604,.T.);
#10607=ORIENTED_EDGE('',*,*,#10606,.F.);
#10609=ORIENTED_EDGE('',*,*,#10608,.F.);
#10610=EDGE_LOOP('',(#10603,#10605,#10607,#10609));
#10611=FACE_BOUND('',#10610,.F.);
#10613=ORIENTED_EDGE('',*,*,#10612,.T.);
#10615=ORIENTED_EDGE('',*,*,#10614,.T.);
#10617=ORIENTED_EDGE('',*,*,#10616,.F.);
#10619=ORIENTED_EDGE('',*,*,#10618,.F.);
#10620=EDGE_LOOP('',(#10613,#10615,#10617,#10619));
#10621=FACE_BOUND('',#10620,.F.);
#10623=ORIENTED_EDGE('',*,*,#10622,.T.);
#10625=ORIENTED_EDGE('',*,*,#10624,.T.);
#10627=ORIENTED_EDGE('',*,*,#10626,.F.);
#10629=ORIENTED_EDGE('',*,*,#10628,.F.);
#10630=EDGE_LOOP('',(#10623,#10625,#10627,#10629));
#10631=FACE_BOUND('',#10630,.F.);
#10633=ORIENTED_EDGE('',*,*,#10632,.T.);
#10635=ORIENTED_EDGE('',*,*,#10634,.T.);
#10637=ORIENTED_EDGE('',*,*,#10636,.F.);
#10639=ORIENTED_EDGE('',*,*,#10638,.F.);
#10640=EDGE_LOOP('',(#10633,#10635,#10637,#10639));
#10641=FACE_BOUND('',#10640,.F.);
#10642=ADVANCED_FACE('',(#10601,#10611,#10621,#10631,#10641),#10595,.T.);
#10643=CARTESIAN_POINT('',(1.42113E1,-5.3086E0,-1.276096E1));
#10644=DIRECTION('',(1.E0,0.E0,0.E0));
#10645=DIRECTION('',(0.E0,0.E0,1.E0));
#10646=AXIS2_PLACEMENT_3D('',#10643,#10644,#10645);
#10647=PLANE('',#10646);
#10648=ORIENTED_EDGE('',*,*,#9884,.F.);
#10649=ORIENTED_EDGE('',*,*,#9774,.F.);
#10651=ORIENTED_EDGE('',*,*,#10650,.T.);
#10652=ORIENTED_EDGE('',*,*,#10489,.T.);
#10653=EDGE_LOOP('',(#10648,#10649,#10651,#10652));
#10654=FACE_OUTER_BOUND('',#10653,.F.);
#10655=ADVANCED_FACE('',(#10654),#10647,.T.);
#10656=CARTESIAN_POINT('',(1.54178E1,-5.3086E0,-1.276096E1));
#10657=DIRECTION('',(0.E0,0.E0,1.E0));
#10658=DIRECTION('',(-1.E0,0.E0,0.E0));
#10659=AXIS2_PLACEMENT_3D('',#10656,#10657,#10658);
#10660=PLANE('',#10659);
#10661=ORIENTED_EDGE('',*,*,#9772,.F.);
#10663=ORIENTED_EDGE('',*,*,#10662,.T.);
#10664=ORIENTED_EDGE('',*,*,#10491,.T.);
#10665=ORIENTED_EDGE('',*,*,#10650,.F.);
#10666=EDGE_LOOP('',(#10661,#10663,#10664,#10665));
#10667=FACE_OUTER_BOUND('',#10666,.F.);
#10668=ADVANCED_FACE('',(#10667),#10660,.T.);
#10669=CARTESIAN_POINT('',(1.54178E1,-5.3086E0,-1.702816E1));
#10670=DIRECTION('',(1.E0,0.E0,0.E0));
#10671=DIRECTION('',(0.E0,0.E0,1.E0));
#10672=AXIS2_PLACEMENT_3D('',#10669,#10670,#10671);
#10673=PLANE('',#10672);
#10674=ORIENTED_EDGE('',*,*,#9770,.F.);
#10676=ORIENTED_EDGE('',*,*,#10675,.T.);
#10677=ORIENTED_EDGE('',*,*,#10493,.T.);
#10678=ORIENTED_EDGE('',*,*,#10662,.F.);
#10679=EDGE_LOOP('',(#10674,#10676,#10677,#10678));
#10680=FACE_OUTER_BOUND('',#10679,.F.);
#10681=ADVANCED_FACE('',(#10680),#10673,.T.);
#10682=CARTESIAN_POINT('',(1.3843E1,-5.3086E0,-1.702816E1));
#10683=DIRECTION('',(0.E0,-1.E0,0.E0));
#10684=DIRECTION('',(1.E0,0.E0,0.E0));
#10685=AXIS2_PLACEMENT_3D('',#10682,#10683,#10684);
#10686=CYLINDRICAL_SURFACE('',#10685,1.5748E0);
#10687=ORIENTED_EDGE('',*,*,#9768,.F.);
#10688=ORIENTED_EDGE('',*,*,#10340,.T.);
#10689=ORIENTED_EDGE('',*,*,#10495,.T.);
#10690=ORIENTED_EDGE('',*,*,#10675,.F.);
#10691=EDGE_LOOP('',(#10687,#10688,#10689,#10690));
#10692=FACE_OUTER_BOUND('',#10691,.F.);
#10693=ADVANCED_FACE('',(#10692),#10686,.T.);
#10694=CARTESIAN_POINT('',(1.11506E1,-5.3086E0,-1.702816E1));
#10695=DIRECTION('',(0.E0,-1.E0,0.E0));
#10696=DIRECTION('',(1.E0,0.E0,0.E0));
#10697=AXIS2_PLACEMENT_3D('',#10694,#10695,#10696);
#10698=CYLINDRICAL_SURFACE('',#10697,1.5748E0);
#10699=ORIENTED_EDGE('',*,*,#9794,.F.);
#10701=ORIENTED_EDGE('',*,*,#10700,.T.);
#10702=ORIENTED_EDGE('',*,*,#10498,.T.);
#10703=ORIENTED_EDGE('',*,*,#10336,.F.);
#10704=EDGE_LOOP('',(#10699,#10701,#10702,#10703));
#10705=FACE_OUTER_BOUND('',#10704,.F.);
#10706=ADVANCED_FACE('',(#10705),#10698,.T.);
#10707=CARTESIAN_POINT('',(9.5758E0,-5.3086E0,-1.276096E1));
#10708=DIRECTION('',(-1.E0,0.E0,0.E0));
#10709=DIRECTION('',(0.E0,0.E0,-1.E0));
#10710=AXIS2_PLACEMENT_3D('',#10707,#10708,#10709);
#10711=PLANE('',#10710);
#10712=ORIENTED_EDGE('',*,*,#9792,.F.);
#10714=ORIENTED_EDGE('',*,*,#10713,.T.);
#10715=ORIENTED_EDGE('',*,*,#10500,.T.);
#10716=ORIENTED_EDGE('',*,*,#10700,.F.);
#10717=EDGE_LOOP('',(#10712,#10714,#10715,#10716));
#10718=FACE_OUTER_BOUND('',#10717,.F.);
#10719=ADVANCED_FACE('',(#10718),#10711,.T.);
#10720=CARTESIAN_POINT('',(1.07823E1,-5.3086E0,-1.276096E1));
#10721=DIRECTION('',(0.E0,0.E0,1.E0));
#10722=DIRECTION('',(-1.E0,0.E0,0.E0));
#10723=AXIS2_PLACEMENT_3D('',#10720,#10721,#10722);
#10724=PLANE('',#10723);
#10725=ORIENTED_EDGE('',*,*,#9790,.F.);
#10727=ORIENTED_EDGE('',*,*,#10726,.T.);
#10728=ORIENTED_EDGE('',*,*,#10502,.T.);
#10729=ORIENTED_EDGE('',*,*,#10713,.F.);
#10730=EDGE_LOOP('',(#10725,#10727,#10728,#10729));
#10731=FACE_OUTER_BOUND('',#10730,.F.);
#10732=ADVANCED_FACE('',(#10731),#10724,.T.);
#10733=CARTESIAN_POINT('',(1.07823E1,-5.3086E0,-1.128776E1));
#10734=DIRECTION('',(-1.E0,0.E0,0.E0));
#10735=DIRECTION('',(0.E0,0.E0,-1.E0));
#10736=AXIS2_PLACEMENT_3D('',#10733,#10734,#10735);
#10737=PLANE('',#10736);
#10738=ORIENTED_EDGE('',*,*,#9888,.T.);
#10739=ORIENTED_EDGE('',*,*,#10504,.T.);
#10740=ORIENTED_EDGE('',*,*,#10726,.F.);
#10741=ORIENTED_EDGE('',*,*,#9788,.F.);
#10742=EDGE_LOOP('',(#10738,#10739,#10740,#10741));
#10743=FACE_OUTER_BOUND('',#10742,.F.);
#10744=ADVANCED_FACE('',(#10743),#10737,.T.);
#10745=CARTESIAN_POINT('',(-1.24968E1,-5.72516E0,-1.540256E1));
#10746=DIRECTION('',(0.E0,-1.E0,0.E0));
#10747=DIRECTION('',(1.E0,0.E0,0.E0));
#10748=AXIS2_PLACEMENT_3D('',#10745,#10746,#10747);
#10749=CYLINDRICAL_SURFACE('',#10748,1.5494E0);
#10750=ORIENTED_EDGE('',*,*,#10544,.T.);
#10752=ORIENTED_EDGE('',*,*,#10751,.T.);
#10754=ORIENTED_EDGE('',*,*,#10753,.T.);
#10756=ORIENTED_EDGE('',*,*,#10755,.F.);
#10757=EDGE_LOOP('',(#10750,#10752,#10754,#10756));
#10758=FACE_OUTER_BOUND('',#10757,.F.);
#10759=ADVANCED_FACE('',(#10758),#10749,.F.);
#10760=CARTESIAN_POINT('',(-1.24968E1,-5.72516E0,-1.540256E1));
#10761=DIRECTION('',(0.E0,-1.E0,0.E0));
#10762=DIRECTION('',(1.E0,0.E0,0.E0));
#10763=AXIS2_PLACEMENT_3D('',#10760,#10761,#10762);
#10764=CYLINDRICAL_SURFACE('',#10763,1.5494E0);
#10765=ORIENTED_EDGE('',*,*,#10546,.T.);
#10766=ORIENTED_EDGE('',*,*,#10755,.T.);
#10768=ORIENTED_EDGE('',*,*,#10767,.T.);
#10769=ORIENTED_EDGE('',*,*,#10751,.F.);
#10770=EDGE_LOOP('',(#10765,#10766,#10768,#10769));
#10771=FACE_OUTER_BOUND('',#10770,.F.);
#10772=ADVANCED_FACE('',(#10771),#10764,.F.);
#10773=CARTESIAN_POINT('',(-1.55194E1,-5.97916E0,0.E0));
#10774=DIRECTION('',(0.E0,-1.E0,0.E0));
#10775=DIRECTION('',(1.E0,0.E0,0.E0));
#10776=AXIS2_PLACEMENT_3D('',#10773,#10774,#10775);
#10777=PLANE('',#10776);
#10779=ORIENTED_EDGE('',*,*,#10778,.F.);
#10781=ORIENTED_EDGE('',*,*,#10780,.F.);
#10782=EDGE_LOOP('',(#10779,#10781));
#10783=FACE_OUTER_BOUND('',#10782,.F.);
#10784=ORIENTED_EDGE('',*,*,#10753,.F.);
#10785=ORIENTED_EDGE('',*,*,#10767,.F.);
#10786=EDGE_LOOP('',(#10784,#10785));
#10787=FACE_BOUND('',#10786,.F.);
#10788=ADVANCED_FACE('',(#10783,#10787),#10777,.T.);
#10789=CARTESIAN_POINT('',(-1.55194E1,-5.97916E0,0.E0));
#10790=DIRECTION('',(0.E0,-1.E0,0.E0));
#10791=DIRECTION('',(1.E0,0.E0,0.E0));
#10792=AXIS2_PLACEMENT_3D('',#10789,#10790,#10791);
#10793=PLANE('',#10792);
#10795=ORIENTED_EDGE('',*,*,#10794,.F.);
#10797=ORIENTED_EDGE('',*,*,#10796,.F.);
#10798=EDGE_LOOP('',(#10795,#10797));
#10799=FACE_OUTER_BOUND('',#10798,.F.);
#10801=ORIENTED_EDGE('',*,*,#10800,.F.);
#10803=ORIENTED_EDGE('',*,*,#10802,.F.);
#10804=EDGE_LOOP('',(#10801,#10803));
#10805=FACE_BOUND('',#10804,.F.);
#10806=ADVANCED_FACE('',(#10799,#10805),#10793,.T.);
#10807=CARTESIAN_POINT('',(-1.24968E1,-5.72516E0,-1.540256E1));
#10808=DIRECTION('',(0.E0,-1.E0,0.E0));
#10809=DIRECTION('',(1.E0,0.E0,0.E0));
#10810=AXIS2_PLACEMENT_3D('',#10807,#10808,#10809);
#10811=CYLINDRICAL_SURFACE('',#10810,2.83845E0);
#10812=ORIENTED_EDGE('',*,*,#10532,.F.);
#10814=ORIENTED_EDGE('',*,*,#10813,.T.);
#10815=ORIENTED_EDGE('',*,*,#10778,.T.);
#10817=ORIENTED_EDGE('',*,*,#10816,.F.);
#10818=EDGE_LOOP('',(#10812,#10814,#10815,#10817));
#10819=FACE_OUTER_BOUND('',#10818,.F.);
#10820=ADVANCED_FACE('',(#10819),#10811,.T.);
#10821=CARTESIAN_POINT('',(-1.24968E1,-5.72516E0,-1.540256E1));
#10822=DIRECTION('',(0.E0,-1.E0,0.E0));
#10823=DIRECTION('',(1.E0,0.E0,0.E0));
#10824=AXIS2_PLACEMENT_3D('',#10821,#10822,#10823);
#10825=CYLINDRICAL_SURFACE('',#10824,2.83845E0);
#10826=ORIENTED_EDGE('',*,*,#10534,.F.);
#10827=ORIENTED_EDGE('',*,*,#10816,.T.);
#10828=ORIENTED_EDGE('',*,*,#10780,.T.);
#10829=ORIENTED_EDGE('',*,*,#10813,.F.);
#10830=EDGE_LOOP('',(#10826,#10827,#10828,#10829));
#10831=FACE_OUTER_BOUND('',#10830,.F.);
#10832=ADVANCED_FACE('',(#10831),#10825,.T.);
#10833=CARTESIAN_POINT('',(1.24968E1,-5.72516E0,-1.540256E1));
#10834=DIRECTION('',(0.E0,-1.E0,0.E0));
#10835=DIRECTION('',(1.E0,0.E0,0.E0));
#10836=AXIS2_PLACEMENT_3D('',#10833,#10834,#10835);
#10837=CYLINDRICAL_SURFACE('',#10836,1.5494E0);
#10838=ORIENTED_EDGE('',*,*,#10596,.T.);
#10840=ORIENTED_EDGE('',*,*,#10839,.T.);
#10841=ORIENTED_EDGE('',*,*,#10800,.T.);
#10843=ORIENTED_EDGE('',*,*,#10842,.F.);
#10844=EDGE_LOOP('',(#10838,#10840,#10841,#10843));
#10845=FACE_OUTER_BOUND('',#10844,.F.);
#10846=ADVANCED_FACE('',(#10845),#10837,.F.);
#10847=CARTESIAN_POINT('',(1.24968E1,-5.72516E0,-1.540256E1));
#10848=DIRECTION('',(0.E0,-1.E0,0.E0));
#10849=DIRECTION('',(1.E0,0.E0,0.E0));
#10850=AXIS2_PLACEMENT_3D('',#10847,#10848,#10849);
#10851=CYLINDRICAL_SURFACE('',#10850,1.5494E0);
#10852=ORIENTED_EDGE('',*,*,#10598,.T.);
#10853=ORIENTED_EDGE('',*,*,#10842,.T.);
#10854=ORIENTED_EDGE('',*,*,#10802,.T.);
#10855=ORIENTED_EDGE('',*,*,#10839,.F.);
#10856=EDGE_LOOP('',(#10852,#10853,#10854,#10855));
#10857=FACE_OUTER_BOUND('',#10856,.F.);
#10858=ADVANCED_FACE('',(#10857),#10851,.F.);
#10859=CARTESIAN_POINT('',(1.24968E1,-5.72516E0,-1.540256E1));
#10860=DIRECTION('',(0.E0,-1.E0,0.E0));
#10861=DIRECTION('',(1.E0,0.E0,0.E0));
#10862=AXIS2_PLACEMENT_3D('',#10859,#10860,#10861);
#10863=CYLINDRICAL_SURFACE('',#10862,2.83845E0);
#10864=ORIENTED_EDGE('',*,*,#10508,.F.);
#10866=ORIENTED_EDGE('',*,*,#10865,.T.);
#10867=ORIENTED_EDGE('',*,*,#10794,.T.);
#10869=ORIENTED_EDGE('',*,*,#10868,.F.);
#10870=EDGE_LOOP('',(#10864,#10866,#10867,#10869));
#10871=FACE_OUTER_BOUND('',#10870,.F.);
#10872=ADVANCED_FACE('',(#10871),#10863,.T.);
#10873=CARTESIAN_POINT('',(1.24968E1,-5.72516E0,-1.540256E1));
#10874=DIRECTION('',(0.E0,-1.E0,0.E0));
#10875=DIRECTION('',(1.E0,0.E0,0.E0));
#10876=AXIS2_PLACEMENT_3D('',#10873,#10874,#10875);
#10877=CYLINDRICAL_SURFACE('',#10876,2.83845E0);
#10878=ORIENTED_EDGE('',*,*,#10510,.F.);
#10879=ORIENTED_EDGE('',*,*,#10868,.T.);
#10880=ORIENTED_EDGE('',*,*,#10796,.T.);
#10881=ORIENTED_EDGE('',*,*,#10865,.F.);
#10882=EDGE_LOOP('',(#10878,#10879,#10880,#10881));
#10883=FACE_OUTER_BOUND('',#10882,.F.);
#10884=ADVANCED_FACE('',(#10883),#10877,.T.);
#10885=CARTESIAN_POINT('',(1.24968E1,0.E0,-1.469136E1));
#10886=DIRECTION('',(0.E0,0.E0,-1.E0));
#10887=DIRECTION('',(-1.E0,0.E0,0.E0));
#10888=AXIS2_PLACEMENT_3D('',#10885,#10886,#10887);
#10889=PLANE('',#10888);
#10890=ORIENTED_EDGE('',*,*,#10602,.F.);
#10892=ORIENTED_EDGE('',*,*,#10891,.T.);
#10894=ORIENTED_EDGE('',*,*,#10893,.T.);
#10896=ORIENTED_EDGE('',*,*,#10895,.T.);
#10898=ORIENTED_EDGE('',*,*,#10897,.T.);
#10900=ORIENTED_EDGE('',*,*,#10899,.T.);
#10902=ORIENTED_EDGE('',*,*,#10901,.T.);
#10904=ORIENTED_EDGE('',*,*,#10903,.T.);
#10906=ORIENTED_EDGE('',*,*,#10905,.T.);
#10908=ORIENTED_EDGE('',*,*,#10907,.T.);
#10910=ORIENTED_EDGE('',*,*,#10909,.T.);
#10912=ORIENTED_EDGE('',*,*,#10911,.T.);
#10914=ORIENTED_EDGE('',*,*,#10913,.T.);
#10915=EDGE_LOOP('',(#10890,#10892,#10894,#10896,#10898,#10900,#10902,#10904,
#10906,#10908,#10910,#10912,#10914));
#10916=FACE_OUTER_BOUND('',#10915,.F.);
#10917=ADVANCED_FACE('',(#10916),#10889,.F.);
#10918=CARTESIAN_POINT('',(1.24968E1,0.E0,-1.469136E1));
#10919=DIRECTION('',(0.E0,0.E0,-1.E0));
#10920=DIRECTION('',(-1.E0,0.E0,0.E0));
#10921=AXIS2_PLACEMENT_3D('',#10918,#10919,#10920);
#10922=PLANE('',#10921);
#10923=ORIENTED_EDGE('',*,*,#10612,.F.);
#10925=ORIENTED_EDGE('',*,*,#10924,.T.);
#10927=ORIENTED_EDGE('',*,*,#10926,.T.);
#10929=ORIENTED_EDGE('',*,*,#10928,.T.);
#10931=ORIENTED_EDGE('',*,*,#10930,.T.);
#10933=ORIENTED_EDGE('',*,*,#10932,.T.);
#10935=ORIENTED_EDGE('',*,*,#10934,.T.);
#10937=ORIENTED_EDGE('',*,*,#10936,.T.);
#10939=ORIENTED_EDGE('',*,*,#10938,.T.);
#10941=ORIENTED_EDGE('',*,*,#10940,.T.);
#10943=ORIENTED_EDGE('',*,*,#10942,.T.);
#10945=ORIENTED_EDGE('',*,*,#10944,.T.);
#10947=ORIENTED_EDGE('',*,*,#10946,.T.);
#10948=EDGE_LOOP('',(#10923,#10925,#10927,#10929,#10931,#10933,#10935,#10937,
#10939,#10941,#10943,#10945,#10947));
#10949=FACE_OUTER_BOUND('',#10948,.F.);
#10950=ADVANCED_FACE('',(#10949),#10922,.F.);
#10951=CARTESIAN_POINT('',(1.24968E1,0.E0,-1.469136E1));
#10952=DIRECTION('',(0.E0,0.E0,-1.E0));
#10953=DIRECTION('',(-1.E0,0.E0,0.E0));
#10954=AXIS2_PLACEMENT_3D('',#10951,#10952,#10953);
#10955=PLANE('',#10954);
#10956=ORIENTED_EDGE('',*,*,#10550,.F.);
#10958=ORIENTED_EDGE('',*,*,#10957,.T.);
#10960=ORIENTED_EDGE('',*,*,#10959,.T.);
#10962=ORIENTED_EDGE('',*,*,#10961,.T.);
#10964=ORIENTED_EDGE('',*,*,#10963,.T.);
#10966=ORIENTED_EDGE('',*,*,#10965,.T.);
#10968=ORIENTED_EDGE('',*,*,#10967,.T.);
#10970=ORIENTED_EDGE('',*,*,#10969,.T.);
#10972=ORIENTED_EDGE('',*,*,#10971,.T.);
#10974=ORIENTED_EDGE('',*,*,#10973,.T.);
#10976=ORIENTED_EDGE('',*,*,#10975,.T.);
#10978=ORIENTED_EDGE('',*,*,#10977,.T.);
#10980=ORIENTED_EDGE('',*,*,#10979,.T.);
#10981=EDGE_LOOP('',(#10956,#10958,#10960,#10962,#10964,#10966,#10968,#10970,
#10972,#10974,#10976,#10978,#10980));
#10982=FACE_OUTER_BOUND('',#10981,.F.);
#10983=ADVANCED_FACE('',(#10982),#10955,.F.);
#10984=CARTESIAN_POINT('',(1.24968E1,0.E0,-1.469136E1));
#10985=DIRECTION('',(0.E0,0.E0,-1.E0));
#10986=DIRECTION('',(-1.E0,0.E0,0.E0));
#10987=AXIS2_PLACEMENT_3D('',#10984,#10985,#10986);
#10988=PLANE('',#10987);
#10989=ORIENTED_EDGE('',*,*,#10560,.F.);
#10991=ORIENTED_EDGE('',*,*,#10990,.T.);
#10993=ORIENTED_EDGE('',*,*,#10992,.T.);
#10995=ORIENTED_EDGE('',*,*,#10994,.T.);
#10997=ORIENTED_EDGE('',*,*,#10996,.T.);
#10999=ORIENTED_EDGE('',*,*,#10998,.T.);
#11001=ORIENTED_EDGE('',*,*,#11000,.T.);
#11003=ORIENTED_EDGE('',*,*,#11002,.T.);
#11005=ORIENTED_EDGE('',*,*,#11004,.T.);
#11007=ORIENTED_EDGE('',*,*,#11006,.T.);
#11009=ORIENTED_EDGE('',*,*,#11008,.T.);
#11011=ORIENTED_EDGE('',*,*,#11010,.T.);
#11013=ORIENTED_EDGE('',*,*,#11012,.T.);
#11014=EDGE_LOOP('',(#10989,#10991,#10993,#10995,#10997,#10999,#11001,#11003,
#11005,#11007,#11009,#11011,#11013));
#11015=FACE_OUTER_BOUND('',#11014,.F.);
#11016=ADVANCED_FACE('',(#11015),#10988,.F.);
#11017=CARTESIAN_POINT('',(1.38303E1,-5.72516E0,-1.469136E1));
#11018=DIRECTION('',(1.E0,0.E0,0.E0));
#11019=DIRECTION('',(0.E0,-1.E0,0.E0));
#11020=AXIS2_PLACEMENT_3D('',#11017,#11018,#11019);
#11021=PLANE('',#11020);
#11022=ORIENTED_EDGE('',*,*,#10608,.T.);
#11024=ORIENTED_EDGE('',*,*,#11023,.T.);
#11026=ORIENTED_EDGE('',*,*,#11025,.F.);
#11027=ORIENTED_EDGE('',*,*,#10891,.F.);
#11028=EDGE_LOOP('',(#11022,#11024,#11026,#11027));
#11029=FACE_OUTER_BOUND('',#11028,.F.);
#11030=ADVANCED_FACE('',(#11029),#11021,.T.);
#11031=CARTESIAN_POINT('',(1.24968E1,0.E0,-1.611376E1));
#11032=DIRECTION('',(0.E0,0.E0,-1.E0));
#11033=DIRECTION('',(-1.E0,0.E0,0.E0));
#11034=AXIS2_PLACEMENT_3D('',#11031,#11032,#11033);
#11035=PLANE('',#11034);
#11036=ORIENTED_EDGE('',*,*,#10606,.T.);
#11038=ORIENTED_EDGE('',*,*,#11037,.F.);
#11040=ORIENTED_EDGE('',*,*,#11039,.F.);
#11042=ORIENTED_EDGE('',*,*,#11041,.F.);
#11044=ORIENTED_EDGE('',*,*,#11043,.F.);
#11046=ORIENTED_EDGE('',*,*,#11045,.F.);
#11048=ORIENTED_EDGE('',*,*,#11047,.F.);
#11050=ORIENTED_EDGE('',*,*,#11049,.F.);
#11052=ORIENTED_EDGE('',*,*,#11051,.F.);
#11054=ORIENTED_EDGE('',*,*,#11053,.F.);
#11056=ORIENTED_EDGE('',*,*,#11055,.F.);
#11058=ORIENTED_EDGE('',*,*,#11057,.F.);
#11059=ORIENTED_EDGE('',*,*,#11023,.F.);
#11060=EDGE_LOOP('',(#11036,#11038,#11040,#11042,#11044,#11046,#11048,#11050,
#11052,#11054,#11056,#11058,#11059));
#11061=FACE_OUTER_BOUND('',#11060,.F.);
#11062=ADVANCED_FACE('',(#11061),#11035,.T.);
#11063=CARTESIAN_POINT('',(1.24968E1,0.E0,-1.611376E1));
#11064=DIRECTION('',(0.E0,0.E0,-1.E0));
#11065=DIRECTION('',(-1.E0,0.E0,0.E0));
#11066=AXIS2_PLACEMENT_3D('',#11063,#11064,#11065);
#11067=PLANE('',#11066);
#11068=ORIENTED_EDGE('',*,*,#10616,.T.);
#11070=ORIENTED_EDGE('',*,*,#11069,.F.);
#11072=ORIENTED_EDGE('',*,*,#11071,.F.);
#11074=ORIENTED_EDGE('',*,*,#11073,.F.);
#11076=ORIENTED_EDGE('',*,*,#11075,.F.);
#11078=ORIENTED_EDGE('',*,*,#11077,.F.);
#11080=ORIENTED_EDGE('',*,*,#11079,.F.);
#11082=ORIENTED_EDGE('',*,*,#11081,.F.);
#11084=ORIENTED_EDGE('',*,*,#11083,.F.);
#11086=ORIENTED_EDGE('',*,*,#11085,.F.);
#11088=ORIENTED_EDGE('',*,*,#11087,.F.);
#11090=ORIENTED_EDGE('',*,*,#11089,.F.);
#11092=ORIENTED_EDGE('',*,*,#11091,.F.);
#11093=EDGE_LOOP('',(#11068,#11070,#11072,#11074,#11076,#11078,#11080,#11082,
#11084,#11086,#11088,#11090,#11092));
#11094=FACE_OUTER_BOUND('',#11093,.F.);
#11095=ADVANCED_FACE('',(#11094),#11067,.T.);
#11096=CARTESIAN_POINT('',(1.24968E1,0.E0,-1.611376E1));
#11097=DIRECTION('',(0.E0,0.E0,-1.E0));
#11098=DIRECTION('',(-1.E0,0.E0,0.E0));
#11099=AXIS2_PLACEMENT_3D('',#11096,#11097,#11098);
#11100=PLANE('',#11099);
#11101=ORIENTED_EDGE('',*,*,#10554,.T.);
#11103=ORIENTED_EDGE('',*,*,#11102,.F.);
#11105=ORIENTED_EDGE('',*,*,#11104,.F.);
#11107=ORIENTED_EDGE('',*,*,#11106,.F.);
#11109=ORIENTED_EDGE('',*,*,#11108,.F.);
#11111=ORIENTED_EDGE('',*,*,#11110,.F.);
#11113=ORIENTED_EDGE('',*,*,#11112,.F.);
#11115=ORIENTED_EDGE('',*,*,#11114,.F.);
#11117=ORIENTED_EDGE('',*,*,#11116,.F.);
#11119=ORIENTED_EDGE('',*,*,#11118,.F.);
#11121=ORIENTED_EDGE('',*,*,#11120,.F.);
#11123=ORIENTED_EDGE('',*,*,#11122,.F.);
#11125=ORIENTED_EDGE('',*,*,#11124,.F.);
#11126=EDGE_LOOP('',(#11101,#11103,#11105,#11107,#11109,#11111,#11113,#11115,
#11117,#11119,#11121,#11123,#11125));
#11127=FACE_OUTER_BOUND('',#11126,.F.);
#11128=ADVANCED_FACE('',(#11127),#11100,.T.);
#11129=CARTESIAN_POINT('',(1.24968E1,0.E0,-1.611376E1));
#11130=DIRECTION('',(0.E0,0.E0,-1.E0));
#11131=DIRECTION('',(-1.E0,0.E0,0.E0));
#11132=AXIS2_PLACEMENT_3D('',#11129,#11130,#11131);
#11133=PLANE('',#11132);
#11134=ORIENTED_EDGE('',*,*,#10564,.T.);
#11136=ORIENTED_EDGE('',*,*,#11135,.F.);
#11138=ORIENTED_EDGE('',*,*,#11137,.F.);
#11140=ORIENTED_EDGE('',*,*,#11139,.F.);
#11142=ORIENTED_EDGE('',*,*,#11141,.F.);
#11144=ORIENTED_EDGE('',*,*,#11143,.F.);
#11146=ORIENTED_EDGE('',*,*,#11145,.F.);
#11148=ORIENTED_EDGE('',*,*,#11147,.F.);
#11150=ORIENTED_EDGE('',*,*,#11149,.F.);
#11152=ORIENTED_EDGE('',*,*,#11151,.F.);
#11154=ORIENTED_EDGE('',*,*,#11153,.F.);
#11156=ORIENTED_EDGE('',*,*,#11155,.F.);
#11158=ORIENTED_EDGE('',*,*,#11157,.F.);
#11159=EDGE_LOOP('',(#11134,#11136,#11138,#11140,#11142,#11144,#11146,#11148,
#11150,#11152,#11154,#11156,#11158));
#11160=FACE_OUTER_BOUND('',#11159,.F.);
#11161=ADVANCED_FACE('',(#11160),#11133,.T.);
#11162=CARTESIAN_POINT('',(1.351026E1,-7.366E0,-1.469136E1));
#11163=DIRECTION('',(-1.E0,0.E0,0.E0));
#11164=DIRECTION('',(0.E0,1.E0,0.E0));
#11165=AXIS2_PLACEMENT_3D('',#11162,#11163,#11164);
#11166=PLANE('',#11165);
#11167=ORIENTED_EDGE('',*,*,#10604,.F.);
#11168=ORIENTED_EDGE('',*,*,#10913,.F.);
#11170=ORIENTED_EDGE('',*,*,#11169,.T.);
#11171=ORIENTED_EDGE('',*,*,#11037,.T.);
#11172=EDGE_LOOP('',(#11167,#11168,#11170,#11171));
#11173=FACE_OUTER_BOUND('',#11172,.F.);
#11174=ADVANCED_FACE('',(#11173),#11166,.T.);
#11175=CARTESIAN_POINT('',(1.39827E1,-7.366E0,-1.469136E1));
#11176=DIRECTION('',(0.E0,0.E0,-1.E0));
#11177=DIRECTION('',(-1.E0,0.E0,0.E0));
#11178=AXIS2_PLACEMENT_3D('',#11175,#11176,#11177);
#11179=CYLINDRICAL_SURFACE('',#11178,4.7244E-1);
#11180=ORIENTED_EDGE('',*,*,#10911,.F.);
#11182=ORIENTED_EDGE('',*,*,#11181,.T.);
#11183=ORIENTED_EDGE('',*,*,#11039,.T.);
#11184=ORIENTED_EDGE('',*,*,#11169,.F.);
#11185=EDGE_LOOP('',(#11180,#11182,#11183,#11184));
#11186=FACE_OUTER_BOUND('',#11185,.F.);
#11187=ADVANCED_FACE('',(#11186),#11179,.T.);
#11188=CARTESIAN_POINT('',(1.401731785085E1,-7.976183118418E0,-1.469136E1));
#11189=DIRECTION('',(-5.895820964513E-1,-8.077084570215E-1,0.E0));
#11190=DIRECTION('',(-8.077084570215E-1,5.895820964513E-1,0.E0));
#11191=AXIS2_PLACEMENT_3D('',#11188,#11189,#11190);
#11192=PLANE('',#11191);
#11193=ORIENTED_EDGE('',*,*,#10909,.F.);
#11195=ORIENTED_EDGE('',*,*,#11194,.T.);
#11196=ORIENTED_EDGE('',*,*,#11041,.T.);
#11197=ORIENTED_EDGE('',*,*,#11181,.F.);
#11198=EDGE_LOOP('',(#11193,#11195,#11196,#11197));
#11199=FACE_OUTER_BOUND('',#11198,.F.);
#11200=ADVANCED_FACE('',(#11199),#11192,.T.);
#11201=CARTESIAN_POINT('',(1.39065E1,-8.128E0,-1.469136E1));
#11202=DIRECTION('',(0.E0,0.E0,-1.E0));
#11203=DIRECTION('',(-1.E0,0.E0,0.E0));
#11204=AXIS2_PLACEMENT_3D('',#11201,#11202,#11203);
#11205=CYLINDRICAL_SURFACE('',#11204,1.8796E-1);
#11206=ORIENTED_EDGE('',*,*,#10907,.F.);
#11208=ORIENTED_EDGE('',*,*,#11207,.T.);
#11209=ORIENTED_EDGE('',*,*,#11043,.T.);
#11210=ORIENTED_EDGE('',*,*,#11194,.F.);
#11211=EDGE_LOOP('',(#11206,#11208,#11209,#11210));
#11212=FACE_OUTER_BOUND('',#11211,.F.);
#11213=ADVANCED_FACE('',(#11212),#11205,.F.);
#11214=CARTESIAN_POINT('',(1.337448294221E1,-9.378368966341E0,-1.469136E1));
#11215=DIRECTION('',(-8.571673007021E-1,5.150380749101E-1,0.E0));
#11216=DIRECTION('',(5.150380749101E-1,8.571673007021E-1,0.E0));
#11217=AXIS2_PLACEMENT_3D('',#11214,#11215,#11216);
#11218=PLANE('',#11217);
#11219=ORIENTED_EDGE('',*,*,#10905,.F.);
#11221=ORIENTED_EDGE('',*,*,#11220,.T.);
#11222=ORIENTED_EDGE('',*,*,#11045,.T.);
#11223=ORIENTED_EDGE('',*,*,#11207,.F.);
#11224=EDGE_LOOP('',(#11219,#11221,#11222,#11223));
#11225=FACE_OUTER_BOUND('',#11224,.F.);
#11226=ADVANCED_FACE('',(#11225),#11218,.T.);
#11227=CARTESIAN_POINT('',(1.336774491714E1,-9.764390164486E0,-1.469136E1));
#11228=DIRECTION('',(-9.998476951564E-1,1.745240643713E-2,0.E0));
#11229=DIRECTION('',(1.745240643713E-2,9.998476951564E-1,0.E0));
#11230=AXIS2_PLACEMENT_3D('',#11227,#11228,#11229);
#11231=PLANE('',#11230);
#11232=ORIENTED_EDGE('',*,*,#10903,.F.);
#11234=ORIENTED_EDGE('',*,*,#11233,.T.);
#11235=ORIENTED_EDGE('',*,*,#11047,.T.);
#11236=ORIENTED_EDGE('',*,*,#11220,.F.);
#11237=EDGE_LOOP('',(#11232,#11234,#11235,#11236));
#11238=FACE_OUTER_BOUND('',#11237,.F.);
#11239=ADVANCED_FACE('',(#11238),#11231,.T.);
#11240=CARTESIAN_POINT('',(1.347660516432E1,-9.8298E0,-1.469136E1));
#11241=DIRECTION('',(-5.150380749100E-1,-8.571673007021E-1,0.E0));
#11242=DIRECTION('',(-8.571673007021E-1,5.150380749100E-1,0.E0));
#11243=AXIS2_PLACEMENT_3D('',#11240,#11241,#11242);
#11244=PLANE('',#11243);
#11245=ORIENTED_EDGE('',*,*,#10901,.F.);
#11247=ORIENTED_EDGE('',*,*,#11246,.T.);
#11248=ORIENTED_EDGE('',*,*,#11049,.T.);
#11249=ORIENTED_EDGE('',*,*,#11233,.F.);
#11250=EDGE_LOOP('',(#11245,#11247,#11248,#11249));
#11251=FACE_OUTER_BOUND('',#11250,.F.);
#11252=ADVANCED_FACE('',(#11251),#11244,.T.);
#11253=CARTESIAN_POINT('',(1.434194098876E1,-8.389639342054E0,-1.469136E1));
#11254=DIRECTION('',(8.571673007021E-1,-5.150380749101E-1,0.E0));
#11255=DIRECTION('',(-5.150380749101E-1,-8.571673007021E-1,0.E0));
#11256=AXIS2_PLACEMENT_3D('',#11253,#11254,#11255);
#11257=PLANE('',#11256);
#11258=ORIENTED_EDGE('',*,*,#10899,.F.);
#11260=ORIENTED_EDGE('',*,*,#11259,.T.);
#11261=ORIENTED_EDGE('',*,*,#11051,.T.);
#11262=ORIENTED_EDGE('',*,*,#11246,.F.);
#11263=EDGE_LOOP('',(#11258,#11260,#11261,#11262));
#11264=FACE_OUTER_BOUND('',#11263,.F.);
#11265=ADVANCED_FACE('',(#11264),#11257,.T.);
#11266=CARTESIAN_POINT('',(1.39065E1,-8.128E0,-1.469136E1));
#11267=DIRECTION('',(0.E0,0.E0,-1.E0));
#11268=DIRECTION('',(-1.E0,0.E0,0.E0));
#11269=AXIS2_PLACEMENT_3D('',#11266,#11267,#11268);
#11270=CYLINDRICAL_SURFACE('',#11269,5.08E-1);
#11271=ORIENTED_EDGE('',*,*,#10897,.F.);
#11273=ORIENTED_EDGE('',*,*,#11272,.T.);
#11274=ORIENTED_EDGE('',*,*,#11053,.T.);
#11275=ORIENTED_EDGE('',*,*,#11259,.F.);
#11276=EDGE_LOOP('',(#11271,#11273,#11274,#11275));
#11277=FACE_OUTER_BOUND('',#11276,.F.);
#11278=ADVANCED_FACE('',(#11277),#11270,.T.);
#11279=CARTESIAN_POINT('',(1.389284768850E1,-7.489094768850E0,-1.469136E1));
#11280=DIRECTION('',(5.895820964513E-1,8.077084570215E-1,0.E0));
#11281=DIRECTION('',(8.077084570215E-1,-5.895820964513E-1,0.E0));
#11282=AXIS2_PLACEMENT_3D('',#11279,#11280,#11281);
#11283=PLANE('',#11282);
#11284=ORIENTED_EDGE('',*,*,#10895,.F.);
#11286=ORIENTED_EDGE('',*,*,#11285,.T.);
#11287=ORIENTED_EDGE('',*,*,#11055,.T.);
#11288=ORIENTED_EDGE('',*,*,#11272,.F.);
#11289=EDGE_LOOP('',(#11284,#11286,#11287,#11288));
#11290=FACE_OUTER_BOUND('',#11289,.F.);
#11291=ADVANCED_FACE('',(#11290),#11283,.T.);
#11292=CARTESIAN_POINT('',(1.39827E1,-7.366E0,-1.469136E1));
#11293=DIRECTION('',(0.E0,0.E0,-1.E0));
#11294=DIRECTION('',(-1.E0,0.E0,0.E0));
#11295=AXIS2_PLACEMENT_3D('',#11292,#11293,#11294);
#11296=CYLINDRICAL_SURFACE('',#11295,1.524E-1);
#11297=ORIENTED_EDGE('',*,*,#10893,.F.);
#11298=ORIENTED_EDGE('',*,*,#11025,.T.);
#11299=ORIENTED_EDGE('',*,*,#11057,.T.);
#11300=ORIENTED_EDGE('',*,*,#11285,.F.);
#11301=EDGE_LOOP('',(#11297,#11298,#11299,#11300));
#11302=FACE_OUTER_BOUND('',#11301,.F.);
#11303=ADVANCED_FACE('',(#11302),#11296,.F.);
#11304=CARTESIAN_POINT('',(1.11633E1,-7.366E0,-1.469136E1));
#11305=DIRECTION('',(-1.E0,0.E0,0.E0));
#11306=DIRECTION('',(0.E0,1.E0,0.E0));
#11307=AXIS2_PLACEMENT_3D('',#11304,#11305,#11306);
#11308=PLANE('',#11307);
#11309=ORIENTED_EDGE('',*,*,#10614,.F.);
#11310=ORIENTED_EDGE('',*,*,#10946,.F.);
#11312=ORIENTED_EDGE('',*,*,#11311,.T.);
#11313=ORIENTED_EDGE('',*,*,#11069,.T.);
#11314=EDGE_LOOP('',(#11309,#11310,#11312,#11313));
#11315=FACE_OUTER_BOUND('',#11314,.F.);
#11316=ADVANCED_FACE('',(#11315),#11308,.T.);
#11317=CARTESIAN_POINT('',(1.10109E1,-7.366E0,-1.469136E1));
#11318=DIRECTION('',(0.E0,0.E0,-1.E0));
#11319=DIRECTION('',(-1.E0,0.E0,0.E0));
#11320=AXIS2_PLACEMENT_3D('',#11317,#11318,#11319);
#11321=CYLINDRICAL_SURFACE('',#11320,1.524E-1);
#11322=ORIENTED_EDGE('',*,*,#10944,.F.);
#11324=ORIENTED_EDGE('',*,*,#11323,.T.);
#11325=ORIENTED_EDGE('',*,*,#11071,.T.);
#11326=ORIENTED_EDGE('',*,*,#11311,.F.);
#11327=EDGE_LOOP('',(#11322,#11324,#11325,#11326));
#11328=FACE_OUTER_BOUND('',#11327,.F.);
#11329=ADVANCED_FACE('',(#11328),#11321,.F.);
#11330=CARTESIAN_POINT('',(1.078759229500E1,-7.717684103833E0,-1.469136E1));
#11331=DIRECTION('',(-5.895820964513E-1,8.077084570215E-1,0.E0));
#11332=DIRECTION('',(8.077084570215E-1,5.895820964513E-1,0.E0));
#11333=AXIS2_PLACEMENT_3D('',#11330,#11331,#11332);
#11334=PLANE('',#11333);
#11335=ORIENTED_EDGE('',*,*,#10942,.F.);
#11337=ORIENTED_EDGE('',*,*,#11336,.T.);
#11338=ORIENTED_EDGE('',*,*,#11073,.T.);
#11339=ORIENTED_EDGE('',*,*,#11323,.F.);
#11340=EDGE_LOOP('',(#11335,#11337,#11338,#11339));
#11341=FACE_OUTER_BOUND('',#11340,.F.);
#11342=ADVANCED_FACE('',(#11341),#11334,.T.);
#11343=CARTESIAN_POINT('',(1.10871E1,-8.128E0,-1.469136E1));
#11344=DIRECTION('',(0.E0,0.E0,-1.E0));
#11345=DIRECTION('',(-1.E0,0.E0,0.E0));
#11346=AXIS2_PLACEMENT_3D('',#11343,#11344,#11345);
#11347=CYLINDRICAL_SURFACE('',#11346,5.08E-1);
#11348=ORIENTED_EDGE('',*,*,#10940,.F.);
#11350=ORIENTED_EDGE('',*,*,#11349,.T.);
#11351=ORIENTED_EDGE('',*,*,#11075,.T.);
#11352=ORIENTED_EDGE('',*,*,#11336,.F.);
#11353=EDGE_LOOP('',(#11348,#11350,#11351,#11352));
#11354=FACE_OUTER_BOUND('',#11353,.F.);
#11355=ADVANCED_FACE('',(#11354),#11347,.T.);
#11356=CARTESIAN_POINT('',(1.151699483568E1,-9.8298E0,-1.469136E1));
#11357=DIRECTION('',(-8.571673007021E-1,-5.150380749101E-1,0.E0));
#11358=DIRECTION('',(-5.150380749101E-1,8.571673007021E-1,0.E0));
#11359=AXIS2_PLACEMENT_3D('',#11356,#11357,#11358);
#11360=PLANE('',#11359);
#11361=ORIENTED_EDGE('',*,*,#10938,.F.);
#11363=ORIENTED_EDGE('',*,*,#11362,.T.);
#11364=ORIENTED_EDGE('',*,*,#11077,.T.);
#11365=ORIENTED_EDGE('',*,*,#11349,.F.);
#11366=EDGE_LOOP('',(#11361,#11363,#11364,#11365));
#11367=FACE_OUTER_BOUND('',#11366,.F.);
#11368=ADVANCED_FACE('',(#11367),#11360,.T.);
#11369=CARTESIAN_POINT('',(1.162585508286E1,-9.764390164486E0,-1.469136E1));
#11370=DIRECTION('',(5.150380749100E-1,-8.571673007021E-1,0.E0));
#11371=DIRECTION('',(-8.571673007021E-1,-5.150380749100E-1,0.E0));
#11372=AXIS2_PLACEMENT_3D('',#11369,#11370,#11371);
#11373=PLANE('',#11372);
#11374=ORIENTED_EDGE('',*,*,#10936,.F.);
#11376=ORIENTED_EDGE('',*,*,#11375,.T.);
#11377=ORIENTED_EDGE('',*,*,#11079,.T.);
#11378=ORIENTED_EDGE('',*,*,#11362,.F.);
#11379=EDGE_LOOP('',(#11374,#11376,#11377,#11378));
#11380=FACE_OUTER_BOUND('',#11379,.F.);
#11381=ADVANCED_FACE('',(#11380),#11373,.T.);
#11382=CARTESIAN_POINT('',(1.161911705779E1,-9.378368966341E0,-1.469136E1));
#11383=DIRECTION('',(9.998476951564E-1,1.745240643713E-2,0.E0));
#11384=DIRECTION('',(1.745240643713E-2,-9.998476951564E-1,0.E0));
#11385=AXIS2_PLACEMENT_3D('',#11382,#11383,#11384);
#11386=PLANE('',#11385);
#11387=ORIENTED_EDGE('',*,*,#10934,.F.);
#11389=ORIENTED_EDGE('',*,*,#11388,.T.);
#11390=ORIENTED_EDGE('',*,*,#11081,.T.);
#11391=ORIENTED_EDGE('',*,*,#11375,.F.);
#11392=EDGE_LOOP('',(#11387,#11389,#11390,#11391));
#11393=FACE_OUTER_BOUND('',#11392,.F.);
#11394=ADVANCED_FACE('',(#11393),#11386,.T.);
#11395=CARTESIAN_POINT('',(1.092598683416E1,-8.224806556560E0,-1.469136E1));
#11396=DIRECTION('',(8.571673007021E-1,5.150380749101E-1,0.E0));
#11397=DIRECTION('',(5.150380749101E-1,-8.571673007021E-1,0.E0));
#11398=AXIS2_PLACEMENT_3D('',#11395,#11396,#11397);
#11399=PLANE('',#11398);
#11400=ORIENTED_EDGE('',*,*,#10932,.F.);
#11402=ORIENTED_EDGE('',*,*,#11401,.T.);
#11403=ORIENTED_EDGE('',*,*,#11083,.T.);
#11404=ORIENTED_EDGE('',*,*,#11388,.F.);
#11405=EDGE_LOOP('',(#11400,#11402,#11403,#11404));
#11406=FACE_OUTER_BOUND('',#11405,.F.);
#11407=ADVANCED_FACE('',(#11406),#11399,.T.);
#11408=CARTESIAN_POINT('',(1.10871E1,-8.128E0,-1.469136E1));
#11409=DIRECTION('',(0.E0,0.E0,-1.E0));
#11410=DIRECTION('',(-1.E0,0.E0,0.E0));
#11411=AXIS2_PLACEMENT_3D('',#11408,#11409,#11410);
#11412=CYLINDRICAL_SURFACE('',#11411,1.8796E-1);
#11413=ORIENTED_EDGE('',*,*,#10930,.F.);
#11415=ORIENTED_EDGE('',*,*,#11414,.T.);
#11416=ORIENTED_EDGE('',*,*,#11085,.T.);
#11417=ORIENTED_EDGE('',*,*,#11401,.F.);
#11418=EDGE_LOOP('',(#11413,#11415,#11416,#11417));
#11419=FACE_OUTER_BOUND('',#11418,.F.);
#11420=ADVANCED_FACE('',(#11419),#11412,.F.);
#11421=CARTESIAN_POINT('',(1.128944216565E1,-7.747593783435E0,-1.469136E1));
#11422=DIRECTION('',(5.895820964513E-1,-8.077084570215E-1,0.E0));
#11423=DIRECTION('',(-8.077084570215E-1,-5.895820964513E-1,0.E0));
#11424=AXIS2_PLACEMENT_3D('',#11421,#11422,#11423);
#11425=PLANE('',#11424);
#11426=ORIENTED_EDGE('',*,*,#10928,.F.);
#11428=ORIENTED_EDGE('',*,*,#11427,.T.);
#11429=ORIENTED_EDGE('',*,*,#11087,.T.);
#11430=ORIENTED_EDGE('',*,*,#11414,.F.);
#11431=EDGE_LOOP('',(#11426,#11428,#11429,#11430));
#11432=FACE_OUTER_BOUND('',#11431,.F.);
#11433=ADVANCED_FACE('',(#11432),#11425,.T.);
#11434=CARTESIAN_POINT('',(1.10109E1,-7.366E0,-1.469136E1));
#11435=DIRECTION('',(0.E0,0.E0,-1.E0));
#11436=DIRECTION('',(-1.E0,0.E0,0.E0));
#11437=AXIS2_PLACEMENT_3D('',#11434,#11435,#11436);
#11438=CYLINDRICAL_SURFACE('',#11437,4.7244E-1);
#11439=ORIENTED_EDGE('',*,*,#10926,.F.);
#11441=ORIENTED_EDGE('',*,*,#11440,.T.);
#11442=ORIENTED_EDGE('',*,*,#11089,.T.);
#11443=ORIENTED_EDGE('',*,*,#11427,.F.);
#11444=EDGE_LOOP('',(#11439,#11441,#11442,#11443));
#11445=FACE_OUTER_BOUND('',#11444,.F.);
#11446=ADVANCED_FACE('',(#11445),#11438,.T.);
#11447=CARTESIAN_POINT('',(1.148334E1,-5.72516E0,-1.469136E1));
#11448=DIRECTION('',(1.E0,0.E0,0.E0));
#11449=DIRECTION('',(0.E0,-1.E0,0.E0));
#11450=AXIS2_PLACEMENT_3D('',#11447,#11448,#11449);
#11451=PLANE('',#11450);
#11452=ORIENTED_EDGE('',*,*,#10618,.T.);
#11453=ORIENTED_EDGE('',*,*,#11091,.T.);
#11454=ORIENTED_EDGE('',*,*,#11440,.F.);
#11455=ORIENTED_EDGE('',*,*,#10924,.F.);
#11456=EDGE_LOOP('',(#11452,#11453,#11454,#11455));
#11457=FACE_OUTER_BOUND('',#11456,.F.);
#11458=ADVANCED_FACE('',(#11457),#11451,.T.);
#11459=CARTESIAN_POINT('',(-1.148334E1,-7.366E0,-1.469136E1));
#11460=DIRECTION('',(-1.E0,0.E0,0.E0));
#11461=DIRECTION('',(0.E0,1.E0,0.E0));
#11462=AXIS2_PLACEMENT_3D('',#11459,#11460,#11461);
#11463=PLANE('',#11462);
#11464=ORIENTED_EDGE('',*,*,#10552,.F.);
#11465=ORIENTED_EDGE('',*,*,#10979,.F.);
#11467=ORIENTED_EDGE('',*,*,#11466,.T.);
#11468=ORIENTED_EDGE('',*,*,#11102,.T.);
#11469=EDGE_LOOP('',(#11464,#11465,#11467,#11468));
#11470=FACE_OUTER_BOUND('',#11469,.F.);
#11471=ADVANCED_FACE('',(#11470),#11463,.T.);
#11472=CARTESIAN_POINT('',(-1.10109E1,-7.366E0,-1.469136E1));
#11473=DIRECTION('',(0.E0,0.E0,-1.E0));
#11474=DIRECTION('',(-1.E0,0.E0,0.E0));
#11475=AXIS2_PLACEMENT_3D('',#11472,#11473,#11474);
#11476=CYLINDRICAL_SURFACE('',#11475,4.7244E-1);
#11477=ORIENTED_EDGE('',*,*,#10977,.F.);
#11479=ORIENTED_EDGE('',*,*,#11478,.T.);
#11480=ORIENTED_EDGE('',*,*,#11104,.T.);
#11481=ORIENTED_EDGE('',*,*,#11466,.F.);
#11482=EDGE_LOOP('',(#11477,#11479,#11480,#11481));
#11483=FACE_OUTER_BOUND('',#11482,.F.);
#11484=ADVANCED_FACE('',(#11483),#11476,.T.);
#11485=CARTESIAN_POINT('',(-1.097628214915E1,-7.976183118418E0,-1.469136E1));
#11486=DIRECTION('',(-5.895820964513E-1,-8.077084570215E-1,0.E0));
#11487=DIRECTION('',(-8.077084570215E-1,5.895820964513E-1,0.E0));
#11488=AXIS2_PLACEMENT_3D('',#11485,#11486,#11487);
#11489=PLANE('',#11488);
#11490=ORIENTED_EDGE('',*,*,#10975,.F.);
#11492=ORIENTED_EDGE('',*,*,#11491,.T.);
#11493=ORIENTED_EDGE('',*,*,#11106,.T.);
#11494=ORIENTED_EDGE('',*,*,#11478,.F.);
#11495=EDGE_LOOP('',(#11490,#11492,#11493,#11494));
#11496=FACE_OUTER_BOUND('',#11495,.F.);
#11497=ADVANCED_FACE('',(#11496),#11489,.T.);
#11498=CARTESIAN_POINT('',(-1.10871E1,-8.128E0,-1.469136E1));
#11499=DIRECTION('',(0.E0,0.E0,-1.E0));
#11500=DIRECTION('',(-1.E0,0.E0,0.E0));
#11501=AXIS2_PLACEMENT_3D('',#11498,#11499,#11500);
#11502=CYLINDRICAL_SURFACE('',#11501,1.8796E-1);
#11503=ORIENTED_EDGE('',*,*,#10973,.F.);
#11505=ORIENTED_EDGE('',*,*,#11504,.T.);
#11506=ORIENTED_EDGE('',*,*,#11108,.T.);
#11507=ORIENTED_EDGE('',*,*,#11491,.F.);
#11508=EDGE_LOOP('',(#11503,#11505,#11506,#11507));
#11509=FACE_OUTER_BOUND('',#11508,.F.);
#11510=ADVANCED_FACE('',(#11509),#11502,.F.);
#11511=CARTESIAN_POINT('',(-1.161911705779E1,-9.378368966341E0,-1.469136E1));
#11512=DIRECTION('',(-8.571673007021E-1,5.150380749101E-1,0.E0));
#11513=DIRECTION('',(5.150380749101E-1,8.571673007021E-1,0.E0));
#11514=AXIS2_PLACEMENT_3D('',#11511,#11512,#11513);
#11515=PLANE('',#11514);
#11516=ORIENTED_EDGE('',*,*,#10971,.F.);
#11518=ORIENTED_EDGE('',*,*,#11517,.T.);
#11519=ORIENTED_EDGE('',*,*,#11110,.T.);
#11520=ORIENTED_EDGE('',*,*,#11504,.F.);
#11521=EDGE_LOOP('',(#11516,#11518,#11519,#11520));
#11522=FACE_OUTER_BOUND('',#11521,.F.);
#11523=ADVANCED_FACE('',(#11522),#11515,.T.);
#11524=CARTESIAN_POINT('',(-1.162585508286E1,-9.764390164486E0,-1.469136E1));
#11525=DIRECTION('',(-9.998476951564E-1,1.745240643713E-2,0.E0));
#11526=DIRECTION('',(1.745240643713E-2,9.998476951564E-1,0.E0));
#11527=AXIS2_PLACEMENT_3D('',#11524,#11525,#11526);
#11528=PLANE('',#11527);
#11529=ORIENTED_EDGE('',*,*,#10969,.F.);
#11531=ORIENTED_EDGE('',*,*,#11530,.T.);
#11532=ORIENTED_EDGE('',*,*,#11112,.T.);
#11533=ORIENTED_EDGE('',*,*,#11517,.F.);
#11534=EDGE_LOOP('',(#11529,#11531,#11532,#11533));
#11535=FACE_OUTER_BOUND('',#11534,.F.);
#11536=ADVANCED_FACE('',(#11535),#11528,.T.);
#11537=CARTESIAN_POINT('',(-1.151699483568E1,-9.8298E0,-1.469136E1));
#11538=DIRECTION('',(-5.150380749100E-1,-8.571673007021E-1,0.E0));
#11539=DIRECTION('',(-8.571673007021E-1,5.150380749100E-1,0.E0));
#11540=AXIS2_PLACEMENT_3D('',#11537,#11538,#11539);
#11541=PLANE('',#11540);
#11542=ORIENTED_EDGE('',*,*,#10967,.F.);
#11544=ORIENTED_EDGE('',*,*,#11543,.T.);
#11545=ORIENTED_EDGE('',*,*,#11114,.T.);
#11546=ORIENTED_EDGE('',*,*,#11530,.F.);
#11547=EDGE_LOOP('',(#11542,#11544,#11545,#11546));
#11548=FACE_OUTER_BOUND('',#11547,.F.);
#11549=ADVANCED_FACE('',(#11548),#11541,.T.);
#11550=CARTESIAN_POINT('',(-1.065165901124E1,-8.389639342054E0,-1.469136E1));
#11551=DIRECTION('',(8.571673007021E-1,-5.150380749101E-1,0.E0));
#11552=DIRECTION('',(-5.150380749101E-1,-8.571673007021E-1,0.E0));
#11553=AXIS2_PLACEMENT_3D('',#11550,#11551,#11552);
#11554=PLANE('',#11553);
#11555=ORIENTED_EDGE('',*,*,#10965,.F.);
#11557=ORIENTED_EDGE('',*,*,#11556,.T.);
#11558=ORIENTED_EDGE('',*,*,#11116,.T.);
#11559=ORIENTED_EDGE('',*,*,#11543,.F.);
#11560=EDGE_LOOP('',(#11555,#11557,#11558,#11559));
#11561=FACE_OUTER_BOUND('',#11560,.F.);
#11562=ADVANCED_FACE('',(#11561),#11554,.T.);
#11563=CARTESIAN_POINT('',(-1.10871E1,-8.128E0,-1.469136E1));
#11564=DIRECTION('',(0.E0,0.E0,-1.E0));
#11565=DIRECTION('',(-1.E0,0.E0,0.E0));
#11566=AXIS2_PLACEMENT_3D('',#11563,#11564,#11565);
#11567=CYLINDRICAL_SURFACE('',#11566,5.08E-1);
#11568=ORIENTED_EDGE('',*,*,#10963,.F.);
#11570=ORIENTED_EDGE('',*,*,#11569,.T.);
#11571=ORIENTED_EDGE('',*,*,#11118,.T.);
#11572=ORIENTED_EDGE('',*,*,#11556,.F.);
#11573=EDGE_LOOP('',(#11568,#11570,#11571,#11572));
#11574=FACE_OUTER_BOUND('',#11573,.F.);
#11575=ADVANCED_FACE('',(#11574),#11567,.T.);
#11576=CARTESIAN_POINT('',(-1.110075231150E1,-7.489094768850E0,-1.469136E1));
#11577=DIRECTION('',(5.895820964513E-1,8.077084570215E-1,0.E0));
#11578=DIRECTION('',(8.077084570215E-1,-5.895820964513E-1,0.E0));
#11579=AXIS2_PLACEMENT_3D('',#11576,#11577,#11578);
#11580=PLANE('',#11579);
#11581=ORIENTED_EDGE('',*,*,#10961,.F.);
#11583=ORIENTED_EDGE('',*,*,#11582,.T.);
#11584=ORIENTED_EDGE('',*,*,#11120,.T.);
#11585=ORIENTED_EDGE('',*,*,#11569,.F.);
#11586=EDGE_LOOP('',(#11581,#11583,#11584,#11585));
#11587=FACE_OUTER_BOUND('',#11586,.F.);
#11588=ADVANCED_FACE('',(#11587),#11580,.T.);
#11589=CARTESIAN_POINT('',(-1.10109E1,-7.366E0,-1.469136E1));
#11590=DIRECTION('',(0.E0,0.E0,-1.E0));
#11591=DIRECTION('',(-1.E0,0.E0,0.E0));
#11592=AXIS2_PLACEMENT_3D('',#11589,#11590,#11591);
#11593=CYLINDRICAL_SURFACE('',#11592,1.524E-1);
#11594=ORIENTED_EDGE('',*,*,#10959,.F.);
#11596=ORIENTED_EDGE('',*,*,#11595,.T.);
#11597=ORIENTED_EDGE('',*,*,#11122,.T.);
#11598=ORIENTED_EDGE('',*,*,#11582,.F.);
#11599=EDGE_LOOP('',(#11594,#11596,#11597,#11598));
#11600=FACE_OUTER_BOUND('',#11599,.F.);
#11601=ADVANCED_FACE('',(#11600),#11593,.F.);
#11602=CARTESIAN_POINT('',(-1.11633E1,-5.72516E0,-1.469136E1));
#11603=DIRECTION('',(1.E0,0.E0,0.E0));
#11604=DIRECTION('',(0.E0,-1.E0,0.E0));
#11605=AXIS2_PLACEMENT_3D('',#11602,#11603,#11604);
#11606=PLANE('',#11605);
#11607=ORIENTED_EDGE('',*,*,#10556,.T.);
#11608=ORIENTED_EDGE('',*,*,#11124,.T.);
#11609=ORIENTED_EDGE('',*,*,#11595,.F.);
#11610=ORIENTED_EDGE('',*,*,#10957,.F.);
#11611=EDGE_LOOP('',(#11607,#11608,#11609,#11610));
#11612=FACE_OUTER_BOUND('',#11611,.F.);
#11613=ADVANCED_FACE('',(#11612),#11606,.T.);
#11614=CARTESIAN_POINT('',(-1.38303E1,-7.366E0,-1.469136E1));
#11615=DIRECTION('',(-1.E0,0.E0,0.E0));
#11616=DIRECTION('',(0.E0,1.E0,0.E0));
#11617=AXIS2_PLACEMENT_3D('',#11614,#11615,#11616);
#11618=PLANE('',#11617);
#11619=ORIENTED_EDGE('',*,*,#10562,.F.);
#11620=ORIENTED_EDGE('',*,*,#11012,.F.);
#11622=ORIENTED_EDGE('',*,*,#11621,.T.);
#11623=ORIENTED_EDGE('',*,*,#11135,.T.);
#11624=EDGE_LOOP('',(#11619,#11620,#11622,#11623));
#11625=FACE_OUTER_BOUND('',#11624,.F.);
#11626=ADVANCED_FACE('',(#11625),#11618,.T.);
#11627=CARTESIAN_POINT('',(-1.39827E1,-7.366E0,-1.469136E1));
#11628=DIRECTION('',(0.E0,0.E0,-1.E0));
#11629=DIRECTION('',(-1.E0,0.E0,0.E0));
#11630=AXIS2_PLACEMENT_3D('',#11627,#11628,#11629);
#11631=CYLINDRICAL_SURFACE('',#11630,1.524E-1);
#11632=ORIENTED_EDGE('',*,*,#11010,.F.);
#11634=ORIENTED_EDGE('',*,*,#11633,.T.);
#11635=ORIENTED_EDGE('',*,*,#11137,.T.);
#11636=ORIENTED_EDGE('',*,*,#11621,.F.);
#11637=EDGE_LOOP('',(#11632,#11634,#11635,#11636));
#11638=FACE_OUTER_BOUND('',#11637,.F.);
#11639=ADVANCED_FACE('',(#11638),#11631,.F.);
#11640=CARTESIAN_POINT('',(-1.420600770500E1,-7.717684103833E0,-1.469136E1));
#11641=DIRECTION('',(-5.895820964513E-1,8.077084570215E-1,0.E0));
#11642=DIRECTION('',(8.077084570215E-1,5.895820964513E-1,0.E0));
#11643=AXIS2_PLACEMENT_3D('',#11640,#11641,#11642);
#11644=PLANE('',#11643);
#11645=ORIENTED_EDGE('',*,*,#11008,.F.);
#11647=ORIENTED_EDGE('',*,*,#11646,.T.);
#11648=ORIENTED_EDGE('',*,*,#11139,.T.);
#11649=ORIENTED_EDGE('',*,*,#11633,.F.);
#11650=EDGE_LOOP('',(#11645,#11647,#11648,#11649));
#11651=FACE_OUTER_BOUND('',#11650,.F.);
#11652=ADVANCED_FACE('',(#11651),#11644,.T.);
#11653=CARTESIAN_POINT('',(-1.39065E1,-8.128E0,-1.469136E1));
#11654=DIRECTION('',(0.E0,0.E0,-1.E0));
#11655=DIRECTION('',(-1.E0,0.E0,0.E0));
#11656=AXIS2_PLACEMENT_3D('',#11653,#11654,#11655);
#11657=CYLINDRICAL_SURFACE('',#11656,5.08E-1);
#11658=ORIENTED_EDGE('',*,*,#11006,.F.);
#11660=ORIENTED_EDGE('',*,*,#11659,.T.);
#11661=ORIENTED_EDGE('',*,*,#11141,.T.);
#11662=ORIENTED_EDGE('',*,*,#11646,.F.);
#11663=EDGE_LOOP('',(#11658,#11660,#11661,#11662));
#11664=FACE_OUTER_BOUND('',#11663,.F.);
#11665=ADVANCED_FACE('',(#11664),#11657,.T.);
#11666=CARTESIAN_POINT('',(-1.347660516432E1,-9.8298E0,-1.469136E1));
#11667=DIRECTION('',(-8.571673007021E-1,-5.150380749101E-1,0.E0));
#11668=DIRECTION('',(-5.150380749101E-1,8.571673007021E-1,0.E0));
#11669=AXIS2_PLACEMENT_3D('',#11666,#11667,#11668);
#11670=PLANE('',#11669);
#11671=ORIENTED_EDGE('',*,*,#11004,.F.);
#11673=ORIENTED_EDGE('',*,*,#11672,.T.);
#11674=ORIENTED_EDGE('',*,*,#11143,.T.);
#11675=ORIENTED_EDGE('',*,*,#11659,.F.);
#11676=EDGE_LOOP('',(#11671,#11673,#11674,#11675));
#11677=FACE_OUTER_BOUND('',#11676,.F.);
#11678=ADVANCED_FACE('',(#11677),#11670,.T.);
#11679=CARTESIAN_POINT('',(-1.336774491714E1,-9.764390164486E0,-1.469136E1));
#11680=DIRECTION('',(5.150380749100E-1,-8.571673007021E-1,0.E0));
#11681=DIRECTION('',(-8.571673007021E-1,-5.150380749100E-1,0.E0));
#11682=AXIS2_PLACEMENT_3D('',#11679,#11680,#11681);
#11683=PLANE('',#11682);
#11684=ORIENTED_EDGE('',*,*,#11002,.F.);
#11686=ORIENTED_EDGE('',*,*,#11685,.T.);
#11687=ORIENTED_EDGE('',*,*,#11145,.T.);
#11688=ORIENTED_EDGE('',*,*,#11672,.F.);
#11689=EDGE_LOOP('',(#11684,#11686,#11687,#11688));
#11690=FACE_OUTER_BOUND('',#11689,.F.);
#11691=ADVANCED_FACE('',(#11690),#11683,.T.);
#11692=CARTESIAN_POINT('',(-1.337448294221E1,-9.378368966341E0,-1.469136E1));
#11693=DIRECTION('',(9.998476951564E-1,1.745240643713E-2,0.E0));
#11694=DIRECTION('',(1.745240643713E-2,-9.998476951564E-1,0.E0));
#11695=AXIS2_PLACEMENT_3D('',#11692,#11693,#11694);
#11696=PLANE('',#11695);
#11697=ORIENTED_EDGE('',*,*,#11000,.F.);
#11699=ORIENTED_EDGE('',*,*,#11698,.T.);
#11700=ORIENTED_EDGE('',*,*,#11147,.T.);
#11701=ORIENTED_EDGE('',*,*,#11685,.F.);
#11702=EDGE_LOOP('',(#11697,#11699,#11700,#11701));
#11703=FACE_OUTER_BOUND('',#11702,.F.);
#11704=ADVANCED_FACE('',(#11703),#11696,.T.);
#11705=CARTESIAN_POINT('',(-1.406761316584E1,-8.224806556560E0,-1.469136E1));
#11706=DIRECTION('',(8.571673007021E-1,5.150380749101E-1,0.E0));
#11707=DIRECTION('',(5.150380749101E-1,-8.571673007021E-1,0.E0));
#11708=AXIS2_PLACEMENT_3D('',#11705,#11706,#11707);
#11709=PLANE('',#11708);
#11710=ORIENTED_EDGE('',*,*,#10998,.F.);
#11712=ORIENTED_EDGE('',*,*,#11711,.T.);
#11713=ORIENTED_EDGE('',*,*,#11149,.T.);
#11714=ORIENTED_EDGE('',*,*,#11698,.F.);
#11715=EDGE_LOOP('',(#11710,#11712,#11713,#11714));
#11716=FACE_OUTER_BOUND('',#11715,.F.);
#11717=ADVANCED_FACE('',(#11716),#11709,.T.);
#11718=CARTESIAN_POINT('',(-1.39065E1,-8.128E0,-1.469136E1));
#11719=DIRECTION('',(0.E0,0.E0,-1.E0));
#11720=DIRECTION('',(-1.E0,0.E0,0.E0));
#11721=AXIS2_PLACEMENT_3D('',#11718,#11719,#11720);
#11722=CYLINDRICAL_SURFACE('',#11721,1.8796E-1);
#11723=ORIENTED_EDGE('',*,*,#10996,.F.);
#11725=ORIENTED_EDGE('',*,*,#11724,.T.);
#11726=ORIENTED_EDGE('',*,*,#11151,.T.);
#11727=ORIENTED_EDGE('',*,*,#11711,.F.);
#11728=EDGE_LOOP('',(#11723,#11725,#11726,#11727));
#11729=FACE_OUTER_BOUND('',#11728,.F.);
#11730=ADVANCED_FACE('',(#11729),#11722,.F.);
#11731=CARTESIAN_POINT('',(-1.370415783435E1,-7.747593783435E0,-1.469136E1));
#11732=DIRECTION('',(5.895820964513E-1,-8.077084570215E-1,0.E0));
#11733=DIRECTION('',(-8.077084570215E-1,-5.895820964513E-1,0.E0));
#11734=AXIS2_PLACEMENT_3D('',#11731,#11732,#11733);
#11735=PLANE('',#11734);
#11736=ORIENTED_EDGE('',*,*,#10994,.F.);
#11738=ORIENTED_EDGE('',*,*,#11737,.T.);
#11739=ORIENTED_EDGE('',*,*,#11153,.T.);
#11740=ORIENTED_EDGE('',*,*,#11724,.F.);
#11741=EDGE_LOOP('',(#11736,#11738,#11739,#11740));
#11742=FACE_OUTER_BOUND('',#11741,.F.);
#11743=ADVANCED_FACE('',(#11742),#11735,.T.);
#11744=CARTESIAN_POINT('',(-1.39827E1,-7.366E0,-1.469136E1));
#11745=DIRECTION('',(0.E0,0.E0,-1.E0));
#11746=DIRECTION('',(-1.E0,0.E0,0.E0));
#11747=AXIS2_PLACEMENT_3D('',#11744,#11745,#11746);
#11748=CYLINDRICAL_SURFACE('',#11747,4.7244E-1);
#11749=ORIENTED_EDGE('',*,*,#10992,.F.);
#11751=ORIENTED_EDGE('',*,*,#11750,.T.);
#11752=ORIENTED_EDGE('',*,*,#11155,.T.);
#11753=ORIENTED_EDGE('',*,*,#11737,.F.);
#11754=EDGE_LOOP('',(#11749,#11751,#11752,#11753));
#11755=FACE_OUTER_BOUND('',#11754,.F.);
#11756=ADVANCED_FACE('',(#11755),#11748,.T.);
#11757=CARTESIAN_POINT('',(-1.351026E1,-5.72516E0,-1.469136E1));
#11758=DIRECTION('',(1.E0,0.E0,0.E0));
#11759=DIRECTION('',(0.E0,-1.E0,0.E0));
#11760=AXIS2_PLACEMENT_3D('',#11757,#11758,#11759);
#11761=PLANE('',#11760);
#11762=ORIENTED_EDGE('',*,*,#10566,.T.);
#11763=ORIENTED_EDGE('',*,*,#11157,.T.);
#11764=ORIENTED_EDGE('',*,*,#11750,.F.);
#11765=ORIENTED_EDGE('',*,*,#10990,.F.);
#11766=EDGE_LOOP('',(#11762,#11763,#11764,#11765));
#11767=FACE_OUTER_BOUND('',#11766,.F.);
#11768=ADVANCED_FACE('',(#11767),#11761,.T.);
#11769=CARTESIAN_POINT('',(-1.17856E1,0.E0,-1.540256E1));
#11770=DIRECTION('',(-1.E0,0.E0,0.E0));
#11771=DIRECTION('',(0.E0,0.E0,1.E0));
#11772=AXIS2_PLACEMENT_3D('',#11769,#11770,#11771);
#11773=PLANE('',#11772);
#11774=ORIENTED_EDGE('',*,*,#10570,.F.);
#11776=ORIENTED_EDGE('',*,*,#11775,.T.);
#11778=ORIENTED_EDGE('',*,*,#11777,.T.);
#11780=ORIENTED_EDGE('',*,*,#11779,.T.);
#11782=ORIENTED_EDGE('',*,*,#11781,.T.);
#11784=ORIENTED_EDGE('',*,*,#11783,.T.);
#11786=ORIENTED_EDGE('',*,*,#11785,.T.);
#11788=ORIENTED_EDGE('',*,*,#11787,.T.);
#11790=ORIENTED_EDGE('',*,*,#11789,.T.);
#11792=ORIENTED_EDGE('',*,*,#11791,.T.);
#11794=ORIENTED_EDGE('',*,*,#11793,.T.);
#11796=ORIENTED_EDGE('',*,*,#11795,.T.);
#11798=ORIENTED_EDGE('',*,*,#11797,.T.);
#11799=EDGE_LOOP('',(#11774,#11776,#11778,#11780,#11782,#11784,#11786,#11788,
#11790,#11792,#11794,#11796,#11798));
#11800=FACE_OUTER_BOUND('',#11799,.F.);
#11801=ADVANCED_FACE('',(#11800),#11773,.F.);
#11802=CARTESIAN_POINT('',(-1.17856E1,0.E0,-1.540256E1));
#11803=DIRECTION('',(-1.E0,0.E0,0.E0));
#11804=DIRECTION('',(0.E0,0.E0,1.E0));
#11805=AXIS2_PLACEMENT_3D('',#11802,#11803,#11804);
#11806=PLANE('',#11805);
#11807=ORIENTED_EDGE('',*,*,#10580,.F.);
#11809=ORIENTED_EDGE('',*,*,#11808,.T.);
#11811=ORIENTED_EDGE('',*,*,#11810,.T.);
#11813=ORIENTED_EDGE('',*,*,#11812,.T.);
#11815=ORIENTED_EDGE('',*,*,#11814,.T.);
#11817=ORIENTED_EDGE('',*,*,#11816,.T.);
#11819=ORIENTED_EDGE('',*,*,#11818,.T.);
#11821=ORIENTED_EDGE('',*,*,#11820,.T.);
#11823=ORIENTED_EDGE('',*,*,#11822,.T.);
#11825=ORIENTED_EDGE('',*,*,#11824,.T.);
#11827=ORIENTED_EDGE('',*,*,#11826,.T.);
#11829=ORIENTED_EDGE('',*,*,#11828,.T.);
#11831=ORIENTED_EDGE('',*,*,#11830,.T.);
#11832=EDGE_LOOP('',(#11807,#11809,#11811,#11813,#11815,#11817,#11819,#11821,
#11823,#11825,#11827,#11829,#11831));
#11833=FACE_OUTER_BOUND('',#11832,.F.);
#11834=ADVANCED_FACE('',(#11833),#11806,.F.);
#11835=CARTESIAN_POINT('',(-1.17856E1,-5.72516E0,-1.673606E1));
#11836=DIRECTION('',(0.E0,0.E0,-1.E0));
#11837=DIRECTION('',(0.E0,-1.E0,0.E0));
#11838=AXIS2_PLACEMENT_3D('',#11835,#11836,#11837);
#11839=PLANE('',#11838);
#11840=ORIENTED_EDGE('',*,*,#10576,.F.);
#11842=ORIENTED_EDGE('',*,*,#11841,.T.);
#11844=ORIENTED_EDGE('',*,*,#11843,.F.);
#11845=ORIENTED_EDGE('',*,*,#11775,.F.);
#11846=EDGE_LOOP('',(#11840,#11842,#11844,#11845));
#11847=FACE_OUTER_BOUND('',#11846,.F.);
#11848=ADVANCED_FACE('',(#11847),#11839,.T.);
#11849=CARTESIAN_POINT('',(-1.3208E1,0.E0,-1.540256E1));
#11850=DIRECTION('',(-1.E0,0.E0,0.E0));
#11851=DIRECTION('',(0.E0,0.E0,1.E0));
#11852=AXIS2_PLACEMENT_3D('',#11849,#11850,#11851);
#11853=PLANE('',#11852);
#11854=ORIENTED_EDGE('',*,*,#10574,.T.);
#11856=ORIENTED_EDGE('',*,*,#11855,.F.);
#11858=ORIENTED_EDGE('',*,*,#11857,.F.);
#11860=ORIENTED_EDGE('',*,*,#11859,.F.);
#11862=ORIENTED_EDGE('',*,*,#11861,.F.);
#11864=ORIENTED_EDGE('',*,*,#11863,.F.);
#11866=ORIENTED_EDGE('',*,*,#11865,.F.);
#11868=ORIENTED_EDGE('',*,*,#11867,.F.);
#11870=ORIENTED_EDGE('',*,*,#11869,.F.);
#11872=ORIENTED_EDGE('',*,*,#11871,.F.);
#11874=ORIENTED_EDGE('',*,*,#11873,.F.);
#11876=ORIENTED_EDGE('',*,*,#11875,.F.);
#11877=ORIENTED_EDGE('',*,*,#11841,.F.);
#11878=EDGE_LOOP('',(#11854,#11856,#11858,#11860,#11862,#11864,#11866,#11868,
#11870,#11872,#11874,#11876,#11877));
#11879=FACE_OUTER_BOUND('',#11878,.F.);
#11880=ADVANCED_FACE('',(#11879),#11853,.T.);
#11881=CARTESIAN_POINT('',(-1.3208E1,0.E0,-1.540256E1));
#11882=DIRECTION('',(-1.E0,0.E0,0.E0));
#11883=DIRECTION('',(0.E0,0.E0,1.E0));
#11884=AXIS2_PLACEMENT_3D('',#11881,#11882,#11883);
#11885=PLANE('',#11884);
#11886=ORIENTED_EDGE('',*,*,#10584,.T.);
#11888=ORIENTED_EDGE('',*,*,#11887,.F.);
#11890=ORIENTED_EDGE('',*,*,#11889,.F.);
#11892=ORIENTED_EDGE('',*,*,#11891,.F.);
#11894=ORIENTED_EDGE('',*,*,#11893,.F.);
#11896=ORIENTED_EDGE('',*,*,#11895,.F.);
#11898=ORIENTED_EDGE('',*,*,#11897,.F.);
#11900=ORIENTED_EDGE('',*,*,#11899,.F.);
#11902=ORIENTED_EDGE('',*,*,#11901,.F.);
#11904=ORIENTED_EDGE('',*,*,#11903,.F.);
#11906=ORIENTED_EDGE('',*,*,#11905,.F.);
#11908=ORIENTED_EDGE('',*,*,#11907,.F.);
#11910=ORIENTED_EDGE('',*,*,#11909,.F.);
#11911=EDGE_LOOP('',(#11886,#11888,#11890,#11892,#11894,#11896,#11898,#11900,
#11902,#11904,#11906,#11908,#11910));
#11912=FACE_OUTER_BOUND('',#11911,.F.);
#11913=ADVANCED_FACE('',(#11912),#11885,.T.);
#11914=CARTESIAN_POINT('',(-1.17856E1,-7.5946E0,-1.641602E1));
#11915=DIRECTION('',(0.E0,0.E0,1.E0));
#11916=DIRECTION('',(0.E0,1.E0,0.E0));
#11917=AXIS2_PLACEMENT_3D('',#11914,#11915,#11916);
#11918=PLANE('',#11917);
#11919=ORIENTED_EDGE('',*,*,#10572,.T.);
#11920=ORIENTED_EDGE('',*,*,#11797,.F.);
#11922=ORIENTED_EDGE('',*,*,#11921,.T.);
#11923=ORIENTED_EDGE('',*,*,#11855,.T.);
#11924=EDGE_LOOP('',(#11919,#11920,#11922,#11923));
#11925=FACE_OUTER_BOUND('',#11924,.F.);
#11926=ADVANCED_FACE('',(#11925),#11918,.T.);
#11927=CARTESIAN_POINT('',(-1.17856E1,-7.5946E0,-1.692007729845E1));
#11928=DIRECTION('',(-1.E0,0.E0,0.E0));
#11929=DIRECTION('',(0.E0,0.E0,1.E0));
#11930=AXIS2_PLACEMENT_3D('',#11927,#11928,#11929);
#11931=CYLINDRICAL_SURFACE('',#11930,5.040572984536E-1);
#11932=ORIENTED_EDGE('',*,*,#11795,.F.);
#11934=ORIENTED_EDGE('',*,*,#11933,.T.);
#11935=ORIENTED_EDGE('',*,*,#11857,.T.);
#11936=ORIENTED_EDGE('',*,*,#11921,.F.);
#11937=EDGE_LOOP('',(#11932,#11934,#11935,#11936));
#11938=FACE_OUTER_BOUND('',#11937,.F.);
#11939=ADVANCED_FACE('',(#11938),#11931,.T.);
#11940=CARTESIAN_POINT('',(-1.17856E1,-8.200774097863E0,-1.691736589814E1));
#11941=DIRECTION('',(0.E0,-8.290375725550E-1,5.591929034707E-1));
#11942=DIRECTION('',(0.E0,5.591929034707E-1,8.290375725550E-1));
#11943=AXIS2_PLACEMENT_3D('',#11940,#11941,#11942);
#11944=PLANE('',#11943);
#11945=ORIENTED_EDGE('',*,*,#11793,.F.);
#11947=ORIENTED_EDGE('',*,*,#11946,.T.);
#11948=ORIENTED_EDGE('',*,*,#11859,.T.);
#11949=ORIENTED_EDGE('',*,*,#11933,.F.);
#11950=EDGE_LOOP('',(#11945,#11947,#11948,#11949));
#11951=FACE_OUTER_BOUND('',#11950,.F.);
#11952=ADVANCED_FACE('',(#11951),#11944,.T.);
#11953=CARTESIAN_POINT('',(-1.17856E1,-8.3566E0,-1.681226E1));
#11954=DIRECTION('',(-1.E0,0.E0,0.E0));
#11955=DIRECTION('',(0.E0,0.E0,1.E0));
#11956=AXIS2_PLACEMENT_3D('',#11953,#11954,#11955);
#11957=CYLINDRICAL_SURFACE('',#11956,1.8796E-1);
#11958=ORIENTED_EDGE('',*,*,#11791,.F.);
#11960=ORIENTED_EDGE('',*,*,#11959,.T.);
#11961=ORIENTED_EDGE('',*,*,#11861,.T.);
#11962=ORIENTED_EDGE('',*,*,#11946,.F.);
#11963=EDGE_LOOP('',(#11958,#11960,#11961,#11962));
#11964=FACE_OUTER_BOUND('',#11963,.F.);
#11965=ADVANCED_FACE('',(#11964),#11957,.F.);
#11966=CARTESIAN_POINT('',(-1.17856E1,-9.373642972735E0,-1.635297657850E1));
#11967=DIRECTION('',(0.E0,5.591929034707E-1,8.290375725550E-1));
#11968=DIRECTION('',(0.E0,8.290375725550E-1,-5.591929034707E-1));
#11969=AXIS2_PLACEMENT_3D('',#11966,#11967,#11968);
#11970=PLANE('',#11969);
#11971=ORIENTED_EDGE('',*,*,#11789,.F.);
#11973=ORIENTED_EDGE('',*,*,#11972,.T.);
#11974=ORIENTED_EDGE('',*,*,#11863,.T.);
#11975=ORIENTED_EDGE('',*,*,#11959,.F.);
#11976=EDGE_LOOP('',(#11971,#11973,#11974,#11975));
#11977=FACE_OUTER_BOUND('',#11976,.F.);
#11978=ADVANCED_FACE('',(#11977),#11970,.T.);
#11979=CARTESIAN_POINT('',(-1.17856E1,-9.758782501259E0,-1.632604499911E1));
#11980=DIRECTION('',(0.E0,6.975647374413E-2,9.975640502598E-1));
#11981=DIRECTION('',(0.E0,9.975640502598E-1,-6.975647374413E-2));
#11982=AXIS2_PLACEMENT_3D('',#11979,#11980,#11981);
#11983=PLANE('',#11982);
#11984=ORIENTED_EDGE('',*,*,#11787,.F.);
#11986=ORIENTED_EDGE('',*,*,#11985,.T.);
#11987=ORIENTED_EDGE('',*,*,#11865,.T.);
#11988=ORIENTED_EDGE('',*,*,#11972,.F.);
#11989=EDGE_LOOP('',(#11984,#11986,#11987,#11988));
#11990=FACE_OUTER_BOUND('',#11989,.F.);
#11991=ADVANCED_FACE('',(#11990),#11983,.T.);
#11992=CARTESIAN_POINT('',(-1.17856E1,-9.8298E0,-1.643133277083E1));
#11993=DIRECTION('',(0.E0,-8.290375725550E-1,5.591929034707E-1));
#11994=DIRECTION('',(0.E0,5.591929034707E-1,8.290375725550E-1));
#11995=AXIS2_PLACEMENT_3D('',#11992,#11993,#11994);
#11996=PLANE('',#11995);
#11997=ORIENTED_EDGE('',*,*,#11785,.F.);
#11999=ORIENTED_EDGE('',*,*,#11998,.T.);
#12000=ORIENTED_EDGE('',*,*,#11867,.T.);
#12001=ORIENTED_EDGE('',*,*,#11985,.F.);
#12002=EDGE_LOOP('',(#11997,#11999,#12000,#12001));
#12003=FACE_OUTER_BOUND('',#12002,.F.);
#12004=ADVANCED_FACE('',(#12003),#11996,.T.);
#12005=CARTESIAN_POINT('',(-1.17856E1,-8.640669994963E0,-1.723341108686E1));
#12006=DIRECTION('',(0.E0,-5.591929034707E-1,-8.290375725550E-1));
#12007=DIRECTION('',(0.E0,-8.290375725550E-1,5.591929034707E-1));
#12008=AXIS2_PLACEMENT_3D('',#12005,#12006,#12007);
#12009=PLANE('',#12008);
#12010=ORIENTED_EDGE('',*,*,#11783,.F.);
#12012=ORIENTED_EDGE('',*,*,#12011,.T.);
#12013=ORIENTED_EDGE('',*,*,#11869,.T.);
#12014=ORIENTED_EDGE('',*,*,#11998,.F.);
#12015=EDGE_LOOP('',(#12010,#12012,#12013,#12014));
#12016=FACE_OUTER_BOUND('',#12015,.F.);
#12017=ADVANCED_FACE('',(#12016),#12009,.T.);
#12018=CARTESIAN_POINT('',(-1.17856E1,-8.3566E0,-1.681226E1));
#12019=DIRECTION('',(-1.E0,0.E0,0.E0));
#12020=DIRECTION('',(0.E0,0.E0,1.E0));
#12021=AXIS2_PLACEMENT_3D('',#12018,#12019,#12020);
#12022=CYLINDRICAL_SURFACE('',#12021,5.08E-1);
#12023=ORIENTED_EDGE('',*,*,#11781,.F.);
#12025=ORIENTED_EDGE('',*,*,#12024,.T.);
#12026=ORIENTED_EDGE('',*,*,#11871,.T.);
#12027=ORIENTED_EDGE('',*,*,#12011,.F.);
#12028=EDGE_LOOP('',(#12023,#12025,#12026,#12027));
#12029=FACE_OUTER_BOUND('',#12028,.F.);
#12030=ADVANCED_FACE('',(#12029),#12022,.T.);
#12031=CARTESIAN_POINT('',(-1.17856E1,-7.747157254418E0,-1.681717613104E1));
#12032=DIRECTION('',(0.E0,8.290375725550E-1,-5.591929034707E-1));
#12033=DIRECTION('',(0.E0,-5.591929034707E-1,-8.290375725550E-1));
#12034=AXIS2_PLACEMENT_3D('',#12031,#12032,#12033);
#12035=PLANE('',#12034);
#12036=ORIENTED_EDGE('',*,*,#11779,.F.);
#12038=ORIENTED_EDGE('',*,*,#12037,.T.);
#12039=ORIENTED_EDGE('',*,*,#11873,.T.);
#12040=ORIENTED_EDGE('',*,*,#12024,.F.);
#12041=EDGE_LOOP('',(#12036,#12038,#12039,#12040));
#12042=FACE_OUTER_BOUND('',#12041,.F.);
#12043=ADVANCED_FACE('',(#12042),#12035,.T.);
#12044=CARTESIAN_POINT('',(-1.17856E1,-7.5946E0,-1.692007729845E1));
#12045=DIRECTION('',(-1.E0,0.E0,0.E0));
#12046=DIRECTION('',(0.E0,0.E0,1.E0));
#12047=AXIS2_PLACEMENT_3D('',#12044,#12045,#12046);
#12048=CYLINDRICAL_SURFACE('',#12047,1.840172984536E-1);
#12049=ORIENTED_EDGE('',*,*,#11777,.F.);
#12050=ORIENTED_EDGE('',*,*,#11843,.T.);
#12051=ORIENTED_EDGE('',*,*,#11875,.T.);
#12052=ORIENTED_EDGE('',*,*,#12037,.F.);
#12053=EDGE_LOOP('',(#12049,#12050,#12051,#12052));
#12054=FACE_OUTER_BOUND('',#12053,.F.);
#12055=ADVANCED_FACE('',(#12054),#12048,.F.);
#12056=CARTESIAN_POINT('',(-1.17856E1,-7.5946E0,-1.406906E1));
#12057=DIRECTION('',(0.E0,0.E0,1.E0));
#12058=DIRECTION('',(0.E0,1.E0,0.E0));
#12059=AXIS2_PLACEMENT_3D('',#12056,#12057,#12058);
#12060=PLANE('',#12059);
#12061=ORIENTED_EDGE('',*,*,#10582,.T.);
#12062=ORIENTED_EDGE('',*,*,#11830,.F.);
#12064=ORIENTED_EDGE('',*,*,#12063,.T.);
#12065=ORIENTED_EDGE('',*,*,#11887,.T.);
#12066=EDGE_LOOP('',(#12061,#12062,#12064,#12065));
#12067=FACE_OUTER_BOUND('',#12066,.F.);
#12068=ADVANCED_FACE('',(#12067),#12060,.T.);
#12069=CARTESIAN_POINT('',(-1.17856E1,-7.5946E0,-1.388504270155E1));
#12070=DIRECTION('',(-1.E0,0.E0,0.E0));
#12071=DIRECTION('',(0.E0,0.E0,1.E0));
#12072=AXIS2_PLACEMENT_3D('',#12069,#12070,#12071);
#12073=CYLINDRICAL_SURFACE('',#12072,1.840172984536E-1);
#12074=ORIENTED_EDGE('',*,*,#11828,.F.);
#12076=ORIENTED_EDGE('',*,*,#12075,.T.);
#12077=ORIENTED_EDGE('',*,*,#11889,.T.);
#12078=ORIENTED_EDGE('',*,*,#12063,.F.);
#12079=EDGE_LOOP('',(#12074,#12076,#12077,#12078));
#12080=FACE_OUTER_BOUND('',#12079,.F.);
#12081=ADVANCED_FACE('',(#12080),#12073,.F.);
#12082=CARTESIAN_POINT('',(-1.17856E1,-7.935448913142E0,-1.370879000504E1));
#12083=DIRECTION('',(0.E0,8.290375725550E-1,5.591929034707E-1));
#12084=DIRECTION('',(0.E0,5.591929034707E-1,-8.290375725550E-1));
#12085=AXIS2_PLACEMENT_3D('',#12082,#12083,#12084);
#12086=PLANE('',#12085);
#12087=ORIENTED_EDGE('',*,*,#11826,.F.);
#12089=ORIENTED_EDGE('',*,*,#12088,.T.);
#12090=ORIENTED_EDGE('',*,*,#11891,.T.);
#12091=ORIENTED_EDGE('',*,*,#12075,.F.);
#12092=EDGE_LOOP('',(#12087,#12089,#12090,#12091));
#12093=FACE_OUTER_BOUND('',#12092,.F.);
#12094=ADVANCED_FACE('',(#12093),#12086,.T.);
#12095=CARTESIAN_POINT('',(-1.17856E1,-8.3566E0,-1.399286E1));
#12096=DIRECTION('',(-1.E0,0.E0,0.E0));
#12097=DIRECTION('',(0.E0,0.E0,1.E0));
#12098=AXIS2_PLACEMENT_3D('',#12095,#12096,#12097);
#12099=CYLINDRICAL_SURFACE('',#12098,5.08E-1);
#12100=ORIENTED_EDGE('',*,*,#11824,.F.);
#12102=ORIENTED_EDGE('',*,*,#12101,.T.);
#12103=ORIENTED_EDGE('',*,*,#11893,.T.);
#12104=ORIENTED_EDGE('',*,*,#12088,.F.);
#12105=EDGE_LOOP('',(#12100,#12102,#12103,#12104));
#12106=FACE_OUTER_BOUND('',#12105,.F.);
#12107=ADVANCED_FACE('',(#12106),#12099,.T.);
#12108=CARTESIAN_POINT('',(-1.17856E1,-9.8298E0,-1.437378722917E1));
#12109=DIRECTION('',(0.E0,-5.591929034707E-1,8.290375725550E-1));
#12110=DIRECTION('',(0.E0,8.290375725550E-1,5.591929034707E-1));
#12111=AXIS2_PLACEMENT_3D('',#12108,#12109,#12110);
#12112=PLANE('',#12111);
#12113=ORIENTED_EDGE('',*,*,#11822,.F.);
#12115=ORIENTED_EDGE('',*,*,#12114,.T.);
#12116=ORIENTED_EDGE('',*,*,#11895,.T.);
#12117=ORIENTED_EDGE('',*,*,#12101,.F.);
#12118=EDGE_LOOP('',(#12113,#12115,#12116,#12117));
#12119=FACE_OUTER_BOUND('',#12118,.F.);
#12120=ADVANCED_FACE('',(#12119),#12112,.T.);
#12121=CARTESIAN_POINT('',(-1.17856E1,-9.758782501259E0,-1.447907500089E1));
#12122=DIRECTION('',(0.E0,-8.290375725550E-1,-5.591929034707E-1));
#12123=DIRECTION('',(0.E0,-5.591929034707E-1,8.290375725550E-1));
#12124=AXIS2_PLACEMENT_3D('',#12121,#12122,#12123);
#12125=PLANE('',#12124);
#12126=ORIENTED_EDGE('',*,*,#11820,.F.);
#12128=ORIENTED_EDGE('',*,*,#12127,.T.);
#12129=ORIENTED_EDGE('',*,*,#11897,.T.);
#12130=ORIENTED_EDGE('',*,*,#12114,.F.);
#12131=EDGE_LOOP('',(#12126,#12128,#12129,#12130));
#12132=FACE_OUTER_BOUND('',#12131,.F.);
#12133=ADVANCED_FACE('',(#12132),#12125,.T.);
#12134=CARTESIAN_POINT('',(-1.17856E1,-9.373642972735E0,-1.445214342150E1));
#12135=DIRECTION('',(0.E0,6.975647374413E-2,-9.975640502598E-1));
#12136=DIRECTION('',(0.E0,-9.975640502598E-1,-6.975647374413E-2));
#12137=AXIS2_PLACEMENT_3D('',#12134,#12135,#12136);
#12138=PLANE('',#12137);
#12139=ORIENTED_EDGE('',*,*,#11818,.F.);
#12141=ORIENTED_EDGE('',*,*,#12140,.T.);
#12142=ORIENTED_EDGE('',*,*,#11899,.T.);
#12143=ORIENTED_EDGE('',*,*,#12127,.F.);
#12144=EDGE_LOOP('',(#12139,#12141,#12142,#12143));
#12145=FACE_OUTER_BOUND('',#12144,.F.);
#12146=ADVANCED_FACE('',(#12145),#12138,.T.);
#12147=CARTESIAN_POINT('',(-1.17856E1,-8.461705898136E0,-1.383703409786E1));
#12148=DIRECTION('',(0.E0,5.591929034707E-1,-8.290375725550E-1));
#12149=DIRECTION('',(0.E0,-8.290375725550E-1,-5.591929034707E-1));
#12150=AXIS2_PLACEMENT_3D('',#12147,#12148,#12149);
#12151=PLANE('',#12150);
#12152=ORIENTED_EDGE('',*,*,#11816,.F.);
#12154=ORIENTED_EDGE('',*,*,#12153,.T.);
#12155=ORIENTED_EDGE('',*,*,#11901,.T.);
#12156=ORIENTED_EDGE('',*,*,#12140,.F.);
#12157=EDGE_LOOP('',(#12152,#12154,#12155,#12156));
#12158=FACE_OUTER_BOUND('',#12157,.F.);
#12159=ADVANCED_FACE('',(#12158),#12151,.T.);
#12160=CARTESIAN_POINT('',(-1.17856E1,-8.3566E0,-1.399286E1));
#12161=DIRECTION('',(-1.E0,0.E0,0.E0));
#12162=DIRECTION('',(0.E0,0.E0,1.E0));
#12163=AXIS2_PLACEMENT_3D('',#12160,#12161,#12162);
#12164=CYLINDRICAL_SURFACE('',#12163,1.8796E-1);
#12165=ORIENTED_EDGE('',*,*,#11814,.F.);
#12167=ORIENTED_EDGE('',*,*,#12166,.T.);
#12168=ORIENTED_EDGE('',*,*,#11903,.T.);
#12169=ORIENTED_EDGE('',*,*,#12153,.F.);
#12170=EDGE_LOOP('',(#12165,#12167,#12168,#12169));
#12171=FACE_OUTER_BOUND('',#12170,.F.);
#12172=ADVANCED_FACE('',(#12171),#12164,.F.);
#12173=CARTESIAN_POINT('',(-1.17856E1,-8.012482439139E0,-1.416690796578E1));
#12174=DIRECTION('',(0.E0,-8.290375725550E-1,-5.591929034707E-1));
#12175=DIRECTION('',(0.E0,-5.591929034707E-1,8.290375725550E-1));
#12176=AXIS2_PLACEMENT_3D('',#12173,#12174,#12175);
#12177=PLANE('',#12176);
#12178=ORIENTED_EDGE('',*,*,#11812,.F.);
#12180=ORIENTED_EDGE('',*,*,#12179,.T.);
#12181=ORIENTED_EDGE('',*,*,#11905,.T.);
#12182=ORIENTED_EDGE('',*,*,#12166,.F.);
#12183=EDGE_LOOP('',(#12178,#12180,#12181,#12182));
#12184=FACE_OUTER_BOUND('',#12183,.F.);
#12185=ADVANCED_FACE('',(#12184),#12177,.T.);
#12186=CARTESIAN_POINT('',(-1.17856E1,-7.5946E0,-1.388504270155E1));
#12187=DIRECTION('',(-1.E0,0.E0,0.E0));
#12188=DIRECTION('',(0.E0,0.E0,1.E0));
#12189=AXIS2_PLACEMENT_3D('',#12186,#12187,#12188);
#12190=CYLINDRICAL_SURFACE('',#12189,5.040572984536E-1);
#12191=ORIENTED_EDGE('',*,*,#11810,.F.);
#12193=ORIENTED_EDGE('',*,*,#12192,.T.);
#12194=ORIENTED_EDGE('',*,*,#11907,.T.);
#12195=ORIENTED_EDGE('',*,*,#12179,.F.);
#12196=EDGE_LOOP('',(#12191,#12193,#12194,#12195));
#12197=FACE_OUTER_BOUND('',#12196,.F.);
#12198=ADVANCED_FACE('',(#12197),#12190,.T.);
#12199=CARTESIAN_POINT('',(-1.17856E1,-5.72516E0,-1.43891E1));
#12200=DIRECTION('',(0.E0,0.E0,-1.E0));
#12201=DIRECTION('',(0.E0,-1.E0,0.E0));
#12202=AXIS2_PLACEMENT_3D('',#12199,#12200,#12201);
#12203=PLANE('',#12202);
#12204=ORIENTED_EDGE('',*,*,#10586,.F.);
#12205=ORIENTED_EDGE('',*,*,#11909,.T.);
#12206=ORIENTED_EDGE('',*,*,#12192,.F.);
#12207=ORIENTED_EDGE('',*,*,#11808,.F.);
#12208=EDGE_LOOP('',(#12204,#12205,#12206,#12207));
#12209=FACE_OUTER_BOUND('',#12208,.F.);
#12210=ADVANCED_FACE('',(#12209),#12203,.T.);
#12211=CARTESIAN_POINT('',(1.17856E1,0.E0,-1.540256E1));
#12212=DIRECTION('',(1.E0,0.E0,0.E0));
#12213=DIRECTION('',(0.E0,0.E0,-1.E0));
#12214=AXIS2_PLACEMENT_3D('',#12211,#12212,#12213);
#12215=PLANE('',#12214);
#12216=ORIENTED_EDGE('',*,*,#10622,.F.);
#12218=ORIENTED_EDGE('',*,*,#12217,.T.);
#12220=ORIENTED_EDGE('',*,*,#12219,.T.);
#12222=ORIENTED_EDGE('',*,*,#12221,.T.);
#12224=ORIENTED_EDGE('',*,*,#12223,.T.);
#12226=ORIENTED_EDGE('',*,*,#12225,.T.);
#12228=ORIENTED_EDGE('',*,*,#12227,.T.);
#12230=ORIENTED_EDGE('',*,*,#12229,.T.);
#12232=ORIENTED_EDGE('',*,*,#12231,.T.);
#12234=ORIENTED_EDGE('',*,*,#12233,.T.);
#12236=ORIENTED_EDGE('',*,*,#12235,.T.);
#12238=ORIENTED_EDGE('',*,*,#12237,.T.);
#12240=ORIENTED_EDGE('',*,*,#12239,.T.);
#12241=EDGE_LOOP('',(#12216,#12218,#12220,#12222,#12224,#12226,#12228,#12230,
#12232,#12234,#12236,#12238,#12240));
#12242=FACE_OUTER_BOUND('',#12241,.F.);
#12243=ADVANCED_FACE('',(#12242),#12215,.F.);
#12244=CARTESIAN_POINT('',(1.17856E1,0.E0,-1.540256E1));
#12245=DIRECTION('',(1.E0,0.E0,0.E0));
#12246=DIRECTION('',(0.E0,0.E0,-1.E0));
#12247=AXIS2_PLACEMENT_3D('',#12244,#12245,#12246);
#12248=PLANE('',#12247);
#12249=ORIENTED_EDGE('',*,*,#10632,.F.);
#12251=ORIENTED_EDGE('',*,*,#12250,.T.);
#12253=ORIENTED_EDGE('',*,*,#12252,.T.);
#12255=ORIENTED_EDGE('',*,*,#12254,.T.);
#12257=ORIENTED_EDGE('',*,*,#12256,.T.);
#12259=ORIENTED_EDGE('',*,*,#12258,.T.);
#12261=ORIENTED_EDGE('',*,*,#12260,.T.);
#12263=ORIENTED_EDGE('',*,*,#12262,.T.);
#12265=ORIENTED_EDGE('',*,*,#12264,.T.);
#12267=ORIENTED_EDGE('',*,*,#12266,.T.);
#12269=ORIENTED_EDGE('',*,*,#12268,.T.);
#12271=ORIENTED_EDGE('',*,*,#12270,.T.);
#12273=ORIENTED_EDGE('',*,*,#12272,.T.);
#12274=EDGE_LOOP('',(#12249,#12251,#12253,#12255,#12257,#12259,#12261,#12263,
#12265,#12267,#12269,#12271,#12273));
#12275=FACE_OUTER_BOUND('',#12274,.F.);
#12276=ADVANCED_FACE('',(#12275),#12248,.F.);
#12277=CARTESIAN_POINT('',(1.17856E1,-5.72516E0,-1.406906E1));
#12278=DIRECTION('',(0.E0,0.E0,1.E0));
#12279=DIRECTION('',(0.E0,-1.E0,0.E0));
#12280=AXIS2_PLACEMENT_3D('',#12277,#12278,#12279);
#12281=PLANE('',#12280);
#12282=ORIENTED_EDGE('',*,*,#10628,.T.);
#12284=ORIENTED_EDGE('',*,*,#12283,.T.);
#12286=ORIENTED_EDGE('',*,*,#12285,.F.);
#12287=ORIENTED_EDGE('',*,*,#12217,.F.);
#12288=EDGE_LOOP('',(#12282,#12284,#12286,#12287));
#12289=FACE_OUTER_BOUND('',#12288,.F.);
#12290=ADVANCED_FACE('',(#12289),#12281,.T.);
#12291=CARTESIAN_POINT('',(1.3208E1,0.E0,-1.540256E1));
#12292=DIRECTION('',(1.E0,0.E0,0.E0));
#12293=DIRECTION('',(0.E0,0.E0,-1.E0));
#12294=AXIS2_PLACEMENT_3D('',#12291,#12292,#12293);
#12295=PLANE('',#12294);
#12296=ORIENTED_EDGE('',*,*,#10626,.T.);
#12298=ORIENTED_EDGE('',*,*,#12297,.F.);
#12300=ORIENTED_EDGE('',*,*,#12299,.F.);
#12302=ORIENTED_EDGE('',*,*,#12301,.F.);
#12304=ORIENTED_EDGE('',*,*,#12303,.F.);
#12306=ORIENTED_EDGE('',*,*,#12305,.F.);
#12308=ORIENTED_EDGE('',*,*,#12307,.F.);
#12310=ORIENTED_EDGE('',*,*,#12309,.F.);
#12312=ORIENTED_EDGE('',*,*,#12311,.F.);
#12314=ORIENTED_EDGE('',*,*,#12313,.F.);
#12316=ORIENTED_EDGE('',*,*,#12315,.F.);
#12318=ORIENTED_EDGE('',*,*,#12317,.F.);
#12319=ORIENTED_EDGE('',*,*,#12283,.F.);
#12320=EDGE_LOOP('',(#12296,#12298,#12300,#12302,#12304,#12306,#12308,#12310,
#12312,#12314,#12316,#12318,#12319));
#12321=FACE_OUTER_BOUND('',#12320,.F.);
#12322=ADVANCED_FACE('',(#12321),#12295,.T.);
#12323=CARTESIAN_POINT('',(1.3208E1,0.E0,-1.540256E1));
#12324=DIRECTION('',(1.E0,0.E0,0.E0));
#12325=DIRECTION('',(0.E0,0.E0,-1.E0));
#12326=AXIS2_PLACEMENT_3D('',#12323,#12324,#12325);
#12327=PLANE('',#12326);
#12328=ORIENTED_EDGE('',*,*,#10636,.T.);
#12330=ORIENTED_EDGE('',*,*,#12329,.F.);
#12332=ORIENTED_EDGE('',*,*,#12331,.F.);
#12334=ORIENTED_EDGE('',*,*,#12333,.F.);
#12336=ORIENTED_EDGE('',*,*,#12335,.F.);
#12338=ORIENTED_EDGE('',*,*,#12337,.F.);
#12340=ORIENTED_EDGE('',*,*,#12339,.F.);
#12342=ORIENTED_EDGE('',*,*,#12341,.F.);
#12344=ORIENTED_EDGE('',*,*,#12343,.F.);
#12346=ORIENTED_EDGE('',*,*,#12345,.F.);
#12348=ORIENTED_EDGE('',*,*,#12347,.F.);
#12350=ORIENTED_EDGE('',*,*,#12349,.F.);
#12352=ORIENTED_EDGE('',*,*,#12351,.F.);
#12353=EDGE_LOOP('',(#12328,#12330,#12332,#12334,#12336,#12338,#12340,#12342,
#12344,#12346,#12348,#12350,#12352));
#12354=FACE_OUTER_BOUND('',#12353,.F.);
#12355=ADVANCED_FACE('',(#12354),#12327,.T.);
#12356=CARTESIAN_POINT('',(1.17856E1,-7.5946E0,-1.43891E1));
#12357=DIRECTION('',(0.E0,0.E0,-1.E0));
#12358=DIRECTION('',(0.E0,1.E0,0.E0));
#12359=AXIS2_PLACEMENT_3D('',#12356,#12357,#12358);
#12360=PLANE('',#12359);
#12361=ORIENTED_EDGE('',*,*,#10624,.F.);
#12362=ORIENTED_EDGE('',*,*,#12239,.F.);
#12364=ORIENTED_EDGE('',*,*,#12363,.T.);
#12365=ORIENTED_EDGE('',*,*,#12297,.T.);
#12366=EDGE_LOOP('',(#12361,#12362,#12364,#12365));
#12367=FACE_OUTER_BOUND('',#12366,.F.);
#12368=ADVANCED_FACE('',(#12367),#12360,.T.);
#12369=CARTESIAN_POINT('',(1.17856E1,-7.5946E0,-1.388504270155E1));
#12370=DIRECTION('',(1.E0,0.E0,0.E0));
#12371=DIRECTION('',(0.E0,0.E0,-1.E0));
#12372=AXIS2_PLACEMENT_3D('',#12369,#12370,#12371);
#12373=CYLINDRICAL_SURFACE('',#12372,5.040572984536E-1);
#12374=ORIENTED_EDGE('',*,*,#12237,.F.);
#12376=ORIENTED_EDGE('',*,*,#12375,.T.);
#12377=ORIENTED_EDGE('',*,*,#12299,.T.);
#12378=ORIENTED_EDGE('',*,*,#12363,.F.);
#12379=EDGE_LOOP('',(#12374,#12376,#12377,#12378));
#12380=FACE_OUTER_BOUND('',#12379,.F.);
#12381=ADVANCED_FACE('',(#12380),#12373,.T.);
#12382=CARTESIAN_POINT('',(1.17856E1,-8.200774097863E0,-1.388775410186E1));
#12383=DIRECTION('',(0.E0,-8.290375725550E-1,-5.591929034707E-1));
#12384=DIRECTION('',(0.E0,5.591929034707E-1,-8.290375725550E-1));
#12385=AXIS2_PLACEMENT_3D('',#12382,#12383,#12384);
#12386=PLANE('',#12385);
#12387=ORIENTED_EDGE('',*,*,#12235,.F.);
#12389=ORIENTED_EDGE('',*,*,#12388,.T.);
#12390=ORIENTED_EDGE('',*,*,#12301,.T.);
#12391=ORIENTED_EDGE('',*,*,#12375,.F.);
#12392=EDGE_LOOP('',(#12387,#12389,#12390,#12391));
#12393=FACE_OUTER_BOUND('',#12392,.F.);
#12394=ADVANCED_FACE('',(#12393),#12386,.T.);
#12395=CARTESIAN_POINT('',(1.17856E1,-8.3566E0,-1.399286E1));
#12396=DIRECTION('',(1.E0,0.E0,0.E0));
#12397=DIRECTION('',(0.E0,0.E0,-1.E0));
#12398=AXIS2_PLACEMENT_3D('',#12395,#12396,#12397);
#12399=CYLINDRICAL_SURFACE('',#12398,1.8796E-1);
#12400=ORIENTED_EDGE('',*,*,#12233,.F.);
#12402=ORIENTED_EDGE('',*,*,#12401,.T.);
#12403=ORIENTED_EDGE('',*,*,#12303,.T.);
#12404=ORIENTED_EDGE('',*,*,#12388,.F.);
#12405=EDGE_LOOP('',(#12400,#12402,#12403,#12404));
#12406=FACE_OUTER_BOUND('',#12405,.F.);
#12407=ADVANCED_FACE('',(#12406),#12399,.F.);
#12408=CARTESIAN_POINT('',(1.17856E1,-9.373642972735E0,-1.445214342150E1));
#12409=DIRECTION('',(0.E0,5.591929034707E-1,-8.290375725550E-1));
#12410=DIRECTION('',(0.E0,8.290375725550E-1,5.591929034707E-1));
#12411=AXIS2_PLACEMENT_3D('',#12408,#12409,#12410);
#12412=PLANE('',#12411);
#12413=ORIENTED_EDGE('',*,*,#12231,.F.);
#12415=ORIENTED_EDGE('',*,*,#12414,.T.);
#12416=ORIENTED_EDGE('',*,*,#12305,.T.);
#12417=ORIENTED_EDGE('',*,*,#12401,.F.);
#12418=EDGE_LOOP('',(#12413,#12415,#12416,#12417));
#12419=FACE_OUTER_BOUND('',#12418,.F.);
#12420=ADVANCED_FACE('',(#12419),#12412,.T.);
#12421=CARTESIAN_POINT('',(1.17856E1,-9.758782501259E0,-1.447907500089E1));
#12422=DIRECTION('',(0.E0,6.975647374413E-2,-9.975640502598E-1));
#12423=DIRECTION('',(0.E0,9.975640502598E-1,6.975647374413E-2));
#12424=AXIS2_PLACEMENT_3D('',#12421,#12422,#12423);
#12425=PLANE('',#12424);
#12426=ORIENTED_EDGE('',*,*,#12229,.F.);
#12428=ORIENTED_EDGE('',*,*,#12427,.T.);
#12429=ORIENTED_EDGE('',*,*,#12307,.T.);
#12430=ORIENTED_EDGE('',*,*,#12414,.F.);
#12431=EDGE_LOOP('',(#12426,#12428,#12429,#12430));
#12432=FACE_OUTER_BOUND('',#12431,.F.);
#12433=ADVANCED_FACE('',(#12432),#12425,.T.);
#12434=CARTESIAN_POINT('',(1.17856E1,-9.8298E0,-1.437378722917E1));
#12435=DIRECTION('',(0.E0,-8.290375725550E-1,-5.591929034707E-1));
#12436=DIRECTION('',(0.E0,5.591929034707E-1,-8.290375725550E-1));
#12437=AXIS2_PLACEMENT_3D('',#12434,#12435,#12436);
#12438=PLANE('',#12437);
#12439=ORIENTED_EDGE('',*,*,#12227,.F.);
#12441=ORIENTED_EDGE('',*,*,#12440,.T.);
#12442=ORIENTED_EDGE('',*,*,#12309,.T.);
#12443=ORIENTED_EDGE('',*,*,#12427,.F.);
#12444=EDGE_LOOP('',(#12439,#12441,#12442,#12443));
#12445=FACE_OUTER_BOUND('',#12444,.F.);
#12446=ADVANCED_FACE('',(#12445),#12438,.T.);
#12447=CARTESIAN_POINT('',(1.17856E1,-8.640669994963E0,-1.357170891314E1));
#12448=DIRECTION('',(0.E0,-5.591929034707E-1,8.290375725550E-1));
#12449=DIRECTION('',(0.E0,-8.290375725550E-1,-5.591929034707E-1));
#12450=AXIS2_PLACEMENT_3D('',#12447,#12448,#12449);
#12451=PLANE('',#12450);
#12452=ORIENTED_EDGE('',*,*,#12225,.F.);
#12454=ORIENTED_EDGE('',*,*,#12453,.T.);
#12455=ORIENTED_EDGE('',*,*,#12311,.T.);
#12456=ORIENTED_EDGE('',*,*,#12440,.F.);
#12457=EDGE_LOOP('',(#12452,#12454,#12455,#12456));
#12458=FACE_OUTER_BOUND('',#12457,.F.);
#12459=ADVANCED_FACE('',(#12458),#12451,.T.);
#12460=CARTESIAN_POINT('',(1.17856E1,-8.3566E0,-1.399286E1));
#12461=DIRECTION('',(1.E0,0.E0,0.E0));
#12462=DIRECTION('',(0.E0,0.E0,-1.E0));
#12463=AXIS2_PLACEMENT_3D('',#12460,#12461,#12462);
#12464=CYLINDRICAL_SURFACE('',#12463,5.08E-1);
#12465=ORIENTED_EDGE('',*,*,#12223,.F.);
#12467=ORIENTED_EDGE('',*,*,#12466,.T.);
#12468=ORIENTED_EDGE('',*,*,#12313,.T.);
#12469=ORIENTED_EDGE('',*,*,#12453,.F.);
#12470=EDGE_LOOP('',(#12465,#12467,#12468,#12469));
#12471=FACE_OUTER_BOUND('',#12470,.F.);
#12472=ADVANCED_FACE('',(#12471),#12464,.T.);
#12473=CARTESIAN_POINT('',(1.17856E1,-7.747157254418E0,-1.398794386896E1));
#12474=DIRECTION('',(0.E0,8.290375725550E-1,5.591929034707E-1));
#12475=DIRECTION('',(0.E0,-5.591929034707E-1,8.290375725550E-1));
#12476=AXIS2_PLACEMENT_3D('',#12473,#12474,#12475);
#12477=PLANE('',#12476);
#12478=ORIENTED_EDGE('',*,*,#12221,.F.);
#12480=ORIENTED_EDGE('',*,*,#12479,.T.);
#12481=ORIENTED_EDGE('',*,*,#12315,.T.);
#12482=ORIENTED_EDGE('',*,*,#12466,.F.);
#12483=EDGE_LOOP('',(#12478,#12480,#12481,#12482));
#12484=FACE_OUTER_BOUND('',#12483,.F.);
#12485=ADVANCED_FACE('',(#12484),#12477,.T.);
#12486=CARTESIAN_POINT('',(1.17856E1,-7.5946E0,-1.388504270155E1));
#12487=DIRECTION('',(1.E0,0.E0,0.E0));
#12488=DIRECTION('',(0.E0,0.E0,-1.E0));
#12489=AXIS2_PLACEMENT_3D('',#12486,#12487,#12488);
#12490=CYLINDRICAL_SURFACE('',#12489,1.840172984536E-1);
#12491=ORIENTED_EDGE('',*,*,#12219,.F.);
#12492=ORIENTED_EDGE('',*,*,#12285,.T.);
#12493=ORIENTED_EDGE('',*,*,#12317,.T.);
#12494=ORIENTED_EDGE('',*,*,#12479,.F.);
#12495=EDGE_LOOP('',(#12491,#12492,#12493,#12494));
#12496=FACE_OUTER_BOUND('',#12495,.F.);
#12497=ADVANCED_FACE('',(#12496),#12490,.F.);
#12498=CARTESIAN_POINT('',(1.17856E1,-7.5946E0,-1.673606E1));
#12499=DIRECTION('',(0.E0,0.E0,-1.E0));
#12500=DIRECTION('',(0.E0,1.E0,0.E0));
#12501=AXIS2_PLACEMENT_3D('',#12498,#12499,#12500);
#12502=PLANE('',#12501);
#12503=ORIENTED_EDGE('',*,*,#10634,.F.);
#12504=ORIENTED_EDGE('',*,*,#12272,.F.);
#12506=ORIENTED_EDGE('',*,*,#12505,.T.);
#12507=ORIENTED_EDGE('',*,*,#12329,.T.);
#12508=EDGE_LOOP('',(#12503,#12504,#12506,#12507));
#12509=FACE_OUTER_BOUND('',#12508,.F.);
#12510=ADVANCED_FACE('',(#12509),#12502,.T.);
#12511=CARTESIAN_POINT('',(1.17856E1,-7.5946E0,-1.692007729845E1));
#12512=DIRECTION('',(1.E0,0.E0,0.E0));
#12513=DIRECTION('',(0.E0,0.E0,-1.E0));
#12514=AXIS2_PLACEMENT_3D('',#12511,#12512,#12513);
#12515=CYLINDRICAL_SURFACE('',#12514,1.840172984536E-1);
#12516=ORIENTED_EDGE('',*,*,#12270,.F.);
#12518=ORIENTED_EDGE('',*,*,#12517,.T.);
#12519=ORIENTED_EDGE('',*,*,#12331,.T.);
#12520=ORIENTED_EDGE('',*,*,#12505,.F.);
#12521=EDGE_LOOP('',(#12516,#12518,#12519,#12520));
#12522=FACE_OUTER_BOUND('',#12521,.F.);
#12523=ADVANCED_FACE('',(#12522),#12515,.F.);
#12524=CARTESIAN_POINT('',(1.17856E1,-7.935448913142E0,-1.709632999496E1));
#12525=DIRECTION('',(0.E0,8.290375725550E-1,-5.591929034707E-1));
#12526=DIRECTION('',(0.E0,5.591929034707E-1,8.290375725550E-1));
#12527=AXIS2_PLACEMENT_3D('',#12524,#12525,#12526);
#12528=PLANE('',#12527);
#12529=ORIENTED_EDGE('',*,*,#12268,.F.);
#12531=ORIENTED_EDGE('',*,*,#12530,.T.);
#12532=ORIENTED_EDGE('',*,*,#12333,.T.);
#12533=ORIENTED_EDGE('',*,*,#12517,.F.);
#12534=EDGE_LOOP('',(#12529,#12531,#12532,#12533));
#12535=FACE_OUTER_BOUND('',#12534,.F.);
#12536=ADVANCED_FACE('',(#12535),#12528,.T.);
#12537=CARTESIAN_POINT('',(1.17856E1,-8.3566E0,-1.681226E1));
#12538=DIRECTION('',(1.E0,0.E0,0.E0));
#12539=DIRECTION('',(0.E0,0.E0,-1.E0));
#12540=AXIS2_PLACEMENT_3D('',#12537,#12538,#12539);
#12541=CYLINDRICAL_SURFACE('',#12540,5.08E-1);
#12542=ORIENTED_EDGE('',*,*,#12266,.F.);
#12544=ORIENTED_EDGE('',*,*,#12543,.T.);
#12545=ORIENTED_EDGE('',*,*,#12335,.T.);
#12546=ORIENTED_EDGE('',*,*,#12530,.F.);
#12547=EDGE_LOOP('',(#12542,#12544,#12545,#12546));
#12548=FACE_OUTER_BOUND('',#12547,.F.);
#12549=ADVANCED_FACE('',(#12548),#12541,.T.);
#12550=CARTESIAN_POINT('',(1.17856E1,-9.8298E0,-1.643133277083E1));
#12551=DIRECTION('',(0.E0,-5.591929034707E-1,-8.290375725550E-1));
#12552=DIRECTION('',(0.E0,8.290375725550E-1,-5.591929034707E-1));
#12553=AXIS2_PLACEMENT_3D('',#12550,#12551,#12552);
#12554=PLANE('',#12553);
#12555=ORIENTED_EDGE('',*,*,#12264,.F.);
#12557=ORIENTED_EDGE('',*,*,#12556,.T.);
#12558=ORIENTED_EDGE('',*,*,#12337,.T.);
#12559=ORIENTED_EDGE('',*,*,#12543,.F.);
#12560=EDGE_LOOP('',(#12555,#12557,#12558,#12559));
#12561=FACE_OUTER_BOUND('',#12560,.F.);
#12562=ADVANCED_FACE('',(#12561),#12554,.T.);
#12563=CARTESIAN_POINT('',(1.17856E1,-9.758782501259E0,-1.632604499911E1));
#12564=DIRECTION('',(0.E0,-8.290375725550E-1,5.591929034707E-1));
#12565=DIRECTION('',(0.E0,-5.591929034707E-1,-8.290375725550E-1));
#12566=AXIS2_PLACEMENT_3D('',#12563,#12564,#12565);
#12567=PLANE('',#12566);
#12568=ORIENTED_EDGE('',*,*,#12262,.F.);
#12570=ORIENTED_EDGE('',*,*,#12569,.T.);
#12571=ORIENTED_EDGE('',*,*,#12339,.T.);
#12572=ORIENTED_EDGE('',*,*,#12556,.F.);
#12573=EDGE_LOOP('',(#12568,#12570,#12571,#12572));
#12574=FACE_OUTER_BOUND('',#12573,.F.);
#12575=ADVANCED_FACE('',(#12574),#12567,.T.);
#12576=CARTESIAN_POINT('',(1.17856E1,-9.373642972735E0,-1.635297657850E1));
#12577=DIRECTION('',(0.E0,6.975647374412E-2,9.975640502598E-1));
#12578=DIRECTION('',(0.E0,-9.975640502598E-1,6.975647374412E-2));
#12579=AXIS2_PLACEMENT_3D('',#12576,#12577,#12578);
#12580=PLANE('',#12579);
#12581=ORIENTED_EDGE('',*,*,#12260,.F.);
#12583=ORIENTED_EDGE('',*,*,#12582,.T.);
#12584=ORIENTED_EDGE('',*,*,#12341,.T.);
#12585=ORIENTED_EDGE('',*,*,#12569,.F.);
#12586=EDGE_LOOP('',(#12581,#12583,#12584,#12585));
#12587=FACE_OUTER_BOUND('',#12586,.F.);
#12588=ADVANCED_FACE('',(#12587),#12580,.T.);
#12589=CARTESIAN_POINT('',(1.17856E1,-8.461705898136E0,-1.696808590214E1));
#12590=DIRECTION('',(0.E0,5.591929034707E-1,8.290375725550E-1));
#12591=DIRECTION('',(0.E0,-8.290375725550E-1,5.591929034707E-1));
#12592=AXIS2_PLACEMENT_3D('',#12589,#12590,#12591);
#12593=PLANE('',#12592);
#12594=ORIENTED_EDGE('',*,*,#12258,.F.);
#12596=ORIENTED_EDGE('',*,*,#12595,.T.);
#12597=ORIENTED_EDGE('',*,*,#12343,.T.);
#12598=ORIENTED_EDGE('',*,*,#12582,.F.);
#12599=EDGE_LOOP('',(#12594,#12596,#12597,#12598));
#12600=FACE_OUTER_BOUND('',#12599,.F.);
#12601=ADVANCED_FACE('',(#12600),#12593,.T.);
#12602=CARTESIAN_POINT('',(1.17856E1,-8.3566E0,-1.681226E1));
#12603=DIRECTION('',(1.E0,0.E0,0.E0));
#12604=DIRECTION('',(0.E0,0.E0,-1.E0));
#12605=AXIS2_PLACEMENT_3D('',#12602,#12603,#12604);
#12606=CYLINDRICAL_SURFACE('',#12605,1.8796E-1);
#12607=ORIENTED_EDGE('',*,*,#12256,.F.);
#12609=ORIENTED_EDGE('',*,*,#12608,.T.);
#12610=ORIENTED_EDGE('',*,*,#12345,.T.);
#12611=ORIENTED_EDGE('',*,*,#12595,.F.);
#12612=EDGE_LOOP('',(#12607,#12609,#12610,#12611));
#12613=FACE_OUTER_BOUND('',#12612,.F.);
#12614=ADVANCED_FACE('',(#12613),#12606,.F.);
#12615=CARTESIAN_POINT('',(1.17856E1,-8.012482439139E0,-1.663821203422E1));
#12616=DIRECTION('',(0.E0,-8.290375725550E-1,5.591929034707E-1));
#12617=DIRECTION('',(0.E0,-5.591929034707E-1,-8.290375725550E-1));
#12618=AXIS2_PLACEMENT_3D('',#12615,#12616,#12617);
#12619=PLANE('',#12618);
#12620=ORIENTED_EDGE('',*,*,#12254,.F.);
#12622=ORIENTED_EDGE('',*,*,#12621,.T.);
#12623=ORIENTED_EDGE('',*,*,#12347,.T.);
#12624=ORIENTED_EDGE('',*,*,#12608,.F.);
#12625=EDGE_LOOP('',(#12620,#12622,#12623,#12624));
#12626=FACE_OUTER_BOUND('',#12625,.F.);
#12627=ADVANCED_FACE('',(#12626),#12619,.T.);
#12628=CARTESIAN_POINT('',(1.17856E1,-7.5946E0,-1.692007729845E1));
#12629=DIRECTION('',(1.E0,0.E0,0.E0));
#12630=DIRECTION('',(0.E0,0.E0,-1.E0));
#12631=AXIS2_PLACEMENT_3D('',#12628,#12629,#12630);
#12632=CYLINDRICAL_SURFACE('',#12631,5.040572984536E-1);
#12633=ORIENTED_EDGE('',*,*,#12252,.F.);
#12635=ORIENTED_EDGE('',*,*,#12634,.T.);
#12636=ORIENTED_EDGE('',*,*,#12349,.T.);
#12637=ORIENTED_EDGE('',*,*,#12621,.F.);
#12638=EDGE_LOOP('',(#12633,#12635,#12636,#12637));
#12639=FACE_OUTER_BOUND('',#12638,.F.);
#12640=ADVANCED_FACE('',(#12639),#12632,.T.);
#12641=CARTESIAN_POINT('',(1.17856E1,-5.72516E0,-1.641602E1));
#12642=DIRECTION('',(0.E0,0.E0,1.E0));
#12643=DIRECTION('',(0.E0,-1.E0,0.E0));
#12644=AXIS2_PLACEMENT_3D('',#12641,#12642,#12643);
#12645=PLANE('',#12644);
#12646=ORIENTED_EDGE('',*,*,#10638,.T.);
#12647=ORIENTED_EDGE('',*,*,#12351,.T.);
#12648=ORIENTED_EDGE('',*,*,#12634,.F.);
#12649=ORIENTED_EDGE('',*,*,#12250,.F.);
#12650=EDGE_LOOP('',(#12646,#12647,#12648,#12649));
#12651=FACE_OUTER_BOUND('',#12650,.F.);
#12652=ADVANCED_FACE('',(#12651),#12645,.T.);
#12653=CARTESIAN_POINT('',(-1.43383E1,-5.3086E0,0.E0));
#12654=DIRECTION('',(-1.E0,0.E0,0.E0));
#12655=DIRECTION('',(0.E0,-1.E0,0.E0));
#12656=AXIS2_PLACEMENT_3D('',#12653,#12654,#12655);
#12657=PLANE('',#12656);
#12658=ORIENTED_EDGE('',*,*,#9812,.F.);
#12660=ORIENTED_EDGE('',*,*,#12659,.T.);
#12661=ORIENTED_EDGE('',*,*,#9729,.T.);
#12662=ORIENTED_EDGE('',*,*,#10421,.T.);
#12663=EDGE_LOOP('',(#12658,#12660,#12661,#12662));
#12664=FACE_OUTER_BOUND('',#12663,.F.);
#12665=ADVANCED_FACE('',(#12664),#12657,.F.);
#12666=CARTESIAN_POINT('',(0.E0,0.E0,-6.30936E0));
#12667=DIRECTION('',(0.E0,0.E0,1.E0));
#12668=DIRECTION('',(1.E0,0.E0,0.E0));
#12669=AXIS2_PLACEMENT_3D('',#12666,#12667,#12668);
#12670=PLANE('',#12669);
#12671=ORIENTED_EDGE('',*,*,#9867,.T.);
#12672=ORIENTED_EDGE('',*,*,#9918,.F.);
#12673=ORIENTED_EDGE('',*,*,#9935,.F.);
#12674=ORIENTED_EDGE('',*,*,#9948,.F.);
#12675=ORIENTED_EDGE('',*,*,#9961,.F.);
#12676=ORIENTED_EDGE('',*,*,#9983,.F.);
#12677=ORIENTED_EDGE('',*,*,#9762,.F.);
#12678=EDGE_LOOP('',(#12671,#12672,#12673,#12674,#12675,#12676,#12677));
#12679=FACE_OUTER_BOUND('',#12678,.F.);
#12680=ADVANCED_FACE('',(#12679),#12670,.T.);
#12681=CARTESIAN_POINT('',(0.E0,0.E0,-6.30936E0));
#12682=DIRECTION('',(0.E0,0.E0,1.E0));
#12683=DIRECTION('',(1.E0,0.E0,0.E0));
#12684=AXIS2_PLACEMENT_3D('',#12681,#12682,#12683);
#12685=PLANE('',#12684);
#12686=ORIENTED_EDGE('',*,*,#12659,.F.);
#12687=ORIENTED_EDGE('',*,*,#9827,.F.);
#12688=ORIENTED_EDGE('',*,*,#9662,.T.);
#12689=ORIENTED_EDGE('',*,*,#9686,.F.);
#12690=ORIENTED_EDGE('',*,*,#9699,.F.);
#12691=ORIENTED_EDGE('',*,*,#9712,.F.);
#12692=ORIENTED_EDGE('',*,*,#9731,.T.);
#12693=EDGE_LOOP('',(#12686,#12687,#12688,#12689,#12690,#12691,#12692));
#12694=FACE_OUTER_BOUND('',#12693,.F.);
#12695=ADVANCED_FACE('',(#12694),#12685,.T.);
#12696=CARTESIAN_POINT('',(-9.4234E0,-6.2738E0,-1.860296E1));
#12697=DIRECTION('',(1.E0,0.E0,0.E0));
#12698=DIRECTION('',(0.E0,0.E0,1.E0));
#12699=AXIS2_PLACEMENT_3D('',#12696,#12697,#12698);
#12700=PLANE('',#12699);
#12702=ORIENTED_EDGE('',*,*,#12701,.F.);
#12703=ORIENTED_EDGE('',*,*,#10319,.T.);
#12704=ORIENTED_EDGE('',*,*,#9842,.T.);
#12706=ORIENTED_EDGE('',*,*,#12705,.F.);
#12707=EDGE_LOOP('',(#12702,#12703,#12704,#12706));
#12708=FACE_OUTER_BOUND('',#12707,.F.);
#12709=ADVANCED_FACE('',(#12708),#12700,.F.);
#12710=CARTESIAN_POINT('',(-1.55194E1,-6.2738E0,-5.8928E0));
#12711=DIRECTION('',(0.E0,-1.E0,0.E0));
#12712=DIRECTION('',(0.E0,0.E0,-1.E0));
#12713=AXIS2_PLACEMENT_3D('',#12710,#12711,#12712);
#12714=PLANE('',#12713);
#12716=ORIENTED_EDGE('',*,*,#12715,.T.);
#12717=ORIENTED_EDGE('',*,*,#10321,.F.);
#12718=ORIENTED_EDGE('',*,*,#12701,.T.);
#12720=ORIENTED_EDGE('',*,*,#12719,.F.);
#12721=ORIENTED_EDGE('',*,*,#9748,.F.);
#12722=ORIENTED_EDGE('',*,*,#8833,.T.);
#12723=ORIENTED_EDGE('',*,*,#9905,.T.);
#12725=ORIENTED_EDGE('',*,*,#12724,.T.);
#12727=ORIENTED_EDGE('',*,*,#12726,.F.);
#12728=ORIENTED_EDGE('',*,*,#10346,.F.);
#12729=ORIENTED_EDGE('',*,*,#10301,.F.);
#12731=ORIENTED_EDGE('',*,*,#12730,.F.);
#12732=EDGE_LOOP('',(#12716,#12717,#12718,#12720,#12721,#12722,#12723,#12725,
#12727,#12728,#12729,#12731));
#12733=FACE_OUTER_BOUND('',#12732,.F.);
#12734=ADVANCED_FACE('',(#12733),#12714,.T.);
#12735=CARTESIAN_POINT('',(-7.8994E0,-5.207E0,-6.30936E0));
#12736=DIRECTION('',(-1.E0,0.E0,0.E0));
#12737=DIRECTION('',(0.E0,-1.E0,0.E0));
#12738=AXIS2_PLACEMENT_3D('',#12735,#12736,#12737);
#12739=PLANE('',#12738);
#12741=ORIENTED_EDGE('',*,*,#12740,.T.);
#12742=ORIENTED_EDGE('',*,*,#10051,.T.);
#12743=ORIENTED_EDGE('',*,*,#10093,.F.);
#12744=ORIENTED_EDGE('',*,*,#10323,.T.);
#12745=ORIENTED_EDGE('',*,*,#12715,.F.);
#12747=ORIENTED_EDGE('',*,*,#12746,.F.);
#12748=EDGE_LOOP('',(#12741,#12742,#12743,#12744,#12745,#12747));
#12749=FACE_OUTER_BOUND('',#12748,.F.);
#12750=ADVANCED_FACE('',(#12749),#12739,.F.);
#12751=CARTESIAN_POINT('',(7.8994E0,-5.207E0,-6.30936E0));
#12752=DIRECTION('',(0.E0,1.E0,0.E0));
#12753=DIRECTION('',(-1.E0,0.E0,0.E0));
#12754=AXIS2_PLACEMENT_3D('',#12751,#12752,#12753);
#12755=PLANE('',#12754);
#12756=ORIENTED_EDGE('',*,*,#10053,.T.);
#12757=ORIENTED_EDGE('',*,*,#12740,.F.);
#12759=ORIENTED_EDGE('',*,*,#12758,.F.);
#12760=ORIENTED_EDGE('',*,*,#10297,.T.);
#12761=EDGE_LOOP('',(#12756,#12757,#12759,#12760));
#12762=FACE_OUTER_BOUND('',#12761,.F.);
#12764=ORIENTED_EDGE('',*,*,#12763,.T.);
#12766=ORIENTED_EDGE('',*,*,#12765,.T.);
#12767=EDGE_LOOP('',(#12764,#12766));
#12768=FACE_BOUND('',#12767,.F.);
#12770=ORIENTED_EDGE('',*,*,#12769,.T.);
#12772=ORIENTED_EDGE('',*,*,#12771,.T.);
#12773=EDGE_LOOP('',(#12770,#12772));
#12774=FACE_BOUND('',#12773,.F.);
#12776=ORIENTED_EDGE('',*,*,#12775,.T.);
#12778=ORIENTED_EDGE('',*,*,#12777,.T.);
#12779=EDGE_LOOP('',(#12776,#12778));
#12780=FACE_BOUND('',#12779,.F.);
#12782=ORIENTED_EDGE('',*,*,#12781,.T.);
#12784=ORIENTED_EDGE('',*,*,#12783,.T.);
#12785=EDGE_LOOP('',(#12782,#12784));
#12786=FACE_BOUND('',#12785,.F.);
#12788=ORIENTED_EDGE('',*,*,#12787,.T.);
#12790=ORIENTED_EDGE('',*,*,#12789,.T.);
#12791=EDGE_LOOP('',(#12788,#12790));
#12792=FACE_BOUND('',#12791,.F.);
#12794=ORIENTED_EDGE('',*,*,#12793,.T.);
#12796=ORIENTED_EDGE('',*,*,#12795,.T.);
#12797=EDGE_LOOP('',(#12794,#12796));
#12798=FACE_BOUND('',#12797,.F.);
#12800=ORIENTED_EDGE('',*,*,#12799,.T.);
#12802=ORIENTED_EDGE('',*,*,#12801,.T.);
#12803=EDGE_LOOP('',(#12800,#12802));
#12804=FACE_BOUND('',#12803,.F.);
#12806=ORIENTED_EDGE('',*,*,#12805,.T.);
#12808=ORIENTED_EDGE('',*,*,#12807,.T.);
#12809=EDGE_LOOP('',(#12806,#12808));
#12810=FACE_BOUND('',#12809,.F.);
#12812=ORIENTED_EDGE('',*,*,#12811,.T.);
#12814=ORIENTED_EDGE('',*,*,#12813,.T.);
#12815=EDGE_LOOP('',(#12812,#12814));
#12816=FACE_BOUND('',#12815,.F.);
#12817=ADVANCED_FACE('',(#12762,#12768,#12774,#12780,#12786,#12792,#12798,
#12804,#12810,#12816),#12755,.F.);
#12818=CARTESIAN_POINT('',(-1.55194E1,0.E0,-6.30936E0));
#12819=DIRECTION('',(0.E0,0.E0,1.E0));
#12820=DIRECTION('',(1.E0,0.E0,0.E0));
#12821=AXIS2_PLACEMENT_3D('',#12818,#12819,#12820);
#12822=PLANE('',#12821);
#12823=ORIENTED_EDGE('',*,*,#12730,.T.);
#12824=ORIENTED_EDGE('',*,*,#10299,.T.);
#12825=ORIENTED_EDGE('',*,*,#12758,.T.);
#12826=ORIENTED_EDGE('',*,*,#12746,.T.);
#12827=EDGE_LOOP('',(#12823,#12824,#12825,#12826));
#12828=FACE_OUTER_BOUND('',#12827,.F.);
#12829=ADVANCED_FACE('',(#12828),#12822,.F.);
#12830=CARTESIAN_POINT('',(-5.4864E0,-5.207E0,-1.682496E1));
#12831=DIRECTION('',(0.E0,-1.E0,0.E0));
#12832=DIRECTION('',(0.E0,0.E0,-1.E0));
#12833=AXIS2_PLACEMENT_3D('',#12830,#12831,#12832);
#12834=CYLINDRICAL_SURFACE('',#12833,3.175E-1);
#12835=ORIENTED_EDGE('',*,*,#12763,.F.);
#12837=ORIENTED_EDGE('',*,*,#12836,.T.);
#12839=ORIENTED_EDGE('',*,*,#12838,.T.);
#12841=ORIENTED_EDGE('',*,*,#12840,.F.);
#12842=EDGE_LOOP('',(#12835,#12837,#12839,#12841));
#12843=FACE_OUTER_BOUND('',#12842,.F.);
#12844=ADVANCED_FACE('',(#12843),#12834,.T.);
#12845=CARTESIAN_POINT('',(-5.4864E0,-5.207E0,-1.682496E1));
#12846=DIRECTION('',(0.E0,-1.E0,0.E0));
#12847=DIRECTION('',(0.E0,0.E0,-1.E0));
#12848=AXIS2_PLACEMENT_3D('',#12845,#12846,#12847);
#12849=CYLINDRICAL_SURFACE('',#12848,3.175E-1);
#12850=ORIENTED_EDGE('',*,*,#12765,.F.);
#12851=ORIENTED_EDGE('',*,*,#12840,.T.);
#12853=ORIENTED_EDGE('',*,*,#12852,.T.);
#12854=ORIENTED_EDGE('',*,*,#12836,.F.);
#12855=EDGE_LOOP('',(#12850,#12851,#12853,#12854));
#12856=FACE_OUTER_BOUND('',#12855,.F.);
#12857=ADVANCED_FACE('',(#12856),#12849,.T.);
#12858=CARTESIAN_POINT('',(-1.55194E1,-9.4488E0,-6.30936E0));
#12859=DIRECTION('',(0.E0,-1.E0,0.E0));
#12860=DIRECTION('',(0.E0,0.E0,-1.E0));
#12861=AXIS2_PLACEMENT_3D('',#12858,#12859,#12860);
#12862=PLANE('',#12861);
#12863=ORIENTED_EDGE('',*,*,#12838,.F.);
#12864=ORIENTED_EDGE('',*,*,#12852,.F.);
#12865=EDGE_LOOP('',(#12863,#12864));
#12866=FACE_OUTER_BOUND('',#12865,.F.);
#12867=ADVANCED_FACE('',(#12866),#12862,.T.);
#12868=CARTESIAN_POINT('',(-2.7432E0,-5.207E0,-1.682496E1));
#12869=DIRECTION('',(0.E0,-1.E0,0.E0));
#12870=DIRECTION('',(0.E0,0.E0,-1.E0));
#12871=AXIS2_PLACEMENT_3D('',#12868,#12869,#12870);
#12872=CYLINDRICAL_SURFACE('',#12871,3.175E-1);
#12874=ORIENTED_EDGE('',*,*,#12873,.T.);
#12876=ORIENTED_EDGE('',*,*,#12875,.T.);
#12878=ORIENTED_EDGE('',*,*,#12877,.F.);
#12879=ORIENTED_EDGE('',*,*,#12769,.F.);
#12880=EDGE_LOOP('',(#12874,#12876,#12878,#12879));
#12881=FACE_OUTER_BOUND('',#12880,.F.);
#12882=ADVANCED_FACE('',(#12881),#12872,.T.);
#12883=CARTESIAN_POINT('',(-2.7432E0,-5.207E0,-1.682496E1));
#12884=DIRECTION('',(0.E0,-1.E0,0.E0));
#12885=DIRECTION('',(0.E0,0.E0,-1.E0));
#12886=AXIS2_PLACEMENT_3D('',#12883,#12884,#12885);
#12887=CYLINDRICAL_SURFACE('',#12886,3.175E-1);
#12888=ORIENTED_EDGE('',*,*,#12873,.F.);
#12889=ORIENTED_EDGE('',*,*,#12771,.F.);
#12890=ORIENTED_EDGE('',*,*,#12877,.T.);
#12892=ORIENTED_EDGE('',*,*,#12891,.T.);
#12893=EDGE_LOOP('',(#12888,#12889,#12890,#12892));
#12894=FACE_OUTER_BOUND('',#12893,.F.);
#12895=ADVANCED_FACE('',(#12894),#12887,.T.);
#12896=CARTESIAN_POINT('',(-1.27762E1,-9.4488E0,-6.30936E0));
#12897=DIRECTION('',(0.E0,-1.E0,0.E0));
#12898=DIRECTION('',(0.E0,0.E0,-1.E0));
#12899=AXIS2_PLACEMENT_3D('',#12896,#12897,#12898);
#12900=PLANE('',#12899);
#12901=ORIENTED_EDGE('',*,*,#12875,.F.);
#12902=ORIENTED_EDGE('',*,*,#12891,.F.);
#12903=EDGE_LOOP('',(#12901,#12902));
#12904=FACE_OUTER_BOUND('',#12903,.F.);
#12905=ADVANCED_FACE('',(#12904),#12900,.T.);
#12906=CARTESIAN_POINT('',(0.E0,-5.207E0,-1.682496E1));
#12907=DIRECTION('',(0.E0,-1.E0,0.E0));
#12908=DIRECTION('',(0.E0,0.E0,-1.E0));
#12909=AXIS2_PLACEMENT_3D('',#12906,#12907,#12908);
#12910=CYLINDRICAL_SURFACE('',#12909,3.175E-1);
#12912=ORIENTED_EDGE('',*,*,#12911,.T.);
#12914=ORIENTED_EDGE('',*,*,#12913,.T.);
#12916=ORIENTED_EDGE('',*,*,#12915,.F.);
#12917=ORIENTED_EDGE('',*,*,#12775,.F.);
#12918=EDGE_LOOP('',(#12912,#12914,#12916,#12917));
#12919=FACE_OUTER_BOUND('',#12918,.F.);
#12920=ADVANCED_FACE('',(#12919),#12910,.T.);
#12921=CARTESIAN_POINT('',(0.E0,-5.207E0,-1.682496E1));
#12922=DIRECTION('',(0.E0,-1.E0,0.E0));
#12923=DIRECTION('',(0.E0,0.E0,-1.E0));
#12924=AXIS2_PLACEMENT_3D('',#12921,#12922,#12923);
#12925=CYLINDRICAL_SURFACE('',#12924,3.175E-1);
#12926=ORIENTED_EDGE('',*,*,#12911,.F.);
#12927=ORIENTED_EDGE('',*,*,#12777,.F.);
#12928=ORIENTED_EDGE('',*,*,#12915,.T.);
#12930=ORIENTED_EDGE('',*,*,#12929,.T.);
#12931=EDGE_LOOP('',(#12926,#12927,#12928,#12930));
#12932=FACE_OUTER_BOUND('',#12931,.F.);
#12933=ADVANCED_FACE('',(#12932),#12925,.T.);
#12934=CARTESIAN_POINT('',(-1.0033E1,-9.4488E0,-6.30936E0));
#12935=DIRECTION('',(0.E0,-1.E0,0.E0));
#12936=DIRECTION('',(0.E0,0.E0,-1.E0));
#12937=AXIS2_PLACEMENT_3D('',#12934,#12935,#12936);
#12938=PLANE('',#12937);
#12939=ORIENTED_EDGE('',*,*,#12913,.F.);
#12940=ORIENTED_EDGE('',*,*,#12929,.F.);
#12941=EDGE_LOOP('',(#12939,#12940));
#12942=FACE_OUTER_BOUND('',#12941,.F.);
#12943=ADVANCED_FACE('',(#12942),#12938,.T.);
#12944=CARTESIAN_POINT('',(2.7432E0,-5.207E0,-1.682496E1));
#12945=DIRECTION('',(0.E0,-1.E0,0.E0));
#12946=DIRECTION('',(0.E0,0.E0,-1.E0));
#12947=AXIS2_PLACEMENT_3D('',#12944,#12945,#12946);
#12948=CYLINDRICAL_SURFACE('',#12947,3.175E-1);
#12950=ORIENTED_EDGE('',*,*,#12949,.T.);
#12952=ORIENTED_EDGE('',*,*,#12951,.T.);
#12954=ORIENTED_EDGE('',*,*,#12953,.F.);
#12955=ORIENTED_EDGE('',*,*,#12781,.F.);
#12956=EDGE_LOOP('',(#12950,#12952,#12954,#12955));
#12957=FACE_OUTER_BOUND('',#12956,.F.);
#12958=ADVANCED_FACE('',(#12957),#12948,.T.);
#12959=CARTESIAN_POINT('',(2.7432E0,-5.207E0,-1.682496E1));
#12960=DIRECTION('',(0.E0,-1.E0,0.E0));
#12961=DIRECTION('',(0.E0,0.E0,-1.E0));
#12962=AXIS2_PLACEMENT_3D('',#12959,#12960,#12961);
#12963=CYLINDRICAL_SURFACE('',#12962,3.175E-1);
#12964=ORIENTED_EDGE('',*,*,#12949,.F.);
#12965=ORIENTED_EDGE('',*,*,#12783,.F.);
#12966=ORIENTED_EDGE('',*,*,#12953,.T.);
#12968=ORIENTED_EDGE('',*,*,#12967,.T.);
#12969=EDGE_LOOP('',(#12964,#12965,#12966,#12968));
#12970=FACE_OUTER_BOUND('',#12969,.F.);
#12971=ADVANCED_FACE('',(#12970),#12963,.T.);
#12972=CARTESIAN_POINT('',(-7.2898E0,-9.4488E0,-6.30936E0));
#12973=DIRECTION('',(0.E0,-1.E0,0.E0));
#12974=DIRECTION('',(0.E0,0.E0,-1.E0));
#12975=AXIS2_PLACEMENT_3D('',#12972,#12973,#12974);
#12976=PLANE('',#12975);
#12977=ORIENTED_EDGE('',*,*,#12951,.F.);
#12978=ORIENTED_EDGE('',*,*,#12967,.F.);
#12979=EDGE_LOOP('',(#12977,#12978));
#12980=FACE_OUTER_BOUND('',#12979,.F.);
#12981=ADVANCED_FACE('',(#12980),#12976,.T.);
#12982=CARTESIAN_POINT('',(5.4864E0,-5.207E0,-1.682496E1));
#12983=DIRECTION('',(0.E0,-1.E0,0.E0));
#12984=DIRECTION('',(0.E0,0.E0,-1.E0));
#12985=AXIS2_PLACEMENT_3D('',#12982,#12983,#12984);
#12986=CYLINDRICAL_SURFACE('',#12985,3.175E-1);
#12987=ORIENTED_EDGE('',*,*,#12787,.F.);
#12989=ORIENTED_EDGE('',*,*,#12988,.T.);
#12991=ORIENTED_EDGE('',*,*,#12990,.T.);
#12993=ORIENTED_EDGE('',*,*,#12992,.F.);
#12994=EDGE_LOOP('',(#12987,#12989,#12991,#12993));
#12995=FACE_OUTER_BOUND('',#12994,.F.);
#12996=ADVANCED_FACE('',(#12995),#12986,.T.);
#12997=CARTESIAN_POINT('',(5.4864E0,-5.207E0,-1.682496E1));
#12998=DIRECTION('',(0.E0,-1.E0,0.E0));
#12999=DIRECTION('',(0.E0,0.E0,-1.E0));
#13000=AXIS2_PLACEMENT_3D('',#12997,#12998,#12999);
#13001=CYLINDRICAL_SURFACE('',#13000,3.175E-1);
#13002=ORIENTED_EDGE('',*,*,#12789,.F.);
#13003=ORIENTED_EDGE('',*,*,#12992,.T.);
#13005=ORIENTED_EDGE('',*,*,#13004,.T.);
#13006=ORIENTED_EDGE('',*,*,#12988,.F.);
#13007=EDGE_LOOP('',(#13002,#13003,#13005,#13006));
#13008=FACE_OUTER_BOUND('',#13007,.F.);
#13009=ADVANCED_FACE('',(#13008),#13001,.T.);
#13010=CARTESIAN_POINT('',(-4.5466E0,-9.4488E0,-6.30936E0));
#13011=DIRECTION('',(0.E0,-1.E0,0.E0));
#13012=DIRECTION('',(0.E0,0.E0,-1.E0));
#13013=AXIS2_PLACEMENT_3D('',#13010,#13011,#13012);
#13014=PLANE('',#13013);
#13015=ORIENTED_EDGE('',*,*,#12990,.F.);
#13016=ORIENTED_EDGE('',*,*,#13004,.F.);
#13017=EDGE_LOOP('',(#13015,#13016));
#13018=FACE_OUTER_BOUND('',#13017,.F.);
#13019=ADVANCED_FACE('',(#13018),#13014,.T.);
#13020=CARTESIAN_POINT('',(-4.1148E0,-5.207E0,-1.398016E1));
#13021=DIRECTION('',(0.E0,-1.E0,0.E0));
#13022=DIRECTION('',(0.E0,0.E0,-1.E0));
#13023=AXIS2_PLACEMENT_3D('',#13020,#13021,#13022);
#13024=CYLINDRICAL_SURFACE('',#13023,3.175E-1);
#13025=ORIENTED_EDGE('',*,*,#12793,.F.);
#13027=ORIENTED_EDGE('',*,*,#13026,.T.);
#13029=ORIENTED_EDGE('',*,*,#13028,.T.);
#13031=ORIENTED_EDGE('',*,*,#13030,.F.);
#13032=EDGE_LOOP('',(#13025,#13027,#13029,#13031));
#13033=FACE_OUTER_BOUND('',#13032,.F.);
#13034=ADVANCED_FACE('',(#13033),#13024,.T.);
#13035=CARTESIAN_POINT('',(-4.1148E0,-5.207E0,-1.398016E1));
#13036=DIRECTION('',(0.E0,-1.E0,0.E0));
#13037=DIRECTION('',(0.E0,0.E0,-1.E0));
#13038=AXIS2_PLACEMENT_3D('',#13035,#13036,#13037);
#13039=CYLINDRICAL_SURFACE('',#13038,3.175E-1);
#13040=ORIENTED_EDGE('',*,*,#12795,.F.);
#13041=ORIENTED_EDGE('',*,*,#13030,.T.);
#13043=ORIENTED_EDGE('',*,*,#13042,.T.);
#13044=ORIENTED_EDGE('',*,*,#13026,.F.);
#13045=EDGE_LOOP('',(#13040,#13041,#13043,#13044));
#13046=FACE_OUTER_BOUND('',#13045,.F.);
#13047=ADVANCED_FACE('',(#13046),#13039,.T.);
#13048=CARTESIAN_POINT('',(-1.55194E1,-9.4488E0,-6.30936E0));
#13049=DIRECTION('',(0.E0,-1.E0,0.E0));
#13050=DIRECTION('',(0.E0,0.E0,-1.E0));
#13051=AXIS2_PLACEMENT_3D('',#13048,#13049,#13050);
#13052=PLANE('',#13051);
#13053=ORIENTED_EDGE('',*,*,#13028,.F.);
#13054=ORIENTED_EDGE('',*,*,#13042,.F.);
#13055=EDGE_LOOP('',(#13053,#13054));
#13056=FACE_OUTER_BOUND('',#13055,.F.);
#13057=ADVANCED_FACE('',(#13056),#13052,.T.);
#13058=CARTESIAN_POINT('',(-1.3716E0,-5.207E0,-1.398016E1));
#13059=DIRECTION('',(0.E0,-1.E0,0.E0));
#13060=DIRECTION('',(0.E0,0.E0,-1.E0));
#13061=AXIS2_PLACEMENT_3D('',#13058,#13059,#13060);
#13062=CYLINDRICAL_SURFACE('',#13061,3.175E-1);
#13063=ORIENTED_EDGE('',*,*,#12799,.F.);
#13065=ORIENTED_EDGE('',*,*,#13064,.T.);
#13067=ORIENTED_EDGE('',*,*,#13066,.T.);
#13069=ORIENTED_EDGE('',*,*,#13068,.F.);
#13070=EDGE_LOOP('',(#13063,#13065,#13067,#13069));
#13071=FACE_OUTER_BOUND('',#13070,.F.);
#13072=ADVANCED_FACE('',(#13071),#13062,.T.);
#13073=CARTESIAN_POINT('',(-1.3716E0,-5.207E0,-1.398016E1));
#13074=DIRECTION('',(0.E0,-1.E0,0.E0));
#13075=DIRECTION('',(0.E0,0.E0,-1.E0));
#13076=AXIS2_PLACEMENT_3D('',#13073,#13074,#13075);
#13077=CYLINDRICAL_SURFACE('',#13076,3.175E-1);
#13078=ORIENTED_EDGE('',*,*,#12801,.F.);
#13079=ORIENTED_EDGE('',*,*,#13068,.T.);
#13081=ORIENTED_EDGE('',*,*,#13080,.T.);
#13082=ORIENTED_EDGE('',*,*,#13064,.F.);
#13083=EDGE_LOOP('',(#13078,#13079,#13081,#13082));
#13084=FACE_OUTER_BOUND('',#13083,.F.);
#13085=ADVANCED_FACE('',(#13084),#13077,.T.);
#13086=CARTESIAN_POINT('',(-1.27762E1,-9.4488E0,-6.30936E0));
#13087=DIRECTION('',(0.E0,-1.E0,0.E0));
#13088=DIRECTION('',(0.E0,0.E0,-1.E0));
#13089=AXIS2_PLACEMENT_3D('',#13086,#13087,#13088);
#13090=PLANE('',#13089);
#13091=ORIENTED_EDGE('',*,*,#13066,.F.);
#13092=ORIENTED_EDGE('',*,*,#13080,.F.);
#13093=EDGE_LOOP('',(#13091,#13092));
#13094=FACE_OUTER_BOUND('',#13093,.F.);
#13095=ADVANCED_FACE('',(#13094),#13090,.T.);
#13096=CARTESIAN_POINT('',(1.3716E0,-5.207E0,-1.398016E1));
#13097=DIRECTION('',(0.E0,-1.E0,0.E0));
#13098=DIRECTION('',(0.E0,0.E0,-1.E0));
#13099=AXIS2_PLACEMENT_3D('',#13096,#13097,#13098);
#13100=CYLINDRICAL_SURFACE('',#13099,3.175E-1);
#13102=ORIENTED_EDGE('',*,*,#13101,.T.);
#13104=ORIENTED_EDGE('',*,*,#13103,.T.);
#13106=ORIENTED_EDGE('',*,*,#13105,.F.);
#13107=ORIENTED_EDGE('',*,*,#12805,.F.);
#13108=EDGE_LOOP('',(#13102,#13104,#13106,#13107));
#13109=FACE_OUTER_BOUND('',#13108,.F.);
#13110=ADVANCED_FACE('',(#13109),#13100,.T.);
#13111=CARTESIAN_POINT('',(1.3716E0,-5.207E0,-1.398016E1));
#13112=DIRECTION('',(0.E0,-1.E0,0.E0));
#13113=DIRECTION('',(0.E0,0.E0,-1.E0));
#13114=AXIS2_PLACEMENT_3D('',#13111,#13112,#13113);
#13115=CYLINDRICAL_SURFACE('',#13114,3.175E-1);
#13116=ORIENTED_EDGE('',*,*,#13101,.F.);
#13117=ORIENTED_EDGE('',*,*,#12807,.F.);
#13118=ORIENTED_EDGE('',*,*,#13105,.T.);
#13120=ORIENTED_EDGE('',*,*,#13119,.T.);
#13121=EDGE_LOOP('',(#13116,#13117,#13118,#13120));
#13122=FACE_OUTER_BOUND('',#13121,.F.);
#13123=ADVANCED_FACE('',(#13122),#13115,.T.);
#13124=CARTESIAN_POINT('',(-1.0033E1,-9.4488E0,-6.30936E0));
#13125=DIRECTION('',(0.E0,-1.E0,0.E0));
#13126=DIRECTION('',(0.E0,0.E0,-1.E0));
#13127=AXIS2_PLACEMENT_3D('',#13124,#13125,#13126);
#13128=PLANE('',#13127);
#13129=ORIENTED_EDGE('',*,*,#13103,.F.);
#13130=ORIENTED_EDGE('',*,*,#13119,.F.);
#13131=EDGE_LOOP('',(#13129,#13130));
#13132=FACE_OUTER_BOUND('',#13131,.F.);
#13133=ADVANCED_FACE('',(#13132),#13128,.T.);
#13134=CARTESIAN_POINT('',(4.1148E0,-5.207E0,-1.398016E1));
#13135=DIRECTION('',(0.E0,-1.E0,0.E0));
#13136=DIRECTION('',(0.E0,0.E0,-1.E0));
#13137=AXIS2_PLACEMENT_3D('',#13134,#13135,#13136);
#13138=CYLINDRICAL_SURFACE('',#13137,3.175E-1);
#13140=ORIENTED_EDGE('',*,*,#13139,.T.);
#13142=ORIENTED_EDGE('',*,*,#13141,.T.);
#13144=ORIENTED_EDGE('',*,*,#13143,.F.);
#13145=ORIENTED_EDGE('',*,*,#12811,.F.);
#13146=EDGE_LOOP('',(#13140,#13142,#13144,#13145));
#13147=FACE_OUTER_BOUND('',#13146,.F.);
#13148=ADVANCED_FACE('',(#13147),#13138,.T.);
#13149=CARTESIAN_POINT('',(4.1148E0,-5.207E0,-1.398016E1));
#13150=DIRECTION('',(0.E0,-1.E0,0.E0));
#13151=DIRECTION('',(0.E0,0.E0,-1.E0));
#13152=AXIS2_PLACEMENT_3D('',#13149,#13150,#13151);
#13153=CYLINDRICAL_SURFACE('',#13152,3.175E-1);
#13154=ORIENTED_EDGE('',*,*,#13139,.F.);
#13155=ORIENTED_EDGE('',*,*,#12813,.F.);
#13156=ORIENTED_EDGE('',*,*,#13143,.T.);
#13158=ORIENTED_EDGE('',*,*,#13157,.T.);
#13159=EDGE_LOOP('',(#13154,#13155,#13156,#13158));
#13160=FACE_OUTER_BOUND('',#13159,.F.);
#13161=ADVANCED_FACE('',(#13160),#13153,.T.);
#13162=CARTESIAN_POINT('',(-7.2898E0,-9.4488E0,-6.30936E0));
#13163=DIRECTION('',(0.E0,-1.E0,0.E0));
#13164=DIRECTION('',(0.E0,0.E0,-1.E0));
#13165=AXIS2_PLACEMENT_3D('',#13162,#13163,#13164);
#13166=PLANE('',#13165);
#13167=ORIENTED_EDGE('',*,*,#13141,.F.);
#13168=ORIENTED_EDGE('',*,*,#13157,.F.);
#13169=EDGE_LOOP('',(#13167,#13168));
#13170=FACE_OUTER_BOUND('',#13169,.F.);
#13171=ADVANCED_FACE('',(#13170),#13166,.T.);
#13172=CARTESIAN_POINT('',(-9.4234E0,-6.2738E0,-1.225296E1));
#13173=DIRECTION('',(0.E0,0.E0,1.E0));
#13174=DIRECTION('',(-1.E0,0.E0,0.E0));
#13175=AXIS2_PLACEMENT_3D('',#13172,#13173,#13174);
#13176=PLANE('',#13175);
#13177=ORIENTED_EDGE('',*,*,#12719,.T.);
#13178=ORIENTED_EDGE('',*,*,#12705,.T.);
#13179=ORIENTED_EDGE('',*,*,#9840,.T.);
#13180=ORIENTED_EDGE('',*,*,#9750,.F.);
#13181=EDGE_LOOP('',(#13177,#13178,#13179,#13180));
#13182=FACE_OUTER_BOUND('',#13181,.F.);
#13183=ADVANCED_FACE('',(#13182),#13176,.F.);
#13184=CARTESIAN_POINT('',(1.06553E1,-6.2738E0,-1.225296E1));
#13185=DIRECTION('',(0.E0,0.E0,1.E0));
#13186=DIRECTION('',(-1.E0,0.E0,0.E0));
#13187=AXIS2_PLACEMENT_3D('',#13184,#13185,#13186);
#13188=PLANE('',#13187);
#13189=ORIENTED_EDGE('',*,*,#12724,.F.);
#13190=ORIENTED_EDGE('',*,*,#9903,.T.);
#13191=ORIENTED_EDGE('',*,*,#9800,.T.);
#13193=ORIENTED_EDGE('',*,*,#13192,.F.);
#13194=EDGE_LOOP('',(#13189,#13190,#13191,#13193));
#13195=FACE_OUTER_BOUND('',#13194,.F.);
#13196=ADVANCED_FACE('',(#13195),#13188,.F.);
#13197=CARTESIAN_POINT('',(9.4234E0,-6.2738E0,-1.225296E1));
#13198=DIRECTION('',(-1.E0,0.E0,0.E0));
#13199=DIRECTION('',(0.E0,0.E0,-1.E0));
#13200=AXIS2_PLACEMENT_3D('',#13197,#13198,#13199);
#13201=PLANE('',#13200);
#13202=ORIENTED_EDGE('',*,*,#12726,.T.);
#13203=ORIENTED_EDGE('',*,*,#13192,.T.);
#13204=ORIENTED_EDGE('',*,*,#9798,.T.);
#13205=ORIENTED_EDGE('',*,*,#10348,.F.);
#13206=EDGE_LOOP('',(#13202,#13203,#13204,#13205));
#13207=FACE_OUTER_BOUND('',#13206,.F.);
#13208=ADVANCED_FACE('',(#13207),#13201,.F.);
#13209=CARTESIAN_POINT('',(-8.1534E0,-3.3528E0,-1.860296E1));
#13210=DIRECTION('',(1.E0,0.E0,0.E0));
#13211=DIRECTION('',(0.E0,0.E0,1.E0));
#13212=AXIS2_PLACEMENT_3D('',#13209,#13210,#13211);
#13213=PLANE('',#13212);
#13214=ORIENTED_EDGE('',*,*,#10061,.F.);
#13215=ORIENTED_EDGE('',*,*,#9633,.T.);
#13217=ORIENTED_EDGE('',*,*,#13216,.F.);
#13218=ORIENTED_EDGE('',*,*,#10096,.F.);
#13219=EDGE_LOOP('',(#13214,#13215,#13217,#13218));
#13220=FACE_OUTER_BOUND('',#13219,.F.);
#13221=ADVANCED_FACE('',(#13220),#13213,.F.);
#13222=CARTESIAN_POINT('',(-8.1534E0,-3.3528E0,-9.73836E0));
#13223=DIRECTION('',(0.E0,0.E0,1.E0));
#13224=DIRECTION('',(-1.E0,0.E0,0.E0));
#13225=AXIS2_PLACEMENT_3D('',#13222,#13223,#13224);
#13226=PLANE('',#13225);
#13227=ORIENTED_EDGE('',*,*,#13216,.T.);
#13228=ORIENTED_EDGE('',*,*,#9631,.F.);
#13229=ORIENTED_EDGE('',*,*,#9670,.T.);
#13230=ORIENTED_EDGE('',*,*,#10098,.F.);
#13231=EDGE_LOOP('',(#13227,#13228,#13229,#13230));
#13232=FACE_OUTER_BOUND('',#13231,.F.);
#13234=ORIENTED_EDGE('',*,*,#13233,.T.);
#13236=ORIENTED_EDGE('',*,*,#13235,.T.);
#13238=ORIENTED_EDGE('',*,*,#13237,.T.);
#13240=ORIENTED_EDGE('',*,*,#13239,.T.);
#13242=ORIENTED_EDGE('',*,*,#13241,.T.);
#13244=ORIENTED_EDGE('',*,*,#13243,.T.);
#13246=ORIENTED_EDGE('',*,*,#13245,.T.);
#13248=ORIENTED_EDGE('',*,*,#13247,.T.);
#13250=ORIENTED_EDGE('',*,*,#13249,.T.);
#13252=ORIENTED_EDGE('',*,*,#13251,.T.);
#13254=ORIENTED_EDGE('',*,*,#13253,.T.);
#13256=ORIENTED_EDGE('',*,*,#13255,.T.);
#13257=EDGE_LOOP('',(#13234,#13236,#13238,#13240,#13242,#13244,#13246,#13248,
#13250,#13252,#13254,#13256));
#13258=FACE_BOUND('',#13257,.F.);
#13259=ADVANCED_FACE('',(#13232,#13258),#13226,.F.);
#13260=CARTESIAN_POINT('',(-1.24968E1,0.E0,-9.73836E0));
#13261=DIRECTION('',(0.E0,0.E0,-1.E0));
#13262=DIRECTION('',(-1.E0,0.E0,0.E0));
#13263=AXIS2_PLACEMENT_3D('',#13260,#13261,#13262);
#13264=CYLINDRICAL_SURFACE('',#13263,2.7686E0);
#13265=ORIENTED_EDGE('',*,*,#13233,.F.);
#13267=ORIENTED_EDGE('',*,*,#13266,.T.);
#13269=ORIENTED_EDGE('',*,*,#13268,.T.);
#13271=ORIENTED_EDGE('',*,*,#13270,.F.);
#13272=EDGE_LOOP('',(#13265,#13267,#13269,#13271));
#13273=FACE_OUTER_BOUND('',#13272,.F.);
#13274=ADVANCED_FACE('',(#13273),#13264,.T.);
#13275=CARTESIAN_POINT('',(-9.9822E0,1.158418231901E0,-9.73836E0));
#13276=DIRECTION('',(1.E0,0.E0,0.E0));
#13277=DIRECTION('',(0.E0,-1.E0,0.E0));
#13278=AXIS2_PLACEMENT_3D('',#13275,#13276,#13277);
#13279=PLANE('',#13278);
#13280=ORIENTED_EDGE('',*,*,#13255,.F.);
#13282=ORIENTED_EDGE('',*,*,#13281,.T.);
#13284=ORIENTED_EDGE('',*,*,#13283,.T.);
#13285=ORIENTED_EDGE('',*,*,#13266,.F.);
#13286=EDGE_LOOP('',(#13280,#13282,#13284,#13285));
#13287=FACE_OUTER_BOUND('',#13286,.F.);
#13288=ADVANCED_FACE('',(#13287),#13279,.T.);
#13289=CARTESIAN_POINT('',(-1.24968E1,0.E0,-9.73836E0));
#13290=DIRECTION('',(0.E0,0.E0,-1.E0));
#13291=DIRECTION('',(-1.E0,0.E0,0.E0));
#13292=AXIS2_PLACEMENT_3D('',#13289,#13290,#13291);
#13293=CYLINDRICAL_SURFACE('',#13292,2.7686E0);
#13294=ORIENTED_EDGE('',*,*,#13253,.F.);
#13296=ORIENTED_EDGE('',*,*,#13295,.T.);
#13298=ORIENTED_EDGE('',*,*,#13297,.T.);
#13299=ORIENTED_EDGE('',*,*,#13281,.F.);
#13300=EDGE_LOOP('',(#13294,#13296,#13298,#13299));
#13301=FACE_OUTER_BOUND('',#13300,.F.);
#13302=ADVANCED_FACE('',(#13301),#13293,.T.);
#13303=CARTESIAN_POINT('',(-1.224271961703E1,2.756916596307E0,-9.73836E0));
#13304=DIRECTION('',(5.E-1,8.660254037844E-1,0.E0));
#13305=DIRECTION('',(8.660254037844E-1,-5.E-1,0.E0));
#13306=AXIS2_PLACEMENT_3D('',#13303,#13304,#13305);
#13307=PLANE('',#13306);
#13308=ORIENTED_EDGE('',*,*,#13251,.F.);
#13310=ORIENTED_EDGE('',*,*,#13309,.T.);
#13312=ORIENTED_EDGE('',*,*,#13311,.T.);
#13313=ORIENTED_EDGE('',*,*,#13295,.F.);
#13314=EDGE_LOOP('',(#13308,#13310,#13312,#13313));
#13315=FACE_OUTER_BOUND('',#13314,.F.);
#13316=ADVANCED_FACE('',(#13315),#13307,.T.);
#13317=CARTESIAN_POINT('',(-1.24968E1,0.E0,-9.73836E0));
#13318=DIRECTION('',(0.E0,0.E0,-1.E0));
#13319=DIRECTION('',(-1.E0,0.E0,0.E0));
#13320=AXIS2_PLACEMENT_3D('',#13317,#13318,#13319);
#13321=CYLINDRICAL_SURFACE('',#13320,2.7686E0);
#13322=ORIENTED_EDGE('',*,*,#13249,.F.);
#13324=ORIENTED_EDGE('',*,*,#13323,.T.);
#13326=ORIENTED_EDGE('',*,*,#13325,.T.);
#13327=ORIENTED_EDGE('',*,*,#13309,.F.);
#13328=EDGE_LOOP('',(#13322,#13324,#13326,#13327));
#13329=FACE_OUTER_BOUND('',#13328,.F.);
#13330=ADVANCED_FACE('',(#13329),#13321,.T.);
#13331=CARTESIAN_POINT('',(-1.475731961703E1,1.598498364406E0,-9.73836E0));
#13332=DIRECTION('',(-5.E-1,8.660254037844E-1,0.E0));
#13333=DIRECTION('',(8.660254037844E-1,5.E-1,0.E0));
#13334=AXIS2_PLACEMENT_3D('',#13331,#13332,#13333);
#13335=PLANE('',#13334);
#13336=ORIENTED_EDGE('',*,*,#13247,.F.);
#13338=ORIENTED_EDGE('',*,*,#13337,.T.);
#13340=ORIENTED_EDGE('',*,*,#13339,.T.);
#13341=ORIENTED_EDGE('',*,*,#13323,.F.);
#13342=EDGE_LOOP('',(#13336,#13338,#13340,#13341));
#13343=FACE_OUTER_BOUND('',#13342,.F.);
#13344=ADVANCED_FACE('',(#13343),#13335,.T.);
#13345=CARTESIAN_POINT('',(-1.24968E1,0.E0,-9.73836E0));
#13346=DIRECTION('',(0.E0,0.E0,-1.E0));
#13347=DIRECTION('',(-1.E0,0.E0,0.E0));
#13348=AXIS2_PLACEMENT_3D('',#13345,#13346,#13347);
#13349=CYLINDRICAL_SURFACE('',#13348,2.7686E0);
#13350=ORIENTED_EDGE('',*,*,#13245,.F.);
#13352=ORIENTED_EDGE('',*,*,#13351,.T.);
#13354=ORIENTED_EDGE('',*,*,#13353,.T.);
#13355=ORIENTED_EDGE('',*,*,#13337,.F.);
#13356=EDGE_LOOP('',(#13350,#13352,#13354,#13355));
#13357=FACE_OUTER_BOUND('',#13356,.F.);
#13358=ADVANCED_FACE('',(#13357),#13349,.T.);
#13359=CARTESIAN_POINT('',(-1.50114E1,-1.158418231901E0,-9.73836E0));
#13360=DIRECTION('',(-1.E0,0.E0,0.E0));
#13361=DIRECTION('',(0.E0,1.E0,0.E0));
#13362=AXIS2_PLACEMENT_3D('',#13359,#13360,#13361);
#13363=PLANE('',#13362);
#13364=ORIENTED_EDGE('',*,*,#13243,.F.);
#13366=ORIENTED_EDGE('',*,*,#13365,.T.);
#13368=ORIENTED_EDGE('',*,*,#13367,.T.);
#13369=ORIENTED_EDGE('',*,*,#13351,.F.);
#13370=EDGE_LOOP('',(#13364,#13366,#13368,#13369));
#13371=FACE_OUTER_BOUND('',#13370,.F.);
#13372=ADVANCED_FACE('',(#13371),#13363,.T.);
#13373=CARTESIAN_POINT('',(-1.24968E1,0.E0,-9.73836E0));
#13374=DIRECTION('',(0.E0,0.E0,-1.E0));
#13375=DIRECTION('',(-1.E0,0.E0,0.E0));
#13376=AXIS2_PLACEMENT_3D('',#13373,#13374,#13375);
#13377=CYLINDRICAL_SURFACE('',#13376,2.7686E0);
#13378=ORIENTED_EDGE('',*,*,#13241,.F.);
#13380=ORIENTED_EDGE('',*,*,#13379,.T.);
#13382=ORIENTED_EDGE('',*,*,#13381,.T.);
#13383=ORIENTED_EDGE('',*,*,#13365,.F.);
#13384=EDGE_LOOP('',(#13378,#13380,#13382,#13383));
#13385=FACE_OUTER_BOUND('',#13384,.F.);
#13386=ADVANCED_FACE('',(#13385),#13377,.T.);
#13387=CARTESIAN_POINT('',(-1.275088038297E1,-2.756916596307E0,-9.73836E0));
#13388=DIRECTION('',(-5.E-1,-8.660254037844E-1,0.E0));
#13389=DIRECTION('',(-8.660254037844E-1,5.E-1,0.E0));
#13390=AXIS2_PLACEMENT_3D('',#13387,#13388,#13389);
#13391=PLANE('',#13390);
#13392=ORIENTED_EDGE('',*,*,#13239,.F.);
#13394=ORIENTED_EDGE('',*,*,#13393,.T.);
#13396=ORIENTED_EDGE('',*,*,#13395,.T.);
#13397=ORIENTED_EDGE('',*,*,#13379,.F.);
#13398=EDGE_LOOP('',(#13392,#13394,#13396,#13397));
#13399=FACE_OUTER_BOUND('',#13398,.F.);
#13400=ADVANCED_FACE('',(#13399),#13391,.T.);
#13401=CARTESIAN_POINT('',(-1.24968E1,0.E0,-9.73836E0));
#13402=DIRECTION('',(0.E0,0.E0,-1.E0));
#13403=DIRECTION('',(-1.E0,0.E0,0.E0));
#13404=AXIS2_PLACEMENT_3D('',#13401,#13402,#13403);
#13405=CYLINDRICAL_SURFACE('',#13404,2.7686E0);
#13406=ORIENTED_EDGE('',*,*,#13237,.F.);
#13408=ORIENTED_EDGE('',*,*,#13407,.T.);
#13410=ORIENTED_EDGE('',*,*,#13409,.T.);
#13411=ORIENTED_EDGE('',*,*,#13393,.F.);
#13412=EDGE_LOOP('',(#13406,#13408,#13410,#13411));
#13413=FACE_OUTER_BOUND('',#13412,.F.);
#13414=ADVANCED_FACE('',(#13413),#13405,.T.);
#13415=CARTESIAN_POINT('',(-1.023628038297E1,-1.598498364406E0,-9.73836E0));
#13416=DIRECTION('',(5.E-1,-8.660254037844E-1,0.E0));
#13417=DIRECTION('',(-8.660254037844E-1,-5.E-1,0.E0));
#13418=AXIS2_PLACEMENT_3D('',#13415,#13416,#13417);
#13419=PLANE('',#13418);
#13420=ORIENTED_EDGE('',*,*,#13235,.F.);
#13421=ORIENTED_EDGE('',*,*,#13270,.T.);
#13423=ORIENTED_EDGE('',*,*,#13422,.T.);
#13424=ORIENTED_EDGE('',*,*,#13407,.F.);
#13425=EDGE_LOOP('',(#13420,#13421,#13423,#13424));
#13426=FACE_OUTER_BOUND('',#13425,.F.);
#13427=ADVANCED_FACE('',(#13426),#13419,.T.);
#13428=CARTESIAN_POINT('',(-1.55194E1,-3.3528E0,-1.062736E1));
#13429=DIRECTION('',(0.E0,0.E0,-1.E0));
#13430=DIRECTION('',(-1.E0,0.E0,0.E0));
#13431=AXIS2_PLACEMENT_3D('',#13428,#13429,#13430);
#13432=PLANE('',#13431);
#13433=ORIENTED_EDGE('',*,*,#13268,.F.);
#13434=ORIENTED_EDGE('',*,*,#13283,.F.);
#13435=ORIENTED_EDGE('',*,*,#13297,.F.);
#13436=ORIENTED_EDGE('',*,*,#13311,.F.);
#13437=ORIENTED_EDGE('',*,*,#13325,.F.);
#13438=ORIENTED_EDGE('',*,*,#13339,.F.);
#13439=ORIENTED_EDGE('',*,*,#13353,.F.);
#13440=ORIENTED_EDGE('',*,*,#13367,.F.);
#13441=ORIENTED_EDGE('',*,*,#13381,.F.);
#13442=ORIENTED_EDGE('',*,*,#13395,.F.);
#13443=ORIENTED_EDGE('',*,*,#13409,.F.);
#13444=ORIENTED_EDGE('',*,*,#13422,.F.);
#13445=EDGE_LOOP('',(#13433,#13434,#13435,#13436,#13437,#13438,#13439,#13440,
#13441,#13442,#13443,#13444));
#13446=FACE_OUTER_BOUND('',#13445,.F.);
#13448=ORIENTED_EDGE('',*,*,#13447,.T.);
#13450=ORIENTED_EDGE('',*,*,#13449,.T.);
#13451=EDGE_LOOP('',(#13448,#13450));
#13452=FACE_BOUND('',#13451,.F.);
#13453=ADVANCED_FACE('',(#13446,#13452),#13432,.T.);
#13454=CARTESIAN_POINT('',(-1.55194E1,-3.3528E0,-1.062736E1));
#13455=DIRECTION('',(0.E0,0.E0,-1.E0));
#13456=DIRECTION('',(-1.E0,0.E0,0.E0));
#13457=AXIS2_PLACEMENT_3D('',#13454,#13455,#13456);
#13458=PLANE('',#13457);
#13460=ORIENTED_EDGE('',*,*,#13459,.F.);
#13462=ORIENTED_EDGE('',*,*,#13461,.F.);
#13464=ORIENTED_EDGE('',*,*,#13463,.F.);
#13466=ORIENTED_EDGE('',*,*,#13465,.F.);
#13468=ORIENTED_EDGE('',*,*,#13467,.F.);
#13470=ORIENTED_EDGE('',*,*,#13469,.F.);
#13472=ORIENTED_EDGE('',*,*,#13471,.F.);
#13474=ORIENTED_EDGE('',*,*,#13473,.F.);
#13476=ORIENTED_EDGE('',*,*,#13475,.F.);
#13478=ORIENTED_EDGE('',*,*,#13477,.F.);
#13480=ORIENTED_EDGE('',*,*,#13479,.F.);
#13482=ORIENTED_EDGE('',*,*,#13481,.F.);
#13483=EDGE_LOOP('',(#13460,#13462,#13464,#13466,#13468,#13470,#13472,#13474,
#13476,#13478,#13480,#13482));
#13484=FACE_OUTER_BOUND('',#13483,.F.);
#13486=ORIENTED_EDGE('',*,*,#13485,.T.);
#13488=ORIENTED_EDGE('',*,*,#13487,.T.);
#13489=EDGE_LOOP('',(#13486,#13488));
#13490=FACE_BOUND('',#13489,.F.);
#13491=ADVANCED_FACE('',(#13484,#13490),#13458,.T.);
#13492=CARTESIAN_POINT('',(1.023628038297E1,1.598498364406E0,-9.73836E0));
#13493=DIRECTION('',(-5.E-1,8.660254037844E-1,0.E0));
#13494=DIRECTION('',(8.660254037844E-1,5.E-1,0.E0));
#13495=AXIS2_PLACEMENT_3D('',#13492,#13493,#13494);
#13496=PLANE('',#13495);
#13497=ORIENTED_EDGE('',*,*,#10003,.F.);
#13499=ORIENTED_EDGE('',*,*,#13498,.T.);
#13500=ORIENTED_EDGE('',*,*,#13459,.T.);
#13502=ORIENTED_EDGE('',*,*,#13501,.F.);
#13503=EDGE_LOOP('',(#13497,#13499,#13500,#13502));
#13504=FACE_OUTER_BOUND('',#13503,.F.);
#13505=ADVANCED_FACE('',(#13504),#13496,.T.);
#13506=CARTESIAN_POINT('',(1.24968E1,0.E0,-9.73836E0));
#13507=DIRECTION('',(0.E0,0.E0,-1.E0));
#13508=DIRECTION('',(-1.E0,0.E0,0.E0));
#13509=AXIS2_PLACEMENT_3D('',#13506,#13507,#13508);
#13510=CYLINDRICAL_SURFACE('',#13509,2.7686E0);
#13511=ORIENTED_EDGE('',*,*,#10025,.F.);
#13513=ORIENTED_EDGE('',*,*,#13512,.T.);
#13514=ORIENTED_EDGE('',*,*,#13461,.T.);
#13515=ORIENTED_EDGE('',*,*,#13498,.F.);
#13516=EDGE_LOOP('',(#13511,#13513,#13514,#13515));
#13517=FACE_OUTER_BOUND('',#13516,.F.);
#13518=ADVANCED_FACE('',(#13517),#13510,.T.);
#13519=CARTESIAN_POINT('',(9.9822E0,-1.158418231901E0,-9.73836E0));
#13520=DIRECTION('',(-1.E0,0.E0,0.E0));
#13521=DIRECTION('',(0.E0,1.E0,0.E0));
#13522=AXIS2_PLACEMENT_3D('',#13519,#13520,#13521);
#13523=PLANE('',#13522);
#13524=ORIENTED_EDGE('',*,*,#10023,.F.);
#13526=ORIENTED_EDGE('',*,*,#13525,.T.);
#13527=ORIENTED_EDGE('',*,*,#13463,.T.);
#13528=ORIENTED_EDGE('',*,*,#13512,.F.);
#13529=EDGE_LOOP('',(#13524,#13526,#13527,#13528));
#13530=FACE_OUTER_BOUND('',#13529,.F.);
#13531=ADVANCED_FACE('',(#13530),#13523,.T.);
#13532=CARTESIAN_POINT('',(1.24968E1,0.E0,-9.73836E0));
#13533=DIRECTION('',(0.E0,0.E0,-1.E0));
#13534=DIRECTION('',(-1.E0,0.E0,0.E0));
#13535=AXIS2_PLACEMENT_3D('',#13532,#13533,#13534);
#13536=CYLINDRICAL_SURFACE('',#13535,2.7686E0);
#13537=ORIENTED_EDGE('',*,*,#10021,.F.);
#13539=ORIENTED_EDGE('',*,*,#13538,.T.);
#13540=ORIENTED_EDGE('',*,*,#13465,.T.);
#13541=ORIENTED_EDGE('',*,*,#13525,.F.);
#13542=EDGE_LOOP('',(#13537,#13539,#13540,#13541));
#13543=FACE_OUTER_BOUND('',#13542,.F.);
#13544=ADVANCED_FACE('',(#13543),#13536,.T.);
#13545=CARTESIAN_POINT('',(1.224271961703E1,-2.756916596307E0,-9.73836E0));
#13546=DIRECTION('',(-5.E-1,-8.660254037844E-1,0.E0));
#13547=DIRECTION('',(-8.660254037844E-1,5.E-1,0.E0));
#13548=AXIS2_PLACEMENT_3D('',#13545,#13546,#13547);
#13549=PLANE('',#13548);
#13550=ORIENTED_EDGE('',*,*,#10019,.F.);
#13552=ORIENTED_EDGE('',*,*,#13551,.T.);
#13553=ORIENTED_EDGE('',*,*,#13467,.T.);
#13554=ORIENTED_EDGE('',*,*,#13538,.F.);
#13555=EDGE_LOOP('',(#13550,#13552,#13553,#13554));
#13556=FACE_OUTER_BOUND('',#13555,.F.);
#13557=ADVANCED_FACE('',(#13556),#13549,.T.);
#13558=CARTESIAN_POINT('',(1.24968E1,0.E0,-9.73836E0));
#13559=DIRECTION('',(0.E0,0.E0,-1.E0));
#13560=DIRECTION('',(-1.E0,0.E0,0.E0));
#13561=AXIS2_PLACEMENT_3D('',#13558,#13559,#13560);
#13562=CYLINDRICAL_SURFACE('',#13561,2.7686E0);
#13563=ORIENTED_EDGE('',*,*,#10017,.F.);
#13565=ORIENTED_EDGE('',*,*,#13564,.T.);
#13566=ORIENTED_EDGE('',*,*,#13469,.T.);
#13567=ORIENTED_EDGE('',*,*,#13551,.F.);
#13568=EDGE_LOOP('',(#13563,#13565,#13566,#13567));
#13569=FACE_OUTER_BOUND('',#13568,.F.);
#13570=ADVANCED_FACE('',(#13569),#13562,.T.);
#13571=CARTESIAN_POINT('',(1.475731961703E1,-1.598498364406E0,-9.73836E0));
#13572=DIRECTION('',(5.E-1,-8.660254037844E-1,0.E0));
#13573=DIRECTION('',(-8.660254037844E-1,-5.E-1,0.E0));
#13574=AXIS2_PLACEMENT_3D('',#13571,#13572,#13573);
#13575=PLANE('',#13574);
#13576=ORIENTED_EDGE('',*,*,#10015,.F.);
#13578=ORIENTED_EDGE('',*,*,#13577,.T.);
#13579=ORIENTED_EDGE('',*,*,#13471,.T.);
#13580=ORIENTED_EDGE('',*,*,#13564,.F.);
#13581=EDGE_LOOP('',(#13576,#13578,#13579,#13580));
#13582=FACE_OUTER_BOUND('',#13581,.F.);
#13583=ADVANCED_FACE('',(#13582),#13575,.T.);
#13584=CARTESIAN_POINT('',(1.24968E1,0.E0,-9.73836E0));
#13585=DIRECTION('',(0.E0,0.E0,-1.E0));
#13586=DIRECTION('',(-1.E0,0.E0,0.E0));
#13587=AXIS2_PLACEMENT_3D('',#13584,#13585,#13586);
#13588=CYLINDRICAL_SURFACE('',#13587,2.7686E0);
#13589=ORIENTED_EDGE('',*,*,#10013,.F.);
#13591=ORIENTED_EDGE('',*,*,#13590,.T.);
#13592=ORIENTED_EDGE('',*,*,#13473,.T.);
#13593=ORIENTED_EDGE('',*,*,#13577,.F.);
#13594=EDGE_LOOP('',(#13589,#13591,#13592,#13593));
#13595=FACE_OUTER_BOUND('',#13594,.F.);
#13596=ADVANCED_FACE('',(#13595),#13588,.T.);
#13597=CARTESIAN_POINT('',(1.50114E1,1.158418231901E0,-9.73836E0));
#13598=DIRECTION('',(1.E0,0.E0,0.E0));
#13599=DIRECTION('',(0.E0,-1.E0,0.E0));
#13600=AXIS2_PLACEMENT_3D('',#13597,#13598,#13599);
#13601=PLANE('',#13600);
#13602=ORIENTED_EDGE('',*,*,#10011,.F.);
#13604=ORIENTED_EDGE('',*,*,#13603,.T.);
#13605=ORIENTED_EDGE('',*,*,#13475,.T.);
#13606=ORIENTED_EDGE('',*,*,#13590,.F.);
#13607=EDGE_LOOP('',(#13602,#13604,#13605,#13606));
#13608=FACE_OUTER_BOUND('',#13607,.F.);
#13609=ADVANCED_FACE('',(#13608),#13601,.T.);
#13610=CARTESIAN_POINT('',(1.24968E1,0.E0,-9.73836E0));
#13611=DIRECTION('',(0.E0,0.E0,-1.E0));
#13612=DIRECTION('',(-1.E0,0.E0,0.E0));
#13613=AXIS2_PLACEMENT_3D('',#13610,#13611,#13612);
#13614=CYLINDRICAL_SURFACE('',#13613,2.7686E0);
#13615=ORIENTED_EDGE('',*,*,#10009,.F.);
#13617=ORIENTED_EDGE('',*,*,#13616,.T.);
#13618=ORIENTED_EDGE('',*,*,#13477,.T.);
#13619=ORIENTED_EDGE('',*,*,#13603,.F.);
#13620=EDGE_LOOP('',(#13615,#13617,#13618,#13619));
#13621=FACE_OUTER_BOUND('',#13620,.F.);
#13622=ADVANCED_FACE('',(#13621),#13614,.T.);
#13623=CARTESIAN_POINT('',(1.275088038297E1,2.756916596307E0,-9.73836E0));
#13624=DIRECTION('',(5.E-1,8.660254037844E-1,0.E0));
#13625=DIRECTION('',(8.660254037844E-1,-5.E-1,0.E0));
#13626=AXIS2_PLACEMENT_3D('',#13623,#13624,#13625);
#13627=PLANE('',#13626);
#13628=ORIENTED_EDGE('',*,*,#10007,.F.);
#13630=ORIENTED_EDGE('',*,*,#13629,.T.);
#13631=ORIENTED_EDGE('',*,*,#13479,.T.);
#13632=ORIENTED_EDGE('',*,*,#13616,.F.);
#13633=EDGE_LOOP('',(#13628,#13630,#13631,#13632));
#13634=FACE_OUTER_BOUND('',#13633,.F.);
#13635=ADVANCED_FACE('',(#13634),#13627,.T.);
#13636=CARTESIAN_POINT('',(1.24968E1,0.E0,-9.73836E0));
#13637=DIRECTION('',(0.E0,0.E0,-1.E0));
#13638=DIRECTION('',(-1.E0,0.E0,0.E0));
#13639=AXIS2_PLACEMENT_3D('',#13636,#13637,#13638);
#13640=CYLINDRICAL_SURFACE('',#13639,2.7686E0);
#13641=ORIENTED_EDGE('',*,*,#10005,.F.);
#13642=ORIENTED_EDGE('',*,*,#13501,.T.);
#13643=ORIENTED_EDGE('',*,*,#13481,.T.);
#13644=ORIENTED_EDGE('',*,*,#13629,.F.);
#13645=EDGE_LOOP('',(#13641,#13642,#13643,#13644));
#13646=FACE_OUTER_BOUND('',#13645,.F.);
#13647=ADVANCED_FACE('',(#13646),#13640,.T.);
#13648=CARTESIAN_POINT('',(-1.24968E1,0.E0,2.856202501062E1));
#13649=DIRECTION('',(0.E0,0.E0,-1.E0));
#13650=DIRECTION('',(1.E0,0.E0,0.E0));
#13651=AXIS2_PLACEMENT_3D('',#13648,#13649,#13650);
#13652=CYLINDRICAL_SURFACE('',#13651,1.13538E0);
#13653=ORIENTED_EDGE('',*,*,#13447,.F.);
#13655=ORIENTED_EDGE('',*,*,#13654,.F.);
#13657=ORIENTED_EDGE('',*,*,#13656,.T.);
#13659=ORIENTED_EDGE('',*,*,#13658,.T.);
#13660=EDGE_LOOP('',(#13653,#13655,#13657,#13659));
#13661=FACE_OUTER_BOUND('',#13660,.F.);
#13662=ADVANCED_FACE('',(#13661),#13652,.F.);
#13663=CARTESIAN_POINT('',(-1.24968E1,0.E0,2.856202501062E1));
#13664=DIRECTION('',(0.E0,0.E0,-1.E0));
#13665=DIRECTION('',(1.E0,0.E0,0.E0));
#13666=AXIS2_PLACEMENT_3D('',#13663,#13664,#13665);
#13667=CYLINDRICAL_SURFACE('',#13666,1.13538E0);
#13668=ORIENTED_EDGE('',*,*,#13449,.F.);
#13669=ORIENTED_EDGE('',*,*,#13658,.F.);
#13671=ORIENTED_EDGE('',*,*,#13670,.F.);
#13672=ORIENTED_EDGE('',*,*,#13654,.T.);
#13673=EDGE_LOOP('',(#13668,#13669,#13671,#13672));
#13674=FACE_OUTER_BOUND('',#13673,.F.);
#13675=ADVANCED_FACE('',(#13674),#13667,.F.);
#13676=CARTESIAN_POINT('',(-1.24968E1,0.E0,-9.627362E0));
#13677=DIRECTION('',(0.E0,0.E0,-1.E0));
#13678=DIRECTION('',(1.E0,0.E0,0.E0));
#13679=AXIS2_PLACEMENT_3D('',#13676,#13677,#13678);
#13680=PLANE('',#13679);
#13681=ORIENTED_EDGE('',*,*,#13670,.T.);
#13682=ORIENTED_EDGE('',*,*,#13656,.F.);
#13683=EDGE_LOOP('',(#13681,#13682));
#13684=FACE_OUTER_BOUND('',#13683,.F.);
#13685=ADVANCED_FACE('',(#13684),#13680,.T.);
#13686=CARTESIAN_POINT('',(1.24968E1,0.E0,5.207E-1));
#13687=DIRECTION('',(0.E0,0.E0,-1.E0));
#13688=DIRECTION('',(1.E0,0.E0,0.E0));
#13689=AXIS2_PLACEMENT_3D('',#13686,#13687,#13688);
#13690=CYLINDRICAL_SURFACE('',#13689,1.13538E0);
#13691=ORIENTED_EDGE('',*,*,#13485,.F.);
#13693=ORIENTED_EDGE('',*,*,#13692,.T.);
#13695=ORIENTED_EDGE('',*,*,#13694,.F.);
#13697=ORIENTED_EDGE('',*,*,#13696,.F.);
#13698=EDGE_LOOP('',(#13691,#13693,#13695,#13697));
#13699=FACE_OUTER_BOUND('',#13698,.F.);
#13700=ADVANCED_FACE('',(#13699),#13690,.F.);
#13701=CARTESIAN_POINT('',(1.24968E1,0.E0,5.207E-1));
#13702=DIRECTION('',(0.E0,0.E0,-1.E0));
#13703=DIRECTION('',(1.E0,0.E0,0.E0));
#13704=AXIS2_PLACEMENT_3D('',#13701,#13702,#13703);
#13705=CYLINDRICAL_SURFACE('',#13704,1.13538E0);
#13706=ORIENTED_EDGE('',*,*,#13487,.F.);
#13707=ORIENTED_EDGE('',*,*,#13696,.T.);
#13709=ORIENTED_EDGE('',*,*,#13708,.T.);
#13710=ORIENTED_EDGE('',*,*,#13692,.F.);
#13711=EDGE_LOOP('',(#13706,#13707,#13709,#13710));
#13712=FACE_OUTER_BOUND('',#13711,.F.);
#13713=ADVANCED_FACE('',(#13712),#13705,.F.);
#13714=CARTESIAN_POINT('',(1.24968E1,0.E0,-9.627362E0));
#13715=DIRECTION('',(0.E0,0.E0,-1.E0));
#13716=DIRECTION('',(1.E0,0.E0,0.E0));
#13717=AXIS2_PLACEMENT_3D('',#13714,#13715,#13716);
#13718=PLANE('',#13717);
#13719=ORIENTED_EDGE('',*,*,#13708,.F.);
#13720=ORIENTED_EDGE('',*,*,#13694,.T.);
#13721=EDGE_LOOP('',(#13719,#13720));
#13722=FACE_OUTER_BOUND('',#13721,.F.);
#13723=ADVANCED_FACE('',(#13722),#13718,.T.);
#13724=CARTESIAN_POINT('',(-1.24968E1,-3.3528E0,-1.540256E1));
#13725=DIRECTION('',(0.E0,1.E0,0.E0));
#13726=DIRECTION('',(1.E0,0.E0,0.E0));
#13727=AXIS2_PLACEMENT_3D('',#13724,#13725,#13726);
#13728=CYLINDRICAL_SURFACE('',#13727,1.8542E0);
#13729=ORIENTED_EDGE('',*,*,#10105,.F.);
#13731=ORIENTED_EDGE('',*,*,#13730,.T.);
#13733=ORIENTED_EDGE('',*,*,#13732,.T.);
#13735=ORIENTED_EDGE('',*,*,#13734,.F.);
#13736=EDGE_LOOP('',(#13729,#13731,#13733,#13735));
#13737=FACE_OUTER_BOUND('',#13736,.F.);
#13738=ADVANCED_FACE('',(#13737),#13728,.T.);
#13739=CARTESIAN_POINT('',(-1.24968E1,-3.3528E0,-1.540256E1));
#13740=DIRECTION('',(0.E0,1.E0,0.E0));
#13741=DIRECTION('',(1.E0,0.E0,0.E0));
#13742=AXIS2_PLACEMENT_3D('',#13739,#13740,#13741);
#13743=CYLINDRICAL_SURFACE('',#13742,1.8542E0);
#13744=ORIENTED_EDGE('',*,*,#10107,.F.);
#13745=ORIENTED_EDGE('',*,*,#13734,.T.);
#13747=ORIENTED_EDGE('',*,*,#13746,.T.);
#13748=ORIENTED_EDGE('',*,*,#13730,.F.);
#13749=EDGE_LOOP('',(#13744,#13745,#13747,#13748));
#13750=FACE_OUTER_BOUND('',#13749,.F.);
#13751=ADVANCED_FACE('',(#13750),#13743,.T.);
#13752=CARTESIAN_POINT('',(-1.55194E1,-3.048E0,0.E0));
#13753=DIRECTION('',(0.E0,1.E0,0.E0));
#13754=DIRECTION('',(1.E0,0.E0,0.E0));
#13755=AXIS2_PLACEMENT_3D('',#13752,#13753,#13754);
#13756=PLANE('',#13755);
#13757=ORIENTED_EDGE('',*,*,#13732,.F.);
#13758=ORIENTED_EDGE('',*,*,#13746,.F.);
#13759=EDGE_LOOP('',(#13757,#13758));
#13760=FACE_OUTER_BOUND('',#13759,.F.);
#13762=ORIENTED_EDGE('',*,*,#13761,.F.);
#13764=ORIENTED_EDGE('',*,*,#13763,.F.);
#13766=ORIENTED_EDGE('',*,*,#13765,.F.);
#13768=ORIENTED_EDGE('',*,*,#13767,.F.);
#13770=ORIENTED_EDGE('',*,*,#13769,.F.);
#13772=ORIENTED_EDGE('',*,*,#13771,.F.);
#13774=ORIENTED_EDGE('',*,*,#13773,.F.);
#13776=ORIENTED_EDGE('',*,*,#13775,.F.);
#13777=EDGE_LOOP('',(#13762,#13764,#13766,#13768,#13770,#13772,#13774,#13776));
#13778=FACE_BOUND('',#13777,.F.);
#13779=ADVANCED_FACE('',(#13760,#13778),#13756,.T.);
#13780=CARTESIAN_POINT('',(-1.55194E1,-3.048E0,0.E0));
#13781=DIRECTION('',(0.E0,1.E0,0.E0));
#13782=DIRECTION('',(1.E0,0.E0,0.E0));
#13783=AXIS2_PLACEMENT_3D('',#13780,#13781,#13782);
#13784=PLANE('',#13783);
#13786=ORIENTED_EDGE('',*,*,#13785,.F.);
#13788=ORIENTED_EDGE('',*,*,#13787,.F.);
#13789=EDGE_LOOP('',(#13786,#13788));
#13790=FACE_OUTER_BOUND('',#13789,.F.);
#13792=ORIENTED_EDGE('',*,*,#13791,.F.);
#13794=ORIENTED_EDGE('',*,*,#13793,.F.);
#13796=ORIENTED_EDGE('',*,*,#13795,.F.);
#13798=ORIENTED_EDGE('',*,*,#13797,.F.);
#13800=ORIENTED_EDGE('',*,*,#13799,.F.);
#13802=ORIENTED_EDGE('',*,*,#13801,.F.);
#13804=ORIENTED_EDGE('',*,*,#13803,.F.);
#13806=ORIENTED_EDGE('',*,*,#13805,.F.);
#13807=EDGE_LOOP('',(#13792,#13794,#13796,#13798,#13800,#13802,#13804,#13806));
#13808=FACE_BOUND('',#13807,.F.);
#13809=ADVANCED_FACE('',(#13790,#13808),#13784,.T.);
#13810=CARTESIAN_POINT('',(1.24968E1,-3.3528E0,-1.540256E1));
#13811=DIRECTION('',(0.E0,1.E0,0.E0));
#13812=DIRECTION('',(1.E0,0.E0,0.E0));
#13813=AXIS2_PLACEMENT_3D('',#13810,#13811,#13812);
#13814=CYLINDRICAL_SURFACE('',#13813,1.8542E0);
#13815=ORIENTED_EDGE('',*,*,#10081,.F.);
#13817=ORIENTED_EDGE('',*,*,#13816,.T.);
#13818=ORIENTED_EDGE('',*,*,#13785,.T.);
#13820=ORIENTED_EDGE('',*,*,#13819,.F.);
#13821=EDGE_LOOP('',(#13815,#13817,#13818,#13820));
#13822=FACE_OUTER_BOUND('',#13821,.F.);
#13823=ADVANCED_FACE('',(#13822),#13814,.T.);
#13824=CARTESIAN_POINT('',(1.24968E1,-3.3528E0,-1.540256E1));
#13825=DIRECTION('',(0.E0,1.E0,0.E0));
#13826=DIRECTION('',(1.E0,0.E0,0.E0));
#13827=AXIS2_PLACEMENT_3D('',#13824,#13825,#13826);
#13828=CYLINDRICAL_SURFACE('',#13827,1.8542E0);
#13829=ORIENTED_EDGE('',*,*,#10083,.F.);
#13830=ORIENTED_EDGE('',*,*,#13819,.T.);
#13831=ORIENTED_EDGE('',*,*,#13787,.T.);
#13832=ORIENTED_EDGE('',*,*,#13816,.F.);
#13833=EDGE_LOOP('',(#13829,#13830,#13831,#13832));
#13834=FACE_OUTER_BOUND('',#13833,.F.);
#13835=ADVANCED_FACE('',(#13834),#13828,.T.);
#13836=CARTESIAN_POINT('',(-1.24968E1,-3.3528E0,-1.540256E1));
#13837=DIRECTION('',(0.E0,1.E0,0.E0));
#13838=DIRECTION('',(1.E0,0.E0,0.E0));
#13839=AXIS2_PLACEMENT_3D('',#13836,#13837,#13838);
#13840=CYLINDRICAL_SURFACE('',#13839,1.5494E0);
#13841=ORIENTED_EDGE('',*,*,#13765,.T.);
#13843=ORIENTED_EDGE('',*,*,#13842,.F.);
#13844=ORIENTED_EDGE('',*,*,#10137,.T.);
#13846=ORIENTED_EDGE('',*,*,#13845,.T.);
#13847=EDGE_LOOP('',(#13841,#13843,#13844,#13846));
#13848=FACE_OUTER_BOUND('',#13847,.F.);
#13849=ADVANCED_FACE('',(#13848),#13840,.F.);
#13850=CARTESIAN_POINT('',(-1.24968E1,-3.3528E0,-1.540256E1));
#13851=DIRECTION('',(0.E0,1.E0,0.E0));
#13852=DIRECTION('',(1.E0,0.E0,0.E0));
#13853=AXIS2_PLACEMENT_3D('',#13850,#13851,#13852);
#13854=CYLINDRICAL_SURFACE('',#13853,1.5494E0);
#13855=ORIENTED_EDGE('',*,*,#10153,.T.);
#13857=ORIENTED_EDGE('',*,*,#13856,.T.);
#13858=ORIENTED_EDGE('',*,*,#13761,.T.);
#13860=ORIENTED_EDGE('',*,*,#13859,.F.);
#13861=EDGE_LOOP('',(#13855,#13857,#13858,#13860));
#13862=FACE_OUTER_BOUND('',#13861,.F.);
#13863=ADVANCED_FACE('',(#13862),#13854,.F.);
#13864=CARTESIAN_POINT('',(-1.24968E1,-3.3528E0,-1.540256E1));
#13865=DIRECTION('',(0.E0,1.E0,0.E0));
#13866=DIRECTION('',(1.E0,0.E0,0.E0));
#13867=AXIS2_PLACEMENT_3D('',#13864,#13865,#13866);
#13868=CYLINDRICAL_SURFACE('',#13867,1.5494E0);
#13869=ORIENTED_EDGE('',*,*,#13773,.T.);
#13871=ORIENTED_EDGE('',*,*,#13870,.F.);
#13872=ORIENTED_EDGE('',*,*,#10169,.T.);
#13874=ORIENTED_EDGE('',*,*,#13873,.T.);
#13875=EDGE_LOOP('',(#13869,#13871,#13872,#13874));
#13876=FACE_OUTER_BOUND('',#13875,.F.);
#13877=ADVANCED_FACE('',(#13876),#13868,.F.);
#13878=CARTESIAN_POINT('',(-1.24968E1,-3.3528E0,-1.540256E1));
#13879=DIRECTION('',(0.E0,1.E0,0.E0));
#13880=DIRECTION('',(1.E0,0.E0,0.E0));
#13881=AXIS2_PLACEMENT_3D('',#13878,#13879,#13880);
#13882=CYLINDRICAL_SURFACE('',#13881,1.5494E0);
#13883=ORIENTED_EDGE('',*,*,#13769,.T.);
#13885=ORIENTED_EDGE('',*,*,#13884,.F.);
#13886=ORIENTED_EDGE('',*,*,#10121,.T.);
#13888=ORIENTED_EDGE('',*,*,#13887,.T.);
#13889=EDGE_LOOP('',(#13883,#13885,#13886,#13888));
#13890=FACE_OUTER_BOUND('',#13889,.F.);
#13891=ADVANCED_FACE('',(#13890),#13882,.F.);
#13892=CARTESIAN_POINT('',(-1.17983E1,-2.8702E0,-1.610106E1));
#13893=DIRECTION('',(0.E0,-1.E0,0.E0));
#13894=DIRECTION('',(1.E0,0.E0,0.E0));
#13895=AXIS2_PLACEMENT_3D('',#13892,#13893,#13894);
#13896=CYLINDRICAL_SURFACE('',#13895,6.35E-1);
#13897=ORIENTED_EDGE('',*,*,#10139,.T.);
#13898=ORIENTED_EDGE('',*,*,#13842,.T.);
#13899=ORIENTED_EDGE('',*,*,#13763,.T.);
#13900=ORIENTED_EDGE('',*,*,#13856,.F.);
#13901=ORIENTED_EDGE('',*,*,#10151,.T.);
#13903=ORIENTED_EDGE('',*,*,#13902,.F.);
#13905=ORIENTED_EDGE('',*,*,#13904,.F.);
#13907=ORIENTED_EDGE('',*,*,#13906,.T.);
#13908=EDGE_LOOP('',(#13897,#13898,#13899,#13900,#13901,#13903,#13905,#13907));
#13909=FACE_OUTER_BOUND('',#13908,.F.);
#13910=ADVANCED_FACE('',(#13909),#13896,.T.);
#13911=CARTESIAN_POINT('',(-1.11633E1,-2.8702E0,-1.610106E1));
#13912=DIRECTION('',(1.E0,0.E0,0.E0));
#13913=DIRECTION('',(0.E0,0.E0,1.E0));
#13914=AXIS2_PLACEMENT_3D('',#13911,#13912,#13913);
#13915=PLANE('',#13914);
#13916=ORIENTED_EDGE('',*,*,#10149,.T.);
#13918=ORIENTED_EDGE('',*,*,#13917,.F.);
#13920=ORIENTED_EDGE('',*,*,#13919,.F.);
#13921=ORIENTED_EDGE('',*,*,#13902,.T.);
#13922=EDGE_LOOP('',(#13916,#13918,#13920,#13921));
#13923=FACE_OUTER_BOUND('',#13922,.F.);
#13924=ADVANCED_FACE('',(#13923),#13915,.T.);
#13925=CARTESIAN_POINT('',(-1.17983E1,-2.8702E0,-1.470406E1));
#13926=DIRECTION('',(0.E0,-1.E0,0.E0));
#13927=DIRECTION('',(1.E0,0.E0,0.E0));
#13928=AXIS2_PLACEMENT_3D('',#13925,#13926,#13927);
#13929=CYLINDRICAL_SURFACE('',#13928,6.35E-1);
#13930=ORIENTED_EDGE('',*,*,#10155,.T.);
#13931=ORIENTED_EDGE('',*,*,#13859,.T.);
#13932=ORIENTED_EDGE('',*,*,#13775,.T.);
#13933=ORIENTED_EDGE('',*,*,#13873,.F.);
#13934=ORIENTED_EDGE('',*,*,#10167,.T.);
#13936=ORIENTED_EDGE('',*,*,#13935,.F.);
#13938=ORIENTED_EDGE('',*,*,#13937,.F.);
#13939=ORIENTED_EDGE('',*,*,#13917,.T.);
#13940=EDGE_LOOP('',(#13930,#13931,#13932,#13933,#13934,#13936,#13938,#13939));
#13941=FACE_OUTER_BOUND('',#13940,.F.);
#13942=ADVANCED_FACE('',(#13941),#13929,.T.);
#13943=CARTESIAN_POINT('',(-1.17983E1,-2.8702E0,-1.406906E1));
#13944=DIRECTION('',(0.E0,0.E0,1.E0));
#13945=DIRECTION('',(-1.E0,0.E0,0.E0));
#13946=AXIS2_PLACEMENT_3D('',#13943,#13944,#13945);
#13947=PLANE('',#13946);
#13948=ORIENTED_EDGE('',*,*,#10165,.T.);
#13950=ORIENTED_EDGE('',*,*,#13949,.F.);
#13952=ORIENTED_EDGE('',*,*,#13951,.F.);
#13953=ORIENTED_EDGE('',*,*,#13935,.T.);
#13954=EDGE_LOOP('',(#13948,#13950,#13952,#13953));
#13955=FACE_OUTER_BOUND('',#13954,.F.);
#13956=ADVANCED_FACE('',(#13955),#13947,.T.);
#13957=CARTESIAN_POINT('',(-1.31953E1,-2.8702E0,-1.470406E1));
#13958=DIRECTION('',(0.E0,-1.E0,0.E0));
#13959=DIRECTION('',(1.E0,0.E0,0.E0));
#13960=AXIS2_PLACEMENT_3D('',#13957,#13958,#13959);
#13961=CYLINDRICAL_SURFACE('',#13960,6.35E-1);
#13962=ORIENTED_EDGE('',*,*,#10171,.T.);
#13963=ORIENTED_EDGE('',*,*,#13870,.T.);
#13964=ORIENTED_EDGE('',*,*,#13771,.T.);
#13965=ORIENTED_EDGE('',*,*,#13887,.F.);
#13966=ORIENTED_EDGE('',*,*,#10119,.T.);
#13968=ORIENTED_EDGE('',*,*,#13967,.F.);
#13970=ORIENTED_EDGE('',*,*,#13969,.F.);
#13971=ORIENTED_EDGE('',*,*,#13949,.T.);
#13972=EDGE_LOOP('',(#13962,#13963,#13964,#13965,#13966,#13968,#13970,#13971));
#13973=FACE_OUTER_BOUND('',#13972,.F.);
#13974=ADVANCED_FACE('',(#13973),#13961,.T.);
#13975=CARTESIAN_POINT('',(-1.38303E1,-2.8702E0,-1.470406E1));
#13976=DIRECTION('',(-1.E0,0.E0,0.E0));
#13977=DIRECTION('',(0.E0,0.E0,-1.E0));
#13978=AXIS2_PLACEMENT_3D('',#13975,#13976,#13977);
#13979=PLANE('',#13978);
#13980=ORIENTED_EDGE('',*,*,#10117,.T.);
#13982=ORIENTED_EDGE('',*,*,#13981,.F.);
#13984=ORIENTED_EDGE('',*,*,#13983,.F.);
#13985=ORIENTED_EDGE('',*,*,#13967,.T.);
#13986=EDGE_LOOP('',(#13980,#13982,#13984,#13985));
#13987=FACE_OUTER_BOUND('',#13986,.F.);
#13988=ADVANCED_FACE('',(#13987),#13979,.T.);
#13989=CARTESIAN_POINT('',(-1.31953E1,-2.8702E0,-1.610106E1));
#13990=DIRECTION('',(0.E0,-1.E0,0.E0));
#13991=DIRECTION('',(1.E0,0.E0,0.E0));
#13992=AXIS2_PLACEMENT_3D('',#13989,#13990,#13991);
#13993=CYLINDRICAL_SURFACE('',#13992,6.35E-1);
#13994=ORIENTED_EDGE('',*,*,#10123,.T.);
#13995=ORIENTED_EDGE('',*,*,#13884,.T.);
#13996=ORIENTED_EDGE('',*,*,#13767,.T.);
#13997=ORIENTED_EDGE('',*,*,#13845,.F.);
#13998=ORIENTED_EDGE('',*,*,#10135,.T.);
#14000=ORIENTED_EDGE('',*,*,#13999,.F.);
#14002=ORIENTED_EDGE('',*,*,#14001,.F.);
#14003=ORIENTED_EDGE('',*,*,#13981,.T.);
#14004=EDGE_LOOP('',(#13994,#13995,#13996,#13997,#13998,#14000,#14002,#14003));
#14005=FACE_OUTER_BOUND('',#14004,.F.);
#14006=ADVANCED_FACE('',(#14005),#13993,.T.);
#14007=CARTESIAN_POINT('',(-1.31953E1,-2.8702E0,-1.673606E1));
#14008=DIRECTION('',(0.E0,0.E0,-1.E0));
#14009=DIRECTION('',(1.E0,0.E0,0.E0));
#14010=AXIS2_PLACEMENT_3D('',#14007,#14008,#14009);
#14011=PLANE('',#14010);
#14012=ORIENTED_EDGE('',*,*,#10133,.T.);
#14013=ORIENTED_EDGE('',*,*,#13906,.F.);
#14015=ORIENTED_EDGE('',*,*,#14014,.F.);
#14016=ORIENTED_EDGE('',*,*,#13999,.T.);
#14017=EDGE_LOOP('',(#14012,#14013,#14015,#14016));
#14018=FACE_OUTER_BOUND('',#14017,.F.);
#14019=ADVANCED_FACE('',(#14018),#14011,.T.);
#14020=CARTESIAN_POINT('',(-1.55194E1,-2.8702E0,0.E0));
#14021=DIRECTION('',(0.E0,-1.E0,0.E0));
#14022=DIRECTION('',(1.E0,0.E0,0.E0));
#14023=AXIS2_PLACEMENT_3D('',#14020,#14021,#14022);
#14024=PLANE('',#14023);
#14025=ORIENTED_EDGE('',*,*,#13969,.T.);
#14026=ORIENTED_EDGE('',*,*,#13983,.T.);
#14027=ORIENTED_EDGE('',*,*,#14001,.T.);
#14028=ORIENTED_EDGE('',*,*,#14014,.T.);
#14029=ORIENTED_EDGE('',*,*,#13904,.T.);
#14030=ORIENTED_EDGE('',*,*,#13919,.T.);
#14031=ORIENTED_EDGE('',*,*,#13937,.T.);
#14032=ORIENTED_EDGE('',*,*,#13951,.T.);
#14033=EDGE_LOOP('',(#14025,#14026,#14027,#14028,#14029,#14030,#14031,#14032));
#14034=FACE_OUTER_BOUND('',#14033,.F.);
#14036=ORIENTED_EDGE('',*,*,#14035,.T.);
#14038=ORIENTED_EDGE('',*,*,#14037,.T.);
#14040=ORIENTED_EDGE('',*,*,#14039,.T.);
#14042=ORIENTED_EDGE('',*,*,#14041,.T.);
#14044=ORIENTED_EDGE('',*,*,#14043,.T.);
#14046=ORIENTED_EDGE('',*,*,#14045,.T.);
#14048=ORIENTED_EDGE('',*,*,#14047,.T.);
#14050=ORIENTED_EDGE('',*,*,#14049,.T.);
#14051=EDGE_LOOP('',(#14036,#14038,#14040,#14042,#14044,#14046,#14048,#14050));
#14052=FACE_BOUND('',#14051,.F.);
#14053=ADVANCED_FACE('',(#14034,#14052),#14024,.F.);
#14054=CARTESIAN_POINT('',(-1.55194E1,-2.8702E0,0.E0));
#14055=DIRECTION('',(0.E0,-1.E0,0.E0));
#14056=DIRECTION('',(1.E0,0.E0,0.E0));
#14057=AXIS2_PLACEMENT_3D('',#14054,#14055,#14056);
#14058=PLANE('',#14057);
#14060=ORIENTED_EDGE('',*,*,#14059,.T.);
#14062=ORIENTED_EDGE('',*,*,#14061,.T.);
#14064=ORIENTED_EDGE('',*,*,#14063,.T.);
#14066=ORIENTED_EDGE('',*,*,#14065,.T.);
#14068=ORIENTED_EDGE('',*,*,#14067,.T.);
#14070=ORIENTED_EDGE('',*,*,#14069,.T.);
#14072=ORIENTED_EDGE('',*,*,#14071,.T.);
#14074=ORIENTED_EDGE('',*,*,#14073,.T.);
#14075=EDGE_LOOP('',(#14060,#14062,#14064,#14066,#14068,#14070,#14072,#14074));
#14076=FACE_OUTER_BOUND('',#14075,.F.);
#14078=ORIENTED_EDGE('',*,*,#14077,.T.);
#14080=ORIENTED_EDGE('',*,*,#14079,.T.);
#14082=ORIENTED_EDGE('',*,*,#14081,.T.);
#14084=ORIENTED_EDGE('',*,*,#14083,.T.);
#14086=ORIENTED_EDGE('',*,*,#14085,.T.);
#14088=ORIENTED_EDGE('',*,*,#14087,.T.);
#14090=ORIENTED_EDGE('',*,*,#14089,.T.);
#14092=ORIENTED_EDGE('',*,*,#14091,.T.);
#14093=EDGE_LOOP('',(#14078,#14080,#14082,#14084,#14086,#14088,#14090,#14092));
#14094=FACE_BOUND('',#14093,.F.);
#14095=ADVANCED_FACE('',(#14076,#14094),#14058,.F.);
#14096=CARTESIAN_POINT('',(-1.31953E1,-2.8702E0,-1.43891E1));
#14097=DIRECTION('',(0.E0,0.E0,-1.E0));
#14098=DIRECTION('',(1.E0,0.E0,0.E0));
#14099=AXIS2_PLACEMENT_3D('',#14096,#14097,#14098);
#14100=PLANE('',#14099);
#14101=ORIENTED_EDGE('',*,*,#10181,.T.);
#14103=ORIENTED_EDGE('',*,*,#14102,.F.);
#14104=ORIENTED_EDGE('',*,*,#14035,.F.);
#14106=ORIENTED_EDGE('',*,*,#14105,.T.);
#14107=EDGE_LOOP('',(#14101,#14103,#14104,#14106));
#14108=FACE_OUTER_BOUND('',#14107,.F.);
#14109=ADVANCED_FACE('',(#14108),#14100,.T.);
#14110=CARTESIAN_POINT('',(-1.17983E1,-2.8702E0,-1.470406E1));
#14111=DIRECTION('',(0.E0,-1.E0,0.E0));
#14112=DIRECTION('',(1.E0,0.E0,0.E0));
#14113=AXIS2_PLACEMENT_3D('',#14110,#14111,#14112);
#14114=CYLINDRICAL_SURFACE('',#14113,3.1496E-1);
#14115=ORIENTED_EDGE('',*,*,#10195,.F.);
#14117=ORIENTED_EDGE('',*,*,#14116,.F.);
#14118=ORIENTED_EDGE('',*,*,#14037,.F.);
#14119=ORIENTED_EDGE('',*,*,#14102,.T.);
#14120=EDGE_LOOP('',(#14115,#14117,#14118,#14119));
#14121=FACE_OUTER_BOUND('',#14120,.F.);
#14122=ADVANCED_FACE('',(#14121),#14114,.F.);
#14123=CARTESIAN_POINT('',(-1.148334E1,-2.8702E0,-1.470406E1));
#14124=DIRECTION('',(-1.E0,0.E0,0.E0));
#14125=DIRECTION('',(0.E0,0.E0,-1.E0));
#14126=AXIS2_PLACEMENT_3D('',#14123,#14124,#14125);
#14127=PLANE('',#14126);
#14128=ORIENTED_EDGE('',*,*,#10193,.T.);
#14130=ORIENTED_EDGE('',*,*,#14129,.F.);
#14131=ORIENTED_EDGE('',*,*,#14039,.F.);
#14132=ORIENTED_EDGE('',*,*,#14116,.T.);
#14133=EDGE_LOOP('',(#14128,#14130,#14131,#14132));
#14134=FACE_OUTER_BOUND('',#14133,.F.);
#14135=ADVANCED_FACE('',(#14134),#14127,.T.);
#14136=CARTESIAN_POINT('',(-1.17983E1,-2.8702E0,-1.610106E1));
#14137=DIRECTION('',(0.E0,-1.E0,0.E0));
#14138=DIRECTION('',(1.E0,0.E0,0.E0));
#14139=AXIS2_PLACEMENT_3D('',#14136,#14137,#14138);
#14140=CYLINDRICAL_SURFACE('',#14139,3.1496E-1);
#14141=ORIENTED_EDGE('',*,*,#10191,.F.);
#14143=ORIENTED_EDGE('',*,*,#14142,.F.);
#14144=ORIENTED_EDGE('',*,*,#14041,.F.);
#14145=ORIENTED_EDGE('',*,*,#14129,.T.);
#14146=EDGE_LOOP('',(#14141,#14143,#14144,#14145));
#14147=FACE_OUTER_BOUND('',#14146,.F.);
#14148=ADVANCED_FACE('',(#14147),#14140,.F.);
#14149=CARTESIAN_POINT('',(-1.17983E1,-2.8702E0,-1.641602E1));
#14150=DIRECTION('',(0.E0,0.E0,1.E0));
#14151=DIRECTION('',(-1.E0,0.E0,0.E0));
#14152=AXIS2_PLACEMENT_3D('',#14149,#14150,#14151);
#14153=PLANE('',#14152);
#14154=ORIENTED_EDGE('',*,*,#10189,.T.);
#14156=ORIENTED_EDGE('',*,*,#14155,.F.);
#14157=ORIENTED_EDGE('',*,*,#14043,.F.);
#14158=ORIENTED_EDGE('',*,*,#14142,.T.);
#14159=EDGE_LOOP('',(#14154,#14156,#14157,#14158));
#14160=FACE_OUTER_BOUND('',#14159,.F.);
#14161=ADVANCED_FACE('',(#14160),#14153,.T.);
#14162=CARTESIAN_POINT('',(-1.31953E1,-2.8702E0,-1.610106E1));
#14163=DIRECTION('',(0.E0,-1.E0,0.E0));
#14164=DIRECTION('',(1.E0,0.E0,0.E0));
#14165=AXIS2_PLACEMENT_3D('',#14162,#14163,#14164);
#14166=CYLINDRICAL_SURFACE('',#14165,3.1496E-1);
#14167=ORIENTED_EDGE('',*,*,#10187,.F.);
#14169=ORIENTED_EDGE('',*,*,#14168,.F.);
#14170=ORIENTED_EDGE('',*,*,#14045,.F.);
#14171=ORIENTED_EDGE('',*,*,#14155,.T.);
#14172=EDGE_LOOP('',(#14167,#14169,#14170,#14171));
#14173=FACE_OUTER_BOUND('',#14172,.F.);
#14174=ADVANCED_FACE('',(#14173),#14166,.F.);
#14175=CARTESIAN_POINT('',(-1.351026E1,-2.8702E0,-1.610106E1));
#14176=DIRECTION('',(1.E0,0.E0,0.E0));
#14177=DIRECTION('',(0.E0,0.E0,1.E0));
#14178=AXIS2_PLACEMENT_3D('',#14175,#14176,#14177);
#14179=PLANE('',#14178);
#14180=ORIENTED_EDGE('',*,*,#10185,.T.);
#14182=ORIENTED_EDGE('',*,*,#14181,.F.);
#14183=ORIENTED_EDGE('',*,*,#14047,.F.);
#14184=ORIENTED_EDGE('',*,*,#14168,.T.);
#14185=EDGE_LOOP('',(#14180,#14182,#14183,#14184));
#14186=FACE_OUTER_BOUND('',#14185,.F.);
#14187=ADVANCED_FACE('',(#14186),#14179,.T.);
#14188=CARTESIAN_POINT('',(-1.31953E1,-2.8702E0,-1.470406E1));
#14189=DIRECTION('',(0.E0,-1.E0,0.E0));
#14190=DIRECTION('',(1.E0,0.E0,0.E0));
#14191=AXIS2_PLACEMENT_3D('',#14188,#14189,#14190);
#14192=CYLINDRICAL_SURFACE('',#14191,3.1496E-1);
#14193=ORIENTED_EDGE('',*,*,#10183,.F.);
#14194=ORIENTED_EDGE('',*,*,#14105,.F.);
#14195=ORIENTED_EDGE('',*,*,#14049,.F.);
#14196=ORIENTED_EDGE('',*,*,#14181,.T.);
#14197=EDGE_LOOP('',(#14193,#14194,#14195,#14196));
#14198=FACE_OUTER_BOUND('',#14197,.F.);
#14199=ADVANCED_FACE('',(#14198),#14192,.F.);
#14200=CARTESIAN_POINT('',(1.31953E1,-2.8702E0,-1.406906E1));
#14201=DIRECTION('',(0.E0,0.E0,1.E0));
#14202=DIRECTION('',(-1.E0,0.E0,0.E0));
#14203=AXIS2_PLACEMENT_3D('',#14200,#14201,#14202);
#14204=PLANE('',#14203);
#14205=ORIENTED_EDGE('',*,*,#10225,.T.);
#14207=ORIENTED_EDGE('',*,*,#14206,.F.);
#14208=ORIENTED_EDGE('',*,*,#14059,.F.);
#14210=ORIENTED_EDGE('',*,*,#14209,.T.);
#14211=EDGE_LOOP('',(#14205,#14207,#14208,#14210));
#14212=FACE_OUTER_BOUND('',#14211,.F.);
#14213=ADVANCED_FACE('',(#14212),#14204,.T.);
#14214=CARTESIAN_POINT('',(1.17983E1,-2.8702E0,-1.470406E1));
#14215=DIRECTION('',(0.E0,-1.E0,0.E0));
#14216=DIRECTION('',(1.E0,0.E0,0.E0));
#14217=AXIS2_PLACEMENT_3D('',#14214,#14215,#14216);
#14218=CYLINDRICAL_SURFACE('',#14217,6.35E-1);
#14219=ORIENTED_EDGE('',*,*,#10223,.T.);
#14221=ORIENTED_EDGE('',*,*,#14220,.T.);
#14222=ORIENTED_EDGE('',*,*,#13801,.T.);
#14224=ORIENTED_EDGE('',*,*,#14223,.F.);
#14225=ORIENTED_EDGE('',*,*,#10211,.T.);
#14227=ORIENTED_EDGE('',*,*,#14226,.F.);
#14228=ORIENTED_EDGE('',*,*,#14061,.F.);
#14229=ORIENTED_EDGE('',*,*,#14206,.T.);
#14230=EDGE_LOOP('',(#14219,#14221,#14222,#14224,#14225,#14227,#14228,#14229));
#14231=FACE_OUTER_BOUND('',#14230,.F.);
#14232=ADVANCED_FACE('',(#14231),#14218,.T.);
#14233=CARTESIAN_POINT('',(1.24968E1,-3.3528E0,-1.540256E1));
#14234=DIRECTION('',(0.E0,1.E0,0.E0));
#14235=DIRECTION('',(1.E0,0.E0,0.E0));
#14236=AXIS2_PLACEMENT_3D('',#14233,#14234,#14235);
#14237=CYLINDRICAL_SURFACE('',#14236,1.5494E0);
#14238=ORIENTED_EDGE('',*,*,#13795,.T.);
#14240=ORIENTED_EDGE('',*,*,#14239,.F.);
#14241=ORIENTED_EDGE('',*,*,#10253,.T.);
#14243=ORIENTED_EDGE('',*,*,#14242,.T.);
#14244=EDGE_LOOP('',(#14238,#14240,#14241,#14243));
#14245=FACE_OUTER_BOUND('',#14244,.F.);
#14246=ADVANCED_FACE('',(#14245),#14237,.F.);
#14247=CARTESIAN_POINT('',(1.24968E1,-3.3528E0,-1.540256E1));
#14248=DIRECTION('',(0.E0,1.E0,0.E0));
#14249=DIRECTION('',(1.E0,0.E0,0.E0));
#14250=AXIS2_PLACEMENT_3D('',#14247,#14248,#14249);
#14251=CYLINDRICAL_SURFACE('',#14250,1.5494E0);
#14252=ORIENTED_EDGE('',*,*,#10237,.T.);
#14254=ORIENTED_EDGE('',*,*,#14253,.T.);
#14255=ORIENTED_EDGE('',*,*,#13791,.T.);
#14257=ORIENTED_EDGE('',*,*,#14256,.F.);
#14258=EDGE_LOOP('',(#14252,#14254,#14255,#14257));
#14259=FACE_OUTER_BOUND('',#14258,.F.);
#14260=ADVANCED_FACE('',(#14259),#14251,.F.);
#14261=CARTESIAN_POINT('',(1.24968E1,-3.3528E0,-1.540256E1));
#14262=DIRECTION('',(0.E0,1.E0,0.E0));
#14263=DIRECTION('',(1.E0,0.E0,0.E0));
#14264=AXIS2_PLACEMENT_3D('',#14261,#14262,#14263);
#14265=CYLINDRICAL_SURFACE('',#14264,1.5494E0);
#14266=ORIENTED_EDGE('',*,*,#13803,.T.);
#14267=ORIENTED_EDGE('',*,*,#14220,.F.);
#14268=ORIENTED_EDGE('',*,*,#10221,.T.);
#14270=ORIENTED_EDGE('',*,*,#14269,.T.);
#14271=EDGE_LOOP('',(#14266,#14267,#14268,#14270));
#14272=FACE_OUTER_BOUND('',#14271,.F.);
#14273=ADVANCED_FACE('',(#14272),#14265,.F.);
#14274=CARTESIAN_POINT('',(1.24968E1,-3.3528E0,-1.540256E1));
#14275=DIRECTION('',(0.E0,1.E0,0.E0));
#14276=DIRECTION('',(1.E0,0.E0,0.E0));
#14277=AXIS2_PLACEMENT_3D('',#14274,#14275,#14276);
#14278=CYLINDRICAL_SURFACE('',#14277,1.5494E0);
#14279=ORIENTED_EDGE('',*,*,#13799,.T.);
#14281=ORIENTED_EDGE('',*,*,#14280,.F.);
#14282=ORIENTED_EDGE('',*,*,#10205,.T.);
#14283=ORIENTED_EDGE('',*,*,#14223,.T.);
#14284=EDGE_LOOP('',(#14279,#14281,#14282,#14283));
#14285=FACE_OUTER_BOUND('',#14284,.F.);
#14286=ADVANCED_FACE('',(#14285),#14278,.F.);
#14287=CARTESIAN_POINT('',(1.31953E1,-2.8702E0,-1.610106E1));
#14288=DIRECTION('',(0.E0,-1.E0,0.E0));
#14289=DIRECTION('',(1.E0,0.E0,0.E0));
#14290=AXIS2_PLACEMENT_3D('',#14287,#14288,#14289);
#14291=CYLINDRICAL_SURFACE('',#14290,6.35E-1);
#14292=ORIENTED_EDGE('',*,*,#10255,.T.);
#14293=ORIENTED_EDGE('',*,*,#14239,.T.);
#14294=ORIENTED_EDGE('',*,*,#13793,.T.);
#14295=ORIENTED_EDGE('',*,*,#14253,.F.);
#14296=ORIENTED_EDGE('',*,*,#10243,.T.);
#14298=ORIENTED_EDGE('',*,*,#14297,.F.);
#14299=ORIENTED_EDGE('',*,*,#14069,.F.);
#14301=ORIENTED_EDGE('',*,*,#14300,.T.);
#14302=EDGE_LOOP('',(#14292,#14293,#14294,#14295,#14296,#14298,#14299,#14301));
#14303=FACE_OUTER_BOUND('',#14302,.F.);
#14304=ADVANCED_FACE('',(#14303),#14291,.T.);
#14305=CARTESIAN_POINT('',(1.38303E1,-2.8702E0,-1.610106E1));
#14306=DIRECTION('',(1.E0,0.E0,0.E0));
#14307=DIRECTION('',(0.E0,0.E0,1.E0));
#14308=AXIS2_PLACEMENT_3D('',#14305,#14306,#14307);
#14309=PLANE('',#14308);
#14310=ORIENTED_EDGE('',*,*,#10241,.T.);
#14312=ORIENTED_EDGE('',*,*,#14311,.F.);
#14313=ORIENTED_EDGE('',*,*,#14071,.F.);
#14314=ORIENTED_EDGE('',*,*,#14297,.T.);
#14315=EDGE_LOOP('',(#14310,#14312,#14313,#14314));
#14316=FACE_OUTER_BOUND('',#14315,.F.);
#14317=ADVANCED_FACE('',(#14316),#14309,.T.);
#14318=CARTESIAN_POINT('',(1.31953E1,-2.8702E0,-1.470406E1));
#14319=DIRECTION('',(0.E0,-1.E0,0.E0));
#14320=DIRECTION('',(1.E0,0.E0,0.E0));
#14321=AXIS2_PLACEMENT_3D('',#14318,#14319,#14320);
#14322=CYLINDRICAL_SURFACE('',#14321,6.35E-1);
#14323=ORIENTED_EDGE('',*,*,#10239,.T.);
#14324=ORIENTED_EDGE('',*,*,#14256,.T.);
#14325=ORIENTED_EDGE('',*,*,#13805,.T.);
#14326=ORIENTED_EDGE('',*,*,#14269,.F.);
#14327=ORIENTED_EDGE('',*,*,#10227,.T.);
#14328=ORIENTED_EDGE('',*,*,#14209,.F.);
#14329=ORIENTED_EDGE('',*,*,#14073,.F.);
#14330=ORIENTED_EDGE('',*,*,#14311,.T.);
#14331=EDGE_LOOP('',(#14323,#14324,#14325,#14326,#14327,#14328,#14329,#14330));
#14332=FACE_OUTER_BOUND('',#14331,.F.);
#14333=ADVANCED_FACE('',(#14332),#14322,.T.);
#14334=CARTESIAN_POINT('',(1.17983E1,-2.8702E0,-1.673606E1));
#14335=DIRECTION('',(0.E0,0.E0,-1.E0));
#14336=DIRECTION('',(1.E0,0.E0,0.E0));
#14337=AXIS2_PLACEMENT_3D('',#14334,#14335,#14336);
#14338=PLANE('',#14337);
#14339=ORIENTED_EDGE('',*,*,#10257,.T.);
#14340=ORIENTED_EDGE('',*,*,#14300,.F.);
#14341=ORIENTED_EDGE('',*,*,#14067,.F.);
#14343=ORIENTED_EDGE('',*,*,#14342,.T.);
#14344=EDGE_LOOP('',(#14339,#14340,#14341,#14343));
#14345=FACE_OUTER_BOUND('',#14344,.F.);
#14346=ADVANCED_FACE('',(#14345),#14338,.T.);
#14347=CARTESIAN_POINT('',(1.17983E1,-2.8702E0,-1.610106E1));
#14348=DIRECTION('',(0.E0,-1.E0,0.E0));
#14349=DIRECTION('',(1.E0,0.E0,0.E0));
#14350=AXIS2_PLACEMENT_3D('',#14347,#14348,#14349);
#14351=CYLINDRICAL_SURFACE('',#14350,6.35E-1);
#14352=ORIENTED_EDGE('',*,*,#10207,.T.);
#14353=ORIENTED_EDGE('',*,*,#14280,.T.);
#14354=ORIENTED_EDGE('',*,*,#13797,.T.);
#14355=ORIENTED_EDGE('',*,*,#14242,.F.);
#14356=ORIENTED_EDGE('',*,*,#10259,.T.);
#14357=ORIENTED_EDGE('',*,*,#14342,.F.);
#14358=ORIENTED_EDGE('',*,*,#14065,.F.);
#14360=ORIENTED_EDGE('',*,*,#14359,.T.);
#14361=EDGE_LOOP('',(#14352,#14353,#14354,#14355,#14356,#14357,#14358,#14360));
#14362=FACE_OUTER_BOUND('',#14361,.F.);
#14363=ADVANCED_FACE('',(#14362),#14351,.T.);
#14364=CARTESIAN_POINT('',(1.11633E1,-2.8702E0,-1.470406E1));
#14365=DIRECTION('',(-1.E0,0.E0,0.E0));
#14366=DIRECTION('',(0.E0,0.E0,-1.E0));
#14367=AXIS2_PLACEMENT_3D('',#14364,#14365,#14366);
#14368=PLANE('',#14367);
#14369=ORIENTED_EDGE('',*,*,#10209,.T.);
#14370=ORIENTED_EDGE('',*,*,#14359,.F.);
#14371=ORIENTED_EDGE('',*,*,#14063,.F.);
#14372=ORIENTED_EDGE('',*,*,#14226,.T.);
#14373=EDGE_LOOP('',(#14369,#14370,#14371,#14372));
#14374=FACE_OUTER_BOUND('',#14373,.F.);
#14375=ADVANCED_FACE('',(#14374),#14368,.T.);
#14376=CARTESIAN_POINT('',(1.31953E1,-2.8702E0,-1.470406E1));
#14377=DIRECTION('',(0.E0,-1.E0,0.E0));
#14378=DIRECTION('',(1.E0,0.E0,0.E0));
#14379=AXIS2_PLACEMENT_3D('',#14376,#14377,#14378);
#14380=CYLINDRICAL_SURFACE('',#14379,3.1496E-1);
#14381=ORIENTED_EDGE('',*,*,#10269,.F.);
#14383=ORIENTED_EDGE('',*,*,#14382,.F.);
#14384=ORIENTED_EDGE('',*,*,#14077,.F.);
#14386=ORIENTED_EDGE('',*,*,#14385,.T.);
#14387=EDGE_LOOP('',(#14381,#14383,#14384,#14386));
#14388=FACE_OUTER_BOUND('',#14387,.F.);
#14389=ADVANCED_FACE('',(#14388),#14380,.F.);
#14390=CARTESIAN_POINT('',(1.351026E1,-2.8702E0,-1.470406E1));
#14391=DIRECTION('',(-1.E0,0.E0,0.E0));
#14392=DIRECTION('',(0.E0,0.E0,-1.E0));
#14393=AXIS2_PLACEMENT_3D('',#14390,#14391,#14392);
#14394=PLANE('',#14393);
#14395=ORIENTED_EDGE('',*,*,#10283,.T.);
#14397=ORIENTED_EDGE('',*,*,#14396,.F.);
#14398=ORIENTED_EDGE('',*,*,#14079,.F.);
#14399=ORIENTED_EDGE('',*,*,#14382,.T.);
#14400=EDGE_LOOP('',(#14395,#14397,#14398,#14399));
#14401=FACE_OUTER_BOUND('',#14400,.F.);
#14402=ADVANCED_FACE('',(#14401),#14394,.T.);
#14403=CARTESIAN_POINT('',(1.31953E1,-2.8702E0,-1.610106E1));
#14404=DIRECTION('',(0.E0,-1.E0,0.E0));
#14405=DIRECTION('',(1.E0,0.E0,0.E0));
#14406=AXIS2_PLACEMENT_3D('',#14403,#14404,#14405);
#14407=CYLINDRICAL_SURFACE('',#14406,3.1496E-1);
#14408=ORIENTED_EDGE('',*,*,#10281,.F.);
#14410=ORIENTED_EDGE('',*,*,#14409,.F.);
#14411=ORIENTED_EDGE('',*,*,#14081,.F.);
#14412=ORIENTED_EDGE('',*,*,#14396,.T.);
#14413=EDGE_LOOP('',(#14408,#14410,#14411,#14412));
#14414=FACE_OUTER_BOUND('',#14413,.F.);
#14415=ADVANCED_FACE('',(#14414),#14407,.F.);
#14416=CARTESIAN_POINT('',(1.31953E1,-2.8702E0,-1.641602E1));
#14417=DIRECTION('',(0.E0,0.E0,1.E0));
#14418=DIRECTION('',(-1.E0,0.E0,0.E0));
#14419=AXIS2_PLACEMENT_3D('',#14416,#14417,#14418);
#14420=PLANE('',#14419);
#14421=ORIENTED_EDGE('',*,*,#10279,.T.);
#14423=ORIENTED_EDGE('',*,*,#14422,.F.);
#14424=ORIENTED_EDGE('',*,*,#14083,.F.);
#14425=ORIENTED_EDGE('',*,*,#14409,.T.);
#14426=EDGE_LOOP('',(#14421,#14423,#14424,#14425));
#14427=FACE_OUTER_BOUND('',#14426,.F.);
#14428=ADVANCED_FACE('',(#14427),#14420,.T.);
#14429=CARTESIAN_POINT('',(1.17983E1,-2.8702E0,-1.610106E1));
#14430=DIRECTION('',(0.E0,-1.E0,0.E0));
#14431=DIRECTION('',(1.E0,0.E0,0.E0));
#14432=AXIS2_PLACEMENT_3D('',#14429,#14430,#14431);
#14433=CYLINDRICAL_SURFACE('',#14432,3.1496E-1);
#14434=ORIENTED_EDGE('',*,*,#10277,.F.);
#14436=ORIENTED_EDGE('',*,*,#14435,.F.);
#14437=ORIENTED_EDGE('',*,*,#14085,.F.);
#14438=ORIENTED_EDGE('',*,*,#14422,.T.);
#14439=EDGE_LOOP('',(#14434,#14436,#14437,#14438));
#14440=FACE_OUTER_BOUND('',#14439,.F.);
#14441=ADVANCED_FACE('',(#14440),#14433,.F.);
#14442=CARTESIAN_POINT('',(1.148334E1,-2.8702E0,-1.610106E1));
#14443=DIRECTION('',(1.E0,0.E0,0.E0));
#14444=DIRECTION('',(0.E0,0.E0,1.E0));
#14445=AXIS2_PLACEMENT_3D('',#14442,#14443,#14444);
#14446=PLANE('',#14445);
#14447=ORIENTED_EDGE('',*,*,#10275,.T.);
#14449=ORIENTED_EDGE('',*,*,#14448,.F.);
#14450=ORIENTED_EDGE('',*,*,#14087,.F.);
#14451=ORIENTED_EDGE('',*,*,#14435,.T.);
#14452=EDGE_LOOP('',(#14447,#14449,#14450,#14451));
#14453=FACE_OUTER_BOUND('',#14452,.F.);
#14454=ADVANCED_FACE('',(#14453),#14446,.T.);
#14455=CARTESIAN_POINT('',(1.17983E1,-2.8702E0,-1.470406E1));
#14456=DIRECTION('',(0.E0,-1.E0,0.E0));
#14457=DIRECTION('',(1.E0,0.E0,0.E0));
#14458=AXIS2_PLACEMENT_3D('',#14455,#14456,#14457);
#14459=CYLINDRICAL_SURFACE('',#14458,3.1496E-1);
#14460=ORIENTED_EDGE('',*,*,#10273,.F.);
#14462=ORIENTED_EDGE('',*,*,#14461,.F.);
#14463=ORIENTED_EDGE('',*,*,#14089,.F.);
#14464=ORIENTED_EDGE('',*,*,#14448,.T.);
#14465=EDGE_LOOP('',(#14460,#14462,#14463,#14464));
#14466=FACE_OUTER_BOUND('',#14465,.F.);
#14467=ADVANCED_FACE('',(#14466),#14459,.F.);
#14468=CARTESIAN_POINT('',(1.17983E1,-2.8702E0,-1.43891E1));
#14469=DIRECTION('',(0.E0,0.E0,-1.E0));
#14470=DIRECTION('',(1.E0,0.E0,0.E0));
#14471=AXIS2_PLACEMENT_3D('',#14468,#14469,#14470);
#14472=PLANE('',#14471);
#14473=ORIENTED_EDGE('',*,*,#10271,.T.);
#14474=ORIENTED_EDGE('',*,*,#14385,.F.);
#14475=ORIENTED_EDGE('',*,*,#14091,.F.);
#14476=ORIENTED_EDGE('',*,*,#14461,.T.);
#14477=EDGE_LOOP('',(#14473,#14474,#14475,#14476));
#14478=FACE_OUTER_BOUND('',#14477,.F.);
#14479=ADVANCED_FACE('',(#14478),#14472,.T.);
#14480=CARTESIAN_POINT('',(1.40843E1,6.2738E0,-7.57936E0));
#14481=DIRECTION('',(1.E0,0.E0,0.E0));
#14482=DIRECTION('',(0.E0,0.E0,-1.E0));
#14483=AXIS2_PLACEMENT_3D('',#14480,#14481,#14482);
#14484=PLANE('',#14483);
#14485=ORIENTED_EDGE('',*,*,#9460,.F.);
#14487=ORIENTED_EDGE('',*,*,#14486,.T.);
#14488=ORIENTED_EDGE('',*,*,#9644,.T.);
#14489=ORIENTED_EDGE('',*,*,#9546,.T.);
#14490=EDGE_LOOP('',(#14485,#14487,#14488,#14489));
#14491=FACE_OUTER_BOUND('',#14490,.F.);
#14492=ADVANCED_FACE('',(#14491),#14484,.F.);
#14493=CARTESIAN_POINT('',(1.09093E1,6.2738E0,-7.57936E0));
#14494=DIRECTION('',(0.E0,0.E0,1.E0));
#14495=DIRECTION('',(1.E0,0.E0,0.E0));
#14496=AXIS2_PLACEMENT_3D('',#14493,#14494,#14495);
#14497=PLANE('',#14496);
#14498=ORIENTED_EDGE('',*,*,#9458,.F.);
#14499=ORIENTED_EDGE('',*,*,#9502,.F.);
#14501=ORIENTED_EDGE('',*,*,#14500,.T.);
#14503=ORIENTED_EDGE('',*,*,#14502,.T.);
#14505=ORIENTED_EDGE('',*,*,#14504,.F.);
#14506=ORIENTED_EDGE('',*,*,#9494,.F.);
#14508=ORIENTED_EDGE('',*,*,#14507,.T.);
#14509=ORIENTED_EDGE('',*,*,#9646,.T.);
#14510=ORIENTED_EDGE('',*,*,#14486,.F.);
#14511=EDGE_LOOP('',(#14498,#14499,#14501,#14503,#14505,#14506,#14508,#14509,
#14510));
#14512=FACE_OUTER_BOUND('',#14511,.F.);
#14513=ADVANCED_FACE('',(#14512),#14497,.F.);
#14514=CARTESIAN_POINT('',(1.35763E1,6.2738E0,-7.57936E0));
#14515=DIRECTION('',(1.E0,0.E0,0.E0));
#14516=DIRECTION('',(0.E0,-1.E0,0.E0));
#14517=AXIS2_PLACEMENT_3D('',#14514,#14515,#14516);
#14518=PLANE('',#14517);
#14519=ORIENTED_EDGE('',*,*,#14500,.F.);
#14520=ORIENTED_EDGE('',*,*,#9500,.T.);
#14522=ORIENTED_EDGE('',*,*,#14521,.T.);
#14524=ORIENTED_EDGE('',*,*,#14523,.F.);
#14525=EDGE_LOOP('',(#14519,#14520,#14522,#14524));
#14526=FACE_OUTER_BOUND('',#14525,.F.);
#14527=ADVANCED_FACE('',(#14526),#14518,.T.);
#14528=CARTESIAN_POINT('',(-1.55194E1,6.2738E0,-7.99592E0));
#14529=DIRECTION('',(0.E0,0.E0,-1.E0));
#14530=DIRECTION('',(-1.E0,0.E0,0.E0));
#14531=AXIS2_PLACEMENT_3D('',#14528,#14529,#14530);
#14532=PLANE('',#14531);
#14533=ORIENTED_EDGE('',*,*,#14521,.F.);
#14534=ORIENTED_EDGE('',*,*,#9498,.F.);
#14536=ORIENTED_EDGE('',*,*,#14535,.F.);
#14538=ORIENTED_EDGE('',*,*,#14537,.F.);
#14539=EDGE_LOOP('',(#14533,#14534,#14536,#14538));
#14540=FACE_OUTER_BOUND('',#14539,.F.);
#14541=ADVANCED_FACE('',(#14540),#14532,.T.);
#14542=CARTESIAN_POINT('',(-1.55194E1,6.2738E0,-7.99592E0));
#14543=DIRECTION('',(0.E0,0.E0,-1.E0));
#14544=DIRECTION('',(-1.E0,0.E0,0.E0));
#14545=AXIS2_PLACEMENT_3D('',#14542,#14543,#14544);
#14546=PLANE('',#14545);
#14547=ORIENTED_EDGE('',*,*,#9482,.F.);
#14549=ORIENTED_EDGE('',*,*,#14548,.F.);
#14551=ORIENTED_EDGE('',*,*,#14550,.F.);
#14553=ORIENTED_EDGE('',*,*,#14552,.F.);
#14554=EDGE_LOOP('',(#14547,#14549,#14551,#14553));
#14555=FACE_OUTER_BOUND('',#14554,.F.);
#14556=ADVANCED_FACE('',(#14555),#14546,.T.);
#14557=CARTESIAN_POINT('',(1.14173E1,4.8768E0,-7.57936E0));
#14558=DIRECTION('',(-1.E0,0.E0,0.E0));
#14559=DIRECTION('',(0.E0,1.E0,0.E0));
#14560=AXIS2_PLACEMENT_3D('',#14557,#14558,#14559);
#14561=PLANE('',#14560);
#14562=ORIENTED_EDGE('',*,*,#14504,.T.);
#14564=ORIENTED_EDGE('',*,*,#14563,.T.);
#14565=ORIENTED_EDGE('',*,*,#14535,.T.);
#14566=ORIENTED_EDGE('',*,*,#9496,.F.);
#14567=EDGE_LOOP('',(#14562,#14564,#14565,#14566));
#14568=FACE_OUTER_BOUND('',#14567,.F.);
#14569=ADVANCED_FACE('',(#14568),#14561,.T.);
#14570=CARTESIAN_POINT('',(1.35763E1,4.8768E0,-7.57936E0));
#14571=DIRECTION('',(0.E0,-1.E0,0.E0));
#14572=DIRECTION('',(-1.E0,0.E0,0.E0));
#14573=AXIS2_PLACEMENT_3D('',#14570,#14571,#14572);
#14574=PLANE('',#14573);
#14575=ORIENTED_EDGE('',*,*,#14502,.F.);
#14576=ORIENTED_EDGE('',*,*,#14523,.T.);
#14577=ORIENTED_EDGE('',*,*,#14537,.T.);
#14578=ORIENTED_EDGE('',*,*,#14563,.F.);
#14579=EDGE_LOOP('',(#14575,#14576,#14577,#14578));
#14580=FACE_OUTER_BOUND('',#14579,.F.);
#14581=ADVANCED_FACE('',(#14580),#14574,.T.);
#14582=CARTESIAN_POINT('',(-1.35763E1,4.8768E0,-7.57936E0));
#14583=DIRECTION('',(-1.E0,0.E0,0.E0));
#14584=DIRECTION('',(0.E0,1.E0,0.E0));
#14585=AXIS2_PLACEMENT_3D('',#14582,#14583,#14584);
#14586=PLANE('',#14585);
#14587=ORIENTED_EDGE('',*,*,#9600,.T.);
#14589=ORIENTED_EDGE('',*,*,#14588,.T.);
#14590=ORIENTED_EDGE('',*,*,#14548,.T.);
#14591=ORIENTED_EDGE('',*,*,#9480,.F.);
#14592=EDGE_LOOP('',(#14587,#14589,#14590,#14591));
#14593=FACE_OUTER_BOUND('',#14592,.F.);
#14594=ADVANCED_FACE('',(#14593),#14586,.T.);
#14595=CARTESIAN_POINT('',(-1.14173E1,4.8768E0,-7.57936E0));
#14596=DIRECTION('',(0.E0,-1.E0,0.E0));
#14597=DIRECTION('',(-1.E0,0.E0,0.E0));
#14598=AXIS2_PLACEMENT_3D('',#14595,#14596,#14597);
#14599=PLANE('',#14598);
#14600=ORIENTED_EDGE('',*,*,#9598,.F.);
#14602=ORIENTED_EDGE('',*,*,#14601,.T.);
#14603=ORIENTED_EDGE('',*,*,#14550,.T.);
#14604=ORIENTED_EDGE('',*,*,#14588,.F.);
#14605=EDGE_LOOP('',(#14600,#14602,#14603,#14604));
#14606=FACE_OUTER_BOUND('',#14605,.F.);
#14607=ADVANCED_FACE('',(#14606),#14599,.T.);
#14608=CARTESIAN_POINT('',(-1.14173E1,6.2738E0,-7.57936E0));
#14609=DIRECTION('',(1.E0,0.E0,0.E0));
#14610=DIRECTION('',(0.E0,-1.E0,0.E0));
#14611=AXIS2_PLACEMENT_3D('',#14608,#14609,#14610);
#14612=PLANE('',#14611);
#14613=ORIENTED_EDGE('',*,*,#9596,.F.);
#14614=ORIENTED_EDGE('',*,*,#9484,.T.);
#14615=ORIENTED_EDGE('',*,*,#14552,.T.);
#14616=ORIENTED_EDGE('',*,*,#14601,.F.);
#14617=EDGE_LOOP('',(#14613,#14614,#14615,#14616));
#14618=FACE_OUTER_BOUND('',#14617,.F.);
#14619=ADVANCED_FACE('',(#14618),#14612,.T.);
#14620=CARTESIAN_POINT('',(1.09093E1,6.2738E0,-8.54456E0));
#14621=DIRECTION('',(-1.E0,0.E0,0.E0));
#14622=DIRECTION('',(0.E0,0.E0,1.E0));
#14623=AXIS2_PLACEMENT_3D('',#14620,#14621,#14622);
#14624=PLANE('',#14623);
#14625=ORIENTED_EDGE('',*,*,#9492,.F.);
#14626=ORIENTED_EDGE('',*,*,#9535,.F.);
#14627=ORIENTED_EDGE('',*,*,#9648,.T.);
#14628=ORIENTED_EDGE('',*,*,#14507,.F.);
#14629=EDGE_LOOP('',(#14625,#14626,#14627,#14628));
#14630=FACE_OUTER_BOUND('',#14629,.F.);
#14631=ADVANCED_FACE('',(#14630),#14624,.F.);
#14632=CARTESIAN_POINT('',(-5.4864E0,1.4224E0,-5.8928E0));
#14633=DIRECTION('',(0.E0,0.E0,1.E0));
#14634=DIRECTION('',(1.E0,0.E0,0.E0));
#14635=AXIS2_PLACEMENT_3D('',#14632,#14633,#14634);
#14636=CYLINDRICAL_SURFACE('',#14635,5.08E-1);
#14637=ORIENTED_EDGE('',*,*,#8497,.F.);
#14639=ORIENTED_EDGE('',*,*,#14638,.T.);
#14641=ORIENTED_EDGE('',*,*,#14640,.T.);
#14643=ORIENTED_EDGE('',*,*,#14642,.F.);
#14644=EDGE_LOOP('',(#14637,#14639,#14641,#14643));
#14645=FACE_OUTER_BOUND('',#14644,.F.);
#14646=ADVANCED_FACE('',(#14645),#14636,.T.);
#14647=CARTESIAN_POINT('',(-5.4864E0,1.4224E0,-5.8928E0));
#14648=DIRECTION('',(0.E0,0.E0,1.E0));
#14649=DIRECTION('',(1.E0,0.E0,0.E0));
#14650=AXIS2_PLACEMENT_3D('',#14647,#14648,#14649);
#14651=CYLINDRICAL_SURFACE('',#14650,5.08E-1);
#14652=ORIENTED_EDGE('',*,*,#8499,.F.);
#14653=ORIENTED_EDGE('',*,*,#14642,.T.);
#14655=ORIENTED_EDGE('',*,*,#14654,.T.);
#14656=ORIENTED_EDGE('',*,*,#14638,.F.);
#14657=EDGE_LOOP('',(#14652,#14653,#14655,#14656));
#14658=FACE_OUTER_BOUND('',#14657,.F.);
#14659=ADVANCED_FACE('',(#14658),#14651,.T.);
#14660=CARTESIAN_POINT('',(-1.55194E1,0.E0,-3.048E-1));
#14661=DIRECTION('',(0.E0,0.E0,1.E0));
#14662=DIRECTION('',(1.E0,0.E0,0.E0));
#14663=AXIS2_PLACEMENT_3D('',#14660,#14661,#14662);
#14664=PLANE('',#14663);
#14665=ORIENTED_EDGE('',*,*,#14640,.F.);
#14666=ORIENTED_EDGE('',*,*,#14654,.F.);
#14667=EDGE_LOOP('',(#14665,#14666));
#14668=FACE_OUTER_BOUND('',#14667,.F.);
#14669=ADVANCED_FACE('',(#14668),#14664,.T.);
#14670=CARTESIAN_POINT('',(-2.7432E0,1.4224E0,-5.8928E0));
#14671=DIRECTION('',(0.E0,0.E0,1.E0));
#14672=DIRECTION('',(1.E0,0.E0,0.E0));
#14673=AXIS2_PLACEMENT_3D('',#14670,#14671,#14672);
#14674=CYLINDRICAL_SURFACE('',#14673,5.08E-1);
#14675=ORIENTED_EDGE('',*,*,#8503,.F.);
#14677=ORIENTED_EDGE('',*,*,#14676,.T.);
#14679=ORIENTED_EDGE('',*,*,#14678,.T.);
#14681=ORIENTED_EDGE('',*,*,#14680,.F.);
#14682=EDGE_LOOP('',(#14675,#14677,#14679,#14681));
#14683=FACE_OUTER_BOUND('',#14682,.F.);
#14684=ADVANCED_FACE('',(#14683),#14674,.T.);
#14685=CARTESIAN_POINT('',(-2.7432E0,1.4224E0,-5.8928E0));
#14686=DIRECTION('',(0.E0,0.E0,1.E0));
#14687=DIRECTION('',(1.E0,0.E0,0.E0));
#14688=AXIS2_PLACEMENT_3D('',#14685,#14686,#14687);
#14689=CYLINDRICAL_SURFACE('',#14688,5.08E-1);
#14690=ORIENTED_EDGE('',*,*,#8505,.F.);
#14691=ORIENTED_EDGE('',*,*,#14680,.T.);
#14693=ORIENTED_EDGE('',*,*,#14692,.T.);
#14694=ORIENTED_EDGE('',*,*,#14676,.F.);
#14695=EDGE_LOOP('',(#14690,#14691,#14693,#14694));
#14696=FACE_OUTER_BOUND('',#14695,.F.);
#14697=ADVANCED_FACE('',(#14696),#14689,.T.);
#14698=CARTESIAN_POINT('',(-1.27762E1,0.E0,-3.048E-1));
#14699=DIRECTION('',(0.E0,0.E0,1.E0));
#14700=DIRECTION('',(1.E0,0.E0,0.E0));
#14701=AXIS2_PLACEMENT_3D('',#14698,#14699,#14700);
#14702=PLANE('',#14701);
#14703=ORIENTED_EDGE('',*,*,#14678,.F.);
#14704=ORIENTED_EDGE('',*,*,#14692,.F.);
#14705=EDGE_LOOP('',(#14703,#14704));
#14706=FACE_OUTER_BOUND('',#14705,.F.);
#14707=ADVANCED_FACE('',(#14706),#14702,.T.);
#14708=CARTESIAN_POINT('',(0.E0,1.4224E0,-5.8928E0));
#14709=DIRECTION('',(0.E0,0.E0,1.E0));
#14710=DIRECTION('',(1.E0,0.E0,0.E0));
#14711=AXIS2_PLACEMENT_3D('',#14708,#14709,#14710);
#14712=CYLINDRICAL_SURFACE('',#14711,5.08E-1);
#14713=ORIENTED_EDGE('',*,*,#8509,.F.);
#14715=ORIENTED_EDGE('',*,*,#14714,.T.);
#14717=ORIENTED_EDGE('',*,*,#14716,.T.);
#14719=ORIENTED_EDGE('',*,*,#14718,.F.);
#14720=EDGE_LOOP('',(#14713,#14715,#14717,#14719));
#14721=FACE_OUTER_BOUND('',#14720,.F.);
#14722=ADVANCED_FACE('',(#14721),#14712,.T.);
#14723=CARTESIAN_POINT('',(0.E0,1.4224E0,-5.8928E0));
#14724=DIRECTION('',(0.E0,0.E0,1.E0));
#14725=DIRECTION('',(1.E0,0.E0,0.E0));
#14726=AXIS2_PLACEMENT_3D('',#14723,#14724,#14725);
#14727=CYLINDRICAL_SURFACE('',#14726,5.08E-1);
#14728=ORIENTED_EDGE('',*,*,#8511,.F.);
#14729=ORIENTED_EDGE('',*,*,#14718,.T.);
#14731=ORIENTED_EDGE('',*,*,#14730,.T.);
#14732=ORIENTED_EDGE('',*,*,#14714,.F.);
#14733=EDGE_LOOP('',(#14728,#14729,#14731,#14732));
#14734=FACE_OUTER_BOUND('',#14733,.F.);
#14735=ADVANCED_FACE('',(#14734),#14727,.T.);
#14736=CARTESIAN_POINT('',(-1.0033E1,0.E0,-3.048E-1));
#14737=DIRECTION('',(0.E0,0.E0,1.E0));
#14738=DIRECTION('',(1.E0,0.E0,0.E0));
#14739=AXIS2_PLACEMENT_3D('',#14736,#14737,#14738);
#14740=PLANE('',#14739);
#14741=ORIENTED_EDGE('',*,*,#14716,.F.);
#14742=ORIENTED_EDGE('',*,*,#14730,.F.);
#14743=EDGE_LOOP('',(#14741,#14742));
#14744=FACE_OUTER_BOUND('',#14743,.F.);
#14745=ADVANCED_FACE('',(#14744),#14740,.T.);
#14746=CARTESIAN_POINT('',(2.7432E0,1.4224E0,-5.8928E0));
#14747=DIRECTION('',(0.E0,0.E0,1.E0));
#14748=DIRECTION('',(1.E0,0.E0,0.E0));
#14749=AXIS2_PLACEMENT_3D('',#14746,#14747,#14748);
#14750=CYLINDRICAL_SURFACE('',#14749,5.08E-1);
#14751=ORIENTED_EDGE('',*,*,#8515,.F.);
#14753=ORIENTED_EDGE('',*,*,#14752,.T.);
#14755=ORIENTED_EDGE('',*,*,#14754,.T.);
#14757=ORIENTED_EDGE('',*,*,#14756,.F.);
#14758=EDGE_LOOP('',(#14751,#14753,#14755,#14757));
#14759=FACE_OUTER_BOUND('',#14758,.F.);
#14760=ADVANCED_FACE('',(#14759),#14750,.T.);
#14761=CARTESIAN_POINT('',(2.7432E0,1.4224E0,-5.8928E0));
#14762=DIRECTION('',(0.E0,0.E0,1.E0));
#14763=DIRECTION('',(1.E0,0.E0,0.E0));
#14764=AXIS2_PLACEMENT_3D('',#14761,#14762,#14763);
#14765=CYLINDRICAL_SURFACE('',#14764,5.08E-1);
#14766=ORIENTED_EDGE('',*,*,#8517,.F.);
#14767=ORIENTED_EDGE('',*,*,#14756,.T.);
#14769=ORIENTED_EDGE('',*,*,#14768,.T.);
#14770=ORIENTED_EDGE('',*,*,#14752,.F.);
#14771=EDGE_LOOP('',(#14766,#14767,#14769,#14770));
#14772=FACE_OUTER_BOUND('',#14771,.F.);
#14773=ADVANCED_FACE('',(#14772),#14765,.T.);
#14774=CARTESIAN_POINT('',(-7.2898E0,0.E0,-3.048E-1));
#14775=DIRECTION('',(0.E0,0.E0,1.E0));
#14776=DIRECTION('',(1.E0,0.E0,0.E0));
#14777=AXIS2_PLACEMENT_3D('',#14774,#14775,#14776);
#14778=PLANE('',#14777);
#14779=ORIENTED_EDGE('',*,*,#14754,.F.);
#14780=ORIENTED_EDGE('',*,*,#14768,.F.);
#14781=EDGE_LOOP('',(#14779,#14780));
#14782=FACE_OUTER_BOUND('',#14781,.F.);
#14783=ADVANCED_FACE('',(#14782),#14778,.T.);
#14784=CARTESIAN_POINT('',(5.4864E0,1.4224E0,-5.8928E0));
#14785=DIRECTION('',(0.E0,0.E0,1.E0));
#14786=DIRECTION('',(1.E0,0.E0,0.E0));
#14787=AXIS2_PLACEMENT_3D('',#14784,#14785,#14786);
#14788=CYLINDRICAL_SURFACE('',#14787,5.08E-1);
#14789=ORIENTED_EDGE('',*,*,#8521,.F.);
#14791=ORIENTED_EDGE('',*,*,#14790,.T.);
#14793=ORIENTED_EDGE('',*,*,#14792,.T.);
#14795=ORIENTED_EDGE('',*,*,#14794,.F.);
#14796=EDGE_LOOP('',(#14789,#14791,#14793,#14795));
#14797=FACE_OUTER_BOUND('',#14796,.F.);
#14798=ADVANCED_FACE('',(#14797),#14788,.T.);
#14799=CARTESIAN_POINT('',(5.4864E0,1.4224E0,-5.8928E0));
#14800=DIRECTION('',(0.E0,0.E0,1.E0));
#14801=DIRECTION('',(1.E0,0.E0,0.E0));
#14802=AXIS2_PLACEMENT_3D('',#14799,#14800,#14801);
#14803=CYLINDRICAL_SURFACE('',#14802,5.08E-1);
#14804=ORIENTED_EDGE('',*,*,#8523,.F.);
#14805=ORIENTED_EDGE('',*,*,#14794,.T.);
#14807=ORIENTED_EDGE('',*,*,#14806,.T.);
#14808=ORIENTED_EDGE('',*,*,#14790,.F.);
#14809=EDGE_LOOP('',(#14804,#14805,#14807,#14808));
#14810=FACE_OUTER_BOUND('',#14809,.F.);
#14811=ADVANCED_FACE('',(#14810),#14803,.T.);
#14812=CARTESIAN_POINT('',(-4.5466E0,0.E0,-3.048E-1));
#14813=DIRECTION('',(0.E0,0.E0,1.E0));
#14814=DIRECTION('',(1.E0,0.E0,0.E0));
#14815=AXIS2_PLACEMENT_3D('',#14812,#14813,#14814);
#14816=PLANE('',#14815);
#14817=ORIENTED_EDGE('',*,*,#14792,.F.);
#14818=ORIENTED_EDGE('',*,*,#14806,.F.);
#14819=EDGE_LOOP('',(#14817,#14818));
#14820=FACE_OUTER_BOUND('',#14819,.F.);
#14821=ADVANCED_FACE('',(#14820),#14816,.T.);
#14822=CARTESIAN_POINT('',(-4.1148E0,-1.4224E0,-5.8928E0));
#14823=DIRECTION('',(0.E0,0.E0,1.E0));
#14824=DIRECTION('',(1.E0,0.E0,0.E0));
#14825=AXIS2_PLACEMENT_3D('',#14822,#14823,#14824);
#14826=CYLINDRICAL_SURFACE('',#14825,5.08E-1);
#14827=ORIENTED_EDGE('',*,*,#8527,.F.);
#14829=ORIENTED_EDGE('',*,*,#14828,.T.);
#14831=ORIENTED_EDGE('',*,*,#14830,.T.);
#14833=ORIENTED_EDGE('',*,*,#14832,.F.);
#14834=EDGE_LOOP('',(#14827,#14829,#14831,#14833));
#14835=FACE_OUTER_BOUND('',#14834,.F.);
#14836=ADVANCED_FACE('',(#14835),#14826,.T.);
#14837=CARTESIAN_POINT('',(-4.1148E0,-1.4224E0,-5.8928E0));
#14838=DIRECTION('',(0.E0,0.E0,1.E0));
#14839=DIRECTION('',(1.E0,0.E0,0.E0));
#14840=AXIS2_PLACEMENT_3D('',#14837,#14838,#14839);
#14841=CYLINDRICAL_SURFACE('',#14840,5.08E-1);
#14842=ORIENTED_EDGE('',*,*,#8529,.F.);
#14843=ORIENTED_EDGE('',*,*,#14832,.T.);
#14845=ORIENTED_EDGE('',*,*,#14844,.T.);
#14846=ORIENTED_EDGE('',*,*,#14828,.F.);
#14847=EDGE_LOOP('',(#14842,#14843,#14845,#14846));
#14848=FACE_OUTER_BOUND('',#14847,.F.);
#14849=ADVANCED_FACE('',(#14848),#14841,.T.);
#14850=CARTESIAN_POINT('',(-1.55194E1,0.E0,-3.048E-1));
#14851=DIRECTION('',(0.E0,0.E0,1.E0));
#14852=DIRECTION('',(1.E0,0.E0,0.E0));
#14853=AXIS2_PLACEMENT_3D('',#14850,#14851,#14852);
#14854=PLANE('',#14853);
#14855=ORIENTED_EDGE('',*,*,#14830,.F.);
#14856=ORIENTED_EDGE('',*,*,#14844,.F.);
#14857=EDGE_LOOP('',(#14855,#14856));
#14858=FACE_OUTER_BOUND('',#14857,.F.);
#14859=ADVANCED_FACE('',(#14858),#14854,.T.);
#14860=CARTESIAN_POINT('',(-1.3716E0,-1.4224E0,-5.8928E0));
#14861=DIRECTION('',(0.E0,0.E0,1.E0));
#14862=DIRECTION('',(1.E0,0.E0,0.E0));
#14863=AXIS2_PLACEMENT_3D('',#14860,#14861,#14862);
#14864=CYLINDRICAL_SURFACE('',#14863,5.08E-1);
#14865=ORIENTED_EDGE('',*,*,#8533,.F.);
#14867=ORIENTED_EDGE('',*,*,#14866,.T.);
#14869=ORIENTED_EDGE('',*,*,#14868,.T.);
#14871=ORIENTED_EDGE('',*,*,#14870,.F.);
#14872=EDGE_LOOP('',(#14865,#14867,#14869,#14871));
#14873=FACE_OUTER_BOUND('',#14872,.F.);
#14874=ADVANCED_FACE('',(#14873),#14864,.T.);
#14875=CARTESIAN_POINT('',(-1.3716E0,-1.4224E0,-5.8928E0));
#14876=DIRECTION('',(0.E0,0.E0,1.E0));
#14877=DIRECTION('',(1.E0,0.E0,0.E0));
#14878=AXIS2_PLACEMENT_3D('',#14875,#14876,#14877);
#14879=CYLINDRICAL_SURFACE('',#14878,5.08E-1);
#14880=ORIENTED_EDGE('',*,*,#8535,.F.);
#14881=ORIENTED_EDGE('',*,*,#14870,.T.);
#14883=ORIENTED_EDGE('',*,*,#14882,.T.);
#14884=ORIENTED_EDGE('',*,*,#14866,.F.);
#14885=EDGE_LOOP('',(#14880,#14881,#14883,#14884));
#14886=FACE_OUTER_BOUND('',#14885,.F.);
#14887=ADVANCED_FACE('',(#14886),#14879,.T.);
#14888=CARTESIAN_POINT('',(-1.27762E1,0.E0,-3.048E-1));
#14889=DIRECTION('',(0.E0,0.E0,1.E0));
#14890=DIRECTION('',(1.E0,0.E0,0.E0));
#14891=AXIS2_PLACEMENT_3D('',#14888,#14889,#14890);
#14892=PLANE('',#14891);
#14893=ORIENTED_EDGE('',*,*,#14868,.F.);
#14894=ORIENTED_EDGE('',*,*,#14882,.F.);
#14895=EDGE_LOOP('',(#14893,#14894));
#14896=FACE_OUTER_BOUND('',#14895,.F.);
#14897=ADVANCED_FACE('',(#14896),#14892,.T.);
#14898=CARTESIAN_POINT('',(1.3716E0,-1.4224E0,-5.8928E0));
#14899=DIRECTION('',(0.E0,0.E0,1.E0));
#14900=DIRECTION('',(1.E0,0.E0,0.E0));
#14901=AXIS2_PLACEMENT_3D('',#14898,#14899,#14900);
#14902=CYLINDRICAL_SURFACE('',#14901,5.08E-1);
#14903=ORIENTED_EDGE('',*,*,#8539,.F.);
#14905=ORIENTED_EDGE('',*,*,#14904,.T.);
#14907=ORIENTED_EDGE('',*,*,#14906,.T.);
#14909=ORIENTED_EDGE('',*,*,#14908,.F.);
#14910=EDGE_LOOP('',(#14903,#14905,#14907,#14909));
#14911=FACE_OUTER_BOUND('',#14910,.F.);
#14912=ADVANCED_FACE('',(#14911),#14902,.T.);
#14913=CARTESIAN_POINT('',(1.3716E0,-1.4224E0,-5.8928E0));
#14914=DIRECTION('',(0.E0,0.E0,1.E0));
#14915=DIRECTION('',(1.E0,0.E0,0.E0));
#14916=AXIS2_PLACEMENT_3D('',#14913,#14914,#14915);
#14917=CYLINDRICAL_SURFACE('',#14916,5.08E-1);
#14918=ORIENTED_EDGE('',*,*,#8541,.F.);
#14919=ORIENTED_EDGE('',*,*,#14908,.T.);
#14921=ORIENTED_EDGE('',*,*,#14920,.T.);
#14922=ORIENTED_EDGE('',*,*,#14904,.F.);
#14923=EDGE_LOOP('',(#14918,#14919,#14921,#14922));
#14924=FACE_OUTER_BOUND('',#14923,.F.);
#14925=ADVANCED_FACE('',(#14924),#14917,.T.);
#14926=CARTESIAN_POINT('',(-1.0033E1,0.E0,-3.048E-1));
#14927=DIRECTION('',(0.E0,0.E0,1.E0));
#14928=DIRECTION('',(1.E0,0.E0,0.E0));
#14929=AXIS2_PLACEMENT_3D('',#14926,#14927,#14928);
#14930=PLANE('',#14929);
#14931=ORIENTED_EDGE('',*,*,#14906,.F.);
#14932=ORIENTED_EDGE('',*,*,#14920,.F.);
#14933=EDGE_LOOP('',(#14931,#14932));
#14934=FACE_OUTER_BOUND('',#14933,.F.);
#14935=ADVANCED_FACE('',(#14934),#14930,.T.);
#14936=CARTESIAN_POINT('',(4.1148E0,-1.4224E0,-5.8928E0));
#14937=DIRECTION('',(0.E0,0.E0,1.E0));
#14938=DIRECTION('',(1.E0,0.E0,0.E0));
#14939=AXIS2_PLACEMENT_3D('',#14936,#14937,#14938);
#14940=CYLINDRICAL_SURFACE('',#14939,5.08E-1);
#14941=ORIENTED_EDGE('',*,*,#8545,.F.);
#14943=ORIENTED_EDGE('',*,*,#14942,.T.);
#14945=ORIENTED_EDGE('',*,*,#14944,.T.);
#14947=ORIENTED_EDGE('',*,*,#14946,.F.);
#14948=EDGE_LOOP('',(#14941,#14943,#14945,#14947));
#14949=FACE_OUTER_BOUND('',#14948,.F.);
#14950=ADVANCED_FACE('',(#14949),#14940,.T.);
#14951=CARTESIAN_POINT('',(4.1148E0,-1.4224E0,-5.8928E0));
#14952=DIRECTION('',(0.E0,0.E0,1.E0));
#14953=DIRECTION('',(1.E0,0.E0,0.E0));
#14954=AXIS2_PLACEMENT_3D('',#14951,#14952,#14953);
#14955=CYLINDRICAL_SURFACE('',#14954,5.08E-1);
#14956=ORIENTED_EDGE('',*,*,#8547,.F.);
#14957=ORIENTED_EDGE('',*,*,#14946,.T.);
#14959=ORIENTED_EDGE('',*,*,#14958,.T.);
#14960=ORIENTED_EDGE('',*,*,#14942,.F.);
#14961=EDGE_LOOP('',(#14956,#14957,#14959,#14960));
#14962=FACE_OUTER_BOUND('',#14961,.F.);
#14963=ADVANCED_FACE('',(#14962),#14955,.T.);
#14964=CARTESIAN_POINT('',(-7.2898E0,0.E0,-3.048E-1));
#14965=DIRECTION('',(0.E0,0.E0,1.E0));
#14966=DIRECTION('',(1.E0,0.E0,0.E0));
#14967=AXIS2_PLACEMENT_3D('',#14964,#14965,#14966);
#14968=PLANE('',#14967);
#14969=ORIENTED_EDGE('',*,*,#14944,.F.);
#14970=ORIENTED_EDGE('',*,*,#14958,.F.);
#14971=EDGE_LOOP('',(#14969,#14970));
#14972=FACE_OUTER_BOUND('',#14971,.F.);
#14973=ADVANCED_FACE('',(#14972),#14968,.T.);
#14974=CARTESIAN_POINT('',(-5.4864E0,2.286E0,-5.8928E0));
#14975=DIRECTION('',(1.E0,0.E0,0.E0));
#14976=DIRECTION('',(0.E0,1.E0,0.E0));
#14977=AXIS2_PLACEMENT_3D('',#14974,#14975,#14976);
#14978=PLANE('',#14977);
#14979=ORIENTED_EDGE('',*,*,#8551,.F.);
#14981=ORIENTED_EDGE('',*,*,#14980,.T.);
#14983=ORIENTED_EDGE('',*,*,#14982,.T.);
#14985=ORIENTED_EDGE('',*,*,#14984,.F.);
#14986=EDGE_LOOP('',(#14979,#14981,#14983,#14985));
#14987=FACE_OUTER_BOUND('',#14986,.F.);
#14988=ADVANCED_FACE('',(#14987),#14978,.T.);
#14989=CARTESIAN_POINT('',(-5.64515E0,2.286E0,-5.8928E0));
#14990=DIRECTION('',(0.E0,-1.E0,0.E0));
#14991=DIRECTION('',(1.E0,0.E0,0.E0));
#14992=AXIS2_PLACEMENT_3D('',#14989,#14990,#14991);
#14993=PLANE('',#14992);
#14994=ORIENTED_EDGE('',*,*,#8563,.F.);
#14996=ORIENTED_EDGE('',*,*,#14995,.T.);
#14998=ORIENTED_EDGE('',*,*,#14997,.T.);
#14999=ORIENTED_EDGE('',*,*,#14980,.F.);
#15000=EDGE_LOOP('',(#14994,#14996,#14998,#14999));
#15001=FACE_OUTER_BOUND('',#15000,.F.);
#15002=ADVANCED_FACE('',(#15001),#14993,.T.);
#15003=CARTESIAN_POINT('',(-5.64515E0,3.339829813004E0,-5.8928E0));
#15004=DIRECTION('',(-1.E0,0.E0,0.E0));
#15005=DIRECTION('',(0.E0,-1.E0,0.E0));
#15006=AXIS2_PLACEMENT_3D('',#15003,#15004,#15005);
#15007=PLANE('',#15006);
#15008=ORIENTED_EDGE('',*,*,#8561,.F.);
#15010=ORIENTED_EDGE('',*,*,#15009,.T.);
#15012=ORIENTED_EDGE('',*,*,#15011,.T.);
#15013=ORIENTED_EDGE('',*,*,#14995,.F.);
#15014=EDGE_LOOP('',(#15008,#15010,#15012,#15013));
#15015=FACE_OUTER_BOUND('',#15014,.F.);
#15016=ADVANCED_FACE('',(#15015),#15007,.T.);
#15017=CARTESIAN_POINT('',(-5.8039E0,3.150680823684E0,-5.8928E0));
#15018=DIRECTION('',(7.659743427825E-1,-6.428711427642E-1,0.E0));
#15019=DIRECTION('',(6.428711427642E-1,7.659743427825E-1,0.E0));
#15020=AXIS2_PLACEMENT_3D('',#15017,#15018,#15019);
#15021=PLANE('',#15020);
#15022=ORIENTED_EDGE('',*,*,#8559,.F.);
#15024=ORIENTED_EDGE('',*,*,#15023,.T.);
#15026=ORIENTED_EDGE('',*,*,#15025,.T.);
#15027=ORIENTED_EDGE('',*,*,#15009,.F.);
#15028=EDGE_LOOP('',(#15022,#15024,#15026,#15027));
#15029=FACE_OUTER_BOUND('',#15028,.F.);
#15030=ADVANCED_FACE('',(#15029),#15021,.T.);
#15031=CARTESIAN_POINT('',(-5.8039E0,3.366851086378E0,-5.8928E0));
#15032=DIRECTION('',(-1.E0,0.E0,0.E0));
#15033=DIRECTION('',(0.E0,-1.E0,0.E0));
#15034=AXIS2_PLACEMENT_3D('',#15031,#15032,#15033);
#15035=PLANE('',#15034);
#15036=ORIENTED_EDGE('',*,*,#8557,.F.);
#15038=ORIENTED_EDGE('',*,*,#15037,.T.);
#15040=ORIENTED_EDGE('',*,*,#15039,.T.);
#15041=ORIENTED_EDGE('',*,*,#15023,.F.);
#15042=EDGE_LOOP('',(#15036,#15038,#15040,#15041));
#15043=FACE_OUTER_BOUND('',#15042,.F.);
#15044=ADVANCED_FACE('',(#15043),#15035,.T.);
#15045=CARTESIAN_POINT('',(-5.64515E0,3.556E0,-5.8928E0));
#15046=DIRECTION('',(-7.659742160926E-1,6.428712937139E-1,0.E0));
#15047=DIRECTION('',(-6.428712937139E-1,-7.659742160926E-1,0.E0));
#15048=AXIS2_PLACEMENT_3D('',#15045,#15046,#15047);
#15049=PLANE('',#15048);
#15050=ORIENTED_EDGE('',*,*,#8555,.F.);
#15052=ORIENTED_EDGE('',*,*,#15051,.T.);
#15054=ORIENTED_EDGE('',*,*,#15053,.T.);
#15055=ORIENTED_EDGE('',*,*,#15037,.F.);
#15056=EDGE_LOOP('',(#15050,#15052,#15054,#15055));
#15057=FACE_OUTER_BOUND('',#15056,.F.);
#15058=ADVANCED_FACE('',(#15057),#15049,.T.);
#15059=CARTESIAN_POINT('',(-5.4864E0,3.556E0,-5.8928E0));
#15060=DIRECTION('',(0.E0,1.E0,0.E0));
#15061=DIRECTION('',(-1.E0,0.E0,0.E0));
#15062=AXIS2_PLACEMENT_3D('',#15059,#15060,#15061);
#15063=PLANE('',#15062);
#15064=ORIENTED_EDGE('',*,*,#8553,.F.);
#15065=ORIENTED_EDGE('',*,*,#14984,.T.);
#15067=ORIENTED_EDGE('',*,*,#15066,.T.);
#15068=ORIENTED_EDGE('',*,*,#15051,.F.);
#15069=EDGE_LOOP('',(#15064,#15065,#15067,#15068));
#15070=FACE_OUTER_BOUND('',#15069,.F.);
#15071=ADVANCED_FACE('',(#15070),#15063,.T.);
#15072=CARTESIAN_POINT('',(-1.55194E1,0.E0,-5.7404E0));
#15073=DIRECTION('',(0.E0,0.E0,1.E0));
#15074=DIRECTION('',(1.E0,0.E0,0.E0));
#15075=AXIS2_PLACEMENT_3D('',#15072,#15073,#15074);
#15076=PLANE('',#15075);
#15077=ORIENTED_EDGE('',*,*,#14982,.F.);
#15078=ORIENTED_EDGE('',*,*,#14997,.F.);
#15079=ORIENTED_EDGE('',*,*,#15011,.F.);
#15080=ORIENTED_EDGE('',*,*,#15025,.F.);
#15081=ORIENTED_EDGE('',*,*,#15039,.F.);
#15082=ORIENTED_EDGE('',*,*,#15053,.F.);
#15083=ORIENTED_EDGE('',*,*,#15066,.F.);
#15084=EDGE_LOOP('',(#15077,#15078,#15079,#15080,#15081,#15082,#15083));
#15085=FACE_OUTER_BOUND('',#15084,.F.);
#15086=ADVANCED_FACE('',(#15085),#15076,.T.);
#15087=CARTESIAN_POINT('',(-1.55194E1,0.E0,-5.7404E0));
#15088=DIRECTION('',(0.E0,0.E0,1.E0));
#15089=DIRECTION('',(1.E0,0.E0,0.E0));
#15090=AXIS2_PLACEMENT_3D('',#15087,#15088,#15089);
#15091=PLANE('',#15090);
#15093=ORIENTED_EDGE('',*,*,#15092,.F.);
#15095=ORIENTED_EDGE('',*,*,#15094,.F.);
#15097=ORIENTED_EDGE('',*,*,#15096,.F.);
#15099=ORIENTED_EDGE('',*,*,#15098,.F.);
#15101=ORIENTED_EDGE('',*,*,#15100,.F.);
#15103=ORIENTED_EDGE('',*,*,#15102,.F.);
#15105=ORIENTED_EDGE('',*,*,#15104,.F.);
#15107=ORIENTED_EDGE('',*,*,#15106,.F.);
#15109=ORIENTED_EDGE('',*,*,#15108,.F.);
#15111=ORIENTED_EDGE('',*,*,#15110,.F.);
#15113=ORIENTED_EDGE('',*,*,#15112,.F.);
#15115=ORIENTED_EDGE('',*,*,#15114,.F.);
#15117=ORIENTED_EDGE('',*,*,#15116,.F.);
#15119=ORIENTED_EDGE('',*,*,#15118,.F.);
#15121=ORIENTED_EDGE('',*,*,#15120,.F.);
#15123=ORIENTED_EDGE('',*,*,#15122,.F.);
#15125=ORIENTED_EDGE('',*,*,#15124,.F.);
#15127=ORIENTED_EDGE('',*,*,#15126,.F.);
#15129=ORIENTED_EDGE('',*,*,#15128,.F.);
#15131=ORIENTED_EDGE('',*,*,#15130,.F.);
#15133=ORIENTED_EDGE('',*,*,#15132,.F.);
#15135=ORIENTED_EDGE('',*,*,#15134,.F.);
#15137=ORIENTED_EDGE('',*,*,#15136,.F.);
#15139=ORIENTED_EDGE('',*,*,#15138,.F.);
#15141=ORIENTED_EDGE('',*,*,#15140,.F.);
#15143=ORIENTED_EDGE('',*,*,#15142,.F.);
#15145=ORIENTED_EDGE('',*,*,#15144,.F.);
#15147=ORIENTED_EDGE('',*,*,#15146,.F.);
#15149=ORIENTED_EDGE('',*,*,#15148,.F.);
#15151=ORIENTED_EDGE('',*,*,#15150,.F.);
#15153=ORIENTED_EDGE('',*,*,#15152,.F.);
#15155=ORIENTED_EDGE('',*,*,#15154,.F.);
#15157=ORIENTED_EDGE('',*,*,#15156,.F.);
#15159=ORIENTED_EDGE('',*,*,#15158,.F.);
#15161=ORIENTED_EDGE('',*,*,#15160,.F.);
#15163=ORIENTED_EDGE('',*,*,#15162,.F.);
#15165=ORIENTED_EDGE('',*,*,#15164,.F.);
#15167=ORIENTED_EDGE('',*,*,#15166,.F.);
#15169=ORIENTED_EDGE('',*,*,#15168,.F.);
#15171=ORIENTED_EDGE('',*,*,#15170,.F.);
#15172=EDGE_LOOP('',(#15093,#15095,#15097,#15099,#15101,#15103,#15105,#15107,
#15109,#15111,#15113,#15115,#15117,#15119,#15121,#15123,#15125,#15127,#15129,
#15131,#15133,#15135,#15137,#15139,#15141,#15143,#15145,#15147,#15149,#15151,
#15153,#15155,#15157,#15159,#15161,#15163,#15165,#15167,#15169,#15171));
#15173=FACE_OUTER_BOUND('',#15172,.F.);
#15175=ORIENTED_EDGE('',*,*,#15174,.F.);
#15177=ORIENTED_EDGE('',*,*,#15176,.F.);
#15179=ORIENTED_EDGE('',*,*,#15178,.F.);
#15181=ORIENTED_EDGE('',*,*,#15180,.F.);
#15183=ORIENTED_EDGE('',*,*,#15182,.F.);
#15185=ORIENTED_EDGE('',*,*,#15184,.F.);
#15187=ORIENTED_EDGE('',*,*,#15186,.F.);
#15189=ORIENTED_EDGE('',*,*,#15188,.F.);
#15191=ORIENTED_EDGE('',*,*,#15190,.F.);
#15193=ORIENTED_EDGE('',*,*,#15192,.F.);
#15195=ORIENTED_EDGE('',*,*,#15194,.F.);
#15197=ORIENTED_EDGE('',*,*,#15196,.F.);
#15199=ORIENTED_EDGE('',*,*,#15198,.F.);
#15201=ORIENTED_EDGE('',*,*,#15200,.F.);
#15203=ORIENTED_EDGE('',*,*,#15202,.F.);
#15205=ORIENTED_EDGE('',*,*,#15204,.F.);
#15207=ORIENTED_EDGE('',*,*,#15206,.F.);
#15209=ORIENTED_EDGE('',*,*,#15208,.F.);
#15211=ORIENTED_EDGE('',*,*,#15210,.F.);
#15213=ORIENTED_EDGE('',*,*,#15212,.F.);
#15214=EDGE_LOOP('',(#15175,#15177,#15179,#15181,#15183,#15185,#15187,#15189,
#15191,#15193,#15195,#15197,#15199,#15201,#15203,#15205,#15207,#15209,#15211,
#15213));
#15215=FACE_BOUND('',#15214,.F.);
#15216=ADVANCED_FACE('',(#15173,#15215),#15091,.T.);
#15217=CARTESIAN_POINT('',(-1.55194E1,0.E0,-5.7404E0));
#15218=DIRECTION('',(0.E0,0.E0,1.E0));
#15219=DIRECTION('',(1.E0,0.E0,0.E0));
#15220=AXIS2_PLACEMENT_3D('',#15217,#15218,#15219);
#15221=PLANE('',#15220);
#15223=ORIENTED_EDGE('',*,*,#15222,.F.);
#15225=ORIENTED_EDGE('',*,*,#15224,.F.);
#15227=ORIENTED_EDGE('',*,*,#15226,.F.);
#15229=ORIENTED_EDGE('',*,*,#15228,.F.);
#15231=ORIENTED_EDGE('',*,*,#15230,.F.);
#15233=ORIENTED_EDGE('',*,*,#15232,.F.);
#15235=ORIENTED_EDGE('',*,*,#15234,.F.);
#15237=ORIENTED_EDGE('',*,*,#15236,.F.);
#15239=ORIENTED_EDGE('',*,*,#15238,.F.);
#15241=ORIENTED_EDGE('',*,*,#15240,.F.);
#15243=ORIENTED_EDGE('',*,*,#15242,.F.);
#15245=ORIENTED_EDGE('',*,*,#15244,.F.);
#15247=ORIENTED_EDGE('',*,*,#15246,.F.);
#15249=ORIENTED_EDGE('',*,*,#15248,.F.);
#15251=ORIENTED_EDGE('',*,*,#15250,.F.);
#15253=ORIENTED_EDGE('',*,*,#15252,.F.);
#15255=ORIENTED_EDGE('',*,*,#15254,.F.);
#15257=ORIENTED_EDGE('',*,*,#15256,.F.);
#15259=ORIENTED_EDGE('',*,*,#15258,.F.);
#15261=ORIENTED_EDGE('',*,*,#15260,.F.);
#15263=ORIENTED_EDGE('',*,*,#15262,.F.);
#15265=ORIENTED_EDGE('',*,*,#15264,.F.);
#15267=ORIENTED_EDGE('',*,*,#15266,.F.);
#15269=ORIENTED_EDGE('',*,*,#15268,.F.);
#15271=ORIENTED_EDGE('',*,*,#15270,.F.);
#15273=ORIENTED_EDGE('',*,*,#15272,.F.);
#15275=ORIENTED_EDGE('',*,*,#15274,.F.);
#15277=ORIENTED_EDGE('',*,*,#15276,.F.);
#15279=ORIENTED_EDGE('',*,*,#15278,.F.);
#15281=ORIENTED_EDGE('',*,*,#15280,.F.);
#15283=ORIENTED_EDGE('',*,*,#15282,.F.);
#15285=ORIENTED_EDGE('',*,*,#15284,.F.);
#15287=ORIENTED_EDGE('',*,*,#15286,.F.);
#15289=ORIENTED_EDGE('',*,*,#15288,.F.);
#15291=ORIENTED_EDGE('',*,*,#15290,.F.);
#15293=ORIENTED_EDGE('',*,*,#15292,.F.);
#15295=ORIENTED_EDGE('',*,*,#15294,.F.);
#15297=ORIENTED_EDGE('',*,*,#15296,.F.);
#15299=ORIENTED_EDGE('',*,*,#15298,.F.);
#15301=ORIENTED_EDGE('',*,*,#15300,.F.);
#15302=EDGE_LOOP('',(#15223,#15225,#15227,#15229,#15231,#15233,#15235,#15237,
#15239,#15241,#15243,#15245,#15247,#15249,#15251,#15253,#15255,#15257,#15259,
#15261,#15263,#15265,#15267,#15269,#15271,#15273,#15275,#15277,#15279,#15281,
#15283,#15285,#15287,#15289,#15291,#15293,#15295,#15297,#15299,#15301));
#15303=FACE_OUTER_BOUND('',#15302,.F.);
#15304=ADVANCED_FACE('',(#15303),#15221,.T.);
#15305=CARTESIAN_POINT('',(-1.55194E1,0.E0,-5.7404E0));
#15306=DIRECTION('',(0.E0,0.E0,1.E0));
#15307=DIRECTION('',(1.E0,0.E0,0.E0));
#15308=AXIS2_PLACEMENT_3D('',#15305,#15306,#15307);
#15309=PLANE('',#15308);
#15311=ORIENTED_EDGE('',*,*,#15310,.F.);
#15313=ORIENTED_EDGE('',*,*,#15312,.F.);
#15315=ORIENTED_EDGE('',*,*,#15314,.F.);
#15317=ORIENTED_EDGE('',*,*,#15316,.F.);
#15319=ORIENTED_EDGE('',*,*,#15318,.F.);
#15321=ORIENTED_EDGE('',*,*,#15320,.F.);
#15323=ORIENTED_EDGE('',*,*,#15322,.F.);
#15325=ORIENTED_EDGE('',*,*,#15324,.F.);
#15327=ORIENTED_EDGE('',*,*,#15326,.F.);
#15329=ORIENTED_EDGE('',*,*,#15328,.F.);
#15331=ORIENTED_EDGE('',*,*,#15330,.F.);
#15333=ORIENTED_EDGE('',*,*,#15332,.F.);
#15335=ORIENTED_EDGE('',*,*,#15334,.F.);
#15337=ORIENTED_EDGE('',*,*,#15336,.F.);
#15339=ORIENTED_EDGE('',*,*,#15338,.F.);
#15341=ORIENTED_EDGE('',*,*,#15340,.F.);
#15343=ORIENTED_EDGE('',*,*,#15342,.F.);
#15345=ORIENTED_EDGE('',*,*,#15344,.F.);
#15347=ORIENTED_EDGE('',*,*,#15346,.F.);
#15349=ORIENTED_EDGE('',*,*,#15348,.F.);
#15351=ORIENTED_EDGE('',*,*,#15350,.F.);
#15353=ORIENTED_EDGE('',*,*,#15352,.F.);
#15355=ORIENTED_EDGE('',*,*,#15354,.F.);
#15357=ORIENTED_EDGE('',*,*,#15356,.F.);
#15359=ORIENTED_EDGE('',*,*,#15358,.F.);
#15361=ORIENTED_EDGE('',*,*,#15360,.F.);
#15363=ORIENTED_EDGE('',*,*,#15362,.F.);
#15365=ORIENTED_EDGE('',*,*,#15364,.F.);
#15367=ORIENTED_EDGE('',*,*,#15366,.F.);
#15369=ORIENTED_EDGE('',*,*,#15368,.F.);
#15371=ORIENTED_EDGE('',*,*,#15370,.F.);
#15373=ORIENTED_EDGE('',*,*,#15372,.F.);
#15375=ORIENTED_EDGE('',*,*,#15374,.F.);
#15377=ORIENTED_EDGE('',*,*,#15376,.F.);
#15379=ORIENTED_EDGE('',*,*,#15378,.F.);
#15381=ORIENTED_EDGE('',*,*,#15380,.F.);
#15383=ORIENTED_EDGE('',*,*,#15382,.F.);
#15385=ORIENTED_EDGE('',*,*,#15384,.F.);
#15387=ORIENTED_EDGE('',*,*,#15386,.F.);
#15389=ORIENTED_EDGE('',*,*,#15388,.F.);
#15390=EDGE_LOOP('',(#15311,#15313,#15315,#15317,#15319,#15321,#15323,#15325,
#15327,#15329,#15331,#15333,#15335,#15337,#15339,#15341,#15343,#15345,#15347,
#15349,#15351,#15353,#15355,#15357,#15359,#15361,#15363,#15365,#15367,#15369,
#15371,#15373,#15375,#15377,#15379,#15381,#15383,#15385,#15387,#15389));
#15391=FACE_OUTER_BOUND('',#15390,.F.);
#15393=ORIENTED_EDGE('',*,*,#15392,.F.);
#15395=ORIENTED_EDGE('',*,*,#15394,.F.);
#15397=ORIENTED_EDGE('',*,*,#15396,.F.);
#15399=ORIENTED_EDGE('',*,*,#15398,.F.);
#15401=ORIENTED_EDGE('',*,*,#15400,.F.);
#15403=ORIENTED_EDGE('',*,*,#15402,.F.);
#15405=ORIENTED_EDGE('',*,*,#15404,.F.);
#15407=ORIENTED_EDGE('',*,*,#15406,.F.);
#15409=ORIENTED_EDGE('',*,*,#15408,.F.);
#15411=ORIENTED_EDGE('',*,*,#15410,.F.);
#15413=ORIENTED_EDGE('',*,*,#15412,.F.);
#15415=ORIENTED_EDGE('',*,*,#15414,.F.);
#15417=ORIENTED_EDGE('',*,*,#15416,.F.);
#15419=ORIENTED_EDGE('',*,*,#15418,.F.);
#15421=ORIENTED_EDGE('',*,*,#15420,.F.);
#15423=ORIENTED_EDGE('',*,*,#15422,.F.);
#15425=ORIENTED_EDGE('',*,*,#15424,.F.);
#15427=ORIENTED_EDGE('',*,*,#15426,.F.);
#15429=ORIENTED_EDGE('',*,*,#15428,.F.);
#15431=ORIENTED_EDGE('',*,*,#15430,.F.);
#15432=EDGE_LOOP('',(#15393,#15395,#15397,#15399,#15401,#15403,#15405,#15407,
#15409,#15411,#15413,#15415,#15417,#15419,#15421,#15423,#15425,#15427,#15429,
#15431));
#15433=FACE_BOUND('',#15432,.F.);
#15434=ADVANCED_FACE('',(#15391,#15433),#15309,.T.);
#15435=CARTESIAN_POINT('',(-3.697816691899E0,-2.807510636687E0,-5.8928E0));
#15436=DIRECTION('',(7.145103848018E-1,6.996248351869E-1,0.E0));
#15437=DIRECTION('',(-6.996248351869E-1,7.145103848018E-1,0.E0));
#15438=AXIS2_PLACEMENT_3D('',#15435,#15436,#15437);
#15439=PLANE('',#15438);
#15440=ORIENTED_EDGE('',*,*,#8567,.F.);
#15442=ORIENTED_EDGE('',*,*,#15441,.T.);
#15443=ORIENTED_EDGE('',*,*,#15092,.T.);
#15445=ORIENTED_EDGE('',*,*,#15444,.F.);
#15446=EDGE_LOOP('',(#15440,#15442,#15443,#15445));
#15447=FACE_OUTER_BOUND('',#15446,.F.);
#15448=ADVANCED_FACE('',(#15447),#15439,.T.);
#15449=CARTESIAN_POINT('',(-3.6449E0,-2.942617003560E0,-5.8928E0));
#15450=DIRECTION('',(9.311281769517E-1,3.646920866794E-1,0.E0));
#15451=DIRECTION('',(-3.646920866794E-1,9.311281769517E-1,0.E0));
#15452=AXIS2_PLACEMENT_3D('',#15449,#15450,#15451);
#15453=PLANE('',#15452);
#15454=ORIENTED_EDGE('',*,*,#8645,.F.);
#15456=ORIENTED_EDGE('',*,*,#15455,.T.);
#15457=ORIENTED_EDGE('',*,*,#15094,.T.);
#15458=ORIENTED_EDGE('',*,*,#15441,.F.);
#15459=EDGE_LOOP('',(#15454,#15456,#15457,#15458));
#15460=FACE_OUTER_BOUND('',#15459,.F.);
#15461=ADVANCED_FACE('',(#15460),#15453,.T.);
#15462=CARTESIAN_POINT('',(-3.6449E0,-3.077723408282E0,-5.8928E0));
#15463=DIRECTION('',(1.E0,0.E0,0.E0));
#15464=DIRECTION('',(0.E0,1.E0,0.E0));
#15465=AXIS2_PLACEMENT_3D('',#15462,#15463,#15464);
#15466=PLANE('',#15465);
#15467=ORIENTED_EDGE('',*,*,#8643,.F.);
#15469=ORIENTED_EDGE('',*,*,#15468,.T.);
#15470=ORIENTED_EDGE('',*,*,#15096,.T.);
#15471=ORIENTED_EDGE('',*,*,#15455,.F.);
#15472=EDGE_LOOP('',(#15467,#15469,#15470,#15471));
#15473=FACE_OUTER_BOUND('',#15472,.F.);
#15474=ADVANCED_FACE('',(#15473),#15466,.T.);
#15475=CARTESIAN_POINT('',(-3.697816691899E0,-3.212829794079E0,-5.8928E0));
#15476=DIRECTION('',(9.311281942981E-1,-3.646920423907E-1,0.E0));
#15477=DIRECTION('',(3.646920423907E-1,9.311281942981E-1,0.E0));
#15478=AXIS2_PLACEMENT_3D('',#15475,#15476,#15477);
#15479=PLANE('',#15478);
#15480=ORIENTED_EDGE('',*,*,#8641,.F.);
#15482=ORIENTED_EDGE('',*,*,#15481,.T.);
#15483=ORIENTED_EDGE('',*,*,#15098,.T.);
#15484=ORIENTED_EDGE('',*,*,#15468,.F.);
#15485=EDGE_LOOP('',(#15480,#15482,#15483,#15484));
#15486=FACE_OUTER_BOUND('',#15485,.F.);
#15487=ADVANCED_FACE('',(#15486),#15479,.T.);
#15488=CARTESIAN_POINT('',(-3.777191691899E0,-3.320914897040E0,-5.8928E0));
#15489=DIRECTION('',(8.060044205527E-1,-5.919095150862E-1,0.E0));
#15490=DIRECTION('',(5.919095150862E-1,8.060044205527E-1,0.E0));
#15491=AXIS2_PLACEMENT_3D('',#15488,#15489,#15490);
#15492=PLANE('',#15491);
#15493=ORIENTED_EDGE('',*,*,#8639,.F.);
#15495=ORIENTED_EDGE('',*,*,#15494,.T.);
#15496=ORIENTED_EDGE('',*,*,#15100,.T.);
#15497=ORIENTED_EDGE('',*,*,#15481,.F.);
#15498=EDGE_LOOP('',(#15493,#15495,#15496,#15497));
#15499=FACE_OUTER_BOUND('',#15498,.F.);
#15500=ADVANCED_FACE('',(#15499),#15492,.T.);
#15501=CARTESIAN_POINT('',(-3.909483308101E0,-3.401978724260E0,-5.8928E0));
#15502=DIRECTION('',(5.224771067470E-1,-8.526533134429E-1,0.E0));
#15503=DIRECTION('',(8.526533134429E-1,5.224771067470E-1,0.E0));
#15504=AXIS2_PLACEMENT_3D('',#15501,#15502,#15503);
#15505=PLANE('',#15504);
#15506=ORIENTED_EDGE('',*,*,#8637,.F.);
#15508=ORIENTED_EDGE('',*,*,#15507,.T.);
#15509=ORIENTED_EDGE('',*,*,#15102,.T.);
#15510=ORIENTED_EDGE('',*,*,#15494,.F.);
#15511=EDGE_LOOP('',(#15506,#15508,#15509,#15510));
#15512=FACE_OUTER_BOUND('',#15511,.F.);
#15513=ADVANCED_FACE('',(#15512),#15505,.T.);
#15514=CARTESIAN_POINT('',(-4.041775E0,-3.429E0,-5.8928E0));
#15515=DIRECTION('',(2.001233352361E-1,-9.797707133274E-1,0.E0));
#15516=DIRECTION('',(9.797707133274E-1,2.001233352361E-1,0.E0));
#15517=AXIS2_PLACEMENT_3D('',#15514,#15515,#15516);
#15518=PLANE('',#15517);
#15519=ORIENTED_EDGE('',*,*,#8635,.F.);
#15521=ORIENTED_EDGE('',*,*,#15520,.T.);
#15522=ORIENTED_EDGE('',*,*,#15104,.T.);
#15523=ORIENTED_EDGE('',*,*,#15507,.F.);
#15524=EDGE_LOOP('',(#15519,#15521,#15522,#15523));
#15525=FACE_OUTER_BOUND('',#15524,.F.);
#15526=ADVANCED_FACE('',(#15525),#15518,.T.);
#15527=CARTESIAN_POINT('',(-4.174066654050E0,-3.429E0,-5.8928E0));
#15528=DIRECTION('',(0.E0,-1.E0,0.E0));
#15529=DIRECTION('',(1.E0,0.E0,0.E0));
#15530=AXIS2_PLACEMENT_3D('',#15527,#15528,#15529);
#15531=PLANE('',#15530);
#15532=ORIENTED_EDGE('',*,*,#8633,.F.);
#15534=ORIENTED_EDGE('',*,*,#15533,.T.);
#15535=ORIENTED_EDGE('',*,*,#15106,.T.);
#15536=ORIENTED_EDGE('',*,*,#15520,.F.);
#15537=EDGE_LOOP('',(#15532,#15534,#15535,#15536));
#15538=FACE_OUTER_BOUND('',#15537,.F.);
#15539=ADVANCED_FACE('',(#15538),#15531,.T.);
#15540=CARTESIAN_POINT('',(-4.306358327025E0,-3.401978724260E0,-5.8928E0));
#15541=DIRECTION('',(-2.001233627174E-1,-9.797707077141E-1,0.E0));
#15542=DIRECTION('',(9.797707077141E-1,-2.001233627174E-1,0.E0));
#15543=AXIS2_PLACEMENT_3D('',#15540,#15541,#15542);
#15544=PLANE('',#15543);
#15545=ORIENTED_EDGE('',*,*,#8631,.F.);
#15547=ORIENTED_EDGE('',*,*,#15546,.T.);
#15548=ORIENTED_EDGE('',*,*,#15108,.T.);
#15549=ORIENTED_EDGE('',*,*,#15533,.F.);
#15550=EDGE_LOOP('',(#15545,#15547,#15548,#15549));
#15551=FACE_OUTER_BOUND('',#15550,.F.);
#15552=ADVANCED_FACE('',(#15551),#15544,.T.);
#15553=CARTESIAN_POINT('',(-4.43865E0,-3.320914897040E0,-5.8928E0));
#15554=DIRECTION('',(-5.224769437331E-1,-8.526534133324E-1,0.E0));
#15555=DIRECTION('',(8.526534133324E-1,-5.224769437331E-1,0.E0));
#15556=AXIS2_PLACEMENT_3D('',#15553,#15554,#15555);
#15557=PLANE('',#15556);
#15558=ORIENTED_EDGE('',*,*,#8629,.F.);
#15560=ORIENTED_EDGE('',*,*,#15559,.T.);
#15561=ORIENTED_EDGE('',*,*,#15110,.T.);
#15562=ORIENTED_EDGE('',*,*,#15546,.F.);
#15563=EDGE_LOOP('',(#15558,#15560,#15561,#15562));
#15564=FACE_OUTER_BOUND('',#15563,.F.);
#15565=ADVANCED_FACE('',(#15564),#15557,.T.);
#15566=CARTESIAN_POINT('',(-4.518025E0,-3.212829794079E0,-5.8928E0));
#15567=DIRECTION('',(-8.060044205527E-1,-5.919095150862E-1,0.E0));
#15568=DIRECTION('',(5.919095150862E-1,-8.060044205527E-1,0.E0));
#15569=AXIS2_PLACEMENT_3D('',#15566,#15567,#15568);
#15570=PLANE('',#15569);
#15571=ORIENTED_EDGE('',*,*,#8627,.F.);
#15573=ORIENTED_EDGE('',*,*,#15572,.T.);
#15574=ORIENTED_EDGE('',*,*,#15112,.T.);
#15575=ORIENTED_EDGE('',*,*,#15559,.F.);
#15576=EDGE_LOOP('',(#15571,#15573,#15574,#15575));
#15577=FACE_OUTER_BOUND('',#15576,.F.);
#15578=ADVANCED_FACE('',(#15577),#15570,.T.);
#15579=CARTESIAN_POINT('',(-4.570941665878E0,-3.077723408282E0,-5.8928E0));
#15580=DIRECTION('',(-9.311282551951E-1,-3.646918869090E-1,0.E0));
#15581=DIRECTION('',(3.646918869090E-1,-9.311282551951E-1,0.E0));
#15582=AXIS2_PLACEMENT_3D('',#15579,#15580,#15581);
#15583=PLANE('',#15582);
#15584=ORIENTED_EDGE('',*,*,#8625,.F.);
#15586=ORIENTED_EDGE('',*,*,#15585,.T.);
#15587=ORIENTED_EDGE('',*,*,#15114,.T.);
#15588=ORIENTED_EDGE('',*,*,#15572,.F.);
#15589=EDGE_LOOP('',(#15584,#15586,#15587,#15588));
#15590=FACE_OUTER_BOUND('',#15589,.F.);
#15591=ADVANCED_FACE('',(#15590),#15583,.T.);
#15592=CARTESIAN_POINT('',(-4.5974E0,-2.888574456811E0,-5.8928E0));
#15593=DIRECTION('',(-9.903579295622E-1,-1.385322033076E-1,0.E0));
#15594=DIRECTION('',(1.385322033076E-1,-9.903579295622E-1,0.E0));
#15595=AXIS2_PLACEMENT_3D('',#15592,#15593,#15594);
#15596=PLANE('',#15595);
#15597=ORIENTED_EDGE('',*,*,#8623,.F.);
#15599=ORIENTED_EDGE('',*,*,#15598,.T.);
#15600=ORIENTED_EDGE('',*,*,#15116,.T.);
#15601=ORIENTED_EDGE('',*,*,#15585,.F.);
#15602=EDGE_LOOP('',(#15597,#15599,#15600,#15601));
#15603=FACE_OUTER_BOUND('',#15602,.F.);
#15604=ADVANCED_FACE('',(#15603),#15596,.T.);
#15605=CARTESIAN_POINT('',(-4.5974E0,-2.699425543189E0,-5.8928E0));
#15606=DIRECTION('',(-1.E0,0.E0,0.E0));
#15607=DIRECTION('',(0.E0,-1.E0,0.E0));
#15608=AXIS2_PLACEMENT_3D('',#15605,#15606,#15607);
#15609=PLANE('',#15608);
#15610=ORIENTED_EDGE('',*,*,#8621,.F.);
#15612=ORIENTED_EDGE('',*,*,#15611,.T.);
#15613=ORIENTED_EDGE('',*,*,#15118,.T.);
#15614=ORIENTED_EDGE('',*,*,#15598,.F.);
#15615=EDGE_LOOP('',(#15610,#15612,#15613,#15614));
#15616=FACE_OUTER_BOUND('',#15615,.F.);
#15617=ADVANCED_FACE('',(#15616),#15609,.T.);
#15618=CARTESIAN_POINT('',(-4.570941665878E0,-2.510276629567E0,-5.8928E0));
#15619=DIRECTION('',(-9.903579257591E-1,1.385322304961E-1,0.E0));
#15620=DIRECTION('',(-1.385322304961E-1,-9.903579257591E-1,0.E0));
#15621=AXIS2_PLACEMENT_3D('',#15618,#15619,#15620);
#15622=PLANE('',#15621);
#15623=ORIENTED_EDGE('',*,*,#8619,.F.);
#15625=ORIENTED_EDGE('',*,*,#15624,.T.);
#15626=ORIENTED_EDGE('',*,*,#15120,.T.);
#15627=ORIENTED_EDGE('',*,*,#15611,.F.);
#15628=EDGE_LOOP('',(#15623,#15625,#15626,#15627));
#15629=FACE_OUTER_BOUND('',#15628,.F.);
#15630=ADVANCED_FACE('',(#15629),#15622,.T.);
#15631=CARTESIAN_POINT('',(-4.518025E0,-2.375170186996E0,-5.8928E0));
#15632=DIRECTION('',(-9.311283072343E-1,3.646917540429E-1,0.E0));
#15633=DIRECTION('',(-3.646917540429E-1,-9.311283072343E-1,0.E0));
#15634=AXIS2_PLACEMENT_3D('',#15631,#15632,#15633);
#15635=PLANE('',#15634);
#15636=ORIENTED_EDGE('',*,*,#8617,.F.);
#15638=ORIENTED_EDGE('',*,*,#15637,.T.);
#15639=ORIENTED_EDGE('',*,*,#15122,.T.);
#15640=ORIENTED_EDGE('',*,*,#15624,.F.);
#15641=EDGE_LOOP('',(#15636,#15638,#15639,#15640));
#15642=FACE_OUTER_BOUND('',#15641,.F.);
#15643=ADVANCED_FACE('',(#15642),#15635,.T.);
#15644=CARTESIAN_POINT('',(-4.43865E0,-2.267085093498E0,-5.8928E0));
#15645=DIRECTION('',(-8.060043958311E-1,5.919095487496E-1,0.E0));
#15646=DIRECTION('',(-5.919095487496E-1,-8.060043958311E-1,0.E0));
#15647=AXIS2_PLACEMENT_3D('',#15644,#15645,#15646);
#15648=PLANE('',#15647);
#15649=ORIENTED_EDGE('',*,*,#8615,.F.);
#15651=ORIENTED_EDGE('',*,*,#15650,.T.);
#15652=ORIENTED_EDGE('',*,*,#15124,.T.);
#15653=ORIENTED_EDGE('',*,*,#15637,.F.);
#15654=EDGE_LOOP('',(#15649,#15651,#15652,#15653));
#15655=FACE_OUTER_BOUND('',#15654,.F.);
#15656=ADVANCED_FACE('',(#15655),#15648,.T.);
#15657=CARTESIAN_POINT('',(-4.306358327025E0,-2.186021273375E0,-5.8928E0));
#15658=DIRECTION('',(-5.224769104793E-1,8.526534337091E-1,0.E0));
#15659=DIRECTION('',(-8.526534337091E-1,-5.224769104793E-1,0.E0));
#15660=AXIS2_PLACEMENT_3D('',#15657,#15658,#15659);
#15661=PLANE('',#15660);
#15662=ORIENTED_EDGE('',*,*,#8613,.F.);
#15664=ORIENTED_EDGE('',*,*,#15663,.T.);
#15665=ORIENTED_EDGE('',*,*,#15126,.T.);
#15666=ORIENTED_EDGE('',*,*,#15650,.F.);
#15667=EDGE_LOOP('',(#15662,#15664,#15665,#15666));
#15668=FACE_OUTER_BOUND('',#15667,.F.);
#15669=ADVANCED_FACE('',(#15668),#15661,.T.);
#15670=CARTESIAN_POINT('',(-4.174066654050E0,-2.159E0,-5.8928E0));
#15671=DIRECTION('',(-2.001233458994E-1,9.797707111493E-1,0.E0));
#15672=DIRECTION('',(-9.797707111493E-1,-2.001233458994E-1,0.E0));
#15673=AXIS2_PLACEMENT_3D('',#15670,#15671,#15672);
#15674=PLANE('',#15673);
#15675=ORIENTED_EDGE('',*,*,#8611,.F.);
#15677=ORIENTED_EDGE('',*,*,#15676,.T.);
#15678=ORIENTED_EDGE('',*,*,#15128,.T.);
#15679=ORIENTED_EDGE('',*,*,#15663,.F.);
#15680=EDGE_LOOP('',(#15675,#15677,#15678,#15679));
#15681=FACE_OUTER_BOUND('',#15680,.F.);
#15682=ADVANCED_FACE('',(#15681),#15674,.T.);
#15683=CARTESIAN_POINT('',(-4.068233345950E0,-2.159E0,-5.8928E0));
#15684=DIRECTION('',(0.E0,1.E0,0.E0));
#15685=DIRECTION('',(-1.E0,0.E0,0.E0));
#15686=AXIS2_PLACEMENT_3D('',#15683,#15684,#15685);
#15687=PLANE('',#15686);
#15688=ORIENTED_EDGE('',*,*,#8609,.F.);
#15690=ORIENTED_EDGE('',*,*,#15689,.T.);
#15691=ORIENTED_EDGE('',*,*,#15130,.T.);
#15692=ORIENTED_EDGE('',*,*,#15676,.F.);
#15693=EDGE_LOOP('',(#15688,#15690,#15691,#15692));
#15694=FACE_OUTER_BOUND('',#15693,.F.);
#15695=ADVANCED_FACE('',(#15694),#15687,.T.);
#15696=CARTESIAN_POINT('',(-3.935941691899E0,-2.186021273375E0,-5.8928E0));
#15697=DIRECTION('',(2.001233733807E-1,9.797707055361E-1,0.E0));
#15698=DIRECTION('',(-9.797707055361E-1,2.001233733807E-1,0.E0));
#15699=AXIS2_PLACEMENT_3D('',#15696,#15697,#15698);
#15700=PLANE('',#15699);
#15701=ORIENTED_EDGE('',*,*,#8607,.F.);
#15703=ORIENTED_EDGE('',*,*,#15702,.T.);
#15704=ORIENTED_EDGE('',*,*,#15132,.T.);
#15705=ORIENTED_EDGE('',*,*,#15689,.F.);
#15706=EDGE_LOOP('',(#15701,#15703,#15704,#15705));
#15707=FACE_OUTER_BOUND('',#15706,.F.);
#15708=ADVANCED_FACE('',(#15707),#15700,.T.);
#15709=CARTESIAN_POINT('',(-3.80365E0,-2.267085093498E0,-5.8928E0));
#15710=DIRECTION('',(5.224768561414E-1,8.526534670056E-1,0.E0));
#15711=DIRECTION('',(-8.526534670056E-1,5.224768561414E-1,0.E0));
#15712=AXIS2_PLACEMENT_3D('',#15709,#15710,#15711);
#15713=PLANE('',#15712);
#15714=ORIENTED_EDGE('',*,*,#8605,.F.);
#15716=ORIENTED_EDGE('',*,*,#15715,.T.);
#15717=ORIENTED_EDGE('',*,*,#15134,.T.);
#15718=ORIENTED_EDGE('',*,*,#15702,.F.);
#15719=EDGE_LOOP('',(#15714,#15716,#15717,#15718));
#15720=FACE_OUTER_BOUND('',#15719,.F.);
#15721=ADVANCED_FACE('',(#15720),#15713,.T.);
#15722=CARTESIAN_POINT('',(-3.724275E0,-2.375170186996E0,-5.8928E0));
#15723=DIRECTION('',(8.060043958311E-1,5.919095487496E-1,0.E0));
#15724=DIRECTION('',(-5.919095487496E-1,8.060043958311E-1,0.E0));
#15725=AXIS2_PLACEMENT_3D('',#15722,#15723,#15724);
#15726=PLANE('',#15725);
#15727=ORIENTED_EDGE('',*,*,#8603,.F.);
#15729=ORIENTED_EDGE('',*,*,#15728,.T.);
#15730=ORIENTED_EDGE('',*,*,#15136,.T.);
#15731=ORIENTED_EDGE('',*,*,#15715,.F.);
#15732=EDGE_LOOP('',(#15727,#15729,#15730,#15731));
#15733=FACE_OUTER_BOUND('',#15732,.F.);
#15734=ADVANCED_FACE('',(#15733),#15726,.T.);
#15735=CARTESIAN_POINT('',(-3.697816691899E0,-2.456234007120E0,-5.8928E0));
#15736=DIRECTION('',(9.506452793929E-1,3.102797975506E-1,0.E0));
#15737=DIRECTION('',(-3.102797975506E-1,9.506452793929E-1,0.E0));
#15738=AXIS2_PLACEMENT_3D('',#15735,#15736,#15737);
#15739=PLANE('',#15738);
#15740=ORIENTED_EDGE('',*,*,#8601,.F.);
#15742=ORIENTED_EDGE('',*,*,#15741,.T.);
#15743=ORIENTED_EDGE('',*,*,#15138,.T.);
#15744=ORIENTED_EDGE('',*,*,#15728,.F.);
#15745=EDGE_LOOP('',(#15740,#15742,#15743,#15744));
#15746=FACE_OUTER_BOUND('',#15745,.F.);
#15747=ADVANCED_FACE('',(#15746),#15739,.T.);
#15748=CARTESIAN_POINT('',(-3.830108308101E0,-2.456234007120E0,-5.8928E0));
#15749=DIRECTION('',(0.E0,-1.E0,0.E0));
#15750=DIRECTION('',(1.E0,0.E0,0.E0));
#15751=AXIS2_PLACEMENT_3D('',#15748,#15749,#15750);
#15752=PLANE('',#15751);
#15753=ORIENTED_EDGE('',*,*,#8599,.F.);
#15755=ORIENTED_EDGE('',*,*,#15754,.T.);
#15756=ORIENTED_EDGE('',*,*,#15140,.T.);
#15757=ORIENTED_EDGE('',*,*,#15741,.F.);
#15758=EDGE_LOOP('',(#15753,#15755,#15756,#15757));
#15759=FACE_OUTER_BOUND('',#15758,.F.);
#15760=ADVANCED_FACE('',(#15759),#15752,.T.);
#15761=CARTESIAN_POINT('',(-3.883025E0,-2.375170186996E0,-5.8928E0));
#15762=DIRECTION('',(-8.373790012342E-1,-5.466227293958E-1,0.E0));
#15763=DIRECTION('',(5.466227293958E-1,-8.373790012342E-1,0.E0));
#15764=AXIS2_PLACEMENT_3D('',#15761,#15762,#15763);
#15765=PLANE('',#15764);
#15766=ORIENTED_EDGE('',*,*,#8597,.F.);
#15768=ORIENTED_EDGE('',*,*,#15767,.T.);
#15769=ORIENTED_EDGE('',*,*,#15142,.T.);
#15770=ORIENTED_EDGE('',*,*,#15754,.F.);
#15771=EDGE_LOOP('',(#15766,#15768,#15769,#15770));
#15772=FACE_OUTER_BOUND('',#15771,.F.);
#15773=ADVANCED_FACE('',(#15772),#15765,.T.);
#15774=CARTESIAN_POINT('',(-3.9624E0,-2.321127640247E0,-5.8928E0));
#15775=DIRECTION('',(-5.627909312417E-1,-8.265992787996E-1,0.E0));
#15776=DIRECTION('',(8.265992787996E-1,-5.627909312417E-1,0.E0));
#15777=AXIS2_PLACEMENT_3D('',#15774,#15775,#15776);
#15778=PLANE('',#15777);
#15779=ORIENTED_EDGE('',*,*,#8595,.F.);
#15781=ORIENTED_EDGE('',*,*,#15780,.T.);
#15782=ORIENTED_EDGE('',*,*,#15144,.T.);
#15783=ORIENTED_EDGE('',*,*,#15767,.F.);
#15784=EDGE_LOOP('',(#15779,#15781,#15782,#15783));
#15785=FACE_OUTER_BOUND('',#15784,.F.);
#15786=ADVANCED_FACE('',(#15785),#15778,.T.);
#15787=CARTESIAN_POINT('',(-4.041775E0,-2.294106366873E0,-5.8928E0));
#15788=DIRECTION('',(-3.222637633772E-1,-9.466499177700E-1,0.E0));
#15789=DIRECTION('',(9.466499177700E-1,-3.222637633772E-1,0.E0));
#15790=AXIS2_PLACEMENT_3D('',#15787,#15788,#15789);
#15791=PLANE('',#15790);
#15792=ORIENTED_EDGE('',*,*,#8593,.F.);
#15794=ORIENTED_EDGE('',*,*,#15793,.T.);
#15795=ORIENTED_EDGE('',*,*,#15146,.T.);
#15796=ORIENTED_EDGE('',*,*,#15780,.F.);
#15797=EDGE_LOOP('',(#15792,#15794,#15795,#15796));
#15798=FACE_OUTER_BOUND('',#15797,.F.);
#15799=ADVANCED_FACE('',(#15798),#15791,.T.);
#15800=CARTESIAN_POINT('',(-4.200525E0,-2.294106366873E0,-5.8928E0));
#15801=DIRECTION('',(0.E0,-1.E0,0.E0));
#15802=DIRECTION('',(1.E0,0.E0,0.E0));
#15803=AXIS2_PLACEMENT_3D('',#15800,#15801,#15802);
#15804=PLANE('',#15803);
#15805=ORIENTED_EDGE('',*,*,#8591,.F.);
#15807=ORIENTED_EDGE('',*,*,#15806,.T.);
#15808=ORIENTED_EDGE('',*,*,#15148,.T.);
#15809=ORIENTED_EDGE('',*,*,#15793,.F.);
#15810=EDGE_LOOP('',(#15805,#15807,#15808,#15809));
#15811=FACE_OUTER_BOUND('',#15810,.F.);
#15812=ADVANCED_FACE('',(#15811),#15804,.T.);
#15813=CARTESIAN_POINT('',(-4.2799E0,-2.321127640247E0,-5.8928E0));
#15814=DIRECTION('',(3.222637633772E-1,-9.466499177700E-1,0.E0));
#15815=DIRECTION('',(9.466499177700E-1,3.222637633772E-1,0.E0));
#15816=AXIS2_PLACEMENT_3D('',#15813,#15814,#15815);
#15817=PLANE('',#15816);
#15818=ORIENTED_EDGE('',*,*,#8589,.F.);
#15820=ORIENTED_EDGE('',*,*,#15819,.T.);
#15821=ORIENTED_EDGE('',*,*,#15150,.T.);
#15822=ORIENTED_EDGE('',*,*,#15806,.F.);
#15823=EDGE_LOOP('',(#15818,#15820,#15821,#15822));
#15824=FACE_OUTER_BOUND('',#15823,.F.);
#15825=ADVANCED_FACE('',(#15824),#15817,.T.);
#15826=CARTESIAN_POINT('',(-4.359275E0,-2.375170186996E0,-5.8928E0));
#15827=DIRECTION('',(5.627909312417E-1,-8.265992787996E-1,0.E0));
#15828=DIRECTION('',(8.265992787996E-1,5.627909312417E-1,0.E0));
#15829=AXIS2_PLACEMENT_3D('',#15826,#15827,#15828);
#15830=PLANE('',#15829);
#15831=ORIENTED_EDGE('',*,*,#8587,.F.);
#15833=ORIENTED_EDGE('',*,*,#15832,.T.);
#15834=ORIENTED_EDGE('',*,*,#15152,.T.);
#15835=ORIENTED_EDGE('',*,*,#15819,.F.);
#15836=EDGE_LOOP('',(#15831,#15833,#15834,#15835));
#15837=FACE_OUTER_BOUND('',#15836,.F.);
#15838=ADVANCED_FACE('',(#15837),#15830,.T.);
#15839=CARTESIAN_POINT('',(-4.412191672975E0,-2.456234007120E0,-5.8928E0));
#15840=DIRECTION('',(8.373790907147E-1,-5.466225923193E-1,0.E0));
#15841=DIRECTION('',(5.466225923193E-1,8.373790907147E-1,0.E0));
#15842=AXIS2_PLACEMENT_3D('',#15839,#15840,#15841);
#15843=PLANE('',#15842);
#15844=ORIENTED_EDGE('',*,*,#8585,.F.);
#15846=ORIENTED_EDGE('',*,*,#15845,.T.);
#15847=ORIENTED_EDGE('',*,*,#15154,.T.);
#15848=ORIENTED_EDGE('',*,*,#15832,.F.);
#15849=EDGE_LOOP('',(#15844,#15846,#15847,#15848));
#15850=FACE_OUTER_BOUND('',#15849,.F.);
#15851=ADVANCED_FACE('',(#15850),#15843,.T.);
#15852=CARTESIAN_POINT('',(-4.43865E0,-2.537297902942E0,-5.8928E0));
#15853=DIRECTION('',(9.506452993950E-1,-3.102797362675E-1,0.E0));
#15854=DIRECTION('',(3.102797362675E-1,9.506452993950E-1,0.E0));
#15855=AXIS2_PLACEMENT_3D('',#15852,#15853,#15854);
#15856=PLANE('',#15855);
#15857=ORIENTED_EDGE('',*,*,#8583,.F.);
#15859=ORIENTED_EDGE('',*,*,#15858,.T.);
#15860=ORIENTED_EDGE('',*,*,#15156,.T.);
#15861=ORIENTED_EDGE('',*,*,#15845,.F.);
#15862=EDGE_LOOP('',(#15857,#15859,#15860,#15861));
#15863=FACE_OUTER_BOUND('',#15862,.F.);
#15864=ADVANCED_FACE('',(#15863),#15856,.T.);
#15865=CARTESIAN_POINT('',(-4.465108336487E0,-2.699425543189E0,-5.8928E0));
#15866=DIRECTION('',(9.869439940695E-1,-1.610638152105E-1,0.E0));
#15867=DIRECTION('',(1.610638152105E-1,9.869439940695E-1,0.E0));
#15868=AXIS2_PLACEMENT_3D('',#15865,#15866,#15867);
#15869=PLANE('',#15868);
#15870=ORIENTED_EDGE('',*,*,#8581,.F.);
#15872=ORIENTED_EDGE('',*,*,#15871,.T.);
#15873=ORIENTED_EDGE('',*,*,#15158,.T.);
#15874=ORIENTED_EDGE('',*,*,#15858,.F.);
#15875=EDGE_LOOP('',(#15870,#15872,#15873,#15874));
#15876=FACE_OUTER_BOUND('',#15875,.F.);
#15877=ADVANCED_FACE('',(#15876),#15869,.T.);
#15878=CARTESIAN_POINT('',(-4.465108336487E0,-2.753468089938E0,-5.8928E0));
#15879=DIRECTION('',(1.E0,0.E0,0.E0));
#15880=DIRECTION('',(0.E0,1.E0,0.E0));
#15881=AXIS2_PLACEMENT_3D('',#15878,#15879,#15880);
#15882=PLANE('',#15881);
#15883=ORIENTED_EDGE('',*,*,#8579,.F.);
#15885=ORIENTED_EDGE('',*,*,#15884,.T.);
#15886=ORIENTED_EDGE('',*,*,#15160,.T.);
#15887=ORIENTED_EDGE('',*,*,#15871,.F.);
#15888=EDGE_LOOP('',(#15883,#15885,#15886,#15887));
#15889=FACE_OUTER_BOUND('',#15888,.F.);
#15890=ADVANCED_FACE('',(#15889),#15882,.T.);
#15891=CARTESIAN_POINT('',(-4.306358327025E0,-2.645382996440E0,-5.8928E0));
#15892=DIRECTION('',(-5.627909083216E-1,8.265992944048E-1,0.E0));
#15893=DIRECTION('',(-8.265992944048E-1,-5.627909083216E-1,0.E0));
#15894=AXIS2_PLACEMENT_3D('',#15891,#15892,#15893);
#15895=PLANE('',#15894);
#15896=ORIENTED_EDGE('',*,*,#8577,.F.);
#15898=ORIENTED_EDGE('',*,*,#15897,.T.);
#15899=ORIENTED_EDGE('',*,*,#15162,.T.);
#15900=ORIENTED_EDGE('',*,*,#15884,.F.);
#15901=EDGE_LOOP('',(#15896,#15898,#15899,#15900));
#15902=FACE_OUTER_BOUND('',#15901,.F.);
#15903=ADVANCED_FACE('',(#15902),#15895,.T.);
#15904=CARTESIAN_POINT('',(-4.174066654050E0,-2.618361723065E0,-5.8928E0));
#15905=DIRECTION('',(-2.001233458994E-1,9.797707111493E-1,0.E0));
#15906=DIRECTION('',(-9.797707111493E-1,-2.001233458994E-1,0.E0));
#15907=AXIS2_PLACEMENT_3D('',#15904,#15905,#15906);
#15908=PLANE('',#15907);
#15909=ORIENTED_EDGE('',*,*,#8575,.F.);
#15911=ORIENTED_EDGE('',*,*,#15910,.T.);
#15912=ORIENTED_EDGE('',*,*,#15164,.T.);
#15913=ORIENTED_EDGE('',*,*,#15897,.F.);
#15914=EDGE_LOOP('',(#15909,#15911,#15912,#15913));
#15915=FACE_OUTER_BOUND('',#15914,.F.);
#15916=ADVANCED_FACE('',(#15915),#15908,.T.);
#15917=CARTESIAN_POINT('',(-4.041775E0,-2.618361723065E0,-5.8928E0));
#15918=DIRECTION('',(0.E0,1.E0,0.E0));
#15919=DIRECTION('',(-1.E0,0.E0,0.E0));
#15920=AXIS2_PLACEMENT_3D('',#15917,#15918,#15919);
#15921=PLANE('',#15920);
#15922=ORIENTED_EDGE('',*,*,#8573,.F.);
#15924=ORIENTED_EDGE('',*,*,#15923,.T.);
#15925=ORIENTED_EDGE('',*,*,#15166,.T.);
#15926=ORIENTED_EDGE('',*,*,#15910,.F.);
#15927=EDGE_LOOP('',(#15922,#15924,#15925,#15926));
#15928=FACE_OUTER_BOUND('',#15927,.F.);
#15929=ADVANCED_FACE('',(#15928),#15921,.T.);
#15930=CARTESIAN_POINT('',(-3.909483308101E0,-2.645382996440E0,-5.8928E0));
#15931=DIRECTION('',(2.001233184181E-1,9.797707167625E-1,0.E0));
#15932=DIRECTION('',(-9.797707167625E-1,2.001233184181E-1,0.E0));
#15933=AXIS2_PLACEMENT_3D('',#15930,#15931,#15932);
#15934=PLANE('',#15933);
#15935=ORIENTED_EDGE('',*,*,#8571,.F.);
#15937=ORIENTED_EDGE('',*,*,#15936,.T.);
#15938=ORIENTED_EDGE('',*,*,#15168,.T.);
#15939=ORIENTED_EDGE('',*,*,#15923,.F.);
#15940=EDGE_LOOP('',(#15935,#15937,#15938,#15939));
#15941=FACE_OUTER_BOUND('',#15940,.F.);
#15942=ADVANCED_FACE('',(#15941),#15934,.T.);
#15943=CARTESIAN_POINT('',(-3.777191691899E0,-2.726446816564E0,-5.8928E0));
#15944=DIRECTION('',(5.224770734933E-1,8.526533338197E-1,0.E0));
#15945=DIRECTION('',(-8.526533338197E-1,5.224770734933E-1,0.E0));
#15946=AXIS2_PLACEMENT_3D('',#15943,#15944,#15945);
#15947=PLANE('',#15946);
#15948=ORIENTED_EDGE('',*,*,#8569,.F.);
#15949=ORIENTED_EDGE('',*,*,#15444,.T.);
#15950=ORIENTED_EDGE('',*,*,#15170,.T.);
#15951=ORIENTED_EDGE('',*,*,#15936,.F.);
#15952=EDGE_LOOP('',(#15948,#15949,#15950,#15951));
#15953=FACE_OUTER_BOUND('',#15952,.F.);
#15954=ADVANCED_FACE('',(#15953),#15947,.T.);
#15955=CARTESIAN_POINT('',(-3.80365E0,-2.888574456811E0,-5.8928E0));
#15956=DIRECTION('',(-9.506453221247E-1,-3.102796666273E-1,0.E0));
#15957=DIRECTION('',(3.102796666273E-1,-9.506453221247E-1,0.E0));
#15958=AXIS2_PLACEMENT_3D('',#15955,#15956,#15957);
#15959=PLANE('',#15958);
#15960=ORIENTED_EDGE('',*,*,#8889,.F.);
#15962=ORIENTED_EDGE('',*,*,#15961,.T.);
#15963=ORIENTED_EDGE('',*,*,#15174,.T.);
#15965=ORIENTED_EDGE('',*,*,#15964,.F.);
#15966=EDGE_LOOP('',(#15960,#15962,#15963,#15965));
#15967=FACE_OUTER_BOUND('',#15966,.F.);
#15968=ADVANCED_FACE('',(#15967),#15959,.T.);
#15969=CARTESIAN_POINT('',(-3.856566691899E0,-2.834531910062E0,-5.8928E0));
#15970=DIRECTION('',(-7.145102180353E-1,-6.996250055017E-1,0.E0));
#15971=DIRECTION('',(6.996250055017E-1,-7.145102180353E-1,0.E0));
#15972=AXIS2_PLACEMENT_3D('',#15969,#15970,#15971);
#15973=PLANE('',#15972);
#15974=ORIENTED_EDGE('',*,*,#8927,.F.);
#15976=ORIENTED_EDGE('',*,*,#15975,.T.);
#15977=ORIENTED_EDGE('',*,*,#15176,.T.);
#15978=ORIENTED_EDGE('',*,*,#15961,.F.);
#15979=EDGE_LOOP('',(#15974,#15976,#15977,#15978));
#15980=FACE_OUTER_BOUND('',#15979,.F.);
#15981=ADVANCED_FACE('',(#15980),#15973,.T.);
#15982=CARTESIAN_POINT('',(-3.935941691899E0,-2.780489363313E0,-5.8928E0));
#15983=DIRECTION('',(-5.627909312417E-1,-8.265992787996E-1,0.E0));
#15984=DIRECTION('',(8.265992787996E-1,-5.627909312417E-1,0.E0));
#15985=AXIS2_PLACEMENT_3D('',#15982,#15983,#15984);
#15986=PLANE('',#15985);
#15987=ORIENTED_EDGE('',*,*,#8925,.F.);
#15989=ORIENTED_EDGE('',*,*,#15988,.T.);
#15990=ORIENTED_EDGE('',*,*,#15178,.T.);
#15991=ORIENTED_EDGE('',*,*,#15975,.F.);
#15992=EDGE_LOOP('',(#15987,#15989,#15990,#15991));
#15993=FACE_OUTER_BOUND('',#15992,.F.);
#15994=ADVANCED_FACE('',(#15993),#15986,.T.);
#15995=CARTESIAN_POINT('',(-4.015316654050E0,-2.753468089938E0,-5.8928E0));
#15996=DIRECTION('',(-3.222639010856E-1,-9.466498708905E-1,0.E0));
#15997=DIRECTION('',(9.466498708905E-1,-3.222639010856E-1,0.E0));
#15998=AXIS2_PLACEMENT_3D('',#15995,#15996,#15997);
#15999=PLANE('',#15998);
#16000=ORIENTED_EDGE('',*,*,#8923,.F.);
#16002=ORIENTED_EDGE('',*,*,#16001,.T.);
#16003=ORIENTED_EDGE('',*,*,#15180,.T.);
#16004=ORIENTED_EDGE('',*,*,#15988,.F.);
#16005=EDGE_LOOP('',(#16000,#16002,#16003,#16004));
#16006=FACE_OUTER_BOUND('',#16005,.F.);
#16007=ADVANCED_FACE('',(#16006),#15999,.T.);
#16008=CARTESIAN_POINT('',(-4.200525E0,-2.753468089938E0,-5.8928E0));
#16009=DIRECTION('',(0.E0,-1.E0,0.E0));
#16010=DIRECTION('',(1.E0,0.E0,0.E0));
#16011=AXIS2_PLACEMENT_3D('',#16008,#16009,#16010);
#16012=PLANE('',#16011);
#16013=ORIENTED_EDGE('',*,*,#8921,.F.);
#16015=ORIENTED_EDGE('',*,*,#16014,.T.);
#16016=ORIENTED_EDGE('',*,*,#15182,.T.);
#16017=ORIENTED_EDGE('',*,*,#16001,.F.);
#16018=EDGE_LOOP('',(#16013,#16015,#16016,#16017));
#16019=FACE_OUTER_BOUND('',#16018,.F.);
#16020=ADVANCED_FACE('',(#16019),#16012,.T.);
#16021=CARTESIAN_POINT('',(-4.2799E0,-2.780489363313E0,-5.8928E0));
#16022=DIRECTION('',(3.222637633772E-1,-9.466499177700E-1,0.E0));
#16023=DIRECTION('',(9.466499177700E-1,3.222637633772E-1,0.E0));
#16024=AXIS2_PLACEMENT_3D('',#16021,#16022,#16023);
#16025=PLANE('',#16024);
#16026=ORIENTED_EDGE('',*,*,#8919,.F.);
#16028=ORIENTED_EDGE('',*,*,#16027,.T.);
#16029=ORIENTED_EDGE('',*,*,#15184,.T.);
#16030=ORIENTED_EDGE('',*,*,#16014,.F.);
#16031=EDGE_LOOP('',(#16026,#16028,#16029,#16030));
#16032=FACE_OUTER_BOUND('',#16031,.F.);
#16033=ADVANCED_FACE('',(#16032),#16025,.T.);
#16034=CARTESIAN_POINT('',(-4.359275E0,-2.834531910062E0,-5.8928E0));
#16035=DIRECTION('',(5.627909312417E-1,-8.265992787996E-1,0.E0));
#16036=DIRECTION('',(8.265992787996E-1,5.627909312417E-1,0.E0));
#16037=AXIS2_PLACEMENT_3D('',#16034,#16035,#16036);
#16038=PLANE('',#16037);
#16039=ORIENTED_EDGE('',*,*,#8917,.F.);
#16041=ORIENTED_EDGE('',*,*,#16040,.T.);
#16042=ORIENTED_EDGE('',*,*,#15186,.T.);
#16043=ORIENTED_EDGE('',*,*,#16027,.F.);
#16044=EDGE_LOOP('',(#16039,#16041,#16042,#16043));
#16045=FACE_OUTER_BOUND('',#16044,.F.);
#16046=ADVANCED_FACE('',(#16045),#16038,.T.);
#16047=CARTESIAN_POINT('',(-4.412191672975E0,-2.888574456811E0,-5.8928E0));
#16048=DIRECTION('',(7.145103431102E-1,-6.996248777656E-1,0.E0));
#16049=DIRECTION('',(6.996248777656E-1,7.145103431102E-1,0.E0));
#16050=AXIS2_PLACEMENT_3D('',#16047,#16048,#16049);
#16051=PLANE('',#16050);
#16052=ORIENTED_EDGE('',*,*,#8915,.F.);
#16054=ORIENTED_EDGE('',*,*,#16053,.T.);
#16055=ORIENTED_EDGE('',*,*,#15188,.T.);
#16056=ORIENTED_EDGE('',*,*,#16040,.F.);
#16057=EDGE_LOOP('',(#16052,#16054,#16055,#16056));
#16058=FACE_OUTER_BOUND('',#16057,.F.);
#16059=ADVANCED_FACE('',(#16058),#16051,.T.);
#16060=CARTESIAN_POINT('',(-4.43865E0,-2.969638314784E0,-5.8928E0));
#16061=DIRECTION('',(9.506452566631E-1,-3.102798671909E-1,0.E0));
#16062=DIRECTION('',(3.102798671909E-1,9.506452566631E-1,0.E0));
#16063=AXIS2_PLACEMENT_3D('',#16060,#16061,#16062);
#16064=PLANE('',#16063);
#16065=ORIENTED_EDGE('',*,*,#8913,.F.);
#16067=ORIENTED_EDGE('',*,*,#16066,.T.);
#16068=ORIENTED_EDGE('',*,*,#15190,.T.);
#16069=ORIENTED_EDGE('',*,*,#16053,.F.);
#16070=EDGE_LOOP('',(#16065,#16067,#16068,#16069));
#16071=FACE_OUTER_BOUND('',#16070,.F.);
#16072=ADVANCED_FACE('',(#16071),#16064,.T.);
#16073=CARTESIAN_POINT('',(-4.43865E0,-3.050702134907E0,-5.8928E0));
#16074=DIRECTION('',(1.E0,0.E0,0.E0));
#16075=DIRECTION('',(0.E0,1.E0,0.E0));
#16076=AXIS2_PLACEMENT_3D('',#16073,#16074,#16075);
#16077=PLANE('',#16076);
#16078=ORIENTED_EDGE('',*,*,#8911,.F.);
#16080=ORIENTED_EDGE('',*,*,#16079,.T.);
#16081=ORIENTED_EDGE('',*,*,#15192,.T.);
#16082=ORIENTED_EDGE('',*,*,#16066,.F.);
#16083=EDGE_LOOP('',(#16078,#16080,#16081,#16082));
#16084=FACE_OUTER_BOUND('',#16083,.F.);
#16085=ADVANCED_FACE('',(#16084),#16077,.T.);
#16086=CARTESIAN_POINT('',(-4.412191672975E0,-3.131765955031E0,-5.8928E0));
#16087=DIRECTION('',(9.506452139312E-1,3.102799981143E-1,0.E0));
#16088=DIRECTION('',(-3.102799981143E-1,9.506452139312E-1,0.E0));
#16089=AXIS2_PLACEMENT_3D('',#16086,#16087,#16088);
#16090=PLANE('',#16089);
#16091=ORIENTED_EDGE('',*,*,#8909,.F.);
#16093=ORIENTED_EDGE('',*,*,#16092,.T.);
#16094=ORIENTED_EDGE('',*,*,#15194,.T.);
#16095=ORIENTED_EDGE('',*,*,#16079,.F.);
#16096=EDGE_LOOP('',(#16091,#16093,#16094,#16095));
#16097=FACE_OUTER_BOUND('',#16096,.F.);
#16098=ADVANCED_FACE('',(#16097),#16090,.T.);
#16099=CARTESIAN_POINT('',(-4.359275E0,-3.212829794079E0,-5.8928E0));
#16100=DIRECTION('',(8.373791491256E-1,5.466225028388E-1,0.E0));
#16101=DIRECTION('',(-5.466225028388E-1,8.373791491256E-1,0.E0));
#16102=AXIS2_PLACEMENT_3D('',#16099,#16100,#16101);
#16103=PLANE('',#16102);
#16104=ORIENTED_EDGE('',*,*,#8907,.F.);
#16106=ORIENTED_EDGE('',*,*,#16105,.T.);
#16107=ORIENTED_EDGE('',*,*,#15196,.T.);
#16108=ORIENTED_EDGE('',*,*,#16092,.F.);
#16109=EDGE_LOOP('',(#16104,#16106,#16107,#16108));
#16110=FACE_OUTER_BOUND('',#16109,.F.);
#16111=ADVANCED_FACE('',(#16110),#16103,.T.);
#16112=CARTESIAN_POINT('',(-4.2799E0,-3.266872340828E0,-5.8928E0));
#16113=DIRECTION('',(5.627909312417E-1,8.265992787996E-1,0.E0));
#16114=DIRECTION('',(-8.265992787996E-1,5.627909312417E-1,0.E0));
#16115=AXIS2_PLACEMENT_3D('',#16112,#16113,#16114);
#16116=PLANE('',#16115);
#16117=ORIENTED_EDGE('',*,*,#8905,.F.);
#16119=ORIENTED_EDGE('',*,*,#16118,.T.);
#16120=ORIENTED_EDGE('',*,*,#15198,.T.);
#16121=ORIENTED_EDGE('',*,*,#16105,.F.);
#16122=EDGE_LOOP('',(#16117,#16119,#16120,#16121));
#16123=FACE_OUTER_BOUND('',#16122,.F.);
#16124=ADVANCED_FACE('',(#16123),#16116,.T.);
#16125=CARTESIAN_POINT('',(-4.200525E0,-3.293893614203E0,-5.8928E0));
#16126=DIRECTION('',(3.222637633772E-1,9.466499177700E-1,0.E0));
#16127=DIRECTION('',(-9.466499177700E-1,3.222637633772E-1,0.E0));
#16128=AXIS2_PLACEMENT_3D('',#16125,#16126,#16127);
#16129=PLANE('',#16128);
#16130=ORIENTED_EDGE('',*,*,#8903,.F.);
#16132=ORIENTED_EDGE('',*,*,#16131,.T.);
#16133=ORIENTED_EDGE('',*,*,#15200,.T.);
#16134=ORIENTED_EDGE('',*,*,#16118,.F.);
#16135=EDGE_LOOP('',(#16130,#16132,#16133,#16134));
#16136=FACE_OUTER_BOUND('',#16135,.F.);
#16137=ADVANCED_FACE('',(#16136),#16129,.T.);
#16138=CARTESIAN_POINT('',(-4.015316654050E0,-3.293893614203E0,-5.8928E0));
#16139=DIRECTION('',(0.E0,1.E0,0.E0));
#16140=DIRECTION('',(-1.E0,0.E0,0.E0));
#16141=AXIS2_PLACEMENT_3D('',#16138,#16139,#16140);
#16142=PLANE('',#16141);
#16143=ORIENTED_EDGE('',*,*,#8901,.F.);
#16145=ORIENTED_EDGE('',*,*,#16144,.T.);
#16146=ORIENTED_EDGE('',*,*,#15202,.T.);
#16147=ORIENTED_EDGE('',*,*,#16131,.F.);
#16148=EDGE_LOOP('',(#16143,#16145,#16146,#16147));
#16149=FACE_OUTER_BOUND('',#16148,.F.);
#16150=ADVANCED_FACE('',(#16149),#16142,.T.);
#16151=CARTESIAN_POINT('',(-3.935941691899E0,-3.266872340828E0,-5.8928E0));
#16152=DIRECTION('',(-3.222639010856E-1,9.466498708905E-1,0.E0));
#16153=DIRECTION('',(-9.466498708905E-1,-3.222639010856E-1,0.E0));
#16154=AXIS2_PLACEMENT_3D('',#16151,#16152,#16153);
#16155=PLANE('',#16154);
#16156=ORIENTED_EDGE('',*,*,#8899,.F.);
#16158=ORIENTED_EDGE('',*,*,#16157,.T.);
#16159=ORIENTED_EDGE('',*,*,#15204,.T.);
#16160=ORIENTED_EDGE('',*,*,#16144,.F.);
#16161=EDGE_LOOP('',(#16156,#16158,#16159,#16160));
#16162=FACE_OUTER_BOUND('',#16161,.F.);
#16163=ADVANCED_FACE('',(#16162),#16155,.T.);
#16164=CARTESIAN_POINT('',(-3.856566691899E0,-3.212829794079E0,-5.8928E0));
#16165=DIRECTION('',(-5.627909312417E-1,8.265992787996E-1,0.E0));
#16166=DIRECTION('',(-8.265992787996E-1,-5.627909312417E-1,0.E0));
#16167=AXIS2_PLACEMENT_3D('',#16164,#16165,#16166);
#16168=PLANE('',#16167);
#16169=ORIENTED_EDGE('',*,*,#8897,.F.);
#16171=ORIENTED_EDGE('',*,*,#16170,.T.);
#16172=ORIENTED_EDGE('',*,*,#15206,.T.);
#16173=ORIENTED_EDGE('',*,*,#16157,.F.);
#16174=EDGE_LOOP('',(#16169,#16171,#16172,#16173));
#16175=FACE_OUTER_BOUND('',#16174,.F.);
#16176=ADVANCED_FACE('',(#16175),#16168,.T.);
#16177=CARTESIAN_POINT('',(-3.80365E0,-3.131765955031E0,-5.8928E0));
#16178=DIRECTION('',(-8.373790596451E-1,5.466226399152E-1,0.E0));
#16179=DIRECTION('',(-5.466226399152E-1,-8.373790596451E-1,0.E0));
#16180=AXIS2_PLACEMENT_3D('',#16177,#16178,#16179);
#16181=PLANE('',#16180);
#16182=ORIENTED_EDGE('',*,*,#8895,.F.);
#16184=ORIENTED_EDGE('',*,*,#16183,.T.);
#16185=ORIENTED_EDGE('',*,*,#15208,.T.);
#16186=ORIENTED_EDGE('',*,*,#16170,.F.);
#16187=EDGE_LOOP('',(#16182,#16184,#16185,#16186));
#16188=FACE_OUTER_BOUND('',#16187,.F.);
#16189=ADVANCED_FACE('',(#16188),#16181,.T.);
#16190=CARTESIAN_POINT('',(-3.777191691899E0,-3.050702134907E0,-5.8928E0));
#16191=DIRECTION('',(-9.506452793929E-1,3.102797975506E-1,0.E0));
#16192=DIRECTION('',(-3.102797975506E-1,-9.506452793929E-1,0.E0));
#16193=AXIS2_PLACEMENT_3D('',#16190,#16191,#16192);
#16194=PLANE('',#16193);
#16195=ORIENTED_EDGE('',*,*,#8893,.F.);
#16197=ORIENTED_EDGE('',*,*,#16196,.T.);
#16198=ORIENTED_EDGE('',*,*,#15210,.T.);
#16199=ORIENTED_EDGE('',*,*,#16183,.F.);
#16200=EDGE_LOOP('',(#16195,#16197,#16198,#16199));
#16201=FACE_OUTER_BOUND('',#16200,.F.);
#16202=ADVANCED_FACE('',(#16201),#16194,.T.);
#16203=CARTESIAN_POINT('',(-3.777191691899E0,-2.969638314784E0,-5.8928E0));
#16204=DIRECTION('',(-1.E0,0.E0,0.E0));
#16205=DIRECTION('',(0.E0,-1.E0,0.E0));
#16206=AXIS2_PLACEMENT_3D('',#16203,#16204,#16205);
#16207=PLANE('',#16206);
#16208=ORIENTED_EDGE('',*,*,#8891,.F.);
#16209=ORIENTED_EDGE('',*,*,#15964,.T.);
#16210=ORIENTED_EDGE('',*,*,#15212,.T.);
#16211=ORIENTED_EDGE('',*,*,#16196,.F.);
#16212=EDGE_LOOP('',(#16208,#16209,#16210,#16211));
#16213=FACE_OUTER_BOUND('',#16212,.F.);
#16214=ADVANCED_FACE('',(#16213),#16207,.T.);
#16215=CARTESIAN_POINT('',(5.239808327025E0,2.853446816564E0,-5.8928E0));
#16216=DIRECTION('',(6.080767864179E-1,-7.938782159876E-1,0.E0));
#16217=DIRECTION('',(7.938782159876E-1,6.080767864179E-1,0.E0));
#16218=AXIS2_PLACEMENT_3D('',#16215,#16216,#16217);
#16219=PLANE('',#16218);
#16220=ORIENTED_EDGE('',*,*,#8649,.F.);
#16222=ORIENTED_EDGE('',*,*,#16221,.T.);
#16223=ORIENTED_EDGE('',*,*,#15222,.T.);
#16225=ORIENTED_EDGE('',*,*,#16224,.F.);
#16226=EDGE_LOOP('',(#16220,#16222,#16223,#16225));
#16227=FACE_OUTER_BOUND('',#16226,.F.);
#16228=ADVANCED_FACE('',(#16227),#16219,.T.);
#16229=CARTESIAN_POINT('',(5.0546E0,2.853446816564E0,-5.8928E0));
#16230=DIRECTION('',(0.E0,-1.E0,0.E0));
#16231=DIRECTION('',(1.E0,0.E0,0.E0));
#16232=AXIS2_PLACEMENT_3D('',#16229,#16230,#16231);
#16233=PLANE('',#16232);
#16234=ORIENTED_EDGE('',*,*,#8727,.F.);
#16236=ORIENTED_EDGE('',*,*,#16235,.T.);
#16237=ORIENTED_EDGE('',*,*,#15224,.T.);
#16238=ORIENTED_EDGE('',*,*,#16221,.F.);
#16239=EDGE_LOOP('',(#16234,#16236,#16237,#16238));
#16240=FACE_OUTER_BOUND('',#16239,.F.);
#16241=ADVANCED_FACE('',(#16240),#16233,.T.);
#16242=CARTESIAN_POINT('',(5.0546E0,3.556E0,-5.8928E0));
#16243=DIRECTION('',(-1.E0,0.E0,0.E0));
#16244=DIRECTION('',(0.E0,-1.E0,0.E0));
#16245=AXIS2_PLACEMENT_3D('',#16242,#16243,#16244);
#16246=PLANE('',#16245);
#16247=ORIENTED_EDGE('',*,*,#8725,.F.);
#16249=ORIENTED_EDGE('',*,*,#16248,.T.);
#16250=ORIENTED_EDGE('',*,*,#15226,.T.);
#16251=ORIENTED_EDGE('',*,*,#16235,.F.);
#16252=EDGE_LOOP('',(#16247,#16249,#16250,#16251));
#16253=FACE_OUTER_BOUND('',#16252,.F.);
#16254=ADVANCED_FACE('',(#16253),#16246,.T.);
#16255=CARTESIAN_POINT('',(5.954183308101E0,3.556E0,-5.8928E0));
#16256=DIRECTION('',(0.E0,1.E0,0.E0));
#16257=DIRECTION('',(-1.E0,0.E0,0.E0));
#16258=AXIS2_PLACEMENT_3D('',#16255,#16256,#16257);
#16259=PLANE('',#16258);
#16260=ORIENTED_EDGE('',*,*,#8723,.F.);
#16262=ORIENTED_EDGE('',*,*,#16261,.T.);
#16263=ORIENTED_EDGE('',*,*,#15228,.T.);
#16264=ORIENTED_EDGE('',*,*,#16248,.F.);
#16265=EDGE_LOOP('',(#16260,#16262,#16263,#16264));
#16266=FACE_OUTER_BOUND('',#16265,.F.);
#16267=ADVANCED_FACE('',(#16266),#16259,.T.);
#16268=CARTESIAN_POINT('',(5.954183308101E0,3.420893633127E0,-5.8928E0));
#16269=DIRECTION('',(1.E0,0.E0,0.E0));
#16270=DIRECTION('',(0.E0,1.E0,0.E0));
#16271=AXIS2_PLACEMENT_3D('',#16268,#16269,#16270);
#16272=PLANE('',#16271);
#16273=ORIENTED_EDGE('',*,*,#8721,.F.);
#16275=ORIENTED_EDGE('',*,*,#16274,.T.);
#16276=ORIENTED_EDGE('',*,*,#15230,.T.);
#16277=ORIENTED_EDGE('',*,*,#16261,.F.);
#16278=EDGE_LOOP('',(#16273,#16275,#16276,#16277));
#16279=FACE_OUTER_BOUND('',#16278,.F.);
#16280=ADVANCED_FACE('',(#16279),#16272,.T.);
#16281=CARTESIAN_POINT('',(5.186891663513E0,3.420893633127E0,-5.8928E0));
#16282=DIRECTION('',(0.E0,-1.E0,0.E0));
#16283=DIRECTION('',(1.E0,0.E0,0.E0));
#16284=AXIS2_PLACEMENT_3D('',#16281,#16282,#16283);
#16285=PLANE('',#16284);
#16286=ORIENTED_EDGE('',*,*,#8719,.F.);
#16288=ORIENTED_EDGE('',*,*,#16287,.T.);
#16289=ORIENTED_EDGE('',*,*,#15232,.T.);
#16290=ORIENTED_EDGE('',*,*,#16274,.F.);
#16291=EDGE_LOOP('',(#16286,#16288,#16289,#16290));
#16292=FACE_OUTER_BOUND('',#16291,.F.);
#16293=ADVANCED_FACE('',(#16292),#16285,.T.);
#16294=CARTESIAN_POINT('',(5.186891663513E0,2.988553183436E0,-5.8928E0));
#16295=DIRECTION('',(1.E0,0.E0,0.E0));
#16296=DIRECTION('',(0.E0,1.E0,0.E0));
#16297=AXIS2_PLACEMENT_3D('',#16294,#16295,#16296);
#16298=PLANE('',#16297);
#16299=ORIENTED_EDGE('',*,*,#8717,.F.);
#16301=ORIENTED_EDGE('',*,*,#16300,.T.);
#16302=ORIENTED_EDGE('',*,*,#15234,.T.);
#16303=ORIENTED_EDGE('',*,*,#16287,.F.);
#16304=EDGE_LOOP('',(#16299,#16301,#16302,#16303));
#16305=FACE_OUTER_BOUND('',#16304,.F.);
#16306=ADVANCED_FACE('',(#16305),#16298,.T.);
#16307=CARTESIAN_POINT('',(5.319183327025E0,3.069617003560E0,-5.8928E0));
#16308=DIRECTION('',(-5.224769376483E-1,8.526534170609E-1,0.E0));
#16309=DIRECTION('',(-8.526534170609E-1,-5.224769376483E-1,0.E0));
#16310=AXIS2_PLACEMENT_3D('',#16307,#16308,#16309);
#16311=PLANE('',#16310);
#16312=ORIENTED_EDGE('',*,*,#8715,.F.);
#16314=ORIENTED_EDGE('',*,*,#16313,.T.);
#16315=ORIENTED_EDGE('',*,*,#15236,.T.);
#16316=ORIENTED_EDGE('',*,*,#16300,.F.);
#16317=EDGE_LOOP('',(#16312,#16314,#16315,#16316));
#16318=FACE_OUTER_BOUND('',#16317,.F.);
#16319=ADVANCED_FACE('',(#16318),#16311,.T.);
#16320=CARTESIAN_POINT('',(5.451475E0,3.096638276935E0,-5.8928E0));
#16321=DIRECTION('',(-2.001233458994E-1,9.797707111493E-1,0.E0));
#16322=DIRECTION('',(-9.797707111493E-1,-2.001233458994E-1,0.E0));
#16323=AXIS2_PLACEMENT_3D('',#16320,#16321,#16322);
#16324=PLANE('',#16323);
#16325=ORIENTED_EDGE('',*,*,#8713,.F.);
#16327=ORIENTED_EDGE('',*,*,#16326,.T.);
#16328=ORIENTED_EDGE('',*,*,#15238,.T.);
#16329=ORIENTED_EDGE('',*,*,#16313,.F.);
#16330=EDGE_LOOP('',(#16325,#16327,#16328,#16329));
#16331=FACE_OUTER_BOUND('',#16330,.F.);
#16332=ADVANCED_FACE('',(#16331),#16324,.T.);
#16333=CARTESIAN_POINT('',(5.610225E0,3.096638276935E0,-5.8928E0));
#16334=DIRECTION('',(0.E0,1.E0,0.E0));
#16335=DIRECTION('',(-1.E0,0.E0,0.E0));
#16336=AXIS2_PLACEMENT_3D('',#16333,#16334,#16335);
#16337=PLANE('',#16336);
#16338=ORIENTED_EDGE('',*,*,#8711,.F.);
#16340=ORIENTED_EDGE('',*,*,#16339,.T.);
#16341=ORIENTED_EDGE('',*,*,#15240,.T.);
#16342=ORIENTED_EDGE('',*,*,#16326,.F.);
#16343=EDGE_LOOP('',(#16338,#16340,#16341,#16342));
#16344=FACE_OUTER_BOUND('',#16343,.F.);
#16345=ADVANCED_FACE('',(#16344),#16337,.T.);
#16346=CARTESIAN_POINT('',(5.742516691899E0,3.069617003560E0,-5.8928E0));
#16347=DIRECTION('',(2.001233184181E-1,9.797707167625E-1,0.E0));
#16348=DIRECTION('',(-9.797707167625E-1,2.001233184181E-1,0.E0));
#16349=AXIS2_PLACEMENT_3D('',#16346,#16347,#16348);
#16350=PLANE('',#16349);
#16351=ORIENTED_EDGE('',*,*,#8709,.F.);
#16353=ORIENTED_EDGE('',*,*,#16352,.T.);
#16354=ORIENTED_EDGE('',*,*,#15242,.T.);
#16355=ORIENTED_EDGE('',*,*,#16339,.F.);
#16356=EDGE_LOOP('',(#16351,#16353,#16354,#16355));
#16357=FACE_OUTER_BOUND('',#16356,.F.);
#16358=ADVANCED_FACE('',(#16357),#16350,.T.);
#16359=CARTESIAN_POINT('',(5.874808308101E0,2.988553183436E0,-5.8928E0));
#16360=DIRECTION('',(5.224770734933E-1,8.526533338197E-1,0.E0));
#16361=DIRECTION('',(-8.526533338197E-1,5.224770734933E-1,0.E0));
#16362=AXIS2_PLACEMENT_3D('',#16359,#16360,#16361);
#16363=PLANE('',#16362);
#16364=ORIENTED_EDGE('',*,*,#8707,.F.);
#16366=ORIENTED_EDGE('',*,*,#16365,.T.);
#16367=ORIENTED_EDGE('',*,*,#15244,.T.);
#16368=ORIENTED_EDGE('',*,*,#16352,.F.);
#16369=EDGE_LOOP('',(#16364,#16366,#16367,#16368));
#16370=FACE_OUTER_BOUND('',#16369,.F.);
#16371=ADVANCED_FACE('',(#16370),#16363,.T.);
#16372=CARTESIAN_POINT('',(5.954183308101E0,2.880468089938E0,-5.8928E0));
#16373=DIRECTION('',(8.060043958311E-1,5.919095487496E-1,0.E0));
#16374=DIRECTION('',(-5.919095487496E-1,8.060043958311E-1,0.E0));
#16375=AXIS2_PLACEMENT_3D('',#16372,#16373,#16374);
#16376=PLANE('',#16375);
#16377=ORIENTED_EDGE('',*,*,#8705,.F.);
#16379=ORIENTED_EDGE('',*,*,#16378,.T.);
#16380=ORIENTED_EDGE('',*,*,#15246,.T.);
#16381=ORIENTED_EDGE('',*,*,#16365,.F.);
#16382=EDGE_LOOP('',(#16377,#16379,#16380,#16381));
#16383=FACE_OUTER_BOUND('',#16382,.F.);
#16384=ADVANCED_FACE('',(#16383),#16376,.T.);
#16385=CARTESIAN_POINT('',(6.0071E0,2.745361685216E0,-5.8928E0));
#16386=DIRECTION('',(9.311282116446E-1,3.646919981020E-1,0.E0));
#16387=DIRECTION('',(-3.646919981020E-1,9.311282116446E-1,0.E0));
#16388=AXIS2_PLACEMENT_3D('',#16385,#16386,#16387);
#16389=PLANE('',#16388);
#16390=ORIENTED_EDGE('',*,*,#8703,.F.);
#16392=ORIENTED_EDGE('',*,*,#16391,.T.);
#16393=ORIENTED_EDGE('',*,*,#15248,.T.);
#16394=ORIENTED_EDGE('',*,*,#16378,.F.);
#16395=EDGE_LOOP('',(#16390,#16392,#16393,#16394));
#16396=FACE_OUTER_BOUND('',#16395,.F.);
#16397=ADVANCED_FACE('',(#16396),#16389,.T.);
#16398=CARTESIAN_POINT('',(6.0071E0,2.637276591718E0,-5.8928E0));
#16399=DIRECTION('',(1.E0,0.E0,0.E0));
#16400=DIRECTION('',(0.E0,1.E0,0.E0));
#16401=AXIS2_PLACEMENT_3D('',#16398,#16399,#16400);
#16402=PLANE('',#16401);
#16403=ORIENTED_EDGE('',*,*,#8701,.F.);
#16405=ORIENTED_EDGE('',*,*,#16404,.T.);
#16406=ORIENTED_EDGE('',*,*,#15250,.T.);
#16407=ORIENTED_EDGE('',*,*,#16391,.F.);
#16408=EDGE_LOOP('',(#16403,#16405,#16406,#16407));
#16409=FACE_OUTER_BOUND('',#16408,.F.);
#16410=ADVANCED_FACE('',(#16409),#16402,.T.);
#16411=CARTESIAN_POINT('',(5.954183308101E0,2.502170205921E0,-5.8928E0));
#16412=DIRECTION('',(9.311281942981E-1,-3.646920423907E-1,0.E0));
#16413=DIRECTION('',(3.646920423907E-1,9.311281942981E-1,0.E0));
#16414=AXIS2_PLACEMENT_3D('',#16411,#16412,#16413);
#16415=PLANE('',#16414);
#16416=ORIENTED_EDGE('',*,*,#8699,.F.);
#16418=ORIENTED_EDGE('',*,*,#16417,.T.);
#16419=ORIENTED_EDGE('',*,*,#15252,.T.);
#16420=ORIENTED_EDGE('',*,*,#16404,.F.);
#16421=EDGE_LOOP('',(#16416,#16418,#16419,#16420));
#16422=FACE_OUTER_BOUND('',#16421,.F.);
#16423=ADVANCED_FACE('',(#16422),#16415,.T.);
#16424=CARTESIAN_POINT('',(5.874808308101E0,2.394085102960E0,-5.8928E0));
#16425=DIRECTION('',(8.060044205527E-1,-5.919095150862E-1,0.E0));
#16426=DIRECTION('',(5.919095150862E-1,8.060044205527E-1,0.E0));
#16427=AXIS2_PLACEMENT_3D('',#16424,#16425,#16426);
#16428=PLANE('',#16427);
#16429=ORIENTED_EDGE('',*,*,#8697,.F.);
#16431=ORIENTED_EDGE('',*,*,#16430,.T.);
#16432=ORIENTED_EDGE('',*,*,#15254,.T.);
#16433=ORIENTED_EDGE('',*,*,#16417,.F.);
#16434=EDGE_LOOP('',(#16429,#16431,#16432,#16433));
#16435=FACE_OUTER_BOUND('',#16434,.F.);
#16436=ADVANCED_FACE('',(#16435),#16428,.T.);
#16437=CARTESIAN_POINT('',(5.742516691899E0,2.313021275740E0,-5.8928E0));
#16438=DIRECTION('',(5.224771067470E-1,-8.526533134429E-1,0.E0));
#16439=DIRECTION('',(8.526533134429E-1,5.224771067470E-1,0.E0));
#16440=AXIS2_PLACEMENT_3D('',#16437,#16438,#16439);
#16441=PLANE('',#16440);
#16442=ORIENTED_EDGE('',*,*,#8695,.F.);
#16444=ORIENTED_EDGE('',*,*,#16443,.T.);
#16445=ORIENTED_EDGE('',*,*,#15256,.T.);
#16446=ORIENTED_EDGE('',*,*,#16430,.F.);
#16447=EDGE_LOOP('',(#16442,#16444,#16445,#16446));
#16448=FACE_OUTER_BOUND('',#16447,.F.);
#16449=ADVANCED_FACE('',(#16448),#16441,.T.);
#16450=CARTESIAN_POINT('',(5.610225E0,2.286E0,-5.8928E0));
#16451=DIRECTION('',(2.001233352361E-1,-9.797707133274E-1,0.E0));
#16452=DIRECTION('',(9.797707133274E-1,2.001233352361E-1,0.E0));
#16453=AXIS2_PLACEMENT_3D('',#16450,#16451,#16452);
#16454=PLANE('',#16453);
#16455=ORIENTED_EDGE('',*,*,#8693,.F.);
#16457=ORIENTED_EDGE('',*,*,#16456,.T.);
#16458=ORIENTED_EDGE('',*,*,#15258,.T.);
#16459=ORIENTED_EDGE('',*,*,#16443,.F.);
#16460=EDGE_LOOP('',(#16455,#16457,#16458,#16459));
#16461=FACE_OUTER_BOUND('',#16460,.F.);
#16462=ADVANCED_FACE('',(#16461),#16454,.T.);
#16463=CARTESIAN_POINT('',(5.451475E0,2.286E0,-5.8928E0));
#16464=DIRECTION('',(0.E0,-1.E0,0.E0));
#16465=DIRECTION('',(1.E0,0.E0,0.E0));
#16466=AXIS2_PLACEMENT_3D('',#16463,#16464,#16465);
#16467=PLANE('',#16466);
#16468=ORIENTED_EDGE('',*,*,#8691,.F.);
#16470=ORIENTED_EDGE('',*,*,#16469,.T.);
#16471=ORIENTED_EDGE('',*,*,#15260,.T.);
#16472=ORIENTED_EDGE('',*,*,#16456,.F.);
#16473=EDGE_LOOP('',(#16468,#16470,#16471,#16472));
#16474=FACE_OUTER_BOUND('',#16473,.F.);
#16475=ADVANCED_FACE('',(#16474),#16467,.T.);
#16476=CARTESIAN_POINT('',(5.319183327025E0,2.313021275740E0,-5.8928E0));
#16477=DIRECTION('',(-2.001233627174E-1,-9.797707077141E-1,0.E0));
#16478=DIRECTION('',(9.797707077141E-1,-2.001233627174E-1,0.E0));
#16479=AXIS2_PLACEMENT_3D('',#16476,#16477,#16478);
#16480=PLANE('',#16479);
#16481=ORIENTED_EDGE('',*,*,#8689,.F.);
#16483=ORIENTED_EDGE('',*,*,#16482,.T.);
#16484=ORIENTED_EDGE('',*,*,#15262,.T.);
#16485=ORIENTED_EDGE('',*,*,#16469,.F.);
#16486=EDGE_LOOP('',(#16481,#16483,#16484,#16485));
#16487=FACE_OUTER_BOUND('',#16486,.F.);
#16488=ADVANCED_FACE('',(#16487),#16480,.T.);
#16489=CARTESIAN_POINT('',(5.186891663513E0,2.394085102960E0,-5.8928E0));
#16490=DIRECTION('',(-5.224769709020E-1,-8.526533966842E-1,0.E0));
#16491=DIRECTION('',(8.526533966842E-1,-5.224769709020E-1,0.E0));
#16492=AXIS2_PLACEMENT_3D('',#16489,#16490,#16491);
#16493=PLANE('',#16492);
#16494=ORIENTED_EDGE('',*,*,#8687,.F.);
#16496=ORIENTED_EDGE('',*,*,#16495,.T.);
#16497=ORIENTED_EDGE('',*,*,#15264,.T.);
#16498=ORIENTED_EDGE('',*,*,#16482,.F.);
#16499=EDGE_LOOP('',(#16494,#16496,#16497,#16498));
#16500=FACE_OUTER_BOUND('',#16499,.F.);
#16501=ADVANCED_FACE('',(#16500),#16493,.T.);
#16502=CARTESIAN_POINT('',(5.107516668244E0,2.502170205921E0,-5.8928E0));
#16503=DIRECTION('',(-8.060044373844E-1,-5.919094921664E-1,0.E0));
#16504=DIRECTION('',(5.919094921664E-1,-8.060044373844E-1,0.E0));
#16505=AXIS2_PLACEMENT_3D('',#16502,#16503,#16504);
#16506=PLANE('',#16505);
#16507=ORIENTED_EDGE('',*,*,#8685,.F.);
#16509=ORIENTED_EDGE('',*,*,#16508,.T.);
#16510=ORIENTED_EDGE('',*,*,#15266,.T.);
#16511=ORIENTED_EDGE('',*,*,#16495,.F.);
#16512=EDGE_LOOP('',(#16507,#16509,#16510,#16511));
#16513=FACE_OUTER_BOUND('',#16512,.F.);
#16514=ADVANCED_FACE('',(#16513),#16506,.T.);
#16515=CARTESIAN_POINT('',(5.0546E0,2.610255318344E0,-5.8928E0));
#16516=DIRECTION('',(-8.981381224003E-1,-4.397134442921E-1,0.E0));
#16517=DIRECTION('',(4.397134442921E-1,-8.981381224003E-1,0.E0));
#16518=AXIS2_PLACEMENT_3D('',#16515,#16516,#16517);
#16519=PLANE('',#16518);
#16520=ORIENTED_EDGE('',*,*,#8683,.F.);
#16522=ORIENTED_EDGE('',*,*,#16521,.T.);
#16523=ORIENTED_EDGE('',*,*,#15268,.T.);
#16524=ORIENTED_EDGE('',*,*,#16508,.F.);
#16525=EDGE_LOOP('',(#16520,#16522,#16523,#16524));
#16526=FACE_OUTER_BOUND('',#16525,.F.);
#16527=ADVANCED_FACE('',(#16526),#16519,.T.);
#16528=CARTESIAN_POINT('',(5.21335E0,2.610255318344E0,-5.8928E0));
#16529=DIRECTION('',(0.E0,1.E0,0.E0));
#16530=DIRECTION('',(-1.E0,0.E0,0.E0));
#16531=AXIS2_PLACEMENT_3D('',#16528,#16529,#16530);
#16532=PLANE('',#16531);
#16533=ORIENTED_EDGE('',*,*,#8681,.F.);
#16535=ORIENTED_EDGE('',*,*,#16534,.T.);
#16536=ORIENTED_EDGE('',*,*,#15270,.T.);
#16537=ORIENTED_EDGE('',*,*,#16521,.F.);
#16538=EDGE_LOOP('',(#16533,#16535,#16536,#16537));
#16539=FACE_OUTER_BOUND('',#16538,.F.);
#16540=ADVANCED_FACE('',(#16539),#16532,.T.);
#16541=CARTESIAN_POINT('',(5.266266672975E0,2.502170205921E0,-5.8928E0));
#16542=DIRECTION('',(8.981381068745E-1,4.397134760043E-1,0.E0));
#16543=DIRECTION('',(-4.397134760043E-1,8.981381068745E-1,0.E0));
#16544=AXIS2_PLACEMENT_3D('',#16541,#16542,#16543);
#16545=PLANE('',#16544);
#16546=ORIENTED_EDGE('',*,*,#8679,.F.);
#16548=ORIENTED_EDGE('',*,*,#16547,.T.);
#16549=ORIENTED_EDGE('',*,*,#15272,.T.);
#16550=ORIENTED_EDGE('',*,*,#16534,.F.);
#16551=EDGE_LOOP('',(#16546,#16548,#16549,#16550));
#16552=FACE_OUTER_BOUND('',#16551,.F.);
#16553=ADVANCED_FACE('',(#16552),#16545,.T.);
#16554=CARTESIAN_POINT('',(5.345641672975E0,2.448127659172E0,-5.8928E0));
#16555=DIRECTION('',(5.627909312417E-1,8.265992787996E-1,0.E0));
#16556=DIRECTION('',(-8.265992787996E-1,5.627909312417E-1,0.E0));
#16557=AXIS2_PLACEMENT_3D('',#16554,#16555,#16556);
#16558=PLANE('',#16557);
#16559=ORIENTED_EDGE('',*,*,#8677,.F.);
#16561=ORIENTED_EDGE('',*,*,#16560,.T.);
#16562=ORIENTED_EDGE('',*,*,#15274,.T.);
#16563=ORIENTED_EDGE('',*,*,#16547,.F.);
#16564=EDGE_LOOP('',(#16559,#16561,#16562,#16563));
#16565=FACE_OUTER_BOUND('',#16564,.F.);
#16566=ADVANCED_FACE('',(#16565),#16558,.T.);
#16567=CARTESIAN_POINT('',(5.451475E0,2.421106385797E0,-5.8928E0));
#16568=DIRECTION('',(2.473832314230E-1,9.689177141588E-1,0.E0));
#16569=DIRECTION('',(-9.689177141588E-1,2.473832314230E-1,0.E0));
#16570=AXIS2_PLACEMENT_3D('',#16567,#16568,#16569);
#16571=PLANE('',#16570);
#16572=ORIENTED_EDGE('',*,*,#8675,.F.);
#16574=ORIENTED_EDGE('',*,*,#16573,.T.);
#16575=ORIENTED_EDGE('',*,*,#15276,.T.);
#16576=ORIENTED_EDGE('',*,*,#16560,.F.);
#16577=EDGE_LOOP('',(#16572,#16574,#16575,#16576));
#16578=FACE_OUTER_BOUND('',#16577,.F.);
#16579=ADVANCED_FACE('',(#16578),#16571,.T.);
#16580=CARTESIAN_POINT('',(5.610225E0,2.421106385797E0,-5.8928E0));
#16581=DIRECTION('',(0.E0,1.E0,0.E0));
#16582=DIRECTION('',(-1.E0,0.E0,0.E0));
#16583=AXIS2_PLACEMENT_3D('',#16580,#16581,#16582);
#16584=PLANE('',#16583);
#16585=ORIENTED_EDGE('',*,*,#8673,.F.);
#16587=ORIENTED_EDGE('',*,*,#16586,.T.);
#16588=ORIENTED_EDGE('',*,*,#15278,.T.);
#16589=ORIENTED_EDGE('',*,*,#16573,.F.);
#16590=EDGE_LOOP('',(#16585,#16587,#16588,#16589));
#16591=FACE_OUTER_BOUND('',#16590,.F.);
#16592=ADVANCED_FACE('',(#16591),#16584,.T.);
#16593=CARTESIAN_POINT('',(5.716058308101E0,2.448127659172E0,-5.8928E0));
#16594=DIRECTION('',(-2.473832729514E-1,9.689177035558E-1,0.E0));
#16595=DIRECTION('',(-9.689177035558E-1,-2.473832729514E-1,0.E0));
#16596=AXIS2_PLACEMENT_3D('',#16593,#16594,#16595);
#16597=PLANE('',#16596);
#16598=ORIENTED_EDGE('',*,*,#8671,.F.);
#16600=ORIENTED_EDGE('',*,*,#16599,.T.);
#16601=ORIENTED_EDGE('',*,*,#15280,.T.);
#16602=ORIENTED_EDGE('',*,*,#16586,.F.);
#16603=EDGE_LOOP('',(#16598,#16600,#16601,#16602));
#16604=FACE_OUTER_BOUND('',#16603,.F.);
#16605=ADVANCED_FACE('',(#16604),#16597,.T.);
#16606=CARTESIAN_POINT('',(5.795433308101E0,2.502170205921E0,-5.8928E0));
#16607=DIRECTION('',(-5.627909312417E-1,8.265992787996E-1,0.E0));
#16608=DIRECTION('',(-8.265992787996E-1,-5.627909312417E-1,0.E0));
#16609=AXIS2_PLACEMENT_3D('',#16606,#16607,#16608);
#16610=PLANE('',#16609);
#16611=ORIENTED_EDGE('',*,*,#8669,.F.);
#16613=ORIENTED_EDGE('',*,*,#16612,.T.);
#16614=ORIENTED_EDGE('',*,*,#15282,.T.);
#16615=ORIENTED_EDGE('',*,*,#16599,.F.);
#16616=EDGE_LOOP('',(#16611,#16613,#16614,#16615));
#16617=FACE_OUTER_BOUND('',#16616,.F.);
#16618=ADVANCED_FACE('',(#16617),#16610,.T.);
#16619=CARTESIAN_POINT('',(5.84835E0,2.583234044969E0,-5.8928E0));
#16620=DIRECTION('',(-8.373790596451E-1,5.466226399152E-1,0.E0));
#16621=DIRECTION('',(-5.466226399152E-1,-8.373790596451E-1,0.E0));
#16622=AXIS2_PLACEMENT_3D('',#16619,#16620,#16621);
#16623=PLANE('',#16622);
#16624=ORIENTED_EDGE('',*,*,#8667,.F.);
#16626=ORIENTED_EDGE('',*,*,#16625,.T.);
#16627=ORIENTED_EDGE('',*,*,#15284,.T.);
#16628=ORIENTED_EDGE('',*,*,#16612,.F.);
#16629=EDGE_LOOP('',(#16624,#16626,#16627,#16628));
#16630=FACE_OUTER_BOUND('',#16629,.F.);
#16631=ADVANCED_FACE('',(#16630),#16623,.T.);
#16632=CARTESIAN_POINT('',(5.874808308101E0,2.664297865093E0,-5.8928E0));
#16633=DIRECTION('',(-9.506452793929E-1,3.102797975506E-1,0.E0));
#16634=DIRECTION('',(-3.102797975506E-1,-9.506452793929E-1,0.E0));
#16635=AXIS2_PLACEMENT_3D('',#16632,#16633,#16634);
#16636=PLANE('',#16635);
#16637=ORIENTED_EDGE('',*,*,#8665,.F.);
#16639=ORIENTED_EDGE('',*,*,#16638,.T.);
#16640=ORIENTED_EDGE('',*,*,#15286,.T.);
#16641=ORIENTED_EDGE('',*,*,#16625,.F.);
#16642=EDGE_LOOP('',(#16637,#16639,#16640,#16641));
#16643=FACE_OUTER_BOUND('',#16642,.F.);
#16644=ADVANCED_FACE('',(#16643),#16636,.T.);
#16645=CARTESIAN_POINT('',(5.874808308101E0,2.718340411842E0,-5.8928E0));
#16646=DIRECTION('',(-1.E0,0.E0,0.E0));
#16647=DIRECTION('',(0.E0,-1.E0,0.E0));
#16648=AXIS2_PLACEMENT_3D('',#16645,#16646,#16647);
#16649=PLANE('',#16648);
#16650=ORIENTED_EDGE('',*,*,#8663,.F.);
#16652=ORIENTED_EDGE('',*,*,#16651,.T.);
#16653=ORIENTED_EDGE('',*,*,#15288,.T.);
#16654=ORIENTED_EDGE('',*,*,#16638,.F.);
#16655=EDGE_LOOP('',(#16650,#16652,#16653,#16654));
#16656=FACE_OUTER_BOUND('',#16655,.F.);
#16657=ADVANCED_FACE('',(#16656),#16649,.T.);
#16658=CARTESIAN_POINT('',(5.84835E0,2.799404269814E0,-5.8928E0));
#16659=DIRECTION('',(-9.506453221247E-1,-3.102796666273E-1,0.E0));
#16660=DIRECTION('',(3.102796666273E-1,-9.506453221247E-1,0.E0));
#16661=AXIS2_PLACEMENT_3D('',#16658,#16659,#16660);
#16662=PLANE('',#16661);
#16663=ORIENTED_EDGE('',*,*,#8661,.F.);
#16665=ORIENTED_EDGE('',*,*,#16664,.T.);
#16666=ORIENTED_EDGE('',*,*,#15290,.T.);
#16667=ORIENTED_EDGE('',*,*,#16651,.F.);
#16668=EDGE_LOOP('',(#16663,#16665,#16666,#16667));
#16669=FACE_OUTER_BOUND('',#16668,.F.);
#16670=ADVANCED_FACE('',(#16669),#16662,.T.);
#16671=CARTESIAN_POINT('',(5.795433308101E0,2.880468089938E0,-5.8928E0));
#16672=DIRECTION('',(-8.373790012342E-1,-5.466227293958E-1,0.E0));
#16673=DIRECTION('',(5.466227293958E-1,-8.373790012342E-1,0.E0));
#16674=AXIS2_PLACEMENT_3D('',#16671,#16672,#16673);
#16675=PLANE('',#16674);
#16676=ORIENTED_EDGE('',*,*,#8659,.F.);
#16678=ORIENTED_EDGE('',*,*,#16677,.T.);
#16679=ORIENTED_EDGE('',*,*,#15292,.T.);
#16680=ORIENTED_EDGE('',*,*,#16664,.F.);
#16681=EDGE_LOOP('',(#16676,#16678,#16679,#16680));
#16682=FACE_OUTER_BOUND('',#16681,.F.);
#16683=ADVANCED_FACE('',(#16682),#16675,.T.);
#16684=CARTESIAN_POINT('',(5.716058308101E0,2.934510636687E0,-5.8928E0));
#16685=DIRECTION('',(-5.627909312417E-1,-8.265992787996E-1,0.E0));
#16686=DIRECTION('',(8.265992787996E-1,-5.627909312417E-1,0.E0));
#16687=AXIS2_PLACEMENT_3D('',#16684,#16685,#16686);
#16688=PLANE('',#16687);
#16689=ORIENTED_EDGE('',*,*,#8657,.F.);
#16691=ORIENTED_EDGE('',*,*,#16690,.T.);
#16692=ORIENTED_EDGE('',*,*,#15294,.T.);
#16693=ORIENTED_EDGE('',*,*,#16677,.F.);
#16694=EDGE_LOOP('',(#16689,#16691,#16692,#16693));
#16695=FACE_OUTER_BOUND('',#16694,.F.);
#16696=ADVANCED_FACE('',(#16695),#16688,.T.);
#16697=CARTESIAN_POINT('',(5.610225E0,2.961531910062E0,-5.8928E0));
#16698=DIRECTION('',(-2.473832729514E-1,-9.689177035558E-1,0.E0));
#16699=DIRECTION('',(9.689177035558E-1,-2.473832729514E-1,0.E0));
#16700=AXIS2_PLACEMENT_3D('',#16697,#16698,#16699);
#16701=PLANE('',#16700);
#16702=ORIENTED_EDGE('',*,*,#8655,.F.);
#16704=ORIENTED_EDGE('',*,*,#16703,.T.);
#16705=ORIENTED_EDGE('',*,*,#15296,.T.);
#16706=ORIENTED_EDGE('',*,*,#16690,.F.);
#16707=EDGE_LOOP('',(#16702,#16704,#16705,#16706));
#16708=FACE_OUTER_BOUND('',#16707,.F.);
#16709=ADVANCED_FACE('',(#16708),#16701,.T.);
#16710=CARTESIAN_POINT('',(5.451475E0,2.961531910062E0,-5.8928E0));
#16711=DIRECTION('',(0.E0,-1.E0,0.E0));
#16712=DIRECTION('',(1.E0,0.E0,0.E0));
#16713=AXIS2_PLACEMENT_3D('',#16710,#16711,#16712);
#16714=PLANE('',#16713);
#16715=ORIENTED_EDGE('',*,*,#8653,.F.);
#16717=ORIENTED_EDGE('',*,*,#16716,.T.);
#16718=ORIENTED_EDGE('',*,*,#15298,.T.);
#16719=ORIENTED_EDGE('',*,*,#16703,.F.);
#16720=EDGE_LOOP('',(#16715,#16717,#16718,#16719));
#16721=FACE_OUTER_BOUND('',#16720,.F.);
#16722=ADVANCED_FACE('',(#16721),#16714,.T.);
#16723=CARTESIAN_POINT('',(5.345641672975E0,2.934510636687E0,-5.8928E0));
#16724=DIRECTION('',(2.473832314230E-1,-9.689177141588E-1,0.E0));
#16725=DIRECTION('',(9.689177141588E-1,2.473832314230E-1,0.E0));
#16726=AXIS2_PLACEMENT_3D('',#16723,#16724,#16725);
#16727=PLANE('',#16726);
#16728=ORIENTED_EDGE('',*,*,#8651,.F.);
#16729=ORIENTED_EDGE('',*,*,#16224,.T.);
#16730=ORIENTED_EDGE('',*,*,#15300,.T.);
#16731=ORIENTED_EDGE('',*,*,#16716,.F.);
#16732=EDGE_LOOP('',(#16728,#16729,#16730,#16731));
#16733=FACE_OUTER_BOUND('',#16732,.F.);
#16734=ADVANCED_FACE('',(#16733),#16727,.T.);
#16735=CARTESIAN_POINT('',(3.837516668244E0,-3.131765955031E0,-5.8928E0));
#16736=DIRECTION('',(-9.506452189317E-1,-3.102799827934E-1,0.E0));
#16737=DIRECTION('',(3.102799827934E-1,-9.506452189317E-1,0.E0));
#16738=AXIS2_PLACEMENT_3D('',#16735,#16736,#16737);
#16739=PLANE('',#16738);
#16740=ORIENTED_EDGE('',*,*,#8731,.F.);
#16742=ORIENTED_EDGE('',*,*,#16741,.T.);
#16743=ORIENTED_EDGE('',*,*,#15310,.T.);
#16745=ORIENTED_EDGE('',*,*,#16744,.F.);
#16746=EDGE_LOOP('',(#16740,#16742,#16743,#16745));
#16747=FACE_OUTER_BOUND('',#16746,.F.);
#16748=ADVANCED_FACE('',(#16747),#16739,.T.);
#16749=CARTESIAN_POINT('',(3.969808327025E0,-3.131765955031E0,-5.8928E0));
#16750=DIRECTION('',(0.E0,1.E0,0.E0));
#16751=DIRECTION('',(-1.E0,0.E0,0.E0));
#16752=AXIS2_PLACEMENT_3D('',#16749,#16750,#16751);
#16753=PLANE('',#16752);
#16754=ORIENTED_EDGE('',*,*,#8809,.F.);
#16756=ORIENTED_EDGE('',*,*,#16755,.T.);
#16757=ORIENTED_EDGE('',*,*,#15312,.T.);
#16758=ORIENTED_EDGE('',*,*,#16741,.F.);
#16759=EDGE_LOOP('',(#16754,#16756,#16757,#16758));
#16760=FACE_OUTER_BOUND('',#16759,.F.);
#16761=ADVANCED_FACE('',(#16760),#16753,.T.);
#16762=CARTESIAN_POINT('',(4.022725E0,-3.212829794079E0,-5.8928E0));
#16763=DIRECTION('',(8.373791491256E-1,5.466225028387E-1,0.E0));
#16764=DIRECTION('',(-5.466225028387E-1,8.373791491256E-1,0.E0));
#16765=AXIS2_PLACEMENT_3D('',#16762,#16763,#16764);
#16766=PLANE('',#16765);
#16767=ORIENTED_EDGE('',*,*,#8807,.F.);
#16769=ORIENTED_EDGE('',*,*,#16768,.T.);
#16770=ORIENTED_EDGE('',*,*,#15314,.T.);
#16771=ORIENTED_EDGE('',*,*,#16755,.F.);
#16772=EDGE_LOOP('',(#16767,#16769,#16770,#16771));
#16773=FACE_OUTER_BOUND('',#16772,.F.);
#16774=ADVANCED_FACE('',(#16773),#16766,.T.);
#16775=CARTESIAN_POINT('',(4.1021E0,-3.266872340828E0,-5.8928E0));
#16776=DIRECTION('',(5.627909312417E-1,8.265992787996E-1,0.E0));
#16777=DIRECTION('',(-8.265992787996E-1,5.627909312417E-1,0.E0));
#16778=AXIS2_PLACEMENT_3D('',#16775,#16776,#16777);
#16779=PLANE('',#16778);
#16780=ORIENTED_EDGE('',*,*,#8805,.F.);
#16782=ORIENTED_EDGE('',*,*,#16781,.T.);
#16783=ORIENTED_EDGE('',*,*,#15316,.T.);
#16784=ORIENTED_EDGE('',*,*,#16768,.F.);
#16785=EDGE_LOOP('',(#16780,#16782,#16783,#16784));
#16786=FACE_OUTER_BOUND('',#16785,.F.);
#16787=ADVANCED_FACE('',(#16786),#16779,.T.);
#16788=CARTESIAN_POINT('',(4.181475E0,-3.293893614203E0,-5.8928E0));
#16789=DIRECTION('',(3.222637633772E-1,9.466499177700E-1,0.E0));
#16790=DIRECTION('',(-9.466499177700E-1,3.222637633772E-1,0.E0));
#16791=AXIS2_PLACEMENT_3D('',#16788,#16789,#16790);
#16792=PLANE('',#16791);
#16793=ORIENTED_EDGE('',*,*,#8803,.F.);
#16795=ORIENTED_EDGE('',*,*,#16794,.T.);
#16796=ORIENTED_EDGE('',*,*,#15318,.T.);
#16797=ORIENTED_EDGE('',*,*,#16781,.F.);
#16798=EDGE_LOOP('',(#16793,#16795,#16796,#16797));
#16799=FACE_OUTER_BOUND('',#16798,.F.);
#16800=ADVANCED_FACE('',(#16799),#16792,.T.);
#16801=CARTESIAN_POINT('',(4.340225E0,-3.293893614203E0,-5.8928E0));
#16802=DIRECTION('',(0.E0,1.E0,0.E0));
#16803=DIRECTION('',(-1.E0,0.E0,0.E0));
#16804=AXIS2_PLACEMENT_3D('',#16801,#16802,#16803);
#16805=PLANE('',#16804);
#16806=ORIENTED_EDGE('',*,*,#8801,.F.);
#16808=ORIENTED_EDGE('',*,*,#16807,.T.);
#16809=ORIENTED_EDGE('',*,*,#15320,.T.);
#16810=ORIENTED_EDGE('',*,*,#16794,.F.);
#16811=EDGE_LOOP('',(#16806,#16808,#16809,#16810));
#16812=FACE_OUTER_BOUND('',#16811,.F.);
#16813=ADVANCED_FACE('',(#16812),#16805,.T.);
#16814=CARTESIAN_POINT('',(4.4196E0,-3.266872340828E0,-5.8928E0));
#16815=DIRECTION('',(-3.222637633772E-1,9.466499177700E-1,0.E0));
#16816=DIRECTION('',(-9.466499177700E-1,-3.222637633772E-1,0.E0));
#16817=AXIS2_PLACEMENT_3D('',#16814,#16815,#16816);
#16818=PLANE('',#16817);
#16819=ORIENTED_EDGE('',*,*,#8799,.F.);
#16821=ORIENTED_EDGE('',*,*,#16820,.T.);
#16822=ORIENTED_EDGE('',*,*,#15322,.T.);
#16823=ORIENTED_EDGE('',*,*,#16807,.F.);
#16824=EDGE_LOOP('',(#16819,#16821,#16822,#16823));
#16825=FACE_OUTER_BOUND('',#16824,.F.);
#16826=ADVANCED_FACE('',(#16825),#16818,.T.);
#16827=CARTESIAN_POINT('',(4.498975E0,-3.212829794079E0,-5.8928E0));
#16828=DIRECTION('',(-5.627909312417E-1,8.265992787996E-1,0.E0));
#16829=DIRECTION('',(-8.265992787996E-1,-5.627909312417E-1,0.E0));
#16830=AXIS2_PLACEMENT_3D('',#16827,#16828,#16829);
#16831=PLANE('',#16830);
#16832=ORIENTED_EDGE('',*,*,#8797,.F.);
#16834=ORIENTED_EDGE('',*,*,#16833,.T.);
#16835=ORIENTED_EDGE('',*,*,#15324,.T.);
#16836=ORIENTED_EDGE('',*,*,#16820,.F.);
#16837=EDGE_LOOP('',(#16832,#16834,#16835,#16836));
#16838=FACE_OUTER_BOUND('',#16837,.F.);
#16839=ADVANCED_FACE('',(#16838),#16831,.T.);
#16840=CARTESIAN_POINT('',(4.551891691899E0,-3.131765955031E0,-5.8928E0));
#16841=DIRECTION('',(-8.373790596451E-1,5.466226399152E-1,0.E0));
#16842=DIRECTION('',(-5.466226399152E-1,-8.373790596451E-1,0.E0));
#16843=AXIS2_PLACEMENT_3D('',#16840,#16841,#16842);
#16844=PLANE('',#16843);
#16845=ORIENTED_EDGE('',*,*,#8795,.F.);
#16847=ORIENTED_EDGE('',*,*,#16846,.T.);
#16848=ORIENTED_EDGE('',*,*,#15326,.T.);
#16849=ORIENTED_EDGE('',*,*,#16833,.F.);
#16850=EDGE_LOOP('',(#16845,#16847,#16848,#16849));
#16851=FACE_OUTER_BOUND('',#16850,.F.);
#16852=ADVANCED_FACE('',(#16851),#16844,.T.);
#16853=CARTESIAN_POINT('',(4.57835E0,-3.050702134907E0,-5.8928E0));
#16854=DIRECTION('',(-9.506452793929E-1,3.102797975506E-1,0.E0));
#16855=DIRECTION('',(-3.102797975506E-1,-9.506452793929E-1,0.E0));
#16856=AXIS2_PLACEMENT_3D('',#16853,#16854,#16855);
#16857=PLANE('',#16856);
#16858=ORIENTED_EDGE('',*,*,#8793,.F.);
#16860=ORIENTED_EDGE('',*,*,#16859,.T.);
#16861=ORIENTED_EDGE('',*,*,#15328,.T.);
#16862=ORIENTED_EDGE('',*,*,#16846,.F.);
#16863=EDGE_LOOP('',(#16858,#16860,#16861,#16862));
#16864=FACE_OUTER_BOUND('',#16863,.F.);
#16865=ADVANCED_FACE('',(#16864),#16857,.T.);
#16866=CARTESIAN_POINT('',(4.604808308101E0,-2.888574456811E0,-5.8928E0));
#16867=DIRECTION('',(-9.869440275154E-1,1.610636102655E-1,0.E0));
#16868=DIRECTION('',(-1.610636102655E-1,-9.869440275154E-1,0.E0));
#16869=AXIS2_PLACEMENT_3D('',#16866,#16867,#16868);
#16870=PLANE('',#16869);
#16871=ORIENTED_EDGE('',*,*,#8791,.F.);
#16873=ORIENTED_EDGE('',*,*,#16872,.T.);
#16874=ORIENTED_EDGE('',*,*,#15330,.T.);
#16875=ORIENTED_EDGE('',*,*,#16859,.F.);
#16876=EDGE_LOOP('',(#16871,#16873,#16874,#16875));
#16877=FACE_OUTER_BOUND('',#16876,.F.);
#16878=ADVANCED_FACE('',(#16877),#16870,.T.);
#16879=CARTESIAN_POINT('',(4.604808308101E0,-2.834531910062E0,-5.8928E0));
#16880=DIRECTION('',(-1.E0,0.E0,0.E0));
#16881=DIRECTION('',(0.E0,-1.E0,0.E0));
#16882=AXIS2_PLACEMENT_3D('',#16879,#16880,#16881);
#16883=PLANE('',#16882);
#16884=ORIENTED_EDGE('',*,*,#8789,.F.);
#16886=ORIENTED_EDGE('',*,*,#16885,.T.);
#16887=ORIENTED_EDGE('',*,*,#15332,.T.);
#16888=ORIENTED_EDGE('',*,*,#16872,.F.);
#16889=EDGE_LOOP('',(#16884,#16886,#16887,#16888));
#16890=FACE_OUTER_BOUND('',#16889,.F.);
#16891=ADVANCED_FACE('',(#16890),#16883,.T.);
#16892=CARTESIAN_POINT('',(4.446058308101E0,-2.942617003560E0,-5.8928E0));
#16893=DIRECTION('',(5.627909312417E-1,-8.265992787996E-1,0.E0));
#16894=DIRECTION('',(8.265992787996E-1,5.627909312417E-1,0.E0));
#16895=AXIS2_PLACEMENT_3D('',#16892,#16893,#16894);
#16896=PLANE('',#16895);
#16897=ORIENTED_EDGE('',*,*,#8787,.F.);
#16899=ORIENTED_EDGE('',*,*,#16898,.T.);
#16900=ORIENTED_EDGE('',*,*,#15334,.T.);
#16901=ORIENTED_EDGE('',*,*,#16885,.F.);
#16902=EDGE_LOOP('',(#16897,#16899,#16900,#16901));
#16903=FACE_OUTER_BOUND('',#16902,.F.);
#16904=ADVANCED_FACE('',(#16903),#16896,.T.);
#16905=CARTESIAN_POINT('',(4.313766654050E0,-2.969638314784E0,-5.8928E0));
#16906=DIRECTION('',(2.001236424690E-1,-9.797706505734E-1,0.E0));
#16907=DIRECTION('',(9.797706505734E-1,2.001236424690E-1,0.E0));
#16908=AXIS2_PLACEMENT_3D('',#16905,#16906,#16907);
#16909=PLANE('',#16908);
#16910=ORIENTED_EDGE('',*,*,#8785,.F.);
#16912=ORIENTED_EDGE('',*,*,#16911,.T.);
#16913=ORIENTED_EDGE('',*,*,#15336,.T.);
#16914=ORIENTED_EDGE('',*,*,#16898,.F.);
#16915=EDGE_LOOP('',(#16910,#16912,#16913,#16914));
#16916=FACE_OUTER_BOUND('',#16915,.F.);
#16917=ADVANCED_FACE('',(#16916),#16909,.T.);
#16918=CARTESIAN_POINT('',(4.181475E0,-2.969638314784E0,-5.8928E0));
#16919=DIRECTION('',(0.E0,-1.E0,0.E0));
#16920=DIRECTION('',(1.E0,0.E0,0.E0));
#16921=AXIS2_PLACEMENT_3D('',#16918,#16919,#16920);
#16922=PLANE('',#16921);
#16923=ORIENTED_EDGE('',*,*,#8783,.F.);
#16925=ORIENTED_EDGE('',*,*,#16924,.T.);
#16926=ORIENTED_EDGE('',*,*,#15338,.T.);
#16927=ORIENTED_EDGE('',*,*,#16911,.F.);
#16928=EDGE_LOOP('',(#16923,#16925,#16926,#16927));
#16929=FACE_OUTER_BOUND('',#16928,.F.);
#16930=ADVANCED_FACE('',(#16929),#16922,.T.);
#16931=CARTESIAN_POINT('',(4.049183327025E0,-2.942617003560E0,-5.8928E0));
#16932=DIRECTION('',(-2.001236149876E-1,-9.797706561866E-1,0.E0));
#16933=DIRECTION('',(9.797706561866E-1,-2.001236149876E-1,0.E0));
#16934=AXIS2_PLACEMENT_3D('',#16931,#16932,#16933);
#16935=PLANE('',#16934);
#16936=ORIENTED_EDGE('',*,*,#8781,.F.);
#16938=ORIENTED_EDGE('',*,*,#16937,.T.);
#16939=ORIENTED_EDGE('',*,*,#15340,.T.);
#16940=ORIENTED_EDGE('',*,*,#16924,.F.);
#16941=EDGE_LOOP('',(#16936,#16938,#16939,#16940));
#16942=FACE_OUTER_BOUND('',#16941,.F.);
#16943=ADVANCED_FACE('',(#16942),#16935,.T.);
#16944=CARTESIAN_POINT('',(3.916891663513E0,-2.861553183436E0,-5.8928E0));
#16945=DIRECTION('',(-5.224769376483E-1,-8.526534170609E-1,0.E0));
#16946=DIRECTION('',(8.526534170609E-1,-5.224769376483E-1,0.E0));
#16947=AXIS2_PLACEMENT_3D('',#16944,#16945,#16946);
#16948=PLANE('',#16947);
#16949=ORIENTED_EDGE('',*,*,#8779,.F.);
#16951=ORIENTED_EDGE('',*,*,#16950,.T.);
#16952=ORIENTED_EDGE('',*,*,#15342,.T.);
#16953=ORIENTED_EDGE('',*,*,#16937,.F.);
#16954=EDGE_LOOP('',(#16949,#16951,#16952,#16953));
#16955=FACE_OUTER_BOUND('',#16954,.F.);
#16956=ADVANCED_FACE('',(#16955),#16948,.T.);
#16957=CARTESIAN_POINT('',(3.837516668244E0,-2.753468089938E0,-5.8928E0));
#16958=DIRECTION('',(-8.060044126628E-1,-5.919095258298E-1,0.E0));
#16959=DIRECTION('',(5.919095258298E-1,-8.060044126628E-1,0.E0));
#16960=AXIS2_PLACEMENT_3D('',#16957,#16958,#16959);
#16961=PLANE('',#16960);
#16962=ORIENTED_EDGE('',*,*,#8777,.F.);
#16964=ORIENTED_EDGE('',*,*,#16963,.T.);
#16965=ORIENTED_EDGE('',*,*,#15344,.T.);
#16966=ORIENTED_EDGE('',*,*,#16950,.F.);
#16967=EDGE_LOOP('',(#16962,#16964,#16965,#16966));
#16968=FACE_OUTER_BOUND('',#16967,.F.);
#16969=ADVANCED_FACE('',(#16968),#16961,.T.);
#16970=CARTESIAN_POINT('',(3.7846E0,-2.618361723065E0,-5.8928E0));
#16971=DIRECTION('',(-9.311282323126E-1,-3.646919453325E-1,0.E0));
#16972=DIRECTION('',(3.646919453325E-1,-9.311282323126E-1,0.E0));
#16973=AXIS2_PLACEMENT_3D('',#16970,#16971,#16972);
#16974=PLANE('',#16973);
#16975=ORIENTED_EDGE('',*,*,#8775,.F.);
#16977=ORIENTED_EDGE('',*,*,#16976,.T.);
#16978=ORIENTED_EDGE('',*,*,#15346,.T.);
#16979=ORIENTED_EDGE('',*,*,#16963,.F.);
#16980=EDGE_LOOP('',(#16975,#16977,#16978,#16979));
#16981=FACE_OUTER_BOUND('',#16980,.F.);
#16982=ADVANCED_FACE('',(#16981),#16974,.T.);
#16983=CARTESIAN_POINT('',(3.7846E0,-2.510276629567E0,-5.8928E0));
#16984=DIRECTION('',(-1.E0,0.E0,0.E0));
#16985=DIRECTION('',(0.E0,-1.E0,0.E0));
#16986=AXIS2_PLACEMENT_3D('',#16983,#16984,#16985);
#16987=PLANE('',#16986);
#16988=ORIENTED_EDGE('',*,*,#8773,.F.);
#16990=ORIENTED_EDGE('',*,*,#16989,.T.);
#16991=ORIENTED_EDGE('',*,*,#15348,.T.);
#16992=ORIENTED_EDGE('',*,*,#16976,.F.);
#16993=EDGE_LOOP('',(#16988,#16990,#16991,#16992));
#16994=FACE_OUTER_BOUND('',#16993,.F.);
#16995=ADVANCED_FACE('',(#16994),#16987,.T.);
#16996=CARTESIAN_POINT('',(3.837516668244E0,-2.375170186996E0,-5.8928E0));
#16997=DIRECTION('',(-9.311283016983E-1,3.646917681776E-1,0.E0));
#16998=DIRECTION('',(-3.646917681776E-1,-9.311283016983E-1,0.E0));
#16999=AXIS2_PLACEMENT_3D('',#16996,#16997,#16998);
#17000=PLANE('',#16999);
#17001=ORIENTED_EDGE('',*,*,#8771,.F.);
#17003=ORIENTED_EDGE('',*,*,#17002,.T.);
#17004=ORIENTED_EDGE('',*,*,#15350,.T.);
#17005=ORIENTED_EDGE('',*,*,#16989,.F.);
#17006=EDGE_LOOP('',(#17001,#17003,#17004,#17005));
#17007=FACE_OUTER_BOUND('',#17006,.F.);
#17008=ADVANCED_FACE('',(#17007),#17000,.T.);
#17009=CARTESIAN_POINT('',(3.916891663513E0,-2.267085093498E0,-5.8928E0));
#17010=DIRECTION('',(-8.060044126628E-1,5.919095258298E-1,0.E0));
#17011=DIRECTION('',(-5.919095258298E-1,-8.060044126628E-1,0.E0));
#17012=AXIS2_PLACEMENT_3D('',#17009,#17010,#17011);
#17013=PLANE('',#17012);
#17014=ORIENTED_EDGE('',*,*,#8769,.F.);
#17016=ORIENTED_EDGE('',*,*,#17015,.T.);
#17017=ORIENTED_EDGE('',*,*,#15352,.T.);
#17018=ORIENTED_EDGE('',*,*,#17002,.F.);
#17019=EDGE_LOOP('',(#17014,#17016,#17017,#17018));
#17020=FACE_OUTER_BOUND('',#17019,.F.);
#17021=ADVANCED_FACE('',(#17020),#17013,.T.);
#17022=CARTESIAN_POINT('',(4.049183327025E0,-2.186021273375E0,-5.8928E0));
#17023=DIRECTION('',(-5.224769376483E-1,8.526534170609E-1,0.E0));
#17024=DIRECTION('',(-8.526534170609E-1,-5.224769376483E-1,0.E0));
#17025=AXIS2_PLACEMENT_3D('',#17022,#17023,#17024);
#17026=PLANE('',#17025);
#17027=ORIENTED_EDGE('',*,*,#8767,.F.);
#17029=ORIENTED_EDGE('',*,*,#17028,.T.);
#17030=ORIENTED_EDGE('',*,*,#15354,.T.);
#17031=ORIENTED_EDGE('',*,*,#17015,.F.);
#17032=EDGE_LOOP('',(#17027,#17029,#17030,#17031));
#17033=FACE_OUTER_BOUND('',#17032,.F.);
#17034=ADVANCED_FACE('',(#17033),#17026,.T.);
#17035=CARTESIAN_POINT('',(4.181475E0,-2.159E0,-5.8928E0));
#17036=DIRECTION('',(-2.001233458994E-1,9.797707111493E-1,0.E0));
#17037=DIRECTION('',(-9.797707111493E-1,-2.001233458994E-1,0.E0));
#17038=AXIS2_PLACEMENT_3D('',#17035,#17036,#17037);
#17039=PLANE('',#17038);
#17040=ORIENTED_EDGE('',*,*,#8765,.F.);
#17042=ORIENTED_EDGE('',*,*,#17041,.T.);
#17043=ORIENTED_EDGE('',*,*,#15356,.T.);
#17044=ORIENTED_EDGE('',*,*,#17028,.F.);
#17045=EDGE_LOOP('',(#17040,#17042,#17043,#17044));
#17046=FACE_OUTER_BOUND('',#17045,.F.);
#17047=ADVANCED_FACE('',(#17046),#17039,.T.);
#17048=CARTESIAN_POINT('',(4.313766654050E0,-2.159E0,-5.8928E0));
#17049=DIRECTION('',(0.E0,1.E0,0.E0));
#17050=DIRECTION('',(-1.E0,0.E0,0.E0));
#17051=AXIS2_PLACEMENT_3D('',#17048,#17049,#17050);
#17052=PLANE('',#17051);
#17053=ORIENTED_EDGE('',*,*,#8763,.F.);
#17055=ORIENTED_EDGE('',*,*,#17054,.T.);
#17056=ORIENTED_EDGE('',*,*,#15358,.T.);
#17057=ORIENTED_EDGE('',*,*,#17041,.F.);
#17058=EDGE_LOOP('',(#17053,#17055,#17056,#17057));
#17059=FACE_OUTER_BOUND('',#17058,.F.);
#17060=ADVANCED_FACE('',(#17059),#17052,.T.);
#17061=CARTESIAN_POINT('',(4.446058308101E0,-2.186021273375E0,-5.8928E0));
#17062=DIRECTION('',(2.001233733807E-1,9.797707055361E-1,0.E0));
#17063=DIRECTION('',(-9.797707055361E-1,2.001233733807E-1,0.E0));
#17064=AXIS2_PLACEMENT_3D('',#17061,#17062,#17063);
#17065=PLANE('',#17064);
#17066=ORIENTED_EDGE('',*,*,#8761,.F.);
#17068=ORIENTED_EDGE('',*,*,#17067,.T.);
#17069=ORIENTED_EDGE('',*,*,#15360,.T.);
#17070=ORIENTED_EDGE('',*,*,#17054,.F.);
#17071=EDGE_LOOP('',(#17066,#17068,#17069,#17070));
#17072=FACE_OUTER_BOUND('',#17071,.F.);
#17073=ADVANCED_FACE('',(#17072),#17065,.T.);
#17074=CARTESIAN_POINT('',(4.57835E0,-2.267085093498E0,-5.8928E0));
#17075=DIRECTION('',(5.224768561414E-1,8.526534670056E-1,0.E0));
#17076=DIRECTION('',(-8.526534670056E-1,5.224768561414E-1,0.E0));
#17077=AXIS2_PLACEMENT_3D('',#17074,#17075,#17076);
#17078=PLANE('',#17077);
#17079=ORIENTED_EDGE('',*,*,#8759,.F.);
#17081=ORIENTED_EDGE('',*,*,#17080,.T.);
#17082=ORIENTED_EDGE('',*,*,#15362,.T.);
#17083=ORIENTED_EDGE('',*,*,#17067,.F.);
#17084=EDGE_LOOP('',(#17079,#17081,#17082,#17083));
#17085=FACE_OUTER_BOUND('',#17084,.F.);
#17086=ADVANCED_FACE('',(#17085),#17078,.T.);
#17087=CARTESIAN_POINT('',(4.657725E0,-2.375170186996E0,-5.8928E0));
#17088=DIRECTION('',(8.060043958311E-1,5.919095487496E-1,0.E0));
#17089=DIRECTION('',(-5.919095487496E-1,8.060043958311E-1,0.E0));
#17090=AXIS2_PLACEMENT_3D('',#17087,#17088,#17089);
#17091=PLANE('',#17090);
#17092=ORIENTED_EDGE('',*,*,#8757,.F.);
#17094=ORIENTED_EDGE('',*,*,#17093,.T.);
#17095=ORIENTED_EDGE('',*,*,#15364,.T.);
#17096=ORIENTED_EDGE('',*,*,#17080,.F.);
#17097=EDGE_LOOP('',(#17092,#17094,#17095,#17096));
#17098=FACE_OUTER_BOUND('',#17097,.F.);
#17099=ADVANCED_FACE('',(#17098),#17091,.T.);
#17100=CARTESIAN_POINT('',(4.710641691899E0,-2.510276629567E0,-5.8928E0));
#17101=DIRECTION('',(9.311282463374E-1,3.646919095246E-1,0.E0));
#17102=DIRECTION('',(-3.646919095246E-1,9.311282463374E-1,0.E0));
#17103=AXIS2_PLACEMENT_3D('',#17100,#17101,#17102);
#17104=PLANE('',#17103);
#17105=ORIENTED_EDGE('',*,*,#8755,.F.);
#17107=ORIENTED_EDGE('',*,*,#17106,.T.);
#17108=ORIENTED_EDGE('',*,*,#15366,.T.);
#17109=ORIENTED_EDGE('',*,*,#17093,.F.);
#17110=EDGE_LOOP('',(#17105,#17107,#17108,#17109));
#17111=FACE_OUTER_BOUND('',#17110,.F.);
#17112=ADVANCED_FACE('',(#17111),#17104,.T.);
#17113=CARTESIAN_POINT('',(4.7371E0,-2.699425543189E0,-5.8928E0));
#17114=DIRECTION('',(9.903579444511E-1,1.385320968676E-1,0.E0));
#17115=DIRECTION('',(-1.385320968676E-1,9.903579444511E-1,0.E0));
#17116=AXIS2_PLACEMENT_3D('',#17113,#17114,#17115);
#17117=PLANE('',#17116);
#17118=ORIENTED_EDGE('',*,*,#8753,.F.);
#17120=ORIENTED_EDGE('',*,*,#17119,.T.);
#17121=ORIENTED_EDGE('',*,*,#15368,.T.);
#17122=ORIENTED_EDGE('',*,*,#17106,.F.);
#17123=EDGE_LOOP('',(#17118,#17120,#17121,#17122));
#17124=FACE_OUTER_BOUND('',#17123,.F.);
#17125=ADVANCED_FACE('',(#17124),#17117,.T.);
#17126=CARTESIAN_POINT('',(4.7371E0,-2.888574456811E0,-5.8928E0));
#17127=DIRECTION('',(1.E0,0.E0,0.E0));
#17128=DIRECTION('',(0.E0,1.E0,0.E0));
#17129=AXIS2_PLACEMENT_3D('',#17126,#17127,#17128);
#17130=PLANE('',#17129);
#17131=ORIENTED_EDGE('',*,*,#8751,.F.);
#17133=ORIENTED_EDGE('',*,*,#17132,.T.);
#17134=ORIENTED_EDGE('',*,*,#15370,.T.);
#17135=ORIENTED_EDGE('',*,*,#17119,.F.);
#17136=EDGE_LOOP('',(#17131,#17133,#17134,#17135));
#17137=FACE_OUTER_BOUND('',#17136,.F.);
#17138=ADVANCED_FACE('',(#17137),#17130,.T.);
#17139=CARTESIAN_POINT('',(4.710641691899E0,-3.077723408282E0,-5.8928E0));
#17140=DIRECTION('',(9.903579482543E-1,-1.385320696791E-1,0.E0));
#17141=DIRECTION('',(1.385320696791E-1,9.903579482543E-1,0.E0));
#17142=AXIS2_PLACEMENT_3D('',#17139,#17140,#17141);
#17143=PLANE('',#17142);
#17144=ORIENTED_EDGE('',*,*,#8749,.F.);
#17146=ORIENTED_EDGE('',*,*,#17145,.T.);
#17147=ORIENTED_EDGE('',*,*,#15372,.T.);
#17148=ORIENTED_EDGE('',*,*,#17132,.F.);
#17149=EDGE_LOOP('',(#17144,#17146,#17147,#17148));
#17150=FACE_OUTER_BOUND('',#17149,.F.);
#17151=ADVANCED_FACE('',(#17150),#17143,.T.);
#17152=CARTESIAN_POINT('',(4.657725E0,-3.212829794079E0,-5.8928E0));
#17153=DIRECTION('',(9.311281942981E-1,-3.646920423907E-1,0.E0));
#17154=DIRECTION('',(3.646920423907E-1,9.311281942981E-1,0.E0));
#17155=AXIS2_PLACEMENT_3D('',#17152,#17153,#17154);
#17156=PLANE('',#17155);
#17157=ORIENTED_EDGE('',*,*,#8747,.F.);
#17159=ORIENTED_EDGE('',*,*,#17158,.T.);
#17160=ORIENTED_EDGE('',*,*,#15374,.T.);
#17161=ORIENTED_EDGE('',*,*,#17145,.F.);
#17162=EDGE_LOOP('',(#17157,#17159,#17160,#17161));
#17163=FACE_OUTER_BOUND('',#17162,.F.);
#17164=ADVANCED_FACE('',(#17163),#17156,.T.);
#17165=CARTESIAN_POINT('',(4.57835E0,-3.320914897040E0,-5.8928E0));
#17166=DIRECTION('',(8.060044205527E-1,-5.919095150862E-1,0.E0));
#17167=DIRECTION('',(5.919095150862E-1,8.060044205527E-1,0.E0));
#17168=AXIS2_PLACEMENT_3D('',#17165,#17166,#17167);
#17169=PLANE('',#17168);
#17170=ORIENTED_EDGE('',*,*,#8745,.F.);
#17172=ORIENTED_EDGE('',*,*,#17171,.T.);
#17173=ORIENTED_EDGE('',*,*,#15376,.T.);
#17174=ORIENTED_EDGE('',*,*,#17158,.F.);
#17175=EDGE_LOOP('',(#17170,#17172,#17173,#17174));
#17176=FACE_OUTER_BOUND('',#17175,.F.);
#17177=ADVANCED_FACE('',(#17176),#17169,.T.);
#17178=CARTESIAN_POINT('',(4.446058308101E0,-3.401978724260E0,-5.8928E0));
#17179=DIRECTION('',(5.224768893951E-1,-8.526534466288E-1,0.E0));
#17180=DIRECTION('',(8.526534466288E-1,5.224768893951E-1,0.E0));
#17181=AXIS2_PLACEMENT_3D('',#17178,#17179,#17180);
#17182=PLANE('',#17181);
#17183=ORIENTED_EDGE('',*,*,#8743,.F.);
#17185=ORIENTED_EDGE('',*,*,#17184,.T.);
#17186=ORIENTED_EDGE('',*,*,#15378,.T.);
#17187=ORIENTED_EDGE('',*,*,#17171,.F.);
#17188=EDGE_LOOP('',(#17183,#17185,#17186,#17187));
#17189=FACE_OUTER_BOUND('',#17188,.F.);
#17190=ADVANCED_FACE('',(#17189),#17182,.T.);
#17191=CARTESIAN_POINT('',(4.313766654050E0,-3.429E0,-5.8928E0));
#17192=DIRECTION('',(2.001233901988E-1,-9.797707021009E-1,0.E0));
#17193=DIRECTION('',(9.797707021009E-1,2.001233901988E-1,0.E0));
#17194=AXIS2_PLACEMENT_3D('',#17191,#17192,#17193);
#17195=PLANE('',#17194);
#17196=ORIENTED_EDGE('',*,*,#8741,.F.);
#17198=ORIENTED_EDGE('',*,*,#17197,.T.);
#17199=ORIENTED_EDGE('',*,*,#15380,.T.);
#17200=ORIENTED_EDGE('',*,*,#17184,.F.);
#17201=EDGE_LOOP('',(#17196,#17198,#17199,#17200));
#17202=FACE_OUTER_BOUND('',#17201,.F.);
#17203=ADVANCED_FACE('',(#17202),#17195,.T.);
#17204=CARTESIAN_POINT('',(4.207933345950E0,-3.429E0,-5.8928E0));
#17205=DIRECTION('',(0.E0,-1.E0,0.E0));
#17206=DIRECTION('',(1.E0,0.E0,0.E0));
#17207=AXIS2_PLACEMENT_3D('',#17204,#17205,#17206);
#17208=PLANE('',#17207);
#17209=ORIENTED_EDGE('',*,*,#8739,.F.);
#17211=ORIENTED_EDGE('',*,*,#17210,.T.);
#17212=ORIENTED_EDGE('',*,*,#15382,.T.);
#17213=ORIENTED_EDGE('',*,*,#17197,.F.);
#17214=EDGE_LOOP('',(#17209,#17211,#17212,#17213));
#17215=FACE_OUTER_BOUND('',#17214,.F.);
#17216=ADVANCED_FACE('',(#17215),#17208,.T.);
#17217=CARTESIAN_POINT('',(4.075641672975E0,-3.401978724260E0,-5.8928E0));
#17218=DIRECTION('',(-2.001233627174E-1,-9.797707077141E-1,0.E0));
#17219=DIRECTION('',(9.797707077141E-1,-2.001233627174E-1,0.E0));
#17220=AXIS2_PLACEMENT_3D('',#17217,#17218,#17219);
#17221=PLANE('',#17220);
#17222=ORIENTED_EDGE('',*,*,#8737,.F.);
#17224=ORIENTED_EDGE('',*,*,#17223,.T.);
#17225=ORIENTED_EDGE('',*,*,#15384,.T.);
#17226=ORIENTED_EDGE('',*,*,#17210,.F.);
#17227=EDGE_LOOP('',(#17222,#17224,#17225,#17226));
#17228=FACE_OUTER_BOUND('',#17227,.F.);
#17229=ADVANCED_FACE('',(#17228),#17221,.T.);
#17230=CARTESIAN_POINT('',(3.94335E0,-3.320914897040E0,-5.8928E0));
#17231=DIRECTION('',(-5.224769437331E-1,-8.526534133324E-1,0.E0));
#17232=DIRECTION('',(8.526534133324E-1,-5.224769437331E-1,0.E0));
#17233=AXIS2_PLACEMENT_3D('',#17230,#17231,#17232);
#17234=PLANE('',#17233);
#17235=ORIENTED_EDGE('',*,*,#8735,.F.);
#17237=ORIENTED_EDGE('',*,*,#17236,.T.);
#17238=ORIENTED_EDGE('',*,*,#15386,.T.);
#17239=ORIENTED_EDGE('',*,*,#17223,.F.);
#17240=EDGE_LOOP('',(#17235,#17237,#17238,#17239));
#17241=FACE_OUTER_BOUND('',#17240,.F.);
#17242=ADVANCED_FACE('',(#17241),#17234,.T.);
#17243=CARTESIAN_POINT('',(3.863975E0,-3.212829794079E0,-5.8928E0));
#17244=DIRECTION('',(-8.060044205527E-1,-5.919095150862E-1,0.E0));
#17245=DIRECTION('',(5.919095150862E-1,-8.060044205527E-1,0.E0));
#17246=AXIS2_PLACEMENT_3D('',#17243,#17244,#17245);
#17247=PLANE('',#17246);
#17248=ORIENTED_EDGE('',*,*,#8733,.F.);
#17249=ORIENTED_EDGE('',*,*,#16744,.T.);
#17250=ORIENTED_EDGE('',*,*,#15388,.T.);
#17251=ORIENTED_EDGE('',*,*,#17236,.F.);
#17252=EDGE_LOOP('',(#17248,#17249,#17250,#17251));
#17253=FACE_OUTER_BOUND('',#17252,.F.);
#17254=ADVANCED_FACE('',(#17253),#17247,.T.);
#17255=CARTESIAN_POINT('',(4.57835E0,-2.591340449691E0,-5.8928E0));
#17256=DIRECTION('',(-9.506452793929E-1,3.102797975506E-1,0.E0));
#17257=DIRECTION('',(-3.102797975506E-1,-9.506452793929E-1,0.E0));
#17258=AXIS2_PLACEMENT_3D('',#17255,#17256,#17257);
#17259=PLANE('',#17258);
#17260=ORIENTED_EDGE('',*,*,#8937,.F.);
#17262=ORIENTED_EDGE('',*,*,#17261,.T.);
#17263=ORIENTED_EDGE('',*,*,#15392,.T.);
#17265=ORIENTED_EDGE('',*,*,#17264,.F.);
#17266=EDGE_LOOP('',(#17260,#17262,#17263,#17265));
#17267=FACE_OUTER_BOUND('',#17266,.F.);
#17268=ADVANCED_FACE('',(#17267),#17259,.T.);
#17269=CARTESIAN_POINT('',(4.57835E0,-2.537297902942E0,-5.8928E0));
#17270=DIRECTION('',(-1.E0,0.E0,0.E0));
#17271=DIRECTION('',(0.E0,-1.E0,0.E0));
#17272=AXIS2_PLACEMENT_3D('',#17269,#17270,#17271);
#17273=PLANE('',#17272);
#17274=ORIENTED_EDGE('',*,*,#8975,.F.);
#17276=ORIENTED_EDGE('',*,*,#17275,.T.);
#17277=ORIENTED_EDGE('',*,*,#15394,.T.);
#17278=ORIENTED_EDGE('',*,*,#17261,.F.);
#17279=EDGE_LOOP('',(#17274,#17276,#17277,#17278));
#17280=FACE_OUTER_BOUND('',#17279,.F.);
#17281=ADVANCED_FACE('',(#17280),#17273,.T.);
#17282=CARTESIAN_POINT('',(4.551891691899E0,-2.456234007120E0,-5.8928E0));
#17283=DIRECTION('',(-9.506453648566E-1,-3.102795357040E-1,0.E0));
#17284=DIRECTION('',(3.102795357040E-1,-9.506453648566E-1,0.E0));
#17285=AXIS2_PLACEMENT_3D('',#17282,#17283,#17284);
#17286=PLANE('',#17285);
#17287=ORIENTED_EDGE('',*,*,#8973,.F.);
#17289=ORIENTED_EDGE('',*,*,#17288,.T.);
#17290=ORIENTED_EDGE('',*,*,#15396,.T.);
#17291=ORIENTED_EDGE('',*,*,#17275,.F.);
#17292=EDGE_LOOP('',(#17287,#17289,#17290,#17291));
#17293=FACE_OUTER_BOUND('',#17292,.F.);
#17294=ADVANCED_FACE('',(#17293),#17286,.T.);
#17295=CARTESIAN_POINT('',(4.498975E0,-2.375170186996E0,-5.8928E0));
#17296=DIRECTION('',(-8.373790012342E-1,-5.466227293958E-1,0.E0));
#17297=DIRECTION('',(5.466227293958E-1,-8.373790012342E-1,0.E0));
#17298=AXIS2_PLACEMENT_3D('',#17295,#17296,#17297);
#17299=PLANE('',#17298);
#17300=ORIENTED_EDGE('',*,*,#8971,.F.);
#17302=ORIENTED_EDGE('',*,*,#17301,.T.);
#17303=ORIENTED_EDGE('',*,*,#15398,.T.);
#17304=ORIENTED_EDGE('',*,*,#17288,.F.);
#17305=EDGE_LOOP('',(#17300,#17302,#17303,#17304));
#17306=FACE_OUTER_BOUND('',#17305,.F.);
#17307=ADVANCED_FACE('',(#17306),#17299,.T.);
#17308=CARTESIAN_POINT('',(4.4196E0,-2.321127640247E0,-5.8928E0));
#17309=DIRECTION('',(-5.627909312417E-1,-8.265992787996E-1,0.E0));
#17310=DIRECTION('',(8.265992787996E-1,-5.627909312417E-1,0.E0));
#17311=AXIS2_PLACEMENT_3D('',#17308,#17309,#17310);
#17312=PLANE('',#17311);
#17313=ORIENTED_EDGE('',*,*,#8969,.F.);
#17315=ORIENTED_EDGE('',*,*,#17314,.T.);
#17316=ORIENTED_EDGE('',*,*,#15400,.T.);
#17317=ORIENTED_EDGE('',*,*,#17301,.F.);
#17318=EDGE_LOOP('',(#17313,#17315,#17316,#17317));
#17319=FACE_OUTER_BOUND('',#17318,.F.);
#17320=ADVANCED_FACE('',(#17319),#17312,.T.);
#17321=CARTESIAN_POINT('',(4.340225E0,-2.294106366873E0,-5.8928E0));
#17322=DIRECTION('',(-3.222637633772E-1,-9.466499177700E-1,0.E0));
#17323=DIRECTION('',(9.466499177700E-1,-3.222637633772E-1,0.E0));
#17324=AXIS2_PLACEMENT_3D('',#17321,#17322,#17323);
#17325=PLANE('',#17324);
#17326=ORIENTED_EDGE('',*,*,#8967,.F.);
#17328=ORIENTED_EDGE('',*,*,#17327,.T.);
#17329=ORIENTED_EDGE('',*,*,#15402,.T.);
#17330=ORIENTED_EDGE('',*,*,#17314,.F.);
#17331=EDGE_LOOP('',(#17326,#17328,#17329,#17330));
#17332=FACE_OUTER_BOUND('',#17331,.F.);
#17333=ADVANCED_FACE('',(#17332),#17325,.T.);
#17334=CARTESIAN_POINT('',(4.155016654050E0,-2.294106366873E0,-5.8928E0));
#17335=DIRECTION('',(0.E0,-1.E0,0.E0));
#17336=DIRECTION('',(1.E0,0.E0,0.E0));
#17337=AXIS2_PLACEMENT_3D('',#17334,#17335,#17336);
#17338=PLANE('',#17337);
#17339=ORIENTED_EDGE('',*,*,#8965,.F.);
#17341=ORIENTED_EDGE('',*,*,#17340,.T.);
#17342=ORIENTED_EDGE('',*,*,#15404,.T.);
#17343=ORIENTED_EDGE('',*,*,#17327,.F.);
#17344=EDGE_LOOP('',(#17339,#17341,#17342,#17343));
#17345=FACE_OUTER_BOUND('',#17344,.F.);
#17346=ADVANCED_FACE('',(#17345),#17338,.T.);
#17347=CARTESIAN_POINT('',(4.075641672975E0,-2.321127640247E0,-5.8928E0));
#17348=DIRECTION('',(3.222638322314E-1,-9.466498943303E-1,0.E0));
#17349=DIRECTION('',(9.466498943303E-1,3.222638322314E-1,0.E0));
#17350=AXIS2_PLACEMENT_3D('',#17347,#17348,#17349);
#17351=PLANE('',#17350);
#17352=ORIENTED_EDGE('',*,*,#8963,.F.);
#17354=ORIENTED_EDGE('',*,*,#17353,.T.);
#17355=ORIENTED_EDGE('',*,*,#15406,.T.);
#17356=ORIENTED_EDGE('',*,*,#17340,.F.);
#17357=EDGE_LOOP('',(#17352,#17354,#17355,#17356));
#17358=FACE_OUTER_BOUND('',#17357,.F.);
#17359=ADVANCED_FACE('',(#17358),#17351,.T.);
#17360=CARTESIAN_POINT('',(3.996266672975E0,-2.375170186996E0,-5.8928E0));
#17361=DIRECTION('',(5.627909312417E-1,-8.265992787996E-1,0.E0));
#17362=DIRECTION('',(8.265992787996E-1,5.627909312417E-1,0.E0));
#17363=AXIS2_PLACEMENT_3D('',#17360,#17361,#17362);
#17364=PLANE('',#17363);
#17365=ORIENTED_EDGE('',*,*,#8961,.F.);
#17367=ORIENTED_EDGE('',*,*,#17366,.T.);
#17368=ORIENTED_EDGE('',*,*,#15408,.T.);
#17369=ORIENTED_EDGE('',*,*,#17353,.F.);
#17370=EDGE_LOOP('',(#17365,#17367,#17368,#17369));
#17371=FACE_OUTER_BOUND('',#17370,.F.);
#17372=ADVANCED_FACE('',(#17371),#17364,.T.);
#17373=CARTESIAN_POINT('',(3.94335E0,-2.456234007120E0,-5.8928E0));
#17374=DIRECTION('',(8.373790907147E-1,-5.466225923193E-1,0.E0));
#17375=DIRECTION('',(5.466225923193E-1,8.373790907147E-1,0.E0));
#17376=AXIS2_PLACEMENT_3D('',#17373,#17374,#17375);
#17377=PLANE('',#17376);
#17378=ORIENTED_EDGE('',*,*,#8959,.F.);
#17380=ORIENTED_EDGE('',*,*,#17379,.T.);
#17381=ORIENTED_EDGE('',*,*,#15410,.T.);
#17382=ORIENTED_EDGE('',*,*,#17366,.F.);
#17383=EDGE_LOOP('',(#17378,#17380,#17381,#17382));
#17384=FACE_OUTER_BOUND('',#17383,.F.);
#17385=ADVANCED_FACE('',(#17384),#17377,.T.);
#17386=CARTESIAN_POINT('',(3.916891663513E0,-2.537297902942E0,-5.8928E0));
#17387=DIRECTION('',(9.506452666641E-1,-3.102798365493E-1,0.E0));
#17388=DIRECTION('',(3.102798365493E-1,9.506452666641E-1,0.E0));
#17389=AXIS2_PLACEMENT_3D('',#17386,#17387,#17388);
#17390=PLANE('',#17389);
#17391=ORIENTED_EDGE('',*,*,#8957,.F.);
#17393=ORIENTED_EDGE('',*,*,#17392,.T.);
#17394=ORIENTED_EDGE('',*,*,#15412,.T.);
#17395=ORIENTED_EDGE('',*,*,#17379,.F.);
#17396=EDGE_LOOP('',(#17391,#17393,#17394,#17395));
#17397=FACE_OUTER_BOUND('',#17396,.F.);
#17398=ADVANCED_FACE('',(#17397),#17390,.T.);
#17399=CARTESIAN_POINT('',(3.916891663513E0,-2.591340449691E0,-5.8928E0));
#17400=DIRECTION('',(1.E0,0.E0,0.E0));
#17401=DIRECTION('',(0.E0,1.E0,0.E0));
#17402=AXIS2_PLACEMENT_3D('',#17399,#17400,#17401);
#17403=PLANE('',#17402);
#17404=ORIENTED_EDGE('',*,*,#8955,.F.);
#17406=ORIENTED_EDGE('',*,*,#17405,.T.);
#17407=ORIENTED_EDGE('',*,*,#15414,.T.);
#17408=ORIENTED_EDGE('',*,*,#17392,.F.);
#17409=EDGE_LOOP('',(#17404,#17406,#17407,#17408));
#17410=FACE_OUTER_BOUND('',#17409,.F.);
#17411=ADVANCED_FACE('',(#17410),#17403,.T.);
#17412=CARTESIAN_POINT('',(3.94335E0,-2.672404269814E0,-5.8928E0));
#17413=DIRECTION('',(9.506451812003E-1,3.102800983961E-1,0.E0));
#17414=DIRECTION('',(-3.102800983961E-1,9.506451812003E-1,0.E0));
#17415=AXIS2_PLACEMENT_3D('',#17412,#17413,#17414);
#17416=PLANE('',#17415);
#17417=ORIENTED_EDGE('',*,*,#8953,.F.);
#17419=ORIENTED_EDGE('',*,*,#17418,.T.);
#17420=ORIENTED_EDGE('',*,*,#15416,.T.);
#17421=ORIENTED_EDGE('',*,*,#17405,.F.);
#17422=EDGE_LOOP('',(#17417,#17419,#17420,#17421));
#17423=FACE_OUTER_BOUND('',#17422,.F.);
#17424=ADVANCED_FACE('',(#17423),#17416,.T.);
#17425=CARTESIAN_POINT('',(3.996266672975E0,-2.753468089938E0,-5.8928E0));
#17426=DIRECTION('',(8.373790907147E-1,5.466225923193E-1,0.E0));
#17427=DIRECTION('',(-5.466225923193E-1,8.373790907147E-1,0.E0));
#17428=AXIS2_PLACEMENT_3D('',#17425,#17426,#17427);
#17429=PLANE('',#17428);
#17430=ORIENTED_EDGE('',*,*,#8951,.F.);
#17432=ORIENTED_EDGE('',*,*,#17431,.T.);
#17433=ORIENTED_EDGE('',*,*,#15418,.T.);
#17434=ORIENTED_EDGE('',*,*,#17418,.F.);
#17435=EDGE_LOOP('',(#17430,#17432,#17433,#17434));
#17436=FACE_OUTER_BOUND('',#17435,.F.);
#17437=ADVANCED_FACE('',(#17436),#17429,.T.);
#17438=CARTESIAN_POINT('',(4.075641672975E0,-2.807510636687E0,-5.8928E0));
#17439=DIRECTION('',(5.627909312417E-1,8.265992787996E-1,0.E0));
#17440=DIRECTION('',(-8.265992787996E-1,5.627909312417E-1,0.E0));
#17441=AXIS2_PLACEMENT_3D('',#17438,#17439,#17440);
#17442=PLANE('',#17441);
#17443=ORIENTED_EDGE('',*,*,#8949,.F.);
#17445=ORIENTED_EDGE('',*,*,#17444,.T.);
#17446=ORIENTED_EDGE('',*,*,#15420,.T.);
#17447=ORIENTED_EDGE('',*,*,#17431,.F.);
#17448=EDGE_LOOP('',(#17443,#17445,#17446,#17447));
#17449=FACE_OUTER_BOUND('',#17448,.F.);
#17450=ADVANCED_FACE('',(#17449),#17442,.T.);
#17451=CARTESIAN_POINT('',(4.155016654050E0,-2.834531910062E0,-5.8928E0));
#17452=DIRECTION('',(3.222638322314E-1,9.466498943303E-1,0.E0));
#17453=DIRECTION('',(-9.466498943303E-1,3.222638322314E-1,0.E0));
#17454=AXIS2_PLACEMENT_3D('',#17451,#17452,#17453);
#17455=PLANE('',#17454);
#17456=ORIENTED_EDGE('',*,*,#8947,.F.);
#17458=ORIENTED_EDGE('',*,*,#17457,.T.);
#17459=ORIENTED_EDGE('',*,*,#15422,.T.);
#17460=ORIENTED_EDGE('',*,*,#17444,.F.);
#17461=EDGE_LOOP('',(#17456,#17458,#17459,#17460));
#17462=FACE_OUTER_BOUND('',#17461,.F.);
#17463=ADVANCED_FACE('',(#17462),#17455,.T.);
#17464=CARTESIAN_POINT('',(4.340225E0,-2.834531910062E0,-5.8928E0));
#17465=DIRECTION('',(0.E0,1.E0,0.E0));
#17466=DIRECTION('',(-1.E0,0.E0,0.E0));
#17467=AXIS2_PLACEMENT_3D('',#17464,#17465,#17466);
#17468=PLANE('',#17467);
#17469=ORIENTED_EDGE('',*,*,#8945,.F.);
#17471=ORIENTED_EDGE('',*,*,#17470,.T.);
#17472=ORIENTED_EDGE('',*,*,#15424,.T.);
#17473=ORIENTED_EDGE('',*,*,#17457,.F.);
#17474=EDGE_LOOP('',(#17469,#17471,#17472,#17473));
#17475=FACE_OUTER_BOUND('',#17474,.F.);
#17476=ADVANCED_FACE('',(#17475),#17468,.T.);
#17477=CARTESIAN_POINT('',(4.4196E0,-2.807510636687E0,-5.8928E0));
#17478=DIRECTION('',(-3.222637633772E-1,9.466499177700E-1,0.E0));
#17479=DIRECTION('',(-9.466499177700E-1,-3.222637633772E-1,0.E0));
#17480=AXIS2_PLACEMENT_3D('',#17477,#17478,#17479);
#17481=PLANE('',#17480);
#17482=ORIENTED_EDGE('',*,*,#8943,.F.);
#17484=ORIENTED_EDGE('',*,*,#17483,.T.);
#17485=ORIENTED_EDGE('',*,*,#15426,.T.);
#17486=ORIENTED_EDGE('',*,*,#17470,.F.);
#17487=EDGE_LOOP('',(#17482,#17484,#17485,#17486));
#17488=FACE_OUTER_BOUND('',#17487,.F.);
#17489=ADVANCED_FACE('',(#17488),#17481,.T.);
#17490=CARTESIAN_POINT('',(4.498975E0,-2.753468089938E0,-5.8928E0));
#17491=DIRECTION('',(-5.627909312417E-1,8.265992787996E-1,0.E0));
#17492=DIRECTION('',(-8.265992787996E-1,-5.627909312417E-1,0.E0));
#17493=AXIS2_PLACEMENT_3D('',#17490,#17491,#17492);
#17494=PLANE('',#17493);
#17495=ORIENTED_EDGE('',*,*,#8941,.F.);
#17497=ORIENTED_EDGE('',*,*,#17496,.T.);
#17498=ORIENTED_EDGE('',*,*,#15428,.T.);
#17499=ORIENTED_EDGE('',*,*,#17483,.F.);
#17500=EDGE_LOOP('',(#17495,#17497,#17498,#17499));
#17501=FACE_OUTER_BOUND('',#17500,.F.);
#17502=ADVANCED_FACE('',(#17501),#17494,.T.);
#17503=CARTESIAN_POINT('',(4.551891691899E0,-2.672404269814E0,-5.8928E0));
#17504=DIRECTION('',(-8.373790012342E-1,5.466227293958E-1,0.E0));
#17505=DIRECTION('',(-5.466227293958E-1,-8.373790012342E-1,0.E0));
#17506=AXIS2_PLACEMENT_3D('',#17503,#17504,#17505);
#17507=PLANE('',#17506);
#17508=ORIENTED_EDGE('',*,*,#8939,.F.);
#17509=ORIENTED_EDGE('',*,*,#17264,.T.);
#17510=ORIENTED_EDGE('',*,*,#15430,.T.);
#17511=ORIENTED_EDGE('',*,*,#17496,.F.);
#17512=EDGE_LOOP('',(#17508,#17509,#17510,#17511));
#17513=FACE_OUTER_BOUND('',#17512,.F.);
#17514=ADVANCED_FACE('',(#17513),#17507,.T.);
#17515=CLOSED_SHELL('',(#8459,#8474,#8813,#8883,#8931,#8979,#8993,#9006,#9019,
#9031,#9044,#9057,#9069,#9083,#9096,#9109,#9122,#9135,#9148,#9161,#9173,#9188,
#9203,#9217,#9233,#9251,#9266,#9279,#9294,#9307,#9317,#9332,#9345,#9360,#9373,
#9383,#9398,#9411,#9425,#9437,#9449,#9468,#9506,#9524,#9539,#9554,#9569,#9583,
#9605,#9618,#9652,#9676,#9690,#9704,#9718,#9736,#9754,#9780,#9806,#9831,#9856,
#9871,#9892,#9909,#9925,#9939,#9953,#9967,#9989,#10029,#10043,#10065,#10087,
#10111,#10127,#10143,#10159,#10175,#10199,#10215,#10231,#10247,#10263,#10287,
#10305,#10329,#10352,#10366,#10380,#10394,#10408,#10427,#10441,#10455,#10469,
#10482,#10514,#10538,#10590,#10642,#10655,#10668,#10681,#10693,#10706,#10719,
#10732,#10744,#10759,#10772,#10788,#10806,#10820,#10832,#10846,#10858,#10872,
#10884,#10917,#10950,#10983,#11016,#11030,#11062,#11095,#11128,#11161,#11174,
#11187,#11200,#11213,#11226,#11239,#11252,#11265,#11278,#11291,#11303,#11316,
#11329,#11342,#11355,#11368,#11381,#11394,#11407,#11420,#11433,#11446,#11458,
#11471,#11484,#11497,#11510,#11523,#11536,#11549,#11562,#11575,#11588,#11601,
#11613,#11626,#11639,#11652,#11665,#11678,#11691,#11704,#11717,#11730,#11743,
#11756,#11768,#11801,#11834,#11848,#11880,#11913,#11926,#11939,#11952,#11965,
#11978,#11991,#12004,#12017,#12030,#12043,#12055,#12068,#12081,#12094,#12107,
#12120,#12133,#12146,#12159,#12172,#12185,#12198,#12210,#12243,#12276,#12290,
#12322,#12355,#12368,#12381,#12394,#12407,#12420,#12433,#12446,#12459,#12472,
#12485,#12497,#12510,#12523,#12536,#12549,#12562,#12575,#12588,#12601,#12614,
#12627,#12640,#12652,#12665,#12680,#12695,#12709,#12734,#12750,#12817,#12829,
#12844,#12857,#12867,#12882,#12895,#12905,#12920,#12933,#12943,#12958,#12971,
#12981,#12996,#13009,#13019,#13034,#13047,#13057,#13072,#13085,#13095,#13110,
#13123,#13133,#13148,#13161,#13171,#13183,#13196,#13208,#13221,#13259,#13274,
#13288,#13302,#13316,#13330,#13344,#13358,#13372,#13386,#13400,#13414,#13427,
#13453,#13491,#13505,#13518,#13531,#13544,#13557,#13570,#13583,#13596,#13609,
#13622,#13635,#13647,#13662,#13675,#13685,#13700,#13713,#13723,#13738,#13751,
#13779,#13809,#13823,#13835,#13849,#13863,#13877,#13891,#13910,#13924,#13942,
#13956,#13974,#13988,#14006,#14019,#14053,#14095,#14109,#14122,#14135,#14148,
#14161,#14174,#14187,#14199,#14213,#14232,#14246,#14260,#14273,#14286,#14304,
#14317,#14333,#14346,#14363,#14375,#14389,#14402,#14415,#14428,#14441,#14454,
#14467,#14479,#14492,#14513,#14527,#14541,#14556,#14569,#14581,#14594,#14607,
#14619,#14631,#14646,#14659,#14669,#14684,#14697,#14707,#14722,#14735,#14745,
#14760,#14773,#14783,#14798,#14811,#14821,#14836,#14849,#14859,#14874,#14887,
#14897,#14912,#14925,#14935,#14950,#14963,#14973,#14988,#15002,#15016,#15030,
#15044,#15058,#15071,#15086,#15216,#15304,#15434,#15448,#15461,#15474,#15487,
#15500,#15513,#15526,#15539,#15552,#15565,#15578,#15591,#15604,#15617,#15630,
#15643,#15656,#15669,#15682,#15695,#15708,#15721,#15734,#15747,#15760,#15773,
#15786,#15799,#15812,#15825,#15838,#15851,#15864,#15877,#15890,#15903,#15916,
#15929,#15942,#15954,#15968,#15981,#15994,#16007,#16020,#16033,#16046,#16059,
#16072,#16085,#16098,#16111,#16124,#16137,#16150,#16163,#16176,#16189,#16202,
#16214,#16228,#16241,#16254,#16267,#16280,#16293,#16306,#16319,#16332,#16345,
#16358,#16371,#16384,#16397,#16410,#16423,#16436,#16449,#16462,#16475,#16488,
#16501,#16514,#16527,#16540,#16553,#16566,#16579,#16592,#16605,#16618,#16631,
#16644,#16657,#16670,#16683,#16696,#16709,#16722,#16734,#16748,#16761,#16774,
#16787,#16800,#16813,#16826,#16839,#16852,#16865,#16878,#16891,#16904,#16917,
#16930,#16943,#16956,#16969,#16982,#16995,#17008,#17021,#17034,#17047,#17060,
#17073,#17086,#17099,#17112,#17125,#17138,#17151,#17164,#17177,#17190,#17203,
#17216,#17229,#17242,#17254,#17268,#17281,#17294,#17307,#17320,#17333,#17346,
#17359,#17372,#17385,#17398,#17411,#17424,#17437,#17450,#17463,#17476,#17489,
#17502,#17514));
#17516=MANIFOLD_SOLID_BREP('',#17515);
#17518=DIMENSIONAL_EXPONENTS(0.E0,0.E0,0.E0,0.E0,0.E0,0.E0,0.E0);
#17520=PLANE_ANGLE_MEASURE_WITH_UNIT(PLANE_ANGLE_MEASURE(1.745329251994E-2),
#17519);
#17521=(CONVERSION_BASED_UNIT('DEGREE',#17520)NAMED_UNIT(#17518)PLANE_ANGLE_UNIT());
#17523=UNCERTAINTY_MEASURE_WITH_UNIT(LENGTH_MEASURE(3.960653553921E-3),#17517,
'distance_accuracy_value',
'Maximum model space distance between geometric entities at asserted connectivities');
#17524=(GEOMETRIC_REPRESENTATION_CONTEXT(3)GLOBAL_UNCERTAINTY_ASSIGNED_CONTEXT((
#17523))GLOBAL_UNIT_ASSIGNED_CONTEXT((#17517,#17521,#17522))REPRESENTATION_CONTEXT('ID1','3'));
#17526=APPLICATION_CONTEXT('automotive_design');
#17527=APPLICATION_PROTOCOL_DEFINITION('international standard',
'automotive_design',2001,#17526);
#17528=PRODUCT_DEFINITION_CONTEXT('part definition',#17526,'design');
#17529=PRODUCT_CONTEXT('',#17526,'mechanical');
#17530=PRODUCT('C-5788793-1','C-5788793-1','NOT SPECIFIED',(#17529));
#17531=PRODUCT_DEFINITION_FORMATION('1','LAST_VERSION',#17530);
#17539=DERIVED_UNIT_ELEMENT(#17538,2.E0);
#17540=DERIVED_UNIT((#17539));
#17541=MEASURE_REPRESENTATION_ITEM('surface area measure',AREA_MEASURE(
2.977935269744E3),#17540);
#17546=DERIVED_UNIT_ELEMENT(#17545,3.E0);
#17547=DERIVED_UNIT((#17546));
#17548=MEASURE_REPRESENTATION_ITEM('volume measure',VOLUME_MEASURE(
3.025821695686E3),#17547);
#17552=CARTESIAN_POINT('centre point',(6.843334529161E-5,-9.191156764524E-1,
-1.022759595634E1));
#17557=DERIVED_UNIT_ELEMENT(#17556,2.E0);
#17558=DERIVED_UNIT((#17557));
#17559=MEASURE_REPRESENTATION_ITEM('surface area measure',AREA_MEASURE(
2.977935269744E3),#17558);
#17564=DERIVED_UNIT_ELEMENT(#17563,3.E0);
#17565=DERIVED_UNIT((#17564));
#17566=MEASURE_REPRESENTATION_ITEM('volume measure',VOLUME_MEASURE(
3.025821695686E3),#17565);
#17570=CARTESIAN_POINT('centre point',(6.843334529161E-5,-9.191156764524E-1,
-1.022759595634E1));
#17575=PRODUCT_RELATED_PRODUCT_CATEGORY('part','',(#17530));
#17577=GENERAL_PROPERTY('user defined attribute','','');
#17578=GENERAL_PROPERTY_ASSOCIATION('user defined attribute','',#17577,#17576);
#17579=DESCRIPTIVE_REPRESENTATION_ITEM('PART_NO','5788793');
#17583=GENERAL_PROPERTY('user defined attribute','','');
#17584=GENERAL_PROPERTY_ASSOCIATION('user defined attribute','',#17583,#17582);
#17585=DESCRIPTIVE_REPRESENTATION_ITEM('DWG_TITLE',
'PLUG ASSY, SIZE 1, .318 SERIES WITH FRONT METAL SHELL,');
#17589=GENERAL_PROPERTY('user defined attribute','','');
#17590=GENERAL_PROPERTY_ASSOCIATION('user defined attribute','',#17589,#17588);
#17591=DESCRIPTIVE_REPRESENTATION_ITEM('DWG_TITLE_2',
'HIGH TEMPERATURE, AMPLIMITE HD-20');
#17595=GENERAL_PROPERTY('user defined attribute','','');
#17596=GENERAL_PROPERTY_ASSOCIATION('user defined attribute','',#17595,#17594);
#17597=DESCRIPTIVE_REPRESENTATION_ITEM('DESC',
'PLUG ASSY, SIZE 1, .318 SERIES WITH FRONT METAL SHELL, HIGH TEMPERATURE, AMPLIM');
#17601=GENERAL_PROPERTY('user defined attribute','','');
#17602=GENERAL_PROPERTY_ASSOCIATION('user defined attribute','',#17601,#17600);
#17603=DESCRIPTIVE_REPRESENTATION_ITEM('TIR','A');
#17607=GENERAL_PROPERTY('user defined attribute','','');
#17608=GENERAL_PROPERTY_ASSOCIATION('user defined attribute','',#17607,#17606);
#17609=DESCRIPTIVE_REPRESENTATION_ITEM('DOC_STATUS','Active');
#17613=GENERAL_PROPERTY('user defined attribute','','');
#17614=GENERAL_PROPERTY_ASSOCIATION('user defined attribute','',#17613,#17612);
#17615=DESCRIPTIVE_REPRESENTATION_ITEM('MOD_NUM','MOD39264');
#17619=GENERAL_PROPERTY('user defined attribute','','');
#17620=GENERAL_PROPERTY_ASSOCIATION('user defined attribute','',#17619,#17618);
#17621=DESCRIPTIVE_REPRESENTATION_ITEM('PROI_CREATED_BY','FR015207');
#17625=GENERAL_PROPERTY('user defined attribute','','');
#17626=GENERAL_PROPERTY_ASSOCIATION('user defined attribute','',#17625,#17624);
#17627=DESCRIPTIVE_REPRESENTATION_ITEM('PROI_CREATED_ON','02/24/07 02:39:39');
#17631=GENERAL_PROPERTY('user defined attribute','','');
#17632=GENERAL_PROPERTY_ASSOCIATION('user defined attribute','',#17631,#17630);
#17633=DESCRIPTIVE_REPRESENTATION_ITEM('PROI_LOCATION',
'Root Folder/EMCS MOD SVCS/GPL-023');
#17637=GENERAL_PROPERTY('user defined attribute','','');
#17638=GENERAL_PROPERTY_ASSOCIATION('user defined attribute','',#17637,#17636);
#17639=DESCRIPTIVE_REPRESENTATION_ITEM('PTC_COMMON_NAME','');
#17643=GENERAL_PROPERTY('user defined attribute','','');
#17644=GENERAL_PROPERTY_ASSOCIATION('user defined attribute','',#17643,#17642);
#17645=DESCRIPTIVE_REPRESENTATION_ITEM('PART_REV','C');
#17649=GENERAL_PROPERTY('user defined attribute','','');
#17650=GENERAL_PROPERTY_ASSOCIATION('user defined attribute','',#17649,#17648);
#17651=DESCRIPTIVE_REPRESENTATION_ITEM('PDMREV','');
#17655=GENERAL_PROPERTY('user defined attribute','','');
#17656=GENERAL_PROPERTY_ASSOCIATION('user defined attribute','',#17655,#17654);
#17657=DESCRIPTIVE_REPRESENTATION_ITEM('PDMDB','');
#17661=GENERAL_PROPERTY('user defined attribute','','');
#17662=GENERAL_PROPERTY_ASSOCIATION('user defined attribute','',#17661,#17660);
#17663=DESCRIPTIVE_REPRESENTATION_ITEM('PDMRL','');
#17667=GENERAL_PROPERTY('user defined attribute','','');
#17668=GENERAL_PROPERTY_ASSOCIATION('user defined attribute','',#17667,#17666);
#17669=DESCRIPTIVE_REPRESENTATION_ITEM('PROI_REVISION','');
#17673=GENERAL_PROPERTY('user defined attribute','','');
#17674=GENERAL_PROPERTY_ASSOCIATION('user defined attribute','',#17673,#17672);
#17675=DESCRIPTIVE_REPRESENTATION_ITEM('PROI_VERSION','');
#17679=GENERAL_PROPERTY('user defined attribute','','');
#17680=GENERAL_PROPERTY_ASSOCIATION('user defined attribute','',#17679,#17678);
#17681=DESCRIPTIVE_REPRESENTATION_ITEM('PROI_BRANCH','');
#17685=GENERAL_PROPERTY('user defined attribute','','');
#17686=GENERAL_PROPERTY_ASSOCIATION('user defined attribute','',#17685,#17684);
#17687=DESCRIPTIVE_REPRESENTATION_ITEM('PROI_RELEASE','');
#17691=GENERAL_PROPERTY('user defined attribute','','');
#17692=GENERAL_PROPERTY_ASSOCIATION('user defined attribute','',#17691,#17690);
#17693=DESCRIPTIVE_REPRESENTATION_ITEM('PTC_MODIFIED','NO');
#17697=GENERAL_PROPERTY('user defined attribute','','');
#17698=GENERAL_PROPERTY_ASSOCIATION('user defined attribute','',#17697,#17696);
#17699=DESCRIPTIVE_REPRESENTATION_ITEM('DOC_LANGUAGE','English');
#17703=GENERAL_PROPERTY('user defined attribute','','');
#17704=GENERAL_PROPERTY_ASSOCIATION('user defined attribute','',#17703,#17702);
#17705=DESCRIPTIVE_REPRESENTATION_ITEM('REASON_DOC_CHANGE','Not Specified');
#17709=GENERAL_PROPERTY('user defined attribute','','');
#17710=GENERAL_PROPERTY_ASSOCIATION('user defined attribute','',#17709,#17708);
#17711=DESCRIPTIVE_REPRESENTATION_ITEM('SEND_WEIGHT','NO');
#80=CIRCLE('',#79,2.12344E0);
#89=CIRCLE('',#88,2.12344E0);
#98=CIRCLE('',#97,2.12344E0);
#107=CIRCLE('',#106,2.12344E0);
#112=CIRCLE('',#111,2.54E0);
#121=CIRCLE('',#120,2.54E0);
#130=CIRCLE('',#129,2.54E0);
#139=CIRCLE('',#138,2.54E0);
#156=CIRCLE('',#155,1.905E0);
#161=CIRCLE('',#160,1.905E0);
#166=CIRCLE('',#165,1.905E0);
#171=CIRCLE('',#170,1.905E0);
#176=CIRCLE('',#175,1.5748E0);
#181=CIRCLE('',#180,1.27E0);
#210=CIRCLE('',#209,1.27E0);
#215=CIRCLE('',#214,1.5748E0);
#224=CIRCLE('',#223,5.08E-1);
#229=CIRCLE('',#228,5.08E-1);
#234=CIRCLE('',#233,5.08E-1);
#239=CIRCLE('',#238,5.08E-1);
#244=CIRCLE('',#243,5.08E-1);
#249=CIRCLE('',#248,5.08E-1);
#254=CIRCLE('',#253,5.08E-1);
#259=CIRCLE('',#258,5.08E-1);
#264=CIRCLE('',#263,5.08E-1);
#269=CIRCLE('',#268,5.08E-1);
#274=CIRCLE('',#273,5.08E-1);
#279=CIRCLE('',#278,5.08E-1);
#284=CIRCLE('',#283,5.08E-1);
#289=CIRCLE('',#288,5.08E-1);
#294=CIRCLE('',#293,5.08E-1);
#299=CIRCLE('',#298,5.08E-1);
#304=CIRCLE('',#303,5.08E-1);
#309=CIRCLE('',#308,5.08E-1);
#990=CIRCLE('',#989,2.12344E0);
#1007=CIRCLE('',#1006,2.12344E0);
#1016=CIRCLE('',#1015,2.12344E0);
#1033=CIRCLE('',#1032,2.12344E0);
#1050=CIRCLE('',#1049,2.54E0);
#1067=CIRCLE('',#1066,2.54E0);
#1084=CIRCLE('',#1083,2.54E0);
#1101=CIRCLE('',#1100,2.54E0);
#1110=CIRCLE('',#1109,1.905E0);
#1127=CIRCLE('',#1126,1.650980547585E0);
#1132=CIRCLE('',#1131,1.650980547585E0);
#1137=CIRCLE('',#1136,1.389346607445E0);
#1142=CIRCLE('',#1141,1.389346607445E0);
#1147=CIRCLE('',#1146,1.389346607445E0);
#1152=CIRCLE('',#1151,1.389346607445E0);
#1157=CIRCLE('',#1156,1.650980547585E0);
#1162=CIRCLE('',#1161,1.650980547585E0);
#1175=CIRCLE('',#1174,1.13538E0);
#1188=CIRCLE('',#1187,1.13538E0);
#1193=CIRCLE('',#1192,1.13538E0);
#1198=CIRCLE('',#1197,1.13538E0);
#1211=CIRCLE('',#1210,1.13538E0);
#1216=CIRCLE('',#1215,1.13538E0);
#1221=CIRCLE('',#1220,1.13538E0);
#1230=CIRCLE('',#1229,1.13538E0);
#1247=CIRCLE('',#1246,1.905E0);
#1256=CIRCLE('',#1255,1.905E0);
#1265=CIRCLE('',#1264,1.905E0);
#1330=CIRCLE('',#1329,1.5748E0);
#1343=CIRCLE('',#1342,1.5748E0);
#1360=CIRCLE('',#1359,1.5748E0);
#1505=CIRCLE('',#1504,1.5748E0);
#1542=CIRCLE('',#1541,1.5748E0);
#1579=CIRCLE('',#1578,1.5748E0);
#1604=CIRCLE('',#1603,1.5748E0);
#1701=CIRCLE('',#1700,2.7686E0);
#1710=CIRCLE('',#1709,2.7686E0);
#1719=CIRCLE('',#1718,2.7686E0);
#1728=CIRCLE('',#1727,2.7686E0);
#1737=CIRCLE('',#1736,2.7686E0);
#1746=CIRCLE('',#1745,2.7686E0);
#1807=CIRCLE('',#1806,1.8542E0);
#1812=CIRCLE('',#1811,1.8542E0);
#1817=CIRCLE('',#1816,1.8542E0);
#1822=CIRCLE('',#1821,1.8542E0);
#1831=CIRCLE('',#1830,6.35E-1);
#1836=CIRCLE('',#1835,6.35E-1);
#1845=CIRCLE('',#1844,6.35E-1);
#1850=CIRCLE('',#1849,1.5494E0);
#1855=CIRCLE('',#1854,6.35E-1);
#1864=CIRCLE('',#1863,6.35E-1);
#1869=CIRCLE('',#1868,6.35E-1);
#1878=CIRCLE('',#1877,6.35E-1);
#1883=CIRCLE('',#1882,1.5494E0);
#1888=CIRCLE('',#1887,6.35E-1);
#1897=CIRCLE('',#1896,3.1496E-1);
#1906=CIRCLE('',#1905,3.1496E-1);
#1915=CIRCLE('',#1914,3.1496E-1);
#1924=CIRCLE('',#1923,3.1496E-1);
#1929=CIRCLE('',#1928,6.35E-1);
#1938=CIRCLE('',#1937,6.35E-1);
#1943=CIRCLE('',#1942,1.5494E0);
#1948=CIRCLE('',#1947,6.35E-1);
#1957=CIRCLE('',#1956,6.35E-1);
#1962=CIRCLE('',#1961,6.35E-1);
#1971=CIRCLE('',#1970,6.35E-1);
#1976=CIRCLE('',#1975,1.5494E0);
#1981=CIRCLE('',#1980,6.35E-1);
#1990=CIRCLE('',#1989,6.35E-1);
#1995=CIRCLE('',#1994,3.1496E-1);
#2004=CIRCLE('',#2003,3.1496E-1);
#2013=CIRCLE('',#2012,3.1496E-1);
#2022=CIRCLE('',#2021,3.1496E-1);
#2131=CIRCLE('',#2130,1.5748E0);
#2140=CIRCLE('',#2139,1.5748E0);
#2173=CIRCLE('',#2172,1.5748E0);
#2182=CIRCLE('',#2181,1.5748E0);
#2199=CIRCLE('',#2198,1.5494E0);
#2204=CIRCLE('',#2203,1.5494E0);
#2209=CIRCLE('',#2208,2.83845E0);
#2214=CIRCLE('',#2213,2.83845E0);
#2219=CIRCLE('',#2218,1.5494E0);
#2224=CIRCLE('',#2223,1.5494E0);
#2229=CIRCLE('',#2228,2.83845E0);
#2234=CIRCLE('',#2233,2.83845E0);
#2411=CIRCLE('',#2410,1.5494E0);
#2416=CIRCLE('',#2415,1.5494E0);
#2421=CIRCLE('',#2420,2.83845E0);
#2426=CIRCLE('',#2425,2.83845E0);
#2431=CIRCLE('',#2430,1.5494E0);
#2436=CIRCLE('',#2435,1.5494E0);
#2441=CIRCLE('',#2440,2.83845E0);
#2446=CIRCLE('',#2445,2.83845E0);
#2479=CIRCLE('',#2478,1.524E-1);
#2488=CIRCLE('',#2487,5.08E-1);
#2509=CIRCLE('',#2508,1.8796E-1);
#2518=CIRCLE('',#2517,4.7244E-1);
#2531=CIRCLE('',#2530,4.7244E-1);
#2540=CIRCLE('',#2539,1.8796E-1);
#2561=CIRCLE('',#2560,5.08E-1);
#2570=CIRCLE('',#2569,1.524E-1);
#2583=CIRCLE('',#2582,1.524E-1);
#2592=CIRCLE('',#2591,5.08E-1);
#2613=CIRCLE('',#2612,1.8796E-1);
#2622=CIRCLE('',#2621,4.7244E-1);
#2635=CIRCLE('',#2634,4.7244E-1);
#2644=CIRCLE('',#2643,1.8796E-1);
#2665=CIRCLE('',#2664,5.08E-1);
#2674=CIRCLE('',#2673,1.524E-1);
#2687=CIRCLE('',#2686,4.7244E-1);
#2696=CIRCLE('',#2695,1.8796E-1);
#2717=CIRCLE('',#2716,5.08E-1);
#2726=CIRCLE('',#2725,1.524E-1);
#2739=CIRCLE('',#2738,1.524E-1);
#2748=CIRCLE('',#2747,5.08E-1);
#2769=CIRCLE('',#2768,1.8796E-1);
#2778=CIRCLE('',#2777,4.7244E-1);
#2791=CIRCLE('',#2790,4.7244E-1);
#2800=CIRCLE('',#2799,1.8796E-1);
#2821=CIRCLE('',#2820,5.08E-1);
#2830=CIRCLE('',#2829,1.524E-1);
#2843=CIRCLE('',#2842,1.524E-1);
#2852=CIRCLE('',#2851,5.08E-1);
#2873=CIRCLE('',#2872,1.8796E-1);
#2882=CIRCLE('',#2881,4.7244E-1);
#3071=CIRCLE('',#3070,1.840172984536E-1);
#3080=CIRCLE('',#3079,5.08E-1);
#3101=CIRCLE('',#3100,1.8796E-1);
#3110=CIRCLE('',#3109,5.040572984536E-1);
#3123=CIRCLE('',#3122,5.040572984536E-1);
#3132=CIRCLE('',#3131,1.8796E-1);
#3153=CIRCLE('',#3152,5.08E-1);
#3162=CIRCLE('',#3161,1.840172984536E-1);
#3175=CIRCLE('',#3174,5.040572984536E-1);
#3184=CIRCLE('',#3183,1.8796E-1);
#3205=CIRCLE('',#3204,5.08E-1);
#3214=CIRCLE('',#3213,1.840172984536E-1);
#3227=CIRCLE('',#3226,1.840172984536E-1);
#3236=CIRCLE('',#3235,5.08E-1);
#3257=CIRCLE('',#3256,1.8796E-1);
#3266=CIRCLE('',#3265,5.040572984536E-1);
#3367=CIRCLE('',#3366,1.840172984536E-1);
#3376=CIRCLE('',#3375,5.08E-1);
#3397=CIRCLE('',#3396,1.8796E-1);
#3406=CIRCLE('',#3405,5.040572984536E-1);
#3419=CIRCLE('',#3418,5.040572984536E-1);
#3428=CIRCLE('',#3427,1.8796E-1);
#3449=CIRCLE('',#3448,5.08E-1);
#3458=CIRCLE('',#3457,1.840172984536E-1);
#3471=CIRCLE('',#3470,5.040572984536E-1);
#3480=CIRCLE('',#3479,1.8796E-1);
#3501=CIRCLE('',#3500,5.08E-1);
#3510=CIRCLE('',#3509,1.840172984536E-1);
#3523=CIRCLE('',#3522,1.840172984536E-1);
#3532=CIRCLE('',#3531,5.08E-1);
#3553=CIRCLE('',#3552,1.8796E-1);
#3562=CIRCLE('',#3561,5.040572984536E-1);
#3683=CIRCLE('',#3682,1.27E0);
#3692=CIRCLE('',#3691,1.27E0);
#3765=CIRCLE('',#3764,3.175E-1);
#3770=CIRCLE('',#3769,3.175E-1);
#3775=CIRCLE('',#3774,3.175E-1);
#3780=CIRCLE('',#3779,3.175E-1);
#3785=CIRCLE('',#3784,3.175E-1);
#3790=CIRCLE('',#3789,3.175E-1);
#3795=CIRCLE('',#3794,3.175E-1);
#3800=CIRCLE('',#3799,3.175E-1);
#3805=CIRCLE('',#3804,3.175E-1);
#3810=CIRCLE('',#3809,3.175E-1);
#3815=CIRCLE('',#3814,3.175E-1);
#3820=CIRCLE('',#3819,3.175E-1);
#3825=CIRCLE('',#3824,3.175E-1);
#3830=CIRCLE('',#3829,3.175E-1);
#3835=CIRCLE('',#3834,3.175E-1);
#3840=CIRCLE('',#3839,3.175E-1);
#3845=CIRCLE('',#3844,3.175E-1);
#3850=CIRCLE('',#3849,3.175E-1);
#3875=CIRCLE('',#3874,3.175E-1);
#3880=CIRCLE('',#3879,3.175E-1);
#3893=CIRCLE('',#3892,3.175E-1);
#3898=CIRCLE('',#3897,3.175E-1);
#3911=CIRCLE('',#3910,3.175E-1);
#3916=CIRCLE('',#3915,3.175E-1);
#3929=CIRCLE('',#3928,3.175E-1);
#3934=CIRCLE('',#3933,3.175E-1);
#3947=CIRCLE('',#3946,3.175E-1);
#3952=CIRCLE('',#3951,3.175E-1);
#3965=CIRCLE('',#3964,3.175E-1);
#3970=CIRCLE('',#3969,3.175E-1);
#3983=CIRCLE('',#3982,3.175E-1);
#3988=CIRCLE('',#3987,3.175E-1);
#4001=CIRCLE('',#4000,3.175E-1);
#4006=CIRCLE('',#4005,3.175E-1);
#4019=CIRCLE('',#4018,3.175E-1);
#4024=CIRCLE('',#4023,3.175E-1);
#4049=CIRCLE('',#4048,2.7686E0);
#4058=CIRCLE('',#4057,2.7686E0);
#4067=CIRCLE('',#4066,2.7686E0);
#4076=CIRCLE('',#4075,2.7686E0);
#4085=CIRCLE('',#4084,2.7686E0);
#4094=CIRCLE('',#4093,2.7686E0);
#4151=CIRCLE('',#4150,2.7686E0);
#4160=CIRCLE('',#4159,2.7686E0);
#4169=CIRCLE('',#4168,2.7686E0);
#4178=CIRCLE('',#4177,2.7686E0);
#4187=CIRCLE('',#4186,2.7686E0);
#4196=CIRCLE('',#4195,2.7686E0);
#4209=CIRCLE('',#4208,2.7686E0);
#4218=CIRCLE('',#4217,2.7686E0);
#4227=CIRCLE('',#4226,2.7686E0);
#4236=CIRCLE('',#4235,2.7686E0);
#4245=CIRCLE('',#4244,2.7686E0);
#4254=CIRCLE('',#4253,2.7686E0);
#4259=CIRCLE('',#4258,1.13538E0);
#4264=CIRCLE('',#4263,1.13538E0);
#4269=CIRCLE('',#4268,1.13538E0);
#4274=CIRCLE('',#4273,1.13538E0);
#4327=CIRCLE('',#4326,1.13538E0);
#4336=CIRCLE('',#4335,1.13538E0);
#4353=CIRCLE('',#4352,1.13538E0);
#4358=CIRCLE('',#4357,1.13538E0);
#4371=CIRCLE('',#4370,1.8542E0);
#4376=CIRCLE('',#4375,1.8542E0);
#4381=CIRCLE('',#4380,1.8542E0);
#4386=CIRCLE('',#4385,1.8542E0);
#4391=CIRCLE('',#4390,6.35E-1);
#4396=CIRCLE('',#4395,1.5494E0);
#4401=CIRCLE('',#4400,6.35E-1);
#4406=CIRCLE('',#4405,6.35E-1);
#4411=CIRCLE('',#4410,1.5494E0);
#4416=CIRCLE('',#4415,6.35E-1);
#4421=CIRCLE('',#4420,6.35E-1);
#4426=CIRCLE('',#4425,1.5494E0);
#4431=CIRCLE('',#4430,6.35E-1);
#4436=CIRCLE('',#4435,6.35E-1);
#4441=CIRCLE('',#4440,1.5494E0);
#4446=CIRCLE('',#4445,6.35E-1);
#4467=CIRCLE('',#4466,1.5494E0);
#4476=CIRCLE('',#4475,1.5494E0);
#4493=CIRCLE('',#4492,1.5494E0);
#4502=CIRCLE('',#4501,1.5494E0);
#4543=CIRCLE('',#4542,6.35E-1);
#4552=CIRCLE('',#4551,6.35E-1);
#4561=CIRCLE('',#4560,6.35E-1);
#4570=CIRCLE('',#4569,6.35E-1);
#4583=CIRCLE('',#4582,3.1496E-1);
#4592=CIRCLE('',#4591,3.1496E-1);
#4601=CIRCLE('',#4600,3.1496E-1);
#4610=CIRCLE('',#4609,3.1496E-1);
#4619=CIRCLE('',#4618,6.35E-1);
#4628=CIRCLE('',#4627,6.35E-1);
#4637=CIRCLE('',#4636,6.35E-1);
#4646=CIRCLE('',#4645,6.35E-1);
#4651=CIRCLE('',#4650,3.1496E-1);
#4660=CIRCLE('',#4659,3.1496E-1);
#4669=CIRCLE('',#4668,3.1496E-1);
#4678=CIRCLE('',#4677,3.1496E-1);
#4735=CIRCLE('',#4734,1.5494E0);
#4744=CIRCLE('',#4743,1.5494E0);
#4761=CIRCLE('',#4760,1.5494E0);
#4770=CIRCLE('',#4769,1.5494E0);
#4843=CIRCLE('',#4842,1.5748E0);
#4928=CIRCLE('',#4927,5.08E-1);
#4933=CIRCLE('',#4932,5.08E-1);
#4946=CIRCLE('',#4945,5.08E-1);
#4951=CIRCLE('',#4950,5.08E-1);
#4964=CIRCLE('',#4963,5.08E-1);
#4969=CIRCLE('',#4968,5.08E-1);
#4982=CIRCLE('',#4981,5.08E-1);
#4987=CIRCLE('',#4986,5.08E-1);
#5000=CIRCLE('',#4999,5.08E-1);
#5005=CIRCLE('',#5004,5.08E-1);
#5018=CIRCLE('',#5017,5.08E-1);
#5023=CIRCLE('',#5022,5.08E-1);
#5036=CIRCLE('',#5035,5.08E-1);
#5041=CIRCLE('',#5040,5.08E-1);
#5054=CIRCLE('',#5053,5.08E-1);
#5059=CIRCLE('',#5058,5.08E-1);
#5072=CIRCLE('',#5071,5.08E-1);
#5077=CIRCLE('',#5076,5.08E-1);
#8423=EDGE_CURVE('',#6432,#6433,#112,.T.);
#8425=EDGE_CURVE('',#6433,#6445,#116,.T.);
#8427=EDGE_CURVE('',#6445,#6443,#121,.T.);
#8429=EDGE_CURVE('',#6443,#6441,#125,.T.);
#8431=EDGE_CURVE('',#6441,#6439,#130,.T.);
#8433=EDGE_CURVE('',#6439,#6437,#134,.T.);
#8435=EDGE_CURVE('',#6437,#6435,#139,.T.);
#8437=EDGE_CURVE('',#6435,#6432,#143,.T.);
#8441=EDGE_CURVE('',#6428,#6429,#75,.T.);
#8443=EDGE_CURVE('',#6429,#6416,#80,.T.);
#8445=EDGE_CURVE('',#6416,#6417,#84,.T.);
#8447=EDGE_CURVE('',#6417,#6420,#89,.T.);
#8449=EDGE_CURVE('',#6420,#6421,#93,.T.);
#8451=EDGE_CURVE('',#6421,#6424,#98,.T.);
#8453=EDGE_CURVE('',#6424,#6425,#102,.T.);
#8455=EDGE_CURVE('',#6425,#6428,#107,.T.);
#8465=EDGE_CURVE('',#6452,#6453,#147,.T.);
#8467=EDGE_CURVE('',#6452,#6429,#151,.T.);
#8470=EDGE_CURVE('',#6453,#6428,#1011,.T.);
#8480=EDGE_CURVE('',#6448,#6449,#981,.T.);
#8482=EDGE_CURVE('',#6464,#6448,#1016,.T.);
#8484=EDGE_CURVE('',#6464,#6465,#1024,.T.);
#8486=EDGE_CURVE('',#6452,#6465,#1033,.T.);
#8489=EDGE_CURVE('',#6468,#6453,#1007,.T.);
#8491=EDGE_CURVE('',#6468,#6469,#998,.T.);
#8493=EDGE_CURVE('',#6449,#6469,#990,.T.);
#8497=EDGE_CURVE('',#6546,#6547,#224,.T.);
#8499=EDGE_CURVE('',#6547,#6546,#229,.T.);
#8503=EDGE_CURVE('',#6554,#6555,#234,.T.);
#8505=EDGE_CURVE('',#6555,#6554,#239,.T.);
#8509=EDGE_CURVE('',#6562,#6563,#244,.T.);
#8511=EDGE_CURVE('',#6563,#6562,#249,.T.);
#8515=EDGE_CURVE('',#6570,#6571,#254,.T.);
#8517=EDGE_CURVE('',#6571,#6570,#259,.T.);
#8521=EDGE_CURVE('',#6578,#6579,#264,.T.);
#8523=EDGE_CURVE('',#6579,#6578,#269,.T.);
#8527=EDGE_CURVE('',#6586,#6587,#274,.T.);
#8529=EDGE_CURVE('',#6587,#6586,#279,.T.);
#8533=EDGE_CURVE('',#6594,#6595,#284,.T.);
#8535=EDGE_CURVE('',#6595,#6594,#289,.T.);
#8539=EDGE_CURVE('',#6602,#6603,#294,.T.);
#8541=EDGE_CURVE('',#6603,#6602,#299,.T.);
#8545=EDGE_CURVE('',#6610,#6611,#304,.T.);
#8547=EDGE_CURVE('',#6611,#6610,#309,.T.);
#8551=EDGE_CURVE('',#7846,#7847,#313,.T.);
#8553=EDGE_CURVE('',#7847,#7849,#317,.T.);
#8555=EDGE_CURVE('',#7849,#7851,#321,.T.);
#8557=EDGE_CURVE('',#7851,#7853,#325,.T.);
#8559=EDGE_CURVE('',#7853,#7855,#329,.T.);
#8561=EDGE_CURVE('',#7855,#7857,#333,.T.);
#8563=EDGE_CURVE('',#7857,#7846,#337,.T.);
#8567=EDGE_CURVE('',#7860,#7861,#341,.T.);
#8569=EDGE_CURVE('',#7861,#7863,#345,.T.);
#8571=EDGE_CURVE('',#7863,#7865,#349,.T.);
#8573=EDGE_CURVE('',#7865,#7867,#353,.T.);
#8575=EDGE_CURVE('',#7867,#7869,#357,.T.);
#8577=EDGE_CURVE('',#7869,#7871,#361,.T.);
#8579=EDGE_CURVE('',#7871,#7873,#365,.T.);
#8581=EDGE_CURVE('',#7873,#7875,#369,.T.);
#8583=EDGE_CURVE('',#7875,#7877,#373,.T.);
#8585=EDGE_CURVE('',#7877,#7879,#377,.T.);
#8587=EDGE_CURVE('',#7879,#7881,#381,.T.);
#8589=EDGE_CURVE('',#7881,#7883,#385,.T.);
#8591=EDGE_CURVE('',#7883,#7885,#389,.T.);
#8593=EDGE_CURVE('',#7885,#7887,#393,.T.);
#8595=EDGE_CURVE('',#7887,#7889,#397,.T.);
#8597=EDGE_CURVE('',#7889,#7891,#401,.T.);
#8599=EDGE_CURVE('',#7891,#7893,#405,.T.);
#8601=EDGE_CURVE('',#7893,#7895,#409,.T.);
#8603=EDGE_CURVE('',#7895,#7897,#413,.T.);
#8605=EDGE_CURVE('',#7897,#7899,#417,.T.);
#8607=EDGE_CURVE('',#7899,#7901,#421,.T.);
#8609=EDGE_CURVE('',#7901,#7903,#425,.T.);
#8611=EDGE_CURVE('',#7903,#7905,#429,.T.);
#8613=EDGE_CURVE('',#7905,#7907,#433,.T.);
#8615=EDGE_CURVE('',#7907,#7909,#437,.T.);
#8617=EDGE_CURVE('',#7909,#7911,#441,.T.);
#8619=EDGE_CURVE('',#7911,#7913,#445,.T.);
#8621=EDGE_CURVE('',#7913,#7915,#449,.T.);
#8623=EDGE_CURVE('',#7915,#7917,#453,.T.);
#8625=EDGE_CURVE('',#7917,#7919,#457,.T.);
#8627=EDGE_CURVE('',#7919,#7921,#461,.T.);
#8629=EDGE_CURVE('',#7921,#7923,#465,.T.);
#8631=EDGE_CURVE('',#7923,#7925,#469,.T.);
#8633=EDGE_CURVE('',#7925,#7927,#473,.T.);
#8635=EDGE_CURVE('',#7927,#7929,#477,.T.);
#8637=EDGE_CURVE('',#7929,#7931,#481,.T.);
#8639=EDGE_CURVE('',#7931,#7933,#485,.T.);
#8641=EDGE_CURVE('',#7933,#7935,#489,.T.);
#8643=EDGE_CURVE('',#7935,#7937,#493,.T.);
#8645=EDGE_CURVE('',#7937,#7860,#497,.T.);
#8649=EDGE_CURVE('',#8220,#8221,#581,.T.);
#8651=EDGE_CURVE('',#8221,#8223,#585,.T.);
#8653=EDGE_CURVE('',#8223,#8225,#589,.T.);
#8655=EDGE_CURVE('',#8225,#8227,#593,.T.);
#8657=EDGE_CURVE('',#8227,#8229,#597,.T.);
#8659=EDGE_CURVE('',#8229,#8231,#601,.T.);
#8661=EDGE_CURVE('',#8231,#8233,#605,.T.);
#8663=EDGE_CURVE('',#8233,#8235,#609,.T.);
#8665=EDGE_CURVE('',#8235,#8237,#613,.T.);
#8667=EDGE_CURVE('',#8237,#8239,#617,.T.);
#8669=EDGE_CURVE('',#8239,#8241,#621,.T.);
#8671=EDGE_CURVE('',#8241,#8243,#625,.T.);
#8673=EDGE_CURVE('',#8243,#8245,#629,.T.);
#8675=EDGE_CURVE('',#8245,#8247,#633,.T.);
#8677=EDGE_CURVE('',#8247,#8249,#637,.T.);
#8679=EDGE_CURVE('',#8249,#8251,#641,.T.);
#8681=EDGE_CURVE('',#8251,#8253,#645,.T.);
#8683=EDGE_CURVE('',#8253,#8255,#649,.T.);
#8685=EDGE_CURVE('',#8255,#8257,#653,.T.);
#8687=EDGE_CURVE('',#8257,#8259,#657,.T.);
#8689=EDGE_CURVE('',#8259,#8261,#661,.T.);
#8691=EDGE_CURVE('',#8261,#8263,#665,.T.);
#8693=EDGE_CURVE('',#8263,#8265,#669,.T.);
#8695=EDGE_CURVE('',#8265,#8267,#673,.T.);
#8697=EDGE_CURVE('',#8267,#8269,#677,.T.);
#8699=EDGE_CURVE('',#8269,#8271,#681,.T.);
#8701=EDGE_CURVE('',#8271,#8273,#685,.T.);
#8703=EDGE_CURVE('',#8273,#8275,#689,.T.);
#8705=EDGE_CURVE('',#8275,#8277,#693,.T.);
#8707=EDGE_CURVE('',#8277,#8279,#697,.T.);
#8709=EDGE_CURVE('',#8279,#8281,#701,.T.);
#8711=EDGE_CURVE('',#8281,#8283,#705,.T.);
#8713=EDGE_CURVE('',#8283,#8285,#709,.T.);
#8715=EDGE_CURVE('',#8285,#8287,#713,.T.);
#8717=EDGE_CURVE('',#8287,#8289,#717,.T.);
#8719=EDGE_CURVE('',#8289,#8291,#721,.T.);
#8721=EDGE_CURVE('',#8291,#8293,#725,.T.);
#8723=EDGE_CURVE('',#8293,#8295,#729,.T.);
#8725=EDGE_CURVE('',#8295,#8297,#733,.T.);
#8727=EDGE_CURVE('',#8297,#8220,#737,.T.);
#8731=EDGE_CURVE('',#8300,#8301,#741,.T.);
#8733=EDGE_CURVE('',#8301,#8303,#745,.T.);
#8735=EDGE_CURVE('',#8303,#8305,#749,.T.);
#8737=EDGE_CURVE('',#8305,#8307,#753,.T.);
#8739=EDGE_CURVE('',#8307,#8309,#757,.T.);
#8741=EDGE_CURVE('',#8309,#8311,#761,.T.);
#8743=EDGE_CURVE('',#8311,#8313,#765,.T.);
#8745=EDGE_CURVE('',#8313,#8315,#769,.T.);
#8747=EDGE_CURVE('',#8315,#8317,#773,.T.);
#8749=EDGE_CURVE('',#8317,#8319,#777,.T.);
#8751=EDGE_CURVE('',#8319,#8321,#781,.T.);
#8753=EDGE_CURVE('',#8321,#8323,#785,.T.);
#8755=EDGE_CURVE('',#8323,#8325,#789,.T.);
#8757=EDGE_CURVE('',#8325,#8327,#793,.T.);
#8759=EDGE_CURVE('',#8327,#8329,#797,.T.);
#8761=EDGE_CURVE('',#8329,#8331,#801,.T.);
#8763=EDGE_CURVE('',#8331,#8333,#805,.T.);
#8765=EDGE_CURVE('',#8333,#8335,#809,.T.);
#8767=EDGE_CURVE('',#8335,#8337,#813,.T.);
#8769=EDGE_CURVE('',#8337,#8339,#817,.T.);
#8771=EDGE_CURVE('',#8339,#8341,#821,.T.);
#8773=EDGE_CURVE('',#8341,#8343,#825,.T.);
#8775=EDGE_CURVE('',#8343,#8345,#829,.T.);
#8777=EDGE_CURVE('',#8345,#8347,#833,.T.);
#8779=EDGE_CURVE('',#8347,#8349,#837,.T.);
#8781=EDGE_CURVE('',#8349,#8351,#841,.T.);
#8783=EDGE_CURVE('',#8351,#8353,#845,.T.);
#8785=EDGE_CURVE('',#8353,#8355,#849,.T.);
#8787=EDGE_CURVE('',#8355,#8357,#853,.T.);
#8789=EDGE_CURVE('',#8357,#8359,#857,.T.);
#8791=EDGE_CURVE('',#8359,#8361,#861,.T.);
#8793=EDGE_CURVE('',#8361,#8363,#865,.T.);
#8795=EDGE_CURVE('',#8363,#8365,#869,.T.);
#8797=EDGE_CURVE('',#8365,#8367,#873,.T.);
#8799=EDGE_CURVE('',#8367,#8369,#877,.T.);
#8801=EDGE_CURVE('',#8369,#8371,#881,.T.);
#8803=EDGE_CURVE('',#8371,#8373,#885,.T.);
#8805=EDGE_CURVE('',#8373,#8375,#889,.T.);
#8807=EDGE_CURVE('',#8375,#8377,#893,.T.);
#8809=EDGE_CURVE('',#8377,#8300,#897,.T.);
#8819=EDGE_CURVE('',#7688,#7689,#176,.T.);
#8821=EDGE_CURVE('',#7688,#7681,#1692,.T.);
#8823=EDGE_CURVE('',#7668,#7681,#181,.T.);
#8825=EDGE_CURVE('',#7668,#7669,#185,.T.);
#8827=EDGE_CURVE('',#7669,#7613,#189,.T.);
#8829=EDGE_CURVE('',#7612,#7613,#193,.T.);
#8831=EDGE_CURVE('',#6716,#7612,#1628,.T.);
#8833=EDGE_CURVE('',#6713,#6716,#3724,.T.);
#8835=EDGE_CURVE('',#7636,#6713,#1488,.T.);
#8837=EDGE_CURVE('',#7636,#7637,#197,.T.);
#8839=EDGE_CURVE('',#7637,#7684,#201,.T.);
#8841=EDGE_CURVE('',#7684,#7685,#205,.T.);
#8843=EDGE_CURVE('',#7679,#7685,#210,.T.);
#8845=EDGE_CURVE('',#7709,#7679,#1432,.T.);
#8847=EDGE_CURVE('',#7707,#7709,#215,.T.);
#8849=EDGE_CURVE('',#7707,#7689,#219,.T.);
#8853=EDGE_CURVE('',#6456,#6457,#1041,.T.);
#8855=EDGE_CURVE('',#6457,#6475,#1101,.T.);
#8857=EDGE_CURVE('',#6475,#6477,#1092,.T.);
#8859=EDGE_CURVE('',#6477,#6461,#1084,.T.);
#8861=EDGE_CURVE('',#6460,#6461,#1075,.T.);
#8863=EDGE_CURVE('',#6460,#6471,#1067,.T.);
#8865=EDGE_CURVE('',#6471,#6473,#1058,.T.);
#8867=EDGE_CURVE('',#6473,#6456,#1050,.T.);
#8871=EDGE_CURVE('',#7980,#7981,#156,.T.);
#8873=EDGE_CURVE('',#7981,#7980,#161,.T.);
#8877=EDGE_CURVE('',#7984,#7985,#166,.T.);
#8879=EDGE_CURVE('',#7985,#7984,#171,.T.);
#8889=EDGE_CURVE('',#7940,#7941,#501,.T.);
#8891=EDGE_CURVE('',#7941,#7943,#505,.T.);
#8893=EDGE_CURVE('',#7943,#7945,#509,.T.);
#8895=EDGE_CURVE('',#7945,#7947,#513,.T.);
#8897=EDGE_CURVE('',#7947,#7949,#517,.T.);
#8899=EDGE_CURVE('',#7949,#7951,#521,.T.);
#8901=EDGE_CURVE('',#7951,#7953,#525,.T.);
#8903=EDGE_CURVE('',#7953,#7955,#529,.T.);
#8905=EDGE_CURVE('',#7955,#7957,#533,.T.);
#8907=EDGE_CURVE('',#7957,#7959,#537,.T.);
#8909=EDGE_CURVE('',#7959,#7961,#541,.T.);
#8911=EDGE_CURVE('',#7961,#7963,#545,.T.);
#8913=EDGE_CURVE('',#7963,#7965,#549,.T.);
#8915=EDGE_CURVE('',#7965,#7967,#553,.T.);
#8917=EDGE_CURVE('',#7967,#7969,#557,.T.);
#8919=EDGE_CURVE('',#7969,#7971,#561,.T.);
#8921=EDGE_CURVE('',#7971,#7973,#565,.T.);
#8923=EDGE_CURVE('',#7973,#7975,#569,.T.);
#8925=EDGE_CURVE('',#7975,#7977,#573,.T.);
#8927=EDGE_CURVE('',#7977,#7940,#577,.T.);
#8937=EDGE_CURVE('',#8380,#8381,#901,.T.);
#8939=EDGE_CURVE('',#8381,#8383,#905,.T.);
#8941=EDGE_CURVE('',#8383,#8385,#909,.T.);
#8943=EDGE_CURVE('',#8385,#8387,#913,.T.);
#8945=EDGE_CURVE('',#8387,#8389,#917,.T.);
#8947=EDGE_CURVE('',#8389,#8391,#921,.T.);
#8949=EDGE_CURVE('',#8391,#8393,#925,.T.);
#8951=EDGE_CURVE('',#8393,#8395,#929,.T.);
#8953=EDGE_CURVE('',#8395,#8397,#933,.T.);
#8955=EDGE_CURVE('',#8397,#8399,#937,.T.);
#8957=EDGE_CURVE('',#8399,#8401,#941,.T.);
#8959=EDGE_CURVE('',#8401,#8403,#945,.T.);
#8961=EDGE_CURVE('',#8403,#8405,#949,.T.);
#8963=EDGE_CURVE('',#8405,#8407,#953,.T.);
#8965=EDGE_CURVE('',#8407,#8409,#957,.T.);
#8967=EDGE_CURVE('',#8409,#8411,#961,.T.);
#8969=EDGE_CURVE('',#8411,#8413,#965,.T.);
#8971=EDGE_CURVE('',#8413,#8415,#969,.T.);
#8973=EDGE_CURVE('',#8415,#8417,#973,.T.);
#8975=EDGE_CURVE('',#8417,#8380,#977,.T.);
#8986=EDGE_CURVE('',#6449,#6421,#985,.T.);
#8989=EDGE_CURVE('',#6448,#6420,#1020,.T.);
#9000=EDGE_CURVE('',#6469,#6424,#994,.T.);
#9013=EDGE_CURVE('',#6468,#6425,#1002,.T.);
#9040=EDGE_CURVE('',#6464,#6417,#1028,.T.);
#9053=EDGE_CURVE('',#6465,#6416,#1037,.T.);
#9076=EDGE_CURVE('',#6456,#6437,#1045,.T.);
#9079=EDGE_CURVE('',#6457,#6439,#1105,.T.);
#9090=EDGE_CURVE('',#6473,#6435,#1054,.T.);
#9103=EDGE_CURVE('',#6471,#6432,#1062,.T.);
#9116=EDGE_CURVE('',#6460,#6433,#1071,.T.);
#9129=EDGE_CURVE('',#6461,#6445,#1079,.T.);
#9142=EDGE_CURVE('',#6477,#6443,#1088,.T.);
#9155=EDGE_CURVE('',#6475,#6441,#1096,.T.);
#9179=EDGE_CURVE('',#7993,#7989,#1110,.T.);
#9181=EDGE_CURVE('',#7981,#7989,#1269,.T.);
#9184=EDGE_CURVE('',#7980,#7993,#1114,.T.);
#9194=EDGE_CURVE('',#7988,#7989,#1122,.T.);
#9197=EDGE_CURVE('',#7992,#7993,#1118,.T.);
#9199=EDGE_CURVE('',#7992,#7988,#1127,.T.);
#9210=EDGE_CURVE('',#7988,#7992,#1132,.T.);
#9213=EDGE_CURVE('',#7989,#7993,#1265,.T.);
#9227=EDGE_CURVE('',#8000,#7996,#1137,.T.);
#9229=EDGE_CURVE('',#7996,#8000,#1142,.T.);
#9239=EDGE_CURVE('',#8016,#8012,#1157,.T.);
#9241=EDGE_CURVE('',#8012,#8016,#1162,.T.);
#9245=EDGE_CURVE('',#8008,#8004,#1147,.T.);
#9247=EDGE_CURVE('',#8004,#8008,#1152,.T.);
#9257=EDGE_CURVE('',#7996,#7997,#1170,.T.);
#9259=EDGE_CURVE('',#8001,#7997,#1188,.T.);
#9261=EDGE_CURVE('',#8000,#8001,#1166,.T.);
#9275=EDGE_CURVE('',#7997,#8001,#1175,.T.);
#9286=EDGE_CURVE('',#8001,#7224,#1179,.T.);
#9288=EDGE_CURVE('',#7224,#7225,#1193,.T.);
#9290=EDGE_CURVE('',#7997,#7225,#1183,.T.);
#9302=EDGE_CURVE('',#7224,#7225,#1198,.T.);
#9323=EDGE_CURVE('',#8004,#8005,#1206,.T.);
#9325=EDGE_CURVE('',#8009,#8005,#1221,.T.);
#9327=EDGE_CURVE('',#8008,#8009,#1202,.T.);
#9341=EDGE_CURVE('',#8005,#8009,#1211,.T.);
#9352=EDGE_CURVE('',#7212,#8009,#1234,.T.);
#9354=EDGE_CURVE('',#7212,#7213,#1216,.T.);
#9356=EDGE_CURVE('',#7213,#8005,#1225,.T.);
#9368=EDGE_CURVE('',#7212,#7213,#1230,.T.);
#9389=EDGE_CURVE('',#8012,#8013,#1242,.T.);
#9391=EDGE_CURVE('',#8017,#8013,#1256,.T.);
#9393=EDGE_CURVE('',#8016,#8017,#1238,.T.);
#9407=EDGE_CURVE('',#8013,#8017,#1247,.T.);
#9418=EDGE_CURVE('',#7985,#8017,#1260,.T.);
#9421=EDGE_CURVE('',#7984,#8013,#1251,.T.);
#9456=EDGE_CURVE('',#7691,#7689,#1273,.T.);
#9458=EDGE_CURVE('',#7691,#7693,#4843,.T.);
#9460=EDGE_CURVE('',#7693,#7695,#4834,.T.);
#9462=EDGE_CURVE('',#7695,#7697,#1330,.T.);
#9464=EDGE_CURVE('',#7697,#7688,#1656,.T.);
#9476=EDGE_CURVE('',#7707,#7705,#1277,.T.);
#9478=EDGE_CURVE('',#7705,#7445,#1281,.T.);
#9480=EDGE_CURVE('',#7445,#7424,#1285,.T.);
#9482=EDGE_CURVE('',#7424,#7425,#4883,.T.);
#9484=EDGE_CURVE('',#7440,#7425,#4915,.T.);
#9486=EDGE_CURVE('',#7440,#7405,#1289,.T.);
#9488=EDGE_CURVE('',#7404,#7405,#1293,.T.);
#9490=EDGE_CURVE('',#7404,#7400,#1297,.T.);
#9492=EDGE_CURVE('',#7400,#7401,#1301,.T.);
#9494=EDGE_CURVE('',#7401,#7437,#1305,.T.);
#9496=EDGE_CURVE('',#7437,#7421,#1309,.T.);
#9498=EDGE_CURVE('',#7421,#7416,#4871,.T.);
#9500=EDGE_CURVE('',#7432,#7416,#4863,.T.);
#9502=EDGE_CURVE('',#7432,#7691,#1313,.T.);
#9512=EDGE_CURVE('',#7700,#7701,#1343,.T.);
#9514=EDGE_CURVE('',#7701,#7703,#1380,.T.);
#9516=EDGE_CURVE('',#7703,#7705,#1360,.T.);
#9520=EDGE_CURVE('',#7709,#7700,#1428,.T.);
#9531=EDGE_CURVE('',#7409,#7404,#1317,.T.);
#9533=EDGE_CURVE('',#7409,#7407,#1321,.T.);
#9535=EDGE_CURVE('',#7407,#7400,#1325,.T.);
#9546=EDGE_CURVE('',#7413,#7695,#1334,.T.);
#9548=EDGE_CURVE('',#7413,#6501,#1338,.T.);
#9550=EDGE_CURVE('',#6501,#7697,#1660,.T.);
#9561=EDGE_CURVE('',#6499,#7700,#1464,.T.);
#9563=EDGE_CURVE('',#6499,#7411,#1347,.T.);
#9565=EDGE_CURVE('',#7411,#7701,#1351,.T.);
#9576=EDGE_CURVE('',#7405,#7397,#1355,.T.);
#9578=EDGE_CURVE('',#7397,#7409,#1384,.T.);
#9590=EDGE_CURVE('',#7703,#7396,#1364,.T.);
#9592=EDGE_CURVE('',#7396,#7397,#1388,.T.);
#9596=EDGE_CURVE('',#7440,#7441,#1368,.T.);
#9598=EDGE_CURVE('',#7441,#7443,#1372,.T.);
#9600=EDGE_CURVE('',#7445,#7443,#1376,.T.);
#9613=EDGE_CURVE('',#7411,#7396,#1392,.T.);
#9629=EDGE_CURVE('',#6491,#6499,#1460,.T.);
#9631=EDGE_CURVE('',#6491,#6481,#1396,.T.);
#9633=EDGE_CURVE('',#6535,#6481,#1400,.T.);
#9635=EDGE_CURVE('',#6534,#6535,#1404,.T.);
#9637=EDGE_CURVE('',#6534,#6485,#1408,.T.);
#9639=EDGE_CURVE('',#6497,#6485,#1412,.T.);
#9641=EDGE_CURVE('',#6497,#6501,#1664,.T.);
#9644=EDGE_CURVE('',#7393,#7413,#1416,.T.);
#9646=EDGE_CURVE('',#7392,#7393,#1420,.T.);
#9648=EDGE_CURVE('',#7407,#7392,#1424,.T.);
#9660=EDGE_CURVE('',#7661,#7679,#1436,.T.);
#9662=EDGE_CURVE('',#7660,#7661,#1440,.T.);
#9664=EDGE_CURVE('',#6515,#7660,#1444,.T.);
#9666=EDGE_CURVE('',#6515,#6488,#1448,.T.);
#9668=EDGE_CURVE('',#6488,#6489,#1452,.T.);
#9670=EDGE_CURVE('',#6491,#6489,#1456,.T.);
#9684=EDGE_CURVE('',#7685,#7677,#1468,.T.);
#9686=EDGE_CURVE('',#7677,#7661,#3692,.T.);
#9697=EDGE_CURVE('',#7684,#7676,#1472,.T.);
#9699=EDGE_CURVE('',#7676,#7677,#3696,.T.);
#9710=EDGE_CURVE('',#7673,#7637,#1476,.T.);
#9712=EDGE_CURVE('',#7673,#7676,#3700,.T.);
#9725=EDGE_CURVE('',#7636,#7632,#1484,.T.);
#9727=EDGE_CURVE('',#7632,#7633,#2090,.T.);
#9729=EDGE_CURVE('',#7653,#7633,#3658,.T.);
#9731=EDGE_CURVE('',#7673,#7653,#3704,.T.);
#9742=EDGE_CURVE('',#6505,#7644,#1591,.T.);
#9744=EDGE_CURVE('',#7632,#7644,#1480,.T.);
#9748=EDGE_CURVE('',#6713,#6511,#3720,.T.);
#9750=EDGE_CURVE('',#6511,#6505,#1492,.T.);
#9760=EDGE_CURVE('',#7616,#7617,#1496,.T.);
#9762=EDGE_CURVE('',#7616,#7664,#1500,.T.);
#9764=EDGE_CURVE('',#6517,#7664,#1680,.T.);
#9766=EDGE_CURVE('',#6753,#6517,#2062,.T.);
#9768=EDGE_CURVE('',#6753,#7209,#1505,.T.);
#9770=EDGE_CURVE('',#7209,#7200,#1509,.T.);
#9772=EDGE_CURVE('',#7200,#7201,#1513,.T.);
#9774=EDGE_CURVE('',#7201,#7623,#1517,.T.);
#9776=EDGE_CURVE('',#7623,#7617,#1521,.T.);
#9786=EDGE_CURVE('',#7620,#7621,#1525,.T.);
#9788=EDGE_CURVE('',#7621,#7204,#1529,.T.);
#9790=EDGE_CURVE('',#7204,#7205,#1533,.T.);
#9792=EDGE_CURVE('',#7205,#7207,#1537,.T.);
#9794=EDGE_CURVE('',#7207,#6751,#1542,.T.);
#9796=EDGE_CURVE('',#6721,#6751,#2054,.T.);
#9798=EDGE_CURVE('',#6711,#6721,#1546,.T.);
#9800=EDGE_CURVE('',#6710,#6711,#1550,.T.);
#9802=EDGE_CURVE('',#7620,#6710,#1554,.T.);
#9812=EDGE_CURVE('',#7640,#7641,#1558,.T.);
#9814=EDGE_CURVE('',#7647,#7641,#1562,.T.);
#9816=EDGE_CURVE('',#7647,#6749,#1566,.T.);
#9818=EDGE_CURVE('',#6748,#6749,#1570,.T.);
#9820=EDGE_CURVE('',#6748,#6738,#1574,.T.);
#9822=EDGE_CURVE('',#6738,#6739,#1579,.T.);
#9824=EDGE_CURVE('',#6515,#6739,#2034,.T.);
#9827=EDGE_CURVE('',#7660,#7640,#1583,.T.);
#9837=EDGE_CURVE('',#7644,#7645,#1587,.T.);
#9840=EDGE_CURVE('',#6504,#6505,#1595,.T.);
#9842=EDGE_CURVE('',#6513,#6504,#1599,.T.);
#9844=EDGE_CURVE('',#6742,#6513,#2042,.T.);
#9846=EDGE_CURVE('',#6742,#6743,#1604,.T.);
#9848=EDGE_CURVE('',#6743,#6745,#1608,.T.);
#9850=EDGE_CURVE('',#6745,#7181,#1612,.T.);
#9852=EDGE_CURVE('',#7181,#7645,#1616,.T.);
#9863=EDGE_CURVE('',#7617,#7609,#1620,.T.);
#9865=EDGE_CURVE('',#7609,#7629,#1624,.T.);
#9867=EDGE_CURVE('',#7616,#7629,#3666,.T.);
#9878=EDGE_CURVE('',#7620,#7608,#1636,.T.);
#9880=EDGE_CURVE('',#7608,#7609,#1640,.T.);
#9884=EDGE_CURVE('',#7623,#7627,#2366,.T.);
#9886=EDGE_CURVE('',#7626,#7627,#2114,.T.);
#9888=EDGE_CURVE('',#7621,#7626,#2398,.T.);
#9899=EDGE_CURVE('',#7608,#7612,#1632,.T.);
#9903=EDGE_CURVE('',#6717,#6710,#4032,.T.);
#9905=EDGE_CURVE('',#6716,#6717,#3728,.T.);
#9916=EDGE_CURVE('',#7671,#7613,#1644,.T.);
#9918=EDGE_CURVE('',#7671,#7629,#3670,.T.);
#9933=EDGE_CURVE('',#7669,#7657,#1648,.T.);
#9935=EDGE_CURVE('',#7657,#7671,#3674,.T.);
#9946=EDGE_CURVE('',#7668,#7656,#1652,.T.);
#9948=EDGE_CURVE('',#7656,#7657,#3678,.T.);
#9959=EDGE_CURVE('',#7665,#7681,#1688,.T.);
#9961=EDGE_CURVE('',#7665,#7656,#3683,.T.);
#9976=EDGE_CURVE('',#6497,#6495,#1668,.T.);
#9978=EDGE_CURVE('',#6494,#6495,#1672,.T.);
#9980=EDGE_CURVE('',#6517,#6494,#1676,.T.);
#9983=EDGE_CURVE('',#7664,#7665,#1684,.T.);
#9995=EDGE_CURVE('',#6484,#6485,#1754,.T.);
#9997=EDGE_CURVE('',#6495,#6484,#1774,.T.);
#10003=EDGE_CURVE('',#6686,#6687,#1696,.T.);
#10005=EDGE_CURVE('',#6687,#6689,#1701,.T.);
#10007=EDGE_CURVE('',#6689,#6691,#1705,.T.);
#10009=EDGE_CURVE('',#6691,#6693,#1710,.T.);
#10011=EDGE_CURVE('',#6693,#6695,#1714,.T.);
#10013=EDGE_CURVE('',#6695,#6697,#1719,.T.);
#10015=EDGE_CURVE('',#6697,#6699,#1723,.T.);
#10017=EDGE_CURVE('',#6699,#6701,#1728,.T.);
#10019=EDGE_CURVE('',#6701,#6703,#1732,.T.);
#10021=EDGE_CURVE('',#6703,#6705,#1737,.T.);
#10023=EDGE_CURVE('',#6705,#6707,#1741,.T.);
#10025=EDGE_CURVE('',#6707,#6686,#1746,.T.);
#10035=EDGE_CURVE('',#6534,#6539,#1750,.T.);
#10037=EDGE_CURVE('',#6484,#6539,#1778,.T.);
#10049=EDGE_CURVE('',#7385,#6537,#1790,.T.);
#10051=EDGE_CURVE('',#7389,#7385,#1758,.T.);
#10053=EDGE_CURVE('',#7388,#7389,#3756,.T.);
#10055=EDGE_CURVE('',#7381,#7388,#1762,.T.);
#10057=EDGE_CURVE('',#6539,#7381,#1782,.T.);
#10061=EDGE_CURVE('',#6535,#6537,#4040,.T.);
#10071=EDGE_CURVE('',#7380,#7381,#1766,.T.);
#10073=EDGE_CURVE('',#7380,#6494,#1770,.T.);
#10081=EDGE_CURVE('',#7248,#7249,#1817,.T.);
#10083=EDGE_CURVE('',#7249,#7248,#1822,.T.);
#10093=EDGE_CURVE('',#7384,#7385,#1786,.T.);
#10096=EDGE_CURVE('',#6537,#6480,#1794,.T.);
#10098=EDGE_CURVE('',#6480,#6489,#1798,.T.);
#10101=EDGE_CURVE('',#6488,#7384,#1802,.T.);
#10105=EDGE_CURVE('',#7244,#7245,#1807,.T.);
#10107=EDGE_CURVE('',#7245,#7244,#1812,.T.);
#10117=EDGE_CURVE('',#6788,#6789,#1826,.T.);
#10119=EDGE_CURVE('',#7289,#6788,#1831,.T.);
#10121=EDGE_CURVE('',#7288,#7289,#4502,.T.);
#10123=EDGE_CURVE('',#6789,#7288,#1836,.T.);
#10133=EDGE_CURVE('',#6792,#6793,#1840,.T.);
#10135=EDGE_CURVE('',#7273,#6792,#1845,.T.);
#10137=EDGE_CURVE('',#7272,#7273,#1850,.T.);
#10139=EDGE_CURVE('',#6793,#7272,#1855,.T.);
#10149=EDGE_CURVE('',#6796,#6797,#1859,.T.);
#10151=EDGE_CURVE('',#7293,#6796,#1864,.T.);
#10153=EDGE_CURVE('',#7292,#7293,#4467,.T.);
#10155=EDGE_CURVE('',#6797,#7292,#1869,.T.);
#10165=EDGE_CURVE('',#6800,#6801,#1873,.T.);
#10167=EDGE_CURVE('',#7269,#6800,#1878,.T.);
#10169=EDGE_CURVE('',#7268,#7269,#1883,.T.);
#10171=EDGE_CURVE('',#6801,#7268,#1888,.T.);
#10181=EDGE_CURVE('',#6804,#6805,#1892,.T.);
#10183=EDGE_CURVE('',#6804,#6817,#1897,.T.);
#10185=EDGE_CURVE('',#6816,#6817,#1901,.T.);
#10187=EDGE_CURVE('',#6816,#6813,#1906,.T.);
#10189=EDGE_CURVE('',#6812,#6813,#1910,.T.);
#10191=EDGE_CURVE('',#6812,#6809,#1915,.T.);
#10193=EDGE_CURVE('',#6808,#6809,#1919,.T.);
#10195=EDGE_CURVE('',#6808,#6805,#1924,.T.);
#10205=EDGE_CURVE('',#7304,#7305,#4770,.T.);
#10207=EDGE_CURVE('',#7353,#7304,#1929,.T.);
#10209=EDGE_CURVE('',#7351,#7353,#1933,.T.);
#10211=EDGE_CURVE('',#7305,#7351,#1938,.T.);
#10221=EDGE_CURVE('',#7276,#7277,#1943,.T.);
#10223=EDGE_CURVE('',#7349,#7276,#1948,.T.);
#10225=EDGE_CURVE('',#7348,#7349,#1952,.T.);
#10227=EDGE_CURVE('',#7277,#7348,#1957,.T.);
#10237=EDGE_CURVE('',#7308,#7309,#4735,.T.);
#10239=EDGE_CURVE('',#7361,#7308,#1962,.T.);
#10241=EDGE_CURVE('',#7359,#7361,#1966,.T.);
#10243=EDGE_CURVE('',#7309,#7359,#1971,.T.);
#10253=EDGE_CURVE('',#7280,#7281,#1976,.T.);
#10255=EDGE_CURVE('',#7357,#7280,#1981,.T.);
#10257=EDGE_CURVE('',#7355,#7357,#1985,.T.);
#10259=EDGE_CURVE('',#7281,#7355,#1990,.T.);
#10269=EDGE_CURVE('',#7364,#7365,#1995,.T.);
#10271=EDGE_CURVE('',#7377,#7365,#1999,.T.);
#10273=EDGE_CURVE('',#7377,#7375,#2004,.T.);
#10275=EDGE_CURVE('',#7373,#7375,#2008,.T.);
#10277=EDGE_CURVE('',#7373,#7371,#2013,.T.);
#10279=EDGE_CURVE('',#7369,#7371,#2017,.T.);
#10281=EDGE_CURVE('',#7369,#7367,#2022,.T.);
#10283=EDGE_CURVE('',#7364,#7367,#2026,.T.);
#10293=EDGE_CURVE('',#6529,#7380,#2030,.T.);
#10297=EDGE_CURVE('',#6520,#7388,#3760,.T.);
#10299=EDGE_CURVE('',#6528,#6520,#3854,.T.);
#10301=EDGE_CURVE('',#6528,#6529,#3740,.T.);
#10312=EDGE_CURVE('',#6739,#6727,#2038,.T.);
#10314=EDGE_CURVE('',#6727,#6729,#2177,.T.);
#10316=EDGE_CURVE('',#6742,#6729,#2110,.T.);
#10319=EDGE_CURVE('',#6508,#6513,#2046,.T.);
#10321=EDGE_CURVE('',#6508,#6525,#2050,.T.);
#10323=EDGE_CURVE('',#7384,#6525,#3752,.T.);
#10336=EDGE_CURVE('',#6751,#7193,#2058,.T.);
#10338=EDGE_CURVE('',#7193,#7195,#2135,.T.);
#10340=EDGE_CURVE('',#6753,#7195,#2382,.T.);
#10346=EDGE_CURVE('',#6529,#6531,#2066,.T.);
#10348=EDGE_CURVE('',#6531,#6721,#2070,.T.);
#10359=EDGE_CURVE('',#6738,#6725,#2074,.T.);
#10361=EDGE_CURVE('',#6725,#6727,#2182,.T.);
#10372=EDGE_CURVE('',#6748,#6724,#2078,.T.);
#10374=EDGE_CURVE('',#6724,#6725,#2186,.T.);
#10387=EDGE_CURVE('',#6749,#6735,#2082,.T.);
#10389=EDGE_CURVE('',#6735,#6724,#2190,.T.);
#10400=EDGE_CURVE('',#7647,#7651,#2086,.T.);
#10402=EDGE_CURVE('',#7651,#6735,#2194,.T.);
#10415=EDGE_CURVE('',#7645,#7650,#2094,.T.);
#10417=EDGE_CURVE('',#7650,#7651,#2156,.T.);
#10421=EDGE_CURVE('',#7633,#7641,#3662,.T.);
#10435=EDGE_CURVE('',#7181,#7179,#2098,.T.);
#10437=EDGE_CURVE('',#7179,#7650,#2160,.T.);
#10448=EDGE_CURVE('',#6745,#6733,#2102,.T.);
#10450=EDGE_CURVE('',#6733,#7179,#2164,.T.);
#10462=EDGE_CURVE('',#6743,#6731,#2106,.T.);
#10464=EDGE_CURVE('',#6731,#6733,#2168,.T.);
#10477=EDGE_CURVE('',#6729,#6731,#2173,.T.);
#10489=EDGE_CURVE('',#7185,#7627,#2118,.T.);
#10491=EDGE_CURVE('',#7184,#7185,#2122,.T.);
#10493=EDGE_CURVE('',#7197,#7184,#2126,.T.);
#10495=EDGE_CURVE('',#7195,#7197,#2131,.T.);
#10498=EDGE_CURVE('',#7191,#7193,#2140,.T.);
#10500=EDGE_CURVE('',#7189,#7191,#2144,.T.);
#10502=EDGE_CURVE('',#7188,#7189,#2148,.T.);
#10504=EDGE_CURVE('',#7626,#7188,#2152,.T.);
#10508=EDGE_CURVE('',#7176,#7177,#2229,.T.);
#10510=EDGE_CURVE('',#7177,#7176,#2234,.T.);
#10532=EDGE_CURVE('',#7160,#7161,#2209,.T.);
#10534=EDGE_CURVE('',#7161,#7160,#2214,.T.);
#10544=EDGE_CURVE('',#7156,#7157,#2199,.T.);
#10546=EDGE_CURVE('',#7157,#7156,#2204,.T.);
#10550=EDGE_CURVE('',#6924,#6925,#2270,.T.);
#10552=EDGE_CURVE('',#6925,#6933,#2274,.T.);
#10554=EDGE_CURVE('',#6932,#6933,#2278,.T.);
#10556=EDGE_CURVE('',#6924,#6932,#2282,.T.);
#10560=EDGE_CURVE('',#6928,#6929,#2286,.T.);
#10562=EDGE_CURVE('',#6929,#6937,#2290,.T.);
#10564=EDGE_CURVE('',#6936,#6937,#2294,.T.);
#10566=EDGE_CURVE('',#6928,#6936,#2298,.T.);
#10570=EDGE_CURVE('',#6976,#6977,#2302,.T.);
#10572=EDGE_CURVE('',#6981,#6977,#2306,.T.);
#10574=EDGE_CURVE('',#6979,#6981,#2310,.T.);
#10576=EDGE_CURVE('',#6979,#6976,#2314,.T.);
#10580=EDGE_CURVE('',#7036,#7037,#2318,.T.);
#10582=EDGE_CURVE('',#7041,#7037,#2322,.T.);
#10584=EDGE_CURVE('',#7039,#7041,#2326,.T.);
#10586=EDGE_CURVE('',#7039,#7036,#2330,.T.);
#10596=EDGE_CURVE('',#7172,#7173,#2219,.T.);
#10598=EDGE_CURVE('',#7173,#7172,#2224,.T.);
#10602=EDGE_CURVE('',#6820,#6821,#2238,.T.);
#10604=EDGE_CURVE('',#6821,#6825,#2242,.T.);
#10606=EDGE_CURVE('',#6824,#6825,#2246,.T.);
#10608=EDGE_CURVE('',#6820,#6824,#2250,.T.);
#10612=EDGE_CURVE('',#6828,#6829,#2254,.T.);
#10614=EDGE_CURVE('',#6829,#6833,#2258,.T.);
#10616=EDGE_CURVE('',#6832,#6833,#2262,.T.);
#10618=EDGE_CURVE('',#6828,#6832,#2266,.T.);
#10622=EDGE_CURVE('',#7132,#7133,#2334,.T.);
#10624=EDGE_CURVE('',#7133,#7141,#2338,.T.);
#10626=EDGE_CURVE('',#7140,#7141,#2342,.T.);
#10628=EDGE_CURVE('',#7132,#7140,#2346,.T.);
#10632=EDGE_CURVE('',#7136,#7137,#2350,.T.);
#10634=EDGE_CURVE('',#7137,#7145,#2354,.T.);
#10636=EDGE_CURVE('',#7144,#7145,#2358,.T.);
#10638=EDGE_CURVE('',#7136,#7144,#2362,.T.);
#10650=EDGE_CURVE('',#7201,#7185,#2370,.T.);
#10662=EDGE_CURVE('',#7200,#7184,#2374,.T.);
#10675=EDGE_CURVE('',#7209,#7197,#2378,.T.);
#10700=EDGE_CURVE('',#7207,#7191,#2386,.T.);
#10713=EDGE_CURVE('',#7205,#7189,#2390,.T.);
#10726=EDGE_CURVE('',#7204,#7188,#2394,.T.);
#10751=EDGE_CURVE('',#7157,#7148,#2402,.T.);
#10753=EDGE_CURVE('',#7148,#7149,#2411,.T.);
#10755=EDGE_CURVE('',#7156,#7149,#2406,.T.);
#10767=EDGE_CURVE('',#7149,#7148,#2416,.T.);
#10778=EDGE_CURVE('',#7152,#7153,#2421,.T.);
#10780=EDGE_CURVE('',#7153,#7152,#2426,.T.);
#10794=EDGE_CURVE('',#7168,#7169,#2441,.T.);
#10796=EDGE_CURVE('',#7169,#7168,#2446,.T.);
#10800=EDGE_CURVE('',#7164,#7165,#2431,.T.);
#10802=EDGE_CURVE('',#7165,#7164,#2436,.T.);
#10813=EDGE_CURVE('',#7160,#7152,#2450,.T.);
#10816=EDGE_CURVE('',#7161,#7153,#2454,.T.);
#10839=EDGE_CURVE('',#7173,#7164,#2458,.T.);
#10842=EDGE_CURVE('',#7172,#7165,#2462,.T.);
#10865=EDGE_CURVE('',#7176,#7168,#2466,.T.);
#10868=EDGE_CURVE('',#7177,#7169,#2470,.T.);
#10891=EDGE_CURVE('',#6820,#6836,#2474,.T.);
#10893=EDGE_CURVE('',#6836,#6837,#2479,.T.);
#10895=EDGE_CURVE('',#6837,#6839,#2483,.T.);
#10897=EDGE_CURVE('',#6839,#6841,#2488,.T.);
#10899=EDGE_CURVE('',#6841,#6843,#2492,.T.);
#10901=EDGE_CURVE('',#6843,#6845,#2496,.T.);
#10903=EDGE_CURVE('',#6845,#6847,#2500,.T.);
#10905=EDGE_CURVE('',#6847,#6849,#2504,.T.);
#10907=EDGE_CURVE('',#6849,#6851,#2509,.T.);
#10909=EDGE_CURVE('',#6851,#6853,#2513,.T.);
#10911=EDGE_CURVE('',#6853,#6855,#2518,.T.);
#10913=EDGE_CURVE('',#6855,#6821,#2522,.T.);
#10924=EDGE_CURVE('',#6828,#6858,#2526,.T.);
#10926=EDGE_CURVE('',#6858,#6859,#2531,.T.);
#10928=EDGE_CURVE('',#6859,#6861,#2535,.T.);
#10930=EDGE_CURVE('',#6861,#6863,#2540,.T.);
#10932=EDGE_CURVE('',#6863,#6865,#2544,.T.);
#10934=EDGE_CURVE('',#6865,#6867,#2548,.T.);
#10936=EDGE_CURVE('',#6867,#6869,#2552,.T.);
#10938=EDGE_CURVE('',#6869,#6871,#2556,.T.);
#10940=EDGE_CURVE('',#6871,#6873,#2561,.T.);
#10942=EDGE_CURVE('',#6873,#6875,#2565,.T.);
#10944=EDGE_CURVE('',#6875,#6877,#2570,.T.);
#10946=EDGE_CURVE('',#6877,#6829,#2574,.T.);
#10957=EDGE_CURVE('',#6924,#7542,#2578,.T.);
#10959=EDGE_CURVE('',#7542,#7543,#2583,.T.);
#10961=EDGE_CURVE('',#7543,#7545,#2587,.T.);
#10963=EDGE_CURVE('',#7545,#7547,#2592,.T.);
#10965=EDGE_CURVE('',#7547,#7549,#2596,.T.);
#10967=EDGE_CURVE('',#7549,#7551,#2600,.T.);
#10969=EDGE_CURVE('',#7551,#7553,#2604,.T.);
#10971=EDGE_CURVE('',#7553,#7555,#2608,.T.);
#10973=EDGE_CURVE('',#7555,#7557,#2613,.T.);
#10975=EDGE_CURVE('',#7557,#7559,#2617,.T.);
#10977=EDGE_CURVE('',#7559,#7561,#2622,.T.);
#10979=EDGE_CURVE('',#7561,#6925,#2626,.T.);
#10990=EDGE_CURVE('',#6928,#7520,#2630,.T.);
#10992=EDGE_CURVE('',#7520,#7521,#2635,.T.);
#10994=EDGE_CURVE('',#7521,#7523,#2639,.T.);
#10996=EDGE_CURVE('',#7523,#7525,#2644,.T.);
#10998=EDGE_CURVE('',#7525,#7527,#2648,.T.);
#11000=EDGE_CURVE('',#7527,#7529,#2652,.T.);
#11002=EDGE_CURVE('',#7529,#7531,#2656,.T.);
#11004=EDGE_CURVE('',#7531,#7533,#2660,.T.);
#11006=EDGE_CURVE('',#7533,#7535,#2665,.T.);
#11008=EDGE_CURVE('',#7535,#7537,#2669,.T.);
#11010=EDGE_CURVE('',#7537,#7539,#2674,.T.);
#11012=EDGE_CURVE('',#7539,#6929,#2678,.T.);
#11023=EDGE_CURVE('',#6824,#6880,#2730,.T.);
#11025=EDGE_CURVE('',#6836,#6880,#2930,.T.);
#11037=EDGE_CURVE('',#6899,#6825,#2682,.T.);
#11039=EDGE_CURVE('',#6897,#6899,#2687,.T.);
#11041=EDGE_CURVE('',#6895,#6897,#2691,.T.);
#11043=EDGE_CURVE('',#6893,#6895,#2696,.T.);
#11045=EDGE_CURVE('',#6891,#6893,#2700,.T.);
#11047=EDGE_CURVE('',#6889,#6891,#2704,.T.);
#11049=EDGE_CURVE('',#6887,#6889,#2708,.T.);
#11051=EDGE_CURVE('',#6885,#6887,#2712,.T.);
#11053=EDGE_CURVE('',#6883,#6885,#2717,.T.);
#11055=EDGE_CURVE('',#6881,#6883,#2721,.T.);
#11057=EDGE_CURVE('',#6880,#6881,#2726,.T.);
#11069=EDGE_CURVE('',#6921,#6833,#2734,.T.);
#11071=EDGE_CURVE('',#6919,#6921,#2739,.T.);
#11073=EDGE_CURVE('',#6917,#6919,#2743,.T.);
#11075=EDGE_CURVE('',#6915,#6917,#2748,.T.);
#11077=EDGE_CURVE('',#6913,#6915,#2752,.T.);
#11079=EDGE_CURVE('',#6911,#6913,#2756,.T.);
#11081=EDGE_CURVE('',#6909,#6911,#2760,.T.);
#11083=EDGE_CURVE('',#6907,#6909,#2764,.T.);
#11085=EDGE_CURVE('',#6905,#6907,#2769,.T.);
#11087=EDGE_CURVE('',#6903,#6905,#2773,.T.);
#11089=EDGE_CURVE('',#6902,#6903,#2778,.T.);
#11091=EDGE_CURVE('',#6832,#6902,#2782,.T.);
#11102=EDGE_CURVE('',#7605,#6933,#2786,.T.);
#11104=EDGE_CURVE('',#7603,#7605,#2791,.T.);
#11106=EDGE_CURVE('',#7601,#7603,#2795,.T.);
#11108=EDGE_CURVE('',#7599,#7601,#2800,.T.);
#11110=EDGE_CURVE('',#7597,#7599,#2804,.T.);
#11112=EDGE_CURVE('',#7595,#7597,#2808,.T.);
#11114=EDGE_CURVE('',#7593,#7595,#2812,.T.);
#11116=EDGE_CURVE('',#7591,#7593,#2816,.T.);
#11118=EDGE_CURVE('',#7589,#7591,#2821,.T.);
#11120=EDGE_CURVE('',#7587,#7589,#2825,.T.);
#11122=EDGE_CURVE('',#7586,#7587,#2830,.T.);
#11124=EDGE_CURVE('',#6932,#7586,#2834,.T.);
#11135=EDGE_CURVE('',#7583,#6937,#2838,.T.);
#11137=EDGE_CURVE('',#7581,#7583,#2843,.T.);
#11139=EDGE_CURVE('',#7579,#7581,#2847,.T.);
#11141=EDGE_CURVE('',#7577,#7579,#2852,.T.);
#11143=EDGE_CURVE('',#7575,#7577,#2856,.T.);
#11145=EDGE_CURVE('',#7573,#7575,#2860,.T.);
#11147=EDGE_CURVE('',#7571,#7573,#2864,.T.);
#11149=EDGE_CURVE('',#7569,#7571,#2868,.T.);
#11151=EDGE_CURVE('',#7567,#7569,#2873,.T.);
#11153=EDGE_CURVE('',#7565,#7567,#2877,.T.);
#11155=EDGE_CURVE('',#7564,#7565,#2882,.T.);
#11157=EDGE_CURVE('',#6936,#7564,#2886,.T.);
#11169=EDGE_CURVE('',#6855,#6899,#2890,.T.);
#11181=EDGE_CURVE('',#6853,#6897,#2894,.T.);
#11194=EDGE_CURVE('',#6851,#6895,#2898,.T.);
#11207=EDGE_CURVE('',#6849,#6893,#2902,.T.);
#11220=EDGE_CURVE('',#6847,#6891,#2906,.T.);
#11233=EDGE_CURVE('',#6845,#6889,#2910,.T.);
#11246=EDGE_CURVE('',#6843,#6887,#2914,.T.);
#11259=EDGE_CURVE('',#6841,#6885,#2918,.T.);
#11272=EDGE_CURVE('',#6839,#6883,#2922,.T.);
#11285=EDGE_CURVE('',#6837,#6881,#2926,.T.);
#11311=EDGE_CURVE('',#6877,#6921,#2934,.T.);
#11323=EDGE_CURVE('',#6875,#6919,#2938,.T.);
#11336=EDGE_CURVE('',#6873,#6917,#2942,.T.);
#11349=EDGE_CURVE('',#6871,#6915,#2946,.T.);
#11362=EDGE_CURVE('',#6869,#6913,#2950,.T.);
#11375=EDGE_CURVE('',#6867,#6911,#2954,.T.);
#11388=EDGE_CURVE('',#6865,#6909,#2958,.T.);
#11401=EDGE_CURVE('',#6863,#6907,#2962,.T.);
#11414=EDGE_CURVE('',#6861,#6905,#2966,.T.);
#11427=EDGE_CURVE('',#6859,#6903,#2970,.T.);
#11440=EDGE_CURVE('',#6858,#6902,#2974,.T.);
#11466=EDGE_CURVE('',#7561,#7605,#2978,.T.);
#11478=EDGE_CURVE('',#7559,#7603,#2982,.T.);
#11491=EDGE_CURVE('',#7557,#7601,#2986,.T.);
#11504=EDGE_CURVE('',#7555,#7599,#2990,.T.);
#11517=EDGE_CURVE('',#7553,#7597,#2994,.T.);
#11530=EDGE_CURVE('',#7551,#7595,#2998,.T.);
#11543=EDGE_CURVE('',#7549,#7593,#3002,.T.);
#11556=EDGE_CURVE('',#7547,#7591,#3006,.T.);
#11569=EDGE_CURVE('',#7545,#7589,#3010,.T.);
#11582=EDGE_CURVE('',#7543,#7587,#3014,.T.);
#11595=EDGE_CURVE('',#7542,#7586,#3018,.T.);
#11621=EDGE_CURVE('',#7539,#7583,#3022,.T.);
#11633=EDGE_CURVE('',#7537,#7581,#3026,.T.);
#11646=EDGE_CURVE('',#7535,#7579,#3030,.T.);
#11659=EDGE_CURVE('',#7533,#7577,#3034,.T.);
#11672=EDGE_CURVE('',#7531,#7575,#3038,.T.);
#11685=EDGE_CURVE('',#7529,#7573,#3042,.T.);
#11698=EDGE_CURVE('',#7527,#7571,#3046,.T.);
#11711=EDGE_CURVE('',#7525,#7569,#3050,.T.);
#11724=EDGE_CURVE('',#7523,#7567,#3054,.T.);
#11737=EDGE_CURVE('',#7521,#7565,#3058,.T.);
#11750=EDGE_CURVE('',#7520,#7564,#3062,.T.);
#11775=EDGE_CURVE('',#6976,#6983,#3066,.T.);
#11777=EDGE_CURVE('',#6983,#6940,#3071,.T.);
#11779=EDGE_CURVE('',#6940,#6941,#3075,.T.);
#11781=EDGE_CURVE('',#6941,#6944,#3080,.T.);
#11783=EDGE_CURVE('',#6944,#6945,#3084,.T.);
#11785=EDGE_CURVE('',#6945,#6947,#3088,.T.);
#11787=EDGE_CURVE('',#6947,#6949,#3092,.T.);
#11789=EDGE_CURVE('',#6949,#6951,#3096,.T.);
#11791=EDGE_CURVE('',#6951,#6954,#3101,.T.);
#11793=EDGE_CURVE('',#6954,#6955,#3105,.T.);
#11795=EDGE_CURVE('',#6955,#6985,#3110,.T.);
#11797=EDGE_CURVE('',#6985,#6977,#3114,.T.);
#11808=EDGE_CURVE('',#7036,#6988,#3118,.T.);
#11810=EDGE_CURVE('',#6988,#6989,#3123,.T.);
#11812=EDGE_CURVE('',#6989,#6991,#3127,.T.);
#11814=EDGE_CURVE('',#6991,#6993,#3132,.T.);
#11816=EDGE_CURVE('',#6993,#6995,#3136,.T.);
#11818=EDGE_CURVE('',#6995,#6997,#3140,.T.);
#11820=EDGE_CURVE('',#6997,#6999,#3144,.T.);
#11822=EDGE_CURVE('',#6999,#7001,#3148,.T.);
#11824=EDGE_CURVE('',#7001,#7003,#3153,.T.);
#11826=EDGE_CURVE('',#7003,#7005,#3157,.T.);
#11828=EDGE_CURVE('',#7005,#7007,#3162,.T.);
#11830=EDGE_CURVE('',#7007,#7037,#3166,.T.);
#11841=EDGE_CURVE('',#6979,#7009,#3218,.T.);
#11843=EDGE_CURVE('',#6983,#7009,#3314,.T.);
#11855=EDGE_CURVE('',#7011,#6981,#3170,.T.);
#11857=EDGE_CURVE('',#6973,#7011,#3175,.T.);
#11859=EDGE_CURVE('',#6972,#6973,#3179,.T.);
#11861=EDGE_CURVE('',#6969,#6972,#3184,.T.);
#11863=EDGE_CURVE('',#6967,#6969,#3188,.T.);
#11865=EDGE_CURVE('',#6965,#6967,#3192,.T.);
#11867=EDGE_CURVE('',#6963,#6965,#3196,.T.);
#11869=EDGE_CURVE('',#6962,#6963,#3200,.T.);
#11871=EDGE_CURVE('',#6959,#6962,#3205,.T.);
#11873=EDGE_CURVE('',#6958,#6959,#3209,.T.);
#11875=EDGE_CURVE('',#7009,#6958,#3214,.T.);
#11887=EDGE_CURVE('',#7033,#7041,#3222,.T.);
#11889=EDGE_CURVE('',#7031,#7033,#3227,.T.);
#11891=EDGE_CURVE('',#7029,#7031,#3231,.T.);
#11893=EDGE_CURVE('',#7027,#7029,#3236,.T.);
#11895=EDGE_CURVE('',#7025,#7027,#3240,.T.);
#11897=EDGE_CURVE('',#7023,#7025,#3244,.T.);
#11899=EDGE_CURVE('',#7021,#7023,#3248,.T.);
#11901=EDGE_CURVE('',#7019,#7021,#3252,.T.);
#11903=EDGE_CURVE('',#7017,#7019,#3257,.T.);
#11905=EDGE_CURVE('',#7015,#7017,#3261,.T.);
#11907=EDGE_CURVE('',#7014,#7015,#3266,.T.);
#11909=EDGE_CURVE('',#7039,#7014,#3270,.T.);
#11921=EDGE_CURVE('',#6985,#7011,#3274,.T.);
#11933=EDGE_CURVE('',#6955,#6973,#3278,.T.);
#11946=EDGE_CURVE('',#6954,#6972,#3282,.T.);
#11959=EDGE_CURVE('',#6951,#6969,#3286,.T.);
#11972=EDGE_CURVE('',#6949,#6967,#3290,.T.);
#11985=EDGE_CURVE('',#6947,#6965,#3294,.T.);
#11998=EDGE_CURVE('',#6945,#6963,#3298,.T.);
#12011=EDGE_CURVE('',#6944,#6962,#3302,.T.);
#12024=EDGE_CURVE('',#6941,#6959,#3306,.T.);
#12037=EDGE_CURVE('',#6940,#6958,#3310,.T.);
#12063=EDGE_CURVE('',#7007,#7033,#3318,.T.);
#12075=EDGE_CURVE('',#7005,#7031,#3322,.T.);
#12088=EDGE_CURVE('',#7003,#7029,#3326,.T.);
#12101=EDGE_CURVE('',#7001,#7027,#3330,.T.);
#12114=EDGE_CURVE('',#6999,#7025,#3334,.T.);
#12127=EDGE_CURVE('',#6997,#7023,#3338,.T.);
#12140=EDGE_CURVE('',#6995,#7021,#3342,.T.);
#12153=EDGE_CURVE('',#6993,#7019,#3346,.T.);
#12166=EDGE_CURVE('',#6991,#7017,#3350,.T.);
#12179=EDGE_CURVE('',#6989,#7015,#3354,.T.);
#12192=EDGE_CURVE('',#6988,#7014,#3358,.T.);
#12217=EDGE_CURVE('',#7132,#7044,#3362,.T.);
#12219=EDGE_CURVE('',#7044,#7045,#3367,.T.);
#12221=EDGE_CURVE('',#7045,#7047,#3371,.T.);
#12223=EDGE_CURVE('',#7047,#7049,#3376,.T.);
#12225=EDGE_CURVE('',#7049,#7051,#3380,.T.);
#12227=EDGE_CURVE('',#7051,#7053,#3384,.T.);
#12229=EDGE_CURVE('',#7053,#7055,#3388,.T.);
#12231=EDGE_CURVE('',#7055,#7057,#3392,.T.);
#12233=EDGE_CURVE('',#7057,#7059,#3397,.T.);
#12235=EDGE_CURVE('',#7059,#7061,#3401,.T.);
#12237=EDGE_CURVE('',#7061,#7063,#3406,.T.);
#12239=EDGE_CURVE('',#7063,#7133,#3410,.T.);
#12250=EDGE_CURVE('',#7136,#7074,#3414,.T.);
#12252=EDGE_CURVE('',#7074,#7075,#3419,.T.);
#12254=EDGE_CURVE('',#7075,#7077,#3423,.T.);
#12256=EDGE_CURVE('',#7077,#7079,#3428,.T.);
#12258=EDGE_CURVE('',#7079,#7081,#3432,.T.);
#12260=EDGE_CURVE('',#7081,#7083,#3436,.T.);
#12262=EDGE_CURVE('',#7083,#7085,#3440,.T.);
#12264=EDGE_CURVE('',#7085,#7066,#3444,.T.);
#12266=EDGE_CURVE('',#7066,#7067,#3449,.T.);
#12268=EDGE_CURVE('',#7067,#7069,#3453,.T.);
#12270=EDGE_CURVE('',#7069,#7071,#3458,.T.);
#12272=EDGE_CURVE('',#7071,#7137,#3462,.T.);
#12283=EDGE_CURVE('',#7140,#7088,#3514,.T.);
#12285=EDGE_CURVE('',#7044,#7088,#3610,.T.);
#12297=EDGE_CURVE('',#7107,#7141,#3466,.T.);
#12299=EDGE_CURVE('',#7105,#7107,#3471,.T.);
#12301=EDGE_CURVE('',#7103,#7105,#3475,.T.);
#12303=EDGE_CURVE('',#7101,#7103,#3480,.T.);
#12305=EDGE_CURVE('',#7099,#7101,#3484,.T.);
#12307=EDGE_CURVE('',#7097,#7099,#3488,.T.);
#12309=EDGE_CURVE('',#7095,#7097,#3492,.T.);
#12311=EDGE_CURVE('',#7093,#7095,#3496,.T.);
#12313=EDGE_CURVE('',#7091,#7093,#3501,.T.);
#12315=EDGE_CURVE('',#7089,#7091,#3505,.T.);
#12317=EDGE_CURVE('',#7088,#7089,#3510,.T.);
#12329=EDGE_CURVE('',#7115,#7145,#3518,.T.);
#12331=EDGE_CURVE('',#7113,#7115,#3523,.T.);
#12333=EDGE_CURVE('',#7111,#7113,#3527,.T.);
#12335=EDGE_CURVE('',#7110,#7111,#3532,.T.);
#12337=EDGE_CURVE('',#7129,#7110,#3536,.T.);
#12339=EDGE_CURVE('',#7127,#7129,#3540,.T.);
#12341=EDGE_CURVE('',#7125,#7127,#3544,.T.);
#12343=EDGE_CURVE('',#7123,#7125,#3548,.T.);
#12345=EDGE_CURVE('',#7121,#7123,#3553,.T.);
#12347=EDGE_CURVE('',#7119,#7121,#3557,.T.);
#12349=EDGE_CURVE('',#7118,#7119,#3562,.T.);
#12351=EDGE_CURVE('',#7144,#7118,#3566,.T.);
#12363=EDGE_CURVE('',#7063,#7107,#3570,.T.);
#12375=EDGE_CURVE('',#7061,#7105,#3574,.T.);
#12388=EDGE_CURVE('',#7059,#7103,#3578,.T.);
#12401=EDGE_CURVE('',#7057,#7101,#3582,.T.);
#12414=EDGE_CURVE('',#7055,#7099,#3586,.T.);
#12427=EDGE_CURVE('',#7053,#7097,#3590,.T.);
#12440=EDGE_CURVE('',#7051,#7095,#3594,.T.);
#12453=EDGE_CURVE('',#7049,#7093,#3598,.T.);
#12466=EDGE_CURVE('',#7047,#7091,#3602,.T.);
#12479=EDGE_CURVE('',#7045,#7089,#3606,.T.);
#12505=EDGE_CURVE('',#7071,#7115,#3614,.T.);
#12517=EDGE_CURVE('',#7069,#7113,#3618,.T.);
#12530=EDGE_CURVE('',#7067,#7111,#3622,.T.);
#12543=EDGE_CURVE('',#7066,#7110,#3626,.T.);
#12556=EDGE_CURVE('',#7085,#7129,#3630,.T.);
#12569=EDGE_CURVE('',#7083,#7127,#3634,.T.);
#12582=EDGE_CURVE('',#7081,#7125,#3638,.T.);
#12595=EDGE_CURVE('',#7079,#7123,#3642,.T.);
#12608=EDGE_CURVE('',#7077,#7121,#3646,.T.);
#12621=EDGE_CURVE('',#7075,#7119,#3650,.T.);
#12634=EDGE_CURVE('',#7074,#7118,#3654,.T.);
#12659=EDGE_CURVE('',#7640,#7653,#3687,.T.);
#12701=EDGE_CURVE('',#6508,#6509,#3712,.T.);
#12705=EDGE_CURVE('',#6509,#6504,#4028,.T.);
#12715=EDGE_CURVE('',#6524,#6525,#3708,.T.);
#12719=EDGE_CURVE('',#6511,#6509,#3716,.T.);
#12724=EDGE_CURVE('',#6717,#6719,#3732,.T.);
#12726=EDGE_CURVE('',#6531,#6719,#3736,.T.);
#12730=EDGE_CURVE('',#6524,#6528,#3744,.T.);
#12740=EDGE_CURVE('',#6521,#7389,#3748,.T.);
#12746=EDGE_CURVE('',#6521,#6524,#3862,.T.);
#12758=EDGE_CURVE('',#6520,#6521,#3858,.T.);
#12763=EDGE_CURVE('',#7452,#7453,#3765,.T.);
#12765=EDGE_CURVE('',#7453,#7452,#3770,.T.);
#12769=EDGE_CURVE('',#7459,#7461,#3775,.T.);
#12771=EDGE_CURVE('',#7461,#7459,#3780,.T.);
#12775=EDGE_CURVE('',#7467,#7469,#3785,.T.);
#12777=EDGE_CURVE('',#7469,#7467,#3790,.T.);
#12781=EDGE_CURVE('',#7475,#7477,#3795,.T.);
#12783=EDGE_CURVE('',#7477,#7475,#3800,.T.);
#12787=EDGE_CURVE('',#7484,#7485,#3805,.T.);
#12789=EDGE_CURVE('',#7485,#7484,#3810,.T.);
#12793=EDGE_CURVE('',#7492,#7493,#3815,.T.);
#12795=EDGE_CURVE('',#7493,#7492,#3820,.T.);
#12799=EDGE_CURVE('',#7500,#7501,#3825,.T.);
#12801=EDGE_CURVE('',#7501,#7500,#3830,.T.);
#12805=EDGE_CURVE('',#7507,#7509,#3835,.T.);
#12807=EDGE_CURVE('',#7509,#7507,#3840,.T.);
#12811=EDGE_CURVE('',#7515,#7517,#3845,.T.);
#12813=EDGE_CURVE('',#7517,#7515,#3850,.T.);
#12836=EDGE_CURVE('',#7452,#7448,#3866,.T.);
#12838=EDGE_CURVE('',#7448,#7449,#3875,.T.);
#12840=EDGE_CURVE('',#7453,#7449,#3870,.T.);
#12852=EDGE_CURVE('',#7449,#7448,#3880,.T.);
#12873=EDGE_CURVE('',#7459,#7456,#3884,.T.);
#12875=EDGE_CURVE('',#7456,#7457,#3893,.T.);
#12877=EDGE_CURVE('',#7461,#7457,#3888,.T.);
#12891=EDGE_CURVE('',#7457,#7456,#3898,.T.);
#12911=EDGE_CURVE('',#7467,#7464,#3902,.T.);
#12913=EDGE_CURVE('',#7464,#7465,#3911,.T.);
#12915=EDGE_CURVE('',#7469,#7465,#3906,.T.);
#12929=EDGE_CURVE('',#7465,#7464,#3916,.T.);
#12949=EDGE_CURVE('',#7475,#7472,#3920,.T.);
#12951=EDGE_CURVE('',#7472,#7473,#3929,.T.);
#12953=EDGE_CURVE('',#7477,#7473,#3924,.T.);
#12967=EDGE_CURVE('',#7473,#7472,#3934,.T.);
#12988=EDGE_CURVE('',#7484,#7480,#3938,.T.);
#12990=EDGE_CURVE('',#7480,#7481,#3947,.T.);
#12992=EDGE_CURVE('',#7485,#7481,#3942,.T.);
#13004=EDGE_CURVE('',#7481,#7480,#3952,.T.);
#13026=EDGE_CURVE('',#7492,#7488,#3956,.T.);
#13028=EDGE_CURVE('',#7488,#7489,#3965,.T.);
#13030=EDGE_CURVE('',#7493,#7489,#3960,.T.);
#13042=EDGE_CURVE('',#7489,#7488,#3970,.T.);
#13064=EDGE_CURVE('',#7500,#7496,#3974,.T.);
#13066=EDGE_CURVE('',#7496,#7497,#3983,.T.);
#13068=EDGE_CURVE('',#7501,#7497,#3978,.T.);
#13080=EDGE_CURVE('',#7497,#7496,#3988,.T.);
#13101=EDGE_CURVE('',#7507,#7504,#3992,.T.);
#13103=EDGE_CURVE('',#7504,#7505,#4001,.T.);
#13105=EDGE_CURVE('',#7509,#7505,#3996,.T.);
#13119=EDGE_CURVE('',#7505,#7504,#4006,.T.);
#13139=EDGE_CURVE('',#7515,#7512,#4010,.T.);
#13141=EDGE_CURVE('',#7512,#7513,#4019,.T.);
#13143=EDGE_CURVE('',#7517,#7513,#4014,.T.);
#13157=EDGE_CURVE('',#7513,#7512,#4024,.T.);
#13192=EDGE_CURVE('',#6719,#6711,#4036,.T.);
#13216=EDGE_CURVE('',#6480,#6481,#4044,.T.);
#13233=EDGE_CURVE('',#6638,#6639,#4049,.T.);
#13235=EDGE_CURVE('',#6639,#6641,#4053,.T.);
#13237=EDGE_CURVE('',#6641,#6643,#4058,.T.);
#13239=EDGE_CURVE('',#6643,#6645,#4062,.T.);
#13241=EDGE_CURVE('',#6645,#6647,#4067,.T.);
#13243=EDGE_CURVE('',#6647,#6649,#4071,.T.);
#13245=EDGE_CURVE('',#6649,#6651,#4076,.T.);
#13247=EDGE_CURVE('',#6651,#6653,#4080,.T.);
#13249=EDGE_CURVE('',#6653,#6655,#4085,.T.);
#13251=EDGE_CURVE('',#6655,#6657,#4089,.T.);
#13253=EDGE_CURVE('',#6657,#6659,#4094,.T.);
#13255=EDGE_CURVE('',#6659,#6638,#4098,.T.);
#13266=EDGE_CURVE('',#6638,#6614,#4102,.T.);
#13268=EDGE_CURVE('',#6614,#6615,#4151,.T.);
#13270=EDGE_CURVE('',#6639,#6615,#4146,.T.);
#13281=EDGE_CURVE('',#6659,#6635,#4106,.T.);
#13283=EDGE_CURVE('',#6635,#6614,#4155,.T.);
#13295=EDGE_CURVE('',#6657,#6633,#4110,.T.);
#13297=EDGE_CURVE('',#6633,#6635,#4160,.T.);
#13309=EDGE_CURVE('',#6655,#6631,#4114,.T.);
#13311=EDGE_CURVE('',#6631,#6633,#4164,.T.);
#13323=EDGE_CURVE('',#6653,#6629,#4118,.T.);
#13325=EDGE_CURVE('',#6629,#6631,#4169,.T.);
#13337=EDGE_CURVE('',#6651,#6627,#4122,.T.);
#13339=EDGE_CURVE('',#6627,#6629,#4173,.T.);
#13351=EDGE_CURVE('',#6649,#6625,#4126,.T.);
#13353=EDGE_CURVE('',#6625,#6627,#4178,.T.);
#13365=EDGE_CURVE('',#6647,#6623,#4130,.T.);
#13367=EDGE_CURVE('',#6623,#6625,#4182,.T.);
#13379=EDGE_CURVE('',#6645,#6621,#4134,.T.);
#13381=EDGE_CURVE('',#6621,#6623,#4187,.T.);
#13393=EDGE_CURVE('',#6643,#6619,#4138,.T.);
#13395=EDGE_CURVE('',#6619,#6621,#4191,.T.);
#13407=EDGE_CURVE('',#6641,#6617,#4142,.T.);
#13409=EDGE_CURVE('',#6617,#6619,#4196,.T.);
#13422=EDGE_CURVE('',#6615,#6617,#4200,.T.);
#13447=EDGE_CURVE('',#7232,#7233,#4259,.T.);
#13449=EDGE_CURVE('',#7233,#7232,#4264,.T.);
#13459=EDGE_CURVE('',#6662,#6663,#4204,.T.);
#13461=EDGE_CURVE('',#6683,#6662,#4209,.T.);
#13463=EDGE_CURVE('',#6681,#6683,#4213,.T.);
#13465=EDGE_CURVE('',#6679,#6681,#4218,.T.);
#13467=EDGE_CURVE('',#6677,#6679,#4222,.T.);
#13469=EDGE_CURVE('',#6675,#6677,#4227,.T.);
#13471=EDGE_CURVE('',#6673,#6675,#4231,.T.);
#13473=EDGE_CURVE('',#6671,#6673,#4236,.T.);
#13475=EDGE_CURVE('',#6669,#6671,#4240,.T.);
#13477=EDGE_CURVE('',#6667,#6669,#4245,.T.);
#13479=EDGE_CURVE('',#6665,#6667,#4249,.T.);
#13481=EDGE_CURVE('',#6663,#6665,#4254,.T.);
#13485=EDGE_CURVE('',#7220,#7221,#4269,.T.);
#13487=EDGE_CURVE('',#7221,#7220,#4274,.T.);
#13498=EDGE_CURVE('',#6686,#6662,#4278,.T.);
#13501=EDGE_CURVE('',#6687,#6663,#4322,.T.);
#13512=EDGE_CURVE('',#6707,#6683,#4282,.T.);
#13525=EDGE_CURVE('',#6705,#6681,#4286,.T.);
#13538=EDGE_CURVE('',#6703,#6679,#4290,.T.);
#13551=EDGE_CURVE('',#6701,#6677,#4294,.T.);
#13564=EDGE_CURVE('',#6699,#6675,#4298,.T.);
#13577=EDGE_CURVE('',#6697,#6673,#4302,.T.);
#13590=EDGE_CURVE('',#6695,#6671,#4306,.T.);
#13603=EDGE_CURVE('',#6693,#6669,#4310,.T.);
#13616=EDGE_CURVE('',#6691,#6667,#4314,.T.);
#13629=EDGE_CURVE('',#6689,#6665,#4318,.T.);
#13654=EDGE_CURVE('',#7228,#7232,#4340,.T.);
#13656=EDGE_CURVE('',#7228,#7229,#4327,.T.);
#13658=EDGE_CURVE('',#7229,#7233,#4331,.T.);
#13670=EDGE_CURVE('',#7228,#7229,#4336,.T.);
#13692=EDGE_CURVE('',#7220,#7217,#4348,.T.);
#13694=EDGE_CURVE('',#7216,#7217,#4358,.T.);
#13696=EDGE_CURVE('',#7221,#7216,#4344,.T.);
#13708=EDGE_CURVE('',#7216,#7217,#4353,.T.);
#13730=EDGE_CURVE('',#7244,#7236,#4362,.T.);
#13732=EDGE_CURVE('',#7236,#7237,#4371,.T.);
#13734=EDGE_CURVE('',#7245,#7237,#4366,.T.);
#13746=EDGE_CURVE('',#7237,#7236,#4376,.T.);
#13761=EDGE_CURVE('',#7296,#7297,#4476,.T.);
#13763=EDGE_CURVE('',#7257,#7296,#4391,.T.);
#13765=EDGE_CURVE('',#7256,#7257,#4396,.T.);
#13767=EDGE_CURVE('',#7285,#7256,#4401,.T.);
#13769=EDGE_CURVE('',#7284,#7285,#4493,.T.);
#13771=EDGE_CURVE('',#7253,#7284,#4406,.T.);
#13773=EDGE_CURVE('',#7252,#7253,#4411,.T.);
#13775=EDGE_CURVE('',#7297,#7252,#4416,.T.);
#13785=EDGE_CURVE('',#7240,#7241,#4381,.T.);
#13787=EDGE_CURVE('',#7241,#7240,#4386,.T.);
#13791=EDGE_CURVE('',#7312,#7313,#4744,.T.);
#13793=EDGE_CURVE('',#7265,#7312,#4421,.T.);
#13795=EDGE_CURVE('',#7264,#7265,#4426,.T.);
#13797=EDGE_CURVE('',#7301,#7264,#4431,.T.);
#13799=EDGE_CURVE('',#7300,#7301,#4761,.T.);
#13801=EDGE_CURVE('',#7261,#7300,#4436,.T.);
#13803=EDGE_CURVE('',#7260,#7261,#4441,.T.);
#13805=EDGE_CURVE('',#7313,#7260,#4446,.T.);
#13816=EDGE_CURVE('',#7248,#7240,#4450,.T.);
#13819=EDGE_CURVE('',#7249,#7241,#4454,.T.);
#13842=EDGE_CURVE('',#7272,#7257,#4458,.T.);
#13845=EDGE_CURVE('',#7273,#7256,#4462,.T.);
#13856=EDGE_CURVE('',#7293,#7296,#4471,.T.);
#13859=EDGE_CURVE('',#7292,#7297,#4480,.T.);
#13870=EDGE_CURVE('',#7268,#7253,#4484,.T.);
#13873=EDGE_CURVE('',#7269,#7252,#4488,.T.);
#13884=EDGE_CURVE('',#7288,#7285,#4497,.T.);
#13887=EDGE_CURVE('',#7289,#7284,#4506,.T.);
#13902=EDGE_CURVE('',#6764,#6796,#4514,.T.);
#13904=EDGE_CURVE('',#6761,#6764,#4561,.T.);
#13906=EDGE_CURVE('',#6761,#6793,#4510,.T.);
#13917=EDGE_CURVE('',#6765,#6797,#4518,.T.);
#13919=EDGE_CURVE('',#6764,#6765,#4565,.T.);
#13935=EDGE_CURVE('',#6768,#6800,#4522,.T.);
#13937=EDGE_CURVE('',#6765,#6768,#4570,.T.);
#13949=EDGE_CURVE('',#6769,#6801,#4526,.T.);
#13951=EDGE_CURVE('',#6768,#6769,#4574,.T.);
#13967=EDGE_CURVE('',#6756,#6788,#4530,.T.);
#13969=EDGE_CURVE('',#6769,#6756,#4543,.T.);
#13981=EDGE_CURVE('',#6757,#6789,#4534,.T.);
#13983=EDGE_CURVE('',#6756,#6757,#4547,.T.);
#13999=EDGE_CURVE('',#6760,#6792,#4538,.T.);
#14001=EDGE_CURVE('',#6757,#6760,#4552,.T.);
#14014=EDGE_CURVE('',#6760,#6761,#4556,.T.);
#14035=EDGE_CURVE('',#6772,#6773,#4578,.T.);
#14037=EDGE_CURVE('',#6773,#6776,#4583,.T.);
#14039=EDGE_CURVE('',#6776,#6777,#4587,.T.);
#14041=EDGE_CURVE('',#6777,#6780,#4592,.T.);
#14043=EDGE_CURVE('',#6780,#6781,#4596,.T.);
#14045=EDGE_CURVE('',#6781,#6784,#4601,.T.);
#14047=EDGE_CURVE('',#6784,#6785,#4605,.T.);
#14049=EDGE_CURVE('',#6785,#6772,#4610,.T.);
#14059=EDGE_CURVE('',#7316,#7317,#4614,.T.);
#14061=EDGE_CURVE('',#7317,#7319,#4619,.T.);
#14063=EDGE_CURVE('',#7319,#7321,#4623,.T.);
#14065=EDGE_CURVE('',#7321,#7323,#4628,.T.);
#14067=EDGE_CURVE('',#7323,#7325,#4632,.T.);
#14069=EDGE_CURVE('',#7325,#7327,#4637,.T.);
#14071=EDGE_CURVE('',#7327,#7329,#4641,.T.);
#14073=EDGE_CURVE('',#7329,#7316,#4646,.T.);
#14077=EDGE_CURVE('',#7332,#7333,#4651,.T.);
#14079=EDGE_CURVE('',#7333,#7335,#4655,.T.);
#14081=EDGE_CURVE('',#7335,#7337,#4660,.T.);
#14083=EDGE_CURVE('',#7337,#7339,#4664,.T.);
#14085=EDGE_CURVE('',#7339,#7341,#4669,.T.);
#14087=EDGE_CURVE('',#7341,#7343,#4673,.T.);
#14089=EDGE_CURVE('',#7343,#7345,#4678,.T.);
#14091=EDGE_CURVE('',#7345,#7332,#4682,.T.);
#14102=EDGE_CURVE('',#6773,#6805,#4690,.T.);
#14105=EDGE_CURVE('',#6772,#6804,#4686,.T.);
#14116=EDGE_CURVE('',#6776,#6808,#4694,.T.);
#14129=EDGE_CURVE('',#6777,#6809,#4698,.T.);
#14142=EDGE_CURVE('',#6780,#6812,#4702,.T.);
#14155=EDGE_CURVE('',#6781,#6813,#4706,.T.);
#14168=EDGE_CURVE('',#6784,#6816,#4710,.T.);
#14181=EDGE_CURVE('',#6785,#6817,#4714,.T.);
#14206=EDGE_CURVE('',#7317,#7349,#4722,.T.);
#14209=EDGE_CURVE('',#7316,#7348,#4718,.T.);
#14220=EDGE_CURVE('',#7276,#7261,#4752,.T.);
#14223=EDGE_CURVE('',#7305,#7300,#4774,.T.);
#14226=EDGE_CURVE('',#7319,#7351,#4798,.T.);
#14239=EDGE_CURVE('',#7280,#7265,#4726,.T.);
#14242=EDGE_CURVE('',#7281,#7264,#4730,.T.);
#14253=EDGE_CURVE('',#7309,#7312,#4739,.T.);
#14256=EDGE_CURVE('',#7308,#7313,#4748,.T.);
#14269=EDGE_CURVE('',#7277,#7260,#4756,.T.);
#14280=EDGE_CURVE('',#7304,#7301,#4765,.T.);
#14297=EDGE_CURVE('',#7327,#7359,#4782,.T.);
#14300=EDGE_CURVE('',#7325,#7357,#4778,.T.);
#14311=EDGE_CURVE('',#7329,#7361,#4786,.T.);
#14342=EDGE_CURVE('',#7323,#7355,#4790,.T.);
#14359=EDGE_CURVE('',#7321,#7353,#4794,.T.);
#14382=EDGE_CURVE('',#7333,#7364,#4806,.T.);
#14385=EDGE_CURVE('',#7332,#7365,#4802,.T.);
#14396=EDGE_CURVE('',#7335,#7367,#4810,.T.);
#14409=EDGE_CURVE('',#7337,#7369,#4814,.T.);
#14422=EDGE_CURVE('',#7339,#7371,#4818,.T.);
#14435=EDGE_CURVE('',#7341,#7373,#4822,.T.);
#14448=EDGE_CURVE('',#7343,#7375,#4826,.T.);
#14461=EDGE_CURVE('',#7345,#7377,#4830,.T.);
#14486=EDGE_CURVE('',#7693,#7393,#4838,.T.);
#14500=EDGE_CURVE('',#7432,#7433,#4847,.T.);
#14502=EDGE_CURVE('',#7433,#7435,#4851,.T.);
#14504=EDGE_CURVE('',#7437,#7435,#4855,.T.);
#14507=EDGE_CURVE('',#7401,#7392,#4859,.T.);
#14521=EDGE_CURVE('',#7416,#7417,#4867,.T.);
#14523=EDGE_CURVE('',#7433,#7417,#4903,.T.);
#14535=EDGE_CURVE('',#7419,#7421,#4875,.T.);
#14537=EDGE_CURVE('',#7417,#7419,#4879,.T.);
#14548=EDGE_CURVE('',#7429,#7424,#4887,.T.);
#14550=EDGE_CURVE('',#7427,#7429,#4891,.T.);
#14552=EDGE_CURVE('',#7425,#7427,#4895,.T.);
#14563=EDGE_CURVE('',#7435,#7419,#4899,.T.);
#14588=EDGE_CURVE('',#7443,#7429,#4907,.T.);
#14601=EDGE_CURVE('',#7441,#7427,#4911,.T.);
#14638=EDGE_CURVE('',#6546,#6542,#4919,.T.);
#14640=EDGE_CURVE('',#6542,#6543,#4928,.T.);
#14642=EDGE_CURVE('',#6547,#6543,#4923,.T.);
#14654=EDGE_CURVE('',#6543,#6542,#4933,.T.);
#14676=EDGE_CURVE('',#6554,#6550,#4937,.T.);
#14678=EDGE_CURVE('',#6550,#6551,#4946,.T.);
#14680=EDGE_CURVE('',#6555,#6551,#4941,.T.);
#14692=EDGE_CURVE('',#6551,#6550,#4951,.T.);
#14714=EDGE_CURVE('',#6562,#6558,#4955,.T.);
#14716=EDGE_CURVE('',#6558,#6559,#4964,.T.);
#14718=EDGE_CURVE('',#6563,#6559,#4959,.T.);
#14730=EDGE_CURVE('',#6559,#6558,#4969,.T.);
#14752=EDGE_CURVE('',#6570,#6566,#4973,.T.);
#14754=EDGE_CURVE('',#6566,#6567,#4982,.T.);
#14756=EDGE_CURVE('',#6571,#6567,#4977,.T.);
#14768=EDGE_CURVE('',#6567,#6566,#4987,.T.);
#14790=EDGE_CURVE('',#6578,#6574,#4991,.T.);
#14792=EDGE_CURVE('',#6574,#6575,#5000,.T.);
#14794=EDGE_CURVE('',#6579,#6575,#4995,.T.);
#14806=EDGE_CURVE('',#6575,#6574,#5005,.T.);
#14828=EDGE_CURVE('',#6586,#6582,#5009,.T.);
#14830=EDGE_CURVE('',#6582,#6583,#5018,.T.);
#14832=EDGE_CURVE('',#6587,#6583,#5013,.T.);
#14844=EDGE_CURVE('',#6583,#6582,#5023,.T.);
#14866=EDGE_CURVE('',#6594,#6590,#5027,.T.);
#14868=EDGE_CURVE('',#6590,#6591,#5036,.T.);
#14870=EDGE_CURVE('',#6595,#6591,#5031,.T.);
#14882=EDGE_CURVE('',#6591,#6590,#5041,.T.);
#14904=EDGE_CURVE('',#6602,#6598,#5045,.T.);
#14906=EDGE_CURVE('',#6598,#6599,#5054,.T.);
#14908=EDGE_CURVE('',#6603,#6599,#5049,.T.);
#14920=EDGE_CURVE('',#6599,#6598,#5059,.T.);
#14942=EDGE_CURVE('',#6610,#6606,#5063,.T.);
#14944=EDGE_CURVE('',#6606,#6607,#5072,.T.);
#14946=EDGE_CURVE('',#6611,#6607,#5067,.T.);
#14958=EDGE_CURVE('',#6607,#6606,#5077,.T.);
#14980=EDGE_CURVE('',#7846,#7712,#5081,.T.);
#14982=EDGE_CURVE('',#7712,#7713,#5109,.T.);
#14984=EDGE_CURVE('',#7847,#7713,#5105,.T.);
#14995=EDGE_CURVE('',#7857,#7723,#5085,.T.);
#14997=EDGE_CURVE('',#7723,#7712,#5113,.T.);
#15009=EDGE_CURVE('',#7855,#7721,#5089,.T.);
#15011=EDGE_CURVE('',#7721,#7723,#5117,.T.);
#15023=EDGE_CURVE('',#7853,#7719,#5093,.T.);
#15025=EDGE_CURVE('',#7719,#7721,#5121,.T.);
#15037=EDGE_CURVE('',#7851,#7717,#5097,.T.);
#15039=EDGE_CURVE('',#7717,#7719,#5125,.T.);
#15051=EDGE_CURVE('',#7849,#7715,#5101,.T.);
#15053=EDGE_CURVE('',#7715,#7717,#5129,.T.);
#15066=EDGE_CURVE('',#7713,#7715,#5133,.T.);
#15092=EDGE_CURVE('',#7726,#7727,#5137,.T.);
#15094=EDGE_CURVE('',#7803,#7726,#5141,.T.);
#15096=EDGE_CURVE('',#7801,#7803,#5145,.T.);
#15098=EDGE_CURVE('',#7799,#7801,#5149,.T.);
#15100=EDGE_CURVE('',#7797,#7799,#5153,.T.);
#15102=EDGE_CURVE('',#7795,#7797,#5157,.T.);
#15104=EDGE_CURVE('',#7793,#7795,#5161,.T.);
#15106=EDGE_CURVE('',#7791,#7793,#5165,.T.);
#15108=EDGE_CURVE('',#7789,#7791,#5169,.T.);
#15110=EDGE_CURVE('',#7787,#7789,#5173,.T.);
#15112=EDGE_CURVE('',#7785,#7787,#5177,.T.);
#15114=EDGE_CURVE('',#7783,#7785,#5181,.T.);
#15116=EDGE_CURVE('',#7781,#7783,#5185,.T.);
#15118=EDGE_CURVE('',#7779,#7781,#5189,.T.);
#15120=EDGE_CURVE('',#7777,#7779,#5193,.T.);
#15122=EDGE_CURVE('',#7775,#7777,#5197,.T.);
#15124=EDGE_CURVE('',#7773,#7775,#5201,.T.);
#15126=EDGE_CURVE('',#7771,#7773,#5205,.T.);
#15128=EDGE_CURVE('',#7769,#7771,#5209,.T.);
#15130=EDGE_CURVE('',#7767,#7769,#5213,.T.);
#15132=EDGE_CURVE('',#7765,#7767,#5217,.T.);
#15134=EDGE_CURVE('',#7763,#7765,#5221,.T.);
#15136=EDGE_CURVE('',#7761,#7763,#5225,.T.);
#15138=EDGE_CURVE('',#7759,#7761,#5229,.T.);
#15140=EDGE_CURVE('',#7757,#7759,#5233,.T.);
#15142=EDGE_CURVE('',#7755,#7757,#5237,.T.);
#15144=EDGE_CURVE('',#7753,#7755,#5241,.T.);
#15146=EDGE_CURVE('',#7751,#7753,#5245,.T.);
#15148=EDGE_CURVE('',#7749,#7751,#5249,.T.);
#15150=EDGE_CURVE('',#7747,#7749,#5253,.T.);
#15152=EDGE_CURVE('',#7745,#7747,#5257,.T.);
#15154=EDGE_CURVE('',#7743,#7745,#5261,.T.);
#15156=EDGE_CURVE('',#7741,#7743,#5265,.T.);
#15158=EDGE_CURVE('',#7739,#7741,#5269,.T.);
#15160=EDGE_CURVE('',#7737,#7739,#5273,.T.);
#15162=EDGE_CURVE('',#7735,#7737,#5277,.T.);
#15164=EDGE_CURVE('',#7733,#7735,#5281,.T.);
#15166=EDGE_CURVE('',#7731,#7733,#5285,.T.);
#15168=EDGE_CURVE('',#7729,#7731,#5289,.T.);
#15170=EDGE_CURVE('',#7727,#7729,#5293,.T.);
#15174=EDGE_CURVE('',#7806,#7807,#5297,.T.);
#15176=EDGE_CURVE('',#7843,#7806,#5301,.T.);
#15178=EDGE_CURVE('',#7841,#7843,#5305,.T.);
#15180=EDGE_CURVE('',#7839,#7841,#5309,.T.);
#15182=EDGE_CURVE('',#7837,#7839,#5313,.T.);
#15184=EDGE_CURVE('',#7835,#7837,#5317,.T.);
#15186=EDGE_CURVE('',#7833,#7835,#5321,.T.);
#15188=EDGE_CURVE('',#7831,#7833,#5325,.T.);
#15190=EDGE_CURVE('',#7829,#7831,#5329,.T.);
#15192=EDGE_CURVE('',#7827,#7829,#5333,.T.);
#15194=EDGE_CURVE('',#7825,#7827,#5337,.T.);
#15196=EDGE_CURVE('',#7823,#7825,#5341,.T.);
#15198=EDGE_CURVE('',#7821,#7823,#5345,.T.);
#15200=EDGE_CURVE('',#7819,#7821,#5349,.T.);
#15202=EDGE_CURVE('',#7817,#7819,#5353,.T.);
#15204=EDGE_CURVE('',#7815,#7817,#5357,.T.);
#15206=EDGE_CURVE('',#7813,#7815,#5361,.T.);
#15208=EDGE_CURVE('',#7811,#7813,#5365,.T.);
#15210=EDGE_CURVE('',#7809,#7811,#5369,.T.);
#15212=EDGE_CURVE('',#7807,#7809,#5373,.T.);
#15222=EDGE_CURVE('',#8020,#8021,#5377,.T.);
#15224=EDGE_CURVE('',#8097,#8020,#5381,.T.);
#15226=EDGE_CURVE('',#8095,#8097,#5385,.T.);
#15228=EDGE_CURVE('',#8093,#8095,#5389,.T.);
#15230=EDGE_CURVE('',#8091,#8093,#5393,.T.);
#15232=EDGE_CURVE('',#8089,#8091,#5397,.T.);
#15234=EDGE_CURVE('',#8087,#8089,#5401,.T.);
#15236=EDGE_CURVE('',#8085,#8087,#5405,.T.);
#15238=EDGE_CURVE('',#8083,#8085,#5409,.T.);
#15240=EDGE_CURVE('',#8081,#8083,#5413,.T.);
#15242=EDGE_CURVE('',#8079,#8081,#5417,.T.);
#15244=EDGE_CURVE('',#8077,#8079,#5421,.T.);
#15246=EDGE_CURVE('',#8075,#8077,#5425,.T.);
#15248=EDGE_CURVE('',#8073,#8075,#5429,.T.);
#15250=EDGE_CURVE('',#8071,#8073,#5433,.T.);
#15252=EDGE_CURVE('',#8069,#8071,#5437,.T.);
#15254=EDGE_CURVE('',#8067,#8069,#5441,.T.);
#15256=EDGE_CURVE('',#8065,#8067,#5445,.T.);
#15258=EDGE_CURVE('',#8063,#8065,#5449,.T.);
#15260=EDGE_CURVE('',#8061,#8063,#5453,.T.);
#15262=EDGE_CURVE('',#8059,#8061,#5457,.T.);
#15264=EDGE_CURVE('',#8057,#8059,#5461,.T.);
#15266=EDGE_CURVE('',#8055,#8057,#5465,.T.);
#15268=EDGE_CURVE('',#8053,#8055,#5469,.T.);
#15270=EDGE_CURVE('',#8051,#8053,#5473,.T.);
#15272=EDGE_CURVE('',#8049,#8051,#5477,.T.);
#15274=EDGE_CURVE('',#8047,#8049,#5481,.T.);
#15276=EDGE_CURVE('',#8045,#8047,#5485,.T.);
#15278=EDGE_CURVE('',#8043,#8045,#5489,.T.);
#15280=EDGE_CURVE('',#8041,#8043,#5493,.T.);
#15282=EDGE_CURVE('',#8039,#8041,#5497,.T.);
#15284=EDGE_CURVE('',#8037,#8039,#5501,.T.);
#15286=EDGE_CURVE('',#8035,#8037,#5505,.T.);
#15288=EDGE_CURVE('',#8033,#8035,#5509,.T.);
#15290=EDGE_CURVE('',#8031,#8033,#5513,.T.);
#15292=EDGE_CURVE('',#8029,#8031,#5517,.T.);
#15294=EDGE_CURVE('',#8027,#8029,#5521,.T.);
#15296=EDGE_CURVE('',#8025,#8027,#5525,.T.);
#15298=EDGE_CURVE('',#8023,#8025,#5529,.T.);
#15300=EDGE_CURVE('',#8021,#8023,#5533,.T.);
#15310=EDGE_CURVE('',#8100,#8101,#5537,.T.);
#15312=EDGE_CURVE('',#8177,#8100,#5541,.T.);
#15314=EDGE_CURVE('',#8175,#8177,#5545,.T.);
#15316=EDGE_CURVE('',#8173,#8175,#5549,.T.);
#15318=EDGE_CURVE('',#8171,#8173,#5553,.T.);
#15320=EDGE_CURVE('',#8169,#8171,#5557,.T.);
#15322=EDGE_CURVE('',#8167,#8169,#5561,.T.);
#15324=EDGE_CURVE('',#8165,#8167,#5565,.T.);
#15326=EDGE_CURVE('',#8163,#8165,#5569,.T.);
#15328=EDGE_CURVE('',#8161,#8163,#5573,.T.);
#15330=EDGE_CURVE('',#8159,#8161,#5577,.T.);
#15332=EDGE_CURVE('',#8157,#8159,#5581,.T.);
#15334=EDGE_CURVE('',#8155,#8157,#5585,.T.);
#15336=EDGE_CURVE('',#8153,#8155,#5589,.T.);
#15338=EDGE_CURVE('',#8151,#8153,#5593,.T.);
#15340=EDGE_CURVE('',#8149,#8151,#5597,.T.);
#15342=EDGE_CURVE('',#8147,#8149,#5601,.T.);
#15344=EDGE_CURVE('',#8145,#8147,#5605,.T.);
#15346=EDGE_CURVE('',#8143,#8145,#5609,.T.);
#15348=EDGE_CURVE('',#8141,#8143,#5613,.T.);
#15350=EDGE_CURVE('',#8139,#8141,#5617,.T.);
#15352=EDGE_CURVE('',#8137,#8139,#5621,.T.);
#15354=EDGE_CURVE('',#8135,#8137,#5625,.T.);
#15356=EDGE_CURVE('',#8133,#8135,#5629,.T.);
#15358=EDGE_CURVE('',#8131,#8133,#5633,.T.);
#15360=EDGE_CURVE('',#8129,#8131,#5637,.T.);
#15362=EDGE_CURVE('',#8127,#8129,#5641,.T.);
#15364=EDGE_CURVE('',#8125,#8127,#5645,.T.);
#15366=EDGE_CURVE('',#8123,#8125,#5649,.T.);
#15368=EDGE_CURVE('',#8121,#8123,#5653,.T.);
#15370=EDGE_CURVE('',#8119,#8121,#5657,.T.);
#15372=EDGE_CURVE('',#8117,#8119,#5661,.T.);
#15374=EDGE_CURVE('',#8115,#8117,#5665,.T.);
#15376=EDGE_CURVE('',#8113,#8115,#5669,.T.);
#15378=EDGE_CURVE('',#8111,#8113,#5673,.T.);
#15380=EDGE_CURVE('',#8109,#8111,#5677,.T.);
#15382=EDGE_CURVE('',#8107,#8109,#5681,.T.);
#15384=EDGE_CURVE('',#8105,#8107,#5685,.T.);
#15386=EDGE_CURVE('',#8103,#8105,#5689,.T.);
#15388=EDGE_CURVE('',#8101,#8103,#5693,.T.);
#15392=EDGE_CURVE('',#8180,#8181,#5697,.T.);
#15394=EDGE_CURVE('',#8217,#8180,#5701,.T.);
#15396=EDGE_CURVE('',#8215,#8217,#5705,.T.);
#15398=EDGE_CURVE('',#8213,#8215,#5709,.T.);
#15400=EDGE_CURVE('',#8211,#8213,#5713,.T.);
#15402=EDGE_CURVE('',#8209,#8211,#5717,.T.);
#15404=EDGE_CURVE('',#8207,#8209,#5721,.T.);
#15406=EDGE_CURVE('',#8205,#8207,#5725,.T.);
#15408=EDGE_CURVE('',#8203,#8205,#5729,.T.);
#15410=EDGE_CURVE('',#8201,#8203,#5733,.T.);
#15412=EDGE_CURVE('',#8199,#8201,#5737,.T.);
#15414=EDGE_CURVE('',#8197,#8199,#5741,.T.);
#15416=EDGE_CURVE('',#8195,#8197,#5745,.T.);
#15418=EDGE_CURVE('',#8193,#8195,#5749,.T.);
#15420=EDGE_CURVE('',#8191,#8193,#5753,.T.);
#15422=EDGE_CURVE('',#8189,#8191,#5757,.T.);
#15424=EDGE_CURVE('',#8187,#8189,#5761,.T.);
#15426=EDGE_CURVE('',#8185,#8187,#5765,.T.);
#15428=EDGE_CURVE('',#8183,#8185,#5769,.T.);
#15430=EDGE_CURVE('',#8181,#8183,#5773,.T.);
#15441=EDGE_CURVE('',#7860,#7726,#5777,.T.);
#15444=EDGE_CURVE('',#7861,#7727,#5933,.T.);
#15455=EDGE_CURVE('',#7937,#7803,#5781,.T.);
#15468=EDGE_CURVE('',#7935,#7801,#5785,.T.);
#15481=EDGE_CURVE('',#7933,#7799,#5789,.T.);
#15494=EDGE_CURVE('',#7931,#7797,#5793,.T.);
#15507=EDGE_CURVE('',#7929,#7795,#5797,.T.);
#15520=EDGE_CURVE('',#7927,#7793,#5801,.T.);
#15533=EDGE_CURVE('',#7925,#7791,#5805,.T.);
#15546=EDGE_CURVE('',#7923,#7789,#5809,.T.);
#15559=EDGE_CURVE('',#7921,#7787,#5813,.T.);
#15572=EDGE_CURVE('',#7919,#7785,#5817,.T.);
#15585=EDGE_CURVE('',#7917,#7783,#5821,.T.);
#15598=EDGE_CURVE('',#7915,#7781,#5825,.T.);
#15611=EDGE_CURVE('',#7913,#7779,#5829,.T.);
#15624=EDGE_CURVE('',#7911,#7777,#5833,.T.);
#15637=EDGE_CURVE('',#7909,#7775,#5837,.T.);
#15650=EDGE_CURVE('',#7907,#7773,#5841,.T.);
#15663=EDGE_CURVE('',#7905,#7771,#5845,.T.);
#15676=EDGE_CURVE('',#7903,#7769,#5849,.T.);
#15689=EDGE_CURVE('',#7901,#7767,#5853,.T.);
#15702=EDGE_CURVE('',#7899,#7765,#5857,.T.);
#15715=EDGE_CURVE('',#7897,#7763,#5861,.T.);
#15728=EDGE_CURVE('',#7895,#7761,#5865,.T.);
#15741=EDGE_CURVE('',#7893,#7759,#5869,.T.);
#15754=EDGE_CURVE('',#7891,#7757,#5873,.T.);
#15767=EDGE_CURVE('',#7889,#7755,#5877,.T.);
#15780=EDGE_CURVE('',#7887,#7753,#5881,.T.);
#15793=EDGE_CURVE('',#7885,#7751,#5885,.T.);
#15806=EDGE_CURVE('',#7883,#7749,#5889,.T.);
#15819=EDGE_CURVE('',#7881,#7747,#5893,.T.);
#15832=EDGE_CURVE('',#7879,#7745,#5897,.T.);
#15845=EDGE_CURVE('',#7877,#7743,#5901,.T.);
#15858=EDGE_CURVE('',#7875,#7741,#5905,.T.);
#15871=EDGE_CURVE('',#7873,#7739,#5909,.T.);
#15884=EDGE_CURVE('',#7871,#7737,#5913,.T.);
#15897=EDGE_CURVE('',#7869,#7735,#5917,.T.);
#15910=EDGE_CURVE('',#7867,#7733,#5921,.T.);
#15923=EDGE_CURVE('',#7865,#7731,#5925,.T.);
#15936=EDGE_CURVE('',#7863,#7729,#5929,.T.);
#15961=EDGE_CURVE('',#7940,#7806,#5937,.T.);
#15964=EDGE_CURVE('',#7941,#7807,#6013,.T.);
#15975=EDGE_CURVE('',#7977,#7843,#5941,.T.);
#15988=EDGE_CURVE('',#7975,#7841,#5945,.T.);
#16001=EDGE_CURVE('',#7973,#7839,#5949,.T.);
#16014=EDGE_CURVE('',#7971,#7837,#5953,.T.);
#16027=EDGE_CURVE('',#7969,#7835,#5957,.T.);
#16040=EDGE_CURVE('',#7967,#7833,#5961,.T.);
#16053=EDGE_CURVE('',#7965,#7831,#5965,.T.);
#16066=EDGE_CURVE('',#7963,#7829,#5969,.T.);
#16079=EDGE_CURVE('',#7961,#7827,#5973,.T.);
#16092=EDGE_CURVE('',#7959,#7825,#5977,.T.);
#16105=EDGE_CURVE('',#7957,#7823,#5981,.T.);
#16118=EDGE_CURVE('',#7955,#7821,#5985,.T.);
#16131=EDGE_CURVE('',#7953,#7819,#5989,.T.);
#16144=EDGE_CURVE('',#7951,#7817,#5993,.T.);
#16157=EDGE_CURVE('',#7949,#7815,#5997,.T.);
#16170=EDGE_CURVE('',#7947,#7813,#6001,.T.);
#16183=EDGE_CURVE('',#7945,#7811,#6005,.T.);
#16196=EDGE_CURVE('',#7943,#7809,#6009,.T.);
#16221=EDGE_CURVE('',#8220,#8020,#6017,.T.);
#16224=EDGE_CURVE('',#8221,#8021,#6173,.T.);
#16235=EDGE_CURVE('',#8297,#8097,#6021,.T.);
#16248=EDGE_CURVE('',#8295,#8095,#6025,.T.);
#16261=EDGE_CURVE('',#8293,#8093,#6029,.T.);
#16274=EDGE_CURVE('',#8291,#8091,#6033,.T.);
#16287=EDGE_CURVE('',#8289,#8089,#6037,.T.);
#16300=EDGE_CURVE('',#8287,#8087,#6041,.T.);
#16313=EDGE_CURVE('',#8285,#8085,#6045,.T.);
#16326=EDGE_CURVE('',#8283,#8083,#6049,.T.);
#16339=EDGE_CURVE('',#8281,#8081,#6053,.T.);
#16352=EDGE_CURVE('',#8279,#8079,#6057,.T.);
#16365=EDGE_CURVE('',#8277,#8077,#6061,.T.);
#16378=EDGE_CURVE('',#8275,#8075,#6065,.T.);
#16391=EDGE_CURVE('',#8273,#8073,#6069,.T.);
#16404=EDGE_CURVE('',#8271,#8071,#6073,.T.);
#16417=EDGE_CURVE('',#8269,#8069,#6077,.T.);
#16430=EDGE_CURVE('',#8267,#8067,#6081,.T.);
#16443=EDGE_CURVE('',#8265,#8065,#6085,.T.);
#16456=EDGE_CURVE('',#8263,#8063,#6089,.T.);
#16469=EDGE_CURVE('',#8261,#8061,#6093,.T.);
#16482=EDGE_CURVE('',#8259,#8059,#6097,.T.);
#16495=EDGE_CURVE('',#8257,#8057,#6101,.T.);
#16508=EDGE_CURVE('',#8255,#8055,#6105,.T.);
#16521=EDGE_CURVE('',#8253,#8053,#6109,.T.);
#16534=EDGE_CURVE('',#8251,#8051,#6113,.T.);
#16547=EDGE_CURVE('',#8249,#8049,#6117,.T.);
#16560=EDGE_CURVE('',#8247,#8047,#6121,.T.);
#16573=EDGE_CURVE('',#8245,#8045,#6125,.T.);
#16586=EDGE_CURVE('',#8243,#8043,#6129,.T.);
#16599=EDGE_CURVE('',#8241,#8041,#6133,.T.);
#16612=EDGE_CURVE('',#8239,#8039,#6137,.T.);
#16625=EDGE_CURVE('',#8237,#8037,#6141,.T.);
#16638=EDGE_CURVE('',#8235,#8035,#6145,.T.);
#16651=EDGE_CURVE('',#8233,#8033,#6149,.T.);
#16664=EDGE_CURVE('',#8231,#8031,#6153,.T.);
#16677=EDGE_CURVE('',#8229,#8029,#6157,.T.);
#16690=EDGE_CURVE('',#8227,#8027,#6161,.T.);
#16703=EDGE_CURVE('',#8225,#8025,#6165,.T.);
#16716=EDGE_CURVE('',#8223,#8023,#6169,.T.);
#16741=EDGE_CURVE('',#8300,#8100,#6177,.T.);
#16744=EDGE_CURVE('',#8301,#8101,#6333,.T.);
#16755=EDGE_CURVE('',#8377,#8177,#6181,.T.);
#16768=EDGE_CURVE('',#8375,#8175,#6185,.T.);
#16781=EDGE_CURVE('',#8373,#8173,#6189,.T.);
#16794=EDGE_CURVE('',#8371,#8171,#6193,.T.);
#16807=EDGE_CURVE('',#8369,#8169,#6197,.T.);
#16820=EDGE_CURVE('',#8367,#8167,#6201,.T.);
#16833=EDGE_CURVE('',#8365,#8165,#6205,.T.);
#16846=EDGE_CURVE('',#8363,#8163,#6209,.T.);
#16859=EDGE_CURVE('',#8361,#8161,#6213,.T.);
#16872=EDGE_CURVE('',#8359,#8159,#6217,.T.);
#16885=EDGE_CURVE('',#8357,#8157,#6221,.T.);
#16898=EDGE_CURVE('',#8355,#8155,#6225,.T.);
#16911=EDGE_CURVE('',#8353,#8153,#6229,.T.);
#16924=EDGE_CURVE('',#8351,#8151,#6233,.T.);
#16937=EDGE_CURVE('',#8349,#8149,#6237,.T.);
#16950=EDGE_CURVE('',#8347,#8147,#6241,.T.);
#16963=EDGE_CURVE('',#8345,#8145,#6245,.T.);
#16976=EDGE_CURVE('',#8343,#8143,#6249,.T.);
#16989=EDGE_CURVE('',#8341,#8141,#6253,.T.);
#17002=EDGE_CURVE('',#8339,#8139,#6257,.T.);
#17015=EDGE_CURVE('',#8337,#8137,#6261,.T.);
#17028=EDGE_CURVE('',#8335,#8135,#6265,.T.);
#17041=EDGE_CURVE('',#8333,#8133,#6269,.T.);
#17054=EDGE_CURVE('',#8331,#8131,#6273,.T.);
#17067=EDGE_CURVE('',#8329,#8129,#6277,.T.);
#17080=EDGE_CURVE('',#8327,#8127,#6281,.T.);
#17093=EDGE_CURVE('',#8325,#8125,#6285,.T.);
#17106=EDGE_CURVE('',#8323,#8123,#6289,.T.);
#17119=EDGE_CURVE('',#8321,#8121,#6293,.T.);
#17132=EDGE_CURVE('',#8319,#8119,#6297,.T.);
#17145=EDGE_CURVE('',#8317,#8117,#6301,.T.);
#17158=EDGE_CURVE('',#8315,#8115,#6305,.T.);
#17171=EDGE_CURVE('',#8313,#8113,#6309,.T.);
#17184=EDGE_CURVE('',#8311,#8111,#6313,.T.);
#17197=EDGE_CURVE('',#8309,#8109,#6317,.T.);
#17210=EDGE_CURVE('',#8307,#8107,#6321,.T.);
#17223=EDGE_CURVE('',#8305,#8105,#6325,.T.);
#17236=EDGE_CURVE('',#8303,#8103,#6329,.T.);
#17261=EDGE_CURVE('',#8380,#8180,#6337,.T.);
#17264=EDGE_CURVE('',#8381,#8181,#6413,.T.);
#17275=EDGE_CURVE('',#8417,#8217,#6341,.T.);
#17288=EDGE_CURVE('',#8415,#8215,#6345,.T.);
#17301=EDGE_CURVE('',#8413,#8213,#6349,.T.);
#17314=EDGE_CURVE('',#8411,#8211,#6353,.T.);
#17327=EDGE_CURVE('',#8409,#8209,#6357,.T.);
#17340=EDGE_CURVE('',#8407,#8207,#6361,.T.);
#17353=EDGE_CURVE('',#8405,#8205,#6365,.T.);
#17366=EDGE_CURVE('',#8403,#8203,#6369,.T.);
#17379=EDGE_CURVE('',#8401,#8201,#6373,.T.);
#17392=EDGE_CURVE('',#8399,#8199,#6377,.T.);
#17405=EDGE_CURVE('',#8397,#8197,#6381,.T.);
#17418=EDGE_CURVE('',#8395,#8195,#6385,.T.);
#17431=EDGE_CURVE('',#8393,#8193,#6389,.T.);
#17444=EDGE_CURVE('',#8391,#8191,#6393,.T.);
#17457=EDGE_CURVE('',#8389,#8189,#6397,.T.);
#17470=EDGE_CURVE('',#8387,#8187,#6401,.T.);
#17483=EDGE_CURVE('',#8385,#8185,#6405,.T.);
#17496=EDGE_CURVE('',#8383,#8183,#6409,.T.);
#17517=(LENGTH_UNIT()NAMED_UNIT(*)SI_UNIT(.MILLI.,.METRE.));
#17519=(NAMED_UNIT(*)PLANE_ANGLE_UNIT()SI_UNIT($,.RADIAN.));
#17522=(NAMED_UNIT(*)SI_UNIT($,.STERADIAN.)SOLID_ANGLE_UNIT());
#17525=ADVANCED_BREP_SHAPE_REPRESENTATION('',(#17516),#17524);
#17532=PRODUCT_DEFINITION('part definition','',#17531,#17528);
#17533=PRODUCT_DEFINITION_SHAPE('','SHAPE FOR C-5788793-1.',#17532);
#17534=SHAPE_ASPECT('','solid data associated with C-5788793-1',#17533,.F.);
#17535=PROPERTY_DEFINITION('',
'shape for solid data with which properties are associated',#17534);
#17536=SHAPE_REPRESENTATION('',(#17516),#17524);
#17537=SHAPE_DEFINITION_REPRESENTATION(#17535,#17536);
#17538=(LENGTH_UNIT()NAMED_UNIT(*)SI_UNIT(.MILLI.,.METRE.));
#17542=PROPERTY_DEFINITION('geometric validation property',
'area of C-5788793-1',#17534);
#17543=REPRESENTATION('surface area',(#17541),#17524);
#17544=PROPERTY_DEFINITION_REPRESENTATION(#17542,#17543);
#17545=(LENGTH_UNIT()NAMED_UNIT(*)SI_UNIT(.MILLI.,.METRE.));
#17549=PROPERTY_DEFINITION('geometric validation property',
'volume of C-5788793-1',#17534);
#17550=REPRESENTATION('volume',(#17548),#17524);
#17551=PROPERTY_DEFINITION_REPRESENTATION(#17549,#17550);
#17553=PROPERTY_DEFINITION('geometric validation property',
'centroid of C-5788793-1',#17534);
#17554=REPRESENTATION('centroid',(#17552),#17524);
#17555=PROPERTY_DEFINITION_REPRESENTATION(#17553,#17554);
#17556=(LENGTH_UNIT()NAMED_UNIT(*)SI_UNIT(.MILLI.,.METRE.));
#17560=PROPERTY_DEFINITION('geometric validation property',
'area of C-5788793-1',#17533);
#17561=REPRESENTATION('surface area',(#17559),#17524);
#17562=PROPERTY_DEFINITION_REPRESENTATION(#17560,#17561);
#17563=(LENGTH_UNIT()NAMED_UNIT(*)SI_UNIT(.MILLI.,.METRE.));
#17567=PROPERTY_DEFINITION('geometric validation property',
'volume of C-5788793-1',#17533);
#17568=REPRESENTATION('volume',(#17566),#17524);
#17569=PROPERTY_DEFINITION_REPRESENTATION(#17567,#17568);
#17571=PROPERTY_DEFINITION('geometric validation property',
'centroid of C-5788793-1',#17533);
#17572=REPRESENTATION('centroid',(#17570),#17524);
#17573=PROPERTY_DEFINITION_REPRESENTATION(#17571,#17572);
#17574=SHAPE_DEFINITION_REPRESENTATION(#17533,#17525);
#17576=PROPERTY_DEFINITION('user defined attribute','',#17532);
#17580=REPRESENTATION('',(#17579),#17524);
#17581=PROPERTY_DEFINITION_REPRESENTATION(#17576,#17580);
#17582=PROPERTY_DEFINITION('user defined attribute','',#17532);
#17586=REPRESENTATION('',(#17585),#17524);
#17587=PROPERTY_DEFINITION_REPRESENTATION(#17582,#17586);
#17588=PROPERTY_DEFINITION('user defined attribute','',#17532);
#17592=REPRESENTATION('',(#17591),#17524);
#17593=PROPERTY_DEFINITION_REPRESENTATION(#17588,#17592);
#17594=PROPERTY_DEFINITION('user defined attribute','',#17532);
#17598=REPRESENTATION('',(#17597),#17524);
#17599=PROPERTY_DEFINITION_REPRESENTATION(#17594,#17598);
#17600=PROPERTY_DEFINITION('user defined attribute','',#17532);
#17604=REPRESENTATION('',(#17603),#17524);
#17605=PROPERTY_DEFINITION_REPRESENTATION(#17600,#17604);
#17606=PROPERTY_DEFINITION('user defined attribute','',#17532);
#17610=REPRESENTATION('',(#17609),#17524);
#17611=PROPERTY_DEFINITION_REPRESENTATION(#17606,#17610);
#17612=PROPERTY_DEFINITION('user defined attribute','',#17532);
#17616=REPRESENTATION('',(#17615),#17524);
#17617=PROPERTY_DEFINITION_REPRESENTATION(#17612,#17616);
#17618=PROPERTY_DEFINITION('user defined attribute','',#17532);
#17622=REPRESENTATION('',(#17621),#17524);
#17623=PROPERTY_DEFINITION_REPRESENTATION(#17618,#17622);
#17624=PROPERTY_DEFINITION('user defined attribute','',#17532);
#17628=REPRESENTATION('',(#17627),#17524);
#17629=PROPERTY_DEFINITION_REPRESENTATION(#17624,#17628);
#17630=PROPERTY_DEFINITION('user defined attribute','',#17532);
#17634=REPRESENTATION('',(#17633),#17524);
#17635=PROPERTY_DEFINITION_REPRESENTATION(#17630,#17634);
#17636=PROPERTY_DEFINITION('user defined attribute','',#17532);
#17640=REPRESENTATION('',(#17639),#17524);
#17641=PROPERTY_DEFINITION_REPRESENTATION(#17636,#17640);
#17642=PROPERTY_DEFINITION('user defined attribute','',#17532);
#17646=REPRESENTATION('',(#17645),#17524);
#17647=PROPERTY_DEFINITION_REPRESENTATION(#17642,#17646);
#17648=PROPERTY_DEFINITION('user defined attribute','',#17532);
#17652=REPRESENTATION('',(#17651),#17524);
#17653=PROPERTY_DEFINITION_REPRESENTATION(#17648,#17652);
#17654=PROPERTY_DEFINITION('user defined attribute','',#17532);
#17658=REPRESENTATION('',(#17657),#17524);
#17659=PROPERTY_DEFINITION_REPRESENTATION(#17654,#17658);
#17660=PROPERTY_DEFINITION('user defined attribute','',#17532);
#17664=REPRESENTATION('',(#17663),#17524);
#17665=PROPERTY_DEFINITION_REPRESENTATION(#17660,#17664);
#17666=PROPERTY_DEFINITION('user defined attribute','',#17532);
#17670=REPRESENTATION('',(#17669),#17524);
#17671=PROPERTY_DEFINITION_REPRESENTATION(#17666,#17670);
#17672=PROPERTY_DEFINITION('user defined attribute','',#17532);
#17676=REPRESENTATION('',(#17675),#17524);
#17677=PROPERTY_DEFINITION_REPRESENTATION(#17672,#17676);
#17678=PROPERTY_DEFINITION('user defined attribute','',#17532);
#17682=REPRESENTATION('',(#17681),#17524);
#17683=PROPERTY_DEFINITION_REPRESENTATION(#17678,#17682);
#17684=PROPERTY_DEFINITION('user defined attribute','',#17532);
#17688=REPRESENTATION('',(#17687),#17524);
#17689=PROPERTY_DEFINITION_REPRESENTATION(#17684,#17688);
#17690=PROPERTY_DEFINITION('user defined attribute','',#17532);
#17694=REPRESENTATION('',(#17693),#17524);
#17695=PROPERTY_DEFINITION_REPRESENTATION(#17690,#17694);
#17696=PROPERTY_DEFINITION('user defined attribute','',#17532);
#17700=REPRESENTATION('',(#17699),#17524);
#17701=PROPERTY_DEFINITION_REPRESENTATION(#17696,#17700);
#17702=PROPERTY_DEFINITION('user defined attribute','',#17532);
#17706=REPRESENTATION('',(#17705),#17524);
#17707=PROPERTY_DEFINITION_REPRESENTATION(#17702,#17706);
#17708=PROPERTY_DEFINITION('user defined attribute','',#17532);
#17712=REPRESENTATION('',(#17711),#17524);
#17713=PROPERTY_DEFINITION_REPRESENTATION(#17708,#17712);
ENDSEC;
END-ISO-10303-21;
