ISO-10303-21;
HEADER;
FILE_DESCRIPTION(('CATIA V5 STEP Exchange','CAx-IF Rec.Pracs.--- Model Styling and Organization---1.4--- 2014-01-23'),'2;1');

FILE_NAME('Y:\\users\\pluess\\1455N1601.stp','2025-07-18T13:27:18+00:00',('none'),('none'),'CATIA Version 5-6 Release 2016 SP6 HF32','CATIA V5 STEP AP214','none');

FILE_SCHEMA(('AUTOMOTIVE_DESIGN { 1 0 10303 214 1 1 1 1 }'));

ENDSEC;
DATA;
#5=PRODUCT('1455N1601','1455N1601','',(#2)) ;
#26=PRODUCT('1455 Box and Cover 160mm','1455 Box and Cover 160mm','',(#2)) ;
#34=PRODUCT('1455N Extrusion 160mm','1455N Extrusion 160mm','',(#2)) ;
#8531=PRODUCT('1455N Cover 160mm','1455N Cover 160mm','',(#2)) ;
#9509=PRODUCT('N Bezel Open','N Bezel Open','',(#2)) ;
#13020=PRODUCT('1455N End Plate','1455N End Plate','',(#2)) ;
#14011=PRODUCT('1455 screw','1455 screw','',(#2)) ;
#2=PRODUCT_CONTEXT(' ',#1,'mechanical') ;
#1=APPLICATION_CONTEXT('automotive design') ;
#13=PRODUCT_DEFINITION('',' ',#6,#3) ;
#28=PRODUCT_DEFINITION('',' ',#27,#3) ;
#36=PRODUCT_DEFINITION('',' ',#35,#3) ;
#8533=PRODUCT_DEFINITION('',' ',#8532,#3) ;
#9511=PRODUCT_DEFINITION('',' ',#9510,#3) ;
#13022=PRODUCT_DEFINITION('',' ',#13021,#3) ;
#14013=PRODUCT_DEFINITION('',' ',#14012,#3) ;
#3=PRODUCT_DEFINITION_CONTEXT('part definition',#1,' ') ;
#16=PRODUCT_DEFINITION_SHAPE(' ',' ',#13) ;
#29=PRODUCT_DEFINITION_SHAPE(' ',' ',#28) ;
#37=PRODUCT_DEFINITION_SHAPE(' ',' ',#36) ;
#8515=PRODUCT_DEFINITION_SHAPE(' ',' ',#8514) ;
#8534=PRODUCT_DEFINITION_SHAPE(' ',' ',#8533) ;
#9480=PRODUCT_DEFINITION_SHAPE(' ',' ',#9479) ;
#9493=PRODUCT_DEFINITION_SHAPE(' ',' ',#9492) ;
#9512=PRODUCT_DEFINITION_SHAPE(' ',' ',#9511) ;
#13004=PRODUCT_DEFINITION_SHAPE(' ',' ',#13003) ;
#13023=PRODUCT_DEFINITION_SHAPE(' ',' ',#13022) ;
#13995=PRODUCT_DEFINITION_SHAPE(' ',' ',#13994) ;
#14014=PRODUCT_DEFINITION_SHAPE(' ',' ',#14013) ;
#14849=PRODUCT_DEFINITION_SHAPE(' ',' ',#14848) ;
#14862=PRODUCT_DEFINITION_SHAPE(' ',' ',#14861) ;
#14875=PRODUCT_DEFINITION_SHAPE(' ',' ',#14874) ;
#14888=PRODUCT_DEFINITION_SHAPE(' ',' ',#14887) ;
#14900=MECHANICAL_DESIGN_GEOMETRIC_PRESENTATION_REPRESENTATION(' ',(#95,#2441,#2466,#4556,#4574,#4597,#4615,#4633,#4651,#4669,#4682,#4700,#4718,#4736,#4754,#4772,#4790,#4808,#4826,#4844,#4862,#4880,#4898,#4916,#4934,#4952,#4970,#4988,#5006,#5024,#5042,#5060,#5078,#5096,#5114,#5132,#5150,#5168,#5186,#5204,#5222,#5240,#5258,#5276,#5294,#5312,#5330,#5348,#5366,#5384,#5402,#5420,#5438,#5456,#5474,#5492,#5510,#5528,#5546,#5564,#5582,#5600,#5618,#5636,#5654,#5672,#5690,#5708,#5726,#5744,#5762,#5780,#5798,#5816,#5834,#5852,#5870,#5888,#5906,#5924,#5942,#5960,#5978,#5996,#6014,#6032,#6050,#6068,#6086,#6104,#6122,#6140,#6158,#6176,#6194,#6212,#6230,#6248,#6266,#6284,#6302,#6320,#6338,#6356,#6374,#6392,#6410,#6428,#6446,#6464,#6482,#6500,#6518,#6536,#6554,#6572,#6590,#6608,#6626,#6644,#6662,#6680,#6698,#6716,#6734,#6752,#6770,#6788,#6806,#6824,#6842,#6860,#6878,#6896,#6914,#6932,#6950,#6968,#6986,#7004,#7022,#7040,#7058,#7076,#7094,#7112,#7130,#7148,#7166,#7184,#7202,#7220,#7238,#7256,#7274,#7292,#7310,#7328,#7346,#7364,#7382,#7400,#7418,#7436,#7454,#7472,#7490,#7508,#7526,#7544,#7562,#7580,#7598,#7616,#7634,#7652,#7670,#7688,#7706,#7724,#7742,#7760,#7778,#7796,#7814,#7832,#7850,#7868,#7886,#7904,#7922,#7940,#7958,#7976,#7994,#8012,#8030,#8048,#8066,#8084,#8102,#8120,#8138,#8156,#8174,#8192,#8210,#8228,#8246,#8264,#8282,#8300,#8318,#8336,#8354,#8372,#8390,#8408,#8426,#8444,#8462,#8480,#8498,#8511,#46,#8578,#8830,#8855,#9085,#9103,#9121,#9139,#9157,#9175,#9193,#9211,#9229,#9247,#9265,#9283,#9301,#9319,#9337,#9355,#9373,#9391,#9409,#9427,#9445,#9463,#9476,#8536,#9563,#10021,#10046,#10485,#10503,#10535,#10563,#10588,#10616,#10641,#10666,#10691,#10709,#10732,#10745,#10768,#10781,#10804,#10817,#10840,#10853,#10871,#10889,#10907,#10925,#10943,#10961,#10979,#10997,#11015,#11033,#11051,#11069,#11082,#11114,#11139,#11164,#11189,#11214,#11239,#11264,#11282,#11413,#11544,#11592,#11617,#11658,#11683,#11724,#11749,#11790,#11808,#11856,#11881,#11922,#11947,#11988,#12013,#12054,#12072,#12090,#12108,#12145,#12163,#12200,#12237,#12255,#12292,#12310,#12347,#12365,#12383,#12420,#12438,#12475,#12512,#12530,#12548,#12592,#12610,#12654,#12686,#12704,#12736,#12754,#12765,#12783,#12801,#12824,#12842,#12865,#12876,#12894,#12912,#12925,#12938,#12956,#12969,#12987,#13000,#9514,#13074,#13384,#13402,#13434,#13466,#13491,#13516,#13541,#13566,#13591,#13616,#13634,#13666,#13684,#13716,#13734,#13766,#13784,#13808,#13883,#13906,#13919,#13942,#13955,#13978,#13991,#13025,#14071,#14225,#14262,#14409,#14441,#14478,#14497,#14521,#14539,#14553,#14572,#14596,#14614,#14646,#14671,#14684,#14716,#14734,#14766,#14784,#14816,#14834,#14845,#14016),#21) ;
#15=SHAPE_REPRESENTATION(' ',(#9497,#13008,#13999,#14853,#14866,#14879,#14892),#21) ;
#24=SHAPE_REPRESENTATION(' ',(#8519,#9484,#9498),#23) ;
#32=SHAPE_REPRESENTATION(' ',(#8520),#31) ;
#8529=SHAPE_REPRESENTATION(' ',(#9485),#8528) ;
#9507=SHAPE_REPRESENTATION(' ',(#13009),#9506) ;
#13018=SHAPE_REPRESENTATION(' ',(#14000),#13017) ;
#14009=SHAPE_REPRESENTATION(' ',(#14854,#14867,#14880,#14893),#14008) ;
#8518=ITEM_DEFINED_TRANSFORMATION(' ',' ',#8520,#8519) ;
#9483=ITEM_DEFINED_TRANSFORMATION(' ',' ',#9485,#9484) ;
#9496=ITEM_DEFINED_TRANSFORMATION(' ',' ',#9498,#9497) ;
#13007=ITEM_DEFINED_TRANSFORMATION(' ',' ',#13009,#13008) ;
#13998=ITEM_DEFINED_TRANSFORMATION(' ',' ',#14000,#13999) ;
#14852=ITEM_DEFINED_TRANSFORMATION(' ',' ',#14854,#14853) ;
#14865=ITEM_DEFINED_TRANSFORMATION(' ',' ',#14867,#14866) ;
#14878=ITEM_DEFINED_TRANSFORMATION(' ',' ',#14880,#14879) ;
#14891=ITEM_DEFINED_TRANSFORMATION(' ',' ',#14893,#14892) ;
#51=AXIS2_PLACEMENT_3D('Cylinder Axis2P3D',#48,#49,#50) ;
#55=AXIS2_PLACEMENT_3D('Circle Axis2P3D',#53,#54,$) ;
#71=AXIS2_PLACEMENT_3D('Circle Axis2P3D',#69,#70,$) ;
#99=AXIS2_PLACEMENT_3D('Plane Axis2P3D',#96,#97,#98) ;
#143=AXIS2_PLACEMENT_3D('Circle Axis2P3D',#141,#142,$) ;
#150=AXIS2_PLACEMENT_3D('Circle Axis2P3D',#148,#149,$) ;
#157=AXIS2_PLACEMENT_3D('Circle Axis2P3D',#155,#156,$) ;
#180=AXIS2_PLACEMENT_3D('Circle Axis2P3D',#178,#179,$) ;
#185=AXIS2_PLACEMENT_3D('Circle Axis2P3D',#183,#184,$) ;
#208=AXIS2_PLACEMENT_3D('Circle Axis2P3D',#206,#207,$) ;
#215=AXIS2_PLACEMENT_3D('Circle Axis2P3D',#213,#214,$) ;
#222=AXIS2_PLACEMENT_3D('Circle Axis2P3D',#220,#221,$) ;
#271=AXIS2_PLACEMENT_3D('Circle Axis2P3D',#269,#270,$) ;
#579=AXIS2_PLACEMENT_3D('Circle Axis2P3D',#577,#578,$) ;
#599=AXIS2_PLACEMENT_3D('Circle Axis2P3D',#597,#598,$) ;
#672=AXIS2_PLACEMENT_3D('Circle Axis2P3D',#670,#671,$) ;
#695=AXIS2_PLACEMENT_3D('Circle Axis2P3D',#693,#694,$) ;
#702=AXIS2_PLACEMENT_3D('Circle Axis2P3D',#700,#701,$) ;
#709=AXIS2_PLACEMENT_3D('Circle Axis2P3D',#707,#708,$) ;
#716=AXIS2_PLACEMENT_3D('Circle Axis2P3D',#714,#715,$) ;
#739=AXIS2_PLACEMENT_3D('Circle Axis2P3D',#737,#738,$) ;
#746=AXIS2_PLACEMENT_3D('Circle Axis2P3D',#744,#745,$) ;
#753=AXIS2_PLACEMENT_3D('Circle Axis2P3D',#751,#752,$) ;
#760=AXIS2_PLACEMENT_3D('Circle Axis2P3D',#758,#759,$) ;
#783=AXIS2_PLACEMENT_3D('Circle Axis2P3D',#781,#782,$) ;
#790=AXIS2_PLACEMENT_3D('Circle Axis2P3D',#788,#789,$) ;
#797=AXIS2_PLACEMENT_3D('Circle Axis2P3D',#795,#796,$) ;
#804=AXIS2_PLACEMENT_3D('Circle Axis2P3D',#802,#803,$) ;
#857=AXIS2_PLACEMENT_3D('Circle Axis2P3D',#855,#856,$) ;
#871=AXIS2_PLACEMENT_3D('Circle Axis2P3D',#869,#870,$) ;
#1095=AXIS2_PLACEMENT_3D('Circle Axis2P3D',#1093,#1094,$) ;
#1179=AXIS2_PLACEMENT_3D('Circle Axis2P3D',#1177,#1178,$) ;
#1403=AXIS2_PLACEMENT_3D('Circle Axis2P3D',#1401,#1402,$) ;
#1417=AXIS2_PLACEMENT_3D('Circle Axis2P3D',#1415,#1416,$) ;
#1470=AXIS2_PLACEMENT_3D('Circle Axis2P3D',#1468,#1469,$) ;
#1477=AXIS2_PLACEMENT_3D('Circle Axis2P3D',#1475,#1476,$) ;
#1484=AXIS2_PLACEMENT_3D('Circle Axis2P3D',#1482,#1483,$) ;
#1491=AXIS2_PLACEMENT_3D('Circle Axis2P3D',#1489,#1490,$) ;
#1514=AXIS2_PLACEMENT_3D('Circle Axis2P3D',#1512,#1513,$) ;
#1521=AXIS2_PLACEMENT_3D('Circle Axis2P3D',#1519,#1520,$) ;
#1528=AXIS2_PLACEMENT_3D('Circle Axis2P3D',#1526,#1527,$) ;
#1535=AXIS2_PLACEMENT_3D('Circle Axis2P3D',#1533,#1534,$) ;
#1558=AXIS2_PLACEMENT_3D('Circle Axis2P3D',#1556,#1557,$) ;
#1565=AXIS2_PLACEMENT_3D('Circle Axis2P3D',#1563,#1564,$) ;
#1572=AXIS2_PLACEMENT_3D('Circle Axis2P3D',#1570,#1571,$) ;
#1579=AXIS2_PLACEMENT_3D('Circle Axis2P3D',#1577,#1578,$) ;
#1602=AXIS2_PLACEMENT_3D('Circle Axis2P3D',#1600,#1601,$) ;
#1675=AXIS2_PLACEMENT_3D('Circle Axis2P3D',#1673,#1674,$) ;
#1695=AXIS2_PLACEMENT_3D('Circle Axis2P3D',#1693,#1694,$) ;
#2003=AXIS2_PLACEMENT_3D('Circle Axis2P3D',#2001,#2002,$) ;
#2052=AXIS2_PLACEMENT_3D('Circle Axis2P3D',#2050,#2051,$) ;
#2059=AXIS2_PLACEMENT_3D('Circle Axis2P3D',#2057,#2058,$) ;
#2066=AXIS2_PLACEMENT_3D('Circle Axis2P3D',#2064,#2065,$) ;
#2089=AXIS2_PLACEMENT_3D('Circle Axis2P3D',#2087,#2088,$) ;
#2096=AXIS2_PLACEMENT_3D('Circle Axis2P3D',#2094,#2095,$) ;
#2103=AXIS2_PLACEMENT_3D('Circle Axis2P3D',#2101,#2102,$) ;
#2126=AXIS2_PLACEMENT_3D('Circle Axis2P3D',#2124,#2125,$) ;
#2133=AXIS2_PLACEMENT_3D('Circle Axis2P3D',#2131,#2132,$) ;
#2140=AXIS2_PLACEMENT_3D('Circle Axis2P3D',#2138,#2139,$) ;
#2192=AXIS2_PLACEMENT_3D('Circle Axis2P3D',#2190,#2191,$) ;
#2206=AXIS2_PLACEMENT_3D('Circle Axis2P3D',#2204,#2205,$) ;
#2445=AXIS2_PLACEMENT_3D('Cylinder Axis2P3D',#2442,#2443,#2444) ;
#2456=AXIS2_PLACEMENT_3D('Circle Axis2P3D',#2454,#2455,$) ;
#2470=AXIS2_PLACEMENT_3D('Plane Axis2P3D',#2467,#2468,#2469) ;
#2474=AXIS2_PLACEMENT_3D('Circle Axis2P3D',#2472,#2473,$) ;
#2542=AXIS2_PLACEMENT_3D('Circle Axis2P3D',#2540,#2541,$) ;
#2549=AXIS2_PLACEMENT_3D('Circle Axis2P3D',#2547,#2548,$) ;
#2592=AXIS2_PLACEMENT_3D('Circle Axis2P3D',#2590,#2591,$) ;
#2635=AXIS2_PLACEMENT_3D('Circle Axis2P3D',#2633,#2634,$) ;
#2678=AXIS2_PLACEMENT_3D('Circle Axis2P3D',#2676,#2677,$) ;
#2692=AXIS2_PLACEMENT_3D('Circle Axis2P3D',#2690,#2691,$) ;
#3026=AXIS2_PLACEMENT_3D('Circle Axis2P3D',#3024,#3025,$) ;
#3053=AXIS2_PLACEMENT_3D('Circle Axis2P3D',#3051,#3052,$) ;
#3067=AXIS2_PLACEMENT_3D('Circle Axis2P3D',#3065,#3066,$) ;
#3081=AXIS2_PLACEMENT_3D('Circle Axis2P3D',#3079,#3080,$) ;
#3101=AXIS2_PLACEMENT_3D('Circle Axis2P3D',#3099,#3100,$) ;
#3154=AXIS2_PLACEMENT_3D('Circle Axis2P3D',#3152,#3153,$) ;
#3207=AXIS2_PLACEMENT_3D('Circle Axis2P3D',#3205,#3206,$) ;
#3257=AXIS2_PLACEMENT_3D('Circle Axis2P3D',#3255,#3256,$) ;
#3271=AXIS2_PLACEMENT_3D('Circle Axis2P3D',#3269,#3270,$) ;
#3334=AXIS2_PLACEMENT_3D('Circle Axis2P3D',#3332,#3333,$) ;
#3348=AXIS2_PLACEMENT_3D('Circle Axis2P3D',#3346,#3347,$) ;
#3362=AXIS2_PLACEMENT_3D('Circle Axis2P3D',#3360,#3361,$) ;
#3376=AXIS2_PLACEMENT_3D('Circle Axis2P3D',#3374,#3375,$) ;
#3390=AXIS2_PLACEMENT_3D('Circle Axis2P3D',#3388,#3389,$) ;
#3404=AXIS2_PLACEMENT_3D('Circle Axis2P3D',#3402,#3403,$) ;
#3444=AXIS2_PLACEMENT_3D('Circle Axis2P3D',#3442,#3443,$) ;
#3458=AXIS2_PLACEMENT_3D('Circle Axis2P3D',#3456,#3457,$) ;
#3498=AXIS2_PLACEMENT_3D('Circle Axis2P3D',#3496,#3497,$) ;
#3512=AXIS2_PLACEMENT_3D('Circle Axis2P3D',#3510,#3511,$) ;
#3526=AXIS2_PLACEMENT_3D('Circle Axis2P3D',#3524,#3525,$) ;
#3540=AXIS2_PLACEMENT_3D('Circle Axis2P3D',#3538,#3539,$) ;
#3554=AXIS2_PLACEMENT_3D('Circle Axis2P3D',#3552,#3553,$) ;
#3568=AXIS2_PLACEMENT_3D('Circle Axis2P3D',#3566,#3567,$) ;
#3631=AXIS2_PLACEMENT_3D('Circle Axis2P3D',#3629,#3630,$) ;
#3645=AXIS2_PLACEMENT_3D('Circle Axis2P3D',#3643,#3644,$) ;
#3695=AXIS2_PLACEMENT_3D('Circle Axis2P3D',#3693,#3694,$) ;
#3748=AXIS2_PLACEMENT_3D('Circle Axis2P3D',#3746,#3747,$) ;
#3801=AXIS2_PLACEMENT_3D('Circle Axis2P3D',#3799,#3800,$) ;
#3821=AXIS2_PLACEMENT_3D('Circle Axis2P3D',#3819,#3820,$) ;
#3835=AXIS2_PLACEMENT_3D('Circle Axis2P3D',#3833,#3834,$) ;
#3849=AXIS2_PLACEMENT_3D('Circle Axis2P3D',#3847,#3848,$) ;
#3876=AXIS2_PLACEMENT_3D('Circle Axis2P3D',#3874,#3875,$) ;
#4210=AXIS2_PLACEMENT_3D('Circle Axis2P3D',#4208,#4209,$) ;
#4224=AXIS2_PLACEMENT_3D('Circle Axis2P3D',#4222,#4223,$) ;
#4267=AXIS2_PLACEMENT_3D('Circle Axis2P3D',#4265,#4266,$) ;
#4285=AXIS2_PLACEMENT_3D('Circle Axis2P3D',#4283,#4284,$) ;
#4328=AXIS2_PLACEMENT_3D('Circle Axis2P3D',#4326,#4327,$) ;
#4560=AXIS2_PLACEMENT_3D('Cylinder Axis2P3D',#4557,#4558,#4559) ;
#4578=AXIS2_PLACEMENT_3D('Cylinder Axis2P3D',#4575,#4576,#4577) ;
#4601=AXIS2_PLACEMENT_3D('Cylinder Axis2P3D',#4598,#4599,#4600) ;
#4619=AXIS2_PLACEMENT_3D('Cylinder Axis2P3D',#4616,#4617,#4618) ;
#4637=AXIS2_PLACEMENT_3D('Cylinder Axis2P3D',#4634,#4635,#4636) ;
#4655=AXIS2_PLACEMENT_3D('Cylinder Axis2P3D',#4652,#4653,#4654) ;
#4673=AXIS2_PLACEMENT_3D('Cylinder Axis2P3D',#4670,#4671,#4672) ;
#4686=AXIS2_PLACEMENT_3D('Cylinder Axis2P3D',#4683,#4684,#4685) ;
#4704=AXIS2_PLACEMENT_3D('Cylinder Axis2P3D',#4701,#4702,#4703) ;
#4722=AXIS2_PLACEMENT_3D('Cylinder Axis2P3D',#4719,#4720,#4721) ;
#4740=AXIS2_PLACEMENT_3D('Cylinder Axis2P3D',#4737,#4738,#4739) ;
#4758=AXIS2_PLACEMENT_3D('Cylinder Axis2P3D',#4755,#4756,#4757) ;
#4776=AXIS2_PLACEMENT_3D('Plane Axis2P3D',#4773,#4774,#4775) ;
#4794=AXIS2_PLACEMENT_3D('Cylinder Axis2P3D',#4791,#4792,#4793) ;
#4812=AXIS2_PLACEMENT_3D('Cylinder Axis2P3D',#4809,#4810,#4811) ;
#4830=AXIS2_PLACEMENT_3D('Plane Axis2P3D',#4827,#4828,#4829) ;
#4848=AXIS2_PLACEMENT_3D('Plane Axis2P3D',#4845,#4846,#4847) ;
#4866=AXIS2_PLACEMENT_3D('Plane Axis2P3D',#4863,#4864,#4865) ;
#4884=AXIS2_PLACEMENT_3D('Plane Axis2P3D',#4881,#4882,#4883) ;
#4902=AXIS2_PLACEMENT_3D('Plane Axis2P3D',#4899,#4900,#4901) ;
#4920=AXIS2_PLACEMENT_3D('Plane Axis2P3D',#4917,#4918,#4919) ;
#4938=AXIS2_PLACEMENT_3D('Plane Axis2P3D',#4935,#4936,#4937) ;
#4956=AXIS2_PLACEMENT_3D('Plane Axis2P3D',#4953,#4954,#4955) ;
#4974=AXIS2_PLACEMENT_3D('Plane Axis2P3D',#4971,#4972,#4973) ;
#4992=AXIS2_PLACEMENT_3D('Plane Axis2P3D',#4989,#4990,#4991) ;
#5010=AXIS2_PLACEMENT_3D('Plane Axis2P3D',#5007,#5008,#5009) ;
#5028=AXIS2_PLACEMENT_3D('Plane Axis2P3D',#5025,#5026,#5027) ;
#5046=AXIS2_PLACEMENT_3D('Plane Axis2P3D',#5043,#5044,#5045) ;
#5064=AXIS2_PLACEMENT_3D('Plane Axis2P3D',#5061,#5062,#5063) ;
#5082=AXIS2_PLACEMENT_3D('Plane Axis2P3D',#5079,#5080,#5081) ;
#5100=AXIS2_PLACEMENT_3D('Plane Axis2P3D',#5097,#5098,#5099) ;
#5118=AXIS2_PLACEMENT_3D('Plane Axis2P3D',#5115,#5116,#5117) ;
#5136=AXIS2_PLACEMENT_3D('Plane Axis2P3D',#5133,#5134,#5135) ;
#5154=AXIS2_PLACEMENT_3D('Plane Axis2P3D',#5151,#5152,#5153) ;
#5172=AXIS2_PLACEMENT_3D('Plane Axis2P3D',#5169,#5170,#5171) ;
#5190=AXIS2_PLACEMENT_3D('Plane Axis2P3D',#5187,#5188,#5189) ;
#5208=AXIS2_PLACEMENT_3D('Plane Axis2P3D',#5205,#5206,#5207) ;
#5226=AXIS2_PLACEMENT_3D('Plane Axis2P3D',#5223,#5224,#5225) ;
#5244=AXIS2_PLACEMENT_3D('Plane Axis2P3D',#5241,#5242,#5243) ;
#5262=AXIS2_PLACEMENT_3D('Plane Axis2P3D',#5259,#5260,#5261) ;
#5280=AXIS2_PLACEMENT_3D('Plane Axis2P3D',#5277,#5278,#5279) ;
#5298=AXIS2_PLACEMENT_3D('Plane Axis2P3D',#5295,#5296,#5297) ;
#5316=AXIS2_PLACEMENT_3D('Plane Axis2P3D',#5313,#5314,#5315) ;
#5334=AXIS2_PLACEMENT_3D('Plane Axis2P3D',#5331,#5332,#5333) ;
#5352=AXIS2_PLACEMENT_3D('Plane Axis2P3D',#5349,#5350,#5351) ;
#5370=AXIS2_PLACEMENT_3D('Plane Axis2P3D',#5367,#5368,#5369) ;
#5388=AXIS2_PLACEMENT_3D('Plane Axis2P3D',#5385,#5386,#5387) ;
#5406=AXIS2_PLACEMENT_3D('Plane Axis2P3D',#5403,#5404,#5405) ;
#5424=AXIS2_PLACEMENT_3D('Plane Axis2P3D',#5421,#5422,#5423) ;
#5442=AXIS2_PLACEMENT_3D('Plane Axis2P3D',#5439,#5440,#5441) ;
#5460=AXIS2_PLACEMENT_3D('Plane Axis2P3D',#5457,#5458,#5459) ;
#5478=AXIS2_PLACEMENT_3D('Plane Axis2P3D',#5475,#5476,#5477) ;
#5496=AXIS2_PLACEMENT_3D('Plane Axis2P3D',#5493,#5494,#5495) ;
#5514=AXIS2_PLACEMENT_3D('Plane Axis2P3D',#5511,#5512,#5513) ;
#5532=AXIS2_PLACEMENT_3D('Plane Axis2P3D',#5529,#5530,#5531) ;
#5550=AXIS2_PLACEMENT_3D('Plane Axis2P3D',#5547,#5548,#5549) ;
#5568=AXIS2_PLACEMENT_3D('Plane Axis2P3D',#5565,#5566,#5567) ;
#5586=AXIS2_PLACEMENT_3D('Plane Axis2P3D',#5583,#5584,#5585) ;
#5604=AXIS2_PLACEMENT_3D('Cylinder Axis2P3D',#5601,#5602,#5603) ;
#5622=AXIS2_PLACEMENT_3D('Cylinder Axis2P3D',#5619,#5620,#5621) ;
#5640=AXIS2_PLACEMENT_3D('Cylinder Axis2P3D',#5637,#5638,#5639) ;
#5658=AXIS2_PLACEMENT_3D('Plane Axis2P3D',#5655,#5656,#5657) ;
#5676=AXIS2_PLACEMENT_3D('Cylinder Axis2P3D',#5673,#5674,#5675) ;
#5694=AXIS2_PLACEMENT_3D('Plane Axis2P3D',#5691,#5692,#5693) ;
#5712=AXIS2_PLACEMENT_3D('Cylinder Axis2P3D',#5709,#5710,#5711) ;
#5730=AXIS2_PLACEMENT_3D('Plane Axis2P3D',#5727,#5728,#5729) ;
#5748=AXIS2_PLACEMENT_3D('Cylinder Axis2P3D',#5745,#5746,#5747) ;
#5766=AXIS2_PLACEMENT_3D('Cylinder Axis2P3D',#5763,#5764,#5765) ;
#5784=AXIS2_PLACEMENT_3D('Cylinder Axis2P3D',#5781,#5782,#5783) ;
#5802=AXIS2_PLACEMENT_3D('Cylinder Axis2P3D',#5799,#5800,#5801) ;
#5820=AXIS2_PLACEMENT_3D('Cylinder Axis2P3D',#5817,#5818,#5819) ;
#5838=AXIS2_PLACEMENT_3D('Cylinder Axis2P3D',#5835,#5836,#5837) ;
#5856=AXIS2_PLACEMENT_3D('Cylinder Axis2P3D',#5853,#5854,#5855) ;
#5874=AXIS2_PLACEMENT_3D('Cylinder Axis2P3D',#5871,#5872,#5873) ;
#5892=AXIS2_PLACEMENT_3D('Cylinder Axis2P3D',#5889,#5890,#5891) ;
#5910=AXIS2_PLACEMENT_3D('Cylinder Axis2P3D',#5907,#5908,#5909) ;
#5928=AXIS2_PLACEMENT_3D('Cylinder Axis2P3D',#5925,#5926,#5927) ;
#5946=AXIS2_PLACEMENT_3D('Cylinder Axis2P3D',#5943,#5944,#5945) ;
#5964=AXIS2_PLACEMENT_3D('Cylinder Axis2P3D',#5961,#5962,#5963) ;
#5982=AXIS2_PLACEMENT_3D('Cylinder Axis2P3D',#5979,#5980,#5981) ;
#6000=AXIS2_PLACEMENT_3D('Cylinder Axis2P3D',#5997,#5998,#5999) ;
#6018=AXIS2_PLACEMENT_3D('Cylinder Axis2P3D',#6015,#6016,#6017) ;
#6036=AXIS2_PLACEMENT_3D('Cylinder Axis2P3D',#6033,#6034,#6035) ;
#6054=AXIS2_PLACEMENT_3D('Cylinder Axis2P3D',#6051,#6052,#6053) ;
#6072=AXIS2_PLACEMENT_3D('Plane Axis2P3D',#6069,#6070,#6071) ;
#6090=AXIS2_PLACEMENT_3D('Cylinder Axis2P3D',#6087,#6088,#6089) ;
#6108=AXIS2_PLACEMENT_3D('Plane Axis2P3D',#6105,#6106,#6107) ;
#6126=AXIS2_PLACEMENT_3D('Cylinder Axis2P3D',#6123,#6124,#6125) ;
#6144=AXIS2_PLACEMENT_3D('Plane Axis2P3D',#6141,#6142,#6143) ;
#6162=AXIS2_PLACEMENT_3D('Cylinder Axis2P3D',#6159,#6160,#6161) ;
#6180=AXIS2_PLACEMENT_3D('Plane Axis2P3D',#6177,#6178,#6179) ;
#6198=AXIS2_PLACEMENT_3D('Cylinder Axis2P3D',#6195,#6196,#6197) ;
#6216=AXIS2_PLACEMENT_3D('Plane Axis2P3D',#6213,#6214,#6215) ;
#6234=AXIS2_PLACEMENT_3D('Cylinder Axis2P3D',#6231,#6232,#6233) ;
#6252=AXIS2_PLACEMENT_3D('Plane Axis2P3D',#6249,#6250,#6251) ;
#6270=AXIS2_PLACEMENT_3D('Cylinder Axis2P3D',#6267,#6268,#6269) ;
#6288=AXIS2_PLACEMENT_3D('Plane Axis2P3D',#6285,#6286,#6287) ;
#6306=AXIS2_PLACEMENT_3D('Cylinder Axis2P3D',#6303,#6304,#6305) ;
#6324=AXIS2_PLACEMENT_3D('Plane Axis2P3D',#6321,#6322,#6323) ;
#6342=AXIS2_PLACEMENT_3D('Cylinder Axis2P3D',#6339,#6340,#6341) ;
#6360=AXIS2_PLACEMENT_3D('Plane Axis2P3D',#6357,#6358,#6359) ;
#6378=AXIS2_PLACEMENT_3D('Cylinder Axis2P3D',#6375,#6376,#6377) ;
#6396=AXIS2_PLACEMENT_3D('Plane Axis2P3D',#6393,#6394,#6395) ;
#6414=AXIS2_PLACEMENT_3D('Cylinder Axis2P3D',#6411,#6412,#6413) ;
#6432=AXIS2_PLACEMENT_3D('Plane Axis2P3D',#6429,#6430,#6431) ;
#6450=AXIS2_PLACEMENT_3D('Cylinder Axis2P3D',#6447,#6448,#6449) ;
#6468=AXIS2_PLACEMENT_3D('Plane Axis2P3D',#6465,#6466,#6467) ;
#6486=AXIS2_PLACEMENT_3D('Cylinder Axis2P3D',#6483,#6484,#6485) ;
#6504=AXIS2_PLACEMENT_3D('Plane Axis2P3D',#6501,#6502,#6503) ;
#6522=AXIS2_PLACEMENT_3D('Cylinder Axis2P3D',#6519,#6520,#6521) ;
#6540=AXIS2_PLACEMENT_3D('Plane Axis2P3D',#6537,#6538,#6539) ;
#6558=AXIS2_PLACEMENT_3D('Cylinder Axis2P3D',#6555,#6556,#6557) ;
#6576=AXIS2_PLACEMENT_3D('Plane Axis2P3D',#6573,#6574,#6575) ;
#6594=AXIS2_PLACEMENT_3D('Cylinder Axis2P3D',#6591,#6592,#6593) ;
#6612=AXIS2_PLACEMENT_3D('Plane Axis2P3D',#6609,#6610,#6611) ;
#6630=AXIS2_PLACEMENT_3D('Cylinder Axis2P3D',#6627,#6628,#6629) ;
#6648=AXIS2_PLACEMENT_3D('Plane Axis2P3D',#6645,#6646,#6647) ;
#6666=AXIS2_PLACEMENT_3D('Cylinder Axis2P3D',#6663,#6664,#6665) ;
#6684=AXIS2_PLACEMENT_3D('Plane Axis2P3D',#6681,#6682,#6683) ;
#6702=AXIS2_PLACEMENT_3D('Cylinder Axis2P3D',#6699,#6700,#6701) ;
#6720=AXIS2_PLACEMENT_3D('Plane Axis2P3D',#6717,#6718,#6719) ;
#6738=AXIS2_PLACEMENT_3D('Cylinder Axis2P3D',#6735,#6736,#6737) ;
#6756=AXIS2_PLACEMENT_3D('Plane Axis2P3D',#6753,#6754,#6755) ;
#6774=AXIS2_PLACEMENT_3D('Cylinder Axis2P3D',#6771,#6772,#6773) ;
#6792=AXIS2_PLACEMENT_3D('Plane Axis2P3D',#6789,#6790,#6791) ;
#6810=AXIS2_PLACEMENT_3D('Cylinder Axis2P3D',#6807,#6808,#6809) ;
#6828=AXIS2_PLACEMENT_3D('Plane Axis2P3D',#6825,#6826,#6827) ;
#6846=AXIS2_PLACEMENT_3D('Cylinder Axis2P3D',#6843,#6844,#6845) ;
#6864=AXIS2_PLACEMENT_3D('Plane Axis2P3D',#6861,#6862,#6863) ;
#6882=AXIS2_PLACEMENT_3D('Cylinder Axis2P3D',#6879,#6880,#6881) ;
#6900=AXIS2_PLACEMENT_3D('Cylinder Axis2P3D',#6897,#6898,#6899) ;
#6918=AXIS2_PLACEMENT_3D('Cylinder Axis2P3D',#6915,#6916,#6917) ;
#6936=AXIS2_PLACEMENT_3D('Cylinder Axis2P3D',#6933,#6934,#6935) ;
#6954=AXIS2_PLACEMENT_3D('Cylinder Axis2P3D',#6951,#6952,#6953) ;
#6972=AXIS2_PLACEMENT_3D('Cylinder Axis2P3D',#6969,#6970,#6971) ;
#6990=AXIS2_PLACEMENT_3D('Cylinder Axis2P3D',#6987,#6988,#6989) ;
#7008=AXIS2_PLACEMENT_3D('Cylinder Axis2P3D',#7005,#7006,#7007) ;
#7026=AXIS2_PLACEMENT_3D('Cylinder Axis2P3D',#7023,#7024,#7025) ;
#7044=AXIS2_PLACEMENT_3D('Cylinder Axis2P3D',#7041,#7042,#7043) ;
#7062=AXIS2_PLACEMENT_3D('Cylinder Axis2P3D',#7059,#7060,#7061) ;
#7080=AXIS2_PLACEMENT_3D('Cylinder Axis2P3D',#7077,#7078,#7079) ;
#7098=AXIS2_PLACEMENT_3D('Cylinder Axis2P3D',#7095,#7096,#7097) ;
#7116=AXIS2_PLACEMENT_3D('Cylinder Axis2P3D',#7113,#7114,#7115) ;
#7134=AXIS2_PLACEMENT_3D('Cylinder Axis2P3D',#7131,#7132,#7133) ;
#7152=AXIS2_PLACEMENT_3D('Cylinder Axis2P3D',#7149,#7150,#7151) ;
#7170=AXIS2_PLACEMENT_3D('Cylinder Axis2P3D',#7167,#7168,#7169) ;
#7188=AXIS2_PLACEMENT_3D('Cylinder Axis2P3D',#7185,#7186,#7187) ;
#7206=AXIS2_PLACEMENT_3D('Plane Axis2P3D',#7203,#7204,#7205) ;
#7224=AXIS2_PLACEMENT_3D('Cylinder Axis2P3D',#7221,#7222,#7223) ;
#7242=AXIS2_PLACEMENT_3D('Plane Axis2P3D',#7239,#7240,#7241) ;
#7260=AXIS2_PLACEMENT_3D('Cylinder Axis2P3D',#7257,#7258,#7259) ;
#7278=AXIS2_PLACEMENT_3D('Plane Axis2P3D',#7275,#7276,#7277) ;
#7296=AXIS2_PLACEMENT_3D('Cylinder Axis2P3D',#7293,#7294,#7295) ;
#7314=AXIS2_PLACEMENT_3D('Cylinder Axis2P3D',#7311,#7312,#7313) ;
#7332=AXIS2_PLACEMENT_3D('Cylinder Axis2P3D',#7329,#7330,#7331) ;
#7350=AXIS2_PLACEMENT_3D('Plane Axis2P3D',#7347,#7348,#7349) ;
#7368=AXIS2_PLACEMENT_3D('Plane Axis2P3D',#7365,#7366,#7367) ;
#7386=AXIS2_PLACEMENT_3D('Plane Axis2P3D',#7383,#7384,#7385) ;
#7404=AXIS2_PLACEMENT_3D('Plane Axis2P3D',#7401,#7402,#7403) ;
#7422=AXIS2_PLACEMENT_3D('Plane Axis2P3D',#7419,#7420,#7421) ;
#7440=AXIS2_PLACEMENT_3D('Plane Axis2P3D',#7437,#7438,#7439) ;
#7458=AXIS2_PLACEMENT_3D('Plane Axis2P3D',#7455,#7456,#7457) ;
#7476=AXIS2_PLACEMENT_3D('Plane Axis2P3D',#7473,#7474,#7475) ;
#7494=AXIS2_PLACEMENT_3D('Plane Axis2P3D',#7491,#7492,#7493) ;
#7512=AXIS2_PLACEMENT_3D('Plane Axis2P3D',#7509,#7510,#7511) ;
#7530=AXIS2_PLACEMENT_3D('Plane Axis2P3D',#7527,#7528,#7529) ;
#7548=AXIS2_PLACEMENT_3D('Plane Axis2P3D',#7545,#7546,#7547) ;
#7566=AXIS2_PLACEMENT_3D('Plane Axis2P3D',#7563,#7564,#7565) ;
#7584=AXIS2_PLACEMENT_3D('Plane Axis2P3D',#7581,#7582,#7583) ;
#7602=AXIS2_PLACEMENT_3D('Plane Axis2P3D',#7599,#7600,#7601) ;
#7620=AXIS2_PLACEMENT_3D('Plane Axis2P3D',#7617,#7618,#7619) ;
#7638=AXIS2_PLACEMENT_3D('Plane Axis2P3D',#7635,#7636,#7637) ;
#7656=AXIS2_PLACEMENT_3D('Plane Axis2P3D',#7653,#7654,#7655) ;
#7674=AXIS2_PLACEMENT_3D('Plane Axis2P3D',#7671,#7672,#7673) ;
#7692=AXIS2_PLACEMENT_3D('Plane Axis2P3D',#7689,#7690,#7691) ;
#7710=AXIS2_PLACEMENT_3D('Plane Axis2P3D',#7707,#7708,#7709) ;
#7728=AXIS2_PLACEMENT_3D('Plane Axis2P3D',#7725,#7726,#7727) ;
#7746=AXIS2_PLACEMENT_3D('Plane Axis2P3D',#7743,#7744,#7745) ;
#7764=AXIS2_PLACEMENT_3D('Plane Axis2P3D',#7761,#7762,#7763) ;
#7782=AXIS2_PLACEMENT_3D('Plane Axis2P3D',#7779,#7780,#7781) ;
#7800=AXIS2_PLACEMENT_3D('Plane Axis2P3D',#7797,#7798,#7799) ;
#7818=AXIS2_PLACEMENT_3D('Plane Axis2P3D',#7815,#7816,#7817) ;
#7836=AXIS2_PLACEMENT_3D('Plane Axis2P3D',#7833,#7834,#7835) ;
#7854=AXIS2_PLACEMENT_3D('Plane Axis2P3D',#7851,#7852,#7853) ;
#7872=AXIS2_PLACEMENT_3D('Plane Axis2P3D',#7869,#7870,#7871) ;
#7890=AXIS2_PLACEMENT_3D('Plane Axis2P3D',#7887,#7888,#7889) ;
#7908=AXIS2_PLACEMENT_3D('Plane Axis2P3D',#7905,#7906,#7907) ;
#7926=AXIS2_PLACEMENT_3D('Plane Axis2P3D',#7923,#7924,#7925) ;
#7944=AXIS2_PLACEMENT_3D('Plane Axis2P3D',#7941,#7942,#7943) ;
#7962=AXIS2_PLACEMENT_3D('Plane Axis2P3D',#7959,#7960,#7961) ;
#7980=AXIS2_PLACEMENT_3D('Plane Axis2P3D',#7977,#7978,#7979) ;
#7998=AXIS2_PLACEMENT_3D('Plane Axis2P3D',#7995,#7996,#7997) ;
#8016=AXIS2_PLACEMENT_3D('Plane Axis2P3D',#8013,#8014,#8015) ;
#8034=AXIS2_PLACEMENT_3D('Plane Axis2P3D',#8031,#8032,#8033) ;
#8052=AXIS2_PLACEMENT_3D('Plane Axis2P3D',#8049,#8050,#8051) ;
#8070=AXIS2_PLACEMENT_3D('Plane Axis2P3D',#8067,#8068,#8069) ;
#8088=AXIS2_PLACEMENT_3D('Plane Axis2P3D',#8085,#8086,#8087) ;
#8106=AXIS2_PLACEMENT_3D('Plane Axis2P3D',#8103,#8104,#8105) ;
#8124=AXIS2_PLACEMENT_3D('Cylinder Axis2P3D',#8121,#8122,#8123) ;
#8142=AXIS2_PLACEMENT_3D('Cylinder Axis2P3D',#8139,#8140,#8141) ;
#8160=AXIS2_PLACEMENT_3D('Plane Axis2P3D',#8157,#8158,#8159) ;
#8178=AXIS2_PLACEMENT_3D('Cylinder Axis2P3D',#8175,#8176,#8177) ;
#8196=AXIS2_PLACEMENT_3D('Cylinder Axis2P3D',#8193,#8194,#8195) ;
#8214=AXIS2_PLACEMENT_3D('Cylinder Axis2P3D',#8211,#8212,#8213) ;
#8232=AXIS2_PLACEMENT_3D('Cylinder Axis2P3D',#8229,#8230,#8231) ;
#8250=AXIS2_PLACEMENT_3D('Cylinder Axis2P3D',#8247,#8248,#8249) ;
#8268=AXIS2_PLACEMENT_3D('Cylinder Axis2P3D',#8265,#8266,#8267) ;
#8286=AXIS2_PLACEMENT_3D('Cylinder Axis2P3D',#8283,#8284,#8285) ;
#8304=AXIS2_PLACEMENT_3D('Cylinder Axis2P3D',#8301,#8302,#8303) ;
#8322=AXIS2_PLACEMENT_3D('Cylinder Axis2P3D',#8319,#8320,#8321) ;
#8340=AXIS2_PLACEMENT_3D('Cylinder Axis2P3D',#8337,#8338,#8339) ;
#8358=AXIS2_PLACEMENT_3D('Cylinder Axis2P3D',#8355,#8356,#8357) ;
#8376=AXIS2_PLACEMENT_3D('Cylinder Axis2P3D',#8373,#8374,#8375) ;
#8394=AXIS2_PLACEMENT_3D('Cylinder Axis2P3D',#8391,#8392,#8393) ;
#8412=AXIS2_PLACEMENT_3D('Cylinder Axis2P3D',#8409,#8410,#8411) ;
#8430=AXIS2_PLACEMENT_3D('Plane Axis2P3D',#8427,#8428,#8429) ;
#8448=AXIS2_PLACEMENT_3D('Cylinder Axis2P3D',#8445,#8446,#8447) ;
#8466=AXIS2_PLACEMENT_3D('Plane Axis2P3D',#8463,#8464,#8465) ;
#8484=AXIS2_PLACEMENT_3D('Cylinder Axis2P3D',#8481,#8482,#8483) ;
#8502=AXIS2_PLACEMENT_3D('Plane Axis2P3D',#8499,#8500,#8501) ;
#8519=AXIS2_PLACEMENT_3D(' ',#8522,#8526,#8525) ;
#8520=AXIS2_PLACEMENT_3D(' ',#8521,#8524,#8523) ;
#8541=AXIS2_PLACEMENT_3D('Cylinder Axis2P3D',#8538,#8539,#8540) ;
#8545=AXIS2_PLACEMENT_3D('Circle Axis2P3D',#8543,#8544,$) ;
#8561=AXIS2_PLACEMENT_3D('Circle Axis2P3D',#8559,#8560,$) ;
#8582=AXIS2_PLACEMENT_3D('Plane Axis2P3D',#8579,#8580,#8581) ;
#8593=AXIS2_PLACEMENT_3D('Circle Axis2P3D',#8591,#8592,$) ;
#8679=AXIS2_PLACEMENT_3D('Circle Axis2P3D',#8677,#8678,$) ;
#8693=AXIS2_PLACEMENT_3D('Circle Axis2P3D',#8691,#8692,$) ;
#8707=AXIS2_PLACEMENT_3D('Circle Axis2P3D',#8705,#8706,$) ;
#8721=AXIS2_PLACEMENT_3D('Circle Axis2P3D',#8719,#8720,$) ;
#8834=AXIS2_PLACEMENT_3D('Plane Axis2P3D',#8831,#8832,#8833) ;
#8859=AXIS2_PLACEMENT_3D('Plane Axis2P3D',#8856,#8857,#8858) ;
#8886=AXIS2_PLACEMENT_3D('Circle Axis2P3D',#8884,#8885,$) ;
#8900=AXIS2_PLACEMENT_3D('Circle Axis2P3D',#8898,#8899,$) ;
#8914=AXIS2_PLACEMENT_3D('Circle Axis2P3D',#8912,#8913,$) ;
#9020=AXIS2_PLACEMENT_3D('Circle Axis2P3D',#9018,#9019,$) ;
#9034=AXIS2_PLACEMENT_3D('Circle Axis2P3D',#9032,#9033,$) ;
#9048=AXIS2_PLACEMENT_3D('Circle Axis2P3D',#9046,#9047,$) ;
#9089=AXIS2_PLACEMENT_3D('Plane Axis2P3D',#9086,#9087,#9088) ;
#9107=AXIS2_PLACEMENT_3D('Cylinder Axis2P3D',#9104,#9105,#9106) ;
#9125=AXIS2_PLACEMENT_3D('Plane Axis2P3D',#9122,#9123,#9124) ;
#9143=AXIS2_PLACEMENT_3D('Cylinder Axis2P3D',#9140,#9141,#9142) ;
#9161=AXIS2_PLACEMENT_3D('Plane Axis2P3D',#9158,#9159,#9160) ;
#9179=AXIS2_PLACEMENT_3D('Cylinder Axis2P3D',#9176,#9177,#9178) ;
#9197=AXIS2_PLACEMENT_3D('Plane Axis2P3D',#9194,#9195,#9196) ;
#9215=AXIS2_PLACEMENT_3D('Cylinder Axis2P3D',#9212,#9213,#9214) ;
#9233=AXIS2_PLACEMENT_3D('Plane Axis2P3D',#9230,#9231,#9232) ;
#9251=AXIS2_PLACEMENT_3D('Cylinder Axis2P3D',#9248,#9249,#9250) ;
#9269=AXIS2_PLACEMENT_3D('Plane Axis2P3D',#9266,#9267,#9268) ;
#9287=AXIS2_PLACEMENT_3D('Cylinder Axis2P3D',#9284,#9285,#9286) ;
#9305=AXIS2_PLACEMENT_3D('Plane Axis2P3D',#9302,#9303,#9304) ;
#9323=AXIS2_PLACEMENT_3D('Cylinder Axis2P3D',#9320,#9321,#9322) ;
#9341=AXIS2_PLACEMENT_3D('Plane Axis2P3D',#9338,#9339,#9340) ;
#9359=AXIS2_PLACEMENT_3D('Cylinder Axis2P3D',#9356,#9357,#9358) ;
#9377=AXIS2_PLACEMENT_3D('Plane Axis2P3D',#9374,#9375,#9376) ;
#9395=AXIS2_PLACEMENT_3D('Cylinder Axis2P3D',#9392,#9393,#9394) ;
#9413=AXIS2_PLACEMENT_3D('Plane Axis2P3D',#9410,#9411,#9412) ;
#9431=AXIS2_PLACEMENT_3D('Cylinder Axis2P3D',#9428,#9429,#9430) ;
#9449=AXIS2_PLACEMENT_3D('Plane Axis2P3D',#9446,#9447,#9448) ;
#9467=AXIS2_PLACEMENT_3D('Cylinder Axis2P3D',#9464,#9465,#9466) ;
#9484=AXIS2_PLACEMENT_3D(' ',#9487,#9491,#9490) ;
#9485=AXIS2_PLACEMENT_3D(' ',#9486,#9489,#9488) ;
#9497=AXIS2_PLACEMENT_3D(' ',#9500,#9504,#9503) ;
#9498=AXIS2_PLACEMENT_3D(' ',#9499,#9502,#9501) ;
#9519=AXIS2_PLACEMENT_3D('Plane Axis2P3D',#9516,#9517,#9518) ;
#9567=AXIS2_PLACEMENT_3D('Plane Axis2P3D',#9564,#9565,#9566) ;
#9908=AXIS2_PLACEMENT_3D('Circle Axis2P3D',#9906,#9907,$) ;
#9936=AXIS2_PLACEMENT_3D('Circle Axis2P3D',#9934,#9935,$) ;
#9964=AXIS2_PLACEMENT_3D('Circle Axis2P3D',#9962,#9963,$) ;
#9992=AXIS2_PLACEMENT_3D('Circle Axis2P3D',#9990,#9991,$) ;
#10025=AXIS2_PLACEMENT_3D('Plane Axis2P3D',#10022,#10023,#10024) ;
#10050=AXIS2_PLACEMENT_3D('Plane Axis2P3D',#10047,#10048,#10049) ;
#10054=AXIS2_PLACEMENT_3D('Circle Axis2P3D',#10052,#10053,$) ;
#10070=AXIS2_PLACEMENT_3D('Circle Axis2P3D',#10068,#10069,$) ;
#10084=AXIS2_PLACEMENT_3D('Circle Axis2P3D',#10082,#10083,$) ;
#10098=AXIS2_PLACEMENT_3D('Circle Axis2P3D',#10096,#10097,$) ;
#10489=AXIS2_PLACEMENT_3D('Plane Axis2P3D',#10486,#10487,#10488) ;
#10507=AXIS2_PLACEMENT_3D('Plane Axis2P3D',#10504,#10505,#10506) ;
#10539=AXIS2_PLACEMENT_3D('Cylinder Axis2P3D',#10536,#10537,#10538) ;
#10567=AXIS2_PLACEMENT_3D('Plane Axis2P3D',#10564,#10565,#10566) ;
#10592=AXIS2_PLACEMENT_3D('Cylinder Axis2P3D',#10589,#10590,#10591) ;
#10620=AXIS2_PLACEMENT_3D('Plane Axis2P3D',#10617,#10618,#10619) ;
#10645=AXIS2_PLACEMENT_3D('Cylinder Axis2P3D',#10642,#10643,#10644) ;
#10649=AXIS2_PLACEMENT_3D('Circle Axis2P3D',#10647,#10648,$) ;
#10670=AXIS2_PLACEMENT_3D('Plane Axis2P3D',#10667,#10668,#10669) ;
#10695=AXIS2_PLACEMENT_3D('Cylinder Axis2P3D',#10692,#10693,#10694) ;
#10699=AXIS2_PLACEMENT_3D('Circle Axis2P3D',#10697,#10698,$) ;
#10713=AXIS2_PLACEMENT_3D('Cylinder Axis2P3D',#10710,#10711,#10712) ;
#10736=AXIS2_PLACEMENT_3D('Cylinder Axis2P3D',#10733,#10734,#10735) ;
#10749=AXIS2_PLACEMENT_3D('Cylinder Axis2P3D',#10746,#10747,#10748) ;
#10772=AXIS2_PLACEMENT_3D('Cylinder Axis2P3D',#10769,#10770,#10771) ;
#10785=AXIS2_PLACEMENT_3D('Cylinder Axis2P3D',#10782,#10783,#10784) ;
#10808=AXIS2_PLACEMENT_3D('Cylinder Axis2P3D',#10805,#10806,#10807) ;
#10821=AXIS2_PLACEMENT_3D('Cylinder Axis2P3D',#10818,#10819,#10820) ;
#10844=AXIS2_PLACEMENT_3D('Cylinder Axis2P3D',#10841,#10842,#10843) ;
#10857=AXIS2_PLACEMENT_3D('Cylinder Axis2P3D',#10854,#10855,#10856) ;
#10875=AXIS2_PLACEMENT_3D('Plane Axis2P3D',#10872,#10873,#10874) ;
#10893=AXIS2_PLACEMENT_3D('Plane Axis2P3D',#10890,#10891,#10892) ;
#10911=AXIS2_PLACEMENT_3D('Plane Axis2P3D',#10908,#10909,#10910) ;
#10929=AXIS2_PLACEMENT_3D('Cylinder Axis2P3D',#10926,#10927,#10928) ;
#10947=AXIS2_PLACEMENT_3D('Plane Axis2P3D',#10944,#10945,#10946) ;
#10965=AXIS2_PLACEMENT_3D('Plane Axis2P3D',#10962,#10963,#10964) ;
#10983=AXIS2_PLACEMENT_3D('Plane Axis2P3D',#10980,#10981,#10982) ;
#11001=AXIS2_PLACEMENT_3D('Cylinder Axis2P3D',#10998,#10999,#11000) ;
#11019=AXIS2_PLACEMENT_3D('Plane Axis2P3D',#11016,#11017,#11018) ;
#11037=AXIS2_PLACEMENT_3D('Plane Axis2P3D',#11034,#11035,#11036) ;
#11055=AXIS2_PLACEMENT_3D('Plane Axis2P3D',#11052,#11053,#11054) ;
#11073=AXIS2_PLACEMENT_3D('Cylinder Axis2P3D',#11070,#11071,#11072) ;
#11086=AXIS2_PLACEMENT_3D('Cylinder Axis2P3D',#11083,#11084,#11085) ;
#11104=AXIS2_PLACEMENT_3D('Circle Axis2P3D',#11102,#11103,$) ;
#11118=AXIS2_PLACEMENT_3D('Plane Axis2P3D',#11115,#11116,#11117) ;
#11143=AXIS2_PLACEMENT_3D('Cylinder Axis2P3D',#11140,#11141,#11142) ;
#11154=AXIS2_PLACEMENT_3D('Circle Axis2P3D',#11152,#11153,$) ;
#11168=AXIS2_PLACEMENT_3D('Plane Axis2P3D',#11165,#11166,#11167) ;
#11193=AXIS2_PLACEMENT_3D('Cylinder Axis2P3D',#11190,#11191,#11192) ;
#11204=AXIS2_PLACEMENT_3D('Circle Axis2P3D',#11202,#11203,$) ;
#11218=AXIS2_PLACEMENT_3D('Plane Axis2P3D',#11215,#11216,#11217) ;
#11243=AXIS2_PLACEMENT_3D('Cylinder Axis2P3D',#11240,#11241,#11242) ;
#11254=AXIS2_PLACEMENT_3D('Circle Axis2P3D',#11252,#11253,$) ;
#11268=AXIS2_PLACEMENT_3D('Plane Axis2P3D',#11265,#11266,#11267) ;
#11286=AXIS2_PLACEMENT_3D('Plane Axis2P3D',#11283,#11284,#11285) ;
#11417=AXIS2_PLACEMENT_3D('Plane Axis2P3D',#11414,#11415,#11416) ;
#11548=AXIS2_PLACEMENT_3D('Torus Axis2P3D',#11545,#11546,#11547) ;
#11552=AXIS2_PLACEMENT_3D('Circle Axis2P3D',#11550,#11551,$) ;
#11561=AXIS2_PLACEMENT_3D('Circle Axis2P3D',#11559,#11560,$) ;
#11566=AXIS2_PLACEMENT_3D('Circle Axis2P3D',#11564,#11565,$) ;
#11573=AXIS2_PLACEMENT_3D('Circle Axis2P3D',#11571,#11572,$) ;
#11580=AXIS2_PLACEMENT_3D('Circle Axis2P3D',#11578,#11579,$) ;
#11596=AXIS2_PLACEMENT_3D('Cylinder Axis2P3D',#11593,#11594,#11595) ;
#11607=AXIS2_PLACEMENT_3D('Circle Axis2P3D',#11605,#11606,$) ;
#11621=AXIS2_PLACEMENT_3D('Torus Axis2P3D',#11618,#11619,#11620) ;
#11625=AXIS2_PLACEMENT_3D('Circle Axis2P3D',#11623,#11624,$) ;
#11634=AXIS2_PLACEMENT_3D('Circle Axis2P3D',#11632,#11633,$) ;
#11639=AXIS2_PLACEMENT_3D('Circle Axis2P3D',#11637,#11638,$) ;
#11646=AXIS2_PLACEMENT_3D('Circle Axis2P3D',#11644,#11645,$) ;
#11662=AXIS2_PLACEMENT_3D('Cylinder Axis2P3D',#11659,#11660,#11661) ;
#11673=AXIS2_PLACEMENT_3D('Circle Axis2P3D',#11671,#11672,$) ;
#11687=AXIS2_PLACEMENT_3D('Torus Axis2P3D',#11684,#11685,#11686) ;
#11691=AXIS2_PLACEMENT_3D('Circle Axis2P3D',#11689,#11690,$) ;
#11698=AXIS2_PLACEMENT_3D('Circle Axis2P3D',#11696,#11697,$) ;
#11705=AXIS2_PLACEMENT_3D('Circle Axis2P3D',#11703,#11704,$) ;
#11712=AXIS2_PLACEMENT_3D('Circle Axis2P3D',#11710,#11711,$) ;
#11728=AXIS2_PLACEMENT_3D('Cylinder Axis2P3D',#11725,#11726,#11727) ;
#11739=AXIS2_PLACEMENT_3D('Circle Axis2P3D',#11737,#11738,$) ;
#11753=AXIS2_PLACEMENT_3D('Torus Axis2P3D',#11750,#11751,#11752) ;
#11757=AXIS2_PLACEMENT_3D('Circle Axis2P3D',#11755,#11756,$) ;
#11764=AXIS2_PLACEMENT_3D('Circle Axis2P3D',#11762,#11763,$) ;
#11771=AXIS2_PLACEMENT_3D('Circle Axis2P3D',#11769,#11770,$) ;
#11778=AXIS2_PLACEMENT_3D('Circle Axis2P3D',#11776,#11777,$) ;
#11794=AXIS2_PLACEMENT_3D('Cylinder Axis2P3D',#11791,#11792,#11793) ;
#11812=AXIS2_PLACEMENT_3D('Torus Axis2P3D',#11809,#11810,#11811) ;
#11816=AXIS2_PLACEMENT_3D('Circle Axis2P3D',#11814,#11815,$) ;
#11823=AXIS2_PLACEMENT_3D('Circle Axis2P3D',#11821,#11822,$) ;
#11830=AXIS2_PLACEMENT_3D('Circle Axis2P3D',#11828,#11829,$) ;
#11837=AXIS2_PLACEMENT_3D('Circle Axis2P3D',#11835,#11836,$) ;
#11844=AXIS2_PLACEMENT_3D('Circle Axis2P3D',#11842,#11843,$) ;
#11860=AXIS2_PLACEMENT_3D('Cylinder Axis2P3D',#11857,#11858,#11859) ;
#11871=AXIS2_PLACEMENT_3D('Circle Axis2P3D',#11869,#11870,$) ;
#11885=AXIS2_PLACEMENT_3D('Torus Axis2P3D',#11882,#11883,#11884) ;
#11889=AXIS2_PLACEMENT_3D('Circle Axis2P3D',#11887,#11888,$) ;
#11898=AXIS2_PLACEMENT_3D('Circle Axis2P3D',#11896,#11897,$) ;
#11903=AXIS2_PLACEMENT_3D('Circle Axis2P3D',#11901,#11902,$) ;
#11910=AXIS2_PLACEMENT_3D('Circle Axis2P3D',#11908,#11909,$) ;
#11926=AXIS2_PLACEMENT_3D('Cylinder Axis2P3D',#11923,#11924,#11925) ;
#11937=AXIS2_PLACEMENT_3D('Circle Axis2P3D',#11935,#11936,$) ;
#11951=AXIS2_PLACEMENT_3D('Torus Axis2P3D',#11948,#11949,#11950) ;
#11955=AXIS2_PLACEMENT_3D('Circle Axis2P3D',#11953,#11954,$) ;
#11964=AXIS2_PLACEMENT_3D('Circle Axis2P3D',#11962,#11963,$) ;
#11969=AXIS2_PLACEMENT_3D('Circle Axis2P3D',#11967,#11968,$) ;
#11976=AXIS2_PLACEMENT_3D('Circle Axis2P3D',#11974,#11975,$) ;
#11992=AXIS2_PLACEMENT_3D('Cylinder Axis2P3D',#11989,#11990,#11991) ;
#12003=AXIS2_PLACEMENT_3D('Circle Axis2P3D',#12001,#12002,$) ;
#12017=AXIS2_PLACEMENT_3D('Torus Axis2P3D',#12014,#12015,#12016) ;
#12021=AXIS2_PLACEMENT_3D('Circle Axis2P3D',#12019,#12020,$) ;
#12028=AXIS2_PLACEMENT_3D('Circle Axis2P3D',#12026,#12027,$) ;
#12035=AXIS2_PLACEMENT_3D('Circle Axis2P3D',#12033,#12034,$) ;
#12042=AXIS2_PLACEMENT_3D('Circle Axis2P3D',#12040,#12041,$) ;
#12058=AXIS2_PLACEMENT_3D('Cylinder Axis2P3D',#12055,#12056,#12057) ;
#12076=AXIS2_PLACEMENT_3D('Cylinder Axis2P3D',#12073,#12074,#12075) ;
#12094=AXIS2_PLACEMENT_3D('Cylinder Axis2P3D',#12091,#12092,#12093) ;
#12149=AXIS2_PLACEMENT_3D('Cylinder Axis2P3D',#12146,#12147,#12148) ;
#12241=AXIS2_PLACEMENT_3D('Cylinder Axis2P3D',#12238,#12239,#12240) ;
#12296=AXIS2_PLACEMENT_3D('Cylinder Axis2P3D',#12293,#12294,#12295) ;
#12351=AXIS2_PLACEMENT_3D('Cylinder Axis2P3D',#12348,#12349,#12350) ;
#12369=AXIS2_PLACEMENT_3D('Cylinder Axis2P3D',#12366,#12367,#12368) ;
#12424=AXIS2_PLACEMENT_3D('Cylinder Axis2P3D',#12421,#12422,#12423) ;
#12516=AXIS2_PLACEMENT_3D('Cylinder Axis2P3D',#12513,#12514,#12515) ;
#12534=AXIS2_PLACEMENT_3D('Cylinder Axis2P3D',#12531,#12532,#12533) ;
#12552=AXIS2_PLACEMENT_3D('Torus Axis2P3D',#12549,#12550,#12551) ;
#12556=AXIS2_PLACEMENT_3D('Circle Axis2P3D',#12554,#12555,$) ;
#12561=AXIS2_PLACEMENT_3D('Circle Axis2P3D',#12559,#12560,$) ;
#12568=AXIS2_PLACEMENT_3D('Circle Axis2P3D',#12566,#12567,$) ;
#12573=AXIS2_PLACEMENT_3D('Circle Axis2P3D',#12571,#12572,$) ;
#12580=AXIS2_PLACEMENT_3D('Circle Axis2P3D',#12578,#12579,$) ;
#12596=AXIS2_PLACEMENT_3D('Cylinder Axis2P3D',#12593,#12594,#12595) ;
#12614=AXIS2_PLACEMENT_3D('Torus Axis2P3D',#12611,#12612,#12613) ;
#12618=AXIS2_PLACEMENT_3D('Circle Axis2P3D',#12616,#12617,$) ;
#12623=AXIS2_PLACEMENT_3D('Circle Axis2P3D',#12621,#12622,$) ;
#12630=AXIS2_PLACEMENT_3D('Circle Axis2P3D',#12628,#12629,$) ;
#12635=AXIS2_PLACEMENT_3D('Circle Axis2P3D',#12633,#12634,$) ;
#12642=AXIS2_PLACEMENT_3D('Circle Axis2P3D',#12640,#12641,$) ;
#12658=AXIS2_PLACEMENT_3D('Torus Axis2P3D',#12655,#12656,#12657) ;
#12662=AXIS2_PLACEMENT_3D('Circle Axis2P3D',#12660,#12661,$) ;
#12671=AXIS2_PLACEMENT_3D('Circle Axis2P3D',#12669,#12670,$) ;
#12676=AXIS2_PLACEMENT_3D('Circle Axis2P3D',#12674,#12675,$) ;
#12690=AXIS2_PLACEMENT_3D('Cylinder Axis2P3D',#12687,#12688,#12689) ;
#12708=AXIS2_PLACEMENT_3D('Torus Axis2P3D',#12705,#12706,#12707) ;
#12712=AXIS2_PLACEMENT_3D('Circle Axis2P3D',#12710,#12711,$) ;
#12721=AXIS2_PLACEMENT_3D('Circle Axis2P3D',#12719,#12720,$) ;
#12726=AXIS2_PLACEMENT_3D('Circle Axis2P3D',#12724,#12725,$) ;
#12740=AXIS2_PLACEMENT_3D('Cylinder Axis2P3D',#12737,#12738,#12739) ;
#12758=AXIS2_PLACEMENT_3D('Torus Axis2P3D',#12755,#12756,#12757) ;
#12769=AXIS2_PLACEMENT_3D('Cylinder Axis2P3D',#12766,#12767,#12768) ;
#12787=AXIS2_PLACEMENT_3D('Cylinder Axis2P3D',#12784,#12785,#12786) ;
#12805=AXIS2_PLACEMENT_3D('Torus Axis2P3D',#12802,#12803,#12804) ;
#12809=AXIS2_PLACEMENT_3D('Circle Axis2P3D',#12807,#12808,$) ;
#12814=AXIS2_PLACEMENT_3D('Circle Axis2P3D',#12812,#12813,$) ;
#12828=AXIS2_PLACEMENT_3D('Cylinder Axis2P3D',#12825,#12826,#12827) ;
#12846=AXIS2_PLACEMENT_3D('Torus Axis2P3D',#12843,#12844,#12845) ;
#12850=AXIS2_PLACEMENT_3D('Circle Axis2P3D',#12848,#12849,$) ;
#12855=AXIS2_PLACEMENT_3D('Circle Axis2P3D',#12853,#12854,$) ;
#12869=AXIS2_PLACEMENT_3D('Torus Axis2P3D',#12866,#12867,#12868) ;
#12880=AXIS2_PLACEMENT_3D('Cylinder Axis2P3D',#12877,#12878,#12879) ;
#12898=AXIS2_PLACEMENT_3D('Cylinder Axis2P3D',#12895,#12896,#12897) ;
#12916=AXIS2_PLACEMENT_3D('Cylinder Axis2P3D',#12913,#12914,#12915) ;
#12929=AXIS2_PLACEMENT_3D('Cylinder Axis2P3D',#12926,#12927,#12928) ;
#12942=AXIS2_PLACEMENT_3D('Cylinder Axis2P3D',#12939,#12940,#12941) ;
#12960=AXIS2_PLACEMENT_3D('Cylinder Axis2P3D',#12957,#12958,#12959) ;
#12973=AXIS2_PLACEMENT_3D('Cylinder Axis2P3D',#12970,#12971,#12972) ;
#12991=AXIS2_PLACEMENT_3D('Cylinder Axis2P3D',#12988,#12989,#12990) ;
#13008=AXIS2_PLACEMENT_3D(' ',#13011,#13015,#13014) ;
#13009=AXIS2_PLACEMENT_3D(' ',#13010,#13013,#13012) ;
#13030=AXIS2_PLACEMENT_3D('Cone Axis2P3D',#13027,#13028,#13029) ;
#13034=AXIS2_PLACEMENT_3D('Circle Axis2P3D',#13032,#13033,$) ;
#13050=AXIS2_PLACEMENT_3D('Circle Axis2P3D',#13048,#13049,$) ;
#13078=AXIS2_PLACEMENT_3D('Plane Axis2P3D',#13075,#13076,#13077) ;
#13388=AXIS2_PLACEMENT_3D('Cone Axis2P3D',#13385,#13386,#13387) ;
#13392=AXIS2_PLACEMENT_3D('Circle Axis2P3D',#13390,#13391,$) ;
#13406=AXIS2_PLACEMENT_3D('Cylinder Axis2P3D',#13403,#13404,#13405) ;
#13410=AXIS2_PLACEMENT_3D('Circle Axis2P3D',#13408,#13409,$) ;
#13438=AXIS2_PLACEMENT_3D('Plane Axis2P3D',#13435,#13436,#13437) ;
#13470=AXIS2_PLACEMENT_3D('Cylinder Axis2P3D',#13467,#13468,#13469) ;
#13474=AXIS2_PLACEMENT_3D('Circle Axis2P3D',#13472,#13473,$) ;
#13495=AXIS2_PLACEMENT_3D('Plane Axis2P3D',#13492,#13493,#13494) ;
#13520=AXIS2_PLACEMENT_3D('Cylinder Axis2P3D',#13517,#13518,#13519) ;
#13524=AXIS2_PLACEMENT_3D('Circle Axis2P3D',#13522,#13523,$) ;
#13545=AXIS2_PLACEMENT_3D('Plane Axis2P3D',#13542,#13543,#13544) ;
#13570=AXIS2_PLACEMENT_3D('Cylinder Axis2P3D',#13567,#13568,#13569) ;
#13574=AXIS2_PLACEMENT_3D('Circle Axis2P3D',#13572,#13573,$) ;
#13595=AXIS2_PLACEMENT_3D('Plane Axis2P3D',#13592,#13593,#13594) ;
#13620=AXIS2_PLACEMENT_3D('Cylinder Axis2P3D',#13617,#13618,#13619) ;
#13624=AXIS2_PLACEMENT_3D('Circle Axis2P3D',#13622,#13623,$) ;
#13638=AXIS2_PLACEMENT_3D('Cone Axis2P3D',#13635,#13636,#13637) ;
#13649=AXIS2_PLACEMENT_3D('Circle Axis2P3D',#13647,#13648,$) ;
#13670=AXIS2_PLACEMENT_3D('Cone Axis2P3D',#13667,#13668,#13669) ;
#13674=AXIS2_PLACEMENT_3D('Circle Axis2P3D',#13672,#13673,$) ;
#13688=AXIS2_PLACEMENT_3D('Cone Axis2P3D',#13685,#13686,#13687) ;
#13699=AXIS2_PLACEMENT_3D('Circle Axis2P3D',#13697,#13698,$) ;
#13720=AXIS2_PLACEMENT_3D('Cone Axis2P3D',#13717,#13718,#13719) ;
#13724=AXIS2_PLACEMENT_3D('Circle Axis2P3D',#13722,#13723,$) ;
#13738=AXIS2_PLACEMENT_3D('Cone Axis2P3D',#13735,#13736,#13737) ;
#13749=AXIS2_PLACEMENT_3D('Circle Axis2P3D',#13747,#13748,$) ;
#13770=AXIS2_PLACEMENT_3D('Cone Axis2P3D',#13767,#13768,#13769) ;
#13774=AXIS2_PLACEMENT_3D('Circle Axis2P3D',#13772,#13773,$) ;
#13788=AXIS2_PLACEMENT_3D('Cylinder Axis2P3D',#13785,#13786,#13787) ;
#13812=AXIS2_PLACEMENT_3D('Plane Axis2P3D',#13809,#13810,#13811) ;
#13830=AXIS2_PLACEMENT_3D('Circle Axis2P3D',#13828,#13829,$) ;
#13839=AXIS2_PLACEMENT_3D('Circle Axis2P3D',#13837,#13838,$) ;
#13848=AXIS2_PLACEMENT_3D('Circle Axis2P3D',#13846,#13847,$) ;
#13857=AXIS2_PLACEMENT_3D('Circle Axis2P3D',#13855,#13856,$) ;
#13866=AXIS2_PLACEMENT_3D('Circle Axis2P3D',#13864,#13865,$) ;
#13875=AXIS2_PLACEMENT_3D('Circle Axis2P3D',#13873,#13874,$) ;
#13887=AXIS2_PLACEMENT_3D('Cylinder Axis2P3D',#13884,#13885,#13886) ;
#13910=AXIS2_PLACEMENT_3D('Cylinder Axis2P3D',#13907,#13908,#13909) ;
#13923=AXIS2_PLACEMENT_3D('Cylinder Axis2P3D',#13920,#13921,#13922) ;
#13946=AXIS2_PLACEMENT_3D('Cylinder Axis2P3D',#13943,#13944,#13945) ;
#13959=AXIS2_PLACEMENT_3D('Cylinder Axis2P3D',#13956,#13957,#13958) ;
#13982=AXIS2_PLACEMENT_3D('Cylinder Axis2P3D',#13979,#13980,#13981) ;
#13999=AXIS2_PLACEMENT_3D(' ',#14002,#14006,#14005) ;
#14000=AXIS2_PLACEMENT_3D(' ',#14001,#14004,#14003) ;
#14021=AXIS2_PLACEMENT_3D('Plane Axis2P3D',#14018,#14019,#14020) ;
#14075=AXIS2_PLACEMENT_3D('Plane Axis2P3D',#14072,#14073,#14074) ;
#14229=AXIS2_PLACEMENT_3D('Cone Axis2P3D',#14226,#14227,#14228) ;
#14251=AXIS2_PLACEMENT_3D('Circle Axis2P3D',#14249,#14250,$) ;
#14266=AXIS2_PLACEMENT_3D('Plane Axis2P3D',#14263,#14264,#14265) ;
#14270=AXIS2_PLACEMENT_3D('Circle Axis2P3D',#14268,#14269,$) ;
#14279=AXIS2_PLACEMENT_3D('Circle Axis2P3D',#14277,#14278,$) ;
#14413=AXIS2_PLACEMENT_3D('Plane Axis2P3D',#14410,#14411,#14412) ;
#14445=AXIS2_PLACEMENT_3D('Plane Axis2P3D',#14442,#14443,#14444) ;
#14482=AXIS2_PLACEMENT_3D('Cone Axis2P3D',#14479,#14480,#14481) ;
#14501=AXIS2_PLACEMENT_3D('Cone Axis2P3D',#14498,#14499,#14500) ;
#14525=AXIS2_PLACEMENT_3D('Plane Axis2P3D',#14522,#14523,#14524) ;
#14543=AXIS2_PLACEMENT_3D('Plane Axis2P3D',#14540,#14541,#14542) ;
#14557=AXIS2_PLACEMENT_3D('Cone Axis2P3D',#14554,#14555,#14556) ;
#14576=AXIS2_PLACEMENT_3D('Cone Axis2P3D',#14573,#14574,#14575) ;
#14600=AXIS2_PLACEMENT_3D('Plane Axis2P3D',#14597,#14598,#14599) ;
#14618=AXIS2_PLACEMENT_3D('Plane Axis2P3D',#14615,#14616,#14617) ;
#14650=AXIS2_PLACEMENT_3D('Cone Axis2P3D',#14647,#14648,#14649) ;
#14675=AXIS2_PLACEMENT_3D('Plane Axis2P3D',#14672,#14673,#14674) ;
#14688=AXIS2_PLACEMENT_3D('Cone Axis2P3D',#14685,#14686,#14687) ;
#14706=AXIS2_PLACEMENT_3D('Circle Axis2P3D',#14704,#14705,$) ;
#14720=AXIS2_PLACEMENT_3D('Cone Axis2P3D',#14717,#14718,#14719) ;
#14724=AXIS2_PLACEMENT_3D('Circle Axis2P3D',#14722,#14723,$) ;
#14738=AXIS2_PLACEMENT_3D('Cylinder Axis2P3D',#14735,#14736,#14737) ;
#14749=AXIS2_PLACEMENT_3D('Circle Axis2P3D',#14747,#14748,$) ;
#14770=AXIS2_PLACEMENT_3D('Cylinder Axis2P3D',#14767,#14768,#14769) ;
#14774=AXIS2_PLACEMENT_3D('Circle Axis2P3D',#14772,#14773,$) ;
#14788=AXIS2_PLACEMENT_3D('Cone Axis2P3D',#14785,#14786,#14787) ;
#14806=AXIS2_PLACEMENT_3D('Circle Axis2P3D',#14804,#14805,$) ;
#14820=AXIS2_PLACEMENT_3D('Cone Axis2P3D',#14817,#14818,#14819) ;
#14824=AXIS2_PLACEMENT_3D('Circle Axis2P3D',#14822,#14823,$) ;
#14838=AXIS2_PLACEMENT_3D('Plane Axis2P3D',#14835,#14836,#14837) ;
#14853=AXIS2_PLACEMENT_3D(' ',#14856,#14860,#14859) ;
#14854=AXIS2_PLACEMENT_3D(' ',#14855,#14858,#14857) ;
#14866=AXIS2_PLACEMENT_3D(' ',#14869,#14873,#14872) ;
#14867=AXIS2_PLACEMENT_3D(' ',#14868,#14871,#14870) ;
#14879=AXIS2_PLACEMENT_3D(' ',#14882,#14886,#14885) ;
#14880=AXIS2_PLACEMENT_3D(' ',#14881,#14884,#14883) ;
#14892=AXIS2_PLACEMENT_3D(' ',#14895,#14899,#14898) ;
#14893=AXIS2_PLACEMENT_3D(' ',#14894,#14897,#14896) ;
#48=CARTESIAN_POINT('Axis2P3D Location',(-47.5,22.76,80.)) ;
#53=CARTESIAN_POINT('Axis2P3D Location',(-47.5,22.76,-80.)) ;
#57=CARTESIAN_POINT('Vertex',(-48.3654540846,24.3154385965,-80.)) ;
#59=CARTESIAN_POINT('Vertex',(-49.0554385965,23.6254540846,-80.)) ;
#62=CARTESIAN_POINT('Line Origine',(-48.3654540846,24.3154385965,80.)) ;
#66=CARTESIAN_POINT('Vertex',(-48.3654540846,24.3154385965,80.)) ;
#69=CARTESIAN_POINT('Axis2P3D Location',(-47.5,22.76,80.)) ;
#73=CARTESIAN_POINT('Vertex',(-49.0554385965,23.6254540846,80.)) ;
#76=CARTESIAN_POINT('Line Origine',(-49.0554385965,23.6254540846,80.)) ;
#96=CARTESIAN_POINT('Axis2P3D Location',(2.706169E-015,0.314071418813,-80.)) ;
#102=CARTESIAN_POINT('Control Point',(-44.25,23.2514264957,-80.)) ;
#103=CARTESIAN_POINT('Control Point',(-44.25,23.1534479382,-80.)) ;
#104=CARTESIAN_POINT('Control Point',(-44.2619997472,23.0554698049,-80.)) ;
#105=CARTESIAN_POINT('Control Point',(-44.2860024194,22.9594461505,-80.)) ;
#106=CARTESIAN_POINT('Control Point',(-44.3570309697,22.775243968,-80.)) ;
#107=CARTESIAN_POINT('Control Point',(-44.4704121111,22.6136285274,-80.)) ;
#108=CARTESIAN_POINT('Control Point',(-44.5367741827,22.5401932065,-80.)) ;
#109=CARTESIAN_POINT('Control Point',(-44.6861221462,22.4110782015,-80.)) ;
#110=CARTESIAN_POINT('Control Point',(-44.8622133546,22.3218217177,-80.)) ;
#111=CARTESIAN_POINT('Control Point',(-44.955323929,22.2882495279,-80.)) ;
#112=CARTESIAN_POINT('Control Point',(-45.1478589561,22.2445944854,-80.)) ;
#113=CARTESIAN_POINT('Control Point',(-45.3452368486,22.248693496,-80.)) ;
#114=CARTESIAN_POINT('Control Point',(-45.44319275,22.2628818995,-80.)) ;
#115=CARTESIAN_POINT('Control Point',(-45.6111603708,22.3088135614,-80.)) ;
#116=CARTESIAN_POINT('Control Point',(-45.7649709728,22.3893007622,-80.)) ;
#117=CARTESIAN_POINT('Control Point',(-45.8281280852,22.4303150845,-80.)) ;
#118=CARTESIAN_POINT('Control Point',(-45.8870734656,22.4769963924,-80.)) ;
#119=CARTESIAN_POINT('Control Point',(-45.9411764704,22.5287404732,-80.)) ;
#120=CARTESIAN_POINT('Vertex',(-44.25,23.251426495,-80.)) ;
#122=CARTESIAN_POINT('Vertex',(-45.9411764706,22.5287404729,-80.)) ;
#126=CARTESIAN_POINT('Control Point',(-45.9411764704,22.5287404732,-80.)) ;
#127=CARTESIAN_POINT('Control Point',(-45.9673301203,22.553753808,-80.)) ;
#128=CARTESIAN_POINT('Control Point',(-45.9899473452,22.5824639695,-80.)) ;
#129=CARTESIAN_POINT('Control Point',(-46.0088852426,22.6153069062,-80.)) ;
#130=CARTESIAN_POINT('Control Point',(-46.0359204831,22.6832235614,-80.)) ;
#131=CARTESIAN_POINT('Control Point',(-46.0430702321,22.7559705894,-80.)) ;
#132=CARTESIAN_POINT('Control Point',(-46.0413183825,22.7938418657,-80.)) ;
#133=CARTESIAN_POINT('Control Point',(-46.0309231258,22.8477661589,-80.)) ;
#134=CARTESIAN_POINT('Control Point',(-46.0096050888,22.8979371405,-80.)) ;
#135=CARTESIAN_POINT('Control Point',(-46.0012190835,22.9143165922,-80.)) ;
#136=CARTESIAN_POINT('Control Point',(-45.9917736248,22.9299112504,-80.)) ;
#137=CARTESIAN_POINT('Control Point',(-45.981273409,22.9447598607,-80.)) ;
#138=CARTESIAN_POINT('Vertex',(-45.9812734082,22.9447598608,-80.)) ;
#141=CARTESIAN_POINT('Axis2P3D Location',(-46.5038202209,23.314279583,-80.)) ;
#145=CARTESIAN_POINT('Vertex',(-45.9445614035,23.6254540846,-80.)) ;
#148=CARTESIAN_POINT('Axis2P3D Location',(-47.5000000213,22.7599999786,-80.)) ;
#152=CARTESIAN_POINT('Vertex',(-46.6345459154,24.3154385965,-80.)) ;
#155=CARTESIAN_POINT('Axis2P3D Location',(-46.9457204168,23.756179779,-80.)) ;
#159=CARTESIAN_POINT('Vertex',(-47.3152401392,24.2787265918,-80.)) ;
#163=CARTESIAN_POINT('Control Point',(-47.3152401391,24.2787265909,-80.)) ;
#164=CARTESIAN_POINT('Control Point',(-47.3408414868,24.2606225616,-80.)) ;
#165=CARTESIAN_POINT('Control Point',(-47.368659933,24.2456545203,-80.)) ;
#166=CARTESIAN_POINT('Control Point',(-47.3989409881,24.2339335751,-80.)) ;
#167=CARTESIAN_POINT('Control Point',(-47.4602356449,24.2186100375,-80.)) ;
#168=CARTESIAN_POINT('Control Point',(-47.5234149682,24.2185327186,-80.)) ;
#169=CARTESIAN_POINT('Control Point',(-47.5556396142,24.2225195851,-80.)) ;
#170=CARTESIAN_POINT('Control Point',(-47.6016401705,24.2341396503,-80.)) ;
#171=CARTESIAN_POINT('Control Point',(-47.644512743,24.2538383602,-80.)) ;
#172=CARTESIAN_POINT('Control Point',(-47.6585030597,24.2613439198,-80.)) ;
#173=CARTESIAN_POINT('Control Point',(-47.6719107847,24.2696403485,-80.)) ;
#174=CARTESIAN_POINT('Control Point',(-47.6847598609,24.2787265909,-80.)) ;
#175=CARTESIAN_POINT('Vertex',(-47.6847598608,24.2787265918,-80.)) ;
#178=CARTESIAN_POINT('Axis2P3D Location',(-48.0542795832,23.756179779,-80.)) ;
#183=CARTESIAN_POINT('Axis2P3D Location',(-48.4961797791,23.314279583,-80.)) ;
#187=CARTESIAN_POINT('Vertex',(-49.0187265918,22.9447598608,-80.)) ;
#191=CARTESIAN_POINT('Control Point',(-49.018726591,22.9447598607,-80.)) ;
#192=CARTESIAN_POINT('Control Point',(-49.0006225618,22.9191585131,-80.)) ;
#193=CARTESIAN_POINT('Control Point',(-48.9856545204,22.8913400668,-80.)) ;
#194=CARTESIAN_POINT('Control Point',(-48.9739335752,22.8610590117,-80.)) ;
#195=CARTESIAN_POINT('Control Point',(-48.9586100377,22.799764355,-80.)) ;
#196=CARTESIAN_POINT('Control Point',(-48.9585327187,22.7365850317,-80.)) ;
#197=CARTESIAN_POINT('Control Point',(-48.9625195853,22.7043603857,-80.)) ;
#198=CARTESIAN_POINT('Control Point',(-48.9741396504,22.6583598294,-80.)) ;
#199=CARTESIAN_POINT('Control Point',(-48.9938383603,22.6154872568,-80.)) ;
#200=CARTESIAN_POINT('Control Point',(-49.0013439199,22.6014969402,-80.)) ;
#201=CARTESIAN_POINT('Control Point',(-49.0096403486,22.5880892152,-80.)) ;
#202=CARTESIAN_POINT('Control Point',(-49.018726591,22.575240139,-80.)) ;
#203=CARTESIAN_POINT('Vertex',(-49.0187265918,22.5752401392,-80.)) ;
#206=CARTESIAN_POINT('Axis2P3D Location',(-48.4961797791,22.2057204167,-80.)) ;
#210=CARTESIAN_POINT('Vertex',(-49.0554385965,21.8945459154,-80.)) ;
#213=CARTESIAN_POINT('Axis2P3D Location',(-47.4999999787,22.7600000212,-80.)) ;
#217=CARTESIAN_POINT('Vertex',(-48.3654540846,21.2045614035,-80.)) ;
#220=CARTESIAN_POINT('Axis2P3D Location',(-48.0542795832,21.7638202208,-80.)) ;
#224=CARTESIAN_POINT('Vertex',(-47.6847598608,21.2412734082,-80.)) ;
#228=CARTESIAN_POINT('Control Point',(-47.6847598609,21.2412734089,-80.)) ;
#229=CARTESIAN_POINT('Control Point',(-47.6582978422,21.2599860628,-80.)) ;
#230=CARTESIAN_POINT('Control Point',(-47.6294671495,21.2753483322,-80.)) ;
#231=CARTESIAN_POINT('Control Point',(-47.5979929684,21.2872293529,-80.)) ;
#232=CARTESIAN_POINT('Control Point',(-47.5344098953,21.302271313,-80.)) ;
#233=CARTESIAN_POINT('Control Point',(-47.469086091,21.3009933171,-80.)) ;
#234=CARTESIAN_POINT('Control Point',(-47.4358128328,21.2960261146,-80.)) ;
#235=CARTESIAN_POINT('Control Point',(-47.3886115695,21.2826146805,-80.)) ;
#236=CARTESIAN_POINT('Control Point',(-47.3450396443,21.260687445,-80.)) ;
#237=CARTESIAN_POINT('Control Point',(-47.3308689292,21.2523836436,-80.)) ;
#238=CARTESIAN_POINT('Control Point',(-47.3173569333,21.2432607795,-80.)) ;
#239=CARTESIAN_POINT('Control Point',(-47.3044768684,21.2333193739,-80.)) ;
#240=CARTESIAN_POINT('Vertex',(-47.3044768686,21.2333193737,-80.)) ;
#243=CARTESIAN_POINT('Line Origine',(-47.1727461293,21.1015886349,-80.)) ;
#247=CARTESIAN_POINT('Vertex',(-47.0410153908,20.9698578958,-80.)) ;
#251=CARTESIAN_POINT('Control Point',(-47.0410153903,20.9698578958,-80.)) ;
#252=CARTESIAN_POINT('Control Point',(-46.9717340891,20.9005765946,-80.)) ;
#253=CARTESIAN_POINT('Control Point',(-46.9109381901,20.8228104911,-80.)) ;
#254=CARTESIAN_POINT('Control Point',(-46.8600116613,20.7379390551,-80.)) ;
#255=CARTESIAN_POINT('Control Point',(-46.7799858196,20.5574636744,-80.)) ;
#256=CARTESIAN_POINT('Control Point',(-46.7458790198,20.3630117278,-80.)) ;
#257=CARTESIAN_POINT('Control Point',(-46.7408774792,20.264160045,-80.)) ;
#258=CARTESIAN_POINT('Control Point',(-46.7551843413,20.0672569911,-80.)) ;
#259=CARTESIAN_POINT('Control Point',(-46.8165857642,19.8796278379,-80.)) ;
#260=CARTESIAN_POINT('Control Point',(-46.8586857576,19.7900495976,-80.)) ;
#261=CARTESIAN_POINT('Control Point',(-46.9341412395,19.6703435433,-80.)) ;
#262=CARTESIAN_POINT('Control Point',(-47.0287033587,19.5662256361,-80.)) ;
#263=CARTESIAN_POINT('Control Point',(-47.0590916021,19.5361507622,-80.)) ;
#264=CARTESIAN_POINT('Control Point',(-47.0908727208,19.507882102,-80.)) ;
#265=CARTESIAN_POINT('Control Point',(-47.1240610853,19.4813755565,-80.)) ;
#266=CARTESIAN_POINT('Vertex',(-47.1240610858,19.4813755571,-80.)) ;
#269=CARTESIAN_POINT('Axis2P3D Location',(-46.5000000091,18.7000000034,-80.)) ;
#273=CARTESIAN_POINT('Vertex',(-47.5,18.7,-80.)) ;
#276=CARTESIAN_POINT('Line Origine',(-48.75,18.6999999994,-80.)) ;
#280=CARTESIAN_POINT('Vertex',(-50.,18.6999999994,-80.)) ;
#283=CARTESIAN_POINT('Line Origine',(-50.,17.6999999994,-80.)) ;
#287=CARTESIAN_POINT('Vertex',(-50.,16.6999999994,-80.)) ;
#290=CARTESIAN_POINT('Line Origine',(-48.75,16.6999999994,-80.)) ;
#294=CARTESIAN_POINT('Vertex',(-47.5,16.6999999994,-80.)) ;
#297=CARTESIAN_POINT('Line Origine',(-47.5,15.9499999994,-80.)) ;
#301=CARTESIAN_POINT('Vertex',(-47.5,15.1999999994,-80.)) ;
#304=CARTESIAN_POINT('Line Origine',(-48.75,15.1999999994,-80.)) ;
#308=CARTESIAN_POINT('Vertex',(-50.,15.1999999994,-80.)) ;
#311=CARTESIAN_POINT('Line Origine',(-50.,14.1999999994,-80.)) ;
#315=CARTESIAN_POINT('Vertex',(-50.,13.1999999994,-80.)) ;
#318=CARTESIAN_POINT('Line Origine',(-48.75,13.1999999994,-80.)) ;
#322=CARTESIAN_POINT('Vertex',(-47.5,13.1999999994,-80.)) ;
#325=CARTESIAN_POINT('Line Origine',(-47.5,12.4499999994,-80.)) ;
#329=CARTESIAN_POINT('Vertex',(-47.5,11.6999999994,-80.)) ;
#332=CARTESIAN_POINT('Line Origine',(-48.75,11.6999999994,-80.)) ;
#336=CARTESIAN_POINT('Vertex',(-50.,11.6999999994,-80.)) ;
#339=CARTESIAN_POINT('Line Origine',(-50.,10.6999999994,-80.)) ;
#343=CARTESIAN_POINT('Vertex',(-50.,9.69999999935,-80.)) ;
#346=CARTESIAN_POINT('Line Origine',(-48.75,9.69999999935,-80.)) ;
#350=CARTESIAN_POINT('Vertex',(-47.5,9.69999999935,-80.)) ;
#353=CARTESIAN_POINT('Line Origine',(-47.5,8.94999999935,-80.)) ;
#357=CARTESIAN_POINT('Vertex',(-47.5,8.19999999935,-80.)) ;
#360=CARTESIAN_POINT('Line Origine',(-48.75,8.19999999935,-80.)) ;
#364=CARTESIAN_POINT('Vertex',(-50.,8.19999999935,-80.)) ;
#367=CARTESIAN_POINT('Line Origine',(-50.,7.19999999935,-80.)) ;
#371=CARTESIAN_POINT('Vertex',(-50.,6.19999999935,-80.)) ;
#374=CARTESIAN_POINT('Line Origine',(-48.75,6.19999999935,-80.)) ;
#378=CARTESIAN_POINT('Vertex',(-47.5,6.19999999935,-80.)) ;
#381=CARTESIAN_POINT('Line Origine',(-47.5,5.44999999935,-80.)) ;
#385=CARTESIAN_POINT('Vertex',(-47.5,4.69999999935,-80.)) ;
#388=CARTESIAN_POINT('Line Origine',(-48.75,4.69999999935,-80.)) ;
#392=CARTESIAN_POINT('Vertex',(-50.,4.69999999935,-80.)) ;
#395=CARTESIAN_POINT('Line Origine',(-50.,3.69999999935,-80.)) ;
#399=CARTESIAN_POINT('Vertex',(-50.,2.69999999935,-80.)) ;
#402=CARTESIAN_POINT('Line Origine',(-48.75,2.69999999935,-80.)) ;
#406=CARTESIAN_POINT('Vertex',(-47.5,2.69999999935,-80.)) ;
#409=CARTESIAN_POINT('Line Origine',(-47.5,1.94999999935,-80.)) ;
#413=CARTESIAN_POINT('Vertex',(-47.5,1.19999999935,-80.)) ;
#416=CARTESIAN_POINT('Line Origine',(-48.75,1.19999999935,-80.)) ;
#420=CARTESIAN_POINT('Vertex',(-50.,1.19999999935,-80.)) ;
#423=CARTESIAN_POINT('Line Origine',(-50.,0.199999999351,-80.)) ;
#427=CARTESIAN_POINT('Vertex',(-50.,-0.800000000649,-80.)) ;
#430=CARTESIAN_POINT('Line Origine',(-48.75,-0.800000000649,-80.)) ;
#434=CARTESIAN_POINT('Vertex',(-47.5,-0.800000000649,-80.)) ;
#437=CARTESIAN_POINT('Line Origine',(-47.5,-1.55000000065,-80.)) ;
#441=CARTESIAN_POINT('Vertex',(-47.5,-2.30000000065,-80.)) ;
#444=CARTESIAN_POINT('Line Origine',(-48.75,-2.30000000065,-80.)) ;
#448=CARTESIAN_POINT('Vertex',(-50.,-2.30000000065,-80.)) ;
#451=CARTESIAN_POINT('Line Origine',(-50.,-3.30000000065,-80.)) ;
#455=CARTESIAN_POINT('Vertex',(-50.,-4.30000000065,-80.)) ;
#458=CARTESIAN_POINT('Line Origine',(-48.75,-4.30000000065,-80.)) ;
#462=CARTESIAN_POINT('Vertex',(-47.5,-4.30000000065,-80.)) ;
#465=CARTESIAN_POINT('Line Origine',(-47.5,-5.05000000065,-80.)) ;
#469=CARTESIAN_POINT('Vertex',(-47.5,-5.80000000065,-80.)) ;
#472=CARTESIAN_POINT('Line Origine',(-48.75,-5.80000000065,-80.)) ;
#476=CARTESIAN_POINT('Vertex',(-50.,-5.80000000065,-80.)) ;
#479=CARTESIAN_POINT('Line Origine',(-50.,-6.80000000065,-80.)) ;
#483=CARTESIAN_POINT('Vertex',(-50.,-7.80000000065,-80.)) ;
#486=CARTESIAN_POINT('Line Origine',(-48.75,-7.80000000065,-80.)) ;
#490=CARTESIAN_POINT('Vertex',(-47.5,-7.80000000065,-80.)) ;
#493=CARTESIAN_POINT('Line Origine',(-47.5,-8.55000000065,-80.)) ;
#497=CARTESIAN_POINT('Vertex',(-47.5,-9.30000000065,-80.)) ;
#500=CARTESIAN_POINT('Line Origine',(-48.75,-9.30000000065,-80.)) ;
#504=CARTESIAN_POINT('Vertex',(-50.,-9.30000000065,-80.)) ;
#507=CARTESIAN_POINT('Line Origine',(-50.,-10.3000000006,-80.)) ;
#511=CARTESIAN_POINT('Vertex',(-50.,-11.3000000006,-80.)) ;
#514=CARTESIAN_POINT('Line Origine',(-48.75,-11.3000000006,-80.)) ;
#518=CARTESIAN_POINT('Vertex',(-47.5,-11.3000000006,-80.)) ;
#521=CARTESIAN_POINT('Line Origine',(-47.5,-12.0500000006,-80.)) ;
#525=CARTESIAN_POINT('Vertex',(-47.5,-12.8000000006,-80.)) ;
#528=CARTESIAN_POINT('Line Origine',(-48.75,-12.8000000006,-80.)) ;
#532=CARTESIAN_POINT('Vertex',(-50.,-12.8000000006,-80.)) ;
#535=CARTESIAN_POINT('Line Origine',(-50.,-13.8000000006,-80.)) ;
#539=CARTESIAN_POINT('Vertex',(-50.,-14.8000000006,-80.)) ;
#542=CARTESIAN_POINT('Line Origine',(-48.75,-14.8000000006,-80.)) ;
#546=CARTESIAN_POINT('Vertex',(-47.5,-14.8000000006,-80.)) ;
#549=CARTESIAN_POINT('Line Origine',(-47.5,-15.5500000006,-80.)) ;
#553=CARTESIAN_POINT('Vertex',(-47.5,-16.3000000006,-80.)) ;
#556=CARTESIAN_POINT('Line Origine',(-48.75,-16.3000000006,-80.)) ;
#560=CARTESIAN_POINT('Vertex',(-50.,-16.3000000006,-80.)) ;
#563=CARTESIAN_POINT('Line Origine',(-50.,-17.3000000006,-80.)) ;
#567=CARTESIAN_POINT('Vertex',(-50.,-18.3000000006,-80.)) ;
#570=CARTESIAN_POINT('Line Origine',(-48.75,-18.3000000006,-80.)) ;
#574=CARTESIAN_POINT('Vertex',(-47.5,-18.3,-80.)) ;
#577=CARTESIAN_POINT('Axis2P3D Location',(-46.6070226051,-17.8498984711,-80.)) ;
#581=CARTESIAN_POINT('Vertex',(-46.8063479202,-18.8298318528,-80.)) ;
#585=CARTESIAN_POINT('Control Point',(-46.8063479196,-18.8298318534,-80.)) ;
#586=CARTESIAN_POINT('Control Point',(-46.463648173,-18.8995393815,-80.)) ;
#587=CARTESIAN_POINT('Control Point',(-46.129705306,-19.0122956936,-80.)) ;
#588=CARTESIAN_POINT('Control Point',(-45.8117136987,-19.166651134,-80.)) ;
#589=CARTESIAN_POINT('Control Point',(-45.4427673434,-19.4074148706,-80.)) ;
#590=CARTESIAN_POINT('Control Point',(-45.1182005825,-19.70053202,-80.)) ;
#591=CARTESIAN_POINT('Control Point',(-45.0550632175,-19.7612603527,-80.)) ;
#592=CARTESIAN_POINT('Control Point',(-44.993975572,-19.8238293492,-80.)) ;
#593=CARTESIAN_POINT('Control Point',(-44.9349104669,-19.8882526307,-80.)) ;
#594=CARTESIAN_POINT('Vertex',(-44.9349104665,-19.8882526316,-80.)) ;
#597=CARTESIAN_POINT('Axis2P3D Location',(-43.9988002031,-19.029999997,-80.)) ;
#601=CARTESIAN_POINT('Vertex',(-43.9988002056,-20.3,-80.)) ;
#604=CARTESIAN_POINT('Line Origine',(-43.979400103,-20.3000000006,-80.)) ;
#608=CARTESIAN_POINT('Vertex',(-43.9599999996,-20.3,-80.)) ;
#612=CARTESIAN_POINT('Control Point',(-43.9600000009,-20.3000000006,-80.)) ;
#613=CARTESIAN_POINT('Control Point',(-43.928840127,-20.3000000006,-80.)) ;
#614=CARTESIAN_POINT('Control Point',(-43.8976809396,-20.3048546893,-80.)) ;
#615=CARTESIAN_POINT('Control Point',(-43.8663254911,-20.3150422452,-80.)) ;
#616=CARTESIAN_POINT('Control Point',(-43.8101996165,-20.3438186297,-80.)) ;
#617=CARTESIAN_POINT('Control Point',(-43.7654900212,-20.3883035023,-80.)) ;
#618=CARTESIAN_POINT('Control Point',(-43.7461110279,-20.4149756783,-80.)) ;
#619=CARTESIAN_POINT('Control Point',(-43.7246978889,-20.4572650893,-80.)) ;
#620=CARTESIAN_POINT('Control Point',(-43.7137162959,-20.5029422841,-80.)) ;
#621=CARTESIAN_POINT('Control Point',(-43.7112286447,-20.5186483507,-80.)) ;
#622=CARTESIAN_POINT('Control Point',(-43.7100000009,-20.5343242626,-80.)) ;
#623=CARTESIAN_POINT('Control Point',(-43.7100000009,-20.5500000006,-80.)) ;
#624=CARTESIAN_POINT('Vertex',(-43.71,-20.55,-80.)) ;
#627=CARTESIAN_POINT('Line Origine',(-43.7100000009,-21.08,-80.)) ;
#631=CARTESIAN_POINT('Vertex',(-43.71,-21.61,-80.)) ;
#635=CARTESIAN_POINT('Control Point',(-43.7100000009,-21.6099999993,-80.)) ;
#636=CARTESIAN_POINT('Control Point',(-43.7100000009,-21.6411598731,-80.)) ;
#637=CARTESIAN_POINT('Control Point',(-43.7148546895,-21.6723190603,-80.)) ;
#638=CARTESIAN_POINT('Control Point',(-43.7250422456,-21.7036745075,-80.)) ;
#639=CARTESIAN_POINT('Control Point',(-43.7538186301,-21.759800382,-80.)) ;
#640=CARTESIAN_POINT('Control Point',(-43.7983035027,-21.8045099773,-80.)) ;
#641=CARTESIAN_POINT('Control Point',(-43.8249756784,-21.8238889722,-80.)) ;
#642=CARTESIAN_POINT('Control Point',(-43.8672650895,-21.8453021112,-80.)) ;
#643=CARTESIAN_POINT('Control Point',(-43.9129422844,-21.8562837043,-80.)) ;
#644=CARTESIAN_POINT('Control Point',(-43.928648351,-21.8587713555,-80.)) ;
#645=CARTESIAN_POINT('Control Point',(-43.9443242628,-21.8599999993,-80.)) ;
#646=CARTESIAN_POINT('Control Point',(-43.9600000009,-21.8599999993,-80.)) ;
#647=CARTESIAN_POINT('Vertex',(-43.96,-21.86,-80.)) ;
#650=CARTESIAN_POINT('Line Origine',(-44.7173364898,-21.8599999993,-80.)) ;
#654=CARTESIAN_POINT('Vertex',(-45.4746729778,-21.86,-80.)) ;
#658=CARTESIAN_POINT('Control Point',(-45.4746729787,-21.8599999993,-80.)) ;
#659=CARTESIAN_POINT('Control Point',(-45.5276890597,-21.8599999993,-80.)) ;
#660=CARTESIAN_POINT('Control Point',(-45.5807043642,-21.8512165467,-80.)) ;
#661=CARTESIAN_POINT('Control Point',(-45.6317870951,-21.8336422425,-80.)) ;
#662=CARTESIAN_POINT('Control Point',(-45.710324736,-21.7908855947,-80.)) ;
#663=CARTESIAN_POINT('Control Point',(-45.7738973334,-21.7289582051,-80.)) ;
#664=CARTESIAN_POINT('Control Point',(-45.7968662567,-21.7009674619,-80.)) ;
#665=CARTESIAN_POINT('Control Point',(-45.8161505336,-21.6712635015,-80.)) ;
#666=CARTESIAN_POINT('Control Point',(-45.8319755532,-21.6398189905,-80.)) ;
#667=CARTESIAN_POINT('Vertex',(-45.8319755536,-21.6398189911,-80.)) ;
#670=CARTESIAN_POINT('Axis2P3D Location',(-46.4036596835,-21.9275293895,-80.)) ;
#674=CARTESIAN_POINT('Vertex',(-46.2954531778,-21.2967430786,-80.)) ;
#678=CARTESIAN_POINT('Control Point',(-46.2954531778,-21.2967430781,-80.)) ;
#679=CARTESIAN_POINT('Control Point',(-46.3263575462,-21.2914416734,-80.)) ;
#680=CARTESIAN_POINT('Control Point',(-46.3566121618,-21.2823550649,-80.)) ;
#681=CARTESIAN_POINT('Control Point',(-46.3863120623,-21.2692310871,-80.)) ;
#682=CARTESIAN_POINT('Control Point',(-46.4404893071,-21.236724597,-80.)) ;
#683=CARTESIAN_POINT('Control Point',(-46.4852185078,-21.1921047418,-80.)) ;
#684=CARTESIAN_POINT('Control Point',(-46.5051856323,-21.1664993357,-80.)) ;
#685=CARTESIAN_POINT('Control Point',(-46.5294963107,-21.1257554036,-80.)) ;
#686=CARTESIAN_POINT('Control Point',(-46.5458827061,-21.0815108254,-80.)) ;
#687=CARTESIAN_POINT('Control Point',(-46.5504681204,-21.0663109448,-80.)) ;
#688=CARTESIAN_POINT('Control Point',(-46.5540823527,-21.0509637905,-80.)) ;
#689=CARTESIAN_POINT('Control Point',(-46.5567430779,-21.0354531779,-80.)) ;
#690=CARTESIAN_POINT('Vertex',(-46.5567430786,-21.0354531778,-80.)) ;
#693=CARTESIAN_POINT('Axis2P3D Location',(-47.1875293738,-21.1436596736,-80.)) ;
#697=CARTESIAN_POINT('Vertex',(-47.0121072727,-20.5281703687,-80.)) ;
#700=CARTESIAN_POINT('Axis2P3D Location',(-47.5,-22.239999995,-80.)) ;
#704=CARTESIAN_POINT('Vertex',(-47.5,-20.46,-80.)) ;
#707=CARTESIAN_POINT('Axis2P3D Location',(-47.5,-22.239999995,-80.)) ;
#711=CARTESIAN_POINT('Vertex',(-47.9878927273,-20.5281703687,-80.)) ;
#714=CARTESIAN_POINT('Axis2P3D Location',(-47.8124706262,-21.1436596736,-80.)) ;
#718=CARTESIAN_POINT('Vertex',(-48.4432569214,-21.0354531778,-80.)) ;
#722=CARTESIAN_POINT('Control Point',(-48.4432569221,-21.0354531779,-80.)) ;
#723=CARTESIAN_POINT('Control Point',(-48.4485583268,-21.0663575463,-80.)) ;
#724=CARTESIAN_POINT('Control Point',(-48.4576449353,-21.0966121619,-80.)) ;
#725=CARTESIAN_POINT('Control Point',(-48.470768913,-21.1263120624,-80.)) ;
#726=CARTESIAN_POINT('Control Point',(-48.5032754031,-21.1804893072,-80.)) ;
#727=CARTESIAN_POINT('Control Point',(-48.5478952583,-21.2252185079,-80.)) ;
#728=CARTESIAN_POINT('Control Point',(-48.5735006644,-21.2451856324,-80.)) ;
#729=CARTESIAN_POINT('Control Point',(-48.6142445966,-21.2694963109,-80.)) ;
#730=CARTESIAN_POINT('Control Point',(-48.6584891747,-21.2858827062,-80.)) ;
#731=CARTESIAN_POINT('Control Point',(-48.6736890553,-21.2904681205,-80.)) ;
#732=CARTESIAN_POINT('Control Point',(-48.6890362097,-21.2940823528,-80.)) ;
#733=CARTESIAN_POINT('Control Point',(-48.7045468222,-21.2967430781,-80.)) ;
#734=CARTESIAN_POINT('Vertex',(-48.7045468222,-21.2967430786,-80.)) ;
#737=CARTESIAN_POINT('Axis2P3D Location',(-48.5963403204,-21.9275293815,-80.)) ;
#741=CARTESIAN_POINT('Vertex',(-49.2118296313,-21.7521072727,-80.)) ;
#744=CARTESIAN_POINT('Axis2P3D Location',(-47.4999999985,-22.2399999992,-80.)) ;
#748=CARTESIAN_POINT('Vertex',(-49.28,-22.24,-80.)) ;
#751=CARTESIAN_POINT('Axis2P3D Location',(-47.4999999985,-22.2399999992,-80.)) ;
#755=CARTESIAN_POINT('Vertex',(-49.2118296313,-22.7278927273,-80.)) ;
#758=CARTESIAN_POINT('Axis2P3D Location',(-48.5963403211,-22.5524706203,-80.)) ;
#762=CARTESIAN_POINT('Vertex',(-48.7045468222,-23.1832569214,-80.)) ;
#766=CARTESIAN_POINT('Control Point',(-48.7045468222,-23.1832569222,-80.)) ;
#767=CARTESIAN_POINT('Control Point',(-48.6736424538,-23.1885583269,-80.)) ;
#768=CARTESIAN_POINT('Control Point',(-48.6433878382,-23.1976449354,-80.)) ;
#769=CARTESIAN_POINT('Control Point',(-48.6136879377,-23.2107689131,-80.)) ;
#770=CARTESIAN_POINT('Control Point',(-48.5595106929,-23.2432754033,-80.)) ;
#771=CARTESIAN_POINT('Control Point',(-48.5147814922,-23.2878952584,-80.)) ;
#772=CARTESIAN_POINT('Control Point',(-48.4948143677,-23.3135006645,-80.)) ;
#773=CARTESIAN_POINT('Control Point',(-48.4705036893,-23.3542445967,-80.)) ;
#774=CARTESIAN_POINT('Control Point',(-48.4541172939,-23.3984891748,-80.)) ;
#775=CARTESIAN_POINT('Control Point',(-48.4495318796,-23.4136890555,-80.)) ;
#776=CARTESIAN_POINT('Control Point',(-48.4459176473,-23.4290362098,-80.)) ;
#777=CARTESIAN_POINT('Control Point',(-48.4432569221,-23.4445468224,-80.)) ;
#778=CARTESIAN_POINT('Vertex',(-48.4432569214,-23.4445468222,-80.)) ;
#781=CARTESIAN_POINT('Axis2P3D Location',(-47.8124706202,-23.3363403212,-80.)) ;
#785=CARTESIAN_POINT('Vertex',(-47.9878927273,-23.9518296313,-80.)) ;
#788=CARTESIAN_POINT('Axis2P3D Location',(-47.5,-22.2400000053,-80.)) ;
#792=CARTESIAN_POINT('Vertex',(-47.5,-24.02,-80.)) ;
#795=CARTESIAN_POINT('Axis2P3D Location',(-47.5,-22.2400000053,-80.)) ;
#799=CARTESIAN_POINT('Vertex',(-47.0121072727,-23.9518296313,-80.)) ;
#802=CARTESIAN_POINT('Axis2P3D Location',(-47.1875293375,-23.3363404022,-80.)) ;
#806=CARTESIAN_POINT('Vertex',(-46.7840939882,-23.8331701628,-80.)) ;
#810=CARTESIAN_POINT('Control Point',(-46.7840939891,-23.8331701624,-80.)) ;
#811=CARTESIAN_POINT('Control Point',(-46.7298786386,-23.7891462545,-80.)) ;
#812=CARTESIAN_POINT('Control Point',(-46.6696586939,-23.7525178265,-80.)) ;
#813=CARTESIAN_POINT('Control Point',(-46.6047721609,-23.7243762554,-80.)) ;
#814=CARTESIAN_POINT('Control Point',(-46.5199098988,-23.7007097655,-80.)) ;
#815=CARTESIAN_POINT('Control Point',(-46.4330246934,-23.691787605,-80.)) ;
#816=CARTESIAN_POINT('Control Point',(-46.4155648788,-23.6905949438,-80.)) ;
#817=CARTESIAN_POINT('Control Point',(-46.3981117223,-23.6899999994,-80.)) ;
#818=CARTESIAN_POINT('Control Point',(-46.3806585986,-23.6899999994,-80.)) ;
#819=CARTESIAN_POINT('Vertex',(-46.3806585994,-23.69,-80.)) ;
#822=CARTESIAN_POINT('Line Origine',(-45.5403292989,-23.6899999994,-80.)) ;
#826=CARTESIAN_POINT('Vertex',(-44.7,-23.69,-80.)) ;
#830=CARTESIAN_POINT('Control Point',(-44.6999999993,-23.6899999994,-80.)) ;
#831=CARTESIAN_POINT('Control Point',(-44.6025125888,-23.6899999994,-80.)) ;
#832=CARTESIAN_POINT('Control Point',(-44.5050256069,-23.7019997408,-80.)) ;
#833=CARTESIAN_POINT('Control Point',(-44.4095028934,-23.7260024704,-80.)) ;
#834=CARTESIAN_POINT('Control Point',(-44.2263421824,-23.79702109,-80.)) ;
#835=CARTESIAN_POINT('Control Point',(-44.0658726757,-23.9103363994,-80.)) ;
#836=CARTESIAN_POINT('Control Point',(-43.9930428293,-23.9766427556,-80.)) ;
#837=CARTESIAN_POINT('Control Point',(-43.8652098766,-24.1258078557,-80.)) ;
#838=CARTESIAN_POINT('Control Point',(-43.777366956,-24.3015191068,-80.)) ;
#839=CARTESIAN_POINT('Control Point',(-43.7445318832,-24.3943769386,-80.)) ;
#840=CARTESIAN_POINT('Control Point',(-43.7194550401,-24.5085684331,-80.)) ;
#841=CARTESIAN_POINT('Control Point',(-43.7113042178,-24.624349917,-80.)) ;
#842=CARTESIAN_POINT('Control Point',(-43.7104344221,-24.6429021891,-80.)) ;
#843=CARTESIAN_POINT('Control Point',(-43.7100000009,-24.6614511021,-80.)) ;
#844=CARTESIAN_POINT('Control Point',(-43.7100000009,-24.6799999996,-80.)) ;
#845=CARTESIAN_POINT('Vertex',(-43.71,-24.68,-80.)) ;
#848=CARTESIAN_POINT('Line Origine',(-43.7100000009,-25.1399999996,-80.)) ;
#852=CARTESIAN_POINT('Vertex',(-43.71,-25.6,-80.)) ;
#855=CARTESIAN_POINT('Axis2P3D Location',(-43.7100000008,-26.2399999984,-80.)) ;
#859=CARTESIAN_POINT('Vertex',(-44.35,-26.24,-80.)) ;
#862=CARTESIAN_POINT('Line Origine',(-45.9249999998,-26.2400000001,-80.)) ;
#866=CARTESIAN_POINT('Vertex',(-47.5,-26.2400000001,-80.)) ;
#869=CARTESIAN_POINT('Axis2P3D Location',(-47.5000000001,-22.2400000002,-80.)) ;
#873=CARTESIAN_POINT('Vertex',(-51.5,-22.2400000001,-80.)) ;
#876=CARTESIAN_POINT('Line Origine',(-51.5,-21.4699999996,-80.)) ;
#880=CARTESIAN_POINT('Vertex',(-51.5,-20.7,-80.)) ;
#884=CARTESIAN_POINT('Control Point',(-51.5,-20.0999999995,-80.)) ;
#885=CARTESIAN_POINT('Control Point',(-51.4732784758,-20.0999999995,-80.)) ;
#886=CARTESIAN_POINT('Control Point',(-51.4465573022,-20.1029751656,-80.)) ;
#887=CARTESIAN_POINT('Control Point',(-51.4197377133,-20.1090740394,-80.)) ;
#888=CARTESIAN_POINT('Control Point',(-51.3689766074,-20.1268208974,-80.)) ;
#889=CARTESIAN_POINT('Control Point',(-51.3233632659,-20.1552974493,-80.)) ;
#890=CARTESIAN_POINT('Control Point',(-51.3018187208,-20.1723947944,-80.)) ;
#891=CARTESIAN_POINT('Control Point',(-51.2637244001,-20.2103482342,-80.)) ;
#892=CARTESIAN_POINT('Control Point',(-51.2349116982,-20.2557499868,-80.)) ;
#893=CARTESIAN_POINT('Control Point',(-51.2228797682,-20.2804829467,-80.)) ;
#894=CARTESIAN_POINT('Control Point',(-51.2049449596,-20.3311779511,-80.)) ;
#895=CARTESIAN_POINT('Control Point',(-51.1986000333,-20.3845748877,-80.)) ;
#896=CARTESIAN_POINT('Control Point',(-51.1984472641,-20.4120787647,-80.)) ;
#897=CARTESIAN_POINT('Control Point',(-51.2041995436,-20.4655441938,-80.)) ;
#898=CARTESIAN_POINT('Control Point',(-51.2215703689,-20.5164337344,-80.)) ;
#899=CARTESIAN_POINT('Control Point',(-51.2333268094,-20.5412988249,-80.)) ;
#900=CARTESIAN_POINT('Control Point',(-51.2616347679,-20.5870186272,-80.)) ;
#901=CARTESIAN_POINT('Control Point',(-51.2993046979,-20.6253913689,-80.)) ;
#902=CARTESIAN_POINT('Control Point',(-51.3206579861,-20.6427269887,-80.)) ;
#903=CARTESIAN_POINT('Control Point',(-51.3665109328,-20.6720650833,-80.)) ;
#904=CARTESIAN_POINT('Control Point',(-51.4177581793,-20.6904658413,-80.)) ;
#905=CARTESIAN_POINT('Control Point',(-51.4452418145,-20.6968766465,-80.)) ;
#906=CARTESIAN_POINT('Control Point',(-51.4726210913,-20.6999999992,-80.)) ;
#907=CARTESIAN_POINT('Control Point',(-51.5,-20.6999999992,-80.)) ;
#908=CARTESIAN_POINT('Vertex',(-51.5,-20.0999999995,-80.)) ;
#911=CARTESIAN_POINT('Line Origine',(-51.5,-16.3200000002,-80.)) ;
#915=CARTESIAN_POINT('Vertex',(-51.5,-12.54,-80.)) ;
#919=CARTESIAN_POINT('Control Point',(-51.5,-11.9399999994,-80.)) ;
#920=CARTESIAN_POINT('Control Point',(-51.4732784758,-11.9399999994,-80.)) ;
#921=CARTESIAN_POINT('Control Point',(-51.4465573022,-11.9429751654,-80.)) ;
#922=CARTESIAN_POINT('Control Point',(-51.4197377133,-11.9490740392,-80.)) ;
#923=CARTESIAN_POINT('Control Point',(-51.3689766074,-11.9668208972,-80.)) ;
#924=CARTESIAN_POINT('Control Point',(-51.3233632659,-11.9952974491,-80.)) ;
#925=CARTESIAN_POINT('Control Point',(-51.3018187208,-12.0123947943,-80.)) ;
#926=CARTESIAN_POINT('Control Point',(-51.2637244001,-12.050348234,-80.)) ;
#927=CARTESIAN_POINT('Control Point',(-51.2349116982,-12.0957499867,-80.)) ;
#928=CARTESIAN_POINT('Control Point',(-51.2228797682,-12.1204829466,-80.)) ;
#929=CARTESIAN_POINT('Control Point',(-51.2049449596,-12.171177951,-80.)) ;
#930=CARTESIAN_POINT('Control Point',(-51.1986000333,-12.2245748876,-80.)) ;
#931=CARTESIAN_POINT('Control Point',(-51.1984472641,-12.2520787646,-80.)) ;
#932=CARTESIAN_POINT('Control Point',(-51.2041995436,-12.3055441938,-80.)) ;
#933=CARTESIAN_POINT('Control Point',(-51.221570369,-12.3564337346,-80.)) ;
#934=CARTESIAN_POINT('Control Point',(-51.2333268092,-12.3812988263,-80.)) ;
#935=CARTESIAN_POINT('Control Point',(-51.2616347677,-12.4270186287,-80.)) ;
#936=CARTESIAN_POINT('Control Point',(-51.2993046978,-12.4653913704,-80.)) ;
#937=CARTESIAN_POINT('Control Point',(-51.3206579863,-12.4827269887,-80.)) ;
#938=CARTESIAN_POINT('Control Point',(-51.3665109329,-12.5120650832,-80.)) ;
#939=CARTESIAN_POINT('Control Point',(-51.4177581794,-12.5304658412,-80.)) ;
#940=CARTESIAN_POINT('Control Point',(-51.4452418144,-12.5368766482,-80.)) ;
#941=CARTESIAN_POINT('Control Point',(-51.4726210913,-12.5400000009,-80.)) ;
#942=CARTESIAN_POINT('Control Point',(-51.5,-12.5400000009,-80.)) ;
#943=CARTESIAN_POINT('Vertex',(-51.5,-11.9399999994,-80.)) ;
#946=CARTESIAN_POINT('Line Origine',(-51.5,-8.16000000005,-80.)) ;
#950=CARTESIAN_POINT('Vertex',(-51.5,-4.38,-80.)) ;
#954=CARTESIAN_POINT('Control Point',(-51.5,-3.77999999923,-80.)) ;
#955=CARTESIAN_POINT('Control Point',(-51.4732784758,-3.77999999923,-80.)) ;
#956=CARTESIAN_POINT('Control Point',(-51.4465573021,-3.78297516528,-80.)) ;
#957=CARTESIAN_POINT('Control Point',(-51.4197377134,-3.78907404092,-80.)) ;
#958=CARTESIAN_POINT('Control Point',(-51.3689766075,-3.80682089886,-80.)) ;
#959=CARTESIAN_POINT('Control Point',(-51.3233632661,-3.8352974507,-80.)) ;
#960=CARTESIAN_POINT('Control Point',(-51.3018187206,-3.85239479431,-80.)) ;
#961=CARTESIAN_POINT('Control Point',(-51.2637244001,-3.89034823396,-80.)) ;
#962=CARTESIAN_POINT('Control Point',(-51.2349116982,-3.93574998655,-80.)) ;
#963=CARTESIAN_POINT('Control Point',(-51.2228797682,-3.96048294643,-80.)) ;
#964=CARTESIAN_POINT('Control Point',(-51.2049449596,-4.01117795085,-80.)) ;
#965=CARTESIAN_POINT('Control Point',(-51.1986000333,-4.06457488742,-80.)) ;
#966=CARTESIAN_POINT('Control Point',(-51.1984472641,-4.09207876441,-80.)) ;
#967=CARTESIAN_POINT('Control Point',(-51.2041995436,-4.14554419365,-80.)) ;
#968=CARTESIAN_POINT('Control Point',(-51.221570369,-4.19643373443,-80.)) ;
#969=CARTESIAN_POINT('Control Point',(-51.2333268092,-4.22129882618,-80.)) ;
#970=CARTESIAN_POINT('Control Point',(-51.2616347677,-4.26701862855,-80.)) ;
#971=CARTESIAN_POINT('Control Point',(-51.2993046978,-4.30539137027,-80.)) ;
#972=CARTESIAN_POINT('Control Point',(-51.3206579863,-4.32272698853,-80.)) ;
#973=CARTESIAN_POINT('Control Point',(-51.3665109329,-4.35206508305,-80.)) ;
#974=CARTESIAN_POINT('Control Point',(-51.4177581794,-4.37046584107,-80.)) ;
#975=CARTESIAN_POINT('Control Point',(-51.4452418144,-4.37687664807,-80.)) ;
#976=CARTESIAN_POINT('Control Point',(-51.4726210913,-4.38000000072,-80.)) ;
#977=CARTESIAN_POINT('Control Point',(-51.5,-4.38000000072,-80.)) ;
#978=CARTESIAN_POINT('Vertex',(-51.5,-3.77999999923,-80.)) ;
#981=CARTESIAN_POINT('Line Origine',(-51.5,9.5731422789E-011,-80.)) ;
#985=CARTESIAN_POINT('Vertex',(-51.5,3.78,-80.)) ;
#989=CARTESIAN_POINT('Control Point',(-51.5,4.38000000092,-80.)) ;
#990=CARTESIAN_POINT('Control Point',(-51.4732784758,4.38000000092,-80.)) ;
#991=CARTESIAN_POINT('Control Point',(-51.4465573021,4.37702483487,-80.)) ;
#992=CARTESIAN_POINT('Control Point',(-51.4197377134,4.37092595922,-80.)) ;
#993=CARTESIAN_POINT('Control Point',(-51.3689766075,4.35317910129,-80.)) ;
#994=CARTESIAN_POINT('Control Point',(-51.3233632661,4.32470254945,-80.)) ;
#995=CARTESIAN_POINT('Control Point',(-51.3018187206,4.30760520584,-80.)) ;
#996=CARTESIAN_POINT('Control Point',(-51.2637244001,4.26965176619,-80.)) ;
#997=CARTESIAN_POINT('Control Point',(-51.2349116982,4.2242500136,-80.)) ;
#998=CARTESIAN_POINT('Control Point',(-51.2228797682,4.19951705372,-80.)) ;
#999=CARTESIAN_POINT('Control Point',(-51.2049449595,4.14882204912,-80.)) ;
#1000=CARTESIAN_POINT('Control Point',(-51.1986000332,4.09542511236,-80.)) ;
#1001=CARTESIAN_POINT('Control Point',(-51.1984472641,4.06792123424,-80.)) ;
#1002=CARTESIAN_POINT('Control Point',(-51.2041995435,4.01445580498,-80.)) ;
#1003=CARTESIAN_POINT('Control Point',(-51.2215703689,3.96356626418,-80.)) ;
#1004=CARTESIAN_POINT('Control Point',(-51.2333268094,3.93870117368,-80.)) ;
#1005=CARTESIAN_POINT('Control Point',(-51.2616347679,3.89298137148,-80.)) ;
#1006=CARTESIAN_POINT('Control Point',(-51.2993046978,3.85460862988,-80.)) ;
#1007=CARTESIAN_POINT('Control Point',(-51.3206579863,3.83727301162,-80.)) ;
#1008=CARTESIAN_POINT('Control Point',(-51.3665109329,3.8079349171,-80.)) ;
#1009=CARTESIAN_POINT('Control Point',(-51.4177581794,3.78953415908,-80.)) ;
#1010=CARTESIAN_POINT('Control Point',(-51.4452418144,3.78312335208,-80.)) ;
#1011=CARTESIAN_POINT('Control Point',(-51.4726210913,3.77999999943,-80.)) ;
#1012=CARTESIAN_POINT('Control Point',(-51.5,3.77999999943,-80.)) ;
#1013=CARTESIAN_POINT('Vertex',(-51.5,4.38000000092,-80.)) ;
#1016=CARTESIAN_POINT('Line Origine',(-51.5,8.16000000024,-80.)) ;
#1020=CARTESIAN_POINT('Vertex',(-51.5,11.94,-80.)) ;
#1024=CARTESIAN_POINT('Control Point',(-51.5,12.5399999992,-80.)) ;
#1025=CARTESIAN_POINT('Control Point',(-51.4732784758,12.5399999992,-80.)) ;
#1026=CARTESIAN_POINT('Control Point',(-51.4465573022,12.5370248332,-80.)) ;
#1027=CARTESIAN_POINT('Control Point',(-51.4197377133,12.5309259593,-80.)) ;
#1028=CARTESIAN_POINT('Control Point',(-51.3689766075,12.5131791014,-80.)) ;
#1029=CARTESIAN_POINT('Control Point',(-51.3233632661,12.4847025496,-80.)) ;
#1030=CARTESIAN_POINT('Control Point',(-51.3018187206,12.467605206,-80.)) ;
#1031=CARTESIAN_POINT('Control Point',(-51.2637244001,12.4296517663,-80.)) ;
#1032=CARTESIAN_POINT('Control Point',(-51.2349116982,12.3842500137,-80.)) ;
#1033=CARTESIAN_POINT('Control Point',(-51.2228797682,12.3595170539,-80.)) ;
#1034=CARTESIAN_POINT('Control Point',(-51.2049449595,12.3088220493,-80.)) ;
#1035=CARTESIAN_POINT('Control Point',(-51.1986000332,12.2554251125,-80.)) ;
#1036=CARTESIAN_POINT('Control Point',(-51.1984472641,12.2279212344,-80.)) ;
#1037=CARTESIAN_POINT('Control Point',(-51.2041995435,12.1744558051,-80.)) ;
#1038=CARTESIAN_POINT('Control Point',(-51.2215703689,12.1235662643,-80.)) ;
#1039=CARTESIAN_POINT('Control Point',(-51.2333268094,12.0987011738,-80.)) ;
#1040=CARTESIAN_POINT('Control Point',(-51.2616347679,12.0529813716,-80.)) ;
#1041=CARTESIAN_POINT('Control Point',(-51.2993046978,12.01460863,-80.)) ;
#1042=CARTESIAN_POINT('Control Point',(-51.3206579863,11.9972730118,-80.)) ;
#1043=CARTESIAN_POINT('Control Point',(-51.3665109329,11.9679349172,-80.)) ;
#1044=CARTESIAN_POINT('Control Point',(-51.4177581794,11.9495341592,-80.)) ;
#1045=CARTESIAN_POINT('Control Point',(-51.4452418144,11.9431233522,-80.)) ;
#1046=CARTESIAN_POINT('Control Point',(-51.4726210913,11.9399999996,-80.)) ;
#1047=CARTESIAN_POINT('Control Point',(-51.5,11.9399999996,-80.)) ;
#1048=CARTESIAN_POINT('Vertex',(-51.5,12.5399999992,-80.)) ;
#1051=CARTESIAN_POINT('Line Origine',(-51.5,16.3199999995,-80.)) ;
#1055=CARTESIAN_POINT('Vertex',(-51.5,20.1,-80.)) ;
#1059=CARTESIAN_POINT('Control Point',(-51.5,20.6999999994,-80.)) ;
#1060=CARTESIAN_POINT('Control Point',(-51.4732784758,20.6999999994,-80.)) ;
#1061=CARTESIAN_POINT('Control Point',(-51.4465573022,20.6970248333,-80.)) ;
#1062=CARTESIAN_POINT('Control Point',(-51.4197377133,20.6909259595,-80.)) ;
#1063=CARTESIAN_POINT('Control Point',(-51.3689766074,20.6731791015,-80.)) ;
#1064=CARTESIAN_POINT('Control Point',(-51.3233632659,20.6447025496,-80.)) ;
#1065=CARTESIAN_POINT('Control Point',(-51.3018187208,20.6276052044,-80.)) ;
#1066=CARTESIAN_POINT('Control Point',(-51.2637244003,20.5896517648,-80.)) ;
#1067=CARTESIAN_POINT('Control Point',(-51.2349116984,20.5442500123,-80.)) ;
#1068=CARTESIAN_POINT('Control Point',(-51.2228797681,20.5195170537,-80.)) ;
#1069=CARTESIAN_POINT('Control Point',(-51.2049449595,20.4688220493,-80.)) ;
#1070=CARTESIAN_POINT('Control Point',(-51.1986000332,20.4154251127,-80.)) ;
#1071=CARTESIAN_POINT('Control Point',(-51.1984472641,20.3879212345,-80.)) ;
#1072=CARTESIAN_POINT('Control Point',(-51.2041995435,20.3344558053,-80.)) ;
#1073=CARTESIAN_POINT('Control Point',(-51.2215703689,20.2835662645,-80.)) ;
#1074=CARTESIAN_POINT('Control Point',(-51.2333268094,20.258701174,-80.)) ;
#1075=CARTESIAN_POINT('Control Point',(-51.2616347679,20.2129813718,-80.)) ;
#1076=CARTESIAN_POINT('Control Point',(-51.2993046978,20.1746086302,-80.)) ;
#1077=CARTESIAN_POINT('Control Point',(-51.3206579863,20.1572730119,-80.)) ;
#1078=CARTESIAN_POINT('Control Point',(-51.3665109329,20.1279349174,-80.)) ;
#1079=CARTESIAN_POINT('Control Point',(-51.4177581794,20.1095341594,-80.)) ;
#1080=CARTESIAN_POINT('Control Point',(-51.4452418144,20.1031233524,-80.)) ;
#1081=CARTESIAN_POINT('Control Point',(-51.4726210913,20.0999999997,-80.)) ;
#1082=CARTESIAN_POINT('Control Point',(-51.5,20.0999999997,-80.)) ;
#1083=CARTESIAN_POINT('Vertex',(-51.5,20.6999999994,-80.)) ;
#1086=CARTESIAN_POINT('Line Origine',(-51.5,21.7299999996,-80.)) ;
#1090=CARTESIAN_POINT('Vertex',(-51.5,22.7599999999,-80.)) ;
#1093=CARTESIAN_POINT('Axis2P3D Location',(-47.5000000001,22.7599999999,-80.)) ;
#1097=CARTESIAN_POINT('Vertex',(-47.5,26.7599999999,-80.)) ;
#1100=CARTESIAN_POINT('Line Origine',(-46.4749999996,26.7599999999,-80.)) ;
#1104=CARTESIAN_POINT('Vertex',(-45.45,26.76,-80.)) ;
#1108=CARTESIAN_POINT('Control Point',(-44.8499999996,26.7599999999,-80.)) ;
#1109=CARTESIAN_POINT('Control Point',(-44.8499999996,26.7332784757,-80.)) ;
#1110=CARTESIAN_POINT('Control Point',(-44.8529751657,26.7065573021,-80.)) ;
#1111=CARTESIAN_POINT('Control Point',(-44.8590740395,26.6797377132,-80.)) ;
#1112=CARTESIAN_POINT('Control Point',(-44.8768208975,26.6289766073,-80.)) ;
#1113=CARTESIAN_POINT('Control Point',(-44.9052974494,26.5833632658,-80.)) ;
#1114=CARTESIAN_POINT('Control Point',(-44.9223947945,26.5618187206,-80.)) ;
#1115=CARTESIAN_POINT('Control Point',(-44.9603482343,26.5237244,-80.)) ;
#1116=CARTESIAN_POINT('Control Point',(-45.0057499869,26.4949116981,-80.)) ;
#1117=CARTESIAN_POINT('Control Point',(-45.0304829468,26.4828797681,-80.)) ;
#1118=CARTESIAN_POINT('Control Point',(-45.0811779512,26.4649449594,-80.)) ;
#1119=CARTESIAN_POINT('Control Point',(-45.1345748878,26.4586000331,-80.)) ;
#1120=CARTESIAN_POINT('Control Point',(-45.1620787648,26.458447264,-80.)) ;
#1121=CARTESIAN_POINT('Control Point',(-45.2155441939,26.4641995434,-80.)) ;
#1122=CARTESIAN_POINT('Control Point',(-45.2664337345,26.4815703687,-80.)) ;
#1123=CARTESIAN_POINT('Control Point',(-45.291298825,26.4933268093,-80.)) ;
#1124=CARTESIAN_POINT('Control Point',(-45.3370186273,26.5216347678,-80.)) ;
#1125=CARTESIAN_POINT('Control Point',(-45.375391369,26.5593046978,-80.)) ;
#1126=CARTESIAN_POINT('Control Point',(-45.3927269888,26.580657986,-80.)) ;
#1127=CARTESIAN_POINT('Control Point',(-45.4220650834,26.6265109326,-80.)) ;
#1128=CARTESIAN_POINT('Control Point',(-45.4404658414,26.6777581792,-80.)) ;
#1129=CARTESIAN_POINT('Control Point',(-45.4468766466,26.7052418144,-80.)) ;
#1130=CARTESIAN_POINT('Control Point',(-45.4499999993,26.7326210912,-80.)) ;
#1131=CARTESIAN_POINT('Control Point',(-45.4499999993,26.7599999999,-80.)) ;
#1132=CARTESIAN_POINT('Vertex',(-44.8499999996,26.7599999999,-80.)) ;
#1135=CARTESIAN_POINT('Line Origine',(0.,26.7599999999,-80.)) ;
#1139=CARTESIAN_POINT('Vertex',(44.85,26.76,-80.)) ;
#1143=CARTESIAN_POINT('Control Point',(45.4499999993,26.7599999999,-80.)) ;
#1144=CARTESIAN_POINT('Control Point',(45.4499999993,26.7332784757,-80.)) ;
#1145=CARTESIAN_POINT('Control Point',(45.4470248332,26.7065573021,-80.)) ;
#1146=CARTESIAN_POINT('Control Point',(45.4409259594,26.6797377132,-80.)) ;
#1147=CARTESIAN_POINT('Control Point',(45.4231791015,26.6289766074,-80.)) ;
#1148=CARTESIAN_POINT('Control Point',(45.3947025496,26.583363266,-80.)) ;
#1149=CARTESIAN_POINT('Control Point',(45.377605206,26.5618187205,-80.)) ;
#1150=CARTESIAN_POINT('Control Point',(45.3396517664,26.5237244,-80.)) ;
#1151=CARTESIAN_POINT('Control Point',(45.2942500138,26.4949116981,-80.)) ;
#1152=CARTESIAN_POINT('Control Point',(45.2695170539,26.4828797681,-80.)) ;
#1153=CARTESIAN_POINT('Control Point',(45.2188220493,26.4649449594,-80.)) ;
#1154=CARTESIAN_POINT('Control Point',(45.1654251126,26.4586000331,-80.)) ;
#1155=CARTESIAN_POINT('Control Point',(45.1379212344,26.4584472639,-80.)) ;
#1156=CARTESIAN_POINT('Control Point',(45.0844558052,26.4641995434,-80.)) ;
#1157=CARTESIAN_POINT('Control Point',(45.0335662644,26.4815703687,-80.)) ;
#1158=CARTESIAN_POINT('Control Point',(45.0087011739,26.4933268093,-80.)) ;
#1159=CARTESIAN_POINT('Control Point',(44.9629813717,26.5216347677,-80.)) ;
#1160=CARTESIAN_POINT('Control Point',(44.9246086301,26.5593046977,-80.)) ;
#1161=CARTESIAN_POINT('Control Point',(44.9072730118,26.5806579862,-80.)) ;
#1162=CARTESIAN_POINT('Control Point',(44.8779349173,26.6265109328,-80.)) ;
#1163=CARTESIAN_POINT('Control Point',(44.8595341593,26.6777581792,-80.)) ;
#1164=CARTESIAN_POINT('Control Point',(44.8531233523,26.7052418143,-80.)) ;
#1165=CARTESIAN_POINT('Control Point',(44.8499999996,26.7326210911,-80.)) ;
#1166=CARTESIAN_POINT('Control Point',(44.8499999996,26.7599999999,-80.)) ;
#1167=CARTESIAN_POINT('Vertex',(45.4499999993,26.7599999999,-80.)) ;
#1170=CARTESIAN_POINT('Line Origine',(46.4749999996,26.7599999999,-80.)) ;
#1174=CARTESIAN_POINT('Vertex',(47.5,26.7599999999,-80.)) ;
#1177=CARTESIAN_POINT('Axis2P3D Location',(47.5000000001,22.7599999999,-80.)) ;
#1181=CARTESIAN_POINT('Vertex',(51.5,22.7599999999,-80.)) ;
#1184=CARTESIAN_POINT('Line Origine',(51.5,21.7299999996,-80.)) ;
#1188=CARTESIAN_POINT('Vertex',(51.5,20.7,-80.)) ;
#1192=CARTESIAN_POINT('Control Point',(51.5,20.0999999997,-80.)) ;
#1193=CARTESIAN_POINT('Control Point',(51.4732784758,20.0999999997,-80.)) ;
#1194=CARTESIAN_POINT('Control Point',(51.4465573022,20.1029751658,-80.)) ;
#1195=CARTESIAN_POINT('Control Point',(51.4197377133,20.1090740396,-80.)) ;
#1196=CARTESIAN_POINT('Control Point',(51.3689766074,20.1268208975,-80.)) ;
#1197=CARTESIAN_POINT('Control Point',(51.3233632659,20.1552974495,-80.)) ;
#1198=CARTESIAN_POINT('Control Point',(51.3018187208,20.1723947946,-80.)) ;
#1199=CARTESIAN_POINT('Control Point',(51.2637244001,20.2103482344,-80.)) ;
#1200=CARTESIAN_POINT('Control Point',(51.2349116982,20.255749987,-80.)) ;
#1201=CARTESIAN_POINT('Control Point',(51.2228797682,20.2804829469,-80.)) ;
#1202=CARTESIAN_POINT('Control Point',(51.2049449596,20.3311779513,-80.)) ;
#1203=CARTESIAN_POINT('Control Point',(51.1986000333,20.3845748879,-80.)) ;
#1204=CARTESIAN_POINT('Control Point',(51.1984472641,20.4120787649,-80.)) ;
#1205=CARTESIAN_POINT('Control Point',(51.2041995436,20.465544194,-80.)) ;
#1206=CARTESIAN_POINT('Control Point',(51.2215703689,20.5164337346,-80.)) ;
#1207=CARTESIAN_POINT('Control Point',(51.2333268094,20.5412988251,-80.)) ;
#1208=CARTESIAN_POINT('Control Point',(51.2616347679,20.5870186274,-80.)) ;
#1209=CARTESIAN_POINT('Control Point',(51.2993046979,20.6253913691,-80.)) ;
#1210=CARTESIAN_POINT('Control Point',(51.3206579861,20.6427269889,-80.)) ;
#1211=CARTESIAN_POINT('Control Point',(51.3665109328,20.6720650835,-80.)) ;
#1212=CARTESIAN_POINT('Control Point',(51.4177581793,20.6904658415,-80.)) ;
#1213=CARTESIAN_POINT('Control Point',(51.4452418145,20.6968766467,-80.)) ;
#1214=CARTESIAN_POINT('Control Point',(51.4726210913,20.6999999994,-80.)) ;
#1215=CARTESIAN_POINT('Control Point',(51.5,20.6999999994,-80.)) ;
#1216=CARTESIAN_POINT('Vertex',(51.5,20.0999999997,-80.)) ;
#1219=CARTESIAN_POINT('Line Origine',(51.5,16.3199999995,-80.)) ;
#1223=CARTESIAN_POINT('Vertex',(51.5,12.54,-80.)) ;
#1227=CARTESIAN_POINT('Control Point',(51.5,11.9399999996,-80.)) ;
#1228=CARTESIAN_POINT('Control Point',(51.4732784758,11.9399999996,-80.)) ;
#1229=CARTESIAN_POINT('Control Point',(51.4465573022,11.9429751656,-80.)) ;
#1230=CARTESIAN_POINT('Control Point',(51.4197377133,11.9490740394,-80.)) ;
#1231=CARTESIAN_POINT('Control Point',(51.3689766074,11.9668208974,-80.)) ;
#1232=CARTESIAN_POINT('Control Point',(51.3233632659,11.9952974493,-80.)) ;
#1233=CARTESIAN_POINT('Control Point',(51.3018187208,12.0123947945,-80.)) ;
#1234=CARTESIAN_POINT('Control Point',(51.2637244001,12.0503482342,-80.)) ;
#1235=CARTESIAN_POINT('Control Point',(51.2349116982,12.0957499869,-80.)) ;
#1236=CARTESIAN_POINT('Control Point',(51.2228797682,12.1204829468,-80.)) ;
#1237=CARTESIAN_POINT('Control Point',(51.2049449596,12.1711779512,-80.)) ;
#1238=CARTESIAN_POINT('Control Point',(51.1986000333,12.2245748878,-80.)) ;
#1239=CARTESIAN_POINT('Control Point',(51.1984472641,12.2520787648,-80.)) ;
#1240=CARTESIAN_POINT('Control Point',(51.2041995436,12.3055441938,-80.)) ;
#1241=CARTESIAN_POINT('Control Point',(51.2215703689,12.3564337344,-80.)) ;
#1242=CARTESIAN_POINT('Control Point',(51.2333268094,12.3812988249,-80.)) ;
#1243=CARTESIAN_POINT('Control Point',(51.2616347679,12.4270186272,-80.)) ;
#1244=CARTESIAN_POINT('Control Point',(51.2993046979,12.4653913689,-80.)) ;
#1245=CARTESIAN_POINT('Control Point',(51.3206579861,12.4827269887,-80.)) ;
#1246=CARTESIAN_POINT('Control Point',(51.3665109328,12.5120650833,-80.)) ;
#1247=CARTESIAN_POINT('Control Point',(51.4177581793,12.5304658414,-80.)) ;
#1248=CARTESIAN_POINT('Control Point',(51.4452418145,12.5368766466,-80.)) ;
#1249=CARTESIAN_POINT('Control Point',(51.4726210913,12.5399999992,-80.)) ;
#1250=CARTESIAN_POINT('Control Point',(51.5,12.5399999992,-80.)) ;
#1251=CARTESIAN_POINT('Vertex',(51.5,11.9399999996,-80.)) ;
#1254=CARTESIAN_POINT('Line Origine',(51.5,8.16000000024,-80.)) ;
#1258=CARTESIAN_POINT('Vertex',(51.5,4.38,-80.)) ;
#1262=CARTESIAN_POINT('Control Point',(51.5,3.77999999943,-80.)) ;
#1263=CARTESIAN_POINT('Control Point',(51.4732784758,3.77999999943,-80.)) ;
#1264=CARTESIAN_POINT('Control Point',(51.4465573022,3.78297516546,-80.)) ;
#1265=CARTESIAN_POINT('Control Point',(51.4197377133,3.78907403928,-80.)) ;
#1266=CARTESIAN_POINT('Control Point',(51.3689766074,3.80682089725,-80.)) ;
#1267=CARTESIAN_POINT('Control Point',(51.3233632659,3.83529744915,-80.)) ;
#1268=CARTESIAN_POINT('Control Point',(51.3018187208,3.85239479434,-80.)) ;
#1269=CARTESIAN_POINT('Control Point',(51.2637244001,3.89034823406,-80.)) ;
#1270=CARTESIAN_POINT('Control Point',(51.2349116982,3.93574998674,-80.)) ;
#1271=CARTESIAN_POINT('Control Point',(51.2228797682,3.96048294662,-80.)) ;
#1272=CARTESIAN_POINT('Control Point',(51.2049449596,4.01117795104,-80.)) ;
#1273=CARTESIAN_POINT('Control Point',(51.1986000333,4.06457488761,-80.)) ;
#1274=CARTESIAN_POINT('Control Point',(51.1984472641,4.0920787646,-80.)) ;
#1275=CARTESIAN_POINT('Control Point',(51.2041995436,4.14554419384,-80.)) ;
#1276=CARTESIAN_POINT('Control Point',(51.221570369,4.19643373462,-80.)) ;
#1277=CARTESIAN_POINT('Control Point',(51.2333268092,4.22129882637,-80.)) ;
#1278=CARTESIAN_POINT('Control Point',(51.2616347677,4.26701862874,-80.)) ;
#1279=CARTESIAN_POINT('Control Point',(51.2993046978,4.30539137046,-80.)) ;
#1280=CARTESIAN_POINT('Control Point',(51.3206579863,4.32272698872,-80.)) ;
#1281=CARTESIAN_POINT('Control Point',(51.3665109329,4.35206508324,-80.)) ;
#1282=CARTESIAN_POINT('Control Point',(51.4177581794,4.37046584126,-80.)) ;
#1283=CARTESIAN_POINT('Control Point',(51.4452418144,4.37687664826,-80.)) ;
#1284=CARTESIAN_POINT('Control Point',(51.4726210913,4.38000000092,-80.)) ;
#1285=CARTESIAN_POINT('Control Point',(51.5,4.38000000092,-80.)) ;
#1286=CARTESIAN_POINT('Vertex',(51.5,3.77999999943,-80.)) ;
#1289=CARTESIAN_POINT('Line Origine',(51.5,9.5731422789E-011,-80.)) ;
#1293=CARTESIAN_POINT('Vertex',(51.5,-3.78,-80.)) ;
#1297=CARTESIAN_POINT('Control Point',(51.5,-4.38000000072,-80.)) ;
#1298=CARTESIAN_POINT('Control Point',(51.4732784758,-4.38000000072,-80.)) ;
#1299=CARTESIAN_POINT('Control Point',(51.4465573022,-4.37702483469,-80.)) ;
#1300=CARTESIAN_POINT('Control Point',(51.4197377133,-4.37092596087,-80.)) ;
#1301=CARTESIAN_POINT('Control Point',(51.3689766074,-4.3531791029,-80.)) ;
#1302=CARTESIAN_POINT('Control Point',(51.3233632659,-4.324702551,-80.)) ;
#1303=CARTESIAN_POINT('Control Point',(51.3018187208,-4.30760520581,-80.)) ;
#1304=CARTESIAN_POINT('Control Point',(51.2637244001,-4.26965176609,-80.)) ;
#1305=CARTESIAN_POINT('Control Point',(51.2349116982,-4.22425001341,-80.)) ;
#1306=CARTESIAN_POINT('Control Point',(51.2228797682,-4.19951705353,-80.)) ;
#1307=CARTESIAN_POINT('Control Point',(51.2049449596,-4.14882204911,-80.)) ;
#1308=CARTESIAN_POINT('Control Point',(51.1986000333,-4.09542511254,-80.)) ;
#1309=CARTESIAN_POINT('Control Point',(51.1984472641,-4.06792123554,-80.)) ;
#1310=CARTESIAN_POINT('Control Point',(51.2041995436,-4.01445580631,-80.)) ;
#1311=CARTESIAN_POINT('Control Point',(51.221570369,-3.96356626553,-80.)) ;
#1312=CARTESIAN_POINT('Control Point',(51.2333268092,-3.93870117378,-80.)) ;
#1313=CARTESIAN_POINT('Control Point',(51.2616347677,-3.89298137141,-80.)) ;
#1314=CARTESIAN_POINT('Control Point',(51.2993046978,-3.85460862969,-80.)) ;
#1315=CARTESIAN_POINT('Control Point',(51.3206579863,-3.83727301143,-80.)) ;
#1316=CARTESIAN_POINT('Control Point',(51.3665109329,-3.80793491691,-80.)) ;
#1317=CARTESIAN_POINT('Control Point',(51.4177581794,-3.78953415889,-80.)) ;
#1318=CARTESIAN_POINT('Control Point',(51.4452418144,-3.78312335189,-80.)) ;
#1319=CARTESIAN_POINT('Control Point',(51.4726210913,-3.77999999923,-80.)) ;
#1320=CARTESIAN_POINT('Control Point',(51.5,-3.77999999923,-80.)) ;
#1321=CARTESIAN_POINT('Vertex',(51.5,-4.38000000072,-80.)) ;
#1324=CARTESIAN_POINT('Line Origine',(51.5,-8.16000000005,-80.)) ;
#1328=CARTESIAN_POINT('Vertex',(51.5,-11.94,-80.)) ;
#1332=CARTESIAN_POINT('Control Point',(51.5,-12.5400000009,-80.)) ;
#1333=CARTESIAN_POINT('Control Point',(51.4732784758,-12.5400000009,-80.)) ;
#1334=CARTESIAN_POINT('Control Point',(51.4465573021,-12.5370248348,-80.)) ;
#1335=CARTESIAN_POINT('Control Point',(51.4197377134,-12.5309259592,-80.)) ;
#1336=CARTESIAN_POINT('Control Point',(51.3689766075,-12.5131791012,-80.)) ;
#1337=CARTESIAN_POINT('Control Point',(51.3233632661,-12.4847025494,-80.)) ;
#1338=CARTESIAN_POINT('Control Point',(51.3018187206,-12.4676052058,-80.)) ;
#1339=CARTESIAN_POINT('Control Point',(51.2637244001,-12.4296517661,-80.)) ;
#1340=CARTESIAN_POINT('Control Point',(51.2349116982,-12.3842500136,-80.)) ;
#1341=CARTESIAN_POINT('Control Point',(51.2228797682,-12.3595170537,-80.)) ;
#1342=CARTESIAN_POINT('Control Point',(51.2049449595,-12.3088220491,-80.)) ;
#1343=CARTESIAN_POINT('Control Point',(51.1986000332,-12.2554251123,-80.)) ;
#1344=CARTESIAN_POINT('Control Point',(51.1984472641,-12.2279212342,-80.)) ;
#1345=CARTESIAN_POINT('Control Point',(51.2041995435,-12.1744558049,-80.)) ;
#1346=CARTESIAN_POINT('Control Point',(51.2215703689,-12.1235662641,-80.)) ;
#1347=CARTESIAN_POINT('Control Point',(51.2333268094,-12.0987011736,-80.)) ;
#1348=CARTESIAN_POINT('Control Point',(51.2616347679,-12.0529813714,-80.)) ;
#1349=CARTESIAN_POINT('Control Point',(51.2993046978,-12.0146086298,-80.)) ;
#1350=CARTESIAN_POINT('Control Point',(51.3206579863,-11.9972730116,-80.)) ;
#1351=CARTESIAN_POINT('Control Point',(51.3665109329,-11.9679349171,-80.)) ;
#1352=CARTESIAN_POINT('Control Point',(51.4177581794,-11.949534159,-80.)) ;
#1353=CARTESIAN_POINT('Control Point',(51.4452418144,-11.943123352,-80.)) ;
#1354=CARTESIAN_POINT('Control Point',(51.4726210913,-11.9399999994,-80.)) ;
#1355=CARTESIAN_POINT('Control Point',(51.5,-11.9399999994,-80.)) ;
#1356=CARTESIAN_POINT('Vertex',(51.5,-12.5400000009,-80.)) ;
#1359=CARTESIAN_POINT('Line Origine',(51.5,-16.3200000002,-80.)) ;
#1363=CARTESIAN_POINT('Vertex',(51.5,-20.1,-80.)) ;
#1367=CARTESIAN_POINT('Control Point',(51.5,-20.6999999992,-80.)) ;
#1368=CARTESIAN_POINT('Control Point',(51.4732784758,-20.6999999992,-80.)) ;
#1369=CARTESIAN_POINT('Control Point',(51.4465573022,-20.6970248331,-80.)) ;
#1370=CARTESIAN_POINT('Control Point',(51.4197377133,-20.6909259593,-80.)) ;
#1371=CARTESIAN_POINT('Control Point',(51.3689766075,-20.6731791014,-80.)) ;
#1372=CARTESIAN_POINT('Control Point',(51.3233632661,-20.6447025496,-80.)) ;
#1373=CARTESIAN_POINT('Control Point',(51.3018187206,-20.6276052059,-80.)) ;
#1374=CARTESIAN_POINT('Control Point',(51.2637244001,-20.5896517663,-80.)) ;
#1375=CARTESIAN_POINT('Control Point',(51.2349116982,-20.5442500137,-80.)) ;
#1376=CARTESIAN_POINT('Control Point',(51.2228797682,-20.5195170538,-80.)) ;
#1377=CARTESIAN_POINT('Control Point',(51.2049449595,-20.4688220492,-80.)) ;
#1378=CARTESIAN_POINT('Control Point',(51.1986000332,-20.4154251125,-80.)) ;
#1379=CARTESIAN_POINT('Control Point',(51.1984472641,-20.3879212344,-80.)) ;
#1380=CARTESIAN_POINT('Control Point',(51.2041995435,-20.3344558051,-80.)) ;
#1381=CARTESIAN_POINT('Control Point',(51.2215703689,-20.2835662643,-80.)) ;
#1382=CARTESIAN_POINT('Control Point',(51.2333268094,-20.2587011738,-80.)) ;
#1383=CARTESIAN_POINT('Control Point',(51.2616347679,-20.2129813716,-80.)) ;
#1384=CARTESIAN_POINT('Control Point',(51.2993046978,-20.17460863,-80.)) ;
#1385=CARTESIAN_POINT('Control Point',(51.3206579863,-20.1572730117,-80.)) ;
#1386=CARTESIAN_POINT('Control Point',(51.3665109329,-20.1279349172,-80.)) ;
#1387=CARTESIAN_POINT('Control Point',(51.4177581794,-20.1095341592,-80.)) ;
#1388=CARTESIAN_POINT('Control Point',(51.4452418144,-20.1031233522,-80.)) ;
#1389=CARTESIAN_POINT('Control Point',(51.4726210913,-20.0999999995,-80.)) ;
#1390=CARTESIAN_POINT('Control Point',(51.5,-20.0999999995,-80.)) ;
#1391=CARTESIAN_POINT('Vertex',(51.5,-20.6999999992,-80.)) ;
#1394=CARTESIAN_POINT('Line Origine',(51.5,-21.4699999996,-80.)) ;
#1398=CARTESIAN_POINT('Vertex',(51.5,-22.2400000001,-80.)) ;
#1401=CARTESIAN_POINT('Axis2P3D Location',(47.5000000001,-22.2400000002,-80.)) ;
#1405=CARTESIAN_POINT('Vertex',(47.5,-26.24,-80.)) ;
#1408=CARTESIAN_POINT('Line Origine',(45.9249999998,-26.2400000001,-80.)) ;
#1412=CARTESIAN_POINT('Vertex',(44.35,-26.24,-80.)) ;
#1415=CARTESIAN_POINT('Axis2P3D Location',(43.7100000008,-26.2399999984,-80.)) ;
#1419=CARTESIAN_POINT('Vertex',(43.71,-25.6,-80.)) ;
#1422=CARTESIAN_POINT('Line Origine',(43.7100000009,-25.1399999996,-80.)) ;
#1426=CARTESIAN_POINT('Vertex',(43.71,-24.68,-80.)) ;
#1430=CARTESIAN_POINT('Control Point',(43.7100000009,-24.6799999996,-80.)) ;
#1431=CARTESIAN_POINT('Control Point',(43.7100000009,-24.5825125825,-80.)) ;
#1432=CARTESIAN_POINT('Control Point',(43.7219997439,-24.485025594,-80.)) ;
#1433=CARTESIAN_POINT('Control Point',(43.7460024671,-24.3895029062,-80.)) ;
#1434=CARTESIAN_POINT('Control Point',(43.8170210887,-24.2063421855,-80.)) ;
#1435=CARTESIAN_POINT('Control Point',(43.9303364042,-24.0458726713,-80.)) ;
#1436=CARTESIAN_POINT('Control Point',(43.9966427509,-23.9730428333,-80.)) ;
#1437=CARTESIAN_POINT('Control Point',(44.1458078535,-23.8452098777,-80.)) ;
#1438=CARTESIAN_POINT('Control Point',(44.3215191081,-23.7573669555,-80.)) ;
#1439=CARTESIAN_POINT('Control Point',(44.4143769364,-23.7245318839,-80.)) ;
#1440=CARTESIAN_POINT('Control Point',(44.5285684318,-23.6994550405,-80.)) ;
#1441=CARTESIAN_POINT('Control Point',(44.6443499166,-23.6913042182,-80.)) ;
#1442=CARTESIAN_POINT('Control Point',(44.6629021888,-23.6904344206,-80.)) ;
#1443=CARTESIAN_POINT('Control Point',(44.6814511018,-23.6899999994,-80.)) ;
#1444=CARTESIAN_POINT('Control Point',(44.6999999993,-23.6899999994,-80.)) ;
#1445=CARTESIAN_POINT('Vertex',(44.7,-23.69,-80.)) ;
#1448=CARTESIAN_POINT('Line Origine',(45.5403292989,-23.6899999994,-80.)) ;
#1452=CARTESIAN_POINT('Vertex',(46.3806585994,-23.69,-80.)) ;
#1456=CARTESIAN_POINT('Control Point',(46.3806585986,-23.6899999994,-80.)) ;
#1457=CARTESIAN_POINT('Control Point',(46.4504970473,-23.6899999994,-80.)) ;
#1458=CARTESIAN_POINT('Control Point',(46.5203349697,-23.6995261886,-80.)) ;
#1459=CARTESIAN_POINT('Control Point',(46.5884457015,-23.7185823616,-80.)) ;
#1460=CARTESIAN_POINT('Control Point',(46.6692425832,-23.7537045829,-80.)) ;
#1461=CARTESIAN_POINT('Control Point',(46.7423155184,-23.8015479759,-80.)) ;
#1462=CARTESIAN_POINT('Control Point',(46.7566213282,-23.811628221,-80.)) ;
#1463=CARTESIAN_POINT('Control Point',(46.7705451883,-23.8221682754,-80.)) ;
#1464=CARTESIAN_POINT('Control Point',(46.7840939891,-23.8331701624,-80.)) ;
#1465=CARTESIAN_POINT('Vertex',(46.7840939882,-23.8331701628,-80.)) ;
#1468=CARTESIAN_POINT('Axis2P3D Location',(47.1875293375,-23.3363404022,-80.)) ;
#1472=CARTESIAN_POINT('Vertex',(47.0121072727,-23.9518296313,-80.)) ;
#1475=CARTESIAN_POINT('Axis2P3D Location',(47.5,-22.2400000053,-80.)) ;
#1479=CARTESIAN_POINT('Vertex',(47.5,-24.02,-80.)) ;
#1482=CARTESIAN_POINT('Axis2P3D Location',(47.5,-22.2400000053,-80.)) ;
#1486=CARTESIAN_POINT('Vertex',(47.9878927273,-23.9518296313,-80.)) ;
#1489=CARTESIAN_POINT('Axis2P3D Location',(47.8124706202,-23.3363403212,-80.)) ;
#1493=CARTESIAN_POINT('Vertex',(48.4432569214,-23.4445468222,-80.)) ;
#1497=CARTESIAN_POINT('Control Point',(48.4432569221,-23.4445468224,-80.)) ;
#1498=CARTESIAN_POINT('Control Point',(48.4485583268,-23.4136424539,-80.)) ;
#1499=CARTESIAN_POINT('Control Point',(48.4576449353,-23.3833878383,-80.)) ;
#1500=CARTESIAN_POINT('Control Point',(48.470768913,-23.3536879378,-80.)) ;
#1501=CARTESIAN_POINT('Control Point',(48.5032754031,-23.2995106931,-80.)) ;
#1502=CARTESIAN_POINT('Control Point',(48.5478952583,-23.2547814923,-80.)) ;
#1503=CARTESIAN_POINT('Control Point',(48.5735006644,-23.2348143679,-80.)) ;
#1504=CARTESIAN_POINT('Control Point',(48.6142445966,-23.2105036894,-80.)) ;
#1505=CARTESIAN_POINT('Control Point',(48.6584891747,-23.1941172941,-80.)) ;
#1506=CARTESIAN_POINT('Control Point',(48.6736890553,-23.1895318797,-80.)) ;
#1507=CARTESIAN_POINT('Control Point',(48.6890362097,-23.1859176475,-80.)) ;
#1508=CARTESIAN_POINT('Control Point',(48.7045468222,-23.1832569222,-80.)) ;
#1509=CARTESIAN_POINT('Vertex',(48.7045468222,-23.1832569214,-80.)) ;
#1512=CARTESIAN_POINT('Axis2P3D Location',(48.5963403211,-22.5524706203,-80.)) ;
#1516=CARTESIAN_POINT('Vertex',(49.2118296313,-22.7278927273,-80.)) ;
#1519=CARTESIAN_POINT('Axis2P3D Location',(47.4999999985,-22.2399999992,-80.)) ;
#1523=CARTESIAN_POINT('Vertex',(49.28,-22.24,-80.)) ;
#1526=CARTESIAN_POINT('Axis2P3D Location',(47.4999999985,-22.2399999992,-80.)) ;
#1530=CARTESIAN_POINT('Vertex',(49.2118296313,-21.7521072727,-80.)) ;
#1533=CARTESIAN_POINT('Axis2P3D Location',(48.5963403204,-21.9275293815,-80.)) ;
#1537=CARTESIAN_POINT('Vertex',(48.7045468222,-21.2967430786,-80.)) ;
#1541=CARTESIAN_POINT('Control Point',(48.7045468222,-21.2967430781,-80.)) ;
#1542=CARTESIAN_POINT('Control Point',(48.6736424538,-21.2914416734,-80.)) ;
#1543=CARTESIAN_POINT('Control Point',(48.6433878382,-21.2823550649,-80.)) ;
#1544=CARTESIAN_POINT('Control Point',(48.6136879377,-21.2692310871,-80.)) ;
#1545=CARTESIAN_POINT('Control Point',(48.5595106929,-21.236724597,-80.)) ;
#1546=CARTESIAN_POINT('Control Point',(48.5147814922,-21.1921047418,-80.)) ;
#1547=CARTESIAN_POINT('Control Point',(48.4948143677,-21.1664993357,-80.)) ;
#1548=CARTESIAN_POINT('Control Point',(48.4705036893,-21.1257554036,-80.)) ;
#1549=CARTESIAN_POINT('Control Point',(48.4541172939,-21.0815108254,-80.)) ;
#1550=CARTESIAN_POINT('Control Point',(48.4495318796,-21.0663109448,-80.)) ;
#1551=CARTESIAN_POINT('Control Point',(48.4459176473,-21.0509637905,-80.)) ;
#1552=CARTESIAN_POINT('Control Point',(48.4432569221,-21.0354531779,-80.)) ;
#1553=CARTESIAN_POINT('Vertex',(48.4432569214,-21.0354531778,-80.)) ;
#1556=CARTESIAN_POINT('Axis2P3D Location',(47.8124706262,-21.1436596736,-80.)) ;
#1560=CARTESIAN_POINT('Vertex',(47.9878927273,-20.5281703687,-80.)) ;
#1563=CARTESIAN_POINT('Axis2P3D Location',(47.5,-22.239999995,-80.)) ;
#1567=CARTESIAN_POINT('Vertex',(47.5,-20.46,-80.)) ;
#1570=CARTESIAN_POINT('Axis2P3D Location',(47.5,-22.239999995,-80.)) ;
#1574=CARTESIAN_POINT('Vertex',(47.0121072727,-20.5281703687,-80.)) ;
#1577=CARTESIAN_POINT('Axis2P3D Location',(47.1875293738,-21.1436596736,-80.)) ;
#1581=CARTESIAN_POINT('Vertex',(46.5567430786,-21.0354531778,-80.)) ;
#1585=CARTESIAN_POINT('Control Point',(46.5567430779,-21.0354531779,-80.)) ;
#1586=CARTESIAN_POINT('Control Point',(46.5514416732,-21.0663575463,-80.)) ;
#1587=CARTESIAN_POINT('Control Point',(46.5423550647,-21.0966121619,-80.)) ;
#1588=CARTESIAN_POINT('Control Point',(46.529231087,-21.1263120624,-80.)) ;
#1589=CARTESIAN_POINT('Control Point',(46.4967245969,-21.1804893072,-80.)) ;
#1590=CARTESIAN_POINT('Control Point',(46.4521047417,-21.2252185079,-80.)) ;
#1591=CARTESIAN_POINT('Control Point',(46.4264993356,-21.2451856324,-80.)) ;
#1592=CARTESIAN_POINT('Control Point',(46.3857554034,-21.2694963109,-80.)) ;
#1593=CARTESIAN_POINT('Control Point',(46.3415108253,-21.2858827062,-80.)) ;
#1594=CARTESIAN_POINT('Control Point',(46.3263109447,-21.2904681205,-80.)) ;
#1595=CARTESIAN_POINT('Control Point',(46.3109637903,-21.2940823528,-80.)) ;
#1596=CARTESIAN_POINT('Control Point',(46.2954531778,-21.2967430781,-80.)) ;
#1597=CARTESIAN_POINT('Vertex',(46.2954531778,-21.2967430786,-80.)) ;
#1600=CARTESIAN_POINT('Axis2P3D Location',(46.4036596835,-21.9275293895,-80.)) ;
#1604=CARTESIAN_POINT('Vertex',(45.8319755536,-21.6398189911,-80.)) ;
#1608=CARTESIAN_POINT('Control Point',(45.8319755532,-21.6398189905,-80.)) ;
#1609=CARTESIAN_POINT('Control Point',(45.8081423081,-21.6871759454,-80.)) ;
#1610=CARTESIAN_POINT('Control Point',(45.7764635367,-21.7305836279,-80.)) ;
#1611=CARTESIAN_POINT('Control Point',(45.7378010615,-21.7683131255,-80.)) ;
#1612=CARTESIAN_POINT('Control Point',(45.6643020128,-21.819246235,-80.)) ;
#1613=CARTESIAN_POINT('Control Point',(45.5804060733,-21.8481935649,-80.)) ;
#1614=CARTESIAN_POINT('Control Point',(45.5450775402,-21.8561275352,-80.)) ;
#1615=CARTESIAN_POINT('Control Point',(45.5098750883,-21.8599999993,-80.)) ;
#1616=CARTESIAN_POINT('Control Point',(45.4746729787,-21.8599999993,-80.)) ;
#1617=CARTESIAN_POINT('Vertex',(45.4746729781,-21.86,-80.)) ;
#1620=CARTESIAN_POINT('Line Origine',(44.7173364898,-21.8599999993,-80.)) ;
#1624=CARTESIAN_POINT('Vertex',(43.9600000003,-21.86,-80.)) ;
#1628=CARTESIAN_POINT('Control Point',(43.9600000009,-21.8599999993,-80.)) ;
#1629=CARTESIAN_POINT('Control Point',(43.928840127,-21.8599999993,-80.)) ;
#1630=CARTESIAN_POINT('Control Point',(43.8976809396,-21.8551453107,-80.)) ;
#1631=CARTESIAN_POINT('Control Point',(43.8663254911,-21.8449577547,-80.)) ;
#1632=CARTESIAN_POINT('Control Point',(43.8101996165,-21.8161813703,-80.)) ;
#1633=CARTESIAN_POINT('Control Point',(43.7654900212,-21.7716964976,-80.)) ;
#1634=CARTESIAN_POINT('Control Point',(43.7461110279,-21.7450243216,-80.)) ;
#1635=CARTESIAN_POINT('Control Point',(43.7246978889,-21.7027349106,-80.)) ;
#1636=CARTESIAN_POINT('Control Point',(43.7137162959,-21.6570577158,-80.)) ;
#1637=CARTESIAN_POINT('Control Point',(43.7112286447,-21.6413516492,-80.)) ;
#1638=CARTESIAN_POINT('Control Point',(43.7100000009,-21.6256757374,-80.)) ;
#1639=CARTESIAN_POINT('Control Point',(43.7100000009,-21.6099999993,-80.)) ;
#1640=CARTESIAN_POINT('Vertex',(43.71,-21.61,-80.)) ;
#1643=CARTESIAN_POINT('Line Origine',(43.7100000009,-21.08,-80.)) ;
#1647=CARTESIAN_POINT('Vertex',(43.71,-20.55,-80.)) ;
#1651=CARTESIAN_POINT('Control Point',(43.7100000009,-20.5500000006,-80.)) ;
#1652=CARTESIAN_POINT('Control Point',(43.7100000009,-20.5188401269,-80.)) ;
#1653=CARTESIAN_POINT('Control Point',(43.7148546895,-20.4876809397,-80.)) ;
#1654=CARTESIAN_POINT('Control Point',(43.7250422456,-20.4563254924,-80.)) ;
#1655=CARTESIAN_POINT('Control Point',(43.7538186301,-20.4001996179,-80.)) ;
#1656=CARTESIAN_POINT('Control Point',(43.7983035027,-20.3554900227,-80.)) ;
#1657=CARTESIAN_POINT('Control Point',(43.8249756784,-20.3361110277,-80.)) ;
#1658=CARTESIAN_POINT('Control Point',(43.8672650895,-20.3146978887,-80.)) ;
#1659=CARTESIAN_POINT('Control Point',(43.9129422844,-20.3037162957,-80.)) ;
#1660=CARTESIAN_POINT('Control Point',(43.928648351,-20.3012286445,-80.)) ;
#1661=CARTESIAN_POINT('Control Point',(43.9443242628,-20.3000000006,-80.)) ;
#1662=CARTESIAN_POINT('Control Point',(43.9600000009,-20.3000000006,-80.)) ;
#1663=CARTESIAN_POINT('Vertex',(43.96,-20.3,-80.)) ;
#1666=CARTESIAN_POINT('Line Origine',(43.979400103,-20.3000000006,-80.)) ;
#1670=CARTESIAN_POINT('Vertex',(43.9988002056,-20.3,-80.)) ;
#1673=CARTESIAN_POINT('Axis2P3D Location',(43.9988002031,-19.029999997,-80.)) ;
#1677=CARTESIAN_POINT('Vertex',(44.9349104665,-19.8882526316,-80.)) ;
#1681=CARTESIAN_POINT('Control Point',(44.9349104669,-19.8882526307,-80.)) ;
#1682=CARTESIAN_POINT('Control Point',(45.171245799,-19.6304777971,-80.)) ;
#1683=CARTESIAN_POINT('Control Point',(45.4399616995,-19.4023909993,-80.)) ;
#1684=CARTESIAN_POINT('Control Point',(45.7361085018,-19.2094108378,-80.)) ;
#1685=CARTESIAN_POINT('Control Point',(46.1325650305,-19.0172889792,-80.)) ;
#1686=CARTESIAN_POINT('Control Point',(46.5510196119,-18.8901787642,-80.)) ;
#1687=CARTESIAN_POINT('Control Point',(46.635599264,-18.8673634243,-80.)) ;
#1688=CARTESIAN_POINT('Control Point',(46.7207001401,-18.8472532115,-80.)) ;
#1689=CARTESIAN_POINT('Control Point',(46.8063479196,-18.8298318534,-80.)) ;
#1690=CARTESIAN_POINT('Vertex',(46.8063479202,-18.8298318528,-80.)) ;
#1693=CARTESIAN_POINT('Axis2P3D Location',(46.6070226051,-17.8498984711,-80.)) ;
#1697=CARTESIAN_POINT('Vertex',(47.5,-18.3,-80.)) ;
#1700=CARTESIAN_POINT('Line Origine',(48.75,-18.3000000006,-80.)) ;
#1704=CARTESIAN_POINT('Vertex',(50.,-18.3000000006,-80.)) ;
#1707=CARTESIAN_POINT('Line Origine',(50.,-17.3000000006,-80.)) ;
#1711=CARTESIAN_POINT('Vertex',(50.,-16.3000000006,-80.)) ;
#1714=CARTESIAN_POINT('Line Origine',(48.75,-16.3000000006,-80.)) ;
#1718=CARTESIAN_POINT('Vertex',(47.5,-16.3000000006,-80.)) ;
#1721=CARTESIAN_POINT('Line Origine',(47.5,-15.5500000006,-80.)) ;
#1725=CARTESIAN_POINT('Vertex',(47.5,-14.8000000006,-80.)) ;
#1728=CARTESIAN_POINT('Line Origine',(48.75,-14.8000000006,-80.)) ;
#1732=CARTESIAN_POINT('Vertex',(50.,-14.8000000006,-80.)) ;
#1735=CARTESIAN_POINT('Line Origine',(50.,-13.8000000006,-80.)) ;
#1739=CARTESIAN_POINT('Vertex',(50.,-12.8000000006,-80.)) ;
#1742=CARTESIAN_POINT('Line Origine',(48.75,-12.8000000006,-80.)) ;
#1746=CARTESIAN_POINT('Vertex',(47.5,-12.8000000006,-80.)) ;
#1749=CARTESIAN_POINT('Line Origine',(47.5,-12.0500000006,-80.)) ;
#1753=CARTESIAN_POINT('Vertex',(47.5,-11.3000000006,-80.)) ;
#1756=CARTESIAN_POINT('Line Origine',(48.75,-11.3000000006,-80.)) ;
#1760=CARTESIAN_POINT('Vertex',(50.,-11.3000000006,-80.)) ;
#1763=CARTESIAN_POINT('Line Origine',(50.,-10.3000000006,-80.)) ;
#1767=CARTESIAN_POINT('Vertex',(50.,-9.30000000065,-80.)) ;
#1770=CARTESIAN_POINT('Line Origine',(48.75,-9.30000000065,-80.)) ;
#1774=CARTESIAN_POINT('Vertex',(47.5,-9.30000000065,-80.)) ;
#1777=CARTESIAN_POINT('Line Origine',(47.5,-8.55000000065,-80.)) ;
#1781=CARTESIAN_POINT('Vertex',(47.5,-7.80000000065,-80.)) ;
#1784=CARTESIAN_POINT('Line Origine',(48.75,-7.80000000065,-80.)) ;
#1788=CARTESIAN_POINT('Vertex',(50.,-7.80000000065,-80.)) ;
#1791=CARTESIAN_POINT('Line Origine',(50.,-6.80000000065,-80.)) ;
#1795=CARTESIAN_POINT('Vertex',(50.,-5.80000000065,-80.)) ;
#1798=CARTESIAN_POINT('Line Origine',(48.75,-5.80000000065,-80.)) ;
#1802=CARTESIAN_POINT('Vertex',(47.5,-5.80000000065,-80.)) ;
#1805=CARTESIAN_POINT('Line Origine',(47.5,-5.05000000065,-80.)) ;
#1809=CARTESIAN_POINT('Vertex',(47.5,-4.30000000065,-80.)) ;
#1812=CARTESIAN_POINT('Line Origine',(48.75,-4.30000000065,-80.)) ;
#1816=CARTESIAN_POINT('Vertex',(50.,-4.30000000065,-80.)) ;
#1819=CARTESIAN_POINT('Line Origine',(50.,-3.30000000065,-80.)) ;
#1823=CARTESIAN_POINT('Vertex',(50.,-2.30000000065,-80.)) ;
#1826=CARTESIAN_POINT('Line Origine',(48.75,-2.30000000065,-80.)) ;
#1830=CARTESIAN_POINT('Vertex',(47.5,-2.30000000065,-80.)) ;
#1833=CARTESIAN_POINT('Line Origine',(47.5,-1.55000000065,-80.)) ;
#1837=CARTESIAN_POINT('Vertex',(47.5,-0.800000000649,-80.)) ;
#1840=CARTESIAN_POINT('Line Origine',(48.75,-0.800000000649,-80.)) ;
#1844=CARTESIAN_POINT('Vertex',(50.,-0.800000000649,-80.)) ;
#1847=CARTESIAN_POINT('Line Origine',(50.,0.199999999351,-80.)) ;
#1851=CARTESIAN_POINT('Vertex',(50.,1.19999999935,-80.)) ;
#1854=CARTESIAN_POINT('Line Origine',(48.75,1.19999999935,-80.)) ;
#1858=CARTESIAN_POINT('Vertex',(47.5,1.19999999935,-80.)) ;
#1861=CARTESIAN_POINT('Line Origine',(47.5,1.94999999935,-80.)) ;
#1865=CARTESIAN_POINT('Vertex',(47.5,2.69999999935,-80.)) ;
#1868=CARTESIAN_POINT('Line Origine',(48.75,2.69999999935,-80.)) ;
#1872=CARTESIAN_POINT('Vertex',(50.,2.69999999935,-80.)) ;
#1875=CARTESIAN_POINT('Line Origine',(50.,3.69999999935,-80.)) ;
#1879=CARTESIAN_POINT('Vertex',(50.,4.69999999935,-80.)) ;
#1882=CARTESIAN_POINT('Line Origine',(48.75,4.69999999935,-80.)) ;
#1886=CARTESIAN_POINT('Vertex',(47.5,4.69999999935,-80.)) ;
#1889=CARTESIAN_POINT('Line Origine',(47.5,5.44999999935,-80.)) ;
#1893=CARTESIAN_POINT('Vertex',(47.5,6.19999999935,-80.)) ;
#1896=CARTESIAN_POINT('Line Origine',(48.75,6.19999999935,-80.)) ;
#1900=CARTESIAN_POINT('Vertex',(50.,6.19999999935,-80.)) ;
#1903=CARTESIAN_POINT('Line Origine',(50.,7.19999999935,-80.)) ;
#1907=CARTESIAN_POINT('Vertex',(50.,8.19999999935,-80.)) ;
#1910=CARTESIAN_POINT('Line Origine',(48.75,8.19999999935,-80.)) ;
#1914=CARTESIAN_POINT('Vertex',(47.5,8.19999999935,-80.)) ;
#1917=CARTESIAN_POINT('Line Origine',(47.5,8.94999999935,-80.)) ;
#1921=CARTESIAN_POINT('Vertex',(47.5,9.69999999935,-80.)) ;
#1924=CARTESIAN_POINT('Line Origine',(48.75,9.69999999935,-80.)) ;
#1928=CARTESIAN_POINT('Vertex',(50.,9.69999999935,-80.)) ;
#1931=CARTESIAN_POINT('Line Origine',(50.,10.6999999994,-80.)) ;
#1935=CARTESIAN_POINT('Vertex',(50.,11.6999999994,-80.)) ;
#1938=CARTESIAN_POINT('Line Origine',(48.75,11.6999999994,-80.)) ;
#1942=CARTESIAN_POINT('Vertex',(47.5,11.6999999994,-80.)) ;
#1945=CARTESIAN_POINT('Line Origine',(47.5,12.4499999994,-80.)) ;
#1949=CARTESIAN_POINT('Vertex',(47.5,13.1999999994,-80.)) ;
#1952=CARTESIAN_POINT('Line Origine',(48.75,13.1999999994,-80.)) ;
#1956=CARTESIAN_POINT('Vertex',(50.,13.1999999994,-80.)) ;
#1959=CARTESIAN_POINT('Line Origine',(50.,14.1999999994,-80.)) ;
#1963=CARTESIAN_POINT('Vertex',(50.,15.1999999994,-80.)) ;
#1966=CARTESIAN_POINT('Line Origine',(48.75,15.1999999994,-80.)) ;
#1970=CARTESIAN_POINT('Vertex',(47.5,15.1999999994,-80.)) ;
#1973=CARTESIAN_POINT('Line Origine',(47.5,15.9499999994,-80.)) ;
#1977=CARTESIAN_POINT('Vertex',(47.5,16.6999999994,-80.)) ;
#1980=CARTESIAN_POINT('Line Origine',(48.75,16.6999999994,-80.)) ;
#1984=CARTESIAN_POINT('Vertex',(50.,16.6999999994,-80.)) ;
#1987=CARTESIAN_POINT('Line Origine',(50.,17.6999999994,-80.)) ;
#1991=CARTESIAN_POINT('Vertex',(50.,18.6999999994,-80.)) ;
#1994=CARTESIAN_POINT('Line Origine',(48.75,18.6999999994,-80.)) ;
#1998=CARTESIAN_POINT('Vertex',(47.5,18.7,-80.)) ;
#2001=CARTESIAN_POINT('Axis2P3D Location',(46.5000000091,18.7000000034,-80.)) ;
#2005=CARTESIAN_POINT('Vertex',(47.1240610858,19.4813755571,-80.)) ;
#2009=CARTESIAN_POINT('Control Point',(47.1240610853,19.4813755565,-80.)) ;
#2010=CARTESIAN_POINT('Control Point',(47.0475030362,19.5425201608,-80.)) ;
#2011=CARTESIAN_POINT('Control Point',(46.9784338936,19.6130408093,-80.)) ;
#2012=CARTESIAN_POINT('Control Point',(46.9183824894,19.6917205407,-80.)) ;
#2013=CARTESIAN_POINT('Control Point',(46.8187775612,19.8621739273,-80.)) ;
#2014=CARTESIAN_POINT('Control Point',(46.7632519648,20.0516250867,-80.)) ;
#2015=CARTESIAN_POINT('Control Point',(46.7472853866,20.1493069107,-80.)) ;
#2016=CARTESIAN_POINT('Control Point',(46.7396003297,20.3465794123,-80.)) ;
#2017=CARTESIAN_POINT('Control Point',(46.7797491669,20.5398742796,-80.)) ;
#2018=CARTESIAN_POINT('Control Point',(46.811623362,20.6335796937,-80.)) ;
#2019=CARTESIAN_POINT('Control Point',(46.8732946737,20.7609363549,-80.)) ;
#2020=CARTESIAN_POINT('Control Point',(46.9556880398,20.8749269985,-80.)) ;
#2021=CARTESIAN_POINT('Control Point',(46.9825422134,20.9081955533,-80.)) ;
#2022=CARTESIAN_POINT('Control Point',(47.0109815386,20.9398240442,-80.)) ;
#2023=CARTESIAN_POINT('Control Point',(47.0410153903,20.9698578958,-80.)) ;
#2024=CARTESIAN_POINT('Vertex',(47.0410153903,20.9698578954,-80.)) ;
#2027=CARTESIAN_POINT('Line Origine',(47.1727461293,21.1015886349,-80.)) ;
#2031=CARTESIAN_POINT('Vertex',(47.3044768682,21.2333193733,-80.)) ;
#2035=CARTESIAN_POINT('Control Point',(47.3044768684,21.2333193739,-80.)) ;
#2036=CARTESIAN_POINT('Control Point',(47.330133295,21.2531221422,-80.)) ;
#2037=CARTESIAN_POINT('Control Point',(47.3582964166,21.2696764995,-80.)) ;
#2038=CARTESIAN_POINT('Control Point',(47.3892462797,21.2828631875,-80.)) ;
#2039=CARTESIAN_POINT('Control Point',(47.4521447813,21.300550648,-80.)) ;
#2040=CARTESIAN_POINT('Control Point',(47.5174648925,21.3020052124,-80.)) ;
#2041=CARTESIAN_POINT('Control Point',(47.5509167484,21.2984336391,-80.)) ;
#2042=CARTESIAN_POINT('Control Point',(47.5986375145,21.287007603,-80.)) ;
#2043=CARTESIAN_POINT('Control Point',(47.6430881954,21.2669214566,-80.)) ;
#2044=CARTESIAN_POINT('Control Point',(47.6575937308,21.2592174504,-80.)) ;
#2045=CARTESIAN_POINT('Control Point',(47.6714753718,21.2506675541,-80.)) ;
#2046=CARTESIAN_POINT('Control Point',(47.6847598609,21.2412734089,-80.)) ;
#2047=CARTESIAN_POINT('Vertex',(47.6847598608,21.2412734082,-80.)) ;
#2050=CARTESIAN_POINT('Axis2P3D Location',(48.0542795832,21.7638202208,-80.)) ;
#2054=CARTESIAN_POINT('Vertex',(48.3654540846,21.2045614035,-80.)) ;
#2057=CARTESIAN_POINT('Axis2P3D Location',(47.4999999787,22.7600000212,-80.)) ;
#2061=CARTESIAN_POINT('Vertex',(49.0554385965,21.8945459154,-80.)) ;
#2064=CARTESIAN_POINT('Axis2P3D Location',(48.4961797791,22.2057204167,-80.)) ;
#2068=CARTESIAN_POINT('Vertex',(49.0187265918,22.5752401392,-80.)) ;
#2072=CARTESIAN_POINT('Control Point',(49.018726591,22.575240139,-80.)) ;
#2073=CARTESIAN_POINT('Control Point',(49.0006225618,22.6008414867,-80.)) ;
#2074=CARTESIAN_POINT('Control Point',(48.9856545204,22.6286599329,-80.)) ;
#2075=CARTESIAN_POINT('Control Point',(48.9739335752,22.658940988,-80.)) ;
#2076=CARTESIAN_POINT('Control Point',(48.9586100377,22.7202356448,-80.)) ;
#2077=CARTESIAN_POINT('Control Point',(48.9585327187,22.7834149681,-80.)) ;
#2078=CARTESIAN_POINT('Control Point',(48.9625195853,22.815639614,-80.)) ;
#2079=CARTESIAN_POINT('Control Point',(48.9741396504,22.8616401704,-80.)) ;
#2080=CARTESIAN_POINT('Control Point',(48.9938383603,22.9045127429,-80.)) ;
#2081=CARTESIAN_POINT('Control Point',(49.0013439199,22.9185030596,-80.)) ;
#2082=CARTESIAN_POINT('Control Point',(49.0096403486,22.9319107846,-80.)) ;
#2083=CARTESIAN_POINT('Control Point',(49.018726591,22.9447598607,-80.)) ;
#2084=CARTESIAN_POINT('Vertex',(49.0187265918,22.9447598608,-80.)) ;
#2087=CARTESIAN_POINT('Axis2P3D Location',(48.4961797791,23.314279583,-80.)) ;
#2091=CARTESIAN_POINT('Vertex',(49.0554385965,23.6254540846,-80.)) ;
#2094=CARTESIAN_POINT('Axis2P3D Location',(47.4999999787,22.7599999786,-80.)) ;
#2098=CARTESIAN_POINT('Vertex',(48.3654540846,24.3154385965,-80.)) ;
#2101=CARTESIAN_POINT('Axis2P3D Location',(48.0542795832,23.756179779,-80.)) ;
#2105=CARTESIAN_POINT('Vertex',(47.6847598608,24.2787265918,-80.)) ;
#2109=CARTESIAN_POINT('Control Point',(47.6847598609,24.2787265909,-80.)) ;
#2110=CARTESIAN_POINT('Control Point',(47.6591585132,24.2606225616,-80.)) ;
#2111=CARTESIAN_POINT('Control Point',(47.631340067,24.2456545203,-80.)) ;
#2112=CARTESIAN_POINT('Control Point',(47.6010590119,24.2339335751,-80.)) ;
#2113=CARTESIAN_POINT('Control Point',(47.5397643551,24.2186100375,-80.)) ;
#2114=CARTESIAN_POINT('Control Point',(47.4765850318,24.2185327186,-80.)) ;
#2115=CARTESIAN_POINT('Control Point',(47.4443603858,24.2225195851,-80.)) ;
#2116=CARTESIAN_POINT('Control Point',(47.3983598295,24.2341396503,-80.)) ;
#2117=CARTESIAN_POINT('Control Point',(47.355487257,24.2538383602,-80.)) ;
#2118=CARTESIAN_POINT('Control Point',(47.3414969403,24.2613439198,-80.)) ;
#2119=CARTESIAN_POINT('Control Point',(47.3280892153,24.2696403485,-80.)) ;
#2120=CARTESIAN_POINT('Control Point',(47.3152401391,24.2787265909,-80.)) ;
#2121=CARTESIAN_POINT('Vertex',(47.3152401392,24.2787265918,-80.)) ;
#2124=CARTESIAN_POINT('Axis2P3D Location',(46.9457204168,23.756179779,-80.)) ;
#2128=CARTESIAN_POINT('Vertex',(46.6345459154,24.3154385965,-80.)) ;
#2131=CARTESIAN_POINT('Axis2P3D Location',(47.5000000213,22.7599999786,-80.)) ;
#2135=CARTESIAN_POINT('Vertex',(45.9445614035,23.6254540846,-80.)) ;
#2138=CARTESIAN_POINT('Axis2P3D Location',(46.5038202209,23.314279583,-80.)) ;
#2142=CARTESIAN_POINT('Vertex',(45.9812734082,22.9447598608,-80.)) ;
#2146=CARTESIAN_POINT('Control Point',(45.981273409,22.9447598607,-80.)) ;
#2147=CARTESIAN_POINT('Control Point',(46.0021683092,22.9152118747,-80.)) ;
#2148=CARTESIAN_POINT('Control Point',(46.0188858244,22.8827105373,-80.)) ;
#2149=CARTESIAN_POINT('Control Point',(46.0312024206,22.8468552173,-80.)) ;
#2150=CARTESIAN_POINT('Control Point',(46.0447685547,22.7750253051,-80.)) ;
#2151=CARTESIAN_POINT('Control Point',(46.0378926963,22.7022518789,-80.)) ;
#2152=CARTESIAN_POINT('Control Point',(46.0289400399,22.6654123291,-80.)) ;
#2153=CARTESIAN_POINT('Control Point',(46.0084371106,22.6144660765,-80.)) ;
#2154=CARTESIAN_POINT('Control Point',(45.9779293159,22.5692901918,-80.)) ;
#2155=CARTESIAN_POINT('Control Point',(45.9665693588,22.5548139035,-80.)) ;
#2156=CARTESIAN_POINT('Control Point',(45.9543193411,22.5413103067,-80.)) ;
#2157=CARTESIAN_POINT('Control Point',(45.9411764704,22.5287404732,-80.)) ;
#2158=CARTESIAN_POINT('Vertex',(45.9411764706,22.5287404729,-80.)) ;
#2162=CARTESIAN_POINT('Control Point',(45.9411764704,22.5287404732,-80.)) ;
#2163=CARTESIAN_POINT('Control Point',(45.8703687352,22.4610199984,-80.)) ;
#2164=CARTESIAN_POINT('Control Point',(45.7912673634,22.4019718667,-80.)) ;
#2165=CARTESIAN_POINT('Control Point',(45.705282334,22.3529489757,-80.)) ;
#2166=CARTESIAN_POINT('Control Point',(45.5230687252,22.2769640999,-80.)) ;
#2167=CARTESIAN_POINT('Control Point',(45.327905124,22.2471982761,-80.)) ;
#2168=CARTESIAN_POINT('Control Point',(45.228966551,22.2444004525,-80.)) ;
#2169=CARTESIAN_POINT('Control Point',(45.0324311394,22.2630908845,-80.)) ;
#2170=CARTESIAN_POINT('Control Point',(44.8462166226,22.3286575597,-80.)) ;
#2171=CARTESIAN_POINT('Control Point',(44.7575986384,22.3727429594,-80.)) ;
#2172=CARTESIAN_POINT('Control Point',(44.5929740673,22.4817119946,-80.)) ;
#2173=CARTESIAN_POINT('Control Point',(44.4595134088,22.6271873795,-80.)) ;
#2174=CARTESIAN_POINT('Control Point',(44.4020623546,22.7077854314,-80.)) ;
#2175=CARTESIAN_POINT('Control Point',(44.3191612586,22.8609201647,-80.)) ;
#2176=CARTESIAN_POINT('Control Point',(44.2710179647,23.0277077935,-80.)) ;
#2177=CARTESIAN_POINT('Control Point',(44.2570057308,23.1016987005,-80.)) ;
#2178=CARTESIAN_POINT('Control Point',(44.25,23.1765627219,-80.)) ;
#2179=CARTESIAN_POINT('Control Point',(44.25,23.2514264957,-80.)) ;
#2180=CARTESIAN_POINT('Vertex',(44.25,23.251426495,-80.)) ;
#2183=CARTESIAN_POINT('Line Origine',(44.25,23.6807132476,-80.)) ;
#2187=CARTESIAN_POINT('Vertex',(44.25,24.1099999995,-80.)) ;
#2190=CARTESIAN_POINT('Axis2P3D Location',(43.25,24.1099999995,-80.)) ;
#2194=CARTESIAN_POINT('Vertex',(43.25,25.1099999995,-80.)) ;
#2197=CARTESIAN_POINT('Line Origine',(0.,25.1099999995,-80.)) ;
#2201=CARTESIAN_POINT('Vertex',(-43.25,25.1099999995,-80.)) ;
#2204=CARTESIAN_POINT('Axis2P3D Location',(-43.25,24.1099999995,-80.)) ;
#2208=CARTESIAN_POINT('Vertex',(-44.25,24.1099999995,-80.)) ;
#2211=CARTESIAN_POINT('Line Origine',(-44.25,23.6807132476,-80.)) ;
#2442=CARTESIAN_POINT('Axis2P3D Location',(-48.0542795823,23.7561797753,80.)) ;
#2447=CARTESIAN_POINT('Line Origine',(-47.6847598608,24.2787265918,80.)) ;
#2451=CARTESIAN_POINT('Vertex',(-47.6847598608,24.2787265918,80.)) ;
#2454=CARTESIAN_POINT('Axis2P3D Location',(-48.0542795823,23.7561797753,80.)) ;
#2467=CARTESIAN_POINT('Axis2P3D Location',(2.463307E-015,0.314071418813,80.)) ;
#2472=CARTESIAN_POINT('Axis2P3D Location',(-45.2499999993,23.2514264938,80.)) ;
#2476=CARTESIAN_POINT('Vertex',(-45.9411764706,22.5287404729,80.)) ;
#2478=CARTESIAN_POINT('Vertex',(-44.25,23.251426495,80.)) ;
#2481=CARTESIAN_POINT('Line Origine',(-44.25,23.6807132476,80.)) ;
#2485=CARTESIAN_POINT('Vertex',(-44.25,24.11,80.)) ;
#2489=CARTESIAN_POINT('Control Point',(-44.25,24.1099999995,80.)) ;
#2490=CARTESIAN_POINT('Control Point',(-44.25,24.2079785568,80.)) ;
#2491=CARTESIAN_POINT('Control Point',(-44.2380002529,24.3059566899,80.)) ;
#2492=CARTESIAN_POINT('Control Point',(-44.2139975805,24.401980345,80.)) ;
#2493=CARTESIAN_POINT('Control Point',(-44.1429690304,24.5861825268,80.)) ;
#2494=CARTESIAN_POINT('Control Point',(-44.0295878895,24.7477979669,80.)) ;
#2495=CARTESIAN_POINT('Control Point',(-43.9632258165,24.8212332895,80.)) ;
#2496=CARTESIAN_POINT('Control Point',(-43.8138778539,24.9503482934,80.)) ;
#2497=CARTESIAN_POINT('Control Point',(-43.6377866468,25.0396047768,80.)) ;
#2498=CARTESIAN_POINT('Control Point',(-43.5446760694,25.0731769677,80.)) ;
#2499=CARTESIAN_POINT('Control Point',(-43.4285454109,25.0995082223,80.)) ;
#2500=CARTESIAN_POINT('Control Point',(-43.3106528709,25.108466089,80.)) ;
#2501=CARTESIAN_POINT('Control Point',(-43.2904324006,25.1094891315,80.)) ;
#2502=CARTESIAN_POINT('Control Point',(-43.2702161913,25.1099999995,80.)) ;
#2503=CARTESIAN_POINT('Control Point',(-43.25,25.1099999995,80.)) ;
#2504=CARTESIAN_POINT('Vertex',(-43.25,25.11,80.)) ;
#2507=CARTESIAN_POINT('Line Origine',(0.,25.1099999995,80.)) ;
#2511=CARTESIAN_POINT('Vertex',(43.25,25.11,80.)) ;
#2515=CARTESIAN_POINT('Control Point',(43.25,25.1099999995,80.)) ;
#2516=CARTESIAN_POINT('Control Point',(43.3479785589,25.1099999995,80.)) ;
#2517=CARTESIAN_POINT('Control Point',(43.4459566935,25.098000252,80.)) ;
#2518=CARTESIAN_POINT('Control Point',(43.5419803426,25.0739975811,80.)) ;
#2519=CARTESIAN_POINT('Control Point',(43.7261825261,25.0029690308,80.)) ;
#2520=CARTESIAN_POINT('Control Point',(43.8877979676,24.8895878888,80.)) ;
#2521=CARTESIAN_POINT('Control Point',(43.9612332898,24.8232258162,80.)) ;
#2522=CARTESIAN_POINT('Control Point',(44.090348293,24.6738778546,80.)) ;
#2523=CARTESIAN_POINT('Control Point',(44.1796047762,24.4977866486,80.)) ;
#2524=CARTESIAN_POINT('Control Point',(44.2131769688,24.4046760664,80.)) ;
#2525=CARTESIAN_POINT('Control Point',(44.2395082229,24.2885454091,80.)) ;
#2526=CARTESIAN_POINT('Control Point',(44.2484660895,24.1706528704,80.)) ;
#2527=CARTESIAN_POINT('Control Point',(44.249489132,24.1504324001,80.)) ;
#2528=CARTESIAN_POINT('Control Point',(44.25,24.1302161908,80.)) ;
#2529=CARTESIAN_POINT('Control Point',(44.25,24.1099999995,80.)) ;
#2530=CARTESIAN_POINT('Vertex',(44.25,24.1100000001,80.)) ;
#2533=CARTESIAN_POINT('Line Origine',(44.25,23.6807132476,80.)) ;
#2537=CARTESIAN_POINT('Vertex',(44.25,23.251426495,80.)) ;
#2540=CARTESIAN_POINT('Axis2P3D Location',(45.2499999993,23.2514264938,80.)) ;
#2544=CARTESIAN_POINT('Vertex',(45.9411764706,22.5287404729,80.)) ;
#2547=CARTESIAN_POINT('Axis2P3D Location',(45.7199999995,22.7600000008,80.)) ;
#2551=CARTESIAN_POINT('Vertex',(45.9812734082,22.9447598608,80.)) ;
#2555=CARTESIAN_POINT('Control Point',(45.981273409,22.9447598607,80.)) ;
#2556=CARTESIAN_POINT('Control Point',(45.9314672648,23.0151919394,80.)) ;
#2557=CARTESIAN_POINT('Control Point',(45.8935281709,23.0940148362,80.)) ;
#2558=CARTESIAN_POINT('Control Point',(45.8693444386,23.178581455,80.)) ;
#2559=CARTESIAN_POINT('Control Point',(45.8535605509,23.3235256992,80.)) ;
#2560=CARTESIAN_POINT('Control Point',(45.8780802761,23.4661094904,80.)) ;
#2561=CARTESIAN_POINT('Control Point',(45.8942818987,23.521803069,80.)) ;
#2562=CARTESIAN_POINT('Control Point',(45.9165992988,23.5751991526,80.)) ;
#2563=CARTESIAN_POINT('Control Point',(45.9445614032,23.625454085,80.)) ;
#2564=CARTESIAN_POINT('Vertex',(45.9445614035,23.6254540846,80.)) ;
#2568=CARTESIAN_POINT('Control Point',(45.9445614032,23.625454085,80.)) ;
#2569=CARTESIAN_POINT('Control Point',(46.040677326,23.7981985652,80.)) ;
#2570=CARTESIAN_POINT('Control Point',(46.1607738848,23.9575994715,80.)) ;
#2571=CARTESIAN_POINT('Control Point',(46.3023995757,24.099225585,80.)) ;
#2572=CARTESIAN_POINT('Control Point',(46.4618014347,24.2193226739,80.)) ;
#2573=CARTESIAN_POINT('Control Point',(46.6345459148,24.3154385966,80.)) ;
#2574=CARTESIAN_POINT('Vertex',(46.6345459154,24.3154385965,80.)) ;
#2578=CARTESIAN_POINT('Control Point',(46.6345459148,24.3154385966,80.)) ;
#2579=CARTESIAN_POINT('Control Point',(46.7099262634,24.3573806127,80.)) ;
#2580=CARTESIAN_POINT('Control Point',(46.7923724145,24.3866219538,80.)) ;
#2581=CARTESIAN_POINT('Control Point',(46.8790495346,24.4015699652,80.)) ;
#2582=CARTESIAN_POINT('Control Point',(47.0248506168,24.4016730327,80.)) ;
#2583=CARTESIAN_POINT('Control Point',(47.1639701428,24.3619601495,80.)) ;
#2584=CARTESIAN_POINT('Control Point',(47.2175981019,24.3398624737,80.)) ;
#2585=CARTESIAN_POINT('Control Point',(47.2682841398,24.3119315923,80.)) ;
#2586=CARTESIAN_POINT('Control Point',(47.3152401391,24.2787265909,80.)) ;
#2587=CARTESIAN_POINT('Vertex',(47.3152401392,24.2787265918,80.)) ;
#2590=CARTESIAN_POINT('Axis2P3D Location',(47.5,24.5400000084,80.)) ;
#2594=CARTESIAN_POINT('Vertex',(47.6847598608,24.2787265918,80.)) ;
#2598=CARTESIAN_POINT('Control Point',(47.6847598609,24.2787265909,80.)) ;
#2599=CARTESIAN_POINT('Control Point',(47.7551919399,24.3285327354,80.)) ;
#2600=CARTESIAN_POINT('Control Point',(47.8340148372,24.3664718294,80.)) ;
#2601=CARTESIAN_POINT('Control Point',(47.9185814541,24.3906555612,80.)) ;
#2602=CARTESIAN_POINT('Control Point',(48.0635256993,24.4064394491,80.)) ;
#2603=CARTESIAN_POINT('Control Point',(48.2061094914,24.3819197236,80.)) ;
#2604=CARTESIAN_POINT('Control Point',(48.2618030684,24.3657181015,80.)) ;
#2605=CARTESIAN_POINT('Control Point',(48.3151991524,24.3434007013,80.)) ;
#2606=CARTESIAN_POINT('Control Point',(48.3654540852,24.3154385966,80.)) ;
#2607=CARTESIAN_POINT('Vertex',(48.3654540846,24.3154385965,80.)) ;
#2611=CARTESIAN_POINT('Control Point',(48.3654540852,24.3154385966,80.)) ;
#2612=CARTESIAN_POINT('Control Point',(48.5381985653,24.2193226739,80.)) ;
#2613=CARTESIAN_POINT('Control Point',(48.6975994716,24.099226115,80.)) ;
#2614=CARTESIAN_POINT('Control Point',(48.8392255851,23.9576004241,80.)) ;
#2615=CARTESIAN_POINT('Control Point',(48.959322674,23.7981985652,80.)) ;
#2616=CARTESIAN_POINT('Control Point',(49.0554385968,23.625454085,80.)) ;
#2617=CARTESIAN_POINT('Vertex',(49.0554385965,23.6254540846,80.)) ;
#2621=CARTESIAN_POINT('Control Point',(49.0554385968,23.625454085,80.)) ;
#2622=CARTESIAN_POINT('Control Point',(49.0973806126,23.5500737367,80.)) ;
#2623=CARTESIAN_POINT('Control Point',(49.1266219537,23.467627586,80.)) ;
#2624=CARTESIAN_POINT('Control Point',(49.1415699653,23.3809504646,80.)) ;
#2625=CARTESIAN_POINT('Control Point',(49.1416730327,23.2351493836,80.)) ;
#2626=CARTESIAN_POINT('Control Point',(49.1019601501,23.0960298586,80.)) ;
#2627=CARTESIAN_POINT('Control Point',(49.0798624731,23.0424018966,80.)) ;
#2628=CARTESIAN_POINT('Control Point',(49.051931592,22.9917158594,80.)) ;
#2629=CARTESIAN_POINT('Control Point',(49.018726591,22.9447598607,80.)) ;
#2630=CARTESIAN_POINT('Vertex',(49.0187265918,22.9447598608,80.)) ;
#2633=CARTESIAN_POINT('Axis2P3D Location',(49.2800000085,22.7599999999,80.)) ;
#2637=CARTESIAN_POINT('Vertex',(49.0187265918,22.5752401392,80.)) ;
#2641=CARTESIAN_POINT('Control Point',(49.018726591,22.575240139,80.)) ;
#2642=CARTESIAN_POINT('Control Point',(49.0685327354,22.5048080602,80.)) ;
#2643=CARTESIAN_POINT('Control Point',(49.1064718293,22.4259851632,80.)) ;
#2644=CARTESIAN_POINT('Control Point',(49.1306555613,22.3414185452,80.)) ;
#2645=CARTESIAN_POINT('Control Point',(49.1464394491,22.1964743011,80.)) ;
#2646=CARTESIAN_POINT('Control Point',(49.121919724,22.05389051,80.)) ;
#2647=CARTESIAN_POINT('Control Point',(49.105718101,21.9981969301,80.)) ;
#2648=CARTESIAN_POINT('Control Point',(49.0834007011,21.9448008468,80.)) ;
#2649=CARTESIAN_POINT('Control Point',(49.0554385968,21.8945459147,80.)) ;
#2650=CARTESIAN_POINT('Vertex',(49.0554385965,21.8945459154,80.)) ;
#2654=CARTESIAN_POINT('Control Point',(49.0554385968,21.8945459147,80.)) ;
#2655=CARTESIAN_POINT('Control Point',(48.9593226744,21.7218014352,80.)) ;
#2656=CARTESIAN_POINT('Control Point',(48.839226116,21.5624005294,80.)) ;
#2657=CARTESIAN_POINT('Control Point',(48.6976004232,21.4207744139,80.)) ;
#2658=CARTESIAN_POINT('Control Point',(48.5381985647,21.3006773255,80.)) ;
#2659=CARTESIAN_POINT('Control Point',(48.3654540852,21.2045614031,80.)) ;
#2660=CARTESIAN_POINT('Vertex',(48.3654540846,21.2045614035,80.)) ;
#2664=CARTESIAN_POINT('Control Point',(48.3654540852,21.2045614031,80.)) ;
#2665=CARTESIAN_POINT('Control Point',(48.2900737373,21.1626193874,80.)) ;
#2666=CARTESIAN_POINT('Control Point',(48.207627587,21.1333780465,80.)) ;
#2667=CARTESIAN_POINT('Control Point',(48.1209504638,21.1184300346,80.)) ;
#2668=CARTESIAN_POINT('Control Point',(47.9751493836,21.1183269673,80.)) ;
#2669=CARTESIAN_POINT('Control Point',(47.8360298594,21.1580398496,80.)) ;
#2670=CARTESIAN_POINT('Control Point',(47.7824018961,21.1801375271,80.)) ;
#2671=CARTESIAN_POINT('Control Point',(47.7317158593,21.208068408,80.)) ;
#2672=CARTESIAN_POINT('Control Point',(47.6847598609,21.2412734089,80.)) ;
#2673=CARTESIAN_POINT('Vertex',(47.6847598608,21.2412734082,80.)) ;
#2676=CARTESIAN_POINT('Axis2P3D Location',(47.5000000003,20.9799999943,80.)) ;
#2680=CARTESIAN_POINT('Vertex',(47.3044768682,21.2333193733,80.)) ;
#2683=CARTESIAN_POINT('Line Origine',(47.1727461293,21.1015886349,80.)) ;
#2687=CARTESIAN_POINT('Vertex',(47.0410153903,20.9698578954,80.)) ;
#2690=CARTESIAN_POINT('Axis2P3D Location',(47.7481221709,20.2627511139,80.)) ;
#2694=CARTESIAN_POINT('Vertex',(47.1240610858,19.4813755571,80.)) ;
#2698=CARTESIAN_POINT('Control Point',(47.1240610853,19.4813755565,80.)) ;
#2699=CARTESIAN_POINT('Control Point',(47.2081546118,19.4142125937,80.)) ;
#2700=CARTESIAN_POINT('Control Point',(47.2832124379,19.3357370145,80.)) ;
#2701=CARTESIAN_POINT('Control Point',(47.3472081736,19.2475600674,80.)) ;
#2702=CARTESIAN_POINT('Control Point',(47.4327803156,19.0880791883,80.)) ;
#2703=CARTESIAN_POINT('Control Point',(47.4806946209,18.9144791645,80.)) ;
#2704=CARTESIAN_POINT('Control Point',(47.4935650764,18.8434985038,80.)) ;
#2705=CARTESIAN_POINT('Control Point',(47.5,18.7717491378,80.)) ;
#2706=CARTESIAN_POINT('Control Point',(47.5,18.6999999994,80.)) ;
#2707=CARTESIAN_POINT('Vertex',(47.5,18.7,80.)) ;
#2710=CARTESIAN_POINT('Line Origine',(48.75,18.6999999994,80.)) ;
#2714=CARTESIAN_POINT('Vertex',(50.,18.7,80.)) ;
#2717=CARTESIAN_POINT('Line Origine',(50.,17.6999999994,80.)) ;
#2721=CARTESIAN_POINT('Vertex',(50.,16.7,80.)) ;
#2724=CARTESIAN_POINT('Line Origine',(48.75,16.6999999994,80.)) ;
#2728=CARTESIAN_POINT('Vertex',(47.5,16.7,80.)) ;
#2731=CARTESIAN_POINT('Line Origine',(47.5,15.9499999994,80.)) ;
#2735=CARTESIAN_POINT('Vertex',(47.5,15.2,80.)) ;
#2738=CARTESIAN_POINT('Line Origine',(48.75,15.1999999994,80.)) ;
#2742=CARTESIAN_POINT('Vertex',(50.,15.2,80.)) ;
#2745=CARTESIAN_POINT('Line Origine',(50.,14.1999999994,80.)) ;
#2749=CARTESIAN_POINT('Vertex',(50.,13.2,80.)) ;
#2752=CARTESIAN_POINT('Line Origine',(48.75,13.1999999994,80.)) ;
#2756=CARTESIAN_POINT('Vertex',(47.5,13.2,80.)) ;
#2759=CARTESIAN_POINT('Line Origine',(47.5,12.4499999994,80.)) ;
#2763=CARTESIAN_POINT('Vertex',(47.5,11.7,80.)) ;
#2766=CARTESIAN_POINT('Line Origine',(48.75,11.6999999994,80.)) ;
#2770=CARTESIAN_POINT('Vertex',(50.,11.7,80.)) ;
#2773=CARTESIAN_POINT('Line Origine',(50.,10.6999999994,80.)) ;
#2777=CARTESIAN_POINT('Vertex',(50.,9.7,80.)) ;
#2780=CARTESIAN_POINT('Line Origine',(48.75,9.69999999935,80.)) ;
#2784=CARTESIAN_POINT('Vertex',(47.5,9.7,80.)) ;
#2787=CARTESIAN_POINT('Line Origine',(47.5,8.94999999935,80.)) ;
#2791=CARTESIAN_POINT('Vertex',(47.5,8.2,80.)) ;
#2794=CARTESIAN_POINT('Line Origine',(48.75,8.19999999935,80.)) ;
#2798=CARTESIAN_POINT('Vertex',(50.,8.2,80.)) ;
#2801=CARTESIAN_POINT('Line Origine',(50.,7.19999999935,80.)) ;
#2805=CARTESIAN_POINT('Vertex',(50.,6.2,80.)) ;
#2808=CARTESIAN_POINT('Line Origine',(48.75,6.19999999935,80.)) ;
#2812=CARTESIAN_POINT('Vertex',(47.5,6.2,80.)) ;
#2815=CARTESIAN_POINT('Line Origine',(47.5,5.44999999935,80.)) ;
#2819=CARTESIAN_POINT('Vertex',(47.5,4.7,80.)) ;
#2822=CARTESIAN_POINT('Line Origine',(48.75,4.69999999935,80.)) ;
#2826=CARTESIAN_POINT('Vertex',(50.,4.7,80.)) ;
#2829=CARTESIAN_POINT('Line Origine',(50.,3.69999999935,80.)) ;
#2833=CARTESIAN_POINT('Vertex',(50.,2.7,80.)) ;
#2836=CARTESIAN_POINT('Line Origine',(48.75,2.69999999935,80.)) ;
#2840=CARTESIAN_POINT('Vertex',(47.5,2.7,80.)) ;
#2843=CARTESIAN_POINT('Line Origine',(47.5,1.94999999935,80.)) ;
#2847=CARTESIAN_POINT('Vertex',(47.5,1.2,80.)) ;
#2850=CARTESIAN_POINT('Line Origine',(48.75,1.19999999935,80.)) ;
#2854=CARTESIAN_POINT('Vertex',(50.,1.2,80.)) ;
#2857=CARTESIAN_POINT('Line Origine',(50.,0.199999999351,80.)) ;
#2861=CARTESIAN_POINT('Vertex',(50.,-0.8,80.)) ;
#2864=CARTESIAN_POINT('Line Origine',(48.75,-0.800000000649,80.)) ;
#2868=CARTESIAN_POINT('Vertex',(47.5,-0.8,80.)) ;
#2871=CARTESIAN_POINT('Line Origine',(47.5,-1.55000000065,80.)) ;
#2875=CARTESIAN_POINT('Vertex',(47.5,-2.3,80.)) ;
#2878=CARTESIAN_POINT('Line Origine',(48.75,-2.30000000065,80.)) ;
#2882=CARTESIAN_POINT('Vertex',(50.,-2.3,80.)) ;
#2885=CARTESIAN_POINT('Line Origine',(50.,-3.30000000065,80.)) ;
#2889=CARTESIAN_POINT('Vertex',(50.,-4.3,80.)) ;
#2892=CARTESIAN_POINT('Line Origine',(48.75,-4.30000000065,80.)) ;
#2896=CARTESIAN_POINT('Vertex',(47.5,-4.3,80.)) ;
#2899=CARTESIAN_POINT('Line Origine',(47.5,-5.05000000065,80.)) ;
#2903=CARTESIAN_POINT('Vertex',(47.5,-5.8,80.)) ;
#2906=CARTESIAN_POINT('Line Origine',(48.75,-5.80000000065,80.)) ;
#2910=CARTESIAN_POINT('Vertex',(50.,-5.8,80.)) ;
#2913=CARTESIAN_POINT('Line Origine',(50.,-6.80000000065,80.)) ;
#2917=CARTESIAN_POINT('Vertex',(50.,-7.8,80.)) ;
#2920=CARTESIAN_POINT('Line Origine',(48.75,-7.80000000065,80.)) ;
#2924=CARTESIAN_POINT('Vertex',(47.5,-7.8,80.)) ;
#2927=CARTESIAN_POINT('Line Origine',(47.5,-8.55000000065,80.)) ;
#2931=CARTESIAN_POINT('Vertex',(47.5,-9.3,80.)) ;
#2934=CARTESIAN_POINT('Line Origine',(48.75,-9.30000000065,80.)) ;
#2938=CARTESIAN_POINT('Vertex',(50.,-9.3,80.)) ;
#2941=CARTESIAN_POINT('Line Origine',(50.,-10.3000000006,80.)) ;
#2945=CARTESIAN_POINT('Vertex',(50.,-11.3,80.)) ;
#2948=CARTESIAN_POINT('Line Origine',(48.75,-11.3000000006,80.)) ;
#2952=CARTESIAN_POINT('Vertex',(47.5,-11.3,80.)) ;
#2955=CARTESIAN_POINT('Line Origine',(47.5,-12.0500000006,80.)) ;
#2959=CARTESIAN_POINT('Vertex',(47.5,-12.8,80.)) ;
#2962=CARTESIAN_POINT('Line Origine',(48.75,-12.8000000006,80.)) ;
#2966=CARTESIAN_POINT('Vertex',(50.,-12.8,80.)) ;
#2969=CARTESIAN_POINT('Line Origine',(50.,-13.8000000006,80.)) ;
#2973=CARTESIAN_POINT('Vertex',(50.,-14.8,80.)) ;
#2976=CARTESIAN_POINT('Line Origine',(48.75,-14.8000000006,80.)) ;
#2980=CARTESIAN_POINT('Vertex',(47.5,-14.8,80.)) ;
#2983=CARTESIAN_POINT('Line Origine',(47.5,-15.5500000006,80.)) ;
#2987=CARTESIAN_POINT('Vertex',(47.5,-16.3,80.)) ;
#2990=CARTESIAN_POINT('Line Origine',(48.75,-16.3000000006,80.)) ;
#2994=CARTESIAN_POINT('Vertex',(50.,-16.3,80.)) ;
#2997=CARTESIAN_POINT('Line Origine',(50.,-17.3000000006,80.)) ;
#3001=CARTESIAN_POINT('Vertex',(49.9999999991,-18.3,80.)) ;
#3004=CARTESIAN_POINT('Line Origine',(48.75,-18.3000000006,80.)) ;
#3008=CARTESIAN_POINT('Vertex',(47.5,-18.3,80.)) ;
#3012=CARTESIAN_POINT('Control Point',(47.5,-18.3000000006,80.)) ;
#3013=CARTESIAN_POINT('Control Point',(47.4512143639,-18.396788098,80.)) ;
#3014=CARTESIAN_POINT('Control Point',(47.3893156174,-18.4869660055,80.)) ;
#3015=CARTESIAN_POINT('Control Point',(47.3154888089,-18.5681696523,80.)) ;
#3016=CARTESIAN_POINT('Control Point',(47.1756642173,-18.6851397649,80.)) ;
#3017=CARTESIAN_POINT('Control Point',(47.0141047176,-18.767590619,80.)) ;
#3018=CARTESIAN_POINT('Control Point',(46.9466663788,-18.7946296306,80.)) ;
#3019=CARTESIAN_POINT('Control Point',(46.8771575156,-18.8154286858,80.)) ;
#3020=CARTESIAN_POINT('Control Point',(46.8063479196,-18.8298318534,80.)) ;
#3021=CARTESIAN_POINT('Vertex',(46.8063479202,-18.8298318528,80.)) ;
#3024=CARTESIAN_POINT('Axis2P3D Location',(47.5000000059,-22.2400000129,80.)) ;
#3028=CARTESIAN_POINT('Vertex',(44.9349104665,-19.8882526316,80.)) ;
#3032=CARTESIAN_POINT('Control Point',(44.9349104669,-19.8882526307,80.)) ;
#3033=CARTESIAN_POINT('Control Point',(44.8495570532,-19.9813490028,80.)) ;
#3034=CARTESIAN_POINT('Control Point',(44.7526308665,-20.063834533,80.)) ;
#3035=CARTESIAN_POINT('Control Point',(44.6458824716,-20.1337932278,80.)) ;
#3036=CARTESIAN_POINT('Control Point',(44.4555299625,-20.2269636827,80.)) ;
#3037=CARTESIAN_POINT('Control Point',(44.2510096281,-20.2789696046,80.)) ;
#3038=CARTESIAN_POINT('Control Point',(44.1668200635,-20.2930534928,80.)) ;
#3039=CARTESIAN_POINT('Control Point',(44.0828100376,-20.3000000006,80.)) ;
#3040=CARTESIAN_POINT('Control Point',(43.9988002051,-20.3000000006,80.)) ;
#3041=CARTESIAN_POINT('Vertex',(43.9988002056,-20.3,80.)) ;
#3044=CARTESIAN_POINT('Line Origine',(43.979400103,-20.3000000006,80.)) ;
#3048=CARTESIAN_POINT('Vertex',(43.96,-20.3,80.)) ;
#3051=CARTESIAN_POINT('Axis2P3D Location',(43.9599999985,-20.5499999983,80.)) ;
#3055=CARTESIAN_POINT('Vertex',(43.71,-20.55,80.)) ;
#3058=CARTESIAN_POINT('Line Origine',(43.7100000009,-21.08,80.)) ;
#3062=CARTESIAN_POINT('Vertex',(43.71,-21.61,80.)) ;
#3065=CARTESIAN_POINT('Axis2P3D Location',(43.9599999985,-21.6100000017,80.)) ;
#3069=CARTESIAN_POINT('Vertex',(43.9600000003,-21.86,80.)) ;
#3072=CARTESIAN_POINT('Line Origine',(44.7173364898,-21.8599999993,80.)) ;
#3076=CARTESIAN_POINT('Vertex',(45.4746729781,-21.86,80.)) ;
#3079=CARTESIAN_POINT('Axis2P3D Location',(45.474672984,-21.4600000094,80.)) ;
#3083=CARTESIAN_POINT('Vertex',(45.8319755536,-21.6398189911,80.)) ;
#3087=CARTESIAN_POINT('Control Point',(45.8319755532,-21.6398189905,80.)) ;
#3088=CARTESIAN_POINT('Control Point',(45.8642439711,-21.5757012421,80.)) ;
#3089=CARTESIAN_POINT('Control Point',(45.905501119,-21.5161078572,80.)) ;
#3090=CARTESIAN_POINT('Control Point',(45.9549083156,-21.4627152751,80.)) ;
#3091=CARTESIAN_POINT('Control Point',(46.0485030243,-21.3865579873,80.)) ;
#3092=CARTESIAN_POINT('Control Point',(46.1565245762,-21.3342679933,80.)) ;
#3093=CARTESIAN_POINT('Control Point',(46.2021483584,-21.317260493,80.)) ;
#3094=CARTESIAN_POINT('Control Point',(46.2484249777,-21.304810401,80.)) ;
#3095=CARTESIAN_POINT('Control Point',(46.2954531778,-21.2967430781,80.)) ;
#3096=CARTESIAN_POINT('Vertex',(46.2954531778,-21.2967430786,80.)) ;
#3099=CARTESIAN_POINT('Axis2P3D Location',(46.2413499346,-20.9813499348,80.)) ;
#3103=CARTESIAN_POINT('Vertex',(46.5567430786,-21.0354531778,80.)) ;
#3107=CARTESIAN_POINT('Control Point',(46.5567430779,-21.0354531779,80.)) ;
#3108=CARTESIAN_POINT('Control Point',(46.5713278158,-20.9504319164,80.)) ;
#3109=CARTESIAN_POINT('Control Point',(46.6002370294,-20.8678687222,80.)) ;
#3110=CARTESIAN_POINT('Control Point',(46.6429341822,-20.7909706073,80.)) ;
#3111=CARTESIAN_POINT('Control Point',(46.7342643481,-20.6773186535,80.)) ;
#3112=CARTESIAN_POINT('Control Point',(46.8524243804,-20.5938347512,80.)) ;
#3113=CARTESIAN_POINT('Control Point',(46.9032619516,-20.5659097301,80.)) ;
#3114=CARTESIAN_POINT('Control Point',(46.9567994727,-20.5439337803,80.)) ;
#3115=CARTESIAN_POINT('Control Point',(47.0121072736,-20.5281703695,80.)) ;
#3116=CARTESIAN_POINT('Vertex',(47.0121072727,-20.5281703687,80.)) ;
#3120=CARTESIAN_POINT('Control Point',(47.0121072736,-20.5281703695,80.)) ;
#3121=CARTESIAN_POINT('Control Point',(47.107163846,-20.5010780645,80.)) ;
#3122=CARTESIAN_POINT('Control Point',(47.2041008057,-20.4805838192,80.)) ;
#3123=CARTESIAN_POINT('Control Point',(47.3023097957,-20.4668626173,80.)) ;
#3124=CARTESIAN_POINT('Control Point',(47.4011548657,-20.4600020069,80.)) ;
#3125=CARTESIAN_POINT('Control Point',(47.5,-20.4600020064,80.)) ;
#3126=CARTESIAN_POINT('Vertex',(47.5,-20.46,80.)) ;
#3130=CARTESIAN_POINT('Control Point',(47.5,-20.4600020064,80.)) ;
#3131=CARTESIAN_POINT('Control Point',(47.5988450032,-20.4600020059,80.)) ;
#3132=CARTESIAN_POINT('Control Point',(47.6976900707,-20.4668625972,80.)) ;
#3133=CARTESIAN_POINT('Control Point',(47.7958991893,-20.4805837988,80.)) ;
#3134=CARTESIAN_POINT('Control Point',(47.8928362801,-20.5010781005,80.)) ;
#3135=CARTESIAN_POINT('Control Point',(47.9878927264,-20.5281703695,80.)) ;
#3136=CARTESIAN_POINT('Vertex',(47.9878927273,-20.5281703687,80.)) ;
#3140=CARTESIAN_POINT('Control Point',(47.9878927264,-20.5281703695,80.)) ;
#3141=CARTESIAN_POINT('Control Point',(48.0708521676,-20.5518148416,80.)) ;
#3142=CARTESIAN_POINT('Control Point',(48.149827152,-20.5894363244,80.)) ;
#3143=CARTESIAN_POINT('Control Point',(48.221686966,-20.6401564575,80.)) ;
#3144=CARTESIAN_POINT('Control Point',(48.3248567796,-20.7431805111,80.)) ;
#3145=CARTESIAN_POINT('Control Point',(48.395147891,-20.8696341194,80.)) ;
#3146=CARTESIAN_POINT('Control Point',(48.4174431739,-20.9231802381,80.)) ;
#3147=CARTESIAN_POINT('Control Point',(48.4335334986,-20.9787707928,80.)) ;
#3148=CARTESIAN_POINT('Control Point',(48.4432569221,-21.0354531779,80.)) ;
#3149=CARTESIAN_POINT('Vertex',(48.4432569214,-21.0354531778,80.)) ;
#3152=CARTESIAN_POINT('Axis2P3D Location',(48.7586500654,-20.9813499348,80.)) ;
#3156=CARTESIAN_POINT('Vertex',(48.7045468222,-21.2967430786,80.)) ;
#3160=CARTESIAN_POINT('Control Point',(48.7045468222,-21.2967430781,80.)) ;
#3161=CARTESIAN_POINT('Control Point',(48.7895680839,-21.311327816,80.)) ;
#3162=CARTESIAN_POINT('Control Point',(48.8721312782,-21.3402370297,80.)) ;
#3163=CARTESIAN_POINT('Control Point',(48.9490293926,-21.3829341822,80.)) ;
#3164=CARTESIAN_POINT('Control Point',(49.0626813446,-21.4742643466,80.)) ;
#3165=CARTESIAN_POINT('Control Point',(49.1461652462,-21.5924243767,80.)) ;
#3166=CARTESIAN_POINT('Control Point',(49.1740902718,-21.6432619542,80.)) ;
#3167=CARTESIAN_POINT('Control Point',(49.1960662204,-21.6967994732,80.)) ;
#3168=CARTESIAN_POINT('Control Point',(49.2118296307,-21.7521072718,80.)) ;
#3169=CARTESIAN_POINT('Vertex',(49.2118296313,-21.7521072727,80.)) ;
#3173=CARTESIAN_POINT('Control Point',(49.2118296307,-21.7521072718,80.)) ;
#3174=CARTESIAN_POINT('Control Point',(49.2389219356,-21.8471638441,80.)) ;
#3175=CARTESIAN_POINT('Control Point',(49.2594161809,-21.9441008038,80.)) ;
#3176=CARTESIAN_POINT('Control Point',(49.2731373828,-22.0423097942,80.)) ;
#3177=CARTESIAN_POINT('Control Point',(49.2799979932,-22.141154865,80.)) ;
#3178=CARTESIAN_POINT('Control Point',(49.2799979936,-22.24,80.)) ;
#3179=CARTESIAN_POINT('Vertex',(49.28,-22.24,80.)) ;
#3183=CARTESIAN_POINT('Control Point',(49.2799979936,-22.24,80.)) ;
#3184=CARTESIAN_POINT('Control Point',(49.2799979941,-22.3388450036,80.)) ;
#3185=CARTESIAN_POINT('Control Point',(49.2731374028,-22.4376900715,80.)) ;
#3186=CARTESIAN_POINT('Control Point',(49.2594162011,-22.5358991902,80.)) ;
#3187=CARTESIAN_POINT('Control Point',(49.2389218996,-22.6328362806,80.)) ;
#3188=CARTESIAN_POINT('Control Point',(49.2118296307,-22.7278927266,80.)) ;
#3189=CARTESIAN_POINT('Vertex',(49.2118296313,-22.7278927273,80.)) ;
#3193=CARTESIAN_POINT('Control Point',(49.2118296307,-22.7278927266,80.)) ;
#3194=CARTESIAN_POINT('Control Point',(49.1881851587,-22.8108521671,80.)) ;
#3195=CARTESIAN_POINT('Control Point',(49.1505636762,-22.8898271511,80.)) ;
#3196=CARTESIAN_POINT('Control Point',(49.0998435418,-22.9616869669,80.)) ;
#3197=CARTESIAN_POINT('Control Point',(48.9968194891,-23.0648567794,80.)) ;
#3198=CARTESIAN_POINT('Control Point',(48.8703658821,-23.1351478904,80.)) ;
#3199=CARTESIAN_POINT('Control Point',(48.8168197605,-23.1574431745,80.)) ;
#3200=CARTESIAN_POINT('Control Point',(48.7612292066,-23.1735334988,80.)) ;
#3201=CARTESIAN_POINT('Control Point',(48.7045468222,-23.1832569222,80.)) ;
#3202=CARTESIAN_POINT('Vertex',(48.7045468222,-23.1832569214,80.)) ;
#3205=CARTESIAN_POINT('Axis2P3D Location',(48.7586500654,-23.4986500655,80.)) ;
#3209=CARTESIAN_POINT('Vertex',(48.4432569214,-23.4445468222,80.)) ;
#3213=CARTESIAN_POINT('Control Point',(48.4432569221,-23.4445468224,80.)) ;
#3214=CARTESIAN_POINT('Control Point',(48.4286721842,-23.5295680835,80.)) ;
#3215=CARTESIAN_POINT('Control Point',(48.3997629708,-23.6121312773,80.)) ;
#3216=CARTESIAN_POINT('Control Point',(48.3570658173,-23.6890293936,80.)) ;
#3217=CARTESIAN_POINT('Control Point',(48.2657356523,-23.8026813461,80.)) ;
#3218=CARTESIAN_POINT('Control Point',(48.1475756213,-23.8861652479,80.)) ;
#3219=CARTESIAN_POINT('Control Point',(48.0967380465,-23.914090271,80.)) ;
#3220=CARTESIAN_POINT('Control Point',(48.0432005263,-23.9360662202,80.)) ;
#3221=CARTESIAN_POINT('Control Point',(47.9878927264,-23.9518296308,80.)) ;
#3222=CARTESIAN_POINT('Vertex',(47.9878927273,-23.9518296313,80.)) ;
#3226=CARTESIAN_POINT('Control Point',(47.9878927264,-23.9518296308,80.)) ;
#3227=CARTESIAN_POINT('Control Point',(47.8928361545,-23.9789219356,80.)) ;
#3228=CARTESIAN_POINT('Control Point',(47.7958991953,-23.9994161809,80.)) ;
#3229=CARTESIAN_POINT('Control Point',(47.6976902052,-24.0131373827,80.)) ;
#3230=CARTESIAN_POINT('Control Point',(47.5988451347,-24.0199979931,80.)) ;
#3231=CARTESIAN_POINT('Control Point',(47.5,-24.0199979936,80.)) ;
#3232=CARTESIAN_POINT('Vertex',(47.5,-24.02,80.)) ;
#3236=CARTESIAN_POINT('Control Point',(47.5,-24.0199979936,80.)) ;
#3237=CARTESIAN_POINT('Control Point',(47.4011549963,-24.0199979941,80.)) ;
#3238=CARTESIAN_POINT('Control Point',(47.3023099284,-24.0131374028,80.)) ;
#3239=CARTESIAN_POINT('Control Point',(47.2041008098,-23.9994162012,80.)) ;
#3240=CARTESIAN_POINT('Control Point',(47.1071637195,-23.9789218997,80.)) ;
#3241=CARTESIAN_POINT('Control Point',(47.0121072736,-23.9518296308,80.)) ;
#3242=CARTESIAN_POINT('Vertex',(47.0121072727,-23.9518296313,80.)) ;
#3246=CARTESIAN_POINT('Control Point',(47.0121072736,-23.9518296308,80.)) ;
#3247=CARTESIAN_POINT('Control Point',(46.9623296623,-23.9376423927,80.)) ;
#3248=CARTESIAN_POINT('Control Point',(46.9139865677,-23.9184230372,80.)) ;
#3249=CARTESIAN_POINT('Control Point',(46.8677547592,-23.8943638603,80.)) ;
#3250=CARTESIAN_POINT('Control Point',(46.8242750324,-23.8657979429,80.)) ;
#3251=CARTESIAN_POINT('Control Point',(46.7840939891,-23.8331701624,80.)) ;
#3252=CARTESIAN_POINT('Vertex',(46.7840939882,-23.8331701628,80.)) ;
#3255=CARTESIAN_POINT('Axis2P3D Location',(46.3806585992,-24.3300000018,80.)) ;
#3259=CARTESIAN_POINT('Vertex',(46.3806585994,-23.69,80.)) ;
#3262=CARTESIAN_POINT('Line Origine',(45.5403292989,-23.6899999994,80.)) ;
#3266=CARTESIAN_POINT('Vertex',(44.7,-23.69,80.)) ;
#3269=CARTESIAN_POINT('Axis2P3D Location',(44.7000000008,-24.6799999993,80.)) ;
#3273=CARTESIAN_POINT('Vertex',(43.71,-24.68,80.)) ;
#3276=CARTESIAN_POINT('Line Origine',(43.7100000009,-25.1399999996,80.)) ;
#3280=CARTESIAN_POINT('Vertex',(43.71,-25.6,80.)) ;
#3284=CARTESIAN_POINT('Control Point',(43.7100000009,-25.5999999995,80.)) ;
#3285=CARTESIAN_POINT('Control Point',(43.7883817583,-25.5999999995,80.)) ;
#3286=CARTESIAN_POINT('Control Point',(43.8667628528,-25.6119994134,80.)) ;
#3287=CARTESIAN_POINT('Control Point',(43.9427032443,-25.6360058417,80.)) ;
#3288=CARTESIAN_POINT('Control Point',(44.0847765943,-25.7064779853,80.)) ;
#3289=CARTESIAN_POINT('Control Point',(44.1992582218,-25.8162244453,80.)) ;
#3290=CARTESIAN_POINT('Control Point',(44.2476000771,-25.8795199034,80.)) ;
#3291=CARTESIAN_POINT('Control Point',(44.3068244037,-25.9884568767,80.)) ;
#3292=CARTESIAN_POINT('Control Point',(44.3384467786,-26.1073442932,80.)) ;
#3293=CARTESIAN_POINT('Control Point',(44.3461869926,-26.1516310254,80.)) ;
#3294=CARTESIAN_POINT('Control Point',(44.3499999996,-26.1958156181,80.)) ;
#3295=CARTESIAN_POINT('Control Point',(44.3499999996,-26.2400000001,80.)) ;
#3296=CARTESIAN_POINT('Vertex',(44.35,-26.24,80.)) ;
#3299=CARTESIAN_POINT('Line Origine',(45.9249999998,-26.2400000001,80.)) ;
#3303=CARTESIAN_POINT('Vertex',(47.5,-26.24,80.)) ;
#3307=CARTESIAN_POINT('Control Point',(51.5,-22.2400000001,80.)) ;
#3308=CARTESIAN_POINT('Control Point',(51.5,-22.6319142078,80.)) ;
#3309=CARTESIAN_POINT('Control Point',(51.4520010168,-23.0238279913,80.)) ;
#3310=CARTESIAN_POINT('Control Point',(51.3559897073,-23.4079225441,80.)) ;
#3311=CARTESIAN_POINT('Control Point',(51.0718767137,-24.1447289877,80.)) ;
#3312=CARTESIAN_POINT('Control Point',(50.6183509771,-24.7911929653,80.)) ;
#3313=CARTESIAN_POINT('Control Point',(50.3529021835,-25.0849338859,80.)) ;
#3314=CARTESIAN_POINT('Control Point',(49.7555124654,-25.6013924626,80.)) ;
#3315=CARTESIAN_POINT('Control Point',(49.0511455486,-25.9584198047,80.)) ;
#3316=CARTESIAN_POINT('Control Point',(48.6787029875,-26.0927080026,80.)) ;
#3317=CARTESIAN_POINT('Control Point',(48.2141818918,-26.1980328617,80.)) ;
#3318=CARTESIAN_POINT('Control Point',(47.7426114282,-26.2338643597,80.)) ;
#3319=CARTESIAN_POINT('Control Point',(47.6617295478,-26.2379565282,80.)) ;
#3320=CARTESIAN_POINT('Control Point',(47.5808647649,-26.2400000001,80.)) ;
#3321=CARTESIAN_POINT('Control Point',(47.5,-26.2400000001,80.)) ;
#3322=CARTESIAN_POINT('Vertex',(51.5,-22.2399999991,80.)) ;
#3325=CARTESIAN_POINT('Line Origine',(51.5,-21.4699999996,80.)) ;
#3329=CARTESIAN_POINT('Vertex',(51.5,-20.7,80.)) ;
#3332=CARTESIAN_POINT('Axis2P3D Location',(51.4999999991,-20.3999999993,80.)) ;
#3336=CARTESIAN_POINT('Vertex',(51.5,-20.1000000005,80.)) ;
#3339=CARTESIAN_POINT('Line Origine',(51.5,-16.3200000002,80.)) ;
#3343=CARTESIAN_POINT('Vertex',(51.5,-12.54,80.)) ;
#3346=CARTESIAN_POINT('Axis2P3D Location',(51.5,-12.2400000001,80.)) ;
#3350=CARTESIAN_POINT('Vertex',(51.5,-11.9400000005,80.)) ;
#3353=CARTESIAN_POINT('Line Origine',(51.5,-8.16000000005,80.)) ;
#3357=CARTESIAN_POINT('Vertex',(51.5,-4.38,80.)) ;
#3360=CARTESIAN_POINT('Axis2P3D Location',(51.5,-4.07999999998,80.)) ;
#3364=CARTESIAN_POINT('Vertex',(51.5,-3.78000000052,80.)) ;
#3367=CARTESIAN_POINT('Line Origine',(51.5,9.5731422789E-011,80.)) ;
#3371=CARTESIAN_POINT('Vertex',(51.5,3.78,80.)) ;
#3374=CARTESIAN_POINT('Axis2P3D Location',(51.5,4.08000000017,80.)) ;
#3378=CARTESIAN_POINT('Vertex',(51.5,4.37999999948,80.)) ;
#3381=CARTESIAN_POINT('Line Origine',(51.5,8.16000000024,80.)) ;
#3385=CARTESIAN_POINT('Vertex',(51.5,11.94,80.)) ;
#3388=CARTESIAN_POINT('Axis2P3D Location',(51.4999999991,12.2399999994,80.)) ;
#3392=CARTESIAN_POINT('Vertex',(51.5,12.5399999995,80.)) ;
#3395=CARTESIAN_POINT('Line Origine',(51.5,16.3199999995,80.)) ;
#3399=CARTESIAN_POINT('Vertex',(51.5,20.1,80.)) ;
#3402=CARTESIAN_POINT('Axis2P3D Location',(51.4999999991,20.3999999995,80.)) ;
#3406=CARTESIAN_POINT('Vertex',(51.5,20.6999999995,80.)) ;
#3409=CARTESIAN_POINT('Line Origine',(51.5,21.7299999996,80.)) ;
#3413=CARTESIAN_POINT('Vertex',(51.5,22.76,80.)) ;
#3417=CARTESIAN_POINT('Control Point',(47.5,26.7599999999,80.)) ;
#3418=CARTESIAN_POINT('Control Point',(47.8919142084,26.7599999999,80.)) ;
#3419=CARTESIAN_POINT('Control Point',(48.2838279925,26.7120010165,80.)) ;
#3420=CARTESIAN_POINT('Control Point',(48.6679225428,26.6159897077,80.)) ;
#3421=CARTESIAN_POINT('Control Point',(49.4047289877,26.3318767137,80.)) ;
#3422=CARTESIAN_POINT('Control Point',(50.0511929664,25.8783509761,80.)) ;
#3423=CARTESIAN_POINT('Control Point',(50.3449338848,25.6129021845,80.)) ;
#3424=CARTESIAN_POINT('Control Point',(50.8613924626,25.0155124654,80.)) ;
#3425=CARTESIAN_POINT('Control Point',(51.2184198052,24.3111455472,80.)) ;
#3426=CARTESIAN_POINT('Control Point',(51.3527080022,23.9387029888,80.)) ;
#3427=CARTESIAN_POINT('Control Point',(51.4580328616,23.4741818924,80.)) ;
#3428=CARTESIAN_POINT('Control Point',(51.4938643596,23.002611428,80.)) ;
#3429=CARTESIAN_POINT('Control Point',(51.4979565281,22.9217295477,80.)) ;
#3430=CARTESIAN_POINT('Control Point',(51.5,22.8408647648,80.)) ;
#3431=CARTESIAN_POINT('Control Point',(51.5,22.7599999999,80.)) ;
#3432=CARTESIAN_POINT('Vertex',(47.5000000007,26.76,80.)) ;
#3435=CARTESIAN_POINT('Line Origine',(46.4749999996,26.7599999999,80.)) ;
#3439=CARTESIAN_POINT('Vertex',(45.45,26.76,80.)) ;
#3442=CARTESIAN_POINT('Axis2P3D Location',(45.1499999994,26.7599999989,80.)) ;
#3446=CARTESIAN_POINT('Vertex',(44.8499999993,26.76,80.)) ;
#3449=CARTESIAN_POINT('Line Origine',(0.,26.7599999999,80.)) ;
#3453=CARTESIAN_POINT('Vertex',(-44.85,26.76,80.)) ;
#3456=CARTESIAN_POINT('Axis2P3D Location',(-45.1499999994,26.7599999989,80.)) ;
#3460=CARTESIAN_POINT('Vertex',(-45.4499999993,26.76,80.)) ;
#3463=CARTESIAN_POINT('Line Origine',(-46.4749999996,26.7599999999,80.)) ;
#3467=CARTESIAN_POINT('Vertex',(-47.5,26.76,80.)) ;
#3471=CARTESIAN_POINT('Control Point',(-51.5,22.7599999999,80.)) ;
#3472=CARTESIAN_POINT('Control Point',(-51.5,23.1519142078,80.)) ;
#3473=CARTESIAN_POINT('Control Point',(-51.4520010168,23.5438279915,80.)) ;
#3474=CARTESIAN_POINT('Control Point',(-51.3559897075,23.9279225434,80.)) ;
#3475=CARTESIAN_POINT('Control Point',(-51.0718767146,24.6647289854,80.)) ;
#3476=CARTESIAN_POINT('Control Point',(-50.6183509794,25.3111929618,80.)) ;
#3477=CARTESIAN_POINT('Control Point',(-50.3529021805,25.6049338901,80.)) ;
#3478=CARTESIAN_POINT('Control Point',(-49.7555124686,26.1213924608,80.)) ;
#3479=CARTESIAN_POINT('Control Point',(-49.0511455602,26.4784198003,80.)) ;
#3480=CARTESIAN_POINT('Control Point',(-48.6787029747,26.6127080071,80.)) ;
#3481=CARTESIAN_POINT('Control Point',(-48.2141818854,26.7180328638,80.)) ;
#3482=CARTESIAN_POINT('Control Point',(-47.7426114282,26.7538643613,80.)) ;
#3483=CARTESIAN_POINT('Control Point',(-47.6617295478,26.7579565279,80.)) ;
#3484=CARTESIAN_POINT('Control Point',(-47.5808647649,26.7599999999,80.)) ;
#3485=CARTESIAN_POINT('Control Point',(-47.5,26.7599999999,80.)) ;
#3486=CARTESIAN_POINT('Vertex',(-51.5,22.7600000005,80.)) ;
#3489=CARTESIAN_POINT('Line Origine',(-51.5,21.7299999996,80.)) ;
#3493=CARTESIAN_POINT('Vertex',(-51.5,20.7,80.)) ;
#3496=CARTESIAN_POINT('Axis2P3D Location',(-51.4999999991,20.3999999995,80.)) ;
#3500=CARTESIAN_POINT('Vertex',(-51.5,20.1000000005,80.)) ;
#3503=CARTESIAN_POINT('Line Origine',(-51.5,16.3199999995,80.)) ;
#3507=CARTESIAN_POINT('Vertex',(-51.5,12.54,80.)) ;
#3510=CARTESIAN_POINT('Axis2P3D Location',(-51.4999999991,12.2399999994,80.)) ;
#3514=CARTESIAN_POINT('Vertex',(-51.5,11.9400000005,80.)) ;
#3517=CARTESIAN_POINT('Line Origine',(-51.5,8.16000000024,80.)) ;
#3521=CARTESIAN_POINT('Vertex',(-51.5,4.38,80.)) ;
#3524=CARTESIAN_POINT('Axis2P3D Location',(-51.5,4.08000000017,80.)) ;
#3528=CARTESIAN_POINT('Vertex',(-51.5,3.78000000052,80.)) ;
#3531=CARTESIAN_POINT('Line Origine',(-51.5,9.5731422789E-011,80.)) ;
#3535=CARTESIAN_POINT('Vertex',(-51.5,-3.78,80.)) ;
#3538=CARTESIAN_POINT('Axis2P3D Location',(-51.5,-4.07999999998,80.)) ;
#3542=CARTESIAN_POINT('Vertex',(-51.5,-4.37999999948,80.)) ;
#3545=CARTESIAN_POINT('Line Origine',(-51.5,-8.16000000005,80.)) ;
#3549=CARTESIAN_POINT('Vertex',(-51.5,-11.94,80.)) ;
#3552=CARTESIAN_POINT('Axis2P3D Location',(-51.5,-12.2400000001,80.)) ;
#3556=CARTESIAN_POINT('Vertex',(-51.5,-12.5399999995,80.)) ;
#3559=CARTESIAN_POINT('Line Origine',(-51.5,-16.3200000002,80.)) ;
#3563=CARTESIAN_POINT('Vertex',(-51.5,-20.1,80.)) ;
#3566=CARTESIAN_POINT('Axis2P3D Location',(-51.4999999991,-20.3999999993,80.)) ;
#3570=CARTESIAN_POINT('Vertex',(-51.5,-20.7000000009,80.)) ;
#3573=CARTESIAN_POINT('Line Origine',(-51.5,-21.4699999996,80.)) ;
#3577=CARTESIAN_POINT('Vertex',(-51.5,-22.24,80.)) ;
#3581=CARTESIAN_POINT('Control Point',(-47.5,-26.2400000001,80.)) ;
#3582=CARTESIAN_POINT('Control Point',(-47.8919142112,-26.2400000001,80.)) ;
#3583=CARTESIAN_POINT('Control Point',(-48.2838279981,-26.1920010161,80.)) ;
#3584=CARTESIAN_POINT('Control Point',(-48.6679225375,-26.0959897081,80.)) ;
#3585=CARTESIAN_POINT('Control Point',(-49.4047289874,-25.8118767129,80.)) ;
#3586=CARTESIAN_POINT('Control Point',(-50.05119297,-25.358350972,80.)) ;
#3587=CARTESIAN_POINT('Control Point',(-50.3449338819,-25.0929021881,80.)) ;
#3588=CARTESIAN_POINT('Control Point',(-50.8613924614,-24.4955124679,80.)) ;
#3589=CARTESIAN_POINT('Control Point',(-51.2184198048,-23.7911455481,80.)) ;
#3590=CARTESIAN_POINT('Control Point',(-51.3527080023,-23.4187029883,80.)) ;
#3591=CARTESIAN_POINT('Control Point',(-51.4580328616,-22.9541818923,80.)) ;
#3592=CARTESIAN_POINT('Control Point',(-51.4938643596,-22.4826114283,80.)) ;
#3593=CARTESIAN_POINT('Control Point',(-51.4979565281,-22.401729548,80.)) ;
#3594=CARTESIAN_POINT('Control Point',(-51.5,-22.320864765,80.)) ;
#3595=CARTESIAN_POINT('Control Point',(-51.5,-22.2400000001,80.)) ;
#3596=CARTESIAN_POINT('Vertex',(-47.5,-26.24,80.)) ;
#3599=CARTESIAN_POINT('Line Origine',(-45.9249999998,-26.2400000001,80.)) ;
#3603=CARTESIAN_POINT('Vertex',(-44.35,-26.24,80.)) ;
#3607=CARTESIAN_POINT('Control Point',(-44.3499999996,-26.2400000001,80.)) ;
#3608=CARTESIAN_POINT('Control Point',(-44.3499999996,-26.161618242,80.)) ;
#3609=CARTESIAN_POINT('Control Point',(-44.3380005856,-26.0832371467,80.)) ;
#3610=CARTESIAN_POINT('Control Point',(-44.31399416,-26.0072967581,80.)) ;
#3611=CARTESIAN_POINT('Control Point',(-44.2435220171,-25.865223409,80.)) ;
#3612=CARTESIAN_POINT('Control Point',(-44.1337755584,-25.7507417819,80.)) ;
#3613=CARTESIAN_POINT('Control Point',(-44.0704800943,-25.7023999203,80.)) ;
#3614=CARTESIAN_POINT('Control Point',(-43.9615431225,-25.643175595,80.)) ;
#3615=CARTESIAN_POINT('Control Point',(-43.8426557078,-25.6115532205,80.)) ;
#3616=CARTESIAN_POINT('Control Point',(-43.7983689756,-25.6038130066,80.)) ;
#3617=CARTESIAN_POINT('Control Point',(-43.7541843829,-25.5999999995,80.)) ;
#3618=CARTESIAN_POINT('Control Point',(-43.7100000009,-25.5999999995,80.)) ;
#3619=CARTESIAN_POINT('Vertex',(-43.71,-25.6,80.)) ;
#3622=CARTESIAN_POINT('Line Origine',(-43.7100000009,-25.1399999996,80.)) ;
#3626=CARTESIAN_POINT('Vertex',(-43.71,-24.68,80.)) ;
#3629=CARTESIAN_POINT('Axis2P3D Location',(-44.7000000008,-24.6799999993,80.)) ;
#3633=CARTESIAN_POINT('Vertex',(-44.7,-23.69,80.)) ;
#3636=CARTESIAN_POINT('Line Origine',(-45.5403292989,-23.6899999994,80.)) ;
#3640=CARTESIAN_POINT('Vertex',(-46.3806585994,-23.69,80.)) ;
#3643=CARTESIAN_POINT('Axis2P3D Location',(-46.3806585992,-24.3300000018,80.)) ;
#3647=CARTESIAN_POINT('Vertex',(-46.7840939882,-23.8331701628,80.)) ;
#3651=CARTESIAN_POINT('Control Point',(-46.7840939891,-23.8331701624,80.)) ;
#3652=CARTESIAN_POINT('Control Point',(-46.8242750324,-23.8657979429,80.)) ;
#3653=CARTESIAN_POINT('Control Point',(-46.8677543104,-23.8943634958,80.)) ;
#3654=CARTESIAN_POINT('Control Point',(-46.9139860117,-23.9184228788,80.)) ;
#3655=CARTESIAN_POINT('Control Point',(-46.9623296623,-23.9376423927,80.)) ;
#3656=CARTESIAN_POINT('Control Point',(-47.0121072736,-23.9518296308,80.)) ;
#3657=CARTESIAN_POINT('Vertex',(-47.0121072727,-23.9518296313,80.)) ;
#3661=CARTESIAN_POINT('Control Point',(-47.0121072736,-23.9518296308,80.)) ;
#3662=CARTESIAN_POINT('Control Point',(-47.1071638455,-23.9789219356,80.)) ;
#3663=CARTESIAN_POINT('Control Point',(-47.2041008047,-23.9994161809,80.)) ;
#3664=CARTESIAN_POINT('Control Point',(-47.3023097948,-24.0131373827,80.)) ;
#3665=CARTESIAN_POINT('Control Point',(-47.4011548653,-24.0199979931,80.)) ;
#3666=CARTESIAN_POINT('Control Point',(-47.5,-24.0199979936,80.)) ;
#3667=CARTESIAN_POINT('Vertex',(-47.5,-24.02,80.)) ;
#3671=CARTESIAN_POINT('Control Point',(-47.5,-24.0199979936,80.)) ;
#3672=CARTESIAN_POINT('Control Point',(-47.5988450037,-24.0199979941,80.)) ;
#3673=CARTESIAN_POINT('Control Point',(-47.6976900716,-24.0131374028,80.)) ;
#3674=CARTESIAN_POINT('Control Point',(-47.7958991902,-23.9994162012,80.)) ;
#3675=CARTESIAN_POINT('Control Point',(-47.8928362805,-23.9789218997,80.)) ;
#3676=CARTESIAN_POINT('Control Point',(-47.9878927264,-23.9518296308,80.)) ;
#3677=CARTESIAN_POINT('Vertex',(-47.9878927273,-23.9518296313,80.)) ;
#3681=CARTESIAN_POINT('Control Point',(-47.9878927264,-23.9518296308,80.)) ;
#3682=CARTESIAN_POINT('Control Point',(-48.0708521669,-23.9281851589,80.)) ;
#3683=CARTESIAN_POINT('Control Point',(-48.1498271508,-23.8905636764,80.)) ;
#3684=CARTESIAN_POINT('Control Point',(-48.2216869669,-23.8398435418,80.)) ;
#3685=CARTESIAN_POINT('Control Point',(-48.3248567796,-23.7368194889,80.)) ;
#3686=CARTESIAN_POINT('Control Point',(-48.3951478906,-23.6103658817,80.)) ;
#3687=CARTESIAN_POINT('Control Point',(-48.4174431742,-23.5568197613,80.)) ;
#3688=CARTESIAN_POINT('Control Point',(-48.4335334987,-23.501229207,80.)) ;
#3689=CARTESIAN_POINT('Control Point',(-48.4432569221,-23.4445468224,80.)) ;
#3690=CARTESIAN_POINT('Vertex',(-48.4432569214,-23.4445468222,80.)) ;
#3693=CARTESIAN_POINT('Axis2P3D Location',(-48.7586500654,-23.4986500655,80.)) ;
#3697=CARTESIAN_POINT('Vertex',(-48.7045468222,-23.1832569214,80.)) ;
#3701=CARTESIAN_POINT('Control Point',(-48.7045468222,-23.1832569222,80.)) ;
#3702=CARTESIAN_POINT('Control Point',(-48.7895680832,-23.1686721844,80.)) ;
#3703=CARTESIAN_POINT('Control Point',(-48.8721312769,-23.1397629711,80.)) ;
#3704=CARTESIAN_POINT('Control Point',(-48.9490293937,-23.0970658172,80.)) ;
#3705=CARTESIAN_POINT('Control Point',(-49.0626813462,-23.0057356521,80.)) ;
#3706=CARTESIAN_POINT('Control Point',(-49.146165248,-22.887575621,80.)) ;
#3707=CARTESIAN_POINT('Control Point',(-49.1740902707,-22.836738047,80.)) ;
#3708=CARTESIAN_POINT('Control Point',(-49.19606622,-22.7832005267,80.)) ;
#3709=CARTESIAN_POINT('Control Point',(-49.2118296307,-22.7278927266,80.)) ;
#3710=CARTESIAN_POINT('Vertex',(-49.2118296313,-22.7278927273,80.)) ;
#3714=CARTESIAN_POINT('Control Point',(-49.2118296307,-22.7278927266,80.)) ;
#3715=CARTESIAN_POINT('Control Point',(-49.2389219355,-22.6328361546,80.)) ;
#3716=CARTESIAN_POINT('Control Point',(-49.2594161808,-22.5358991953,80.)) ;
#3717=CARTESIAN_POINT('Control Point',(-49.2731373826,-22.4376902051,80.)) ;
#3718=CARTESIAN_POINT('Control Point',(-49.2799979931,-22.3388451347,80.)) ;
#3719=CARTESIAN_POINT('Control Point',(-49.2799979936,-22.24,80.)) ;
#3720=CARTESIAN_POINT('Vertex',(-49.28,-22.24,80.)) ;
#3724=CARTESIAN_POINT('Control Point',(-49.2799979936,-22.24,80.)) ;
#3725=CARTESIAN_POINT('Control Point',(-49.2799979941,-22.141154996,80.)) ;
#3726=CARTESIAN_POINT('Control Point',(-49.2731374029,-22.0423099278,80.)) ;
#3727=CARTESIAN_POINT('Control Point',(-49.2594162013,-21.9441008088,80.)) ;
#3728=CARTESIAN_POINT('Control Point',(-49.2389218996,-21.8471637181,80.)) ;
#3729=CARTESIAN_POINT('Control Point',(-49.2118296307,-21.7521072718,80.)) ;
#3730=CARTESIAN_POINT('Vertex',(-49.2118296313,-21.7521072727,80.)) ;
#3734=CARTESIAN_POINT('Control Point',(-49.2118296307,-21.7521072718,80.)) ;
#3735=CARTESIAN_POINT('Control Point',(-49.1881851595,-21.669147834,80.)) ;
#3736=CARTESIAN_POINT('Control Point',(-49.1505636787,-21.5901728525,80.)) ;
#3737=CARTESIAN_POINT('Control Point',(-49.0998435377,-21.5183130274,80.)) ;
#3738=CARTESIAN_POINT('Control Point',(-48.9968194887,-21.4151432197,80.)) ;
#3739=CARTESIAN_POINT('Control Point',(-48.8703658873,-21.3448521109,80.)) ;
#3740=CARTESIAN_POINT('Control Point',(-48.8168197549,-21.3225568242,80.)) ;
#3741=CARTESIAN_POINT('Control Point',(-48.7612292037,-21.3064665009,80.)) ;
#3742=CARTESIAN_POINT('Control Point',(-48.7045468222,-21.2967430781,80.)) ;
#3743=CARTESIAN_POINT('Vertex',(-48.7045468222,-21.2967430786,80.)) ;
#3746=CARTESIAN_POINT('Axis2P3D Location',(-48.7586500654,-20.9813499348,80.)) ;
#3750=CARTESIAN_POINT('Vertex',(-48.4432569214,-21.0354531778,80.)) ;
#3754=CARTESIAN_POINT('Control Point',(-48.4432569221,-21.0354531779,80.)) ;
#3755=CARTESIAN_POINT('Control Point',(-48.4286721842,-20.9504319164,80.)) ;
#3756=CARTESIAN_POINT('Control Point',(-48.3997629706,-20.8678687222,80.)) ;
#3757=CARTESIAN_POINT('Control Point',(-48.3570658178,-20.7909706073,80.)) ;
#3758=CARTESIAN_POINT('Control Point',(-48.2657356519,-20.6773186535,80.)) ;
#3759=CARTESIAN_POINT('Control Point',(-48.1475756196,-20.5938347512,80.)) ;
#3760=CARTESIAN_POINT('Control Point',(-48.0967380484,-20.5659097301,80.)) ;
#3761=CARTESIAN_POINT('Control Point',(-48.0432005273,-20.5439337803,80.)) ;
#3762=CARTESIAN_POINT('Control Point',(-47.9878927264,-20.5281703695,80.)) ;
#3763=CARTESIAN_POINT('Vertex',(-47.9878927273,-20.5281703687,80.)) ;
#3767=CARTESIAN_POINT('Control Point',(-47.9878927264,-20.5281703695,80.)) ;
#3768=CARTESIAN_POINT('Control Point',(-47.892836154,-20.5010780645,80.)) ;
#3769=CARTESIAN_POINT('Control Point',(-47.7958991943,-20.4805838192,80.)) ;
#3770=CARTESIAN_POINT('Control Point',(-47.6976902043,-20.4668626173,80.)) ;
#3771=CARTESIAN_POINT('Control Point',(-47.5988451343,-20.4600020069,80.)) ;
#3772=CARTESIAN_POINT('Control Point',(-47.5,-20.4600020064,80.)) ;
#3773=CARTESIAN_POINT('Vertex',(-47.5,-20.46,80.)) ;
#3777=CARTESIAN_POINT('Control Point',(-47.5,-20.4600020064,80.)) ;
#3778=CARTESIAN_POINT('Control Point',(-47.4011549968,-20.4600020059,80.)) ;
#3779=CARTESIAN_POINT('Control Point',(-47.3023099293,-20.4668625972,80.)) ;
#3780=CARTESIAN_POINT('Control Point',(-47.2041008107,-20.4805837988,80.)) ;
#3781=CARTESIAN_POINT('Control Point',(-47.1071637199,-20.5010781005,80.)) ;
#3782=CARTESIAN_POINT('Control Point',(-47.0121072736,-20.5281703695,80.)) ;
#3783=CARTESIAN_POINT('Vertex',(-47.0121072727,-20.5281703687,80.)) ;
#3787=CARTESIAN_POINT('Control Point',(-47.0121072736,-20.5281703695,80.)) ;
#3788=CARTESIAN_POINT('Control Point',(-46.9291478324,-20.5518148416,80.)) ;
#3789=CARTESIAN_POINT('Control Point',(-46.850172848,-20.5894363244,80.)) ;
#3790=CARTESIAN_POINT('Control Point',(-46.778313034,-20.6401564575,80.)) ;
#3791=CARTESIAN_POINT('Control Point',(-46.6751432204,-20.7431805111,80.)) ;
#3792=CARTESIAN_POINT('Control Point',(-46.604852109,-20.8696341194,80.)) ;
#3793=CARTESIAN_POINT('Control Point',(-46.5825568261,-20.9231802381,80.)) ;
#3794=CARTESIAN_POINT('Control Point',(-46.5664665014,-20.9787707928,80.)) ;
#3795=CARTESIAN_POINT('Control Point',(-46.5567430779,-21.0354531779,80.)) ;
#3796=CARTESIAN_POINT('Vertex',(-46.5567430786,-21.0354531778,80.)) ;
#3799=CARTESIAN_POINT('Axis2P3D Location',(-46.2413499346,-20.9813499348,80.)) ;
#3803=CARTESIAN_POINT('Vertex',(-46.2954531778,-21.2967430786,80.)) ;
#3807=CARTESIAN_POINT('Control Point',(-46.2954531778,-21.2967430781,80.)) ;
#3808=CARTESIAN_POINT('Control Point',(-46.2247067706,-21.3088790754,80.)) ;
#3809=CARTESIAN_POINT('Control Point',(-46.155662316,-21.3309332628,80.)) ;
#3810=CARTESIAN_POINT('Control Point',(-46.090168104,-21.3625931268,80.)) ;
#3811=CARTESIAN_POINT('Control Point',(-45.98999668,-21.429865617,80.)) ;
#3812=CARTESIAN_POINT('Control Point',(-45.908438641,-21.5179064345,80.)) ;
#3813=CARTESIAN_POINT('Control Point',(-45.8788481763,-21.5565741063,80.)) ;
#3814=CARTESIAN_POINT('Control Point',(-45.8534257679,-21.5971971467,80.)) ;
#3815=CARTESIAN_POINT('Control Point',(-45.8319755532,-21.6398189905,80.)) ;
#3816=CARTESIAN_POINT('Vertex',(-45.8319755536,-21.6398189911,80.)) ;
#3819=CARTESIAN_POINT('Axis2P3D Location',(-45.474672984,-21.4600000094,80.)) ;
#3823=CARTESIAN_POINT('Vertex',(-45.4746729778,-21.86,80.)) ;
#3826=CARTESIAN_POINT('Line Origine',(-44.7173364898,-21.8599999993,80.)) ;
#3830=CARTESIAN_POINT('Vertex',(-43.96,-21.86,80.)) ;
#3833=CARTESIAN_POINT('Axis2P3D Location',(-43.9599999985,-21.6100000017,80.)) ;
#3837=CARTESIAN_POINT('Vertex',(-43.71,-21.61,80.)) ;
#3840=CARTESIAN_POINT('Line Origine',(-43.7100000009,-21.08,80.)) ;
#3844=CARTESIAN_POINT('Vertex',(-43.71,-20.55,80.)) ;
#3847=CARTESIAN_POINT('Axis2P3D Location',(-43.9599999985,-20.5499999983,80.)) ;
#3851=CARTESIAN_POINT('Vertex',(-43.9599999996,-20.3,80.)) ;
#3854=CARTESIAN_POINT('Line Origine',(-43.979400103,-20.3000000006,80.)) ;
#3858=CARTESIAN_POINT('Vertex',(-43.9988002056,-20.3,80.)) ;
#3862=CARTESIAN_POINT('Control Point',(-43.9988002051,-20.3000000006,80.)) ;
#3863=CARTESIAN_POINT('Control Point',(-44.1251019833,-20.3000000006,80.)) ;
#3864=CARTESIAN_POINT('Control Point',(-44.2514033243,-20.2842990763,80.)) ;
#3865=CARTESIAN_POINT('Control Point',(-44.3751089568,-20.2528927474,80.)) ;
#3866=CARTESIAN_POINT('Control Point',(-44.5724226243,-20.1755485362,80.)) ;
#3867=CARTESIAN_POINT('Control Point',(-44.7489686008,-20.0599427388,80.)) ;
#3868=CARTESIAN_POINT('Control Point',(-44.8162441811,-20.0074047999,80.)) ;
#3869=CARTESIAN_POINT('Control Point',(-44.8781375064,-19.9501758325,80.)) ;
#3870=CARTESIAN_POINT('Control Point',(-44.9349104669,-19.8882526307,80.)) ;
#3871=CARTESIAN_POINT('Vertex',(-44.9349104665,-19.8882526316,80.)) ;
#3874=CARTESIAN_POINT('Axis2P3D Location',(-47.5000000059,-22.2400000129,80.)) ;
#3878=CARTESIAN_POINT('Vertex',(-46.8063479202,-18.8298318528,80.)) ;
#3882=CARTESIAN_POINT('Control Point',(-46.8063479196,-18.8298318534,80.)) ;
#3883=CARTESIAN_POINT('Control Point',(-46.91256101,-18.8082273671,80.)) ;
#3884=CARTESIAN_POINT('Control Point',(-47.0158465058,-18.772232694,80.)) ;
#3885=CARTESIAN_POINT('Control Point',(-47.1136118463,-18.7223692107,80.)) ;
#3886=CARTESIAN_POINT('Control Point',(-47.2632462524,-18.618242031,80.)) ;
#3887=CARTESIAN_POINT('Control Point',(-47.3852952845,-18.4840643485,80.)) ;
#3888=CARTESIAN_POINT('Control Point',(-47.4291232834,-18.4261148647,80.)) ;
#3889=CARTESIAN_POINT('Control Point',(-47.4674758419,-18.3645261939,80.)) ;
#3890=CARTESIAN_POINT('Control Point',(-47.5,-18.3000000006,80.)) ;
#3891=CARTESIAN_POINT('Vertex',(-47.5,-18.3,80.)) ;
#3894=CARTESIAN_POINT('Line Origine',(-48.75,-18.3000000006,80.)) ;
#3898=CARTESIAN_POINT('Vertex',(-50.,-18.3,80.)) ;
#3901=CARTESIAN_POINT('Line Origine',(-50.,-17.3000000006,80.)) ;
#3905=CARTESIAN_POINT('Vertex',(-50.,-16.3,80.)) ;
#3908=CARTESIAN_POINT('Line Origine',(-48.75,-16.3000000006,80.)) ;
#3912=CARTESIAN_POINT('Vertex',(-47.5,-16.3,80.)) ;
#3915=CARTESIAN_POINT('Line Origine',(-47.5,-15.5500000006,80.)) ;
#3919=CARTESIAN_POINT('Vertex',(-47.5,-14.8,80.)) ;
#3922=CARTESIAN_POINT('Line Origine',(-48.75,-14.8000000006,80.)) ;
#3926=CARTESIAN_POINT('Vertex',(-50.,-14.8,80.)) ;
#3929=CARTESIAN_POINT('Line Origine',(-50.,-13.8000000006,80.)) ;
#3933=CARTESIAN_POINT('Vertex',(-50.,-12.8,80.)) ;
#3936=CARTESIAN_POINT('Line Origine',(-48.75,-12.8000000006,80.)) ;
#3940=CARTESIAN_POINT('Vertex',(-47.5,-12.8,80.)) ;
#3943=CARTESIAN_POINT('Line Origine',(-47.5,-12.0500000006,80.)) ;
#3947=CARTESIAN_POINT('Vertex',(-47.5,-11.3,80.)) ;
#3950=CARTESIAN_POINT('Line Origine',(-48.75,-11.3000000006,80.)) ;
#3954=CARTESIAN_POINT('Vertex',(-50.,-11.3,80.)) ;
#3957=CARTESIAN_POINT('Line Origine',(-50.,-10.3000000006,80.)) ;
#3961=CARTESIAN_POINT('Vertex',(-50.,-9.3,80.)) ;
#3964=CARTESIAN_POINT('Line Origine',(-48.75,-9.30000000065,80.)) ;
#3968=CARTESIAN_POINT('Vertex',(-47.5,-9.3,80.)) ;
#3971=CARTESIAN_POINT('Line Origine',(-47.5,-8.55000000065,80.)) ;
#3975=CARTESIAN_POINT('Vertex',(-47.5,-7.8,80.)) ;
#3978=CARTESIAN_POINT('Line Origine',(-48.75,-7.80000000065,80.)) ;
#3982=CARTESIAN_POINT('Vertex',(-50.,-7.8,80.)) ;
#3985=CARTESIAN_POINT('Line Origine',(-50.,-6.80000000065,80.)) ;
#3989=CARTESIAN_POINT('Vertex',(-50.,-5.8,80.)) ;
#3992=CARTESIAN_POINT('Line Origine',(-48.75,-5.80000000065,80.)) ;
#3996=CARTESIAN_POINT('Vertex',(-47.5,-5.8,80.)) ;
#3999=CARTESIAN_POINT('Line Origine',(-47.5,-5.05000000065,80.)) ;
#4003=CARTESIAN_POINT('Vertex',(-47.5,-4.3,80.)) ;
#4006=CARTESIAN_POINT('Line Origine',(-48.75,-4.30000000065,80.)) ;
#4010=CARTESIAN_POINT('Vertex',(-50.,-4.3,80.)) ;
#4013=CARTESIAN_POINT('Line Origine',(-50.,-3.30000000065,80.)) ;
#4017=CARTESIAN_POINT('Vertex',(-50.,-2.3,80.)) ;
#4020=CARTESIAN_POINT('Line Origine',(-48.75,-2.30000000065,80.)) ;
#4024=CARTESIAN_POINT('Vertex',(-47.5,-2.3,80.)) ;
#4027=CARTESIAN_POINT('Line Origine',(-47.5,-1.55000000065,80.)) ;
#4031=CARTESIAN_POINT('Vertex',(-47.5,-0.8,80.)) ;
#4034=CARTESIAN_POINT('Line Origine',(-48.75,-0.800000000649,80.)) ;
#4038=CARTESIAN_POINT('Vertex',(-50.,-0.8,80.)) ;
#4041=CARTESIAN_POINT('Line Origine',(-50.,0.199999999351,80.)) ;
#4045=CARTESIAN_POINT('Vertex',(-50.,1.2,80.)) ;
#4048=CARTESIAN_POINT('Line Origine',(-48.75,1.19999999935,80.)) ;
#4052=CARTESIAN_POINT('Vertex',(-47.5,1.2,80.)) ;
#4055=CARTESIAN_POINT('Line Origine',(-47.5,1.94999999935,80.)) ;
#4059=CARTESIAN_POINT('Vertex',(-47.5,2.7,80.)) ;
#4062=CARTESIAN_POINT('Line Origine',(-48.75,2.69999999935,80.)) ;
#4066=CARTESIAN_POINT('Vertex',(-50.,2.7,80.)) ;
#4069=CARTESIAN_POINT('Line Origine',(-50.,3.69999999935,80.)) ;
#4073=CARTESIAN_POINT('Vertex',(-50.,4.7,80.)) ;
#4076=CARTESIAN_POINT('Line Origine',(-48.75,4.69999999935,80.)) ;
#4080=CARTESIAN_POINT('Vertex',(-47.5,4.7,80.)) ;
#4083=CARTESIAN_POINT('Line Origine',(-47.5,5.44999999935,80.)) ;
#4087=CARTESIAN_POINT('Vertex',(-47.5,6.2,80.)) ;
#4090=CARTESIAN_POINT('Line Origine',(-48.75,6.19999999935,80.)) ;
#4094=CARTESIAN_POINT('Vertex',(-50.,6.2,80.)) ;
#4097=CARTESIAN_POINT('Line Origine',(-50.,7.19999999935,80.)) ;
#4101=CARTESIAN_POINT('Vertex',(-50.,8.2,80.)) ;
#4104=CARTESIAN_POINT('Line Origine',(-48.75,8.19999999935,80.)) ;
#4108=CARTESIAN_POINT('Vertex',(-47.5,8.2,80.)) ;
#4111=CARTESIAN_POINT('Line Origine',(-47.5,8.94999999935,80.)) ;
#4115=CARTESIAN_POINT('Vertex',(-47.5,9.7,80.)) ;
#4118=CARTESIAN_POINT('Line Origine',(-48.75,9.69999999935,80.)) ;
#4122=CARTESIAN_POINT('Vertex',(-50.,9.7,80.)) ;
#4125=CARTESIAN_POINT('Line Origine',(-50.,10.6999999994,80.)) ;
#4129=CARTESIAN_POINT('Vertex',(-50.,11.7,80.)) ;
#4132=CARTESIAN_POINT('Line Origine',(-48.75,11.6999999994,80.)) ;
#4136=CARTESIAN_POINT('Vertex',(-47.5,11.7,80.)) ;
#4139=CARTESIAN_POINT('Line Origine',(-47.5,12.4499999994,80.)) ;
#4143=CARTESIAN_POINT('Vertex',(-47.5,13.2,80.)) ;
#4146=CARTESIAN_POINT('Line Origine',(-48.75,13.1999999994,80.)) ;
#4150=CARTESIAN_POINT('Vertex',(-50.,13.2,80.)) ;
#4153=CARTESIAN_POINT('Line Origine',(-50.,14.1999999994,80.)) ;
#4157=CARTESIAN_POINT('Vertex',(-50.,15.2,80.)) ;
#4160=CARTESIAN_POINT('Line Origine',(-48.75,15.1999999994,80.)) ;
#4164=CARTESIAN_POINT('Vertex',(-47.5,15.2,80.)) ;
#4167=CARTESIAN_POINT('Line Origine',(-47.5,15.9499999994,80.)) ;
#4171=CARTESIAN_POINT('Vertex',(-47.5,16.7,80.)) ;
#4174=CARTESIAN_POINT('Line Origine',(-48.75,16.6999999994,80.)) ;
#4178=CARTESIAN_POINT('Vertex',(-50.,16.7,80.)) ;
#4181=CARTESIAN_POINT('Line Origine',(-50.,17.6999999994,80.)) ;
#4185=CARTESIAN_POINT('Vertex',(-50.,18.7,80.)) ;
#4188=CARTESIAN_POINT('Line Origine',(-48.75,18.6999999994,80.)) ;
#4192=CARTESIAN_POINT('Vertex',(-47.5,18.7,80.)) ;
#4196=CARTESIAN_POINT('Control Point',(-47.5,18.6999999994,80.)) ;
#4197=CARTESIAN_POINT('Control Point',(-47.5,18.8076224163,80.)) ;
#4198=CARTESIAN_POINT('Control Point',(-47.4855217692,18.9152443214,80.)) ;
#4199=CARTESIAN_POINT('Control Point',(-47.4565597045,19.0202768306,80.)) ;
#4200=CARTESIAN_POINT('Control Point',(-47.3853474872,19.1866666216,80.)) ;
#4201=CARTESIAN_POINT('Control Point',(-47.2796021248,19.3324427082,80.)) ;
#4202=CARTESIAN_POINT('Control Point',(-47.2321715255,19.3867956303,80.)) ;
#4203=CARTESIAN_POINT('Control Point',(-47.1801241093,19.4365997105,80.)) ;
#4204=CARTESIAN_POINT('Control Point',(-47.1240610853,19.4813755565,80.)) ;
#4205=CARTESIAN_POINT('Vertex',(-47.1240610858,19.4813755571,80.)) ;
#4208=CARTESIAN_POINT('Axis2P3D Location',(-47.7481221709,20.2627511139,80.)) ;
#4212=CARTESIAN_POINT('Vertex',(-47.0410153908,20.9698578958,80.)) ;
#4215=CARTESIAN_POINT('Line Origine',(-47.1727461293,21.1015886349,80.)) ;
#4219=CARTESIAN_POINT('Vertex',(-47.3044768686,21.2333193737,80.)) ;
#4222=CARTESIAN_POINT('Axis2P3D Location',(-47.5000000003,20.9799999943,80.)) ;
#4226=CARTESIAN_POINT('Vertex',(-47.6847598608,21.2412734082,80.)) ;
#4230=CARTESIAN_POINT('Control Point',(-47.6847598609,21.2412734089,80.)) ;
#4231=CARTESIAN_POINT('Control Point',(-47.7551919393,21.1914672648,80.)) ;
#4232=CARTESIAN_POINT('Control Point',(-47.8340148358,21.153528171,80.)) ;
#4233=CARTESIAN_POINT('Control Point',(-47.9185814556,21.1293444384,80.)) ;
#4234=CARTESIAN_POINT('Control Point',(-48.0635256989,21.1135605509,80.)) ;
#4235=CARTESIAN_POINT('Control Point',(-48.2061094891,21.1380802757,80.)) ;
#4236=CARTESIAN_POINT('Control Point',(-48.2618030705,21.1542818992,80.)) ;
#4237=CARTESIAN_POINT('Control Point',(-48.3151991534,21.176599299,80.)) ;
#4238=CARTESIAN_POINT('Control Point',(-48.3654540852,21.2045614031,80.)) ;
#4239=CARTESIAN_POINT('Vertex',(-48.3654540846,21.2045614035,80.)) ;
#4243=CARTESIAN_POINT('Control Point',(-48.3654540852,21.2045614031,80.)) ;
#4244=CARTESIAN_POINT('Control Point',(-48.5381985647,21.3006773255,80.)) ;
#4245=CARTESIAN_POINT('Control Point',(-48.6975994705,21.4207738839,80.)) ;
#4246=CARTESIAN_POINT('Control Point',(-48.8392255859,21.5623995767,80.)) ;
#4247=CARTESIAN_POINT('Control Point',(-48.9593226744,21.7218014352,80.)) ;
#4248=CARTESIAN_POINT('Control Point',(-49.0554385968,21.8945459147,80.)) ;
#4249=CARTESIAN_POINT('Vertex',(-49.0554385965,21.8945459154,80.)) ;
#4253=CARTESIAN_POINT('Control Point',(-49.0554385968,21.8945459147,80.)) ;
#4254=CARTESIAN_POINT('Control Point',(-49.0973806126,21.9699262629,80.)) ;
#4255=CARTESIAN_POINT('Control Point',(-49.1266219536,22.0523724135,80.)) ;
#4256=CARTESIAN_POINT('Control Point',(-49.1415699653,22.1390495354,80.)) ;
#4257=CARTESIAN_POINT('Control Point',(-49.1416730327,22.2848506168,80.)) ;
#4258=CARTESIAN_POINT('Control Point',(-49.1019601499,22.423970142,80.)) ;
#4259=CARTESIAN_POINT('Control Point',(-49.0798624735,22.4775981023,80.)) ;
#4260=CARTESIAN_POINT('Control Point',(-49.0519315923,22.5282841399,80.)) ;
#4261=CARTESIAN_POINT('Control Point',(-49.018726591,22.575240139,80.)) ;
#4262=CARTESIAN_POINT('Vertex',(-49.0187265918,22.5752401392,80.)) ;
#4265=CARTESIAN_POINT('Axis2P3D Location',(-49.2800000085,22.7599999999,80.)) ;
#4269=CARTESIAN_POINT('Vertex',(-49.0187265918,22.9447598608,80.)) ;
#4273=CARTESIAN_POINT('Control Point',(-49.018726591,22.9447598607,80.)) ;
#4274=CARTESIAN_POINT('Control Point',(-49.0685327352,23.0151919394,80.)) ;
#4275=CARTESIAN_POINT('Control Point',(-49.1064718291,23.0940148362,80.)) ;
#4276=CARTESIAN_POINT('Control Point',(-49.1306555614,23.178581455,80.)) ;
#4277=CARTESIAN_POINT('Control Point',(-49.1464394491,23.3235256992,80.)) ;
#4278=CARTESIAN_POINT('Control Point',(-49.1219197239,23.4661094904,80.)) ;
#4279=CARTESIAN_POINT('Control Point',(-49.1057181013,23.521803069,80.)) ;
#4280=CARTESIAN_POINT('Control Point',(-49.0834007012,23.5751991526,80.)) ;
#4281=CARTESIAN_POINT('Control Point',(-49.0554385968,23.625454085,80.)) ;
#4283=CARTESIAN_POINT('Axis2P3D Location',(-47.5,24.5400000084,80.)) ;
#4287=CARTESIAN_POINT('Vertex',(-47.3152401392,24.2787265918,80.)) ;
#4291=CARTESIAN_POINT('Control Point',(-47.3152401391,24.2787265909,80.)) ;
#4292=CARTESIAN_POINT('Control Point',(-47.2448080601,24.3285327354,80.)) ;
#4293=CARTESIAN_POINT('Control Point',(-47.1659851628,24.3664718294,80.)) ;
#4294=CARTESIAN_POINT('Control Point',(-47.0814185459,24.3906555612,80.)) ;
#4295=CARTESIAN_POINT('Control Point',(-46.9364743007,24.4064394491,80.)) ;
#4296=CARTESIAN_POINT('Control Point',(-46.7938905086,24.3819197236,80.)) ;
#4297=CARTESIAN_POINT('Control Point',(-46.7381969316,24.3657181015,80.)) ;
#4298=CARTESIAN_POINT('Control Point',(-46.6848008476,24.3434007013,80.)) ;
#4299=CARTESIAN_POINT('Control Point',(-46.6345459148,24.3154385966,80.)) ;
#4300=CARTESIAN_POINT('Vertex',(-46.6345459154,24.3154385965,80.)) ;
#4304=CARTESIAN_POINT('Control Point',(-46.6345459148,24.3154385966,80.)) ;
#4305=CARTESIAN_POINT('Control Point',(-46.4618014347,24.2193226739,80.)) ;
#4306=CARTESIAN_POINT('Control Point',(-46.3024005284,24.099226115,80.)) ;
#4307=CARTESIAN_POINT('Control Point',(-46.1607744149,23.9576004241,80.)) ;
#4308=CARTESIAN_POINT('Control Point',(-46.040677326,23.7981985652,80.)) ;
#4309=CARTESIAN_POINT('Control Point',(-45.9445614032,23.625454085,80.)) ;
#4310=CARTESIAN_POINT('Vertex',(-45.9445614035,23.6254540846,80.)) ;
#4314=CARTESIAN_POINT('Control Point',(-45.9445614032,23.625454085,80.)) ;
#4315=CARTESIAN_POINT('Control Point',(-45.9026193873,23.5500737367,80.)) ;
#4316=CARTESIAN_POINT('Control Point',(-45.8733780463,23.467627586,80.)) ;
#4317=CARTESIAN_POINT('Control Point',(-45.8584300347,23.3809504646,80.)) ;
#4318=CARTESIAN_POINT('Control Point',(-45.8583269673,23.2351493836,80.)) ;
#4319=CARTESIAN_POINT('Control Point',(-45.8980398499,23.0960298586,80.)) ;
#4320=CARTESIAN_POINT('Control Point',(-45.9201375269,23.0424018966,80.)) ;
#4321=CARTESIAN_POINT('Control Point',(-45.948068408,22.9917158594,80.)) ;
#4322=CARTESIAN_POINT('Control Point',(-45.981273409,22.9447598607,80.)) ;
#4323=CARTESIAN_POINT('Vertex',(-45.9812734082,22.9447598608,80.)) ;
#4326=CARTESIAN_POINT('Axis2P3D Location',(-45.7199999995,22.7600000008,80.)) ;
#4557=CARTESIAN_POINT('Axis2P3D Location',(-48.4961797753,23.3142795823,80.)) ;
#4562=CARTESIAN_POINT('Line Origine',(-49.0187265918,22.9447598608,80.)) ;
#4575=CARTESIAN_POINT('Axis2P3D Location',(-45.25,23.251426495,80.)) ;
#4580=CARTESIAN_POINT('Line Origine',(-44.25,23.251426495,80.)) ;
#4585=CARTESIAN_POINT('Line Origine',(-45.9411764706,22.5287404729,80.)) ;
#4598=CARTESIAN_POINT('Axis2P3D Location',(-45.72,22.76,80.)) ;
#4603=CARTESIAN_POINT('Line Origine',(-45.9812734082,22.9447598608,80.)) ;
#4616=CARTESIAN_POINT('Axis2P3D Location',(-46.5038202247,23.3142795823,80.)) ;
#4621=CARTESIAN_POINT('Line Origine',(-45.9445614035,23.6254540846,80.)) ;
#4634=CARTESIAN_POINT('Axis2P3D Location',(-47.5,22.76,80.)) ;
#4639=CARTESIAN_POINT('Line Origine',(-46.6345459154,24.3154385965,80.)) ;
#4652=CARTESIAN_POINT('Axis2P3D Location',(-46.9457204177,23.7561797753,80.)) ;
#4657=CARTESIAN_POINT('Line Origine',(-47.3152401392,24.2787265918,80.)) ;
#4670=CARTESIAN_POINT('Axis2P3D Location',(-47.5,24.54,80.)) ;
#4683=CARTESIAN_POINT('Axis2P3D Location',(-49.28,22.76,80.)) ;
#4688=CARTESIAN_POINT('Line Origine',(-49.0187265918,22.5752401392,80.)) ;
#4701=CARTESIAN_POINT('Axis2P3D Location',(-48.4961797753,22.2057204177,80.)) ;
#4706=CARTESIAN_POINT('Line Origine',(-49.0554385965,21.8945459154,80.)) ;
#4719=CARTESIAN_POINT('Axis2P3D Location',(-47.5,22.76,80.)) ;
#4724=CARTESIAN_POINT('Line Origine',(-48.3654540846,21.2045614035,80.)) ;
#4737=CARTESIAN_POINT('Axis2P3D Location',(-48.0542795823,21.7638202247,80.)) ;
#4742=CARTESIAN_POINT('Line Origine',(-47.6847598608,21.2412734082,80.)) ;
#4755=CARTESIAN_POINT('Axis2P3D Location',(-47.5,20.98,80.)) ;
#4760=CARTESIAN_POINT('Line Origine',(-47.3044768686,21.2333193737,80.)) ;
#4773=CARTESIAN_POINT('Axis2P3D Location',(-47.3044768686,21.2333193737,80.)) ;
#4778=CARTESIAN_POINT('Line Origine',(-47.0410153908,20.9698578958,0.)) ;
#4791=CARTESIAN_POINT('Axis2P3D Location',(-47.7481221715,20.2627511142,80.)) ;
#4796=CARTESIAN_POINT('Line Origine',(-47.1240610858,19.4813755571,80.)) ;
#4809=CARTESIAN_POINT('Axis2P3D Location',(-46.5,18.7,80.)) ;
#4814=CARTESIAN_POINT('Line Origine',(-47.5,18.7,80.)) ;
#4827=CARTESIAN_POINT('Axis2P3D Location',(-44.25,18.7,80.)) ;
#4832=CARTESIAN_POINT('Line Origine',(-50.,18.7,0.)) ;
#4845=CARTESIAN_POINT('Axis2P3D Location',(-50.,18.7,80.)) ;
#4850=CARTESIAN_POINT('Line Origine',(-50.,16.7,0.)) ;
#4863=CARTESIAN_POINT('Axis2P3D Location',(-50.,16.7,80.)) ;
#4868=CARTESIAN_POINT('Line Origine',(-47.5,16.7,0.)) ;
#4881=CARTESIAN_POINT('Axis2P3D Location',(-47.5,16.7,80.)) ;
#4886=CARTESIAN_POINT('Line Origine',(-47.5,15.2,0.)) ;
#4899=CARTESIAN_POINT('Axis2P3D Location',(-47.5,15.2,80.)) ;
#4904=CARTESIAN_POINT('Line Origine',(-50.,15.2,0.)) ;
#4917=CARTESIAN_POINT('Axis2P3D Location',(-50.,15.2,80.)) ;
#4922=CARTESIAN_POINT('Line Origine',(-50.,13.2,0.)) ;
#4935=CARTESIAN_POINT('Axis2P3D Location',(-50.,13.2,80.)) ;
#4940=CARTESIAN_POINT('Line Origine',(-47.5,13.2,0.)) ;
#4953=CARTESIAN_POINT('Axis2P3D Location',(-47.5,13.2,80.)) ;
#4958=CARTESIAN_POINT('Line Origine',(-47.5,11.7,0.)) ;
#4971=CARTESIAN_POINT('Axis2P3D Location',(-47.5,11.7,80.)) ;
#4976=CARTESIAN_POINT('Line Origine',(-50.,11.7,0.)) ;
#4989=CARTESIAN_POINT('Axis2P3D Location',(-50.,11.7,80.)) ;
#4994=CARTESIAN_POINT('Line Origine',(-50.,9.7,0.)) ;
#5007=CARTESIAN_POINT('Axis2P3D Location',(-50.,9.7,80.)) ;
#5012=CARTESIAN_POINT('Line Origine',(-47.5,9.7,0.)) ;
#5025=CARTESIAN_POINT('Axis2P3D Location',(-47.5,9.7,80.)) ;
#5030=CARTESIAN_POINT('Line Origine',(-47.5,8.2,0.)) ;
#5043=CARTESIAN_POINT('Axis2P3D Location',(-47.5,8.2,80.)) ;
#5048=CARTESIAN_POINT('Line Origine',(-50.,8.2,0.)) ;
#5061=CARTESIAN_POINT('Axis2P3D Location',(-50.,8.2,80.)) ;
#5066=CARTESIAN_POINT('Line Origine',(-50.,6.2,0.)) ;
#5079=CARTESIAN_POINT('Axis2P3D Location',(-50.,6.2,80.)) ;
#5084=CARTESIAN_POINT('Line Origine',(-47.5,6.2,0.)) ;
#5097=CARTESIAN_POINT('Axis2P3D Location',(-47.5,6.2,80.)) ;
#5102=CARTESIAN_POINT('Line Origine',(-47.5,4.7,0.)) ;
#5115=CARTESIAN_POINT('Axis2P3D Location',(-47.5,4.7,80.)) ;
#5120=CARTESIAN_POINT('Line Origine',(-50.,4.7,0.)) ;
#5133=CARTESIAN_POINT('Axis2P3D Location',(-50.,4.7,80.)) ;
#5138=CARTESIAN_POINT('Line Origine',(-50.,2.7,0.)) ;
#5151=CARTESIAN_POINT('Axis2P3D Location',(-50.,2.7,80.)) ;
#5156=CARTESIAN_POINT('Line Origine',(-47.5,2.7,0.)) ;
#5169=CARTESIAN_POINT('Axis2P3D Location',(-47.5,2.7,80.)) ;
#5174=CARTESIAN_POINT('Line Origine',(-47.5,1.2,0.)) ;
#5187=CARTESIAN_POINT('Axis2P3D Location',(-47.5,1.2,80.)) ;
#5192=CARTESIAN_POINT('Line Origine',(-50.,1.2,0.)) ;
#5205=CARTESIAN_POINT('Axis2P3D Location',(-50.,1.2,80.)) ;
#5210=CARTESIAN_POINT('Line Origine',(-50.,-0.8,0.)) ;
#5223=CARTESIAN_POINT('Axis2P3D Location',(-50.,-0.8,80.)) ;
#5228=CARTESIAN_POINT('Line Origine',(-47.5,-0.8,0.)) ;
#5241=CARTESIAN_POINT('Axis2P3D Location',(-47.5,-0.8,80.)) ;
#5246=CARTESIAN_POINT('Line Origine',(-47.5,-2.3,0.)) ;
#5259=CARTESIAN_POINT('Axis2P3D Location',(-47.5,-2.3,80.)) ;
#5264=CARTESIAN_POINT('Line Origine',(-50.,-2.3,0.)) ;
#5277=CARTESIAN_POINT('Axis2P3D Location',(-50.,-2.3,80.)) ;
#5282=CARTESIAN_POINT('Line Origine',(-50.,-4.3,0.)) ;
#5295=CARTESIAN_POINT('Axis2P3D Location',(-50.,-4.3,80.)) ;
#5300=CARTESIAN_POINT('Line Origine',(-47.5,-4.3,0.)) ;
#5313=CARTESIAN_POINT('Axis2P3D Location',(-47.5,-4.3,80.)) ;
#5318=CARTESIAN_POINT('Line Origine',(-47.5,-5.8,0.)) ;
#5331=CARTESIAN_POINT('Axis2P3D Location',(-47.5,-5.8,80.)) ;
#5336=CARTESIAN_POINT('Line Origine',(-50.,-5.8,0.)) ;
#5349=CARTESIAN_POINT('Axis2P3D Location',(-50.,-5.8,80.)) ;
#5354=CARTESIAN_POINT('Line Origine',(-50.,-7.8,0.)) ;
#5367=CARTESIAN_POINT('Axis2P3D Location',(-50.,-7.8,80.)) ;
#5372=CARTESIAN_POINT('Line Origine',(-47.5,-7.8,0.)) ;
#5385=CARTESIAN_POINT('Axis2P3D Location',(-47.5,-7.8,80.)) ;
#5390=CARTESIAN_POINT('Line Origine',(-47.5,-9.3,0.)) ;
#5403=CARTESIAN_POINT('Axis2P3D Location',(-47.5,-9.3,80.)) ;
#5408=CARTESIAN_POINT('Line Origine',(-50.,-9.3,0.)) ;
#5421=CARTESIAN_POINT('Axis2P3D Location',(-50.,-9.3,80.)) ;
#5426=CARTESIAN_POINT('Line Origine',(-50.,-11.3,0.)) ;
#5439=CARTESIAN_POINT('Axis2P3D Location',(-50.,-11.3,80.)) ;
#5444=CARTESIAN_POINT('Line Origine',(-47.5,-11.3,0.)) ;
#5457=CARTESIAN_POINT('Axis2P3D Location',(-47.5,-11.3,80.)) ;
#5462=CARTESIAN_POINT('Line Origine',(-47.5,-12.8,0.)) ;
#5475=CARTESIAN_POINT('Axis2P3D Location',(-47.5,-12.8,80.)) ;
#5480=CARTESIAN_POINT('Line Origine',(-50.,-12.8,0.)) ;
#5493=CARTESIAN_POINT('Axis2P3D Location',(-50.,-12.8,80.)) ;
#5498=CARTESIAN_POINT('Line Origine',(-50.,-14.8,0.)) ;
#5511=CARTESIAN_POINT('Axis2P3D Location',(-50.,-14.8,80.)) ;
#5516=CARTESIAN_POINT('Line Origine',(-47.5,-14.8,0.)) ;
#5529=CARTESIAN_POINT('Axis2P3D Location',(-47.5,-14.8,80.)) ;
#5534=CARTESIAN_POINT('Line Origine',(-47.5,-16.3,0.)) ;
#5547=CARTESIAN_POINT('Axis2P3D Location',(-47.5,-16.3,80.)) ;
#5552=CARTESIAN_POINT('Line Origine',(-50.,-16.3,0.)) ;
#5565=CARTESIAN_POINT('Axis2P3D Location',(-50.,-16.3,80.)) ;
#5570=CARTESIAN_POINT('Line Origine',(-50.,-18.3,0.)) ;
#5583=CARTESIAN_POINT('Axis2P3D Location',(-50.,-18.3,80.)) ;
#5588=CARTESIAN_POINT('Line Origine',(-47.5,-18.3,0.)) ;
#5601=CARTESIAN_POINT('Axis2P3D Location',(-46.60702261,-17.8498984772,80.)) ;
#5606=CARTESIAN_POINT('Line Origine',(-46.8063479202,-18.8298318528,80.)) ;
#5619=CARTESIAN_POINT('Axis2P3D Location',(-47.5,-22.24,80.)) ;
#5624=CARTESIAN_POINT('Line Origine',(-44.9349104665,-19.8882526316,80.)) ;
#5637=CARTESIAN_POINT('Axis2P3D Location',(-43.9988002056,-19.03,80.)) ;
#5642=CARTESIAN_POINT('Line Origine',(-43.9988002056,-20.3,80.)) ;
#5655=CARTESIAN_POINT('Axis2P3D Location',(-43.9988002056,-20.3,80.)) ;
#5660=CARTESIAN_POINT('Line Origine',(-43.9599999996,-20.3,0.)) ;
#5673=CARTESIAN_POINT('Axis2P3D Location',(-43.96,-20.55,80.)) ;
#5678=CARTESIAN_POINT('Line Origine',(-43.71,-20.55,80.)) ;
#5691=CARTESIAN_POINT('Axis2P3D Location',(-43.71,-18.3,80.)) ;
#5696=CARTESIAN_POINT('Line Origine',(-43.71,-21.6100000005,0.)) ;
#5709=CARTESIAN_POINT('Axis2P3D Location',(-43.96,-21.61,80.)) ;
#5714=CARTESIAN_POINT('Line Origine',(-43.96,-21.86,80.)) ;
#5727=CARTESIAN_POINT('Axis2P3D Location',(-43.96,-21.86,80.)) ;
#5732=CARTESIAN_POINT('Line Origine',(-45.4746729778,-21.86,0.)) ;
#5745=CARTESIAN_POINT('Axis2P3D Location',(-45.4746729781,-21.46,80.)) ;
#5750=CARTESIAN_POINT('Line Origine',(-45.8319755536,-21.6398189911,80.)) ;
#5763=CARTESIAN_POINT('Axis2P3D Location',(-46.4036596743,-21.9275293769,80.)) ;
#5768=CARTESIAN_POINT('Line Origine',(-46.2954531778,-21.2967430786,80.)) ;
#5781=CARTESIAN_POINT('Axis2P3D Location',(-46.2413499295,-20.9813499295,80.)) ;
#5786=CARTESIAN_POINT('Line Origine',(-46.5567430786,-21.0354531778,80.)) ;
#5799=CARTESIAN_POINT('Axis2P3D Location',(-47.1875293769,-21.1436596743,80.)) ;
#5804=CARTESIAN_POINT('Line Origine',(-47.0121072727,-20.5281703687,80.)) ;
#5817=CARTESIAN_POINT('Axis2P3D Location',(-47.5,-22.24,80.)) ;
#5822=CARTESIAN_POINT('Line Origine',(-47.5,-20.46,80.)) ;
#5835=CARTESIAN_POINT('Axis2P3D Location',(-47.5,-22.24,80.)) ;
#5840=CARTESIAN_POINT('Line Origine',(-47.9878927273,-20.5281703687,80.)) ;
#5853=CARTESIAN_POINT('Axis2P3D Location',(-47.8124706231,-21.1436596743,80.)) ;
#5858=CARTESIAN_POINT('Line Origine',(-48.4432569214,-21.0354531778,80.)) ;
#5871=CARTESIAN_POINT('Axis2P3D Location',(-48.7586500705,-20.9813499295,80.)) ;
#5876=CARTESIAN_POINT('Line Origine',(-48.7045468222,-21.2967430786,80.)) ;
#5889=CARTESIAN_POINT('Axis2P3D Location',(-48.5963403257,-21.9275293769,80.)) ;
#5894=CARTESIAN_POINT('Line Origine',(-49.2118296313,-21.7521072727,80.)) ;
#5907=CARTESIAN_POINT('Axis2P3D Location',(-47.5,-22.24,80.)) ;
#5912=CARTESIAN_POINT('Line Origine',(-49.28,-22.24,80.)) ;
#5925=CARTESIAN_POINT('Axis2P3D Location',(-47.5,-22.24,80.)) ;
#5930=CARTESIAN_POINT('Line Origine',(-49.2118296313,-22.7278927273,80.)) ;
#5943=CARTESIAN_POINT('Axis2P3D Location',(-48.5963403257,-22.5524706231,80.)) ;
#5948=CARTESIAN_POINT('Line Origine',(-48.7045468222,-23.1832569214,80.)) ;
#5961=CARTESIAN_POINT('Axis2P3D Location',(-48.7586500705,-23.4986500705,80.)) ;
#5966=CARTESIAN_POINT('Line Origine',(-48.4432569214,-23.4445468222,80.)) ;
#5979=CARTESIAN_POINT('Axis2P3D Location',(-47.8124706231,-23.3363403257,80.)) ;
#5984=CARTESIAN_POINT('Line Origine',(-47.9878927273,-23.9518296313,80.)) ;
#5997=CARTESIAN_POINT('Axis2P3D Location',(-47.5,-22.24,80.)) ;
#6002=CARTESIAN_POINT('Line Origine',(-47.5,-24.02,80.)) ;
#6015=CARTESIAN_POINT('Axis2P3D Location',(-47.5,-22.24,80.)) ;
#6020=CARTESIAN_POINT('Line Origine',(-47.0121072727,-23.9518296313,80.)) ;
#6033=CARTESIAN_POINT('Axis2P3D Location',(-47.1875293769,-23.3363403257,80.)) ;
#6038=CARTESIAN_POINT('Line Origine',(-46.7840939882,-23.8331701628,80.)) ;
#6051=CARTESIAN_POINT('Axis2P3D Location',(-46.3806585994,-24.33,80.)) ;
#6056=CARTESIAN_POINT('Line Origine',(-46.3806585994,-23.69,80.)) ;
#6069=CARTESIAN_POINT('Axis2P3D Location',(-46.3806585994,-23.69,80.)) ;
#6074=CARTESIAN_POINT('Line Origine',(-44.7,-23.69,0.)) ;
#6087=CARTESIAN_POINT('Axis2P3D Location',(-44.7,-24.68,80.)) ;
#6092=CARTESIAN_POINT('Line Origine',(-43.71,-24.68,80.)) ;
#6105=CARTESIAN_POINT('Axis2P3D Location',(-43.71,-18.3,80.)) ;
#6110=CARTESIAN_POINT('Line Origine',(-43.71,-25.6000000007,0.)) ;
#6123=CARTESIAN_POINT('Axis2P3D Location',(-43.71,-26.24,80.)) ;
#6128=CARTESIAN_POINT('Line Origine',(-44.35,-26.24,80.)) ;
#6141=CARTESIAN_POINT('Axis2P3D Location',(47.5,-26.24,0.)) ;
#6146=CARTESIAN_POINT('Line Origine',(-47.5,-26.24,0.)) ;
#6159=CARTESIAN_POINT('Axis2P3D Location',(-47.5,-22.24,0.)) ;
#6164=CARTESIAN_POINT('Line Origine',(-51.5,-22.24,0.)) ;
#6177=CARTESIAN_POINT('Axis2P3D Location',(-51.5,-22.24,0.)) ;
#6182=CARTESIAN_POINT('Line Origine',(-51.5,-20.7000000009,0.)) ;
#6195=CARTESIAN_POINT('Axis2P3D Location',(-51.5,-20.4,0.)) ;
#6200=CARTESIAN_POINT('Line Origine',(-51.5,-20.1,0.)) ;
#6213=CARTESIAN_POINT('Axis2P3D Location',(-51.5,-20.1,0.)) ;
#6218=CARTESIAN_POINT('Line Origine',(-51.5,-12.5399999995,0.)) ;
#6231=CARTESIAN_POINT('Axis2P3D Location',(-51.5,-12.24,0.)) ;
#6236=CARTESIAN_POINT('Line Origine',(-51.5,-11.94,0.)) ;
#6249=CARTESIAN_POINT('Axis2P3D Location',(-51.5,-11.94,0.)) ;
#6254=CARTESIAN_POINT('Line Origine',(-51.5,-4.37999999948,0.)) ;
#6267=CARTESIAN_POINT('Axis2P3D Location',(-51.5,-4.08,0.)) ;
#6272=CARTESIAN_POINT('Line Origine',(-51.5,-3.78,0.)) ;
#6285=CARTESIAN_POINT('Axis2P3D Location',(-51.5,-3.78,0.)) ;
#6290=CARTESIAN_POINT('Line Origine',(-51.5,3.78000000052,0.)) ;
#6303=CARTESIAN_POINT('Axis2P3D Location',(-51.5,4.08,0.)) ;
#6308=CARTESIAN_POINT('Line Origine',(-51.5,4.38,0.)) ;
#6321=CARTESIAN_POINT('Axis2P3D Location',(-51.5,4.38,0.)) ;
#6326=CARTESIAN_POINT('Line Origine',(-51.5,11.9400000005,0.)) ;
#6339=CARTESIAN_POINT('Axis2P3D Location',(-51.5,12.24,0.)) ;
#6344=CARTESIAN_POINT('Line Origine',(-51.5,12.54,0.)) ;
#6357=CARTESIAN_POINT('Axis2P3D Location',(-51.5,12.54,0.)) ;
#6362=CARTESIAN_POINT('Line Origine',(-51.5,20.1000000005,0.)) ;
#6375=CARTESIAN_POINT('Axis2P3D Location',(-51.5,20.4,0.)) ;
#6380=CARTESIAN_POINT('Line Origine',(-51.5,20.7,0.)) ;
#6393=CARTESIAN_POINT('Axis2P3D Location',(-51.5,20.7,0.)) ;
#6398=CARTESIAN_POINT('Line Origine',(-51.5,22.7600000005,0.)) ;
#6411=CARTESIAN_POINT('Axis2P3D Location',(-47.5,22.76,0.)) ;
#6416=CARTESIAN_POINT('Line Origine',(-47.5,26.76,0.)) ;
#6429=CARTESIAN_POINT('Axis2P3D Location',(-47.5,26.76,0.)) ;
#6434=CARTESIAN_POINT('Line Origine',(-45.4499999993,26.76,0.)) ;
#6447=CARTESIAN_POINT('Axis2P3D Location',(-45.15,26.76,0.)) ;
#6452=CARTESIAN_POINT('Line Origine',(-44.85,26.76,0.)) ;
#6465=CARTESIAN_POINT('Axis2P3D Location',(-44.85,26.76,0.)) ;
#6470=CARTESIAN_POINT('Line Origine',(44.8499999993,26.76,0.)) ;
#6483=CARTESIAN_POINT('Axis2P3D Location',(45.15,26.76,0.)) ;
#6488=CARTESIAN_POINT('Line Origine',(45.45,26.76,0.)) ;
#6501=CARTESIAN_POINT('Axis2P3D Location',(45.45,26.76,0.)) ;
#6506=CARTESIAN_POINT('Line Origine',(47.5000000007,26.76,0.)) ;
#6519=CARTESIAN_POINT('Axis2P3D Location',(47.5,22.76,0.)) ;
#6524=CARTESIAN_POINT('Line Origine',(51.5,22.76,0.)) ;
#6537=CARTESIAN_POINT('Axis2P3D Location',(51.5,22.76,0.)) ;
#6542=CARTESIAN_POINT('Line Origine',(51.5,20.6999999995,0.)) ;
#6555=CARTESIAN_POINT('Axis2P3D Location',(51.5,20.4,0.)) ;
#6560=CARTESIAN_POINT('Line Origine',(51.5,20.1,0.)) ;
#6573=CARTESIAN_POINT('Axis2P3D Location',(51.5,20.1,0.)) ;
#6578=CARTESIAN_POINT('Line Origine',(51.5,12.5399999995,0.)) ;
#6591=CARTESIAN_POINT('Axis2P3D Location',(51.5,12.24,0.)) ;
#6596=CARTESIAN_POINT('Line Origine',(51.5,11.94,0.)) ;
#6609=CARTESIAN_POINT('Axis2P3D Location',(51.5,11.94,0.)) ;
#6614=CARTESIAN_POINT('Line Origine',(51.5,4.37999999948,0.)) ;
#6627=CARTESIAN_POINT('Axis2P3D Location',(51.5,4.08,0.)) ;
#6632=CARTESIAN_POINT('Line Origine',(51.5,3.78,0.)) ;
#6645=CARTESIAN_POINT('Axis2P3D Location',(51.5,3.78,0.)) ;
#6650=CARTESIAN_POINT('Line Origine',(51.5,-3.78000000052,0.)) ;
#6663=CARTESIAN_POINT('Axis2P3D Location',(51.5,-4.08,0.)) ;
#6668=CARTESIAN_POINT('Line Origine',(51.5,-4.38,0.)) ;
#6681=CARTESIAN_POINT('Axis2P3D Location',(51.5,-4.38,0.)) ;
#6686=CARTESIAN_POINT('Line Origine',(51.5,-11.9400000005,0.)) ;
#6699=CARTESIAN_POINT('Axis2P3D Location',(51.5,-12.24,0.)) ;
#6704=CARTESIAN_POINT('Line Origine',(51.5,-12.54,0.)) ;
#6717=CARTESIAN_POINT('Axis2P3D Location',(51.5,-12.54,0.)) ;
#6722=CARTESIAN_POINT('Line Origine',(51.5,-20.1000000005,0.)) ;
#6735=CARTESIAN_POINT('Axis2P3D Location',(51.5,-20.4,0.)) ;
#6740=CARTESIAN_POINT('Line Origine',(51.5,-20.7,0.)) ;
#6753=CARTESIAN_POINT('Axis2P3D Location',(51.5,-20.7,0.)) ;
#6758=CARTESIAN_POINT('Line Origine',(51.5,-22.2399999991,0.)) ;
#6771=CARTESIAN_POINT('Axis2P3D Location',(47.5,-22.24,0.)) ;
#6776=CARTESIAN_POINT('Line Origine',(47.5,-26.24,0.)) ;
#6789=CARTESIAN_POINT('Axis2P3D Location',(47.5,-26.24,0.)) ;
#6794=CARTESIAN_POINT('Line Origine',(44.3499999996,-26.24,0.)) ;
#6807=CARTESIAN_POINT('Axis2P3D Location',(43.71,-26.24,80.)) ;
#6812=CARTESIAN_POINT('Line Origine',(43.71,-25.6,80.)) ;
#6825=CARTESIAN_POINT('Axis2P3D Location',(43.71,-26.24,80.)) ;
#6830=CARTESIAN_POINT('Line Origine',(43.71,-24.6799999995,0.)) ;
#6843=CARTESIAN_POINT('Axis2P3D Location',(44.7,-24.68,80.)) ;
#6848=CARTESIAN_POINT('Line Origine',(44.7,-23.69,80.)) ;
#6861=CARTESIAN_POINT('Axis2P3D Location',(44.7,-23.69,80.)) ;
#6866=CARTESIAN_POINT('Line Origine',(46.3806585994,-23.69,0.)) ;
#6879=CARTESIAN_POINT('Axis2P3D Location',(46.3806585994,-24.33,80.)) ;
#6884=CARTESIAN_POINT('Line Origine',(46.7840939882,-23.8331701628,80.)) ;
#6897=CARTESIAN_POINT('Axis2P3D Location',(47.1875293769,-23.3363403257,80.)) ;
#6902=CARTESIAN_POINT('Line Origine',(47.0121072727,-23.9518296313,80.)) ;
#6915=CARTESIAN_POINT('Axis2P3D Location',(47.5,-22.24,80.)) ;
#6920=CARTESIAN_POINT('Line Origine',(47.5,-24.02,80.)) ;
#6933=CARTESIAN_POINT('Axis2P3D Location',(47.5,-22.24,80.)) ;
#6938=CARTESIAN_POINT('Line Origine',(47.9878927273,-23.9518296313,80.)) ;
#6951=CARTESIAN_POINT('Axis2P3D Location',(47.8124706231,-23.3363403257,80.)) ;
#6956=CARTESIAN_POINT('Line Origine',(48.4432569214,-23.4445468222,80.)) ;
#6969=CARTESIAN_POINT('Axis2P3D Location',(48.7586500705,-23.4986500705,80.)) ;
#6974=CARTESIAN_POINT('Line Origine',(48.7045468222,-23.1832569214,80.)) ;
#6987=CARTESIAN_POINT('Axis2P3D Location',(48.5963403257,-22.5524706231,80.)) ;
#6992=CARTESIAN_POINT('Line Origine',(49.2118296313,-22.7278927273,80.)) ;
#7005=CARTESIAN_POINT('Axis2P3D Location',(47.5,-22.24,80.)) ;
#7010=CARTESIAN_POINT('Line Origine',(49.28,-22.24,80.)) ;
#7023=CARTESIAN_POINT('Axis2P3D Location',(47.5,-22.24,80.)) ;
#7028=CARTESIAN_POINT('Line Origine',(49.2118296313,-21.7521072727,80.)) ;
#7041=CARTESIAN_POINT('Axis2P3D Location',(48.5963403257,-21.9275293769,80.)) ;
#7046=CARTESIAN_POINT('Line Origine',(48.7045468222,-21.2967430786,80.)) ;
#7059=CARTESIAN_POINT('Axis2P3D Location',(48.7586500705,-20.9813499295,80.)) ;
#7064=CARTESIAN_POINT('Line Origine',(48.4432569214,-21.0354531778,80.)) ;
#7077=CARTESIAN_POINT('Axis2P3D Location',(47.8124706231,-21.1436596743,80.)) ;
#7082=CARTESIAN_POINT('Line Origine',(47.9878927273,-20.5281703687,80.)) ;
#7095=CARTESIAN_POINT('Axis2P3D Location',(47.5,-22.24,80.)) ;
#7100=CARTESIAN_POINT('Line Origine',(47.5,-20.46,80.)) ;
#7113=CARTESIAN_POINT('Axis2P3D Location',(47.5,-22.24,80.)) ;
#7118=CARTESIAN_POINT('Line Origine',(47.0121072727,-20.5281703687,80.)) ;
#7131=CARTESIAN_POINT('Axis2P3D Location',(47.1875293769,-21.1436596743,80.)) ;
#7136=CARTESIAN_POINT('Line Origine',(46.5567430786,-21.0354531778,80.)) ;
#7149=CARTESIAN_POINT('Axis2P3D Location',(46.2413499295,-20.9813499295,80.)) ;
#7154=CARTESIAN_POINT('Line Origine',(46.2954531778,-21.2967430786,80.)) ;
#7167=CARTESIAN_POINT('Axis2P3D Location',(46.4036596743,-21.9275293769,80.)) ;
#7172=CARTESIAN_POINT('Line Origine',(45.8319755536,-21.6398189911,80.)) ;
#7185=CARTESIAN_POINT('Axis2P3D Location',(45.4746729781,-21.46,80.)) ;
#7190=CARTESIAN_POINT('Line Origine',(45.4746729781,-21.86,80.)) ;
#7203=CARTESIAN_POINT('Axis2P3D Location',(45.4746729781,-21.86,80.)) ;
#7208=CARTESIAN_POINT('Line Origine',(43.9600000003,-21.86,0.)) ;
#7221=CARTESIAN_POINT('Axis2P3D Location',(43.96,-21.61,80.)) ;
#7226=CARTESIAN_POINT('Line Origine',(43.71,-21.61,80.)) ;
#7239=CARTESIAN_POINT('Axis2P3D Location',(43.71,-26.24,80.)) ;
#7244=CARTESIAN_POINT('Line Origine',(43.71,-20.5500000005,0.)) ;
#7257=CARTESIAN_POINT('Axis2P3D Location',(43.96,-20.55,80.)) ;
#7262=CARTESIAN_POINT('Line Origine',(43.96,-20.3,80.)) ;
#7275=CARTESIAN_POINT('Axis2P3D Location',(43.96,-20.3,80.)) ;
#7280=CARTESIAN_POINT('Line Origine',(43.998800206,-20.3,0.)) ;
#7293=CARTESIAN_POINT('Axis2P3D Location',(43.9988002056,-19.03,80.)) ;
#7298=CARTESIAN_POINT('Line Origine',(44.9349104665,-19.8882526316,80.)) ;
#7311=CARTESIAN_POINT('Axis2P3D Location',(47.5,-22.24,80.)) ;
#7316=CARTESIAN_POINT('Line Origine',(46.8063479202,-18.8298318528,80.)) ;
#7329=CARTESIAN_POINT('Axis2P3D Location',(46.60702261,-17.8498984772,80.)) ;
#7334=CARTESIAN_POINT('Line Origine',(47.5,-18.3,80.)) ;
#7347=CARTESIAN_POINT('Axis2P3D Location',(43.71,-18.3,80.)) ;
#7352=CARTESIAN_POINT('Line Origine',(49.9999999991,-18.3,0.)) ;
#7365=CARTESIAN_POINT('Axis2P3D Location',(50.,-18.3,80.)) ;
#7370=CARTESIAN_POINT('Line Origine',(50.,-16.3,0.)) ;
#7383=CARTESIAN_POINT('Axis2P3D Location',(50.,-16.3,80.)) ;
#7388=CARTESIAN_POINT('Line Origine',(47.5,-16.3,0.)) ;
#7401=CARTESIAN_POINT('Axis2P3D Location',(47.5,-16.3,80.)) ;
#7406=CARTESIAN_POINT('Line Origine',(47.5,-14.8,0.)) ;
#7419=CARTESIAN_POINT('Axis2P3D Location',(47.5,-14.8,80.)) ;
#7424=CARTESIAN_POINT('Line Origine',(50.,-14.8,0.)) ;
#7437=CARTESIAN_POINT('Axis2P3D Location',(50.,-14.8,80.)) ;
#7442=CARTESIAN_POINT('Line Origine',(50.,-12.8,0.)) ;
#7455=CARTESIAN_POINT('Axis2P3D Location',(50.,-12.8,80.)) ;
#7460=CARTESIAN_POINT('Line Origine',(47.5,-12.8,0.)) ;
#7473=CARTESIAN_POINT('Axis2P3D Location',(47.5,-12.8,80.)) ;
#7478=CARTESIAN_POINT('Line Origine',(47.5,-11.3,0.)) ;
#7491=CARTESIAN_POINT('Axis2P3D Location',(47.5,-11.3,80.)) ;
#7496=CARTESIAN_POINT('Line Origine',(50.,-11.3,0.)) ;
#7509=CARTESIAN_POINT('Axis2P3D Location',(50.,-11.3,80.)) ;
#7514=CARTESIAN_POINT('Line Origine',(50.,-9.3,0.)) ;
#7527=CARTESIAN_POINT('Axis2P3D Location',(50.,-9.3,80.)) ;
#7532=CARTESIAN_POINT('Line Origine',(47.5,-9.3,0.)) ;
#7545=CARTESIAN_POINT('Axis2P3D Location',(47.5,-9.3,80.)) ;
#7550=CARTESIAN_POINT('Line Origine',(47.5,-7.8,0.)) ;
#7563=CARTESIAN_POINT('Axis2P3D Location',(47.5,-7.8,80.)) ;
#7568=CARTESIAN_POINT('Line Origine',(50.,-7.8,0.)) ;
#7581=CARTESIAN_POINT('Axis2P3D Location',(50.,-7.8,80.)) ;
#7586=CARTESIAN_POINT('Line Origine',(50.,-5.8,0.)) ;
#7599=CARTESIAN_POINT('Axis2P3D Location',(50.,-5.8,80.)) ;
#7604=CARTESIAN_POINT('Line Origine',(47.5,-5.8,0.)) ;
#7617=CARTESIAN_POINT('Axis2P3D Location',(47.5,-5.8,80.)) ;
#7622=CARTESIAN_POINT('Line Origine',(47.5,-4.3,0.)) ;
#7635=CARTESIAN_POINT('Axis2P3D Location',(47.5,-4.3,80.)) ;
#7640=CARTESIAN_POINT('Line Origine',(50.,-4.3,0.)) ;
#7653=CARTESIAN_POINT('Axis2P3D Location',(50.,-4.3,80.)) ;
#7658=CARTESIAN_POINT('Line Origine',(50.,-2.3,0.)) ;
#7671=CARTESIAN_POINT('Axis2P3D Location',(50.,-2.3,80.)) ;
#7676=CARTESIAN_POINT('Line Origine',(47.5,-2.3,0.)) ;
#7689=CARTESIAN_POINT('Axis2P3D Location',(47.5,-2.3,80.)) ;
#7694=CARTESIAN_POINT('Line Origine',(47.5,-0.8,0.)) ;
#7707=CARTESIAN_POINT('Axis2P3D Location',(47.5,-0.8,80.)) ;
#7712=CARTESIAN_POINT('Line Origine',(50.,-0.8,0.)) ;
#7725=CARTESIAN_POINT('Axis2P3D Location',(50.,-0.8,80.)) ;
#7730=CARTESIAN_POINT('Line Origine',(50.,1.2,0.)) ;
#7743=CARTESIAN_POINT('Axis2P3D Location',(50.,1.2,80.)) ;
#7748=CARTESIAN_POINT('Line Origine',(47.5,1.2,0.)) ;
#7761=CARTESIAN_POINT('Axis2P3D Location',(47.5,1.2,80.)) ;
#7766=CARTESIAN_POINT('Line Origine',(47.5,2.7,0.)) ;
#7779=CARTESIAN_POINT('Axis2P3D Location',(47.5,2.7,80.)) ;
#7784=CARTESIAN_POINT('Line Origine',(50.,2.7,0.)) ;
#7797=CARTESIAN_POINT('Axis2P3D Location',(50.,2.7,80.)) ;
#7802=CARTESIAN_POINT('Line Origine',(50.,4.7,0.)) ;
#7815=CARTESIAN_POINT('Axis2P3D Location',(50.,4.7,80.)) ;
#7820=CARTESIAN_POINT('Line Origine',(47.5,4.7,0.)) ;
#7833=CARTESIAN_POINT('Axis2P3D Location',(47.5,4.7,80.)) ;
#7838=CARTESIAN_POINT('Line Origine',(47.5,6.2,0.)) ;
#7851=CARTESIAN_POINT('Axis2P3D Location',(47.5,6.2,80.)) ;
#7856=CARTESIAN_POINT('Line Origine',(50.,6.2,0.)) ;
#7869=CARTESIAN_POINT('Axis2P3D Location',(50.,6.2,80.)) ;
#7874=CARTESIAN_POINT('Line Origine',(50.,8.2,0.)) ;
#7887=CARTESIAN_POINT('Axis2P3D Location',(50.,8.2,80.)) ;
#7892=CARTESIAN_POINT('Line Origine',(47.5,8.2,0.)) ;
#7905=CARTESIAN_POINT('Axis2P3D Location',(47.5,8.2,80.)) ;
#7910=CARTESIAN_POINT('Line Origine',(47.5,9.7,0.)) ;
#7923=CARTESIAN_POINT('Axis2P3D Location',(47.5,9.7,80.)) ;
#7928=CARTESIAN_POINT('Line Origine',(50.,9.7,0.)) ;
#7941=CARTESIAN_POINT('Axis2P3D Location',(50.,9.7,80.)) ;
#7946=CARTESIAN_POINT('Line Origine',(50.,11.7,0.)) ;
#7959=CARTESIAN_POINT('Axis2P3D Location',(50.,11.7,80.)) ;
#7964=CARTESIAN_POINT('Line Origine',(47.5,11.7,0.)) ;
#7977=CARTESIAN_POINT('Axis2P3D Location',(47.5,11.7,80.)) ;
#7982=CARTESIAN_POINT('Line Origine',(47.5,13.2,0.)) ;
#7995=CARTESIAN_POINT('Axis2P3D Location',(47.5,13.2,80.)) ;
#8000=CARTESIAN_POINT('Line Origine',(50.,13.2,0.)) ;
#8013=CARTESIAN_POINT('Axis2P3D Location',(50.,13.2,80.)) ;
#8018=CARTESIAN_POINT('Line Origine',(50.,15.2,0.)) ;
#8031=CARTESIAN_POINT('Axis2P3D Location',(50.,15.2,80.)) ;
#8036=CARTESIAN_POINT('Line Origine',(47.5,15.2,0.)) ;
#8049=CARTESIAN_POINT('Axis2P3D Location',(47.5,15.2,80.)) ;
#8054=CARTESIAN_POINT('Line Origine',(47.5,16.7,0.)) ;
#8067=CARTESIAN_POINT('Axis2P3D Location',(47.5,16.7,80.)) ;
#8072=CARTESIAN_POINT('Line Origine',(50.,16.7,0.)) ;
#8085=CARTESIAN_POINT('Axis2P3D Location',(50.,16.7,80.)) ;
#8090=CARTESIAN_POINT('Line Origine',(50.,18.7,0.)) ;
#8103=CARTESIAN_POINT('Axis2P3D Location',(50.,18.7,80.)) ;
#8108=CARTESIAN_POINT('Line Origine',(47.5,18.7,0.)) ;
#8121=CARTESIAN_POINT('Axis2P3D Location',(46.5,18.7,80.)) ;
#8126=CARTESIAN_POINT('Line Origine',(47.1240610858,19.4813755571,80.)) ;
#8139=CARTESIAN_POINT('Axis2P3D Location',(47.7481221715,20.2627511142,80.)) ;
#8144=CARTESIAN_POINT('Line Origine',(47.0410153903,20.9698578954,80.)) ;
#8157=CARTESIAN_POINT('Axis2P3D Location',(47.0410153903,20.9698578954,80.)) ;
#8162=CARTESIAN_POINT('Line Origine',(47.3044768682,21.2333193733,0.)) ;
#8175=CARTESIAN_POINT('Axis2P3D Location',(47.5,20.98,80.)) ;
#8180=CARTESIAN_POINT('Line Origine',(47.6847598608,21.2412734082,80.)) ;
#8193=CARTESIAN_POINT('Axis2P3D Location',(48.0542795823,21.7638202247,80.)) ;
#8198=CARTESIAN_POINT('Line Origine',(48.3654540846,21.2045614035,80.)) ;
#8211=CARTESIAN_POINT('Axis2P3D Location',(47.5,22.76,80.)) ;
#8216=CARTESIAN_POINT('Line Origine',(49.0554385965,21.8945459154,80.)) ;
#8229=CARTESIAN_POINT('Axis2P3D Location',(48.4961797753,22.2057204177,80.)) ;
#8234=CARTESIAN_POINT('Line Origine',(49.0187265918,22.5752401392,80.)) ;
#8247=CARTESIAN_POINT('Axis2P3D Location',(49.28,22.76,80.)) ;
#8252=CARTESIAN_POINT('Line Origine',(49.0187265918,22.9447598608,80.)) ;
#8265=CARTESIAN_POINT('Axis2P3D Location',(48.4961797753,23.3142795823,80.)) ;
#8270=CARTESIAN_POINT('Line Origine',(49.0554385965,23.6254540846,80.)) ;
#8283=CARTESIAN_POINT('Axis2P3D Location',(47.5,22.76,80.)) ;
#8288=CARTESIAN_POINT('Line Origine',(48.3654540846,24.3154385965,80.)) ;
#8301=CARTESIAN_POINT('Axis2P3D Location',(48.0542795823,23.7561797753,80.)) ;
#8306=CARTESIAN_POINT('Line Origine',(47.6847598608,24.2787265918,80.)) ;
#8319=CARTESIAN_POINT('Axis2P3D Location',(47.5,24.54,80.)) ;
#8324=CARTESIAN_POINT('Line Origine',(47.3152401392,24.2787265918,80.)) ;
#8337=CARTESIAN_POINT('Axis2P3D Location',(46.9457204177,23.7561797753,80.)) ;
#8342=CARTESIAN_POINT('Line Origine',(46.6345459154,24.3154385965,80.)) ;
#8355=CARTESIAN_POINT('Axis2P3D Location',(47.5,22.76,80.)) ;
#8360=CARTESIAN_POINT('Line Origine',(45.9445614035,23.6254540846,80.)) ;
#8373=CARTESIAN_POINT('Axis2P3D Location',(46.5038202247,23.3142795823,80.)) ;
#8378=CARTESIAN_POINT('Line Origine',(45.9812734082,22.9447598608,80.)) ;
#8391=CARTESIAN_POINT('Axis2P3D Location',(45.72,22.76,80.)) ;
#8396=CARTESIAN_POINT('Line Origine',(45.9411764706,22.5287404729,80.)) ;
#8409=CARTESIAN_POINT('Axis2P3D Location',(45.25,23.251426495,80.)) ;
#8414=CARTESIAN_POINT('Line Origine',(44.25,23.251426495,80.)) ;
#8427=CARTESIAN_POINT('Axis2P3D Location',(44.25,18.7,80.)) ;
#8432=CARTESIAN_POINT('Line Origine',(44.25,24.1100000001,0.)) ;
#8445=CARTESIAN_POINT('Axis2P3D Location',(43.25,24.11,80.)) ;
#8450=CARTESIAN_POINT('Line Origine',(43.25,25.11,80.)) ;
#8463=CARTESIAN_POINT('Axis2P3D Location',(0.,25.11,80.)) ;
#8468=CARTESIAN_POINT('Line Origine',(-43.25,25.11,0.)) ;
#8481=CARTESIAN_POINT('Axis2P3D Location',(-43.25,24.11,80.)) ;
#8486=CARTESIAN_POINT('Line Origine',(-44.25,24.11,80.)) ;
#8499=CARTESIAN_POINT('Axis2P3D Location',(-44.25,24.11,80.)) ;
#8521=CARTESIAN_POINT('NONE',(0.,0.,0.)) ;
#8522=CARTESIAN_POINT('NONE',(0.,0.,0.)) ;
#8538=CARTESIAN_POINT('Axis2P3D Location',(41.65,2.15,0.)) ;
#8543=CARTESIAN_POINT('Axis2P3D Location',(41.65,2.15,80.)) ;
#8547=CARTESIAN_POINT('Vertex',(41.65,1.65,80.)) ;
#8549=CARTESIAN_POINT('Vertex',(42.15,2.15,80.)) ;
#8552=CARTESIAN_POINT('Line Origine',(42.15,2.15,0.)) ;
#8556=CARTESIAN_POINT('Vertex',(42.15,2.15,-80.)) ;
#8559=CARTESIAN_POINT('Axis2P3D Location',(41.65,2.15,-80.)) ;
#8563=CARTESIAN_POINT('Vertex',(41.65,1.65,-80.)) ;
#8566=CARTESIAN_POINT('Line Origine',(41.65,1.65,0.)) ;
#8579=CARTESIAN_POINT('Axis2P3D Location',(-23.6795872165,1.06819031669,80.)) ;
#8584=CARTESIAN_POINT('Line Origine',(5.48546097434E-010,1.64999999946,80.)) ;
#8588=CARTESIAN_POINT('Vertex',(-41.65,1.65,80.)) ;
#8591=CARTESIAN_POINT('Axis2P3D Location',(-41.6499999982,2.15000000104,80.)) ;
#8595=CARTESIAN_POINT('Vertex',(-42.15,2.1499999997,80.)) ;
#8598=CARTESIAN_POINT('Line Origine',(-42.1499999998,2.68499999961,80.)) ;
#8602=CARTESIAN_POINT('Vertex',(-42.15,3.22,80.)) ;
#8606=CARTESIAN_POINT('Control Point',(-43.1499999998,4.21999999976,80.)) ;
#8607=CARTESIAN_POINT('Control Point',(-43.0520214422,4.21999999976,80.)) ;
#8608=CARTESIAN_POINT('Control Point',(-42.9540433088,4.20800025257,80.)) ;
#8609=CARTESIAN_POINT('Control Point',(-42.8580196548,4.18399758046,80.)) ;
#8610=CARTESIAN_POINT('Control Point',(-42.6738174739,4.11296903079,80.)) ;
#8611=CARTESIAN_POINT('Control Point',(-42.5122020344,3.99958789065,80.)) ;
#8612=CARTESIAN_POINT('Control Point',(-42.4387667083,3.93322581443,80.)) ;
#8613=CARTESIAN_POINT('Control Point',(-42.3096517069,3.78387785445,80.)) ;
#8614=CARTESIAN_POINT('Control Point',(-42.2203952247,3.60778665083,80.)) ;
#8615=CARTESIAN_POINT('Control Point',(-42.1868230306,3.51467606449,80.)) ;
#8616=CARTESIAN_POINT('Control Point',(-42.1604917769,3.39854540825,80.)) ;
#8617=CARTESIAN_POINT('Control Point',(-42.1515339104,3.28065287066,80.)) ;
#8618=CARTESIAN_POINT('Control Point',(-42.1505108678,3.26043240035,80.)) ;
#8619=CARTESIAN_POINT('Control Point',(-42.1499999998,3.24021619102,80.)) ;
#8620=CARTESIAN_POINT('Control Point',(-42.1499999998,3.21999999976,80.)) ;
#8621=CARTESIAN_POINT('Vertex',(-43.1499999993,4.22,80.)) ;
#8624=CARTESIAN_POINT('Line Origine',(-44.3000000002,4.21999999976,80.)) ;
#8628=CARTESIAN_POINT('Vertex',(-45.45,4.22,80.)) ;
#8632=CARTESIAN_POINT('Control Point',(-45.9500000006,3.71999999976,80.)) ;
#8633=CARTESIAN_POINT('Control Point',(-45.9500000006,3.78283016902,80.)) ;
#8634=CARTESIAN_POINT('Control Point',(-45.9401309252,3.84565964043,80.)) ;
#8635=CARTESIAN_POINT('Control Point',(-45.9203859505,3.90642981455,80.)) ;
#8636=CARTESIAN_POINT('Control Point',(-45.8624923353,4.01969408799,80.)) ;
#8637=CARTESIAN_POINT('Control Point',(-45.7726633614,4.10975251487,80.)) ;
#8638=CARTESIAN_POINT('Control Point',(-45.7209695337,4.14731081337,80.)) ;
#8639=CARTESIAN_POINT('Control Point',(-45.635967951,4.19048443665,80.)) ;
#8640=CARTESIAN_POINT('Control Point',(-45.5441152668,4.21256746327,80.)) ;
#8641=CARTESIAN_POINT('Control Point',(-45.5127031263,4.21754271215,80.)) ;
#8642=CARTESIAN_POINT('Control Point',(-45.4813514766,4.21999999976,80.)) ;
#8643=CARTESIAN_POINT('Control Point',(-45.4500000006,4.21999999976,80.)) ;
#8644=CARTESIAN_POINT('Vertex',(-45.95,3.72,80.)) ;
#8647=CARTESIAN_POINT('Line Origine',(-45.9500000006,3.46999999976,80.)) ;
#8651=CARTESIAN_POINT('Vertex',(-45.95,3.22,80.)) ;
#8655=CARTESIAN_POINT('Control Point',(-45.4500000006,2.71999999976,80.)) ;
#8656=CARTESIAN_POINT('Control Point',(-45.5128301671,2.71999999976,80.)) ;
#8657=CARTESIAN_POINT('Control Point',(-45.5756596358,2.72986907429,80.)) ;
#8658=CARTESIAN_POINT('Control Point',(-45.6364298203,2.74961405047,80.)) ;
#8659=CARTESIAN_POINT('Control Point',(-45.7496940884,2.80750766389,80.)) ;
#8660=CARTESIAN_POINT('Control Point',(-45.8397525118,2.89733663321,80.)) ;
#8661=CARTESIAN_POINT('Control Point',(-45.8773108148,2.94903046961,80.)) ;
#8662=CARTESIAN_POINT('Control Point',(-45.9204844363,3.03403205026,80.)) ;
#8663=CARTESIAN_POINT('Control Point',(-45.9425674623,3.12588473207,80.)) ;
#8664=CARTESIAN_POINT('Control Point',(-45.9475427129,3.15729687358,80.)) ;
#8665=CARTESIAN_POINT('Control Point',(-45.9500000006,3.18864852355,80.)) ;
#8666=CARTESIAN_POINT('Control Point',(-45.9500000006,3.21999999976,80.)) ;
#8667=CARTESIAN_POINT('Vertex',(-45.4500000007,2.72,80.)) ;
#8670=CARTESIAN_POINT('Line Origine',(-44.8000000002,2.71999999976,80.)) ;
#8674=CARTESIAN_POINT('Vertex',(-44.15,2.72,80.)) ;
#8677=CARTESIAN_POINT('Axis2P3D Location',(-44.1500000014,2.21999999818,80.)) ;
#8681=CARTESIAN_POINT('Vertex',(-43.65,2.22000000007,80.)) ;
#8684=CARTESIAN_POINT('Line Origine',(-43.6499999998,1.42999999972,80.)) ;
#8688=CARTESIAN_POINT('Vertex',(-43.65,0.64,80.)) ;
#8691=CARTESIAN_POINT('Axis2P3D Location',(-43.6500000013,-2.3384718606E-009,80.)) ;
#8695=CARTESIAN_POINT('Vertex',(-43.0099999998,0.,80.)) ;
#8698=CARTESIAN_POINT('Line Origine',(5.48546097434E-010,-9.11673403436E-010,80.)) ;
#8702=CARTESIAN_POINT('Vertex',(43.01,1.17566092718E-016,80.)) ;
#8705=CARTESIAN_POINT('Axis2P3D Location',(43.6500000023,-2.33847208264E-009,80.)) ;
#8709=CARTESIAN_POINT('Vertex',(43.65,0.639999999925,80.)) ;
#8712=CARTESIAN_POINT('Line Origine',(43.6500000009,1.42999999972,80.)) ;
#8716=CARTESIAN_POINT('Vertex',(43.65,2.22,80.)) ;
#8719=CARTESIAN_POINT('Axis2P3D Location',(44.1499999993,2.22000000136,80.)) ;
#8723=CARTESIAN_POINT('Vertex',(44.1499999993,2.72,80.)) ;
#8726=CARTESIAN_POINT('Line Origine',(44.8000000004,2.71999999976,80.)) ;
#8730=CARTESIAN_POINT('Vertex',(45.45,2.72,80.)) ;
#8734=CARTESIAN_POINT('Control Point',(45.9499999998,3.21999999976,80.)) ;
#8735=CARTESIAN_POINT('Control Point',(45.9499999998,3.15716983153,80.)) ;
#8736=CARTESIAN_POINT('Control Point',(45.9401309247,3.09434036115,80.)) ;
#8737=CARTESIAN_POINT('Control Point',(45.9203859507,3.03357018311,80.)) ;
#8738=CARTESIAN_POINT('Control Point',(45.8624923372,2.9203059139,80.)) ;
#8739=CARTESIAN_POINT('Control Point',(45.7726633674,2.83024748959,80.)) ;
#8740=CARTESIAN_POINT('Control Point',(45.7209695286,2.79268918299,80.)) ;
#8741=CARTESIAN_POINT('Control Point',(45.6359679486,2.74951556197,80.)) ;
#8742=CARTESIAN_POINT('Control Point',(45.5441152675,2.72743253617,80.)) ;
#8743=CARTESIAN_POINT('Control Point',(45.5127031259,2.7224572874,80.)) ;
#8744=CARTESIAN_POINT('Control Point',(45.481351476,2.71999999976,80.)) ;
#8745=CARTESIAN_POINT('Control Point',(45.4499999998,2.71999999976,80.)) ;
#8746=CARTESIAN_POINT('Vertex',(45.95,3.22,80.)) ;
#8749=CARTESIAN_POINT('Line Origine',(45.9499999998,3.46999999976,80.)) ;
#8753=CARTESIAN_POINT('Vertex',(45.95,3.72,80.)) ;
#8757=CARTESIAN_POINT('Control Point',(45.4499999998,4.21999999976,80.)) ;
#8758=CARTESIAN_POINT('Control Point',(45.5128301686,4.21999999976,80.)) ;
#8759=CARTESIAN_POINT('Control Point',(45.5756596396,4.21013092451,80.)) ;
#8760=CARTESIAN_POINT('Control Point',(45.6364298154,4.19038595118,80.)) ;
#8761=CARTESIAN_POINT('Control Point',(45.7496940864,4.13249233705,80.)) ;
#8762=CARTESIAN_POINT('Control Point',(45.8397525118,4.04266336561,80.)) ;
#8763=CARTESIAN_POINT('Control Point',(45.8773108154,3.99096953079,80.)) ;
#8764=CARTESIAN_POINT('Control Point',(45.9204844373,3.90596794976,80.)) ;
#8765=CARTESIAN_POINT('Control Point',(45.9425674634,3.8141152675,80.)) ;
#8766=CARTESIAN_POINT('Control Point',(45.9475427122,3.78270312588,80.)) ;
#8767=CARTESIAN_POINT('Control Point',(45.9499999998,3.75135147594,80.)) ;
#8768=CARTESIAN_POINT('Control Point',(45.9499999998,3.71999999976,80.)) ;
#8769=CARTESIAN_POINT('Vertex',(45.4500000007,4.22,80.)) ;
#8772=CARTESIAN_POINT('Line Origine',(44.3000000004,4.21999999976,80.)) ;
#8776=CARTESIAN_POINT('Vertex',(43.15,4.22,80.)) ;
#8780=CARTESIAN_POINT('Control Point',(42.1500000009,3.21999999976,80.)) ;
#8781=CARTESIAN_POINT('Control Point',(42.1500000009,3.31797856066,80.)) ;
#8782=CARTESIAN_POINT('Control Point',(42.1619997489,3.41595669731,80.)) ;
#8783=CARTESIAN_POINT('Control Point',(42.1860024179,3.5119803386,80.)) ;
#8784=CARTESIAN_POINT('Control Point',(42.2570309692,3.69618252617,80.)) ;
#8785=CARTESIAN_POINT('Control Point',(42.3704121139,3.85779797076,80.)) ;
#8786=CARTESIAN_POINT('Control Point',(42.4367741811,3.93123328686,80.)) ;
#8787=CARTESIAN_POINT('Control Point',(42.5861221452,4.06034829287,80.)) ;
#8788=CARTESIAN_POINT('Control Point',(42.7622133547,4.14960477736,80.)) ;
#8789=CARTESIAN_POINT('Control Point',(42.8553239309,4.18317696782,80.)) ;
#8790=CARTESIAN_POINT('Control Point',(42.9714545898,4.20950822249,80.)) ;
#8791=CARTESIAN_POINT('Control Point',(43.08934713,4.21846608923,80.)) ;
#8792=CARTESIAN_POINT('Control Point',(43.1095676003,4.21948913177,80.)) ;
#8793=CARTESIAN_POINT('Control Point',(43.1297838097,4.21999999976,80.)) ;
#8794=CARTESIAN_POINT('Control Point',(43.1500000009,4.21999999976,80.)) ;
#8795=CARTESIAN_POINT('Vertex',(42.15,3.2200000003,80.)) ;
#8798=CARTESIAN_POINT('Line Origine',(42.1500000009,2.68499999961,80.)) ;
#8831=CARTESIAN_POINT('Axis2P3D Location',(42.15,2.15,0.)) ;
#8836=CARTESIAN_POINT('Line Origine',(42.15,3.2200000003,0.)) ;
#8840=CARTESIAN_POINT('Vertex',(42.15,3.2200000003,-80.)) ;
#8843=CARTESIAN_POINT('Line Origine',(42.15,2.68500000015,-80.)) ;
#8856=CARTESIAN_POINT('Axis2P3D Location',(-23.6795872165,1.06819031669,-80.)) ;
#8862=CARTESIAN_POINT('Control Point',(-41.6499999998,1.64999999946,-80.)) ;
#8863=CARTESIAN_POINT('Control Point',(-41.7128301662,1.64999999946,-80.)) ;
#8864=CARTESIAN_POINT('Control Point',(-41.7756596347,1.65986907393,-80.)) ;
#8865=CARTESIAN_POINT('Control Point',(-41.8364298199,1.67961405033,-80.)) ;
#8866=CARTESIAN_POINT('Control Point',(-41.9496940868,1.73750766322,-80.)) ;
#8867=CARTESIAN_POINT('Control Point',(-42.0397525095,1.82733663135,-80.)) ;
#8868=CARTESIAN_POINT('Control Point',(-42.0773108169,1.87903047128,-80.)) ;
#8869=CARTESIAN_POINT('Control Point',(-42.1204844377,1.964032051,-80.)) ;
#8870=CARTESIAN_POINT('Control Point',(-42.1425674634,2.05588473172,-80.)) ;
#8871=CARTESIAN_POINT('Control Point',(-42.1475427122,2.08729687334,-80.)) ;
#8872=CARTESIAN_POINT('Control Point',(-42.1499999998,2.11864852328,-80.)) ;
#8873=CARTESIAN_POINT('Control Point',(-42.1499999998,2.14999999946,-80.)) ;
#8874=CARTESIAN_POINT('Vertex',(-41.6499999998,1.64999999946,-80.)) ;
#8876=CARTESIAN_POINT('Vertex',(-42.15,2.15,-80.)) ;
#8879=CARTESIAN_POINT('Line Origine',(5.48560308289E-010,1.64999999946,-80.)) ;
#8884=CARTESIAN_POINT('Axis2P3D Location',(43.1499999977,3.22000000296,-80.)) ;
#8888=CARTESIAN_POINT('Vertex',(43.15,4.22,-80.)) ;
#8891=CARTESIAN_POINT('Line Origine',(44.3000000004,4.21999999976,-80.)) ;
#8895=CARTESIAN_POINT('Vertex',(45.4500000007,4.22,-80.)) ;
#8898=CARTESIAN_POINT('Axis2P3D Location',(45.4499999982,3.71999999818,-80.)) ;
#8902=CARTESIAN_POINT('Vertex',(45.95,3.72,-80.)) ;
#8905=CARTESIAN_POINT('Line Origine',(45.9499999998,3.46999999976,-80.)) ;
#8909=CARTESIAN_POINT('Vertex',(45.95,3.22,-80.)) ;
#8912=CARTESIAN_POINT('Axis2P3D Location',(45.4499999982,3.22000000134,-80.)) ;
#8916=CARTESIAN_POINT('Vertex',(45.45,2.72,-80.)) ;
#8919=CARTESIAN_POINT('Line Origine',(44.8000000004,2.71999999976,-80.)) ;
#8923=CARTESIAN_POINT('Vertex',(44.1499999993,2.72,-80.)) ;
#8927=CARTESIAN_POINT('Control Point',(43.6500000009,2.21999999976,-80.)) ;
#8928=CARTESIAN_POINT('Control Point',(43.6500000009,2.28283017078,-80.)) ;
#8929=CARTESIAN_POINT('Control Point',(43.6598690769,2.34565964395,-80.)) ;
#8930=CARTESIAN_POINT('Control Point',(43.6796140475,2.40642981139,-80.)) ;
#8931=CARTESIAN_POINT('Control Point',(43.7375076627,2.51969408607,-80.)) ;
#8932=CARTESIAN_POINT('Control Point',(43.8273366372,2.60975251382,-80.)) ;
#8933=CARTESIAN_POINT('Control Point',(43.8790304673,2.64731081404,-80.)) ;
#8934=CARTESIAN_POINT('Control Point',(43.9640320495,2.69048443691,-80.)) ;
#8935=CARTESIAN_POINT('Control Point',(44.0558847332,2.71256746335,-80.)) ;
#8936=CARTESIAN_POINT('Control Point',(44.0872968748,2.71754271212,-80.)) ;
#8937=CARTESIAN_POINT('Control Point',(44.1186485247,2.71999999976,-80.)) ;
#8938=CARTESIAN_POINT('Control Point',(44.1500000009,2.71999999976,-80.)) ;
#8939=CARTESIAN_POINT('Vertex',(43.65,2.22,-80.)) ;
#8942=CARTESIAN_POINT('Line Origine',(43.6500000009,1.42999999972,-80.)) ;
#8946=CARTESIAN_POINT('Vertex',(43.65,0.639999999925,-80.)) ;
#8950=CARTESIAN_POINT('Control Point',(43.0100000003,-9.11673403436E-010,-80.)) ;
#8951=CARTESIAN_POINT('Control Point',(43.0100000003,0.0783817569241,-80.)) ;
#8952=CARTESIAN_POINT('Control Point',(43.0219994143,0.15676285188,-80.)) ;
#8953=CARTESIAN_POINT('Control Point',(43.0460058402,0.232703243473,-80.)) ;
#8954=CARTESIAN_POINT('Control Point',(43.1164779828,0.374776591855,-80.)) ;
#8955=CARTESIAN_POINT('Control Point',(43.2262244409,0.489258218423,-80.)) ;
#8956=CARTESIAN_POINT('Control Point',(43.2895199066,0.537600079441,-80.)) ;
#8957=CARTESIAN_POINT('Control Point',(43.3984568781,0.596824404469,-80.)) ;
#8958=CARTESIAN_POINT('Control Point',(43.5173442925,0.628446778799,-80.)) ;
#8959=CARTESIAN_POINT('Control Point',(43.5616310258,0.636186992595,-80.)) ;
#8960=CARTESIAN_POINT('Control Point',(43.6058156187,0.639999999684,-80.)) ;
#8961=CARTESIAN_POINT('Control Point',(43.6500000009,0.639999999684,-80.)) ;
#8962=CARTESIAN_POINT('Vertex',(43.01,1.17566092718E-016,-80.)) ;
#8965=CARTESIAN_POINT('Line Origine',(5.48560308289E-010,-9.11673403436E-010,-80.)) ;
#8969=CARTESIAN_POINT('Vertex',(-43.01,-7.83773951454E-017,-80.)) ;
#8973=CARTESIAN_POINT('Control Point',(-43.6499999998,0.639999999684,-80.)) ;
#8974=CARTESIAN_POINT('Control Point',(-43.5716182422,0.639999999684,-80.)) ;
#8975=CARTESIAN_POINT('Control Point',(-43.4932371474,0.628000585784,-80.)) ;
#8976=CARTESIAN_POINT('Control Point',(-43.4172967569,0.603994159639,-80.)) ;
#8977=CARTESIAN_POINT('Control Point',(-43.2752234092,0.533522017245,-80.)) ;
#8978=CARTESIAN_POINT('Control Point',(-43.160741783,0.423775559732,-80.)) ;
#8979=CARTESIAN_POINT('Control Point',(-43.112399919,0.360480092641,-80.)) ;
#8980=CARTESIAN_POINT('Control Point',(-43.0531755943,0.25154312152,-80.)) ;
#8981=CARTESIAN_POINT('Control Point',(-43.0215532201,0.132655707499,-80.)) ;
#8982=CARTESIAN_POINT('Control Point',(-43.0138130063,0.0883689742015,-80.)) ;
#8983=CARTESIAN_POINT('Control Point',(-43.0099999992,0.0441843813245,-80.)) ;
#8984=CARTESIAN_POINT('Control Point',(-43.0099999992,-9.11673403436E-010,-80.)) ;
#8985=CARTESIAN_POINT('Vertex',(-43.6499999998,0.639999999684,-80.)) ;
#8988=CARTESIAN_POINT('Line Origine',(-43.6499999998,1.42999999972,-80.)) ;
#8992=CARTESIAN_POINT('Vertex',(-43.65,2.22,-80.)) ;
#8996=CARTESIAN_POINT('Control Point',(-44.1499999998,2.71999999976,-80.)) ;
#8997=CARTESIAN_POINT('Control Point',(-44.0871698314,2.71999999976,-80.)) ;
#8998=CARTESIAN_POINT('Control Point',(-44.0243403608,2.71013092462,-80.)) ;
#8999=CARTESIAN_POINT('Control Point',(-43.9635701836,2.69038595083,-80.)) ;
#9000=CARTESIAN_POINT('Control Point',(-43.8503059139,2.63249233723,-80.)) ;
#9001=CARTESIAN_POINT('Control Point',(-43.7602474893,2.54266336702,-80.)) ;
#9002=CARTESIAN_POINT('Control Point',(-43.7226891833,2.49096952901,-80.)) ;
#9003=CARTESIAN_POINT('Control Point',(-43.6795155621,2.4059679488,-80.)) ;
#9004=CARTESIAN_POINT('Control Point',(-43.6574325362,2.3141152675,-80.)) ;
#9005=CARTESIAN_POINT('Control Point',(-43.6524572875,2.28270312588,-80.)) ;
#9006=CARTESIAN_POINT('Control Point',(-43.6499999998,2.25135147594,-80.)) ;
#9007=CARTESIAN_POINT('Control Point',(-43.6499999998,2.21999999976,-80.)) ;
#9008=CARTESIAN_POINT('Vertex',(-44.1499999998,2.71999999976,-80.)) ;
#9011=CARTESIAN_POINT('Line Origine',(-44.8000000002,2.71999999976,-80.)) ;
#9015=CARTESIAN_POINT('Vertex',(-45.4500000006,2.71999999976,-80.)) ;
#9018=CARTESIAN_POINT('Axis2P3D Location',(-45.449999999,3.22000000134,-80.)) ;
#9022=CARTESIAN_POINT('Vertex',(-45.9500000006,3.21999999976,-80.)) ;
#9025=CARTESIAN_POINT('Line Origine',(-45.9500000006,3.46999999976,-80.)) ;
#9029=CARTESIAN_POINT('Vertex',(-45.9500000006,3.71999999976,-80.)) ;
#9032=CARTESIAN_POINT('Axis2P3D Location',(-45.449999999,3.71999999818,-80.)) ;
#9036=CARTESIAN_POINT('Vertex',(-45.4500000006,4.21999999976,-80.)) ;
#9039=CARTESIAN_POINT('Line Origine',(-44.3000000002,4.21999999976,-80.)) ;
#9043=CARTESIAN_POINT('Vertex',(-43.1499999998,4.21999999976,-80.)) ;
#9046=CARTESIAN_POINT('Axis2P3D Location',(-43.1499999998,3.21999999978,-80.)) ;
#9050=CARTESIAN_POINT('Vertex',(-42.1499999998,3.21999999976,-80.)) ;
#9053=CARTESIAN_POINT('Line Origine',(-42.1499999998,2.68499999961,-80.)) ;
#9086=CARTESIAN_POINT('Axis2P3D Location',(-41.65,1.65,0.)) ;
#9091=CARTESIAN_POINT('Line Origine',(-41.65,1.65,0.)) ;
#9104=CARTESIAN_POINT('Axis2P3D Location',(-41.65,2.15,0.)) ;
#9109=CARTESIAN_POINT('Line Origine',(-42.15,2.15,0.)) ;
#9122=CARTESIAN_POINT('Axis2P3D Location',(-42.15,3.22,0.)) ;
#9127=CARTESIAN_POINT('Line Origine',(-42.15,3.22,0.)) ;
#9140=CARTESIAN_POINT('Axis2P3D Location',(-43.15,3.22,0.)) ;
#9145=CARTESIAN_POINT('Line Origine',(-43.15,4.22,0.)) ;
#9158=CARTESIAN_POINT('Axis2P3D Location',(-45.45,4.22,0.)) ;
#9163=CARTESIAN_POINT('Line Origine',(-45.45,4.22,0.)) ;
#9176=CARTESIAN_POINT('Axis2P3D Location',(-45.45,3.72,0.)) ;
#9181=CARTESIAN_POINT('Line Origine',(-45.95,3.72,0.)) ;
#9194=CARTESIAN_POINT('Axis2P3D Location',(-45.95,3.22,0.)) ;
#9199=CARTESIAN_POINT('Line Origine',(-45.95,3.22,0.)) ;
#9212=CARTESIAN_POINT('Axis2P3D Location',(-45.45,3.22,0.)) ;
#9217=CARTESIAN_POINT('Line Origine',(-45.45,2.72,0.)) ;
#9230=CARTESIAN_POINT('Axis2P3D Location',(-44.15,2.72,0.)) ;
#9235=CARTESIAN_POINT('Line Origine',(-44.15,2.72,0.)) ;
#9248=CARTESIAN_POINT('Axis2P3D Location',(-44.15,2.22,0.)) ;
#9253=CARTESIAN_POINT('Line Origine',(-43.65,2.22,0.)) ;
#9266=CARTESIAN_POINT('Axis2P3D Location',(-43.65,0.64,0.)) ;
#9271=CARTESIAN_POINT('Line Origine',(-43.65,0.64,0.)) ;
#9284=CARTESIAN_POINT('Axis2P3D Location',(-43.65,0.,0.)) ;
#9289=CARTESIAN_POINT('Line Origine',(-43.01,-7.83773951454E-017,0.)) ;
#9302=CARTESIAN_POINT('Axis2P3D Location',(0.,0.,0.)) ;
#9307=CARTESIAN_POINT('Line Origine',(43.0099999998,0.,0.)) ;
#9320=CARTESIAN_POINT('Axis2P3D Location',(43.65,0.,0.)) ;
#9325=CARTESIAN_POINT('Line Origine',(43.65,0.64,0.)) ;
#9338=CARTESIAN_POINT('Axis2P3D Location',(43.65,2.22,0.)) ;
#9343=CARTESIAN_POINT('Line Origine',(43.65,2.22,0.)) ;
#9356=CARTESIAN_POINT('Axis2P3D Location',(44.15,2.22,0.)) ;
#9361=CARTESIAN_POINT('Line Origine',(44.15,2.72,0.)) ;
#9374=CARTESIAN_POINT('Axis2P3D Location',(45.45,2.72,0.)) ;
#9379=CARTESIAN_POINT('Line Origine',(45.45,2.72,0.)) ;
#9392=CARTESIAN_POINT('Axis2P3D Location',(45.45,3.22,0.)) ;
#9397=CARTESIAN_POINT('Line Origine',(45.95,3.22,0.)) ;
#9410=CARTESIAN_POINT('Axis2P3D Location',(45.95,3.72,0.)) ;
#9415=CARTESIAN_POINT('Line Origine',(45.95,3.72,0.)) ;
#9428=CARTESIAN_POINT('Axis2P3D Location',(45.45,3.72,0.)) ;
#9433=CARTESIAN_POINT('Line Origine',(45.45,4.22,0.)) ;
#9446=CARTESIAN_POINT('Axis2P3D Location',(43.15,4.22,0.)) ;
#9451=CARTESIAN_POINT('Line Origine',(43.15,4.22,0.)) ;
#9464=CARTESIAN_POINT('Axis2P3D Location',(43.15,3.22,0.)) ;
#9486=CARTESIAN_POINT('NONE',(0.,0.,0.)) ;
#9487=CARTESIAN_POINT('NONE',(-0.0600000000001,-26.156,1.129652046E-013)) ;
#9499=CARTESIAN_POINT('NONE',(0.,0.,0.)) ;
#9500=CARTESIAN_POINT('NONE',(0.,0.,0.)) ;
#9516=CARTESIAN_POINT('Axis2P3D Location',(29.0693293172,-12.0339173775,0.7)) ;
#9521=CARTESIAN_POINT('Line Origine',(29.0693293172,-12.0339173775,1.39999999925)) ;
#9525=CARTESIAN_POINT('Vertex',(73.579329317,-12.0339173775,1.39999999925)) ;
#9527=CARTESIAN_POINT('Vertex',(-15.4406706826,-12.0339173775,1.39999999925)) ;
#9530=CARTESIAN_POINT('Line Origine',(73.579329317,-12.0339173775,0.7)) ;
#9534=CARTESIAN_POINT('Vertex',(73.579329317,-12.0339173775,7.45059014484E-010)) ;
#9537=CARTESIAN_POINT('Line Origine',(29.0693293172,-12.0339173775,7.45059014484E-010)) ;
#9541=CARTESIAN_POINT('Vertex',(-15.4406706826,-12.0339173775,7.45059014484E-010)) ;
#9544=CARTESIAN_POINT('Line Origine',(-15.4406706826,-12.0339173775,0.7)) ;
#9564=CARTESIAN_POINT('Axis2P3D Location',(-21.7456706828,34.8810826225,1.4)) ;
#9569=CARTESIAN_POINT('Line Origine',(-22.4956706828,12.3160826221,1.4)) ;
#9573=CARTESIAN_POINT('Vertex',(-22.4956706828,-10.2489173775,1.39999999925)) ;
#9575=CARTESIAN_POINT('Vertex',(-22.4956706828,34.8810826225,1.39999999925)) ;
#9579=CARTESIAN_POINT('Control Point',(-18.4956706828,-14.2489173783,1.4)) ;
#9580=CARTESIAN_POINT('Control Point',(-18.8875848911,-14.2489173783,1.4)) ;
#9581=CARTESIAN_POINT('Control Point',(-19.2794986752,-14.200918395,1.4)) ;
#9582=CARTESIAN_POINT('Control Point',(-19.6635932257,-14.1049070843,1.4)) ;
#9583=CARTESIAN_POINT('Control Point',(-20.4003996705,-13.8207940903,1.4)) ;
#9584=CARTESIAN_POINT('Control Point',(-21.0468636491,-13.3672683528,1.4)) ;
#9585=CARTESIAN_POINT('Control Point',(-21.3406045677,-13.1018195629,1.4)) ;
#9586=CARTESIAN_POINT('Control Point',(-21.8570631445,-12.5044298449,1.4)) ;
#9587=CARTESIAN_POINT('Control Point',(-22.2140904867,-11.8000629281,1.4)) ;
#9588=CARTESIAN_POINT('Control Point',(-22.3483786856,-11.4276203645,1.4)) ;
#9589=CARTESIAN_POINT('Control Point',(-22.4537035445,-10.9630992695,1.4)) ;
#9590=CARTESIAN_POINT('Control Point',(-22.4895350424,-10.4915288065,1.4)) ;
#9591=CARTESIAN_POINT('Control Point',(-22.4936272109,-10.4106469262,1.4)) ;
#9592=CARTESIAN_POINT('Control Point',(-22.4956706828,-10.3297821432,1.4)) ;
#9593=CARTESIAN_POINT('Control Point',(-22.4956706828,-10.2489173783,1.4)) ;
#9594=CARTESIAN_POINT('Vertex',(-18.4956706828,-14.2489173775,1.39999999925)) ;
#9597=CARTESIAN_POINT('Line Origine',(29.0693293176,-14.2489173783,1.4)) ;
#9601=CARTESIAN_POINT('Vertex',(76.6343293172,-14.2489173775,1.4)) ;
#9605=CARTESIAN_POINT('Control Point',(80.634329318,-10.2489173783,1.4)) ;
#9606=CARTESIAN_POINT('Control Point',(80.634329318,-10.6408315858,1.4)) ;
#9607=CARTESIAN_POINT('Control Point',(80.5863303349,-11.0327453689,1.4)) ;
#9608=CARTESIAN_POINT('Control Point',(80.4903190233,-11.4168399229,1.4)) ;
#9609=CARTESIAN_POINT('Control Point',(80.2062060303,-12.1536463646,1.4)) ;
#9610=CARTESIAN_POINT('Control Point',(79.7526802951,-12.8001103408,1.4)) ;
#9611=CARTESIAN_POINT('Control Point',(79.487231499,-13.0938512663,1.4)) ;
#9612=CARTESIAN_POINT('Control Point',(78.889841785,-13.6103098389,1.4)) ;
#9613=CARTESIAN_POINT('Control Point',(78.1854748737,-13.9673371792,1.4)) ;
#9614=CARTESIAN_POINT('Control Point',(77.8130322977,-14.1016253826,1.4)) ;
#9615=CARTESIAN_POINT('Control Point',(77.3485112059,-14.2069502403,1.4)) ;
#9616=CARTESIAN_POINT('Control Point',(76.8769407462,-14.2427817379,1.4)) ;
#9617=CARTESIAN_POINT('Control Point',(76.7960588658,-14.2468739064,1.4)) ;
#9618=CARTESIAN_POINT('Control Point',(76.7151940829,-14.2489173783,1.4)) ;
#9619=CARTESIAN_POINT('Control Point',(76.634329318,-14.2489173783,1.4)) ;
#9620=CARTESIAN_POINT('Vertex',(80.6343293172,-10.2489173775,1.39999999925)) ;
#9623=CARTESIAN_POINT('Line Origine',(80.634329318,12.3160826221,1.4)) ;
#9627=CARTESIAN_POINT('Vertex',(80.6343293172,34.8810826225,1.4)) ;
#9631=CARTESIAN_POINT('Control Point',(76.634329318,38.8810826225,1.4)) ;
#9632=CARTESIAN_POINT('Control Point',(77.026243525,38.8810826225,1.4)) ;
#9633=CARTESIAN_POINT('Control Point',(77.4181573077,38.8330836395,1.4)) ;
#9634=CARTESIAN_POINT('Control Point',(77.8022518634,38.7370723293,1.4)) ;
#9635=CARTESIAN_POINT('Control Point',(78.5390583043,38.4529593365,1.4)) ;
#9636=CARTESIAN_POINT('Control Point',(79.1855222799,37.9994336019,1.4)) ;
#9637=CARTESIAN_POINT('Control Point',(79.4792632064,37.7339848029,1.4)) ;
#9638=CARTESIAN_POINT('Control Point',(79.9957217796,37.1365950882,1.4)) ;
#9639=CARTESIAN_POINT('Control Point',(80.35274912,36.432228176,1.4)) ;
#9640=CARTESIAN_POINT('Control Point',(80.4870373217,36.0597856045,1.4)) ;
#9641=CARTESIAN_POINT('Control Point',(80.5923621798,35.5952645115,1.4)) ;
#9642=CARTESIAN_POINT('Control Point',(80.6281936776,35.1236940506,1.4)) ;
#9643=CARTESIAN_POINT('Control Point',(80.6322858461,35.0428121703,1.4)) ;
#9644=CARTESIAN_POINT('Control Point',(80.634329318,34.9619473874,1.4)) ;
#9645=CARTESIAN_POINT('Control Point',(80.634329318,34.8810826225,1.4)) ;
#9646=CARTESIAN_POINT('Vertex',(76.6343293172,38.8810826225,1.39999999925)) ;
#9649=CARTESIAN_POINT('Line Origine',(29.0693293176,38.8810826225,1.4)) ;
#9653=CARTESIAN_POINT('Vertex',(-18.4956706828,38.8810826225,1.4)) ;
#9657=CARTESIAN_POINT('Control Point',(-22.4956706828,34.8810826225,1.4)) ;
#9658=CARTESIAN_POINT('Control Point',(-22.4956706828,35.2729968303,1.4)) ;
#9659=CARTESIAN_POINT('Control Point',(-22.4476716996,35.6649106139,1.4)) ;
#9660=CARTESIAN_POINT('Control Point',(-22.3516603902,36.0490051663,1.4)) ;
#9661=CARTESIAN_POINT('Control Point',(-22.0675473965,36.7858116103,1.4)) ;
#9662=CARTESIAN_POINT('Control Point',(-21.6140216595,37.4322755882,1.4)) ;
#9663=CARTESIAN_POINT('Control Point',(-21.3485728669,37.7260165078,1.4)) ;
#9664=CARTESIAN_POINT('Control Point',(-20.7511831481,38.2424750851,1.4)) ;
#9665=CARTESIAN_POINT('Control Point',(-20.0468162304,38.5995024275,1.4)) ;
#9666=CARTESIAN_POINT('Control Point',(-19.6743736713,38.7337906247,1.4)) ;
#9667=CARTESIAN_POINT('Control Point',(-19.2098525752,38.839115484,1.4)) ;
#9668=CARTESIAN_POINT('Control Point',(-18.738282111,38.8749469821,1.4)) ;
#9669=CARTESIAN_POINT('Control Point',(-18.6574002306,38.8790391505,1.4)) ;
#9670=CARTESIAN_POINT('Control Point',(-18.5765354477,38.8810826225,1.4)) ;
#9671=CARTESIAN_POINT('Control Point',(-18.4956706828,38.8810826225,1.4)) ;
#9684=CARTESIAN_POINT('Control Point',(78.3293293164,-10.183917377,1.4)) ;
#9685=CARTESIAN_POINT('Control Point',(78.3293293164,-10.3783362888,1.4)) ;
#9686=CARTESIAN_POINT('Control Point',(78.3023302355,-10.5727546552,1.4)) ;
#9687=CARTESIAN_POINT('Control Point',(78.2483199892,-10.7621885806,1.4)) ;
#9688=CARTESIAN_POINT('Control Point',(78.0891403959,-11.12103863,1.4)) ;
#9689=CARTESIAN_POINT('Control Point',(77.8382038447,-11.4229337298,1.4)) ;
#9690=CARTESIAN_POINT('Control Point',(77.6924143655,-11.5554016539,1.4)) ;
#9691=CARTESIAN_POINT('Control Point',(77.3679251703,-11.7763502066,1.4)) ;
#9692=CARTESIAN_POINT('Control Point',(76.9955113413,-11.9005184149,1.4)) ;
#9693=CARTESIAN_POINT('Control Point',(76.80178415,-11.9361848483,1.4)) ;
#9694=CARTESIAN_POINT('Control Point',(76.4095650586,-11.9527887207,1.4)) ;
#9695=CARTESIAN_POINT('Control Point',(76.0276654527,-11.8618904335,1.4)) ;
#9696=CARTESIAN_POINT('Control Point',(75.844257785,-11.7900298535,1.4)) ;
#9697=CARTESIAN_POINT('Control Point',(75.5022561008,-11.5972959607,1.4)) ;
#9698=CARTESIAN_POINT('Control Point',(75.2257147692,-11.3186659182,1.4)) ;
#9699=CARTESIAN_POINT('Control Point',(75.1077805832,-11.1608880872,1.4)) ;
#9700=CARTESIAN_POINT('Control Point',(74.9513848589,-10.876044639,1.4)) ;
#9701=CARTESIAN_POINT('Control Point',(74.8641356871,-10.5648490999,1.4)) ;
#9702=CARTESIAN_POINT('Control Point',(74.8409310717,-10.4388094114,1.4)) ;
#9703=CARTESIAN_POINT('Control Point',(74.8293293164,-10.311363277,1.4)) ;
#9704=CARTESIAN_POINT('Control Point',(74.8293293164,-10.183917377,1.4)) ;
#9705=CARTESIAN_POINT('Vertex',(78.3293293172,-10.1839173775,1.39999999922)) ;
#9707=CARTESIAN_POINT('Vertex',(74.8293293172,-10.1839173775,1.4)) ;
#9711=CARTESIAN_POINT('Control Point',(74.8293293164,-10.183917377,1.4)) ;
#9712=CARTESIAN_POINT('Control Point',(74.8293293164,-9.98949846738,1.4)) ;
#9713=CARTESIAN_POINT('Control Point',(74.8563283967,-9.79508010322,1.4)) ;
#9714=CARTESIAN_POINT('Control Point',(74.9103386474,-9.60564617126,1.4)) ;
#9715=CARTESIAN_POINT('Control Point',(75.0695182416,-9.24679612121,1.4)) ;
#9716=CARTESIAN_POINT('Control Point',(75.3204547942,-8.94490102105,1.4)) ;
#9717=CARTESIAN_POINT('Control Point',(75.4662442639,-8.81243310562,1.4)) ;
#9718=CARTESIAN_POINT('Control Point',(75.7907334606,-8.59148455075,1.4)) ;
#9719=CARTESIAN_POINT('Control Point',(76.1631472919,-8.46731634146,1.4)) ;
#9720=CARTESIAN_POINT('Control Point',(76.3568744845,-8.43164990565,1.4)) ;
#9721=CARTESIAN_POINT('Control Point',(76.7490935722,-8.41504603357,1.4)) ;
#9722=CARTESIAN_POINT('Control Point',(77.1309931744,-8.50594431912,1.4)) ;
#9723=CARTESIAN_POINT('Control Point',(77.3144008549,-8.57780490337,1.4)) ;
#9724=CARTESIAN_POINT('Control Point',(77.6564025348,-8.77053879473,1.4)) ;
#9725=CARTESIAN_POINT('Control Point',(77.9329438636,-9.04916883385,1.4)) ;
#9726=CARTESIAN_POINT('Control Point',(78.0508780529,-9.20694667109,1.4)) ;
#9727=CARTESIAN_POINT('Control Point',(78.2072737777,-9.49179012096,1.4)) ;
#9728=CARTESIAN_POINT('Control Point',(78.2945229493,-9.80298566199,1.4)) ;
#9729=CARTESIAN_POINT('Control Point',(78.3177275606,-9.9290253364,1.4)) ;
#9730=CARTESIAN_POINT('Control Point',(78.3293293164,-10.0564714739,1.4)) ;
#9731=CARTESIAN_POINT('Control Point',(78.3293293164,-10.183917377,1.4)) ;
#9738=CARTESIAN_POINT('Control Point',(-16.6906706831,34.816082623,1.4)) ;
#9739=CARTESIAN_POINT('Control Point',(-16.6906706831,34.6216637095,1.4)) ;
#9740=CARTESIAN_POINT('Control Point',(-16.7176697645,34.4272453414,1.4)) ;
#9741=CARTESIAN_POINT('Control Point',(-16.7716800109,34.2378114226,1.4)) ;
#9742=CARTESIAN_POINT('Control Point',(-16.930859605,33.8789613702,1.4)) ;
#9743=CARTESIAN_POINT('Control Point',(-17.1817961583,33.5770662683,1.4)) ;
#9744=CARTESIAN_POINT('Control Point',(-17.327585632,33.4445983475,1.4)) ;
#9745=CARTESIAN_POINT('Control Point',(-17.6520748278,33.223649794,1.4)) ;
#9746=CARTESIAN_POINT('Control Point',(-18.0244886576,33.0994815853,1.4)) ;
#9747=CARTESIAN_POINT('Control Point',(-18.2182158501,33.0638151517,1.4)) ;
#9748=CARTESIAN_POINT('Control Point',(-18.6104349419,33.0472112793,1.4)) ;
#9749=CARTESIAN_POINT('Control Point',(-18.9923345481,33.1381095668,1.4)) ;
#9750=CARTESIAN_POINT('Control Point',(-19.1757422134,33.2099701459,1.4)) ;
#9751=CARTESIAN_POINT('Control Point',(-19.517743897,33.4027040382,1.4)) ;
#9752=CARTESIAN_POINT('Control Point',(-19.7942852283,33.6813340797,1.4)) ;
#9753=CARTESIAN_POINT('Control Point',(-19.9122194196,33.8391119153,1.4)) ;
#9754=CARTESIAN_POINT('Control Point',(-20.0686151415,34.12395536,1.4)) ;
#9755=CARTESIAN_POINT('Control Point',(-20.1558643128,34.4351508948,1.4)) ;
#9756=CARTESIAN_POINT('Control Point',(-20.1790689283,34.5611905941,1.4)) ;
#9757=CARTESIAN_POINT('Control Point',(-20.1906706831,34.6886367257,1.4)) ;
#9758=CARTESIAN_POINT('Control Point',(-20.1906706831,34.816082623,1.4)) ;
#9759=CARTESIAN_POINT('Vertex',(-16.6906706828,34.8160826225,1.39999999922)) ;
#9761=CARTESIAN_POINT('Vertex',(-20.1906706828,34.8160826225,1.39999999922)) ;
#9765=CARTESIAN_POINT('Control Point',(-20.1906706831,34.816082623,1.4)) ;
#9766=CARTESIAN_POINT('Control Point',(-20.1906706831,35.0105015342,1.4)) ;
#9767=CARTESIAN_POINT('Control Point',(-20.1636716024,35.2049199,1.4)) ;
#9768=CARTESIAN_POINT('Control Point',(-20.1096613535,35.3943538258,1.4)) ;
#9769=CARTESIAN_POINT('Control Point',(-19.9504817585,35.7532038786,1.4)) ;
#9770=CARTESIAN_POINT('Control Point',(-19.6995452038,36.0550989807,1.4)) ;
#9771=CARTESIAN_POINT('Control Point',(-19.5537557376,36.1875668931,1.4)) ;
#9772=CARTESIAN_POINT('Control Point',(-19.2292665397,36.4085154491,1.4)) ;
#9773=CARTESIAN_POINT('Control Point',(-18.8568527071,36.5326836587,1.4)) ;
#9774=CARTESIAN_POINT('Control Point',(-18.6631255157,36.5683500943,1.4)) ;
#9775=CARTESIAN_POINT('Control Point',(-18.2709064283,36.5849539665,1.4)) ;
#9776=CARTESIAN_POINT('Control Point',(-17.8890068263,36.4940556812,1.4)) ;
#9777=CARTESIAN_POINT('Control Point',(-17.7055991436,36.422195096,1.4)) ;
#9778=CARTESIAN_POINT('Control Point',(-17.3635974655,36.2294612055,1.4)) ;
#9779=CARTESIAN_POINT('Control Point',(-17.0870561378,35.9508311681,1.4)) ;
#9780=CARTESIAN_POINT('Control Point',(-16.9691219454,35.7930533265,1.4)) ;
#9781=CARTESIAN_POINT('Control Point',(-16.8127262227,35.50820988,1.4)) ;
#9782=CARTESIAN_POINT('Control Point',(-16.7254770516,35.197014343,1.4)) ;
#9783=CARTESIAN_POINT('Control Point',(-16.7022724385,35.0709746585,1.4)) ;
#9784=CARTESIAN_POINT('Control Point',(-16.6906706831,34.9435285235,1.4)) ;
#9785=CARTESIAN_POINT('Control Point',(-16.6906706831,34.816082623,1.4)) ;
#9792=CARTESIAN_POINT('Control Point',(-16.6906706831,-10.183917377,1.4)) ;
#9793=CARTESIAN_POINT('Control Point',(-16.6906706831,-10.3783362905,1.4)) ;
#9794=CARTESIAN_POINT('Control Point',(-16.7176697645,-10.5727546586,1.4)) ;
#9795=CARTESIAN_POINT('Control Point',(-16.7716800109,-10.7621885774,1.4)) ;
#9796=CARTESIAN_POINT('Control Point',(-16.930859605,-11.1210386298,1.4)) ;
#9797=CARTESIAN_POINT('Control Point',(-17.1817961583,-11.4229337317,1.4)) ;
#9798=CARTESIAN_POINT('Control Point',(-17.327585632,-11.5554016525,1.4)) ;
#9799=CARTESIAN_POINT('Control Point',(-17.6520748278,-11.776350206,1.4)) ;
#9800=CARTESIAN_POINT('Control Point',(-18.0244886576,-11.9005184147,1.4)) ;
#9801=CARTESIAN_POINT('Control Point',(-18.2182158501,-11.9361848483,1.4)) ;
#9802=CARTESIAN_POINT('Control Point',(-18.6104349419,-11.9527887207,1.4)) ;
#9803=CARTESIAN_POINT('Control Point',(-18.9923345481,-11.8618904332,1.4)) ;
#9804=CARTESIAN_POINT('Control Point',(-19.1757422134,-11.7900298541,1.4)) ;
#9805=CARTESIAN_POINT('Control Point',(-19.517743897,-11.5972959618,1.4)) ;
#9806=CARTESIAN_POINT('Control Point',(-19.7942852283,-11.3186659203,1.4)) ;
#9807=CARTESIAN_POINT('Control Point',(-19.9122194196,-11.1608880847,1.4)) ;
#9808=CARTESIAN_POINT('Control Point',(-20.0686151415,-10.87604464,1.4)) ;
#9809=CARTESIAN_POINT('Control Point',(-20.1558643128,-10.5648491052,1.4)) ;
#9810=CARTESIAN_POINT('Control Point',(-20.1790689283,-10.4388094059,1.4)) ;
#9811=CARTESIAN_POINT('Control Point',(-20.1906706831,-10.3113632743,1.4)) ;
#9812=CARTESIAN_POINT('Control Point',(-20.1906706831,-10.183917377,1.4)) ;
#9813=CARTESIAN_POINT('Vertex',(-16.6906706828,-10.1839173775,1.39999999922)) ;
#9815=CARTESIAN_POINT('Vertex',(-20.1906706828,-10.1839173775,1.4)) ;
#9819=CARTESIAN_POINT('Control Point',(-20.1906706831,-10.183917377,1.4)) ;
#9820=CARTESIAN_POINT('Control Point',(-20.1906706831,-9.98949846578,1.4)) ;
#9821=CARTESIAN_POINT('Control Point',(-20.1636716024,-9.79508010001,1.4)) ;
#9822=CARTESIAN_POINT('Control Point',(-20.1096613535,-9.60564617422,1.4)) ;
#9823=CARTESIAN_POINT('Control Point',(-19.9504817585,-9.24679612141,1.4)) ;
#9824=CARTESIAN_POINT('Control Point',(-19.6995452038,-8.94490101929,1.4)) ;
#9825=CARTESIAN_POINT('Control Point',(-19.5537557376,-8.81243310691,1.4)) ;
#9826=CARTESIAN_POINT('Control Point',(-19.2292665397,-8.59148455094,1.4)) ;
#9827=CARTESIAN_POINT('Control Point',(-18.8568527071,-8.46731634126,1.4)) ;
#9828=CARTESIAN_POINT('Control Point',(-18.6631255157,-8.43164990568,1.4)) ;
#9829=CARTESIAN_POINT('Control Point',(-18.2709064283,-8.41504603353,1.4)) ;
#9830=CARTESIAN_POINT('Control Point',(-17.8890068263,-8.50594431884,1.4)) ;
#9831=CARTESIAN_POINT('Control Point',(-17.7055991436,-8.57780490397,1.4)) ;
#9832=CARTESIAN_POINT('Control Point',(-17.3635974655,-8.77053879449,1.4)) ;
#9833=CARTESIAN_POINT('Control Point',(-17.0870561378,-9.04916883192,1.4)) ;
#9834=CARTESIAN_POINT('Control Point',(-16.9691219454,-9.20694667347,1.4)) ;
#9835=CARTESIAN_POINT('Control Point',(-16.8127262227,-9.49179011999,1.4)) ;
#9836=CARTESIAN_POINT('Control Point',(-16.7254770516,-9.80298565703,1.4)) ;
#9837=CARTESIAN_POINT('Control Point',(-16.7022724385,-9.92902534153,1.4)) ;
#9838=CARTESIAN_POINT('Control Point',(-16.6906706831,-10.0564714765,1.4)) ;
#9839=CARTESIAN_POINT('Control Point',(-16.6906706831,-10.183917377,1.4)) ;
#9846=CARTESIAN_POINT('Control Point',(78.3293293164,34.816082623,1.4)) ;
#9847=CARTESIAN_POINT('Control Point',(78.3293293164,34.6216637112,1.4)) ;
#9848=CARTESIAN_POINT('Control Point',(78.3023302355,34.4272453448,1.4)) ;
#9849=CARTESIAN_POINT('Control Point',(78.2483199892,34.2378114194,1.4)) ;
#9850=CARTESIAN_POINT('Control Point',(78.0891403959,33.87896137,1.4)) ;
#9851=CARTESIAN_POINT('Control Point',(77.8382038447,33.5770662702,1.4)) ;
#9852=CARTESIAN_POINT('Control Point',(77.6924143655,33.4445983461,1.4)) ;
#9853=CARTESIAN_POINT('Control Point',(77.3679251703,33.2236497934,1.4)) ;
#9854=CARTESIAN_POINT('Control Point',(76.9955113413,33.0994815851,1.4)) ;
#9855=CARTESIAN_POINT('Control Point',(76.80178415,33.0638151517,1.4)) ;
#9856=CARTESIAN_POINT('Control Point',(76.4095650586,33.0472112793,1.4)) ;
#9857=CARTESIAN_POINT('Control Point',(76.0276654527,33.1381095665,1.4)) ;
#9858=CARTESIAN_POINT('Control Point',(75.844257785,33.2099701465,1.4)) ;
#9859=CARTESIAN_POINT('Control Point',(75.5022561008,33.4027040393,1.4)) ;
#9860=CARTESIAN_POINT('Control Point',(75.2257147692,33.6813340818,1.4)) ;
#9861=CARTESIAN_POINT('Control Point',(75.1077805832,33.8391119128,1.4)) ;
#9862=CARTESIAN_POINT('Control Point',(74.9513848589,34.123955361,1.4)) ;
#9863=CARTESIAN_POINT('Control Point',(74.8641356871,34.4351509001,1.4)) ;
#9864=CARTESIAN_POINT('Control Point',(74.8409310717,34.5611905886,1.4)) ;
#9865=CARTESIAN_POINT('Control Point',(74.8293293164,34.688636723,1.4)) ;
#9866=CARTESIAN_POINT('Control Point',(74.8293293164,34.816082623,1.4)) ;
#9867=CARTESIAN_POINT('Vertex',(78.3293293172,34.8160826225,1.39999999922)) ;
#9869=CARTESIAN_POINT('Vertex',(74.8293293172,34.8160826225,1.4)) ;
#9873=CARTESIAN_POINT('Control Point',(74.8293293164,34.816082623,1.4)) ;
#9874=CARTESIAN_POINT('Control Point',(74.8293293164,35.0105015326,1.4)) ;
#9875=CARTESIAN_POINT('Control Point',(74.8563283967,35.2049198968,1.4)) ;
#9876=CARTESIAN_POINT('Control Point',(74.9103386474,35.3943538287,1.4)) ;
#9877=CARTESIAN_POINT('Control Point',(75.0695182416,35.7532038788,1.4)) ;
#9878=CARTESIAN_POINT('Control Point',(75.3204547942,36.055098979,1.4)) ;
#9879=CARTESIAN_POINT('Control Point',(75.4662442639,36.1875668944,1.4)) ;
#9880=CARTESIAN_POINT('Control Point',(75.7907334606,36.4085154492,1.4)) ;
#9881=CARTESIAN_POINT('Control Point',(76.1631472919,36.5326836585,1.4)) ;
#9882=CARTESIAN_POINT('Control Point',(76.3568744845,36.5683500944,1.4)) ;
#9883=CARTESIAN_POINT('Control Point',(76.7490935722,36.5849539664,1.4)) ;
#9884=CARTESIAN_POINT('Control Point',(77.1309931744,36.4940556809,1.4)) ;
#9885=CARTESIAN_POINT('Control Point',(77.3144008549,36.4221950966,1.4)) ;
#9886=CARTESIAN_POINT('Control Point',(77.6564025348,36.2294612053,1.4)) ;
#9887=CARTESIAN_POINT('Control Point',(77.9329438636,35.9508311662,1.4)) ;
#9888=CARTESIAN_POINT('Control Point',(78.0508780529,35.7930533289,1.4)) ;
#9889=CARTESIAN_POINT('Control Point',(78.2072737777,35.508209879,1.4)) ;
#9890=CARTESIAN_POINT('Control Point',(78.2945229493,35.197014338,1.4)) ;
#9891=CARTESIAN_POINT('Control Point',(78.3177275606,35.0709746636,1.4)) ;
#9892=CARTESIAN_POINT('Control Point',(78.3293293164,34.9435285261,1.4)) ;
#9893=CARTESIAN_POINT('Control Point',(78.3293293164,34.816082623,1.4)) ;
#9899=CARTESIAN_POINT('Line Origine',(-15.4406706831,-11.1089173768,1.4)) ;
#9903=CARTESIAN_POINT('Vertex',(-15.4406706828,-10.183917378,1.4)) ;
#9906=CARTESIAN_POINT('Axis2P3D Location',(-18.4406706831,-10.1839173769,1.4)) ;
#9910=CARTESIAN_POINT('Vertex',(-18.4406706828,-7.18391737753,1.4)) ;
#9913=CARTESIAN_POINT('Line Origine',(-18.9606706827,-7.18391737701,1.4)) ;
#9917=CARTESIAN_POINT('Vertex',(-19.4806706828,-7.18391737753,1.39999999925)) ;
#9920=CARTESIAN_POINT('Line Origine',(-19.4806706822,12.316082623,1.4)) ;
#9924=CARTESIAN_POINT('Vertex',(-19.4806706828,31.8160826225,1.39999999925)) ;
#9927=CARTESIAN_POINT('Line Origine',(-18.9606706827,31.816082623,1.4)) ;
#9931=CARTESIAN_POINT('Vertex',(-18.4406706831,31.8160826225,1.4)) ;
#9934=CARTESIAN_POINT('Axis2P3D Location',(-18.4406706799,34.8160826198,1.4)) ;
#9938=CARTESIAN_POINT('Vertex',(-15.4406706828,34.8160826225,1.4)) ;
#9941=CARTESIAN_POINT('Line Origine',(-15.4406706831,35.7410826228,1.4)) ;
#9945=CARTESIAN_POINT('Vertex',(-15.4406706826,36.6660826225,1.39999999925)) ;
#9948=CARTESIAN_POINT('Line Origine',(29.0693293167,36.6660826226,1.4)) ;
#9952=CARTESIAN_POINT('Vertex',(73.579329317,36.6660826225,1.39999999925)) ;
#9955=CARTESIAN_POINT('Line Origine',(73.5793293164,35.7410826228,1.4)) ;
#9959=CARTESIAN_POINT('Vertex',(73.5793293172,34.816082623,1.4)) ;
#9962=CARTESIAN_POINT('Axis2P3D Location',(76.5793293164,34.8160826229,1.4)) ;
#9966=CARTESIAN_POINT('Vertex',(76.5793293172,31.8160826225,1.4)) ;
#9969=CARTESIAN_POINT('Line Origine',(77.0993293169,31.816082623,1.4)) ;
#9973=CARTESIAN_POINT('Vertex',(77.6193293172,31.8160826225,1.39999999925)) ;
#9976=CARTESIAN_POINT('Line Origine',(77.6193293174,12.316082623,1.4)) ;
#9980=CARTESIAN_POINT('Vertex',(77.6193293172,-7.18391737753,1.39999999925)) ;
#9983=CARTESIAN_POINT('Line Origine',(77.0993293169,-7.18391737701,1.4)) ;
#9987=CARTESIAN_POINT('Vertex',(76.5793293175,-7.18391737753,1.4)) ;
#9990=CARTESIAN_POINT('Axis2P3D Location',(76.5793293196,-10.1839173801,1.4)) ;
#9994=CARTESIAN_POINT('Vertex',(73.5793293172,-10.1839173775,1.4)) ;
#9997=CARTESIAN_POINT('Line Origine',(73.5793293164,-11.1089173768,1.4)) ;
#10022=CARTESIAN_POINT('Axis2P3D Location',(73.5793293172,-10.1839173775,1.4)) ;
#10027=CARTESIAN_POINT('Line Origine',(73.5793293172,-10.1839173775,0.699999999814)) ;
#10031=CARTESIAN_POINT('Vertex',(73.5793293172,-10.1839173775,-3.72529118664E-010)) ;
#10034=CARTESIAN_POINT('Line Origine',(73.5793293172,-11.1089173773,-3.72529118664E-010)) ;
#10047=CARTESIAN_POINT('Axis2P3D Location',(-21.7456706828,34.8810826225,0.)) ;
#10052=CARTESIAN_POINT('Axis2P3D Location',(-18.4956706829,34.8810826225,0.)) ;
#10056=CARTESIAN_POINT('Vertex',(-22.4956706828,34.8810826225,0.)) ;
#10058=CARTESIAN_POINT('Vertex',(-18.4956706828,38.8810826225,0.)) ;
#10061=CARTESIAN_POINT('Line Origine',(29.0693293176,38.8810826225,0.)) ;
#10065=CARTESIAN_POINT('Vertex',(76.634329318,38.8810826225,0.)) ;
#10068=CARTESIAN_POINT('Axis2P3D Location',(76.6343293181,34.8810826225,0.)) ;
#10072=CARTESIAN_POINT('Vertex',(80.634329318,34.8810826225,0.)) ;
#10075=CARTESIAN_POINT('Line Origine',(80.634329318,12.3160826221,0.)) ;
#10079=CARTESIAN_POINT('Vertex',(80.634329318,-10.2489173783,0.)) ;
#10082=CARTESIAN_POINT('Axis2P3D Location',(76.6343293181,-10.2489173784,0.)) ;
#10086=CARTESIAN_POINT('Vertex',(76.634329318,-14.2489173783,0.)) ;
#10089=CARTESIAN_POINT('Line Origine',(29.0693293176,-14.2489173783,0.)) ;
#10093=CARTESIAN_POINT('Vertex',(-18.4956706828,-14.2489173783,0.)) ;
#10096=CARTESIAN_POINT('Axis2P3D Location',(-18.4956706829,-10.2489173784,0.)) ;
#10100=CARTESIAN_POINT('Vertex',(-22.4956706828,-10.2489173783,0.)) ;
#10103=CARTESIAN_POINT('Line Origine',(-22.4956706828,12.3160826221,0.)) ;
#10119=CARTESIAN_POINT('Control Point',(74.8293293164,-10.183917377,0.)) ;
#10120=CARTESIAN_POINT('Control Point',(74.8293293164,-10.3783362867,0.)) ;
#10121=CARTESIAN_POINT('Control Point',(74.8563283968,-10.572754651,0.)) ;
#10122=CARTESIAN_POINT('Control Point',(74.9103386473,-10.7621885845,0.)) ;
#10123=CARTESIAN_POINT('Control Point',(75.0695182406,-11.1210386325,0.)) ;
#10124=CARTESIAN_POINT('Control Point',(75.3204547913,-11.4229337313,0.)) ;
#10125=CARTESIAN_POINT('Control Point',(75.4662442677,-11.5554016528,0.)) ;
#10126=CARTESIAN_POINT('Control Point',(75.7907334632,-11.7763502061,0.)) ;
#10127=CARTESIAN_POINT('Control Point',(76.1631472927,-11.9005184147,0.)) ;
#10128=CARTESIAN_POINT('Control Point',(76.3568744836,-11.9361848483,0.)) ;
#10129=CARTESIAN_POINT('Control Point',(76.7490935755,-11.9527887207,0.)) ;
#10130=CARTESIAN_POINT('Control Point',(77.1309931817,-11.8618904332,0.)) ;
#10131=CARTESIAN_POINT('Control Point',(77.3144008484,-11.7900298543,0.)) ;
#10132=CARTESIAN_POINT('Control Point',(77.6564025325,-11.5972959618,0.)) ;
#10133=CARTESIAN_POINT('Control Point',(77.932943864,-11.3186659198,0.)) ;
#10134=CARTESIAN_POINT('Control Point',(78.0508780526,-11.1608880853,0.)) ;
#10135=CARTESIAN_POINT('Control Point',(78.2072737777,-10.8760446351,0.)) ;
#10136=CARTESIAN_POINT('Control Point',(78.2945229494,-10.5648490937,0.)) ;
#10137=CARTESIAN_POINT('Control Point',(78.3177275606,-10.4388094178,0.)) ;
#10138=CARTESIAN_POINT('Control Point',(78.3293293164,-10.3113632802,0.)) ;
#10139=CARTESIAN_POINT('Control Point',(78.3293293164,-10.183917377,0.)) ;
#10140=CARTESIAN_POINT('Vertex',(74.8293293172,-10.1839173775,7.14678094482E-010)) ;
#10142=CARTESIAN_POINT('Vertex',(78.3293293172,-10.1839173775,7.14678094482E-010)) ;
#10146=CARTESIAN_POINT('Control Point',(78.3293293164,-10.183917377,0.)) ;
#10147=CARTESIAN_POINT('Control Point',(78.3293293164,-9.98949846539,0.)) ;
#10148=CARTESIAN_POINT('Control Point',(78.3023302356,-9.79508009924,0.)) ;
#10149=CARTESIAN_POINT('Control Point',(78.248319989,-9.60564617494,0.)) ;
#10150=CARTESIAN_POINT('Control Point',(78.0891403948,-9.24679612363,0.)) ;
#10151=CARTESIAN_POINT('Control Point',(77.8382038417,-8.94490102252,0.)) ;
#10152=CARTESIAN_POINT('Control Point',(77.6924143693,-8.81243310454,0.)) ;
#10153=CARTESIAN_POINT('Control Point',(77.3679251729,-8.59148455023,0.)) ;
#10154=CARTESIAN_POINT('Control Point',(76.9955113421,-8.46731634122,0.)) ;
#10155=CARTESIAN_POINT('Control Point',(76.8017841492,-8.43164990568,0.)) ;
#10156=CARTESIAN_POINT('Control Point',(76.4095650618,-8.41504603351,0.)) ;
#10157=CARTESIAN_POINT('Control Point',(76.0276654599,-8.50594431877,0.)) ;
#10158=CARTESIAN_POINT('Control Point',(75.8442577786,-8.57780490411,0.)) ;
#10159=CARTESIAN_POINT('Control Point',(75.5022560984,-8.77053879585,0.)) ;
#10160=CARTESIAN_POINT('Control Point',(75.2257147694,-9.04916883555,0.)) ;
#10161=CARTESIAN_POINT('Control Point',(75.107780583,-9.20694666899,0.)) ;
#10162=CARTESIAN_POINT('Control Point',(74.9513848589,-9.49179011697,0.)) ;
#10163=CARTESIAN_POINT('Control Point',(74.8641356872,-9.80298565579,0.)) ;
#10164=CARTESIAN_POINT('Control Point',(74.8409310717,-9.92902534282,0.)) ;
#10165=CARTESIAN_POINT('Control Point',(74.8293293164,-10.0564714771,0.)) ;
#10166=CARTESIAN_POINT('Control Point',(74.8293293164,-10.183917377,0.)) ;
#10173=CARTESIAN_POINT('Control Point',(-20.1906706831,34.816082623,0.)) ;
#10174=CARTESIAN_POINT('Control Point',(-20.1906706831,34.6216637116,0.)) ;
#10175=CARTESIAN_POINT('Control Point',(-20.1636716023,34.4272453458,0.)) ;
#10176=CARTESIAN_POINT('Control Point',(-20.1096613536,34.2378114186,0.)) ;
#10177=CARTESIAN_POINT('Control Point',(-19.9504817595,33.8789613677,0.)) ;
#10178=CARTESIAN_POINT('Control Point',(-19.6995452068,33.577066267,0.)) ;
#10179=CARTESIAN_POINT('Control Point',(-19.5537557338,33.4445983484,0.)) ;
#10180=CARTESIAN_POINT('Control Point',(-19.2292665372,33.2236497941,0.)) ;
#10181=CARTESIAN_POINT('Control Point',(-18.8568527063,33.0994815851,0.)) ;
#10182=CARTESIAN_POINT('Control Point',(-18.6631255165,33.0638151517,0.)) ;
#10183=CARTESIAN_POINT('Control Point',(-18.270906425,33.0472112793,0.)) ;
#10184=CARTESIAN_POINT('Control Point',(-17.8890068191,33.1381095665,0.)) ;
#10185=CARTESIAN_POINT('Control Point',(-17.7055991501,33.2099701463,0.)) ;
#10186=CARTESIAN_POINT('Control Point',(-17.3635974679,33.402704038,0.)) ;
#10187=CARTESIAN_POINT('Control Point',(-17.0870561375,33.6813340783,0.)) ;
#10188=CARTESIAN_POINT('Control Point',(-16.9691219456,33.8391119172,0.)) ;
#10189=CARTESIAN_POINT('Control Point',(-16.8127262227,34.123955364,0.)) ;
#10190=CARTESIAN_POINT('Control Point',(-16.7254770516,34.4351509014,0.)) ;
#10191=CARTESIAN_POINT('Control Point',(-16.7022724385,34.5611905873,0.)) ;
#10192=CARTESIAN_POINT('Control Point',(-16.6906706831,34.6886367223,0.)) ;
#10193=CARTESIAN_POINT('Control Point',(-16.6906706831,34.816082623,0.)) ;
#10194=CARTESIAN_POINT('Vertex',(-20.1906706828,34.8160826225,0.)) ;
#10196=CARTESIAN_POINT('Vertex',(-16.6906706828,34.8160826225,7.14678094482E-010)) ;
#10200=CARTESIAN_POINT('Control Point',(-16.6906706831,34.816082623,0.)) ;
#10201=CARTESIAN_POINT('Control Point',(-16.6906706831,35.0105015364,0.)) ;
#10202=CARTESIAN_POINT('Control Point',(-16.7176697644,35.2049199043,0.)) ;
#10203=CARTESIAN_POINT('Control Point',(-16.771680011,35.3943538218,0.)) ;
#10204=CARTESIAN_POINT('Control Point',(-16.930859606,35.7532038761,0.)) ;
#10205=CARTESIAN_POINT('Control Point',(-17.1817961613,36.0550989794,0.)) ;
#10206=CARTESIAN_POINT('Control Point',(-17.3275856282,36.1875668941,0.)) ;
#10207=CARTESIAN_POINT('Control Point',(-17.6520748252,36.4085154492,0.)) ;
#10208=CARTESIAN_POINT('Control Point',(-18.0244886568,36.5326836586,0.)) ;
#10209=CARTESIAN_POINT('Control Point',(-18.218215851,36.5683500943,0.)) ;
#10210=CARTESIAN_POINT('Control Point',(-18.6104349386,36.5849539664,0.)) ;
#10211=CARTESIAN_POINT('Control Point',(-18.9923345408,36.4940556809,0.)) ;
#10212=CARTESIAN_POINT('Control Point',(-19.1757422199,36.4221950965,0.)) ;
#10213=CARTESIAN_POINT('Control Point',(-19.5177438994,36.2294612053,0.)) ;
#10214=CARTESIAN_POINT('Control Point',(-19.794285228,35.9508311666,0.)) ;
#10215=CARTESIAN_POINT('Control Point',(-19.9122194199,35.7930533283,0.)) ;
#10216=CARTESIAN_POINT('Control Point',(-20.0686151416,35.508209884,0.)) ;
#10217=CARTESIAN_POINT('Control Point',(-20.1558643127,35.1970143496,0.)) ;
#10218=CARTESIAN_POINT('Control Point',(-20.1790689283,35.0709746516,0.)) ;
#10219=CARTESIAN_POINT('Control Point',(-20.1906706831,34.9435285201,0.)) ;
#10220=CARTESIAN_POINT('Control Point',(-20.1906706831,34.816082623,0.)) ;
#10227=CARTESIAN_POINT('Control Point',(-20.1906706831,-10.183917377,0.)) ;
#10228=CARTESIAN_POINT('Control Point',(-20.1906706831,-10.3783362884,0.)) ;
#10229=CARTESIAN_POINT('Control Point',(-20.1636716023,-10.5727546542,0.)) ;
#10230=CARTESIAN_POINT('Control Point',(-20.1096613536,-10.7621885814,0.)) ;
#10231=CARTESIAN_POINT('Control Point',(-19.9504817595,-11.1210386323,0.)) ;
#10232=CARTESIAN_POINT('Control Point',(-19.6995452068,-11.422933733,0.)) ;
#10233=CARTESIAN_POINT('Control Point',(-19.5537557338,-11.5554016516,0.)) ;
#10234=CARTESIAN_POINT('Control Point',(-19.2292665372,-11.7763502059,0.)) ;
#10235=CARTESIAN_POINT('Control Point',(-18.8568527063,-11.9005184149,0.)) ;
#10236=CARTESIAN_POINT('Control Point',(-18.6631255165,-11.9361848483,0.)) ;
#10237=CARTESIAN_POINT('Control Point',(-18.270906425,-11.9527887207,0.)) ;
#10238=CARTESIAN_POINT('Control Point',(-17.8890068191,-11.8618904335,0.)) ;
#10239=CARTESIAN_POINT('Control Point',(-17.7055991501,-11.7900298537,0.)) ;
#10240=CARTESIAN_POINT('Control Point',(-17.3635974679,-11.597295962,0.)) ;
#10241=CARTESIAN_POINT('Control Point',(-17.0870561375,-11.3186659217,0.)) ;
#10242=CARTESIAN_POINT('Control Point',(-16.9691219456,-11.1608880829,0.)) ;
#10243=CARTESIAN_POINT('Control Point',(-16.8127262227,-10.876044636,0.)) ;
#10244=CARTESIAN_POINT('Control Point',(-16.7254770516,-10.5648490986,0.)) ;
#10245=CARTESIAN_POINT('Control Point',(-16.7022724385,-10.4388094127,0.)) ;
#10246=CARTESIAN_POINT('Control Point',(-16.6906706831,-10.3113632777,0.)) ;
#10247=CARTESIAN_POINT('Control Point',(-16.6906706831,-10.183917377,0.)) ;
#10248=CARTESIAN_POINT('Vertex',(-20.1906706828,-10.1839173775,7.14678094482E-010)) ;
#10250=CARTESIAN_POINT('Vertex',(-16.6906706828,-10.1839173775,7.14678094482E-010)) ;
#10254=CARTESIAN_POINT('Control Point',(-16.6906706831,-10.183917377,0.)) ;
#10255=CARTESIAN_POINT('Control Point',(-16.6906706831,-9.98949846361,0.)) ;
#10256=CARTESIAN_POINT('Control Point',(-16.7176697644,-9.79508009568,0.)) ;
#10257=CARTESIAN_POINT('Control Point',(-16.771680011,-9.60564617822,0.)) ;
#10258=CARTESIAN_POINT('Control Point',(-16.930859606,-9.24679612387,0.)) ;
#10259=CARTESIAN_POINT('Control Point',(-17.1817961613,-8.9449010206,0.)) ;
#10260=CARTESIAN_POINT('Control Point',(-17.3275856282,-8.81243310595,0.)) ;
#10261=CARTESIAN_POINT('Control Point',(-17.6520748252,-8.5914845508,0.)) ;
#10262=CARTESIAN_POINT('Control Point',(-18.0244886568,-8.46731634141,0.)) ;
#10263=CARTESIAN_POINT('Control Point',(-18.218215851,-8.43164990566,0.)) ;
#10264=CARTESIAN_POINT('Control Point',(-18.6104349386,-8.41504603356,0.)) ;
#10265=CARTESIAN_POINT('Control Point',(-18.9923345408,-8.50594431905,0.)) ;
#10266=CARTESIAN_POINT('Control Point',(-19.1757422199,-8.57780490351,0.)) ;
#10267=CARTESIAN_POINT('Control Point',(-19.5177438994,-8.77053879467,0.)) ;
#10268=CARTESIAN_POINT('Control Point',(-19.794285228,-9.04916883339,0.)) ;
#10269=CARTESIAN_POINT('Control Point',(-19.9122194199,-9.20694667166,0.)) ;
#10270=CARTESIAN_POINT('Control Point',(-20.0686151416,-9.49179011598,0.)) ;
#10271=CARTESIAN_POINT('Control Point',(-20.1558643127,-9.80298565044,0.)) ;
#10272=CARTESIAN_POINT('Control Point',(-20.1790689283,-9.92902534835,0.)) ;
#10273=CARTESIAN_POINT('Control Point',(-20.1906706831,-10.0564714799,0.)) ;
#10274=CARTESIAN_POINT('Control Point',(-20.1906706831,-10.183917377,0.)) ;
#10281=CARTESIAN_POINT('Control Point',(74.8293293164,34.816082623,0.)) ;
#10282=CARTESIAN_POINT('Control Point',(74.8293293164,34.6216637133,0.)) ;
#10283=CARTESIAN_POINT('Control Point',(74.8563283968,34.427245349,0.)) ;
#10284=CARTESIAN_POINT('Control Point',(74.9103386473,34.2378114155,0.)) ;
#10285=CARTESIAN_POINT('Control Point',(75.0695182406,33.8789613675,0.)) ;
#10286=CARTESIAN_POINT('Control Point',(75.3204547913,33.5770662687,0.)) ;
#10287=CARTESIAN_POINT('Control Point',(75.4662442677,33.4445983472,0.)) ;
#10288=CARTESIAN_POINT('Control Point',(75.7907334632,33.2236497939,0.)) ;
#10289=CARTESIAN_POINT('Control Point',(76.1631472927,33.0994815853,0.)) ;
#10290=CARTESIAN_POINT('Control Point',(76.3568744836,33.0638151517,0.)) ;
#10291=CARTESIAN_POINT('Control Point',(76.7490935755,33.0472112793,0.)) ;
#10292=CARTESIAN_POINT('Control Point',(77.1309931817,33.1381095668,0.)) ;
#10293=CARTESIAN_POINT('Control Point',(77.3144008484,33.2099701457,0.)) ;
#10294=CARTESIAN_POINT('Control Point',(77.6564025324,33.4027040382,0.)) ;
#10295=CARTESIAN_POINT('Control Point',(77.932943864,33.6813340802,0.)) ;
#10296=CARTESIAN_POINT('Control Point',(78.0508780526,33.8391119147,0.)) ;
#10297=CARTESIAN_POINT('Control Point',(78.2072737777,34.1239553649,0.)) ;
#10298=CARTESIAN_POINT('Control Point',(78.2945229494,34.4351509063,0.)) ;
#10299=CARTESIAN_POINT('Control Point',(78.3177275606,34.5611905822,0.)) ;
#10300=CARTESIAN_POINT('Control Point',(78.3293293164,34.6886367198,0.)) ;
#10301=CARTESIAN_POINT('Control Point',(78.3293293164,34.816082623,0.)) ;
#10302=CARTESIAN_POINT('Vertex',(74.8293293172,34.8160826225,0.)) ;
#10304=CARTESIAN_POINT('Vertex',(78.3293293172,34.8160826225,7.14663883628E-010)) ;
#10308=CARTESIAN_POINT('Control Point',(78.3293293164,34.816082623,0.)) ;
#10309=CARTESIAN_POINT('Control Point',(78.3293293164,35.0105015346,0.)) ;
#10310=CARTESIAN_POINT('Control Point',(78.3023302356,35.2049199008,0.)) ;
#10311=CARTESIAN_POINT('Control Point',(78.248319989,35.3943538251,0.)) ;
#10312=CARTESIAN_POINT('Control Point',(78.0891403948,35.7532038764,0.)) ;
#10313=CARTESIAN_POINT('Control Point',(77.8382038417,36.0550989775,0.)) ;
#10314=CARTESIAN_POINT('Control Point',(77.6924143693,36.1875668955,0.)) ;
#10315=CARTESIAN_POINT('Control Point',(77.3679251729,36.4085154498,0.)) ;
#10316=CARTESIAN_POINT('Control Point',(76.9955113421,36.5326836588,0.)) ;
#10317=CARTESIAN_POINT('Control Point',(76.8017841492,36.5683500943,0.)) ;
#10318=CARTESIAN_POINT('Control Point',(76.4095650618,36.5849539665,0.)) ;
#10319=CARTESIAN_POINT('Control Point',(76.0276654599,36.4940556812,0.)) ;
#10320=CARTESIAN_POINT('Control Point',(75.8442577786,36.4221950959,0.)) ;
#10321=CARTESIAN_POINT('Control Point',(75.5022560984,36.2294612041,0.)) ;
#10322=CARTESIAN_POINT('Control Point',(75.2257147694,35.9508311645,0.)) ;
#10323=CARTESIAN_POINT('Control Point',(75.107780583,35.793053331,0.)) ;
#10324=CARTESIAN_POINT('Control Point',(74.9513848589,35.508209883,0.)) ;
#10325=CARTESIAN_POINT('Control Point',(74.8641356872,35.1970143442,0.)) ;
#10326=CARTESIAN_POINT('Control Point',(74.8409310717,35.0709746572,0.)) ;
#10327=CARTESIAN_POINT('Control Point',(74.8293293164,34.9435285229,0.)) ;
#10328=CARTESIAN_POINT('Control Point',(74.8293293164,34.816082623,0.)) ;
#10334=CARTESIAN_POINT('Line Origine',(77.0993293169,31.816082623,0.)) ;
#10338=CARTESIAN_POINT('Vertex',(76.5793293172,31.8160826225,-3.72529118664E-010)) ;
#10340=CARTESIAN_POINT('Vertex',(77.6193293172,31.8160826225,7.45059014484E-010)) ;
#10344=CARTESIAN_POINT('Control Point',(73.5793293164,34.816082623,0.)) ;
#10345=CARTESIAN_POINT('Control Point',(73.5793293164,34.4766775576,0.)) ;
#10346=CARTESIAN_POINT('Control Point',(73.6273275658,34.1372730578,0.)) ;
#10347=CARTESIAN_POINT('Control Point',(73.7233473607,33.8068921743,0.)) ;
#10348=CARTESIAN_POINT('Control Point',(74.0061442267,33.1823715657,0.)) ;
#10349=CARTESIAN_POINT('Control Point',(74.4510244799,32.6607600758,0.)) ;
#10350=CARTESIAN_POINT('Control Point',(74.7091688116,32.4333115502,0.)) ;
#10351=CARTESIAN_POINT('Control Point',(75.2186540021,32.099576699,0.)) ;
#10352=CARTESIAN_POINT('Control Point',(75.7926027497,31.9029795409,0.)) ;
#10353=CARTESIAN_POINT('Control Point',(76.0520220779,31.8450464317,0.)) ;
#10354=CARTESIAN_POINT('Control Point',(76.3156758678,31.816082623,0.)) ;
#10355=CARTESIAN_POINT('Control Point',(76.5793293164,31.816082623,0.)) ;
#10356=CARTESIAN_POINT('Vertex',(73.5793293172,34.816082623,-3.72529118664E-010)) ;
#10359=CARTESIAN_POINT('Line Origine',(73.5793293164,35.7410826228,0.)) ;
#10363=CARTESIAN_POINT('Vertex',(73.579329317,36.6660826225,7.45058015283E-010)) ;
#10366=CARTESIAN_POINT('Line Origine',(29.0693293167,36.6660826226,0.)) ;
#10370=CARTESIAN_POINT('Vertex',(-15.4406706826,36.6660826225,7.45058015283E-010)) ;
#10373=CARTESIAN_POINT('Line Origine',(-15.4406706831,35.7410826228,0.)) ;
#10377=CARTESIAN_POINT('Vertex',(-15.4406706828,34.8160826225,-3.72529118664E-010)) ;
#10381=CARTESIAN_POINT('Control Point',(-18.4406706831,31.816082623,0.)) ;
#10382=CARTESIAN_POINT('Control Point',(-18.1012656168,31.816082623,0.)) ;
#10383=CARTESIAN_POINT('Control Point',(-17.7618611161,31.8640808726,0.)) ;
#10384=CARTESIAN_POINT('Control Point',(-17.4314802361,31.9601006647,0.)) ;
#10385=CARTESIAN_POINT('Control Point',(-16.8069596284,32.2428975299,0.)) ;
#10386=CARTESIAN_POINT('Control Point',(-16.285348139,32.6877777819,0.)) ;
#10387=CARTESIAN_POINT('Control Point',(-16.057899608,32.9459221197,0.)) ;
#10388=CARTESIAN_POINT('Control Point',(-15.7241647589,33.4554073081,0.)) ;
#10389=CARTESIAN_POINT('Control Point',(-15.5275676015,34.029356053,0.)) ;
#10390=CARTESIAN_POINT('Control Point',(-15.4696344917,34.2887753858,0.)) ;
#10391=CARTESIAN_POINT('Control Point',(-15.4406706831,34.5524291751,0.)) ;
#10392=CARTESIAN_POINT('Control Point',(-15.4406706831,34.816082623,0.)) ;
#10393=CARTESIAN_POINT('Vertex',(-18.4406706831,31.8160826225,-3.72529118664E-010)) ;
#10396=CARTESIAN_POINT('Line Origine',(-18.9606706827,31.816082623,0.)) ;
#10400=CARTESIAN_POINT('Vertex',(-19.4806706828,31.8160826225,7.45058015283E-010)) ;
#10403=CARTESIAN_POINT('Line Origine',(-19.4806706822,12.316082623,0.)) ;
#10407=CARTESIAN_POINT('Vertex',(-19.4806706828,-7.18391737753,7.45058015283E-010)) ;
#10410=CARTESIAN_POINT('Line Origine',(-18.9606706827,-7.18391737701,0.)) ;
#10414=CARTESIAN_POINT('Vertex',(-18.4406706828,-7.18391737753,-3.72529118664E-010)) ;
#10418=CARTESIAN_POINT('Control Point',(-15.4406706831,-10.183917377,0.)) ;
#10419=CARTESIAN_POINT('Control Point',(-15.4406706831,-9.84451231134,0.)) ;
#10420=CARTESIAN_POINT('Control Point',(-15.4886689325,-9.50510781134,0.)) ;
#10421=CARTESIAN_POINT('Control Point',(-15.5846887254,-9.17472693062,0.)) ;
#10422=CARTESIAN_POINT('Control Point',(-15.8674855915,-8.55020632149,0.)) ;
#10423=CARTESIAN_POINT('Control Point',(-16.3123658451,-8.02859483118,0.)) ;
#10424=CARTESIAN_POINT('Control Point',(-16.5705101758,-7.80114630639,0.)) ;
#10425=CARTESIAN_POINT('Control Point',(-17.0799953662,-7.46741145524,0.)) ;
#10426=CARTESIAN_POINT('Control Point',(-17.6539441137,-7.27081429707,0.)) ;
#10427=CARTESIAN_POINT('Control Point',(-17.9133634453,-7.21288118565,0.)) ;
#10428=CARTESIAN_POINT('Control Point',(-18.1770172349,-7.18391737701,0.)) ;
#10429=CARTESIAN_POINT('Control Point',(-18.4406706831,-7.18391737701,0.)) ;
#10430=CARTESIAN_POINT('Vertex',(-15.4406706828,-10.183917378,-3.72529118664E-010)) ;
#10433=CARTESIAN_POINT('Line Origine',(-15.4406706831,-11.1089173768,0.)) ;
#10439=CARTESIAN_POINT('Control Point',(76.5793293164,-7.18391737701,0.)) ;
#10440=CARTESIAN_POINT('Control Point',(76.2399242506,-7.18391737701,0.)) ;
#10441=CARTESIAN_POINT('Control Point',(75.9005197505,-7.23191562646,0.)) ;
#10442=CARTESIAN_POINT('Control Point',(75.5701388703,-7.32793542099,0.)) ;
#10443=CARTESIAN_POINT('Control Point',(74.9456182592,-7.61073228795,0.)) ;
#10444=CARTESIAN_POINT('Control Point',(74.4240067676,-8.05561254342,0.)) ;
#10445=CARTESIAN_POINT('Control Point',(74.196558248,-8.31375686828,0.)) ;
#10446=CARTESIAN_POINT('Control Point',(73.8628233958,-8.82324205935,0.)) ;
#10447=CARTESIAN_POINT('Control Point',(73.6662262371,-9.39719080769,0.)) ;
#10448=CARTESIAN_POINT('Control Point',(73.6082931249,-9.65661014108,0.)) ;
#10449=CARTESIAN_POINT('Control Point',(73.5793293164,-9.92026392971,0.)) ;
#10450=CARTESIAN_POINT('Control Point',(73.5793293164,-10.183917377,0.)) ;
#10451=CARTESIAN_POINT('Vertex',(76.5793293175,-7.18391737753,-3.72529118664E-010)) ;
#10454=CARTESIAN_POINT('Line Origine',(77.0993293169,-7.18391737701,0.)) ;
#10458=CARTESIAN_POINT('Vertex',(77.6193293172,-7.18391737753,7.45059014484E-010)) ;
#10461=CARTESIAN_POINT('Line Origine',(77.6193293174,12.316082623,0.)) ;
#10486=CARTESIAN_POINT('Axis2P3D Location',(-15.4406706828,-12.7489173775,1.4)) ;
#10491=CARTESIAN_POINT('Line Origine',(-15.4406706828,-10.183917378,0.699999999814)) ;
#10504=CARTESIAN_POINT('Axis2P3D Location',(-22.4956706828,-10.2489173775,1.4)) ;
#10509=CARTESIAN_POINT('Line Origine',(-22.4956706828,34.8810826233,2.19999999981)) ;
#10513=CARTESIAN_POINT('Vertex',(-22.4956706828,34.8810826225,3.)) ;
#10516=CARTESIAN_POINT('Line Origine',(-22.4956706828,12.3160826229,2.99999999963)) ;
#10520=CARTESIAN_POINT('Vertex',(-22.4956706828,-10.2489173783,3.)) ;
#10523=CARTESIAN_POINT('Line Origine',(-22.4956706828,-10.2489173775,2.19999999981)) ;
#10536=CARTESIAN_POINT('Axis2P3D Location',(-18.4956706828,-10.2489173775,2.2)) ;
#10542=CARTESIAN_POINT('Control Point',(-18.4956706828,-14.2489173775,3.00000000075)) ;
#10543=CARTESIAN_POINT('Control Point',(-19.7523077442,-14.2489173775,3.0000000006)) ;
#10544=CARTESIAN_POINT('Control Point',(-21.0101172563,-13.7568573613,3.00000000045)) ;
#10545=CARTESIAN_POINT('Control Point',(-22.0036106666,-12.763363951,3.0000000003)) ;
#10546=CARTESIAN_POINT('Control Point',(-22.4956706828,-11.505554439,3.00000000015)) ;
#10547=CARTESIAN_POINT('Control Point',(-22.4956706828,-10.2489173775,3.)) ;
#10548=CARTESIAN_POINT('Vertex',(-18.4956706828,-14.2489173783,3.)) ;
#10551=CARTESIAN_POINT('Line Origine',(-18.4956706828,-14.2489173775,2.19999999925)) ;
#10564=CARTESIAN_POINT('Axis2P3D Location',(76.6343293172,-14.2489173775,1.4)) ;
#10569=CARTESIAN_POINT('Line Origine',(29.0693293168,-14.2489173775,2.99999999963)) ;
#10573=CARTESIAN_POINT('Vertex',(76.634329318,-14.2489173783,3.)) ;
#10576=CARTESIAN_POINT('Line Origine',(76.6343293172,-14.2489173775,2.19999999981)) ;
#10589=CARTESIAN_POINT('Axis2P3D Location',(76.6343293172,-10.2489173775,2.2)) ;
#10595=CARTESIAN_POINT('Control Point',(80.6343293172,-10.2489173775,3.00000000075)) ;
#10596=CARTESIAN_POINT('Control Point',(80.6343293172,-11.505554439,3.0000000006)) ;
#10597=CARTESIAN_POINT('Control Point',(80.142269301,-12.763363951,3.00000000045)) ;
#10598=CARTESIAN_POINT('Control Point',(79.1487758906,-13.7568573613,3.0000000003)) ;
#10599=CARTESIAN_POINT('Control Point',(77.8909663786,-14.2489173775,3.00000000015)) ;
#10600=CARTESIAN_POINT('Control Point',(76.6343293172,-14.2489173775,3.)) ;
#10601=CARTESIAN_POINT('Vertex',(80.634329318,-10.2489173783,3.)) ;
#10604=CARTESIAN_POINT('Line Origine',(80.6343293172,-10.2489173775,2.19999999925)) ;
#10617=CARTESIAN_POINT('Axis2P3D Location',(80.6343293172,34.8810826225,1.4)) ;
#10622=CARTESIAN_POINT('Line Origine',(80.6343293172,12.3160826221,2.99999999963)) ;
#10626=CARTESIAN_POINT('Vertex',(80.6343293172,34.8810826225,3.00000000075)) ;
#10629=CARTESIAN_POINT('Line Origine',(80.6343293172,34.8810826225,2.19999999981)) ;
#10642=CARTESIAN_POINT('Axis2P3D Location',(76.6343293172,34.8810826225,2.2)) ;
#10647=CARTESIAN_POINT('Axis2P3D Location',(76.6343293172,34.8810826225,3.00000000075)) ;
#10651=CARTESIAN_POINT('Vertex',(76.634329318,38.8810826225,3.)) ;
#10654=CARTESIAN_POINT('Line Origine',(76.6343293172,38.8810826225,2.19999999925)) ;
#10667=CARTESIAN_POINT('Axis2P3D Location',(-18.4956706828,38.8810826225,1.4)) ;
#10672=CARTESIAN_POINT('Line Origine',(29.0693293176,38.8810826225,2.99999999963)) ;
#10676=CARTESIAN_POINT('Vertex',(-18.4956706828,38.8810826225,3.00000000075)) ;
#10679=CARTESIAN_POINT('Line Origine',(-18.4956706828,38.8810826225,2.19999999981)) ;
#10692=CARTESIAN_POINT('Axis2P3D Location',(-18.4956706828,34.8810826225,2.2)) ;
#10697=CARTESIAN_POINT('Axis2P3D Location',(-18.4956706828,34.8810826225,3.00000000075)) ;
#10710=CARTESIAN_POINT('Axis2P3D Location',(76.5793293172,-10.1839173775,-118.995821356)) ;
#10715=CARTESIAN_POINT('Line Origine',(74.8293293172,-10.1839173775,-118.995821357)) ;
#10720=CARTESIAN_POINT('Line Origine',(78.3293293172,-10.1839173775,-118.995821357)) ;
#10733=CARTESIAN_POINT('Axis2P3D Location',(76.5793293172,-10.1839173775,-118.995821356)) ;
#10746=CARTESIAN_POINT('Axis2P3D Location',(-18.4406706828,34.8160826225,-118.995821356)) ;
#10751=CARTESIAN_POINT('Line Origine',(-20.1906706828,34.8160826225,-118.995821357)) ;
#10756=CARTESIAN_POINT('Line Origine',(-16.6906706828,34.8160826225,-118.995821357)) ;
#10769=CARTESIAN_POINT('Axis2P3D Location',(-18.4406706828,34.8160826225,-118.995821356)) ;
#10782=CARTESIAN_POINT('Axis2P3D Location',(-18.4406706828,-10.1839173775,-118.995821356)) ;
#10787=CARTESIAN_POINT('Line Origine',(-20.1906706828,-10.1839173775,-118.995821357)) ;
#10792=CARTESIAN_POINT('Line Origine',(-16.6906706828,-10.1839173775,-118.995821357)) ;
#10805=CARTESIAN_POINT('Axis2P3D Location',(-18.4406706828,-10.1839173775,-118.995821356)) ;
#10818=CARTESIAN_POINT('Axis2P3D Location',(76.5793293172,34.8160826225,-118.995821356)) ;
#10823=CARTESIAN_POINT('Line Origine',(74.8293293172,34.8160826225,-118.995821357)) ;
#10828=CARTESIAN_POINT('Line Origine',(78.3293293172,34.8160826225,-118.995821357)) ;
#10841=CARTESIAN_POINT('Axis2P3D Location',(76.5793293172,34.8160826225,-118.995821356)) ;
#10854=CARTESIAN_POINT('Axis2P3D Location',(-18.4406706828,-10.1839173775,1.4)) ;
#10859=CARTESIAN_POINT('Line Origine',(-18.4406706828,-7.18391737753,1.40000000037)) ;
#10872=CARTESIAN_POINT('Axis2P3D Location',(-18.4406706828,-7.18391737753,1.4)) ;
#10877=CARTESIAN_POINT('Line Origine',(-19.4806706819,-7.18391737753,0.699999999814)) ;
#10890=CARTESIAN_POINT('Axis2P3D Location',(-19.4806706828,12.3160826225,0.7)) ;
#10895=CARTESIAN_POINT('Line Origine',(-19.4806706828,31.8160826225,0.7)) ;
#10908=CARTESIAN_POINT('Axis2P3D Location',(-20.9956706828,31.8160826225,1.4)) ;
#10913=CARTESIAN_POINT('Line Origine',(-18.4406706831,31.8160826225,0.699999999814)) ;
#10926=CARTESIAN_POINT('Axis2P3D Location',(-18.4406706828,34.8160826225,1.4)) ;
#10931=CARTESIAN_POINT('Line Origine',(-15.4406706828,34.8160826225,1.40000000037)) ;
#10944=CARTESIAN_POINT('Axis2P3D Location',(-15.4406706828,34.8160826225,1.4)) ;
#10949=CARTESIAN_POINT('Line Origine',(-15.4406706828,36.6660826221,0.699999999814)) ;
#10962=CARTESIAN_POINT('Axis2P3D Location',(29.0693293172,36.6660826225,0.7)) ;
#10967=CARTESIAN_POINT('Line Origine',(73.579329317,36.6660826225,0.7)) ;
#10980=CARTESIAN_POINT('Axis2P3D Location',(73.5793293172,37.3810826225,1.4)) ;
#10985=CARTESIAN_POINT('Line Origine',(73.5793293172,34.816082623,0.699999999814)) ;
#10998=CARTESIAN_POINT('Axis2P3D Location',(76.5793293172,34.8160826225,1.4)) ;
#11003=CARTESIAN_POINT('Line Origine',(76.5793293172,31.8160826225,1.40000000037)) ;
#11016=CARTESIAN_POINT('Axis2P3D Location',(76.5793293172,31.8160826225,1.4)) ;
#11021=CARTESIAN_POINT('Line Origine',(77.6193293163,31.8160826225,0.699999999814)) ;
#11034=CARTESIAN_POINT('Axis2P3D Location',(77.6193293172,12.3160826225,0.7)) ;
#11039=CARTESIAN_POINT('Line Origine',(77.6193293172,-7.18391737753,0.7)) ;
#11052=CARTESIAN_POINT('Axis2P3D Location',(79.1343293172,-7.18391737753,1.4)) ;
#11057=CARTESIAN_POINT('Line Origine',(76.5793293175,-7.18391737753,0.699999999814)) ;
#11070=CARTESIAN_POINT('Axis2P3D Location',(76.5793293172,-10.1839173775,1.4)) ;
#11083=CARTESIAN_POINT('Axis2P3D Location',(-18.4956706828,34.8810826225,-3.)) ;
#11088=CARTESIAN_POINT('Line Origine',(-18.4956706828,38.8810826225,-3.)) ;
#11092=CARTESIAN_POINT('Vertex',(-18.4956706828,38.8810826225,-6.)) ;
#11095=CARTESIAN_POINT('Line Origine',(-22.4956706828,34.8810826225,-3.)) ;
#11099=CARTESIAN_POINT('Vertex',(-22.4956706828,34.8810826225,-6.)) ;
#11102=CARTESIAN_POINT('Axis2P3D Location',(-18.4956706828,34.8810826225,-6.)) ;
#11115=CARTESIAN_POINT('Axis2P3D Location',(-18.4956706828,38.8810826225,-6.)) ;
#11120=CARTESIAN_POINT('Line Origine',(76.634329318,38.8810826225,-3.)) ;
#11124=CARTESIAN_POINT('Vertex',(76.634329318,38.8810826225,-6.)) ;
#11127=CARTESIAN_POINT('Line Origine',(29.0693293176,38.8810826225,-6.)) ;
#11140=CARTESIAN_POINT('Axis2P3D Location',(76.6343293172,34.8810826225,-3.)) ;
#11145=CARTESIAN_POINT('Line Origine',(80.6343293172,34.8810826225,-3.)) ;
#11149=CARTESIAN_POINT('Vertex',(80.634329318,34.8810826225,-6.)) ;
#11152=CARTESIAN_POINT('Axis2P3D Location',(76.6343293172,34.8810826225,-6.)) ;
#11165=CARTESIAN_POINT('Axis2P3D Location',(80.6343293172,34.8810826225,-6.)) ;
#11170=CARTESIAN_POINT('Line Origine',(80.6343293172,-10.2489173783,-3.)) ;
#11174=CARTESIAN_POINT('Vertex',(80.634329318,-10.2489173783,-6.)) ;
#11177=CARTESIAN_POINT('Line Origine',(80.6343293172,12.3160826221,-6.)) ;
#11190=CARTESIAN_POINT('Axis2P3D Location',(76.6343293172,-10.2489173775,-3.)) ;
#11195=CARTESIAN_POINT('Line Origine',(76.6343293172,-14.2489173775,-3.)) ;
#11199=CARTESIAN_POINT('Vertex',(76.634329318,-14.2489173783,-6.)) ;
#11202=CARTESIAN_POINT('Axis2P3D Location',(76.6343293172,-10.2489173775,-6.)) ;
#11215=CARTESIAN_POINT('Axis2P3D Location',(76.6343293172,-14.2489173775,-6.)) ;
#11220=CARTESIAN_POINT('Line Origine',(-18.4956706836,-14.2489173775,-3.)) ;
#11224=CARTESIAN_POINT('Vertex',(-18.4956706828,-14.2489173783,-6.)) ;
#11227=CARTESIAN_POINT('Line Origine',(29.0693293168,-14.2489173775,-6.)) ;
#11240=CARTESIAN_POINT('Axis2P3D Location',(-18.4956706828,-10.2489173775,-3.)) ;
#11245=CARTESIAN_POINT('Line Origine',(-22.4956706828,-10.2489173775,-3.)) ;
#11249=CARTESIAN_POINT('Vertex',(-22.4956706828,-10.2489173783,-6.)) ;
#11252=CARTESIAN_POINT('Axis2P3D Location',(-18.4956706828,-10.2489173775,-6.)) ;
#11265=CARTESIAN_POINT('Axis2P3D Location',(-22.4956706828,-10.2489173775,-6.)) ;
#11270=CARTESIAN_POINT('Line Origine',(-22.4956706828,12.3160826229,-6.)) ;
#11283=CARTESIAN_POINT('Axis2P3D Location',(-22.7456706828,34.8810826225,3.)) ;
#11289=CARTESIAN_POINT('Control Point',(-22.8817962865,34.8810826225,3.)) ;
#11290=CARTESIAN_POINT('Control Point',(-22.8817962865,35.2914778367,3.)) ;
#11291=CARTESIAN_POINT('Control Point',(-22.833797139,35.7018726641,3.)) ;
#11292=CARTESIAN_POINT('Control Point',(-22.737787696,36.104799074,3.)) ;
#11293=CARTESIAN_POINT('Control Point',(-22.4533287922,36.8806837307,3.)) ;
#11294=CARTESIAN_POINT('Control Point',(-21.997504886,37.5699847494,3.)) ;
#11295=CARTESIAN_POINT('Control Point',(-21.7301094924,37.8863187703,3.)) ;
#11296=CARTESIAN_POINT('Control Point',(-21.1263261453,38.4505523518,3.)) ;
#11297=CARTESIAN_POINT('Control Point',(-20.4086372503,38.8602278015,3.)) ;
#11298=CARTESIAN_POINT('Control Point',(-20.0273215538,39.021986427,3.)) ;
#11299=CARTESIAN_POINT('Control Point',(-19.4888901511,39.1789814909,3.)) ;
#11300=CARTESIAN_POINT('Control Point',(-18.9357345842,39.2487757001,3.)) ;
#11301=CARTESIAN_POINT('Control Point',(-18.7889905806,39.2610783477,3.)) ;
#11302=CARTESIAN_POINT('Control Point',(-18.642330607,39.2672082262,3.)) ;
#11303=CARTESIAN_POINT('Control Point',(-18.4956706828,39.2672082262,3.)) ;
#11304=CARTESIAN_POINT('Vertex',(-22.881796286,34.8810826225,3.)) ;
#11306=CARTESIAN_POINT('Vertex',(-18.4956706828,39.2672082257,3.)) ;
#11309=CARTESIAN_POINT('Line Origine',(-22.8817962865,12.3160826221,3.)) ;
#11313=CARTESIAN_POINT('Vertex',(-22.881796286,-10.2489173775,3.)) ;
#11317=CARTESIAN_POINT('Control Point',(-18.4956706828,-14.6350429802,3.)) ;
#11318=CARTESIAN_POINT('Control Point',(-18.9060658976,-14.6350429802,3.)) ;
#11319=CARTESIAN_POINT('Control Point',(-19.3164607254,-14.5870438325,3.)) ;
#11320=CARTESIAN_POINT('Control Point',(-19.7193871334,-14.4910343919,3.)) ;
#11321=CARTESIAN_POINT('Control Point',(-20.495271791,-14.2065754878,3.)) ;
#11322=CARTESIAN_POINT('Control Point',(-21.1845728105,-13.7507515811,3.)) ;
#11323=CARTESIAN_POINT('Control Point',(-21.5009068301,-13.4833561866,3.)) ;
#11324=CARTESIAN_POINT('Control Point',(-22.0651404121,-12.8795728392,3.)) ;
#11325=CARTESIAN_POINT('Control Point',(-22.4748158621,-12.1618839437,3.)) ;
#11326=CARTESIAN_POINT('Control Point',(-22.6365744872,-11.7805682498,3.)) ;
#11327=CARTESIAN_POINT('Control Point',(-22.7935695512,-11.2421368469,3.)) ;
#11328=CARTESIAN_POINT('Control Point',(-22.8633637605,-10.6889812797,3.)) ;
#11329=CARTESIAN_POINT('Control Point',(-22.8756664081,-10.5422372762,3.)) ;
#11330=CARTESIAN_POINT('Control Point',(-22.8817962865,-10.3955773025,3.)) ;
#11331=CARTESIAN_POINT('Control Point',(-22.8817962865,-10.2489173783,3.)) ;
#11332=CARTESIAN_POINT('Vertex',(-18.4956706828,-14.6350429807,3.)) ;
#11335=CARTESIAN_POINT('Line Origine',(29.0693293176,-14.6350429802,3.)) ;
#11339=CARTESIAN_POINT('Vertex',(76.6343293172,-14.6350429807,3.)) ;
#11343=CARTESIAN_POINT('Control Point',(81.0204549198,-10.2489173783,3.)) ;
#11344=CARTESIAN_POINT('Control Point',(81.0204549198,-10.6593125922,3.)) ;
#11345=CARTESIAN_POINT('Control Point',(80.9724557724,-11.0697074192,3.)) ;
#11346=CARTESIAN_POINT('Control Point',(80.876446331,-11.4726338305,3.)) ;
#11347=CARTESIAN_POINT('Control Point',(80.5919874269,-12.2485184876,3.)) ;
#11348=CARTESIAN_POINT('Control Point',(80.1361635204,-12.9378195065,3.)) ;
#11349=CARTESIAN_POINT('Control Point',(79.8687681268,-13.2541535233,3.)) ;
#11350=CARTESIAN_POINT('Control Point',(79.264984776,-13.8183871086,3.)) ;
#11351=CARTESIAN_POINT('Control Point',(78.5472958757,-14.2280625601,3.)) ;
#11352=CARTESIAN_POINT('Control Point',(78.1659801978,-14.3898211784,3.)) ;
#11353=CARTESIAN_POINT('Control Point',(77.6275487908,-14.5468162444,3.)) ;
#11354=CARTESIAN_POINT('Control Point',(77.0743932194,-14.6166104541,3.)) ;
#11355=CARTESIAN_POINT('Control Point',(76.9276492158,-14.6289131017,3.)) ;
#11356=CARTESIAN_POINT('Control Point',(76.7809892422,-14.6350429802,3.)) ;
#11357=CARTESIAN_POINT('Control Point',(76.634329318,-14.6350429802,3.)) ;
#11358=CARTESIAN_POINT('Vertex',(81.0204549204,-10.2489173783,3.)) ;
#11361=CARTESIAN_POINT('Line Origine',(81.0204549198,12.3160826221,3.)) ;
#11365=CARTESIAN_POINT('Vertex',(81.0204549204,34.8810826225,3.)) ;
#11369=CARTESIAN_POINT('Control Point',(76.634329318,39.2672082262,3.)) ;
#11370=CARTESIAN_POINT('Control Point',(77.0447245314,39.2672082262,3.)) ;
#11371=CARTESIAN_POINT('Control Point',(77.4551193579,39.2192090788,3.)) ;
#11372=CARTESIAN_POINT('Control Point',(77.8580457711,39.1231996351,3.)) ;
#11373=CARTESIAN_POINT('Control Point',(78.6339304272,38.8387407313,3.)) ;
#11374=CARTESIAN_POINT('Control Point',(79.3232314455,38.3829168253,3.)) ;
#11375=CARTESIAN_POINT('Control Point',(79.6395654635,38.1155214325,3.)) ;
#11376=CARTESIAN_POINT('Control Point',(80.2037990483,37.5117380821,3.)) ;
#11377=CARTESIAN_POINT('Control Point',(80.6134744995,36.7940491824,3.)) ;
#11378=CARTESIAN_POINT('Control Point',(80.7752331182,36.4127335019,3.)) ;
#11379=CARTESIAN_POINT('Control Point',(80.9322281841,35.8743020951,3.)) ;
#11380=CARTESIAN_POINT('Control Point',(81.0020223938,35.3211465239,3.)) ;
#11381=CARTESIAN_POINT('Control Point',(81.0143250414,35.1744025203,3.)) ;
#11382=CARTESIAN_POINT('Control Point',(81.0204549198,35.0277425467,3.)) ;
#11383=CARTESIAN_POINT('Control Point',(81.0204549198,34.8810826225,3.)) ;
#11384=CARTESIAN_POINT('Vertex',(76.634329318,39.2672082257,3.)) ;
#11387=CARTESIAN_POINT('Line Origine',(29.0693293176,39.2672082262,3.)) ;
#11414=CARTESIAN_POINT('Axis2P3D Location',(-22.7456706828,34.8810826225,-6.)) ;
#11420=CARTESIAN_POINT('Control Point',(-18.4956706828,39.2311305629,-6.)) ;
#11421=CARTESIAN_POINT('Control Point',(-18.9043745208,39.2311305629,-6.)) ;
#11422=CARTESIAN_POINT('Control Point',(-19.3130779688,39.1831314288,-6.)) ;
#11423=CARTESIAN_POINT('Control Point',(-19.714282205,39.0871218317,-6.)) ;
#11424=CARTESIAN_POINT('Control Point',(-20.4865983825,38.8026926182,-6.)) ;
#11425=CARTESIAN_POINT('Control Point',(-21.1719993292,38.3470664043,-6.)) ;
#11426=CARTESIAN_POINT('Control Point',(-21.4862793787,38.0798385526,-6.)) ;
#11427=CARTESIAN_POINT('Control Point',(-22.0461744981,37.4766058304,-6.)) ;
#11428=CARTESIAN_POINT('Control Point',(-22.451071629,36.7600669101,-6.)) ;
#11429=CARTESIAN_POINT('Control Point',(-22.6103360886,36.379517963,-6.)) ;
#11430=CARTESIAN_POINT('Control Point',(-22.7622698252,35.8479161415,-6.)) ;
#11431=CARTESIAN_POINT('Control Point',(-22.8286864494,35.3023848247,-6.)) ;
#11432=CARTESIAN_POINT('Control Point',(-22.8400535438,35.1619007128,-6.)) ;
#11433=CARTESIAN_POINT('Control Point',(-22.8457186232,35.0214916446,-6.)) ;
#11434=CARTESIAN_POINT('Control Point',(-22.8457186232,34.8810826225,-6.)) ;
#11435=CARTESIAN_POINT('Vertex',(-18.4956706828,39.2311305623,-6.)) ;
#11437=CARTESIAN_POINT('Vertex',(-22.8457186226,34.8810826225,-6.)) ;
#11440=CARTESIAN_POINT('Line Origine',(29.0693293176,39.2311305629,-6.)) ;
#11444=CARTESIAN_POINT('Vertex',(76.634329318,39.2311305623,-6.)) ;
#11448=CARTESIAN_POINT('Control Point',(80.9843772565,34.8810826225,-6.)) ;
#11449=CARTESIAN_POINT('Control Point',(80.9843772565,35.289786461,-6.)) ;
#11450=CARTESIAN_POINT('Control Point',(80.9363781224,35.6984899094,-6.)) ;
#11451=CARTESIAN_POINT('Control Point',(80.8403685276,36.0996941437,-6.)) ;
#11452=CARTESIAN_POINT('Control Point',(80.5559393149,36.8720103191,-6.)) ;
#11453=CARTESIAN_POINT('Control Point',(80.100313103,37.5574112641,-6.)) ;
#11454=CARTESIAN_POINT('Control Point',(79.833085244,37.8716913222,-6.)) ;
#11455=CARTESIAN_POINT('Control Point',(79.2298525245,38.4315864382,-6.)) ;
#11456=CARTESIAN_POINT('Control Point',(78.5133136082,38.8364835673,-6.)) ;
#11457=CARTESIAN_POINT('Control Point',(78.1327646557,38.995748029,-6.)) ;
#11458=CARTESIAN_POINT('Control Point',(77.6011628356,39.147681765,-6.)) ;
#11459=CARTESIAN_POINT('Control Point',(77.0556315202,39.214098389,-6.)) ;
#11460=CARTESIAN_POINT('Control Point',(76.9151474084,39.2254654835,-6.)) ;
#11461=CARTESIAN_POINT('Control Point',(76.7747383402,39.2311305629,-6.)) ;
#11462=CARTESIAN_POINT('Control Point',(76.634329318,39.2311305629,-6.)) ;
#11463=CARTESIAN_POINT('Vertex',(80.984377257,34.8810826225,-6.)) ;
#11466=CARTESIAN_POINT('Line Origine',(80.9843772565,12.3160826221,-6.)) ;
#11470=CARTESIAN_POINT('Vertex',(80.984377257,-10.2489173783,-6.)) ;
#11474=CARTESIAN_POINT('Control Point',(76.634329318,-14.5989653169,-6.)) ;
#11475=CARTESIAN_POINT('Control Point',(77.0430331557,-14.5989653169,-6.)) ;
#11476=CARTESIAN_POINT('Control Point',(77.4517366032,-14.5509661829,-6.)) ;
#11477=CARTESIAN_POINT('Control Point',(77.8529408409,-14.4549565873,-6.)) ;
#11478=CARTESIAN_POINT('Control Point',(78.6252570131,-14.1705273756,-6.)) ;
#11479=CARTESIAN_POINT('Control Point',(79.3106579557,-13.714901166,-6.)) ;
#11480=CARTESIAN_POINT('Control Point',(79.624938021,-13.4476733008,-6.)) ;
#11481=CARTESIAN_POINT('Control Point',(80.1848331326,-12.8444405853,-6.)) ;
#11482=CARTESIAN_POINT('Control Point',(80.5897302595,-12.1279016744,-6.)) ;
#11483=CARTESIAN_POINT('Control Point',(80.7489947264,-11.7473527095,-6.)) ;
#11484=CARTESIAN_POINT('Control Point',(80.900928461,-11.2157508926,-6.)) ;
#11485=CARTESIAN_POINT('Control Point',(80.9673450846,-10.6702195806,-6.)) ;
#11486=CARTESIAN_POINT('Control Point',(80.9787121772,-10.5297354687,-6.)) ;
#11487=CARTESIAN_POINT('Control Point',(80.9843772565,-10.3893264005,-6.)) ;
#11488=CARTESIAN_POINT('Control Point',(80.9843772565,-10.2489173783,-6.)) ;
#11489=CARTESIAN_POINT('Vertex',(76.6343293172,-14.5989653173,-6.)) ;
#11492=CARTESIAN_POINT('Line Origine',(29.0693293176,-14.5989653169,-6.)) ;
#11496=CARTESIAN_POINT('Vertex',(-18.4956706828,-14.5989653173,-6.)) ;
#11500=CARTESIAN_POINT('Control Point',(-22.8457186232,-10.2489173783,-6.)) ;
#11501=CARTESIAN_POINT('Control Point',(-22.8457186232,-10.6576212155,-6.)) ;
#11502=CARTESIAN_POINT('Control Point',(-22.7977194894,-11.0663246626,-6.)) ;
#11503=CARTESIAN_POINT('Control Point',(-22.7017098915,-11.4675289022,-6.)) ;
#11504=CARTESIAN_POINT('Control Point',(-22.4172806789,-12.2398450765,-6.)) ;
#11505=CARTESIAN_POINT('Control Point',(-21.9616544673,-12.9252460207,-6.)) ;
#11506=CARTESIAN_POINT('Control Point',(-21.6944266094,-13.2395260775,-6.)) ;
#11507=CARTESIAN_POINT('Control Point',(-21.0911938911,-13.7994211925,-6.)) ;
#11508=CARTESIAN_POINT('Control Point',(-20.3746549764,-14.2043183212,-6.)) ;
#11509=CARTESIAN_POINT('Control Point',(-19.9941060167,-14.363582786,-6.)) ;
#11510=CARTESIAN_POINT('Control Point',(-19.4625041985,-14.5155165211,-6.)) ;
#11511=CARTESIAN_POINT('Control Point',(-18.9169728851,-14.5819331449,-6.)) ;
#11512=CARTESIAN_POINT('Control Point',(-18.7764887732,-14.5933002375,-6.)) ;
#11513=CARTESIAN_POINT('Control Point',(-18.636079705,-14.5989653169,-6.)) ;
#11514=CARTESIAN_POINT('Control Point',(-18.4956706828,-14.5989653169,-6.)) ;
#11515=CARTESIAN_POINT('Vertex',(-22.8457186226,-10.2489173775,-6.)) ;
#11518=CARTESIAN_POINT('Line Origine',(-22.8457186232,12.3160826221,-6.)) ;
#11545=CARTESIAN_POINT('Axis2P3D Location',(-18.4956706828,34.8810826225,2.8)) ;
#11550=CARTESIAN_POINT('Axis2P3D Location',(-22.881796286,34.8810826225,2.8)) ;
#11554=CARTESIAN_POINT('Vertex',(-23.054608403,34.8810826225,2.90067756562)) ;
#11556=CARTESIAN_POINT('Vertex',(-22.9814569274,34.8810826225,2.97340056679)) ;
#11559=CARTESIAN_POINT('Axis2P3D Location',(-22.881796286,34.8810826225,2.8)) ;
#11564=CARTESIAN_POINT('Axis2P3D Location',(-18.4956706828,39.2672082257,2.8)) ;
#11568=CARTESIAN_POINT('Vertex',(-18.4956706828,39.366868867,2.97340056679)) ;
#11571=CARTESIAN_POINT('Axis2P3D Location',(-18.4956706828,39.2672082257,2.8)) ;
#11575=CARTESIAN_POINT('Vertex',(-18.4956706828,39.4400203427,2.90067756562)) ;
#11578=CARTESIAN_POINT('Axis2P3D Location',(-18.4956706828,34.8810826225,2.90067756562)) ;
#11593=CARTESIAN_POINT('Axis2P3D Location',(-22.881796286,-10.2489173775,2.8)) ;
#11598=CARTESIAN_POINT('Line Origine',(-22.9814569274,-10.2489173766,2.97340056679)) ;
#11602=CARTESIAN_POINT('Vertex',(-22.9814569274,-10.2489173775,2.97340056679)) ;
#11605=CARTESIAN_POINT('Axis2P3D Location',(-22.881796286,-10.2489173775,2.8)) ;
#11618=CARTESIAN_POINT('Axis2P3D Location',(-18.4956706828,-10.2489173775,2.8)) ;
#11623=CARTESIAN_POINT('Axis2P3D Location',(-18.4956706828,-14.6350429807,2.8)) ;
#11627=CARTESIAN_POINT('Vertex',(-18.4956706828,-14.8078550977,2.90067756562)) ;
#11629=CARTESIAN_POINT('Vertex',(-18.4956706828,-14.7347036221,2.97340056679)) ;
#11632=CARTESIAN_POINT('Axis2P3D Location',(-18.4956706828,-14.6350429807,2.8)) ;
#11637=CARTESIAN_POINT('Axis2P3D Location',(-22.881796286,-10.2489173775,2.8)) ;
#11641=CARTESIAN_POINT('Vertex',(-23.054608403,-10.2489173775,2.90067756562)) ;
#11644=CARTESIAN_POINT('Axis2P3D Location',(-18.4956706828,-10.2489173775,2.90067756562)) ;
#11659=CARTESIAN_POINT('Axis2P3D Location',(76.6343293172,-14.6350429807,2.8)) ;
#11664=CARTESIAN_POINT('Line Origine',(76.6343293171,-14.7347036221,2.97340056679)) ;
#11668=CARTESIAN_POINT('Vertex',(76.6343293172,-14.7347036221,2.97340056679)) ;
#11671=CARTESIAN_POINT('Axis2P3D Location',(76.6343293172,-14.6350429807,2.8)) ;
#11684=CARTESIAN_POINT('Axis2P3D Location',(76.6343293172,-10.2489173775,2.8)) ;
#11689=CARTESIAN_POINT('Axis2P3D Location',(76.6343293172,-14.6350429807,2.8)) ;
#11693=CARTESIAN_POINT('Vertex',(76.6343293172,-14.8078550977,2.90067756562)) ;
#11696=CARTESIAN_POINT('Axis2P3D Location',(76.6343293172,-10.2489173775,2.90067756562)) ;
#11700=CARTESIAN_POINT('Vertex',(81.1932670374,-10.2489173783,2.90067756562)) ;
#11703=CARTESIAN_POINT('Axis2P3D Location',(81.0204549204,-10.2489173775,2.8)) ;
#11707=CARTESIAN_POINT('Vertex',(81.1201155618,-10.2489173783,2.97340056679)) ;
#11710=CARTESIAN_POINT('Axis2P3D Location',(81.0204549204,-10.2489173775,2.8)) ;
#11725=CARTESIAN_POINT('Axis2P3D Location',(81.0204549204,34.8810826225,2.8)) ;
#11730=CARTESIAN_POINT('Line Origine',(81.1201155618,34.8810826223,2.97340056679)) ;
#11734=CARTESIAN_POINT('Vertex',(81.1201155618,34.8810826225,2.97340056679)) ;
#11737=CARTESIAN_POINT('Axis2P3D Location',(81.0204549204,34.8810826225,2.8)) ;
#11750=CARTESIAN_POINT('Axis2P3D Location',(76.6343293172,34.8810826225,2.8)) ;
#11755=CARTESIAN_POINT('Axis2P3D Location',(81.0204549204,34.8810826225,2.8)) ;
#11759=CARTESIAN_POINT('Vertex',(81.1932670374,34.8810826225,2.90067756562)) ;
#11762=CARTESIAN_POINT('Axis2P3D Location',(76.6343293172,34.8810826225,2.90067756562)) ;
#11766=CARTESIAN_POINT('Vertex',(76.634329318,39.4400203427,2.90067756562)) ;
#11769=CARTESIAN_POINT('Axis2P3D Location',(76.6343293172,39.2672082257,2.8)) ;
#11773=CARTESIAN_POINT('Vertex',(76.634329318,39.366868867,2.97340056679)) ;
#11776=CARTESIAN_POINT('Axis2P3D Location',(76.6343293172,39.2672082257,2.8)) ;
#11791=CARTESIAN_POINT('Axis2P3D Location',(-18.4956706828,39.2672082257,2.8)) ;
#11796=CARTESIAN_POINT('Line Origine',(-18.4956706837,39.366868867,2.97340056679)) ;
#11809=CARTESIAN_POINT('Axis2P3D Location',(-18.4956706828,34.8810826225,-5.8)) ;
#11814=CARTESIAN_POINT('Axis2P3D Location',(-22.8457186226,34.8810826225,-5.8)) ;
#11818=CARTESIAN_POINT('Vertex',(-22.9659353372,34.8810826225,-5.95983723449)) ;
#11821=CARTESIAN_POINT('Axis2P3D Location',(-22.8457186226,34.8810826225,-5.8)) ;
#11825=CARTESIAN_POINT('Vertex',(-23.0378696946,34.8810826225,-5.85547941531)) ;
#11828=CARTESIAN_POINT('Axis2P3D Location',(-18.4956706828,34.8810826225,-5.85547941531)) ;
#11832=CARTESIAN_POINT('Vertex',(-18.4956706828,39.4232816343,-5.85547941531)) ;
#11835=CARTESIAN_POINT('Axis2P3D Location',(-18.4956706828,39.2311305623,-5.8)) ;
#11839=CARTESIAN_POINT('Vertex',(-18.4956706828,39.3513472769,-5.95983723449)) ;
#11842=CARTESIAN_POINT('Axis2P3D Location',(-18.4956706828,39.2311305623,-5.8)) ;
#11857=CARTESIAN_POINT('Axis2P3D Location',(-18.4956706828,39.2311305623,-5.8)) ;
#11862=CARTESIAN_POINT('Line Origine',(-18.4956706837,39.3513472769,-5.95983723449)) ;
#11866=CARTESIAN_POINT('Vertex',(76.634329318,39.3513472769,-5.95983723449)) ;
#11869=CARTESIAN_POINT('Axis2P3D Location',(76.634329318,39.2311305623,-5.8)) ;
#11882=CARTESIAN_POINT('Axis2P3D Location',(76.6343293172,34.8810826225,-5.8)) ;
#11887=CARTESIAN_POINT('Axis2P3D Location',(80.984377257,34.8810826225,-5.8)) ;
#11891=CARTESIAN_POINT('Vertex',(81.176528329,34.8810826225,-5.85547941531)) ;
#11893=CARTESIAN_POINT('Vertex',(81.1045939716,34.8810826225,-5.95983723449)) ;
#11896=CARTESIAN_POINT('Axis2P3D Location',(80.984377257,34.8810826225,-5.8)) ;
#11901=CARTESIAN_POINT('Axis2P3D Location',(76.6343293172,39.2311305623,-5.8)) ;
#11905=CARTESIAN_POINT('Vertex',(76.634329318,39.4232816343,-5.85547941531)) ;
#11908=CARTESIAN_POINT('Axis2P3D Location',(76.6343293172,34.8810826225,-5.85547941531)) ;
#11923=CARTESIAN_POINT('Axis2P3D Location',(80.984377257,34.8810826225,-5.8)) ;
#11928=CARTESIAN_POINT('Line Origine',(81.1045939716,34.8810826223,-5.95983723449)) ;
#11932=CARTESIAN_POINT('Vertex',(81.1045939716,-10.2489173783,-5.95983723449)) ;
#11935=CARTESIAN_POINT('Axis2P3D Location',(80.984377257,-10.2489173783,-5.8)) ;
#11948=CARTESIAN_POINT('Axis2P3D Location',(76.6343293172,-10.2489173775,-5.8)) ;
#11953=CARTESIAN_POINT('Axis2P3D Location',(76.6343293172,-14.5989653173,-5.8)) ;
#11957=CARTESIAN_POINT('Vertex',(76.6343293172,-14.7191820319,-5.95983723449)) ;
#11959=CARTESIAN_POINT('Vertex',(76.6343293172,-14.7911163894,-5.85547941531)) ;
#11962=CARTESIAN_POINT('Axis2P3D Location',(76.6343293172,-14.5989653173,-5.8)) ;
#11967=CARTESIAN_POINT('Axis2P3D Location',(80.984377257,-10.2489173775,-5.8)) ;
#11971=CARTESIAN_POINT('Vertex',(81.176528329,-10.2489173783,-5.85547941531)) ;
#11974=CARTESIAN_POINT('Axis2P3D Location',(76.6343293172,-10.2489173775,-5.85547941531)) ;
#11989=CARTESIAN_POINT('Axis2P3D Location',(76.6343293172,-14.5989653173,-5.8)) ;
#11994=CARTESIAN_POINT('Line Origine',(76.6343293171,-14.7191820319,-5.95983723449)) ;
#11998=CARTESIAN_POINT('Vertex',(-18.4956706828,-14.7191820319,-5.95983723449)) ;
#12001=CARTESIAN_POINT('Axis2P3D Location',(-18.4956706836,-14.5989653173,-5.8)) ;
#12014=CARTESIAN_POINT('Axis2P3D Location',(-18.4956706828,-10.2489173775,-5.8)) ;
#12019=CARTESIAN_POINT('Axis2P3D Location',(-18.4956706828,-14.5989653173,-5.8)) ;
#12023=CARTESIAN_POINT('Vertex',(-18.4956706828,-14.7911163894,-5.85547941531)) ;
#12026=CARTESIAN_POINT('Axis2P3D Location',(-18.4956706828,-10.2489173775,-5.85547941531)) ;
#12030=CARTESIAN_POINT('Vertex',(-23.0378696946,-10.2489173775,-5.85547941531)) ;
#12033=CARTESIAN_POINT('Axis2P3D Location',(-22.8457186226,-10.2489173775,-5.8)) ;
#12037=CARTESIAN_POINT('Vertex',(-22.9659353372,-10.2489173775,-5.95983723449)) ;
#12040=CARTESIAN_POINT('Axis2P3D Location',(-22.8457186226,-10.2489173775,-5.8)) ;
#12055=CARTESIAN_POINT('Axis2P3D Location',(-22.8457186226,-10.2489173775,-5.8)) ;
#12060=CARTESIAN_POINT('Line Origine',(-22.9659353372,-10.2489173766,-5.95983723449)) ;
#12073=CARTESIAN_POINT('Axis2P3D Location',(-22.881796286,-10.2489173775,2.8)) ;
#12078=CARTESIAN_POINT('Line Origine',(-23.054608403,-10.2489173766,2.90067756562)) ;
#12091=CARTESIAN_POINT('Axis2P3D Location',(-18.4956706828,39.2672082257,2.8)) ;
#12096=CARTESIAN_POINT('Line Origine',(-18.4956706837,39.4400203427,2.90067756562)) ;
#12110=CARTESIAN_POINT('Control Point',(-18.4956706828,39.4400203427,2.90067756562)) ;
#12111=CARTESIAN_POINT('Control Point',(-23.054608403,39.4400203427,2.90067756562)) ;
#12112=CARTESIAN_POINT('Control Point',(-23.054608403,34.8810826225,2.90067756562)) ;
#12113=CARTESIAN_POINT('Control Point',(-18.4956706828,40.2215810383,1.5591358075)) ;
#12114=CARTESIAN_POINT('Control Point',(-23.8361690987,40.2215810383,1.5591358075)) ;
#12115=CARTESIAN_POINT('Control Point',(-23.8361690987,34.8810826225,1.5591358075)) ;
#12116=CARTESIAN_POINT('Control Point',(-18.4956706828,40.3796042433,0.014597016627)) ;
#12117=CARTESIAN_POINT('Control Point',(-23.9941923036,40.3796042433,0.014597016627)) ;
#12118=CARTESIAN_POINT('Control Point',(-23.9941923036,34.8810826225,0.014597016627)) ;
#12120=CARTESIAN_POINT('Control Point',(-18.4956706828,39.4400203427,2.90067756562)) ;
#12121=CARTESIAN_POINT('Control Point',(-18.4956706828,40.2215810383,1.5591358075)) ;
#12122=CARTESIAN_POINT('Control Point',(-18.4956706828,40.3796042433,0.014597016627)) ;
#12123=CARTESIAN_POINT('Vertex',(-18.4956706828,40.3796042433,0.0145970166271)) ;
#12127=CARTESIAN_POINT('Control Point',(-18.4956706828,40.3796042433,0.014597016627)) ;
#12128=CARTESIAN_POINT('Control Point',(-23.9941923036,40.3796042433,0.014597016627)) ;
#12129=CARTESIAN_POINT('Control Point',(-23.9941923036,34.8810826225,0.014597016627)) ;
#12130=CARTESIAN_POINT('Vertex',(-23.9941923036,34.8810826233,0.0145970166271)) ;
#12134=CARTESIAN_POINT('Control Point',(-23.054608403,34.8810826225,2.90067756562)) ;
#12135=CARTESIAN_POINT('Control Point',(-23.8361690987,34.8810826225,1.5591358075)) ;
#12136=CARTESIAN_POINT('Control Point',(-23.9941923036,34.8810826225,0.014597016627)) ;
#12146=CARTESIAN_POINT('Axis2P3D Location',(76.6343293172,-14.6350429807,2.8)) ;
#12151=CARTESIAN_POINT('Line Origine',(76.6343293171,-14.8078550977,2.90067756562)) ;
#12165=CARTESIAN_POINT('Control Point',(-23.054608403,-10.2489173775,2.90067756562)) ;
#12166=CARTESIAN_POINT('Control Point',(-23.054608403,-14.8078550977,2.90067756562)) ;
#12167=CARTESIAN_POINT('Control Point',(-18.4956706828,-14.8078550977,2.90067756562)) ;
#12168=CARTESIAN_POINT('Control Point',(-23.8361690987,-10.2489173775,1.55913580749)) ;
#12169=CARTESIAN_POINT('Control Point',(-23.8361690987,-15.5894157934,1.55913580749)) ;
#12170=CARTESIAN_POINT('Control Point',(-18.4956706828,-15.5894157934,1.55913580749)) ;
#12171=CARTESIAN_POINT('Control Point',(-23.9941923036,-10.2489173775,0.0145970166246)) ;
#12172=CARTESIAN_POINT('Control Point',(-23.9941923036,-15.7474389983,0.0145970166246)) ;
#12173=CARTESIAN_POINT('Control Point',(-18.4956706828,-15.7474389983,0.0145970166246)) ;
#12175=CARTESIAN_POINT('Control Point',(-23.054608403,-10.2489173775,2.90067756562)) ;
#12176=CARTESIAN_POINT('Control Point',(-23.8361690987,-10.2489173775,1.55913580749)) ;
#12177=CARTESIAN_POINT('Control Point',(-23.9941923036,-10.2489173775,0.0145970166246)) ;
#12178=CARTESIAN_POINT('Vertex',(-23.9941923036,-10.2489173775,0.0145970166246)) ;
#12182=CARTESIAN_POINT('Control Point',(-23.9941923036,-10.2489173775,0.0145970166246)) ;
#12183=CARTESIAN_POINT('Control Point',(-23.9941923036,-15.7474389983,0.0145970166246)) ;
#12184=CARTESIAN_POINT('Control Point',(-18.4956706828,-15.7474389983,0.0145970166246)) ;
#12185=CARTESIAN_POINT('Vertex',(-18.4956706836,-15.7474389983,0.0145970166271)) ;
#12189=CARTESIAN_POINT('Control Point',(-18.4956706828,-14.8078550977,2.90067756562)) ;
#12190=CARTESIAN_POINT('Control Point',(-18.4956706828,-15.5894157934,1.55913580749)) ;
#12191=CARTESIAN_POINT('Control Point',(-18.4956706828,-15.7474389983,0.0145970166246)) ;
#12202=CARTESIAN_POINT('Control Point',(76.6343293172,-14.8078550977,2.90067756562)) ;
#12203=CARTESIAN_POINT('Control Point',(81.1932670374,-14.8078550977,2.90067756562)) ;
#12204=CARTESIAN_POINT('Control Point',(81.1932670374,-10.2489173775,2.90067756562)) ;
#12205=CARTESIAN_POINT('Control Point',(76.6343293172,-15.5894157934,1.5591358075)) ;
#12206=CARTESIAN_POINT('Control Point',(81.9748277331,-15.5894157934,1.5591358075)) ;
#12207=CARTESIAN_POINT('Control Point',(81.9748277331,-10.2489173775,1.5591358075)) ;
#12208=CARTESIAN_POINT('Control Point',(76.6343293172,-15.7474389983,0.0145970166271)) ;
#12209=CARTESIAN_POINT('Control Point',(82.132850938,-15.7474389983,0.0145970166271)) ;
#12210=CARTESIAN_POINT('Control Point',(82.132850938,-10.2489173775,0.0145970166271)) ;
#12212=CARTESIAN_POINT('Control Point',(76.6343293172,-14.8078550977,2.90067756562)) ;
#12213=CARTESIAN_POINT('Control Point',(76.6343293172,-15.5894157934,1.5591358075)) ;
#12214=CARTESIAN_POINT('Control Point',(76.6343293172,-15.7474389983,0.0145970166271)) ;
#12215=CARTESIAN_POINT('Vertex',(76.6343293172,-15.7474389983,0.0145970166271)) ;
#12219=CARTESIAN_POINT('Control Point',(76.6343293172,-15.7474389983,0.0145970166271)) ;
#12220=CARTESIAN_POINT('Control Point',(82.132850938,-15.7474389983,0.0145970166271)) ;
#12221=CARTESIAN_POINT('Control Point',(82.132850938,-10.2489173775,0.0145970166271)) ;
#12222=CARTESIAN_POINT('Vertex',(82.132850938,-10.2489173775,0.0145970166293)) ;
#12226=CARTESIAN_POINT('Control Point',(81.1932670374,-10.2489173775,2.90067756562)) ;
#12227=CARTESIAN_POINT('Control Point',(81.9748277331,-10.2489173775,1.5591358075)) ;
#12228=CARTESIAN_POINT('Control Point',(82.132850938,-10.2489173775,0.0145970166271)) ;
#12238=CARTESIAN_POINT('Axis2P3D Location',(81.0204549204,34.8810826225,2.8)) ;
#12243=CARTESIAN_POINT('Line Origine',(81.1932670374,34.8810826223,2.90067756562)) ;
#12257=CARTESIAN_POINT('Control Point',(81.1932670374,34.8810826225,2.90067756562)) ;
#12258=CARTESIAN_POINT('Control Point',(81.1932670374,39.4400203427,2.90067756562)) ;
#12259=CARTESIAN_POINT('Control Point',(76.6343293172,39.4400203427,2.90067756562)) ;
#12260=CARTESIAN_POINT('Control Point',(81.9748277331,34.8810826225,1.5591358075)) ;
#12261=CARTESIAN_POINT('Control Point',(81.9748277331,40.2215810383,1.5591358075)) ;
#12262=CARTESIAN_POINT('Control Point',(76.6343293172,40.2215810383,1.5591358075)) ;
#12263=CARTESIAN_POINT('Control Point',(82.132850938,34.8810826225,0.0145970166271)) ;
#12264=CARTESIAN_POINT('Control Point',(82.132850938,40.3796042433,0.0145970166271)) ;
#12265=CARTESIAN_POINT('Control Point',(76.6343293172,40.3796042433,0.0145970166271)) ;
#12267=CARTESIAN_POINT('Control Point',(81.1932670374,34.8810826225,2.90067756562)) ;
#12268=CARTESIAN_POINT('Control Point',(81.9748277331,34.8810826225,1.5591358075)) ;
#12269=CARTESIAN_POINT('Control Point',(82.132850938,34.8810826225,0.0145970166271)) ;
#12270=CARTESIAN_POINT('Vertex',(82.132850938,34.8810826225,0.0145970166271)) ;
#12274=CARTESIAN_POINT('Control Point',(82.132850938,34.8810826225,0.0145970166271)) ;
#12275=CARTESIAN_POINT('Control Point',(82.132850938,40.3796042433,0.0145970166271)) ;
#12276=CARTESIAN_POINT('Control Point',(76.6343293172,40.3796042433,0.0145970166271)) ;
#12277=CARTESIAN_POINT('Vertex',(76.6343293172,40.3796042433,0.0145970166293)) ;
#12281=CARTESIAN_POINT('Control Point',(76.6343293172,39.4400203427,2.90067756562)) ;
#12282=CARTESIAN_POINT('Control Point',(76.6343293172,40.2215810383,1.5591358075)) ;
#12283=CARTESIAN_POINT('Control Point',(76.6343293172,40.3796042433,0.0145970166271)) ;
#12293=CARTESIAN_POINT('Axis2P3D Location',(-22.8457186226,-10.2489173775,-5.8)) ;
#12298=CARTESIAN_POINT('Line Origine',(-23.0378696946,-10.2489173766,-5.85547941531)) ;
#12312=CARTESIAN_POINT('Control Point',(-18.4956706828,40.3804512785,-0.0145105738173)) ;
#12313=CARTESIAN_POINT('Control Point',(-23.9950393388,40.3804512785,-0.0145105738173)) ;
#12314=CARTESIAN_POINT('Control Point',(-23.9950393388,34.8810826225,-0.0145105738173)) ;
#12315=CARTESIAN_POINT('Control Point',(-18.4956706828,40.250034233,-2.99204984896)) ;
#12316=CARTESIAN_POINT('Control Point',(-23.8646222933,40.250034233,-2.99204984896)) ;
#12317=CARTESIAN_POINT('Control Point',(-23.8646222933,34.8810826225,-2.99204984896)) ;
#12318=CARTESIAN_POINT('Control Point',(-18.4956706828,39.4232816343,-5.85547941531)) ;
#12319=CARTESIAN_POINT('Control Point',(-23.0378696946,39.4232816343,-5.85547941531)) ;
#12320=CARTESIAN_POINT('Control Point',(-23.0378696946,34.8810826225,-5.85547941531)) ;
#12322=CARTESIAN_POINT('Control Point',(-23.9950393388,34.8810826225,-0.0145105738173)) ;
#12323=CARTESIAN_POINT('Control Point',(-23.8646222933,34.8810826225,-2.99204984896)) ;
#12324=CARTESIAN_POINT('Control Point',(-23.0378696946,34.8810826225,-5.85547941531)) ;
#12325=CARTESIAN_POINT('Vertex',(-23.9950393388,34.8810826233,-0.0145105738173)) ;
#12329=CARTESIAN_POINT('Control Point',(-18.4956706828,40.3804512785,-0.0145105738173)) ;
#12330=CARTESIAN_POINT('Control Point',(-23.9950393388,40.3804512785,-0.0145105738173)) ;
#12331=CARTESIAN_POINT('Control Point',(-23.9950393388,34.8810826225,-0.0145105738173)) ;
#12332=CARTESIAN_POINT('Vertex',(-18.4956706828,40.3804512785,-0.0145105738173)) ;
#12336=CARTESIAN_POINT('Control Point',(-18.4956706828,40.3804512785,-0.0145105738173)) ;
#12337=CARTESIAN_POINT('Control Point',(-18.4956706828,40.250034233,-2.99204984896)) ;
#12338=CARTESIAN_POINT('Control Point',(-18.4956706828,39.4232816343,-5.85547941531)) ;
#12348=CARTESIAN_POINT('Axis2P3D Location',(-18.4956706828,39.2311305623,-5.8)) ;
#12353=CARTESIAN_POINT('Line Origine',(-18.4956706837,39.4232816343,-5.85547941531)) ;
#12366=CARTESIAN_POINT('Axis2P3D Location',(80.984377257,34.8810826225,-5.8)) ;
#12371=CARTESIAN_POINT('Line Origine',(81.176528329,34.8810826223,-5.85547941531)) ;
#12385=CARTESIAN_POINT('Control Point',(82.1336979732,34.8810826225,-0.014510573815)) ;
#12386=CARTESIAN_POINT('Control Point',(82.1336979732,40.3804512785,-0.014510573815)) ;
#12387=CARTESIAN_POINT('Control Point',(76.6343293172,40.3804512785,-0.014510573815)) ;
#12388=CARTESIAN_POINT('Control Point',(82.0032809277,34.8810826225,-2.99204984896)) ;
#12389=CARTESIAN_POINT('Control Point',(82.0032809277,40.250034233,-2.99204984896)) ;
#12390=CARTESIAN_POINT('Control Point',(76.6343293172,40.250034233,-2.99204984896)) ;
#12391=CARTESIAN_POINT('Control Point',(81.176528329,34.8810826225,-5.85547941531)) ;
#12392=CARTESIAN_POINT('Control Point',(81.176528329,39.4232816343,-5.85547941531)) ;
#12393=CARTESIAN_POINT('Control Point',(76.6343293172,39.4232816343,-5.85547941531)) ;
#12395=CARTESIAN_POINT('Control Point',(76.6343293172,40.3804512785,-0.014510573815)) ;
#12396=CARTESIAN_POINT('Control Point',(76.6343293172,40.250034233,-2.99204984896)) ;
#12397=CARTESIAN_POINT('Control Point',(76.6343293172,39.4232816343,-5.85547941531)) ;
#12398=CARTESIAN_POINT('Vertex',(76.634329318,40.3804512785,-0.014510573815)) ;
#12402=CARTESIAN_POINT('Control Point',(82.1336979732,34.8810826225,-0.014510573815)) ;
#12403=CARTESIAN_POINT('Control Point',(82.1336979732,40.3804512785,-0.014510573815)) ;
#12404=CARTESIAN_POINT('Control Point',(76.6343293172,40.3804512785,-0.014510573815)) ;
#12405=CARTESIAN_POINT('Vertex',(82.1336979732,34.8810826225,-0.0145105738172)) ;
#12409=CARTESIAN_POINT('Control Point',(82.1336979732,34.8810826225,-0.014510573815)) ;
#12410=CARTESIAN_POINT('Control Point',(82.0032809277,34.8810826225,-2.99204984896)) ;
#12411=CARTESIAN_POINT('Control Point',(81.176528329,34.8810826225,-5.85547941531)) ;
#12421=CARTESIAN_POINT('Axis2P3D Location',(76.6343293172,-14.5989653173,-5.8)) ;
#12426=CARTESIAN_POINT('Line Origine',(76.6343293171,-14.7911163894,-5.85547941531)) ;
#12440=CARTESIAN_POINT('Control Point',(76.6343293172,-15.7482860335,-0.014510573815)) ;
#12441=CARTESIAN_POINT('Control Point',(82.1336979732,-15.7482860335,-0.014510573815)) ;
#12442=CARTESIAN_POINT('Control Point',(82.1336979732,-10.2489173775,-0.014510573815)) ;
#12443=CARTESIAN_POINT('Control Point',(76.6343293172,-15.617868988,-2.99204984896)) ;
#12444=CARTESIAN_POINT('Control Point',(82.0032809277,-15.617868988,-2.99204984896)) ;
#12445=CARTESIAN_POINT('Control Point',(82.0032809277,-10.2489173775,-2.99204984896)) ;
#12446=CARTESIAN_POINT('Control Point',(76.6343293172,-14.7911163894,-5.85547941531)) ;
#12447=CARTESIAN_POINT('Control Point',(81.176528329,-14.7911163894,-5.85547941531)) ;
#12448=CARTESIAN_POINT('Control Point',(81.176528329,-10.2489173775,-5.85547941531)) ;
#12450=CARTESIAN_POINT('Control Point',(82.1336979732,-10.2489173775,-0.014510573815)) ;
#12451=CARTESIAN_POINT('Control Point',(82.0032809277,-10.2489173775,-2.99204984896)) ;
#12452=CARTESIAN_POINT('Control Point',(81.176528329,-10.2489173775,-5.85547941531)) ;
#12453=CARTESIAN_POINT('Vertex',(82.1336979732,-10.2489173783,-0.014510573815)) ;
#12457=CARTESIAN_POINT('Control Point',(76.6343293172,-15.7482860335,-0.014510573815)) ;
#12458=CARTESIAN_POINT('Control Point',(82.1336979732,-15.7482860335,-0.014510573815)) ;
#12459=CARTESIAN_POINT('Control Point',(82.1336979732,-10.2489173775,-0.014510573815)) ;
#12460=CARTESIAN_POINT('Vertex',(76.6343293172,-15.7482860335,-0.0145105738173)) ;
#12464=CARTESIAN_POINT('Control Point',(76.6343293172,-15.7482860335,-0.014510573815)) ;
#12465=CARTESIAN_POINT('Control Point',(76.6343293172,-15.617868988,-2.99204984896)) ;
#12466=CARTESIAN_POINT('Control Point',(76.6343293172,-14.7911163894,-5.85547941531)) ;
#12477=CARTESIAN_POINT('Control Point',(-23.9950393388,-10.2489173775,-0.0145105738173)) ;
#12478=CARTESIAN_POINT('Control Point',(-23.9950393388,-15.7482860335,-0.0145105738173)) ;
#12479=CARTESIAN_POINT('Control Point',(-18.4956706828,-15.7482860335,-0.0145105738173)) ;
#12480=CARTESIAN_POINT('Control Point',(-23.8646222933,-10.2489173775,-2.99204984896)) ;
#12481=CARTESIAN_POINT('Control Point',(-23.8646222933,-15.617868988,-2.99204984896)) ;
#12482=CARTESIAN_POINT('Control Point',(-18.4956706828,-15.617868988,-2.99204984896)) ;
#12483=CARTESIAN_POINT('Control Point',(-23.0378696946,-10.2489173775,-5.85547941531)) ;
#12484=CARTESIAN_POINT('Control Point',(-23.0378696946,-14.7911163894,-5.85547941531)) ;
#12485=CARTESIAN_POINT('Control Point',(-18.4956706828,-14.7911163894,-5.85547941531)) ;
#12487=CARTESIAN_POINT('Control Point',(-18.4956706828,-15.7482860335,-0.0145105738173)) ;
#12488=CARTESIAN_POINT('Control Point',(-18.4956706828,-15.617868988,-2.99204984896)) ;
#12489=CARTESIAN_POINT('Control Point',(-18.4956706828,-14.7911163894,-5.85547941531)) ;
#12490=CARTESIAN_POINT('Vertex',(-18.4956706836,-15.7482860335,-0.0145105738173)) ;
#12494=CARTESIAN_POINT('Control Point',(-23.9950393388,-10.2489173775,-0.0145105738173)) ;
#12495=CARTESIAN_POINT('Control Point',(-23.9950393388,-15.7482860335,-0.0145105738173)) ;
#12496=CARTESIAN_POINT('Control Point',(-18.4956706828,-15.7482860335,-0.0145105738173)) ;
#12497=CARTESIAN_POINT('Vertex',(-23.9950393388,-10.2489173775,-0.0145105738197)) ;
#12501=CARTESIAN_POINT('Control Point',(-23.9950393388,-10.2489173775,-0.0145105738173)) ;
#12502=CARTESIAN_POINT('Control Point',(-23.8646222933,-10.2489173775,-2.99204984896)) ;
#12503=CARTESIAN_POINT('Control Point',(-23.0378696946,-10.2489173775,-5.85547941531)) ;
#12513=CARTESIAN_POINT('Axis2P3D Location',(-16.8452021826,-10.2489173775,-0.716822833419)) ;
#12518=CARTESIAN_POINT('Line Origine',(-23.9941923036,-10.2489173766,0.0145970166246)) ;
#12531=CARTESIAN_POINT('Axis2P3D Location',(-18.4956706828,33.2306141222,-0.716822833419)) ;
#12536=CARTESIAN_POINT('Line Origine',(-18.4956706837,40.3796042433,0.014597016627)) ;
#12549=CARTESIAN_POINT('Axis2P3D Location',(-18.4956706828,34.8810826225,-0.00575890923989)) ;
#12554=CARTESIAN_POINT('Axis2P3D Location',(-18.4956706828,34.8810826225,-0.00575890923989)) ;
#12559=CARTESIAN_POINT('Axis2P3D Location',(-23.7952309096,34.8810826225,-0.00575890923989)) ;
#12563=CARTESIAN_POINT('Vertex',(-23.9951462815,34.8810826233,5.86578791891E-005)) ;
#12566=CARTESIAN_POINT('Axis2P3D Location',(-23.7952309096,34.8810826225,-0.00575890923989)) ;
#12571=CARTESIAN_POINT('Axis2P3D Location',(-18.4956706828,40.1806428493,-0.00575890923989)) ;
#12575=CARTESIAN_POINT('Vertex',(-18.4956706828,40.3805582212,5.8657879161E-005)) ;
#12578=CARTESIAN_POINT('Axis2P3D Location',(-18.4956706828,40.1806428493,-0.00575890923989)) ;
#12593=CARTESIAN_POINT('Axis2P3D Location',(76.6343293172,-8.59844887727,-0.716822833419)) ;
#12598=CARTESIAN_POINT('Line Origine',(76.6343293171,-15.7474389983,0.0145970166271)) ;
#12611=CARTESIAN_POINT('Axis2P3D Location',(-18.4956706828,-10.2489173775,-0.00575890924226)) ;
#12616=CARTESIAN_POINT('Axis2P3D Location',(-18.4956706828,-10.2489173775,-0.00575890924226)) ;
#12621=CARTESIAN_POINT('Axis2P3D Location',(-18.4956706828,-15.5484776044,-0.00575890924226)) ;
#12625=CARTESIAN_POINT('Vertex',(-18.4956706836,-15.7483929762,5.86578792074E-005)) ;
#12628=CARTESIAN_POINT('Axis2P3D Location',(-18.4956706828,-15.5484776044,-0.00575890924226)) ;
#12633=CARTESIAN_POINT('Axis2P3D Location',(-23.7952309096,-10.2489173775,-0.00575890924226)) ;
#12637=CARTESIAN_POINT('Vertex',(-23.9951462815,-10.2489173775,5.86578791846E-005)) ;
#12640=CARTESIAN_POINT('Axis2P3D Location',(-23.7952309096,-10.2489173775,-0.00575890924226)) ;
#12655=CARTESIAN_POINT('Axis2P3D Location',(76.6343293172,-10.2489173775,-0.00575890923763)) ;
#12660=CARTESIAN_POINT('Axis2P3D Location',(76.6343293172,-10.2489173775,-0.00575890923763)) ;
#12664=CARTESIAN_POINT('Vertex',(82.133889544,-10.2489173775,-0.00575890923763)) ;
#12666=CARTESIAN_POINT('Vertex',(76.6343293172,-15.7483929762,5.86578792076E-005)) ;
#12669=CARTESIAN_POINT('Axis2P3D Location',(81.933889544,-10.2489173775,-0.00575890923763)) ;
#12674=CARTESIAN_POINT('Axis2P3D Location',(76.6343293172,-15.5484776044,-0.00575890923763)) ;
#12687=CARTESIAN_POINT('Axis2P3D Location',(74.9838608169,34.8810826225,-0.716822833419)) ;
#12692=CARTESIAN_POINT('Line Origine',(82.132850938,34.8810826223,0.0145970166271)) ;
#12705=CARTESIAN_POINT('Axis2P3D Location',(76.6343293172,34.8810826225,-0.00575890923763)) ;
#12710=CARTESIAN_POINT('Axis2P3D Location',(76.6343293172,34.8810826225,-0.00575890923763)) ;
#12714=CARTESIAN_POINT('Vertex',(76.6343293172,40.3806428493,-0.00575890923763)) ;
#12716=CARTESIAN_POINT('Vertex',(82.1338049159,34.8810826225,5.86578792616E-005)) ;
#12719=CARTESIAN_POINT('Axis2P3D Location',(76.6343293172,40.1806428493,-0.00575890923763)) ;
#12724=CARTESIAN_POINT('Axis2P3D Location',(81.933889544,34.8810826225,-0.00575890923763)) ;
#12737=CARTESIAN_POINT('Axis2P3D Location',(0.981014307361,-10.2489173775,1.07944749836)) ;
#12742=CARTESIAN_POINT('Line Origine',(-23.9950393388,-10.2489173766,-0.0145105738173)) ;
#12755=CARTESIAN_POINT('Axis2P3D Location',(-18.4956706828,34.8810826225,-0.00575890923989)) ;
#12766=CARTESIAN_POINT('Axis2P3D Location',(-18.4956706828,15.4043976323,1.07944749836)) ;
#12771=CARTESIAN_POINT('Line Origine',(-18.4956706837,40.3804512785,-0.014510573815)) ;
#12784=CARTESIAN_POINT('Axis2P3D Location',(57.157644327,34.8810826225,1.07944749836)) ;
#12789=CARTESIAN_POINT('Line Origine',(82.1336979732,34.8810826223,-0.014510573815)) ;
#12802=CARTESIAN_POINT('Axis2P3D Location',(76.6343293172,34.8810826225,-0.00575890923763)) ;
#12807=CARTESIAN_POINT('Axis2P3D Location',(81.933889544,34.8810826225,-0.00575890923763)) ;
#12812=CARTESIAN_POINT('Axis2P3D Location',(76.6343293172,40.1806428493,-0.00575890923763)) ;
#12825=CARTESIAN_POINT('Axis2P3D Location',(76.6343293172,9.22776761265,1.07944749836)) ;
#12830=CARTESIAN_POINT('Line Origine',(76.6343293171,-15.7482860335,-0.0145105738173)) ;
#12843=CARTESIAN_POINT('Axis2P3D Location',(76.6343293172,-10.2489173775,-0.00575890923763)) ;
#12848=CARTESIAN_POINT('Axis2P3D Location',(76.6343293172,-15.5484776044,-0.00575890923763)) ;
#12853=CARTESIAN_POINT('Axis2P3D Location',(81.933889544,-10.2489173775,-0.00575890923763)) ;
#12866=CARTESIAN_POINT('Axis2P3D Location',(-18.4956706828,-10.2489173775,-0.00575890924226)) ;
#12877=CARTESIAN_POINT('Axis2P3D Location',(-23.7952309096,-10.2489173775,-0.00575890923987)) ;
#12882=CARTESIAN_POINT('Line Origine',(-23.9951462815,-10.2489173766,5.86578791896E-005)) ;
#12895=CARTESIAN_POINT('Axis2P3D Location',(-18.4956706828,40.1806428493,-0.0057589092399)) ;
#12900=CARTESIAN_POINT('Line Origine',(-18.4956706837,40.3805582212,5.8657879161E-005)) ;
#12913=CARTESIAN_POINT('Axis2P3D Location',(-23.7952309096,-10.2489173775,-0.00575890923987)) ;
#12926=CARTESIAN_POINT('Axis2P3D Location',(-18.4956706828,40.1806428493,-0.0057589092399)) ;
#12939=CARTESIAN_POINT('Axis2P3D Location',(76.6343293172,-15.5484776044,-0.00575890923985)) ;
#12944=CARTESIAN_POINT('Line Origine',(76.6343293171,-15.7483929762,5.86578792076E-005)) ;
#12957=CARTESIAN_POINT('Axis2P3D Location',(76.6343293172,-15.5484776044,-0.00575890923985)) ;
#12970=CARTESIAN_POINT('Axis2P3D Location',(81.933889544,34.8810826225,-0.0057589092398)) ;
#12975=CARTESIAN_POINT('Line Origine',(82.1338049159,34.8810826223,5.86578792616E-005)) ;
#12988=CARTESIAN_POINT('Axis2P3D Location',(81.933889544,34.8810826225,-0.0057589092398)) ;
#13010=CARTESIAN_POINT('NONE',(0.,0.,0.)) ;
#13011=CARTESIAN_POINT('NONE',(29.1343293172,-11.9070826225,-80.)) ;
#13027=CARTESIAN_POINT('Axis2P3D Location',(-47.51,-22.5,0.1875)) ;
#13032=CARTESIAN_POINT('Axis2P3D Location',(-47.51,-22.5,0.750000000505)) ;
#13036=CARTESIAN_POINT('Vertex',(-50.3849999995,-22.5,0.750000000505)) ;
#13038=CARTESIAN_POINT('Vertex',(-44.6350000005,-22.5,0.750000000505)) ;
#13041=CARTESIAN_POINT('Line Origine',(-353602.056526,-22.5,353552.422161)) ;
#13045=CARTESIAN_POINT('Vertex',(-49.2600000005,-22.5,-0.375000000505)) ;
#13048=CARTESIAN_POINT('Axis2P3D Location',(-47.51,-22.5,-0.375000000505)) ;
#13052=CARTESIAN_POINT('Vertex',(-45.7599999995,-22.5,-0.375000000505)) ;
#13055=CARTESIAN_POINT('Line Origine',(353507.036526,-22.5,353552.422161)) ;
#13075=CARTESIAN_POINT('Axis2P3D Location',(-2.775558E-015,2.220446E-015,0.75)) ;
#13080=CARTESIAN_POINT('Line Origine',(0.,26.5,0.75)) ;
#13084=CARTESIAN_POINT('Vertex',(-47.5099999998,26.5,0.75)) ;
#13086=CARTESIAN_POINT('Vertex',(47.5099999998,26.5,0.75)) ;
#13090=CARTESIAN_POINT('Control Point',(-51.5,22.5099999998,0.75)) ;
#13091=CARTESIAN_POINT('Control Point',(-51.5,22.9014239906,0.75)) ;
#13092=CARTESIAN_POINT('Control Point',(-51.4520010211,23.2928475561,0.75)) ;
#13093=CARTESIAN_POINT('Control Point',(-51.3559896573,23.6764421258,0.75)) ;
#13094=CARTESIAN_POINT('Control Point',(-51.0718865217,24.4122092835,0.75)) ;
#13095=CARTESIAN_POINT('Control Point',(-50.6184261203,25.0575300585,0.75)) ;
#13096=CARTESIAN_POINT('Control Point',(-50.3530326392,25.3506670151,0.75)) ;
#13097=CARTESIAN_POINT('Control Point',(-49.755824458,25.8658468758,0.75)) ;
#13098=CARTESIAN_POINT('Control Point',(-49.0518348035,26.2214643715,0.75)) ;
#13099=CARTESIAN_POINT('Control Point',(-48.6796432127,26.355017352,0.75)) ;
#13100=CARTESIAN_POINT('Control Point',(-48.2170595852,26.459081528,0.75)) ;
#13101=CARTESIAN_POINT('Control Point',(-47.7476004285,26.4941006021,0.75)) ;
#13102=CARTESIAN_POINT('Control Point',(-47.6683895171,26.4980351477,0.75)) ;
#13103=CARTESIAN_POINT('Control Point',(-47.5891947497,26.5,0.75)) ;
#13104=CARTESIAN_POINT('Control Point',(-47.5099999998,26.5,0.75)) ;
#13105=CARTESIAN_POINT('Vertex',(-51.5,22.5099999998,0.75)) ;
#13108=CARTESIAN_POINT('Line Origine',(-51.5,3.5527136788E-015,0.75)) ;
#13112=CARTESIAN_POINT('Vertex',(-51.5,-22.51,0.75)) ;
#13116=CARTESIAN_POINT('Control Point',(-47.5099999998,-26.5,0.75)) ;
#13117=CARTESIAN_POINT('Control Point',(-47.9014239906,-26.5,0.75)) ;
#13118=CARTESIAN_POINT('Control Point',(-48.2928475561,-26.4520010211,0.75)) ;
#13119=CARTESIAN_POINT('Control Point',(-48.6764421258,-26.3559896573,0.75)) ;
#13120=CARTESIAN_POINT('Control Point',(-49.4122092834,-26.0718865217,0.75)) ;
#13121=CARTESIAN_POINT('Control Point',(-50.0575300585,-25.6184261203,0.75)) ;
#13122=CARTESIAN_POINT('Control Point',(-50.3506670151,-25.3530326392,0.75)) ;
#13123=CARTESIAN_POINT('Control Point',(-50.8658468758,-24.755824458,0.75)) ;
#13124=CARTESIAN_POINT('Control Point',(-51.2214643715,-24.0518348035,0.75)) ;
#13125=CARTESIAN_POINT('Control Point',(-51.355017352,-23.6796432127,0.75)) ;
#13126=CARTESIAN_POINT('Control Point',(-51.459081528,-23.2170595852,0.75)) ;
#13127=CARTESIAN_POINT('Control Point',(-51.4941006021,-22.7476004285,0.75)) ;
#13128=CARTESIAN_POINT('Control Point',(-51.4980351477,-22.6683895171,0.75)) ;
#13129=CARTESIAN_POINT('Control Point',(-51.5,-22.5891947497,0.75)) ;
#13130=CARTESIAN_POINT('Control Point',(-51.5,-22.5099999998,0.75)) ;
#13131=CARTESIAN_POINT('Vertex',(-47.5099999996,-26.5,0.75)) ;
#13134=CARTESIAN_POINT('Line Origine',(0.,-26.5,0.75)) ;
#13138=CARTESIAN_POINT('Vertex',(47.51,-26.5,0.75)) ;
#13142=CARTESIAN_POINT('Control Point',(51.5,-22.5099999998,0.75)) ;
#13143=CARTESIAN_POINT('Control Point',(51.5,-22.9014239906,0.75)) ;
#13144=CARTESIAN_POINT('Control Point',(51.4520010211,-23.2928475561,0.75)) ;
#13145=CARTESIAN_POINT('Control Point',(51.3559896573,-23.6764421257,0.75)) ;
#13146=CARTESIAN_POINT('Control Point',(51.0718865217,-24.4122092834,0.75)) ;
#13147=CARTESIAN_POINT('Control Point',(50.6184261204,-25.0575300585,0.75)) ;
#13148=CARTESIAN_POINT('Control Point',(50.3530326392,-25.3506670151,0.75)) ;
#13149=CARTESIAN_POINT('Control Point',(49.755824458,-25.8658468758,0.75)) ;
#13150=CARTESIAN_POINT('Control Point',(49.0518348035,-26.2214643715,0.75)) ;
#13151=CARTESIAN_POINT('Control Point',(48.6796432127,-26.355017352,0.75)) ;
#13152=CARTESIAN_POINT('Control Point',(48.2170595852,-26.459081528,0.75)) ;
#13153=CARTESIAN_POINT('Control Point',(47.7476004285,-26.4941006021,0.75)) ;
#13154=CARTESIAN_POINT('Control Point',(47.6683895171,-26.4980351477,0.75)) ;
#13155=CARTESIAN_POINT('Control Point',(47.5891947497,-26.5,0.75)) ;
#13156=CARTESIAN_POINT('Control Point',(47.5099999998,-26.5,0.75)) ;
#13157=CARTESIAN_POINT('Vertex',(51.5,-22.5099999996,0.75)) ;
#13160=CARTESIAN_POINT('Line Origine',(51.5,3.5527136788E-015,0.75)) ;
#13164=CARTESIAN_POINT('Vertex',(51.5,22.51,0.75)) ;
#13168=CARTESIAN_POINT('Control Point',(47.5099999998,26.5,0.75)) ;
#13169=CARTESIAN_POINT('Control Point',(47.9014239906,26.5,0.75)) ;
#13170=CARTESIAN_POINT('Control Point',(48.2928475561,26.4520010211,0.75)) ;
#13171=CARTESIAN_POINT('Control Point',(48.6764421257,26.3559896573,0.75)) ;
#13172=CARTESIAN_POINT('Control Point',(49.4122092834,26.0718865217,0.75)) ;
#13173=CARTESIAN_POINT('Control Point',(50.0575300585,25.6184261203,0.75)) ;
#13174=CARTESIAN_POINT('Control Point',(50.3506670151,25.3530326392,0.75)) ;
#13175=CARTESIAN_POINT('Control Point',(50.8658468758,24.755824458,0.75)) ;
#13176=CARTESIAN_POINT('Control Point',(51.2214643715,24.0518348035,0.75)) ;
#13177=CARTESIAN_POINT('Control Point',(51.355017352,23.6796432127,0.75)) ;
#13178=CARTESIAN_POINT('Control Point',(51.459081528,23.2170595852,0.75)) ;
#13179=CARTESIAN_POINT('Control Point',(51.4941006021,22.7476004285,0.75)) ;
#13180=CARTESIAN_POINT('Control Point',(51.4980351477,22.6683895171,0.75)) ;
#13181=CARTESIAN_POINT('Control Point',(51.5,22.5891947497,0.75)) ;
#13182=CARTESIAN_POINT('Control Point',(51.5,22.5099999998,0.75)) ;
#13195=CARTESIAN_POINT('Control Point',(-44.6349999998,-22.5,0.75)) ;
#13196=CARTESIAN_POINT('Control Point',(-44.6349999998,-22.8322583938,0.75)) ;
#13197=CARTESIAN_POINT('Control Point',(-44.6829981042,-23.1645161973,0.75)) ;
#13198=CARTESIAN_POINT('Control Point',(-44.7790195964,-23.4875571375,0.75)) ;
#13199=CARTESIAN_POINT('Control Point',(-45.0615865536,-24.0966181499,0.75)) ;
#13200=CARTESIAN_POINT('Control Point',(-45.504972332,-24.6008059281,0.75)) ;
#13201=CARTESIAN_POINT('Control Point',(-45.7618569367,-24.8189477987,0.75)) ;
#13202=CARTESIAN_POINT('Control Point',(-46.331230688,-25.1747749119,0.75)) ;
#13203=CARTESIAN_POINT('Control Point',(-46.9780278763,-25.3549128107,0.75)) ;
#13204=CARTESIAN_POINT('Control Point',(-47.3123589006,-25.3973196332,0.75)) ;
#13205=CARTESIAN_POINT('Control Point',(-47.9836499237,-25.3843671172,0.75)) ;
#13206=CARTESIAN_POINT('Control Point',(-48.6238277234,-25.1819599724,0.75)) ;
#13207=CARTESIAN_POINT('Control Point',(-48.9270397451,-25.0348612245,0.75)) ;
#13208=CARTESIAN_POINT('Control Point',(-49.4822634948,-24.657335076,0.75)) ;
#13209=CARTESIAN_POINT('Control Point',(-49.9079405819,-24.1381094173,0.75)) ;
#13210=CARTESIAN_POINT('Control Point',(-50.0815732741,-23.8492716396,0.75)) ;
#13211=CARTESIAN_POINT('Control Point',(-50.267449356,-23.404433158,0.75)) ;
#13212=CARTESIAN_POINT('Control Point',(-50.3574690245,-22.9348815005,0.75)) ;
#13213=CARTESIAN_POINT('Control Point',(-50.3758714482,-22.7897977567,0.75)) ;
#13214=CARTESIAN_POINT('Control Point',(-50.3849999998,-22.6448988222,0.75)) ;
#13215=CARTESIAN_POINT('Control Point',(-50.3849999998,-22.5,0.75)) ;
#13222=CARTESIAN_POINT('Control Point',(-44.6349999998,22.5,0.75)) ;
#13223=CARTESIAN_POINT('Control Point',(-44.6349999998,22.1677416062,0.75)) ;
#13224=CARTESIAN_POINT('Control Point',(-44.6829981042,21.8354838027,0.75)) ;
#13225=CARTESIAN_POINT('Control Point',(-44.7790195964,21.5124428625,0.75)) ;
#13226=CARTESIAN_POINT('Control Point',(-45.0615865536,20.9033818501,0.75)) ;
#13227=CARTESIAN_POINT('Control Point',(-45.504972332,20.3991940719,0.75)) ;
#13228=CARTESIAN_POINT('Control Point',(-45.7618569367,20.1810522013,0.75)) ;
#13229=CARTESIAN_POINT('Control Point',(-46.331230688,19.8252250881,0.75)) ;
#13230=CARTESIAN_POINT('Control Point',(-46.9780278763,19.6450871893,0.75)) ;
#13231=CARTESIAN_POINT('Control Point',(-47.3123589006,19.6026803668,0.75)) ;
#13232=CARTESIAN_POINT('Control Point',(-47.9836499237,19.6156328828,0.75)) ;
#13233=CARTESIAN_POINT('Control Point',(-48.6238277234,19.8180400276,0.75)) ;
#13234=CARTESIAN_POINT('Control Point',(-48.9270397451,19.9651387755,0.75)) ;
#13235=CARTESIAN_POINT('Control Point',(-49.4822634948,20.342664924,0.75)) ;
#13236=CARTESIAN_POINT('Control Point',(-49.9079405819,20.8618905827,0.75)) ;
#13237=CARTESIAN_POINT('Control Point',(-50.0815732741,21.1507283604,0.75)) ;
#13238=CARTESIAN_POINT('Control Point',(-50.267449356,21.595566842,0.75)) ;
#13239=CARTESIAN_POINT('Control Point',(-50.3574690245,22.0651184995,0.75)) ;
#13240=CARTESIAN_POINT('Control Point',(-50.3758714482,22.2102022433,0.75)) ;
#13241=CARTESIAN_POINT('Control Point',(-50.3849999998,22.3551011778,0.75)) ;
#13242=CARTESIAN_POINT('Control Point',(-50.3849999998,22.5,0.75)) ;
#13243=CARTESIAN_POINT('Vertex',(-44.6350000005,22.5,0.750000000505)) ;
#13245=CARTESIAN_POINT('Vertex',(-50.3849999995,22.5,0.750000000505)) ;
#13249=CARTESIAN_POINT('Control Point',(-50.3849999998,22.5,0.75)) ;
#13250=CARTESIAN_POINT('Control Point',(-50.3849999998,22.8322583953,0.75)) ;
#13251=CARTESIAN_POINT('Control Point',(-50.3370018949,23.1645162004,0.75)) ;
#13252=CARTESIAN_POINT('Control Point',(-50.2409804044,23.4875571347,0.75)) ;
#13253=CARTESIAN_POINT('Control Point',(-49.9584134474,24.0966181477,0.75)) ;
#13254=CARTESIAN_POINT('Control Point',(-49.5150276691,24.6008059263,0.75)) ;
#13255=CARTESIAN_POINT('Control Point',(-49.2581430627,24.8189478,0.75)) ;
#13256=CARTESIAN_POINT('Control Point',(-48.6887693125,25.1747749121,0.75)) ;
#13257=CARTESIAN_POINT('Control Point',(-48.0419721256,25.3549128105,0.75)) ;
#13258=CARTESIAN_POINT('Control Point',(-47.7076410985,25.3973196332,0.75)) ;
#13259=CARTESIAN_POINT('Control Point',(-47.0363500764,25.3843671172,0.75)) ;
#13260=CARTESIAN_POINT('Control Point',(-46.3961722775,25.1819599728,0.75)) ;
#13261=CARTESIAN_POINT('Control Point',(-46.0929602533,25.0348612237,0.75)) ;
#13262=CARTESIAN_POINT('Control Point',(-45.5377365055,24.6573350762,0.75)) ;
#13263=CARTESIAN_POINT('Control Point',(-45.1120594195,24.1381094195,0.75)) ;
#13264=CARTESIAN_POINT('Control Point',(-44.9384267244,23.849271637,0.75)) ;
#13265=CARTESIAN_POINT('Control Point',(-44.7525506433,23.4044331566,0.75)) ;
#13266=CARTESIAN_POINT('Control Point',(-44.662530975,22.9348815005,0.75)) ;
#13267=CARTESIAN_POINT('Control Point',(-44.6441285514,22.7897977567,0.75)) ;
#13268=CARTESIAN_POINT('Control Point',(-44.6349999998,22.6448988222,0.75)) ;
#13269=CARTESIAN_POINT('Control Point',(-44.6349999998,22.5,0.75)) ;
#13276=CARTESIAN_POINT('Control Point',(50.3849999998,22.5,0.75)) ;
#13277=CARTESIAN_POINT('Control Point',(50.3849999998,22.1677416047,0.75)) ;
#13278=CARTESIAN_POINT('Control Point',(50.3370018949,21.8354837996,0.75)) ;
#13279=CARTESIAN_POINT('Control Point',(50.2409804044,21.5124428653,0.75)) ;
#13280=CARTESIAN_POINT('Control Point',(49.9584134474,20.9033818523,0.75)) ;
#13281=CARTESIAN_POINT('Control Point',(49.515027669,20.3991940736,0.75)) ;
#13282=CARTESIAN_POINT('Control Point',(49.2581430627,20.1810522001,0.75)) ;
#13283=CARTESIAN_POINT('Control Point',(48.6887693125,19.8252250879,0.75)) ;
#13284=CARTESIAN_POINT('Control Point',(48.0419721256,19.6450871895,0.75)) ;
#13285=CARTESIAN_POINT('Control Point',(47.7076410985,19.6026803668,0.75)) ;
#13286=CARTESIAN_POINT('Control Point',(47.0363500764,19.6156328828,0.75)) ;
#13287=CARTESIAN_POINT('Control Point',(46.3961722775,19.8180400271,0.75)) ;
#13288=CARTESIAN_POINT('Control Point',(46.0929602533,19.9651387763,0.75)) ;
#13289=CARTESIAN_POINT('Control Point',(45.5377365055,20.3426649238,0.75)) ;
#13290=CARTESIAN_POINT('Control Point',(45.1120594195,20.8618905805,0.75)) ;
#13291=CARTESIAN_POINT('Control Point',(44.9384267244,21.150728363,0.75)) ;
#13292=CARTESIAN_POINT('Control Point',(44.7525506433,21.5955668434,0.75)) ;
#13293=CARTESIAN_POINT('Control Point',(44.662530975,22.0651184995,0.75)) ;
#13294=CARTESIAN_POINT('Control Point',(44.6441285514,22.2102022433,0.75)) ;
#13295=CARTESIAN_POINT('Control Point',(44.6349999998,22.3551011778,0.75)) ;
#13296=CARTESIAN_POINT('Control Point',(44.6349999998,22.5,0.75)) ;
#13297=CARTESIAN_POINT('Vertex',(50.3849999995,22.5,0.750000000505)) ;
#13299=CARTESIAN_POINT('Vertex',(44.6350000005,22.5,0.750000000505)) ;
#13303=CARTESIAN_POINT('Control Point',(44.6349999998,22.5,0.75)) ;
#13304=CARTESIAN_POINT('Control Point',(44.6349999998,22.8322583938,0.75)) ;
#13305=CARTESIAN_POINT('Control Point',(44.6829981042,23.1645161973,0.75)) ;
#13306=CARTESIAN_POINT('Control Point',(44.7790195964,23.4875571375,0.75)) ;
#13307=CARTESIAN_POINT('Control Point',(45.0615865536,24.0966181499,0.75)) ;
#13308=CARTESIAN_POINT('Control Point',(45.504972332,24.6008059281,0.75)) ;
#13309=CARTESIAN_POINT('Control Point',(45.7618569367,24.8189477987,0.75)) ;
#13310=CARTESIAN_POINT('Control Point',(46.331230688,25.1747749119,0.75)) ;
#13311=CARTESIAN_POINT('Control Point',(46.9780278763,25.3549128107,0.75)) ;
#13312=CARTESIAN_POINT('Control Point',(47.3123589006,25.3973196332,0.75)) ;
#13313=CARTESIAN_POINT('Control Point',(47.9836499237,25.3843671172,0.75)) ;
#13314=CARTESIAN_POINT('Control Point',(48.6238277234,25.1819599724,0.75)) ;
#13315=CARTESIAN_POINT('Control Point',(48.9270397451,25.0348612245,0.75)) ;
#13316=CARTESIAN_POINT('Control Point',(49.4822634948,24.657335076,0.75)) ;
#13317=CARTESIAN_POINT('Control Point',(49.9079405819,24.1381094173,0.75)) ;
#13318=CARTESIAN_POINT('Control Point',(50.0815732741,23.8492716396,0.75)) ;
#13319=CARTESIAN_POINT('Control Point',(50.267449356,23.404433158,0.75)) ;
#13320=CARTESIAN_POINT('Control Point',(50.3574690245,22.9348815005,0.75)) ;
#13321=CARTESIAN_POINT('Control Point',(50.3758714482,22.7897977567,0.75)) ;
#13322=CARTESIAN_POINT('Control Point',(50.3849999998,22.6448988222,0.75)) ;
#13323=CARTESIAN_POINT('Control Point',(50.3849999998,22.5,0.75)) ;
#13330=CARTESIAN_POINT('Control Point',(50.3849999998,-22.5,0.75)) ;
#13331=CARTESIAN_POINT('Control Point',(50.3849999998,-22.8322583953,0.75)) ;
#13332=CARTESIAN_POINT('Control Point',(50.3370018949,-23.1645162004,0.75)) ;
#13333=CARTESIAN_POINT('Control Point',(50.2409804044,-23.4875571347,0.75)) ;
#13334=CARTESIAN_POINT('Control Point',(49.9584134474,-24.0966181477,0.75)) ;
#13335=CARTESIAN_POINT('Control Point',(49.515027669,-24.6008059264,0.75)) ;
#13336=CARTESIAN_POINT('Control Point',(49.2581430627,-24.8189477999,0.75)) ;
#13337=CARTESIAN_POINT('Control Point',(48.6887693125,-25.1747749121,0.75)) ;
#13338=CARTESIAN_POINT('Control Point',(48.0419721256,-25.3549128105,0.75)) ;
#13339=CARTESIAN_POINT('Control Point',(47.7076410985,-25.3973196332,0.75)) ;
#13340=CARTESIAN_POINT('Control Point',(47.0363500764,-25.3843671172,0.75)) ;
#13341=CARTESIAN_POINT('Control Point',(46.3961722775,-25.1819599729,0.75)) ;
#13342=CARTESIAN_POINT('Control Point',(46.0929602533,-25.0348612237,0.75)) ;
#13343=CARTESIAN_POINT('Control Point',(45.5377365055,-24.6573350762,0.75)) ;
#13344=CARTESIAN_POINT('Control Point',(45.1120594195,-24.1381094195,0.75)) ;
#13345=CARTESIAN_POINT('Control Point',(44.9384267244,-23.849271637,0.75)) ;
#13346=CARTESIAN_POINT('Control Point',(44.7525506433,-23.4044331566,0.75)) ;
#13347=CARTESIAN_POINT('Control Point',(44.662530975,-22.9348815005,0.75)) ;
#13348=CARTESIAN_POINT('Control Point',(44.6441285514,-22.7897977567,0.75)) ;
#13349=CARTESIAN_POINT('Control Point',(44.6349999998,-22.6448988222,0.75)) ;
#13350=CARTESIAN_POINT('Control Point',(44.6349999998,-22.5,0.75)) ;
#13351=CARTESIAN_POINT('Vertex',(50.3849999995,-22.5,0.750000000505)) ;
#13353=CARTESIAN_POINT('Vertex',(44.6350000005,-22.5,0.750000000505)) ;
#13357=CARTESIAN_POINT('Control Point',(44.6349999998,-22.5,0.75)) ;
#13358=CARTESIAN_POINT('Control Point',(44.6349999998,-22.1677416062,0.75)) ;
#13359=CARTESIAN_POINT('Control Point',(44.6829981042,-21.8354838027,0.75)) ;
#13360=CARTESIAN_POINT('Control Point',(44.7790195964,-21.5124428625,0.75)) ;
#13361=CARTESIAN_POINT('Control Point',(45.0615865536,-20.9033818501,0.75)) ;
#13362=CARTESIAN_POINT('Control Point',(45.504972332,-20.3991940719,0.75)) ;
#13363=CARTESIAN_POINT('Control Point',(45.7618569367,-20.1810522013,0.75)) ;
#13364=CARTESIAN_POINT('Control Point',(46.331230688,-19.8252250881,0.75)) ;
#13365=CARTESIAN_POINT('Control Point',(46.9780278763,-19.6450871893,0.75)) ;
#13366=CARTESIAN_POINT('Control Point',(47.3123589006,-19.6026803668,0.75)) ;
#13367=CARTESIAN_POINT('Control Point',(47.9836499237,-19.6156328828,0.75)) ;
#13368=CARTESIAN_POINT('Control Point',(48.6238277234,-19.8180400276,0.75)) ;
#13369=CARTESIAN_POINT('Control Point',(48.9270397451,-19.9651387755,0.75)) ;
#13370=CARTESIAN_POINT('Control Point',(49.4822634948,-20.342664924,0.75)) ;
#13371=CARTESIAN_POINT('Control Point',(49.9079405819,-20.8618905827,0.75)) ;
#13372=CARTESIAN_POINT('Control Point',(50.0815732741,-21.1507283604,0.75)) ;
#13373=CARTESIAN_POINT('Control Point',(50.267449356,-21.595566842,0.75)) ;
#13374=CARTESIAN_POINT('Control Point',(50.3574690245,-22.0651184995,0.75)) ;
#13375=CARTESIAN_POINT('Control Point',(50.3758714482,-22.2102022433,0.75)) ;
#13376=CARTESIAN_POINT('Control Point',(50.3849999998,-22.3551011778,0.75)) ;
#13377=CARTESIAN_POINT('Control Point',(50.3849999998,-22.5,0.75)) ;
#13385=CARTESIAN_POINT('Axis2P3D Location',(-47.51,-22.5,0.1875)) ;
#13390=CARTESIAN_POINT('Axis2P3D Location',(-47.51,-22.5,-0.375000000505)) ;
#13403=CARTESIAN_POINT('Axis2P3D Location',(-47.51,-22.5,-115.095802686)) ;
#13408=CARTESIAN_POINT('Axis2P3D Location',(-47.51,-22.5,-0.750000000911)) ;
#13412=CARTESIAN_POINT('Vertex',(-45.76,-22.5,-0.750000000911)) ;
#13414=CARTESIAN_POINT('Vertex',(-49.26,-22.5,-0.750000000911)) ;
#13417=CARTESIAN_POINT('Line Origine',(-45.76,-22.5,-115.095802685)) ;
#13422=CARTESIAN_POINT('Line Origine',(-49.26,-22.5,-115.095802685)) ;
#13435=CARTESIAN_POINT('Axis2P3D Location',(0.,26.5,0.)) ;
#13440=CARTESIAN_POINT('Line Origine',(47.5099999998,26.5,0.)) ;
#13444=CARTESIAN_POINT('Vertex',(47.5099999998,26.5,-0.75)) ;
#13447=CARTESIAN_POINT('Line Origine',(0.,26.5,-0.75)) ;
#13451=CARTESIAN_POINT('Vertex',(-47.5099999998,26.5,-0.75)) ;
#13454=CARTESIAN_POINT('Line Origine',(-47.5099999998,26.5,0.)) ;
#13467=CARTESIAN_POINT('Axis2P3D Location',(-47.51,22.51,0.)) ;
#13472=CARTESIAN_POINT('Axis2P3D Location',(-47.51,22.51,-0.75)) ;
#13476=CARTESIAN_POINT('Vertex',(-51.5,22.5099999998,-0.75)) ;
#13479=CARTESIAN_POINT('Line Origine',(-51.5,22.51,0.)) ;
#13492=CARTESIAN_POINT('Axis2P3D Location',(-51.5,0.,0.)) ;
#13497=CARTESIAN_POINT('Line Origine',(-51.5,0.,-0.75)) ;
#13501=CARTESIAN_POINT('Vertex',(-51.5,-22.5099999998,-0.75)) ;
#13504=CARTESIAN_POINT('Line Origine',(-51.5,-22.5099999998,0.)) ;
#13517=CARTESIAN_POINT('Axis2P3D Location',(-47.51,-22.51,0.)) ;
#13522=CARTESIAN_POINT('Axis2P3D Location',(-47.51,-22.51,-0.75)) ;
#13526=CARTESIAN_POINT('Vertex',(-47.5099999998,-26.5,-0.75)) ;
#13529=CARTESIAN_POINT('Line Origine',(-47.51,-26.5,0.)) ;
#13542=CARTESIAN_POINT('Axis2P3D Location',(47.51,-26.5,0.)) ;
#13547=CARTESIAN_POINT('Line Origine',(2.23522533815E-010,-26.5,-0.75)) ;
#13551=CARTESIAN_POINT('Vertex',(47.5099999998,-26.5,-0.75)) ;
#13554=CARTESIAN_POINT('Line Origine',(47.51,-26.5,0.)) ;
#13567=CARTESIAN_POINT('Axis2P3D Location',(47.51,-22.51,0.)) ;
#13572=CARTESIAN_POINT('Axis2P3D Location',(47.51,-22.51,-0.75)) ;
#13576=CARTESIAN_POINT('Vertex',(51.5,-22.5099999998,-0.75)) ;
#13579=CARTESIAN_POINT('Line Origine',(51.5,-22.51,0.)) ;
#13592=CARTESIAN_POINT('Axis2P3D Location',(51.5,22.51,0.)) ;
#13597=CARTESIAN_POINT('Line Origine',(51.5,2.23511875674E-010,-0.75)) ;
#13601=CARTESIAN_POINT('Vertex',(51.5,22.5099999998,-0.75)) ;
#13604=CARTESIAN_POINT('Line Origine',(51.5,22.51,0.)) ;
#13617=CARTESIAN_POINT('Axis2P3D Location',(47.51,22.51,0.)) ;
#13622=CARTESIAN_POINT('Axis2P3D Location',(47.51,22.51,-0.75)) ;
#13635=CARTESIAN_POINT('Axis2P3D Location',(-47.51,22.5,0.1875)) ;
#13640=CARTESIAN_POINT('Line Origine',(353507.036526,22.4999999999,353552.422161)) ;
#13644=CARTESIAN_POINT('Vertex',(-45.7599999995,22.5,-0.375000000505)) ;
#13647=CARTESIAN_POINT('Axis2P3D Location',(-47.51,22.5,-0.375000000505)) ;
#13651=CARTESIAN_POINT('Vertex',(-49.2600000005,22.5,-0.375000000505)) ;
#13654=CARTESIAN_POINT('Line Origine',(-353602.056526,22.5,353552.422161)) ;
#13667=CARTESIAN_POINT('Axis2P3D Location',(-47.51,22.5,0.1875)) ;
#13672=CARTESIAN_POINT('Axis2P3D Location',(-47.51,22.5,-0.375000000505)) ;
#13685=CARTESIAN_POINT('Axis2P3D Location',(47.51,22.5,0.1875)) ;
#13690=CARTESIAN_POINT('Line Origine',(353602.056526,22.4999999999,353552.422161)) ;
#13694=CARTESIAN_POINT('Vertex',(49.2600000005,22.5,-0.375000000505)) ;
#13697=CARTESIAN_POINT('Axis2P3D Location',(47.51,22.5,-0.375000000505)) ;
#13701=CARTESIAN_POINT('Vertex',(45.7599999995,22.5,-0.375000000505)) ;
#13704=CARTESIAN_POINT('Line Origine',(-353507.036526,22.5,353552.422161)) ;
#13717=CARTESIAN_POINT('Axis2P3D Location',(47.51,22.5,0.1875)) ;
#13722=CARTESIAN_POINT('Axis2P3D Location',(47.51,22.5,-0.375000000505)) ;
#13735=CARTESIAN_POINT('Axis2P3D Location',(47.51,-22.5,0.1875)) ;
#13740=CARTESIAN_POINT('Line Origine',(353602.056526,-22.5000000001,353552.422161)) ;
#13744=CARTESIAN_POINT('Vertex',(49.2600000005,-22.5,-0.375000000505)) ;
#13747=CARTESIAN_POINT('Axis2P3D Location',(47.51,-22.5,-0.375000000505)) ;
#13751=CARTESIAN_POINT('Vertex',(45.7599999995,-22.5,-0.375000000505)) ;
#13754=CARTESIAN_POINT('Line Origine',(-353507.036526,-22.5,353552.422161)) ;
#13767=CARTESIAN_POINT('Axis2P3D Location',(47.51,-22.5,0.1875)) ;
#13772=CARTESIAN_POINT('Axis2P3D Location',(47.51,-22.5,-0.375000000505)) ;
#13785=CARTESIAN_POINT('Axis2P3D Location',(-47.51,-22.5,-115.095802686)) ;
#13791=CARTESIAN_POINT('Control Point',(-49.26,-22.5,-0.75)) ;
#13792=CARTESIAN_POINT('Control Point',(-49.26,-23.0497787144,-0.750000000091)) ;
#13793=CARTESIAN_POINT('Control Point',(-49.0441024037,-23.5995574288,-0.750000000182)) ;
#13794=CARTESIAN_POINT('Control Point',(-48.6095574288,-24.0341024037,-0.750000000273)) ;
#13795=CARTESIAN_POINT('Control Point',(-47.51,-24.4658975963,-0.750000000456)) ;
#13796=CARTESIAN_POINT('Control Point',(-46.4104425712,-24.0341024037,-0.750000000638)) ;
#13797=CARTESIAN_POINT('Control Point',(-45.9758975963,-23.5995574288,-0.750000000729)) ;
#13798=CARTESIAN_POINT('Control Point',(-45.76,-23.0497787144,-0.75000000082)) ;
#13799=CARTESIAN_POINT('Control Point',(-45.76,-22.5,-0.750000000911)) ;
#13809=CARTESIAN_POINT('Axis2P3D Location',(-2.220446E-015,1.526557E-015,-0.75)) ;
#13828=CARTESIAN_POINT('Axis2P3D Location',(-47.5099999998,22.5,-0.75)) ;
#13832=CARTESIAN_POINT('Vertex',(-49.26,22.5,-0.750000000911)) ;
#13834=CARTESIAN_POINT('Vertex',(-45.76,22.5,-0.750000000911)) ;
#13837=CARTESIAN_POINT('Axis2P3D Location',(-47.5099999998,22.5,-0.75)) ;
#13846=CARTESIAN_POINT('Axis2P3D Location',(47.5099999998,22.5,-0.75)) ;
#13850=CARTESIAN_POINT('Vertex',(45.76,22.5,-0.750000000911)) ;
#13852=CARTESIAN_POINT('Vertex',(49.26,22.5,-0.750000000911)) ;
#13855=CARTESIAN_POINT('Axis2P3D Location',(47.5099999998,22.5,-0.75)) ;
#13864=CARTESIAN_POINT('Axis2P3D Location',(47.5099999998,-22.5,-0.75)) ;
#13868=CARTESIAN_POINT('Vertex',(45.76,-22.5,-0.750000000911)) ;
#13870=CARTESIAN_POINT('Vertex',(49.26,-22.5,-0.750000000911)) ;
#13873=CARTESIAN_POINT('Axis2P3D Location',(47.5099999998,-22.5,-0.75)) ;
#13884=CARTESIAN_POINT('Axis2P3D Location',(-47.51,22.5,-115.095802686)) ;
#13889=CARTESIAN_POINT('Line Origine',(-49.26,22.5,-115.095802685)) ;
#13894=CARTESIAN_POINT('Line Origine',(-45.76,22.5,-115.095802685)) ;
#13907=CARTESIAN_POINT('Axis2P3D Location',(-47.51,22.5,-115.095802686)) ;
#13920=CARTESIAN_POINT('Axis2P3D Location',(47.51,22.5,-115.095802686)) ;
#13925=CARTESIAN_POINT('Line Origine',(45.76,22.5,-115.095802685)) ;
#13930=CARTESIAN_POINT('Line Origine',(49.26,22.5,-115.095802685)) ;
#13943=CARTESIAN_POINT('Axis2P3D Location',(47.51,22.5,-115.095802686)) ;
#13956=CARTESIAN_POINT('Axis2P3D Location',(47.51,-22.5,-115.095802686)) ;
#13961=CARTESIAN_POINT('Line Origine',(45.76,-22.5,-115.095802685)) ;
#13966=CARTESIAN_POINT('Line Origine',(49.26,-22.5,-115.095802685)) ;
#13979=CARTESIAN_POINT('Axis2P3D Location',(47.51,-22.5,-115.095802686)) ;
#14001=CARTESIAN_POINT('NONE',(0.,0.,0.)) ;
#14002=CARTESIAN_POINT('NONE',(-6.217249E-014,0.344,-82.15)) ;
#14018=CARTESIAN_POINT('Axis2P3D Location',(-0.5,-1.41421356237,0.)) ;
#14023=CARTESIAN_POINT('Line Origine',(-0.5,-0.544141088601,2.)) ;
#14027=CARTESIAN_POINT('Vertex',(-0.5,-0.588282177214,2.)) ;
#14029=CARTESIAN_POINT('Vertex',(-0.5,-0.499999999989,2.)) ;
#14033=CARTESIAN_POINT('Control Point',(-0.5,-0.588282177214,2.)) ;
#14034=CARTESIAN_POINT('Control Point',(-0.5,-0.652192575607,1.86620479208)) ;
#14035=CARTESIAN_POINT('Control Point',(-0.5,-0.721882310472,1.71269023741)) ;
#14036=CARTESIAN_POINT('Control Point',(-0.5,-0.797940179112,1.53787201972)) ;
#14037=CARTESIAN_POINT('Control Point',(-0.5,-0.956919807056,1.15963134589)) ;
#14038=CARTESIAN_POINT('Control Point',(-0.5,-1.13632673561,0.712460254541)) ;
#14039=CARTESIAN_POINT('Control Point',(-0.5,-1.22634548684,0.484347540342)) ;
#14040=CARTESIAN_POINT('Control Point',(-0.5,-1.31921475902,0.246079822778)) ;
#14041=CARTESIAN_POINT('Control Point',(-0.5,-1.41421356237,1.11022302463E-016)) ;
#14042=CARTESIAN_POINT('Vertex',(-0.5,-1.41421356237,0.)) ;
#14045=CARTESIAN_POINT('Line Origine',(-0.5,-0.957106781181,0.)) ;
#14049=CARTESIAN_POINT('Vertex',(-0.5,-0.499999999989,0.)) ;
#14052=CARTESIAN_POINT('Line Origine',(-0.5,-0.499999999989,1.)) ;
#14072=CARTESIAN_POINT('Axis2P3D Location',(6.071532E-017,8.673617E-018,2.)) ;
#14077=CARTESIAN_POINT('Line Origine',(0.544141088612,0.5,2.)) ;
#14081=CARTESIAN_POINT('Vertex',(0.5,0.5,2.)) ;
#14083=CARTESIAN_POINT('Vertex',(0.588282177909,0.500000000517,2.00000000029)) ;
#14087=CARTESIAN_POINT('Control Point',(0.588282177225,0.5,2.)) ;
#14088=CARTESIAN_POINT('Control Point',(0.644035756222,0.43440232631,2.)) ;
#14089=CARTESIAN_POINT('Control Point',(0.690645716658,0.361033917406,2.)) ;
#14090=CARTESIAN_POINT('Control Point',(0.726668651451,0.281584881137,2.)) ;
#14091=CARTESIAN_POINT('Control Point',(0.757589454262,0.176200653881,2.)) ;
#14092=CARTESIAN_POINT('Control Point',(0.769560067076,0.0680131507636,2.)) ;
#14093=CARTESIAN_POINT('Control Point',(0.771226268957,0.0453694508383,2.)) ;
#14094=CARTESIAN_POINT('Control Point',(0.772059277263,0.0226847973443,2.)) ;
#14095=CARTESIAN_POINT('Control Point',(0.77205911662,2.94345971208E-012,2.)) ;
#14096=CARTESIAN_POINT('Vertex',(0.772059532265,9.4550023494E-017,2.00000000029)) ;
#14100=CARTESIAN_POINT('Control Point',(0.77205911662,2.94345971208E-012,2.)) ;
#14101=CARTESIAN_POINT('Control Point',(0.772058667602,-0.0634067783047,2.)) ;
#14102=CARTESIAN_POINT('Control Point',(0.765548913259,-0.12681468045,2.)) ;
#14103=CARTESIAN_POINT('Control Point',(0.752530391363,-0.189332525312,2.)) ;
#14104=CARTESIAN_POINT('Control Point',(0.719371099003,-0.293444642653,2.)) ;
#14105=CARTESIAN_POINT('Control Point',(0.66867448089,-0.389920270462,2.)) ;
#14106=CARTESIAN_POINT('Control Point',(0.644410340827,-0.428834170981,2.)) ;
#14107=CARTESIAN_POINT('Control Point',(0.617611307493,-0.465492390775,2.)) ;
#14108=CARTESIAN_POINT('Control Point',(0.588282177225,-0.5,2.)) ;
#14109=CARTESIAN_POINT('Vertex',(0.588282177225,-0.5,2.)) ;
#14112=CARTESIAN_POINT('Line Origine',(0.544141088612,-0.5,2.)) ;
#14116=CARTESIAN_POINT('Vertex',(0.5,-0.5,2.)) ;
#14119=CARTESIAN_POINT('Line Origine',(0.5,-0.544141088612,2.)) ;
#14123=CARTESIAN_POINT('Vertex',(0.5,-0.588282177225,2.)) ;
#14127=CARTESIAN_POINT('Control Point',(0.5,-0.588282177225,2.)) ;
#14128=CARTESIAN_POINT('Control Point',(0.43440232631,-0.644035756222,2.)) ;
#14129=CARTESIAN_POINT('Control Point',(0.361033917406,-0.690645716658,2.)) ;
#14130=CARTESIAN_POINT('Control Point',(0.281584881137,-0.726668651451,2.)) ;
#14131=CARTESIAN_POINT('Control Point',(0.114771189362,-0.775613483176,2.)) ;
#14132=CARTESIAN_POINT('Control Point',(-0.0590663971478,-0.777076673288,2.)) ;
#14133=CARTESIAN_POINT('Control Point',(-0.145543298654,-0.765607290035,2.)) ;
#14134=CARTESIAN_POINT('Control Point',(-0.273310080419,-0.729951535074,2.)) ;
#14135=CARTESIAN_POINT('Control Point',(-0.389920270462,-0.66867448089,2.)) ;
#14136=CARTESIAN_POINT('Control Point',(-0.428834170981,-0.644410340827,2.)) ;
#14137=CARTESIAN_POINT('Control Point',(-0.465492390775,-0.617611307493,2.)) ;
#14138=CARTESIAN_POINT('Control Point',(-0.5,-0.588282177225,2.)) ;
#14140=CARTESIAN_POINT('Line Origine',(-0.544141088612,-0.5,2.)) ;
#14144=CARTESIAN_POINT('Vertex',(-0.588282177909,-0.500000000517,2.00000000029)) ;
#14148=CARTESIAN_POINT('Control Point',(-0.588282177225,-0.5,2.)) ;
#14149=CARTESIAN_POINT('Control Point',(-0.644035756222,-0.43440232631,2.)) ;
#14150=CARTESIAN_POINT('Control Point',(-0.690645716658,-0.361033917406,2.)) ;
#14151=CARTESIAN_POINT('Control Point',(-0.726668651451,-0.281584881138,2.)) ;
#14152=CARTESIAN_POINT('Control Point',(-0.757589454262,-0.176200653881,2.)) ;
#14153=CARTESIAN_POINT('Control Point',(-0.769560067076,-0.0680131507637,2.)) ;
#14154=CARTESIAN_POINT('Control Point',(-0.771226268957,-0.0453694508383,2.)) ;
#14155=CARTESIAN_POINT('Control Point',(-0.772059277263,-0.0226847973443,2.)) ;
#14156=CARTESIAN_POINT('Control Point',(-0.77205911662,-2.94362971498E-012,2.)) ;
#14157=CARTESIAN_POINT('Vertex',(-0.772059532265,5.55111512886E-017,2.00000000029)) ;
#14161=CARTESIAN_POINT('Control Point',(-0.77205911662,-2.94362971498E-012,2.)) ;
#14162=CARTESIAN_POINT('Control Point',(-0.772058667602,0.0634067783047,2.)) ;
#14163=CARTESIAN_POINT('Control Point',(-0.765548913259,0.12681468045,2.)) ;
#14164=CARTESIAN_POINT('Control Point',(-0.752530391363,0.189332525313,2.)) ;
#14165=CARTESIAN_POINT('Control Point',(-0.719371099003,0.293444642653,2.)) ;
#14166=CARTESIAN_POINT('Control Point',(-0.66867448089,0.389920270462,2.)) ;
#14167=CARTESIAN_POINT('Control Point',(-0.644410340827,0.428834170981,2.)) ;
#14168=CARTESIAN_POINT('Control Point',(-0.617611307493,0.465492390775,2.)) ;
#14169=CARTESIAN_POINT('Control Point',(-0.588282177225,0.5,2.)) ;
#14170=CARTESIAN_POINT('Vertex',(-0.588282177225,0.5,2.)) ;
#14173=CARTESIAN_POINT('Line Origine',(-0.544141088612,0.5,2.)) ;
#14177=CARTESIAN_POINT('Vertex',(-0.5,0.5,2.)) ;
#14180=CARTESIAN_POINT('Line Origine',(-0.5,0.544141088612,2.)) ;
#14184=CARTESIAN_POINT('Vertex',(-0.500000000517,0.588282177909,2.00000000029)) ;
#14188=CARTESIAN_POINT('Control Point',(-0.5,0.588282177225,2.)) ;
#14189=CARTESIAN_POINT('Control Point',(-0.43440232631,0.644035756222,2.)) ;
#14190=CARTESIAN_POINT('Control Point',(-0.361033917406,0.690645716658,2.)) ;
#14191=CARTESIAN_POINT('Control Point',(-0.281584881138,0.726668651451,2.)) ;
#14192=CARTESIAN_POINT('Control Point',(-0.114771189362,0.775613483176,2.)) ;
#14193=CARTESIAN_POINT('Control Point',(0.0590663971477,0.777076673288,2.)) ;
#14194=CARTESIAN_POINT('Control Point',(0.145543298654,0.765607290035,2.)) ;
#14195=CARTESIAN_POINT('Control Point',(0.273310080419,0.729951535074,2.)) ;
#14196=CARTESIAN_POINT('Control Point',(0.389920270462,0.66867448089,2.)) ;
#14197=CARTESIAN_POINT('Control Point',(0.428834170981,0.644410340827,2.)) ;
#14198=CARTESIAN_POINT('Control Point',(0.465492390775,0.617611307493,2.)) ;
#14199=CARTESIAN_POINT('Control Point',(0.5,0.588282177225,2.)) ;
#14200=CARTESIAN_POINT('Vertex',(0.5,0.588282177225,2.)) ;
#14203=CARTESIAN_POINT('Line Origine',(0.5,0.544141088612,2.)) ;
#14226=CARTESIAN_POINT('Axis2P3D Location',(0.,0.,0.)) ;
#14232=CARTESIAN_POINT('Control Point',(0.500000000265,-0.88501900672,1.32842372371)) ;
#14233=CARTESIAN_POINT('Control Point',(0.500000000333,-0.786742410899,1.56351272514)) ;
#14234=CARTESIAN_POINT('Control Point',(0.499997050639,-0.710368258996,1.73788344639)) ;
#14235=CARTESIAN_POINT('Control Point',(0.500000000459,-0.645052985211,1.88115139098)) ;
#14236=CARTESIAN_POINT('Control Point',(0.500000000517,-0.588282177909,2.00000000029)) ;
#14237=CARTESIAN_POINT('Vertex',(0.5,-0.885019006208,1.32842372358)) ;
#14241=CARTESIAN_POINT('Control Point',(0.5,-1.41421356237,1.11022302463E-016)) ;
#14242=CARTESIAN_POINT('Control Point',(0.50000000007,-1.21834900683,0.507357076806)) ;
#14243=CARTESIAN_POINT('Control Point',(0.499986915136,-1.08524670285,0.841974887631)) ;
#14244=CARTESIAN_POINT('Control Point',(0.500000000202,-0.975566731814,1.11182307635)) ;
#14245=CARTESIAN_POINT('Control Point',(0.500000000265,-0.88501900672,1.32842372371)) ;
#14246=CARTESIAN_POINT('Vertex',(0.5,-1.41421356237,0.)) ;
#14249=CARTESIAN_POINT('Axis2P3D Location',(0.,0.,0.)) ;
#14263=CARTESIAN_POINT('Axis2P3D Location',(0.,0.,0.)) ;
#14268=CARTESIAN_POINT('Axis2P3D Location',(-4.4408920985E-016,4.4408920985E-016,0.)) ;
#14272=CARTESIAN_POINT('Vertex',(2.75,2.0021124067E-015,0.)) ;
#14274=CARTESIAN_POINT('Vertex',(-2.75,-4.93038065763E-032,0.)) ;
#14277=CARTESIAN_POINT('Axis2P3D Location',(4.4408920985E-016,-4.4408920985E-016,0.)) ;
#14286=CARTESIAN_POINT('Line Origine',(0.957106781192,0.5,0.)) ;
#14290=CARTESIAN_POINT('Vertex',(1.41421356237,0.5,0.)) ;
#14292=CARTESIAN_POINT('Vertex',(0.5,0.5,0.)) ;
#14295=CARTESIAN_POINT('Line Origine',(0.5,0.957106781192,0.)) ;
#14299=CARTESIAN_POINT('Vertex',(0.5,1.41421356238,0.)) ;
#14303=CARTESIAN_POINT('Control Point',(0.5,1.41421356238,0.)) ;
#14304=CARTESIAN_POINT('Control Point',(0.346209785575,1.46858661413,0.)) ;
#14305=CARTESIAN_POINT('Control Point',(0.185028991999,1.50205438346,0.)) ;
#14306=CARTESIAN_POINT('Control Point',(0.0202320764787,1.51327275944,0.)) ;
#14307=CARTESIAN_POINT('Control Point',(-0.185040736305,1.49912807242,0.)) ;
#14308=CARTESIAN_POINT('Control Point',(-0.383298312477,1.45106063364,0.)) ;
#14309=CARTESIAN_POINT('Control Point',(-0.422671643362,1.44008445953,0.)) ;
#14310=CARTESIAN_POINT('Control Point',(-0.461566637591,1.42780180798,0.)) ;
#14311=CARTESIAN_POINT('Control Point',(-0.5,1.41421356238,0.)) ;
#14312=CARTESIAN_POINT('Vertex',(-0.5,1.41421356237,0.)) ;
#14315=CARTESIAN_POINT('Line Origine',(-0.5,0.957106781192,0.)) ;
#14319=CARTESIAN_POINT('Vertex',(-0.5,0.5,0.)) ;
#14322=CARTESIAN_POINT('Line Origine',(-0.957106781192,0.5,0.)) ;
#14326=CARTESIAN_POINT('Vertex',(-1.41421356238,0.5,0.)) ;
#14330=CARTESIAN_POINT('Control Point',(-1.41421356238,0.5,0.)) ;
#14331=CARTESIAN_POINT('Control Point',(-1.44819664909,0.403881315766,0.)) ;
#14332=CARTESIAN_POINT('Control Point',(-1.47401364381,0.304875698553,0.)) ;
#14333=CARTESIAN_POINT('Control Point',(-1.49133639648,0.203904640955,0.)) ;
#14334=CARTESIAN_POINT('Control Point',(-1.49999827663,0.101951922399,0.)) ;
#14335=CARTESIAN_POINT('Control Point',(-1.49999877172,-5.96445809409E-012,0.)) ;
#14336=CARTESIAN_POINT('Vertex',(-1.5,2.13162820728E-016,0.)) ;
#14340=CARTESIAN_POINT('Control Point',(-1.49999877172,-5.96445809409E-012,0.)) ;
#14341=CARTESIAN_POINT('Control Point',(-1.49999906878,-0.0611714924987,0.)) ;
#14342=CARTESIAN_POINT('Control Point',(-1.49688123266,-0.122342698374,0.)) ;
#14343=CARTESIAN_POINT('Control Point',(-1.49064515264,-0.183301403367,0.)) ;
#14344=CARTESIAN_POINT('Control Point',(-1.47509262866,-0.284176636671,0.)) ;
#14345=CARTESIAN_POINT('Control Point',(-1.45106063364,-0.383298312477,0.)) ;
#14346=CARTESIAN_POINT('Control Point',(-1.44008445953,-0.422671643362,0.)) ;
#14347=CARTESIAN_POINT('Control Point',(-1.42780180798,-0.461566637591,0.)) ;
#14348=CARTESIAN_POINT('Control Point',(-1.41421356238,-0.5,0.)) ;
#14349=CARTESIAN_POINT('Vertex',(-1.41421356237,-0.5,0.)) ;
#14352=CARTESIAN_POINT('Line Origine',(-0.957106781192,-0.5,0.)) ;
#14357=CARTESIAN_POINT('Line Origine',(0.5,-0.957106781192,0.)) ;
#14361=CARTESIAN_POINT('Vertex',(0.5,-0.5,0.)) ;
#14364=CARTESIAN_POINT('Line Origine',(0.957106781192,-0.5,0.)) ;
#14368=CARTESIAN_POINT('Vertex',(1.41421356238,-0.5,0.)) ;
#14372=CARTESIAN_POINT('Control Point',(1.41421356238,-0.5,0.)) ;
#14373=CARTESIAN_POINT('Control Point',(1.44819664909,-0.403881315766,0.)) ;
#14374=CARTESIAN_POINT('Control Point',(1.47401364381,-0.304875698553,0.)) ;
#14375=CARTESIAN_POINT('Control Point',(1.49133639648,-0.203904640955,0.)) ;
#14376=CARTESIAN_POINT('Control Point',(1.49999827663,-0.101951922399,0.)) ;
#14377=CARTESIAN_POINT('Control Point',(1.49999877172,5.96502014449E-012,0.)) ;
#14378=CARTESIAN_POINT('Vertex',(1.5,1.83697019872E-016,8.08176267718E-017)) ;
#14382=CARTESIAN_POINT('Control Point',(1.49999877172,5.96502014449E-012,0.)) ;
#14383=CARTESIAN_POINT('Control Point',(1.49999906878,0.0611714924987,0.)) ;
#14384=CARTESIAN_POINT('Control Point',(1.49688123266,0.122342698374,0.)) ;
#14385=CARTESIAN_POINT('Control Point',(1.49064515264,0.183301403367,0.)) ;
#14386=CARTESIAN_POINT('Control Point',(1.47509262866,0.284176636671,0.)) ;
#14387=CARTESIAN_POINT('Control Point',(1.45106063364,0.383298312477,0.)) ;
#14388=CARTESIAN_POINT('Control Point',(1.44008445953,0.422671643362,0.)) ;
#14389=CARTESIAN_POINT('Control Point',(1.42780180798,0.461566637591,0.)) ;
#14390=CARTESIAN_POINT('Control Point',(1.41421356238,0.5,0.)) ;
#14410=CARTESIAN_POINT('Axis2P3D Location',(-0.5,-0.5,0.)) ;
#14416=CARTESIAN_POINT('Control Point',(-1.41421356238,-0.5,0.)) ;
#14417=CARTESIAN_POINT('Control Point',(-1.29910260738,-0.5,0.298177265463)) ;
#14418=CARTESIAN_POINT('Control Point',(-1.18711623355,-0.5,0.584889877839)) ;
#14419=CARTESIAN_POINT('Control Point',(-1.07964341069,-0.5,0.855701794377)) ;
#14420=CARTESIAN_POINT('Control Point',(-0.978592775356,-0.5,1.1045844285)) ;
#14421=CARTESIAN_POINT('Control Point',(-0.885019006208,-0.5,1.32842372358)) ;
#14422=CARTESIAN_POINT('Vertex',(-0.885019006208,-0.5,1.32842372358)) ;
#14426=CARTESIAN_POINT('Control Point',(-0.885019006208,-0.5,1.32842372358)) ;
#14427=CARTESIAN_POINT('Control Point',(-0.817640433498,-0.5,1.48960107441)) ;
#14428=CARTESIAN_POINT('Control Point',(-0.754138497308,-0.5,1.6377938739)) ;
#14429=CARTESIAN_POINT('Control Point',(-0.694886015696,-0.5,1.77189191319)) ;
#14430=CARTESIAN_POINT('Control Point',(-0.639713122982,-0.5,1.89233028968)) ;
#14431=CARTESIAN_POINT('Control Point',(-0.588282177225,-0.5,2.)) ;
#14442=CARTESIAN_POINT('Axis2P3D Location',(0.5,0.5,0.)) ;
#14447=CARTESIAN_POINT('Line Origine',(0.5,0.5,1.)) ;
#14453=CARTESIAN_POINT('Control Point',(1.41421356238,0.5,2.22044604925E-016)) ;
#14454=CARTESIAN_POINT('Control Point',(1.2991026078,0.5,0.298177264379)) ;
#14455=CARTESIAN_POINT('Control Point',(1.18711623437,0.5,0.584889875753)) ;
#14456=CARTESIAN_POINT('Control Point',(1.07964340995,0.5,0.855701796188)) ;
#14457=CARTESIAN_POINT('Control Point',(0.978592775016,0.5,1.10458442932)) ;
#14458=CARTESIAN_POINT('Control Point',(0.885019006208,0.5,1.32842372358)) ;
#14459=CARTESIAN_POINT('Vertex',(0.885019006208,0.5,1.32842372358)) ;
#14463=CARTESIAN_POINT('Control Point',(0.885019006208,0.5,1.32842372358)) ;
#14464=CARTESIAN_POINT('Control Point',(0.817640433498,0.5,1.48960107441)) ;
#14465=CARTESIAN_POINT('Control Point',(0.754138497308,0.5,1.6377938739)) ;
#14466=CARTESIAN_POINT('Control Point',(0.694886015696,0.5,1.77189191319)) ;
#14467=CARTESIAN_POINT('Control Point',(0.639713122982,0.5,1.89233028968)) ;
#14468=CARTESIAN_POINT('Control Point',(0.588282177225,0.5,2.)) ;
#14479=CARTESIAN_POINT('Axis2P3D Location',(0.,0.,0.)) ;
#14484=CARTESIAN_POINT('Line Origine',(171010.821475,2.09427855139E-011,-469844.249853)) ;
#14498=CARTESIAN_POINT('Axis2P3D Location',(0.,0.,0.)) ;
#14504=CARTESIAN_POINT('Control Point',(0.588282177909,-0.500000000517,2.00000000029)) ;
#14505=CARTESIAN_POINT('Control Point',(0.660096199831,-0.500000000442,1.84965870624)) ;
#14506=CARTESIAN_POINT('Control Point',(0.744615432936,-0.500000017211,1.6630975971)) ;
#14507=CARTESIAN_POINT('Control Point',(0.843818695698,-0.500000095729,1.43292891808)) ;
#14508=CARTESIAN_POINT('Control Point',(0.997369796773,-0.499999978903,1.06456352324)) ;
#14509=CARTESIAN_POINT('Control Point',(1.25001312613,-0.500000004803,0.422759989951)) ;
#14510=CARTESIAN_POINT('Control Point',(1.29989858776,-0.499999992027,0.295201632453)) ;
#14511=CARTESIAN_POINT('Control Point',(1.35428075846,-0.500000000021,0.15524673219)) ;
#14512=CARTESIAN_POINT('Control Point',(1.41421356237,-0.5,0.)) ;
#14522=CARTESIAN_POINT('Axis2P3D Location',(1.41421356237,-0.5,0.)) ;
#14527=CARTESIAN_POINT('Line Origine',(0.499999999989,-0.5,1.)) ;
#14540=CARTESIAN_POINT('Axis2P3D Location',(0.5,-0.5,0.)) ;
#14554=CARTESIAN_POINT('Axis2P3D Location',(0.,0.,0.)) ;
#14559=CARTESIAN_POINT('Line Origine',(-171010.821475,-4.18855710279E-011,-469844.249853)) ;
#14573=CARTESIAN_POINT('Axis2P3D Location',(0.,0.,0.)) ;
#14579=CARTESIAN_POINT('Control Point',(-0.588282177909,0.500000000517,2.00000000029)) ;
#14580=CARTESIAN_POINT('Control Point',(-0.660096199827,0.500000000442,1.84965870625)) ;
#14581=CARTESIAN_POINT('Control Point',(-0.744615432923,0.500000017209,1.66309759713)) ;
#14582=CARTESIAN_POINT('Control Point',(-0.843818695707,0.500000095727,1.43292891806)) ;
#14583=CARTESIAN_POINT('Control Point',(-0.997369796785,0.499999978902,1.06456352321)) ;
#14584=CARTESIAN_POINT('Control Point',(-1.25001312613,0.500000004803,0.422759989952)) ;
#14585=CARTESIAN_POINT('Control Point',(-1.29989858776,0.499999992027,0.295201632453)) ;
#14586=CARTESIAN_POINT('Control Point',(-1.35428075846,0.500000000021,0.15524673219)) ;
#14587=CARTESIAN_POINT('Control Point',(-1.41421356237,0.5,-5.55111512313E-017)) ;
#14597=CARTESIAN_POINT('Axis2P3D Location',(-1.41421356237,0.5,0.)) ;
#14602=CARTESIAN_POINT('Line Origine',(-0.499999999989,0.5,1.)) ;
#14615=CARTESIAN_POINT('Axis2P3D Location',(-0.5,0.5,0.)) ;
#14621=CARTESIAN_POINT('Control Point',(-0.5,1.41421356238,2.22044604925E-016)) ;
#14622=CARTESIAN_POINT('Control Point',(-0.5,1.2991026078,0.298177264379)) ;
#14623=CARTESIAN_POINT('Control Point',(-0.5,1.18711623437,0.584889875753)) ;
#14624=CARTESIAN_POINT('Control Point',(-0.5,1.07964340995,0.855701796188)) ;
#14625=CARTESIAN_POINT('Control Point',(-0.5,0.978592775016,1.10458442932)) ;
#14626=CARTESIAN_POINT('Control Point',(-0.5,0.885019006208,1.32842372358)) ;
#14627=CARTESIAN_POINT('Vertex',(-0.5,0.885019006208,1.32842372358)) ;
#14631=CARTESIAN_POINT('Control Point',(-0.5,0.885019006208,1.32842372358)) ;
#14632=CARTESIAN_POINT('Control Point',(-0.5,0.817640433498,1.48960107441)) ;
#14633=CARTESIAN_POINT('Control Point',(-0.5,0.754138497308,1.6377938739)) ;
#14634=CARTESIAN_POINT('Control Point',(-0.5,0.694886015696,1.77189191319)) ;
#14635=CARTESIAN_POINT('Control Point',(-0.5,0.639713122982,1.89233028968)) ;
#14636=CARTESIAN_POINT('Control Point',(-0.5,0.588282177225,2.)) ;
#14647=CARTESIAN_POINT('Axis2P3D Location',(0.,0.,0.)) ;
#14653=CARTESIAN_POINT('Control Point',(0.500000000517,0.588282177909,2.00000000029)) ;
#14654=CARTESIAN_POINT('Control Point',(0.500000000442,0.660096197705,1.84965871069)) ;
#14655=CARTESIAN_POINT('Control Point',(0.500000017209,0.744615427929,1.66309760815)) ;
#14656=CARTESIAN_POINT('Control Point',(0.500000095721,0.843818703114,1.4329289003)) ;
#14657=CARTESIAN_POINT('Control Point',(0.499999978904,0.997369802893,1.06456350769)) ;
#14658=CARTESIAN_POINT('Control Point',(0.500000004803,1.25001312613,0.422759989954)) ;
#14659=CARTESIAN_POINT('Control Point',(0.499999992027,1.29989858775,0.295201632455)) ;
#14660=CARTESIAN_POINT('Control Point',(0.500000000021,1.35428075846,0.15524673219)) ;
#14661=CARTESIAN_POINT('Control Point',(0.5,1.41421356237,-5.55111512313E-017)) ;
#14672=CARTESIAN_POINT('Axis2P3D Location',(0.5,1.41421356237,0.)) ;
#14685=CARTESIAN_POINT('Axis2P3D Location',(0.,0.,0.)) ;
#14690=CARTESIAN_POINT('Line Origine',(-328030.889187,-8.03443956928E-011,-377353.208623)) ;
#14694=CARTESIAN_POINT('Vertex',(-1.75,2.14313189851E-016,1.15036840737)) ;
#14697=CARTESIAN_POINT('Line Origine',(328030.889187,4.01721978464E-011,-377353.208623)) ;
#14701=CARTESIAN_POINT('Vertex',(1.75,0.,1.15036840737)) ;
#14704=CARTESIAN_POINT('Axis2P3D Location',(0.,0.,1.15036840804)) ;
#14717=CARTESIAN_POINT('Axis2P3D Location',(0.,0.,0.)) ;
#14722=CARTESIAN_POINT('Axis2P3D Location',(0.,0.,1.15036840804)) ;
#14735=CARTESIAN_POINT('Axis2P3D Location',(0.,0.,0.)) ;
#14740=CARTESIAN_POINT('Line Origine',(1.75,-4.28626379702E-016,0.)) ;
#14744=CARTESIAN_POINT('Vertex',(1.74999999978,0.,7.49999999978)) ;
#14747=CARTESIAN_POINT('Axis2P3D Location',(0.,0.,7.5)) ;
#14751=CARTESIAN_POINT('Vertex',(-1.74999999978,-2.14313189823E-016,7.49999999978)) ;
#14754=CARTESIAN_POINT('Line Origine',(-1.75,2.14313189851E-016,0.)) ;
#14767=CARTESIAN_POINT('Axis2P3D Location',(0.,0.,0.)) ;
#14772=CARTESIAN_POINT('Axis2P3D Location',(0.,0.,7.5)) ;
#14785=CARTESIAN_POINT('Axis2P3D Location',(0.,0.,7.75)) ;
#14790=CARTESIAN_POINT('Line Origine',(-353554.140276,-4.32978946214E-011,-353544.890911)) ;
#14794=CARTESIAN_POINT('Vertex',(-1.25000000022,-1.53080849921E-016,8.00000000022)) ;
#14797=CARTESIAN_POINT('Line Origine',(353554.140276,0.,-353544.890911)) ;
#14801=CARTESIAN_POINT('Vertex',(1.25000000022,0.,8.00000000022)) ;
#14804=CARTESIAN_POINT('Axis2P3D Location',(0.,0.,8.00000000022)) ;
#14817=CARTESIAN_POINT('Axis2P3D Location',(0.,0.,7.75)) ;
#14822=CARTESIAN_POINT('Axis2P3D Location',(0.,0.,8.00000000022)) ;
#14835=CARTESIAN_POINT('Axis2P3D Location',(0.,0.,8.)) ;
#14855=CARTESIAN_POINT('NONE',(0.,0.,0.)) ;
#14856=CARTESIAN_POINT('NONE',(-47.51,22.844,-82.9253684072)) ;
#14868=CARTESIAN_POINT('NONE',(0.,0.,0.)) ;
#14869=CARTESIAN_POINT('NONE',(-47.51,-22.156,-82.9253684072)) ;
#14881=CARTESIAN_POINT('NONE',(0.,0.,0.)) ;
#14882=CARTESIAN_POINT('NONE',(47.51,22.844,-82.9253684072)) ;
#14894=CARTESIAN_POINT('NONE',(0.,0.,0.)) ;
#14895=CARTESIAN_POINT('NONE',(47.51,-22.156,-82.9253684072)) ;
#49=DIRECTION('Axis2P3D Direction',(0.,0.,-1.)) ;
#50=DIRECTION('Axis2P3D XDirection',(0.486210159886,-0.873841908141,0.)) ;
#54=DIRECTION('Axis2P3D Direction',(0.,0.,-1.)) ;
#63=DIRECTION('Vector Direction',(0.,0.,-1.)) ;
#70=DIRECTION('Axis2P3D Direction',(0.,0.,-1.)) ;
#77=DIRECTION('Vector Direction',(0.,0.,-1.)) ;
#97=DIRECTION('Axis2P3D Direction',(0.,0.,1.)) ;
#98=DIRECTION('Axis2P3D XDirection',(1.,0.,0.)) ;
#142=DIRECTION('Axis2P3D Direction',(0.,0.,1.)) ;
#149=DIRECTION('Axis2P3D Direction',(0.,0.,1.)) ;
#156=DIRECTION('Axis2P3D Direction',(0.,0.,1.)) ;
#179=DIRECTION('Axis2P3D Direction',(0.,0.,1.)) ;
#184=DIRECTION('Axis2P3D Direction',(0.,0.,1.)) ;
#207=DIRECTION('Axis2P3D Direction',(0.,0.,1.)) ;
#214=DIRECTION('Axis2P3D Direction',(0.,0.,1.)) ;
#221=DIRECTION('Axis2P3D Direction',(0.,0.,1.)) ;
#244=DIRECTION('Vector Direction',(0.707106781187,-0.707106781187,0.)) ;
#270=DIRECTION('Axis2P3D Direction',(0.,0.,1.)) ;
#277=DIRECTION('Vector Direction',(-1.,0.,0.)) ;
#284=DIRECTION('Vector Direction',(0.,-1.,0.)) ;
#291=DIRECTION('Vector Direction',(1.,0.,0.)) ;
#298=DIRECTION('Vector Direction',(0.,-1.,0.)) ;
#305=DIRECTION('Vector Direction',(-1.,0.,0.)) ;
#312=DIRECTION('Vector Direction',(0.,-1.,0.)) ;
#319=DIRECTION('Vector Direction',(1.,0.,0.)) ;
#326=DIRECTION('Vector Direction',(0.,-1.,0.)) ;
#333=DIRECTION('Vector Direction',(-1.,0.,0.)) ;
#340=DIRECTION('Vector Direction',(0.,-1.,0.)) ;
#347=DIRECTION('Vector Direction',(1.,0.,0.)) ;
#354=DIRECTION('Vector Direction',(0.,-1.,0.)) ;
#361=DIRECTION('Vector Direction',(-1.,0.,0.)) ;
#368=DIRECTION('Vector Direction',(0.,-1.,0.)) ;
#375=DIRECTION('Vector Direction',(1.,0.,0.)) ;
#382=DIRECTION('Vector Direction',(0.,-1.,0.)) ;
#389=DIRECTION('Vector Direction',(-1.,0.,0.)) ;
#396=DIRECTION('Vector Direction',(0.,-1.,0.)) ;
#403=DIRECTION('Vector Direction',(1.,0.,0.)) ;
#410=DIRECTION('Vector Direction',(0.,-1.,0.)) ;
#417=DIRECTION('Vector Direction',(-1.,0.,0.)) ;
#424=DIRECTION('Vector Direction',(0.,-1.,0.)) ;
#431=DIRECTION('Vector Direction',(1.,0.,0.)) ;
#438=DIRECTION('Vector Direction',(0.,-1.,0.)) ;
#445=DIRECTION('Vector Direction',(-1.,0.,0.)) ;
#452=DIRECTION('Vector Direction',(0.,-1.,0.)) ;
#459=DIRECTION('Vector Direction',(1.,0.,0.)) ;
#466=DIRECTION('Vector Direction',(0.,-1.,0.)) ;
#473=DIRECTION('Vector Direction',(-1.,0.,0.)) ;
#480=DIRECTION('Vector Direction',(0.,-1.,0.)) ;
#487=DIRECTION('Vector Direction',(1.,0.,0.)) ;
#494=DIRECTION('Vector Direction',(0.,-1.,0.)) ;
#501=DIRECTION('Vector Direction',(-1.,0.,0.)) ;
#508=DIRECTION('Vector Direction',(0.,-1.,0.)) ;
#515=DIRECTION('Vector Direction',(1.,0.,0.)) ;
#522=DIRECTION('Vector Direction',(0.,-1.,0.)) ;
#529=DIRECTION('Vector Direction',(-1.,0.,0.)) ;
#536=DIRECTION('Vector Direction',(0.,-1.,0.)) ;
#543=DIRECTION('Vector Direction',(1.,0.,0.)) ;
#550=DIRECTION('Vector Direction',(0.,-1.,0.)) ;
#557=DIRECTION('Vector Direction',(-1.,0.,0.)) ;
#564=DIRECTION('Vector Direction',(0.,-1.,0.)) ;
#571=DIRECTION('Vector Direction',(1.,0.,0.)) ;
#578=DIRECTION('Axis2P3D Direction',(0.,0.,1.)) ;
#598=DIRECTION('Axis2P3D Direction',(0.,0.,1.)) ;
#605=DIRECTION('Vector Direction',(1.,0.,0.)) ;
#628=DIRECTION('Vector Direction',(0.,-1.,0.)) ;
#651=DIRECTION('Vector Direction',(-1.,0.,0.)) ;
#671=DIRECTION('Axis2P3D Direction',(0.,0.,1.)) ;
#694=DIRECTION('Axis2P3D Direction',(0.,0.,1.)) ;
#701=DIRECTION('Axis2P3D Direction',(0.,0.,1.)) ;
#708=DIRECTION('Axis2P3D Direction',(0.,0.,1.)) ;
#715=DIRECTION('Axis2P3D Direction',(0.,0.,1.)) ;
#738=DIRECTION('Axis2P3D Direction',(0.,0.,1.)) ;
#745=DIRECTION('Axis2P3D Direction',(0.,0.,1.)) ;
#752=DIRECTION('Axis2P3D Direction',(0.,0.,1.)) ;
#759=DIRECTION('Axis2P3D Direction',(0.,0.,1.)) ;
#782=DIRECTION('Axis2P3D Direction',(0.,0.,1.)) ;
#789=DIRECTION('Axis2P3D Direction',(0.,0.,1.)) ;
#796=DIRECTION('Axis2P3D Direction',(0.,0.,1.)) ;
#803=DIRECTION('Axis2P3D Direction',(0.,0.,1.)) ;
#823=DIRECTION('Vector Direction',(1.,0.,0.)) ;
#849=DIRECTION('Vector Direction',(0.,-1.,0.)) ;
#856=DIRECTION('Axis2P3D Direction',(0.,0.,1.)) ;
#863=DIRECTION('Vector Direction',(1.,0.,0.)) ;
#870=DIRECTION('Axis2P3D Direction',(0.,0.,1.)) ;
#877=DIRECTION('Vector Direction',(0.,-1.,0.)) ;
#912=DIRECTION('Vector Direction',(0.,-1.,0.)) ;
#947=DIRECTION('Vector Direction',(0.,-1.,0.)) ;
#982=DIRECTION('Vector Direction',(0.,-1.,0.)) ;
#1017=DIRECTION('Vector Direction',(0.,-1.,0.)) ;
#1052=DIRECTION('Vector Direction',(0.,-1.,0.)) ;
#1087=DIRECTION('Vector Direction',(0.,-1.,0.)) ;
#1094=DIRECTION('Axis2P3D Direction',(0.,0.,1.)) ;
#1101=DIRECTION('Vector Direction',(-1.,0.,0.)) ;
#1136=DIRECTION('Vector Direction',(-1.,0.,0.)) ;
#1171=DIRECTION('Vector Direction',(-1.,0.,0.)) ;
#1178=DIRECTION('Axis2P3D Direction',(0.,0.,1.)) ;
#1185=DIRECTION('Vector Direction',(0.,1.,0.)) ;
#1220=DIRECTION('Vector Direction',(0.,1.,0.)) ;
#1255=DIRECTION('Vector Direction',(0.,1.,0.)) ;
#1290=DIRECTION('Vector Direction',(0.,1.,0.)) ;
#1325=DIRECTION('Vector Direction',(0.,1.,0.)) ;
#1360=DIRECTION('Vector Direction',(0.,1.,0.)) ;
#1395=DIRECTION('Vector Direction',(0.,1.,0.)) ;
#1402=DIRECTION('Axis2P3D Direction',(0.,0.,1.)) ;
#1409=DIRECTION('Vector Direction',(1.,0.,0.)) ;
#1416=DIRECTION('Axis2P3D Direction',(0.,0.,1.)) ;
#1423=DIRECTION('Vector Direction',(0.,1.,0.)) ;
#1449=DIRECTION('Vector Direction',(1.,0.,0.)) ;
#1469=DIRECTION('Axis2P3D Direction',(0.,0.,1.)) ;
#1476=DIRECTION('Axis2P3D Direction',(0.,0.,1.)) ;
#1483=DIRECTION('Axis2P3D Direction',(0.,0.,1.)) ;
#1490=DIRECTION('Axis2P3D Direction',(0.,0.,1.)) ;
#1513=DIRECTION('Axis2P3D Direction',(0.,0.,1.)) ;
#1520=DIRECTION('Axis2P3D Direction',(0.,0.,1.)) ;
#1527=DIRECTION('Axis2P3D Direction',(0.,0.,1.)) ;
#1534=DIRECTION('Axis2P3D Direction',(0.,0.,1.)) ;
#1557=DIRECTION('Axis2P3D Direction',(0.,0.,1.)) ;
#1564=DIRECTION('Axis2P3D Direction',(0.,0.,1.)) ;
#1571=DIRECTION('Axis2P3D Direction',(0.,0.,1.)) ;
#1578=DIRECTION('Axis2P3D Direction',(0.,0.,1.)) ;
#1601=DIRECTION('Axis2P3D Direction',(0.,0.,1.)) ;
#1621=DIRECTION('Vector Direction',(-1.,0.,0.)) ;
#1644=DIRECTION('Vector Direction',(0.,1.,0.)) ;
#1667=DIRECTION('Vector Direction',(1.,0.,0.)) ;
#1674=DIRECTION('Axis2P3D Direction',(0.,0.,1.)) ;
#1694=DIRECTION('Axis2P3D Direction',(0.,0.,1.)) ;
#1701=DIRECTION('Vector Direction',(1.,0.,0.)) ;
#1708=DIRECTION('Vector Direction',(0.,1.,0.)) ;
#1715=DIRECTION('Vector Direction',(-1.,0.,0.)) ;
#1722=DIRECTION('Vector Direction',(0.,1.,0.)) ;
#1729=DIRECTION('Vector Direction',(1.,0.,0.)) ;
#1736=DIRECTION('Vector Direction',(0.,1.,0.)) ;
#1743=DIRECTION('Vector Direction',(-1.,0.,0.)) ;
#1750=DIRECTION('Vector Direction',(0.,1.,0.)) ;
#1757=DIRECTION('Vector Direction',(1.,0.,0.)) ;
#1764=DIRECTION('Vector Direction',(0.,1.,0.)) ;
#1771=DIRECTION('Vector Direction',(-1.,0.,0.)) ;
#1778=DIRECTION('Vector Direction',(0.,1.,0.)) ;
#1785=DIRECTION('Vector Direction',(1.,0.,0.)) ;
#1792=DIRECTION('Vector Direction',(0.,1.,0.)) ;
#1799=DIRECTION('Vector Direction',(-1.,0.,0.)) ;
#1806=DIRECTION('Vector Direction',(0.,1.,0.)) ;
#1813=DIRECTION('Vector Direction',(1.,0.,0.)) ;
#1820=DIRECTION('Vector Direction',(0.,1.,0.)) ;
#1827=DIRECTION('Vector Direction',(-1.,0.,0.)) ;
#1834=DIRECTION('Vector Direction',(0.,1.,0.)) ;
#1841=DIRECTION('Vector Direction',(1.,0.,0.)) ;
#1848=DIRECTION('Vector Direction',(0.,1.,0.)) ;
#1855=DIRECTION('Vector Direction',(-1.,0.,0.)) ;
#1862=DIRECTION('Vector Direction',(0.,1.,0.)) ;
#1869=DIRECTION('Vector Direction',(1.,0.,0.)) ;
#1876=DIRECTION('Vector Direction',(0.,1.,0.)) ;
#1883=DIRECTION('Vector Direction',(-1.,0.,0.)) ;
#1890=DIRECTION('Vector Direction',(0.,1.,0.)) ;
#1897=DIRECTION('Vector Direction',(1.,0.,0.)) ;
#1904=DIRECTION('Vector Direction',(0.,1.,0.)) ;
#1911=DIRECTION('Vector Direction',(-1.,0.,0.)) ;
#1918=DIRECTION('Vector Direction',(0.,1.,0.)) ;
#1925=DIRECTION('Vector Direction',(1.,0.,0.)) ;
#1932=DIRECTION('Vector Direction',(0.,1.,0.)) ;
#1939=DIRECTION('Vector Direction',(-1.,0.,0.)) ;
#1946=DIRECTION('Vector Direction',(0.,1.,0.)) ;
#1953=DIRECTION('Vector Direction',(1.,0.,0.)) ;
#1960=DIRECTION('Vector Direction',(0.,1.,0.)) ;
#1967=DIRECTION('Vector Direction',(-1.,0.,0.)) ;
#1974=DIRECTION('Vector Direction',(0.,1.,0.)) ;
#1981=DIRECTION('Vector Direction',(1.,0.,0.)) ;
#1988=DIRECTION('Vector Direction',(0.,1.,0.)) ;
#1995=DIRECTION('Vector Direction',(-1.,0.,0.)) ;
#2002=DIRECTION('Axis2P3D Direction',(0.,0.,1.)) ;
#2028=DIRECTION('Vector Direction',(0.707106781187,0.707106781187,0.)) ;
#2051=DIRECTION('Axis2P3D Direction',(0.,0.,1.)) ;
#2058=DIRECTION('Axis2P3D Direction',(0.,0.,1.)) ;
#2065=DIRECTION('Axis2P3D Direction',(0.,0.,1.)) ;
#2088=DIRECTION('Axis2P3D Direction',(0.,0.,1.)) ;
#2095=DIRECTION('Axis2P3D Direction',(0.,0.,1.)) ;
#2102=DIRECTION('Axis2P3D Direction',(0.,0.,1.)) ;
#2125=DIRECTION('Axis2P3D Direction',(0.,0.,1.)) ;
#2132=DIRECTION('Axis2P3D Direction',(0.,0.,1.)) ;
#2139=DIRECTION('Axis2P3D Direction',(0.,0.,1.)) ;
#2184=DIRECTION('Vector Direction',(0.,1.,0.)) ;
#2191=DIRECTION('Axis2P3D Direction',(0.,0.,1.)) ;
#2198=DIRECTION('Vector Direction',(-1.,0.,0.)) ;
#2205=DIRECTION('Axis2P3D Direction',(0.,0.,1.)) ;
#2212=DIRECTION('Vector Direction',(0.,-1.,0.)) ;
#2443=DIRECTION('Axis2P3D Direction',(0.,0.,-1.)) ;
#2444=DIRECTION('Axis2P3D XDirection',(-0.577374564865,-0.816479400749,0.)) ;
#2448=DIRECTION('Vector Direction',(0.,0.,-1.)) ;
#2455=DIRECTION('Axis2P3D Direction',(0.,0.,-1.)) ;
#2468=DIRECTION('Axis2P3D Direction',(0.,0.,1.)) ;
#2469=DIRECTION('Axis2P3D XDirection',(1.,0.,0.)) ;
#2473=DIRECTION('Axis2P3D Direction',(0.,0.,1.)) ;
#2482=DIRECTION('Vector Direction',(0.,1.,0.)) ;
#2508=DIRECTION('Vector Direction',(1.,0.,0.)) ;
#2534=DIRECTION('Vector Direction',(0.,-1.,0.)) ;
#2541=DIRECTION('Axis2P3D Direction',(0.,0.,1.)) ;
#2548=DIRECTION('Axis2P3D Direction',(0.,0.,1.)) ;
#2591=DIRECTION('Axis2P3D Direction',(0.,0.,1.)) ;
#2634=DIRECTION('Axis2P3D Direction',(0.,0.,1.)) ;
#2677=DIRECTION('Axis2P3D Direction',(0.,0.,1.)) ;
#2684=DIRECTION('Vector Direction',(-0.707106781187,-0.707106781187,0.)) ;
#2691=DIRECTION('Axis2P3D Direction',(0.,0.,1.)) ;
#2711=DIRECTION('Vector Direction',(1.,0.,0.)) ;
#2718=DIRECTION('Vector Direction',(0.,-1.,0.)) ;
#2725=DIRECTION('Vector Direction',(-1.,0.,0.)) ;
#2732=DIRECTION('Vector Direction',(0.,-1.,0.)) ;
#2739=DIRECTION('Vector Direction',(1.,0.,0.)) ;
#2746=DIRECTION('Vector Direction',(0.,-1.,0.)) ;
#2753=DIRECTION('Vector Direction',(-1.,0.,0.)) ;
#2760=DIRECTION('Vector Direction',(0.,-1.,0.)) ;
#2767=DIRECTION('Vector Direction',(1.,0.,0.)) ;
#2774=DIRECTION('Vector Direction',(0.,-1.,0.)) ;
#2781=DIRECTION('Vector Direction',(-1.,0.,0.)) ;
#2788=DIRECTION('Vector Direction',(0.,-1.,0.)) ;
#2795=DIRECTION('Vector Direction',(1.,0.,0.)) ;
#2802=DIRECTION('Vector Direction',(0.,-1.,0.)) ;
#2809=DIRECTION('Vector Direction',(-1.,0.,0.)) ;
#2816=DIRECTION('Vector Direction',(0.,-1.,0.)) ;
#2823=DIRECTION('Vector Direction',(1.,0.,0.)) ;
#2830=DIRECTION('Vector Direction',(0.,-1.,0.)) ;
#2837=DIRECTION('Vector Direction',(-1.,0.,0.)) ;
#2844=DIRECTION('Vector Direction',(0.,-1.,0.)) ;
#2851=DIRECTION('Vector Direction',(1.,0.,0.)) ;
#2858=DIRECTION('Vector Direction',(0.,-1.,0.)) ;
#2865=DIRECTION('Vector Direction',(-1.,0.,0.)) ;
#2872=DIRECTION('Vector Direction',(0.,-1.,0.)) ;
#2879=DIRECTION('Vector Direction',(1.,0.,0.)) ;
#2886=DIRECTION('Vector Direction',(0.,-1.,0.)) ;
#2893=DIRECTION('Vector Direction',(-1.,0.,0.)) ;
#2900=DIRECTION('Vector Direction',(0.,-1.,0.)) ;
#2907=DIRECTION('Vector Direction',(1.,0.,0.)) ;
#2914=DIRECTION('Vector Direction',(0.,-1.,0.)) ;
#2921=DIRECTION('Vector Direction',(-1.,0.,0.)) ;
#2928=DIRECTION('Vector Direction',(0.,-1.,0.)) ;
#2935=DIRECTION('Vector Direction',(1.,0.,0.)) ;
#2942=DIRECTION('Vector Direction',(0.,-1.,0.)) ;
#2949=DIRECTION('Vector Direction',(-1.,0.,0.)) ;
#2956=DIRECTION('Vector Direction',(0.,-1.,0.)) ;
#2963=DIRECTION('Vector Direction',(1.,0.,0.)) ;
#2970=DIRECTION('Vector Direction',(0.,-1.,0.)) ;
#2977=DIRECTION('Vector Direction',(-1.,0.,0.)) ;
#2984=DIRECTION('Vector Direction',(0.,-1.,0.)) ;
#2991=DIRECTION('Vector Direction',(1.,0.,0.)) ;
#2998=DIRECTION('Vector Direction',(0.,-1.,0.)) ;
#3005=DIRECTION('Vector Direction',(-1.,0.,0.)) ;
#3025=DIRECTION('Axis2P3D Direction',(0.,0.,1.)) ;
#3045=DIRECTION('Vector Direction',(-1.,0.,0.)) ;
#3052=DIRECTION('Axis2P3D Direction',(0.,0.,1.)) ;
#3059=DIRECTION('Vector Direction',(0.,-1.,0.)) ;
#3066=DIRECTION('Axis2P3D Direction',(0.,0.,1.)) ;
#3073=DIRECTION('Vector Direction',(1.,0.,0.)) ;
#3080=DIRECTION('Axis2P3D Direction',(0.,0.,1.)) ;
#3100=DIRECTION('Axis2P3D Direction',(0.,0.,1.)) ;
#3153=DIRECTION('Axis2P3D Direction',(0.,0.,1.)) ;
#3206=DIRECTION('Axis2P3D Direction',(0.,0.,1.)) ;
#3256=DIRECTION('Axis2P3D Direction',(0.,0.,1.)) ;
#3263=DIRECTION('Vector Direction',(-1.,0.,0.)) ;
#3270=DIRECTION('Axis2P3D Direction',(0.,0.,1.)) ;
#3277=DIRECTION('Vector Direction',(0.,-1.,0.)) ;
#3300=DIRECTION('Vector Direction',(-1.,0.,0.)) ;
#3326=DIRECTION('Vector Direction',(0.,-1.,0.)) ;
#3333=DIRECTION('Axis2P3D Direction',(0.,0.,1.)) ;
#3340=DIRECTION('Vector Direction',(0.,-1.,0.)) ;
#3347=DIRECTION('Axis2P3D Direction',(0.,0.,1.)) ;
#3354=DIRECTION('Vector Direction',(0.,-1.,0.)) ;
#3361=DIRECTION('Axis2P3D Direction',(0.,0.,1.)) ;
#3368=DIRECTION('Vector Direction',(0.,-1.,0.)) ;
#3375=DIRECTION('Axis2P3D Direction',(0.,0.,1.)) ;
#3382=DIRECTION('Vector Direction',(0.,-1.,0.)) ;
#3389=DIRECTION('Axis2P3D Direction',(0.,0.,1.)) ;
#3396=DIRECTION('Vector Direction',(0.,-1.,0.)) ;
#3403=DIRECTION('Axis2P3D Direction',(0.,0.,1.)) ;
#3410=DIRECTION('Vector Direction',(0.,-1.,0.)) ;
#3436=DIRECTION('Vector Direction',(1.,0.,0.)) ;
#3443=DIRECTION('Axis2P3D Direction',(0.,0.,1.)) ;
#3450=DIRECTION('Vector Direction',(1.,0.,0.)) ;
#3457=DIRECTION('Axis2P3D Direction',(0.,0.,1.)) ;
#3464=DIRECTION('Vector Direction',(1.,0.,0.)) ;
#3490=DIRECTION('Vector Direction',(0.,1.,0.)) ;
#3497=DIRECTION('Axis2P3D Direction',(0.,0.,1.)) ;
#3504=DIRECTION('Vector Direction',(0.,1.,0.)) ;
#3511=DIRECTION('Axis2P3D Direction',(0.,0.,1.)) ;
#3518=DIRECTION('Vector Direction',(0.,1.,0.)) ;
#3525=DIRECTION('Axis2P3D Direction',(0.,0.,1.)) ;
#3532=DIRECTION('Vector Direction',(0.,1.,0.)) ;
#3539=DIRECTION('Axis2P3D Direction',(0.,0.,1.)) ;
#3546=DIRECTION('Vector Direction',(0.,1.,0.)) ;
#3553=DIRECTION('Axis2P3D Direction',(0.,0.,1.)) ;
#3560=DIRECTION('Vector Direction',(0.,1.,0.)) ;
#3567=DIRECTION('Axis2P3D Direction',(0.,0.,1.)) ;
#3574=DIRECTION('Vector Direction',(0.,1.,0.)) ;
#3600=DIRECTION('Vector Direction',(-1.,0.,0.)) ;
#3623=DIRECTION('Vector Direction',(0.,1.,0.)) ;
#3630=DIRECTION('Axis2P3D Direction',(0.,0.,1.)) ;
#3637=DIRECTION('Vector Direction',(-1.,0.,0.)) ;
#3644=DIRECTION('Axis2P3D Direction',(0.,0.,1.)) ;
#3694=DIRECTION('Axis2P3D Direction',(0.,0.,1.)) ;
#3747=DIRECTION('Axis2P3D Direction',(0.,0.,1.)) ;
#3800=DIRECTION('Axis2P3D Direction',(0.,0.,1.)) ;
#3820=DIRECTION('Axis2P3D Direction',(0.,0.,1.)) ;
#3827=DIRECTION('Vector Direction',(1.,0.,0.)) ;
#3834=DIRECTION('Axis2P3D Direction',(0.,0.,1.)) ;
#3841=DIRECTION('Vector Direction',(0.,1.,0.)) ;
#3848=DIRECTION('Axis2P3D Direction',(0.,0.,1.)) ;
#3855=DIRECTION('Vector Direction',(-1.,0.,0.)) ;
#3875=DIRECTION('Axis2P3D Direction',(0.,0.,1.)) ;
#3895=DIRECTION('Vector Direction',(-1.,0.,0.)) ;
#3902=DIRECTION('Vector Direction',(0.,1.,0.)) ;
#3909=DIRECTION('Vector Direction',(1.,0.,0.)) ;
#3916=DIRECTION('Vector Direction',(0.,1.,0.)) ;
#3923=DIRECTION('Vector Direction',(-1.,0.,0.)) ;
#3930=DIRECTION('Vector Direction',(0.,1.,0.)) ;
#3937=DIRECTION('Vector Direction',(1.,0.,0.)) ;
#3944=DIRECTION('Vector Direction',(0.,1.,0.)) ;
#3951=DIRECTION('Vector Direction',(-1.,0.,0.)) ;
#3958=DIRECTION('Vector Direction',(0.,1.,0.)) ;
#3965=DIRECTION('Vector Direction',(1.,0.,0.)) ;
#3972=DIRECTION('Vector Direction',(0.,1.,0.)) ;
#3979=DIRECTION('Vector Direction',(-1.,0.,0.)) ;
#3986=DIRECTION('Vector Direction',(0.,1.,0.)) ;
#3993=DIRECTION('Vector Direction',(1.,0.,0.)) ;
#4000=DIRECTION('Vector Direction',(0.,1.,0.)) ;
#4007=DIRECTION('Vector Direction',(-1.,0.,0.)) ;
#4014=DIRECTION('Vector Direction',(0.,1.,0.)) ;
#4021=DIRECTION('Vector Direction',(1.,0.,0.)) ;
#4028=DIRECTION('Vector Direction',(0.,1.,0.)) ;
#4035=DIRECTION('Vector Direction',(-1.,0.,0.)) ;
#4042=DIRECTION('Vector Direction',(0.,1.,0.)) ;
#4049=DIRECTION('Vector Direction',(1.,0.,0.)) ;
#4056=DIRECTION('Vector Direction',(0.,1.,0.)) ;
#4063=DIRECTION('Vector Direction',(-1.,0.,0.)) ;
#4070=DIRECTION('Vector Direction',(0.,1.,0.)) ;
#4077=DIRECTION('Vector Direction',(1.,0.,0.)) ;
#4084=DIRECTION('Vector Direction',(0.,1.,0.)) ;
#4091=DIRECTION('Vector Direction',(-1.,0.,0.)) ;
#4098=DIRECTION('Vector Direction',(0.,1.,0.)) ;
#4105=DIRECTION('Vector Direction',(1.,0.,0.)) ;
#4112=DIRECTION('Vector Direction',(0.,1.,0.)) ;
#4119=DIRECTION('Vector Direction',(-1.,0.,0.)) ;
#4126=DIRECTION('Vector Direction',(0.,1.,0.)) ;
#4133=DIRECTION('Vector Direction',(1.,0.,0.)) ;
#4140=DIRECTION('Vector Direction',(0.,1.,0.)) ;
#4147=DIRECTION('Vector Direction',(-1.,0.,0.)) ;
#4154=DIRECTION('Vector Direction',(0.,1.,0.)) ;
#4161=DIRECTION('Vector Direction',(1.,0.,0.)) ;
#4168=DIRECTION('Vector Direction',(0.,1.,0.)) ;
#4175=DIRECTION('Vector Direction',(-1.,0.,0.)) ;
#4182=DIRECTION('Vector Direction',(0.,1.,0.)) ;
#4189=DIRECTION('Vector Direction',(1.,0.,0.)) ;
#4209=DIRECTION('Axis2P3D Direction',(0.,0.,1.)) ;
#4216=DIRECTION('Vector Direction',(-0.707106781187,0.707106781187,0.)) ;
#4223=DIRECTION('Axis2P3D Direction',(0.,0.,1.)) ;
#4266=DIRECTION('Axis2P3D Direction',(0.,0.,1.)) ;
#4284=DIRECTION('Axis2P3D Direction',(0.,0.,1.)) ;
#4327=DIRECTION('Axis2P3D Direction',(0.,0.,1.)) ;
#4558=DIRECTION('Axis2P3D Direction',(0.,0.,-1.)) ;
#4559=DIRECTION('Axis2P3D XDirection',(0.873841908141,-0.486210159886,0.)) ;
#4563=DIRECTION('Vector Direction',(0.,0.,-1.)) ;
#4576=DIRECTION('Axis2P3D Direction',(0.,0.,-1.)) ;
#4577=DIRECTION('Axis2P3D XDirection',(0.691176470588,0.722686022077,0.)) ;
#4581=DIRECTION('Vector Direction',(0.,0.,-1.)) ;
#4586=DIRECTION('Vector Direction',(0.,0.,-1.)) ;
#4599=DIRECTION('Axis2P3D Direction',(0.,0.,-1.)) ;
#4600=DIRECTION('Axis2P3D XDirection',(0.816479400749,-0.577374564865,0.)) ;
#4604=DIRECTION('Vector Direction',(0.,0.,-1.)) ;
#4617=DIRECTION('Axis2P3D Direction',(0.,0.,-1.)) ;
#4618=DIRECTION('Axis2P3D XDirection',(-0.816479400749,0.577374564864,-0.)) ;
#4622=DIRECTION('Vector Direction',(0.,0.,-1.)) ;
#4635=DIRECTION('Axis2P3D Direction',(0.,0.,-1.)) ;
#4636=DIRECTION('Axis2P3D XDirection',(-0.873841908141,-0.486210159886,0.)) ;
#4640=DIRECTION('Vector Direction',(0.,0.,-1.)) ;
#4653=DIRECTION('Axis2P3D Direction',(0.,0.,-1.)) ;
#4654=DIRECTION('Axis2P3D XDirection',(-0.486210159886,-0.873841908141,0.)) ;
#4658=DIRECTION('Vector Direction',(0.,0.,-1.)) ;
#4671=DIRECTION('Axis2P3D Direction',(0.,0.,-1.)) ;
#4672=DIRECTION('Axis2P3D XDirection',(0.577374564865,0.816479400749,0.)) ;
#4684=DIRECTION('Axis2P3D Direction',(0.,0.,-1.)) ;
#4685=DIRECTION('Axis2P3D XDirection',(-0.816479400749,0.577374564865,0.)) ;
#4689=DIRECTION('Vector Direction',(0.,0.,-1.)) ;
#4702=DIRECTION('Axis2P3D Direction',(0.,0.,-1.)) ;
#4703=DIRECTION('Axis2P3D XDirection',(0.816479400749,-0.577374564864,0.)) ;
#4707=DIRECTION('Vector Direction',(0.,0.,-1.)) ;
#4720=DIRECTION('Axis2P3D Direction',(-0.,0.,-1.)) ;
#4721=DIRECTION('Axis2P3D XDirection',(0.873841908141,0.486210159886,0.)) ;
#4725=DIRECTION('Vector Direction',(0.,0.,-1.)) ;
#4738=DIRECTION('Axis2P3D Direction',(-0.,0.,-1.)) ;
#4739=DIRECTION('Axis2P3D XDirection',(0.486210159886,0.873841908141,0.)) ;
#4743=DIRECTION('Vector Direction',(0.,0.,-1.)) ;
#4756=DIRECTION('Axis2P3D Direction',(-0.,0.,-1.)) ;
#4757=DIRECTION('Axis2P3D XDirection',(-0.611009785543,-0.791623042849,0.)) ;
#4761=DIRECTION('Vector Direction',(0.,0.,-1.)) ;
#4774=DIRECTION('Axis2P3D Direction',(-0.707106781187,-0.707106781187,0.)) ;
#4775=DIRECTION('Axis2P3D XDirection',(0.,0.,1.)) ;
#4779=DIRECTION('Vector Direction',(0.,0.,-1.)) ;
#4792=DIRECTION('Axis2P3D Direction',(0.,0.,-1.)) ;
#4793=DIRECTION('Axis2P3D XDirection',(-0.624061085753,0.78137555711,0.)) ;
#4797=DIRECTION('Vector Direction',(0.,0.,-1.)) ;
#4810=DIRECTION('Axis2P3D Direction',(0.,0.,-1.)) ;
#4811=DIRECTION('Axis2P3D XDirection',(0.624061085753,-0.78137555711,0.)) ;
#4815=DIRECTION('Vector Direction',(0.,0.,-1.)) ;
#4828=DIRECTION('Axis2P3D Direction',(0.,1.,0.)) ;
#4829=DIRECTION('Axis2P3D XDirection',(0.,0.,1.)) ;
#4833=DIRECTION('Vector Direction',(0.,0.,-1.)) ;
#4846=DIRECTION('Axis2P3D Direction',(-1.,0.,0.)) ;
#4847=DIRECTION('Axis2P3D XDirection',(0.,0.,1.)) ;
#4851=DIRECTION('Vector Direction',(0.,0.,-1.)) ;
#4864=DIRECTION('Axis2P3D Direction',(0.,-1.,0.)) ;
#4865=DIRECTION('Axis2P3D XDirection',(0.,0.,-1.)) ;
#4869=DIRECTION('Vector Direction',(0.,0.,-1.)) ;
#4882=DIRECTION('Axis2P3D Direction',(-1.,0.,0.)) ;
#4883=DIRECTION('Axis2P3D XDirection',(0.,0.,1.)) ;
#4887=DIRECTION('Vector Direction',(0.,0.,-1.)) ;
#4900=DIRECTION('Axis2P3D Direction',(0.,1.,0.)) ;
#4901=DIRECTION('Axis2P3D XDirection',(0.,0.,1.)) ;
#4905=DIRECTION('Vector Direction',(0.,0.,-1.)) ;
#4918=DIRECTION('Axis2P3D Direction',(-1.,0.,0.)) ;
#4919=DIRECTION('Axis2P3D XDirection',(0.,0.,1.)) ;
#4923=DIRECTION('Vector Direction',(0.,0.,-1.)) ;
#4936=DIRECTION('Axis2P3D Direction',(0.,-1.,0.)) ;
#4937=DIRECTION('Axis2P3D XDirection',(0.,0.,-1.)) ;
#4941=DIRECTION('Vector Direction',(0.,0.,-1.)) ;
#4954=DIRECTION('Axis2P3D Direction',(-1.,0.,0.)) ;
#4955=DIRECTION('Axis2P3D XDirection',(0.,0.,1.)) ;
#4959=DIRECTION('Vector Direction',(0.,0.,-1.)) ;
#4972=DIRECTION('Axis2P3D Direction',(0.,1.,0.)) ;
#4973=DIRECTION('Axis2P3D XDirection',(0.,0.,1.)) ;
#4977=DIRECTION('Vector Direction',(0.,0.,-1.)) ;
#4990=DIRECTION('Axis2P3D Direction',(-1.,0.,0.)) ;
#4991=DIRECTION('Axis2P3D XDirection',(0.,0.,1.)) ;
#4995=DIRECTION('Vector Direction',(0.,0.,-1.)) ;
#5008=DIRECTION('Axis2P3D Direction',(0.,-1.,0.)) ;
#5009=DIRECTION('Axis2P3D XDirection',(0.,0.,-1.)) ;
#5013=DIRECTION('Vector Direction',(0.,0.,-1.)) ;
#5026=DIRECTION('Axis2P3D Direction',(-1.,0.,0.)) ;
#5027=DIRECTION('Axis2P3D XDirection',(0.,0.,1.)) ;
#5031=DIRECTION('Vector Direction',(0.,0.,-1.)) ;
#5044=DIRECTION('Axis2P3D Direction',(0.,1.,0.)) ;
#5045=DIRECTION('Axis2P3D XDirection',(0.,0.,1.)) ;
#5049=DIRECTION('Vector Direction',(0.,0.,-1.)) ;
#5062=DIRECTION('Axis2P3D Direction',(-1.,0.,0.)) ;
#5063=DIRECTION('Axis2P3D XDirection',(0.,0.,1.)) ;
#5067=DIRECTION('Vector Direction',(0.,0.,-1.)) ;
#5080=DIRECTION('Axis2P3D Direction',(0.,-1.,0.)) ;
#5081=DIRECTION('Axis2P3D XDirection',(0.,0.,-1.)) ;
#5085=DIRECTION('Vector Direction',(0.,0.,-1.)) ;
#5098=DIRECTION('Axis2P3D Direction',(-1.,0.,0.)) ;
#5099=DIRECTION('Axis2P3D XDirection',(0.,0.,1.)) ;
#5103=DIRECTION('Vector Direction',(0.,0.,-1.)) ;
#5116=DIRECTION('Axis2P3D Direction',(0.,1.,0.)) ;
#5117=DIRECTION('Axis2P3D XDirection',(0.,0.,1.)) ;
#5121=DIRECTION('Vector Direction',(0.,0.,-1.)) ;
#5134=DIRECTION('Axis2P3D Direction',(-1.,0.,0.)) ;
#5135=DIRECTION('Axis2P3D XDirection',(0.,0.,1.)) ;
#5139=DIRECTION('Vector Direction',(0.,0.,-1.)) ;
#5152=DIRECTION('Axis2P3D Direction',(0.,-1.,0.)) ;
#5153=DIRECTION('Axis2P3D XDirection',(0.,0.,-1.)) ;
#5157=DIRECTION('Vector Direction',(0.,0.,-1.)) ;
#5170=DIRECTION('Axis2P3D Direction',(-1.,0.,0.)) ;
#5171=DIRECTION('Axis2P3D XDirection',(0.,0.,1.)) ;
#5175=DIRECTION('Vector Direction',(0.,0.,-1.)) ;
#5188=DIRECTION('Axis2P3D Direction',(0.,1.,0.)) ;
#5189=DIRECTION('Axis2P3D XDirection',(0.,0.,1.)) ;
#5193=DIRECTION('Vector Direction',(0.,0.,-1.)) ;
#5206=DIRECTION('Axis2P3D Direction',(-1.,0.,0.)) ;
#5207=DIRECTION('Axis2P3D XDirection',(0.,0.,1.)) ;
#5211=DIRECTION('Vector Direction',(0.,0.,-1.)) ;
#5224=DIRECTION('Axis2P3D Direction',(0.,-1.,0.)) ;
#5225=DIRECTION('Axis2P3D XDirection',(0.,0.,-1.)) ;
#5229=DIRECTION('Vector Direction',(0.,0.,-1.)) ;
#5242=DIRECTION('Axis2P3D Direction',(-1.,0.,0.)) ;
#5243=DIRECTION('Axis2P3D XDirection',(0.,0.,1.)) ;
#5247=DIRECTION('Vector Direction',(0.,0.,-1.)) ;
#5260=DIRECTION('Axis2P3D Direction',(0.,1.,0.)) ;
#5261=DIRECTION('Axis2P3D XDirection',(0.,0.,1.)) ;
#5265=DIRECTION('Vector Direction',(0.,0.,-1.)) ;
#5278=DIRECTION('Axis2P3D Direction',(-1.,0.,0.)) ;
#5279=DIRECTION('Axis2P3D XDirection',(0.,0.,1.)) ;
#5283=DIRECTION('Vector Direction',(0.,0.,-1.)) ;
#5296=DIRECTION('Axis2P3D Direction',(0.,-1.,0.)) ;
#5297=DIRECTION('Axis2P3D XDirection',(0.,0.,-1.)) ;
#5301=DIRECTION('Vector Direction',(0.,0.,-1.)) ;
#5314=DIRECTION('Axis2P3D Direction',(-1.,0.,0.)) ;
#5315=DIRECTION('Axis2P3D XDirection',(0.,0.,1.)) ;
#5319=DIRECTION('Vector Direction',(0.,0.,-1.)) ;
#5332=DIRECTION('Axis2P3D Direction',(0.,1.,0.)) ;
#5333=DIRECTION('Axis2P3D XDirection',(0.,0.,1.)) ;
#5337=DIRECTION('Vector Direction',(0.,0.,-1.)) ;
#5350=DIRECTION('Axis2P3D Direction',(-1.,0.,0.)) ;
#5351=DIRECTION('Axis2P3D XDirection',(0.,0.,1.)) ;
#5355=DIRECTION('Vector Direction',(0.,0.,-1.)) ;
#5368=DIRECTION('Axis2P3D Direction',(0.,-1.,0.)) ;
#5369=DIRECTION('Axis2P3D XDirection',(0.,0.,-1.)) ;
#5373=DIRECTION('Vector Direction',(0.,0.,-1.)) ;
#5386=DIRECTION('Axis2P3D Direction',(-1.,0.,0.)) ;
#5387=DIRECTION('Axis2P3D XDirection',(0.,0.,1.)) ;
#5391=DIRECTION('Vector Direction',(0.,0.,-1.)) ;
#5404=DIRECTION('Axis2P3D Direction',(0.,1.,0.)) ;
#5405=DIRECTION('Axis2P3D XDirection',(0.,0.,1.)) ;
#5409=DIRECTION('Vector Direction',(0.,0.,-1.)) ;
#5422=DIRECTION('Axis2P3D Direction',(-1.,0.,0.)) ;
#5423=DIRECTION('Axis2P3D XDirection',(0.,0.,1.)) ;
#5427=DIRECTION('Vector Direction',(0.,0.,-1.)) ;
#5440=DIRECTION('Axis2P3D Direction',(0.,-1.,0.)) ;
#5441=DIRECTION('Axis2P3D XDirection',(0.,0.,-1.)) ;
#5445=DIRECTION('Vector Direction',(0.,0.,-1.)) ;
#5458=DIRECTION('Axis2P3D Direction',(-1.,0.,0.)) ;
#5459=DIRECTION('Axis2P3D XDirection',(0.,0.,1.)) ;
#5463=DIRECTION('Vector Direction',(0.,0.,-1.)) ;
#5476=DIRECTION('Axis2P3D Direction',(0.,1.,0.)) ;
#5477=DIRECTION('Axis2P3D XDirection',(0.,0.,1.)) ;
#5481=DIRECTION('Vector Direction',(0.,0.,-1.)) ;
#5494=DIRECTION('Axis2P3D Direction',(-1.,0.,0.)) ;
#5495=DIRECTION('Axis2P3D XDirection',(0.,0.,1.)) ;
#5499=DIRECTION('Vector Direction',(0.,0.,-1.)) ;
#5512=DIRECTION('Axis2P3D Direction',(0.,-1.,0.)) ;
#5513=DIRECTION('Axis2P3D XDirection',(0.,0.,-1.)) ;
#5517=DIRECTION('Vector Direction',(0.,0.,-1.)) ;
#5530=DIRECTION('Axis2P3D Direction',(-1.,0.,0.)) ;
#5531=DIRECTION('Axis2P3D XDirection',(0.,0.,1.)) ;
#5535=DIRECTION('Vector Direction',(0.,0.,-1.)) ;
#5548=DIRECTION('Axis2P3D Direction',(0.,1.,0.)) ;
#5549=DIRECTION('Axis2P3D XDirection',(0.,0.,1.)) ;
#5553=DIRECTION('Vector Direction',(0.,0.,-1.)) ;
#5566=DIRECTION('Axis2P3D Direction',(-1.,0.,0.)) ;
#5567=DIRECTION('Axis2P3D XDirection',(0.,0.,1.)) ;
#5571=DIRECTION('Vector Direction',(0.,0.,-1.)) ;
#5584=DIRECTION('Axis2P3D Direction',(0.,-1.,0.)) ;
#5585=DIRECTION('Axis2P3D XDirection',(0.,0.,-1.)) ;
#5589=DIRECTION('Vector Direction',(0.,0.,-1.)) ;
#5602=DIRECTION('Axis2P3D Direction',(-0.,0.,-1.)) ;
#5603=DIRECTION('Axis2P3D XDirection',(0.892977390047,0.450101522843,0.)) ;
#5607=DIRECTION('Vector Direction',(0.,0.,-1.)) ;
#5620=DIRECTION('Axis2P3D Direction',(-0.,0.,-1.)) ;
#5621=DIRECTION('Axis2P3D XDirection',(-0.737094693549,-0.675789473684,0.)) ;
#5625=DIRECTION('Vector Direction',(0.,0.,-1.)) ;
#5638=DIRECTION('Axis2P3D Direction',(-0.,0.,-1.)) ;
#5639=DIRECTION('Axis2P3D XDirection',(0.737094693549,0.675789473684,0.)) ;
#5643=DIRECTION('Vector Direction',(0.,0.,-1.)) ;
#5656=DIRECTION('Axis2P3D Direction',(1.144554E-013,-1.,0.)) ;
#5657=DIRECTION('Axis2P3D XDirection',(0.,0.,-1.)) ;
#5661=DIRECTION('Vector Direction',(0.,0.,-1.)) ;
#5674=DIRECTION('Axis2P3D Direction',(0.,0.,-1.)) ;
#5675=DIRECTION('Axis2P3D XDirection',(-1.,0.,0.)) ;
#5679=DIRECTION('Vector Direction',(0.,0.,-1.)) ;
#5692=DIRECTION('Axis2P3D Direction',(-1.,0.,0.)) ;
#5693=DIRECTION('Axis2P3D XDirection',(0.,0.,1.)) ;
#5697=DIRECTION('Vector Direction',(0.,0.,1.)) ;
#5710=DIRECTION('Axis2P3D Direction',(0.,0.,-1.)) ;
#5711=DIRECTION('Axis2P3D XDirection',(-1.22464679915E-016,1.,-0.)) ;
#5715=DIRECTION('Vector Direction',(0.,0.,-1.)) ;
#5728=DIRECTION('Axis2P3D Direction',(0.,1.,0.)) ;
#5729=DIRECTION('Axis2P3D XDirection',(0.,0.,1.)) ;
#5733=DIRECTION('Vector Direction',(0.,0.,-1.)) ;
#5746=DIRECTION('Axis2P3D Direction',(-0.,0.,-1.)) ;
#5747=DIRECTION('Axis2P3D XDirection',(0.893256438657,0.449547477802,0.)) ;
#5751=DIRECTION('Vector Direction',(0.,0.,-1.)) ;
#5764=DIRECTION('Axis2P3D Direction',(-0.,0.,-1.)) ;
#5765=DIRECTION('Axis2P3D XDirection',(-0.893256438657,-0.449547477802,0.)) ;
#5769=DIRECTION('Vector Direction',(0.,0.,-1.)) ;
#5782=DIRECTION('Axis2P3D Direction',(-0.,0.,-1.)) ;
#5783=DIRECTION('Axis2P3D XDirection',(0.985603591069,0.169072650868,0.)) ;
#5787=DIRECTION('Vector Direction',(0.,0.,-1.)) ;
#5800=DIRECTION('Axis2P3D Direction',(-0.,0.,-1.)) ;
#5801=DIRECTION('Axis2P3D XDirection',(-0.985603591069,-0.169072650868,0.)) ;
#5805=DIRECTION('Vector Direction',(0.,0.,-1.)) ;
#5818=DIRECTION('Axis2P3D Direction',(0.,0.,-1.)) ;
#5819=DIRECTION('Axis2P3D XDirection',(-1.22464679915E-016,1.,-0.)) ;
#5823=DIRECTION('Vector Direction',(0.,0.,-1.)) ;
#5836=DIRECTION('Axis2P3D Direction',(0.,0.,-1.)) ;
#5837=DIRECTION('Axis2P3D XDirection',(0.,-1.,0.)) ;
#5841=DIRECTION('Vector Direction',(0.,0.,-1.)) ;
#5854=DIRECTION('Axis2P3D Direction',(0.,0.,-1.)) ;
#5855=DIRECTION('Axis2P3D XDirection',(0.274097037794,-0.961702040069,0.)) ;
#5859=DIRECTION('Vector Direction',(0.,0.,-1.)) ;
#5872=DIRECTION('Axis2P3D Direction',(0.,0.,-1.)) ;
#5873=DIRECTION('Axis2P3D XDirection',(-0.169072650868,0.985603591069,-0.)) ;
#5877=DIRECTION('Vector Direction',(0.,0.,-1.)) ;
#5890=DIRECTION('Axis2P3D Direction',(0.,0.,-1.)) ;
#5891=DIRECTION('Axis2P3D XDirection',(0.169072650869,-0.985603591069,0.)) ;
#5895=DIRECTION('Vector Direction',(0.,0.,-1.)) ;
#5908=DIRECTION('Axis2P3D Direction',(0.,0.,-1.)) ;
#5909=DIRECTION('Axis2P3D XDirection',(-1.,-1.22464679915E-016,0.)) ;
#5913=DIRECTION('Vector Direction',(0.,0.,-1.)) ;
#5926=DIRECTION('Axis2P3D Direction',(0.,0.,-1.)) ;
#5927=DIRECTION('Axis2P3D XDirection',(1.,0.,0.)) ;
#5931=DIRECTION('Vector Direction',(0.,0.,-1.)) ;
#5944=DIRECTION('Axis2P3D Direction',(0.,0.,-1.)) ;
#5945=DIRECTION('Axis2P3D XDirection',(0.961702040069,0.274097037794,0.)) ;
#5949=DIRECTION('Vector Direction',(0.,0.,-1.)) ;
#5962=DIRECTION('Axis2P3D Direction',(0.,0.,-1.)) ;
#5963=DIRECTION('Axis2P3D XDirection',(-0.985603591069,-0.169072650868,0.)) ;
#5967=DIRECTION('Vector Direction',(0.,0.,-1.)) ;
#5980=DIRECTION('Axis2P3D Direction',(0.,0.,-1.)) ;
#5981=DIRECTION('Axis2P3D XDirection',(0.985603591069,0.169072650868,0.)) ;
#5985=DIRECTION('Vector Direction',(0.,0.,-1.)) ;
#5998=DIRECTION('Axis2P3D Direction',(0.,0.,-1.)) ;
#5999=DIRECTION('Axis2P3D XDirection',(1.22464679915E-016,-1.,0.)) ;
#6003=DIRECTION('Vector Direction',(0.,0.,-1.)) ;
#6016=DIRECTION('Axis2P3D Direction',(0.,0.,-1.)) ;
#6017=DIRECTION('Axis2P3D XDirection',(0.,1.,0.)) ;
#6021=DIRECTION('Vector Direction',(0.,0.,-1.)) ;
#6034=DIRECTION('Axis2P3D Direction',(0.,0.,-1.)) ;
#6035=DIRECTION('Axis2P3D XDirection',(-0.274097037794,0.961702040069,0.)) ;
#6039=DIRECTION('Vector Direction',(0.,0.,-1.)) ;
#6052=DIRECTION('Axis2P3D Direction',(0.,0.,-1.)) ;
#6053=DIRECTION('Axis2P3D XDirection',(1.22464679915E-016,-1.,0.)) ;
#6057=DIRECTION('Vector Direction',(0.,0.,-1.)) ;
#6070=DIRECTION('Axis2P3D Direction',(0.,-1.,0.)) ;
#6071=DIRECTION('Axis2P3D XDirection',(0.,0.,-1.)) ;
#6075=DIRECTION('Vector Direction',(0.,0.,-1.)) ;
#6088=DIRECTION('Axis2P3D Direction',(0.,0.,-1.)) ;
#6089=DIRECTION('Axis2P3D XDirection',(-1.,-1.22464679915E-016,0.)) ;
#6093=DIRECTION('Vector Direction',(0.,0.,-1.)) ;
#6106=DIRECTION('Axis2P3D Direction',(-1.,0.,0.)) ;
#6107=DIRECTION('Axis2P3D XDirection',(0.,0.,1.)) ;
#6111=DIRECTION('Vector Direction',(0.,0.,-1.)) ;
#6124=DIRECTION('Axis2P3D Direction',(0.,0.,-1.)) ;
#6125=DIRECTION('Axis2P3D XDirection',(1.22464679915E-016,-1.,0.)) ;
#6129=DIRECTION('Vector Direction',(0.,0.,-1.)) ;
#6142=DIRECTION('Axis2P3D Direction',(0.,-1.,0.)) ;
#6143=DIRECTION('Axis2P3D XDirection',(0.,0.,-1.)) ;
#6147=DIRECTION('Vector Direction',(0.,0.,1.)) ;
#6160=DIRECTION('Axis2P3D Direction',(0.,0.,1.)) ;
#6161=DIRECTION('Axis2P3D XDirection',(-1.,0.,0.)) ;
#6165=DIRECTION('Vector Direction',(0.,0.,1.)) ;
#6178=DIRECTION('Axis2P3D Direction',(-1.,0.,0.)) ;
#6179=DIRECTION('Axis2P3D XDirection',(0.,0.,1.)) ;
#6183=DIRECTION('Vector Direction',(0.,0.,1.)) ;
#6196=DIRECTION('Axis2P3D Direction',(0.,0.,1.)) ;
#6197=DIRECTION('Axis2P3D XDirection',(1.1830133532E-013,-1.,0.)) ;
#6201=DIRECTION('Vector Direction',(0.,0.,1.)) ;
#6214=DIRECTION('Axis2P3D Direction',(-1.,0.,0.)) ;
#6215=DIRECTION('Axis2P3D XDirection',(0.,0.,1.)) ;
#6219=DIRECTION('Vector Direction',(0.,0.,1.)) ;
#6232=DIRECTION('Axis2P3D Direction',(0.,-0.,1.)) ;
#6233=DIRECTION('Axis2P3D XDirection',(-2.3697006468E-013,-1.,0.)) ;
#6237=DIRECTION('Vector Direction',(0.,0.,1.)) ;
#6250=DIRECTION('Axis2P3D Direction',(-1.,0.,0.)) ;
#6251=DIRECTION('Axis2P3D XDirection',(0.,0.,1.)) ;
#6255=DIRECTION('Vector Direction',(0.,0.,1.)) ;
#6268=DIRECTION('Axis2P3D Direction',(0.,-0.,1.)) ;
#6269=DIRECTION('Axis2P3D XDirection',(-2.9618196468E-013,-1.,0.)) ;
#6273=DIRECTION('Vector Direction',(0.,0.,1.)) ;
#6286=DIRECTION('Axis2P3D Direction',(-1.,0.,0.)) ;
#6287=DIRECTION('Axis2P3D XDirection',(0.,0.,1.)) ;
#6291=DIRECTION('Vector Direction',(0.,0.,1.)) ;
#6304=DIRECTION('Axis2P3D Direction',(0.,-0.,1.)) ;
#6305=DIRECTION('Axis2P3D XDirection',(-2.9618196468E-013,-1.,0.)) ;
#6309=DIRECTION('Vector Direction',(0.,0.,1.)) ;
#6322=DIRECTION('Axis2P3D Direction',(-1.,0.,0.)) ;
#6323=DIRECTION('Axis2P3D XDirection',(0.,0.,1.)) ;
#6327=DIRECTION('Vector Direction',(0.,0.,1.)) ;
#6340=DIRECTION('Axis2P3D Direction',(0.,-0.,1.)) ;
#6341=DIRECTION('Axis2P3D XDirection',(-2.9618196468E-013,-1.,0.)) ;
#6345=DIRECTION('Vector Direction',(0.,0.,1.)) ;
#6358=DIRECTION('Axis2P3D Direction',(-1.,0.,0.)) ;
#6359=DIRECTION('Axis2P3D XDirection',(0.,0.,1.)) ;
#6363=DIRECTION('Vector Direction',(0.,0.,1.)) ;
#6376=DIRECTION('Axis2P3D Direction',(0.,-0.,1.)) ;
#6377=DIRECTION('Axis2P3D XDirection',(-2.3697006468E-013,-1.,0.)) ;
#6381=DIRECTION('Vector Direction',(0.,0.,1.)) ;
#6394=DIRECTION('Axis2P3D Direction',(-1.,0.,0.)) ;
#6395=DIRECTION('Axis2P3D XDirection',(0.,0.,1.)) ;
#6399=DIRECTION('Vector Direction',(0.,0.,1.)) ;
#6412=DIRECTION('Axis2P3D Direction',(0.,-0.,1.)) ;
#6413=DIRECTION('Axis2P3D XDirection',(0.,1.,0.)) ;
#6417=DIRECTION('Vector Direction',(0.,0.,1.)) ;
#6430=DIRECTION('Axis2P3D Direction',(0.,1.,0.)) ;
#6431=DIRECTION('Axis2P3D XDirection',(0.,0.,1.)) ;
#6435=DIRECTION('Vector Direction',(0.,0.,1.)) ;
#6448=DIRECTION('Axis2P3D Direction',(0.,0.,1.)) ;
#6449=DIRECTION('Axis2P3D XDirection',(-1.,1.22464679915E-016,0.)) ;
#6453=DIRECTION('Vector Direction',(0.,0.,1.)) ;
#6466=DIRECTION('Axis2P3D Direction',(0.,1.,0.)) ;
#6467=DIRECTION('Axis2P3D XDirection',(0.,0.,1.)) ;
#6471=DIRECTION('Vector Direction',(0.,0.,1.)) ;
#6484=DIRECTION('Axis2P3D Direction',(0.,0.,1.)) ;
#6485=DIRECTION('Axis2P3D XDirection',(-1.,1.22464679915E-016,0.)) ;
#6489=DIRECTION('Vector Direction',(0.,0.,1.)) ;
#6502=DIRECTION('Axis2P3D Direction',(0.,1.,0.)) ;
#6503=DIRECTION('Axis2P3D XDirection',(0.,0.,1.)) ;
#6507=DIRECTION('Vector Direction',(0.,0.,1.)) ;
#6520=DIRECTION('Axis2P3D Direction',(0.,0.,1.)) ;
#6521=DIRECTION('Axis2P3D XDirection',(1.,0.,0.)) ;
#6525=DIRECTION('Vector Direction',(0.,0.,1.)) ;
#6538=DIRECTION('Axis2P3D Direction',(1.,0.,0.)) ;
#6539=DIRECTION('Axis2P3D XDirection',(0.,0.,-1.)) ;
#6543=DIRECTION('Vector Direction',(0.,0.,1.)) ;
#6556=DIRECTION('Axis2P3D Direction',(0.,0.,1.)) ;
#6557=DIRECTION('Axis2P3D XDirection',(2.3697006468E-013,1.,0.)) ;
#6561=DIRECTION('Vector Direction',(0.,0.,1.)) ;
#6574=DIRECTION('Axis2P3D Direction',(1.,0.,0.)) ;
#6575=DIRECTION('Axis2P3D XDirection',(0.,0.,-1.)) ;
#6579=DIRECTION('Vector Direction',(0.,0.,1.)) ;
#6592=DIRECTION('Axis2P3D Direction',(0.,0.,1.)) ;
#6593=DIRECTION('Axis2P3D XDirection',(2.3697006468E-013,1.,0.)) ;
#6597=DIRECTION('Vector Direction',(0.,0.,1.)) ;
#6610=DIRECTION('Axis2P3D Direction',(1.,0.,0.)) ;
#6611=DIRECTION('Axis2P3D XDirection',(0.,0.,-1.)) ;
#6615=DIRECTION('Vector Direction',(0.,0.,1.)) ;
#6628=DIRECTION('Axis2P3D Direction',(0.,0.,1.)) ;
#6629=DIRECTION('Axis2P3D XDirection',(2.9618196468E-013,1.,0.)) ;
#6633=DIRECTION('Vector Direction',(0.,0.,1.)) ;
#6646=DIRECTION('Axis2P3D Direction',(1.,0.,0.)) ;
#6647=DIRECTION('Axis2P3D XDirection',(0.,0.,-1.)) ;
#6651=DIRECTION('Vector Direction',(0.,0.,1.)) ;
#6664=DIRECTION('Axis2P3D Direction',(0.,0.,1.)) ;
#6665=DIRECTION('Axis2P3D XDirection',(2.9618196468E-013,1.,0.)) ;
#6669=DIRECTION('Vector Direction',(0.,0.,1.)) ;
#6682=DIRECTION('Axis2P3D Direction',(1.,0.,0.)) ;
#6683=DIRECTION('Axis2P3D XDirection',(0.,0.,-1.)) ;
#6687=DIRECTION('Vector Direction',(0.,0.,1.)) ;
#6700=DIRECTION('Axis2P3D Direction',(0.,0.,1.)) ;
#6701=DIRECTION('Axis2P3D XDirection',(2.9618196468E-013,1.,0.)) ;
#6705=DIRECTION('Vector Direction',(0.,0.,1.)) ;
#6718=DIRECTION('Axis2P3D Direction',(1.,0.,0.)) ;
#6719=DIRECTION('Axis2P3D XDirection',(0.,0.,-1.)) ;
#6723=DIRECTION('Vector Direction',(0.,0.,1.)) ;
#6736=DIRECTION('Axis2P3D Direction',(0.,0.,1.)) ;
#6737=DIRECTION('Axis2P3D XDirection',(2.3697006468E-013,1.,0.)) ;
#6741=DIRECTION('Vector Direction',(0.,0.,1.)) ;
#6754=DIRECTION('Axis2P3D Direction',(1.,0.,0.)) ;
#6755=DIRECTION('Axis2P3D XDirection',(0.,0.,-1.)) ;
#6759=DIRECTION('Vector Direction',(0.,0.,1.)) ;
#6772=DIRECTION('Axis2P3D Direction',(0.,0.,1.)) ;
#6773=DIRECTION('Axis2P3D XDirection',(0.,-1.,0.)) ;
#6777=DIRECTION('Vector Direction',(0.,0.,1.)) ;
#6790=DIRECTION('Axis2P3D Direction',(0.,-1.,0.)) ;
#6791=DIRECTION('Axis2P3D XDirection',(0.,0.,-1.)) ;
#6795=DIRECTION('Vector Direction',(0.,0.,-1.)) ;
#6808=DIRECTION('Axis2P3D Direction',(0.,0.,-1.)) ;
#6809=DIRECTION('Axis2P3D XDirection',(-1.,0.,0.)) ;
#6813=DIRECTION('Vector Direction',(0.,0.,-1.)) ;
#6826=DIRECTION('Axis2P3D Direction',(1.,0.,0.)) ;
#6827=DIRECTION('Axis2P3D XDirection',(0.,0.,-1.)) ;
#6831=DIRECTION('Vector Direction',(0.,0.,1.)) ;
#6844=DIRECTION('Axis2P3D Direction',(0.,0.,-1.)) ;
#6845=DIRECTION('Axis2P3D XDirection',(0.,-1.,0.)) ;
#6849=DIRECTION('Vector Direction',(0.,0.,-1.)) ;
#6862=DIRECTION('Axis2P3D Direction',(0.,-1.,0.)) ;
#6863=DIRECTION('Axis2P3D XDirection',(0.,0.,-1.)) ;
#6867=DIRECTION('Vector Direction',(0.,0.,-1.)) ;
#6880=DIRECTION('Axis2P3D Direction',(-0.,0.,-1.)) ;
#6881=DIRECTION('Axis2P3D XDirection',(-0.630367794943,-0.776296620564,0.)) ;
#6885=DIRECTION('Vector Direction',(0.,0.,-1.)) ;
#6898=DIRECTION('Axis2P3D Direction',(-0.,0.,-1.)) ;
#6899=DIRECTION('Axis2P3D XDirection',(0.630367794943,0.776296620564,0.)) ;
#6903=DIRECTION('Vector Direction',(0.,0.,-1.)) ;
#6916=DIRECTION('Axis2P3D Direction',(0.,0.,-1.)) ;
#6917=DIRECTION('Axis2P3D XDirection',(0.,-1.,0.)) ;
#6921=DIRECTION('Vector Direction',(0.,0.,-1.)) ;
#6934=DIRECTION('Axis2P3D Direction',(0.,0.,-1.)) ;
#6935=DIRECTION('Axis2P3D XDirection',(-1.22464679915E-016,1.,-0.)) ;
#6939=DIRECTION('Vector Direction',(0.,0.,-1.)) ;
#6952=DIRECTION('Axis2P3D Direction',(0.,0.,-1.)) ;
#6953=DIRECTION('Axis2P3D XDirection',(-0.274097037794,0.961702040069,-0.)) ;
#6957=DIRECTION('Vector Direction',(0.,0.,-1.)) ;
#6970=DIRECTION('Axis2P3D Direction',(0.,0.,-1.)) ;
#6971=DIRECTION('Axis2P3D XDirection',(0.169072650868,-0.985603591069,0.)) ;
#6975=DIRECTION('Vector Direction',(0.,0.,-1.)) ;
#6988=DIRECTION('Axis2P3D Direction',(0.,0.,-1.)) ;
#6989=DIRECTION('Axis2P3D XDirection',(-0.169072650869,0.985603591069,-0.)) ;
#6993=DIRECTION('Vector Direction',(0.,0.,-1.)) ;
#7006=DIRECTION('Axis2P3D Direction',(0.,0.,-1.)) ;
#7007=DIRECTION('Axis2P3D XDirection',(1.,0.,0.)) ;
#7011=DIRECTION('Vector Direction',(0.,0.,-1.)) ;
#7024=DIRECTION('Axis2P3D Direction',(0.,0.,-1.)) ;
#7025=DIRECTION('Axis2P3D XDirection',(-1.,-1.22464679915E-016,0.)) ;
#7029=DIRECTION('Vector Direction',(0.,0.,-1.)) ;
#7042=DIRECTION('Axis2P3D Direction',(0.,0.,-1.)) ;
#7043=DIRECTION('Axis2P3D XDirection',(-0.961702040069,-0.274097037794,0.)) ;
#7047=DIRECTION('Vector Direction',(0.,0.,-1.)) ;
#7060=DIRECTION('Axis2P3D Direction',(0.,0.,-1.)) ;
#7061=DIRECTION('Axis2P3D XDirection',(0.985603591069,0.169072650868,0.)) ;
#7065=DIRECTION('Vector Direction',(0.,0.,-1.)) ;
#7078=DIRECTION('Axis2P3D Direction',(0.,0.,-1.)) ;
#7079=DIRECTION('Axis2P3D XDirection',(-0.985603591069,-0.169072650868,0.)) ;
#7083=DIRECTION('Vector Direction',(0.,0.,-1.)) ;
#7096=DIRECTION('Axis2P3D Direction',(0.,0.,-1.)) ;
#7097=DIRECTION('Axis2P3D XDirection',(0.,1.,0.)) ;
#7101=DIRECTION('Vector Direction',(0.,0.,-1.)) ;
#7114=DIRECTION('Axis2P3D Direction',(0.,0.,-1.)) ;
#7115=DIRECTION('Axis2P3D XDirection',(1.22464679915E-016,-1.,0.)) ;
#7119=DIRECTION('Vector Direction',(0.,0.,-1.)) ;
#7132=DIRECTION('Axis2P3D Direction',(0.,0.,-1.)) ;
#7133=DIRECTION('Axis2P3D XDirection',(0.274097037794,-0.961702040069,0.)) ;
#7137=DIRECTION('Vector Direction',(0.,0.,-1.)) ;
#7150=DIRECTION('Axis2P3D Direction',(0.,0.,-1.)) ;
#7151=DIRECTION('Axis2P3D XDirection',(-0.169072650868,0.985603591069,0.)) ;
#7155=DIRECTION('Vector Direction',(0.,0.,-1.)) ;
#7168=DIRECTION('Axis2P3D Direction',(0.,0.,-1.)) ;
#7169=DIRECTION('Axis2P3D XDirection',(0.169072650869,-0.985603591069,0.)) ;
#7173=DIRECTION('Vector Direction',(0.,0.,-1.)) ;
#7186=DIRECTION('Axis2P3D Direction',(0.,0.,-1.)) ;
#7187=DIRECTION('Axis2P3D XDirection',(0.,1.,0.)) ;
#7191=DIRECTION('Vector Direction',(0.,0.,-1.)) ;
#7204=DIRECTION('Axis2P3D Direction',(0.,1.,0.)) ;
#7205=DIRECTION('Axis2P3D XDirection',(0.,0.,1.)) ;
#7209=DIRECTION('Vector Direction',(0.,0.,-1.)) ;
#7222=DIRECTION('Axis2P3D Direction',(0.,0.,-1.)) ;
#7223=DIRECTION('Axis2P3D XDirection',(1.,0.,0.)) ;
#7227=DIRECTION('Vector Direction',(0.,0.,-1.)) ;
#7240=DIRECTION('Axis2P3D Direction',(1.,0.,0.)) ;
#7241=DIRECTION('Axis2P3D XDirection',(0.,0.,-1.)) ;
#7245=DIRECTION('Vector Direction',(0.,0.,1.)) ;
#7258=DIRECTION('Axis2P3D Direction',(0.,0.,-1.)) ;
#7259=DIRECTION('Axis2P3D XDirection',(0.,-1.,0.)) ;
#7263=DIRECTION('Vector Direction',(0.,0.,-1.)) ;
#7276=DIRECTION('Axis2P3D Direction',(-1.144554E-013,-1.,-0.)) ;
#7277=DIRECTION('Axis2P3D XDirection',(0.,0.,-1.)) ;
#7281=DIRECTION('Vector Direction',(0.,0.,-1.)) ;
#7294=DIRECTION('Axis2P3D Direction',(0.,0.,-1.)) ;
#7295=DIRECTION('Axis2P3D XDirection',(-1.22464679915E-016,1.,-0.)) ;
#7299=DIRECTION('Vector Direction',(0.,0.,-1.)) ;
#7312=DIRECTION('Axis2P3D Direction',(0.,0.,-1.)) ;
#7313=DIRECTION('Axis2P3D XDirection',(0.199325310278,-0.979933375635,0.)) ;
#7317=DIRECTION('Vector Direction',(0.,0.,-1.)) ;
#7330=DIRECTION('Axis2P3D Direction',(0.,0.,-1.)) ;
#7331=DIRECTION('Axis2P3D XDirection',(-0.199325310278,0.979933375635,-0.)) ;
#7335=DIRECTION('Vector Direction',(0.,0.,-1.)) ;
#7348=DIRECTION('Axis2P3D Direction',(0.,-1.,0.)) ;
#7349=DIRECTION('Axis2P3D XDirection',(0.,0.,-1.)) ;
#7353=DIRECTION('Vector Direction',(0.,0.,-1.)) ;
#7366=DIRECTION('Axis2P3D Direction',(1.,0.,0.)) ;
#7367=DIRECTION('Axis2P3D XDirection',(0.,0.,-1.)) ;
#7371=DIRECTION('Vector Direction',(0.,0.,-1.)) ;
#7384=DIRECTION('Axis2P3D Direction',(0.,1.,0.)) ;
#7385=DIRECTION('Axis2P3D XDirection',(0.,0.,1.)) ;
#7389=DIRECTION('Vector Direction',(0.,0.,-1.)) ;
#7402=DIRECTION('Axis2P3D Direction',(1.,0.,0.)) ;
#7403=DIRECTION('Axis2P3D XDirection',(0.,0.,-1.)) ;
#7407=DIRECTION('Vector Direction',(0.,0.,-1.)) ;
#7420=DIRECTION('Axis2P3D Direction',(0.,-1.,0.)) ;
#7421=DIRECTION('Axis2P3D XDirection',(0.,0.,-1.)) ;
#7425=DIRECTION('Vector Direction',(0.,0.,-1.)) ;
#7438=DIRECTION('Axis2P3D Direction',(1.,0.,0.)) ;
#7439=DIRECTION('Axis2P3D XDirection',(0.,0.,-1.)) ;
#7443=DIRECTION('Vector Direction',(0.,0.,-1.)) ;
#7456=DIRECTION('Axis2P3D Direction',(0.,1.,0.)) ;
#7457=DIRECTION('Axis2P3D XDirection',(0.,0.,1.)) ;
#7461=DIRECTION('Vector Direction',(0.,0.,-1.)) ;
#7474=DIRECTION('Axis2P3D Direction',(1.,0.,0.)) ;
#7475=DIRECTION('Axis2P3D XDirection',(0.,0.,-1.)) ;
#7479=DIRECTION('Vector Direction',(0.,0.,-1.)) ;
#7492=DIRECTION('Axis2P3D Direction',(0.,-1.,0.)) ;
#7493=DIRECTION('Axis2P3D XDirection',(0.,0.,-1.)) ;
#7497=DIRECTION('Vector Direction',(0.,0.,-1.)) ;
#7510=DIRECTION('Axis2P3D Direction',(1.,0.,0.)) ;
#7511=DIRECTION('Axis2P3D XDirection',(0.,0.,-1.)) ;
#7515=DIRECTION('Vector Direction',(0.,0.,-1.)) ;
#7528=DIRECTION('Axis2P3D Direction',(0.,1.,0.)) ;
#7529=DIRECTION('Axis2P3D XDirection',(0.,0.,1.)) ;
#7533=DIRECTION('Vector Direction',(0.,0.,-1.)) ;
#7546=DIRECTION('Axis2P3D Direction',(1.,0.,0.)) ;
#7547=DIRECTION('Axis2P3D XDirection',(0.,0.,-1.)) ;
#7551=DIRECTION('Vector Direction',(0.,0.,-1.)) ;
#7564=DIRECTION('Axis2P3D Direction',(0.,-1.,0.)) ;
#7565=DIRECTION('Axis2P3D XDirection',(0.,0.,-1.)) ;
#7569=DIRECTION('Vector Direction',(0.,0.,-1.)) ;
#7582=DIRECTION('Axis2P3D Direction',(1.,0.,0.)) ;
#7583=DIRECTION('Axis2P3D XDirection',(0.,0.,-1.)) ;
#7587=DIRECTION('Vector Direction',(0.,0.,-1.)) ;
#7600=DIRECTION('Axis2P3D Direction',(0.,1.,0.)) ;
#7601=DIRECTION('Axis2P3D XDirection',(0.,0.,1.)) ;
#7605=DIRECTION('Vector Direction',(0.,0.,-1.)) ;
#7618=DIRECTION('Axis2P3D Direction',(1.,0.,0.)) ;
#7619=DIRECTION('Axis2P3D XDirection',(0.,0.,-1.)) ;
#7623=DIRECTION('Vector Direction',(0.,0.,-1.)) ;
#7636=DIRECTION('Axis2P3D Direction',(0.,-1.,0.)) ;
#7637=DIRECTION('Axis2P3D XDirection',(0.,0.,-1.)) ;
#7641=DIRECTION('Vector Direction',(0.,0.,-1.)) ;
#7654=DIRECTION('Axis2P3D Direction',(1.,0.,0.)) ;
#7655=DIRECTION('Axis2P3D XDirection',(0.,0.,-1.)) ;
#7659=DIRECTION('Vector Direction',(0.,0.,-1.)) ;
#7672=DIRECTION('Axis2P3D Direction',(0.,1.,0.)) ;
#7673=DIRECTION('Axis2P3D XDirection',(0.,0.,1.)) ;
#7677=DIRECTION('Vector Direction',(0.,0.,-1.)) ;
#7690=DIRECTION('Axis2P3D Direction',(1.,0.,0.)) ;
#7691=DIRECTION('Axis2P3D XDirection',(0.,0.,-1.)) ;
#7695=DIRECTION('Vector Direction',(0.,0.,-1.)) ;
#7708=DIRECTION('Axis2P3D Direction',(0.,-1.,0.)) ;
#7709=DIRECTION('Axis2P3D XDirection',(0.,0.,-1.)) ;
#7713=DIRECTION('Vector Direction',(0.,0.,-1.)) ;
#7726=DIRECTION('Axis2P3D Direction',(1.,0.,0.)) ;
#7727=DIRECTION('Axis2P3D XDirection',(0.,0.,-1.)) ;
#7731=DIRECTION('Vector Direction',(0.,0.,-1.)) ;
#7744=DIRECTION('Axis2P3D Direction',(0.,1.,0.)) ;
#7745=DIRECTION('Axis2P3D XDirection',(0.,0.,1.)) ;
#7749=DIRECTION('Vector Direction',(0.,0.,-1.)) ;
#7762=DIRECTION('Axis2P3D Direction',(1.,0.,0.)) ;
#7763=DIRECTION('Axis2P3D XDirection',(0.,0.,-1.)) ;
#7767=DIRECTION('Vector Direction',(0.,0.,-1.)) ;
#7780=DIRECTION('Axis2P3D Direction',(0.,-1.,0.)) ;
#7781=DIRECTION('Axis2P3D XDirection',(0.,0.,-1.)) ;
#7785=DIRECTION('Vector Direction',(0.,0.,-1.)) ;
#7798=DIRECTION('Axis2P3D Direction',(1.,0.,0.)) ;
#7799=DIRECTION('Axis2P3D XDirection',(0.,0.,-1.)) ;
#7803=DIRECTION('Vector Direction',(0.,0.,-1.)) ;
#7816=DIRECTION('Axis2P3D Direction',(0.,1.,0.)) ;
#7817=DIRECTION('Axis2P3D XDirection',(0.,0.,1.)) ;
#7821=DIRECTION('Vector Direction',(0.,0.,-1.)) ;
#7834=DIRECTION('Axis2P3D Direction',(1.,0.,0.)) ;
#7835=DIRECTION('Axis2P3D XDirection',(0.,0.,-1.)) ;
#7839=DIRECTION('Vector Direction',(0.,0.,-1.)) ;
#7852=DIRECTION('Axis2P3D Direction',(0.,-1.,0.)) ;
#7853=DIRECTION('Axis2P3D XDirection',(0.,0.,-1.)) ;
#7857=DIRECTION('Vector Direction',(0.,0.,-1.)) ;
#7870=DIRECTION('Axis2P3D Direction',(1.,0.,0.)) ;
#7871=DIRECTION('Axis2P3D XDirection',(0.,0.,-1.)) ;
#7875=DIRECTION('Vector Direction',(0.,0.,-1.)) ;
#7888=DIRECTION('Axis2P3D Direction',(0.,1.,0.)) ;
#7889=DIRECTION('Axis2P3D XDirection',(0.,0.,1.)) ;
#7893=DIRECTION('Vector Direction',(0.,0.,-1.)) ;
#7906=DIRECTION('Axis2P3D Direction',(1.,0.,0.)) ;
#7907=DIRECTION('Axis2P3D XDirection',(0.,0.,-1.)) ;
#7911=DIRECTION('Vector Direction',(0.,0.,-1.)) ;
#7924=DIRECTION('Axis2P3D Direction',(0.,-1.,0.)) ;
#7925=DIRECTION('Axis2P3D XDirection',(0.,0.,-1.)) ;
#7929=DIRECTION('Vector Direction',(0.,0.,-1.)) ;
#7942=DIRECTION('Axis2P3D Direction',(1.,0.,0.)) ;
#7943=DIRECTION('Axis2P3D XDirection',(0.,0.,-1.)) ;
#7947=DIRECTION('Vector Direction',(0.,0.,-1.)) ;
#7960=DIRECTION('Axis2P3D Direction',(0.,1.,0.)) ;
#7961=DIRECTION('Axis2P3D XDirection',(0.,0.,1.)) ;
#7965=DIRECTION('Vector Direction',(0.,0.,-1.)) ;
#7978=DIRECTION('Axis2P3D Direction',(1.,0.,0.)) ;
#7979=DIRECTION('Axis2P3D XDirection',(0.,0.,-1.)) ;
#7983=DIRECTION('Vector Direction',(0.,0.,-1.)) ;
#7996=DIRECTION('Axis2P3D Direction',(0.,-1.,0.)) ;
#7997=DIRECTION('Axis2P3D XDirection',(0.,0.,-1.)) ;
#8001=DIRECTION('Vector Direction',(0.,0.,-1.)) ;
#8014=DIRECTION('Axis2P3D Direction',(1.,0.,0.)) ;
#8015=DIRECTION('Axis2P3D XDirection',(0.,0.,-1.)) ;
#8019=DIRECTION('Vector Direction',(0.,0.,-1.)) ;
#8032=DIRECTION('Axis2P3D Direction',(0.,1.,0.)) ;
#8033=DIRECTION('Axis2P3D XDirection',(0.,0.,1.)) ;
#8037=DIRECTION('Vector Direction',(0.,0.,-1.)) ;
#8050=DIRECTION('Axis2P3D Direction',(1.,0.,0.)) ;
#8051=DIRECTION('Axis2P3D XDirection',(0.,0.,-1.)) ;
#8055=DIRECTION('Vector Direction',(0.,0.,-1.)) ;
#8068=DIRECTION('Axis2P3D Direction',(0.,-1.,0.)) ;
#8069=DIRECTION('Axis2P3D XDirection',(0.,0.,-1.)) ;
#8073=DIRECTION('Vector Direction',(0.,0.,-1.)) ;
#8086=DIRECTION('Axis2P3D Direction',(1.,0.,0.)) ;
#8087=DIRECTION('Axis2P3D XDirection',(0.,0.,-1.)) ;
#8091=DIRECTION('Vector Direction',(0.,0.,-1.)) ;
#8104=DIRECTION('Axis2P3D Direction',(0.,1.,0.)) ;
#8105=DIRECTION('Axis2P3D XDirection',(0.,0.,1.)) ;
#8109=DIRECTION('Vector Direction',(0.,0.,-1.)) ;
#8122=DIRECTION('Axis2P3D Direction',(0.,0.,-1.)) ;
#8123=DIRECTION('Axis2P3D XDirection',(-1.,-1.22464679915E-016,0.)) ;
#8127=DIRECTION('Vector Direction',(0.,0.,-1.)) ;
#8140=DIRECTION('Axis2P3D Direction',(0.,0.,-1.)) ;
#8141=DIRECTION('Axis2P3D XDirection',(0.707106781187,-0.707106781187,0.)) ;
#8145=DIRECTION('Vector Direction',(0.,0.,-1.)) ;
#8158=DIRECTION('Axis2P3D Direction',(0.707106781187,-0.707106781187,0.)) ;
#8159=DIRECTION('Axis2P3D XDirection',(0.,0.,-1.)) ;
#8163=DIRECTION('Vector Direction',(0.,0.,-1.)) ;
#8176=DIRECTION('Axis2P3D Direction',(-0.,0.,-1.)) ;
#8177=DIRECTION('Axis2P3D XDirection',(-0.577374564864,-0.816479400749,0.)) ;
#8181=DIRECTION('Vector Direction',(0.,0.,-1.)) ;
#8194=DIRECTION('Axis2P3D Direction',(-0.,0.,-1.)) ;
#8195=DIRECTION('Axis2P3D XDirection',(0.577374564864,0.816479400749,0.)) ;
#8199=DIRECTION('Vector Direction',(0.,0.,-1.)) ;
#8212=DIRECTION('Axis2P3D Direction',(0.,0.,-1.)) ;
#8213=DIRECTION('Axis2P3D XDirection',(-0.486210159886,0.873841908141,-0.)) ;
#8217=DIRECTION('Vector Direction',(0.,0.,-1.)) ;
#8230=DIRECTION('Axis2P3D Direction',(0.,0.,-1.)) ;
#8231=DIRECTION('Axis2P3D XDirection',(-0.873841908141,0.486210159886,-0.)) ;
#8235=DIRECTION('Vector Direction',(0.,0.,-1.)) ;
#8248=DIRECTION('Axis2P3D Direction',(0.,0.,-1.)) ;
#8249=DIRECTION('Axis2P3D XDirection',(0.816479400749,-0.577374564865,0.)) ;
#8253=DIRECTION('Vector Direction',(0.,0.,-1.)) ;
#8266=DIRECTION('Axis2P3D Direction',(0.,0.,-1.)) ;
#8267=DIRECTION('Axis2P3D XDirection',(-0.816479400749,0.577374564864,-0.)) ;
#8271=DIRECTION('Vector Direction',(0.,0.,-1.)) ;
#8284=DIRECTION('Axis2P3D Direction',(0.,0.,-1.)) ;
#8285=DIRECTION('Axis2P3D XDirection',(-0.873841908141,-0.486210159886,0.)) ;
#8289=DIRECTION('Vector Direction',(0.,0.,-1.)) ;
#8302=DIRECTION('Axis2P3D Direction',(0.,0.,-1.)) ;
#8303=DIRECTION('Axis2P3D XDirection',(-0.486210159886,-0.873841908141,0.)) ;
#8307=DIRECTION('Vector Direction',(0.,0.,-1.)) ;
#8320=DIRECTION('Axis2P3D Direction',(0.,0.,-1.)) ;
#8321=DIRECTION('Axis2P3D XDirection',(0.577374564864,0.816479400749,0.)) ;
#8325=DIRECTION('Vector Direction',(0.,0.,-1.)) ;
#8338=DIRECTION('Axis2P3D Direction',(0.,0.,-1.)) ;
#8339=DIRECTION('Axis2P3D XDirection',(-0.577374564864,-0.816479400749,0.)) ;
#8343=DIRECTION('Vector Direction',(0.,0.,-1.)) ;
#8356=DIRECTION('Axis2P3D Direction',(0.,0.,-1.)) ;
#8357=DIRECTION('Axis2P3D XDirection',(0.486210159886,-0.873841908141,0.)) ;
#8361=DIRECTION('Vector Direction',(0.,0.,-1.)) ;
#8374=DIRECTION('Axis2P3D Direction',(0.,0.,-1.)) ;
#8375=DIRECTION('Axis2P3D XDirection',(0.873841908141,-0.486210159886,0.)) ;
#8379=DIRECTION('Vector Direction',(0.,0.,-1.)) ;
#8392=DIRECTION('Axis2P3D Direction',(0.,0.,-1.)) ;
#8393=DIRECTION('Axis2P3D XDirection',(-0.691176470589,0.722686022077,0.)) ;
#8397=DIRECTION('Vector Direction',(0.,0.,-1.)) ;
#8410=DIRECTION('Axis2P3D Direction',(0.,0.,-1.)) ;
#8411=DIRECTION('Axis2P3D XDirection',(1.,0.,0.)) ;
#8415=DIRECTION('Vector Direction',(0.,0.,-1.)) ;
#8428=DIRECTION('Axis2P3D Direction',(1.,0.,0.)) ;
#8429=DIRECTION('Axis2P3D XDirection',(0.,0.,-1.)) ;
#8433=DIRECTION('Vector Direction',(0.,0.,-1.)) ;
#8446=DIRECTION('Axis2P3D Direction',(0.,0.,-1.)) ;
#8447=DIRECTION('Axis2P3D XDirection',(-1.,-1.22464679915E-016,0.)) ;
#8451=DIRECTION('Vector Direction',(0.,0.,-1.)) ;
#8464=DIRECTION('Axis2P3D Direction',(0.,1.,0.)) ;
#8465=DIRECTION('Axis2P3D XDirection',(0.,0.,1.)) ;
#8469=DIRECTION('Vector Direction',(0.,0.,-1.)) ;
#8482=DIRECTION('Axis2P3D Direction',(0.,0.,-1.)) ;
#8483=DIRECTION('Axis2P3D XDirection',(1.22464679915E-016,-1.,0.)) ;
#8487=DIRECTION('Vector Direction',(0.,0.,-1.)) ;
#8500=DIRECTION('Axis2P3D Direction',(-1.,0.,0.)) ;
#8501=DIRECTION('Axis2P3D XDirection',(0.,0.,1.)) ;
#8523=DIRECTION('NONE',(1.,0.,0.)) ;
#8524=DIRECTION('NONE',(0.,0.,1.)) ;
#8525=DIRECTION('NONE',(1.,0.,0.)) ;
#8526=DIRECTION('NONE',(0.,0.,1.)) ;
#8539=DIRECTION('Axis2P3D Direction',(0.,-0.,1.)) ;
#8540=DIRECTION('Axis2P3D XDirection',(-1.22464679915E-016,-1.,0.)) ;
#8544=DIRECTION('Axis2P3D Direction',(0.,-0.,1.)) ;
#8553=DIRECTION('Vector Direction',(0.,0.,1.)) ;
#8560=DIRECTION('Axis2P3D Direction',(0.,-0.,1.)) ;
#8567=DIRECTION('Vector Direction',(0.,0.,1.)) ;
#8580=DIRECTION('Axis2P3D Direction',(0.,0.,1.)) ;
#8581=DIRECTION('Axis2P3D XDirection',(1.,0.,0.)) ;
#8585=DIRECTION('Vector Direction',(1.,0.,0.)) ;
#8592=DIRECTION('Axis2P3D Direction',(0.,0.,1.)) ;
#8599=DIRECTION('Vector Direction',(0.,-1.,0.)) ;
#8625=DIRECTION('Vector Direction',(1.,0.,0.)) ;
#8648=DIRECTION('Vector Direction',(0.,1.,0.)) ;
#8671=DIRECTION('Vector Direction',(-1.,0.,0.)) ;
#8678=DIRECTION('Axis2P3D Direction',(0.,0.,1.)) ;
#8685=DIRECTION('Vector Direction',(0.,1.,0.)) ;
#8692=DIRECTION('Axis2P3D Direction',(0.,0.,1.)) ;
#8699=DIRECTION('Vector Direction',(-1.,0.,0.)) ;
#8706=DIRECTION('Axis2P3D Direction',(0.,0.,1.)) ;
#8713=DIRECTION('Vector Direction',(0.,-1.,0.)) ;
#8720=DIRECTION('Axis2P3D Direction',(0.,0.,1.)) ;
#8727=DIRECTION('Vector Direction',(-1.,0.,0.)) ;
#8750=DIRECTION('Vector Direction',(0.,-1.,0.)) ;
#8773=DIRECTION('Vector Direction',(1.,0.,0.)) ;
#8799=DIRECTION('Vector Direction',(0.,1.,0.)) ;
#8832=DIRECTION('Axis2P3D Direction',(-1.,0.,0.)) ;
#8833=DIRECTION('Axis2P3D XDirection',(0.,0.,1.)) ;
#8837=DIRECTION('Vector Direction',(0.,0.,1.)) ;
#8844=DIRECTION('Vector Direction',(0.,-1.,0.)) ;
#8857=DIRECTION('Axis2P3D Direction',(0.,0.,1.)) ;
#8858=DIRECTION('Axis2P3D XDirection',(1.,0.,0.)) ;
#8880=DIRECTION('Vector Direction',(-1.,0.,0.)) ;
#8885=DIRECTION('Axis2P3D Direction',(0.,0.,1.)) ;
#8892=DIRECTION('Vector Direction',(-1.,0.,0.)) ;
#8899=DIRECTION('Axis2P3D Direction',(0.,0.,1.)) ;
#8906=DIRECTION('Vector Direction',(0.,1.,0.)) ;
#8913=DIRECTION('Axis2P3D Direction',(0.,0.,1.)) ;
#8920=DIRECTION('Vector Direction',(1.,0.,0.)) ;
#8943=DIRECTION('Vector Direction',(0.,1.,0.)) ;
#8966=DIRECTION('Vector Direction',(1.,0.,0.)) ;
#8989=DIRECTION('Vector Direction',(0.,-1.,0.)) ;
#9012=DIRECTION('Vector Direction',(1.,0.,0.)) ;
#9019=DIRECTION('Axis2P3D Direction',(0.,0.,1.)) ;
#9026=DIRECTION('Vector Direction',(0.,-1.,0.)) ;
#9033=DIRECTION('Axis2P3D Direction',(0.,0.,1.)) ;
#9040=DIRECTION('Vector Direction',(-1.,0.,0.)) ;
#9047=DIRECTION('Axis2P3D Direction',(0.,0.,1.)) ;
#9054=DIRECTION('Vector Direction',(0.,1.,0.)) ;
#9087=DIRECTION('Axis2P3D Direction',(0.,1.,0.)) ;
#9088=DIRECTION('Axis2P3D XDirection',(0.,0.,1.)) ;
#9092=DIRECTION('Vector Direction',(0.,0.,1.)) ;
#9105=DIRECTION('Axis2P3D Direction',(0.,0.,1.)) ;
#9106=DIRECTION('Axis2P3D XDirection',(-1.,1.22464679915E-016,0.)) ;
#9110=DIRECTION('Vector Direction',(0.,0.,1.)) ;
#9123=DIRECTION('Axis2P3D Direction',(1.,0.,0.)) ;
#9124=DIRECTION('Axis2P3D XDirection',(0.,0.,-1.)) ;
#9128=DIRECTION('Vector Direction',(0.,0.,1.)) ;
#9141=DIRECTION('Axis2P3D Direction',(0.,0.,1.)) ;
#9142=DIRECTION('Axis2P3D XDirection',(1.,0.,0.)) ;
#9146=DIRECTION('Vector Direction',(0.,0.,1.)) ;
#9159=DIRECTION('Axis2P3D Direction',(0.,1.,0.)) ;
#9160=DIRECTION('Axis2P3D XDirection',(0.,0.,1.)) ;
#9164=DIRECTION('Vector Direction',(0.,0.,1.)) ;
#9177=DIRECTION('Axis2P3D Direction',(0.,-0.,1.)) ;
#9178=DIRECTION('Axis2P3D XDirection',(0.,1.,0.)) ;
#9182=DIRECTION('Vector Direction',(0.,0.,1.)) ;
#9195=DIRECTION('Axis2P3D Direction',(-1.,0.,0.)) ;
#9196=DIRECTION('Axis2P3D XDirection',(0.,0.,1.)) ;
#9200=DIRECTION('Vector Direction',(0.,0.,1.)) ;
#9213=DIRECTION('Axis2P3D Direction',(0.,0.,1.)) ;
#9214=DIRECTION('Axis2P3D XDirection',(-1.,0.,0.)) ;
#9218=DIRECTION('Vector Direction',(0.,0.,1.)) ;
#9231=DIRECTION('Axis2P3D Direction',(0.,-1.,0.)) ;
#9232=DIRECTION('Axis2P3D XDirection',(0.,0.,-1.)) ;
#9236=DIRECTION('Vector Direction',(0.,0.,1.)) ;
#9249=DIRECTION('Axis2P3D Direction',(0.,0.,1.)) ;
#9250=DIRECTION('Axis2P3D XDirection',(1.,-1.22464679915E-016,0.)) ;
#9254=DIRECTION('Vector Direction',(0.,0.,1.)) ;
#9267=DIRECTION('Axis2P3D Direction',(-1.,0.,0.)) ;
#9268=DIRECTION('Axis2P3D XDirection',(0.,0.,1.)) ;
#9272=DIRECTION('Vector Direction',(0.,0.,1.)) ;
#9285=DIRECTION('Axis2P3D Direction',(0.,0.,1.)) ;
#9286=DIRECTION('Axis2P3D XDirection',(1.,-1.22464679915E-016,0.)) ;
#9290=DIRECTION('Vector Direction',(0.,0.,1.)) ;
#9303=DIRECTION('Axis2P3D Direction',(0.,-1.,0.)) ;
#9304=DIRECTION('Axis2P3D XDirection',(0.,0.,-1.)) ;
#9308=DIRECTION('Vector Direction',(0.,0.,1.)) ;
#9321=DIRECTION('Axis2P3D Direction',(0.,0.,1.)) ;
#9322=DIRECTION('Axis2P3D XDirection',(1.22464679915E-016,1.,-0.)) ;
#9326=DIRECTION('Vector Direction',(0.,0.,1.)) ;
#9339=DIRECTION('Axis2P3D Direction',(1.,0.,0.)) ;
#9340=DIRECTION('Axis2P3D XDirection',(0.,0.,-1.)) ;
#9344=DIRECTION('Vector Direction',(0.,0.,1.)) ;
#9357=DIRECTION('Axis2P3D Direction',(0.,0.,1.)) ;
#9358=DIRECTION('Axis2P3D XDirection',(1.22464679915E-016,1.,-0.)) ;
#9362=DIRECTION('Vector Direction',(0.,0.,1.)) ;
#9375=DIRECTION('Axis2P3D Direction',(0.,-1.,0.)) ;
#9376=DIRECTION('Axis2P3D XDirection',(0.,0.,-1.)) ;
#9380=DIRECTION('Vector Direction',(0.,0.,1.)) ;
#9393=DIRECTION('Axis2P3D Direction',(0.,0.,1.)) ;
#9394=DIRECTION('Axis2P3D XDirection',(0.,-1.,0.)) ;
#9398=DIRECTION('Vector Direction',(0.,0.,1.)) ;
#9411=DIRECTION('Axis2P3D Direction',(1.,0.,0.)) ;
#9412=DIRECTION('Axis2P3D XDirection',(0.,0.,-1.)) ;
#9416=DIRECTION('Vector Direction',(0.,0.,1.)) ;
#9429=DIRECTION('Axis2P3D Direction',(0.,0.,1.)) ;
#9430=DIRECTION('Axis2P3D XDirection',(1.,0.,0.)) ;
#9434=DIRECTION('Vector Direction',(0.,0.,1.)) ;
#9447=DIRECTION('Axis2P3D Direction',(0.,1.,0.)) ;
#9448=DIRECTION('Axis2P3D XDirection',(0.,0.,1.)) ;
#9452=DIRECTION('Vector Direction',(0.,0.,1.)) ;
#9465=DIRECTION('Axis2P3D Direction',(0.,-0.,1.)) ;
#9466=DIRECTION('Axis2P3D XDirection',(0.,1.,0.)) ;
#9488=DIRECTION('NONE',(1.,0.,0.)) ;
#9489=DIRECTION('NONE',(0.,0.,1.)) ;
#9490=DIRECTION('NONE',(1.,-1.656608E-029,-3.230895E-044)) ;
#9491=DIRECTION('NONE',(3.230895E-044,1.401298E-045,1.)) ;
#9501=DIRECTION('NONE',(1.,0.,0.)) ;
#9502=DIRECTION('NONE',(0.,0.,1.)) ;
#9503=DIRECTION('NONE',(1.,0.,0.)) ;
#9504=DIRECTION('NONE',(0.,0.,1.)) ;
#9517=DIRECTION('Axis2P3D Direction',(0.,1.,0.)) ;
#9518=DIRECTION('Axis2P3D XDirection',(0.,0.,1.)) ;
#9522=DIRECTION('Vector Direction',(-1.,0.,0.)) ;
#9531=DIRECTION('Vector Direction',(0.,0.,1.)) ;
#9538=DIRECTION('Vector Direction',(1.,0.,0.)) ;
#9545=DIRECTION('Vector Direction',(0.,0.,-1.)) ;
#9565=DIRECTION('Axis2P3D Direction',(0.,0.,1.)) ;
#9566=DIRECTION('Axis2P3D XDirection',(1.,0.,0.)) ;
#9570=DIRECTION('Vector Direction',(0.,1.,0.)) ;
#9598=DIRECTION('Vector Direction',(-1.,0.,0.)) ;
#9624=DIRECTION('Vector Direction',(0.,-1.,0.)) ;
#9650=DIRECTION('Vector Direction',(1.,0.,0.)) ;
#9900=DIRECTION('Vector Direction',(0.,1.,0.)) ;
#9907=DIRECTION('Axis2P3D Direction',(0.,0.,1.)) ;
#9914=DIRECTION('Vector Direction',(-1.,0.,0.)) ;
#9921=DIRECTION('Vector Direction',(0.,1.,0.)) ;
#9928=DIRECTION('Vector Direction',(1.,0.,0.)) ;
#9935=DIRECTION('Axis2P3D Direction',(0.,0.,1.)) ;
#9942=DIRECTION('Vector Direction',(0.,1.,0.)) ;
#9949=DIRECTION('Vector Direction',(1.,0.,0.)) ;
#9956=DIRECTION('Vector Direction',(0.,-1.,0.)) ;
#9963=DIRECTION('Axis2P3D Direction',(0.,0.,1.)) ;
#9970=DIRECTION('Vector Direction',(1.,0.,0.)) ;
#9977=DIRECTION('Vector Direction',(0.,-1.,0.)) ;
#9984=DIRECTION('Vector Direction',(-1.,0.,0.)) ;
#9991=DIRECTION('Axis2P3D Direction',(0.,0.,1.)) ;
#9998=DIRECTION('Vector Direction',(0.,-1.,0.)) ;
#10023=DIRECTION('Axis2P3D Direction',(-1.,0.,0.)) ;
#10024=DIRECTION('Axis2P3D XDirection',(0.,0.,1.)) ;
#10028=DIRECTION('Vector Direction',(0.,0.,-1.)) ;
#10035=DIRECTION('Vector Direction',(0.,-1.,0.)) ;
#10048=DIRECTION('Axis2P3D Direction',(0.,0.,-1.)) ;
#10049=DIRECTION('Axis2P3D XDirection',(-1.,0.,0.)) ;
#10053=DIRECTION('Axis2P3D Direction',(0.,0.,-1.)) ;
#10062=DIRECTION('Vector Direction',(1.,0.,0.)) ;
#10069=DIRECTION('Axis2P3D Direction',(0.,0.,-1.)) ;
#10076=DIRECTION('Vector Direction',(0.,-1.,0.)) ;
#10083=DIRECTION('Axis2P3D Direction',(0.,0.,-1.)) ;
#10090=DIRECTION('Vector Direction',(-1.,0.,0.)) ;
#10097=DIRECTION('Axis2P3D Direction',(0.,0.,-1.)) ;
#10104=DIRECTION('Vector Direction',(0.,1.,0.)) ;
#10335=DIRECTION('Vector Direction',(1.,0.,0.)) ;
#10360=DIRECTION('Vector Direction',(0.,-1.,0.)) ;
#10367=DIRECTION('Vector Direction',(-1.,0.,0.)) ;
#10374=DIRECTION('Vector Direction',(0.,1.,0.)) ;
#10397=DIRECTION('Vector Direction',(1.,0.,0.)) ;
#10404=DIRECTION('Vector Direction',(0.,-1.,0.)) ;
#10411=DIRECTION('Vector Direction',(-1.,0.,0.)) ;
#10434=DIRECTION('Vector Direction',(0.,1.,0.)) ;
#10455=DIRECTION('Vector Direction',(-1.,0.,0.)) ;
#10462=DIRECTION('Vector Direction',(0.,1.,0.)) ;
#10487=DIRECTION('Axis2P3D Direction',(1.,0.,0.)) ;
#10488=DIRECTION('Axis2P3D XDirection',(0.,0.,-1.)) ;
#10492=DIRECTION('Vector Direction',(0.,0.,-1.)) ;
#10505=DIRECTION('Axis2P3D Direction',(1.,0.,0.)) ;
#10506=DIRECTION('Axis2P3D XDirection',(0.,0.,-1.)) ;
#10510=DIRECTION('Vector Direction',(0.,0.,1.)) ;
#10517=DIRECTION('Vector Direction',(0.,1.,0.)) ;
#10524=DIRECTION('Vector Direction',(0.,0.,-1.)) ;
#10537=DIRECTION('Axis2P3D Direction',(0.,0.,-1.)) ;
#10538=DIRECTION('Axis2P3D XDirection',(1.,0.,0.)) ;
#10552=DIRECTION('Vector Direction',(0.,0.,-1.)) ;
#10565=DIRECTION('Axis2P3D Direction',(0.,1.,0.)) ;
#10566=DIRECTION('Axis2P3D XDirection',(0.,0.,1.)) ;
#10570=DIRECTION('Vector Direction',(-1.,0.,0.)) ;
#10577=DIRECTION('Vector Direction',(0.,0.,1.)) ;
#10590=DIRECTION('Axis2P3D Direction',(0.,0.,-1.)) ;
#10591=DIRECTION('Axis2P3D XDirection',(0.,1.,0.)) ;
#10605=DIRECTION('Vector Direction',(0.,0.,-1.)) ;
#10618=DIRECTION('Axis2P3D Direction',(-1.,0.,0.)) ;
#10619=DIRECTION('Axis2P3D XDirection',(0.,0.,1.)) ;
#10623=DIRECTION('Vector Direction',(0.,-1.,0.)) ;
#10630=DIRECTION('Vector Direction',(0.,0.,1.)) ;
#10643=DIRECTION('Axis2P3D Direction',(0.,0.,-1.)) ;
#10644=DIRECTION('Axis2P3D XDirection',(-1.,0.,0.)) ;
#10648=DIRECTION('Axis2P3D Direction',(0.,0.,-1.)) ;
#10655=DIRECTION('Vector Direction',(0.,0.,-1.)) ;
#10668=DIRECTION('Axis2P3D Direction',(0.,-1.,0.)) ;
#10669=DIRECTION('Axis2P3D XDirection',(0.,0.,-1.)) ;
#10673=DIRECTION('Vector Direction',(1.,0.,0.)) ;
#10680=DIRECTION('Vector Direction',(0.,0.,1.)) ;
#10693=DIRECTION('Axis2P3D Direction',(0.,0.,-1.)) ;
#10694=DIRECTION('Axis2P3D XDirection',(0.,-1.,0.)) ;
#10698=DIRECTION('Axis2P3D Direction',(0.,0.,-1.)) ;
#10711=DIRECTION('Axis2P3D Direction',(0.,0.,1.)) ;
#10712=DIRECTION('Axis2P3D XDirection',(-1.,1.22464679915E-016,0.)) ;
#10716=DIRECTION('Vector Direction',(0.,0.,1.)) ;
#10721=DIRECTION('Vector Direction',(0.,0.,1.)) ;
#10734=DIRECTION('Axis2P3D Direction',(0.,0.,1.)) ;
#10735=DIRECTION('Axis2P3D XDirection',(1.,0.,0.)) ;
#10747=DIRECTION('Axis2P3D Direction',(0.,0.,1.)) ;
#10748=DIRECTION('Axis2P3D XDirection',(-1.,1.22464679915E-016,0.)) ;
#10752=DIRECTION('Vector Direction',(0.,0.,1.)) ;
#10757=DIRECTION('Vector Direction',(0.,0.,1.)) ;
#10770=DIRECTION('Axis2P3D Direction',(0.,0.,1.)) ;
#10771=DIRECTION('Axis2P3D XDirection',(1.,0.,0.)) ;
#10783=DIRECTION('Axis2P3D Direction',(0.,0.,1.)) ;
#10784=DIRECTION('Axis2P3D XDirection',(-1.,1.22464679915E-016,0.)) ;
#10788=DIRECTION('Vector Direction',(0.,0.,1.)) ;
#10793=DIRECTION('Vector Direction',(0.,0.,1.)) ;
#10806=DIRECTION('Axis2P3D Direction',(0.,0.,1.)) ;
#10807=DIRECTION('Axis2P3D XDirection',(1.,0.,0.)) ;
#10819=DIRECTION('Axis2P3D Direction',(0.,0.,1.)) ;
#10820=DIRECTION('Axis2P3D XDirection',(-1.,1.22464679915E-016,0.)) ;
#10824=DIRECTION('Vector Direction',(0.,0.,1.)) ;
#10829=DIRECTION('Vector Direction',(0.,0.,1.)) ;
#10842=DIRECTION('Axis2P3D Direction',(0.,0.,1.)) ;
#10843=DIRECTION('Axis2P3D XDirection',(1.,0.,0.)) ;
#10855=DIRECTION('Axis2P3D Direction',(0.,0.,-1.)) ;
#10856=DIRECTION('Axis2P3D XDirection',(-1.,-1.22464679915E-016,0.)) ;
#10860=DIRECTION('Vector Direction',(0.,0.,-1.)) ;
#10873=DIRECTION('Axis2P3D Direction',(0.,1.,0.)) ;
#10874=DIRECTION('Axis2P3D XDirection',(0.,0.,1.)) ;
#10878=DIRECTION('Vector Direction',(0.,0.,1.)) ;
#10891=DIRECTION('Axis2P3D Direction',(1.,0.,0.)) ;
#10892=DIRECTION('Axis2P3D XDirection',(0.,0.,-1.)) ;
#10896=DIRECTION('Vector Direction',(0.,0.,-1.)) ;
#10909=DIRECTION('Axis2P3D Direction',(0.,-1.,0.)) ;
#10910=DIRECTION('Axis2P3D XDirection',(0.,0.,-1.)) ;
#10914=DIRECTION('Vector Direction',(0.,0.,-1.)) ;
#10927=DIRECTION('Axis2P3D Direction',(0.,0.,-1.)) ;
#10928=DIRECTION('Axis2P3D XDirection',(-1.22464679915E-016,1.,-0.)) ;
#10932=DIRECTION('Vector Direction',(0.,0.,-1.)) ;
#10945=DIRECTION('Axis2P3D Direction',(1.,0.,0.)) ;
#10946=DIRECTION('Axis2P3D XDirection',(0.,0.,-1.)) ;
#10950=DIRECTION('Vector Direction',(0.,0.,1.)) ;
#10963=DIRECTION('Axis2P3D Direction',(0.,1.,0.)) ;
#10964=DIRECTION('Axis2P3D XDirection',(0.,0.,1.)) ;
#10968=DIRECTION('Vector Direction',(0.,0.,-1.)) ;
#10981=DIRECTION('Axis2P3D Direction',(-1.,0.,0.)) ;
#10982=DIRECTION('Axis2P3D XDirection',(0.,0.,1.)) ;
#10986=DIRECTION('Vector Direction',(0.,0.,-1.)) ;
#10999=DIRECTION('Axis2P3D Direction',(0.,0.,-1.)) ;
#11000=DIRECTION('Axis2P3D XDirection',(1.,1.22464679915E-016,0.)) ;
#11004=DIRECTION('Vector Direction',(0.,0.,-1.)) ;
#11017=DIRECTION('Axis2P3D Direction',(0.,-1.,0.)) ;
#11018=DIRECTION('Axis2P3D XDirection',(0.,0.,-1.)) ;
#11022=DIRECTION('Vector Direction',(0.,0.,1.)) ;
#11035=DIRECTION('Axis2P3D Direction',(1.,0.,0.)) ;
#11036=DIRECTION('Axis2P3D XDirection',(0.,0.,-1.)) ;
#11040=DIRECTION('Vector Direction',(0.,0.,-1.)) ;
#11053=DIRECTION('Axis2P3D Direction',(0.,1.,0.)) ;
#11054=DIRECTION('Axis2P3D XDirection',(0.,0.,1.)) ;
#11058=DIRECTION('Vector Direction',(0.,0.,-1.)) ;
#11071=DIRECTION('Axis2P3D Direction',(0.,0.,-1.)) ;
#11072=DIRECTION('Axis2P3D XDirection',(1.22464679915E-016,-1.,0.)) ;
#11084=DIRECTION('Axis2P3D Direction',(0.,0.,-1.)) ;
#11085=DIRECTION('Axis2P3D XDirection',(0.,-1.,0.)) ;
#11089=DIRECTION('Vector Direction',(0.,0.,-1.)) ;
#11096=DIRECTION('Vector Direction',(0.,0.,-1.)) ;
#11103=DIRECTION('Axis2P3D Direction',(0.,0.,-1.)) ;
#11116=DIRECTION('Axis2P3D Direction',(0.,-1.,0.)) ;
#11117=DIRECTION('Axis2P3D XDirection',(0.,0.,-1.)) ;
#11121=DIRECTION('Vector Direction',(0.,0.,1.)) ;
#11128=DIRECTION('Vector Direction',(1.,0.,0.)) ;
#11141=DIRECTION('Axis2P3D Direction',(0.,0.,-1.)) ;
#11142=DIRECTION('Axis2P3D XDirection',(-1.,0.,0.)) ;
#11146=DIRECTION('Vector Direction',(0.,0.,-1.)) ;
#11153=DIRECTION('Axis2P3D Direction',(0.,0.,-1.)) ;
#11166=DIRECTION('Axis2P3D Direction',(-1.,0.,0.)) ;
#11167=DIRECTION('Axis2P3D XDirection',(0.,0.,1.)) ;
#11171=DIRECTION('Vector Direction',(0.,0.,1.)) ;
#11178=DIRECTION('Vector Direction',(0.,-1.,0.)) ;
#11191=DIRECTION('Axis2P3D Direction',(0.,0.,-1.)) ;
#11192=DIRECTION('Axis2P3D XDirection',(0.,1.,0.)) ;
#11196=DIRECTION('Vector Direction',(0.,0.,-1.)) ;
#11203=DIRECTION('Axis2P3D Direction',(0.,0.,-1.)) ;
#11216=DIRECTION('Axis2P3D Direction',(0.,1.,0.)) ;
#11217=DIRECTION('Axis2P3D XDirection',(0.,0.,1.)) ;
#11221=DIRECTION('Vector Direction',(0.,0.,1.)) ;
#11228=DIRECTION('Vector Direction',(-1.,0.,0.)) ;
#11241=DIRECTION('Axis2P3D Direction',(0.,0.,-1.)) ;
#11242=DIRECTION('Axis2P3D XDirection',(1.,0.,0.)) ;
#11246=DIRECTION('Vector Direction',(0.,0.,-1.)) ;
#11253=DIRECTION('Axis2P3D Direction',(0.,0.,-1.)) ;
#11266=DIRECTION('Axis2P3D Direction',(1.,0.,0.)) ;
#11267=DIRECTION('Axis2P3D XDirection',(0.,0.,-1.)) ;
#11271=DIRECTION('Vector Direction',(0.,1.,0.)) ;
#11284=DIRECTION('Axis2P3D Direction',(0.,0.,1.)) ;
#11285=DIRECTION('Axis2P3D XDirection',(1.,0.,0.)) ;
#11310=DIRECTION('Vector Direction',(0.,1.,0.)) ;
#11336=DIRECTION('Vector Direction',(-1.,0.,0.)) ;
#11362=DIRECTION('Vector Direction',(0.,-1.,0.)) ;
#11388=DIRECTION('Vector Direction',(1.,0.,0.)) ;
#11415=DIRECTION('Axis2P3D Direction',(0.,0.,-1.)) ;
#11416=DIRECTION('Axis2P3D XDirection',(-1.,0.,0.)) ;
#11441=DIRECTION('Vector Direction',(-1.,0.,0.)) ;
#11467=DIRECTION('Vector Direction',(0.,1.,0.)) ;
#11493=DIRECTION('Vector Direction',(1.,0.,0.)) ;
#11519=DIRECTION('Vector Direction',(0.,-1.,0.)) ;
#11546=DIRECTION('Axis2P3D Direction',(0.,0.,-1.)) ;
#11547=DIRECTION('Axis2P3D XDirection',(-1.,0.,0.)) ;
#11551=DIRECTION('Axis2P3D Direction',(-0.,-1.,-0.)) ;
#11560=DIRECTION('Axis2P3D Direction',(-0.,-1.,-0.)) ;
#11565=DIRECTION('Axis2P3D Direction',(-1.,-1.61554457443E-015,-0.)) ;
#11572=DIRECTION('Axis2P3D Direction',(-1.,-1.61554457443E-015,-0.)) ;
#11579=DIRECTION('Axis2P3D Direction',(0.,0.,-1.)) ;
#11594=DIRECTION('Axis2P3D Direction',(-2.95873414643E-016,1.,-1.70050968196E-016)) ;
#11595=DIRECTION('Axis2P3D XDirection',(-0.498303206851,0.,0.867002833929)) ;
#11599=DIRECTION('Vector Direction',(-2.95873547884E-016,1.,-1.70050951098E-016)) ;
#11606=DIRECTION('Axis2P3D Direction',(-2.95873414643E-016,1.,-1.70050968196E-016)) ;
#11619=DIRECTION('Axis2P3D Direction',(0.,0.,-1.)) ;
#11620=DIRECTION('Axis2P3D XDirection',(1.,0.,0.)) ;
#11624=DIRECTION('Axis2P3D Direction',(1.,1.07187543957E-015,0.)) ;
#11633=DIRECTION('Axis2P3D Direction',(1.,1.07187543957E-015,0.)) ;
#11638=DIRECTION('Axis2P3D Direction',(2.44929359829E-016,-1.,0.)) ;
#11645=DIRECTION('Axis2P3D Direction',(0.,0.,-1.)) ;
#11660=DIRECTION('Axis2P3D Direction',(-1.,-5.26362613407E-017,-3.02522861475E-017)) ;
#11661=DIRECTION('Axis2P3D XDirection',(0.,-0.498303206851,0.867002833929)) ;
#11665=DIRECTION('Vector Direction',(-1.,-5.26362953224E-017,-3.02522895623E-017)) ;
#11672=DIRECTION('Axis2P3D Direction',(-1.,-5.26362613407E-017,-3.02522861475E-017)) ;
#11685=DIRECTION('Axis2P3D Direction',(0.,0.,-1.)) ;
#11686=DIRECTION('Axis2P3D XDirection',(1.,-4.24343894039E-016,0.)) ;
#11690=DIRECTION('Axis2P3D Direction',(1.,-3.36901665893E-015,0.)) ;
#11697=DIRECTION('Axis2P3D Direction',(0.,0.,-1.)) ;
#11704=DIRECTION('Axis2P3D Direction',(3.21624529935E-016,1.,0.)) ;
#11711=DIRECTION('Axis2P3D Direction',(3.21624529935E-016,1.,0.)) ;
#11726=DIRECTION('Axis2P3D Direction',(1.47936669737E-016,-1.,-8.50254624966E-017)) ;
#11727=DIRECTION('Axis2P3D XDirection',(0.498303206851,0.,0.867002833929)) ;
#11731=DIRECTION('Vector Direction',(1.47936418671E-016,-1.,-8.50254533447E-017)) ;
#11738=DIRECTION('Axis2P3D Direction',(1.47936669737E-016,-1.,-8.50254624966E-017)) ;
#11751=DIRECTION('Axis2P3D Direction',(0.,0.,-1.)) ;
#11752=DIRECTION('Axis2P3D XDirection',(-1.,0.,0.)) ;
#11756=DIRECTION('Axis2P3D Direction',(-1.22464679915E-016,1.,0.)) ;
#11763=DIRECTION('Axis2P3D Direction',(0.,0.,-1.)) ;
#11770=DIRECTION('Axis2P3D Direction',(-1.,-6.12323399574E-017,-0.)) ;
#11777=DIRECTION('Axis2P3D Direction',(-1.,-6.12323399574E-017,-0.)) ;
#11792=DIRECTION('Axis2P3D Direction',(1.,0.,-0.)) ;
#11793=DIRECTION('Axis2P3D XDirection',(0.,0.498303206851,0.867002833929)) ;
#11797=DIRECTION('Vector Direction',(1.,0.,0.)) ;
#11810=DIRECTION('Axis2P3D Direction',(0.,0.,-1.)) ;
#11811=DIRECTION('Axis2P3D XDirection',(-1.,0.,0.)) ;
#11815=DIRECTION('Axis2P3D Direction',(-0.,-1.,-0.)) ;
#11822=DIRECTION('Axis2P3D Direction',(-0.,-1.,-0.)) ;
#11829=DIRECTION('Axis2P3D Direction',(0.,0.,-1.)) ;
#11836=DIRECTION('Axis2P3D Direction',(-1.,-9.49410759657E-016,-0.)) ;
#11843=DIRECTION('Axis2P3D Direction',(-1.,-9.49410759657E-016,-0.)) ;
#11858=DIRECTION('Axis2P3D Direction',(1.,0.,0.)) ;
#11859=DIRECTION('Axis2P3D XDirection',(-0.,-0.601083572997,0.799186172474)) ;
#11863=DIRECTION('Vector Direction',(1.,0.,0.)) ;
#11870=DIRECTION('Axis2P3D Direction',(1.,0.,0.)) ;
#11883=DIRECTION('Axis2P3D Direction',(0.,0.,-1.)) ;
#11884=DIRECTION('Axis2P3D XDirection',(-1.,0.,0.)) ;
#11888=DIRECTION('Axis2P3D Direction',(-1.22464679915E-016,1.,0.)) ;
#11897=DIRECTION('Axis2P3D Direction',(-1.22464679915E-016,1.,0.)) ;
#11902=DIRECTION('Axis2P3D Direction',(-1.,-6.12323399574E-017,-0.)) ;
#11909=DIRECTION('Axis2P3D Direction',(0.,0.,-1.)) ;
#11924=DIRECTION('Axis2P3D Direction',(1.25698682606E-016,-1.,9.45404410937E-017)) ;
#11925=DIRECTION('Axis2P3D XDirection',(-0.601083572997,1.92616557458E-032,0.799186172474)) ;
#11929=DIRECTION('Vector Direction',(1.25699273212E-016,-1.,9.4540464346E-017)) ;
#11936=DIRECTION('Axis2P3D Direction',(1.25698682606E-016,-1.,9.45404410937E-017)) ;
#11949=DIRECTION('Axis2P3D Direction',(0.,0.,-1.)) ;
#11950=DIRECTION('Axis2P3D XDirection',(1.,0.,0.)) ;
#11954=DIRECTION('Axis2P3D Direction',(1.,-3.36901665893E-015,0.)) ;
#11963=DIRECTION('Axis2P3D Direction',(1.,-3.36901665893E-015,0.)) ;
#11968=DIRECTION('Axis2P3D Direction',(-1.22464679915E-016,1.,0.)) ;
#11975=DIRECTION('Axis2P3D Direction',(0.,0.,-1.)) ;
#11990=DIRECTION('Axis2P3D Direction',(-1.,-4.47239262557E-017,3.36377408896E-017)) ;
#11991=DIRECTION('Axis2P3D XDirection',(6.85334844631E-033,0.601083572997,0.799186172474)) ;
#11995=DIRECTION('Vector Direction',(-1.,-4.47238690526E-017,3.36377148358E-017)) ;
#12002=DIRECTION('Axis2P3D Direction',(-1.,-4.47239262557E-017,3.36377408896E-017)) ;
#12015=DIRECTION('Axis2P3D Direction',(0.,0.,-1.)) ;
#12016=DIRECTION('Axis2P3D XDirection',(1.,0.,0.)) ;
#12020=DIRECTION('Axis2P3D Direction',(1.,1.96005385927E-015,0.)) ;
#12027=DIRECTION('Axis2P3D Direction',(0.,0.,-1.)) ;
#12034=DIRECTION('Axis2P3D Direction',(2.44929359829E-016,-1.,0.)) ;
#12041=DIRECTION('Axis2P3D Direction',(2.44929359829E-016,-1.,0.)) ;
#12056=DIRECTION('Axis2P3D Direction',(-2.51397429081E-016,1.,1.89080930225E-016)) ;
#12057=DIRECTION('Axis2P3D XDirection',(0.601083572997,-3.85233212789E-032,0.799186172474)) ;
#12061=DIRECTION('Vector Direction',(-2.51397480611E-016,1.,1.89080928692E-016)) ;
#12074=DIRECTION('Axis2P3D Direction',(-2.95873414643E-016,1.,-1.70050968196E-016)) ;
#12075=DIRECTION('Axis2P3D XDirection',(0.498303206851,4.17923005572E-032,-0.867002833929)) ;
#12079=DIRECTION('Vector Direction',(-2.95873547884E-016,1.,-1.70050951098E-016)) ;
#12092=DIRECTION('Axis2P3D Direction',(1.,0.,-0.)) ;
#12093=DIRECTION('Axis2P3D XDirection',(0.,-0.498303206851,-0.867002833929)) ;
#12097=DIRECTION('Vector Direction',(1.,0.,0.)) ;
#12147=DIRECTION('Axis2P3D Direction',(-1.,-5.26362613407E-017,-3.02522861475E-017)) ;
#12148=DIRECTION('Axis2P3D XDirection',(-7.43490406806E-033,0.498303206851,-0.867002833929)) ;
#12152=DIRECTION('Vector Direction',(-1.,-5.26362953224E-017,-3.02522895623E-017)) ;
#12239=DIRECTION('Axis2P3D Direction',(1.47936669737E-016,-1.,-8.50254624966E-017)) ;
#12240=DIRECTION('Axis2P3D XDirection',(-0.498303206851,-2.08961449697E-032,-0.867002833929)) ;
#12244=DIRECTION('Vector Direction',(1.47936418671E-016,-1.,-8.50254533447E-017)) ;
#12294=DIRECTION('Axis2P3D Direction',(-2.51397429081E-016,1.,1.89080930225E-016)) ;
#12295=DIRECTION('Axis2P3D XDirection',(-0.601083572997,0.,-0.799186172474)) ;
#12299=DIRECTION('Vector Direction',(-2.51397480611E-016,1.,1.89080928692E-016)) ;
#12349=DIRECTION('Axis2P3D Direction',(1.,0.,0.)) ;
#12350=DIRECTION('Axis2P3D XDirection',(0.,0.601083572997,-0.799186172474)) ;
#12354=DIRECTION('Vector Direction',(1.,0.,0.)) ;
#12367=DIRECTION('Axis2P3D Direction',(1.25698682606E-016,-1.,9.45404410937E-017)) ;
#12368=DIRECTION('Axis2P3D XDirection',(0.601083572997,0.,-0.799186172474)) ;
#12372=DIRECTION('Vector Direction',(1.25699273212E-016,-1.,9.4540464346E-017)) ;
#12422=DIRECTION('Axis2P3D Direction',(-1.,-4.47239262557E-017,3.36377408896E-017)) ;
#12423=DIRECTION('Axis2P3D XDirection',(0.,-0.601083572997,-0.799186172474)) ;
#12427=DIRECTION('Vector Direction',(-1.,-4.47238690526E-017,3.36377148358E-017)) ;
#12514=DIRECTION('Axis2P3D Direction',(-3.93608849313E-016,1.,-5.08128603253E-024)) ;
#12515=DIRECTION('Axis2P3D XDirection',(-0.995012691382,-3.916458E-016,0.0997484034366)) ;
#12519=DIRECTION('Vector Direction',(-3.93608701188E-016,1.,0.)) ;
#12532=DIRECTION('Axis2P3D Direction',(1.,0.,-0.)) ;
#12533=DIRECTION('Axis2P3D XDirection',(0.,0.995012691382,0.0997484034366)) ;
#12537=DIRECTION('Vector Direction',(1.,0.,0.)) ;
#12550=DIRECTION('Axis2P3D Direction',(0.,0.,-1.)) ;
#12551=DIRECTION('Axis2P3D XDirection',(-1.,0.,0.)) ;
#12555=DIRECTION('Axis2P3D Direction',(0.,0.,-1.)) ;
#12560=DIRECTION('Axis2P3D Direction',(-0.,-1.,-0.)) ;
#12567=DIRECTION('Axis2P3D Direction',(-0.,-1.,-0.)) ;
#12572=DIRECTION('Axis2P3D Direction',(-1.,-1.39349996951E-015,-0.)) ;
#12579=DIRECTION('Axis2P3D Direction',(-1.,-1.39349996951E-015,-0.)) ;
#12594=DIRECTION('Axis2P3D Direction',(-1.,-7.00235289598E-017,-1.04275897691E-025)) ;
#12595=DIRECTION('Axis2P3D XDirection',(6.96743E-017,-0.995012691382,0.0997484034366)) ;
#12599=DIRECTION('Vector Direction',(-1.,-7.00234537021E-017,0.)) ;
#12612=DIRECTION('Axis2P3D Direction',(0.,0.,-1.)) ;
#12613=DIRECTION('Axis2P3D XDirection',(1.,0.,0.)) ;
#12617=DIRECTION('Axis2P3D Direction',(0.,0.,-1.)) ;
#12622=DIRECTION('Axis2P3D Direction',(1.,1.83697019872E-016,0.)) ;
#12629=DIRECTION('Axis2P3D Direction',(1.,1.83697019872E-016,0.)) ;
#12634=DIRECTION('Axis2P3D Direction',(2.44929359829E-016,-1.,0.)) ;
#12641=DIRECTION('Axis2P3D Direction',(2.44929359829E-016,-1.,0.)) ;
#12656=DIRECTION('Axis2P3D Direction',(0.,0.,-1.)) ;
#12657=DIRECTION('Axis2P3D XDirection',(1.,6.96670599184E-016,0.)) ;
#12661=DIRECTION('Axis2P3D Direction',(0.,0.,-1.)) ;
#12670=DIRECTION('Axis2P3D Direction',(1.65389215949E-015,1.,0.)) ;
#12675=DIRECTION('Axis2P3D Direction',(1.,-2.48083823923E-015,0.)) ;
#12688=DIRECTION('Axis2P3D Direction',(1.96804424159E-016,-1.,2.42190335542E-024)) ;
#12689=DIRECTION('Axis2P3D XDirection',(0.995012691382,1.958229E-016,0.0997484034366)) ;
#12693=DIRECTION('Vector Direction',(1.96804705865E-016,-1.,0.)) ;
#12706=DIRECTION('Axis2P3D Direction',(0.,0.,-1.)) ;
#12707=DIRECTION('Axis2P3D XDirection',(-1.,0.,0.)) ;
#12711=DIRECTION('Axis2P3D Direction',(0.,0.,-1.)) ;
#12720=DIRECTION('Axis2P3D Direction',(-1.,-2.05963378428E-015,-0.)) ;
#12725=DIRECTION('Axis2P3D Direction',(-1.45473230946E-015,1.,0.)) ;
#12738=DIRECTION('Axis2P3D Direction',(-3.93608838442E-016,1.,1.81758085432E-023)) ;
#12739=DIRECTION('Axis2P3D XDirection',(-0.959067399607,-3.774974E-016,-0.283177899934)) ;
#12743=DIRECTION('Vector Direction',(-3.93608878824E-016,1.,4.4408920985E-023)) ;
#12756=DIRECTION('Axis2P3D Direction',(0.,0.,-1.)) ;
#12757=DIRECTION('Axis2P3D XDirection',(-1.,0.,0.)) ;
#12767=DIRECTION('Axis2P3D Direction',(1.,0.,0.)) ;
#12768=DIRECTION('Axis2P3D XDirection',(0.,0.959067399607,-0.283177899934)) ;
#12772=DIRECTION('Vector Direction',(1.,0.,0.)) ;
#12785=DIRECTION('Axis2P3D Direction',(1.96804415212E-016,-1.,-4.49143034063E-024)) ;
#12786=DIRECTION('Axis2P3D XDirection',(0.959067399607,1.887487E-016,-0.283177899934)) ;
#12790=DIRECTION('Vector Direction',(1.96804705865E-016,-1.,0.)) ;
#12803=DIRECTION('Axis2P3D Direction',(0.,0.,-1.)) ;
#12804=DIRECTION('Axis2P3D XDirection',(-1.,0.,0.)) ;
#12808=DIRECTION('Axis2P3D Direction',(-1.45473230946E-015,1.,0.)) ;
#12813=DIRECTION('Axis2P3D Direction',(-1.,-2.05963378428E-015,-0.)) ;
#12826=DIRECTION('Axis2P3D Direction',(-1.,-7.00235253692E-017,1.36729452907E-024)) ;
#12827=DIRECTION('Axis2P3D XDirection',(6.715728E-017,-0.959067399607,-0.283177899934)) ;
#12831=DIRECTION('Vector Direction',(-1.,-7.00234537021E-017,0.)) ;
#12844=DIRECTION('Axis2P3D Direction',(0.,0.,-1.)) ;
#12845=DIRECTION('Axis2P3D XDirection',(1.,6.45999594926E-016,0.)) ;
#12849=DIRECTION('Axis2P3D Direction',(1.,-2.48083823923E-015,0.)) ;
#12854=DIRECTION('Axis2P3D Direction',(1.65389215949E-015,1.,0.)) ;
#12867=DIRECTION('Axis2P3D Direction',(0.,0.,-1.)) ;
#12868=DIRECTION('Axis2P3D XDirection',(1.,0.,0.)) ;
#12878=DIRECTION('Axis2P3D Direction',(-3.33033348208E-019,1.,-1.14443863374E-017)) ;
#12879=DIRECTION('Axis2P3D XDirection',(-0.999576859386,0.,0.0290878355953)) ;
#12883=DIRECTION('Vector Direction',(-3.32889271704E-019,1.,-1.1444386324E-017)) ;
#12896=DIRECTION('Axis2P3D Direction',(1.,0.,-0.)) ;
#12897=DIRECTION('Axis2P3D XDirection',(0.,0.999576859386,0.0290878355953)) ;
#12901=DIRECTION('Vector Direction',(1.,0.,0.)) ;
#12914=DIRECTION('Axis2P3D Direction',(-3.33033348208E-019,1.,-1.14443863374E-017)) ;
#12915=DIRECTION('Axis2P3D XDirection',(0.999576859386,1.40212640626E-033,-0.0290878355953)) ;
#12927=DIRECTION('Axis2P3D Direction',(1.,0.,-0.)) ;
#12928=DIRECTION('Axis2P3D XDirection',(0.,-0.999576859386,-0.0290878355953)) ;
#12940=DIRECTION('Axis2P3D Direction',(-1.,-5.92470613577E-020,-2.03597106171E-018)) ;
#12941=DIRECTION('Axis2P3D XDirection',(0.,-0.999576859386,0.0290878355953)) ;
#12945=DIRECTION('Vector Direction',(-1.,-5.9330318436E-020,-2.03597104453E-018)) ;
#12958=DIRECTION('Axis2P3D Direction',(-1.,-5.92470613577E-020,-2.03597106171E-018)) ;
#12959=DIRECTION('Axis2P3D XDirection',(-2.49440092622E-034,0.999576859386,-0.0290878355953)) ;
#12971=DIRECTION('Axis2P3D Direction',(1.66516631799E-019,-1.,-5.72219171494E-018)) ;
#12972=DIRECTION('Axis2P3D XDirection',(0.999576859386,0.,0.0290878355953)) ;
#12976=DIRECTION('Vector Direction',(1.66267000168E-019,-1.,-5.72219173087E-018)) ;
#12989=DIRECTION('Axis2P3D Direction',(1.66516631799E-019,-1.,-5.72219171494E-018)) ;
#12990=DIRECTION('Axis2P3D XDirection',(-0.999576859386,-7.01063025019E-034,-0.0290878355953)) ;
#13012=DIRECTION('NONE',(1.,0.,0.)) ;
#13013=DIRECTION('NONE',(0.,0.,1.)) ;
#13014=DIRECTION('NONE',(-1.,-7.002353E-017,1.850372E-016)) ;
#13015=DIRECTION('NONE',(-1.850372E-016,-1.850372E-016,-1.)) ;
#13028=DIRECTION('Axis2P3D Direction',(0.,0.,1.)) ;
#13029=DIRECTION('Axis2P3D XDirection',(1.,0.,0.)) ;
#13033=DIRECTION('Axis2P3D Direction',(0.,0.,1.)) ;
#13042=DIRECTION('Vector Direction',(-0.707106780552,8.65971127163E-017,0.707106781821)) ;
#13049=DIRECTION('Axis2P3D Direction',(0.,0.,1.)) ;
#13056=DIRECTION('Vector Direction',(0.707106780552,0.,0.707106781821)) ;
#13076=DIRECTION('Axis2P3D Direction',(0.,0.,1.)) ;
#13077=DIRECTION('Axis2P3D XDirection',(1.,0.,0.)) ;
#13081=DIRECTION('Vector Direction',(1.,0.,0.)) ;
#13109=DIRECTION('Vector Direction',(0.,1.,0.)) ;
#13135=DIRECTION('Vector Direction',(-1.,0.,0.)) ;
#13161=DIRECTION('Vector Direction',(0.,-1.,0.)) ;
#13386=DIRECTION('Axis2P3D Direction',(0.,0.,1.)) ;
#13387=DIRECTION('Axis2P3D XDirection',(-1.,1.22464659689E-016,0.)) ;
#13391=DIRECTION('Axis2P3D Direction',(0.,0.,1.)) ;
#13404=DIRECTION('Axis2P3D Direction',(0.,0.,1.)) ;
#13405=DIRECTION('Axis2P3D XDirection',(1.,0.,0.)) ;
#13409=DIRECTION('Axis2P3D Direction',(0.,0.,1.)) ;
#13418=DIRECTION('Vector Direction',(0.,0.,1.)) ;
#13423=DIRECTION('Vector Direction',(0.,0.,1.)) ;
#13436=DIRECTION('Axis2P3D Direction',(0.,1.,0.)) ;
#13437=DIRECTION('Axis2P3D XDirection',(0.,0.,1.)) ;
#13441=DIRECTION('Vector Direction',(0.,0.,-1.)) ;
#13448=DIRECTION('Vector Direction',(-1.,0.,0.)) ;
#13455=DIRECTION('Vector Direction',(0.,0.,-1.)) ;
#13468=DIRECTION('Axis2P3D Direction',(0.,0.,1.)) ;
#13469=DIRECTION('Axis2P3D XDirection',(1.22464679915E-016,1.,-0.)) ;
#13473=DIRECTION('Axis2P3D Direction',(0.,0.,1.)) ;
#13480=DIRECTION('Vector Direction',(0.,0.,1.)) ;
#13493=DIRECTION('Axis2P3D Direction',(-1.,0.,0.)) ;
#13494=DIRECTION('Axis2P3D XDirection',(0.,0.,1.)) ;
#13498=DIRECTION('Vector Direction',(0.,-1.,0.)) ;
#13505=DIRECTION('Vector Direction',(0.,0.,-1.)) ;
#13518=DIRECTION('Axis2P3D Direction',(0.,0.,1.)) ;
#13519=DIRECTION('Axis2P3D XDirection',(-1.,1.22464679915E-016,0.)) ;
#13523=DIRECTION('Axis2P3D Direction',(0.,0.,1.)) ;
#13530=DIRECTION('Vector Direction',(0.,0.,1.)) ;
#13543=DIRECTION('Axis2P3D Direction',(0.,-1.,0.)) ;
#13544=DIRECTION('Axis2P3D XDirection',(0.,0.,-1.)) ;
#13548=DIRECTION('Vector Direction',(1.,0.,0.)) ;
#13555=DIRECTION('Vector Direction',(0.,0.,-1.)) ;
#13568=DIRECTION('Axis2P3D Direction',(0.,-0.,1.)) ;
#13569=DIRECTION('Axis2P3D XDirection',(-1.22464679915E-016,-1.,0.)) ;
#13573=DIRECTION('Axis2P3D Direction',(0.,-0.,1.)) ;
#13580=DIRECTION('Vector Direction',(0.,0.,1.)) ;
#13593=DIRECTION('Axis2P3D Direction',(1.,0.,0.)) ;
#13594=DIRECTION('Axis2P3D XDirection',(0.,0.,-1.)) ;
#13598=DIRECTION('Vector Direction',(0.,1.,0.)) ;
#13605=DIRECTION('Vector Direction',(0.,0.,-1.)) ;
#13618=DIRECTION('Axis2P3D Direction',(0.,0.,1.)) ;
#13619=DIRECTION('Axis2P3D XDirection',(1.,-1.22464679915E-016,0.)) ;
#13623=DIRECTION('Axis2P3D Direction',(0.,0.,1.)) ;
#13636=DIRECTION('Axis2P3D Direction',(0.,0.,1.)) ;
#13637=DIRECTION('Axis2P3D XDirection',(-1.,1.22464659689E-016,0.)) ;
#13641=DIRECTION('Vector Direction',(0.707106780552,-1.7319067273E-016,0.707106781821)) ;
#13648=DIRECTION('Axis2P3D Direction',(0.,0.,1.)) ;
#13655=DIRECTION('Vector Direction',(-0.707106780552,8.65971127163E-017,0.707106781821)) ;
#13668=DIRECTION('Axis2P3D Direction',(0.,0.,1.)) ;
#13669=DIRECTION('Axis2P3D XDirection',(1.,0.,0.)) ;
#13673=DIRECTION('Axis2P3D Direction',(0.,0.,1.)) ;
#13686=DIRECTION('Axis2P3D Direction',(0.,0.,1.)) ;
#13687=DIRECTION('Axis2P3D XDirection',(-1.,1.22464659689E-016,0.)) ;
#13691=DIRECTION('Vector Direction',(0.707106780552,-1.7319067273E-016,0.707106781821)) ;
#13698=DIRECTION('Axis2P3D Direction',(0.,0.,1.)) ;
#13705=DIRECTION('Vector Direction',(-0.707106780552,8.65971127163E-017,0.707106781821)) ;
#13718=DIRECTION('Axis2P3D Direction',(0.,0.,1.)) ;
#13719=DIRECTION('Axis2P3D XDirection',(1.,0.,0.)) ;
#13723=DIRECTION('Axis2P3D Direction',(0.,0.,1.)) ;
#13736=DIRECTION('Axis2P3D Direction',(0.,0.,1.)) ;
#13737=DIRECTION('Axis2P3D XDirection',(-1.,1.22464659689E-016,0.)) ;
#13741=DIRECTION('Vector Direction',(0.707106780552,-1.7319067273E-016,0.707106781821)) ;
#13748=DIRECTION('Axis2P3D Direction',(0.,0.,1.)) ;
#13755=DIRECTION('Vector Direction',(-0.707106780552,8.65971127163E-017,0.707106781821)) ;
#13768=DIRECTION('Axis2P3D Direction',(0.,0.,1.)) ;
#13769=DIRECTION('Axis2P3D XDirection',(1.,0.,0.)) ;
#13773=DIRECTION('Axis2P3D Direction',(0.,0.,1.)) ;
#13786=DIRECTION('Axis2P3D Direction',(0.,0.,1.)) ;
#13787=DIRECTION('Axis2P3D XDirection',(-1.,1.22464679915E-016,0.)) ;
#13810=DIRECTION('Axis2P3D Direction',(0.,0.,1.)) ;
#13811=DIRECTION('Axis2P3D XDirection',(1.,0.,0.)) ;
#13829=DIRECTION('Axis2P3D Direction',(0.,0.,1.)) ;
#13838=DIRECTION('Axis2P3D Direction',(0.,0.,1.)) ;
#13847=DIRECTION('Axis2P3D Direction',(0.,0.,1.)) ;
#13856=DIRECTION('Axis2P3D Direction',(0.,0.,1.)) ;
#13865=DIRECTION('Axis2P3D Direction',(0.,0.,1.)) ;
#13874=DIRECTION('Axis2P3D Direction',(0.,0.,1.)) ;
#13885=DIRECTION('Axis2P3D Direction',(0.,0.,1.)) ;
#13886=DIRECTION('Axis2P3D XDirection',(-1.,1.22464679915E-016,0.)) ;
#13890=DIRECTION('Vector Direction',(0.,0.,1.)) ;
#13895=DIRECTION('Vector Direction',(0.,0.,1.)) ;
#13908=DIRECTION('Axis2P3D Direction',(0.,0.,1.)) ;
#13909=DIRECTION('Axis2P3D XDirection',(1.,0.,0.)) ;
#13921=DIRECTION('Axis2P3D Direction',(0.,0.,1.)) ;
#13922=DIRECTION('Axis2P3D XDirection',(-1.,1.22464679915E-016,0.)) ;
#13926=DIRECTION('Vector Direction',(0.,0.,1.)) ;
#13931=DIRECTION('Vector Direction',(0.,0.,1.)) ;
#13944=DIRECTION('Axis2P3D Direction',(0.,0.,1.)) ;
#13945=DIRECTION('Axis2P3D XDirection',(1.,0.,0.)) ;
#13957=DIRECTION('Axis2P3D Direction',(0.,0.,1.)) ;
#13958=DIRECTION('Axis2P3D XDirection',(-1.,1.22464679915E-016,0.)) ;
#13962=DIRECTION('Vector Direction',(0.,0.,1.)) ;
#13967=DIRECTION('Vector Direction',(0.,0.,1.)) ;
#13980=DIRECTION('Axis2P3D Direction',(0.,0.,1.)) ;
#13981=DIRECTION('Axis2P3D XDirection',(1.,0.,0.)) ;
#14003=DIRECTION('NONE',(1.,0.,0.)) ;
#14004=DIRECTION('NONE',(0.,0.,1.)) ;
#14005=DIRECTION('NONE',(-1.,-2.66828E-016,1.850372E-016)) ;
#14006=DIRECTION('NONE',(-1.850372E-016,-1.850372E-016,-1.)) ;
#14019=DIRECTION('Axis2P3D Direction',(-1.,0.,0.)) ;
#14020=DIRECTION('Axis2P3D XDirection',(0.,0.,1.)) ;
#14024=DIRECTION('Vector Direction',(0.,1.,0.)) ;
#14046=DIRECTION('Vector Direction',(0.,-1.,0.)) ;
#14053=DIRECTION('Vector Direction',(0.,0.,1.)) ;
#14073=DIRECTION('Axis2P3D Direction',(0.,0.,1.)) ;
#14074=DIRECTION('Axis2P3D XDirection',(1.,0.,0.)) ;
#14078=DIRECTION('Vector Direction',(1.,0.,0.)) ;
#14113=DIRECTION('Vector Direction',(-1.,0.,0.)) ;
#14120=DIRECTION('Vector Direction',(0.,-1.,0.)) ;
#14141=DIRECTION('Vector Direction',(-1.,0.,0.)) ;
#14174=DIRECTION('Vector Direction',(1.,0.,0.)) ;
#14181=DIRECTION('Vector Direction',(0.,1.,0.)) ;
#14204=DIRECTION('Vector Direction',(0.,-1.,0.)) ;
#14227=DIRECTION('Axis2P3D Direction',(0.,0.,-1.)) ;
#14228=DIRECTION('Axis2P3D XDirection',(1.,1.22464679915E-016,0.)) ;
#14250=DIRECTION('Axis2P3D Direction',(0.,0.,-1.)) ;
#14264=DIRECTION('Axis2P3D Direction',(0.,0.,-1.)) ;
#14265=DIRECTION('Axis2P3D XDirection',(-1.,0.,0.)) ;
#14269=DIRECTION('Axis2P3D Direction',(0.,0.,-1.)) ;
#14278=DIRECTION('Axis2P3D Direction',(0.,0.,-1.)) ;
#14287=DIRECTION('Vector Direction',(-1.,0.,0.)) ;
#14296=DIRECTION('Vector Direction',(0.,1.,0.)) ;
#14316=DIRECTION('Vector Direction',(0.,-1.,0.)) ;
#14323=DIRECTION('Vector Direction',(-1.,0.,0.)) ;
#14353=DIRECTION('Vector Direction',(1.,0.,0.)) ;
#14358=DIRECTION('Vector Direction',(0.,1.,0.)) ;
#14365=DIRECTION('Vector Direction',(1.,0.,0.)) ;
#14411=DIRECTION('Axis2P3D Direction',(0.,-1.,0.)) ;
#14412=DIRECTION('Axis2P3D XDirection',(0.,0.,-1.)) ;
#14443=DIRECTION('Axis2P3D Direction',(0.,1.,0.)) ;
#14444=DIRECTION('Axis2P3D XDirection',(0.,0.,1.)) ;
#14448=DIRECTION('Vector Direction',(0.,0.,1.)) ;
#14480=DIRECTION('Axis2P3D Direction',(0.,0.,-1.)) ;
#14481=DIRECTION('Axis2P3D XDirection',(-1.,0.,0.)) ;
#14485=DIRECTION('Vector Direction',(0.342020142951,4.18853873309E-017,-0.939692620922)) ;
#14499=DIRECTION('Axis2P3D Direction',(0.,0.,-1.)) ;
#14500=DIRECTION('Axis2P3D XDirection',(1.,1.22464679915E-016,0.)) ;
#14523=DIRECTION('Axis2P3D Direction',(0.,-1.,0.)) ;
#14524=DIRECTION('Axis2P3D XDirection',(0.,0.,-1.)) ;
#14528=DIRECTION('Vector Direction',(0.,0.,1.)) ;
#14541=DIRECTION('Axis2P3D Direction',(1.,0.,0.)) ;
#14542=DIRECTION('Axis2P3D XDirection',(0.,0.,-1.)) ;
#14555=DIRECTION('Axis2P3D Direction',(0.,0.,-1.)) ;
#14556=DIRECTION('Axis2P3D XDirection',(1.,1.22464679915E-016,0.)) ;
#14560=DIRECTION('Vector Direction',(-0.342020142951,-8.37707746617E-017,-0.939692620922)) ;
#14574=DIRECTION('Axis2P3D Direction',(0.,0.,-1.)) ;
#14575=DIRECTION('Axis2P3D XDirection',(-1.,0.,0.)) ;
#14598=DIRECTION('Axis2P3D Direction',(0.,1.,0.)) ;
#14599=DIRECTION('Axis2P3D XDirection',(0.,0.,1.)) ;
#14603=DIRECTION('Vector Direction',(0.,0.,1.)) ;
#14616=DIRECTION('Axis2P3D Direction',(-1.,0.,0.)) ;
#14617=DIRECTION('Axis2P3D XDirection',(0.,0.,1.)) ;
#14648=DIRECTION('Axis2P3D Direction',(0.,0.,-1.)) ;
#14649=DIRECTION('Axis2P3D XDirection',(-1.,0.,0.)) ;
#14673=DIRECTION('Axis2P3D Direction',(1.,0.,0.)) ;
#14674=DIRECTION('Axis2P3D XDirection',(0.,0.,-1.)) ;
#14686=DIRECTION('Axis2P3D Direction',(0.,0.,-1.)) ;
#14687=DIRECTION('Axis2P3D XDirection',(1.,1.22464679915E-016,0.)) ;
#14691=DIRECTION('Vector Direction',(-0.656059028373,-1.6068811783E-016,-0.754709580759)) ;
#14698=DIRECTION('Vector Direction',(0.656059028373,8.03440589149E-017,-0.754709580759)) ;
#14705=DIRECTION('Axis2P3D Direction',(0.,0.,-1.)) ;
#14718=DIRECTION('Axis2P3D Direction',(0.,0.,-1.)) ;
#14719=DIRECTION('Axis2P3D XDirection',(-1.,0.,0.)) ;
#14723=DIRECTION('Axis2P3D Direction',(0.,0.,-1.)) ;
#14736=DIRECTION('Axis2P3D Direction',(0.,0.,1.)) ;
#14737=DIRECTION('Axis2P3D XDirection',(-1.,1.22464679915E-016,0.)) ;
#14741=DIRECTION('Vector Direction',(0.,0.,1.)) ;
#14748=DIRECTION('Axis2P3D Direction',(0.,0.,1.)) ;
#14755=DIRECTION('Vector Direction',(0.,0.,1.)) ;
#14768=DIRECTION('Axis2P3D Direction',(0.,0.,1.)) ;
#14769=DIRECTION('Axis2P3D XDirection',(1.,0.,0.)) ;
#14773=DIRECTION('Axis2P3D Direction',(0.,0.,1.)) ;
#14786=DIRECTION('Axis2P3D Direction',(0.,0.,-1.)) ;
#14787=DIRECTION('Axis2P3D XDirection',(1.,0.,0.)) ;
#14791=DIRECTION('Vector Direction',(-0.707106780552,-8.65956055458E-017,-0.707106781821)) ;
#14798=DIRECTION('Vector Direction',(0.707106780552,0.,-0.707106781821)) ;
#14805=DIRECTION('Axis2P3D Direction',(0.,0.,-1.)) ;
#14818=DIRECTION('Axis2P3D Direction',(0.,0.,-1.)) ;
#14819=DIRECTION('Axis2P3D XDirection',(-1.,-1.22464679915E-016,0.)) ;
#14823=DIRECTION('Axis2P3D Direction',(0.,0.,-1.)) ;
#14836=DIRECTION('Axis2P3D Direction',(0.,0.,1.)) ;
#14837=DIRECTION('Axis2P3D XDirection',(1.,0.,0.)) ;
#14857=DIRECTION('NONE',(1.,0.,0.)) ;
#14858=DIRECTION('NONE',(0.,0.,1.)) ;
#14859=DIRECTION('NONE',(1.,1.850372E-016,-1.850372E-016)) ;
#14860=DIRECTION('NONE',(1.850372E-016,1.850372E-016,1.)) ;
#14870=DIRECTION('NONE',(1.,0.,0.)) ;
#14871=DIRECTION('NONE',(0.,0.,1.)) ;
#14872=DIRECTION('NONE',(1.,1.850372E-016,-1.850372E-016)) ;
#14873=DIRECTION('NONE',(1.850372E-016,1.850372E-016,1.)) ;
#14883=DIRECTION('NONE',(1.,0.,0.)) ;
#14884=DIRECTION('NONE',(0.,0.,1.)) ;
#14885=DIRECTION('NONE',(1.,1.850372E-016,-1.850372E-016)) ;
#14886=DIRECTION('NONE',(1.850372E-016,1.850372E-016,1.)) ;
#14896=DIRECTION('NONE',(1.,0.,0.)) ;
#14897=DIRECTION('NONE',(0.,0.,1.)) ;
#14898=DIRECTION('NONE',(1.,1.850372E-016,-1.850372E-016)) ;
#14899=DIRECTION('NONE',(1.850372E-016,1.850372E-016,1.)) ;
#8=PRODUCT_RELATED_PRODUCT_CATEGORY('part',$,(#34,#8531,#9509,#13020,#14011)) ;
#11=PRODUCT_RELATED_PRODUCT_CATEGORY('part',$,(#5,#26)) ;
#7=PRODUCT_CATEGORY('part','specification') ;
#10=PRODUCT_CATEGORY('part','specification') ;
#46=STYLED_ITEM(' ',(#45),#38) ;
#8536=STYLED_ITEM(' ',(#45),#8535) ;
#9514=STYLED_ITEM(' ',(#45),#9513) ;
#13025=STYLED_ITEM(' ',(#45),#13024) ;
#14016=STYLED_ITEM(' ',(#45),#14015) ;
#45=PRESENTATION_STYLE_ASSIGNMENT((#44)) ;
#94=PRESENTATION_STYLE_ASSIGNMENT((#93)) ;
#9562=PRESENTATION_STYLE_ASSIGNMENT((#9561)) ;
#13073=PRESENTATION_STYLE_ASSIGNMENT((#13072)) ;
#14070=PRESENTATION_STYLE_ASSIGNMENT((#14069)) ;
#44=SURFACE_STYLE_USAGE(.BOTH.,#43) ;
#93=SURFACE_STYLE_USAGE(.BOTH.,#92) ;
#9561=SURFACE_STYLE_USAGE(.BOTH.,#9560) ;
#13072=SURFACE_STYLE_USAGE(.BOTH.,#13071) ;
#14069=SURFACE_STYLE_USAGE(.BOTH.,#14068) ;
#43=SURFACE_SIDE_STYLE(' ',(#42)) ;
#92=SURFACE_SIDE_STYLE(' ',(#91)) ;
#9560=SURFACE_SIDE_STYLE(' ',(#9559)) ;
#13071=SURFACE_SIDE_STYLE(' ',(#13070)) ;
#14068=SURFACE_SIDE_STYLE(' ',(#14067)) ;
#42=SURFACE_STYLE_FILL_AREA(#41) ;
#91=SURFACE_STYLE_FILL_AREA(#90) ;
#9559=SURFACE_STYLE_FILL_AREA(#9558) ;
#13070=SURFACE_STYLE_FILL_AREA(#13069) ;
#14067=SURFACE_STYLE_FILL_AREA(#14066) ;
#41=FILL_AREA_STYLE(' ',(#40)) ;
#90=FILL_AREA_STYLE(' ',(#89)) ;
#9558=FILL_AREA_STYLE(' ',(#9557)) ;
#13069=FILL_AREA_STYLE(' ',(#13068)) ;
#14066=FILL_AREA_STYLE(' ',(#14065)) ;
#40=FILL_AREA_STYLE_COLOUR(' ',#39) ;
#89=FILL_AREA_STYLE_COLOUR(' ',#88) ;
#9557=FILL_AREA_STYLE_COLOUR(' ',#9556) ;
#13068=FILL_AREA_STYLE_COLOUR(' ',#13067) ;
#14065=FILL_AREA_STYLE_COLOUR(' ',#14064) ;
#64=VECTOR('Line Direction',#63,1.) ;
#78=VECTOR('Line Direction',#77,1.) ;
#245=VECTOR('Line Direction',#244,1.) ;
#278=VECTOR('Line Direction',#277,1.) ;
#285=VECTOR('Line Direction',#284,1.) ;
#292=VECTOR('Line Direction',#291,1.) ;
#299=VECTOR('Line Direction',#298,1.) ;
#306=VECTOR('Line Direction',#305,1.) ;
#313=VECTOR('Line Direction',#312,1.) ;
#320=VECTOR('Line Direction',#319,1.) ;
#327=VECTOR('Line Direction',#326,1.) ;
#334=VECTOR('Line Direction',#333,1.) ;
#341=VECTOR('Line Direction',#340,1.) ;
#348=VECTOR('Line Direction',#347,1.) ;
#355=VECTOR('Line Direction',#354,1.) ;
#362=VECTOR('Line Direction',#361,1.) ;
#369=VECTOR('Line Direction',#368,1.) ;
#376=VECTOR('Line Direction',#375,1.) ;
#383=VECTOR('Line Direction',#382,1.) ;
#390=VECTOR('Line Direction',#389,1.) ;
#397=VECTOR('Line Direction',#396,1.) ;
#404=VECTOR('Line Direction',#403,1.) ;
#411=VECTOR('Line Direction',#410,1.) ;
#418=VECTOR('Line Direction',#417,1.) ;
#425=VECTOR('Line Direction',#424,1.) ;
#432=VECTOR('Line Direction',#431,1.) ;
#439=VECTOR('Line Direction',#438,1.) ;
#446=VECTOR('Line Direction',#445,1.) ;
#453=VECTOR('Line Direction',#452,1.) ;
#460=VECTOR('Line Direction',#459,1.) ;
#467=VECTOR('Line Direction',#466,1.) ;
#474=VECTOR('Line Direction',#473,1.) ;
#481=VECTOR('Line Direction',#480,1.) ;
#488=VECTOR('Line Direction',#487,1.) ;
#495=VECTOR('Line Direction',#494,1.) ;
#502=VECTOR('Line Direction',#501,1.) ;
#509=VECTOR('Line Direction',#508,1.) ;
#516=VECTOR('Line Direction',#515,1.) ;
#523=VECTOR('Line Direction',#522,1.) ;
#530=VECTOR('Line Direction',#529,1.) ;
#537=VECTOR('Line Direction',#536,1.) ;
#544=VECTOR('Line Direction',#543,1.) ;
#551=VECTOR('Line Direction',#550,1.) ;
#558=VECTOR('Line Direction',#557,1.) ;
#565=VECTOR('Line Direction',#564,1.) ;
#572=VECTOR('Line Direction',#571,1.) ;
#606=VECTOR('Line Direction',#605,1.) ;
#629=VECTOR('Line Direction',#628,1.) ;
#652=VECTOR('Line Direction',#651,1.) ;
#824=VECTOR('Line Direction',#823,1.) ;
#850=VECTOR('Line Direction',#849,1.) ;
#864=VECTOR('Line Direction',#863,1.) ;
#878=VECTOR('Line Direction',#877,1.) ;
#913=VECTOR('Line Direction',#912,1.) ;
#948=VECTOR('Line Direction',#947,1.) ;
#983=VECTOR('Line Direction',#982,1.) ;
#1018=VECTOR('Line Direction',#1017,1.) ;
#1053=VECTOR('Line Direction',#1052,1.) ;
#1088=VECTOR('Line Direction',#1087,1.) ;
#1102=VECTOR('Line Direction',#1101,1.) ;
#1137=VECTOR('Line Direction',#1136,1.) ;
#1172=VECTOR('Line Direction',#1171,1.) ;
#1186=VECTOR('Line Direction',#1185,1.) ;
#1221=VECTOR('Line Direction',#1220,1.) ;
#1256=VECTOR('Line Direction',#1255,1.) ;
#1291=VECTOR('Line Direction',#1290,1.) ;
#1326=VECTOR('Line Direction',#1325,1.) ;
#1361=VECTOR('Line Direction',#1360,1.) ;
#1396=VECTOR('Line Direction',#1395,1.) ;
#1410=VECTOR('Line Direction',#1409,1.) ;
#1424=VECTOR('Line Direction',#1423,1.) ;
#1450=VECTOR('Line Direction',#1449,1.) ;
#1622=VECTOR('Line Direction',#1621,1.) ;
#1645=VECTOR('Line Direction',#1644,1.) ;
#1668=VECTOR('Line Direction',#1667,1.) ;
#1702=VECTOR('Line Direction',#1701,1.) ;
#1709=VECTOR('Line Direction',#1708,1.) ;
#1716=VECTOR('Line Direction',#1715,1.) ;
#1723=VECTOR('Line Direction',#1722,1.) ;
#1730=VECTOR('Line Direction',#1729,1.) ;
#1737=VECTOR('Line Direction',#1736,1.) ;
#1744=VECTOR('Line Direction',#1743,1.) ;
#1751=VECTOR('Line Direction',#1750,1.) ;
#1758=VECTOR('Line Direction',#1757,1.) ;
#1765=VECTOR('Line Direction',#1764,1.) ;
#1772=VECTOR('Line Direction',#1771,1.) ;
#1779=VECTOR('Line Direction',#1778,1.) ;
#1786=VECTOR('Line Direction',#1785,1.) ;
#1793=VECTOR('Line Direction',#1792,1.) ;
#1800=VECTOR('Line Direction',#1799,1.) ;
#1807=VECTOR('Line Direction',#1806,1.) ;
#1814=VECTOR('Line Direction',#1813,1.) ;
#1821=VECTOR('Line Direction',#1820,1.) ;
#1828=VECTOR('Line Direction',#1827,1.) ;
#1835=VECTOR('Line Direction',#1834,1.) ;
#1842=VECTOR('Line Direction',#1841,1.) ;
#1849=VECTOR('Line Direction',#1848,1.) ;
#1856=VECTOR('Line Direction',#1855,1.) ;
#1863=VECTOR('Line Direction',#1862,1.) ;
#1870=VECTOR('Line Direction',#1869,1.) ;
#1877=VECTOR('Line Direction',#1876,1.) ;
#1884=VECTOR('Line Direction',#1883,1.) ;
#1891=VECTOR('Line Direction',#1890,1.) ;
#1898=VECTOR('Line Direction',#1897,1.) ;
#1905=VECTOR('Line Direction',#1904,1.) ;
#1912=VECTOR('Line Direction',#1911,1.) ;
#1919=VECTOR('Line Direction',#1918,1.) ;
#1926=VECTOR('Line Direction',#1925,1.) ;
#1933=VECTOR('Line Direction',#1932,1.) ;
#1940=VECTOR('Line Direction',#1939,1.) ;
#1947=VECTOR('Line Direction',#1946,1.) ;
#1954=VECTOR('Line Direction',#1953,1.) ;
#1961=VECTOR('Line Direction',#1960,1.) ;
#1968=VECTOR('Line Direction',#1967,1.) ;
#1975=VECTOR('Line Direction',#1974,1.) ;
#1982=VECTOR('Line Direction',#1981,1.) ;
#1989=VECTOR('Line Direction',#1988,1.) ;
#1996=VECTOR('Line Direction',#1995,1.) ;
#2029=VECTOR('Line Direction',#2028,1.) ;
#2185=VECTOR('Line Direction',#2184,1.) ;
#2199=VECTOR('Line Direction',#2198,1.) ;
#2213=VECTOR('Line Direction',#2212,1.) ;
#2449=VECTOR('Line Direction',#2448,1.) ;
#2483=VECTOR('Line Direction',#2482,1.) ;
#2509=VECTOR('Line Direction',#2508,1.) ;
#2535=VECTOR('Line Direction',#2534,1.) ;
#2685=VECTOR('Line Direction',#2684,1.) ;
#2712=VECTOR('Line Direction',#2711,1.) ;
#2719=VECTOR('Line Direction',#2718,1.) ;
#2726=VECTOR('Line Direction',#2725,1.) ;
#2733=VECTOR('Line Direction',#2732,1.) ;
#2740=VECTOR('Line Direction',#2739,1.) ;
#2747=VECTOR('Line Direction',#2746,1.) ;
#2754=VECTOR('Line Direction',#2753,1.) ;
#2761=VECTOR('Line Direction',#2760,1.) ;
#2768=VECTOR('Line Direction',#2767,1.) ;
#2775=VECTOR('Line Direction',#2774,1.) ;
#2782=VECTOR('Line Direction',#2781,1.) ;
#2789=VECTOR('Line Direction',#2788,1.) ;
#2796=VECTOR('Line Direction',#2795,1.) ;
#2803=VECTOR('Line Direction',#2802,1.) ;
#2810=VECTOR('Line Direction',#2809,1.) ;
#2817=VECTOR('Line Direction',#2816,1.) ;
#2824=VECTOR('Line Direction',#2823,1.) ;
#2831=VECTOR('Line Direction',#2830,1.) ;
#2838=VECTOR('Line Direction',#2837,1.) ;
#2845=VECTOR('Line Direction',#2844,1.) ;
#2852=VECTOR('Line Direction',#2851,1.) ;
#2859=VECTOR('Line Direction',#2858,1.) ;
#2866=VECTOR('Line Direction',#2865,1.) ;
#2873=VECTOR('Line Direction',#2872,1.) ;
#2880=VECTOR('Line Direction',#2879,1.) ;
#2887=VECTOR('Line Direction',#2886,1.) ;
#2894=VECTOR('Line Direction',#2893,1.) ;
#2901=VECTOR('Line Direction',#2900,1.) ;
#2908=VECTOR('Line Direction',#2907,1.) ;
#2915=VECTOR('Line Direction',#2914,1.) ;
#2922=VECTOR('Line Direction',#2921,1.) ;
#2929=VECTOR('Line Direction',#2928,1.) ;
#2936=VECTOR('Line Direction',#2935,1.) ;
#2943=VECTOR('Line Direction',#2942,1.) ;
#2950=VECTOR('Line Direction',#2949,1.) ;
#2957=VECTOR('Line Direction',#2956,1.) ;
#2964=VECTOR('Line Direction',#2963,1.) ;
#2971=VECTOR('Line Direction',#2970,1.) ;
#2978=VECTOR('Line Direction',#2977,1.) ;
#2985=VECTOR('Line Direction',#2984,1.) ;
#2992=VECTOR('Line Direction',#2991,1.) ;
#2999=VECTOR('Line Direction',#2998,1.) ;
#3006=VECTOR('Line Direction',#3005,1.) ;
#3046=VECTOR('Line Direction',#3045,1.) ;
#3060=VECTOR('Line Direction',#3059,1.) ;
#3074=VECTOR('Line Direction',#3073,1.) ;
#3264=VECTOR('Line Direction',#3263,1.) ;
#3278=VECTOR('Line Direction',#3277,1.) ;
#3301=VECTOR('Line Direction',#3300,1.) ;
#3327=VECTOR('Line Direction',#3326,1.) ;
#3341=VECTOR('Line Direction',#3340,1.) ;
#3355=VECTOR('Line Direction',#3354,1.) ;
#3369=VECTOR('Line Direction',#3368,1.) ;
#3383=VECTOR('Line Direction',#3382,1.) ;
#3397=VECTOR('Line Direction',#3396,1.) ;
#3411=VECTOR('Line Direction',#3410,1.) ;
#3437=VECTOR('Line Direction',#3436,1.) ;
#3451=VECTOR('Line Direction',#3450,1.) ;
#3465=VECTOR('Line Direction',#3464,1.) ;
#3491=VECTOR('Line Direction',#3490,1.) ;
#3505=VECTOR('Line Direction',#3504,1.) ;
#3519=VECTOR('Line Direction',#3518,1.) ;
#3533=VECTOR('Line Direction',#3532,1.) ;
#3547=VECTOR('Line Direction',#3546,1.) ;
#3561=VECTOR('Line Direction',#3560,1.) ;
#3575=VECTOR('Line Direction',#3574,1.) ;
#3601=VECTOR('Line Direction',#3600,1.) ;
#3624=VECTOR('Line Direction',#3623,1.) ;
#3638=VECTOR('Line Direction',#3637,1.) ;
#3828=VECTOR('Line Direction',#3827,1.) ;
#3842=VECTOR('Line Direction',#3841,1.) ;
#3856=VECTOR('Line Direction',#3855,1.) ;
#3896=VECTOR('Line Direction',#3895,1.) ;
#3903=VECTOR('Line Direction',#3902,1.) ;
#3910=VECTOR('Line Direction',#3909,1.) ;
#3917=VECTOR('Line Direction',#3916,1.) ;
#3924=VECTOR('Line Direction',#3923,1.) ;
#3931=VECTOR('Line Direction',#3930,1.) ;
#3938=VECTOR('Line Direction',#3937,1.) ;
#3945=VECTOR('Line Direction',#3944,1.) ;
#3952=VECTOR('Line Direction',#3951,1.) ;
#3959=VECTOR('Line Direction',#3958,1.) ;
#3966=VECTOR('Line Direction',#3965,1.) ;
#3973=VECTOR('Line Direction',#3972,1.) ;
#3980=VECTOR('Line Direction',#3979,1.) ;
#3987=VECTOR('Line Direction',#3986,1.) ;
#3994=VECTOR('Line Direction',#3993,1.) ;
#4001=VECTOR('Line Direction',#4000,1.) ;
#4008=VECTOR('Line Direction',#4007,1.) ;
#4015=VECTOR('Line Direction',#4014,1.) ;
#4022=VECTOR('Line Direction',#4021,1.) ;
#4029=VECTOR('Line Direction',#4028,1.) ;
#4036=VECTOR('Line Direction',#4035,1.) ;
#4043=VECTOR('Line Direction',#4042,1.) ;
#4050=VECTOR('Line Direction',#4049,1.) ;
#4057=VECTOR('Line Direction',#4056,1.) ;
#4064=VECTOR('Line Direction',#4063,1.) ;
#4071=VECTOR('Line Direction',#4070,1.) ;
#4078=VECTOR('Line Direction',#4077,1.) ;
#4085=VECTOR('Line Direction',#4084,1.) ;
#4092=VECTOR('Line Direction',#4091,1.) ;
#4099=VECTOR('Line Direction',#4098,1.) ;
#4106=VECTOR('Line Direction',#4105,1.) ;
#4113=VECTOR('Line Direction',#4112,1.) ;
#4120=VECTOR('Line Direction',#4119,1.) ;
#4127=VECTOR('Line Direction',#4126,1.) ;
#4134=VECTOR('Line Direction',#4133,1.) ;
#4141=VECTOR('Line Direction',#4140,1.) ;
#4148=VECTOR('Line Direction',#4147,1.) ;
#4155=VECTOR('Line Direction',#4154,1.) ;
#4162=VECTOR('Line Direction',#4161,1.) ;
#4169=VECTOR('Line Direction',#4168,1.) ;
#4176=VECTOR('Line Direction',#4175,1.) ;
#4183=VECTOR('Line Direction',#4182,1.) ;
#4190=VECTOR('Line Direction',#4189,1.) ;
#4217=VECTOR('Line Direction',#4216,1.) ;
#4564=VECTOR('Line Direction',#4563,1.) ;
#4582=VECTOR('Line Direction',#4581,1.) ;
#4587=VECTOR('Line Direction',#4586,1.) ;
#4605=VECTOR('Line Direction',#4604,1.) ;
#4623=VECTOR('Line Direction',#4622,1.) ;
#4641=VECTOR('Line Direction',#4640,1.) ;
#4659=VECTOR('Line Direction',#4658,1.) ;
#4690=VECTOR('Line Direction',#4689,1.) ;
#4708=VECTOR('Line Direction',#4707,1.) ;
#4726=VECTOR('Line Direction',#4725,1.) ;
#4744=VECTOR('Line Direction',#4743,1.) ;
#4762=VECTOR('Line Direction',#4761,1.) ;
#4780=VECTOR('Line Direction',#4779,1.) ;
#4798=VECTOR('Line Direction',#4797,1.) ;
#4816=VECTOR('Line Direction',#4815,1.) ;
#4834=VECTOR('Line Direction',#4833,1.) ;
#4852=VECTOR('Line Direction',#4851,1.) ;
#4870=VECTOR('Line Direction',#4869,1.) ;
#4888=VECTOR('Line Direction',#4887,1.) ;
#4906=VECTOR('Line Direction',#4905,1.) ;
#4924=VECTOR('Line Direction',#4923,1.) ;
#4942=VECTOR('Line Direction',#4941,1.) ;
#4960=VECTOR('Line Direction',#4959,1.) ;
#4978=VECTOR('Line Direction',#4977,1.) ;
#4996=VECTOR('Line Direction',#4995,1.) ;
#5014=VECTOR('Line Direction',#5013,1.) ;
#5032=VECTOR('Line Direction',#5031,1.) ;
#5050=VECTOR('Line Direction',#5049,1.) ;
#5068=VECTOR('Line Direction',#5067,1.) ;
#5086=VECTOR('Line Direction',#5085,1.) ;
#5104=VECTOR('Line Direction',#5103,1.) ;
#5122=VECTOR('Line Direction',#5121,1.) ;
#5140=VECTOR('Line Direction',#5139,1.) ;
#5158=VECTOR('Line Direction',#5157,1.) ;
#5176=VECTOR('Line Direction',#5175,1.) ;
#5194=VECTOR('Line Direction',#5193,1.) ;
#5212=VECTOR('Line Direction',#5211,1.) ;
#5230=VECTOR('Line Direction',#5229,1.) ;
#5248=VECTOR('Line Direction',#5247,1.) ;
#5266=VECTOR('Line Direction',#5265,1.) ;
#5284=VECTOR('Line Direction',#5283,1.) ;
#5302=VECTOR('Line Direction',#5301,1.) ;
#5320=VECTOR('Line Direction',#5319,1.) ;
#5338=VECTOR('Line Direction',#5337,1.) ;
#5356=VECTOR('Line Direction',#5355,1.) ;
#5374=VECTOR('Line Direction',#5373,1.) ;
#5392=VECTOR('Line Direction',#5391,1.) ;
#5410=VECTOR('Line Direction',#5409,1.) ;
#5428=VECTOR('Line Direction',#5427,1.) ;
#5446=VECTOR('Line Direction',#5445,1.) ;
#5464=VECTOR('Line Direction',#5463,1.) ;
#5482=VECTOR('Line Direction',#5481,1.) ;
#5500=VECTOR('Line Direction',#5499,1.) ;
#5518=VECTOR('Line Direction',#5517,1.) ;
#5536=VECTOR('Line Direction',#5535,1.) ;
#5554=VECTOR('Line Direction',#5553,1.) ;
#5572=VECTOR('Line Direction',#5571,1.) ;
#5590=VECTOR('Line Direction',#5589,1.) ;
#5608=VECTOR('Line Direction',#5607,1.) ;
#5626=VECTOR('Line Direction',#5625,1.) ;
#5644=VECTOR('Line Direction',#5643,1.) ;
#5662=VECTOR('Line Direction',#5661,1.) ;
#5680=VECTOR('Line Direction',#5679,1.) ;
#5698=VECTOR('Line Direction',#5697,1.) ;
#5716=VECTOR('Line Direction',#5715,1.) ;
#5734=VECTOR('Line Direction',#5733,1.) ;
#5752=VECTOR('Line Direction',#5751,1.) ;
#5770=VECTOR('Line Direction',#5769,1.) ;
#5788=VECTOR('Line Direction',#5787,1.) ;
#5806=VECTOR('Line Direction',#5805,1.) ;
#5824=VECTOR('Line Direction',#5823,1.) ;
#5842=VECTOR('Line Direction',#5841,1.) ;
#5860=VECTOR('Line Direction',#5859,1.) ;
#5878=VECTOR('Line Direction',#5877,1.) ;
#5896=VECTOR('Line Direction',#5895,1.) ;
#5914=VECTOR('Line Direction',#5913,1.) ;
#5932=VECTOR('Line Direction',#5931,1.) ;
#5950=VECTOR('Line Direction',#5949,1.) ;
#5968=VECTOR('Line Direction',#5967,1.) ;
#5986=VECTOR('Line Direction',#5985,1.) ;
#6004=VECTOR('Line Direction',#6003,1.) ;
#6022=VECTOR('Line Direction',#6021,1.) ;
#6040=VECTOR('Line Direction',#6039,1.) ;
#6058=VECTOR('Line Direction',#6057,1.) ;
#6076=VECTOR('Line Direction',#6075,1.) ;
#6094=VECTOR('Line Direction',#6093,1.) ;
#6112=VECTOR('Line Direction',#6111,1.) ;
#6130=VECTOR('Line Direction',#6129,1.) ;
#6148=VECTOR('Line Direction',#6147,1.) ;
#6166=VECTOR('Line Direction',#6165,1.) ;
#6184=VECTOR('Line Direction',#6183,1.) ;
#6202=VECTOR('Line Direction',#6201,1.) ;
#6220=VECTOR('Line Direction',#6219,1.) ;
#6238=VECTOR('Line Direction',#6237,1.) ;
#6256=VECTOR('Line Direction',#6255,1.) ;
#6274=VECTOR('Line Direction',#6273,1.) ;
#6292=VECTOR('Line Direction',#6291,1.) ;
#6310=VECTOR('Line Direction',#6309,1.) ;
#6328=VECTOR('Line Direction',#6327,1.) ;
#6346=VECTOR('Line Direction',#6345,1.) ;
#6364=VECTOR('Line Direction',#6363,1.) ;
#6382=VECTOR('Line Direction',#6381,1.) ;
#6400=VECTOR('Line Direction',#6399,1.) ;
#6418=VECTOR('Line Direction',#6417,1.) ;
#6436=VECTOR('Line Direction',#6435,1.) ;
#6454=VECTOR('Line Direction',#6453,1.) ;
#6472=VECTOR('Line Direction',#6471,1.) ;
#6490=VECTOR('Line Direction',#6489,1.) ;
#6508=VECTOR('Line Direction',#6507,1.) ;
#6526=VECTOR('Line Direction',#6525,1.) ;
#6544=VECTOR('Line Direction',#6543,1.) ;
#6562=VECTOR('Line Direction',#6561,1.) ;
#6580=VECTOR('Line Direction',#6579,1.) ;
#6598=VECTOR('Line Direction',#6597,1.) ;
#6616=VECTOR('Line Direction',#6615,1.) ;
#6634=VECTOR('Line Direction',#6633,1.) ;
#6652=VECTOR('Line Direction',#6651,1.) ;
#6670=VECTOR('Line Direction',#6669,1.) ;
#6688=VECTOR('Line Direction',#6687,1.) ;
#6706=VECTOR('Line Direction',#6705,1.) ;
#6724=VECTOR('Line Direction',#6723,1.) ;
#6742=VECTOR('Line Direction',#6741,1.) ;
#6760=VECTOR('Line Direction',#6759,1.) ;
#6778=VECTOR('Line Direction',#6777,1.) ;
#6796=VECTOR('Line Direction',#6795,1.) ;
#6814=VECTOR('Line Direction',#6813,1.) ;
#6832=VECTOR('Line Direction',#6831,1.) ;
#6850=VECTOR('Line Direction',#6849,1.) ;
#6868=VECTOR('Line Direction',#6867,1.) ;
#6886=VECTOR('Line Direction',#6885,1.) ;
#6904=VECTOR('Line Direction',#6903,1.) ;
#6922=VECTOR('Line Direction',#6921,1.) ;
#6940=VECTOR('Line Direction',#6939,1.) ;
#6958=VECTOR('Line Direction',#6957,1.) ;
#6976=VECTOR('Line Direction',#6975,1.) ;
#6994=VECTOR('Line Direction',#6993,1.) ;
#7012=VECTOR('Line Direction',#7011,1.) ;
#7030=VECTOR('Line Direction',#7029,1.) ;
#7048=VECTOR('Line Direction',#7047,1.) ;
#7066=VECTOR('Line Direction',#7065,1.) ;
#7084=VECTOR('Line Direction',#7083,1.) ;
#7102=VECTOR('Line Direction',#7101,1.) ;
#7120=VECTOR('Line Direction',#7119,1.) ;
#7138=VECTOR('Line Direction',#7137,1.) ;
#7156=VECTOR('Line Direction',#7155,1.) ;
#7174=VECTOR('Line Direction',#7173,1.) ;
#7192=VECTOR('Line Direction',#7191,1.) ;
#7210=VECTOR('Line Direction',#7209,1.) ;
#7228=VECTOR('Line Direction',#7227,1.) ;
#7246=VECTOR('Line Direction',#7245,1.) ;
#7264=VECTOR('Line Direction',#7263,1.) ;
#7282=VECTOR('Line Direction',#7281,1.) ;
#7300=VECTOR('Line Direction',#7299,1.) ;
#7318=VECTOR('Line Direction',#7317,1.) ;
#7336=VECTOR('Line Direction',#7335,1.) ;
#7354=VECTOR('Line Direction',#7353,1.) ;
#7372=VECTOR('Line Direction',#7371,1.) ;
#7390=VECTOR('Line Direction',#7389,1.) ;
#7408=VECTOR('Line Direction',#7407,1.) ;
#7426=VECTOR('Line Direction',#7425,1.) ;
#7444=VECTOR('Line Direction',#7443,1.) ;
#7462=VECTOR('Line Direction',#7461,1.) ;
#7480=VECTOR('Line Direction',#7479,1.) ;
#7498=VECTOR('Line Direction',#7497,1.) ;
#7516=VECTOR('Line Direction',#7515,1.) ;
#7534=VECTOR('Line Direction',#7533,1.) ;
#7552=VECTOR('Line Direction',#7551,1.) ;
#7570=VECTOR('Line Direction',#7569,1.) ;
#7588=VECTOR('Line Direction',#7587,1.) ;
#7606=VECTOR('Line Direction',#7605,1.) ;
#7624=VECTOR('Line Direction',#7623,1.) ;
#7642=VECTOR('Line Direction',#7641,1.) ;
#7660=VECTOR('Line Direction',#7659,1.) ;
#7678=VECTOR('Line Direction',#7677,1.) ;
#7696=VECTOR('Line Direction',#7695,1.) ;
#7714=VECTOR('Line Direction',#7713,1.) ;
#7732=VECTOR('Line Direction',#7731,1.) ;
#7750=VECTOR('Line Direction',#7749,1.) ;
#7768=VECTOR('Line Direction',#7767,1.) ;
#7786=VECTOR('Line Direction',#7785,1.) ;
#7804=VECTOR('Line Direction',#7803,1.) ;
#7822=VECTOR('Line Direction',#7821,1.) ;
#7840=VECTOR('Line Direction',#7839,1.) ;
#7858=VECTOR('Line Direction',#7857,1.) ;
#7876=VECTOR('Line Direction',#7875,1.) ;
#7894=VECTOR('Line Direction',#7893,1.) ;
#7912=VECTOR('Line Direction',#7911,1.) ;
#7930=VECTOR('Line Direction',#7929,1.) ;
#7948=VECTOR('Line Direction',#7947,1.) ;
#7966=VECTOR('Line Direction',#7965,1.) ;
#7984=VECTOR('Line Direction',#7983,1.) ;
#8002=VECTOR('Line Direction',#8001,1.) ;
#8020=VECTOR('Line Direction',#8019,1.) ;
#8038=VECTOR('Line Direction',#8037,1.) ;
#8056=VECTOR('Line Direction',#8055,1.) ;
#8074=VECTOR('Line Direction',#8073,1.) ;
#8092=VECTOR('Line Direction',#8091,1.) ;
#8110=VECTOR('Line Direction',#8109,1.) ;
#8128=VECTOR('Line Direction',#8127,1.) ;
#8146=VECTOR('Line Direction',#8145,1.) ;
#8164=VECTOR('Line Direction',#8163,1.) ;
#8182=VECTOR('Line Direction',#8181,1.) ;
#8200=VECTOR('Line Direction',#8199,1.) ;
#8218=VECTOR('Line Direction',#8217,1.) ;
#8236=VECTOR('Line Direction',#8235,1.) ;
#8254=VECTOR('Line Direction',#8253,1.) ;
#8272=VECTOR('Line Direction',#8271,1.) ;
#8290=VECTOR('Line Direction',#8289,1.) ;
#8308=VECTOR('Line Direction',#8307,1.) ;
#8326=VECTOR('Line Direction',#8325,1.) ;
#8344=VECTOR('Line Direction',#8343,1.) ;
#8362=VECTOR('Line Direction',#8361,1.) ;
#8380=VECTOR('Line Direction',#8379,1.) ;
#8398=VECTOR('Line Direction',#8397,1.) ;
#8416=VECTOR('Line Direction',#8415,1.) ;
#8434=VECTOR('Line Direction',#8433,1.) ;
#8452=VECTOR('Line Direction',#8451,1.) ;
#8470=VECTOR('Line Direction',#8469,1.) ;
#8488=VECTOR('Line Direction',#8487,1.) ;
#8554=VECTOR('Line Direction',#8553,1.) ;
#8568=VECTOR('Line Direction',#8567,1.) ;
#8586=VECTOR('Line Direction',#8585,1.) ;
#8600=VECTOR('Line Direction',#8599,1.) ;
#8626=VECTOR('Line Direction',#8625,1.) ;
#8649=VECTOR('Line Direction',#8648,1.) ;
#8672=VECTOR('Line Direction',#8671,1.) ;
#8686=VECTOR('Line Direction',#8685,1.) ;
#8700=VECTOR('Line Direction',#8699,1.) ;
#8714=VECTOR('Line Direction',#8713,1.) ;
#8728=VECTOR('Line Direction',#8727,1.) ;
#8751=VECTOR('Line Direction',#8750,1.) ;
#8774=VECTOR('Line Direction',#8773,1.) ;
#8800=VECTOR('Line Direction',#8799,1.) ;
#8838=VECTOR('Line Direction',#8837,1.) ;
#8845=VECTOR('Line Direction',#8844,1.) ;
#8881=VECTOR('Line Direction',#8880,1.) ;
#8893=VECTOR('Line Direction',#8892,1.) ;
#8907=VECTOR('Line Direction',#8906,1.) ;
#8921=VECTOR('Line Direction',#8920,1.) ;
#8944=VECTOR('Line Direction',#8943,1.) ;
#8967=VECTOR('Line Direction',#8966,1.) ;
#8990=VECTOR('Line Direction',#8989,1.) ;
#9013=VECTOR('Line Direction',#9012,1.) ;
#9027=VECTOR('Line Direction',#9026,1.) ;
#9041=VECTOR('Line Direction',#9040,1.) ;
#9055=VECTOR('Line Direction',#9054,1.) ;
#9093=VECTOR('Line Direction',#9092,1.) ;
#9111=VECTOR('Line Direction',#9110,1.) ;
#9129=VECTOR('Line Direction',#9128,1.) ;
#9147=VECTOR('Line Direction',#9146,1.) ;
#9165=VECTOR('Line Direction',#9164,1.) ;
#9183=VECTOR('Line Direction',#9182,1.) ;
#9201=VECTOR('Line Direction',#9200,1.) ;
#9219=VECTOR('Line Direction',#9218,1.) ;
#9237=VECTOR('Line Direction',#9236,1.) ;
#9255=VECTOR('Line Direction',#9254,1.) ;
#9273=VECTOR('Line Direction',#9272,1.) ;
#9291=VECTOR('Line Direction',#9290,1.) ;
#9309=VECTOR('Line Direction',#9308,1.) ;
#9327=VECTOR('Line Direction',#9326,1.) ;
#9345=VECTOR('Line Direction',#9344,1.) ;
#9363=VECTOR('Line Direction',#9362,1.) ;
#9381=VECTOR('Line Direction',#9380,1.) ;
#9399=VECTOR('Line Direction',#9398,1.) ;
#9417=VECTOR('Line Direction',#9416,1.) ;
#9435=VECTOR('Line Direction',#9434,1.) ;
#9453=VECTOR('Line Direction',#9452,1.) ;
#9523=VECTOR('Line Direction',#9522,1.) ;
#9532=VECTOR('Line Direction',#9531,1.) ;
#9539=VECTOR('Line Direction',#9538,1.) ;
#9546=VECTOR('Line Direction',#9545,1.) ;
#9571=VECTOR('Line Direction',#9570,1.) ;
#9599=VECTOR('Line Direction',#9598,1.) ;
#9625=VECTOR('Line Direction',#9624,1.) ;
#9651=VECTOR('Line Direction',#9650,1.) ;
#9901=VECTOR('Line Direction',#9900,1.) ;
#9915=VECTOR('Line Direction',#9914,1.) ;
#9922=VECTOR('Line Direction',#9921,1.) ;
#9929=VECTOR('Line Direction',#9928,1.) ;
#9943=VECTOR('Line Direction',#9942,1.) ;
#9950=VECTOR('Line Direction',#9949,1.) ;
#9957=VECTOR('Line Direction',#9956,1.) ;
#9971=VECTOR('Line Direction',#9970,1.) ;
#9978=VECTOR('Line Direction',#9977,1.) ;
#9985=VECTOR('Line Direction',#9984,1.) ;
#9999=VECTOR('Line Direction',#9998,1.) ;
#10029=VECTOR('Line Direction',#10028,1.) ;
#10036=VECTOR('Line Direction',#10035,1.) ;
#10063=VECTOR('Line Direction',#10062,1.) ;
#10077=VECTOR('Line Direction',#10076,1.) ;
#10091=VECTOR('Line Direction',#10090,1.) ;
#10105=VECTOR('Line Direction',#10104,1.) ;
#10336=VECTOR('Line Direction',#10335,1.) ;
#10361=VECTOR('Line Direction',#10360,1.) ;
#10368=VECTOR('Line Direction',#10367,1.) ;
#10375=VECTOR('Line Direction',#10374,1.) ;
#10398=VECTOR('Line Direction',#10397,1.) ;
#10405=VECTOR('Line Direction',#10404,1.) ;
#10412=VECTOR('Line Direction',#10411,1.) ;
#10435=VECTOR('Line Direction',#10434,1.) ;
#10456=VECTOR('Line Direction',#10455,1.) ;
#10463=VECTOR('Line Direction',#10462,1.) ;
#10493=VECTOR('Line Direction',#10492,1.) ;
#10511=VECTOR('Line Direction',#10510,1.) ;
#10518=VECTOR('Line Direction',#10517,1.) ;
#10525=VECTOR('Line Direction',#10524,1.) ;
#10553=VECTOR('Line Direction',#10552,1.) ;
#10571=VECTOR('Line Direction',#10570,1.) ;
#10578=VECTOR('Line Direction',#10577,1.) ;
#10606=VECTOR('Line Direction',#10605,1.) ;
#10624=VECTOR('Line Direction',#10623,1.) ;
#10631=VECTOR('Line Direction',#10630,1.) ;
#10656=VECTOR('Line Direction',#10655,1.) ;
#10674=VECTOR('Line Direction',#10673,1.) ;
#10681=VECTOR('Line Direction',#10680,1.) ;
#10717=VECTOR('Line Direction',#10716,1.) ;
#10722=VECTOR('Line Direction',#10721,1.) ;
#10753=VECTOR('Line Direction',#10752,1.) ;
#10758=VECTOR('Line Direction',#10757,1.) ;
#10789=VECTOR('Line Direction',#10788,1.) ;
#10794=VECTOR('Line Direction',#10793,1.) ;
#10825=VECTOR('Line Direction',#10824,1.) ;
#10830=VECTOR('Line Direction',#10829,1.) ;
#10861=VECTOR('Line Direction',#10860,1.) ;
#10879=VECTOR('Line Direction',#10878,1.) ;
#10897=VECTOR('Line Direction',#10896,1.) ;
#10915=VECTOR('Line Direction',#10914,1.) ;
#10933=VECTOR('Line Direction',#10932,1.) ;
#10951=VECTOR('Line Direction',#10950,1.) ;
#10969=VECTOR('Line Direction',#10968,1.) ;
#10987=VECTOR('Line Direction',#10986,1.) ;
#11005=VECTOR('Line Direction',#11004,1.) ;
#11023=VECTOR('Line Direction',#11022,1.) ;
#11041=VECTOR('Line Direction',#11040,1.) ;
#11059=VECTOR('Line Direction',#11058,1.) ;
#11090=VECTOR('Line Direction',#11089,1.) ;
#11097=VECTOR('Line Direction',#11096,1.) ;
#11122=VECTOR('Line Direction',#11121,1.) ;
#11129=VECTOR('Line Direction',#11128,1.) ;
#11147=VECTOR('Line Direction',#11146,1.) ;
#11172=VECTOR('Line Direction',#11171,1.) ;
#11179=VECTOR('Line Direction',#11178,1.) ;
#11197=VECTOR('Line Direction',#11196,1.) ;
#11222=VECTOR('Line Direction',#11221,1.) ;
#11229=VECTOR('Line Direction',#11228,1.) ;
#11247=VECTOR('Line Direction',#11246,1.) ;
#11272=VECTOR('Line Direction',#11271,1.) ;
#11311=VECTOR('Line Direction',#11310,1.) ;
#11337=VECTOR('Line Direction',#11336,1.) ;
#11363=VECTOR('Line Direction',#11362,1.) ;
#11389=VECTOR('Line Direction',#11388,1.) ;
#11442=VECTOR('Line Direction',#11441,1.) ;
#11468=VECTOR('Line Direction',#11467,1.) ;
#11494=VECTOR('Line Direction',#11493,1.) ;
#11520=VECTOR('Line Direction',#11519,1.) ;
#11600=VECTOR('Line Direction',#11599,1.) ;
#11666=VECTOR('Line Direction',#11665,1.) ;
#11732=VECTOR('Line Direction',#11731,1.) ;
#11798=VECTOR('Line Direction',#11797,1.) ;
#11864=VECTOR('Line Direction',#11863,1.) ;
#11930=VECTOR('Line Direction',#11929,1.) ;
#11996=VECTOR('Line Direction',#11995,1.) ;
#12062=VECTOR('Line Direction',#12061,1.) ;
#12080=VECTOR('Line Direction',#12079,1.) ;
#12098=VECTOR('Line Direction',#12097,1.) ;
#12153=VECTOR('Line Direction',#12152,1.) ;
#12245=VECTOR('Line Direction',#12244,1.) ;
#12300=VECTOR('Line Direction',#12299,1.) ;
#12355=VECTOR('Line Direction',#12354,1.) ;
#12373=VECTOR('Line Direction',#12372,1.) ;
#12428=VECTOR('Line Direction',#12427,1.) ;
#12520=VECTOR('Line Direction',#12519,1.) ;
#12538=VECTOR('Line Direction',#12537,1.) ;
#12600=VECTOR('Line Direction',#12599,1.) ;
#12694=VECTOR('Line Direction',#12693,1.) ;
#12744=VECTOR('Line Direction',#12743,1.) ;
#12773=VECTOR('Line Direction',#12772,1.) ;
#12791=VECTOR('Line Direction',#12790,1.) ;
#12832=VECTOR('Line Direction',#12831,1.) ;
#12884=VECTOR('Line Direction',#12883,1.) ;
#12902=VECTOR('Line Direction',#12901,1.) ;
#12946=VECTOR('Line Direction',#12945,1.) ;
#12977=VECTOR('Line Direction',#12976,1.) ;
#13043=VECTOR('Line Direction',#13042,1.) ;
#13057=VECTOR('Line Direction',#13056,1.) ;
#13082=VECTOR('Line Direction',#13081,1.) ;
#13110=VECTOR('Line Direction',#13109,1.) ;
#13136=VECTOR('Line Direction',#13135,1.) ;
#13162=VECTOR('Line Direction',#13161,1.) ;
#13419=VECTOR('Line Direction',#13418,1.) ;
#13424=VECTOR('Line Direction',#13423,1.) ;
#13442=VECTOR('Line Direction',#13441,1.) ;
#13449=VECTOR('Line Direction',#13448,1.) ;
#13456=VECTOR('Line Direction',#13455,1.) ;
#13481=VECTOR('Line Direction',#13480,1.) ;
#13499=VECTOR('Line Direction',#13498,1.) ;
#13506=VECTOR('Line Direction',#13505,1.) ;
#13531=VECTOR('Line Direction',#13530,1.) ;
#13549=VECTOR('Line Direction',#13548,1.) ;
#13556=VECTOR('Line Direction',#13555,1.) ;
#13581=VECTOR('Line Direction',#13580,1.) ;
#13599=VECTOR('Line Direction',#13598,1.) ;
#13606=VECTOR('Line Direction',#13605,1.) ;
#13642=VECTOR('Line Direction',#13641,1.) ;
#13656=VECTOR('Line Direction',#13655,1.) ;
#13692=VECTOR('Line Direction',#13691,1.) ;
#13706=VECTOR('Line Direction',#13705,1.) ;
#13742=VECTOR('Line Direction',#13741,1.) ;
#13756=VECTOR('Line Direction',#13755,1.) ;
#13891=VECTOR('Line Direction',#13890,1.) ;
#13896=VECTOR('Line Direction',#13895,1.) ;
#13927=VECTOR('Line Direction',#13926,1.) ;
#13932=VECTOR('Line Direction',#13931,1.) ;
#13963=VECTOR('Line Direction',#13962,1.) ;
#13968=VECTOR('Line Direction',#13967,1.) ;
#14025=VECTOR('Line Direction',#14024,1.) ;
#14047=VECTOR('Line Direction',#14046,1.) ;
#14054=VECTOR('Line Direction',#14053,1.) ;
#14079=VECTOR('Line Direction',#14078,1.) ;
#14114=VECTOR('Line Direction',#14113,1.) ;
#14121=VECTOR('Line Direction',#14120,1.) ;
#14142=VECTOR('Line Direction',#14141,1.) ;
#14175=VECTOR('Line Direction',#14174,1.) ;
#14182=VECTOR('Line Direction',#14181,1.) ;
#14205=VECTOR('Line Direction',#14204,1.) ;
#14288=VECTOR('Line Direction',#14287,1.) ;
#14297=VECTOR('Line Direction',#14296,1.) ;
#14317=VECTOR('Line Direction',#14316,1.) ;
#14324=VECTOR('Line Direction',#14323,1.) ;
#14354=VECTOR('Line Direction',#14353,1.) ;
#14359=VECTOR('Line Direction',#14358,1.) ;
#14366=VECTOR('Line Direction',#14365,1.) ;
#14449=VECTOR('Line Direction',#14448,1.) ;
#14486=VECTOR('Line Direction',#14485,1.) ;
#14529=VECTOR('Line Direction',#14528,1.) ;
#14561=VECTOR('Line Direction',#14560,1.) ;
#14604=VECTOR('Line Direction',#14603,1.) ;
#14692=VECTOR('Line Direction',#14691,1.) ;
#14699=VECTOR('Line Direction',#14698,1.) ;
#14742=VECTOR('Line Direction',#14741,1.) ;
#14756=VECTOR('Line Direction',#14755,1.) ;
#14792=VECTOR('Line Direction',#14791,1.) ;
#14799=VECTOR('Line Direction',#14798,1.) ;
#20=UNCERTAINTY_MEASURE_WITH_UNIT(LENGTH_MEASURE(0.005),#17,'distance_accuracy_value','CONFUSED CURVE UNCERTAINTY') ;
#22=UNCERTAINTY_MEASURE_WITH_UNIT(LENGTH_MEASURE(0.005),#17,'distance_accuracy_value','CONFUSED CURVE UNCERTAINTY') ;
#30=UNCERTAINTY_MEASURE_WITH_UNIT(LENGTH_MEASURE(0.005),#17,'distance_accuracy_value','CONFUSED CURVE UNCERTAINTY') ;
#8527=UNCERTAINTY_MEASURE_WITH_UNIT(LENGTH_MEASURE(0.005),#17,'distance_accuracy_value','CONFUSED CURVE UNCERTAINTY') ;
#9505=UNCERTAINTY_MEASURE_WITH_UNIT(LENGTH_MEASURE(0.005),#17,'distance_accuracy_value','CONFUSED CURVE UNCERTAINTY') ;
#13016=UNCERTAINTY_MEASURE_WITH_UNIT(LENGTH_MEASURE(0.005),#17,'distance_accuracy_value','CONFUSED CURVE UNCERTAINTY') ;
#14007=UNCERTAINTY_MEASURE_WITH_UNIT(LENGTH_MEASURE(0.005),#17,'distance_accuracy_value','CONFUSED CURVE UNCERTAINTY') ;
#8516=CONTEXT_DEPENDENT_SHAPE_REPRESENTATION(#8517,#8515) ;
#9481=CONTEXT_DEPENDENT_SHAPE_REPRESENTATION(#9482,#9480) ;
#9494=CONTEXT_DEPENDENT_SHAPE_REPRESENTATION(#9495,#9493) ;
#13005=CONTEXT_DEPENDENT_SHAPE_REPRESENTATION(#13006,#13004) ;
#13996=CONTEXT_DEPENDENT_SHAPE_REPRESENTATION(#13997,#13995) ;
#14850=CONTEXT_DEPENDENT_SHAPE_REPRESENTATION(#14851,#14849) ;
#14863=CONTEXT_DEPENDENT_SHAPE_REPRESENTATION(#14864,#14862) ;
#14876=CONTEXT_DEPENDENT_SHAPE_REPRESENTATION(#14877,#14875) ;
#14889=CONTEXT_DEPENDENT_SHAPE_REPRESENTATION(#14890,#14888) ;
#8513=SHAPE_REPRESENTATION_RELATIONSHIP(' ',' ',#32,#8512) ;
#9478=SHAPE_REPRESENTATION_RELATIONSHIP(' ',' ',#8529,#9477) ;
#13002=SHAPE_REPRESENTATION_RELATIONSHIP(' ',' ',#9507,#13001) ;
#13993=SHAPE_REPRESENTATION_RELATIONSHIP(' ',' ',#13018,#13992) ;
#14847=SHAPE_REPRESENTATION_RELATIONSHIP(' ',' ',#14009,#14846) ;
#82=ORIENTED_EDGE('',*,*,#61,.F.) ;
#83=ORIENTED_EDGE('',*,*,#68,.F.) ;
#84=ORIENTED_EDGE('',*,*,#75,.F.) ;
#85=ORIENTED_EDGE('',*,*,#80,.T.) ;
#2217=ORIENTED_EDGE('',*,*,#124,.T.) ;
#2218=ORIENTED_EDGE('',*,*,#140,.T.) ;
#2219=ORIENTED_EDGE('',*,*,#147,.T.) ;
#2220=ORIENTED_EDGE('',*,*,#154,.T.) ;
#2221=ORIENTED_EDGE('',*,*,#161,.T.) ;
#2222=ORIENTED_EDGE('',*,*,#177,.T.) ;
#2223=ORIENTED_EDGE('',*,*,#182,.T.) ;
#2224=ORIENTED_EDGE('',*,*,#61,.T.) ;
#2225=ORIENTED_EDGE('',*,*,#189,.T.) ;
#2226=ORIENTED_EDGE('',*,*,#205,.T.) ;
#2227=ORIENTED_EDGE('',*,*,#212,.T.) ;
#2228=ORIENTED_EDGE('',*,*,#219,.T.) ;
#2229=ORIENTED_EDGE('',*,*,#226,.T.) ;
#2230=ORIENTED_EDGE('',*,*,#242,.T.) ;
#2231=ORIENTED_EDGE('',*,*,#249,.T.) ;
#2232=ORIENTED_EDGE('',*,*,#268,.T.) ;
#2233=ORIENTED_EDGE('',*,*,#275,.T.) ;
#2234=ORIENTED_EDGE('',*,*,#282,.T.) ;
#2235=ORIENTED_EDGE('',*,*,#289,.T.) ;
#2236=ORIENTED_EDGE('',*,*,#296,.T.) ;
#2237=ORIENTED_EDGE('',*,*,#303,.T.) ;
#2238=ORIENTED_EDGE('',*,*,#310,.T.) ;
#2239=ORIENTED_EDGE('',*,*,#317,.T.) ;
#2240=ORIENTED_EDGE('',*,*,#324,.T.) ;
#2241=ORIENTED_EDGE('',*,*,#331,.T.) ;
#2242=ORIENTED_EDGE('',*,*,#338,.T.) ;
#2243=ORIENTED_EDGE('',*,*,#345,.T.) ;
#2244=ORIENTED_EDGE('',*,*,#352,.T.) ;
#2245=ORIENTED_EDGE('',*,*,#359,.T.) ;
#2246=ORIENTED_EDGE('',*,*,#366,.T.) ;
#2247=ORIENTED_EDGE('',*,*,#373,.T.) ;
#2248=ORIENTED_EDGE('',*,*,#380,.T.) ;
#2249=ORIENTED_EDGE('',*,*,#387,.T.) ;
#2250=ORIENTED_EDGE('',*,*,#394,.T.) ;
#2251=ORIENTED_EDGE('',*,*,#401,.T.) ;
#2252=ORIENTED_EDGE('',*,*,#408,.T.) ;
#2253=ORIENTED_EDGE('',*,*,#415,.T.) ;
#2254=ORIENTED_EDGE('',*,*,#422,.T.) ;
#2255=ORIENTED_EDGE('',*,*,#429,.T.) ;
#2256=ORIENTED_EDGE('',*,*,#436,.T.) ;
#2257=ORIENTED_EDGE('',*,*,#443,.T.) ;
#2258=ORIENTED_EDGE('',*,*,#450,.T.) ;
#2259=ORIENTED_EDGE('',*,*,#457,.T.) ;
#2260=ORIENTED_EDGE('',*,*,#464,.T.) ;
#2261=ORIENTED_EDGE('',*,*,#471,.T.) ;
#2262=ORIENTED_EDGE('',*,*,#478,.T.) ;
#2263=ORIENTED_EDGE('',*,*,#485,.T.) ;
#2264=ORIENTED_EDGE('',*,*,#492,.T.) ;
#2265=ORIENTED_EDGE('',*,*,#499,.T.) ;
#2266=ORIENTED_EDGE('',*,*,#506,.T.) ;
#2267=ORIENTED_EDGE('',*,*,#513,.T.) ;
#2268=ORIENTED_EDGE('',*,*,#520,.T.) ;
#2269=ORIENTED_EDGE('',*,*,#527,.T.) ;
#2270=ORIENTED_EDGE('',*,*,#534,.T.) ;
#2271=ORIENTED_EDGE('',*,*,#541,.T.) ;
#2272=ORIENTED_EDGE('',*,*,#548,.T.) ;
#2273=ORIENTED_EDGE('',*,*,#555,.T.) ;
#2274=ORIENTED_EDGE('',*,*,#562,.T.) ;
#2275=ORIENTED_EDGE('',*,*,#569,.T.) ;
#2276=ORIENTED_EDGE('',*,*,#576,.T.) ;
#2277=ORIENTED_EDGE('',*,*,#583,.T.) ;
#2278=ORIENTED_EDGE('',*,*,#596,.T.) ;
#2279=ORIENTED_EDGE('',*,*,#603,.T.) ;
#2280=ORIENTED_EDGE('',*,*,#610,.T.) ;
#2281=ORIENTED_EDGE('',*,*,#626,.T.) ;
#2282=ORIENTED_EDGE('',*,*,#633,.T.) ;
#2283=ORIENTED_EDGE('',*,*,#649,.T.) ;
#2284=ORIENTED_EDGE('',*,*,#656,.T.) ;
#2285=ORIENTED_EDGE('',*,*,#669,.T.) ;
#2286=ORIENTED_EDGE('',*,*,#676,.T.) ;
#2287=ORIENTED_EDGE('',*,*,#692,.T.) ;
#2288=ORIENTED_EDGE('',*,*,#699,.T.) ;
#2289=ORIENTED_EDGE('',*,*,#706,.T.) ;
#2290=ORIENTED_EDGE('',*,*,#713,.T.) ;
#2291=ORIENTED_EDGE('',*,*,#720,.T.) ;
#2292=ORIENTED_EDGE('',*,*,#736,.T.) ;
#2293=ORIENTED_EDGE('',*,*,#743,.T.) ;
#2294=ORIENTED_EDGE('',*,*,#750,.T.) ;
#2295=ORIENTED_EDGE('',*,*,#757,.T.) ;
#2296=ORIENTED_EDGE('',*,*,#764,.T.) ;
#2297=ORIENTED_EDGE('',*,*,#780,.T.) ;
#2298=ORIENTED_EDGE('',*,*,#787,.T.) ;
#2299=ORIENTED_EDGE('',*,*,#794,.T.) ;
#2300=ORIENTED_EDGE('',*,*,#801,.T.) ;
#2301=ORIENTED_EDGE('',*,*,#808,.T.) ;
#2302=ORIENTED_EDGE('',*,*,#821,.T.) ;
#2303=ORIENTED_EDGE('',*,*,#828,.T.) ;
#2304=ORIENTED_EDGE('',*,*,#847,.T.) ;
#2305=ORIENTED_EDGE('',*,*,#854,.T.) ;
#2306=ORIENTED_EDGE('',*,*,#861,.T.) ;
#2307=ORIENTED_EDGE('',*,*,#868,.F.) ;
#2308=ORIENTED_EDGE('',*,*,#875,.F.) ;
#2309=ORIENTED_EDGE('',*,*,#882,.F.) ;
#2310=ORIENTED_EDGE('',*,*,#910,.F.) ;
#2311=ORIENTED_EDGE('',*,*,#917,.F.) ;
#2312=ORIENTED_EDGE('',*,*,#945,.F.) ;
#2313=ORIENTED_EDGE('',*,*,#952,.F.) ;
#2314=ORIENTED_EDGE('',*,*,#980,.F.) ;
#2315=ORIENTED_EDGE('',*,*,#987,.F.) ;
#2316=ORIENTED_EDGE('',*,*,#1015,.F.) ;
#2317=ORIENTED_EDGE('',*,*,#1022,.F.) ;
#2318=ORIENTED_EDGE('',*,*,#1050,.F.) ;
#2319=ORIENTED_EDGE('',*,*,#1057,.F.) ;
#2320=ORIENTED_EDGE('',*,*,#1085,.F.) ;
#2321=ORIENTED_EDGE('',*,*,#1092,.F.) ;
#2322=ORIENTED_EDGE('',*,*,#1099,.F.) ;
#2323=ORIENTED_EDGE('',*,*,#1106,.F.) ;
#2324=ORIENTED_EDGE('',*,*,#1134,.F.) ;
#2325=ORIENTED_EDGE('',*,*,#1141,.F.) ;
#2326=ORIENTED_EDGE('',*,*,#1169,.F.) ;
#2327=ORIENTED_EDGE('',*,*,#1176,.F.) ;
#2328=ORIENTED_EDGE('',*,*,#1183,.F.) ;
#2329=ORIENTED_EDGE('',*,*,#1190,.F.) ;
#2330=ORIENTED_EDGE('',*,*,#1218,.F.) ;
#2331=ORIENTED_EDGE('',*,*,#1225,.F.) ;
#2332=ORIENTED_EDGE('',*,*,#1253,.F.) ;
#2333=ORIENTED_EDGE('',*,*,#1260,.F.) ;
#2334=ORIENTED_EDGE('',*,*,#1288,.F.) ;
#2335=ORIENTED_EDGE('',*,*,#1295,.F.) ;
#2336=ORIENTED_EDGE('',*,*,#1323,.F.) ;
#2337=ORIENTED_EDGE('',*,*,#1330,.F.) ;
#2338=ORIENTED_EDGE('',*,*,#1358,.F.) ;
#2339=ORIENTED_EDGE('',*,*,#1365,.F.) ;
#2340=ORIENTED_EDGE('',*,*,#1393,.F.) ;
#2341=ORIENTED_EDGE('',*,*,#1400,.F.) ;
#2342=ORIENTED_EDGE('',*,*,#1407,.F.) ;
#2343=ORIENTED_EDGE('',*,*,#1414,.F.) ;
#2344=ORIENTED_EDGE('',*,*,#1421,.T.) ;
#2345=ORIENTED_EDGE('',*,*,#1428,.T.) ;
#2346=ORIENTED_EDGE('',*,*,#1447,.T.) ;
#2347=ORIENTED_EDGE('',*,*,#1454,.T.) ;
#2348=ORIENTED_EDGE('',*,*,#1467,.T.) ;
#2349=ORIENTED_EDGE('',*,*,#1474,.T.) ;
#2350=ORIENTED_EDGE('',*,*,#1481,.T.) ;
#2351=ORIENTED_EDGE('',*,*,#1488,.T.) ;
#2352=ORIENTED_EDGE('',*,*,#1495,.T.) ;
#2353=ORIENTED_EDGE('',*,*,#1511,.T.) ;
#2354=ORIENTED_EDGE('',*,*,#1518,.T.) ;
#2355=ORIENTED_EDGE('',*,*,#1525,.T.) ;
#2356=ORIENTED_EDGE('',*,*,#1532,.T.) ;
#2357=ORIENTED_EDGE('',*,*,#1539,.T.) ;
#2358=ORIENTED_EDGE('',*,*,#1555,.T.) ;
#2359=ORIENTED_EDGE('',*,*,#1562,.T.) ;
#2360=ORIENTED_EDGE('',*,*,#1569,.T.) ;
#2361=ORIENTED_EDGE('',*,*,#1576,.T.) ;
#2362=ORIENTED_EDGE('',*,*,#1583,.T.) ;
#2363=ORIENTED_EDGE('',*,*,#1599,.T.) ;
#2364=ORIENTED_EDGE('',*,*,#1606,.T.) ;
#2365=ORIENTED_EDGE('',*,*,#1619,.T.) ;
#2366=ORIENTED_EDGE('',*,*,#1626,.T.) ;
#2367=ORIENTED_EDGE('',*,*,#1642,.T.) ;
#2368=ORIENTED_EDGE('',*,*,#1649,.T.) ;
#2369=ORIENTED_EDGE('',*,*,#1665,.T.) ;
#2370=ORIENTED_EDGE('',*,*,#1672,.T.) ;
#2371=ORIENTED_EDGE('',*,*,#1679,.T.) ;
#2372=ORIENTED_EDGE('',*,*,#1692,.T.) ;
#2373=ORIENTED_EDGE('',*,*,#1699,.T.) ;
#2374=ORIENTED_EDGE('',*,*,#1706,.T.) ;
#2375=ORIENTED_EDGE('',*,*,#1713,.T.) ;
#2376=ORIENTED_EDGE('',*,*,#1720,.T.) ;
#2377=ORIENTED_EDGE('',*,*,#1727,.T.) ;
#2378=ORIENTED_EDGE('',*,*,#1734,.T.) ;
#2379=ORIENTED_EDGE('',*,*,#1741,.T.) ;
#2380=ORIENTED_EDGE('',*,*,#1748,.T.) ;
#2381=ORIENTED_EDGE('',*,*,#1755,.T.) ;
#2382=ORIENTED_EDGE('',*,*,#1762,.T.) ;
#2383=ORIENTED_EDGE('',*,*,#1769,.T.) ;
#2384=ORIENTED_EDGE('',*,*,#1776,.T.) ;
#2385=ORIENTED_EDGE('',*,*,#1783,.T.) ;
#2386=ORIENTED_EDGE('',*,*,#1790,.T.) ;
#2387=ORIENTED_EDGE('',*,*,#1797,.T.) ;
#2388=ORIENTED_EDGE('',*,*,#1804,.T.) ;
#2389=ORIENTED_EDGE('',*,*,#1811,.T.) ;
#2390=ORIENTED_EDGE('',*,*,#1818,.T.) ;
#2391=ORIENTED_EDGE('',*,*,#1825,.T.) ;
#2392=ORIENTED_EDGE('',*,*,#1832,.T.) ;
#2393=ORIENTED_EDGE('',*,*,#1839,.T.) ;
#2394=ORIENTED_EDGE('',*,*,#1846,.T.) ;
#2395=ORIENTED_EDGE('',*,*,#1853,.T.) ;
#2396=ORIENTED_EDGE('',*,*,#1860,.T.) ;
#2397=ORIENTED_EDGE('',*,*,#1867,.T.) ;
#2398=ORIENTED_EDGE('',*,*,#1874,.T.) ;
#2399=ORIENTED_EDGE('',*,*,#1881,.T.) ;
#2400=ORIENTED_EDGE('',*,*,#1888,.T.) ;
#2401=ORIENTED_EDGE('',*,*,#1895,.T.) ;
#2402=ORIENTED_EDGE('',*,*,#1902,.T.) ;
#2403=ORIENTED_EDGE('',*,*,#1909,.T.) ;
#2404=ORIENTED_EDGE('',*,*,#1916,.T.) ;
#2405=ORIENTED_EDGE('',*,*,#1923,.T.) ;
#2406=ORIENTED_EDGE('',*,*,#1930,.T.) ;
#2407=ORIENTED_EDGE('',*,*,#1937,.T.) ;
#2408=ORIENTED_EDGE('',*,*,#1944,.T.) ;
#2409=ORIENTED_EDGE('',*,*,#1951,.T.) ;
#2410=ORIENTED_EDGE('',*,*,#1958,.T.) ;
#2411=ORIENTED_EDGE('',*,*,#1965,.T.) ;
#2412=ORIENTED_EDGE('',*,*,#1972,.T.) ;
#2413=ORIENTED_EDGE('',*,*,#1979,.T.) ;
#2414=ORIENTED_EDGE('',*,*,#1986,.T.) ;
#2415=ORIENTED_EDGE('',*,*,#1993,.T.) ;
#2416=ORIENTED_EDGE('',*,*,#2000,.T.) ;
#2417=ORIENTED_EDGE('',*,*,#2007,.T.) ;
#2418=ORIENTED_EDGE('',*,*,#2026,.T.) ;
#2419=ORIENTED_EDGE('',*,*,#2033,.T.) ;
#2420=ORIENTED_EDGE('',*,*,#2049,.T.) ;
#2421=ORIENTED_EDGE('',*,*,#2056,.T.) ;
#2422=ORIENTED_EDGE('',*,*,#2063,.T.) ;
#2423=ORIENTED_EDGE('',*,*,#2070,.T.) ;
#2424=ORIENTED_EDGE('',*,*,#2086,.T.) ;
#2425=ORIENTED_EDGE('',*,*,#2093,.T.) ;
#2426=ORIENTED_EDGE('',*,*,#2100,.T.) ;
#2427=ORIENTED_EDGE('',*,*,#2107,.T.) ;
#2428=ORIENTED_EDGE('',*,*,#2123,.T.) ;
#2429=ORIENTED_EDGE('',*,*,#2130,.T.) ;
#2430=ORIENTED_EDGE('',*,*,#2137,.T.) ;
#2431=ORIENTED_EDGE('',*,*,#2144,.T.) ;
#2432=ORIENTED_EDGE('',*,*,#2160,.T.) ;
#2433=ORIENTED_EDGE('',*,*,#2182,.T.) ;
#2434=ORIENTED_EDGE('',*,*,#2189,.T.) ;
#2435=ORIENTED_EDGE('',*,*,#2196,.T.) ;
#2436=ORIENTED_EDGE('',*,*,#2203,.T.) ;
#2437=ORIENTED_EDGE('',*,*,#2210,.T.) ;
#2438=ORIENTED_EDGE('',*,*,#2215,.T.) ;
#2460=ORIENTED_EDGE('',*,*,#182,.F.) ;
#2461=ORIENTED_EDGE('',*,*,#2453,.F.) ;
#2462=ORIENTED_EDGE('',*,*,#2458,.F.) ;
#2463=ORIENTED_EDGE('',*,*,#68,.T.) ;
#4332=ORIENTED_EDGE('',*,*,#2480,.T.) ;
#4333=ORIENTED_EDGE('',*,*,#2487,.T.) ;
#4334=ORIENTED_EDGE('',*,*,#2506,.T.) ;
#4335=ORIENTED_EDGE('',*,*,#2513,.T.) ;
#4336=ORIENTED_EDGE('',*,*,#2532,.T.) ;
#4337=ORIENTED_EDGE('',*,*,#2539,.T.) ;
#4338=ORIENTED_EDGE('',*,*,#2546,.T.) ;
#4339=ORIENTED_EDGE('',*,*,#2553,.T.) ;
#4340=ORIENTED_EDGE('',*,*,#2566,.T.) ;
#4341=ORIENTED_EDGE('',*,*,#2576,.T.) ;
#4342=ORIENTED_EDGE('',*,*,#2589,.T.) ;
#4343=ORIENTED_EDGE('',*,*,#2596,.T.) ;
#4344=ORIENTED_EDGE('',*,*,#2609,.T.) ;
#4345=ORIENTED_EDGE('',*,*,#2619,.T.) ;
#4346=ORIENTED_EDGE('',*,*,#2632,.T.) ;
#4347=ORIENTED_EDGE('',*,*,#2639,.T.) ;
#4348=ORIENTED_EDGE('',*,*,#2652,.T.) ;
#4349=ORIENTED_EDGE('',*,*,#2662,.T.) ;
#4350=ORIENTED_EDGE('',*,*,#2675,.T.) ;
#4351=ORIENTED_EDGE('',*,*,#2682,.T.) ;
#4352=ORIENTED_EDGE('',*,*,#2689,.T.) ;
#4353=ORIENTED_EDGE('',*,*,#2696,.T.) ;
#4354=ORIENTED_EDGE('',*,*,#2709,.T.) ;
#4355=ORIENTED_EDGE('',*,*,#2716,.T.) ;
#4356=ORIENTED_EDGE('',*,*,#2723,.T.) ;
#4357=ORIENTED_EDGE('',*,*,#2730,.T.) ;
#4358=ORIENTED_EDGE('',*,*,#2737,.T.) ;
#4359=ORIENTED_EDGE('',*,*,#2744,.T.) ;
#4360=ORIENTED_EDGE('',*,*,#2751,.T.) ;
#4361=ORIENTED_EDGE('',*,*,#2758,.T.) ;
#4362=ORIENTED_EDGE('',*,*,#2765,.T.) ;
#4363=ORIENTED_EDGE('',*,*,#2772,.T.) ;
#4364=ORIENTED_EDGE('',*,*,#2779,.T.) ;
#4365=ORIENTED_EDGE('',*,*,#2786,.T.) ;
#4366=ORIENTED_EDGE('',*,*,#2793,.T.) ;
#4367=ORIENTED_EDGE('',*,*,#2800,.T.) ;
#4368=ORIENTED_EDGE('',*,*,#2807,.T.) ;
#4369=ORIENTED_EDGE('',*,*,#2814,.T.) ;
#4370=ORIENTED_EDGE('',*,*,#2821,.T.) ;
#4371=ORIENTED_EDGE('',*,*,#2828,.T.) ;
#4372=ORIENTED_EDGE('',*,*,#2835,.T.) ;
#4373=ORIENTED_EDGE('',*,*,#2842,.T.) ;
#4374=ORIENTED_EDGE('',*,*,#2849,.T.) ;
#4375=ORIENTED_EDGE('',*,*,#2856,.T.) ;
#4376=ORIENTED_EDGE('',*,*,#2863,.T.) ;
#4377=ORIENTED_EDGE('',*,*,#2870,.T.) ;
#4378=ORIENTED_EDGE('',*,*,#2877,.T.) ;
#4379=ORIENTED_EDGE('',*,*,#2884,.T.) ;
#4380=ORIENTED_EDGE('',*,*,#2891,.T.) ;
#4381=ORIENTED_EDGE('',*,*,#2898,.T.) ;
#4382=ORIENTED_EDGE('',*,*,#2905,.T.) ;
#4383=ORIENTED_EDGE('',*,*,#2912,.T.) ;
#4384=ORIENTED_EDGE('',*,*,#2919,.T.) ;
#4385=ORIENTED_EDGE('',*,*,#2926,.T.) ;
#4386=ORIENTED_EDGE('',*,*,#2933,.T.) ;
#4387=ORIENTED_EDGE('',*,*,#2940,.T.) ;
#4388=ORIENTED_EDGE('',*,*,#2947,.T.) ;
#4389=ORIENTED_EDGE('',*,*,#2954,.T.) ;
#4390=ORIENTED_EDGE('',*,*,#2961,.T.) ;
#4391=ORIENTED_EDGE('',*,*,#2968,.T.) ;
#4392=ORIENTED_EDGE('',*,*,#2975,.T.) ;
#4393=ORIENTED_EDGE('',*,*,#2982,.T.) ;
#4394=ORIENTED_EDGE('',*,*,#2989,.T.) ;
#4395=ORIENTED_EDGE('',*,*,#2996,.T.) ;
#4396=ORIENTED_EDGE('',*,*,#3003,.T.) ;
#4397=ORIENTED_EDGE('',*,*,#3010,.T.) ;
#4398=ORIENTED_EDGE('',*,*,#3023,.T.) ;
#4399=ORIENTED_EDGE('',*,*,#3030,.T.) ;
#4400=ORIENTED_EDGE('',*,*,#3043,.T.) ;
#4401=ORIENTED_EDGE('',*,*,#3050,.T.) ;
#4402=ORIENTED_EDGE('',*,*,#3057,.T.) ;
#4403=ORIENTED_EDGE('',*,*,#3064,.T.) ;
#4404=ORIENTED_EDGE('',*,*,#3071,.T.) ;
#4405=ORIENTED_EDGE('',*,*,#3078,.T.) ;
#4406=ORIENTED_EDGE('',*,*,#3085,.T.) ;
#4407=ORIENTED_EDGE('',*,*,#3098,.T.) ;
#4408=ORIENTED_EDGE('',*,*,#3105,.T.) ;
#4409=ORIENTED_EDGE('',*,*,#3118,.T.) ;
#4410=ORIENTED_EDGE('',*,*,#3128,.T.) ;
#4411=ORIENTED_EDGE('',*,*,#3138,.T.) ;
#4412=ORIENTED_EDGE('',*,*,#3151,.T.) ;
#4413=ORIENTED_EDGE('',*,*,#3158,.T.) ;
#4414=ORIENTED_EDGE('',*,*,#3171,.T.) ;
#4415=ORIENTED_EDGE('',*,*,#3181,.T.) ;
#4416=ORIENTED_EDGE('',*,*,#3191,.T.) ;
#4417=ORIENTED_EDGE('',*,*,#3204,.T.) ;
#4418=ORIENTED_EDGE('',*,*,#3211,.T.) ;
#4419=ORIENTED_EDGE('',*,*,#3224,.T.) ;
#4420=ORIENTED_EDGE('',*,*,#3234,.T.) ;
#4421=ORIENTED_EDGE('',*,*,#3244,.T.) ;
#4422=ORIENTED_EDGE('',*,*,#3254,.T.) ;
#4423=ORIENTED_EDGE('',*,*,#3261,.T.) ;
#4424=ORIENTED_EDGE('',*,*,#3268,.T.) ;
#4425=ORIENTED_EDGE('',*,*,#3275,.T.) ;
#4426=ORIENTED_EDGE('',*,*,#3282,.T.) ;
#4427=ORIENTED_EDGE('',*,*,#3298,.T.) ;
#4428=ORIENTED_EDGE('',*,*,#3305,.F.) ;
#4429=ORIENTED_EDGE('',*,*,#3324,.F.) ;
#4430=ORIENTED_EDGE('',*,*,#3331,.F.) ;
#4431=ORIENTED_EDGE('',*,*,#3338,.F.) ;
#4432=ORIENTED_EDGE('',*,*,#3345,.F.) ;
#4433=ORIENTED_EDGE('',*,*,#3352,.F.) ;
#4434=ORIENTED_EDGE('',*,*,#3359,.F.) ;
#4435=ORIENTED_EDGE('',*,*,#3366,.F.) ;
#4436=ORIENTED_EDGE('',*,*,#3373,.F.) ;
#4437=ORIENTED_EDGE('',*,*,#3380,.F.) ;
#4438=ORIENTED_EDGE('',*,*,#3387,.F.) ;
#4439=ORIENTED_EDGE('',*,*,#3394,.F.) ;
#4440=ORIENTED_EDGE('',*,*,#3401,.F.) ;
#4441=ORIENTED_EDGE('',*,*,#3408,.F.) ;
#4442=ORIENTED_EDGE('',*,*,#3415,.F.) ;
#4443=ORIENTED_EDGE('',*,*,#3434,.F.) ;
#4444=ORIENTED_EDGE('',*,*,#3441,.F.) ;
#4445=ORIENTED_EDGE('',*,*,#3448,.F.) ;
#4446=ORIENTED_EDGE('',*,*,#3455,.F.) ;
#4447=ORIENTED_EDGE('',*,*,#3462,.F.) ;
#4448=ORIENTED_EDGE('',*,*,#3469,.F.) ;
#4449=ORIENTED_EDGE('',*,*,#3488,.F.) ;
#4450=ORIENTED_EDGE('',*,*,#3495,.F.) ;
#4451=ORIENTED_EDGE('',*,*,#3502,.F.) ;
#4452=ORIENTED_EDGE('',*,*,#3509,.F.) ;
#4453=ORIENTED_EDGE('',*,*,#3516,.F.) ;
#4454=ORIENTED_EDGE('',*,*,#3523,.F.) ;
#4455=ORIENTED_EDGE('',*,*,#3530,.F.) ;
#4456=ORIENTED_EDGE('',*,*,#3537,.F.) ;
#4457=ORIENTED_EDGE('',*,*,#3544,.F.) ;
#4458=ORIENTED_EDGE('',*,*,#3551,.F.) ;
#4459=ORIENTED_EDGE('',*,*,#3558,.F.) ;
#4460=ORIENTED_EDGE('',*,*,#3565,.F.) ;
#4461=ORIENTED_EDGE('',*,*,#3572,.F.) ;
#4462=ORIENTED_EDGE('',*,*,#3579,.F.) ;
#4463=ORIENTED_EDGE('',*,*,#3598,.F.) ;
#4464=ORIENTED_EDGE('',*,*,#3605,.F.) ;
#4465=ORIENTED_EDGE('',*,*,#3621,.T.) ;
#4466=ORIENTED_EDGE('',*,*,#3628,.T.) ;
#4467=ORIENTED_EDGE('',*,*,#3635,.T.) ;
#4468=ORIENTED_EDGE('',*,*,#3642,.T.) ;
#4469=ORIENTED_EDGE('',*,*,#3649,.T.) ;
#4470=ORIENTED_EDGE('',*,*,#3659,.T.) ;
#4471=ORIENTED_EDGE('',*,*,#3669,.T.) ;
#4472=ORIENTED_EDGE('',*,*,#3679,.T.) ;
#4473=ORIENTED_EDGE('',*,*,#3692,.T.) ;
#4474=ORIENTED_EDGE('',*,*,#3699,.T.) ;
#4475=ORIENTED_EDGE('',*,*,#3712,.T.) ;
#4476=ORIENTED_EDGE('',*,*,#3722,.T.) ;
#4477=ORIENTED_EDGE('',*,*,#3732,.T.) ;
#4478=ORIENTED_EDGE('',*,*,#3745,.T.) ;
#4479=ORIENTED_EDGE('',*,*,#3752,.T.) ;
#4480=ORIENTED_EDGE('',*,*,#3765,.T.) ;
#4481=ORIENTED_EDGE('',*,*,#3775,.T.) ;
#4482=ORIENTED_EDGE('',*,*,#3785,.T.) ;
#4483=ORIENTED_EDGE('',*,*,#3798,.T.) ;
#4484=ORIENTED_EDGE('',*,*,#3805,.T.) ;
#4485=ORIENTED_EDGE('',*,*,#3818,.T.) ;
#4486=ORIENTED_EDGE('',*,*,#3825,.T.) ;
#4487=ORIENTED_EDGE('',*,*,#3832,.T.) ;
#4488=ORIENTED_EDGE('',*,*,#3839,.T.) ;
#4489=ORIENTED_EDGE('',*,*,#3846,.T.) ;
#4490=ORIENTED_EDGE('',*,*,#3853,.T.) ;
#4491=ORIENTED_EDGE('',*,*,#3860,.T.) ;
#4492=ORIENTED_EDGE('',*,*,#3873,.T.) ;
#4493=ORIENTED_EDGE('',*,*,#3880,.T.) ;
#4494=ORIENTED_EDGE('',*,*,#3893,.T.) ;
#4495=ORIENTED_EDGE('',*,*,#3900,.T.) ;
#4496=ORIENTED_EDGE('',*,*,#3907,.T.) ;
#4497=ORIENTED_EDGE('',*,*,#3914,.T.) ;
#4498=ORIENTED_EDGE('',*,*,#3921,.T.) ;
#4499=ORIENTED_EDGE('',*,*,#3928,.T.) ;
#4500=ORIENTED_EDGE('',*,*,#3935,.T.) ;
#4501=ORIENTED_EDGE('',*,*,#3942,.T.) ;
#4502=ORIENTED_EDGE('',*,*,#3949,.T.) ;
#4503=ORIENTED_EDGE('',*,*,#3956,.T.) ;
#4504=ORIENTED_EDGE('',*,*,#3963,.T.) ;
#4505=ORIENTED_EDGE('',*,*,#3970,.T.) ;
#4506=ORIENTED_EDGE('',*,*,#3977,.T.) ;
#4507=ORIENTED_EDGE('',*,*,#3984,.T.) ;
#4508=ORIENTED_EDGE('',*,*,#3991,.T.) ;
#4509=ORIENTED_EDGE('',*,*,#3998,.T.) ;
#4510=ORIENTED_EDGE('',*,*,#4005,.T.) ;
#4511=ORIENTED_EDGE('',*,*,#4012,.T.) ;
#4512=ORIENTED_EDGE('',*,*,#4019,.T.) ;
#4513=ORIENTED_EDGE('',*,*,#4026,.T.) ;
#4514=ORIENTED_EDGE('',*,*,#4033,.T.) ;
#4515=ORIENTED_EDGE('',*,*,#4040,.T.) ;
#4516=ORIENTED_EDGE('',*,*,#4047,.T.) ;
#4517=ORIENTED_EDGE('',*,*,#4054,.T.) ;
#4518=ORIENTED_EDGE('',*,*,#4061,.T.) ;
#4519=ORIENTED_EDGE('',*,*,#4068,.T.) ;
#4520=ORIENTED_EDGE('',*,*,#4075,.T.) ;
#4521=ORIENTED_EDGE('',*,*,#4082,.T.) ;
#4522=ORIENTED_EDGE('',*,*,#4089,.T.) ;
#4523=ORIENTED_EDGE('',*,*,#4096,.T.) ;
#4524=ORIENTED_EDGE('',*,*,#4103,.T.) ;
#4525=ORIENTED_EDGE('',*,*,#4110,.T.) ;
#4526=ORIENTED_EDGE('',*,*,#4117,.T.) ;
#4527=ORIENTED_EDGE('',*,*,#4124,.T.) ;
#4528=ORIENTED_EDGE('',*,*,#4131,.T.) ;
#4529=ORIENTED_EDGE('',*,*,#4138,.T.) ;
#4530=ORIENTED_EDGE('',*,*,#4145,.T.) ;
#4531=ORIENTED_EDGE('',*,*,#4152,.T.) ;
#4532=ORIENTED_EDGE('',*,*,#4159,.T.) ;
#4533=ORIENTED_EDGE('',*,*,#4166,.T.) ;
#4534=ORIENTED_EDGE('',*,*,#4173,.T.) ;
#4535=ORIENTED_EDGE('',*,*,#4180,.T.) ;
#4536=ORIENTED_EDGE('',*,*,#4187,.T.) ;
#4537=ORIENTED_EDGE('',*,*,#4194,.T.) ;
#4538=ORIENTED_EDGE('',*,*,#4207,.T.) ;
#4539=ORIENTED_EDGE('',*,*,#4214,.T.) ;
#4540=ORIENTED_EDGE('',*,*,#4221,.T.) ;
#4541=ORIENTED_EDGE('',*,*,#4228,.T.) ;
#4542=ORIENTED_EDGE('',*,*,#4241,.T.) ;
#4543=ORIENTED_EDGE('',*,*,#4251,.T.) ;
#4544=ORIENTED_EDGE('',*,*,#4264,.T.) ;
#4545=ORIENTED_EDGE('',*,*,#4271,.T.) ;
#4546=ORIENTED_EDGE('',*,*,#4282,.T.) ;
#4547=ORIENTED_EDGE('',*,*,#75,.T.) ;
#4548=ORIENTED_EDGE('',*,*,#2458,.T.) ;
#4549=ORIENTED_EDGE('',*,*,#4289,.T.) ;
#4550=ORIENTED_EDGE('',*,*,#4302,.T.) ;
#4551=ORIENTED_EDGE('',*,*,#4312,.T.) ;
#4552=ORIENTED_EDGE('',*,*,#4325,.T.) ;
#4553=ORIENTED_EDGE('',*,*,#4330,.T.) ;
#4568=ORIENTED_EDGE('',*,*,#189,.F.) ;
#4569=ORIENTED_EDGE('',*,*,#80,.F.) ;
#4570=ORIENTED_EDGE('',*,*,#4282,.F.) ;
#4571=ORIENTED_EDGE('',*,*,#4566,.T.) ;
#4591=ORIENTED_EDGE('',*,*,#124,.F.) ;
#4592=ORIENTED_EDGE('',*,*,#4584,.T.) ;
#4593=ORIENTED_EDGE('',*,*,#2480,.F.) ;
#4594=ORIENTED_EDGE('',*,*,#4589,.T.) ;
#4609=ORIENTED_EDGE('',*,*,#140,.F.) ;
#4610=ORIENTED_EDGE('',*,*,#4589,.F.) ;
#4611=ORIENTED_EDGE('',*,*,#4330,.F.) ;
#4612=ORIENTED_EDGE('',*,*,#4607,.T.) ;
#4627=ORIENTED_EDGE('',*,*,#147,.F.) ;
#4628=ORIENTED_EDGE('',*,*,#4607,.F.) ;
#4629=ORIENTED_EDGE('',*,*,#4325,.F.) ;
#4630=ORIENTED_EDGE('',*,*,#4625,.T.) ;
#4645=ORIENTED_EDGE('',*,*,#154,.F.) ;
#4646=ORIENTED_EDGE('',*,*,#4625,.F.) ;
#4647=ORIENTED_EDGE('',*,*,#4312,.F.) ;
#4648=ORIENTED_EDGE('',*,*,#4643,.T.) ;
#4663=ORIENTED_EDGE('',*,*,#161,.F.) ;
#4664=ORIENTED_EDGE('',*,*,#4643,.F.) ;
#4665=ORIENTED_EDGE('',*,*,#4302,.F.) ;
#4666=ORIENTED_EDGE('',*,*,#4661,.T.) ;
#4676=ORIENTED_EDGE('',*,*,#177,.F.) ;
#4677=ORIENTED_EDGE('',*,*,#4661,.F.) ;
#4678=ORIENTED_EDGE('',*,*,#4289,.F.) ;
#4679=ORIENTED_EDGE('',*,*,#2453,.T.) ;
#4694=ORIENTED_EDGE('',*,*,#205,.F.) ;
#4695=ORIENTED_EDGE('',*,*,#4566,.F.) ;
#4696=ORIENTED_EDGE('',*,*,#4271,.F.) ;
#4697=ORIENTED_EDGE('',*,*,#4692,.T.) ;
#4712=ORIENTED_EDGE('',*,*,#212,.F.) ;
#4713=ORIENTED_EDGE('',*,*,#4692,.F.) ;
#4714=ORIENTED_EDGE('',*,*,#4264,.F.) ;
#4715=ORIENTED_EDGE('',*,*,#4710,.T.) ;
#4730=ORIENTED_EDGE('',*,*,#219,.F.) ;
#4731=ORIENTED_EDGE('',*,*,#4710,.F.) ;
#4732=ORIENTED_EDGE('',*,*,#4251,.F.) ;
#4733=ORIENTED_EDGE('',*,*,#4728,.T.) ;
#4748=ORIENTED_EDGE('',*,*,#226,.F.) ;
#4749=ORIENTED_EDGE('',*,*,#4728,.F.) ;
#4750=ORIENTED_EDGE('',*,*,#4241,.F.) ;
#4751=ORIENTED_EDGE('',*,*,#4746,.T.) ;
#4766=ORIENTED_EDGE('',*,*,#242,.F.) ;
#4767=ORIENTED_EDGE('',*,*,#4746,.F.) ;
#4768=ORIENTED_EDGE('',*,*,#4228,.F.) ;
#4769=ORIENTED_EDGE('',*,*,#4764,.T.) ;
#4784=ORIENTED_EDGE('',*,*,#249,.F.) ;
#4785=ORIENTED_EDGE('',*,*,#4764,.F.) ;
#4786=ORIENTED_EDGE('',*,*,#4221,.F.) ;
#4787=ORIENTED_EDGE('',*,*,#4782,.T.) ;
#4802=ORIENTED_EDGE('',*,*,#268,.F.) ;
#4803=ORIENTED_EDGE('',*,*,#4782,.F.) ;
#4804=ORIENTED_EDGE('',*,*,#4214,.F.) ;
#4805=ORIENTED_EDGE('',*,*,#4800,.T.) ;
#4820=ORIENTED_EDGE('',*,*,#275,.F.) ;
#4821=ORIENTED_EDGE('',*,*,#4800,.F.) ;
#4822=ORIENTED_EDGE('',*,*,#4207,.F.) ;
#4823=ORIENTED_EDGE('',*,*,#4818,.F.) ;
#4838=ORIENTED_EDGE('',*,*,#4818,.T.) ;
#4839=ORIENTED_EDGE('',*,*,#4194,.F.) ;
#4840=ORIENTED_EDGE('',*,*,#4836,.T.) ;
#4841=ORIENTED_EDGE('',*,*,#282,.F.) ;
#4856=ORIENTED_EDGE('',*,*,#289,.F.) ;
#4857=ORIENTED_EDGE('',*,*,#4836,.F.) ;
#4858=ORIENTED_EDGE('',*,*,#4187,.F.) ;
#4859=ORIENTED_EDGE('',*,*,#4854,.T.) ;
#4874=ORIENTED_EDGE('',*,*,#296,.F.) ;
#4875=ORIENTED_EDGE('',*,*,#4854,.F.) ;
#4876=ORIENTED_EDGE('',*,*,#4180,.F.) ;
#4877=ORIENTED_EDGE('',*,*,#4872,.T.) ;
#4892=ORIENTED_EDGE('',*,*,#303,.F.) ;
#4893=ORIENTED_EDGE('',*,*,#4872,.F.) ;
#4894=ORIENTED_EDGE('',*,*,#4173,.F.) ;
#4895=ORIENTED_EDGE('',*,*,#4890,.T.) ;
#4910=ORIENTED_EDGE('',*,*,#310,.F.) ;
#4911=ORIENTED_EDGE('',*,*,#4890,.F.) ;
#4912=ORIENTED_EDGE('',*,*,#4166,.F.) ;
#4913=ORIENTED_EDGE('',*,*,#4908,.T.) ;
#4928=ORIENTED_EDGE('',*,*,#317,.F.) ;
#4929=ORIENTED_EDGE('',*,*,#4908,.F.) ;
#4930=ORIENTED_EDGE('',*,*,#4159,.F.) ;
#4931=ORIENTED_EDGE('',*,*,#4926,.T.) ;
#4946=ORIENTED_EDGE('',*,*,#324,.F.) ;
#4947=ORIENTED_EDGE('',*,*,#4926,.F.) ;
#4948=ORIENTED_EDGE('',*,*,#4152,.F.) ;
#4949=ORIENTED_EDGE('',*,*,#4944,.T.) ;
#4964=ORIENTED_EDGE('',*,*,#331,.F.) ;
#4965=ORIENTED_EDGE('',*,*,#4944,.F.) ;
#4966=ORIENTED_EDGE('',*,*,#4145,.F.) ;
#4967=ORIENTED_EDGE('',*,*,#4962,.T.) ;
#4982=ORIENTED_EDGE('',*,*,#338,.F.) ;
#4983=ORIENTED_EDGE('',*,*,#4962,.F.) ;
#4984=ORIENTED_EDGE('',*,*,#4138,.F.) ;
#4985=ORIENTED_EDGE('',*,*,#4980,.T.) ;
#5000=ORIENTED_EDGE('',*,*,#345,.F.) ;
#5001=ORIENTED_EDGE('',*,*,#4980,.F.) ;
#5002=ORIENTED_EDGE('',*,*,#4131,.F.) ;
#5003=ORIENTED_EDGE('',*,*,#4998,.T.) ;
#5018=ORIENTED_EDGE('',*,*,#352,.F.) ;
#5019=ORIENTED_EDGE('',*,*,#4998,.F.) ;
#5020=ORIENTED_EDGE('',*,*,#4124,.F.) ;
#5021=ORIENTED_EDGE('',*,*,#5016,.T.) ;
#5036=ORIENTED_EDGE('',*,*,#359,.F.) ;
#5037=ORIENTED_EDGE('',*,*,#5016,.F.) ;
#5038=ORIENTED_EDGE('',*,*,#4117,.F.) ;
#5039=ORIENTED_EDGE('',*,*,#5034,.T.) ;
#5054=ORIENTED_EDGE('',*,*,#366,.F.) ;
#5055=ORIENTED_EDGE('',*,*,#5034,.F.) ;
#5056=ORIENTED_EDGE('',*,*,#4110,.F.) ;
#5057=ORIENTED_EDGE('',*,*,#5052,.T.) ;
#5072=ORIENTED_EDGE('',*,*,#373,.F.) ;
#5073=ORIENTED_EDGE('',*,*,#5052,.F.) ;
#5074=ORIENTED_EDGE('',*,*,#4103,.F.) ;
#5075=ORIENTED_EDGE('',*,*,#5070,.T.) ;
#5090=ORIENTED_EDGE('',*,*,#380,.F.) ;
#5091=ORIENTED_EDGE('',*,*,#5070,.F.) ;
#5092=ORIENTED_EDGE('',*,*,#4096,.F.) ;
#5093=ORIENTED_EDGE('',*,*,#5088,.T.) ;
#5108=ORIENTED_EDGE('',*,*,#387,.F.) ;
#5109=ORIENTED_EDGE('',*,*,#5088,.F.) ;
#5110=ORIENTED_EDGE('',*,*,#4089,.F.) ;
#5111=ORIENTED_EDGE('',*,*,#5106,.T.) ;
#5126=ORIENTED_EDGE('',*,*,#394,.F.) ;
#5127=ORIENTED_EDGE('',*,*,#5106,.F.) ;
#5128=ORIENTED_EDGE('',*,*,#4082,.F.) ;
#5129=ORIENTED_EDGE('',*,*,#5124,.T.) ;
#5144=ORIENTED_EDGE('',*,*,#401,.F.) ;
#5145=ORIENTED_EDGE('',*,*,#5124,.F.) ;
#5146=ORIENTED_EDGE('',*,*,#4075,.F.) ;
#5147=ORIENTED_EDGE('',*,*,#5142,.T.) ;
#5162=ORIENTED_EDGE('',*,*,#408,.F.) ;
#5163=ORIENTED_EDGE('',*,*,#5142,.F.) ;
#5164=ORIENTED_EDGE('',*,*,#4068,.F.) ;
#5165=ORIENTED_EDGE('',*,*,#5160,.T.) ;
#5180=ORIENTED_EDGE('',*,*,#415,.F.) ;
#5181=ORIENTED_EDGE('',*,*,#5160,.F.) ;
#5182=ORIENTED_EDGE('',*,*,#4061,.F.) ;
#5183=ORIENTED_EDGE('',*,*,#5178,.T.) ;
#5198=ORIENTED_EDGE('',*,*,#422,.F.) ;
#5199=ORIENTED_EDGE('',*,*,#5178,.F.) ;
#5200=ORIENTED_EDGE('',*,*,#4054,.F.) ;
#5201=ORIENTED_EDGE('',*,*,#5196,.T.) ;
#5216=ORIENTED_EDGE('',*,*,#429,.F.) ;
#5217=ORIENTED_EDGE('',*,*,#5196,.F.) ;
#5218=ORIENTED_EDGE('',*,*,#4047,.F.) ;
#5219=ORIENTED_EDGE('',*,*,#5214,.T.) ;
#5234=ORIENTED_EDGE('',*,*,#436,.F.) ;
#5235=ORIENTED_EDGE('',*,*,#5214,.F.) ;
#5236=ORIENTED_EDGE('',*,*,#4040,.F.) ;
#5237=ORIENTED_EDGE('',*,*,#5232,.T.) ;
#5252=ORIENTED_EDGE('',*,*,#443,.F.) ;
#5253=ORIENTED_EDGE('',*,*,#5232,.F.) ;
#5254=ORIENTED_EDGE('',*,*,#4033,.F.) ;
#5255=ORIENTED_EDGE('',*,*,#5250,.T.) ;
#5270=ORIENTED_EDGE('',*,*,#450,.F.) ;
#5271=ORIENTED_EDGE('',*,*,#5250,.F.) ;
#5272=ORIENTED_EDGE('',*,*,#4026,.F.) ;
#5273=ORIENTED_EDGE('',*,*,#5268,.T.) ;
#5288=ORIENTED_EDGE('',*,*,#457,.F.) ;
#5289=ORIENTED_EDGE('',*,*,#5268,.F.) ;
#5290=ORIENTED_EDGE('',*,*,#4019,.F.) ;
#5291=ORIENTED_EDGE('',*,*,#5286,.T.) ;
#5306=ORIENTED_EDGE('',*,*,#464,.F.) ;
#5307=ORIENTED_EDGE('',*,*,#5286,.F.) ;
#5308=ORIENTED_EDGE('',*,*,#4012,.F.) ;
#5309=ORIENTED_EDGE('',*,*,#5304,.T.) ;
#5324=ORIENTED_EDGE('',*,*,#471,.F.) ;
#5325=ORIENTED_EDGE('',*,*,#5304,.F.) ;
#5326=ORIENTED_EDGE('',*,*,#4005,.F.) ;
#5327=ORIENTED_EDGE('',*,*,#5322,.T.) ;
#5342=ORIENTED_EDGE('',*,*,#478,.F.) ;
#5343=ORIENTED_EDGE('',*,*,#5322,.F.) ;
#5344=ORIENTED_EDGE('',*,*,#3998,.F.) ;
#5345=ORIENTED_EDGE('',*,*,#5340,.T.) ;
#5360=ORIENTED_EDGE('',*,*,#485,.F.) ;
#5361=ORIENTED_EDGE('',*,*,#5340,.F.) ;
#5362=ORIENTED_EDGE('',*,*,#3991,.F.) ;
#5363=ORIENTED_EDGE('',*,*,#5358,.T.) ;
#5378=ORIENTED_EDGE('',*,*,#492,.F.) ;
#5379=ORIENTED_EDGE('',*,*,#5358,.F.) ;
#5380=ORIENTED_EDGE('',*,*,#3984,.F.) ;
#5381=ORIENTED_EDGE('',*,*,#5376,.T.) ;
#5396=ORIENTED_EDGE('',*,*,#499,.F.) ;
#5397=ORIENTED_EDGE('',*,*,#5376,.F.) ;
#5398=ORIENTED_EDGE('',*,*,#3977,.F.) ;
#5399=ORIENTED_EDGE('',*,*,#5394,.T.) ;
#5414=ORIENTED_EDGE('',*,*,#506,.F.) ;
#5415=ORIENTED_EDGE('',*,*,#5394,.F.) ;
#5416=ORIENTED_EDGE('',*,*,#3970,.F.) ;
#5417=ORIENTED_EDGE('',*,*,#5412,.T.) ;
#5432=ORIENTED_EDGE('',*,*,#513,.F.) ;
#5433=ORIENTED_EDGE('',*,*,#5412,.F.) ;
#5434=ORIENTED_EDGE('',*,*,#3963,.F.) ;
#5435=ORIENTED_EDGE('',*,*,#5430,.T.) ;
#5450=ORIENTED_EDGE('',*,*,#520,.F.) ;
#5451=ORIENTED_EDGE('',*,*,#5430,.F.) ;
#5452=ORIENTED_EDGE('',*,*,#3956,.F.) ;
#5453=ORIENTED_EDGE('',*,*,#5448,.T.) ;
#5468=ORIENTED_EDGE('',*,*,#527,.F.) ;
#5469=ORIENTED_EDGE('',*,*,#5448,.F.) ;
#5470=ORIENTED_EDGE('',*,*,#3949,.F.) ;
#5471=ORIENTED_EDGE('',*,*,#5466,.T.) ;
#5486=ORIENTED_EDGE('',*,*,#534,.F.) ;
#5487=ORIENTED_EDGE('',*,*,#5466,.F.) ;
#5488=ORIENTED_EDGE('',*,*,#3942,.F.) ;
#5489=ORIENTED_EDGE('',*,*,#5484,.T.) ;
#5504=ORIENTED_EDGE('',*,*,#541,.F.) ;
#5505=ORIENTED_EDGE('',*,*,#5484,.F.) ;
#5506=ORIENTED_EDGE('',*,*,#3935,.F.) ;
#5507=ORIENTED_EDGE('',*,*,#5502,.T.) ;
#5522=ORIENTED_EDGE('',*,*,#548,.F.) ;
#5523=ORIENTED_EDGE('',*,*,#5502,.F.) ;
#5524=ORIENTED_EDGE('',*,*,#3928,.F.) ;
#5525=ORIENTED_EDGE('',*,*,#5520,.T.) ;
#5540=ORIENTED_EDGE('',*,*,#555,.F.) ;
#5541=ORIENTED_EDGE('',*,*,#5520,.F.) ;
#5542=ORIENTED_EDGE('',*,*,#3921,.F.) ;
#5543=ORIENTED_EDGE('',*,*,#5538,.T.) ;
#5558=ORIENTED_EDGE('',*,*,#562,.F.) ;
#5559=ORIENTED_EDGE('',*,*,#5538,.F.) ;
#5560=ORIENTED_EDGE('',*,*,#3914,.F.) ;
#5561=ORIENTED_EDGE('',*,*,#5556,.T.) ;
#5576=ORIENTED_EDGE('',*,*,#569,.F.) ;
#5577=ORIENTED_EDGE('',*,*,#5556,.F.) ;
#5578=ORIENTED_EDGE('',*,*,#3907,.F.) ;
#5579=ORIENTED_EDGE('',*,*,#5574,.T.) ;
#5594=ORIENTED_EDGE('',*,*,#5592,.T.) ;
#5595=ORIENTED_EDGE('',*,*,#576,.F.) ;
#5596=ORIENTED_EDGE('',*,*,#5574,.F.) ;
#5597=ORIENTED_EDGE('',*,*,#3900,.F.) ;
#5612=ORIENTED_EDGE('',*,*,#583,.F.) ;
#5613=ORIENTED_EDGE('',*,*,#5592,.F.) ;
#5614=ORIENTED_EDGE('',*,*,#3893,.F.) ;
#5615=ORIENTED_EDGE('',*,*,#5610,.T.) ;
#5630=ORIENTED_EDGE('',*,*,#596,.F.) ;
#5631=ORIENTED_EDGE('',*,*,#5610,.F.) ;
#5632=ORIENTED_EDGE('',*,*,#3880,.F.) ;
#5633=ORIENTED_EDGE('',*,*,#5628,.T.) ;
#5648=ORIENTED_EDGE('',*,*,#603,.F.) ;
#5649=ORIENTED_EDGE('',*,*,#5628,.F.) ;
#5650=ORIENTED_EDGE('',*,*,#3873,.F.) ;
#5651=ORIENTED_EDGE('',*,*,#5646,.T.) ;
#5666=ORIENTED_EDGE('',*,*,#610,.F.) ;
#5667=ORIENTED_EDGE('',*,*,#5646,.F.) ;
#5668=ORIENTED_EDGE('',*,*,#3860,.F.) ;
#5669=ORIENTED_EDGE('',*,*,#5664,.T.) ;
#5684=ORIENTED_EDGE('',*,*,#626,.F.) ;
#5685=ORIENTED_EDGE('',*,*,#5664,.F.) ;
#5686=ORIENTED_EDGE('',*,*,#3853,.F.) ;
#5687=ORIENTED_EDGE('',*,*,#5682,.F.) ;
#5702=ORIENTED_EDGE('',*,*,#5682,.T.) ;
#5703=ORIENTED_EDGE('',*,*,#3846,.F.) ;
#5704=ORIENTED_EDGE('',*,*,#5700,.F.) ;
#5705=ORIENTED_EDGE('',*,*,#633,.F.) ;
#5720=ORIENTED_EDGE('',*,*,#649,.F.) ;
#5721=ORIENTED_EDGE('',*,*,#5700,.T.) ;
#5722=ORIENTED_EDGE('',*,*,#3839,.F.) ;
#5723=ORIENTED_EDGE('',*,*,#5718,.T.) ;
#5738=ORIENTED_EDGE('',*,*,#656,.F.) ;
#5739=ORIENTED_EDGE('',*,*,#5718,.F.) ;
#5740=ORIENTED_EDGE('',*,*,#3832,.F.) ;
#5741=ORIENTED_EDGE('',*,*,#5736,.T.) ;
#5756=ORIENTED_EDGE('',*,*,#669,.F.) ;
#5757=ORIENTED_EDGE('',*,*,#5736,.F.) ;
#5758=ORIENTED_EDGE('',*,*,#3825,.F.) ;
#5759=ORIENTED_EDGE('',*,*,#5754,.T.) ;
#5774=ORIENTED_EDGE('',*,*,#676,.F.) ;
#5775=ORIENTED_EDGE('',*,*,#5754,.F.) ;
#5776=ORIENTED_EDGE('',*,*,#3818,.F.) ;
#5777=ORIENTED_EDGE('',*,*,#5772,.T.) ;
#5792=ORIENTED_EDGE('',*,*,#692,.F.) ;
#5793=ORIENTED_EDGE('',*,*,#5772,.F.) ;
#5794=ORIENTED_EDGE('',*,*,#3805,.F.) ;
#5795=ORIENTED_EDGE('',*,*,#5790,.T.) ;
#5810=ORIENTED_EDGE('',*,*,#699,.F.) ;
#5811=ORIENTED_EDGE('',*,*,#5790,.F.) ;
#5812=ORIENTED_EDGE('',*,*,#3798,.F.) ;
#5813=ORIENTED_EDGE('',*,*,#5808,.T.) ;
#5828=ORIENTED_EDGE('',*,*,#706,.F.) ;
#5829=ORIENTED_EDGE('',*,*,#5808,.F.) ;
#5830=ORIENTED_EDGE('',*,*,#3785,.F.) ;
#5831=ORIENTED_EDGE('',*,*,#5826,.T.) ;
#5846=ORIENTED_EDGE('',*,*,#3775,.F.) ;
#5847=ORIENTED_EDGE('',*,*,#5844,.T.) ;
#5848=ORIENTED_EDGE('',*,*,#713,.F.) ;
#5849=ORIENTED_EDGE('',*,*,#5826,.F.) ;
#5864=ORIENTED_EDGE('',*,*,#720,.F.) ;
#5865=ORIENTED_EDGE('',*,*,#5844,.F.) ;
#5866=ORIENTED_EDGE('',*,*,#3765,.F.) ;
#5867=ORIENTED_EDGE('',*,*,#5862,.T.) ;
#5882=ORIENTED_EDGE('',*,*,#736,.F.) ;
#5883=ORIENTED_EDGE('',*,*,#5862,.F.) ;
#5884=ORIENTED_EDGE('',*,*,#3752,.F.) ;
#5885=ORIENTED_EDGE('',*,*,#5880,.T.) ;
#5900=ORIENTED_EDGE('',*,*,#743,.F.) ;
#5901=ORIENTED_EDGE('',*,*,#5880,.F.) ;
#5902=ORIENTED_EDGE('',*,*,#3745,.F.) ;
#5903=ORIENTED_EDGE('',*,*,#5898,.T.) ;
#5918=ORIENTED_EDGE('',*,*,#750,.F.) ;
#5919=ORIENTED_EDGE('',*,*,#5898,.F.) ;
#5920=ORIENTED_EDGE('',*,*,#3732,.F.) ;
#5921=ORIENTED_EDGE('',*,*,#5916,.T.) ;
#5936=ORIENTED_EDGE('',*,*,#3722,.F.) ;
#5937=ORIENTED_EDGE('',*,*,#5934,.T.) ;
#5938=ORIENTED_EDGE('',*,*,#757,.F.) ;
#5939=ORIENTED_EDGE('',*,*,#5916,.F.) ;
#5954=ORIENTED_EDGE('',*,*,#764,.F.) ;
#5955=ORIENTED_EDGE('',*,*,#5934,.F.) ;
#5956=ORIENTED_EDGE('',*,*,#3712,.F.) ;
#5957=ORIENTED_EDGE('',*,*,#5952,.T.) ;
#5972=ORIENTED_EDGE('',*,*,#780,.F.) ;
#5973=ORIENTED_EDGE('',*,*,#5952,.F.) ;
#5974=ORIENTED_EDGE('',*,*,#3699,.F.) ;
#5975=ORIENTED_EDGE('',*,*,#5970,.T.) ;
#5990=ORIENTED_EDGE('',*,*,#787,.F.) ;
#5991=ORIENTED_EDGE('',*,*,#5970,.F.) ;
#5992=ORIENTED_EDGE('',*,*,#3692,.F.) ;
#5993=ORIENTED_EDGE('',*,*,#5988,.T.) ;
#6008=ORIENTED_EDGE('',*,*,#794,.F.) ;
#6009=ORIENTED_EDGE('',*,*,#5988,.F.) ;
#6010=ORIENTED_EDGE('',*,*,#3679,.F.) ;
#6011=ORIENTED_EDGE('',*,*,#6006,.T.) ;
#6026=ORIENTED_EDGE('',*,*,#3669,.F.) ;
#6027=ORIENTED_EDGE('',*,*,#6024,.T.) ;
#6028=ORIENTED_EDGE('',*,*,#801,.F.) ;
#6029=ORIENTED_EDGE('',*,*,#6006,.F.) ;
#6044=ORIENTED_EDGE('',*,*,#808,.F.) ;
#6045=ORIENTED_EDGE('',*,*,#6024,.F.) ;
#6046=ORIENTED_EDGE('',*,*,#3659,.F.) ;
#6047=ORIENTED_EDGE('',*,*,#6042,.T.) ;
#6062=ORIENTED_EDGE('',*,*,#821,.F.) ;
#6063=ORIENTED_EDGE('',*,*,#6042,.F.) ;
#6064=ORIENTED_EDGE('',*,*,#3649,.F.) ;
#6065=ORIENTED_EDGE('',*,*,#6060,.T.) ;
#6080=ORIENTED_EDGE('',*,*,#828,.F.) ;
#6081=ORIENTED_EDGE('',*,*,#6060,.F.) ;
#6082=ORIENTED_EDGE('',*,*,#3642,.F.) ;
#6083=ORIENTED_EDGE('',*,*,#6078,.T.) ;
#6098=ORIENTED_EDGE('',*,*,#847,.F.) ;
#6099=ORIENTED_EDGE('',*,*,#6078,.F.) ;
#6100=ORIENTED_EDGE('',*,*,#3635,.F.) ;
#6101=ORIENTED_EDGE('',*,*,#6096,.F.) ;
#6116=ORIENTED_EDGE('',*,*,#6114,.T.) ;
#6117=ORIENTED_EDGE('',*,*,#854,.F.) ;
#6118=ORIENTED_EDGE('',*,*,#6096,.T.) ;
#6119=ORIENTED_EDGE('',*,*,#3628,.F.) ;
#6134=ORIENTED_EDGE('',*,*,#861,.F.) ;
#6135=ORIENTED_EDGE('',*,*,#6114,.F.) ;
#6136=ORIENTED_EDGE('',*,*,#3621,.F.) ;
#6137=ORIENTED_EDGE('',*,*,#6132,.F.) ;
#6152=ORIENTED_EDGE('',*,*,#6132,.T.) ;
#6153=ORIENTED_EDGE('',*,*,#3605,.T.) ;
#6154=ORIENTED_EDGE('',*,*,#6150,.F.) ;
#6155=ORIENTED_EDGE('',*,*,#868,.T.) ;
#6170=ORIENTED_EDGE('',*,*,#3598,.T.) ;
#6171=ORIENTED_EDGE('',*,*,#6168,.F.) ;
#6172=ORIENTED_EDGE('',*,*,#875,.T.) ;
#6173=ORIENTED_EDGE('',*,*,#6150,.T.) ;
#6188=ORIENTED_EDGE('',*,*,#3579,.T.) ;
#6189=ORIENTED_EDGE('',*,*,#6186,.F.) ;
#6190=ORIENTED_EDGE('',*,*,#882,.T.) ;
#6191=ORIENTED_EDGE('',*,*,#6168,.T.) ;
#6206=ORIENTED_EDGE('',*,*,#3572,.T.) ;
#6207=ORIENTED_EDGE('',*,*,#6204,.F.) ;
#6208=ORIENTED_EDGE('',*,*,#910,.T.) ;
#6209=ORIENTED_EDGE('',*,*,#6186,.T.) ;
#6224=ORIENTED_EDGE('',*,*,#3565,.T.) ;
#6225=ORIENTED_EDGE('',*,*,#6222,.F.) ;
#6226=ORIENTED_EDGE('',*,*,#917,.T.) ;
#6227=ORIENTED_EDGE('',*,*,#6204,.T.) ;
#6242=ORIENTED_EDGE('',*,*,#3558,.T.) ;
#6243=ORIENTED_EDGE('',*,*,#6240,.F.) ;
#6244=ORIENTED_EDGE('',*,*,#945,.T.) ;
#6245=ORIENTED_EDGE('',*,*,#6222,.T.) ;
#6260=ORIENTED_EDGE('',*,*,#3551,.T.) ;
#6261=ORIENTED_EDGE('',*,*,#6258,.F.) ;
#6262=ORIENTED_EDGE('',*,*,#952,.T.) ;
#6263=ORIENTED_EDGE('',*,*,#6240,.T.) ;
#6278=ORIENTED_EDGE('',*,*,#3544,.T.) ;
#6279=ORIENTED_EDGE('',*,*,#6276,.F.) ;
#6280=ORIENTED_EDGE('',*,*,#980,.T.) ;
#6281=ORIENTED_EDGE('',*,*,#6258,.T.) ;
#6296=ORIENTED_EDGE('',*,*,#3537,.T.) ;
#6297=ORIENTED_EDGE('',*,*,#6294,.F.) ;
#6298=ORIENTED_EDGE('',*,*,#987,.T.) ;
#6299=ORIENTED_EDGE('',*,*,#6276,.T.) ;
#6314=ORIENTED_EDGE('',*,*,#3530,.T.) ;
#6315=ORIENTED_EDGE('',*,*,#6312,.F.) ;
#6316=ORIENTED_EDGE('',*,*,#1015,.T.) ;
#6317=ORIENTED_EDGE('',*,*,#6294,.T.) ;
#6332=ORIENTED_EDGE('',*,*,#3523,.T.) ;
#6333=ORIENTED_EDGE('',*,*,#6330,.F.) ;
#6334=ORIENTED_EDGE('',*,*,#1022,.T.) ;
#6335=ORIENTED_EDGE('',*,*,#6312,.T.) ;
#6350=ORIENTED_EDGE('',*,*,#3516,.T.) ;
#6351=ORIENTED_EDGE('',*,*,#6348,.F.) ;
#6352=ORIENTED_EDGE('',*,*,#1050,.T.) ;
#6353=ORIENTED_EDGE('',*,*,#6330,.T.) ;
#6368=ORIENTED_EDGE('',*,*,#3509,.T.) ;
#6369=ORIENTED_EDGE('',*,*,#6366,.F.) ;
#6370=ORIENTED_EDGE('',*,*,#1057,.T.) ;
#6371=ORIENTED_EDGE('',*,*,#6348,.T.) ;
#6386=ORIENTED_EDGE('',*,*,#3502,.T.) ;
#6387=ORIENTED_EDGE('',*,*,#6384,.F.) ;
#6388=ORIENTED_EDGE('',*,*,#1085,.T.) ;
#6389=ORIENTED_EDGE('',*,*,#6366,.T.) ;
#6404=ORIENTED_EDGE('',*,*,#3495,.T.) ;
#6405=ORIENTED_EDGE('',*,*,#6402,.F.) ;
#6406=ORIENTED_EDGE('',*,*,#1092,.T.) ;
#6407=ORIENTED_EDGE('',*,*,#6384,.T.) ;
#6422=ORIENTED_EDGE('',*,*,#3488,.T.) ;
#6423=ORIENTED_EDGE('',*,*,#6420,.T.) ;
#6424=ORIENTED_EDGE('',*,*,#1099,.T.) ;
#6425=ORIENTED_EDGE('',*,*,#6402,.T.) ;
#6440=ORIENTED_EDGE('',*,*,#3469,.T.) ;
#6441=ORIENTED_EDGE('',*,*,#6438,.F.) ;
#6442=ORIENTED_EDGE('',*,*,#1106,.T.) ;
#6443=ORIENTED_EDGE('',*,*,#6420,.F.) ;
#6458=ORIENTED_EDGE('',*,*,#3462,.T.) ;
#6459=ORIENTED_EDGE('',*,*,#6456,.F.) ;
#6460=ORIENTED_EDGE('',*,*,#1134,.T.) ;
#6461=ORIENTED_EDGE('',*,*,#6438,.T.) ;
#6476=ORIENTED_EDGE('',*,*,#3455,.T.) ;
#6477=ORIENTED_EDGE('',*,*,#6474,.F.) ;
#6478=ORIENTED_EDGE('',*,*,#1141,.T.) ;
#6479=ORIENTED_EDGE('',*,*,#6456,.T.) ;
#6494=ORIENTED_EDGE('',*,*,#3448,.T.) ;
#6495=ORIENTED_EDGE('',*,*,#6492,.F.) ;
#6496=ORIENTED_EDGE('',*,*,#1169,.T.) ;
#6497=ORIENTED_EDGE('',*,*,#6474,.T.) ;
#6512=ORIENTED_EDGE('',*,*,#3441,.T.) ;
#6513=ORIENTED_EDGE('',*,*,#6510,.F.) ;
#6514=ORIENTED_EDGE('',*,*,#1176,.T.) ;
#6515=ORIENTED_EDGE('',*,*,#6492,.T.) ;
#6530=ORIENTED_EDGE('',*,*,#3434,.T.) ;
#6531=ORIENTED_EDGE('',*,*,#6528,.F.) ;
#6532=ORIENTED_EDGE('',*,*,#1183,.T.) ;
#6533=ORIENTED_EDGE('',*,*,#6510,.T.) ;
#6548=ORIENTED_EDGE('',*,*,#3415,.T.) ;
#6549=ORIENTED_EDGE('',*,*,#6546,.F.) ;
#6550=ORIENTED_EDGE('',*,*,#1190,.T.) ;
#6551=ORIENTED_EDGE('',*,*,#6528,.T.) ;
#6566=ORIENTED_EDGE('',*,*,#3408,.T.) ;
#6567=ORIENTED_EDGE('',*,*,#6564,.F.) ;
#6568=ORIENTED_EDGE('',*,*,#1218,.T.) ;
#6569=ORIENTED_EDGE('',*,*,#6546,.T.) ;
#6584=ORIENTED_EDGE('',*,*,#3401,.T.) ;
#6585=ORIENTED_EDGE('',*,*,#6582,.F.) ;
#6586=ORIENTED_EDGE('',*,*,#1225,.T.) ;
#6587=ORIENTED_EDGE('',*,*,#6564,.T.) ;
#6602=ORIENTED_EDGE('',*,*,#3394,.T.) ;
#6603=ORIENTED_EDGE('',*,*,#6600,.F.) ;
#6604=ORIENTED_EDGE('',*,*,#1253,.T.) ;
#6605=ORIENTED_EDGE('',*,*,#6582,.T.) ;
#6620=ORIENTED_EDGE('',*,*,#3387,.T.) ;
#6621=ORIENTED_EDGE('',*,*,#6618,.F.) ;
#6622=ORIENTED_EDGE('',*,*,#1260,.T.) ;
#6623=ORIENTED_EDGE('',*,*,#6600,.T.) ;
#6638=ORIENTED_EDGE('',*,*,#3380,.T.) ;
#6639=ORIENTED_EDGE('',*,*,#6636,.F.) ;
#6640=ORIENTED_EDGE('',*,*,#1288,.T.) ;
#6641=ORIENTED_EDGE('',*,*,#6618,.T.) ;
#6656=ORIENTED_EDGE('',*,*,#3373,.T.) ;
#6657=ORIENTED_EDGE('',*,*,#6654,.F.) ;
#6658=ORIENTED_EDGE('',*,*,#1295,.T.) ;
#6659=ORIENTED_EDGE('',*,*,#6636,.T.) ;
#6674=ORIENTED_EDGE('',*,*,#3366,.T.) ;
#6675=ORIENTED_EDGE('',*,*,#6672,.F.) ;
#6676=ORIENTED_EDGE('',*,*,#1323,.T.) ;
#6677=ORIENTED_EDGE('',*,*,#6654,.T.) ;
#6692=ORIENTED_EDGE('',*,*,#3359,.T.) ;
#6693=ORIENTED_EDGE('',*,*,#6690,.F.) ;
#6694=ORIENTED_EDGE('',*,*,#1330,.T.) ;
#6695=ORIENTED_EDGE('',*,*,#6672,.T.) ;
#6710=ORIENTED_EDGE('',*,*,#3352,.T.) ;
#6711=ORIENTED_EDGE('',*,*,#6708,.F.) ;
#6712=ORIENTED_EDGE('',*,*,#1358,.T.) ;
#6713=ORIENTED_EDGE('',*,*,#6690,.T.) ;
#6728=ORIENTED_EDGE('',*,*,#3345,.T.) ;
#6729=ORIENTED_EDGE('',*,*,#6726,.F.) ;
#6730=ORIENTED_EDGE('',*,*,#1365,.T.) ;
#6731=ORIENTED_EDGE('',*,*,#6708,.T.) ;
#6746=ORIENTED_EDGE('',*,*,#3338,.T.) ;
#6747=ORIENTED_EDGE('',*,*,#6744,.F.) ;
#6748=ORIENTED_EDGE('',*,*,#1393,.T.) ;
#6749=ORIENTED_EDGE('',*,*,#6726,.T.) ;
#6764=ORIENTED_EDGE('',*,*,#3331,.T.) ;
#6765=ORIENTED_EDGE('',*,*,#6762,.F.) ;
#6766=ORIENTED_EDGE('',*,*,#1400,.T.) ;
#6767=ORIENTED_EDGE('',*,*,#6744,.T.) ;
#6782=ORIENTED_EDGE('',*,*,#3324,.T.) ;
#6783=ORIENTED_EDGE('',*,*,#6780,.F.) ;
#6784=ORIENTED_EDGE('',*,*,#1407,.T.) ;
#6785=ORIENTED_EDGE('',*,*,#6762,.T.) ;
#6800=ORIENTED_EDGE('',*,*,#6798,.T.) ;
#6801=ORIENTED_EDGE('',*,*,#1414,.T.) ;
#6802=ORIENTED_EDGE('',*,*,#6780,.T.) ;
#6803=ORIENTED_EDGE('',*,*,#3305,.T.) ;
#6818=ORIENTED_EDGE('',*,*,#1421,.F.) ;
#6819=ORIENTED_EDGE('',*,*,#6798,.F.) ;
#6820=ORIENTED_EDGE('',*,*,#3298,.F.) ;
#6821=ORIENTED_EDGE('',*,*,#6816,.F.) ;
#6836=ORIENTED_EDGE('',*,*,#6816,.T.) ;
#6837=ORIENTED_EDGE('',*,*,#3282,.F.) ;
#6838=ORIENTED_EDGE('',*,*,#6834,.F.) ;
#6839=ORIENTED_EDGE('',*,*,#1428,.F.) ;
#6854=ORIENTED_EDGE('',*,*,#1447,.F.) ;
#6855=ORIENTED_EDGE('',*,*,#6834,.T.) ;
#6856=ORIENTED_EDGE('',*,*,#3275,.F.) ;
#6857=ORIENTED_EDGE('',*,*,#6852,.T.) ;
#6872=ORIENTED_EDGE('',*,*,#1454,.F.) ;
#6873=ORIENTED_EDGE('',*,*,#6852,.F.) ;
#6874=ORIENTED_EDGE('',*,*,#3268,.F.) ;
#6875=ORIENTED_EDGE('',*,*,#6870,.T.) ;
#6890=ORIENTED_EDGE('',*,*,#1467,.F.) ;
#6891=ORIENTED_EDGE('',*,*,#6870,.F.) ;
#6892=ORIENTED_EDGE('',*,*,#3261,.F.) ;
#6893=ORIENTED_EDGE('',*,*,#6888,.T.) ;
#6908=ORIENTED_EDGE('',*,*,#1474,.F.) ;
#6909=ORIENTED_EDGE('',*,*,#6888,.F.) ;
#6910=ORIENTED_EDGE('',*,*,#3254,.F.) ;
#6911=ORIENTED_EDGE('',*,*,#6906,.T.) ;
#6926=ORIENTED_EDGE('',*,*,#1481,.F.) ;
#6927=ORIENTED_EDGE('',*,*,#6906,.F.) ;
#6928=ORIENTED_EDGE('',*,*,#3244,.F.) ;
#6929=ORIENTED_EDGE('',*,*,#6924,.F.) ;
#6944=ORIENTED_EDGE('',*,*,#3234,.F.) ;
#6945=ORIENTED_EDGE('',*,*,#6942,.T.) ;
#6946=ORIENTED_EDGE('',*,*,#1488,.F.) ;
#6947=ORIENTED_EDGE('',*,*,#6924,.T.) ;
#6962=ORIENTED_EDGE('',*,*,#1495,.F.) ;
#6963=ORIENTED_EDGE('',*,*,#6942,.F.) ;
#6964=ORIENTED_EDGE('',*,*,#3224,.F.) ;
#6965=ORIENTED_EDGE('',*,*,#6960,.T.) ;
#6980=ORIENTED_EDGE('',*,*,#1511,.F.) ;
#6981=ORIENTED_EDGE('',*,*,#6960,.F.) ;
#6982=ORIENTED_EDGE('',*,*,#3211,.F.) ;
#6983=ORIENTED_EDGE('',*,*,#6978,.T.) ;
#6998=ORIENTED_EDGE('',*,*,#1518,.F.) ;
#6999=ORIENTED_EDGE('',*,*,#6978,.F.) ;
#7000=ORIENTED_EDGE('',*,*,#3204,.F.) ;
#7001=ORIENTED_EDGE('',*,*,#6996,.T.) ;
#7016=ORIENTED_EDGE('',*,*,#1525,.F.) ;
#7017=ORIENTED_EDGE('',*,*,#6996,.F.) ;
#7018=ORIENTED_EDGE('',*,*,#3191,.F.) ;
#7019=ORIENTED_EDGE('',*,*,#7014,.F.) ;
#7034=ORIENTED_EDGE('',*,*,#3181,.F.) ;
#7035=ORIENTED_EDGE('',*,*,#7032,.T.) ;
#7036=ORIENTED_EDGE('',*,*,#1532,.F.) ;
#7037=ORIENTED_EDGE('',*,*,#7014,.T.) ;
#7052=ORIENTED_EDGE('',*,*,#1539,.F.) ;
#7053=ORIENTED_EDGE('',*,*,#7032,.F.) ;
#7054=ORIENTED_EDGE('',*,*,#3171,.F.) ;
#7055=ORIENTED_EDGE('',*,*,#7050,.T.) ;
#7070=ORIENTED_EDGE('',*,*,#1555,.F.) ;
#7071=ORIENTED_EDGE('',*,*,#7050,.F.) ;
#7072=ORIENTED_EDGE('',*,*,#3158,.F.) ;
#7073=ORIENTED_EDGE('',*,*,#7068,.T.) ;
#7088=ORIENTED_EDGE('',*,*,#1562,.F.) ;
#7089=ORIENTED_EDGE('',*,*,#7068,.F.) ;
#7090=ORIENTED_EDGE('',*,*,#3151,.F.) ;
#7091=ORIENTED_EDGE('',*,*,#7086,.T.) ;
#7106=ORIENTED_EDGE('',*,*,#1569,.F.) ;
#7107=ORIENTED_EDGE('',*,*,#7086,.F.) ;
#7108=ORIENTED_EDGE('',*,*,#3138,.F.) ;
#7109=ORIENTED_EDGE('',*,*,#7104,.F.) ;
#7124=ORIENTED_EDGE('',*,*,#3128,.F.) ;
#7125=ORIENTED_EDGE('',*,*,#7122,.T.) ;
#7126=ORIENTED_EDGE('',*,*,#1576,.F.) ;
#7127=ORIENTED_EDGE('',*,*,#7104,.T.) ;
#7142=ORIENTED_EDGE('',*,*,#1583,.F.) ;
#7143=ORIENTED_EDGE('',*,*,#7122,.F.) ;
#7144=ORIENTED_EDGE('',*,*,#3118,.F.) ;
#7145=ORIENTED_EDGE('',*,*,#7140,.T.) ;
#7160=ORIENTED_EDGE('',*,*,#1599,.F.) ;
#7161=ORIENTED_EDGE('',*,*,#7140,.F.) ;
#7162=ORIENTED_EDGE('',*,*,#3105,.F.) ;
#7163=ORIENTED_EDGE('',*,*,#7158,.T.) ;
#7178=ORIENTED_EDGE('',*,*,#1606,.F.) ;
#7179=ORIENTED_EDGE('',*,*,#7158,.F.) ;
#7180=ORIENTED_EDGE('',*,*,#3098,.F.) ;
#7181=ORIENTED_EDGE('',*,*,#7176,.T.) ;
#7196=ORIENTED_EDGE('',*,*,#1619,.F.) ;
#7197=ORIENTED_EDGE('',*,*,#7176,.F.) ;
#7198=ORIENTED_EDGE('',*,*,#3085,.F.) ;
#7199=ORIENTED_EDGE('',*,*,#7194,.T.) ;
#7214=ORIENTED_EDGE('',*,*,#1626,.F.) ;
#7215=ORIENTED_EDGE('',*,*,#7194,.F.) ;
#7216=ORIENTED_EDGE('',*,*,#3078,.F.) ;
#7217=ORIENTED_EDGE('',*,*,#7212,.T.) ;
#7232=ORIENTED_EDGE('',*,*,#1642,.F.) ;
#7233=ORIENTED_EDGE('',*,*,#7212,.F.) ;
#7234=ORIENTED_EDGE('',*,*,#3071,.F.) ;
#7235=ORIENTED_EDGE('',*,*,#7230,.F.) ;
#7250=ORIENTED_EDGE('',*,*,#7248,.F.) ;
#7251=ORIENTED_EDGE('',*,*,#1649,.F.) ;
#7252=ORIENTED_EDGE('',*,*,#7230,.T.) ;
#7253=ORIENTED_EDGE('',*,*,#3064,.F.) ;
#7268=ORIENTED_EDGE('',*,*,#1665,.F.) ;
#7269=ORIENTED_EDGE('',*,*,#7248,.T.) ;
#7270=ORIENTED_EDGE('',*,*,#3057,.F.) ;
#7271=ORIENTED_EDGE('',*,*,#7266,.T.) ;
#7286=ORIENTED_EDGE('',*,*,#1672,.F.) ;
#7287=ORIENTED_EDGE('',*,*,#7266,.F.) ;
#7288=ORIENTED_EDGE('',*,*,#3050,.F.) ;
#7289=ORIENTED_EDGE('',*,*,#7284,.T.) ;
#7304=ORIENTED_EDGE('',*,*,#1679,.F.) ;
#7305=ORIENTED_EDGE('',*,*,#7284,.F.) ;
#7306=ORIENTED_EDGE('',*,*,#3043,.F.) ;
#7307=ORIENTED_EDGE('',*,*,#7302,.T.) ;
#7322=ORIENTED_EDGE('',*,*,#1692,.F.) ;
#7323=ORIENTED_EDGE('',*,*,#7302,.F.) ;
#7324=ORIENTED_EDGE('',*,*,#3030,.F.) ;
#7325=ORIENTED_EDGE('',*,*,#7320,.T.) ;
#7340=ORIENTED_EDGE('',*,*,#1699,.F.) ;
#7341=ORIENTED_EDGE('',*,*,#7320,.F.) ;
#7342=ORIENTED_EDGE('',*,*,#3023,.F.) ;
#7343=ORIENTED_EDGE('',*,*,#7338,.F.) ;
#7358=ORIENTED_EDGE('',*,*,#7338,.T.) ;
#7359=ORIENTED_EDGE('',*,*,#3010,.F.) ;
#7360=ORIENTED_EDGE('',*,*,#7356,.T.) ;
#7361=ORIENTED_EDGE('',*,*,#1706,.F.) ;
#7376=ORIENTED_EDGE('',*,*,#1713,.F.) ;
#7377=ORIENTED_EDGE('',*,*,#7356,.F.) ;
#7378=ORIENTED_EDGE('',*,*,#3003,.F.) ;
#7379=ORIENTED_EDGE('',*,*,#7374,.T.) ;
#7394=ORIENTED_EDGE('',*,*,#1720,.F.) ;
#7395=ORIENTED_EDGE('',*,*,#7374,.F.) ;
#7396=ORIENTED_EDGE('',*,*,#2996,.F.) ;
#7397=ORIENTED_EDGE('',*,*,#7392,.T.) ;
#7412=ORIENTED_EDGE('',*,*,#1727,.F.) ;
#7413=ORIENTED_EDGE('',*,*,#7392,.F.) ;
#7414=ORIENTED_EDGE('',*,*,#2989,.F.) ;
#7415=ORIENTED_EDGE('',*,*,#7410,.T.) ;
#7430=ORIENTED_EDGE('',*,*,#1734,.F.) ;
#7431=ORIENTED_EDGE('',*,*,#7410,.F.) ;
#7432=ORIENTED_EDGE('',*,*,#2982,.F.) ;
#7433=ORIENTED_EDGE('',*,*,#7428,.T.) ;
#7448=ORIENTED_EDGE('',*,*,#1741,.F.) ;
#7449=ORIENTED_EDGE('',*,*,#7428,.F.) ;
#7450=ORIENTED_EDGE('',*,*,#2975,.F.) ;
#7451=ORIENTED_EDGE('',*,*,#7446,.T.) ;
#7466=ORIENTED_EDGE('',*,*,#1748,.F.) ;
#7467=ORIENTED_EDGE('',*,*,#7446,.F.) ;
#7468=ORIENTED_EDGE('',*,*,#2968,.F.) ;
#7469=ORIENTED_EDGE('',*,*,#7464,.T.) ;
#7484=ORIENTED_EDGE('',*,*,#1755,.F.) ;
#7485=ORIENTED_EDGE('',*,*,#7464,.F.) ;
#7486=ORIENTED_EDGE('',*,*,#2961,.F.) ;
#7487=ORIENTED_EDGE('',*,*,#7482,.T.) ;
#7502=ORIENTED_EDGE('',*,*,#1762,.F.) ;
#7503=ORIENTED_EDGE('',*,*,#7482,.F.) ;
#7504=ORIENTED_EDGE('',*,*,#2954,.F.) ;
#7505=ORIENTED_EDGE('',*,*,#7500,.T.) ;
#7520=ORIENTED_EDGE('',*,*,#1769,.F.) ;
#7521=ORIENTED_EDGE('',*,*,#7500,.F.) ;
#7522=ORIENTED_EDGE('',*,*,#2947,.F.) ;
#7523=ORIENTED_EDGE('',*,*,#7518,.T.) ;
#7538=ORIENTED_EDGE('',*,*,#1776,.F.) ;
#7539=ORIENTED_EDGE('',*,*,#7518,.F.) ;
#7540=ORIENTED_EDGE('',*,*,#2940,.F.) ;
#7541=ORIENTED_EDGE('',*,*,#7536,.T.) ;
#7556=ORIENTED_EDGE('',*,*,#1783,.F.) ;
#7557=ORIENTED_EDGE('',*,*,#7536,.F.) ;
#7558=ORIENTED_EDGE('',*,*,#2933,.F.) ;
#7559=ORIENTED_EDGE('',*,*,#7554,.T.) ;
#7574=ORIENTED_EDGE('',*,*,#1790,.F.) ;
#7575=ORIENTED_EDGE('',*,*,#7554,.F.) ;
#7576=ORIENTED_EDGE('',*,*,#2926,.F.) ;
#7577=ORIENTED_EDGE('',*,*,#7572,.T.) ;
#7592=ORIENTED_EDGE('',*,*,#1797,.F.) ;
#7593=ORIENTED_EDGE('',*,*,#7572,.F.) ;
#7594=ORIENTED_EDGE('',*,*,#2919,.F.) ;
#7595=ORIENTED_EDGE('',*,*,#7590,.T.) ;
#7610=ORIENTED_EDGE('',*,*,#1804,.F.) ;
#7611=ORIENTED_EDGE('',*,*,#7590,.F.) ;
#7612=ORIENTED_EDGE('',*,*,#2912,.F.) ;
#7613=ORIENTED_EDGE('',*,*,#7608,.T.) ;
#7628=ORIENTED_EDGE('',*,*,#1811,.F.) ;
#7629=ORIENTED_EDGE('',*,*,#7608,.F.) ;
#7630=ORIENTED_EDGE('',*,*,#2905,.F.) ;
#7631=ORIENTED_EDGE('',*,*,#7626,.T.) ;
#7646=ORIENTED_EDGE('',*,*,#1818,.F.) ;
#7647=ORIENTED_EDGE('',*,*,#7626,.F.) ;
#7648=ORIENTED_EDGE('',*,*,#2898,.F.) ;
#7649=ORIENTED_EDGE('',*,*,#7644,.T.) ;
#7664=ORIENTED_EDGE('',*,*,#1825,.F.) ;
#7665=ORIENTED_EDGE('',*,*,#7644,.F.) ;
#7666=ORIENTED_EDGE('',*,*,#2891,.F.) ;
#7667=ORIENTED_EDGE('',*,*,#7662,.T.) ;
#7682=ORIENTED_EDGE('',*,*,#1832,.F.) ;
#7683=ORIENTED_EDGE('',*,*,#7662,.F.) ;
#7684=ORIENTED_EDGE('',*,*,#2884,.F.) ;
#7685=ORIENTED_EDGE('',*,*,#7680,.T.) ;
#7700=ORIENTED_EDGE('',*,*,#1839,.F.) ;
#7701=ORIENTED_EDGE('',*,*,#7680,.F.) ;
#7702=ORIENTED_EDGE('',*,*,#2877,.F.) ;
#7703=ORIENTED_EDGE('',*,*,#7698,.T.) ;
#7718=ORIENTED_EDGE('',*,*,#1846,.F.) ;
#7719=ORIENTED_EDGE('',*,*,#7698,.F.) ;
#7720=ORIENTED_EDGE('',*,*,#2870,.F.) ;
#7721=ORIENTED_EDGE('',*,*,#7716,.T.) ;
#7736=ORIENTED_EDGE('',*,*,#1853,.F.) ;
#7737=ORIENTED_EDGE('',*,*,#7716,.F.) ;
#7738=ORIENTED_EDGE('',*,*,#2863,.F.) ;
#7739=ORIENTED_EDGE('',*,*,#7734,.T.) ;
#7754=ORIENTED_EDGE('',*,*,#1860,.F.) ;
#7755=ORIENTED_EDGE('',*,*,#7734,.F.) ;
#7756=ORIENTED_EDGE('',*,*,#2856,.F.) ;
#7757=ORIENTED_EDGE('',*,*,#7752,.T.) ;
#7772=ORIENTED_EDGE('',*,*,#1867,.F.) ;
#7773=ORIENTED_EDGE('',*,*,#7752,.F.) ;
#7774=ORIENTED_EDGE('',*,*,#2849,.F.) ;
#7775=ORIENTED_EDGE('',*,*,#7770,.T.) ;
#7790=ORIENTED_EDGE('',*,*,#1874,.F.) ;
#7791=ORIENTED_EDGE('',*,*,#7770,.F.) ;
#7792=ORIENTED_EDGE('',*,*,#2842,.F.) ;
#7793=ORIENTED_EDGE('',*,*,#7788,.T.) ;
#7808=ORIENTED_EDGE('',*,*,#1881,.F.) ;
#7809=ORIENTED_EDGE('',*,*,#7788,.F.) ;
#7810=ORIENTED_EDGE('',*,*,#2835,.F.) ;
#7811=ORIENTED_EDGE('',*,*,#7806,.T.) ;
#7826=ORIENTED_EDGE('',*,*,#1888,.F.) ;
#7827=ORIENTED_EDGE('',*,*,#7806,.F.) ;
#7828=ORIENTED_EDGE('',*,*,#2828,.F.) ;
#7829=ORIENTED_EDGE('',*,*,#7824,.T.) ;
#7844=ORIENTED_EDGE('',*,*,#1895,.F.) ;
#7845=ORIENTED_EDGE('',*,*,#7824,.F.) ;
#7846=ORIENTED_EDGE('',*,*,#2821,.F.) ;
#7847=ORIENTED_EDGE('',*,*,#7842,.T.) ;
#7862=ORIENTED_EDGE('',*,*,#1902,.F.) ;
#7863=ORIENTED_EDGE('',*,*,#7842,.F.) ;
#7864=ORIENTED_EDGE('',*,*,#2814,.F.) ;
#7865=ORIENTED_EDGE('',*,*,#7860,.T.) ;
#7880=ORIENTED_EDGE('',*,*,#1909,.F.) ;
#7881=ORIENTED_EDGE('',*,*,#7860,.F.) ;
#7882=ORIENTED_EDGE('',*,*,#2807,.F.) ;
#7883=ORIENTED_EDGE('',*,*,#7878,.T.) ;
#7898=ORIENTED_EDGE('',*,*,#1916,.F.) ;
#7899=ORIENTED_EDGE('',*,*,#7878,.F.) ;
#7900=ORIENTED_EDGE('',*,*,#2800,.F.) ;
#7901=ORIENTED_EDGE('',*,*,#7896,.T.) ;
#7916=ORIENTED_EDGE('',*,*,#1923,.F.) ;
#7917=ORIENTED_EDGE('',*,*,#7896,.F.) ;
#7918=ORIENTED_EDGE('',*,*,#2793,.F.) ;
#7919=ORIENTED_EDGE('',*,*,#7914,.T.) ;
#7934=ORIENTED_EDGE('',*,*,#1930,.F.) ;
#7935=ORIENTED_EDGE('',*,*,#7914,.F.) ;
#7936=ORIENTED_EDGE('',*,*,#2786,.F.) ;
#7937=ORIENTED_EDGE('',*,*,#7932,.T.) ;
#7952=ORIENTED_EDGE('',*,*,#1937,.F.) ;
#7953=ORIENTED_EDGE('',*,*,#7932,.F.) ;
#7954=ORIENTED_EDGE('',*,*,#2779,.F.) ;
#7955=ORIENTED_EDGE('',*,*,#7950,.T.) ;
#7970=ORIENTED_EDGE('',*,*,#1944,.F.) ;
#7971=ORIENTED_EDGE('',*,*,#7950,.F.) ;
#7972=ORIENTED_EDGE('',*,*,#2772,.F.) ;
#7973=ORIENTED_EDGE('',*,*,#7968,.T.) ;
#7988=ORIENTED_EDGE('',*,*,#1951,.F.) ;
#7989=ORIENTED_EDGE('',*,*,#7968,.F.) ;
#7990=ORIENTED_EDGE('',*,*,#2765,.F.) ;
#7991=ORIENTED_EDGE('',*,*,#7986,.T.) ;
#8006=ORIENTED_EDGE('',*,*,#1958,.F.) ;
#8007=ORIENTED_EDGE('',*,*,#7986,.F.) ;
#8008=ORIENTED_EDGE('',*,*,#2758,.F.) ;
#8009=ORIENTED_EDGE('',*,*,#8004,.T.) ;
#8024=ORIENTED_EDGE('',*,*,#1965,.F.) ;
#8025=ORIENTED_EDGE('',*,*,#8004,.F.) ;
#8026=ORIENTED_EDGE('',*,*,#2751,.F.) ;
#8027=ORIENTED_EDGE('',*,*,#8022,.T.) ;
#8042=ORIENTED_EDGE('',*,*,#1972,.F.) ;
#8043=ORIENTED_EDGE('',*,*,#8022,.F.) ;
#8044=ORIENTED_EDGE('',*,*,#2744,.F.) ;
#8045=ORIENTED_EDGE('',*,*,#8040,.T.) ;
#8060=ORIENTED_EDGE('',*,*,#1979,.F.) ;
#8061=ORIENTED_EDGE('',*,*,#8040,.F.) ;
#8062=ORIENTED_EDGE('',*,*,#2737,.F.) ;
#8063=ORIENTED_EDGE('',*,*,#8058,.T.) ;
#8078=ORIENTED_EDGE('',*,*,#1986,.F.) ;
#8079=ORIENTED_EDGE('',*,*,#8058,.F.) ;
#8080=ORIENTED_EDGE('',*,*,#2730,.F.) ;
#8081=ORIENTED_EDGE('',*,*,#8076,.T.) ;
#8096=ORIENTED_EDGE('',*,*,#1993,.F.) ;
#8097=ORIENTED_EDGE('',*,*,#8076,.F.) ;
#8098=ORIENTED_EDGE('',*,*,#2723,.F.) ;
#8099=ORIENTED_EDGE('',*,*,#8094,.T.) ;
#8114=ORIENTED_EDGE('',*,*,#8112,.T.) ;
#8115=ORIENTED_EDGE('',*,*,#2000,.F.) ;
#8116=ORIENTED_EDGE('',*,*,#8094,.F.) ;
#8117=ORIENTED_EDGE('',*,*,#2716,.F.) ;
#8132=ORIENTED_EDGE('',*,*,#2007,.F.) ;
#8133=ORIENTED_EDGE('',*,*,#8112,.F.) ;
#8134=ORIENTED_EDGE('',*,*,#2709,.F.) ;
#8135=ORIENTED_EDGE('',*,*,#8130,.T.) ;
#8150=ORIENTED_EDGE('',*,*,#2026,.F.) ;
#8151=ORIENTED_EDGE('',*,*,#8130,.F.) ;
#8152=ORIENTED_EDGE('',*,*,#2696,.F.) ;
#8153=ORIENTED_EDGE('',*,*,#8148,.T.) ;
#8168=ORIENTED_EDGE('',*,*,#2033,.F.) ;
#8169=ORIENTED_EDGE('',*,*,#8148,.F.) ;
#8170=ORIENTED_EDGE('',*,*,#2689,.F.) ;
#8171=ORIENTED_EDGE('',*,*,#8166,.T.) ;
#8186=ORIENTED_EDGE('',*,*,#2049,.F.) ;
#8187=ORIENTED_EDGE('',*,*,#8166,.F.) ;
#8188=ORIENTED_EDGE('',*,*,#2682,.F.) ;
#8189=ORIENTED_EDGE('',*,*,#8184,.T.) ;
#8204=ORIENTED_EDGE('',*,*,#2056,.F.) ;
#8205=ORIENTED_EDGE('',*,*,#8184,.F.) ;
#8206=ORIENTED_EDGE('',*,*,#2675,.F.) ;
#8207=ORIENTED_EDGE('',*,*,#8202,.T.) ;
#8222=ORIENTED_EDGE('',*,*,#2063,.F.) ;
#8223=ORIENTED_EDGE('',*,*,#8202,.F.) ;
#8224=ORIENTED_EDGE('',*,*,#2662,.F.) ;
#8225=ORIENTED_EDGE('',*,*,#8220,.T.) ;
#8240=ORIENTED_EDGE('',*,*,#2070,.F.) ;
#8241=ORIENTED_EDGE('',*,*,#8220,.F.) ;
#8242=ORIENTED_EDGE('',*,*,#2652,.F.) ;
#8243=ORIENTED_EDGE('',*,*,#8238,.T.) ;
#8258=ORIENTED_EDGE('',*,*,#2086,.F.) ;
#8259=ORIENTED_EDGE('',*,*,#8238,.F.) ;
#8260=ORIENTED_EDGE('',*,*,#2639,.F.) ;
#8261=ORIENTED_EDGE('',*,*,#8256,.T.) ;
#8276=ORIENTED_EDGE('',*,*,#2093,.F.) ;
#8277=ORIENTED_EDGE('',*,*,#8256,.F.) ;
#8278=ORIENTED_EDGE('',*,*,#2632,.F.) ;
#8279=ORIENTED_EDGE('',*,*,#8274,.T.) ;
#8294=ORIENTED_EDGE('',*,*,#2100,.F.) ;
#8295=ORIENTED_EDGE('',*,*,#8274,.F.) ;
#8296=ORIENTED_EDGE('',*,*,#2619,.F.) ;
#8297=ORIENTED_EDGE('',*,*,#8292,.T.) ;
#8312=ORIENTED_EDGE('',*,*,#2107,.F.) ;
#8313=ORIENTED_EDGE('',*,*,#8292,.F.) ;
#8314=ORIENTED_EDGE('',*,*,#2609,.F.) ;
#8315=ORIENTED_EDGE('',*,*,#8310,.T.) ;
#8330=ORIENTED_EDGE('',*,*,#2123,.F.) ;
#8331=ORIENTED_EDGE('',*,*,#8310,.F.) ;
#8332=ORIENTED_EDGE('',*,*,#2596,.F.) ;
#8333=ORIENTED_EDGE('',*,*,#8328,.T.) ;
#8348=ORIENTED_EDGE('',*,*,#2130,.F.) ;
#8349=ORIENTED_EDGE('',*,*,#8328,.F.) ;
#8350=ORIENTED_EDGE('',*,*,#2589,.F.) ;
#8351=ORIENTED_EDGE('',*,*,#8346,.T.) ;
#8366=ORIENTED_EDGE('',*,*,#2137,.F.) ;
#8367=ORIENTED_EDGE('',*,*,#8346,.F.) ;
#8368=ORIENTED_EDGE('',*,*,#2576,.F.) ;
#8369=ORIENTED_EDGE('',*,*,#8364,.T.) ;
#8384=ORIENTED_EDGE('',*,*,#2144,.F.) ;
#8385=ORIENTED_EDGE('',*,*,#8364,.F.) ;
#8386=ORIENTED_EDGE('',*,*,#2566,.F.) ;
#8387=ORIENTED_EDGE('',*,*,#8382,.T.) ;
#8402=ORIENTED_EDGE('',*,*,#2160,.F.) ;
#8403=ORIENTED_EDGE('',*,*,#8382,.F.) ;
#8404=ORIENTED_EDGE('',*,*,#2553,.F.) ;
#8405=ORIENTED_EDGE('',*,*,#8400,.T.) ;
#8420=ORIENTED_EDGE('',*,*,#2182,.F.) ;
#8421=ORIENTED_EDGE('',*,*,#8400,.F.) ;
#8422=ORIENTED_EDGE('',*,*,#2546,.F.) ;
#8423=ORIENTED_EDGE('',*,*,#8418,.F.) ;
#8438=ORIENTED_EDGE('',*,*,#8418,.T.) ;
#8439=ORIENTED_EDGE('',*,*,#2539,.F.) ;
#8440=ORIENTED_EDGE('',*,*,#8436,.T.) ;
#8441=ORIENTED_EDGE('',*,*,#2189,.F.) ;
#8456=ORIENTED_EDGE('',*,*,#2196,.F.) ;
#8457=ORIENTED_EDGE('',*,*,#8436,.F.) ;
#8458=ORIENTED_EDGE('',*,*,#2532,.F.) ;
#8459=ORIENTED_EDGE('',*,*,#8454,.T.) ;
#8474=ORIENTED_EDGE('',*,*,#2203,.F.) ;
#8475=ORIENTED_EDGE('',*,*,#8454,.F.) ;
#8476=ORIENTED_EDGE('',*,*,#2513,.F.) ;
#8477=ORIENTED_EDGE('',*,*,#8472,.T.) ;
#8492=ORIENTED_EDGE('',*,*,#2210,.F.) ;
#8493=ORIENTED_EDGE('',*,*,#8472,.F.) ;
#8494=ORIENTED_EDGE('',*,*,#2506,.F.) ;
#8495=ORIENTED_EDGE('',*,*,#8490,.T.) ;
#8505=ORIENTED_EDGE('',*,*,#4584,.F.) ;
#8506=ORIENTED_EDGE('',*,*,#2215,.F.) ;
#8507=ORIENTED_EDGE('',*,*,#8490,.F.) ;
#8508=ORIENTED_EDGE('',*,*,#2487,.F.) ;
#8572=ORIENTED_EDGE('',*,*,#8551,.T.) ;
#8573=ORIENTED_EDGE('',*,*,#8558,.F.) ;
#8574=ORIENTED_EDGE('',*,*,#8565,.T.) ;
#8575=ORIENTED_EDGE('',*,*,#8570,.T.) ;
#8804=ORIENTED_EDGE('',*,*,#8590,.F.) ;
#8805=ORIENTED_EDGE('',*,*,#8597,.F.) ;
#8806=ORIENTED_EDGE('',*,*,#8604,.F.) ;
#8807=ORIENTED_EDGE('',*,*,#8623,.F.) ;
#8808=ORIENTED_EDGE('',*,*,#8630,.F.) ;
#8809=ORIENTED_EDGE('',*,*,#8646,.F.) ;
#8810=ORIENTED_EDGE('',*,*,#8653,.F.) ;
#8811=ORIENTED_EDGE('',*,*,#8669,.F.) ;
#8812=ORIENTED_EDGE('',*,*,#8676,.F.) ;
#8813=ORIENTED_EDGE('',*,*,#8683,.F.) ;
#8814=ORIENTED_EDGE('',*,*,#8690,.F.) ;
#8815=ORIENTED_EDGE('',*,*,#8697,.F.) ;
#8816=ORIENTED_EDGE('',*,*,#8704,.F.) ;
#8817=ORIENTED_EDGE('',*,*,#8711,.F.) ;
#8818=ORIENTED_EDGE('',*,*,#8718,.F.) ;
#8819=ORIENTED_EDGE('',*,*,#8725,.F.) ;
#8820=ORIENTED_EDGE('',*,*,#8732,.F.) ;
#8821=ORIENTED_EDGE('',*,*,#8748,.F.) ;
#8822=ORIENTED_EDGE('',*,*,#8755,.F.) ;
#8823=ORIENTED_EDGE('',*,*,#8771,.F.) ;
#8824=ORIENTED_EDGE('',*,*,#8778,.F.) ;
#8825=ORIENTED_EDGE('',*,*,#8797,.F.) ;
#8826=ORIENTED_EDGE('',*,*,#8802,.F.) ;
#8827=ORIENTED_EDGE('',*,*,#8551,.F.) ;
#8849=ORIENTED_EDGE('',*,*,#8802,.T.) ;
#8850=ORIENTED_EDGE('',*,*,#8842,.F.) ;
#8851=ORIENTED_EDGE('',*,*,#8847,.T.) ;
#8852=ORIENTED_EDGE('',*,*,#8558,.T.) ;
#9059=ORIENTED_EDGE('',*,*,#8878,.F.) ;
#9060=ORIENTED_EDGE('',*,*,#8883,.F.) ;
#9061=ORIENTED_EDGE('',*,*,#8565,.F.) ;
#9062=ORIENTED_EDGE('',*,*,#8847,.F.) ;
#9063=ORIENTED_EDGE('',*,*,#8890,.F.) ;
#9064=ORIENTED_EDGE('',*,*,#8897,.F.) ;
#9065=ORIENTED_EDGE('',*,*,#8904,.F.) ;
#9066=ORIENTED_EDGE('',*,*,#8911,.F.) ;
#9067=ORIENTED_EDGE('',*,*,#8918,.F.) ;
#9068=ORIENTED_EDGE('',*,*,#8925,.F.) ;
#9069=ORIENTED_EDGE('',*,*,#8941,.F.) ;
#9070=ORIENTED_EDGE('',*,*,#8948,.F.) ;
#9071=ORIENTED_EDGE('',*,*,#8964,.F.) ;
#9072=ORIENTED_EDGE('',*,*,#8971,.F.) ;
#9073=ORIENTED_EDGE('',*,*,#8987,.F.) ;
#9074=ORIENTED_EDGE('',*,*,#8994,.F.) ;
#9075=ORIENTED_EDGE('',*,*,#9010,.F.) ;
#9076=ORIENTED_EDGE('',*,*,#9017,.F.) ;
#9077=ORIENTED_EDGE('',*,*,#9024,.F.) ;
#9078=ORIENTED_EDGE('',*,*,#9031,.F.) ;
#9079=ORIENTED_EDGE('',*,*,#9038,.F.) ;
#9080=ORIENTED_EDGE('',*,*,#9045,.F.) ;
#9081=ORIENTED_EDGE('',*,*,#9052,.F.) ;
#9082=ORIENTED_EDGE('',*,*,#9057,.F.) ;
#9097=ORIENTED_EDGE('',*,*,#8590,.T.) ;
#9098=ORIENTED_EDGE('',*,*,#8570,.F.) ;
#9099=ORIENTED_EDGE('',*,*,#8883,.T.) ;
#9100=ORIENTED_EDGE('',*,*,#9095,.T.) ;
#9115=ORIENTED_EDGE('',*,*,#8597,.T.) ;
#9116=ORIENTED_EDGE('',*,*,#9095,.F.) ;
#9117=ORIENTED_EDGE('',*,*,#8878,.T.) ;
#9118=ORIENTED_EDGE('',*,*,#9113,.T.) ;
#9133=ORIENTED_EDGE('',*,*,#8604,.T.) ;
#9134=ORIENTED_EDGE('',*,*,#9113,.F.) ;
#9135=ORIENTED_EDGE('',*,*,#9057,.T.) ;
#9136=ORIENTED_EDGE('',*,*,#9131,.T.) ;
#9151=ORIENTED_EDGE('',*,*,#8623,.T.) ;
#9152=ORIENTED_EDGE('',*,*,#9131,.F.) ;
#9153=ORIENTED_EDGE('',*,*,#9052,.T.) ;
#9154=ORIENTED_EDGE('',*,*,#9149,.T.) ;
#9169=ORIENTED_EDGE('',*,*,#8630,.T.) ;
#9170=ORIENTED_EDGE('',*,*,#9149,.F.) ;
#9171=ORIENTED_EDGE('',*,*,#9045,.T.) ;
#9172=ORIENTED_EDGE('',*,*,#9167,.T.) ;
#9187=ORIENTED_EDGE('',*,*,#8646,.T.) ;
#9188=ORIENTED_EDGE('',*,*,#9167,.F.) ;
#9189=ORIENTED_EDGE('',*,*,#9038,.T.) ;
#9190=ORIENTED_EDGE('',*,*,#9185,.T.) ;
#9205=ORIENTED_EDGE('',*,*,#8653,.T.) ;
#9206=ORIENTED_EDGE('',*,*,#9185,.F.) ;
#9207=ORIENTED_EDGE('',*,*,#9031,.T.) ;
#9208=ORIENTED_EDGE('',*,*,#9203,.T.) ;
#9223=ORIENTED_EDGE('',*,*,#8669,.T.) ;
#9224=ORIENTED_EDGE('',*,*,#9203,.F.) ;
#9225=ORIENTED_EDGE('',*,*,#9024,.T.) ;
#9226=ORIENTED_EDGE('',*,*,#9221,.T.) ;
#9241=ORIENTED_EDGE('',*,*,#8676,.T.) ;
#9242=ORIENTED_EDGE('',*,*,#9221,.F.) ;
#9243=ORIENTED_EDGE('',*,*,#9017,.T.) ;
#9244=ORIENTED_EDGE('',*,*,#9239,.T.) ;
#9259=ORIENTED_EDGE('',*,*,#8683,.T.) ;
#9260=ORIENTED_EDGE('',*,*,#9239,.F.) ;
#9261=ORIENTED_EDGE('',*,*,#9010,.T.) ;
#9262=ORIENTED_EDGE('',*,*,#9257,.T.) ;
#9277=ORIENTED_EDGE('',*,*,#8690,.T.) ;
#9278=ORIENTED_EDGE('',*,*,#9257,.F.) ;
#9279=ORIENTED_EDGE('',*,*,#8994,.T.) ;
#9280=ORIENTED_EDGE('',*,*,#9275,.T.) ;
#9295=ORIENTED_EDGE('',*,*,#8697,.T.) ;
#9296=ORIENTED_EDGE('',*,*,#9275,.F.) ;
#9297=ORIENTED_EDGE('',*,*,#8987,.T.) ;
#9298=ORIENTED_EDGE('',*,*,#9293,.T.) ;
#9313=ORIENTED_EDGE('',*,*,#8704,.T.) ;
#9314=ORIENTED_EDGE('',*,*,#9293,.F.) ;
#9315=ORIENTED_EDGE('',*,*,#8971,.T.) ;
#9316=ORIENTED_EDGE('',*,*,#9311,.T.) ;
#9331=ORIENTED_EDGE('',*,*,#8711,.T.) ;
#9332=ORIENTED_EDGE('',*,*,#9311,.F.) ;
#9333=ORIENTED_EDGE('',*,*,#8964,.T.) ;
#9334=ORIENTED_EDGE('',*,*,#9329,.T.) ;
#9349=ORIENTED_EDGE('',*,*,#8718,.T.) ;
#9350=ORIENTED_EDGE('',*,*,#9329,.F.) ;
#9351=ORIENTED_EDGE('',*,*,#8948,.T.) ;
#9352=ORIENTED_EDGE('',*,*,#9347,.T.) ;
#9367=ORIENTED_EDGE('',*,*,#8725,.T.) ;
#9368=ORIENTED_EDGE('',*,*,#9347,.F.) ;
#9369=ORIENTED_EDGE('',*,*,#8941,.T.) ;
#9370=ORIENTED_EDGE('',*,*,#9365,.T.) ;
#9385=ORIENTED_EDGE('',*,*,#8732,.T.) ;
#9386=ORIENTED_EDGE('',*,*,#9365,.F.) ;
#9387=ORIENTED_EDGE('',*,*,#8925,.T.) ;
#9388=ORIENTED_EDGE('',*,*,#9383,.T.) ;
#9403=ORIENTED_EDGE('',*,*,#8748,.T.) ;
#9404=ORIENTED_EDGE('',*,*,#9383,.F.) ;
#9405=ORIENTED_EDGE('',*,*,#8918,.T.) ;
#9406=ORIENTED_EDGE('',*,*,#9401,.T.) ;
#9421=ORIENTED_EDGE('',*,*,#8755,.T.) ;
#9422=ORIENTED_EDGE('',*,*,#9401,.F.) ;
#9423=ORIENTED_EDGE('',*,*,#8911,.T.) ;
#9424=ORIENTED_EDGE('',*,*,#9419,.T.) ;
#9439=ORIENTED_EDGE('',*,*,#8771,.T.) ;
#9440=ORIENTED_EDGE('',*,*,#9419,.F.) ;
#9441=ORIENTED_EDGE('',*,*,#8904,.T.) ;
#9442=ORIENTED_EDGE('',*,*,#9437,.T.) ;
#9457=ORIENTED_EDGE('',*,*,#8778,.T.) ;
#9458=ORIENTED_EDGE('',*,*,#9437,.F.) ;
#9459=ORIENTED_EDGE('',*,*,#8897,.T.) ;
#9460=ORIENTED_EDGE('',*,*,#9455,.T.) ;
#9470=ORIENTED_EDGE('',*,*,#8797,.T.) ;
#9471=ORIENTED_EDGE('',*,*,#9455,.F.) ;
#9472=ORIENTED_EDGE('',*,*,#8890,.T.) ;
#9473=ORIENTED_EDGE('',*,*,#8842,.T.) ;
#9550=ORIENTED_EDGE('',*,*,#9529,.F.) ;
#9551=ORIENTED_EDGE('',*,*,#9536,.F.) ;
#9552=ORIENTED_EDGE('',*,*,#9543,.F.) ;
#9553=ORIENTED_EDGE('',*,*,#9548,.F.) ;
#9674=ORIENTED_EDGE('',*,*,#9577,.F.) ;
#9675=ORIENTED_EDGE('',*,*,#9596,.F.) ;
#9676=ORIENTED_EDGE('',*,*,#9603,.F.) ;
#9677=ORIENTED_EDGE('',*,*,#9622,.F.) ;
#9678=ORIENTED_EDGE('',*,*,#9629,.F.) ;
#9679=ORIENTED_EDGE('',*,*,#9648,.F.) ;
#9680=ORIENTED_EDGE('',*,*,#9655,.F.) ;
#9681=ORIENTED_EDGE('',*,*,#9672,.F.) ;
#9734=ORIENTED_EDGE('',*,*,#9709,.T.) ;
#9735=ORIENTED_EDGE('',*,*,#9732,.T.) ;
#9788=ORIENTED_EDGE('',*,*,#9763,.T.) ;
#9789=ORIENTED_EDGE('',*,*,#9786,.T.) ;
#9842=ORIENTED_EDGE('',*,*,#9817,.T.) ;
#9843=ORIENTED_EDGE('',*,*,#9840,.T.) ;
#9896=ORIENTED_EDGE('',*,*,#9871,.T.) ;
#9897=ORIENTED_EDGE('',*,*,#9894,.T.) ;
#10003=ORIENTED_EDGE('',*,*,#9905,.T.) ;
#10004=ORIENTED_EDGE('',*,*,#9912,.T.) ;
#10005=ORIENTED_EDGE('',*,*,#9919,.T.) ;
#10006=ORIENTED_EDGE('',*,*,#9926,.T.) ;
#10007=ORIENTED_EDGE('',*,*,#9933,.T.) ;
#10008=ORIENTED_EDGE('',*,*,#9940,.T.) ;
#10009=ORIENTED_EDGE('',*,*,#9947,.T.) ;
#10010=ORIENTED_EDGE('',*,*,#9954,.T.) ;
#10011=ORIENTED_EDGE('',*,*,#9961,.T.) ;
#10012=ORIENTED_EDGE('',*,*,#9968,.T.) ;
#10013=ORIENTED_EDGE('',*,*,#9975,.T.) ;
#10014=ORIENTED_EDGE('',*,*,#9982,.T.) ;
#10015=ORIENTED_EDGE('',*,*,#9989,.T.) ;
#10016=ORIENTED_EDGE('',*,*,#9996,.T.) ;
#10017=ORIENTED_EDGE('',*,*,#10001,.T.) ;
#10018=ORIENTED_EDGE('',*,*,#9529,.T.) ;
#10040=ORIENTED_EDGE('',*,*,#9536,.T.) ;
#10041=ORIENTED_EDGE('',*,*,#10001,.F.) ;
#10042=ORIENTED_EDGE('',*,*,#10033,.T.) ;
#10043=ORIENTED_EDGE('',*,*,#10038,.T.) ;
#10109=ORIENTED_EDGE('',*,*,#10060,.T.) ;
#10110=ORIENTED_EDGE('',*,*,#10067,.T.) ;
#10111=ORIENTED_EDGE('',*,*,#10074,.T.) ;
#10112=ORIENTED_EDGE('',*,*,#10081,.T.) ;
#10113=ORIENTED_EDGE('',*,*,#10088,.T.) ;
#10114=ORIENTED_EDGE('',*,*,#10095,.T.) ;
#10115=ORIENTED_EDGE('',*,*,#10102,.T.) ;
#10116=ORIENTED_EDGE('',*,*,#10107,.T.) ;
#10169=ORIENTED_EDGE('',*,*,#10144,.T.) ;
#10170=ORIENTED_EDGE('',*,*,#10167,.T.) ;
#10223=ORIENTED_EDGE('',*,*,#10198,.T.) ;
#10224=ORIENTED_EDGE('',*,*,#10221,.T.) ;
#10277=ORIENTED_EDGE('',*,*,#10252,.T.) ;
#10278=ORIENTED_EDGE('',*,*,#10275,.T.) ;
#10331=ORIENTED_EDGE('',*,*,#10306,.T.) ;
#10332=ORIENTED_EDGE('',*,*,#10329,.T.) ;
#10467=ORIENTED_EDGE('',*,*,#10342,.F.) ;
#10468=ORIENTED_EDGE('',*,*,#10358,.F.) ;
#10469=ORIENTED_EDGE('',*,*,#10365,.F.) ;
#10470=ORIENTED_EDGE('',*,*,#10372,.T.) ;
#10471=ORIENTED_EDGE('',*,*,#10379,.F.) ;
#10472=ORIENTED_EDGE('',*,*,#10395,.F.) ;
#10473=ORIENTED_EDGE('',*,*,#10402,.F.) ;
#10474=ORIENTED_EDGE('',*,*,#10409,.T.) ;
#10475=ORIENTED_EDGE('',*,*,#10416,.F.) ;
#10476=ORIENTED_EDGE('',*,*,#10432,.F.) ;
#10477=ORIENTED_EDGE('',*,*,#10437,.F.) ;
#10478=ORIENTED_EDGE('',*,*,#9543,.T.) ;
#10479=ORIENTED_EDGE('',*,*,#10038,.F.) ;
#10480=ORIENTED_EDGE('',*,*,#10453,.F.) ;
#10481=ORIENTED_EDGE('',*,*,#10460,.F.) ;
#10482=ORIENTED_EDGE('',*,*,#10465,.T.) ;
#10497=ORIENTED_EDGE('',*,*,#9548,.T.) ;
#10498=ORIENTED_EDGE('',*,*,#10437,.T.) ;
#10499=ORIENTED_EDGE('',*,*,#10495,.F.) ;
#10500=ORIENTED_EDGE('',*,*,#9905,.F.) ;
#10529=ORIENTED_EDGE('',*,*,#10515,.T.) ;
#10530=ORIENTED_EDGE('',*,*,#10522,.F.) ;
#10531=ORIENTED_EDGE('',*,*,#10527,.T.) ;
#10532=ORIENTED_EDGE('',*,*,#9577,.T.) ;
#10557=ORIENTED_EDGE('',*,*,#10527,.F.) ;
#10558=ORIENTED_EDGE('',*,*,#10550,.F.) ;
#10559=ORIENTED_EDGE('',*,*,#10555,.F.) ;
#10560=ORIENTED_EDGE('',*,*,#9596,.T.) ;
#10582=ORIENTED_EDGE('',*,*,#10555,.T.) ;
#10583=ORIENTED_EDGE('',*,*,#10575,.F.) ;
#10584=ORIENTED_EDGE('',*,*,#10580,.F.) ;
#10585=ORIENTED_EDGE('',*,*,#9603,.T.) ;
#10610=ORIENTED_EDGE('',*,*,#10580,.T.) ;
#10611=ORIENTED_EDGE('',*,*,#10603,.F.) ;
#10612=ORIENTED_EDGE('',*,*,#10608,.F.) ;
#10613=ORIENTED_EDGE('',*,*,#9622,.T.) ;
#10635=ORIENTED_EDGE('',*,*,#10608,.T.) ;
#10636=ORIENTED_EDGE('',*,*,#10628,.F.) ;
#10637=ORIENTED_EDGE('',*,*,#10633,.F.) ;
#10638=ORIENTED_EDGE('',*,*,#9629,.T.) ;
#10660=ORIENTED_EDGE('',*,*,#10633,.T.) ;
#10661=ORIENTED_EDGE('',*,*,#10653,.F.) ;
#10662=ORIENTED_EDGE('',*,*,#10658,.F.) ;
#10663=ORIENTED_EDGE('',*,*,#9648,.T.) ;
#10685=ORIENTED_EDGE('',*,*,#10658,.T.) ;
#10686=ORIENTED_EDGE('',*,*,#10678,.F.) ;
#10687=ORIENTED_EDGE('',*,*,#10683,.F.) ;
#10688=ORIENTED_EDGE('',*,*,#9655,.T.) ;
#10703=ORIENTED_EDGE('',*,*,#10683,.T.) ;
#10704=ORIENTED_EDGE('',*,*,#10701,.F.) ;
#10705=ORIENTED_EDGE('',*,*,#10515,.F.) ;
#10706=ORIENTED_EDGE('',*,*,#9672,.T.) ;
#10726=ORIENTED_EDGE('',*,*,#10144,.F.) ;
#10727=ORIENTED_EDGE('',*,*,#10719,.T.) ;
#10728=ORIENTED_EDGE('',*,*,#9709,.F.) ;
#10729=ORIENTED_EDGE('',*,*,#10724,.T.) ;
#10739=ORIENTED_EDGE('',*,*,#10167,.F.) ;
#10740=ORIENTED_EDGE('',*,*,#10724,.F.) ;
#10741=ORIENTED_EDGE('',*,*,#9732,.F.) ;
#10742=ORIENTED_EDGE('',*,*,#10719,.F.) ;
#10762=ORIENTED_EDGE('',*,*,#10198,.F.) ;
#10763=ORIENTED_EDGE('',*,*,#10755,.T.) ;
#10764=ORIENTED_EDGE('',*,*,#9763,.F.) ;
#10765=ORIENTED_EDGE('',*,*,#10760,.T.) ;
#10775=ORIENTED_EDGE('',*,*,#10221,.F.) ;
#10776=ORIENTED_EDGE('',*,*,#10760,.F.) ;
#10777=ORIENTED_EDGE('',*,*,#9786,.F.) ;
#10778=ORIENTED_EDGE('',*,*,#10755,.F.) ;
#10798=ORIENTED_EDGE('',*,*,#10252,.F.) ;
#10799=ORIENTED_EDGE('',*,*,#10791,.T.) ;
#10800=ORIENTED_EDGE('',*,*,#9817,.F.) ;
#10801=ORIENTED_EDGE('',*,*,#10796,.T.) ;
#10811=ORIENTED_EDGE('',*,*,#10275,.F.) ;
#10812=ORIENTED_EDGE('',*,*,#10796,.F.) ;
#10813=ORIENTED_EDGE('',*,*,#9840,.F.) ;
#10814=ORIENTED_EDGE('',*,*,#10791,.F.) ;
#10834=ORIENTED_EDGE('',*,*,#10306,.F.) ;
#10835=ORIENTED_EDGE('',*,*,#10827,.T.) ;
#10836=ORIENTED_EDGE('',*,*,#9871,.F.) ;
#10837=ORIENTED_EDGE('',*,*,#10832,.T.) ;
#10847=ORIENTED_EDGE('',*,*,#10329,.F.) ;
#10848=ORIENTED_EDGE('',*,*,#10832,.F.) ;
#10849=ORIENTED_EDGE('',*,*,#9894,.F.) ;
#10850=ORIENTED_EDGE('',*,*,#10827,.F.) ;
#10865=ORIENTED_EDGE('',*,*,#10432,.T.) ;
#10866=ORIENTED_EDGE('',*,*,#10863,.F.) ;
#10867=ORIENTED_EDGE('',*,*,#9912,.F.) ;
#10868=ORIENTED_EDGE('',*,*,#10495,.T.) ;
#10883=ORIENTED_EDGE('',*,*,#10881,.T.) ;
#10884=ORIENTED_EDGE('',*,*,#9919,.F.) ;
#10885=ORIENTED_EDGE('',*,*,#10863,.T.) ;
#10886=ORIENTED_EDGE('',*,*,#10416,.T.) ;
#10901=ORIENTED_EDGE('',*,*,#9926,.F.) ;
#10902=ORIENTED_EDGE('',*,*,#10881,.F.) ;
#10903=ORIENTED_EDGE('',*,*,#10409,.F.) ;
#10904=ORIENTED_EDGE('',*,*,#10899,.F.) ;
#10919=ORIENTED_EDGE('',*,*,#10899,.T.) ;
#10920=ORIENTED_EDGE('',*,*,#10402,.T.) ;
#10921=ORIENTED_EDGE('',*,*,#10917,.F.) ;
#10922=ORIENTED_EDGE('',*,*,#9933,.F.) ;
#10937=ORIENTED_EDGE('',*,*,#10395,.T.) ;
#10938=ORIENTED_EDGE('',*,*,#10935,.F.) ;
#10939=ORIENTED_EDGE('',*,*,#9940,.F.) ;
#10940=ORIENTED_EDGE('',*,*,#10917,.T.) ;
#10955=ORIENTED_EDGE('',*,*,#10953,.T.) ;
#10956=ORIENTED_EDGE('',*,*,#9947,.F.) ;
#10957=ORIENTED_EDGE('',*,*,#10935,.T.) ;
#10958=ORIENTED_EDGE('',*,*,#10379,.T.) ;
#10973=ORIENTED_EDGE('',*,*,#10372,.F.) ;
#10974=ORIENTED_EDGE('',*,*,#10971,.F.) ;
#10975=ORIENTED_EDGE('',*,*,#9954,.F.) ;
#10976=ORIENTED_EDGE('',*,*,#10953,.F.) ;
#10991=ORIENTED_EDGE('',*,*,#10971,.T.) ;
#10992=ORIENTED_EDGE('',*,*,#10365,.T.) ;
#10993=ORIENTED_EDGE('',*,*,#10989,.F.) ;
#10994=ORIENTED_EDGE('',*,*,#9961,.F.) ;
#11009=ORIENTED_EDGE('',*,*,#10358,.T.) ;
#11010=ORIENTED_EDGE('',*,*,#11007,.F.) ;
#11011=ORIENTED_EDGE('',*,*,#9968,.F.) ;
#11012=ORIENTED_EDGE('',*,*,#10989,.T.) ;
#11027=ORIENTED_EDGE('',*,*,#11025,.T.) ;
#11028=ORIENTED_EDGE('',*,*,#9975,.F.) ;
#11029=ORIENTED_EDGE('',*,*,#11007,.T.) ;
#11030=ORIENTED_EDGE('',*,*,#10342,.T.) ;
#11045=ORIENTED_EDGE('',*,*,#10465,.F.) ;
#11046=ORIENTED_EDGE('',*,*,#11043,.F.) ;
#11047=ORIENTED_EDGE('',*,*,#9982,.F.) ;
#11048=ORIENTED_EDGE('',*,*,#11025,.F.) ;
#11063=ORIENTED_EDGE('',*,*,#11043,.T.) ;
#11064=ORIENTED_EDGE('',*,*,#10460,.T.) ;
#11065=ORIENTED_EDGE('',*,*,#11061,.F.) ;
#11066=ORIENTED_EDGE('',*,*,#9989,.F.) ;
#11076=ORIENTED_EDGE('',*,*,#10453,.T.) ;
#11077=ORIENTED_EDGE('',*,*,#10033,.F.) ;
#11078=ORIENTED_EDGE('',*,*,#9996,.F.) ;
#11079=ORIENTED_EDGE('',*,*,#11061,.T.) ;
#11108=ORIENTED_EDGE('',*,*,#11094,.T.) ;
#11109=ORIENTED_EDGE('',*,*,#10060,.F.) ;
#11110=ORIENTED_EDGE('',*,*,#11101,.F.) ;
#11111=ORIENTED_EDGE('',*,*,#11106,.T.) ;
#11133=ORIENTED_EDGE('',*,*,#11126,.T.) ;
#11134=ORIENTED_EDGE('',*,*,#10067,.F.) ;
#11135=ORIENTED_EDGE('',*,*,#11094,.F.) ;
#11136=ORIENTED_EDGE('',*,*,#11131,.T.) ;
#11158=ORIENTED_EDGE('',*,*,#11151,.T.) ;
#11159=ORIENTED_EDGE('',*,*,#10074,.F.) ;
#11160=ORIENTED_EDGE('',*,*,#11126,.F.) ;
#11161=ORIENTED_EDGE('',*,*,#11156,.T.) ;
#11183=ORIENTED_EDGE('',*,*,#11176,.T.) ;
#11184=ORIENTED_EDGE('',*,*,#10081,.F.) ;
#11185=ORIENTED_EDGE('',*,*,#11151,.F.) ;
#11186=ORIENTED_EDGE('',*,*,#11181,.T.) ;
#11208=ORIENTED_EDGE('',*,*,#11201,.T.) ;
#11209=ORIENTED_EDGE('',*,*,#10088,.F.) ;
#11210=ORIENTED_EDGE('',*,*,#11176,.F.) ;
#11211=ORIENTED_EDGE('',*,*,#11206,.T.) ;
#11233=ORIENTED_EDGE('',*,*,#11226,.T.) ;
#11234=ORIENTED_EDGE('',*,*,#10095,.F.) ;
#11235=ORIENTED_EDGE('',*,*,#11201,.F.) ;
#11236=ORIENTED_EDGE('',*,*,#11231,.T.) ;
#11258=ORIENTED_EDGE('',*,*,#11251,.F.) ;
#11259=ORIENTED_EDGE('',*,*,#10102,.F.) ;
#11260=ORIENTED_EDGE('',*,*,#11226,.F.) ;
#11261=ORIENTED_EDGE('',*,*,#11256,.T.) ;
#11276=ORIENTED_EDGE('',*,*,#11101,.T.) ;
#11277=ORIENTED_EDGE('',*,*,#10107,.F.) ;
#11278=ORIENTED_EDGE('',*,*,#11251,.T.) ;
#11279=ORIENTED_EDGE('',*,*,#11274,.T.) ;
#11393=ORIENTED_EDGE('',*,*,#11308,.F.) ;
#11394=ORIENTED_EDGE('',*,*,#11315,.F.) ;
#11395=ORIENTED_EDGE('',*,*,#11334,.F.) ;
#11396=ORIENTED_EDGE('',*,*,#11341,.F.) ;
#11397=ORIENTED_EDGE('',*,*,#11360,.F.) ;
#11398=ORIENTED_EDGE('',*,*,#11367,.F.) ;
#11399=ORIENTED_EDGE('',*,*,#11386,.F.) ;
#11400=ORIENTED_EDGE('',*,*,#11391,.F.) ;
#11403=ORIENTED_EDGE('',*,*,#10701,.T.) ;
#11404=ORIENTED_EDGE('',*,*,#10678,.T.) ;
#11405=ORIENTED_EDGE('',*,*,#10653,.T.) ;
#11406=ORIENTED_EDGE('',*,*,#10628,.T.) ;
#11407=ORIENTED_EDGE('',*,*,#10603,.T.) ;
#11408=ORIENTED_EDGE('',*,*,#10575,.T.) ;
#11409=ORIENTED_EDGE('',*,*,#10550,.T.) ;
#11410=ORIENTED_EDGE('',*,*,#10522,.T.) ;
#11524=ORIENTED_EDGE('',*,*,#11439,.F.) ;
#11525=ORIENTED_EDGE('',*,*,#11446,.F.) ;
#11526=ORIENTED_EDGE('',*,*,#11465,.F.) ;
#11527=ORIENTED_EDGE('',*,*,#11472,.F.) ;
#11528=ORIENTED_EDGE('',*,*,#11491,.F.) ;
#11529=ORIENTED_EDGE('',*,*,#11498,.F.) ;
#11530=ORIENTED_EDGE('',*,*,#11517,.F.) ;
#11531=ORIENTED_EDGE('',*,*,#11522,.F.) ;
#11534=ORIENTED_EDGE('',*,*,#11274,.F.) ;
#11535=ORIENTED_EDGE('',*,*,#11256,.F.) ;
#11536=ORIENTED_EDGE('',*,*,#11231,.F.) ;
#11537=ORIENTED_EDGE('',*,*,#11206,.F.) ;
#11538=ORIENTED_EDGE('',*,*,#11181,.F.) ;
#11539=ORIENTED_EDGE('',*,*,#11156,.F.) ;
#11540=ORIENTED_EDGE('',*,*,#11131,.F.) ;
#11541=ORIENTED_EDGE('',*,*,#11106,.F.) ;
#11584=ORIENTED_EDGE('',*,*,#11558,.T.) ;
#11585=ORIENTED_EDGE('',*,*,#11563,.T.) ;
#11586=ORIENTED_EDGE('',*,*,#11308,.T.) ;
#11587=ORIENTED_EDGE('',*,*,#11570,.T.) ;
#11588=ORIENTED_EDGE('',*,*,#11577,.T.) ;
#11589=ORIENTED_EDGE('',*,*,#11582,.T.) ;
#11611=ORIENTED_EDGE('',*,*,#11604,.T.) ;
#11612=ORIENTED_EDGE('',*,*,#11609,.T.) ;
#11613=ORIENTED_EDGE('',*,*,#11315,.T.) ;
#11614=ORIENTED_EDGE('',*,*,#11563,.F.) ;
#11650=ORIENTED_EDGE('',*,*,#11631,.T.) ;
#11651=ORIENTED_EDGE('',*,*,#11636,.T.) ;
#11652=ORIENTED_EDGE('',*,*,#11334,.T.) ;
#11653=ORIENTED_EDGE('',*,*,#11609,.F.) ;
#11654=ORIENTED_EDGE('',*,*,#11643,.F.) ;
#11655=ORIENTED_EDGE('',*,*,#11648,.T.) ;
#11677=ORIENTED_EDGE('',*,*,#11670,.T.) ;
#11678=ORIENTED_EDGE('',*,*,#11675,.T.) ;
#11679=ORIENTED_EDGE('',*,*,#11341,.T.) ;
#11680=ORIENTED_EDGE('',*,*,#11636,.F.) ;
#11716=ORIENTED_EDGE('',*,*,#11675,.F.) ;
#11717=ORIENTED_EDGE('',*,*,#11695,.F.) ;
#11718=ORIENTED_EDGE('',*,*,#11702,.T.) ;
#11719=ORIENTED_EDGE('',*,*,#11709,.F.) ;
#11720=ORIENTED_EDGE('',*,*,#11714,.F.) ;
#11721=ORIENTED_EDGE('',*,*,#11360,.T.) ;
#11743=ORIENTED_EDGE('',*,*,#11736,.T.) ;
#11744=ORIENTED_EDGE('',*,*,#11741,.F.) ;
#11745=ORIENTED_EDGE('',*,*,#11367,.T.) ;
#11746=ORIENTED_EDGE('',*,*,#11714,.T.) ;
#11782=ORIENTED_EDGE('',*,*,#11741,.T.) ;
#11783=ORIENTED_EDGE('',*,*,#11761,.T.) ;
#11784=ORIENTED_EDGE('',*,*,#11768,.T.) ;
#11785=ORIENTED_EDGE('',*,*,#11775,.F.) ;
#11786=ORIENTED_EDGE('',*,*,#11780,.F.) ;
#11787=ORIENTED_EDGE('',*,*,#11386,.T.) ;
#11802=ORIENTED_EDGE('',*,*,#11800,.T.) ;
#11803=ORIENTED_EDGE('',*,*,#11570,.F.) ;
#11804=ORIENTED_EDGE('',*,*,#11391,.T.) ;
#11805=ORIENTED_EDGE('',*,*,#11780,.T.) ;
#11848=ORIENTED_EDGE('',*,*,#11820,.T.) ;
#11849=ORIENTED_EDGE('',*,*,#11827,.T.) ;
#11850=ORIENTED_EDGE('',*,*,#11834,.T.) ;
#11851=ORIENTED_EDGE('',*,*,#11841,.T.) ;
#11852=ORIENTED_EDGE('',*,*,#11846,.T.) ;
#11853=ORIENTED_EDGE('',*,*,#11439,.T.) ;
#11875=ORIENTED_EDGE('',*,*,#11868,.F.) ;
#11876=ORIENTED_EDGE('',*,*,#11873,.T.) ;
#11877=ORIENTED_EDGE('',*,*,#11446,.T.) ;
#11878=ORIENTED_EDGE('',*,*,#11846,.F.) ;
#11914=ORIENTED_EDGE('',*,*,#11895,.T.) ;
#11915=ORIENTED_EDGE('',*,*,#11900,.T.) ;
#11916=ORIENTED_EDGE('',*,*,#11465,.T.) ;
#11917=ORIENTED_EDGE('',*,*,#11873,.F.) ;
#11918=ORIENTED_EDGE('',*,*,#11907,.F.) ;
#11919=ORIENTED_EDGE('',*,*,#11912,.T.) ;
#11941=ORIENTED_EDGE('',*,*,#11934,.F.) ;
#11942=ORIENTED_EDGE('',*,*,#11939,.T.) ;
#11943=ORIENTED_EDGE('',*,*,#11472,.T.) ;
#11944=ORIENTED_EDGE('',*,*,#11900,.F.) ;
#11980=ORIENTED_EDGE('',*,*,#11961,.F.) ;
#11981=ORIENTED_EDGE('',*,*,#11966,.F.) ;
#11982=ORIENTED_EDGE('',*,*,#11491,.T.) ;
#11983=ORIENTED_EDGE('',*,*,#11939,.F.) ;
#11984=ORIENTED_EDGE('',*,*,#11973,.F.) ;
#11985=ORIENTED_EDGE('',*,*,#11978,.T.) ;
#12007=ORIENTED_EDGE('',*,*,#12000,.F.) ;
#12008=ORIENTED_EDGE('',*,*,#12005,.F.) ;
#12009=ORIENTED_EDGE('',*,*,#11498,.T.) ;
#12010=ORIENTED_EDGE('',*,*,#11966,.T.) ;
#12046=ORIENTED_EDGE('',*,*,#12005,.T.) ;
#12047=ORIENTED_EDGE('',*,*,#12025,.T.) ;
#12048=ORIENTED_EDGE('',*,*,#12032,.T.) ;
#12049=ORIENTED_EDGE('',*,*,#12039,.F.) ;
#12050=ORIENTED_EDGE('',*,*,#12044,.F.) ;
#12051=ORIENTED_EDGE('',*,*,#11517,.T.) ;
#12066=ORIENTED_EDGE('',*,*,#12064,.F.) ;
#12067=ORIENTED_EDGE('',*,*,#11820,.F.) ;
#12068=ORIENTED_EDGE('',*,*,#11522,.T.) ;
#12069=ORIENTED_EDGE('',*,*,#12044,.T.) ;
#12084=ORIENTED_EDGE('',*,*,#11604,.F.) ;
#12085=ORIENTED_EDGE('',*,*,#11558,.F.) ;
#12086=ORIENTED_EDGE('',*,*,#12082,.T.) ;
#12087=ORIENTED_EDGE('',*,*,#11643,.T.) ;
#12102=ORIENTED_EDGE('',*,*,#11800,.F.) ;
#12103=ORIENTED_EDGE('',*,*,#11775,.T.) ;
#12104=ORIENTED_EDGE('',*,*,#12100,.T.) ;
#12105=ORIENTED_EDGE('',*,*,#11577,.F.) ;
#12139=ORIENTED_EDGE('',*,*,#11582,.F.) ;
#12140=ORIENTED_EDGE('',*,*,#12125,.T.) ;
#12141=ORIENTED_EDGE('',*,*,#12132,.F.) ;
#12142=ORIENTED_EDGE('',*,*,#12137,.F.) ;
#12157=ORIENTED_EDGE('',*,*,#11670,.F.) ;
#12158=ORIENTED_EDGE('',*,*,#11631,.F.) ;
#12159=ORIENTED_EDGE('',*,*,#12155,.T.) ;
#12160=ORIENTED_EDGE('',*,*,#11695,.T.) ;
#12194=ORIENTED_EDGE('',*,*,#11648,.F.) ;
#12195=ORIENTED_EDGE('',*,*,#12180,.F.) ;
#12196=ORIENTED_EDGE('',*,*,#12187,.F.) ;
#12197=ORIENTED_EDGE('',*,*,#12192,.F.) ;
#12231=ORIENTED_EDGE('',*,*,#11702,.F.) ;
#12232=ORIENTED_EDGE('',*,*,#12217,.T.) ;
#12233=ORIENTED_EDGE('',*,*,#12224,.F.) ;
#12234=ORIENTED_EDGE('',*,*,#12229,.F.) ;
#12249=ORIENTED_EDGE('',*,*,#11736,.F.) ;
#12250=ORIENTED_EDGE('',*,*,#11709,.T.) ;
#12251=ORIENTED_EDGE('',*,*,#12247,.T.) ;
#12252=ORIENTED_EDGE('',*,*,#11761,.F.) ;
#12286=ORIENTED_EDGE('',*,*,#11768,.F.) ;
#12287=ORIENTED_EDGE('',*,*,#12272,.T.) ;
#12288=ORIENTED_EDGE('',*,*,#12279,.F.) ;
#12289=ORIENTED_EDGE('',*,*,#12284,.F.) ;
#12304=ORIENTED_EDGE('',*,*,#12064,.T.) ;
#12305=ORIENTED_EDGE('',*,*,#12039,.T.) ;
#12306=ORIENTED_EDGE('',*,*,#12302,.T.) ;
#12307=ORIENTED_EDGE('',*,*,#11827,.F.) ;
#12341=ORIENTED_EDGE('',*,*,#11834,.F.) ;
#12342=ORIENTED_EDGE('',*,*,#12327,.F.) ;
#12343=ORIENTED_EDGE('',*,*,#12334,.F.) ;
#12344=ORIENTED_EDGE('',*,*,#12339,.T.) ;
#12359=ORIENTED_EDGE('',*,*,#11868,.T.) ;
#12360=ORIENTED_EDGE('',*,*,#11841,.F.) ;
#12361=ORIENTED_EDGE('',*,*,#12357,.T.) ;
#12362=ORIENTED_EDGE('',*,*,#11907,.T.) ;
#12377=ORIENTED_EDGE('',*,*,#11934,.T.) ;
#12378=ORIENTED_EDGE('',*,*,#11895,.F.) ;
#12379=ORIENTED_EDGE('',*,*,#12375,.T.) ;
#12380=ORIENTED_EDGE('',*,*,#11973,.T.) ;
#12414=ORIENTED_EDGE('',*,*,#11912,.F.) ;
#12415=ORIENTED_EDGE('',*,*,#12400,.F.) ;
#12416=ORIENTED_EDGE('',*,*,#12407,.F.) ;
#12417=ORIENTED_EDGE('',*,*,#12412,.T.) ;
#12432=ORIENTED_EDGE('',*,*,#12000,.T.) ;
#12433=ORIENTED_EDGE('',*,*,#11961,.T.) ;
#12434=ORIENTED_EDGE('',*,*,#12430,.T.) ;
#12435=ORIENTED_EDGE('',*,*,#12025,.F.) ;
#12469=ORIENTED_EDGE('',*,*,#11978,.F.) ;
#12470=ORIENTED_EDGE('',*,*,#12455,.F.) ;
#12471=ORIENTED_EDGE('',*,*,#12462,.F.) ;
#12472=ORIENTED_EDGE('',*,*,#12467,.T.) ;
#12506=ORIENTED_EDGE('',*,*,#12032,.F.) ;
#12507=ORIENTED_EDGE('',*,*,#12492,.F.) ;
#12508=ORIENTED_EDGE('',*,*,#12499,.F.) ;
#12509=ORIENTED_EDGE('',*,*,#12504,.F.) ;
#12524=ORIENTED_EDGE('',*,*,#12082,.F.) ;
#12525=ORIENTED_EDGE('',*,*,#12137,.T.) ;
#12526=ORIENTED_EDGE('',*,*,#12522,.F.) ;
#12527=ORIENTED_EDGE('',*,*,#12180,.T.) ;
#12542=ORIENTED_EDGE('',*,*,#12100,.F.) ;
#12543=ORIENTED_EDGE('',*,*,#12284,.T.) ;
#12544=ORIENTED_EDGE('',*,*,#12540,.F.) ;
#12545=ORIENTED_EDGE('',*,*,#12125,.F.) ;
#12584=ORIENTED_EDGE('',*,*,#12558,.F.) ;
#12585=ORIENTED_EDGE('',*,*,#12565,.F.) ;
#12586=ORIENTED_EDGE('',*,*,#12570,.F.) ;
#12587=ORIENTED_EDGE('',*,*,#12132,.T.) ;
#12588=ORIENTED_EDGE('',*,*,#12577,.T.) ;
#12589=ORIENTED_EDGE('',*,*,#12582,.T.) ;
#12604=ORIENTED_EDGE('',*,*,#12155,.F.) ;
#12605=ORIENTED_EDGE('',*,*,#12192,.T.) ;
#12606=ORIENTED_EDGE('',*,*,#12602,.F.) ;
#12607=ORIENTED_EDGE('',*,*,#12217,.F.) ;
#12646=ORIENTED_EDGE('',*,*,#12620,.F.) ;
#12647=ORIENTED_EDGE('',*,*,#12627,.F.) ;
#12648=ORIENTED_EDGE('',*,*,#12632,.F.) ;
#12649=ORIENTED_EDGE('',*,*,#12187,.T.) ;
#12650=ORIENTED_EDGE('',*,*,#12639,.T.) ;
#12651=ORIENTED_EDGE('',*,*,#12644,.T.) ;
#12680=ORIENTED_EDGE('',*,*,#12668,.F.) ;
#12681=ORIENTED_EDGE('',*,*,#12673,.T.) ;
#12682=ORIENTED_EDGE('',*,*,#12224,.T.) ;
#12683=ORIENTED_EDGE('',*,*,#12678,.F.) ;
#12698=ORIENTED_EDGE('',*,*,#12247,.F.) ;
#12699=ORIENTED_EDGE('',*,*,#12229,.T.) ;
#12700=ORIENTED_EDGE('',*,*,#12696,.F.) ;
#12701=ORIENTED_EDGE('',*,*,#12272,.F.) ;
#12730=ORIENTED_EDGE('',*,*,#12718,.F.) ;
#12731=ORIENTED_EDGE('',*,*,#12723,.T.) ;
#12732=ORIENTED_EDGE('',*,*,#12279,.T.) ;
#12733=ORIENTED_EDGE('',*,*,#12728,.F.) ;
#12748=ORIENTED_EDGE('',*,*,#12302,.F.) ;
#12749=ORIENTED_EDGE('',*,*,#12504,.T.) ;
#12750=ORIENTED_EDGE('',*,*,#12746,.F.) ;
#12751=ORIENTED_EDGE('',*,*,#12327,.T.) ;
#12761=ORIENTED_EDGE('',*,*,#12558,.T.) ;
#12762=ORIENTED_EDGE('',*,*,#12334,.T.) ;
#12777=ORIENTED_EDGE('',*,*,#12357,.F.) ;
#12778=ORIENTED_EDGE('',*,*,#12339,.F.) ;
#12779=ORIENTED_EDGE('',*,*,#12775,.F.) ;
#12780=ORIENTED_EDGE('',*,*,#12400,.T.) ;
#12795=ORIENTED_EDGE('',*,*,#12375,.F.) ;
#12796=ORIENTED_EDGE('',*,*,#12412,.F.) ;
#12797=ORIENTED_EDGE('',*,*,#12793,.F.) ;
#12798=ORIENTED_EDGE('',*,*,#12455,.T.) ;
#12818=ORIENTED_EDGE('',*,*,#12718,.T.) ;
#12819=ORIENTED_EDGE('',*,*,#12811,.F.) ;
#12820=ORIENTED_EDGE('',*,*,#12407,.T.) ;
#12821=ORIENTED_EDGE('',*,*,#12816,.T.) ;
#12836=ORIENTED_EDGE('',*,*,#12430,.F.) ;
#12837=ORIENTED_EDGE('',*,*,#12467,.F.) ;
#12838=ORIENTED_EDGE('',*,*,#12834,.F.) ;
#12839=ORIENTED_EDGE('',*,*,#12492,.T.) ;
#12859=ORIENTED_EDGE('',*,*,#12668,.T.) ;
#12860=ORIENTED_EDGE('',*,*,#12852,.F.) ;
#12861=ORIENTED_EDGE('',*,*,#12462,.T.) ;
#12862=ORIENTED_EDGE('',*,*,#12857,.T.) ;
#12872=ORIENTED_EDGE('',*,*,#12620,.T.) ;
#12873=ORIENTED_EDGE('',*,*,#12499,.T.) ;
#12888=ORIENTED_EDGE('',*,*,#12886,.T.) ;
#12889=ORIENTED_EDGE('',*,*,#12639,.F.) ;
#12890=ORIENTED_EDGE('',*,*,#12522,.T.) ;
#12891=ORIENTED_EDGE('',*,*,#12570,.T.) ;
#12906=ORIENTED_EDGE('',*,*,#12904,.T.) ;
#12907=ORIENTED_EDGE('',*,*,#12577,.F.) ;
#12908=ORIENTED_EDGE('',*,*,#12540,.T.) ;
#12909=ORIENTED_EDGE('',*,*,#12723,.F.) ;
#12919=ORIENTED_EDGE('',*,*,#12886,.F.) ;
#12920=ORIENTED_EDGE('',*,*,#12565,.T.) ;
#12921=ORIENTED_EDGE('',*,*,#12746,.T.) ;
#12922=ORIENTED_EDGE('',*,*,#12644,.F.) ;
#12932=ORIENTED_EDGE('',*,*,#12904,.F.) ;
#12933=ORIENTED_EDGE('',*,*,#12816,.F.) ;
#12934=ORIENTED_EDGE('',*,*,#12775,.T.) ;
#12935=ORIENTED_EDGE('',*,*,#12582,.F.) ;
#12950=ORIENTED_EDGE('',*,*,#12948,.T.) ;
#12951=ORIENTED_EDGE('',*,*,#12678,.T.) ;
#12952=ORIENTED_EDGE('',*,*,#12602,.T.) ;
#12953=ORIENTED_EDGE('',*,*,#12632,.T.) ;
#12963=ORIENTED_EDGE('',*,*,#12948,.F.) ;
#12964=ORIENTED_EDGE('',*,*,#12627,.T.) ;
#12965=ORIENTED_EDGE('',*,*,#12834,.T.) ;
#12966=ORIENTED_EDGE('',*,*,#12852,.T.) ;
#12981=ORIENTED_EDGE('',*,*,#12979,.T.) ;
#12982=ORIENTED_EDGE('',*,*,#12728,.T.) ;
#12983=ORIENTED_EDGE('',*,*,#12696,.T.) ;
#12984=ORIENTED_EDGE('',*,*,#12673,.F.) ;
#12994=ORIENTED_EDGE('',*,*,#12979,.F.) ;
#12995=ORIENTED_EDGE('',*,*,#12857,.F.) ;
#12996=ORIENTED_EDGE('',*,*,#12793,.T.) ;
#12997=ORIENTED_EDGE('',*,*,#12811,.T.) ;
#13061=ORIENTED_EDGE('',*,*,#13040,.F.) ;
#13062=ORIENTED_EDGE('',*,*,#13047,.F.) ;
#13063=ORIENTED_EDGE('',*,*,#13054,.F.) ;
#13064=ORIENTED_EDGE('',*,*,#13059,.F.) ;
#13185=ORIENTED_EDGE('',*,*,#13088,.F.) ;
#13186=ORIENTED_EDGE('',*,*,#13107,.F.) ;
#13187=ORIENTED_EDGE('',*,*,#13114,.F.) ;
#13188=ORIENTED_EDGE('',*,*,#13133,.F.) ;
#13189=ORIENTED_EDGE('',*,*,#13140,.F.) ;
#13190=ORIENTED_EDGE('',*,*,#13159,.F.) ;
#13191=ORIENTED_EDGE('',*,*,#13166,.F.) ;
#13192=ORIENTED_EDGE('',*,*,#13183,.F.) ;
#13218=ORIENTED_EDGE('',*,*,#13216,.T.) ;
#13219=ORIENTED_EDGE('',*,*,#13040,.T.) ;
#13272=ORIENTED_EDGE('',*,*,#13247,.T.) ;
#13273=ORIENTED_EDGE('',*,*,#13270,.T.) ;
#13326=ORIENTED_EDGE('',*,*,#13301,.T.) ;
#13327=ORIENTED_EDGE('',*,*,#13324,.T.) ;
#13380=ORIENTED_EDGE('',*,*,#13355,.T.) ;
#13381=ORIENTED_EDGE('',*,*,#13378,.T.) ;
#13396=ORIENTED_EDGE('',*,*,#13216,.F.) ;
#13397=ORIENTED_EDGE('',*,*,#13059,.T.) ;
#13398=ORIENTED_EDGE('',*,*,#13394,.F.) ;
#13399=ORIENTED_EDGE('',*,*,#13047,.T.) ;
#13428=ORIENTED_EDGE('',*,*,#13416,.F.) ;
#13429=ORIENTED_EDGE('',*,*,#13421,.F.) ;
#13430=ORIENTED_EDGE('',*,*,#13054,.T.) ;
#13431=ORIENTED_EDGE('',*,*,#13426,.F.) ;
#13460=ORIENTED_EDGE('',*,*,#13088,.T.) ;
#13461=ORIENTED_EDGE('',*,*,#13446,.T.) ;
#13462=ORIENTED_EDGE('',*,*,#13453,.T.) ;
#13463=ORIENTED_EDGE('',*,*,#13458,.F.) ;
#13485=ORIENTED_EDGE('',*,*,#13107,.T.) ;
#13486=ORIENTED_EDGE('',*,*,#13458,.T.) ;
#13487=ORIENTED_EDGE('',*,*,#13478,.T.) ;
#13488=ORIENTED_EDGE('',*,*,#13483,.T.) ;
#13510=ORIENTED_EDGE('',*,*,#13114,.T.) ;
#13511=ORIENTED_EDGE('',*,*,#13483,.F.) ;
#13512=ORIENTED_EDGE('',*,*,#13503,.T.) ;
#13513=ORIENTED_EDGE('',*,*,#13508,.F.) ;
#13535=ORIENTED_EDGE('',*,*,#13133,.T.) ;
#13536=ORIENTED_EDGE('',*,*,#13508,.T.) ;
#13537=ORIENTED_EDGE('',*,*,#13528,.T.) ;
#13538=ORIENTED_EDGE('',*,*,#13533,.F.) ;
#13560=ORIENTED_EDGE('',*,*,#13140,.T.) ;
#13561=ORIENTED_EDGE('',*,*,#13533,.T.) ;
#13562=ORIENTED_EDGE('',*,*,#13553,.T.) ;
#13563=ORIENTED_EDGE('',*,*,#13558,.F.) ;
#13585=ORIENTED_EDGE('',*,*,#13159,.T.) ;
#13586=ORIENTED_EDGE('',*,*,#13558,.T.) ;
#13587=ORIENTED_EDGE('',*,*,#13578,.T.) ;
#13588=ORIENTED_EDGE('',*,*,#13583,.F.) ;
#13610=ORIENTED_EDGE('',*,*,#13166,.T.) ;
#13611=ORIENTED_EDGE('',*,*,#13583,.T.) ;
#13612=ORIENTED_EDGE('',*,*,#13603,.T.) ;
#13613=ORIENTED_EDGE('',*,*,#13608,.F.) ;
#13628=ORIENTED_EDGE('',*,*,#13183,.T.) ;
#13629=ORIENTED_EDGE('',*,*,#13608,.T.) ;
#13630=ORIENTED_EDGE('',*,*,#13626,.T.) ;
#13631=ORIENTED_EDGE('',*,*,#13446,.F.) ;
#13660=ORIENTED_EDGE('',*,*,#13247,.F.) ;
#13661=ORIENTED_EDGE('',*,*,#13646,.T.) ;
#13662=ORIENTED_EDGE('',*,*,#13653,.F.) ;
#13663=ORIENTED_EDGE('',*,*,#13658,.T.) ;
#13678=ORIENTED_EDGE('',*,*,#13270,.F.) ;
#13679=ORIENTED_EDGE('',*,*,#13658,.F.) ;
#13680=ORIENTED_EDGE('',*,*,#13676,.F.) ;
#13681=ORIENTED_EDGE('',*,*,#13646,.F.) ;
#13710=ORIENTED_EDGE('',*,*,#13301,.F.) ;
#13711=ORIENTED_EDGE('',*,*,#13696,.T.) ;
#13712=ORIENTED_EDGE('',*,*,#13703,.F.) ;
#13713=ORIENTED_EDGE('',*,*,#13708,.T.) ;
#13728=ORIENTED_EDGE('',*,*,#13324,.F.) ;
#13729=ORIENTED_EDGE('',*,*,#13708,.F.) ;
#13730=ORIENTED_EDGE('',*,*,#13726,.F.) ;
#13731=ORIENTED_EDGE('',*,*,#13696,.F.) ;
#13760=ORIENTED_EDGE('',*,*,#13355,.F.) ;
#13761=ORIENTED_EDGE('',*,*,#13746,.T.) ;
#13762=ORIENTED_EDGE('',*,*,#13753,.F.) ;
#13763=ORIENTED_EDGE('',*,*,#13758,.T.) ;
#13778=ORIENTED_EDGE('',*,*,#13378,.F.) ;
#13779=ORIENTED_EDGE('',*,*,#13758,.F.) ;
#13780=ORIENTED_EDGE('',*,*,#13776,.F.) ;
#13781=ORIENTED_EDGE('',*,*,#13746,.F.) ;
#13802=ORIENTED_EDGE('',*,*,#13800,.F.) ;
#13803=ORIENTED_EDGE('',*,*,#13426,.T.) ;
#13804=ORIENTED_EDGE('',*,*,#13394,.T.) ;
#13805=ORIENTED_EDGE('',*,*,#13421,.T.) ;
#13815=ORIENTED_EDGE('',*,*,#13503,.F.) ;
#13816=ORIENTED_EDGE('',*,*,#13478,.F.) ;
#13817=ORIENTED_EDGE('',*,*,#13453,.F.) ;
#13818=ORIENTED_EDGE('',*,*,#13626,.F.) ;
#13819=ORIENTED_EDGE('',*,*,#13603,.F.) ;
#13820=ORIENTED_EDGE('',*,*,#13578,.F.) ;
#13821=ORIENTED_EDGE('',*,*,#13553,.F.) ;
#13822=ORIENTED_EDGE('',*,*,#13528,.F.) ;
#13825=ORIENTED_EDGE('',*,*,#13800,.T.) ;
#13826=ORIENTED_EDGE('',*,*,#13416,.T.) ;
#13843=ORIENTED_EDGE('',*,*,#13836,.T.) ;
#13844=ORIENTED_EDGE('',*,*,#13841,.T.) ;
#13861=ORIENTED_EDGE('',*,*,#13854,.T.) ;
#13862=ORIENTED_EDGE('',*,*,#13859,.T.) ;
#13879=ORIENTED_EDGE('',*,*,#13872,.T.) ;
#13880=ORIENTED_EDGE('',*,*,#13877,.T.) ;
#13900=ORIENTED_EDGE('',*,*,#13836,.F.) ;
#13901=ORIENTED_EDGE('',*,*,#13893,.T.) ;
#13902=ORIENTED_EDGE('',*,*,#13653,.T.) ;
#13903=ORIENTED_EDGE('',*,*,#13898,.T.) ;
#13913=ORIENTED_EDGE('',*,*,#13841,.F.) ;
#13914=ORIENTED_EDGE('',*,*,#13898,.F.) ;
#13915=ORIENTED_EDGE('',*,*,#13676,.T.) ;
#13916=ORIENTED_EDGE('',*,*,#13893,.F.) ;
#13936=ORIENTED_EDGE('',*,*,#13854,.F.) ;
#13937=ORIENTED_EDGE('',*,*,#13929,.T.) ;
#13938=ORIENTED_EDGE('',*,*,#13703,.T.) ;
#13939=ORIENTED_EDGE('',*,*,#13934,.T.) ;
#13949=ORIENTED_EDGE('',*,*,#13859,.F.) ;
#13950=ORIENTED_EDGE('',*,*,#13934,.F.) ;
#13951=ORIENTED_EDGE('',*,*,#13726,.T.) ;
#13952=ORIENTED_EDGE('',*,*,#13929,.F.) ;
#13972=ORIENTED_EDGE('',*,*,#13872,.F.) ;
#13973=ORIENTED_EDGE('',*,*,#13965,.T.) ;
#13974=ORIENTED_EDGE('',*,*,#13753,.T.) ;
#13975=ORIENTED_EDGE('',*,*,#13970,.T.) ;
#13985=ORIENTED_EDGE('',*,*,#13877,.F.) ;
#13986=ORIENTED_EDGE('',*,*,#13970,.F.) ;
#13987=ORIENTED_EDGE('',*,*,#13776,.T.) ;
#13988=ORIENTED_EDGE('',*,*,#13965,.F.) ;
#14058=ORIENTED_EDGE('',*,*,#14031,.F.) ;
#14059=ORIENTED_EDGE('',*,*,#14044,.F.) ;
#14060=ORIENTED_EDGE('',*,*,#14051,.F.) ;
#14061=ORIENTED_EDGE('',*,*,#14056,.T.) ;
#14209=ORIENTED_EDGE('',*,*,#14085,.T.) ;
#14210=ORIENTED_EDGE('',*,*,#14098,.T.) ;
#14211=ORIENTED_EDGE('',*,*,#14111,.T.) ;
#14212=ORIENTED_EDGE('',*,*,#14118,.T.) ;
#14213=ORIENTED_EDGE('',*,*,#14125,.T.) ;
#14214=ORIENTED_EDGE('',*,*,#14139,.T.) ;
#14215=ORIENTED_EDGE('',*,*,#14031,.T.) ;
#14216=ORIENTED_EDGE('',*,*,#14146,.T.) ;
#14217=ORIENTED_EDGE('',*,*,#14159,.T.) ;
#14218=ORIENTED_EDGE('',*,*,#14172,.T.) ;
#14219=ORIENTED_EDGE('',*,*,#14179,.T.) ;
#14220=ORIENTED_EDGE('',*,*,#14186,.T.) ;
#14221=ORIENTED_EDGE('',*,*,#14202,.T.) ;
#14222=ORIENTED_EDGE('',*,*,#14207,.T.) ;
#14255=ORIENTED_EDGE('',*,*,#14139,.F.) ;
#14256=ORIENTED_EDGE('',*,*,#14239,.F.) ;
#14257=ORIENTED_EDGE('',*,*,#14248,.F.) ;
#14258=ORIENTED_EDGE('',*,*,#14253,.F.) ;
#14259=ORIENTED_EDGE('',*,*,#14044,.T.) ;
#14283=ORIENTED_EDGE('',*,*,#14276,.T.) ;
#14284=ORIENTED_EDGE('',*,*,#14281,.T.) ;
#14393=ORIENTED_EDGE('',*,*,#14294,.T.) ;
#14394=ORIENTED_EDGE('',*,*,#14301,.T.) ;
#14395=ORIENTED_EDGE('',*,*,#14314,.T.) ;
#14396=ORIENTED_EDGE('',*,*,#14321,.T.) ;
#14397=ORIENTED_EDGE('',*,*,#14328,.T.) ;
#14398=ORIENTED_EDGE('',*,*,#14338,.T.) ;
#14399=ORIENTED_EDGE('',*,*,#14351,.T.) ;
#14400=ORIENTED_EDGE('',*,*,#14356,.T.) ;
#14401=ORIENTED_EDGE('',*,*,#14051,.T.) ;
#14402=ORIENTED_EDGE('',*,*,#14253,.T.) ;
#14403=ORIENTED_EDGE('',*,*,#14363,.T.) ;
#14404=ORIENTED_EDGE('',*,*,#14370,.T.) ;
#14405=ORIENTED_EDGE('',*,*,#14380,.T.) ;
#14406=ORIENTED_EDGE('',*,*,#14391,.T.) ;
#14434=ORIENTED_EDGE('',*,*,#14146,.F.) ;
#14435=ORIENTED_EDGE('',*,*,#14056,.F.) ;
#14436=ORIENTED_EDGE('',*,*,#14356,.F.) ;
#14437=ORIENTED_EDGE('',*,*,#14424,.T.) ;
#14438=ORIENTED_EDGE('',*,*,#14432,.T.) ;
#14471=ORIENTED_EDGE('',*,*,#14085,.F.) ;
#14472=ORIENTED_EDGE('',*,*,#14451,.F.) ;
#14473=ORIENTED_EDGE('',*,*,#14294,.F.) ;
#14474=ORIENTED_EDGE('',*,*,#14461,.T.) ;
#14475=ORIENTED_EDGE('',*,*,#14469,.T.) ;
#14490=ORIENTED_EDGE('',*,*,#14098,.F.) ;
#14491=ORIENTED_EDGE('',*,*,#14469,.F.) ;
#14492=ORIENTED_EDGE('',*,*,#14461,.F.) ;
#14493=ORIENTED_EDGE('',*,*,#14391,.F.) ;
#14494=ORIENTED_EDGE('',*,*,#14488,.F.) ;
#14515=ORIENTED_EDGE('',*,*,#14380,.F.) ;
#14516=ORIENTED_EDGE('',*,*,#14513,.T.) ;
#14517=ORIENTED_EDGE('',*,*,#14111,.F.) ;
#14518=ORIENTED_EDGE('',*,*,#14488,.T.) ;
#14533=ORIENTED_EDGE('',*,*,#14118,.F.) ;
#14534=ORIENTED_EDGE('',*,*,#14513,.F.) ;
#14535=ORIENTED_EDGE('',*,*,#14370,.F.) ;
#14536=ORIENTED_EDGE('',*,*,#14531,.T.) ;
#14546=ORIENTED_EDGE('',*,*,#14125,.F.) ;
#14547=ORIENTED_EDGE('',*,*,#14531,.F.) ;
#14548=ORIENTED_EDGE('',*,*,#14363,.F.) ;
#14549=ORIENTED_EDGE('',*,*,#14248,.T.) ;
#14550=ORIENTED_EDGE('',*,*,#14239,.T.) ;
#14565=ORIENTED_EDGE('',*,*,#14159,.F.) ;
#14566=ORIENTED_EDGE('',*,*,#14432,.F.) ;
#14567=ORIENTED_EDGE('',*,*,#14424,.F.) ;
#14568=ORIENTED_EDGE('',*,*,#14351,.F.) ;
#14569=ORIENTED_EDGE('',*,*,#14563,.T.) ;
#14590=ORIENTED_EDGE('',*,*,#14338,.F.) ;
#14591=ORIENTED_EDGE('',*,*,#14588,.T.) ;
#14592=ORIENTED_EDGE('',*,*,#14172,.F.) ;
#14593=ORIENTED_EDGE('',*,*,#14563,.F.) ;
#14608=ORIENTED_EDGE('',*,*,#14179,.F.) ;
#14609=ORIENTED_EDGE('',*,*,#14588,.F.) ;
#14610=ORIENTED_EDGE('',*,*,#14328,.F.) ;
#14611=ORIENTED_EDGE('',*,*,#14606,.T.) ;
#14639=ORIENTED_EDGE('',*,*,#14186,.F.) ;
#14640=ORIENTED_EDGE('',*,*,#14606,.F.) ;
#14641=ORIENTED_EDGE('',*,*,#14321,.F.) ;
#14642=ORIENTED_EDGE('',*,*,#14629,.T.) ;
#14643=ORIENTED_EDGE('',*,*,#14637,.T.) ;
#14664=ORIENTED_EDGE('',*,*,#14202,.F.) ;
#14665=ORIENTED_EDGE('',*,*,#14637,.F.) ;
#14666=ORIENTED_EDGE('',*,*,#14629,.F.) ;
#14667=ORIENTED_EDGE('',*,*,#14314,.F.) ;
#14668=ORIENTED_EDGE('',*,*,#14662,.T.) ;
#14678=ORIENTED_EDGE('',*,*,#14207,.F.) ;
#14679=ORIENTED_EDGE('',*,*,#14662,.F.) ;
#14680=ORIENTED_EDGE('',*,*,#14301,.F.) ;
#14681=ORIENTED_EDGE('',*,*,#14451,.T.) ;
#14710=ORIENTED_EDGE('',*,*,#14696,.F.) ;
#14711=ORIENTED_EDGE('',*,*,#14276,.F.) ;
#14712=ORIENTED_EDGE('',*,*,#14703,.F.) ;
#14713=ORIENTED_EDGE('',*,*,#14708,.T.) ;
#14728=ORIENTED_EDGE('',*,*,#14703,.T.) ;
#14729=ORIENTED_EDGE('',*,*,#14281,.F.) ;
#14730=ORIENTED_EDGE('',*,*,#14696,.T.) ;
#14731=ORIENTED_EDGE('',*,*,#14726,.T.) ;
#14760=ORIENTED_EDGE('',*,*,#14746,.F.) ;
#14761=ORIENTED_EDGE('',*,*,#14753,.F.) ;
#14762=ORIENTED_EDGE('',*,*,#14758,.F.) ;
#14763=ORIENTED_EDGE('',*,*,#14708,.F.) ;
#14778=ORIENTED_EDGE('',*,*,#14758,.T.) ;
#14779=ORIENTED_EDGE('',*,*,#14776,.F.) ;
#14780=ORIENTED_EDGE('',*,*,#14746,.T.) ;
#14781=ORIENTED_EDGE('',*,*,#14726,.F.) ;
#14810=ORIENTED_EDGE('',*,*,#14796,.T.) ;
#14811=ORIENTED_EDGE('',*,*,#14753,.T.) ;
#14812=ORIENTED_EDGE('',*,*,#14803,.T.) ;
#14813=ORIENTED_EDGE('',*,*,#14808,.T.) ;
#14828=ORIENTED_EDGE('',*,*,#14803,.F.) ;
#14829=ORIENTED_EDGE('',*,*,#14776,.T.) ;
#14830=ORIENTED_EDGE('',*,*,#14796,.F.) ;
#14831=ORIENTED_EDGE('',*,*,#14826,.T.) ;
#14841=ORIENTED_EDGE('',*,*,#14808,.F.) ;
#14842=ORIENTED_EDGE('',*,*,#14826,.F.) ;
#9736=FACE_BOUND('',#9733,.T.) ;
#9790=FACE_BOUND('',#9787,.T.) ;
#9844=FACE_BOUND('',#9841,.T.) ;
#9898=FACE_BOUND('',#9895,.T.) ;
#10019=FACE_BOUND('',#10002,.T.) ;
#10171=FACE_BOUND('',#10168,.T.) ;
#10225=FACE_BOUND('',#10222,.T.) ;
#10279=FACE_BOUND('',#10276,.T.) ;
#10333=FACE_BOUND('',#10330,.T.) ;
#10483=FACE_BOUND('',#10466,.T.) ;
#11411=FACE_BOUND('',#11402,.T.) ;
#11542=FACE_BOUND('',#11533,.T.) ;
#13220=FACE_BOUND('',#13217,.T.) ;
#13274=FACE_BOUND('',#13271,.T.) ;
#13328=FACE_BOUND('',#13325,.T.) ;
#13382=FACE_BOUND('',#13379,.T.) ;
#13827=FACE_BOUND('',#13824,.T.) ;
#13845=FACE_BOUND('',#13842,.T.) ;
#13863=FACE_BOUND('',#13860,.T.) ;
#13881=FACE_BOUND('',#13878,.T.) ;
#14407=FACE_BOUND('',#14392,.T.) ;
#47=CLOSED_SHELL('Closed Shell',(#87,#2440,#2465,#4555,#4573,#4596,#4614,#4632,#4650,#4668,#4681,#4699,#4717,#4735,#4753,#4771,#4789,#4807,#4825,#4843,#4861,#4879,#4897,#4915,#4933,#4951,#4969,#4987,#5005,#5023,#5041,#5059,#5077,#5095,#5113,#5131,#5149,#5167,#5185,#5203,#5221,#5239,#5257,#5275,#5293,#5311,#5329,#5347,#5365,#5383,#5401,#5419,#5437,#5455,#5473,#5491,#5509,#5527,#5545,#5563,#5581,#5599,#5617,#5635,#5653,#5671,#5689,#5707,#5725,#5743,#5761,#5779,#5797,#5815,#5833,#5851,#5869,#5887,#5905,#5923,#5941,#5959,#5977,#5995,#6013,#6031,#6049,#6067,#6085,#6103,#6121,#6139,#6157,#6175,#6193,#6211,#6229,#6247,#6265,#6283,#6301,#6319,#6337,#6355,#6373,#6391,#6409,#6427,#6445,#6463,#6481,#6499,#6517,#6535,#6553,#6571,#6589,#6607,#6625,#6643,#6661,#6679,#6697,#6715,#6733,#6751,#6769,#6787,#6805,#6823,#6841,#6859,#6877,#6895,#6913,#6931,#6949,#6967,#6985,#7003,#7021,#7039,#7057,#7075,#7093,#7111,#7129,#7147,#7165,#7183,#7201,#7219,#7237,#7255,#7273,#7291,#7309,#7327,#7345,#7363,#7381,#7399,#7417,#7435,#7453,#7471,#7489,#7507,#7525,#7543,#7561,#7579,#7597,#7615,#7633,#7651,#7669,#7687,#7705,#7723,#7741,#7759,#7777,#7795,#7813,#7831,#7849,#7867,#7885,#7903,#7921,#7939,#7957,#7975,#7993,#8011,#8029,#8047,#8065,#8083,#8101,#8119,#8137,#8155,#8173,#8191,#8209,#8227,#8245,#8263,#8281,#8299,#8317,#8335,#8353,#8371,#8389,#8407,#8425,#8443,#8461,#8479,#8497,#8510)) ;
#8537=CLOSED_SHELL('Closed Shell',(#8577,#8829,#8854,#9084,#9102,#9120,#9138,#9156,#9174,#9192,#9210,#9228,#9246,#9264,#9282,#9300,#9318,#9336,#9354,#9372,#9390,#9408,#9426,#9444,#9462,#9475)) ;
#9515=CLOSED_SHELL('Closed Shell',(#9555,#10020,#10045,#10484,#10502,#10534,#10562,#10587,#10615,#10640,#10665,#10690,#10708,#10731,#10744,#10767,#10780,#10803,#10816,#10839,#10852,#10870,#10888,#10906,#10924,#10942,#10960,#10978,#10996,#11014,#11032,#11050,#11068,#11081,#11113,#11138,#11163,#11188,#11213,#11238,#11263,#11281,#11412,#11543,#11591,#11616,#11657,#11682,#11723,#11748,#11789,#11807,#11855,#11880,#11921,#11946,#11987,#12012,#12053,#12071,#12089,#12107,#12144,#12162,#12199,#12236,#12254,#12291,#12309,#12346,#12364,#12382,#12419,#12437,#12474,#12511,#12529,#12547,#12591,#12609,#12653,#12685,#12703,#12735,#12753,#12764,#12782,#12800,#12823,#12841,#12864,#12875,#12893,#12911,#12924,#12937,#12955,#12968,#12986,#12999)) ;
#13026=CLOSED_SHELL('Closed Shell',(#13066,#13383,#13401,#13433,#13465,#13490,#13515,#13540,#13565,#13590,#13615,#13633,#13665,#13683,#13715,#13733,#13765,#13783,#13807,#13882,#13905,#13918,#13941,#13954,#13977,#13990)) ;
#14017=CLOSED_SHELL('Closed Shell',(#14063,#14224,#14261,#14408,#14440,#14477,#14496,#14520,#14538,#14552,#14571,#14595,#14613,#14645,#14670,#14683,#14715,#14733,#14765,#14783,#14815,#14833,#14844)) ;
#8512=ADVANCED_BREP_SHAPE_REPRESENTATION('NONE',(#38),#31) ;
#9477=ADVANCED_BREP_SHAPE_REPRESENTATION('NONE',(#8535),#8528) ;
#13001=ADVANCED_BREP_SHAPE_REPRESENTATION('NONE',(#9513),#9506) ;
#13992=ADVANCED_BREP_SHAPE_REPRESENTATION('NONE',(#13024),#13017) ;
#14846=ADVANCED_BREP_SHAPE_REPRESENTATION('NONE',(#14015),#14008) ;
#87=ADVANCED_FACE('Solid1',(#86),#52,.F.) ;
#2440=ADVANCED_FACE('Solid1',(#2439),#100,.F.) ;
#2465=ADVANCED_FACE('Solid1',(#2464),#2446,.F.) ;
#4555=ADVANCED_FACE('Solid1',(#4554),#2471,.T.) ;
#4573=ADVANCED_FACE('Solid1',(#4572),#4561,.F.) ;
#4596=ADVANCED_FACE('Solid1',(#4595),#4579,.T.) ;
#4614=ADVANCED_FACE('Solid1',(#4613),#4602,.T.) ;
#4632=ADVANCED_FACE('Solid1',(#4631),#4620,.F.) ;
#4650=ADVANCED_FACE('Solid1',(#4649),#4638,.F.) ;
#4668=ADVANCED_FACE('Solid1',(#4667),#4656,.F.) ;
#4681=ADVANCED_FACE('Solid1',(#4680),#4674,.T.) ;
#4699=ADVANCED_FACE('Solid1',(#4698),#4687,.T.) ;
#4717=ADVANCED_FACE('Solid1',(#4716),#4705,.F.) ;
#4735=ADVANCED_FACE('Solid1',(#4734),#4723,.F.) ;
#4753=ADVANCED_FACE('Solid1',(#4752),#4741,.F.) ;
#4771=ADVANCED_FACE('Solid1',(#4770),#4759,.T.) ;
#4789=ADVANCED_FACE('Solid1',(#4788),#4777,.F.) ;
#4807=ADVANCED_FACE('Solid1',(#4806),#4795,.T.) ;
#4825=ADVANCED_FACE('Solid1',(#4824),#4813,.F.) ;
#4843=ADVANCED_FACE('Solid1',(#4842),#4831,.F.) ;
#4861=ADVANCED_FACE('Solid1',(#4860),#4849,.F.) ;
#4879=ADVANCED_FACE('Solid1',(#4878),#4867,.F.) ;
#4897=ADVANCED_FACE('Solid1',(#4896),#4885,.F.) ;
#4915=ADVANCED_FACE('Solid1',(#4914),#4903,.F.) ;
#4933=ADVANCED_FACE('Solid1',(#4932),#4921,.F.) ;
#4951=ADVANCED_FACE('Solid1',(#4950),#4939,.F.) ;
#4969=ADVANCED_FACE('Solid1',(#4968),#4957,.F.) ;
#4987=ADVANCED_FACE('Solid1',(#4986),#4975,.F.) ;
#5005=ADVANCED_FACE('Solid1',(#5004),#4993,.F.) ;
#5023=ADVANCED_FACE('Solid1',(#5022),#5011,.F.) ;
#5041=ADVANCED_FACE('Solid1',(#5040),#5029,.F.) ;
#5059=ADVANCED_FACE('Solid1',(#5058),#5047,.F.) ;
#5077=ADVANCED_FACE('Solid1',(#5076),#5065,.F.) ;
#5095=ADVANCED_FACE('Solid1',(#5094),#5083,.F.) ;
#5113=ADVANCED_FACE('Solid1',(#5112),#5101,.F.) ;
#5131=ADVANCED_FACE('Solid1',(#5130),#5119,.F.) ;
#5149=ADVANCED_FACE('Solid1',(#5148),#5137,.F.) ;
#5167=ADVANCED_FACE('Solid1',(#5166),#5155,.F.) ;
#5185=ADVANCED_FACE('Solid1',(#5184),#5173,.F.) ;
#5203=ADVANCED_FACE('Solid1',(#5202),#5191,.F.) ;
#5221=ADVANCED_FACE('Solid1',(#5220),#5209,.F.) ;
#5239=ADVANCED_FACE('Solid1',(#5238),#5227,.F.) ;
#5257=ADVANCED_FACE('Solid1',(#5256),#5245,.F.) ;
#5275=ADVANCED_FACE('Solid1',(#5274),#5263,.F.) ;
#5293=ADVANCED_FACE('Solid1',(#5292),#5281,.F.) ;
#5311=ADVANCED_FACE('Solid1',(#5310),#5299,.F.) ;
#5329=ADVANCED_FACE('Solid1',(#5328),#5317,.F.) ;
#5347=ADVANCED_FACE('Solid1',(#5346),#5335,.F.) ;
#5365=ADVANCED_FACE('Solid1',(#5364),#5353,.F.) ;
#5383=ADVANCED_FACE('Solid1',(#5382),#5371,.F.) ;
#5401=ADVANCED_FACE('Solid1',(#5400),#5389,.F.) ;
#5419=ADVANCED_FACE('Solid1',(#5418),#5407,.F.) ;
#5437=ADVANCED_FACE('Solid1',(#5436),#5425,.F.) ;
#5455=ADVANCED_FACE('Solid1',(#5454),#5443,.F.) ;
#5473=ADVANCED_FACE('Solid1',(#5472),#5461,.F.) ;
#5491=ADVANCED_FACE('Solid1',(#5490),#5479,.F.) ;
#5509=ADVANCED_FACE('Solid1',(#5508),#5497,.F.) ;
#5527=ADVANCED_FACE('Solid1',(#5526),#5515,.F.) ;
#5545=ADVANCED_FACE('Solid1',(#5544),#5533,.F.) ;
#5563=ADVANCED_FACE('Solid1',(#5562),#5551,.F.) ;
#5581=ADVANCED_FACE('Solid1',(#5580),#5569,.F.) ;
#5599=ADVANCED_FACE('Solid1',(#5598),#5587,.F.) ;
#5617=ADVANCED_FACE('Solid1',(#5616),#5605,.F.) ;
#5635=ADVANCED_FACE('Solid1',(#5634),#5623,.T.) ;
#5653=ADVANCED_FACE('Solid1',(#5652),#5641,.F.) ;
#5671=ADVANCED_FACE('Solid1',(#5670),#5659,.F.) ;
#5689=ADVANCED_FACE('Solid1',(#5688),#5677,.T.) ;
#5707=ADVANCED_FACE('Solid1',(#5706),#5695,.F.) ;
#5725=ADVANCED_FACE('Solid1',(#5724),#5713,.T.) ;
#5743=ADVANCED_FACE('Solid1',(#5742),#5731,.F.) ;
#5761=ADVANCED_FACE('Solid1',(#5760),#5749,.T.) ;
#5779=ADVANCED_FACE('Solid1',(#5778),#5767,.F.) ;
#5797=ADVANCED_FACE('Solid1',(#5796),#5785,.T.) ;
#5815=ADVANCED_FACE('Solid1',(#5814),#5803,.F.) ;
#5833=ADVANCED_FACE('Solid1',(#5832),#5821,.F.) ;
#5851=ADVANCED_FACE('Solid1',(#5850),#5839,.F.) ;
#5869=ADVANCED_FACE('Solid1',(#5868),#5857,.F.) ;
#5887=ADVANCED_FACE('Solid1',(#5886),#5875,.T.) ;
#5905=ADVANCED_FACE('Solid1',(#5904),#5893,.F.) ;
#5923=ADVANCED_FACE('Solid1',(#5922),#5911,.F.) ;
#5941=ADVANCED_FACE('Solid1',(#5940),#5929,.F.) ;
#5959=ADVANCED_FACE('Solid1',(#5958),#5947,.F.) ;
#5977=ADVANCED_FACE('Solid1',(#5976),#5965,.T.) ;
#5995=ADVANCED_FACE('Solid1',(#5994),#5983,.F.) ;
#6013=ADVANCED_FACE('Solid1',(#6012),#6001,.F.) ;
#6031=ADVANCED_FACE('Solid1',(#6030),#6019,.F.) ;
#6049=ADVANCED_FACE('Solid1',(#6048),#6037,.F.) ;
#6067=ADVANCED_FACE('Solid1',(#6066),#6055,.T.) ;
#6085=ADVANCED_FACE('Solid1',(#6084),#6073,.F.) ;
#6103=ADVANCED_FACE('Solid1',(#6102),#6091,.T.) ;
#6121=ADVANCED_FACE('Solid1',(#6120),#6109,.F.) ;
#6139=ADVANCED_FACE('Solid1',(#6138),#6127,.F.) ;
#6157=ADVANCED_FACE('Solid1',(#6156),#6145,.T.) ;
#6175=ADVANCED_FACE('Solid1',(#6174),#6163,.T.) ;
#6193=ADVANCED_FACE('Solid1',(#6192),#6181,.T.) ;
#6211=ADVANCED_FACE('Solid1',(#6210),#6199,.F.) ;
#6229=ADVANCED_FACE('Solid1',(#6228),#6217,.T.) ;
#6247=ADVANCED_FACE('Solid1',(#6246),#6235,.F.) ;
#6265=ADVANCED_FACE('Solid1',(#6264),#6253,.T.) ;
#6283=ADVANCED_FACE('Solid1',(#6282),#6271,.F.) ;
#6301=ADVANCED_FACE('Solid1',(#6300),#6289,.T.) ;
#6319=ADVANCED_FACE('Solid1',(#6318),#6307,.F.) ;
#6337=ADVANCED_FACE('Solid1',(#6336),#6325,.T.) ;
#6355=ADVANCED_FACE('Solid1',(#6354),#6343,.F.) ;
#6373=ADVANCED_FACE('Solid1',(#6372),#6361,.T.) ;
#6391=ADVANCED_FACE('Solid1',(#6390),#6379,.F.) ;
#6409=ADVANCED_FACE('Solid1',(#6408),#6397,.T.) ;
#6427=ADVANCED_FACE('Solid1',(#6426),#6415,.T.) ;
#6445=ADVANCED_FACE('Solid1',(#6444),#6433,.T.) ;
#6463=ADVANCED_FACE('Solid1',(#6462),#6451,.F.) ;
#6481=ADVANCED_FACE('Solid1',(#6480),#6469,.T.) ;
#6499=ADVANCED_FACE('Solid1',(#6498),#6487,.F.) ;
#6517=ADVANCED_FACE('Solid1',(#6516),#6505,.T.) ;
#6535=ADVANCED_FACE('Solid1',(#6534),#6523,.T.) ;
#6553=ADVANCED_FACE('Solid1',(#6552),#6541,.T.) ;
#6571=ADVANCED_FACE('Solid1',(#6570),#6559,.F.) ;
#6589=ADVANCED_FACE('Solid1',(#6588),#6577,.T.) ;
#6607=ADVANCED_FACE('Solid1',(#6606),#6595,.F.) ;
#6625=ADVANCED_FACE('Solid1',(#6624),#6613,.T.) ;
#6643=ADVANCED_FACE('Solid1',(#6642),#6631,.F.) ;
#6661=ADVANCED_FACE('Solid1',(#6660),#6649,.T.) ;
#6679=ADVANCED_FACE('Solid1',(#6678),#6667,.F.) ;
#6697=ADVANCED_FACE('Solid1',(#6696),#6685,.T.) ;
#6715=ADVANCED_FACE('Solid1',(#6714),#6703,.F.) ;
#6733=ADVANCED_FACE('Solid1',(#6732),#6721,.T.) ;
#6751=ADVANCED_FACE('Solid1',(#6750),#6739,.F.) ;
#6769=ADVANCED_FACE('Solid1',(#6768),#6757,.T.) ;
#6787=ADVANCED_FACE('Solid1',(#6786),#6775,.T.) ;
#6805=ADVANCED_FACE('Solid1',(#6804),#6793,.T.) ;
#6823=ADVANCED_FACE('Solid1',(#6822),#6811,.F.) ;
#6841=ADVANCED_FACE('Solid1',(#6840),#6829,.F.) ;
#6859=ADVANCED_FACE('Solid1',(#6858),#6847,.T.) ;
#6877=ADVANCED_FACE('Solid1',(#6876),#6865,.F.) ;
#6895=ADVANCED_FACE('Solid1',(#6894),#6883,.T.) ;
#6913=ADVANCED_FACE('Solid1',(#6912),#6901,.F.) ;
#6931=ADVANCED_FACE('Solid1',(#6930),#6919,.F.) ;
#6949=ADVANCED_FACE('Solid1',(#6948),#6937,.F.) ;
#6967=ADVANCED_FACE('Solid1',(#6966),#6955,.F.) ;
#6985=ADVANCED_FACE('Solid1',(#6984),#6973,.T.) ;
#7003=ADVANCED_FACE('Solid1',(#7002),#6991,.F.) ;
#7021=ADVANCED_FACE('Solid1',(#7020),#7009,.F.) ;
#7039=ADVANCED_FACE('Solid1',(#7038),#7027,.F.) ;
#7057=ADVANCED_FACE('Solid1',(#7056),#7045,.F.) ;
#7075=ADVANCED_FACE('Solid1',(#7074),#7063,.T.) ;
#7093=ADVANCED_FACE('Solid1',(#7092),#7081,.F.) ;
#7111=ADVANCED_FACE('Solid1',(#7110),#7099,.F.) ;
#7129=ADVANCED_FACE('Solid1',(#7128),#7117,.F.) ;
#7147=ADVANCED_FACE('Solid1',(#7146),#7135,.F.) ;
#7165=ADVANCED_FACE('Solid1',(#7164),#7153,.T.) ;
#7183=ADVANCED_FACE('Solid1',(#7182),#7171,.F.) ;
#7201=ADVANCED_FACE('Solid1',(#7200),#7189,.T.) ;
#7219=ADVANCED_FACE('Solid1',(#7218),#7207,.F.) ;
#7237=ADVANCED_FACE('Solid1',(#7236),#7225,.T.) ;
#7255=ADVANCED_FACE('Solid1',(#7254),#7243,.F.) ;
#7273=ADVANCED_FACE('Solid1',(#7272),#7261,.T.) ;
#7291=ADVANCED_FACE('Solid1',(#7290),#7279,.F.) ;
#7309=ADVANCED_FACE('Solid1',(#7308),#7297,.F.) ;
#7327=ADVANCED_FACE('Solid1',(#7326),#7315,.T.) ;
#7345=ADVANCED_FACE('Solid1',(#7344),#7333,.F.) ;
#7363=ADVANCED_FACE('Solid1',(#7362),#7351,.F.) ;
#7381=ADVANCED_FACE('Solid1',(#7380),#7369,.F.) ;
#7399=ADVANCED_FACE('Solid1',(#7398),#7387,.F.) ;
#7417=ADVANCED_FACE('Solid1',(#7416),#7405,.F.) ;
#7435=ADVANCED_FACE('Solid1',(#7434),#7423,.F.) ;
#7453=ADVANCED_FACE('Solid1',(#7452),#7441,.F.) ;
#7471=ADVANCED_FACE('Solid1',(#7470),#7459,.F.) ;
#7489=ADVANCED_FACE('Solid1',(#7488),#7477,.F.) ;
#7507=ADVANCED_FACE('Solid1',(#7506),#7495,.F.) ;
#7525=ADVANCED_FACE('Solid1',(#7524),#7513,.F.) ;
#7543=ADVANCED_FACE('Solid1',(#7542),#7531,.F.) ;
#7561=ADVANCED_FACE('Solid1',(#7560),#7549,.F.) ;
#7579=ADVANCED_FACE('Solid1',(#7578),#7567,.F.) ;
#7597=ADVANCED_FACE('Solid1',(#7596),#7585,.F.) ;
#7615=ADVANCED_FACE('Solid1',(#7614),#7603,.F.) ;
#7633=ADVANCED_FACE('Solid1',(#7632),#7621,.F.) ;
#7651=ADVANCED_FACE('Solid1',(#7650),#7639,.F.) ;
#7669=ADVANCED_FACE('Solid1',(#7668),#7657,.F.) ;
#7687=ADVANCED_FACE('Solid1',(#7686),#7675,.F.) ;
#7705=ADVANCED_FACE('Solid1',(#7704),#7693,.F.) ;
#7723=ADVANCED_FACE('Solid1',(#7722),#7711,.F.) ;
#7741=ADVANCED_FACE('Solid1',(#7740),#7729,.F.) ;
#7759=ADVANCED_FACE('Solid1',(#7758),#7747,.F.) ;
#7777=ADVANCED_FACE('Solid1',(#7776),#7765,.F.) ;
#7795=ADVANCED_FACE('Solid1',(#7794),#7783,.F.) ;
#7813=ADVANCED_FACE('Solid1',(#7812),#7801,.F.) ;
#7831=ADVANCED_FACE('Solid1',(#7830),#7819,.F.) ;
#7849=ADVANCED_FACE('Solid1',(#7848),#7837,.F.) ;
#7867=ADVANCED_FACE('Solid1',(#7866),#7855,.F.) ;
#7885=ADVANCED_FACE('Solid1',(#7884),#7873,.F.) ;
#7903=ADVANCED_FACE('Solid1',(#7902),#7891,.F.) ;
#7921=ADVANCED_FACE('Solid1',(#7920),#7909,.F.) ;
#7939=ADVANCED_FACE('Solid1',(#7938),#7927,.F.) ;
#7957=ADVANCED_FACE('Solid1',(#7956),#7945,.F.) ;
#7975=ADVANCED_FACE('Solid1',(#7974),#7963,.F.) ;
#7993=ADVANCED_FACE('Solid1',(#7992),#7981,.F.) ;
#8011=ADVANCED_FACE('Solid1',(#8010),#7999,.F.) ;
#8029=ADVANCED_FACE('Solid1',(#8028),#8017,.F.) ;
#8047=ADVANCED_FACE('Solid1',(#8046),#8035,.F.) ;
#8065=ADVANCED_FACE('Solid1',(#8064),#8053,.F.) ;
#8083=ADVANCED_FACE('Solid1',(#8082),#8071,.F.) ;
#8101=ADVANCED_FACE('Solid1',(#8100),#8089,.F.) ;
#8119=ADVANCED_FACE('Solid1',(#8118),#8107,.F.) ;
#8137=ADVANCED_FACE('Solid1',(#8136),#8125,.F.) ;
#8155=ADVANCED_FACE('Solid1',(#8154),#8143,.T.) ;
#8173=ADVANCED_FACE('Solid1',(#8172),#8161,.F.) ;
#8191=ADVANCED_FACE('Solid1',(#8190),#8179,.T.) ;
#8209=ADVANCED_FACE('Solid1',(#8208),#8197,.F.) ;
#8227=ADVANCED_FACE('Solid1',(#8226),#8215,.F.) ;
#8245=ADVANCED_FACE('Solid1',(#8244),#8233,.F.) ;
#8263=ADVANCED_FACE('Solid1',(#8262),#8251,.T.) ;
#8281=ADVANCED_FACE('Solid1',(#8280),#8269,.F.) ;
#8299=ADVANCED_FACE('Solid1',(#8298),#8287,.F.) ;
#8317=ADVANCED_FACE('Solid1',(#8316),#8305,.F.) ;
#8335=ADVANCED_FACE('Solid1',(#8334),#8323,.T.) ;
#8353=ADVANCED_FACE('Solid1',(#8352),#8341,.F.) ;
#8371=ADVANCED_FACE('Solid1',(#8370),#8359,.F.) ;
#8389=ADVANCED_FACE('Solid1',(#8388),#8377,.F.) ;
#8407=ADVANCED_FACE('Solid1',(#8406),#8395,.T.) ;
#8425=ADVANCED_FACE('Solid1',(#8424),#8413,.T.) ;
#8443=ADVANCED_FACE('Solid1',(#8442),#8431,.F.) ;
#8461=ADVANCED_FACE('Solid1',(#8460),#8449,.F.) ;
#8479=ADVANCED_FACE('Solid1',(#8478),#8467,.F.) ;
#8497=ADVANCED_FACE('Solid1',(#8496),#8485,.F.) ;
#8510=ADVANCED_FACE('Solid1',(#8509),#8503,.F.) ;
#8577=ADVANCED_FACE('Solid1',(#8576),#8542,.F.) ;
#8829=ADVANCED_FACE('Solid1',(#8828),#8583,.T.) ;
#8854=ADVANCED_FACE('Solid1',(#8853),#8835,.T.) ;
#9084=ADVANCED_FACE('Solid1',(#9083),#8860,.F.) ;
#9102=ADVANCED_FACE('Solid1',(#9101),#9090,.T.) ;
#9120=ADVANCED_FACE('Solid1',(#9119),#9108,.F.) ;
#9138=ADVANCED_FACE('Solid1',(#9137),#9126,.T.) ;
#9156=ADVANCED_FACE('Solid1',(#9155),#9144,.T.) ;
#9174=ADVANCED_FACE('Solid1',(#9173),#9162,.T.) ;
#9192=ADVANCED_FACE('Solid1',(#9191),#9180,.T.) ;
#9210=ADVANCED_FACE('Solid1',(#9209),#9198,.T.) ;
#9228=ADVANCED_FACE('Solid1',(#9227),#9216,.T.) ;
#9246=ADVANCED_FACE('Solid1',(#9245),#9234,.T.) ;
#9264=ADVANCED_FACE('Solid1',(#9263),#9252,.F.) ;
#9282=ADVANCED_FACE('Solid1',(#9281),#9270,.T.) ;
#9300=ADVANCED_FACE('Solid1',(#9299),#9288,.F.) ;
#9318=ADVANCED_FACE('Solid1',(#9317),#9306,.T.) ;
#9336=ADVANCED_FACE('Solid1',(#9335),#9324,.F.) ;
#9354=ADVANCED_FACE('Solid1',(#9353),#9342,.T.) ;
#9372=ADVANCED_FACE('Solid1',(#9371),#9360,.F.) ;
#9390=ADVANCED_FACE('Solid1',(#9389),#9378,.T.) ;
#9408=ADVANCED_FACE('Solid1',(#9407),#9396,.T.) ;
#9426=ADVANCED_FACE('Solid1',(#9425),#9414,.T.) ;
#9444=ADVANCED_FACE('Solid1',(#9443),#9432,.T.) ;
#9462=ADVANCED_FACE('Solid1',(#9461),#9450,.T.) ;
#9475=ADVANCED_FACE('Solid1',(#9474),#9468,.T.) ;
#9555=ADVANCED_FACE('Solid1',(#9554),#9520,.T.) ;
#10020=ADVANCED_FACE('Solid1',(#9682,#9736,#9790,#9844,#9898,#10019),#9568,.T.) ;
#10045=ADVANCED_FACE('Solid1',(#10044),#10026,.T.) ;
#10484=ADVANCED_FACE('Solid1',(#10117,#10171,#10225,#10279,#10333,#10483),#10051,.T.) ;
#10502=ADVANCED_FACE('Solid1',(#10501),#10490,.T.) ;
#10534=ADVANCED_FACE('Solid1',(#10533),#10508,.T.) ;
#10562=ADVANCED_FACE('Solid1',(#10561),#10540,.F.) ;
#10587=ADVANCED_FACE('Solid1',(#10586),#10568,.T.) ;
#10615=ADVANCED_FACE('Solid1',(#10614),#10593,.F.) ;
#10640=ADVANCED_FACE('Solid1',(#10639),#10621,.T.) ;
#10665=ADVANCED_FACE('Solid1',(#10664),#10646,.F.) ;
#10690=ADVANCED_FACE('Solid1',(#10689),#10671,.T.) ;
#10708=ADVANCED_FACE('Solid1',(#10707),#10696,.F.) ;
#10731=ADVANCED_FACE('Solid1',(#10730),#10714,.F.) ;
#10744=ADVANCED_FACE('Solid1',(#10743),#10737,.F.) ;
#10767=ADVANCED_FACE('Solid1',(#10766),#10750,.F.) ;
#10780=ADVANCED_FACE('Solid1',(#10779),#10773,.F.) ;
#10803=ADVANCED_FACE('Solid1',(#10802),#10786,.F.) ;
#10816=ADVANCED_FACE('Solid1',(#10815),#10809,.F.) ;
#10839=ADVANCED_FACE('Solid1',(#10838),#10822,.F.) ;
#10852=ADVANCED_FACE('Solid1',(#10851),#10845,.F.) ;
#10870=ADVANCED_FACE('Solid1',(#10869),#10858,.T.) ;
#10888=ADVANCED_FACE('Solid1',(#10887),#10876,.T.) ;
#10906=ADVANCED_FACE('Solid1',(#10905),#10894,.T.) ;
#10924=ADVANCED_FACE('Solid1',(#10923),#10912,.T.) ;
#10942=ADVANCED_FACE('Solid1',(#10941),#10930,.T.) ;
#10960=ADVANCED_FACE('Solid1',(#10959),#10948,.T.) ;
#10978=ADVANCED_FACE('Solid1',(#10977),#10966,.F.) ;
#10996=ADVANCED_FACE('Solid1',(#10995),#10984,.T.) ;
#11014=ADVANCED_FACE('Solid1',(#11013),#11002,.T.) ;
#11032=ADVANCED_FACE('Solid1',(#11031),#11020,.T.) ;
#11050=ADVANCED_FACE('Solid1',(#11049),#11038,.F.) ;
#11068=ADVANCED_FACE('Solid1',(#11067),#11056,.T.) ;
#11081=ADVANCED_FACE('Solid1',(#11080),#11074,.T.) ;
#11113=ADVANCED_FACE('Solid1',(#11112),#11087,.F.) ;
#11138=ADVANCED_FACE('Solid1',(#11137),#11119,.T.) ;
#11163=ADVANCED_FACE('Solid1',(#11162),#11144,.F.) ;
#11188=ADVANCED_FACE('Solid1',(#11187),#11169,.T.) ;
#11213=ADVANCED_FACE('Solid1',(#11212),#11194,.F.) ;
#11238=ADVANCED_FACE('Solid1',(#11237),#11219,.T.) ;
#11263=ADVANCED_FACE('Solid1',(#11262),#11244,.F.) ;
#11281=ADVANCED_FACE('Solid1',(#11280),#11269,.T.) ;
#11412=ADVANCED_FACE('Solid1',(#11401,#11411),#11287,.T.) ;
#11543=ADVANCED_FACE('Solid1',(#11532,#11542),#11418,.T.) ;
#11591=ADVANCED_FACE('Solid1',(#11590),#11549,.T.) ;
#11616=ADVANCED_FACE('Solid1',(#11615),#11597,.T.) ;
#11657=ADVANCED_FACE('Solid1',(#11656),#11622,.T.) ;
#11682=ADVANCED_FACE('Solid1',(#11681),#11663,.T.) ;
#11723=ADVANCED_FACE('Solid1',(#11722),#11688,.T.) ;
#11748=ADVANCED_FACE('Solid1',(#11747),#11729,.T.) ;
#11789=ADVANCED_FACE('Solid1',(#11788),#11754,.T.) ;
#11807=ADVANCED_FACE('Solid1',(#11806),#11795,.T.) ;
#11855=ADVANCED_FACE('Solid1',(#11854),#11813,.T.) ;
#11880=ADVANCED_FACE('Solid1',(#11879),#11861,.T.) ;
#11921=ADVANCED_FACE('Solid1',(#11920),#11886,.T.) ;
#11946=ADVANCED_FACE('Solid1',(#11945),#11927,.T.) ;
#11987=ADVANCED_FACE('Solid1',(#11986),#11952,.T.) ;
#12012=ADVANCED_FACE('Solid1',(#12011),#11993,.T.) ;
#12053=ADVANCED_FACE('Solid1',(#12052),#12018,.T.) ;
#12071=ADVANCED_FACE('Solid1',(#12070),#12059,.T.) ;
#12089=ADVANCED_FACE('Solid1',(#12088),#12077,.T.) ;
#12107=ADVANCED_FACE('Solid1',(#12106),#12095,.T.) ;
#12144=ADVANCED_FACE('Solid1',(#12143),#12109,.T.) ;
#12162=ADVANCED_FACE('Solid1',(#12161),#12150,.T.) ;
#12199=ADVANCED_FACE('Solid1',(#12198),#12164,.T.) ;
#12236=ADVANCED_FACE('Solid1',(#12235),#12201,.T.) ;
#12254=ADVANCED_FACE('Solid1',(#12253),#12242,.T.) ;
#12291=ADVANCED_FACE('Solid1',(#12290),#12256,.T.) ;
#12309=ADVANCED_FACE('Solid1',(#12308),#12297,.T.) ;
#12346=ADVANCED_FACE('Solid1',(#12345),#12311,.T.) ;
#12364=ADVANCED_FACE('Solid1',(#12363),#12352,.T.) ;
#12382=ADVANCED_FACE('Solid1',(#12381),#12370,.T.) ;
#12419=ADVANCED_FACE('Solid1',(#12418),#12384,.T.) ;
#12437=ADVANCED_FACE('Solid1',(#12436),#12425,.T.) ;
#12474=ADVANCED_FACE('Solid1',(#12473),#12439,.T.) ;
#12511=ADVANCED_FACE('Solid1',(#12510),#12476,.T.) ;
#12529=ADVANCED_FACE('Solid1',(#12528),#12517,.T.) ;
#12547=ADVANCED_FACE('Solid1',(#12546),#12535,.T.) ;
#12591=ADVANCED_FACE('Solid1',(#12590),#12553,.T.) ;
#12609=ADVANCED_FACE('Solid1',(#12608),#12597,.T.) ;
#12653=ADVANCED_FACE('Solid1',(#12652),#12615,.T.) ;
#12685=ADVANCED_FACE('Solid1',(#12684),#12659,.T.) ;
#12703=ADVANCED_FACE('Solid1',(#12702),#12691,.T.) ;
#12735=ADVANCED_FACE('Solid1',(#12734),#12709,.T.) ;
#12753=ADVANCED_FACE('Solid1',(#12752),#12741,.T.) ;
#12764=ADVANCED_FACE('Solid1',(#12763),#12759,.T.) ;
#12782=ADVANCED_FACE('Solid1',(#12781),#12770,.T.) ;
#12800=ADVANCED_FACE('Solid1',(#12799),#12788,.T.) ;
#12823=ADVANCED_FACE('Solid1',(#12822),#12806,.T.) ;
#12841=ADVANCED_FACE('Solid1',(#12840),#12829,.T.) ;
#12864=ADVANCED_FACE('Solid1',(#12863),#12847,.T.) ;
#12875=ADVANCED_FACE('Solid1',(#12874),#12870,.T.) ;
#12893=ADVANCED_FACE('Solid1',(#12892),#12881,.T.) ;
#12911=ADVANCED_FACE('Solid1',(#12910),#12899,.T.) ;
#12924=ADVANCED_FACE('Solid1',(#12923),#12917,.T.) ;
#12937=ADVANCED_FACE('Solid1',(#12936),#12930,.T.) ;
#12955=ADVANCED_FACE('Solid1',(#12954),#12943,.T.) ;
#12968=ADVANCED_FACE('Solid1',(#12967),#12961,.T.) ;
#12986=ADVANCED_FACE('Solid1',(#12985),#12974,.T.) ;
#12999=ADVANCED_FACE('Solid1',(#12998),#12992,.T.) ;
#13066=ADVANCED_FACE('Solid1',(#13065),#13031,.F.) ;
#13383=ADVANCED_FACE('Solid1',(#13193,#13220,#13274,#13328,#13382),#13079,.T.) ;
#13401=ADVANCED_FACE('Solid1',(#13400),#13389,.F.) ;
#13433=ADVANCED_FACE('Solid1',(#13432),#13407,.F.) ;
#13465=ADVANCED_FACE('Solid1',(#13464),#13439,.T.) ;
#13490=ADVANCED_FACE('Solid1',(#13489),#13471,.T.) ;
#13515=ADVANCED_FACE('Solid1',(#13514),#13496,.T.) ;
#13540=ADVANCED_FACE('Solid1',(#13539),#13521,.T.) ;
#13565=ADVANCED_FACE('Solid1',(#13564),#13546,.T.) ;
#13590=ADVANCED_FACE('Solid1',(#13589),#13571,.T.) ;
#13615=ADVANCED_FACE('Solid1',(#13614),#13596,.T.) ;
#13633=ADVANCED_FACE('Solid1',(#13632),#13621,.T.) ;
#13665=ADVANCED_FACE('Solid1',(#13664),#13639,.F.) ;
#13683=ADVANCED_FACE('Solid1',(#13682),#13671,.F.) ;
#13715=ADVANCED_FACE('Solid1',(#13714),#13689,.F.) ;
#13733=ADVANCED_FACE('Solid1',(#13732),#13721,.F.) ;
#13765=ADVANCED_FACE('Solid1',(#13764),#13739,.F.) ;
#13783=ADVANCED_FACE('Solid1',(#13782),#13771,.F.) ;
#13807=ADVANCED_FACE('Solid1',(#13806),#13789,.F.) ;
#13882=ADVANCED_FACE('Solid1',(#13823,#13827,#13845,#13863,#13881),#13813,.F.) ;
#13905=ADVANCED_FACE('Solid1',(#13904),#13888,.F.) ;
#13918=ADVANCED_FACE('Solid1',(#13917),#13911,.F.) ;
#13941=ADVANCED_FACE('Solid1',(#13940),#13924,.F.) ;
#13954=ADVANCED_FACE('Solid1',(#13953),#13947,.F.) ;
#13977=ADVANCED_FACE('Solid1',(#13976),#13960,.F.) ;
#13990=ADVANCED_FACE('Solid1',(#13989),#13983,.F.) ;
#14063=ADVANCED_FACE('Solid1',(#14062),#14022,.F.) ;
#14224=ADVANCED_FACE('Solid1',(#14223),#14076,.F.) ;
#14261=ADVANCED_FACE('Solid1',(#14260),#14230,.F.) ;
#14408=ADVANCED_FACE('Solid1',(#14285,#14407),#14267,.T.) ;
#14440=ADVANCED_FACE('Solid1',(#14439),#14414,.F.) ;
#14477=ADVANCED_FACE('Solid1',(#14476),#14446,.F.) ;
#14496=ADVANCED_FACE('Solid1',(#14495),#14483,.F.) ;
#14520=ADVANCED_FACE('Solid1',(#14519),#14502,.F.) ;
#14538=ADVANCED_FACE('Solid1',(#14537),#14526,.F.) ;
#14552=ADVANCED_FACE('Solid1',(#14551),#14544,.F.) ;
#14571=ADVANCED_FACE('Solid1',(#14570),#14558,.F.) ;
#14595=ADVANCED_FACE('Solid1',(#14594),#14577,.F.) ;
#14613=ADVANCED_FACE('Solid1',(#14612),#14601,.F.) ;
#14645=ADVANCED_FACE('Solid1',(#14644),#14619,.F.) ;
#14670=ADVANCED_FACE('Solid1',(#14669),#14651,.F.) ;
#14683=ADVANCED_FACE('Solid1',(#14682),#14676,.F.) ;
#14715=ADVANCED_FACE('Solid1',(#14714),#14689,.T.) ;
#14733=ADVANCED_FACE('Solid1',(#14732),#14721,.T.) ;
#14765=ADVANCED_FACE('Solid1',(#14764),#14739,.T.) ;
#14783=ADVANCED_FACE('Solid1',(#14782),#14771,.T.) ;
#14815=ADVANCED_FACE('Solid1',(#14814),#14789,.T.) ;
#14833=ADVANCED_FACE('Solid1',(#14832),#14821,.T.) ;
#14844=ADVANCED_FACE('Solid1',(#14843),#14839,.T.) ;
#4=APPLICATION_PROTOCOL_DEFINITION('international standard','automotive_design',2001,#1) ;
#101=B_SPLINE_CURVE_WITH_KNOTS('',5,(#102,#103,#104,#105,#106,#107,#108,#109,#110,#111,#112,#113,#114,#115,#116,#117,#118,#119),.UNSPECIFIED.,.F.,.U.,(6,3,3,3,3,6),(0.,0.692813024448,1.38562604488,2.07843906425,2.77125209699,3.30061893671),.UNSPECIFIED.) ;
#125=B_SPLINE_CURVE_WITH_KNOTS('',5,(#126,#127,#128,#129,#130,#131,#132,#133,#134,#135,#136,#137),.UNSPECIFIED.,.F.,.U.,(6,3,3,6),(0.,0.255898448732,0.511796898996,0.64039234255),.UNSPECIFIED.) ;
#162=B_SPLINE_CURVE_WITH_KNOTS('',5,(#163,#164,#165,#166,#167,#168,#169,#170,#171,#172,#173,#174),.UNSPECIFIED.,.F.,.U.,(6,3,3,6),(0.,0.221718839595,0.443437680223,0.554716285514),.UNSPECIFIED.) ;
#190=B_SPLINE_CURVE_WITH_KNOTS('',5,(#191,#192,#193,#194,#195,#196,#197,#198,#199,#200,#201,#202),.UNSPECIFIED.,.F.,.U.,(6,3,3,6),(0.,0.221718839595,0.443437680223,0.554716285514),.UNSPECIFIED.) ;
#227=B_SPLINE_CURVE_WITH_KNOTS('',5,(#228,#229,#230,#231,#232,#233,#234,#235,#236,#237,#238,#239),.UNSPECIFIED.,.F.,.U.,(6,3,3,6),(0.,0.229172626237,0.458345253959,0.573394725558),.UNSPECIFIED.) ;
#250=B_SPLINE_CURVE_WITH_KNOTS('',5,(#251,#252,#253,#254,#255,#256,#257,#258,#259,#260,#261,#262,#263,#264,#265),.UNSPECIFIED.,.F.,.U.,(6,3,3,3,6),(0.,0.692813012439,1.38562603435,2.07843905665,2.37877757325),.UNSPECIFIED.) ;
#584=B_SPLINE_CURVE_WITH_KNOTS('',5,(#585,#586,#587,#588,#589,#590,#591,#592,#593),.UNSPECIFIED.,.F.,.U.,(6,3,6),(0.,2.47287540916,3.09089829893),.UNSPECIFIED.) ;
#611=B_SPLINE_CURVE_WITH_KNOTS('',5,(#612,#613,#614,#615,#616,#617,#618,#619,#620,#621,#622,#623),.UNSPECIFIED.,.F.,.U.,(6,3,3,6),(0.,0.220333581581,0.440667161565,0.551511368606),.UNSPECIFIED.) ;
#634=B_SPLINE_CURVE_WITH_KNOTS('',5,(#635,#636,#637,#638,#639,#640,#641,#642,#643,#644,#645,#646),.UNSPECIFIED.,.F.,.U.,(6,3,3,6),(0.,0.220333580339,0.44066716109,0.551511368132),.UNSPECIFIED.) ;
#657=B_SPLINE_CURVE_WITH_KNOTS('',5,(#658,#659,#660,#661,#662,#663,#664,#665,#666),.UNSPECIFIED.,.F.,.U.,(6,3,6),(0.,0.374880303232,0.623796807188),.UNSPECIFIED.) ;
#677=B_SPLINE_CURVE_WITH_KNOTS('',5,(#678,#679,#680,#681,#682,#683,#684,#685,#686,#687,#688,#689),.UNSPECIFIED.,.F.,.U.,(6,3,3,6),(0.,0.221718840084,0.443437680185,0.554716285887),.UNSPECIFIED.) ;
#721=B_SPLINE_CURVE_WITH_KNOTS('',5,(#722,#723,#724,#725,#726,#727,#728,#729,#730,#731,#732,#733),.UNSPECIFIED.,.F.,.U.,(6,3,3,6),(0.,0.221718840084,0.443437680185,0.554716285887),.UNSPECIFIED.) ;
#765=B_SPLINE_CURVE_WITH_KNOTS('',5,(#766,#767,#768,#769,#770,#771,#772,#773,#774,#775,#776,#777),.UNSPECIFIED.,.F.,.U.,(6,3,3,6),(0.,0.221718840084,0.443437680185,0.554716285887),.UNSPECIFIED.) ;
#809=B_SPLINE_CURVE_WITH_KNOTS('',5,(#810,#811,#812,#813,#814,#815,#816,#817,#818),.UNSPECIFIED.,.F.,.U.,(6,3,6),(0.,0.493832395557,0.617244616496),.UNSPECIFIED.) ;
#829=B_SPLINE_CURVE_WITH_KNOTS('',5,(#830,#831,#832,#833,#834,#835,#836,#837,#838,#839,#840,#841,#842,#843,#844),.UNSPECIFIED.,.F.,.U.,(6,3,3,3,6),(0.,0.689340089993,1.37868018357,2.0680202826,2.19918079447),.UNSPECIFIED.) ;
#883=B_SPLINE_CURVE_WITH_KNOTS('',5,(#884,#885,#886,#887,#888,#889,#890,#891,#892,#893,#894,#895,#896,#897,#898,#899,#900,#901,#902,#903,#904,#905,#906,#907),.UNSPECIFIED.,.F.,.U.,(6,3,3,3,3,3,3,6),(0.,0.188949709702,0.377899419953,0.56684913034,0.755798839538,0.944748549395,1.13369825949,1.3272963795),.UNSPECIFIED.) ;
#918=B_SPLINE_CURVE_WITH_KNOTS('',5,(#919,#920,#921,#922,#923,#924,#925,#926,#927,#928,#929,#930,#931,#932,#933,#934,#935,#936,#937,#938,#939,#940,#941,#942),.UNSPECIFIED.,.F.,.U.,(6,3,3,3,3,3,3,6),(0.,0.188949709702,0.377899419953,0.56684913034,0.755798839538,0.944748550581,1.13369825985,1.32729638016),.UNSPECIFIED.) ;
#953=B_SPLINE_CURVE_WITH_KNOTS('',5,(#954,#955,#956,#957,#958,#959,#960,#961,#962,#963,#964,#965,#966,#967,#968,#969,#970,#971,#972,#973,#974,#975,#976,#977),.UNSPECIFIED.,.F.,.U.,(6,3,3,3,3,3,3,6),(0.,0.188949709993,0.377899419428,0.566849129816,0.755798839014,0.944748550057,1.13369825932,1.32729637963),.UNSPECIFIED.) ;
#988=B_SPLINE_CURVE_WITH_KNOTS('',5,(#989,#990,#991,#992,#993,#994,#995,#996,#997,#998,#999,#1000,#1001,#1002,#1003,#1004,#1005,#1006,#1007,#1008,#1009,#1010,#1011,#1012),.UNSPECIFIED.,.F.,.U.,(6,3,3,3,3,3,3,6),(0.,0.188949709993,0.377899419428,0.566849129816,0.755798840325,0.944748550182,1.13369825945,1.32729637976),.UNSPECIFIED.) ;
#1023=B_SPLINE_CURVE_WITH_KNOTS('',5,(#1024,#1025,#1026,#1027,#1028,#1029,#1030,#1031,#1032,#1033,#1034,#1035,#1036,#1037,#1038,#1039,#1040,#1041,#1042,#1043,#1044,#1045,#1046,#1047),.UNSPECIFIED.,.F.,.U.,(6,3,3,3,3,3,3,6),(0.,0.188949709702,0.377899419137,0.566849129525,0.755798840035,0.944748549892,1.13369825916,1.32729637947),.UNSPECIFIED.) ;
#1058=B_SPLINE_CURVE_WITH_KNOTS('',5,(#1059,#1060,#1061,#1062,#1063,#1064,#1065,#1066,#1067,#1068,#1069,#1070,#1071,#1072,#1073,#1074,#1075,#1076,#1077,#1078,#1079,#1080,#1081,#1082),.UNSPECIFIED.,.F.,.U.,(6,3,3,3,3,3,3,6),(0.,0.188949709702,0.377899419953,0.566849129161,0.75579883967,0.944748549527,1.13369825879,1.3272963791),.UNSPECIFIED.) ;
#1107=B_SPLINE_CURVE_WITH_KNOTS('',5,(#1108,#1109,#1110,#1111,#1112,#1113,#1114,#1115,#1116,#1117,#1118,#1119,#1120,#1121,#1122,#1123,#1124,#1125,#1126,#1127,#1128,#1129,#1130,#1131),.UNSPECIFIED.,.F.,.U.,(6,3,3,3,3,3,3,6),(0.,0.188949709702,0.377899419953,0.56684913034,0.755798839538,0.944748549395,1.13369825949,1.3272963795),.UNSPECIFIED.) ;
#1142=B_SPLINE_CURVE_WITH_KNOTS('',5,(#1143,#1144,#1145,#1146,#1147,#1148,#1149,#1150,#1151,#1152,#1153,#1154,#1155,#1156,#1157,#1158,#1159,#1160,#1161,#1162,#1163,#1164,#1165,#1166),.UNSPECIFIED.,.F.,.U.,(6,3,3,3,3,3,3,6),(0.,0.188949709702,0.377899419137,0.566849129525,0.755798840035,0.944748549892,1.13369825916,1.32729637947),.UNSPECIFIED.) ;
#1191=B_SPLINE_CURVE_WITH_KNOTS('',5,(#1192,#1193,#1194,#1195,#1196,#1197,#1198,#1199,#1200,#1201,#1202,#1203,#1204,#1205,#1206,#1207,#1208,#1209,#1210,#1211,#1212,#1213,#1214,#1215),.UNSPECIFIED.,.F.,.U.,(6,3,3,3,3,3,3,6),(0.,0.188949709702,0.377899419953,0.56684913034,0.755798839538,0.944748549395,1.13369825949,1.3272963795),.UNSPECIFIED.) ;
#1226=B_SPLINE_CURVE_WITH_KNOTS('',5,(#1227,#1228,#1229,#1230,#1231,#1232,#1233,#1234,#1235,#1236,#1237,#1238,#1239,#1240,#1241,#1242,#1243,#1244,#1245,#1246,#1247,#1248,#1249,#1250),.UNSPECIFIED.,.F.,.U.,(6,3,3,3,3,3,3,6),(0.,0.188949709702,0.377899419953,0.56684913034,0.755798839538,0.944748549395,1.13369825949,1.3272963795),.UNSPECIFIED.) ;
#1261=B_SPLINE_CURVE_WITH_KNOTS('',5,(#1262,#1263,#1264,#1265,#1266,#1267,#1268,#1269,#1270,#1271,#1272,#1273,#1274,#1275,#1276,#1277,#1278,#1279,#1280,#1281,#1282,#1283,#1284,#1285),.UNSPECIFIED.,.F.,.U.,(6,3,3,3,3,3,3,6),(0.,0.188949709702,0.377899419953,0.56684913034,0.755798839538,0.944748550581,1.13369825985,1.32729638016),.UNSPECIFIED.) ;
#1296=B_SPLINE_CURVE_WITH_KNOTS('',5,(#1297,#1298,#1299,#1300,#1301,#1302,#1303,#1304,#1305,#1306,#1307,#1308,#1309,#1310,#1311,#1312,#1313,#1314,#1315,#1316,#1317,#1318,#1319,#1320),.UNSPECIFIED.,.F.,.U.,(6,3,3,3,3,3,3,6),(0.,0.188949709702,0.377899419953,0.56684913034,0.755798839538,0.944748550581,1.13369825985,1.32729638016),.UNSPECIFIED.) ;
#1331=B_SPLINE_CURVE_WITH_KNOTS('',5,(#1332,#1333,#1334,#1335,#1336,#1337,#1338,#1339,#1340,#1341,#1342,#1343,#1344,#1345,#1346,#1347,#1348,#1349,#1350,#1351,#1352,#1353,#1354,#1355),.UNSPECIFIED.,.F.,.U.,(6,3,3,3,3,3,3,6),(0.,0.188949709993,0.377899419428,0.566849129816,0.755798840325,0.944748550182,1.13369825945,1.32729637976),.UNSPECIFIED.) ;
#1366=B_SPLINE_CURVE_WITH_KNOTS('',5,(#1367,#1368,#1369,#1370,#1371,#1372,#1373,#1374,#1375,#1376,#1377,#1378,#1379,#1380,#1381,#1382,#1383,#1384,#1385,#1386,#1387,#1388,#1389,#1390),.UNSPECIFIED.,.F.,.U.,(6,3,3,3,3,3,3,6),(0.,0.188949709702,0.377899419137,0.566849129525,0.755798840035,0.944748549892,1.13369825916,1.32729637947),.UNSPECIFIED.) ;
#1429=B_SPLINE_CURVE_WITH_KNOTS('',5,(#1430,#1431,#1432,#1433,#1434,#1435,#1436,#1437,#1438,#1439,#1440,#1441,#1442,#1443,#1444),.UNSPECIFIED.,.F.,.U.,(6,3,3,3,6),(0.,0.689340136925,1.37868025063,2.06802035616,2.19918086809),.UNSPECIFIED.) ;
#1455=B_SPLINE_CURVE_WITH_KNOTS('',5,(#1456,#1457,#1458,#1459,#1460,#1461,#1462,#1463,#1464),.UNSPECIFIED.,.F.,.U.,(6,3,6),(0.,0.493832406517,0.617244626374),.UNSPECIFIED.) ;
#1496=B_SPLINE_CURVE_WITH_KNOTS('',5,(#1497,#1498,#1499,#1500,#1501,#1502,#1503,#1504,#1505,#1506,#1507,#1508),.UNSPECIFIED.,.F.,.U.,(6,3,3,6),(0.,0.221718840084,0.443437680185,0.554716285887),.UNSPECIFIED.) ;
#1540=B_SPLINE_CURVE_WITH_KNOTS('',5,(#1541,#1542,#1543,#1544,#1545,#1546,#1547,#1548,#1549,#1550,#1551,#1552),.UNSPECIFIED.,.F.,.U.,(6,3,3,6),(0.,0.221718840084,0.443437680185,0.554716285887),.UNSPECIFIED.) ;
#1584=B_SPLINE_CURVE_WITH_KNOTS('',5,(#1585,#1586,#1587,#1588,#1589,#1590,#1591,#1592,#1593,#1594,#1595,#1596),.UNSPECIFIED.,.F.,.U.,(6,3,3,6),(0.,0.221718840084,0.443437680185,0.554716285887),.UNSPECIFIED.) ;
#1607=B_SPLINE_CURVE_WITH_KNOTS('',5,(#1608,#1609,#1610,#1611,#1612,#1613,#1614,#1615,#1616),.UNSPECIFIED.,.F.,.U.,(6,3,6),(0.,0.374880297246,0.623796801124),.UNSPECIFIED.) ;
#1627=B_SPLINE_CURVE_WITH_KNOTS('',5,(#1628,#1629,#1630,#1631,#1632,#1633,#1634,#1635,#1636,#1637,#1638,#1639),.UNSPECIFIED.,.F.,.U.,(6,3,3,6),(0.,0.220333581581,0.440667161565,0.551511368606),.UNSPECIFIED.) ;
#1650=B_SPLINE_CURVE_WITH_KNOTS('',5,(#1651,#1652,#1653,#1654,#1655,#1656,#1657,#1658,#1659,#1660,#1661,#1662),.UNSPECIFIED.,.F.,.U.,(6,3,3,6),(0.,0.220333580339,0.44066716109,0.551511368132),.UNSPECIFIED.) ;
#1680=B_SPLINE_CURVE_WITH_KNOTS('',5,(#1681,#1682,#1683,#1684,#1685,#1686,#1687,#1688,#1689),.UNSPECIFIED.,.F.,.U.,(6,3,6),(0.,2.4728753915,3.09089828159),.UNSPECIFIED.) ;
#2008=B_SPLINE_CURVE_WITH_KNOTS('',5,(#2009,#2010,#2011,#2012,#2013,#2014,#2015,#2016,#2017,#2018,#2019,#2020,#2021,#2022,#2023),.UNSPECIFIED.,.F.,.U.,(6,3,3,3,6),(0.,0.692813016705,1.3856260406,2.07843907866,2.3787775953),.UNSPECIFIED.) ;
#2034=B_SPLINE_CURVE_WITH_KNOTS('',5,(#2035,#2036,#2037,#2038,#2039,#2040,#2041,#2042,#2043,#2044,#2045,#2046),.UNSPECIFIED.,.F.,.U.,(6,3,3,6),(0.,0.229172626927,0.458345254461,0.573394725536),.UNSPECIFIED.) ;
#2071=B_SPLINE_CURVE_WITH_KNOTS('',5,(#2072,#2073,#2074,#2075,#2076,#2077,#2078,#2079,#2080,#2081,#2082,#2083),.UNSPECIFIED.,.F.,.U.,(6,3,3,6),(0.,0.221718839595,0.443437680223,0.554716285514),.UNSPECIFIED.) ;
#2108=B_SPLINE_CURVE_WITH_KNOTS('',5,(#2109,#2110,#2111,#2112,#2113,#2114,#2115,#2116,#2117,#2118,#2119,#2120),.UNSPECIFIED.,.F.,.U.,(6,3,3,6),(0.,0.221718839595,0.443437680223,0.554716285514),.UNSPECIFIED.) ;
#2145=B_SPLINE_CURVE_WITH_KNOTS('',5,(#2146,#2147,#2148,#2149,#2150,#2151,#2152,#2153,#2154,#2155,#2156,#2157),.UNSPECIFIED.,.F.,.U.,(6,3,3,6),(0.,0.255898449704,0.511796899071,0.640392343509),.UNSPECIFIED.) ;
#2161=B_SPLINE_CURVE_WITH_KNOTS('',5,(#2162,#2163,#2164,#2165,#2166,#2167,#2168,#2169,#2170,#2171,#2172,#2173,#2174,#2175,#2176,#2177,#2178,#2179),.UNSPECIFIED.,.F.,.U.,(6,3,3,3,3,6),(0.,0.692813036397,1.38562607288,2.07843910338,2.77125213646,3.30061895746),.UNSPECIFIED.) ;
#2488=B_SPLINE_CURVE_WITH_KNOTS('',5,(#2489,#2490,#2491,#2492,#2493,#2494,#2495,#2496,#2497,#2498,#2499,#2500,#2501,#2502,#2503),.UNSPECIFIED.,.F.,.U.,(6,3,3,3,6),(0.,0.692813023051,1.3856260395,2.07843905329,2.22138911261),.UNSPECIFIED.) ;
#2514=B_SPLINE_CURVE_WITH_KNOTS('',5,(#2515,#2516,#2517,#2518,#2519,#2520,#2521,#2522,#2523,#2524,#2525,#2526,#2527,#2528,#2529),.UNSPECIFIED.,.F.,.U.,(6,3,3,3,6),(0.,0.692813034102,1.38562605163,2.07843905629,2.2213891156),.UNSPECIFIED.) ;
#2554=B_SPLINE_CURVE_WITH_KNOTS('',5,(#2555,#2556,#2557,#2558,#2559,#2560,#2561,#2562,#2563),.UNSPECIFIED.,.F.,.U.,(6,3,6),(0.,0.609972528436,1.01663193884),.UNSPECIFIED.) ;
#2567=B_SPLINE_CURVE_WITH_KNOTS('',5,(#2568,#2569,#2570,#2571,#2572,#2573),.UNSPECIFIED.,.F.,.U.,(6,6),(0.,1.39783629258),.UNSPECIFIED.) ;
#2577=B_SPLINE_CURVE_WITH_KNOTS('',5,(#2578,#2579,#2580,#2581,#2582,#2583,#2584,#2585,#2586),.UNSPECIFIED.,.F.,.U.,(6,3,6),(0.,0.60997252658,1.01663196609),.UNSPECIFIED.) ;
#2597=B_SPLINE_CURVE_WITH_KNOTS('',5,(#2598,#2599,#2600,#2601,#2602,#2603,#2604,#2605,#2606),.UNSPECIFIED.,.F.,.U.,(6,3,6),(0.,0.609972531887,1.01663194519),.UNSPECIFIED.) ;
#2610=B_SPLINE_CURVE_WITH_KNOTS('',5,(#2611,#2612,#2613,#2614,#2615,#2616),.UNSPECIFIED.,.F.,.U.,(6,6),(0.,1.39783629267),.UNSPECIFIED.) ;
#2620=B_SPLINE_CURVE_WITH_KNOTS('',5,(#2621,#2622,#2623,#2624,#2625,#2626,#2627,#2628,#2629),.UNSPECIFIED.,.F.,.U.,(6,3,6),(0.,0.609972524273,1.01663195823),.UNSPECIFIED.) ;
#2640=B_SPLINE_CURVE_WITH_KNOTS('',5,(#2641,#2642,#2643,#2644,#2645,#2646,#2647,#2648,#2649),.UNSPECIFIED.,.F.,.U.,(6,3,6),(0.,0.60997252997,1.01663193799),.UNSPECIFIED.) ;
#2653=B_SPLINE_CURVE_WITH_KNOTS('',5,(#2654,#2655,#2656,#2657,#2658,#2659),.UNSPECIFIED.,.F.,.U.,(6,6),(0.,1.3978362878),.UNSPECIFIED.) ;
#2663=B_SPLINE_CURVE_WITH_KNOTS('',5,(#2664,#2665,#2666,#2667,#2668,#2669,#2670,#2671,#2672),.UNSPECIFIED.,.F.,.U.,(6,3,6),(0.,0.609972521086,1.01663195274),.UNSPECIFIED.) ;
#2697=B_SPLINE_CURVE_WITH_KNOTS('',5,(#2698,#2699,#2700,#2701,#2702,#2703,#2704,#2705,#2706),.UNSPECIFIED.,.F.,.U.,(6,3,6),(0.,0.761005413425,1.2683484371),.UNSPECIFIED.) ;
#3011=B_SPLINE_CURVE_WITH_KNOTS('',5,(#3012,#3013,#3014,#3015,#3016,#3017,#3018,#3019,#3020),.UNSPECIFIED.,.F.,.U.,(6,3,6),(0.,0.766419405081,1.27737195313),.UNSPECIFIED.) ;
#3031=B_SPLINE_CURVE_WITH_KNOTS('',5,(#3032,#3033,#3034,#3035,#3036,#3037,#3038,#3039,#3040),.UNSPECIFIED.,.F.,.U.,(6,3,6),(0.,0.89308845378,1.48712767631),.UNSPECIFIED.) ;
#3086=B_SPLINE_CURVE_WITH_KNOTS('',5,(#3087,#3088,#3089,#3090,#3091,#3092,#3093,#3094,#3095),.UNSPECIFIED.,.F.,.U.,(6,3,6),(0.,0.507559673905,0.844956569396),.UNSPECIFIED.) ;
#3106=B_SPLINE_CURVE_WITH_KNOTS('',5,(#3107,#3108,#3109,#3110,#3111,#3112,#3113,#3114,#3115),.UNSPECIFIED.,.F.,.U.,(6,3,6),(0.,0.609972519255,1.01663195658),.UNSPECIFIED.) ;
#3119=B_SPLINE_CURVE_WITH_KNOTS('',5,(#3120,#3121,#3122,#3123,#3124,#3125),.UNSPECIFIED.,.F.,.U.,(6,6),(0.,0.698918626948),.UNSPECIFIED.) ;
#3129=B_SPLINE_CURVE_WITH_KNOTS('',5,(#3130,#3131,#3132,#3133,#3134,#3135),.UNSPECIFIED.,.F.,.U.,(6,6),(0.698918626948,1.39783632724),.UNSPECIFIED.) ;
#3139=B_SPLINE_CURVE_WITH_KNOTS('',5,(#3140,#3141,#3142,#3143,#3144,#3145,#3146,#3147,#3148),.UNSPECIFIED.,.F.,.U.,(6,3,6),(0.,0.609972537559,1.01663196191),.UNSPECIFIED.) ;
#3159=B_SPLINE_CURVE_WITH_KNOTS('',5,(#3160,#3161,#3162,#3163,#3164,#3165,#3166,#3167,#3168),.UNSPECIFIED.,.F.,.U.,(6,3,6),(0.,0.609972520375,1.01663194111),.UNSPECIFIED.) ;
#3172=B_SPLINE_CURVE_WITH_KNOTS('',5,(#3173,#3174,#3175,#3176,#3177,#3178),.UNSPECIFIED.,.F.,.U.,(6,6),(0.,0.698918626386),.UNSPECIFIED.) ;
#3182=B_SPLINE_CURVE_WITH_KNOTS('',5,(#3183,#3184,#3185,#3186,#3187,#3188),.UNSPECIFIED.,.F.,.U.,(6,6),(0.698918626386,1.39783632384),.UNSPECIFIED.) ;
#3192=B_SPLINE_CURVE_WITH_KNOTS('',5,(#3193,#3194,#3195,#3196,#3197,#3198,#3199,#3200,#3201),.UNSPECIFIED.,.F.,.U.,(6,3,6),(0.,0.609972533624,1.01663195242),.UNSPECIFIED.) ;
#3212=B_SPLINE_CURVE_WITH_KNOTS('',5,(#3213,#3214,#3215,#3216,#3217,#3218,#3219,#3220,#3221),.UNSPECIFIED.,.F.,.U.,(6,3,6),(0.,0.609972516534,1.01663194642),.UNSPECIFIED.) ;
#3225=B_SPLINE_CURVE_WITH_KNOTS('',5,(#3226,#3227,#3228,#3229,#3230,#3231),.UNSPECIFIED.,.F.,.U.,(6,6),(0.,0.698918623534),.UNSPECIFIED.) ;
#3235=B_SPLINE_CURVE_WITH_KNOTS('',5,(#3236,#3237,#3238,#3239,#3240,#3241),.UNSPECIFIED.,.F.,.U.,(6,6),(0.698918623534,1.39783632041),.UNSPECIFIED.) ;
#3245=B_SPLINE_CURVE_WITH_KNOTS('',5,(#3246,#3247,#3248,#3249,#3250,#3251),.UNSPECIFIED.,.F.,.U.,(6,6),(0.,0.365997835008),.UNSPECIFIED.) ;
#3283=B_SPLINE_CURVE_WITH_KNOTS('',5,(#3284,#3285,#3286,#3287,#3288,#3289,#3290,#3291,#3292,#3293,#3294,#3295),.UNSPECIFIED.,.F.,.U.,(6,3,3,6),(0.,0.554242721607,1.10848546229,1.42091622402),.UNSPECIFIED.) ;
#3306=B_SPLINE_CURVE_WITH_KNOTS('',5,(#3307,#3308,#3309,#3310,#3311,#3312,#3313,#3314,#3315,#3316,#3317,#3318,#3319,#3320,#3321),.UNSPECIFIED.,.F.,.U.,(6,3,3,3,6),(0.,2.77125193913,5.54250389522,8.31375587102,8.88555610712),.UNSPECIFIED.) ;
#3416=B_SPLINE_CURVE_WITH_KNOTS('',5,(#3417,#3418,#3419,#3420,#3421,#3422,#3423,#3424,#3425,#3426,#3427,#3428,#3429,#3430,#3431),.UNSPECIFIED.,.F.,.U.,(6,3,3,3,6),(0.,2.7712519438,5.54250390539,8.3137558862,8.88555612229),.UNSPECIFIED.) ;
#3470=B_SPLINE_CURVE_WITH_KNOTS('',5,(#3471,#3472,#3473,#3474,#3475,#3476,#3477,#3478,#3479,#3480,#3481,#3482,#3483,#3484,#3485),.UNSPECIFIED.,.F.,.U.,(6,3,3,3,6),(0.,2.77125194091,5.54250388323,8.31375581305,8.88555604908),.UNSPECIFIED.) ;
#3580=B_SPLINE_CURVE_WITH_KNOTS('',5,(#3581,#3582,#3583,#3584,#3585,#3586,#3587,#3588,#3589,#3590,#3591,#3592,#3593,#3594,#3595),.UNSPECIFIED.,.F.,.U.,(6,3,3,3,6),(0.,2.77125196367,5.54250394048,8.31375591866,8.88555615475),.UNSPECIFIED.) ;
#3606=B_SPLINE_CURVE_WITH_KNOTS('',5,(#3607,#3608,#3609,#3610,#3611,#3612,#3613,#3614,#3615,#3616,#3617,#3618),.UNSPECIFIED.,.F.,.U.,(6,3,3,6),(0.,0.554242726986,1.10848545443,1.42091621615),.UNSPECIFIED.) ;
#3650=B_SPLINE_CURVE_WITH_KNOTS('',5,(#3651,#3652,#3653,#3654,#3655,#3656),.UNSPECIFIED.,.F.,.U.,(6,6),(0.,0.365997835002),.UNSPECIFIED.) ;
#3660=B_SPLINE_CURVE_WITH_KNOTS('',5,(#3661,#3662,#3663,#3664,#3665,#3666),.UNSPECIFIED.,.F.,.U.,(6,6),(0.,0.698918623534),.UNSPECIFIED.) ;
#3670=B_SPLINE_CURVE_WITH_KNOTS('',5,(#3671,#3672,#3673,#3674,#3675,#3676),.UNSPECIFIED.,.F.,.U.,(6,6),(0.698918623534,1.39783632041),.UNSPECIFIED.) ;
#3680=B_SPLINE_CURVE_WITH_KNOTS('',5,(#3681,#3682,#3683,#3684,#3685,#3686,#3687,#3688,#3689),.UNSPECIFIED.,.F.,.U.,(6,3,6),(0.,0.609972532994,1.01663195408),.UNSPECIFIED.) ;
#3700=B_SPLINE_CURVE_WITH_KNOTS('',5,(#3701,#3702,#3703,#3704,#3705,#3706,#3707,#3708,#3709),.UNSPECIFIED.,.F.,.U.,(6,3,6),(0.,0.609972515512,1.01663194708),.UNSPECIFIED.) ;
#3713=B_SPLINE_CURVE_WITH_KNOTS('',5,(#3714,#3715,#3716,#3717,#3718,#3719),.UNSPECIFIED.,.F.,.U.,(6,6),(0.,0.698918624048),.UNSPECIFIED.) ;
#3723=B_SPLINE_CURVE_WITH_KNOTS('',5,(#3724,#3725,#3726,#3727,#3728,#3729),.UNSPECIFIED.,.F.,.U.,(6,6),(0.698918624048,1.39783632371),.UNSPECIFIED.) ;
#3733=B_SPLINE_CURVE_WITH_KNOTS('',5,(#3734,#3735,#3736,#3737,#3738,#3739,#3740,#3741,#3742),.UNSPECIFIED.,.F.,.U.,(6,3,6),(0.,0.609972513419,1.0166319115),.UNSPECIFIED.) ;
#3753=B_SPLINE_CURVE_WITH_KNOTS('',5,(#3754,#3755,#3756,#3757,#3758,#3759,#3760,#3761,#3762),.UNSPECIFIED.,.F.,.U.,(6,3,6),(0.,0.609972519257,1.01663195658),.UNSPECIFIED.) ;
#3766=B_SPLINE_CURVE_WITH_KNOTS('',5,(#3767,#3768,#3769,#3770,#3771,#3772),.UNSPECIFIED.,.F.,.U.,(6,6),(0.,0.698918626948),.UNSPECIFIED.) ;
#3776=B_SPLINE_CURVE_WITH_KNOTS('',5,(#3777,#3778,#3779,#3780,#3781,#3782),.UNSPECIFIED.,.F.,.U.,(6,6),(0.698918626948,1.39783632724),.UNSPECIFIED.) ;
#3786=B_SPLINE_CURVE_WITH_KNOTS('',5,(#3787,#3788,#3789,#3790,#3791,#3792,#3793,#3794,#3795),.UNSPECIFIED.,.F.,.U.,(6,3,6),(0.,0.609972537557,1.0166319619),.UNSPECIFIED.) ;
#3806=B_SPLINE_CURVE_WITH_KNOTS('',5,(#3807,#3808,#3809,#3810,#3811,#3812,#3813,#3814,#3815),.UNSPECIFIED.,.F.,.U.,(6,3,6),(0.,0.507559679406,0.844956573313),.UNSPECIFIED.) ;
#3861=B_SPLINE_CURVE_WITH_KNOTS('',5,(#3862,#3863,#3864,#3865,#3866,#3867,#3868,#3869,#3870),.UNSPECIFIED.,.F.,.U.,(6,3,6),(0.,0.893088438307,1.48712766104),.UNSPECIFIED.) ;
#3881=B_SPLINE_CURVE_WITH_KNOTS('',5,(#3882,#3883,#3884,#3885,#3886,#3887,#3888,#3889,#3890),.UNSPECIFIED.,.F.,.U.,(6,3,6),(0.,0.766419415221,1.27737198027),.UNSPECIFIED.) ;
#4195=B_SPLINE_CURVE_WITH_KNOTS('',5,(#4196,#4197,#4198,#4199,#4200,#4201,#4202,#4203,#4204),.UNSPECIFIED.,.F.,.U.,(6,3,6),(0.,0.761005408353,1.26834844055),.UNSPECIFIED.) ;
#4229=B_SPLINE_CURVE_WITH_KNOTS('',5,(#4230,#4231,#4232,#4233,#4234,#4235,#4236,#4237,#4238),.UNSPECIFIED.,.F.,.U.,(6,3,6),(0.,0.609972526526,1.01663193168),.UNSPECIFIED.) ;
#4242=B_SPLINE_CURVE_WITH_KNOTS('',5,(#4243,#4244,#4245,#4246,#4247,#4248),.UNSPECIFIED.,.F.,.U.,(6,6),(0.,1.3978362878),.UNSPECIFIED.) ;
#4252=B_SPLINE_CURVE_WITH_KNOTS('',5,(#4253,#4254,#4255,#4256,#4257,#4258,#4259,#4260,#4261),.UNSPECIFIED.,.F.,.U.,(6,3,6),(0.,0.609972523318,1.0166319605),.UNSPECIFIED.) ;
#4272=B_SPLINE_CURVE_WITH_KNOTS('',5,(#4273,#4274,#4275,#4276,#4277,#4278,#4279,#4280,#4281),.UNSPECIFIED.,.F.,.U.,(6,3,6),(0.,0.609972528434,1.01663193882),.UNSPECIFIED.) ;
#4290=B_SPLINE_CURVE_WITH_KNOTS('',5,(#4291,#4292,#4293,#4294,#4295,#4296,#4297,#4298,#4299),.UNSPECIFIED.,.F.,.U.,(6,3,6),(0.,0.609972531903,1.01663194521),.UNSPECIFIED.) ;
#4303=B_SPLINE_CURVE_WITH_KNOTS('',5,(#4304,#4305,#4306,#4307,#4308,#4309),.UNSPECIFIED.,.F.,.U.,(6,6),(0.,1.39783629263),.UNSPECIFIED.) ;
#4313=B_SPLINE_CURVE_WITH_KNOTS('',5,(#4314,#4315,#4316,#4317,#4318,#4319,#4320,#4321,#4322),.UNSPECIFIED.,.F.,.U.,(6,3,6),(0.,0.609972524322,1.01663195828),.UNSPECIFIED.) ;
#8605=B_SPLINE_CURVE_WITH_KNOTS('',5,(#8606,#8607,#8608,#8609,#8610,#8611,#8612,#8613,#8614,#8615,#8616,#8617,#8618,#8619,#8620),.UNSPECIFIED.,.F.,.U.,(6,3,3,3,6),(0.,0.692813025152,1.38562603324,2.07843903016,2.22138908948),.UNSPECIFIED.) ;
#8631=B_SPLINE_CURVE_WITH_KNOTS('',5,(#8632,#8633,#8634,#8635,#8636,#8637,#8638,#8639,#8640,#8641,#8642,#8643),.UNSPECIFIED.,.F.,.U.,(6,3,3,6),(0.,0.444276387481,0.888552782582,1.11024119537),.UNSPECIFIED.) ;
#8654=B_SPLINE_CURVE_WITH_KNOTS('',5,(#8655,#8656,#8657,#8658,#8659,#8660,#8661,#8662,#8663,#8664,#8665,#8666),.UNSPECIFIED.,.F.,.U.,(6,3,3,6),(0.,0.444276368063,0.888552744211,1.1102411585),.UNSPECIFIED.) ;
#8733=B_SPLINE_CURVE_WITH_KNOTS('',5,(#8734,#8735,#8736,#8737,#8738,#8739,#8740,#8741,#8742,#8743,#8744,#8745),.UNSPECIFIED.,.F.,.U.,(6,3,3,6),(0.,0.444276380189,0.888552750922,1.11024116501),.UNSPECIFIED.) ;
#8756=B_SPLINE_CURVE_WITH_KNOTS('',5,(#8757,#8758,#8759,#8760,#8761,#8762,#8763,#8764,#8765,#8766,#8767,#8768),.UNSPECIFIED.,.F.,.U.,(6,3,3,6),(0.,0.444276384387,0.888552764017,1.1102411781),.UNSPECIFIED.) ;
#8779=B_SPLINE_CURVE_WITH_KNOTS('',5,(#8780,#8781,#8782,#8783,#8784,#8785,#8786,#8787,#8788,#8789,#8790,#8791,#8792,#8793,#8794),.UNSPECIFIED.,.F.,.U.,(6,3,3,3,6),(0.,0.692813048239,1.38562608018,2.07843909604,2.22138915536),.UNSPECIFIED.) ;
#8861=B_SPLINE_CURVE_WITH_KNOTS('',5,(#8862,#8863,#8864,#8865,#8866,#8867,#8868,#8869,#8870,#8871,#8872,#8873),.UNSPECIFIED.,.F.,.U.,(6,3,3,6),(0.,0.444276366813,0.888552735266,1.11024114935),.UNSPECIFIED.) ;
#8926=B_SPLINE_CURVE_WITH_KNOTS('',5,(#8927,#8928,#8929,#8930,#8931,#8932,#8933,#8934,#8935,#8936,#8937,#8938),.UNSPECIFIED.,.F.,.U.,(6,3,3,6),(0.,0.444276399899,0.888552789822,1.11024120391),.UNSPECIFIED.) ;
#8949=B_SPLINE_CURVE_WITH_KNOTS('',5,(#8950,#8951,#8952,#8953,#8954,#8955,#8956,#8957,#8958,#8959,#8960,#8961),.UNSPECIFIED.,.F.,.U.,(6,3,3,6),(0.,0.55424272487,1.1084854488,1.42091621182),.UNSPECIFIED.) ;
#8972=B_SPLINE_CURVE_WITH_KNOTS('',5,(#8973,#8974,#8975,#8976,#8977,#8978,#8979,#8980,#8981,#8982,#8983,#8984),.UNSPECIFIED.,.F.,.U.,(6,3,3,6),(0.,0.554242723422,1.10848544419,1.4209162072),.UNSPECIFIED.) ;
#8995=B_SPLINE_CURVE_WITH_KNOTS('',5,(#8996,#8997,#8998,#8999,#9000,#9001,#9002,#9003,#9004,#9005,#9006,#9007),.UNSPECIFIED.,.F.,.U.,(6,3,3,6),(0.,0.444276381706,0.888552754334,1.11024116842),.UNSPECIFIED.) ;
#9578=B_SPLINE_CURVE_WITH_KNOTS('',5,(#9579,#9580,#9581,#9582,#9583,#9584,#9585,#9586,#9587,#9588,#9589,#9590,#9591,#9592,#9593),.UNSPECIFIED.,.F.,.U.,(6,3,3,3,6),(0.,2.77125194337,5.54250390459,8.31375587555,8.88555611164),.UNSPECIFIED.) ;
#9604=B_SPLINE_CURVE_WITH_KNOTS('',5,(#9605,#9606,#9607,#9608,#9609,#9610,#9611,#9612,#9613,#9614,#9615,#9616,#9617,#9618,#9619),.UNSPECIFIED.,.F.,.U.,(6,3,3,3,6),(0.,2.77125193705,5.5425038817,8.31375582927,8.88555606536),.UNSPECIFIED.) ;
#9630=B_SPLINE_CURVE_WITH_KNOTS('',5,(#9631,#9632,#9633,#9634,#9635,#9636,#9637,#9638,#9639,#9640,#9641,#9642,#9643,#9644,#9645),.UNSPECIFIED.,.F.,.U.,(6,3,3,3,6),(0.,2.77125193394,5.54250387597,8.31375583215,8.88555606824),.UNSPECIFIED.) ;
#9656=B_SPLINE_CURVE_WITH_KNOTS('',5,(#9657,#9658,#9659,#9660,#9661,#9662,#9663,#9664,#9665,#9666,#9667,#9668,#9669,#9670,#9671),.UNSPECIFIED.,.F.,.U.,(6,3,3,3,6),(0.,2.77125194003,5.5425038988,8.31375587828,8.88555611438),.UNSPECIFIED.) ;
#9683=B_SPLINE_CURVE_WITH_KNOTS('',5,(#9684,#9685,#9686,#9687,#9688,#9689,#9690,#9691,#9692,#9693,#9694,#9695,#9696,#9697,#9698,#9699,#9700,#9701,#9702,#9703,#9704),.UNSPECIFIED.,.F.,.U.,(6,3,3,3,3,3,6),(0.,1.37474930928,2.74949860014,4.12424790852,5.49899723065,6.87374654913,7.7749251505),.UNSPECIFIED.) ;
#9710=B_SPLINE_CURVE_WITH_KNOTS('',5,(#9711,#9712,#9713,#9714,#9715,#9716,#9717,#9718,#9719,#9720,#9721,#9722,#9723,#9724,#9725,#9726,#9727,#9728,#9729,#9730,#9731),.UNSPECIFIED.,.F.,.U.,(6,3,3,3,3,3,6),(0.,1.37474929386,2.74949860756,4.12424791028,5.49899721187,6.87374652061,7.77492514383),.UNSPECIFIED.) ;
#9737=B_SPLINE_CURVE_WITH_KNOTS('',5,(#9738,#9739,#9740,#9741,#9742,#9743,#9744,#9745,#9746,#9747,#9748,#9749,#9750,#9751,#9752,#9753,#9754,#9755,#9756,#9757,#9758),.UNSPECIFIED.,.F.,.U.,(6,3,3,3,3,3,6),(0.,1.37474932139,2.74949862091,4.12424792718,5.49899725376,6.873746562,7.7749251438),.UNSPECIFIED.) ;
#9764=B_SPLINE_CURVE_WITH_KNOTS('',5,(#9765,#9766,#9767,#9768,#9769,#9770,#9771,#9772,#9773,#9774,#9775,#9776,#9777,#9778,#9779,#9780,#9781,#9782,#9783,#9784,#9785),.UNSPECIFIED.,.F.,.U.,(6,3,3,3,3,3,6),(0.,1.37474930521,2.74949862695,4.12424793189,5.49899722922,6.87374652844,7.77492513351),.UNSPECIFIED.) ;
#9791=B_SPLINE_CURVE_WITH_KNOTS('',5,(#9792,#9793,#9794,#9795,#9796,#9797,#9798,#9799,#9800,#9801,#9802,#9803,#9804,#9805,#9806,#9807,#9808,#9809,#9810,#9811,#9812),.UNSPECIFIED.,.F.,.U.,(6,3,3,3,3,3,6),(0.,1.37474932139,2.74949862091,4.12424792718,5.49899725376,6.873746562,7.7749251438),.UNSPECIFIED.) ;
#9818=B_SPLINE_CURVE_WITH_KNOTS('',5,(#9819,#9820,#9821,#9822,#9823,#9824,#9825,#9826,#9827,#9828,#9829,#9830,#9831,#9832,#9833,#9834,#9835,#9836,#9837,#9838,#9839),.UNSPECIFIED.,.F.,.U.,(6,3,3,3,3,3,6),(0.,1.37474930521,2.74949862695,4.12424793189,5.49899722922,6.87374652844,7.77492513351),.UNSPECIFIED.) ;
#9845=B_SPLINE_CURVE_WITH_KNOTS('',5,(#9846,#9847,#9848,#9849,#9850,#9851,#9852,#9853,#9854,#9855,#9856,#9857,#9858,#9859,#9860,#9861,#9862,#9863,#9864,#9865,#9866),.UNSPECIFIED.,.F.,.U.,(6,3,3,3,3,3,6),(0.,1.37474930928,2.74949860014,4.12424790852,5.49899723065,6.87374654913,7.7749251505),.UNSPECIFIED.) ;
#9872=B_SPLINE_CURVE_WITH_KNOTS('',5,(#9873,#9874,#9875,#9876,#9877,#9878,#9879,#9880,#9881,#9882,#9883,#9884,#9885,#9886,#9887,#9888,#9889,#9890,#9891,#9892,#9893),.UNSPECIFIED.,.F.,.U.,(6,3,3,3,3,3,6),(0.,1.37474929386,2.74949860756,4.12424791028,5.49899721187,6.8737465206,7.77492514383),.UNSPECIFIED.) ;
#10118=B_SPLINE_CURVE_WITH_KNOTS('',5,(#10119,#10120,#10121,#10122,#10123,#10124,#10125,#10126,#10127,#10128,#10129,#10130,#10131,#10132,#10133,#10134,#10135,#10136,#10137,#10138,#10139),.UNSPECIFIED.,.F.,.U.,(6,3,3,3,3,3,6),(0.,1.37474929443,2.74949859198,4.12424789773,5.49899722532,6.87374653608,7.77492516005),.UNSPECIFIED.) ;
#10145=B_SPLINE_CURVE_WITH_KNOTS('',5,(#10146,#10147,#10148,#10149,#10150,#10151,#10152,#10153,#10154,#10155,#10156,#10157,#10158,#10159,#10160,#10161,#10162,#10163,#10164,#10165,#10166),.UNSPECIFIED.,.F.,.U.,(6,3,3,3,3,3,6),(0.,1.37474930795,2.74949861496,4.1242479204,5.49899721672,6.87374653385,7.77492513438),.UNSPECIFIED.) ;
#10172=B_SPLINE_CURVE_WITH_KNOTS('',5,(#10173,#10174,#10175,#10176,#10177,#10178,#10179,#10180,#10181,#10182,#10183,#10184,#10185,#10186,#10187,#10188,#10189,#10190,#10191,#10192,#10193),.UNSPECIFIED.,.F.,.U.,(6,3,3,3,3,3,6),(0.,1.37474930604,2.74949861162,4.12424791949,5.49899724284,6.87374654385,7.77492514976),.UNSPECIFIED.) ;
#10199=B_SPLINE_CURVE_WITH_KNOTS('',5,(#10200,#10201,#10202,#10203,#10204,#10205,#10206,#10207,#10208,#10209,#10210,#10211,#10212,#10213,#10214,#10215,#10216,#10217,#10218,#10219,#10220),.UNSPECIFIED.,.F.,.U.,(6,3,3,3,3,3,6),(0.,1.37474932052,2.74949863627,4.1242479396,5.49899724019,6.87374654666,7.77492512762),.UNSPECIFIED.) ;
#10226=B_SPLINE_CURVE_WITH_KNOTS('',5,(#10227,#10228,#10229,#10230,#10231,#10232,#10233,#10234,#10235,#10236,#10237,#10238,#10239,#10240,#10241,#10242,#10243,#10244,#10245,#10246,#10247),.UNSPECIFIED.,.F.,.U.,(6,3,3,3,3,3,6),(0.,1.37474930604,2.74949861162,4.12424791949,5.49899724284,6.87374654393,7.77492514984),.UNSPECIFIED.) ;
#10253=B_SPLINE_CURVE_WITH_KNOTS('',5,(#10254,#10255,#10256,#10257,#10258,#10259,#10260,#10261,#10262,#10263,#10264,#10265,#10266,#10267,#10268,#10269,#10270,#10271,#10272,#10273,#10274),.UNSPECIFIED.,.F.,.U.,(6,3,3,3,3,3,6),(0.,1.37474932052,2.74949863627,4.1242479396,5.49899724019,6.87374654666,7.77492512762),.UNSPECIFIED.) ;
#10280=B_SPLINE_CURVE_WITH_KNOTS('',5,(#10281,#10282,#10283,#10284,#10285,#10286,#10287,#10288,#10289,#10290,#10291,#10292,#10293,#10294,#10295,#10296,#10297,#10298,#10299,#10300,#10301),.UNSPECIFIED.,.F.,.U.,(6,3,3,3,3,3,6),(0.,1.37474929443,2.74949859198,4.12424789773,5.49899722532,6.873746536,7.77492515997),.UNSPECIFIED.) ;
#10307=B_SPLINE_CURVE_WITH_KNOTS('',5,(#10308,#10309,#10310,#10311,#10312,#10313,#10314,#10315,#10316,#10317,#10318,#10319,#10320,#10321,#10322,#10323,#10324,#10325,#10326,#10327,#10328),.UNSPECIFIED.,.F.,.U.,(6,3,3,3,3,3,6),(0.,1.37474930795,2.74949861496,4.1242479204,5.49899721672,6.87374653385,7.77492513438),.UNSPECIFIED.) ;
#10343=B_SPLINE_CURVE_WITH_KNOTS('',5,(#10344,#10345,#10346,#10347,#10348,#10349,#10350,#10351,#10352,#10353,#10354,#10355),.UNSPECIFIED.,.F.,.U.,(6,3,3,6),(0.,2.39995623343,4.79991246925,6.66422388331),.UNSPECIFIED.) ;
#10380=B_SPLINE_CURVE_WITH_KNOTS('',5,(#10381,#10382,#10383,#10384,#10385,#10386,#10387,#10388,#10389,#10390,#10391,#10392),.UNSPECIFIED.,.F.,.U.,(6,3,3,6),(0.,2.39995623982,4.79991246129,6.66422387038),.UNSPECIFIED.) ;
#10417=B_SPLINE_CURVE_WITH_KNOTS('',5,(#10418,#10419,#10420,#10421,#10422,#10423,#10424,#10425,#10426,#10427,#10428,#10429),.UNSPECIFIED.,.F.,.U.,(6,3,3,6),(0.,2.39995623499,4.79991247311,6.66422388428),.UNSPECIFIED.) ;
#10438=B_SPLINE_CURVE_WITH_KNOTS('',5,(#10439,#10440,#10441,#10442,#10443,#10444,#10445,#10446,#10447,#10448,#10449,#10450),.UNSPECIFIED.,.F.,.U.,(6,3,3,6),(0.,2.39995623604,4.79991248795,6.66422389259),.UNSPECIFIED.) ;
#10541=B_SPLINE_CURVE_WITH_KNOTS('',5,(#10542,#10543,#10544,#10545,#10546,#10547),.UNSPECIFIED.,.F.,.U.,(6,6),(-3.14159265359,3.14159265359),.UNSPECIFIED.) ;
#10594=B_SPLINE_CURVE_WITH_KNOTS('',5,(#10595,#10596,#10597,#10598,#10599,#10600),.UNSPECIFIED.,.F.,.U.,(6,6),(-3.14159265359,3.14159265359),.UNSPECIFIED.) ;
#11288=B_SPLINE_CURVE_WITH_KNOTS('',5,(#11289,#11290,#11291,#11292,#11293,#11294,#11295,#11296,#11297,#11298,#11299,#11300,#11301,#11302,#11303),.UNSPECIFIED.,.F.,.U.,(6,3,3,3,6),(0.,2.90193238976,5.80386477116,8.70579714482,9.74283941409),.UNSPECIFIED.) ;
#11316=B_SPLINE_CURVE_WITH_KNOTS('',5,(#11317,#11318,#11319,#11320,#11321,#11322,#11323,#11324,#11325,#11326,#11327,#11328,#11329,#11330,#11331),.UNSPECIFIED.,.F.,.U.,(6,3,3,3,6),(0.,2.9019323932,5.80386477742,8.70579715248,9.74283942176),.UNSPECIFIED.) ;
#11342=B_SPLINE_CURVE_WITH_KNOTS('',5,(#11343,#11344,#11345,#11346,#11347,#11348,#11349,#11350,#11351,#11352,#11353,#11354,#11355,#11356,#11357),.UNSPECIFIED.,.F.,.U.,(6,3,3,3,6),(0.,2.90193238712,5.80386477369,8.70579717942,9.7428394487),.UNSPECIFIED.) ;
#11368=B_SPLINE_CURVE_WITH_KNOTS('',5,(#11369,#11370,#11371,#11372,#11373,#11374,#11375,#11376,#11377,#11378,#11379,#11380,#11381,#11382,#11383),.UNSPECIFIED.,.F.,.U.,(6,3,3,3,6),(0.,2.90193238377,5.80386476741,8.70579717167,9.74283944095),.UNSPECIFIED.) ;
#11419=B_SPLINE_CURVE_WITH_KNOTS('',5,(#11420,#11421,#11422,#11423,#11424,#11425,#11426,#11427,#11428,#11429,#11430,#11431,#11432,#11433,#11434),.UNSPECIFIED.,.F.,.U.,(6,3,3,3,6),(0.,2.88997255371,5.77994512273,8.66991770337,9.66275942049),.UNSPECIFIED.) ;
#11447=B_SPLINE_CURVE_WITH_KNOTS('',5,(#11448,#11449,#11450,#11451,#11452,#11453,#11454,#11455,#11456,#11457,#11458,#11459,#11460,#11461,#11462),.UNSPECIFIED.,.F.,.U.,(6,3,3,3,6),(0.,2.8899725572,5.77994510643,8.66991767694,9.66275939406),.UNSPECIFIED.) ;
#11473=B_SPLINE_CURVE_WITH_KNOTS('',5,(#11474,#11475,#11476,#11477,#11478,#11479,#11480,#11481,#11482,#11483,#11484,#11485,#11486,#11487,#11488),.UNSPECIFIED.,.F.,.U.,(6,3,3,3,6),(0.,2.88997255102,5.77994508335,8.66991762997,9.66275934698),.UNSPECIFIED.) ;
#11499=B_SPLINE_CURVE_WITH_KNOTS('',5,(#11500,#11501,#11502,#11503,#11504,#11505,#11506,#11507,#11508,#11509,#11510,#11511,#11512,#11513,#11514),.UNSPECIFIED.,.F.,.U.,(6,3,3,3,6),(0.,2.88997254761,5.77994509975,8.66991765637,9.66275937338),.UNSPECIFIED.) ;
#13089=B_SPLINE_CURVE_WITH_KNOTS('',5,(#13090,#13091,#13092,#13093,#13094,#13095,#13096,#13097,#13098,#13099,#13100,#13101,#13102,#13103,#13104),.UNSPECIFIED.,.F.,.U.,(6,3,3,3,6),(0.,2.76778558231,5.53557116412,8.30335674024,8.86334818753),.UNSPECIFIED.) ;
#13115=B_SPLINE_CURVE_WITH_KNOTS('',5,(#13116,#13117,#13118,#13119,#13120,#13121,#13122,#13123,#13124,#13125,#13126,#13127,#13128,#13129,#13130),.UNSPECIFIED.,.F.,.U.,(6,3,3,3,6),(0.,2.76778558238,5.53557116419,8.30335674033,8.86334818763),.UNSPECIFIED.) ;
#13141=B_SPLINE_CURVE_WITH_KNOTS('',5,(#13142,#13143,#13144,#13145,#13146,#13147,#13148,#13149,#13150,#13151,#13152,#13153,#13154,#13155,#13156),.UNSPECIFIED.,.F.,.U.,(6,3,3,3,6),(0.,2.76778558246,5.53557116418,8.30335674029,8.86334818759),.UNSPECIFIED.) ;
#13167=B_SPLINE_CURVE_WITH_KNOTS('',5,(#13168,#13169,#13170,#13171,#13172,#13173,#13174,#13175,#13176,#13177,#13178,#13179,#13180,#13181,#13182),.UNSPECIFIED.,.F.,.U.,(6,3,3,3,6),(0.,2.76778558241,5.53557116422,8.30335674031,8.8633481876),.UNSPECIFIED.) ;
#13194=B_SPLINE_CURVE_WITH_KNOTS('',5,(#13195,#13196,#13197,#13198,#13199,#13200,#13201,#13202,#13203,#13204,#13205,#13206,#13207,#13208,#13209,#13210,#13211,#13212,#13213,#13214,#13215),.UNSPECIFIED.,.F.,.U.,(6,3,3,3,3,3,6),(0.,2.34942163337,4.69884326718,7.04826490622,9.39768655145,11.7471081885,12.7716975864),.UNSPECIFIED.) ;
#13221=B_SPLINE_CURVE_WITH_KNOTS('',5,(#13222,#13223,#13224,#13225,#13226,#13227,#13228,#13229,#13230,#13231,#13232,#13233,#13234,#13235,#13236,#13237,#13238,#13239,#13240,#13241,#13242),.UNSPECIFIED.,.F.,.U.,(6,3,3,3,3,3,6),(0.,2.34942163337,4.69884326718,7.04826490622,9.39768655145,11.7471081885,12.7716975864),.UNSPECIFIED.) ;
#13248=B_SPLINE_CURVE_WITH_KNOTS('',5,(#13249,#13250,#13251,#13252,#13253,#13254,#13255,#13256,#13257,#13258,#13259,#13260,#13261,#13262,#13263,#13264,#13265,#13266,#13267,#13268,#13269),.UNSPECIFIED.,.F.,.U.,(6,3,3,3,3,3,6),(0.,2.34942164435,4.69884327003,7.04826490747,9.3976865478,11.747108175,12.7716975729),.UNSPECIFIED.) ;
#13275=B_SPLINE_CURVE_WITH_KNOTS('',5,(#13276,#13277,#13278,#13279,#13280,#13281,#13282,#13283,#13284,#13285,#13286,#13287,#13288,#13289,#13290,#13291,#13292,#13293,#13294,#13295,#13296),.UNSPECIFIED.,.F.,.U.,(6,3,3,3,3,3,6),(0.,2.34942164436,4.69884327016,7.04826490766,9.39768654789,11.7471081751,12.771697573),.UNSPECIFIED.) ;
#13302=B_SPLINE_CURVE_WITH_KNOTS('',5,(#13303,#13304,#13305,#13306,#13307,#13308,#13309,#13310,#13311,#13312,#13313,#13314,#13315,#13316,#13317,#13318,#13319,#13320,#13321,#13322,#13323),.UNSPECIFIED.,.F.,.U.,(6,3,3,3,3,3,6),(0.,2.34942163336,4.6988432671,7.04826490613,9.39768655146,11.7471081885,12.7716975864),.UNSPECIFIED.) ;
#13329=B_SPLINE_CURVE_WITH_KNOTS('',5,(#13330,#13331,#13332,#13333,#13334,#13335,#13336,#13337,#13338,#13339,#13340,#13341,#13342,#13343,#13344,#13345,#13346,#13347,#13348,#13349,#13350),.UNSPECIFIED.,.F.,.U.,(6,3,3,3,3,3,6),(0.,2.34942164436,4.69884327016,7.04826490766,9.39768654789,11.7471081751,12.771697573),.UNSPECIFIED.) ;
#13356=B_SPLINE_CURVE_WITH_KNOTS('',5,(#13357,#13358,#13359,#13360,#13361,#13362,#13363,#13364,#13365,#13366,#13367,#13368,#13369,#13370,#13371,#13372,#13373,#13374,#13375,#13376,#13377),.UNSPECIFIED.,.F.,.U.,(6,3,3,3,3,3,6),(0.,2.34942163336,4.6988432671,7.04826490613,9.39768655146,11.7471081885,12.7716975864),.UNSPECIFIED.) ;
#13790=B_SPLINE_CURVE_WITH_KNOTS('',5,(#13791,#13792,#13793,#13794,#13795,#13796,#13797,#13798,#13799),.UNSPECIFIED.,.F.,.U.,(6,3,6),(-2.74889357189,0.,2.74889357189),.UNSPECIFIED.) ;
#14032=B_SPLINE_CURVE_WITH_KNOTS('',5,(#14033,#14034,#14035,#14036,#14037,#14038,#14039,#14040,#14041),.UNSPECIFIED.,.F.,.U.,(6,3,6),(0.,1.61950854527,3.11296442222),.UNSPECIFIED.) ;
#14086=B_SPLINE_CURVE_WITH_KNOTS('',5,(#14087,#14088,#14089,#14090,#14091,#14092,#14093,#14094,#14095),.UNSPECIFIED.,.F.,.U.,(6,3,6),(0.,0.608749388687,0.769152499407),.UNSPECIFIED.) ;
#14099=B_SPLINE_CURVE_WITH_KNOTS('',5,(#14100,#14101,#14102,#14103,#14104,#14105,#14106,#14107,#14108),.UNSPECIFIED.,.F.,.U.,(6,3,6),(0.769152499407,1.21749877856,1.53773095813),.UNSPECIFIED.) ;
#14126=B_SPLINE_CURVE_WITH_KNOTS('',5,(#14127,#14128,#14129,#14130,#14131,#14132,#14133,#14134,#14135,#14136,#14137,#14138),.UNSPECIFIED.,.F.,.U.,(6,3,3,6),(0.,0.608749388687,1.21749877856,1.53773095813),.UNSPECIFIED.) ;
#14147=B_SPLINE_CURVE_WITH_KNOTS('',5,(#14148,#14149,#14150,#14151,#14152,#14153,#14154,#14155,#14156),.UNSPECIFIED.,.F.,.U.,(6,3,6),(0.,0.608749388687,0.769152499407),.UNSPECIFIED.) ;
#14160=B_SPLINE_CURVE_WITH_KNOTS('',5,(#14161,#14162,#14163,#14164,#14165,#14166,#14167,#14168,#14169),.UNSPECIFIED.,.F.,.U.,(6,3,6),(0.769152499407,1.21749877856,1.53773095813),.UNSPECIFIED.) ;
#14187=B_SPLINE_CURVE_WITH_KNOTS('',5,(#14188,#14189,#14190,#14191,#14192,#14193,#14194,#14195,#14196,#14197,#14198,#14199),.UNSPECIFIED.,.F.,.U.,(6,3,3,6),(0.,0.608749388687,1.21749877856,1.53773095813),.UNSPECIFIED.) ;
#14231=B_SPLINE_CURVE_WITH_KNOTS('',4,(#14232,#14233,#14234,#14235,#14236),.UNSPECIFIED.,.F.,.U.,(5,5),(0.,19.0823317555),.UNSPECIFIED.) ;
#14240=B_SPLINE_CURVE_WITH_KNOTS('',4,(#14241,#14242,#14243,#14244,#14245),.UNSPECIFIED.,.F.,.U.,(5,5),(0.,17.5816196678),.UNSPECIFIED.) ;
#14302=B_SPLINE_CURVE_WITH_KNOTS('',5,(#14303,#14304,#14305,#14306,#14307,#14308,#14309,#14310,#14311),.UNSPECIFIED.,.F.,.U.,(6,3,6),(0.,1.15342660819,1.44167682626),.UNSPECIFIED.) ;
#14329=B_SPLINE_CURVE_WITH_KNOTS('',5,(#14330,#14331,#14332,#14333,#14334,#14335),.UNSPECIFIED.,.F.,.U.,(6,6),(0.,0.720890131753),.UNSPECIFIED.) ;
#14339=B_SPLINE_CURVE_WITH_KNOTS('',5,(#14340,#14341,#14342,#14343,#14344,#14345,#14346,#14347,#14348),.UNSPECIFIED.,.F.,.U.,(6,3,6),(0.720890131753,1.15342660819,1.44167682626),.UNSPECIFIED.) ;
#14371=B_SPLINE_CURVE_WITH_KNOTS('',5,(#14372,#14373,#14374,#14375,#14376,#14377),.UNSPECIFIED.,.F.,.U.,(6,6),(0.,0.720890131754),.UNSPECIFIED.) ;
#14381=B_SPLINE_CURVE_WITH_KNOTS('',5,(#14382,#14383,#14384,#14385,#14386,#14387,#14388,#14389,#14390),.UNSPECIFIED.,.F.,.U.,(6,3,6),(0.720890131754,1.15342660819,1.44167682626),.UNSPECIFIED.) ;
#14415=B_SPLINE_CURVE_WITH_KNOTS('',5,(#14416,#14417,#14418,#14419,#14420,#14421),.UNSPECIFIED.,.F.,.U.,(6,6),(0.,1.80950992234),.UNSPECIFIED.) ;
#14425=B_SPLINE_CURVE_WITH_KNOTS('',5,(#14426,#14427,#14428,#14429,#14430,#14431),.UNSPECIFIED.,.F.,.U.,(6,6),(0.,1.30295270758),.UNSPECIFIED.) ;
#14452=B_SPLINE_CURVE_WITH_KNOTS('',5,(#14453,#14454,#14455,#14456,#14457,#14458),.UNSPECIFIED.,.F.,.U.,(6,6),(0.,1.80950991576),.UNSPECIFIED.) ;
#14462=B_SPLINE_CURVE_WITH_KNOTS('',5,(#14463,#14464,#14465,#14466,#14467,#14468),.UNSPECIFIED.,.F.,.U.,(6,6),(0.,1.30295270758),.UNSPECIFIED.) ;
#14503=B_SPLINE_CURVE_WITH_KNOTS('',5,(#14504,#14505,#14506,#14507,#14508,#14509,#14510,#14511,#14512),.UNSPECIFIED.,.F.,.U.,(6,3,6),(0.,30.1735233868,36.8983056443),.UNSPECIFIED.) ;
#14578=B_SPLINE_CURVE_WITH_KNOTS('',5,(#14579,#14580,#14581,#14582,#14583,#14584,#14585,#14586,#14587),.UNSPECIFIED.,.F.,.U.,(6,3,6),(0.,30.1735233852,36.8983056426),.UNSPECIFIED.) ;
#14620=B_SPLINE_CURVE_WITH_KNOTS('',5,(#14621,#14622,#14623,#14624,#14625,#14626),.UNSPECIFIED.,.F.,.U.,(6,6),(0.,1.80950991576),.UNSPECIFIED.) ;
#14630=B_SPLINE_CURVE_WITH_KNOTS('',5,(#14631,#14632,#14633,#14634,#14635,#14636),.UNSPECIFIED.,.F.,.U.,(6,6),(0.,1.30295270758),.UNSPECIFIED.) ;
#14652=B_SPLINE_CURVE_WITH_KNOTS('',5,(#14653,#14654,#14655,#14656,#14657,#14658,#14659,#14660,#14661),.UNSPECIFIED.,.F.,.U.,(6,3,6),(0.,30.1735224935,36.898304751),.UNSPECIFIED.) ;
#38=MANIFOLD_SOLID_BREP('Solid1',#47) ;
#8535=MANIFOLD_SOLID_BREP('Solid1',#8537) ;
#9513=MANIFOLD_SOLID_BREP('Solid1',#9515) ;
#13024=MANIFOLD_SOLID_BREP('Solid1',#13026) ;
#14015=MANIFOLD_SOLID_BREP('Solid1',#14017) ;
#56=CIRCLE('generated circle',#55,1.78) ;
#72=CIRCLE('generated circle',#71,1.78) ;
#144=CIRCLE('generated circle',#143,0.639999996753) ;
#151=CIRCLE('generated circle',#150,1.7800000295) ;
#158=CIRCLE('generated circle',#157,0.639999996753) ;
#181=CIRCLE('generated circle',#180,0.639999996753) ;
#186=CIRCLE('generated circle',#185,0.639999996753) ;
#209=CIRCLE('generated circle',#208,0.639999996753) ;
#216=CIRCLE('generated circle',#215,1.7800000295) ;
#223=CIRCLE('generated circle',#222,0.639999996753) ;
#272=CIRCLE('generated circle',#271,0.999999990888) ;
#580=CIRCLE('generated circle',#579,1.00000000736) ;
#600=CIRCLE('generated circle',#599,1.27000000367) ;
#673=CIRCLE('generated circle',#672,0.640000014506) ;
#696=CIRCLE('generated circle',#695,0.63999999747) ;
#703=CIRCLE('generated circle',#702,1.77999999416) ;
#710=CIRCLE('generated circle',#709,1.77999999416) ;
#717=CIRCLE('generated circle',#716,0.63999999747) ;
#740=CIRCLE('generated circle',#739,0.640000005988) ;
#747=CIRCLE('generated circle',#746,1.78000000083) ;
#754=CIRCLE('generated circle',#753,1.78000000083) ;
#761=CIRCLE('generated circle',#760,0.640000004326) ;
#784=CIRCLE('generated circle',#783,0.640000004326) ;
#791=CIRCLE('generated circle',#790,1.77999999416) ;
#798=CIRCLE('generated circle',#797,1.77999999416) ;
#805=CIRCLE('generated circle',#804,0.639999914828) ;
#858=CIRCLE('generated circle',#857,0.639999998843) ;
#872=CIRCLE('generated circle',#871,3.99999999992) ;
#1096=CIRCLE('generated circle',#1095,3.99999999992) ;
#1180=CIRCLE('generated circle',#1179,3.99999999992) ;
#1404=CIRCLE('generated circle',#1403,3.99999999992) ;
#1418=CIRCLE('generated circle',#1417,0.639999998843) ;
#1471=CIRCLE('generated circle',#1470,0.639999914828) ;
#1478=CIRCLE('generated circle',#1477,1.77999999416) ;
#1485=CIRCLE('generated circle',#1484,1.77999999416) ;
#1492=CIRCLE('generated circle',#1491,0.640000004326) ;
#1515=CIRCLE('generated circle',#1514,0.640000004326) ;
#1522=CIRCLE('generated circle',#1521,1.78000000083) ;
#1529=CIRCLE('generated circle',#1528,1.78000000083) ;
#1536=CIRCLE('generated circle',#1535,0.640000005988) ;
#1559=CIRCLE('generated circle',#1558,0.63999999747) ;
#1566=CIRCLE('generated circle',#1565,1.77999999416) ;
#1573=CIRCLE('generated circle',#1572,1.77999999416) ;
#1580=CIRCLE('generated circle',#1579,0.63999999747) ;
#1603=CIRCLE('generated circle',#1602,0.640000014506) ;
#1676=CIRCLE('generated circle',#1675,1.27000000367) ;
#1696=CIRCLE('generated circle',#1695,1.00000000736) ;
#2004=CIRCLE('generated circle',#2003,0.999999990888) ;
#2053=CIRCLE('generated circle',#2052,0.639999996753) ;
#2060=CIRCLE('generated circle',#2059,1.7800000295) ;
#2067=CIRCLE('generated circle',#2066,0.639999996753) ;
#2090=CIRCLE('generated circle',#2089,0.639999996753) ;
#2097=CIRCLE('generated circle',#2096,1.7800000295) ;
#2104=CIRCLE('generated circle',#2103,0.639999996753) ;
#2127=CIRCLE('generated circle',#2126,0.639999996753) ;
#2134=CIRCLE('generated circle',#2133,1.7800000295) ;
#2141=CIRCLE('generated circle',#2140,0.639999996753) ;
#2193=CIRCLE('generated circle',#2192,0.999999999981) ;
#2207=CIRCLE('generated circle',#2206,0.999999999981) ;
#2457=CIRCLE('generated circle',#2456,0.64) ;
#2475=CIRCLE('generated circle',#2474,0.999999999302) ;
#2543=CIRCLE('generated circle',#2542,0.999999999302) ;
#2550=CIRCLE('generated circle',#2549,0.320000000579) ;
#2593=CIRCLE('generated circle',#2592,0.320000007588) ;
#2636=CIRCLE('generated circle',#2635,0.320000007588) ;
#2679=CIRCLE('generated circle',#2678,0.320000005031) ;
#2693=CIRCLE('generated circle',#2692,1.00000000013) ;
#3027=CIRCLE('generated circle',#3026,3.48000001335) ;
#3054=CIRCLE('generated circle',#3053,0.24999999761) ;
#3068=CIRCLE('generated circle',#3067,0.24999999761) ;
#3082=CIRCLE('generated circle',#3081,0.399999989873) ;
#3102=CIRCLE('generated circle',#3101,0.319999993381) ;
#3155=CIRCLE('generated circle',#3154,0.319999993381) ;
#3208=CIRCLE('generated circle',#3207,0.319999993381) ;
#3258=CIRCLE('generated circle',#3257,0.640000002443) ;
#3272=CIRCLE('generated circle',#3271,0.989999999949) ;
#3335=CIRCLE('generated circle',#3334,0.299999999814) ;
#3349=CIRCLE('generated circle',#3348,0.300000000745) ;
#3363=CIRCLE('generated circle',#3362,0.300000000745) ;
#3377=CIRCLE('generated circle',#3376,0.300000000745) ;
#3391=CIRCLE('generated circle',#3390,0.299999999814) ;
#3405=CIRCLE('generated circle',#3404,0.299999999814) ;
#3445=CIRCLE('generated circle',#3444,0.299999999814) ;
#3459=CIRCLE('generated circle',#3458,0.299999999814) ;
#3499=CIRCLE('generated circle',#3498,0.299999999814) ;
#3513=CIRCLE('generated circle',#3512,0.299999999814) ;
#3527=CIRCLE('generated circle',#3526,0.300000000745) ;
#3541=CIRCLE('generated circle',#3540,0.300000000745) ;
#3555=CIRCLE('generated circle',#3554,0.300000000745) ;
#3569=CIRCLE('generated circle',#3568,0.299999999814) ;
#3632=CIRCLE('generated circle',#3631,0.989999999949) ;
#3646=CIRCLE('generated circle',#3645,0.640000002443) ;
#3696=CIRCLE('generated circle',#3695,0.319999993381) ;
#3749=CIRCLE('generated circle',#3748,0.319999993381) ;
#3802=CIRCLE('generated circle',#3801,0.319999993381) ;
#3822=CIRCLE('generated circle',#3821,0.399999989873) ;
#3836=CIRCLE('generated circle',#3835,0.24999999761) ;
#3850=CIRCLE('generated circle',#3849,0.24999999761) ;
#3877=CIRCLE('generated circle',#3876,3.48000001335) ;
#4211=CIRCLE('generated circle',#4210,1.00000000013) ;
#4225=CIRCLE('generated circle',#4224,0.320000005031) ;
#4268=CIRCLE('generated circle',#4267,0.320000007588) ;
#4286=CIRCLE('generated circle',#4285,0.320000007588) ;
#4329=CIRCLE('generated circle',#4328,0.320000000579) ;
#8546=CIRCLE('generated circle',#8545,0.5) ;
#8562=CIRCLE('generated circle',#8561,0.5) ;
#8594=CIRCLE('generated circle',#8593,0.50000000158) ;
#8680=CIRCLE('generated circle',#8679,0.50000000158) ;
#8694=CIRCLE('generated circle',#8693,0.640000002023) ;
#8708=CIRCLE('generated circle',#8707,0.640000002023) ;
#8722=CIRCLE('generated circle',#8721,0.499999998401) ;
#8887=CIRCLE('generated circle',#8886,0.999999996801) ;
#8901=CIRCLE('generated circle',#8900,0.50000000158) ;
#8915=CIRCLE('generated circle',#8914,0.50000000158) ;
#9021=CIRCLE('generated circle',#9020,0.50000000158) ;
#9035=CIRCLE('generated circle',#9034,0.50000000158) ;
#9049=CIRCLE('generated circle',#9048,0.999999999981) ;
#9909=CIRCLE('generated circle',#9908,2.99999999994) ;
#9937=CIRCLE('generated circle',#9936,2.99999999676) ;
#9965=CIRCLE('generated circle',#9964,2.99999999994) ;
#9993=CIRCLE('generated circle',#9992,3.00000000312) ;
#10055=CIRCLE('generated circle',#10054,3.99999999992) ;
#10071=CIRCLE('generated circle',#10070,3.99999999992) ;
#10085=CIRCLE('generated circle',#10084,3.99999999992) ;
#10099=CIRCLE('generated circle',#10098,3.99999999992) ;
#10650=CIRCLE('generated circle',#10649,4.) ;
#10700=CIRCLE('generated circle',#10699,4.) ;
#11105=CIRCLE('generated circle',#11104,4.) ;
#11155=CIRCLE('generated circle',#11154,4.) ;
#11205=CIRCLE('generated circle',#11204,4.) ;
#11255=CIRCLE('generated circle',#11254,4.) ;
#11553=CIRCLE('generated circle',#11552,0.2) ;
#11562=CIRCLE('generated circle',#11561,0.2) ;
#11567=CIRCLE('generated circle',#11566,0.2) ;
#11574=CIRCLE('generated circle',#11573,0.2) ;
#11581=CIRCLE('generated circle',#11580,4.5589377202) ;
#11608=CIRCLE('generated circle',#11607,0.2) ;
#11626=CIRCLE('generated circle',#11625,0.2) ;
#11635=CIRCLE('generated circle',#11634,0.2) ;
#11640=CIRCLE('generated circle',#11639,0.2) ;
#11647=CIRCLE('generated circle',#11646,4.5589377202) ;
#11674=CIRCLE('generated circle',#11673,0.2) ;
#11692=CIRCLE('generated circle',#11691,0.2) ;
#11699=CIRCLE('generated circle',#11698,4.5589377202) ;
#11706=CIRCLE('generated circle',#11705,0.2) ;
#11713=CIRCLE('generated circle',#11712,0.2) ;
#11740=CIRCLE('generated circle',#11739,0.2) ;
#11758=CIRCLE('generated circle',#11757,0.2) ;
#11765=CIRCLE('generated circle',#11764,4.5589377202) ;
#11772=CIRCLE('generated circle',#11771,0.2) ;
#11779=CIRCLE('generated circle',#11778,0.2) ;
#11817=CIRCLE('generated circle',#11816,0.2) ;
#11824=CIRCLE('generated circle',#11823,0.2) ;
#11831=CIRCLE('generated circle',#11830,4.54219901184) ;
#11838=CIRCLE('generated circle',#11837,0.2) ;
#11845=CIRCLE('generated circle',#11844,0.2) ;
#11872=CIRCLE('generated circle',#11871,0.2) ;
#11890=CIRCLE('generated circle',#11889,0.2) ;
#11899=CIRCLE('generated circle',#11898,0.2) ;
#11904=CIRCLE('generated circle',#11903,0.2) ;
#11911=CIRCLE('generated circle',#11910,4.54219901184) ;
#11938=CIRCLE('generated circle',#11937,0.2) ;
#11956=CIRCLE('generated circle',#11955,0.2) ;
#11965=CIRCLE('generated circle',#11964,0.2) ;
#11970=CIRCLE('generated circle',#11969,0.2) ;
#11977=CIRCLE('generated circle',#11976,4.54219901184) ;
#12004=CIRCLE('generated circle',#12003,0.2) ;
#12022=CIRCLE('generated circle',#12021,0.2) ;
#12029=CIRCLE('generated circle',#12028,4.54219901184) ;
#12036=CIRCLE('generated circle',#12035,0.2) ;
#12043=CIRCLE('generated circle',#12042,0.2) ;
#12557=CIRCLE('generated circle',#12556,5.49956022683) ;
#12562=CIRCLE('generated circle',#12561,0.2) ;
#12569=CIRCLE('generated circle',#12568,0.2) ;
#12574=CIRCLE('generated circle',#12573,0.2) ;
#12581=CIRCLE('generated circle',#12580,0.2) ;
#12619=CIRCLE('generated circle',#12618,5.49956022683) ;
#12624=CIRCLE('generated circle',#12623,0.2) ;
#12631=CIRCLE('generated circle',#12630,0.2) ;
#12636=CIRCLE('generated circle',#12635,0.2) ;
#12643=CIRCLE('generated circle',#12642,0.2) ;
#12663=CIRCLE('generated circle',#12662,5.49956022683) ;
#12672=CIRCLE('generated circle',#12671,0.2) ;
#12677=CIRCLE('generated circle',#12676,0.2) ;
#12713=CIRCLE('generated circle',#12712,5.49956022683) ;
#12722=CIRCLE('generated circle',#12721,0.2) ;
#12727=CIRCLE('generated circle',#12726,0.2) ;
#12810=CIRCLE('generated circle',#12809,0.2) ;
#12815=CIRCLE('generated circle',#12814,0.2) ;
#12851=CIRCLE('generated circle',#12850,0.2) ;
#12856=CIRCLE('generated circle',#12855,0.2) ;
#13035=CIRCLE('generated circle',#13034,2.8749999995) ;
#13051=CIRCLE('generated circle',#13050,1.7500000005) ;
#13393=CIRCLE('generated circle',#13392,1.7500000005) ;
#13411=CIRCLE('generated circle',#13410,1.75) ;
#13475=CIRCLE('generated circle',#13474,3.99) ;
#13525=CIRCLE('generated circle',#13524,3.99) ;
#13575=CIRCLE('generated circle',#13574,3.99) ;
#13625=CIRCLE('generated circle',#13624,3.99) ;
#13650=CIRCLE('generated circle',#13649,1.7500000005) ;
#13675=CIRCLE('generated circle',#13674,1.7500000005) ;
#13700=CIRCLE('generated circle',#13699,1.7500000005) ;
#13725=CIRCLE('generated circle',#13724,1.7500000005) ;
#13750=CIRCLE('generated circle',#13749,1.7500000005) ;
#13775=CIRCLE('generated circle',#13774,1.7500000005) ;
#13831=CIRCLE('generated circle',#13830,1.75) ;
#13840=CIRCLE('generated circle',#13839,1.75) ;
#13849=CIRCLE('generated circle',#13848,1.75) ;
#13858=CIRCLE('generated circle',#13857,1.75) ;
#13867=CIRCLE('generated circle',#13866,1.75) ;
#13876=CIRCLE('generated circle',#13875,1.75) ;
#14252=CIRCLE('generated circle',#14251,1.5) ;
#14271=CIRCLE('generated circle',#14270,2.75) ;
#14280=CIRCLE('generated circle',#14279,2.75) ;
#14707=CIRCLE('generated circle',#14706,1.75000000094) ;
#14725=CIRCLE('generated circle',#14724,1.75000000094) ;
#14750=CIRCLE('generated circle',#14749,1.75) ;
#14775=CIRCLE('generated circle',#14774,1.75) ;
#14807=CIRCLE('generated circle',#14806,1.25000000022) ;
#14825=CIRCLE('generated circle',#14824,1.25000000022) ;
#39=COLOUR_RGB('Colour',0.823529411765,0.823529411765,1.) ;
#88=COLOUR_RGB('Colour',0.752941176471,0.752941176471,0.752941176471) ;
#13067=COLOUR_RGB('Colour',0.847058823529,0.839215686275,0.839215686275) ;
#13031=CONICAL_SURFACE('Cone',#13030,2.3125,0.7853981625) ;
#13389=CONICAL_SURFACE('Cone',#13388,2.3125,0.7853981625) ;
#13639=CONICAL_SURFACE('Cone',#13638,2.3125,0.7853981625) ;
#13671=CONICAL_SURFACE('Cone',#13670,2.3125,0.7853981625) ;
#13689=CONICAL_SURFACE('Cone',#13688,2.3125,0.7853981625) ;
#13721=CONICAL_SURFACE('Cone',#13720,2.3125,0.7853981625) ;
#13739=CONICAL_SURFACE('Cone',#13738,2.3125,0.7853981625) ;
#13771=CONICAL_SURFACE('Cone',#13770,2.3125,0.7853981625) ;
#14230=CONICAL_SURFACE('Cone',#14229,1.5,0.34906585) ;
#14483=CONICAL_SURFACE('Cone',#14482,1.5,0.34906585) ;
#14502=CONICAL_SURFACE('Cone',#14501,1.5,0.34906585) ;
#14558=CONICAL_SURFACE('Cone',#14557,1.5,0.34906585) ;
#14577=CONICAL_SURFACE('Cone',#14576,1.5,0.34906585) ;
#14651=CONICAL_SURFACE('Cone',#14650,1.5,0.34906585) ;
#14689=CONICAL_SURFACE('Cone',#14688,2.75,0.7155849925) ;
#14721=CONICAL_SURFACE('Cone',#14720,2.75,0.7155849925) ;
#14789=CONICAL_SURFACE('Cone',#14788,1.5,0.7853981625) ;
#14821=CONICAL_SURFACE('Cone',#14820,1.5,0.7853981625) ;
#95=OVER_RIDING_STYLED_ITEM(' ',(#94),#87,#46) ;
#2441=OVER_RIDING_STYLED_ITEM(' ',(#94),#2440,#46) ;
#2466=OVER_RIDING_STYLED_ITEM(' ',(#94),#2465,#46) ;
#4556=OVER_RIDING_STYLED_ITEM(' ',(#94),#4555,#46) ;
#4574=OVER_RIDING_STYLED_ITEM(' ',(#94),#4573,#46) ;
#4597=OVER_RIDING_STYLED_ITEM(' ',(#94),#4596,#46) ;
#4615=OVER_RIDING_STYLED_ITEM(' ',(#94),#4614,#46) ;
#4633=OVER_RIDING_STYLED_ITEM(' ',(#94),#4632,#46) ;
#4651=OVER_RIDING_STYLED_ITEM(' ',(#94),#4650,#46) ;
#4669=OVER_RIDING_STYLED_ITEM(' ',(#94),#4668,#46) ;
#4682=OVER_RIDING_STYLED_ITEM(' ',(#94),#4681,#46) ;
#4700=OVER_RIDING_STYLED_ITEM(' ',(#94),#4699,#46) ;
#4718=OVER_RIDING_STYLED_ITEM(' ',(#94),#4717,#46) ;
#4736=OVER_RIDING_STYLED_ITEM(' ',(#94),#4735,#46) ;
#4754=OVER_RIDING_STYLED_ITEM(' ',(#94),#4753,#46) ;
#4772=OVER_RIDING_STYLED_ITEM(' ',(#94),#4771,#46) ;
#4790=OVER_RIDING_STYLED_ITEM(' ',(#94),#4789,#46) ;
#4808=OVER_RIDING_STYLED_ITEM(' ',(#94),#4807,#46) ;
#4826=OVER_RIDING_STYLED_ITEM(' ',(#94),#4825,#46) ;
#4844=OVER_RIDING_STYLED_ITEM(' ',(#94),#4843,#46) ;
#4862=OVER_RIDING_STYLED_ITEM(' ',(#94),#4861,#46) ;
#4880=OVER_RIDING_STYLED_ITEM(' ',(#94),#4879,#46) ;
#4898=OVER_RIDING_STYLED_ITEM(' ',(#94),#4897,#46) ;
#4916=OVER_RIDING_STYLED_ITEM(' ',(#94),#4915,#46) ;
#4934=OVER_RIDING_STYLED_ITEM(' ',(#94),#4933,#46) ;
#4952=OVER_RIDING_STYLED_ITEM(' ',(#94),#4951,#46) ;
#4970=OVER_RIDING_STYLED_ITEM(' ',(#94),#4969,#46) ;
#4988=OVER_RIDING_STYLED_ITEM(' ',(#94),#4987,#46) ;
#5006=OVER_RIDING_STYLED_ITEM(' ',(#94),#5005,#46) ;
#5024=OVER_RIDING_STYLED_ITEM(' ',(#94),#5023,#46) ;
#5042=OVER_RIDING_STYLED_ITEM(' ',(#94),#5041,#46) ;
#5060=OVER_RIDING_STYLED_ITEM(' ',(#94),#5059,#46) ;
#5078=OVER_RIDING_STYLED_ITEM(' ',(#94),#5077,#46) ;
#5096=OVER_RIDING_STYLED_ITEM(' ',(#94),#5095,#46) ;
#5114=OVER_RIDING_STYLED_ITEM(' ',(#94),#5113,#46) ;
#5132=OVER_RIDING_STYLED_ITEM(' ',(#94),#5131,#46) ;
#5150=OVER_RIDING_STYLED_ITEM(' ',(#94),#5149,#46) ;
#5168=OVER_RIDING_STYLED_ITEM(' ',(#94),#5167,#46) ;
#5186=OVER_RIDING_STYLED_ITEM(' ',(#94),#5185,#46) ;
#5204=OVER_RIDING_STYLED_ITEM(' ',(#94),#5203,#46) ;
#5222=OVER_RIDING_STYLED_ITEM(' ',(#94),#5221,#46) ;
#5240=OVER_RIDING_STYLED_ITEM(' ',(#94),#5239,#46) ;
#5258=OVER_RIDING_STYLED_ITEM(' ',(#94),#5257,#46) ;
#5276=OVER_RIDING_STYLED_ITEM(' ',(#94),#5275,#46) ;
#5294=OVER_RIDING_STYLED_ITEM(' ',(#94),#5293,#46) ;
#5312=OVER_RIDING_STYLED_ITEM(' ',(#94),#5311,#46) ;
#5330=OVER_RIDING_STYLED_ITEM(' ',(#94),#5329,#46) ;
#5348=OVER_RIDING_STYLED_ITEM(' ',(#94),#5347,#46) ;
#5366=OVER_RIDING_STYLED_ITEM(' ',(#94),#5365,#46) ;
#5384=OVER_RIDING_STYLED_ITEM(' ',(#94),#5383,#46) ;
#5402=OVER_RIDING_STYLED_ITEM(' ',(#94),#5401,#46) ;
#5420=OVER_RIDING_STYLED_ITEM(' ',(#94),#5419,#46) ;
#5438=OVER_RIDING_STYLED_ITEM(' ',(#94),#5437,#46) ;
#5456=OVER_RIDING_STYLED_ITEM(' ',(#94),#5455,#46) ;
#5474=OVER_RIDING_STYLED_ITEM(' ',(#94),#5473,#46) ;
#5492=OVER_RIDING_STYLED_ITEM(' ',(#94),#5491,#46) ;
#5510=OVER_RIDING_STYLED_ITEM(' ',(#94),#5509,#46) ;
#5528=OVER_RIDING_STYLED_ITEM(' ',(#94),#5527,#46) ;
#5546=OVER_RIDING_STYLED_ITEM(' ',(#94),#5545,#46) ;
#5564=OVER_RIDING_STYLED_ITEM(' ',(#94),#5563,#46) ;
#5582=OVER_RIDING_STYLED_ITEM(' ',(#94),#5581,#46) ;
#5600=OVER_RIDING_STYLED_ITEM(' ',(#94),#5599,#46) ;
#5618=OVER_RIDING_STYLED_ITEM(' ',(#94),#5617,#46) ;
#5636=OVER_RIDING_STYLED_ITEM(' ',(#94),#5635,#46) ;
#5654=OVER_RIDING_STYLED_ITEM(' ',(#94),#5653,#46) ;
#5672=OVER_RIDING_STYLED_ITEM(' ',(#94),#5671,#46) ;
#5690=OVER_RIDING_STYLED_ITEM(' ',(#94),#5689,#46) ;
#5708=OVER_RIDING_STYLED_ITEM(' ',(#94),#5707,#46) ;
#5726=OVER_RIDING_STYLED_ITEM(' ',(#94),#5725,#46) ;
#5744=OVER_RIDING_STYLED_ITEM(' ',(#94),#5743,#46) ;
#5762=OVER_RIDING_STYLED_ITEM(' ',(#94),#5761,#46) ;
#5780=OVER_RIDING_STYLED_ITEM(' ',(#94),#5779,#46) ;
#5798=OVER_RIDING_STYLED_ITEM(' ',(#94),#5797,#46) ;
#5816=OVER_RIDING_STYLED_ITEM(' ',(#94),#5815,#46) ;
#5834=OVER_RIDING_STYLED_ITEM(' ',(#94),#5833,#46) ;
#5852=OVER_RIDING_STYLED_ITEM(' ',(#94),#5851,#46) ;
#5870=OVER_RIDING_STYLED_ITEM(' ',(#94),#5869,#46) ;
#5888=OVER_RIDING_STYLED_ITEM(' ',(#94),#5887,#46) ;
#5906=OVER_RIDING_STYLED_ITEM(' ',(#94),#5905,#46) ;
#5924=OVER_RIDING_STYLED_ITEM(' ',(#94),#5923,#46) ;
#5942=OVER_RIDING_STYLED_ITEM(' ',(#94),#5941,#46) ;
#5960=OVER_RIDING_STYLED_ITEM(' ',(#94),#5959,#46) ;
#5978=OVER_RIDING_STYLED_ITEM(' ',(#94),#5977,#46) ;
#5996=OVER_RIDING_STYLED_ITEM(' ',(#94),#5995,#46) ;
#6014=OVER_RIDING_STYLED_ITEM(' ',(#94),#6013,#46) ;
#6032=OVER_RIDING_STYLED_ITEM(' ',(#94),#6031,#46) ;
#6050=OVER_RIDING_STYLED_ITEM(' ',(#94),#6049,#46) ;
#6068=OVER_RIDING_STYLED_ITEM(' ',(#94),#6067,#46) ;
#6086=OVER_RIDING_STYLED_ITEM(' ',(#94),#6085,#46) ;
#6104=OVER_RIDING_STYLED_ITEM(' ',(#94),#6103,#46) ;
#6122=OVER_RIDING_STYLED_ITEM(' ',(#94),#6121,#46) ;
#6140=OVER_RIDING_STYLED_ITEM(' ',(#94),#6139,#46) ;
#6158=OVER_RIDING_STYLED_ITEM(' ',(#94),#6157,#46) ;
#6176=OVER_RIDING_STYLED_ITEM(' ',(#94),#6175,#46) ;
#6194=OVER_RIDING_STYLED_ITEM(' ',(#94),#6193,#46) ;
#6212=OVER_RIDING_STYLED_ITEM(' ',(#94),#6211,#46) ;
#6230=OVER_RIDING_STYLED_ITEM(' ',(#94),#6229,#46) ;
#6248=OVER_RIDING_STYLED_ITEM(' ',(#94),#6247,#46) ;
#6266=OVER_RIDING_STYLED_ITEM(' ',(#94),#6265,#46) ;
#6284=OVER_RIDING_STYLED_ITEM(' ',(#94),#6283,#46) ;
#6302=OVER_RIDING_STYLED_ITEM(' ',(#94),#6301,#46) ;
#6320=OVER_RIDING_STYLED_ITEM(' ',(#94),#6319,#46) ;
#6338=OVER_RIDING_STYLED_ITEM(' ',(#94),#6337,#46) ;
#6356=OVER_RIDING_STYLED_ITEM(' ',(#94),#6355,#46) ;
#6374=OVER_RIDING_STYLED_ITEM(' ',(#94),#6373,#46) ;
#6392=OVER_RIDING_STYLED_ITEM(' ',(#94),#6391,#46) ;
#6410=OVER_RIDING_STYLED_ITEM(' ',(#94),#6409,#46) ;
#6428=OVER_RIDING_STYLED_ITEM(' ',(#94),#6427,#46) ;
#6446=OVER_RIDING_STYLED_ITEM(' ',(#94),#6445,#46) ;
#6464=OVER_RIDING_STYLED_ITEM(' ',(#94),#6463,#46) ;
#6482=OVER_RIDING_STYLED_ITEM(' ',(#94),#6481,#46) ;
#6500=OVER_RIDING_STYLED_ITEM(' ',(#94),#6499,#46) ;
#6518=OVER_RIDING_STYLED_ITEM(' ',(#94),#6517,#46) ;
#6536=OVER_RIDING_STYLED_ITEM(' ',(#94),#6535,#46) ;
#6554=OVER_RIDING_STYLED_ITEM(' ',(#94),#6553,#46) ;
#6572=OVER_RIDING_STYLED_ITEM(' ',(#94),#6571,#46) ;
#6590=OVER_RIDING_STYLED_ITEM(' ',(#94),#6589,#46) ;
#6608=OVER_RIDING_STYLED_ITEM(' ',(#94),#6607,#46) ;
#6626=OVER_RIDING_STYLED_ITEM(' ',(#94),#6625,#46) ;
#6644=OVER_RIDING_STYLED_ITEM(' ',(#94),#6643,#46) ;
#6662=OVER_RIDING_STYLED_ITEM(' ',(#94),#6661,#46) ;
#6680=OVER_RIDING_STYLED_ITEM(' ',(#94),#6679,#46) ;
#6698=OVER_RIDING_STYLED_ITEM(' ',(#94),#6697,#46) ;
#6716=OVER_RIDING_STYLED_ITEM(' ',(#94),#6715,#46) ;
#6734=OVER_RIDING_STYLED_ITEM(' ',(#94),#6733,#46) ;
#6752=OVER_RIDING_STYLED_ITEM(' ',(#94),#6751,#46) ;
#6770=OVER_RIDING_STYLED_ITEM(' ',(#94),#6769,#46) ;
#6788=OVER_RIDING_STYLED_ITEM(' ',(#94),#6787,#46) ;
#6806=OVER_RIDING_STYLED_ITEM(' ',(#94),#6805,#46) ;
#6824=OVER_RIDING_STYLED_ITEM(' ',(#94),#6823,#46) ;
#6842=OVER_RIDING_STYLED_ITEM(' ',(#94),#6841,#46) ;
#6860=OVER_RIDING_STYLED_ITEM(' ',(#94),#6859,#46) ;
#6878=OVER_RIDING_STYLED_ITEM(' ',(#94),#6877,#46) ;
#6896=OVER_RIDING_STYLED_ITEM(' ',(#94),#6895,#46) ;
#6914=OVER_RIDING_STYLED_ITEM(' ',(#94),#6913,#46) ;
#6932=OVER_RIDING_STYLED_ITEM(' ',(#94),#6931,#46) ;
#6950=OVER_RIDING_STYLED_ITEM(' ',(#94),#6949,#46) ;
#6968=OVER_RIDING_STYLED_ITEM(' ',(#94),#6967,#46) ;
#6986=OVER_RIDING_STYLED_ITEM(' ',(#94),#6985,#46) ;
#7004=OVER_RIDING_STYLED_ITEM(' ',(#94),#7003,#46) ;
#7022=OVER_RIDING_STYLED_ITEM(' ',(#94),#7021,#46) ;
#7040=OVER_RIDING_STYLED_ITEM(' ',(#94),#7039,#46) ;
#7058=OVER_RIDING_STYLED_ITEM(' ',(#94),#7057,#46) ;
#7076=OVER_RIDING_STYLED_ITEM(' ',(#94),#7075,#46) ;
#7094=OVER_RIDING_STYLED_ITEM(' ',(#94),#7093,#46) ;
#7112=OVER_RIDING_STYLED_ITEM(' ',(#94),#7111,#46) ;
#7130=OVER_RIDING_STYLED_ITEM(' ',(#94),#7129,#46) ;
#7148=OVER_RIDING_STYLED_ITEM(' ',(#94),#7147,#46) ;
#7166=OVER_RIDING_STYLED_ITEM(' ',(#94),#7165,#46) ;
#7184=OVER_RIDING_STYLED_ITEM(' ',(#94),#7183,#46) ;
#7202=OVER_RIDING_STYLED_ITEM(' ',(#94),#7201,#46) ;
#7220=OVER_RIDING_STYLED_ITEM(' ',(#94),#7219,#46) ;
#7238=OVER_RIDING_STYLED_ITEM(' ',(#94),#7237,#46) ;
#7256=OVER_RIDING_STYLED_ITEM(' ',(#94),#7255,#46) ;
#7274=OVER_RIDING_STYLED_ITEM(' ',(#94),#7273,#46) ;
#7292=OVER_RIDING_STYLED_ITEM(' ',(#94),#7291,#46) ;
#7310=OVER_RIDING_STYLED_ITEM(' ',(#94),#7309,#46) ;
#7328=OVER_RIDING_STYLED_ITEM(' ',(#94),#7327,#46) ;
#7346=OVER_RIDING_STYLED_ITEM(' ',(#94),#7345,#46) ;
#7364=OVER_RIDING_STYLED_ITEM(' ',(#94),#7363,#46) ;
#7382=OVER_RIDING_STYLED_ITEM(' ',(#94),#7381,#46) ;
#7400=OVER_RIDING_STYLED_ITEM(' ',(#94),#7399,#46) ;
#7418=OVER_RIDING_STYLED_ITEM(' ',(#94),#7417,#46) ;
#7436=OVER_RIDING_STYLED_ITEM(' ',(#94),#7435,#46) ;
#7454=OVER_RIDING_STYLED_ITEM(' ',(#94),#7453,#46) ;
#7472=OVER_RIDING_STYLED_ITEM(' ',(#94),#7471,#46) ;
#7490=OVER_RIDING_STYLED_ITEM(' ',(#94),#7489,#46) ;
#7508=OVER_RIDING_STYLED_ITEM(' ',(#94),#7507,#46) ;
#7526=OVER_RIDING_STYLED_ITEM(' ',(#94),#7525,#46) ;
#7544=OVER_RIDING_STYLED_ITEM(' ',(#94),#7543,#46) ;
#7562=OVER_RIDING_STYLED_ITEM(' ',(#94),#7561,#46) ;
#7580=OVER_RIDING_STYLED_ITEM(' ',(#94),#7579,#46) ;
#7598=OVER_RIDING_STYLED_ITEM(' ',(#94),#7597,#46) ;
#7616=OVER_RIDING_STYLED_ITEM(' ',(#94),#7615,#46) ;
#7634=OVER_RIDING_STYLED_ITEM(' ',(#94),#7633,#46) ;
#7652=OVER_RIDING_STYLED_ITEM(' ',(#94),#7651,#46) ;
#7670=OVER_RIDING_STYLED_ITEM(' ',(#94),#7669,#46) ;
#7688=OVER_RIDING_STYLED_ITEM(' ',(#94),#7687,#46) ;
#7706=OVER_RIDING_STYLED_ITEM(' ',(#94),#7705,#46) ;
#7724=OVER_RIDING_STYLED_ITEM(' ',(#94),#7723,#46) ;
#7742=OVER_RIDING_STYLED_ITEM(' ',(#94),#7741,#46) ;
#7760=OVER_RIDING_STYLED_ITEM(' ',(#94),#7759,#46) ;
#7778=OVER_RIDING_STYLED_ITEM(' ',(#94),#7777,#46) ;
#7796=OVER_RIDING_STYLED_ITEM(' ',(#94),#7795,#46) ;
#7814=OVER_RIDING_STYLED_ITEM(' ',(#94),#7813,#46) ;
#7832=OVER_RIDING_STYLED_ITEM(' ',(#94),#7831,#46) ;
#7850=OVER_RIDING_STYLED_ITEM(' ',(#94),#7849,#46) ;
#7868=OVER_RIDING_STYLED_ITEM(' ',(#94),#7867,#46) ;
#7886=OVER_RIDING_STYLED_ITEM(' ',(#94),#7885,#46) ;
#7904=OVER_RIDING_STYLED_ITEM(' ',(#94),#7903,#46) ;
#7922=OVER_RIDING_STYLED_ITEM(' ',(#94),#7921,#46) ;
#7940=OVER_RIDING_STYLED_ITEM(' ',(#94),#7939,#46) ;
#7958=OVER_RIDING_STYLED_ITEM(' ',(#94),#7957,#46) ;
#7976=OVER_RIDING_STYLED_ITEM(' ',(#94),#7975,#46) ;
#7994=OVER_RIDING_STYLED_ITEM(' ',(#94),#7993,#46) ;
#8012=OVER_RIDING_STYLED_ITEM(' ',(#94),#8011,#46) ;
#8030=OVER_RIDING_STYLED_ITEM(' ',(#94),#8029,#46) ;
#8048=OVER_RIDING_STYLED_ITEM(' ',(#94),#8047,#46) ;
#8066=OVER_RIDING_STYLED_ITEM(' ',(#94),#8065,#46) ;
#8084=OVER_RIDING_STYLED_ITEM(' ',(#94),#8083,#46) ;
#8102=OVER_RIDING_STYLED_ITEM(' ',(#94),#8101,#46) ;
#8120=OVER_RIDING_STYLED_ITEM(' ',(#94),#8119,#46) ;
#8138=OVER_RIDING_STYLED_ITEM(' ',(#94),#8137,#46) ;
#8156=OVER_RIDING_STYLED_ITEM(' ',(#94),#8155,#46) ;
#8174=OVER_RIDING_STYLED_ITEM(' ',(#94),#8173,#46) ;
#8192=OVER_RIDING_STYLED_ITEM(' ',(#94),#8191,#46) ;
#8210=OVER_RIDING_STYLED_ITEM(' ',(#94),#8209,#46) ;
#8228=OVER_RIDING_STYLED_ITEM(' ',(#94),#8227,#46) ;
#8246=OVER_RIDING_STYLED_ITEM(' ',(#94),#8245,#46) ;
#8264=OVER_RIDING_STYLED_ITEM(' ',(#94),#8263,#46) ;
#8282=OVER_RIDING_STYLED_ITEM(' ',(#94),#8281,#46) ;
#8300=OVER_RIDING_STYLED_ITEM(' ',(#94),#8299,#46) ;
#8318=OVER_RIDING_STYLED_ITEM(' ',(#94),#8317,#46) ;
#8336=OVER_RIDING_STYLED_ITEM(' ',(#94),#8335,#46) ;
#8354=OVER_RIDING_STYLED_ITEM(' ',(#94),#8353,#46) ;
#8372=OVER_RIDING_STYLED_ITEM(' ',(#94),#8371,#46) ;
#8390=OVER_RIDING_STYLED_ITEM(' ',(#94),#8389,#46) ;
#8408=OVER_RIDING_STYLED_ITEM(' ',(#94),#8407,#46) ;
#8426=OVER_RIDING_STYLED_ITEM(' ',(#94),#8425,#46) ;
#8444=OVER_RIDING_STYLED_ITEM(' ',(#94),#8443,#46) ;
#8462=OVER_RIDING_STYLED_ITEM(' ',(#94),#8461,#46) ;
#8480=OVER_RIDING_STYLED_ITEM(' ',(#94),#8479,#46) ;
#8498=OVER_RIDING_STYLED_ITEM(' ',(#94),#8497,#46) ;
#8511=OVER_RIDING_STYLED_ITEM(' ',(#94),#8510,#46) ;
#8578=OVER_RIDING_STYLED_ITEM(' ',(#94),#8577,#8536) ;
#8830=OVER_RIDING_STYLED_ITEM(' ',(#94),#8829,#8536) ;
#8855=OVER_RIDING_STYLED_ITEM(' ',(#94),#8854,#8536) ;
#9085=OVER_RIDING_STYLED_ITEM(' ',(#94),#9084,#8536) ;
#9103=OVER_RIDING_STYLED_ITEM(' ',(#94),#9102,#8536) ;
#9121=OVER_RIDING_STYLED_ITEM(' ',(#94),#9120,#8536) ;
#9139=OVER_RIDING_STYLED_ITEM(' ',(#94),#9138,#8536) ;
#9157=OVER_RIDING_STYLED_ITEM(' ',(#94),#9156,#8536) ;
#9175=OVER_RIDING_STYLED_ITEM(' ',(#94),#9174,#8536) ;
#9193=OVER_RIDING_STYLED_ITEM(' ',(#94),#9192,#8536) ;
#9211=OVER_RIDING_STYLED_ITEM(' ',(#94),#9210,#8536) ;
#9229=OVER_RIDING_STYLED_ITEM(' ',(#94),#9228,#8536) ;
#9247=OVER_RIDING_STYLED_ITEM(' ',(#94),#9246,#8536) ;
#9265=OVER_RIDING_STYLED_ITEM(' ',(#94),#9264,#8536) ;
#9283=OVER_RIDING_STYLED_ITEM(' ',(#94),#9282,#8536) ;
#9301=OVER_RIDING_STYLED_ITEM(' ',(#94),#9300,#8536) ;
#9319=OVER_RIDING_STYLED_ITEM(' ',(#94),#9318,#8536) ;
#9337=OVER_RIDING_STYLED_ITEM(' ',(#94),#9336,#8536) ;
#9355=OVER_RIDING_STYLED_ITEM(' ',(#94),#9354,#8536) ;
#9373=OVER_RIDING_STYLED_ITEM(' ',(#94),#9372,#8536) ;
#9391=OVER_RIDING_STYLED_ITEM(' ',(#94),#9390,#8536) ;
#9409=OVER_RIDING_STYLED_ITEM(' ',(#94),#9408,#8536) ;
#9427=OVER_RIDING_STYLED_ITEM(' ',(#94),#9426,#8536) ;
#9445=OVER_RIDING_STYLED_ITEM(' ',(#94),#9444,#8536) ;
#9463=OVER_RIDING_STYLED_ITEM(' ',(#94),#9462,#8536) ;
#9476=OVER_RIDING_STYLED_ITEM(' ',(#94),#9475,#8536) ;
#9563=OVER_RIDING_STYLED_ITEM(' ',(#9562),#9555,#9514) ;
#10021=OVER_RIDING_STYLED_ITEM(' ',(#9562),#10020,#9514) ;
#10046=OVER_RIDING_STYLED_ITEM(' ',(#9562),#10045,#9514) ;
#10485=OVER_RIDING_STYLED_ITEM(' ',(#9562),#10484,#9514) ;
#10503=OVER_RIDING_STYLED_ITEM(' ',(#9562),#10502,#9514) ;
#10535=OVER_RIDING_STYLED_ITEM(' ',(#9562),#10534,#9514) ;
#10563=OVER_RIDING_STYLED_ITEM(' ',(#9562),#10562,#9514) ;
#10588=OVER_RIDING_STYLED_ITEM(' ',(#9562),#10587,#9514) ;
#10616=OVER_RIDING_STYLED_ITEM(' ',(#9562),#10615,#9514) ;
#10641=OVER_RIDING_STYLED_ITEM(' ',(#9562),#10640,#9514) ;
#10666=OVER_RIDING_STYLED_ITEM(' ',(#9562),#10665,#9514) ;
#10691=OVER_RIDING_STYLED_ITEM(' ',(#9562),#10690,#9514) ;
#10709=OVER_RIDING_STYLED_ITEM(' ',(#9562),#10708,#9514) ;
#10732=OVER_RIDING_STYLED_ITEM(' ',(#9562),#10731,#9514) ;
#10745=OVER_RIDING_STYLED_ITEM(' ',(#9562),#10744,#9514) ;
#10768=OVER_RIDING_STYLED_ITEM(' ',(#9562),#10767,#9514) ;
#10781=OVER_RIDING_STYLED_ITEM(' ',(#9562),#10780,#9514) ;
#10804=OVER_RIDING_STYLED_ITEM(' ',(#9562),#10803,#9514) ;
#10817=OVER_RIDING_STYLED_ITEM(' ',(#9562),#10816,#9514) ;
#10840=OVER_RIDING_STYLED_ITEM(' ',(#9562),#10839,#9514) ;
#10853=OVER_RIDING_STYLED_ITEM(' ',(#9562),#10852,#9514) ;
#10871=OVER_RIDING_STYLED_ITEM(' ',(#9562),#10870,#9514) ;
#10889=OVER_RIDING_STYLED_ITEM(' ',(#9562),#10888,#9514) ;
#10907=OVER_RIDING_STYLED_ITEM(' ',(#9562),#10906,#9514) ;
#10925=OVER_RIDING_STYLED_ITEM(' ',(#9562),#10924,#9514) ;
#10943=OVER_RIDING_STYLED_ITEM(' ',(#9562),#10942,#9514) ;
#10961=OVER_RIDING_STYLED_ITEM(' ',(#9562),#10960,#9514) ;
#10979=OVER_RIDING_STYLED_ITEM(' ',(#9562),#10978,#9514) ;
#10997=OVER_RIDING_STYLED_ITEM(' ',(#9562),#10996,#9514) ;
#11015=OVER_RIDING_STYLED_ITEM(' ',(#9562),#11014,#9514) ;
#11033=OVER_RIDING_STYLED_ITEM(' ',(#9562),#11032,#9514) ;
#11051=OVER_RIDING_STYLED_ITEM(' ',(#9562),#11050,#9514) ;
#11069=OVER_RIDING_STYLED_ITEM(' ',(#9562),#11068,#9514) ;
#11082=OVER_RIDING_STYLED_ITEM(' ',(#9562),#11081,#9514) ;
#11114=OVER_RIDING_STYLED_ITEM(' ',(#9562),#11113,#9514) ;
#11139=OVER_RIDING_STYLED_ITEM(' ',(#9562),#11138,#9514) ;
#11164=OVER_RIDING_STYLED_ITEM(' ',(#9562),#11163,#9514) ;
#11189=OVER_RIDING_STYLED_ITEM(' ',(#9562),#11188,#9514) ;
#11214=OVER_RIDING_STYLED_ITEM(' ',(#9562),#11213,#9514) ;
#11239=OVER_RIDING_STYLED_ITEM(' ',(#9562),#11238,#9514) ;
#11264=OVER_RIDING_STYLED_ITEM(' ',(#9562),#11263,#9514) ;
#11282=OVER_RIDING_STYLED_ITEM(' ',(#9562),#11281,#9514) ;
#11413=OVER_RIDING_STYLED_ITEM(' ',(#9562),#11412,#9514) ;
#11544=OVER_RIDING_STYLED_ITEM(' ',(#9562),#11543,#9514) ;
#11592=OVER_RIDING_STYLED_ITEM(' ',(#9562),#11591,#9514) ;
#11617=OVER_RIDING_STYLED_ITEM(' ',(#9562),#11616,#9514) ;
#11658=OVER_RIDING_STYLED_ITEM(' ',(#9562),#11657,#9514) ;
#11683=OVER_RIDING_STYLED_ITEM(' ',(#9562),#11682,#9514) ;
#11724=OVER_RIDING_STYLED_ITEM(' ',(#9562),#11723,#9514) ;
#11749=OVER_RIDING_STYLED_ITEM(' ',(#9562),#11748,#9514) ;
#11790=OVER_RIDING_STYLED_ITEM(' ',(#9562),#11789,#9514) ;
#11808=OVER_RIDING_STYLED_ITEM(' ',(#9562),#11807,#9514) ;
#11856=OVER_RIDING_STYLED_ITEM(' ',(#9562),#11855,#9514) ;
#11881=OVER_RIDING_STYLED_ITEM(' ',(#9562),#11880,#9514) ;
#11922=OVER_RIDING_STYLED_ITEM(' ',(#9562),#11921,#9514) ;
#11947=OVER_RIDING_STYLED_ITEM(' ',(#9562),#11946,#9514) ;
#11988=OVER_RIDING_STYLED_ITEM(' ',(#9562),#11987,#9514) ;
#12013=OVER_RIDING_STYLED_ITEM(' ',(#9562),#12012,#9514) ;
#12054=OVER_RIDING_STYLED_ITEM(' ',(#9562),#12053,#9514) ;
#12072=OVER_RIDING_STYLED_ITEM(' ',(#9562),#12071,#9514) ;
#12090=OVER_RIDING_STYLED_ITEM(' ',(#9562),#12089,#9514) ;
#12108=OVER_RIDING_STYLED_ITEM(' ',(#9562),#12107,#9514) ;
#12145=OVER_RIDING_STYLED_ITEM(' ',(#9562),#12144,#9514) ;
#12163=OVER_RIDING_STYLED_ITEM(' ',(#9562),#12162,#9514) ;
#12200=OVER_RIDING_STYLED_ITEM(' ',(#9562),#12199,#9514) ;
#12237=OVER_RIDING_STYLED_ITEM(' ',(#9562),#12236,#9514) ;
#12255=OVER_RIDING_STYLED_ITEM(' ',(#9562),#12254,#9514) ;
#12292=OVER_RIDING_STYLED_ITEM(' ',(#9562),#12291,#9514) ;
#12310=OVER_RIDING_STYLED_ITEM(' ',(#9562),#12309,#9514) ;
#12347=OVER_RIDING_STYLED_ITEM(' ',(#9562),#12346,#9514) ;
#12365=OVER_RIDING_STYLED_ITEM(' ',(#9562),#12364,#9514) ;
#12383=OVER_RIDING_STYLED_ITEM(' ',(#9562),#12382,#9514) ;
#12420=OVER_RIDING_STYLED_ITEM(' ',(#9562),#12419,#9514) ;
#12438=OVER_RIDING_STYLED_ITEM(' ',(#9562),#12437,#9514) ;
#12475=OVER_RIDING_STYLED_ITEM(' ',(#9562),#12474,#9514) ;
#12512=OVER_RIDING_STYLED_ITEM(' ',(#9562),#12511,#9514) ;
#12530=OVER_RIDING_STYLED_ITEM(' ',(#9562),#12529,#9514) ;
#12548=OVER_RIDING_STYLED_ITEM(' ',(#9562),#12547,#9514) ;
#12592=OVER_RIDING_STYLED_ITEM(' ',(#9562),#12591,#9514) ;
#12610=OVER_RIDING_STYLED_ITEM(' ',(#9562),#12609,#9514) ;
#12654=OVER_RIDING_STYLED_ITEM(' ',(#9562),#12653,#9514) ;
#12686=OVER_RIDING_STYLED_ITEM(' ',(#9562),#12685,#9514) ;
#12704=OVER_RIDING_STYLED_ITEM(' ',(#9562),#12703,#9514) ;
#12736=OVER_RIDING_STYLED_ITEM(' ',(#9562),#12735,#9514) ;
#12754=OVER_RIDING_STYLED_ITEM(' ',(#9562),#12753,#9514) ;
#12765=OVER_RIDING_STYLED_ITEM(' ',(#9562),#12764,#9514) ;
#12783=OVER_RIDING_STYLED_ITEM(' ',(#9562),#12782,#9514) ;
#12801=OVER_RIDING_STYLED_ITEM(' ',(#9562),#12800,#9514) ;
#12824=OVER_RIDING_STYLED_ITEM(' ',(#9562),#12823,#9514) ;
#12842=OVER_RIDING_STYLED_ITEM(' ',(#9562),#12841,#9514) ;
#12865=OVER_RIDING_STYLED_ITEM(' ',(#9562),#12864,#9514) ;
#12876=OVER_RIDING_STYLED_ITEM(' ',(#9562),#12875,#9514) ;
#12894=OVER_RIDING_STYLED_ITEM(' ',(#9562),#12893,#9514) ;
#12912=OVER_RIDING_STYLED_ITEM(' ',(#9562),#12911,#9514) ;
#12925=OVER_RIDING_STYLED_ITEM(' ',(#9562),#12924,#9514) ;
#12938=OVER_RIDING_STYLED_ITEM(' ',(#9562),#12937,#9514) ;
#12956=OVER_RIDING_STYLED_ITEM(' ',(#9562),#12955,#9514) ;
#12969=OVER_RIDING_STYLED_ITEM(' ',(#9562),#12968,#9514) ;
#12987=OVER_RIDING_STYLED_ITEM(' ',(#9562),#12986,#9514) ;
#13000=OVER_RIDING_STYLED_ITEM(' ',(#9562),#12999,#9514) ;
#13074=OVER_RIDING_STYLED_ITEM(' ',(#13073),#13066,#13025) ;
#13384=OVER_RIDING_STYLED_ITEM(' ',(#13073),#13383,#13025) ;
#13402=OVER_RIDING_STYLED_ITEM(' ',(#13073),#13401,#13025) ;
#13434=OVER_RIDING_STYLED_ITEM(' ',(#13073),#13433,#13025) ;
#13466=OVER_RIDING_STYLED_ITEM(' ',(#13073),#13465,#13025) ;
#13491=OVER_RIDING_STYLED_ITEM(' ',(#13073),#13490,#13025) ;
#13516=OVER_RIDING_STYLED_ITEM(' ',(#13073),#13515,#13025) ;
#13541=OVER_RIDING_STYLED_ITEM(' ',(#13073),#13540,#13025) ;
#13566=OVER_RIDING_STYLED_ITEM(' ',(#13073),#13565,#13025) ;
#13591=OVER_RIDING_STYLED_ITEM(' ',(#13073),#13590,#13025) ;
#13616=OVER_RIDING_STYLED_ITEM(' ',(#13073),#13615,#13025) ;
#13634=OVER_RIDING_STYLED_ITEM(' ',(#13073),#13633,#13025) ;
#13666=OVER_RIDING_STYLED_ITEM(' ',(#13073),#13665,#13025) ;
#13684=OVER_RIDING_STYLED_ITEM(' ',(#13073),#13683,#13025) ;
#13716=OVER_RIDING_STYLED_ITEM(' ',(#13073),#13715,#13025) ;
#13734=OVER_RIDING_STYLED_ITEM(' ',(#13073),#13733,#13025) ;
#13766=OVER_RIDING_STYLED_ITEM(' ',(#13073),#13765,#13025) ;
#13784=OVER_RIDING_STYLED_ITEM(' ',(#13073),#13783,#13025) ;
#13808=OVER_RIDING_STYLED_ITEM(' ',(#13073),#13807,#13025) ;
#13883=OVER_RIDING_STYLED_ITEM(' ',(#13073),#13882,#13025) ;
#13906=OVER_RIDING_STYLED_ITEM(' ',(#13073),#13905,#13025) ;
#13919=OVER_RIDING_STYLED_ITEM(' ',(#13073),#13918,#13025) ;
#13942=OVER_RIDING_STYLED_ITEM(' ',(#13073),#13941,#13025) ;
#13955=OVER_RIDING_STYLED_ITEM(' ',(#13073),#13954,#13025) ;
#13978=OVER_RIDING_STYLED_ITEM(' ',(#13073),#13977,#13025) ;
#13991=OVER_RIDING_STYLED_ITEM(' ',(#13073),#13990,#13025) ;
#14071=OVER_RIDING_STYLED_ITEM(' ',(#14070),#14063,#14016) ;
#14225=OVER_RIDING_STYLED_ITEM(' ',(#14070),#14224,#14016) ;
#14262=OVER_RIDING_STYLED_ITEM(' ',(#14070),#14261,#14016) ;
#14409=OVER_RIDING_STYLED_ITEM(' ',(#14070),#14408,#14016) ;
#14441=OVER_RIDING_STYLED_ITEM(' ',(#14070),#14440,#14016) ;
#14478=OVER_RIDING_STYLED_ITEM(' ',(#14070),#14477,#14016) ;
#14497=OVER_RIDING_STYLED_ITEM(' ',(#14070),#14496,#14016) ;
#14521=OVER_RIDING_STYLED_ITEM(' ',(#14070),#14520,#14016) ;
#14539=OVER_RIDING_STYLED_ITEM(' ',(#14070),#14538,#14016) ;
#14553=OVER_RIDING_STYLED_ITEM(' ',(#14070),#14552,#14016) ;
#14572=OVER_RIDING_STYLED_ITEM(' ',(#14070),#14571,#14016) ;
#14596=OVER_RIDING_STYLED_ITEM(' ',(#14070),#14595,#14016) ;
#14614=OVER_RIDING_STYLED_ITEM(' ',(#14070),#14613,#14016) ;
#14646=OVER_RIDING_STYLED_ITEM(' ',(#14070),#14645,#14016) ;
#14671=OVER_RIDING_STYLED_ITEM(' ',(#14070),#14670,#14016) ;
#14684=OVER_RIDING_STYLED_ITEM(' ',(#14070),#14683,#14016) ;
#14716=OVER_RIDING_STYLED_ITEM(' ',(#14070),#14715,#14016) ;
#14734=OVER_RIDING_STYLED_ITEM(' ',(#14070),#14733,#14016) ;
#14766=OVER_RIDING_STYLED_ITEM(' ',(#14070),#14765,#14016) ;
#14784=OVER_RIDING_STYLED_ITEM(' ',(#14070),#14783,#14016) ;
#14816=OVER_RIDING_STYLED_ITEM(' ',(#14070),#14815,#14016) ;
#14834=OVER_RIDING_STYLED_ITEM(' ',(#14070),#14833,#14016) ;
#14845=OVER_RIDING_STYLED_ITEM(' ',(#14070),#14844,#14016) ;
#52=CYLINDRICAL_SURFACE('generated cylinder',#51,1.78) ;
#2446=CYLINDRICAL_SURFACE('generated cylinder',#2445,0.64) ;
#4561=CYLINDRICAL_SURFACE('generated cylinder',#4560,0.64) ;
#4579=CYLINDRICAL_SURFACE('generated cylinder',#4578,1.) ;
#4602=CYLINDRICAL_SURFACE('generated cylinder',#4601,0.32) ;
#4620=CYLINDRICAL_SURFACE('generated cylinder',#4619,0.64) ;
#4638=CYLINDRICAL_SURFACE('generated cylinder',#4637,1.78) ;
#4656=CYLINDRICAL_SURFACE('generated cylinder',#4655,0.64) ;
#4674=CYLINDRICAL_SURFACE('generated cylinder',#4673,0.32) ;
#4687=CYLINDRICAL_SURFACE('generated cylinder',#4686,0.32) ;
#4705=CYLINDRICAL_SURFACE('generated cylinder',#4704,0.64) ;
#4723=CYLINDRICAL_SURFACE('generated cylinder',#4722,1.78) ;
#4741=CYLINDRICAL_SURFACE('generated cylinder',#4740,0.64) ;
#4759=CYLINDRICAL_SURFACE('generated cylinder',#4758,0.32) ;
#4795=CYLINDRICAL_SURFACE('generated cylinder',#4794,1.) ;
#4813=CYLINDRICAL_SURFACE('generated cylinder',#4812,1.) ;
#5605=CYLINDRICAL_SURFACE('generated cylinder',#5604,1.) ;
#5623=CYLINDRICAL_SURFACE('generated cylinder',#5622,3.48) ;
#5641=CYLINDRICAL_SURFACE('generated cylinder',#5640,1.27) ;
#5677=CYLINDRICAL_SURFACE('generated cylinder',#5676,0.25) ;
#5713=CYLINDRICAL_SURFACE('generated cylinder',#5712,0.25) ;
#5749=CYLINDRICAL_SURFACE('generated cylinder',#5748,0.4) ;
#5767=CYLINDRICAL_SURFACE('generated cylinder',#5766,0.64) ;
#5785=CYLINDRICAL_SURFACE('generated cylinder',#5784,0.32) ;
#5803=CYLINDRICAL_SURFACE('generated cylinder',#5802,0.64) ;
#5821=CYLINDRICAL_SURFACE('generated cylinder',#5820,1.78) ;
#5839=CYLINDRICAL_SURFACE('generated cylinder',#5838,1.78) ;
#5857=CYLINDRICAL_SURFACE('generated cylinder',#5856,0.64) ;
#5875=CYLINDRICAL_SURFACE('generated cylinder',#5874,0.32) ;
#5893=CYLINDRICAL_SURFACE('generated cylinder',#5892,0.64) ;
#5911=CYLINDRICAL_SURFACE('generated cylinder',#5910,1.78) ;
#5929=CYLINDRICAL_SURFACE('generated cylinder',#5928,1.78) ;
#5947=CYLINDRICAL_SURFACE('generated cylinder',#5946,0.64) ;
#5965=CYLINDRICAL_SURFACE('generated cylinder',#5964,0.32) ;
#5983=CYLINDRICAL_SURFACE('generated cylinder',#5982,0.64) ;
#6001=CYLINDRICAL_SURFACE('generated cylinder',#6000,1.78) ;
#6019=CYLINDRICAL_SURFACE('generated cylinder',#6018,1.78) ;
#6037=CYLINDRICAL_SURFACE('generated cylinder',#6036,0.64) ;
#6055=CYLINDRICAL_SURFACE('generated cylinder',#6054,0.64) ;
#6091=CYLINDRICAL_SURFACE('generated cylinder',#6090,0.99) ;
#6127=CYLINDRICAL_SURFACE('generated cylinder',#6126,0.64) ;
#6163=CYLINDRICAL_SURFACE('generated cylinder',#6162,4.) ;
#6199=CYLINDRICAL_SURFACE('generated cylinder',#6198,0.3) ;
#6235=CYLINDRICAL_SURFACE('generated cylinder',#6234,0.3) ;
#6271=CYLINDRICAL_SURFACE('generated cylinder',#6270,0.3) ;
#6307=CYLINDRICAL_SURFACE('generated cylinder',#6306,0.3) ;
#6343=CYLINDRICAL_SURFACE('generated cylinder',#6342,0.3) ;
#6379=CYLINDRICAL_SURFACE('generated cylinder',#6378,0.3) ;
#6415=CYLINDRICAL_SURFACE('generated cylinder',#6414,4.) ;
#6451=CYLINDRICAL_SURFACE('generated cylinder',#6450,0.3) ;
#6487=CYLINDRICAL_SURFACE('generated cylinder',#6486,0.3) ;
#6523=CYLINDRICAL_SURFACE('generated cylinder',#6522,4.) ;
#6559=CYLINDRICAL_SURFACE('generated cylinder',#6558,0.3) ;
#6595=CYLINDRICAL_SURFACE('generated cylinder',#6594,0.3) ;
#6631=CYLINDRICAL_SURFACE('generated cylinder',#6630,0.3) ;
#6667=CYLINDRICAL_SURFACE('generated cylinder',#6666,0.3) ;
#6703=CYLINDRICAL_SURFACE('generated cylinder',#6702,0.3) ;
#6739=CYLINDRICAL_SURFACE('generated cylinder',#6738,0.3) ;
#6775=CYLINDRICAL_SURFACE('generated cylinder',#6774,4.) ;
#6811=CYLINDRICAL_SURFACE('generated cylinder',#6810,0.64) ;
#6847=CYLINDRICAL_SURFACE('generated cylinder',#6846,0.99) ;
#6883=CYLINDRICAL_SURFACE('generated cylinder',#6882,0.64) ;
#6901=CYLINDRICAL_SURFACE('generated cylinder',#6900,0.64) ;
#6919=CYLINDRICAL_SURFACE('generated cylinder',#6918,1.78) ;
#6937=CYLINDRICAL_SURFACE('generated cylinder',#6936,1.78) ;
#6955=CYLINDRICAL_SURFACE('generated cylinder',#6954,0.64) ;
#6973=CYLINDRICAL_SURFACE('generated cylinder',#6972,0.32) ;
#6991=CYLINDRICAL_SURFACE('generated cylinder',#6990,0.64) ;
#7009=CYLINDRICAL_SURFACE('generated cylinder',#7008,1.78) ;
#7027=CYLINDRICAL_SURFACE('generated cylinder',#7026,1.78) ;
#7045=CYLINDRICAL_SURFACE('generated cylinder',#7044,0.64) ;
#7063=CYLINDRICAL_SURFACE('generated cylinder',#7062,0.32) ;
#7081=CYLINDRICAL_SURFACE('generated cylinder',#7080,0.64) ;
#7099=CYLINDRICAL_SURFACE('generated cylinder',#7098,1.78) ;
#7117=CYLINDRICAL_SURFACE('generated cylinder',#7116,1.78) ;
#7135=CYLINDRICAL_SURFACE('generated cylinder',#7134,0.64) ;
#7153=CYLINDRICAL_SURFACE('generated cylinder',#7152,0.32) ;
#7171=CYLINDRICAL_SURFACE('generated cylinder',#7170,0.64) ;
#7189=CYLINDRICAL_SURFACE('generated cylinder',#7188,0.4) ;
#7225=CYLINDRICAL_SURFACE('generated cylinder',#7224,0.25) ;
#7261=CYLINDRICAL_SURFACE('generated cylinder',#7260,0.25) ;
#7297=CYLINDRICAL_SURFACE('generated cylinder',#7296,1.27) ;
#7315=CYLINDRICAL_SURFACE('generated cylinder',#7314,3.48) ;
#7333=CYLINDRICAL_SURFACE('generated cylinder',#7332,1.) ;
#8125=CYLINDRICAL_SURFACE('generated cylinder',#8124,1.) ;
#8143=CYLINDRICAL_SURFACE('generated cylinder',#8142,1.) ;
#8179=CYLINDRICAL_SURFACE('generated cylinder',#8178,0.32) ;
#8197=CYLINDRICAL_SURFACE('generated cylinder',#8196,0.64) ;
#8215=CYLINDRICAL_SURFACE('generated cylinder',#8214,1.78) ;
#8233=CYLINDRICAL_SURFACE('generated cylinder',#8232,0.64) ;
#8251=CYLINDRICAL_SURFACE('generated cylinder',#8250,0.32) ;
#8269=CYLINDRICAL_SURFACE('generated cylinder',#8268,0.64) ;
#8287=CYLINDRICAL_SURFACE('generated cylinder',#8286,1.78) ;
#8305=CYLINDRICAL_SURFACE('generated cylinder',#8304,0.64) ;
#8323=CYLINDRICAL_SURFACE('generated cylinder',#8322,0.32) ;
#8341=CYLINDRICAL_SURFACE('generated cylinder',#8340,0.64) ;
#8359=CYLINDRICAL_SURFACE('generated cylinder',#8358,1.78) ;
#8377=CYLINDRICAL_SURFACE('generated cylinder',#8376,0.64) ;
#8395=CYLINDRICAL_SURFACE('generated cylinder',#8394,0.32) ;
#8413=CYLINDRICAL_SURFACE('generated cylinder',#8412,1.) ;
#8449=CYLINDRICAL_SURFACE('generated cylinder',#8448,1.) ;
#8485=CYLINDRICAL_SURFACE('generated cylinder',#8484,1.) ;
#8542=CYLINDRICAL_SURFACE('generated cylinder',#8541,0.5) ;
#9108=CYLINDRICAL_SURFACE('generated cylinder',#9107,0.5) ;
#9144=CYLINDRICAL_SURFACE('generated cylinder',#9143,1.) ;
#9180=CYLINDRICAL_SURFACE('generated cylinder',#9179,0.5) ;
#9216=CYLINDRICAL_SURFACE('generated cylinder',#9215,0.5) ;
#9252=CYLINDRICAL_SURFACE('generated cylinder',#9251,0.5) ;
#9288=CYLINDRICAL_SURFACE('generated cylinder',#9287,0.64) ;
#9324=CYLINDRICAL_SURFACE('generated cylinder',#9323,0.64) ;
#9360=CYLINDRICAL_SURFACE('generated cylinder',#9359,0.5) ;
#9396=CYLINDRICAL_SURFACE('generated cylinder',#9395,0.5) ;
#9432=CYLINDRICAL_SURFACE('generated cylinder',#9431,0.5) ;
#9468=CYLINDRICAL_SURFACE('generated cylinder',#9467,1.) ;
#10540=CYLINDRICAL_SURFACE('generated cylinder',#10539,4.) ;
#10593=CYLINDRICAL_SURFACE('generated cylinder',#10592,4.) ;
#10646=CYLINDRICAL_SURFACE('generated cylinder',#10645,4.) ;
#10696=CYLINDRICAL_SURFACE('generated cylinder',#10695,4.) ;
#10714=CYLINDRICAL_SURFACE('generated cylinder',#10713,1.75) ;
#10737=CYLINDRICAL_SURFACE('generated cylinder',#10736,1.75) ;
#10750=CYLINDRICAL_SURFACE('generated cylinder',#10749,1.75) ;
#10773=CYLINDRICAL_SURFACE('generated cylinder',#10772,1.75) ;
#10786=CYLINDRICAL_SURFACE('generated cylinder',#10785,1.75) ;
#10809=CYLINDRICAL_SURFACE('generated cylinder',#10808,1.75) ;
#10822=CYLINDRICAL_SURFACE('generated cylinder',#10821,1.75) ;
#10845=CYLINDRICAL_SURFACE('generated cylinder',#10844,1.75) ;
#10858=CYLINDRICAL_SURFACE('generated cylinder',#10857,3.) ;
#10930=CYLINDRICAL_SURFACE('generated cylinder',#10929,3.) ;
#11002=CYLINDRICAL_SURFACE('generated cylinder',#11001,3.) ;
#11074=CYLINDRICAL_SURFACE('generated cylinder',#11073,3.) ;
#11087=CYLINDRICAL_SURFACE('generated cylinder',#11086,4.) ;
#11144=CYLINDRICAL_SURFACE('generated cylinder',#11143,4.) ;
#11194=CYLINDRICAL_SURFACE('generated cylinder',#11193,4.) ;
#11244=CYLINDRICAL_SURFACE('generated cylinder',#11243,4.) ;
#11597=CYLINDRICAL_SURFACE('generated cylinder',#11596,0.2) ;
#11663=CYLINDRICAL_SURFACE('generated cylinder',#11662,0.2) ;
#11729=CYLINDRICAL_SURFACE('generated cylinder',#11728,0.2) ;
#11795=CYLINDRICAL_SURFACE('generated cylinder',#11794,0.2) ;
#11861=CYLINDRICAL_SURFACE('generated cylinder',#11860,0.2) ;
#11927=CYLINDRICAL_SURFACE('generated cylinder',#11926,0.2) ;
#11993=CYLINDRICAL_SURFACE('generated cylinder',#11992,0.2) ;
#12059=CYLINDRICAL_SURFACE('generated cylinder',#12058,0.2) ;
#12077=CYLINDRICAL_SURFACE('generated cylinder',#12076,0.2) ;
#12095=CYLINDRICAL_SURFACE('generated cylinder',#12094,0.2) ;
#12150=CYLINDRICAL_SURFACE('generated cylinder',#12149,0.2) ;
#12242=CYLINDRICAL_SURFACE('generated cylinder',#12241,0.2) ;
#12297=CYLINDRICAL_SURFACE('generated cylinder',#12296,0.2) ;
#12352=CYLINDRICAL_SURFACE('generated cylinder',#12351,0.2) ;
#12370=CYLINDRICAL_SURFACE('generated cylinder',#12369,0.2) ;
#12425=CYLINDRICAL_SURFACE('generated cylinder',#12424,0.2) ;
#12517=CYLINDRICAL_SURFACE('generated cylinder',#12516,7.18630884027) ;
#12535=CYLINDRICAL_SURFACE('generated cylinder',#12534,7.18630884027) ;
#12597=CYLINDRICAL_SURFACE('generated cylinder',#12596,7.18630884027) ;
#12691=CYLINDRICAL_SURFACE('generated cylinder',#12690,7.18630884027) ;
#12741=CYLINDRICAL_SURFACE('generated cylinder',#12740,25.) ;
#12770=CYLINDRICAL_SURFACE('generated cylinder',#12769,25.) ;
#12788=CYLINDRICAL_SURFACE('generated cylinder',#12787,25.) ;
#12829=CYLINDRICAL_SURFACE('generated cylinder',#12828,25.) ;
#12881=CYLINDRICAL_SURFACE('generated cylinder',#12880,0.2) ;
#12899=CYLINDRICAL_SURFACE('generated cylinder',#12898,0.2) ;
#12917=CYLINDRICAL_SURFACE('generated cylinder',#12916,0.2) ;
#12930=CYLINDRICAL_SURFACE('generated cylinder',#12929,0.2) ;
#12943=CYLINDRICAL_SURFACE('generated cylinder',#12942,0.2) ;
#12961=CYLINDRICAL_SURFACE('generated cylinder',#12960,0.2) ;
#12974=CYLINDRICAL_SURFACE('generated cylinder',#12973,0.2) ;
#12992=CYLINDRICAL_SURFACE('generated cylinder',#12991,0.2) ;
#13407=CYLINDRICAL_SURFACE('generated cylinder',#13406,1.75) ;
#13471=CYLINDRICAL_SURFACE('generated cylinder',#13470,3.99) ;
#13521=CYLINDRICAL_SURFACE('generated cylinder',#13520,3.99) ;
#13571=CYLINDRICAL_SURFACE('generated cylinder',#13570,3.99) ;
#13621=CYLINDRICAL_SURFACE('generated cylinder',#13620,3.99) ;
#13789=CYLINDRICAL_SURFACE('generated cylinder',#13788,1.75) ;
#13888=CYLINDRICAL_SURFACE('generated cylinder',#13887,1.75) ;
#13911=CYLINDRICAL_SURFACE('generated cylinder',#13910,1.75) ;
#13924=CYLINDRICAL_SURFACE('generated cylinder',#13923,1.75) ;
#13947=CYLINDRICAL_SURFACE('generated cylinder',#13946,1.75) ;
#13960=CYLINDRICAL_SURFACE('generated cylinder',#13959,1.75) ;
#13983=CYLINDRICAL_SURFACE('generated cylinder',#13982,1.75) ;
#14739=CYLINDRICAL_SURFACE('generated cylinder',#14738,1.75) ;
#14771=CYLINDRICAL_SURFACE('generated cylinder',#14770,1.75) ;
#11549=TOROIDAL_SURFACE('homeo Torus',#11548,4.3861256032,0.2) ;
#11622=TOROIDAL_SURFACE('homeo Torus',#11621,4.3861256032,0.2) ;
#11688=TOROIDAL_SURFACE('homeo Torus',#11687,4.3861256032,0.2) ;
#11754=TOROIDAL_SURFACE('homeo Torus',#11753,4.3861256032,0.2) ;
#11813=TOROIDAL_SURFACE('homeo Torus',#11812,4.35004793982,0.2) ;
#11886=TOROIDAL_SURFACE('homeo Torus',#11885,4.35004793982,0.2) ;
#11952=TOROIDAL_SURFACE('homeo Torus',#11951,4.35004793982,0.2) ;
#12018=TOROIDAL_SURFACE('homeo Torus',#12017,4.35004793982,0.2) ;
#12553=TOROIDAL_SURFACE('homeo Torus',#12552,5.29956022683,0.2) ;
#12615=TOROIDAL_SURFACE('homeo Torus',#12614,5.29956022683,0.2) ;
#12659=TOROIDAL_SURFACE('homeo Torus',#12658,5.29956022683,0.2) ;
#12709=TOROIDAL_SURFACE('homeo Torus',#12708,5.29956022683,0.2) ;
#12759=TOROIDAL_SURFACE('homeo Torus',#12758,5.29956022683,0.2) ;
#12806=TOROIDAL_SURFACE('homeo Torus',#12805,5.29956022683,0.2) ;
#12847=TOROIDAL_SURFACE('homeo Torus',#12846,5.29956022683,0.2) ;
#12870=TOROIDAL_SURFACE('homeo Torus',#12869,5.29956022683,0.2) ;
#9556=DRAUGHTING_PRE_DEFINED_COLOUR('black') ;
#14064=DRAUGHTING_PRE_DEFINED_COLOUR('white') ;
#61=EDGE_CURVE('',#58,#60,#56,.F.) ;
#68=EDGE_CURVE('',#67,#58,#65,.T.) ;
#75=EDGE_CURVE('',#74,#67,#72,.T.) ;
#80=EDGE_CURVE('',#74,#60,#79,.T.) ;
#124=EDGE_CURVE('',#121,#123,#101,.T.) ;
#140=EDGE_CURVE('',#123,#139,#125,.T.) ;
#147=EDGE_CURVE('',#139,#146,#144,.T.) ;
#154=EDGE_CURVE('',#146,#153,#151,.T.) ;
#161=EDGE_CURVE('',#153,#160,#158,.T.) ;
#177=EDGE_CURVE('',#160,#176,#162,.T.) ;
#182=EDGE_CURVE('',#176,#58,#181,.T.) ;
#189=EDGE_CURVE('',#60,#188,#186,.T.) ;
#205=EDGE_CURVE('',#188,#204,#190,.T.) ;
#212=EDGE_CURVE('',#204,#211,#209,.T.) ;
#219=EDGE_CURVE('',#211,#218,#216,.T.) ;
#226=EDGE_CURVE('',#218,#225,#223,.T.) ;
#242=EDGE_CURVE('',#225,#241,#227,.T.) ;
#249=EDGE_CURVE('',#241,#248,#246,.T.) ;
#268=EDGE_CURVE('',#248,#267,#250,.T.) ;
#275=EDGE_CURVE('',#267,#274,#272,.T.) ;
#282=EDGE_CURVE('',#274,#281,#279,.T.) ;
#289=EDGE_CURVE('',#281,#288,#286,.T.) ;
#296=EDGE_CURVE('',#288,#295,#293,.T.) ;
#303=EDGE_CURVE('',#295,#302,#300,.T.) ;
#310=EDGE_CURVE('',#302,#309,#307,.T.) ;
#317=EDGE_CURVE('',#309,#316,#314,.T.) ;
#324=EDGE_CURVE('',#316,#323,#321,.T.) ;
#331=EDGE_CURVE('',#323,#330,#328,.T.) ;
#338=EDGE_CURVE('',#330,#337,#335,.T.) ;
#345=EDGE_CURVE('',#337,#344,#342,.T.) ;
#352=EDGE_CURVE('',#344,#351,#349,.T.) ;
#359=EDGE_CURVE('',#351,#358,#356,.T.) ;
#366=EDGE_CURVE('',#358,#365,#363,.T.) ;
#373=EDGE_CURVE('',#365,#372,#370,.T.) ;
#380=EDGE_CURVE('',#372,#379,#377,.T.) ;
#387=EDGE_CURVE('',#379,#386,#384,.T.) ;
#394=EDGE_CURVE('',#386,#393,#391,.T.) ;
#401=EDGE_CURVE('',#393,#400,#398,.T.) ;
#408=EDGE_CURVE('',#400,#407,#405,.T.) ;
#415=EDGE_CURVE('',#407,#414,#412,.T.) ;
#422=EDGE_CURVE('',#414,#421,#419,.T.) ;
#429=EDGE_CURVE('',#421,#428,#426,.T.) ;
#436=EDGE_CURVE('',#428,#435,#433,.T.) ;
#443=EDGE_CURVE('',#435,#442,#440,.T.) ;
#450=EDGE_CURVE('',#442,#449,#447,.T.) ;
#457=EDGE_CURVE('',#449,#456,#454,.T.) ;
#464=EDGE_CURVE('',#456,#463,#461,.T.) ;
#471=EDGE_CURVE('',#463,#470,#468,.T.) ;
#478=EDGE_CURVE('',#470,#477,#475,.T.) ;
#485=EDGE_CURVE('',#477,#484,#482,.T.) ;
#492=EDGE_CURVE('',#484,#491,#489,.T.) ;
#499=EDGE_CURVE('',#491,#498,#496,.T.) ;
#506=EDGE_CURVE('',#498,#505,#503,.T.) ;
#513=EDGE_CURVE('',#505,#512,#510,.T.) ;
#520=EDGE_CURVE('',#512,#519,#517,.T.) ;
#527=EDGE_CURVE('',#519,#526,#524,.T.) ;
#534=EDGE_CURVE('',#526,#533,#531,.T.) ;
#541=EDGE_CURVE('',#533,#540,#538,.T.) ;
#548=EDGE_CURVE('',#540,#547,#545,.T.) ;
#555=EDGE_CURVE('',#547,#554,#552,.T.) ;
#562=EDGE_CURVE('',#554,#561,#559,.T.) ;
#569=EDGE_CURVE('',#561,#568,#566,.T.) ;
#576=EDGE_CURVE('',#568,#575,#573,.T.) ;
#583=EDGE_CURVE('',#575,#582,#580,.T.) ;
#596=EDGE_CURVE('',#582,#595,#584,.T.) ;
#603=EDGE_CURVE('',#595,#602,#600,.T.) ;
#610=EDGE_CURVE('',#602,#609,#607,.T.) ;
#626=EDGE_CURVE('',#609,#625,#611,.T.) ;
#633=EDGE_CURVE('',#625,#632,#630,.T.) ;
#649=EDGE_CURVE('',#632,#648,#634,.T.) ;
#656=EDGE_CURVE('',#648,#655,#653,.T.) ;
#669=EDGE_CURVE('',#655,#668,#657,.T.) ;
#676=EDGE_CURVE('',#668,#675,#673,.T.) ;
#692=EDGE_CURVE('',#675,#691,#677,.T.) ;
#699=EDGE_CURVE('',#691,#698,#696,.T.) ;
#706=EDGE_CURVE('',#698,#705,#703,.T.) ;
#713=EDGE_CURVE('',#705,#712,#710,.T.) ;
#720=EDGE_CURVE('',#712,#719,#717,.T.) ;
#736=EDGE_CURVE('',#719,#735,#721,.T.) ;
#743=EDGE_CURVE('',#735,#742,#740,.T.) ;
#750=EDGE_CURVE('',#742,#749,#747,.T.) ;
#757=EDGE_CURVE('',#749,#756,#754,.T.) ;
#764=EDGE_CURVE('',#756,#763,#761,.T.) ;
#780=EDGE_CURVE('',#763,#779,#765,.T.) ;
#787=EDGE_CURVE('',#779,#786,#784,.T.) ;
#794=EDGE_CURVE('',#786,#793,#791,.T.) ;
#801=EDGE_CURVE('',#793,#800,#798,.T.) ;
#808=EDGE_CURVE('',#800,#807,#805,.T.) ;
#821=EDGE_CURVE('',#807,#820,#809,.T.) ;
#828=EDGE_CURVE('',#820,#827,#825,.T.) ;
#847=EDGE_CURVE('',#827,#846,#829,.T.) ;
#854=EDGE_CURVE('',#846,#853,#851,.T.) ;
#861=EDGE_CURVE('',#853,#860,#858,.T.) ;
#868=EDGE_CURVE('',#867,#860,#865,.T.) ;
#875=EDGE_CURVE('',#874,#867,#872,.T.) ;
#882=EDGE_CURVE('',#881,#874,#879,.T.) ;
#910=EDGE_CURVE('',#909,#881,#883,.T.) ;
#917=EDGE_CURVE('',#916,#909,#914,.T.) ;
#945=EDGE_CURVE('',#944,#916,#918,.T.) ;
#952=EDGE_CURVE('',#951,#944,#949,.T.) ;
#980=EDGE_CURVE('',#979,#951,#953,.T.) ;
#987=EDGE_CURVE('',#986,#979,#984,.T.) ;
#1015=EDGE_CURVE('',#1014,#986,#988,.T.) ;
#1022=EDGE_CURVE('',#1021,#1014,#1019,.T.) ;
#1050=EDGE_CURVE('',#1049,#1021,#1023,.T.) ;
#1057=EDGE_CURVE('',#1056,#1049,#1054,.T.) ;
#1085=EDGE_CURVE('',#1084,#1056,#1058,.T.) ;
#1092=EDGE_CURVE('',#1091,#1084,#1089,.T.) ;
#1099=EDGE_CURVE('',#1098,#1091,#1096,.T.) ;
#1106=EDGE_CURVE('',#1105,#1098,#1103,.T.) ;
#1134=EDGE_CURVE('',#1133,#1105,#1107,.T.) ;
#1141=EDGE_CURVE('',#1140,#1133,#1138,.T.) ;
#1169=EDGE_CURVE('',#1168,#1140,#1142,.T.) ;
#1176=EDGE_CURVE('',#1175,#1168,#1173,.T.) ;
#1183=EDGE_CURVE('',#1182,#1175,#1180,.T.) ;
#1190=EDGE_CURVE('',#1189,#1182,#1187,.T.) ;
#1218=EDGE_CURVE('',#1217,#1189,#1191,.T.) ;
#1225=EDGE_CURVE('',#1224,#1217,#1222,.T.) ;
#1253=EDGE_CURVE('',#1252,#1224,#1226,.T.) ;
#1260=EDGE_CURVE('',#1259,#1252,#1257,.T.) ;
#1288=EDGE_CURVE('',#1287,#1259,#1261,.T.) ;
#1295=EDGE_CURVE('',#1294,#1287,#1292,.T.) ;
#1323=EDGE_CURVE('',#1322,#1294,#1296,.T.) ;
#1330=EDGE_CURVE('',#1329,#1322,#1327,.T.) ;
#1358=EDGE_CURVE('',#1357,#1329,#1331,.T.) ;
#1365=EDGE_CURVE('',#1364,#1357,#1362,.T.) ;
#1393=EDGE_CURVE('',#1392,#1364,#1366,.T.) ;
#1400=EDGE_CURVE('',#1399,#1392,#1397,.T.) ;
#1407=EDGE_CURVE('',#1406,#1399,#1404,.T.) ;
#1414=EDGE_CURVE('',#1413,#1406,#1411,.T.) ;
#1421=EDGE_CURVE('',#1413,#1420,#1418,.T.) ;
#1428=EDGE_CURVE('',#1420,#1427,#1425,.T.) ;
#1447=EDGE_CURVE('',#1427,#1446,#1429,.T.) ;
#1454=EDGE_CURVE('',#1446,#1453,#1451,.T.) ;
#1467=EDGE_CURVE('',#1453,#1466,#1455,.T.) ;
#1474=EDGE_CURVE('',#1466,#1473,#1471,.T.) ;
#1481=EDGE_CURVE('',#1473,#1480,#1478,.T.) ;
#1488=EDGE_CURVE('',#1480,#1487,#1485,.T.) ;
#1495=EDGE_CURVE('',#1487,#1494,#1492,.T.) ;
#1511=EDGE_CURVE('',#1494,#1510,#1496,.T.) ;
#1518=EDGE_CURVE('',#1510,#1517,#1515,.T.) ;
#1525=EDGE_CURVE('',#1517,#1524,#1522,.T.) ;
#1532=EDGE_CURVE('',#1524,#1531,#1529,.T.) ;
#1539=EDGE_CURVE('',#1531,#1538,#1536,.T.) ;
#1555=EDGE_CURVE('',#1538,#1554,#1540,.T.) ;
#1562=EDGE_CURVE('',#1554,#1561,#1559,.T.) ;
#1569=EDGE_CURVE('',#1561,#1568,#1566,.T.) ;
#1576=EDGE_CURVE('',#1568,#1575,#1573,.T.) ;
#1583=EDGE_CURVE('',#1575,#1582,#1580,.T.) ;
#1599=EDGE_CURVE('',#1582,#1598,#1584,.T.) ;
#1606=EDGE_CURVE('',#1598,#1605,#1603,.T.) ;
#1619=EDGE_CURVE('',#1605,#1618,#1607,.T.) ;
#1626=EDGE_CURVE('',#1618,#1625,#1623,.T.) ;
#1642=EDGE_CURVE('',#1625,#1641,#1627,.T.) ;
#1649=EDGE_CURVE('',#1641,#1648,#1646,.T.) ;
#1665=EDGE_CURVE('',#1648,#1664,#1650,.T.) ;
#1672=EDGE_CURVE('',#1664,#1671,#1669,.T.) ;
#1679=EDGE_CURVE('',#1671,#1678,#1676,.T.) ;
#1692=EDGE_CURVE('',#1678,#1691,#1680,.T.) ;
#1699=EDGE_CURVE('',#1691,#1698,#1696,.T.) ;
#1706=EDGE_CURVE('',#1698,#1705,#1703,.T.) ;
#1713=EDGE_CURVE('',#1705,#1712,#1710,.T.) ;
#1720=EDGE_CURVE('',#1712,#1719,#1717,.T.) ;
#1727=EDGE_CURVE('',#1719,#1726,#1724,.T.) ;
#1734=EDGE_CURVE('',#1726,#1733,#1731,.T.) ;
#1741=EDGE_CURVE('',#1733,#1740,#1738,.T.) ;
#1748=EDGE_CURVE('',#1740,#1747,#1745,.T.) ;
#1755=EDGE_CURVE('',#1747,#1754,#1752,.T.) ;
#1762=EDGE_CURVE('',#1754,#1761,#1759,.T.) ;
#1769=EDGE_CURVE('',#1761,#1768,#1766,.T.) ;
#1776=EDGE_CURVE('',#1768,#1775,#1773,.T.) ;
#1783=EDGE_CURVE('',#1775,#1782,#1780,.T.) ;
#1790=EDGE_CURVE('',#1782,#1789,#1787,.T.) ;
#1797=EDGE_CURVE('',#1789,#1796,#1794,.T.) ;
#1804=EDGE_CURVE('',#1796,#1803,#1801,.T.) ;
#1811=EDGE_CURVE('',#1803,#1810,#1808,.T.) ;
#1818=EDGE_CURVE('',#1810,#1817,#1815,.T.) ;
#1825=EDGE_CURVE('',#1817,#1824,#1822,.T.) ;
#1832=EDGE_CURVE('',#1824,#1831,#1829,.T.) ;
#1839=EDGE_CURVE('',#1831,#1838,#1836,.T.) ;
#1846=EDGE_CURVE('',#1838,#1845,#1843,.T.) ;
#1853=EDGE_CURVE('',#1845,#1852,#1850,.T.) ;
#1860=EDGE_CURVE('',#1852,#1859,#1857,.T.) ;
#1867=EDGE_CURVE('',#1859,#1866,#1864,.T.) ;
#1874=EDGE_CURVE('',#1866,#1873,#1871,.T.) ;
#1881=EDGE_CURVE('',#1873,#1880,#1878,.T.) ;
#1888=EDGE_CURVE('',#1880,#1887,#1885,.T.) ;
#1895=EDGE_CURVE('',#1887,#1894,#1892,.T.) ;
#1902=EDGE_CURVE('',#1894,#1901,#1899,.T.) ;
#1909=EDGE_CURVE('',#1901,#1908,#1906,.T.) ;
#1916=EDGE_CURVE('',#1908,#1915,#1913,.T.) ;
#1923=EDGE_CURVE('',#1915,#1922,#1920,.T.) ;
#1930=EDGE_CURVE('',#1922,#1929,#1927,.T.) ;
#1937=EDGE_CURVE('',#1929,#1936,#1934,.T.) ;
#1944=EDGE_CURVE('',#1936,#1943,#1941,.T.) ;
#1951=EDGE_CURVE('',#1943,#1950,#1948,.T.) ;
#1958=EDGE_CURVE('',#1950,#1957,#1955,.T.) ;
#1965=EDGE_CURVE('',#1957,#1964,#1962,.T.) ;
#1972=EDGE_CURVE('',#1964,#1971,#1969,.T.) ;
#1979=EDGE_CURVE('',#1971,#1978,#1976,.T.) ;
#1986=EDGE_CURVE('',#1978,#1985,#1983,.T.) ;
#1993=EDGE_CURVE('',#1985,#1992,#1990,.T.) ;
#2000=EDGE_CURVE('',#1992,#1999,#1997,.T.) ;
#2007=EDGE_CURVE('',#1999,#2006,#2004,.T.) ;
#2026=EDGE_CURVE('',#2006,#2025,#2008,.T.) ;
#2033=EDGE_CURVE('',#2025,#2032,#2030,.T.) ;
#2049=EDGE_CURVE('',#2032,#2048,#2034,.T.) ;
#2056=EDGE_CURVE('',#2048,#2055,#2053,.T.) ;
#2063=EDGE_CURVE('',#2055,#2062,#2060,.T.) ;
#2070=EDGE_CURVE('',#2062,#2069,#2067,.T.) ;
#2086=EDGE_CURVE('',#2069,#2085,#2071,.T.) ;
#2093=EDGE_CURVE('',#2085,#2092,#2090,.T.) ;
#2100=EDGE_CURVE('',#2092,#2099,#2097,.T.) ;
#2107=EDGE_CURVE('',#2099,#2106,#2104,.T.) ;
#2123=EDGE_CURVE('',#2106,#2122,#2108,.T.) ;
#2130=EDGE_CURVE('',#2122,#2129,#2127,.T.) ;
#2137=EDGE_CURVE('',#2129,#2136,#2134,.T.) ;
#2144=EDGE_CURVE('',#2136,#2143,#2141,.T.) ;
#2160=EDGE_CURVE('',#2143,#2159,#2145,.T.) ;
#2182=EDGE_CURVE('',#2159,#2181,#2161,.T.) ;
#2189=EDGE_CURVE('',#2181,#2188,#2186,.T.) ;
#2196=EDGE_CURVE('',#2188,#2195,#2193,.T.) ;
#2203=EDGE_CURVE('',#2195,#2202,#2200,.T.) ;
#2210=EDGE_CURVE('',#2202,#2209,#2207,.T.) ;
#2215=EDGE_CURVE('',#2209,#121,#2214,.T.) ;
#2453=EDGE_CURVE('',#2452,#176,#2450,.T.) ;
#2458=EDGE_CURVE('',#67,#2452,#2457,.T.) ;
#2480=EDGE_CURVE('',#2477,#2479,#2475,.T.) ;
#2487=EDGE_CURVE('',#2479,#2486,#2484,.T.) ;
#2506=EDGE_CURVE('',#2486,#2505,#2488,.T.) ;
#2513=EDGE_CURVE('',#2505,#2512,#2510,.T.) ;
#2532=EDGE_CURVE('',#2512,#2531,#2514,.T.) ;
#2539=EDGE_CURVE('',#2531,#2538,#2536,.T.) ;
#2546=EDGE_CURVE('',#2538,#2545,#2543,.T.) ;
#2553=EDGE_CURVE('',#2545,#2552,#2550,.T.) ;
#2566=EDGE_CURVE('',#2552,#2565,#2554,.T.) ;
#2576=EDGE_CURVE('',#2565,#2575,#2567,.T.) ;
#2589=EDGE_CURVE('',#2575,#2588,#2577,.T.) ;
#2596=EDGE_CURVE('',#2588,#2595,#2593,.T.) ;
#2609=EDGE_CURVE('',#2595,#2608,#2597,.T.) ;
#2619=EDGE_CURVE('',#2608,#2618,#2610,.T.) ;
#2632=EDGE_CURVE('',#2618,#2631,#2620,.T.) ;
#2639=EDGE_CURVE('',#2631,#2638,#2636,.T.) ;
#2652=EDGE_CURVE('',#2638,#2651,#2640,.T.) ;
#2662=EDGE_CURVE('',#2651,#2661,#2653,.T.) ;
#2675=EDGE_CURVE('',#2661,#2674,#2663,.T.) ;
#2682=EDGE_CURVE('',#2674,#2681,#2679,.T.) ;
#2689=EDGE_CURVE('',#2681,#2688,#2686,.T.) ;
#2696=EDGE_CURVE('',#2688,#2695,#2693,.T.) ;
#2709=EDGE_CURVE('',#2695,#2708,#2697,.T.) ;
#2716=EDGE_CURVE('',#2708,#2715,#2713,.T.) ;
#2723=EDGE_CURVE('',#2715,#2722,#2720,.T.) ;
#2730=EDGE_CURVE('',#2722,#2729,#2727,.T.) ;
#2737=EDGE_CURVE('',#2729,#2736,#2734,.T.) ;
#2744=EDGE_CURVE('',#2736,#2743,#2741,.T.) ;
#2751=EDGE_CURVE('',#2743,#2750,#2748,.T.) ;
#2758=EDGE_CURVE('',#2750,#2757,#2755,.T.) ;
#2765=EDGE_CURVE('',#2757,#2764,#2762,.T.) ;
#2772=EDGE_CURVE('',#2764,#2771,#2769,.T.) ;
#2779=EDGE_CURVE('',#2771,#2778,#2776,.T.) ;
#2786=EDGE_CURVE('',#2778,#2785,#2783,.T.) ;
#2793=EDGE_CURVE('',#2785,#2792,#2790,.T.) ;
#2800=EDGE_CURVE('',#2792,#2799,#2797,.T.) ;
#2807=EDGE_CURVE('',#2799,#2806,#2804,.T.) ;
#2814=EDGE_CURVE('',#2806,#2813,#2811,.T.) ;
#2821=EDGE_CURVE('',#2813,#2820,#2818,.T.) ;
#2828=EDGE_CURVE('',#2820,#2827,#2825,.T.) ;
#2835=EDGE_CURVE('',#2827,#2834,#2832,.T.) ;
#2842=EDGE_CURVE('',#2834,#2841,#2839,.T.) ;
#2849=EDGE_CURVE('',#2841,#2848,#2846,.T.) ;
#2856=EDGE_CURVE('',#2848,#2855,#2853,.T.) ;
#2863=EDGE_CURVE('',#2855,#2862,#2860,.T.) ;
#2870=EDGE_CURVE('',#2862,#2869,#2867,.T.) ;
#2877=EDGE_CURVE('',#2869,#2876,#2874,.T.) ;
#2884=EDGE_CURVE('',#2876,#2883,#2881,.T.) ;
#2891=EDGE_CURVE('',#2883,#2890,#2888,.T.) ;
#2898=EDGE_CURVE('',#2890,#2897,#2895,.T.) ;
#2905=EDGE_CURVE('',#2897,#2904,#2902,.T.) ;
#2912=EDGE_CURVE('',#2904,#2911,#2909,.T.) ;
#2919=EDGE_CURVE('',#2911,#2918,#2916,.T.) ;
#2926=EDGE_CURVE('',#2918,#2925,#2923,.T.) ;
#2933=EDGE_CURVE('',#2925,#2932,#2930,.T.) ;
#2940=EDGE_CURVE('',#2932,#2939,#2937,.T.) ;
#2947=EDGE_CURVE('',#2939,#2946,#2944,.T.) ;
#2954=EDGE_CURVE('',#2946,#2953,#2951,.T.) ;
#2961=EDGE_CURVE('',#2953,#2960,#2958,.T.) ;
#2968=EDGE_CURVE('',#2960,#2967,#2965,.T.) ;
#2975=EDGE_CURVE('',#2967,#2974,#2972,.T.) ;
#2982=EDGE_CURVE('',#2974,#2981,#2979,.T.) ;
#2989=EDGE_CURVE('',#2981,#2988,#2986,.T.) ;
#2996=EDGE_CURVE('',#2988,#2995,#2993,.T.) ;
#3003=EDGE_CURVE('',#2995,#3002,#3000,.T.) ;
#3010=EDGE_CURVE('',#3002,#3009,#3007,.T.) ;
#3023=EDGE_CURVE('',#3009,#3022,#3011,.T.) ;
#3030=EDGE_CURVE('',#3022,#3029,#3027,.T.) ;
#3043=EDGE_CURVE('',#3029,#3042,#3031,.T.) ;
#3050=EDGE_CURVE('',#3042,#3049,#3047,.T.) ;
#3057=EDGE_CURVE('',#3049,#3056,#3054,.T.) ;
#3064=EDGE_CURVE('',#3056,#3063,#3061,.T.) ;
#3071=EDGE_CURVE('',#3063,#3070,#3068,.T.) ;
#3078=EDGE_CURVE('',#3070,#3077,#3075,.T.) ;
#3085=EDGE_CURVE('',#3077,#3084,#3082,.T.) ;
#3098=EDGE_CURVE('',#3084,#3097,#3086,.T.) ;
#3105=EDGE_CURVE('',#3097,#3104,#3102,.T.) ;
#3118=EDGE_CURVE('',#3104,#3117,#3106,.T.) ;
#3128=EDGE_CURVE('',#3117,#3127,#3119,.T.) ;
#3138=EDGE_CURVE('',#3127,#3137,#3129,.T.) ;
#3151=EDGE_CURVE('',#3137,#3150,#3139,.T.) ;
#3158=EDGE_CURVE('',#3150,#3157,#3155,.T.) ;
#3171=EDGE_CURVE('',#3157,#3170,#3159,.T.) ;
#3181=EDGE_CURVE('',#3170,#3180,#3172,.T.) ;
#3191=EDGE_CURVE('',#3180,#3190,#3182,.T.) ;
#3204=EDGE_CURVE('',#3190,#3203,#3192,.T.) ;
#3211=EDGE_CURVE('',#3203,#3210,#3208,.T.) ;
#3224=EDGE_CURVE('',#3210,#3223,#3212,.T.) ;
#3234=EDGE_CURVE('',#3223,#3233,#3225,.T.) ;
#3244=EDGE_CURVE('',#3233,#3243,#3235,.T.) ;
#3254=EDGE_CURVE('',#3243,#3253,#3245,.T.) ;
#3261=EDGE_CURVE('',#3253,#3260,#3258,.T.) ;
#3268=EDGE_CURVE('',#3260,#3267,#3265,.T.) ;
#3275=EDGE_CURVE('',#3267,#3274,#3272,.T.) ;
#3282=EDGE_CURVE('',#3274,#3281,#3279,.T.) ;
#3298=EDGE_CURVE('',#3281,#3297,#3283,.T.) ;
#3305=EDGE_CURVE('',#3304,#3297,#3302,.T.) ;
#3324=EDGE_CURVE('',#3323,#3304,#3306,.T.) ;
#3331=EDGE_CURVE('',#3330,#3323,#3328,.T.) ;
#3338=EDGE_CURVE('',#3337,#3330,#3335,.T.) ;
#3345=EDGE_CURVE('',#3344,#3337,#3342,.T.) ;
#3352=EDGE_CURVE('',#3351,#3344,#3349,.T.) ;
#3359=EDGE_CURVE('',#3358,#3351,#3356,.T.) ;
#3366=EDGE_CURVE('',#3365,#3358,#3363,.T.) ;
#3373=EDGE_CURVE('',#3372,#3365,#3370,.T.) ;
#3380=EDGE_CURVE('',#3379,#3372,#3377,.T.) ;
#3387=EDGE_CURVE('',#3386,#3379,#3384,.T.) ;
#3394=EDGE_CURVE('',#3393,#3386,#3391,.T.) ;
#3401=EDGE_CURVE('',#3400,#3393,#3398,.T.) ;
#3408=EDGE_CURVE('',#3407,#3400,#3405,.T.) ;
#3415=EDGE_CURVE('',#3414,#3407,#3412,.T.) ;
#3434=EDGE_CURVE('',#3433,#3414,#3416,.T.) ;
#3441=EDGE_CURVE('',#3440,#3433,#3438,.T.) ;
#3448=EDGE_CURVE('',#3447,#3440,#3445,.T.) ;
#3455=EDGE_CURVE('',#3454,#3447,#3452,.T.) ;
#3462=EDGE_CURVE('',#3461,#3454,#3459,.T.) ;
#3469=EDGE_CURVE('',#3468,#3461,#3466,.T.) ;
#3488=EDGE_CURVE('',#3487,#3468,#3470,.T.) ;
#3495=EDGE_CURVE('',#3494,#3487,#3492,.T.) ;
#3502=EDGE_CURVE('',#3501,#3494,#3499,.T.) ;
#3509=EDGE_CURVE('',#3508,#3501,#3506,.T.) ;
#3516=EDGE_CURVE('',#3515,#3508,#3513,.T.) ;
#3523=EDGE_CURVE('',#3522,#3515,#3520,.T.) ;
#3530=EDGE_CURVE('',#3529,#3522,#3527,.T.) ;
#3537=EDGE_CURVE('',#3536,#3529,#3534,.T.) ;
#3544=EDGE_CURVE('',#3543,#3536,#3541,.T.) ;
#3551=EDGE_CURVE('',#3550,#3543,#3548,.T.) ;
#3558=EDGE_CURVE('',#3557,#3550,#3555,.T.) ;
#3565=EDGE_CURVE('',#3564,#3557,#3562,.T.) ;
#3572=EDGE_CURVE('',#3571,#3564,#3569,.T.) ;
#3579=EDGE_CURVE('',#3578,#3571,#3576,.T.) ;
#3598=EDGE_CURVE('',#3597,#3578,#3580,.T.) ;
#3605=EDGE_CURVE('',#3604,#3597,#3602,.T.) ;
#3621=EDGE_CURVE('',#3604,#3620,#3606,.T.) ;
#3628=EDGE_CURVE('',#3620,#3627,#3625,.T.) ;
#3635=EDGE_CURVE('',#3627,#3634,#3632,.T.) ;
#3642=EDGE_CURVE('',#3634,#3641,#3639,.T.) ;
#3649=EDGE_CURVE('',#3641,#3648,#3646,.T.) ;
#3659=EDGE_CURVE('',#3648,#3658,#3650,.T.) ;
#3669=EDGE_CURVE('',#3658,#3668,#3660,.T.) ;
#3679=EDGE_CURVE('',#3668,#3678,#3670,.T.) ;
#3692=EDGE_CURVE('',#3678,#3691,#3680,.T.) ;
#3699=EDGE_CURVE('',#3691,#3698,#3696,.T.) ;
#3712=EDGE_CURVE('',#3698,#3711,#3700,.T.) ;
#3722=EDGE_CURVE('',#3711,#3721,#3713,.T.) ;
#3732=EDGE_CURVE('',#3721,#3731,#3723,.T.) ;
#3745=EDGE_CURVE('',#3731,#3744,#3733,.T.) ;
#3752=EDGE_CURVE('',#3744,#3751,#3749,.T.) ;
#3765=EDGE_CURVE('',#3751,#3764,#3753,.T.) ;
#3775=EDGE_CURVE('',#3764,#3774,#3766,.T.) ;
#3785=EDGE_CURVE('',#3774,#3784,#3776,.T.) ;
#3798=EDGE_CURVE('',#3784,#3797,#3786,.T.) ;
#3805=EDGE_CURVE('',#3797,#3804,#3802,.T.) ;
#3818=EDGE_CURVE('',#3804,#3817,#3806,.T.) ;
#3825=EDGE_CURVE('',#3817,#3824,#3822,.T.) ;
#3832=EDGE_CURVE('',#3824,#3831,#3829,.T.) ;
#3839=EDGE_CURVE('',#3831,#3838,#3836,.T.) ;
#3846=EDGE_CURVE('',#3838,#3845,#3843,.T.) ;
#3853=EDGE_CURVE('',#3845,#3852,#3850,.T.) ;
#3860=EDGE_CURVE('',#3852,#3859,#3857,.T.) ;
#3873=EDGE_CURVE('',#3859,#3872,#3861,.T.) ;
#3880=EDGE_CURVE('',#3872,#3879,#3877,.T.) ;
#3893=EDGE_CURVE('',#3879,#3892,#3881,.T.) ;
#3900=EDGE_CURVE('',#3892,#3899,#3897,.T.) ;
#3907=EDGE_CURVE('',#3899,#3906,#3904,.T.) ;
#3914=EDGE_CURVE('',#3906,#3913,#3911,.T.) ;
#3921=EDGE_CURVE('',#3913,#3920,#3918,.T.) ;
#3928=EDGE_CURVE('',#3920,#3927,#3925,.T.) ;
#3935=EDGE_CURVE('',#3927,#3934,#3932,.T.) ;
#3942=EDGE_CURVE('',#3934,#3941,#3939,.T.) ;
#3949=EDGE_CURVE('',#3941,#3948,#3946,.T.) ;
#3956=EDGE_CURVE('',#3948,#3955,#3953,.T.) ;
#3963=EDGE_CURVE('',#3955,#3962,#3960,.T.) ;
#3970=EDGE_CURVE('',#3962,#3969,#3967,.T.) ;
#3977=EDGE_CURVE('',#3969,#3976,#3974,.T.) ;
#3984=EDGE_CURVE('',#3976,#3983,#3981,.T.) ;
#3991=EDGE_CURVE('',#3983,#3990,#3988,.T.) ;
#3998=EDGE_CURVE('',#3990,#3997,#3995,.T.) ;
#4005=EDGE_CURVE('',#3997,#4004,#4002,.T.) ;
#4012=EDGE_CURVE('',#4004,#4011,#4009,.T.) ;
#4019=EDGE_CURVE('',#4011,#4018,#4016,.T.) ;
#4026=EDGE_CURVE('',#4018,#4025,#4023,.T.) ;
#4033=EDGE_CURVE('',#4025,#4032,#4030,.T.) ;
#4040=EDGE_CURVE('',#4032,#4039,#4037,.T.) ;
#4047=EDGE_CURVE('',#4039,#4046,#4044,.T.) ;
#4054=EDGE_CURVE('',#4046,#4053,#4051,.T.) ;
#4061=EDGE_CURVE('',#4053,#4060,#4058,.T.) ;
#4068=EDGE_CURVE('',#4060,#4067,#4065,.T.) ;
#4075=EDGE_CURVE('',#4067,#4074,#4072,.T.) ;
#4082=EDGE_CURVE('',#4074,#4081,#4079,.T.) ;
#4089=EDGE_CURVE('',#4081,#4088,#4086,.T.) ;
#4096=EDGE_CURVE('',#4088,#4095,#4093,.T.) ;
#4103=EDGE_CURVE('',#4095,#4102,#4100,.T.) ;
#4110=EDGE_CURVE('',#4102,#4109,#4107,.T.) ;
#4117=EDGE_CURVE('',#4109,#4116,#4114,.T.) ;
#4124=EDGE_CURVE('',#4116,#4123,#4121,.T.) ;
#4131=EDGE_CURVE('',#4123,#4130,#4128,.T.) ;
#4138=EDGE_CURVE('',#4130,#4137,#4135,.T.) ;
#4145=EDGE_CURVE('',#4137,#4144,#4142,.T.) ;
#4152=EDGE_CURVE('',#4144,#4151,#4149,.T.) ;
#4159=EDGE_CURVE('',#4151,#4158,#4156,.T.) ;
#4166=EDGE_CURVE('',#4158,#4165,#4163,.T.) ;
#4173=EDGE_CURVE('',#4165,#4172,#4170,.T.) ;
#4180=EDGE_CURVE('',#4172,#4179,#4177,.T.) ;
#4187=EDGE_CURVE('',#4179,#4186,#4184,.T.) ;
#4194=EDGE_CURVE('',#4186,#4193,#4191,.T.) ;
#4207=EDGE_CURVE('',#4193,#4206,#4195,.T.) ;
#4214=EDGE_CURVE('',#4206,#4213,#4211,.T.) ;
#4221=EDGE_CURVE('',#4213,#4220,#4218,.T.) ;
#4228=EDGE_CURVE('',#4220,#4227,#4225,.T.) ;
#4241=EDGE_CURVE('',#4227,#4240,#4229,.T.) ;
#4251=EDGE_CURVE('',#4240,#4250,#4242,.T.) ;
#4264=EDGE_CURVE('',#4250,#4263,#4252,.T.) ;
#4271=EDGE_CURVE('',#4263,#4270,#4268,.T.) ;
#4282=EDGE_CURVE('',#4270,#74,#4272,.T.) ;
#4289=EDGE_CURVE('',#2452,#4288,#4286,.T.) ;
#4302=EDGE_CURVE('',#4288,#4301,#4290,.T.) ;
#4312=EDGE_CURVE('',#4301,#4311,#4303,.T.) ;
#4325=EDGE_CURVE('',#4311,#4324,#4313,.T.) ;
#4330=EDGE_CURVE('',#4324,#2477,#4329,.T.) ;
#4566=EDGE_CURVE('',#4270,#188,#4565,.T.) ;
#4584=EDGE_CURVE('',#121,#2479,#4583,.F.) ;
#4589=EDGE_CURVE('',#2477,#123,#4588,.T.) ;
#4607=EDGE_CURVE('',#4324,#139,#4606,.T.) ;
#4625=EDGE_CURVE('',#4311,#146,#4624,.T.) ;
#4643=EDGE_CURVE('',#4301,#153,#4642,.T.) ;
#4661=EDGE_CURVE('',#4288,#160,#4660,.T.) ;
#4692=EDGE_CURVE('',#4263,#204,#4691,.T.) ;
#4710=EDGE_CURVE('',#4250,#211,#4709,.T.) ;
#4728=EDGE_CURVE('',#4240,#218,#4727,.T.) ;
#4746=EDGE_CURVE('',#4227,#225,#4745,.T.) ;
#4764=EDGE_CURVE('',#4220,#241,#4763,.T.) ;
#4782=EDGE_CURVE('',#4213,#248,#4781,.T.) ;
#4800=EDGE_CURVE('',#4206,#267,#4799,.T.) ;
#4818=EDGE_CURVE('',#274,#4193,#4817,.F.) ;
#4836=EDGE_CURVE('',#4186,#281,#4835,.T.) ;
#4854=EDGE_CURVE('',#4179,#288,#4853,.T.) ;
#4872=EDGE_CURVE('',#4172,#295,#4871,.T.) ;
#4890=EDGE_CURVE('',#4165,#302,#4889,.T.) ;
#4908=EDGE_CURVE('',#4158,#309,#4907,.T.) ;
#4926=EDGE_CURVE('',#4151,#316,#4925,.T.) ;
#4944=EDGE_CURVE('',#4144,#323,#4943,.T.) ;
#4962=EDGE_CURVE('',#4137,#330,#4961,.T.) ;
#4980=EDGE_CURVE('',#4130,#337,#4979,.T.) ;
#4998=EDGE_CURVE('',#4123,#344,#4997,.T.) ;
#5016=EDGE_CURVE('',#4116,#351,#5015,.T.) ;
#5034=EDGE_CURVE('',#4109,#358,#5033,.T.) ;
#5052=EDGE_CURVE('',#4102,#365,#5051,.T.) ;
#5070=EDGE_CURVE('',#4095,#372,#5069,.T.) ;
#5088=EDGE_CURVE('',#4088,#379,#5087,.T.) ;
#5106=EDGE_CURVE('',#4081,#386,#5105,.T.) ;
#5124=EDGE_CURVE('',#4074,#393,#5123,.T.) ;
#5142=EDGE_CURVE('',#4067,#400,#5141,.T.) ;
#5160=EDGE_CURVE('',#4060,#407,#5159,.T.) ;
#5178=EDGE_CURVE('',#4053,#414,#5177,.T.) ;
#5196=EDGE_CURVE('',#4046,#421,#5195,.T.) ;
#5214=EDGE_CURVE('',#4039,#428,#5213,.T.) ;
#5232=EDGE_CURVE('',#4032,#435,#5231,.T.) ;
#5250=EDGE_CURVE('',#4025,#442,#5249,.T.) ;
#5268=EDGE_CURVE('',#4018,#449,#5267,.T.) ;
#5286=EDGE_CURVE('',#4011,#456,#5285,.T.) ;
#5304=EDGE_CURVE('',#4004,#463,#5303,.T.) ;
#5322=EDGE_CURVE('',#3997,#470,#5321,.T.) ;
#5340=EDGE_CURVE('',#3990,#477,#5339,.T.) ;
#5358=EDGE_CURVE('',#3983,#484,#5357,.T.) ;
#5376=EDGE_CURVE('',#3976,#491,#5375,.T.) ;
#5394=EDGE_CURVE('',#3969,#498,#5393,.T.) ;
#5412=EDGE_CURVE('',#3962,#505,#5411,.T.) ;
#5430=EDGE_CURVE('',#3955,#512,#5429,.T.) ;
#5448=EDGE_CURVE('',#3948,#519,#5447,.T.) ;
#5466=EDGE_CURVE('',#3941,#526,#5465,.T.) ;
#5484=EDGE_CURVE('',#3934,#533,#5483,.T.) ;
#5502=EDGE_CURVE('',#3927,#540,#5501,.T.) ;
#5520=EDGE_CURVE('',#3920,#547,#5519,.T.) ;
#5538=EDGE_CURVE('',#3913,#554,#5537,.T.) ;
#5556=EDGE_CURVE('',#3906,#561,#5555,.T.) ;
#5574=EDGE_CURVE('',#3899,#568,#5573,.T.) ;
#5592=EDGE_CURVE('',#3892,#575,#5591,.T.) ;
#5610=EDGE_CURVE('',#3879,#582,#5609,.T.) ;
#5628=EDGE_CURVE('',#3872,#595,#5627,.T.) ;
#5646=EDGE_CURVE('',#3859,#602,#5645,.T.) ;
#5664=EDGE_CURVE('',#3852,#609,#5663,.T.) ;
#5682=EDGE_CURVE('',#625,#3845,#5681,.F.) ;
#5700=EDGE_CURVE('',#632,#3838,#5699,.T.) ;
#5718=EDGE_CURVE('',#3831,#648,#5717,.T.) ;
#5736=EDGE_CURVE('',#3824,#655,#5735,.T.) ;
#5754=EDGE_CURVE('',#3817,#668,#5753,.T.) ;
#5772=EDGE_CURVE('',#3804,#675,#5771,.T.) ;
#5790=EDGE_CURVE('',#3797,#691,#5789,.T.) ;
#5808=EDGE_CURVE('',#3784,#698,#5807,.T.) ;
#5826=EDGE_CURVE('',#3774,#705,#5825,.T.) ;
#5844=EDGE_CURVE('',#3764,#712,#5843,.T.) ;
#5862=EDGE_CURVE('',#3751,#719,#5861,.T.) ;
#5880=EDGE_CURVE('',#3744,#735,#5879,.T.) ;
#5898=EDGE_CURVE('',#3731,#742,#5897,.T.) ;
#5916=EDGE_CURVE('',#3721,#749,#5915,.T.) ;
#5934=EDGE_CURVE('',#3711,#756,#5933,.T.) ;
#5952=EDGE_CURVE('',#3698,#763,#5951,.T.) ;
#5970=EDGE_CURVE('',#3691,#779,#5969,.T.) ;
#5988=EDGE_CURVE('',#3678,#786,#5987,.T.) ;
#6006=EDGE_CURVE('',#3668,#793,#6005,.T.) ;
#6024=EDGE_CURVE('',#3658,#800,#6023,.T.) ;
#6042=EDGE_CURVE('',#3648,#807,#6041,.T.) ;
#6060=EDGE_CURVE('',#3641,#820,#6059,.T.) ;
#6078=EDGE_CURVE('',#3634,#827,#6077,.T.) ;
#6096=EDGE_CURVE('',#846,#3627,#6095,.F.) ;
#6114=EDGE_CURVE('',#3620,#853,#6113,.T.) ;
#6132=EDGE_CURVE('',#860,#3604,#6131,.F.) ;
#6150=EDGE_CURVE('',#867,#3597,#6149,.T.) ;
#6168=EDGE_CURVE('',#874,#3578,#6167,.T.) ;
#6186=EDGE_CURVE('',#881,#3571,#6185,.T.) ;
#6204=EDGE_CURVE('',#909,#3564,#6203,.T.) ;
#6222=EDGE_CURVE('',#916,#3557,#6221,.T.) ;
#6240=EDGE_CURVE('',#944,#3550,#6239,.T.) ;
#6258=EDGE_CURVE('',#951,#3543,#6257,.T.) ;
#6276=EDGE_CURVE('',#979,#3536,#6275,.T.) ;
#6294=EDGE_CURVE('',#986,#3529,#6293,.T.) ;
#6312=EDGE_CURVE('',#1014,#3522,#6311,.T.) ;
#6330=EDGE_CURVE('',#1021,#3515,#6329,.T.) ;
#6348=EDGE_CURVE('',#1049,#3508,#6347,.T.) ;
#6366=EDGE_CURVE('',#1056,#3501,#6365,.T.) ;
#6384=EDGE_CURVE('',#1084,#3494,#6383,.T.) ;
#6402=EDGE_CURVE('',#1091,#3487,#6401,.T.) ;
#6420=EDGE_CURVE('',#3468,#1098,#6419,.F.) ;
#6438=EDGE_CURVE('',#1105,#3461,#6437,.T.) ;
#6456=EDGE_CURVE('',#1133,#3454,#6455,.T.) ;
#6474=EDGE_CURVE('',#1140,#3447,#6473,.T.) ;
#6492=EDGE_CURVE('',#1168,#3440,#6491,.T.) ;
#6510=EDGE_CURVE('',#1175,#3433,#6509,.T.) ;
#6528=EDGE_CURVE('',#1182,#3414,#6527,.T.) ;
#6546=EDGE_CURVE('',#1189,#3407,#6545,.T.) ;
#6564=EDGE_CURVE('',#1217,#3400,#6563,.T.) ;
#6582=EDGE_CURVE('',#1224,#3393,#6581,.T.) ;
#6600=EDGE_CURVE('',#1252,#3386,#6599,.T.) ;
#6618=EDGE_CURVE('',#1259,#3379,#6617,.T.) ;
#6636=EDGE_CURVE('',#1287,#3372,#6635,.T.) ;
#6654=EDGE_CURVE('',#1294,#3365,#6653,.T.) ;
#6672=EDGE_CURVE('',#1322,#3358,#6671,.T.) ;
#6690=EDGE_CURVE('',#1329,#3351,#6689,.T.) ;
#6708=EDGE_CURVE('',#1357,#3344,#6707,.T.) ;
#6726=EDGE_CURVE('',#1364,#3337,#6725,.T.) ;
#6744=EDGE_CURVE('',#1392,#3330,#6743,.T.) ;
#6762=EDGE_CURVE('',#1399,#3323,#6761,.T.) ;
#6780=EDGE_CURVE('',#1406,#3304,#6779,.T.) ;
#6798=EDGE_CURVE('',#3297,#1413,#6797,.T.) ;
#6816=EDGE_CURVE('',#1420,#3281,#6815,.F.) ;
#6834=EDGE_CURVE('',#1427,#3274,#6833,.T.) ;
#6852=EDGE_CURVE('',#3267,#1446,#6851,.T.) ;
#6870=EDGE_CURVE('',#3260,#1453,#6869,.T.) ;
#6888=EDGE_CURVE('',#3253,#1466,#6887,.T.) ;
#6906=EDGE_CURVE('',#3243,#1473,#6905,.T.) ;
#6924=EDGE_CURVE('',#1480,#3233,#6923,.F.) ;
#6942=EDGE_CURVE('',#3223,#1487,#6941,.T.) ;
#6960=EDGE_CURVE('',#3210,#1494,#6959,.T.) ;
#6978=EDGE_CURVE('',#3203,#1510,#6977,.T.) ;
#6996=EDGE_CURVE('',#3190,#1517,#6995,.T.) ;
#7014=EDGE_CURVE('',#1524,#3180,#7013,.F.) ;
#7032=EDGE_CURVE('',#3170,#1531,#7031,.T.) ;
#7050=EDGE_CURVE('',#3157,#1538,#7049,.T.) ;
#7068=EDGE_CURVE('',#3150,#1554,#7067,.T.) ;
#7086=EDGE_CURVE('',#3137,#1561,#7085,.T.) ;
#7104=EDGE_CURVE('',#1568,#3127,#7103,.F.) ;
#7122=EDGE_CURVE('',#3117,#1575,#7121,.T.) ;
#7140=EDGE_CURVE('',#3104,#1582,#7139,.T.) ;
#7158=EDGE_CURVE('',#3097,#1598,#7157,.T.) ;
#7176=EDGE_CURVE('',#3084,#1605,#7175,.T.) ;
#7194=EDGE_CURVE('',#3077,#1618,#7193,.T.) ;
#7212=EDGE_CURVE('',#3070,#1625,#7211,.T.) ;
#7230=EDGE_CURVE('',#1641,#3063,#7229,.F.) ;
#7248=EDGE_CURVE('',#1648,#3056,#7247,.T.) ;
#7266=EDGE_CURVE('',#3049,#1664,#7265,.T.) ;
#7284=EDGE_CURVE('',#3042,#1671,#7283,.T.) ;
#7302=EDGE_CURVE('',#3029,#1678,#7301,.T.) ;
#7320=EDGE_CURVE('',#3022,#1691,#7319,.T.) ;
#7338=EDGE_CURVE('',#1698,#3009,#7337,.F.) ;
#7356=EDGE_CURVE('',#3002,#1705,#7355,.T.) ;
#7374=EDGE_CURVE('',#2995,#1712,#7373,.T.) ;
#7392=EDGE_CURVE('',#2988,#1719,#7391,.T.) ;
#7410=EDGE_CURVE('',#2981,#1726,#7409,.T.) ;
#7428=EDGE_CURVE('',#2974,#1733,#7427,.T.) ;
#7446=EDGE_CURVE('',#2967,#1740,#7445,.T.) ;
#7464=EDGE_CURVE('',#2960,#1747,#7463,.T.) ;
#7482=EDGE_CURVE('',#2953,#1754,#7481,.T.) ;
#7500=EDGE_CURVE('',#2946,#1761,#7499,.T.) ;
#7518=EDGE_CURVE('',#2939,#1768,#7517,.T.) ;
#7536=EDGE_CURVE('',#2932,#1775,#7535,.T.) ;
#7554=EDGE_CURVE('',#2925,#1782,#7553,.T.) ;
#7572=EDGE_CURVE('',#2918,#1789,#7571,.T.) ;
#7590=EDGE_CURVE('',#2911,#1796,#7589,.T.) ;
#7608=EDGE_CURVE('',#2904,#1803,#7607,.T.) ;
#7626=EDGE_CURVE('',#2897,#1810,#7625,.T.) ;
#7644=EDGE_CURVE('',#2890,#1817,#7643,.T.) ;
#7662=EDGE_CURVE('',#2883,#1824,#7661,.T.) ;
#7680=EDGE_CURVE('',#2876,#1831,#7679,.T.) ;
#7698=EDGE_CURVE('',#2869,#1838,#7697,.T.) ;
#7716=EDGE_CURVE('',#2862,#1845,#7715,.T.) ;
#7734=EDGE_CURVE('',#2855,#1852,#7733,.T.) ;
#7752=EDGE_CURVE('',#2848,#1859,#7751,.T.) ;
#7770=EDGE_CURVE('',#2841,#1866,#7769,.T.) ;
#7788=EDGE_CURVE('',#2834,#1873,#7787,.T.) ;
#7806=EDGE_CURVE('',#2827,#1880,#7805,.T.) ;
#7824=EDGE_CURVE('',#2820,#1887,#7823,.T.) ;
#7842=EDGE_CURVE('',#2813,#1894,#7841,.T.) ;
#7860=EDGE_CURVE('',#2806,#1901,#7859,.T.) ;
#7878=EDGE_CURVE('',#2799,#1908,#7877,.T.) ;
#7896=EDGE_CURVE('',#2792,#1915,#7895,.T.) ;
#7914=EDGE_CURVE('',#2785,#1922,#7913,.T.) ;
#7932=EDGE_CURVE('',#2778,#1929,#7931,.T.) ;
#7950=EDGE_CURVE('',#2771,#1936,#7949,.T.) ;
#7968=EDGE_CURVE('',#2764,#1943,#7967,.T.) ;
#7986=EDGE_CURVE('',#2757,#1950,#7985,.T.) ;
#8004=EDGE_CURVE('',#2750,#1957,#8003,.T.) ;
#8022=EDGE_CURVE('',#2743,#1964,#8021,.T.) ;
#8040=EDGE_CURVE('',#2736,#1971,#8039,.T.) ;
#8058=EDGE_CURVE('',#2729,#1978,#8057,.T.) ;
#8076=EDGE_CURVE('',#2722,#1985,#8075,.T.) ;
#8094=EDGE_CURVE('',#2715,#1992,#8093,.T.) ;
#8112=EDGE_CURVE('',#2708,#1999,#8111,.T.) ;
#8130=EDGE_CURVE('',#2695,#2006,#8129,.T.) ;
#8148=EDGE_CURVE('',#2688,#2025,#8147,.T.) ;
#8166=EDGE_CURVE('',#2681,#2032,#8165,.T.) ;
#8184=EDGE_CURVE('',#2674,#2048,#8183,.T.) ;
#8202=EDGE_CURVE('',#2661,#2055,#8201,.T.) ;
#8220=EDGE_CURVE('',#2651,#2062,#8219,.T.) ;
#8238=EDGE_CURVE('',#2638,#2069,#8237,.T.) ;
#8256=EDGE_CURVE('',#2631,#2085,#8255,.T.) ;
#8274=EDGE_CURVE('',#2618,#2092,#8273,.T.) ;
#8292=EDGE_CURVE('',#2608,#2099,#8291,.T.) ;
#8310=EDGE_CURVE('',#2595,#2106,#8309,.T.) ;
#8328=EDGE_CURVE('',#2588,#2122,#8327,.T.) ;
#8346=EDGE_CURVE('',#2575,#2129,#8345,.T.) ;
#8364=EDGE_CURVE('',#2565,#2136,#8363,.T.) ;
#8382=EDGE_CURVE('',#2552,#2143,#8381,.T.) ;
#8400=EDGE_CURVE('',#2545,#2159,#8399,.T.) ;
#8418=EDGE_CURVE('',#2181,#2538,#8417,.F.) ;
#8436=EDGE_CURVE('',#2531,#2188,#8435,.T.) ;
#8454=EDGE_CURVE('',#2512,#2195,#8453,.T.) ;
#8472=EDGE_CURVE('',#2505,#2202,#8471,.T.) ;
#8490=EDGE_CURVE('',#2486,#2209,#8489,.T.) ;
#8551=EDGE_CURVE('',#8548,#8550,#8546,.T.) ;
#8558=EDGE_CURVE('',#8557,#8550,#8555,.T.) ;
#8565=EDGE_CURVE('',#8557,#8564,#8562,.F.) ;
#8570=EDGE_CURVE('',#8564,#8548,#8569,.T.) ;
#8590=EDGE_CURVE('',#8589,#8548,#8587,.T.) ;
#8597=EDGE_CURVE('',#8596,#8589,#8594,.T.) ;
#8604=EDGE_CURVE('',#8603,#8596,#8601,.T.) ;
#8623=EDGE_CURVE('',#8622,#8603,#8605,.T.) ;
#8630=EDGE_CURVE('',#8629,#8622,#8627,.T.) ;
#8646=EDGE_CURVE('',#8645,#8629,#8631,.T.) ;
#8653=EDGE_CURVE('',#8652,#8645,#8650,.T.) ;
#8669=EDGE_CURVE('',#8668,#8652,#8654,.T.) ;
#8676=EDGE_CURVE('',#8675,#8668,#8673,.T.) ;
#8683=EDGE_CURVE('',#8682,#8675,#8680,.T.) ;
#8690=EDGE_CURVE('',#8689,#8682,#8687,.T.) ;
#8697=EDGE_CURVE('',#8696,#8689,#8694,.T.) ;
#8704=EDGE_CURVE('',#8703,#8696,#8701,.T.) ;
#8711=EDGE_CURVE('',#8710,#8703,#8708,.T.) ;
#8718=EDGE_CURVE('',#8717,#8710,#8715,.T.) ;
#8725=EDGE_CURVE('',#8724,#8717,#8722,.T.) ;
#8732=EDGE_CURVE('',#8731,#8724,#8729,.T.) ;
#8748=EDGE_CURVE('',#8747,#8731,#8733,.T.) ;
#8755=EDGE_CURVE('',#8754,#8747,#8752,.T.) ;
#8771=EDGE_CURVE('',#8770,#8754,#8756,.T.) ;
#8778=EDGE_CURVE('',#8777,#8770,#8775,.T.) ;
#8797=EDGE_CURVE('',#8796,#8777,#8779,.T.) ;
#8802=EDGE_CURVE('',#8550,#8796,#8801,.T.) ;
#8842=EDGE_CURVE('',#8841,#8796,#8839,.T.) ;
#8847=EDGE_CURVE('',#8841,#8557,#8846,.T.) ;
#8878=EDGE_CURVE('',#8875,#8877,#8861,.T.) ;
#8883=EDGE_CURVE('',#8564,#8875,#8882,.T.) ;
#8890=EDGE_CURVE('',#8889,#8841,#8887,.T.) ;
#8897=EDGE_CURVE('',#8896,#8889,#8894,.T.) ;
#8904=EDGE_CURVE('',#8903,#8896,#8901,.T.) ;
#8911=EDGE_CURVE('',#8910,#8903,#8908,.T.) ;
#8918=EDGE_CURVE('',#8917,#8910,#8915,.T.) ;
#8925=EDGE_CURVE('',#8924,#8917,#8922,.T.) ;
#8941=EDGE_CURVE('',#8940,#8924,#8926,.T.) ;
#8948=EDGE_CURVE('',#8947,#8940,#8945,.T.) ;
#8964=EDGE_CURVE('',#8963,#8947,#8949,.T.) ;
#8971=EDGE_CURVE('',#8970,#8963,#8968,.T.) ;
#8987=EDGE_CURVE('',#8986,#8970,#8972,.T.) ;
#8994=EDGE_CURVE('',#8993,#8986,#8991,.T.) ;
#9010=EDGE_CURVE('',#9009,#8993,#8995,.T.) ;
#9017=EDGE_CURVE('',#9016,#9009,#9014,.T.) ;
#9024=EDGE_CURVE('',#9023,#9016,#9021,.T.) ;
#9031=EDGE_CURVE('',#9030,#9023,#9028,.T.) ;
#9038=EDGE_CURVE('',#9037,#9030,#9035,.T.) ;
#9045=EDGE_CURVE('',#9044,#9037,#9042,.T.) ;
#9052=EDGE_CURVE('',#9051,#9044,#9049,.T.) ;
#9057=EDGE_CURVE('',#8877,#9051,#9056,.T.) ;
#9095=EDGE_CURVE('',#8875,#8589,#9094,.T.) ;
#9113=EDGE_CURVE('',#8877,#8596,#9112,.T.) ;
#9131=EDGE_CURVE('',#9051,#8603,#9130,.T.) ;
#9149=EDGE_CURVE('',#9044,#8622,#9148,.T.) ;
#9167=EDGE_CURVE('',#9037,#8629,#9166,.T.) ;
#9185=EDGE_CURVE('',#9030,#8645,#9184,.T.) ;
#9203=EDGE_CURVE('',#9023,#8652,#9202,.T.) ;
#9221=EDGE_CURVE('',#9016,#8668,#9220,.T.) ;
#9239=EDGE_CURVE('',#9009,#8675,#9238,.T.) ;
#9257=EDGE_CURVE('',#8993,#8682,#9256,.T.) ;
#9275=EDGE_CURVE('',#8986,#8689,#9274,.T.) ;
#9293=EDGE_CURVE('',#8970,#8696,#9292,.T.) ;
#9311=EDGE_CURVE('',#8963,#8703,#9310,.T.) ;
#9329=EDGE_CURVE('',#8947,#8710,#9328,.T.) ;
#9347=EDGE_CURVE('',#8940,#8717,#9346,.T.) ;
#9365=EDGE_CURVE('',#8924,#8724,#9364,.T.) ;
#9383=EDGE_CURVE('',#8917,#8731,#9382,.T.) ;
#9401=EDGE_CURVE('',#8910,#8747,#9400,.T.) ;
#9419=EDGE_CURVE('',#8903,#8754,#9418,.T.) ;
#9437=EDGE_CURVE('',#8896,#8770,#9436,.T.) ;
#9455=EDGE_CURVE('',#8889,#8777,#9454,.T.) ;
#9529=EDGE_CURVE('',#9526,#9528,#9524,.T.) ;
#9536=EDGE_CURVE('',#9535,#9526,#9533,.T.) ;
#9543=EDGE_CURVE('',#9542,#9535,#9540,.T.) ;
#9548=EDGE_CURVE('',#9528,#9542,#9547,.T.) ;
#9577=EDGE_CURVE('',#9574,#9576,#9572,.T.) ;
#9596=EDGE_CURVE('',#9595,#9574,#9578,.T.) ;
#9603=EDGE_CURVE('',#9602,#9595,#9600,.T.) ;
#9622=EDGE_CURVE('',#9621,#9602,#9604,.T.) ;
#9629=EDGE_CURVE('',#9628,#9621,#9626,.T.) ;
#9648=EDGE_CURVE('',#9647,#9628,#9630,.T.) ;
#9655=EDGE_CURVE('',#9654,#9647,#9652,.T.) ;
#9672=EDGE_CURVE('',#9576,#9654,#9656,.T.) ;
#9709=EDGE_CURVE('',#9706,#9708,#9683,.T.) ;
#9732=EDGE_CURVE('',#9708,#9706,#9710,.T.) ;
#9763=EDGE_CURVE('',#9760,#9762,#9737,.T.) ;
#9786=EDGE_CURVE('',#9762,#9760,#9764,.T.) ;
#9817=EDGE_CURVE('',#9814,#9816,#9791,.T.) ;
#9840=EDGE_CURVE('',#9816,#9814,#9818,.T.) ;
#9871=EDGE_CURVE('',#9868,#9870,#9845,.T.) ;
#9894=EDGE_CURVE('',#9870,#9868,#9872,.T.) ;
#9905=EDGE_CURVE('',#9528,#9904,#9902,.T.) ;
#9912=EDGE_CURVE('',#9904,#9911,#9909,.T.) ;
#9919=EDGE_CURVE('',#9911,#9918,#9916,.T.) ;
#9926=EDGE_CURVE('',#9918,#9925,#9923,.T.) ;
#9933=EDGE_CURVE('',#9925,#9932,#9930,.T.) ;
#9940=EDGE_CURVE('',#9932,#9939,#9937,.T.) ;
#9947=EDGE_CURVE('',#9939,#9946,#9944,.T.) ;
#9954=EDGE_CURVE('',#9946,#9953,#9951,.T.) ;
#9961=EDGE_CURVE('',#9953,#9960,#9958,.T.) ;
#9968=EDGE_CURVE('',#9960,#9967,#9965,.T.) ;
#9975=EDGE_CURVE('',#9967,#9974,#9972,.T.) ;
#9982=EDGE_CURVE('',#9974,#9981,#9979,.T.) ;
#9989=EDGE_CURVE('',#9981,#9988,#9986,.T.) ;
#9996=EDGE_CURVE('',#9988,#9995,#9993,.T.) ;
#10001=EDGE_CURVE('',#9995,#9526,#10000,.T.) ;
#10033=EDGE_CURVE('',#9995,#10032,#10030,.T.) ;
#10038=EDGE_CURVE('',#10032,#9535,#10037,.T.) ;
#10060=EDGE_CURVE('',#10057,#10059,#10055,.T.) ;
#10067=EDGE_CURVE('',#10059,#10066,#10064,.T.) ;
#10074=EDGE_CURVE('',#10066,#10073,#10071,.T.) ;
#10081=EDGE_CURVE('',#10073,#10080,#10078,.T.) ;
#10088=EDGE_CURVE('',#10080,#10087,#10085,.T.) ;
#10095=EDGE_CURVE('',#10087,#10094,#10092,.T.) ;
#10102=EDGE_CURVE('',#10094,#10101,#10099,.T.) ;
#10107=EDGE_CURVE('',#10101,#10057,#10106,.T.) ;
#10144=EDGE_CURVE('',#10141,#10143,#10118,.T.) ;
#10167=EDGE_CURVE('',#10143,#10141,#10145,.T.) ;
#10198=EDGE_CURVE('',#10195,#10197,#10172,.T.) ;
#10221=EDGE_CURVE('',#10197,#10195,#10199,.T.) ;
#10252=EDGE_CURVE('',#10249,#10251,#10226,.T.) ;
#10275=EDGE_CURVE('',#10251,#10249,#10253,.T.) ;
#10306=EDGE_CURVE('',#10303,#10305,#10280,.T.) ;
#10329=EDGE_CURVE('',#10305,#10303,#10307,.T.) ;
#10342=EDGE_CURVE('',#10339,#10341,#10337,.T.) ;
#10358=EDGE_CURVE('',#10357,#10339,#10343,.T.) ;
#10365=EDGE_CURVE('',#10364,#10357,#10362,.T.) ;
#10372=EDGE_CURVE('',#10364,#10371,#10369,.T.) ;
#10379=EDGE_CURVE('',#10378,#10371,#10376,.T.) ;
#10395=EDGE_CURVE('',#10394,#10378,#10380,.T.) ;
#10402=EDGE_CURVE('',#10401,#10394,#10399,.T.) ;
#10409=EDGE_CURVE('',#10401,#10408,#10406,.T.) ;
#10416=EDGE_CURVE('',#10415,#10408,#10413,.T.) ;
#10432=EDGE_CURVE('',#10431,#10415,#10417,.T.) ;
#10437=EDGE_CURVE('',#9542,#10431,#10436,.T.) ;
#10453=EDGE_CURVE('',#10452,#10032,#10438,.T.) ;
#10460=EDGE_CURVE('',#10459,#10452,#10457,.T.) ;
#10465=EDGE_CURVE('',#10459,#10341,#10464,.T.) ;
#10495=EDGE_CURVE('',#9904,#10431,#10494,.T.) ;
#10515=EDGE_CURVE('',#9576,#10514,#10512,.T.) ;
#10522=EDGE_CURVE('',#10521,#10514,#10519,.T.) ;
#10527=EDGE_CURVE('',#10521,#9574,#10526,.T.) ;
#10550=EDGE_CURVE('',#10549,#10521,#10541,.T.) ;
#10555=EDGE_CURVE('',#9595,#10549,#10554,.F.) ;
#10575=EDGE_CURVE('',#10574,#10549,#10572,.T.) ;
#10580=EDGE_CURVE('',#9602,#10574,#10579,.T.) ;
#10603=EDGE_CURVE('',#10602,#10574,#10594,.T.) ;
#10608=EDGE_CURVE('',#9621,#10602,#10607,.F.) ;
#10628=EDGE_CURVE('',#10627,#10602,#10625,.T.) ;
#10633=EDGE_CURVE('',#9628,#10627,#10632,.T.) ;
#10653=EDGE_CURVE('',#10652,#10627,#10650,.T.) ;
#10658=EDGE_CURVE('',#9647,#10652,#10657,.F.) ;
#10678=EDGE_CURVE('',#10677,#10652,#10675,.T.) ;
#10683=EDGE_CURVE('',#9654,#10677,#10682,.T.) ;
#10701=EDGE_CURVE('',#10514,#10677,#10700,.T.) ;
#10719=EDGE_CURVE('',#10141,#9708,#10718,.T.) ;
#10724=EDGE_CURVE('',#9706,#10143,#10723,.F.) ;
#10755=EDGE_CURVE('',#10195,#9762,#10754,.T.) ;
#10760=EDGE_CURVE('',#9760,#10197,#10759,.F.) ;
#10791=EDGE_CURVE('',#10249,#9816,#10790,.T.) ;
#10796=EDGE_CURVE('',#9814,#10251,#10795,.F.) ;
#10827=EDGE_CURVE('',#10303,#9870,#10826,.T.) ;
#10832=EDGE_CURVE('',#9868,#10305,#10831,.F.) ;
#10863=EDGE_CURVE('',#9911,#10415,#10862,.T.) ;
#10881=EDGE_CURVE('',#10408,#9918,#10880,.T.) ;
#10899=EDGE_CURVE('',#9925,#10401,#10898,.T.) ;
#10917=EDGE_CURVE('',#9932,#10394,#10916,.T.) ;
#10935=EDGE_CURVE('',#9939,#10378,#10934,.T.) ;
#10953=EDGE_CURVE('',#10371,#9946,#10952,.T.) ;
#10971=EDGE_CURVE('',#9953,#10364,#10970,.T.) ;
#10989=EDGE_CURVE('',#9960,#10357,#10988,.T.) ;
#11007=EDGE_CURVE('',#9967,#10339,#11006,.T.) ;
#11025=EDGE_CURVE('',#10341,#9974,#11024,.T.) ;
#11043=EDGE_CURVE('',#9981,#10459,#11042,.T.) ;
#11061=EDGE_CURVE('',#9988,#10452,#11060,.T.) ;
#11094=EDGE_CURVE('',#11093,#10059,#11091,.F.) ;
#11101=EDGE_CURVE('',#11100,#10057,#11098,.F.) ;
#11106=EDGE_CURVE('',#11100,#11093,#11105,.T.) ;
#11126=EDGE_CURVE('',#11125,#10066,#11123,.T.) ;
#11131=EDGE_CURVE('',#11093,#11125,#11130,.T.) ;
#11151=EDGE_CURVE('',#11150,#10073,#11148,.F.) ;
#11156=EDGE_CURVE('',#11125,#11150,#11155,.T.) ;
#11176=EDGE_CURVE('',#11175,#10080,#11173,.T.) ;
#11181=EDGE_CURVE('',#11150,#11175,#11180,.T.) ;
#11201=EDGE_CURVE('',#11200,#10087,#11198,.F.) ;
#11206=EDGE_CURVE('',#11175,#11200,#11205,.T.) ;
#11226=EDGE_CURVE('',#11225,#10094,#11223,.T.) ;
#11231=EDGE_CURVE('',#11200,#11225,#11230,.T.) ;
#11251=EDGE_CURVE('',#10101,#11250,#11248,.T.) ;
#11256=EDGE_CURVE('',#11225,#11250,#11255,.T.) ;
#11274=EDGE_CURVE('',#11250,#11100,#11273,.T.) ;
#11308=EDGE_CURVE('',#11305,#11307,#11288,.T.) ;
#11315=EDGE_CURVE('',#11314,#11305,#11312,.T.) ;
#11334=EDGE_CURVE('',#11333,#11314,#11316,.T.) ;
#11341=EDGE_CURVE('',#11340,#11333,#11338,.T.) ;
#11360=EDGE_CURVE('',#11359,#11340,#11342,.T.) ;
#11367=EDGE_CURVE('',#11366,#11359,#11364,.T.) ;
#11386=EDGE_CURVE('',#11385,#11366,#11368,.T.) ;
#11391=EDGE_CURVE('',#11307,#11385,#11390,.T.) ;
#11439=EDGE_CURVE('',#11436,#11438,#11419,.T.) ;
#11446=EDGE_CURVE('',#11445,#11436,#11443,.T.) ;
#11465=EDGE_CURVE('',#11464,#11445,#11447,.T.) ;
#11472=EDGE_CURVE('',#11471,#11464,#11469,.T.) ;
#11491=EDGE_CURVE('',#11490,#11471,#11473,.T.) ;
#11498=EDGE_CURVE('',#11497,#11490,#11495,.T.) ;
#11517=EDGE_CURVE('',#11516,#11497,#11499,.T.) ;
#11522=EDGE_CURVE('',#11438,#11516,#11521,.T.) ;
#11558=EDGE_CURVE('',#11555,#11557,#11553,.F.) ;
#11563=EDGE_CURVE('',#11557,#11305,#11562,.F.) ;
#11570=EDGE_CURVE('',#11307,#11569,#11567,.T.) ;
#11577=EDGE_CURVE('',#11569,#11576,#11574,.T.) ;
#11582=EDGE_CURVE('',#11576,#11555,#11581,.F.) ;
#11604=EDGE_CURVE('',#11557,#11603,#11601,.F.) ;
#11609=EDGE_CURVE('',#11603,#11314,#11608,.T.) ;
#11631=EDGE_CURVE('',#11628,#11630,#11626,.F.) ;
#11636=EDGE_CURVE('',#11630,#11333,#11635,.F.) ;
#11643=EDGE_CURVE('',#11642,#11603,#11640,.F.) ;
#11648=EDGE_CURVE('',#11642,#11628,#11647,.F.) ;
#11670=EDGE_CURVE('',#11630,#11669,#11667,.F.) ;
#11675=EDGE_CURVE('',#11669,#11340,#11674,.T.) ;
#11695=EDGE_CURVE('',#11694,#11669,#11692,.F.) ;
#11702=EDGE_CURVE('',#11694,#11701,#11699,.F.) ;
#11709=EDGE_CURVE('',#11708,#11701,#11706,.T.) ;
#11714=EDGE_CURVE('',#11359,#11708,#11713,.T.) ;
#11736=EDGE_CURVE('',#11708,#11735,#11733,.F.) ;
#11741=EDGE_CURVE('',#11366,#11735,#11740,.F.) ;
#11761=EDGE_CURVE('',#11735,#11760,#11758,.T.) ;
#11768=EDGE_CURVE('',#11760,#11767,#11765,.F.) ;
#11775=EDGE_CURVE('',#11774,#11767,#11772,.T.) ;
#11780=EDGE_CURVE('',#11385,#11774,#11779,.T.) ;
#11800=EDGE_CURVE('',#11774,#11569,#11799,.F.) ;
#11820=EDGE_CURVE('',#11438,#11819,#11817,.F.) ;
#11827=EDGE_CURVE('',#11819,#11826,#11824,.F.) ;
#11834=EDGE_CURVE('',#11826,#11833,#11831,.T.) ;
#11841=EDGE_CURVE('',#11833,#11840,#11838,.T.) ;
#11846=EDGE_CURVE('',#11840,#11436,#11845,.T.) ;
#11868=EDGE_CURVE('',#11867,#11840,#11865,.F.) ;
#11873=EDGE_CURVE('',#11867,#11445,#11872,.F.) ;
#11895=EDGE_CURVE('',#11892,#11894,#11890,.T.) ;
#11900=EDGE_CURVE('',#11894,#11464,#11899,.T.) ;
#11907=EDGE_CURVE('',#11906,#11867,#11904,.T.) ;
#11912=EDGE_CURVE('',#11906,#11892,#11911,.T.) ;
#11934=EDGE_CURVE('',#11933,#11894,#11931,.F.) ;
#11939=EDGE_CURVE('',#11933,#11471,#11938,.F.) ;
#11961=EDGE_CURVE('',#11958,#11960,#11956,.F.) ;
#11966=EDGE_CURVE('',#11490,#11958,#11965,.F.) ;
#11973=EDGE_CURVE('',#11972,#11933,#11970,.T.) ;
#11978=EDGE_CURVE('',#11972,#11960,#11977,.T.) ;
#12000=EDGE_CURVE('',#11999,#11958,#11997,.F.) ;
#12005=EDGE_CURVE('',#11497,#11999,#12004,.T.) ;
#12025=EDGE_CURVE('',#11999,#12024,#12022,.F.) ;
#12032=EDGE_CURVE('',#12024,#12031,#12029,.T.) ;
#12039=EDGE_CURVE('',#12038,#12031,#12036,.F.) ;
#12044=EDGE_CURVE('',#11516,#12038,#12043,.F.) ;
#12064=EDGE_CURVE('',#11819,#12038,#12063,.F.) ;
#12082=EDGE_CURVE('',#11555,#11642,#12081,.F.) ;
#12100=EDGE_CURVE('',#11767,#11576,#12099,.F.) ;
#12125=EDGE_CURVE('',#11576,#12124,#12119,.T.) ;
#12132=EDGE_CURVE('',#12131,#12124,#12126,.F.) ;
#12137=EDGE_CURVE('',#11555,#12131,#12133,.T.) ;
#12155=EDGE_CURVE('',#11628,#11694,#12154,.F.) ;
#12180=EDGE_CURVE('',#12179,#11642,#12174,.F.) ;
#12187=EDGE_CURVE('',#12186,#12179,#12181,.F.) ;
#12192=EDGE_CURVE('',#11628,#12186,#12188,.T.) ;
#12217=EDGE_CURVE('',#11694,#12216,#12211,.T.) ;
#12224=EDGE_CURVE('',#12223,#12216,#12218,.F.) ;
#12229=EDGE_CURVE('',#11701,#12223,#12225,.T.) ;
#12247=EDGE_CURVE('',#11701,#11760,#12246,.F.) ;
#12272=EDGE_CURVE('',#11760,#12271,#12266,.T.) ;
#12279=EDGE_CURVE('',#12278,#12271,#12273,.F.) ;
#12284=EDGE_CURVE('',#11767,#12278,#12280,.T.) ;
#12302=EDGE_CURVE('',#12031,#11826,#12301,.T.) ;
#12327=EDGE_CURVE('',#12326,#11826,#12321,.T.) ;
#12334=EDGE_CURVE('',#12333,#12326,#12328,.T.) ;
#12339=EDGE_CURVE('',#12333,#11833,#12335,.T.) ;
#12357=EDGE_CURVE('',#11833,#11906,#12356,.T.) ;
#12375=EDGE_CURVE('',#11892,#11972,#12374,.T.) ;
#12400=EDGE_CURVE('',#12399,#11906,#12394,.T.) ;
#12407=EDGE_CURVE('',#12406,#12399,#12401,.T.) ;
#12412=EDGE_CURVE('',#12406,#11892,#12408,.T.) ;
#12430=EDGE_CURVE('',#11960,#12024,#12429,.T.) ;
#12455=EDGE_CURVE('',#12454,#11972,#12449,.T.) ;
#12462=EDGE_CURVE('',#12461,#12454,#12456,.T.) ;
#12467=EDGE_CURVE('',#12461,#11960,#12463,.T.) ;
#12492=EDGE_CURVE('',#12491,#12024,#12486,.T.) ;
#12499=EDGE_CURVE('',#12498,#12491,#12493,.T.) ;
#12504=EDGE_CURVE('',#12031,#12498,#12500,.F.) ;
#12522=EDGE_CURVE('',#12179,#12131,#12521,.T.) ;
#12540=EDGE_CURVE('',#12124,#12278,#12539,.T.) ;
#12558=EDGE_CURVE('',#12326,#12333,#12557,.T.) ;
#12565=EDGE_CURVE('',#12564,#12326,#12562,.T.) ;
#12570=EDGE_CURVE('',#12131,#12564,#12569,.T.) ;
#12577=EDGE_CURVE('',#12124,#12576,#12574,.T.) ;
#12582=EDGE_CURVE('',#12576,#12333,#12581,.T.) ;
#12602=EDGE_CURVE('',#12216,#12186,#12601,.T.) ;
#12620=EDGE_CURVE('',#12491,#12498,#12619,.T.) ;
#12627=EDGE_CURVE('',#12626,#12491,#12624,.T.) ;
#12632=EDGE_CURVE('',#12186,#12626,#12631,.T.) ;
#12639=EDGE_CURVE('',#12179,#12638,#12636,.T.) ;
#12644=EDGE_CURVE('',#12638,#12498,#12643,.T.) ;
#12668=EDGE_CURVE('',#12665,#12667,#12663,.T.) ;
#12673=EDGE_CURVE('',#12665,#12223,#12672,.F.) ;
#12678=EDGE_CURVE('',#12667,#12216,#12677,.F.) ;
#12696=EDGE_CURVE('',#12271,#12223,#12695,.T.) ;
#12718=EDGE_CURVE('',#12715,#12717,#12713,.T.) ;
#12723=EDGE_CURVE('',#12715,#12278,#12722,.F.) ;
#12728=EDGE_CURVE('',#12717,#12271,#12727,.F.) ;
#12746=EDGE_CURVE('',#12326,#12498,#12745,.F.) ;
#12775=EDGE_CURVE('',#12399,#12333,#12774,.F.) ;
#12793=EDGE_CURVE('',#12454,#12406,#12792,.F.) ;
#12811=EDGE_CURVE('',#12406,#12717,#12810,.F.) ;
#12816=EDGE_CURVE('',#12399,#12715,#12815,.F.) ;
#12834=EDGE_CURVE('',#12491,#12461,#12833,.F.) ;
#12852=EDGE_CURVE('',#12461,#12667,#12851,.F.) ;
#12857=EDGE_CURVE('',#12454,#12665,#12856,.F.) ;
#12886=EDGE_CURVE('',#12564,#12638,#12885,.F.) ;
#12904=EDGE_CURVE('',#12715,#12576,#12903,.F.) ;
#12948=EDGE_CURVE('',#12626,#12667,#12947,.F.) ;
#12979=EDGE_CURVE('',#12665,#12717,#12978,.F.) ;
#13040=EDGE_CURVE('',#13037,#13039,#13035,.F.) ;
#13047=EDGE_CURVE('',#13046,#13037,#13044,.T.) ;
#13054=EDGE_CURVE('',#13053,#13046,#13051,.T.) ;
#13059=EDGE_CURVE('',#13039,#13053,#13058,.F.) ;
#13088=EDGE_CURVE('',#13085,#13087,#13083,.T.) ;
#13107=EDGE_CURVE('',#13106,#13085,#13089,.T.) ;
#13114=EDGE_CURVE('',#13113,#13106,#13111,.T.) ;
#13133=EDGE_CURVE('',#13132,#13113,#13115,.T.) ;
#13140=EDGE_CURVE('',#13139,#13132,#13137,.T.) ;
#13159=EDGE_CURVE('',#13158,#13139,#13141,.T.) ;
#13166=EDGE_CURVE('',#13165,#13158,#13163,.T.) ;
#13183=EDGE_CURVE('',#13087,#13165,#13167,.T.) ;
#13216=EDGE_CURVE('',#13039,#13037,#13194,.T.) ;
#13247=EDGE_CURVE('',#13244,#13246,#13221,.T.) ;
#13270=EDGE_CURVE('',#13246,#13244,#13248,.T.) ;
#13301=EDGE_CURVE('',#13298,#13300,#13275,.T.) ;
#13324=EDGE_CURVE('',#13300,#13298,#13302,.T.) ;
#13355=EDGE_CURVE('',#13352,#13354,#13329,.T.) ;
#13378=EDGE_CURVE('',#13354,#13352,#13356,.T.) ;
#13394=EDGE_CURVE('',#13046,#13053,#13393,.T.) ;
#13416=EDGE_CURVE('',#13413,#13415,#13411,.T.) ;
#13421=EDGE_CURVE('',#13053,#13413,#13420,.F.) ;
#13426=EDGE_CURVE('',#13415,#13046,#13425,.T.) ;
#13446=EDGE_CURVE('',#13087,#13445,#13443,.T.) ;
#13453=EDGE_CURVE('',#13445,#13452,#13450,.T.) ;
#13458=EDGE_CURVE('',#13085,#13452,#13457,.T.) ;
#13478=EDGE_CURVE('',#13452,#13477,#13475,.T.) ;
#13483=EDGE_CURVE('',#13477,#13106,#13482,.T.) ;
#13503=EDGE_CURVE('',#13477,#13502,#13500,.T.) ;
#13508=EDGE_CURVE('',#13113,#13502,#13507,.T.) ;
#13528=EDGE_CURVE('',#13502,#13527,#13525,.T.) ;
#13533=EDGE_CURVE('',#13132,#13527,#13532,.F.) ;
#13553=EDGE_CURVE('',#13527,#13552,#13550,.T.) ;
#13558=EDGE_CURVE('',#13139,#13552,#13557,.T.) ;
#13578=EDGE_CURVE('',#13552,#13577,#13575,.T.) ;
#13583=EDGE_CURVE('',#13158,#13577,#13582,.F.) ;
#13603=EDGE_CURVE('',#13577,#13602,#13600,.T.) ;
#13608=EDGE_CURVE('',#13165,#13602,#13607,.T.) ;
#13626=EDGE_CURVE('',#13602,#13445,#13625,.T.) ;
#13646=EDGE_CURVE('',#13244,#13645,#13643,.F.) ;
#13653=EDGE_CURVE('',#13652,#13645,#13650,.T.) ;
#13658=EDGE_CURVE('',#13652,#13246,#13657,.T.) ;
#13676=EDGE_CURVE('',#13645,#13652,#13675,.T.) ;
#13696=EDGE_CURVE('',#13298,#13695,#13693,.F.) ;
#13703=EDGE_CURVE('',#13702,#13695,#13700,.T.) ;
#13708=EDGE_CURVE('',#13702,#13300,#13707,.T.) ;
#13726=EDGE_CURVE('',#13695,#13702,#13725,.T.) ;
#13746=EDGE_CURVE('',#13352,#13745,#13743,.F.) ;
#13753=EDGE_CURVE('',#13752,#13745,#13750,.T.) ;
#13758=EDGE_CURVE('',#13752,#13354,#13757,.T.) ;
#13776=EDGE_CURVE('',#13745,#13752,#13775,.T.) ;
#13800=EDGE_CURVE('',#13415,#13413,#13790,.T.) ;
#13836=EDGE_CURVE('',#13833,#13835,#13831,.T.) ;
#13841=EDGE_CURVE('',#13835,#13833,#13840,.T.) ;
#13854=EDGE_CURVE('',#13851,#13853,#13849,.T.) ;
#13859=EDGE_CURVE('',#13853,#13851,#13858,.T.) ;
#13872=EDGE_CURVE('',#13869,#13871,#13867,.T.) ;
#13877=EDGE_CURVE('',#13871,#13869,#13876,.T.) ;
#13893=EDGE_CURVE('',#13833,#13652,#13892,.T.) ;
#13898=EDGE_CURVE('',#13645,#13835,#13897,.F.) ;
#13929=EDGE_CURVE('',#13851,#13702,#13928,.T.) ;
#13934=EDGE_CURVE('',#13695,#13853,#13933,.F.) ;
#13965=EDGE_CURVE('',#13869,#13752,#13964,.T.) ;
#13970=EDGE_CURVE('',#13745,#13871,#13969,.F.) ;
#14031=EDGE_CURVE('',#14028,#14030,#14026,.T.) ;
#14044=EDGE_CURVE('',#14043,#14028,#14032,.F.) ;
#14051=EDGE_CURVE('',#14050,#14043,#14048,.T.) ;
#14056=EDGE_CURVE('',#14050,#14030,#14055,.T.) ;
#14085=EDGE_CURVE('',#14082,#14084,#14080,.T.) ;
#14098=EDGE_CURVE('',#14084,#14097,#14086,.T.) ;
#14111=EDGE_CURVE('',#14097,#14110,#14099,.T.) ;
#14118=EDGE_CURVE('',#14110,#14117,#14115,.T.) ;
#14125=EDGE_CURVE('',#14117,#14124,#14122,.T.) ;
#14139=EDGE_CURVE('',#14124,#14028,#14126,.T.) ;
#14146=EDGE_CURVE('',#14030,#14145,#14143,.T.) ;
#14159=EDGE_CURVE('',#14145,#14158,#14147,.T.) ;
#14172=EDGE_CURVE('',#14158,#14171,#14160,.T.) ;
#14179=EDGE_CURVE('',#14171,#14178,#14176,.T.) ;
#14186=EDGE_CURVE('',#14178,#14185,#14183,.T.) ;
#14202=EDGE_CURVE('',#14185,#14201,#14187,.T.) ;
#14207=EDGE_CURVE('',#14201,#14082,#14206,.T.) ;
#14239=EDGE_CURVE('',#14238,#14124,#14231,.T.) ;
#14248=EDGE_CURVE('',#14247,#14238,#14240,.T.) ;
#14253=EDGE_CURVE('',#14043,#14247,#14252,.F.) ;
#14276=EDGE_CURVE('',#14273,#14275,#14271,.T.) ;
#14281=EDGE_CURVE('',#14275,#14273,#14280,.T.) ;
#14294=EDGE_CURVE('',#14291,#14293,#14289,.T.) ;
#14301=EDGE_CURVE('',#14293,#14300,#14298,.T.) ;
#14314=EDGE_CURVE('',#14300,#14313,#14302,.T.) ;
#14321=EDGE_CURVE('',#14313,#14320,#14318,.T.) ;
#14328=EDGE_CURVE('',#14320,#14327,#14325,.T.) ;
#14338=EDGE_CURVE('',#14327,#14337,#14329,.T.) ;
#14351=EDGE_CURVE('',#14337,#14350,#14339,.T.) ;
#14356=EDGE_CURVE('',#14350,#14050,#14355,.T.) ;
#14363=EDGE_CURVE('',#14247,#14362,#14360,.T.) ;
#14370=EDGE_CURVE('',#14362,#14369,#14367,.T.) ;
#14380=EDGE_CURVE('',#14369,#14379,#14371,.T.) ;
#14391=EDGE_CURVE('',#14379,#14291,#14381,.T.) ;
#14424=EDGE_CURVE('',#14350,#14423,#14415,.T.) ;
#14432=EDGE_CURVE('',#14423,#14145,#14425,.T.) ;
#14451=EDGE_CURVE('',#14293,#14082,#14450,.T.) ;
#14461=EDGE_CURVE('',#14291,#14460,#14452,.T.) ;
#14469=EDGE_CURVE('',#14460,#14084,#14462,.T.) ;
#14488=EDGE_CURVE('',#14097,#14379,#14487,.T.) ;
#14513=EDGE_CURVE('',#14369,#14110,#14503,.F.) ;
#14531=EDGE_CURVE('',#14362,#14117,#14530,.T.) ;
#14563=EDGE_CURVE('',#14337,#14158,#14562,.F.) ;
#14588=EDGE_CURVE('',#14327,#14171,#14578,.F.) ;
#14606=EDGE_CURVE('',#14320,#14178,#14605,.T.) ;
#14629=EDGE_CURVE('',#14313,#14628,#14620,.T.) ;
#14637=EDGE_CURVE('',#14628,#14185,#14630,.T.) ;
#14662=EDGE_CURVE('',#14300,#14201,#14652,.F.) ;
#14696=EDGE_CURVE('',#14275,#14695,#14693,.F.) ;
#14703=EDGE_CURVE('',#14702,#14273,#14700,.T.) ;
#14708=EDGE_CURVE('',#14702,#14695,#14707,.T.) ;
#14726=EDGE_CURVE('',#14695,#14702,#14725,.T.) ;
#14746=EDGE_CURVE('',#14745,#14702,#14743,.F.) ;
#14753=EDGE_CURVE('',#14752,#14745,#14750,.T.) ;
#14758=EDGE_CURVE('',#14695,#14752,#14757,.T.) ;
#14776=EDGE_CURVE('',#14745,#14752,#14775,.T.) ;
#14796=EDGE_CURVE('',#14795,#14752,#14793,.T.) ;
#14803=EDGE_CURVE('',#14745,#14802,#14800,.F.) ;
#14808=EDGE_CURVE('',#14802,#14795,#14807,.T.) ;
#14826=EDGE_CURVE('',#14795,#14802,#14825,.T.) ;
#81=EDGE_LOOP('',(#82,#83,#84,#85)) ;
#2216=EDGE_LOOP('',(#2217,#2218,#2219,#2220,#2221,#2222,#2223,#2224,#2225,#2226,#2227,#2228,#2229,#2230,#2231,#2232,#2233,#2234,#2235,#2236,#2237,#2238,#2239,#2240,#2241,#2242,#2243,#2244,#2245,#2246,#2247,#2248,#2249,#2250,#2251,#2252,#2253,#2254,#2255,#2256,#2257,#2258,#2259,#2260,#2261,#2262,#2263,#2264,#2265,#2266,#2267,#2268,#2269,#2270,#2271,#2272,#2273,#2274,#2275,#2276,#2277,#2278,#2279,#2280,#2281,#2282,#2283,#2284,#2285,#2286,#2287,#2288,#2289,#2290,#2291,#2292,#2293,#2294,#2295,#2296,#2297,#2298,#2299,#2300,#2301,#2302,#2303,#2304,#2305,#2306,#2307,#2308,#2309,#2310,#2311,#2312,#2313,#2314,#2315,#2316,#2317,#2318,#2319,#2320,#2321,#2322,#2323,#2324,#2325,#2326,#2327,#2328,#2329,#2330,#2331,#2332,#2333,#2334,#2335,#2336,#2337,#2338,#2339,#2340,#2341,#2342,#2343,#2344,#2345,#2346,#2347,#2348,#2349,#2350,#2351,#2352,#2353,#2354,#2355,#2356,#2357,#2358,#2359,#2360,#2361,#2362,#2363,#2364,#2365,#2366,#2367,#2368,#2369,#2370,#2371,#2372,#2373,#2374,#2375,#2376,#2377,#2378,#2379,#2380,#2381,#2382,#2383,#2384,#2385,#2386,#2387,#2388,#2389,#2390,#2391,#2392,#2393,#2394,#2395,#2396,#2397,#2398,#2399,#2400,#2401,#2402,#2403,#2404,#2405,#2406,#2407,#2408,#2409,#2410,#2411,#2412,#2413,#2414,#2415,#2416,#2417,#2418,#2419,#2420,#2421,#2422,#2423,#2424,#2425,#2426,#2427,#2428,#2429,#2430,#2431,#2432,#2433,#2434,#2435,#2436,#2437,#2438)) ;
#2459=EDGE_LOOP('',(#2460,#2461,#2462,#2463)) ;
#4331=EDGE_LOOP('',(#4332,#4333,#4334,#4335,#4336,#4337,#4338,#4339,#4340,#4341,#4342,#4343,#4344,#4345,#4346,#4347,#4348,#4349,#4350,#4351,#4352,#4353,#4354,#4355,#4356,#4357,#4358,#4359,#4360,#4361,#4362,#4363,#4364,#4365,#4366,#4367,#4368,#4369,#4370,#4371,#4372,#4373,#4374,#4375,#4376,#4377,#4378,#4379,#4380,#4381,#4382,#4383,#4384,#4385,#4386,#4387,#4388,#4389,#4390,#4391,#4392,#4393,#4394,#4395,#4396,#4397,#4398,#4399,#4400,#4401,#4402,#4403,#4404,#4405,#4406,#4407,#4408,#4409,#4410,#4411,#4412,#4413,#4414,#4415,#4416,#4417,#4418,#4419,#4420,#4421,#4422,#4423,#4424,#4425,#4426,#4427,#4428,#4429,#4430,#4431,#4432,#4433,#4434,#4435,#4436,#4437,#4438,#4439,#4440,#4441,#4442,#4443,#4444,#4445,#4446,#4447,#4448,#4449,#4450,#4451,#4452,#4453,#4454,#4455,#4456,#4457,#4458,#4459,#4460,#4461,#4462,#4463,#4464,#4465,#4466,#4467,#4468,#4469,#4470,#4471,#4472,#4473,#4474,#4475,#4476,#4477,#4478,#4479,#4480,#4481,#4482,#4483,#4484,#4485,#4486,#4487,#4488,#4489,#4490,#4491,#4492,#4493,#4494,#4495,#4496,#4497,#4498,#4499,#4500,#4501,#4502,#4503,#4504,#4505,#4506,#4507,#4508,#4509,#4510,#4511,#4512,#4513,#4514,#4515,#4516,#4517,#4518,#4519,#4520,#4521,#4522,#4523,#4524,#4525,#4526,#4527,#4528,#4529,#4530,#4531,#4532,#4533,#4534,#4535,#4536,#4537,#4538,#4539,#4540,#4541,#4542,#4543,#4544,#4545,#4546,#4547,#4548,#4549,#4550,#4551,#4552,#4553)) ;
#4567=EDGE_LOOP('',(#4568,#4569,#4570,#4571)) ;
#4590=EDGE_LOOP('',(#4591,#4592,#4593,#4594)) ;
#4608=EDGE_LOOP('',(#4609,#4610,#4611,#4612)) ;
#4626=EDGE_LOOP('',(#4627,#4628,#4629,#4630)) ;
#4644=EDGE_LOOP('',(#4645,#4646,#4647,#4648)) ;
#4662=EDGE_LOOP('',(#4663,#4664,#4665,#4666)) ;
#4675=EDGE_LOOP('',(#4676,#4677,#4678,#4679)) ;
#4693=EDGE_LOOP('',(#4694,#4695,#4696,#4697)) ;
#4711=EDGE_LOOP('',(#4712,#4713,#4714,#4715)) ;
#4729=EDGE_LOOP('',(#4730,#4731,#4732,#4733)) ;
#4747=EDGE_LOOP('',(#4748,#4749,#4750,#4751)) ;
#4765=EDGE_LOOP('',(#4766,#4767,#4768,#4769)) ;
#4783=EDGE_LOOP('',(#4784,#4785,#4786,#4787)) ;
#4801=EDGE_LOOP('',(#4802,#4803,#4804,#4805)) ;
#4819=EDGE_LOOP('',(#4820,#4821,#4822,#4823)) ;
#4837=EDGE_LOOP('',(#4838,#4839,#4840,#4841)) ;
#4855=EDGE_LOOP('',(#4856,#4857,#4858,#4859)) ;
#4873=EDGE_LOOP('',(#4874,#4875,#4876,#4877)) ;
#4891=EDGE_LOOP('',(#4892,#4893,#4894,#4895)) ;
#4909=EDGE_LOOP('',(#4910,#4911,#4912,#4913)) ;
#4927=EDGE_LOOP('',(#4928,#4929,#4930,#4931)) ;
#4945=EDGE_LOOP('',(#4946,#4947,#4948,#4949)) ;
#4963=EDGE_LOOP('',(#4964,#4965,#4966,#4967)) ;
#4981=EDGE_LOOP('',(#4982,#4983,#4984,#4985)) ;
#4999=EDGE_LOOP('',(#5000,#5001,#5002,#5003)) ;
#5017=EDGE_LOOP('',(#5018,#5019,#5020,#5021)) ;
#5035=EDGE_LOOP('',(#5036,#5037,#5038,#5039)) ;
#5053=EDGE_LOOP('',(#5054,#5055,#5056,#5057)) ;
#5071=EDGE_LOOP('',(#5072,#5073,#5074,#5075)) ;
#5089=EDGE_LOOP('',(#5090,#5091,#5092,#5093)) ;
#5107=EDGE_LOOP('',(#5108,#5109,#5110,#5111)) ;
#5125=EDGE_LOOP('',(#5126,#5127,#5128,#5129)) ;
#5143=EDGE_LOOP('',(#5144,#5145,#5146,#5147)) ;
#5161=EDGE_LOOP('',(#5162,#5163,#5164,#5165)) ;
#5179=EDGE_LOOP('',(#5180,#5181,#5182,#5183)) ;
#5197=EDGE_LOOP('',(#5198,#5199,#5200,#5201)) ;
#5215=EDGE_LOOP('',(#5216,#5217,#5218,#5219)) ;
#5233=EDGE_LOOP('',(#5234,#5235,#5236,#5237)) ;
#5251=EDGE_LOOP('',(#5252,#5253,#5254,#5255)) ;
#5269=EDGE_LOOP('',(#5270,#5271,#5272,#5273)) ;
#5287=EDGE_LOOP('',(#5288,#5289,#5290,#5291)) ;
#5305=EDGE_LOOP('',(#5306,#5307,#5308,#5309)) ;
#5323=EDGE_LOOP('',(#5324,#5325,#5326,#5327)) ;
#5341=EDGE_LOOP('',(#5342,#5343,#5344,#5345)) ;
#5359=EDGE_LOOP('',(#5360,#5361,#5362,#5363)) ;
#5377=EDGE_LOOP('',(#5378,#5379,#5380,#5381)) ;
#5395=EDGE_LOOP('',(#5396,#5397,#5398,#5399)) ;
#5413=EDGE_LOOP('',(#5414,#5415,#5416,#5417)) ;
#5431=EDGE_LOOP('',(#5432,#5433,#5434,#5435)) ;
#5449=EDGE_LOOP('',(#5450,#5451,#5452,#5453)) ;
#5467=EDGE_LOOP('',(#5468,#5469,#5470,#5471)) ;
#5485=EDGE_LOOP('',(#5486,#5487,#5488,#5489)) ;
#5503=EDGE_LOOP('',(#5504,#5505,#5506,#5507)) ;
#5521=EDGE_LOOP('',(#5522,#5523,#5524,#5525)) ;
#5539=EDGE_LOOP('',(#5540,#5541,#5542,#5543)) ;
#5557=EDGE_LOOP('',(#5558,#5559,#5560,#5561)) ;
#5575=EDGE_LOOP('',(#5576,#5577,#5578,#5579)) ;
#5593=EDGE_LOOP('',(#5594,#5595,#5596,#5597)) ;
#5611=EDGE_LOOP('',(#5612,#5613,#5614,#5615)) ;
#5629=EDGE_LOOP('',(#5630,#5631,#5632,#5633)) ;
#5647=EDGE_LOOP('',(#5648,#5649,#5650,#5651)) ;
#5665=EDGE_LOOP('',(#5666,#5667,#5668,#5669)) ;
#5683=EDGE_LOOP('',(#5684,#5685,#5686,#5687)) ;
#5701=EDGE_LOOP('',(#5702,#5703,#5704,#5705)) ;
#5719=EDGE_LOOP('',(#5720,#5721,#5722,#5723)) ;
#5737=EDGE_LOOP('',(#5738,#5739,#5740,#5741)) ;
#5755=EDGE_LOOP('',(#5756,#5757,#5758,#5759)) ;
#5773=EDGE_LOOP('',(#5774,#5775,#5776,#5777)) ;
#5791=EDGE_LOOP('',(#5792,#5793,#5794,#5795)) ;
#5809=EDGE_LOOP('',(#5810,#5811,#5812,#5813)) ;
#5827=EDGE_LOOP('',(#5828,#5829,#5830,#5831)) ;
#5845=EDGE_LOOP('',(#5846,#5847,#5848,#5849)) ;
#5863=EDGE_LOOP('',(#5864,#5865,#5866,#5867)) ;
#5881=EDGE_LOOP('',(#5882,#5883,#5884,#5885)) ;
#5899=EDGE_LOOP('',(#5900,#5901,#5902,#5903)) ;
#5917=EDGE_LOOP('',(#5918,#5919,#5920,#5921)) ;
#5935=EDGE_LOOP('',(#5936,#5937,#5938,#5939)) ;
#5953=EDGE_LOOP('',(#5954,#5955,#5956,#5957)) ;
#5971=EDGE_LOOP('',(#5972,#5973,#5974,#5975)) ;
#5989=EDGE_LOOP('',(#5990,#5991,#5992,#5993)) ;
#6007=EDGE_LOOP('',(#6008,#6009,#6010,#6011)) ;
#6025=EDGE_LOOP('',(#6026,#6027,#6028,#6029)) ;
#6043=EDGE_LOOP('',(#6044,#6045,#6046,#6047)) ;
#6061=EDGE_LOOP('',(#6062,#6063,#6064,#6065)) ;
#6079=EDGE_LOOP('',(#6080,#6081,#6082,#6083)) ;
#6097=EDGE_LOOP('',(#6098,#6099,#6100,#6101)) ;
#6115=EDGE_LOOP('',(#6116,#6117,#6118,#6119)) ;
#6133=EDGE_LOOP('',(#6134,#6135,#6136,#6137)) ;
#6151=EDGE_LOOP('',(#6152,#6153,#6154,#6155)) ;
#6169=EDGE_LOOP('',(#6170,#6171,#6172,#6173)) ;
#6187=EDGE_LOOP('',(#6188,#6189,#6190,#6191)) ;
#6205=EDGE_LOOP('',(#6206,#6207,#6208,#6209)) ;
#6223=EDGE_LOOP('',(#6224,#6225,#6226,#6227)) ;
#6241=EDGE_LOOP('',(#6242,#6243,#6244,#6245)) ;
#6259=EDGE_LOOP('',(#6260,#6261,#6262,#6263)) ;
#6277=EDGE_LOOP('',(#6278,#6279,#6280,#6281)) ;
#6295=EDGE_LOOP('',(#6296,#6297,#6298,#6299)) ;
#6313=EDGE_LOOP('',(#6314,#6315,#6316,#6317)) ;
#6331=EDGE_LOOP('',(#6332,#6333,#6334,#6335)) ;
#6349=EDGE_LOOP('',(#6350,#6351,#6352,#6353)) ;
#6367=EDGE_LOOP('',(#6368,#6369,#6370,#6371)) ;
#6385=EDGE_LOOP('',(#6386,#6387,#6388,#6389)) ;
#6403=EDGE_LOOP('',(#6404,#6405,#6406,#6407)) ;
#6421=EDGE_LOOP('',(#6422,#6423,#6424,#6425)) ;
#6439=EDGE_LOOP('',(#6440,#6441,#6442,#6443)) ;
#6457=EDGE_LOOP('',(#6458,#6459,#6460,#6461)) ;
#6475=EDGE_LOOP('',(#6476,#6477,#6478,#6479)) ;
#6493=EDGE_LOOP('',(#6494,#6495,#6496,#6497)) ;
#6511=EDGE_LOOP('',(#6512,#6513,#6514,#6515)) ;
#6529=EDGE_LOOP('',(#6530,#6531,#6532,#6533)) ;
#6547=EDGE_LOOP('',(#6548,#6549,#6550,#6551)) ;
#6565=EDGE_LOOP('',(#6566,#6567,#6568,#6569)) ;
#6583=EDGE_LOOP('',(#6584,#6585,#6586,#6587)) ;
#6601=EDGE_LOOP('',(#6602,#6603,#6604,#6605)) ;
#6619=EDGE_LOOP('',(#6620,#6621,#6622,#6623)) ;
#6637=EDGE_LOOP('',(#6638,#6639,#6640,#6641)) ;
#6655=EDGE_LOOP('',(#6656,#6657,#6658,#6659)) ;
#6673=EDGE_LOOP('',(#6674,#6675,#6676,#6677)) ;
#6691=EDGE_LOOP('',(#6692,#6693,#6694,#6695)) ;
#6709=EDGE_LOOP('',(#6710,#6711,#6712,#6713)) ;
#6727=EDGE_LOOP('',(#6728,#6729,#6730,#6731)) ;
#6745=EDGE_LOOP('',(#6746,#6747,#6748,#6749)) ;
#6763=EDGE_LOOP('',(#6764,#6765,#6766,#6767)) ;
#6781=EDGE_LOOP('',(#6782,#6783,#6784,#6785)) ;
#6799=EDGE_LOOP('',(#6800,#6801,#6802,#6803)) ;
#6817=EDGE_LOOP('',(#6818,#6819,#6820,#6821)) ;
#6835=EDGE_LOOP('',(#6836,#6837,#6838,#6839)) ;
#6853=EDGE_LOOP('',(#6854,#6855,#6856,#6857)) ;
#6871=EDGE_LOOP('',(#6872,#6873,#6874,#6875)) ;
#6889=EDGE_LOOP('',(#6890,#6891,#6892,#6893)) ;
#6907=EDGE_LOOP('',(#6908,#6909,#6910,#6911)) ;
#6925=EDGE_LOOP('',(#6926,#6927,#6928,#6929)) ;
#6943=EDGE_LOOP('',(#6944,#6945,#6946,#6947)) ;
#6961=EDGE_LOOP('',(#6962,#6963,#6964,#6965)) ;
#6979=EDGE_LOOP('',(#6980,#6981,#6982,#6983)) ;
#6997=EDGE_LOOP('',(#6998,#6999,#7000,#7001)) ;
#7015=EDGE_LOOP('',(#7016,#7017,#7018,#7019)) ;
#7033=EDGE_LOOP('',(#7034,#7035,#7036,#7037)) ;
#7051=EDGE_LOOP('',(#7052,#7053,#7054,#7055)) ;
#7069=EDGE_LOOP('',(#7070,#7071,#7072,#7073)) ;
#7087=EDGE_LOOP('',(#7088,#7089,#7090,#7091)) ;
#7105=EDGE_LOOP('',(#7106,#7107,#7108,#7109)) ;
#7123=EDGE_LOOP('',(#7124,#7125,#7126,#7127)) ;
#7141=EDGE_LOOP('',(#7142,#7143,#7144,#7145)) ;
#7159=EDGE_LOOP('',(#7160,#7161,#7162,#7163)) ;
#7177=EDGE_LOOP('',(#7178,#7179,#7180,#7181)) ;
#7195=EDGE_LOOP('',(#7196,#7197,#7198,#7199)) ;
#7213=EDGE_LOOP('',(#7214,#7215,#7216,#7217)) ;
#7231=EDGE_LOOP('',(#7232,#7233,#7234,#7235)) ;
#7249=EDGE_LOOP('',(#7250,#7251,#7252,#7253)) ;
#7267=EDGE_LOOP('',(#7268,#7269,#7270,#7271)) ;
#7285=EDGE_LOOP('',(#7286,#7287,#7288,#7289)) ;
#7303=EDGE_LOOP('',(#7304,#7305,#7306,#7307)) ;
#7321=EDGE_LOOP('',(#7322,#7323,#7324,#7325)) ;
#7339=EDGE_LOOP('',(#7340,#7341,#7342,#7343)) ;
#7357=EDGE_LOOP('',(#7358,#7359,#7360,#7361)) ;
#7375=EDGE_LOOP('',(#7376,#7377,#7378,#7379)) ;
#7393=EDGE_LOOP('',(#7394,#7395,#7396,#7397)) ;
#7411=EDGE_LOOP('',(#7412,#7413,#7414,#7415)) ;
#7429=EDGE_LOOP('',(#7430,#7431,#7432,#7433)) ;
#7447=EDGE_LOOP('',(#7448,#7449,#7450,#7451)) ;
#7465=EDGE_LOOP('',(#7466,#7467,#7468,#7469)) ;
#7483=EDGE_LOOP('',(#7484,#7485,#7486,#7487)) ;
#7501=EDGE_LOOP('',(#7502,#7503,#7504,#7505)) ;
#7519=EDGE_LOOP('',(#7520,#7521,#7522,#7523)) ;
#7537=EDGE_LOOP('',(#7538,#7539,#7540,#7541)) ;
#7555=EDGE_LOOP('',(#7556,#7557,#7558,#7559)) ;
#7573=EDGE_LOOP('',(#7574,#7575,#7576,#7577)) ;
#7591=EDGE_LOOP('',(#7592,#7593,#7594,#7595)) ;
#7609=EDGE_LOOP('',(#7610,#7611,#7612,#7613)) ;
#7627=EDGE_LOOP('',(#7628,#7629,#7630,#7631)) ;
#7645=EDGE_LOOP('',(#7646,#7647,#7648,#7649)) ;
#7663=EDGE_LOOP('',(#7664,#7665,#7666,#7667)) ;
#7681=EDGE_LOOP('',(#7682,#7683,#7684,#7685)) ;
#7699=EDGE_LOOP('',(#7700,#7701,#7702,#7703)) ;
#7717=EDGE_LOOP('',(#7718,#7719,#7720,#7721)) ;
#7735=EDGE_LOOP('',(#7736,#7737,#7738,#7739)) ;
#7753=EDGE_LOOP('',(#7754,#7755,#7756,#7757)) ;
#7771=EDGE_LOOP('',(#7772,#7773,#7774,#7775)) ;
#7789=EDGE_LOOP('',(#7790,#7791,#7792,#7793)) ;
#7807=EDGE_LOOP('',(#7808,#7809,#7810,#7811)) ;
#7825=EDGE_LOOP('',(#7826,#7827,#7828,#7829)) ;
#7843=EDGE_LOOP('',(#7844,#7845,#7846,#7847)) ;
#7861=EDGE_LOOP('',(#7862,#7863,#7864,#7865)) ;
#7879=EDGE_LOOP('',(#7880,#7881,#7882,#7883)) ;
#7897=EDGE_LOOP('',(#7898,#7899,#7900,#7901)) ;
#7915=EDGE_LOOP('',(#7916,#7917,#7918,#7919)) ;
#7933=EDGE_LOOP('',(#7934,#7935,#7936,#7937)) ;
#7951=EDGE_LOOP('',(#7952,#7953,#7954,#7955)) ;
#7969=EDGE_LOOP('',(#7970,#7971,#7972,#7973)) ;
#7987=EDGE_LOOP('',(#7988,#7989,#7990,#7991)) ;
#8005=EDGE_LOOP('',(#8006,#8007,#8008,#8009)) ;
#8023=EDGE_LOOP('',(#8024,#8025,#8026,#8027)) ;
#8041=EDGE_LOOP('',(#8042,#8043,#8044,#8045)) ;
#8059=EDGE_LOOP('',(#8060,#8061,#8062,#8063)) ;
#8077=EDGE_LOOP('',(#8078,#8079,#8080,#8081)) ;
#8095=EDGE_LOOP('',(#8096,#8097,#8098,#8099)) ;
#8113=EDGE_LOOP('',(#8114,#8115,#8116,#8117)) ;
#8131=EDGE_LOOP('',(#8132,#8133,#8134,#8135)) ;
#8149=EDGE_LOOP('',(#8150,#8151,#8152,#8153)) ;
#8167=EDGE_LOOP('',(#8168,#8169,#8170,#8171)) ;
#8185=EDGE_LOOP('',(#8186,#8187,#8188,#8189)) ;
#8203=EDGE_LOOP('',(#8204,#8205,#8206,#8207)) ;
#8221=EDGE_LOOP('',(#8222,#8223,#8224,#8225)) ;
#8239=EDGE_LOOP('',(#8240,#8241,#8242,#8243)) ;
#8257=EDGE_LOOP('',(#8258,#8259,#8260,#8261)) ;
#8275=EDGE_LOOP('',(#8276,#8277,#8278,#8279)) ;
#8293=EDGE_LOOP('',(#8294,#8295,#8296,#8297)) ;
#8311=EDGE_LOOP('',(#8312,#8313,#8314,#8315)) ;
#8329=EDGE_LOOP('',(#8330,#8331,#8332,#8333)) ;
#8347=EDGE_LOOP('',(#8348,#8349,#8350,#8351)) ;
#8365=EDGE_LOOP('',(#8366,#8367,#8368,#8369)) ;
#8383=EDGE_LOOP('',(#8384,#8385,#8386,#8387)) ;
#8401=EDGE_LOOP('',(#8402,#8403,#8404,#8405)) ;
#8419=EDGE_LOOP('',(#8420,#8421,#8422,#8423)) ;
#8437=EDGE_LOOP('',(#8438,#8439,#8440,#8441)) ;
#8455=EDGE_LOOP('',(#8456,#8457,#8458,#8459)) ;
#8473=EDGE_LOOP('',(#8474,#8475,#8476,#8477)) ;
#8491=EDGE_LOOP('',(#8492,#8493,#8494,#8495)) ;
#8504=EDGE_LOOP('',(#8505,#8506,#8507,#8508)) ;
#8571=EDGE_LOOP('',(#8572,#8573,#8574,#8575)) ;
#8803=EDGE_LOOP('',(#8804,#8805,#8806,#8807,#8808,#8809,#8810,#8811,#8812,#8813,#8814,#8815,#8816,#8817,#8818,#8819,#8820,#8821,#8822,#8823,#8824,#8825,#8826,#8827)) ;
#8848=EDGE_LOOP('',(#8849,#8850,#8851,#8852)) ;
#9058=EDGE_LOOP('',(#9059,#9060,#9061,#9062,#9063,#9064,#9065,#9066,#9067,#9068,#9069,#9070,#9071,#9072,#9073,#9074,#9075,#9076,#9077,#9078,#9079,#9080,#9081,#9082)) ;
#9096=EDGE_LOOP('',(#9097,#9098,#9099,#9100)) ;
#9114=EDGE_LOOP('',(#9115,#9116,#9117,#9118)) ;
#9132=EDGE_LOOP('',(#9133,#9134,#9135,#9136)) ;
#9150=EDGE_LOOP('',(#9151,#9152,#9153,#9154)) ;
#9168=EDGE_LOOP('',(#9169,#9170,#9171,#9172)) ;
#9186=EDGE_LOOP('',(#9187,#9188,#9189,#9190)) ;
#9204=EDGE_LOOP('',(#9205,#9206,#9207,#9208)) ;
#9222=EDGE_LOOP('',(#9223,#9224,#9225,#9226)) ;
#9240=EDGE_LOOP('',(#9241,#9242,#9243,#9244)) ;
#9258=EDGE_LOOP('',(#9259,#9260,#9261,#9262)) ;
#9276=EDGE_LOOP('',(#9277,#9278,#9279,#9280)) ;
#9294=EDGE_LOOP('',(#9295,#9296,#9297,#9298)) ;
#9312=EDGE_LOOP('',(#9313,#9314,#9315,#9316)) ;
#9330=EDGE_LOOP('',(#9331,#9332,#9333,#9334)) ;
#9348=EDGE_LOOP('',(#9349,#9350,#9351,#9352)) ;
#9366=EDGE_LOOP('',(#9367,#9368,#9369,#9370)) ;
#9384=EDGE_LOOP('',(#9385,#9386,#9387,#9388)) ;
#9402=EDGE_LOOP('',(#9403,#9404,#9405,#9406)) ;
#9420=EDGE_LOOP('',(#9421,#9422,#9423,#9424)) ;
#9438=EDGE_LOOP('',(#9439,#9440,#9441,#9442)) ;
#9456=EDGE_LOOP('',(#9457,#9458,#9459,#9460)) ;
#9469=EDGE_LOOP('',(#9470,#9471,#9472,#9473)) ;
#9549=EDGE_LOOP('',(#9550,#9551,#9552,#9553)) ;
#9673=EDGE_LOOP('',(#9674,#9675,#9676,#9677,#9678,#9679,#9680,#9681)) ;
#9733=EDGE_LOOP('',(#9734,#9735)) ;
#9787=EDGE_LOOP('',(#9788,#9789)) ;
#9841=EDGE_LOOP('',(#9842,#9843)) ;
#9895=EDGE_LOOP('',(#9896,#9897)) ;
#10002=EDGE_LOOP('',(#10003,#10004,#10005,#10006,#10007,#10008,#10009,#10010,#10011,#10012,#10013,#10014,#10015,#10016,#10017,#10018)) ;
#10039=EDGE_LOOP('',(#10040,#10041,#10042,#10043)) ;
#10108=EDGE_LOOP('',(#10109,#10110,#10111,#10112,#10113,#10114,#10115,#10116)) ;
#10168=EDGE_LOOP('',(#10169,#10170)) ;
#10222=EDGE_LOOP('',(#10223,#10224)) ;
#10276=EDGE_LOOP('',(#10277,#10278)) ;
#10330=EDGE_LOOP('',(#10331,#10332)) ;
#10466=EDGE_LOOP('',(#10467,#10468,#10469,#10470,#10471,#10472,#10473,#10474,#10475,#10476,#10477,#10478,#10479,#10480,#10481,#10482)) ;
#10496=EDGE_LOOP('',(#10497,#10498,#10499,#10500)) ;
#10528=EDGE_LOOP('',(#10529,#10530,#10531,#10532)) ;
#10556=EDGE_LOOP('',(#10557,#10558,#10559,#10560)) ;
#10581=EDGE_LOOP('',(#10582,#10583,#10584,#10585)) ;
#10609=EDGE_LOOP('',(#10610,#10611,#10612,#10613)) ;
#10634=EDGE_LOOP('',(#10635,#10636,#10637,#10638)) ;
#10659=EDGE_LOOP('',(#10660,#10661,#10662,#10663)) ;
#10684=EDGE_LOOP('',(#10685,#10686,#10687,#10688)) ;
#10702=EDGE_LOOP('',(#10703,#10704,#10705,#10706)) ;
#10725=EDGE_LOOP('',(#10726,#10727,#10728,#10729)) ;
#10738=EDGE_LOOP('',(#10739,#10740,#10741,#10742)) ;
#10761=EDGE_LOOP('',(#10762,#10763,#10764,#10765)) ;
#10774=EDGE_LOOP('',(#10775,#10776,#10777,#10778)) ;
#10797=EDGE_LOOP('',(#10798,#10799,#10800,#10801)) ;
#10810=EDGE_LOOP('',(#10811,#10812,#10813,#10814)) ;
#10833=EDGE_LOOP('',(#10834,#10835,#10836,#10837)) ;
#10846=EDGE_LOOP('',(#10847,#10848,#10849,#10850)) ;
#10864=EDGE_LOOP('',(#10865,#10866,#10867,#10868)) ;
#10882=EDGE_LOOP('',(#10883,#10884,#10885,#10886)) ;
#10900=EDGE_LOOP('',(#10901,#10902,#10903,#10904)) ;
#10918=EDGE_LOOP('',(#10919,#10920,#10921,#10922)) ;
#10936=EDGE_LOOP('',(#10937,#10938,#10939,#10940)) ;
#10954=EDGE_LOOP('',(#10955,#10956,#10957,#10958)) ;
#10972=EDGE_LOOP('',(#10973,#10974,#10975,#10976)) ;
#10990=EDGE_LOOP('',(#10991,#10992,#10993,#10994)) ;
#11008=EDGE_LOOP('',(#11009,#11010,#11011,#11012)) ;
#11026=EDGE_LOOP('',(#11027,#11028,#11029,#11030)) ;
#11044=EDGE_LOOP('',(#11045,#11046,#11047,#11048)) ;
#11062=EDGE_LOOP('',(#11063,#11064,#11065,#11066)) ;
#11075=EDGE_LOOP('',(#11076,#11077,#11078,#11079)) ;
#11107=EDGE_LOOP('',(#11108,#11109,#11110,#11111)) ;
#11132=EDGE_LOOP('',(#11133,#11134,#11135,#11136)) ;
#11157=EDGE_LOOP('',(#11158,#11159,#11160,#11161)) ;
#11182=EDGE_LOOP('',(#11183,#11184,#11185,#11186)) ;
#11207=EDGE_LOOP('',(#11208,#11209,#11210,#11211)) ;
#11232=EDGE_LOOP('',(#11233,#11234,#11235,#11236)) ;
#11257=EDGE_LOOP('',(#11258,#11259,#11260,#11261)) ;
#11275=EDGE_LOOP('',(#11276,#11277,#11278,#11279)) ;
#11392=EDGE_LOOP('',(#11393,#11394,#11395,#11396,#11397,#11398,#11399,#11400)) ;
#11402=EDGE_LOOP('',(#11403,#11404,#11405,#11406,#11407,#11408,#11409,#11410)) ;
#11523=EDGE_LOOP('',(#11524,#11525,#11526,#11527,#11528,#11529,#11530,#11531)) ;
#11533=EDGE_LOOP('',(#11534,#11535,#11536,#11537,#11538,#11539,#11540,#11541)) ;
#11583=EDGE_LOOP('',(#11584,#11585,#11586,#11587,#11588,#11589)) ;
#11610=EDGE_LOOP('',(#11611,#11612,#11613,#11614)) ;
#11649=EDGE_LOOP('',(#11650,#11651,#11652,#11653,#11654,#11655)) ;
#11676=EDGE_LOOP('',(#11677,#11678,#11679,#11680)) ;
#11715=EDGE_LOOP('',(#11716,#11717,#11718,#11719,#11720,#11721)) ;
#11742=EDGE_LOOP('',(#11743,#11744,#11745,#11746)) ;
#11781=EDGE_LOOP('',(#11782,#11783,#11784,#11785,#11786,#11787)) ;
#11801=EDGE_LOOP('',(#11802,#11803,#11804,#11805)) ;
#11847=EDGE_LOOP('',(#11848,#11849,#11850,#11851,#11852,#11853)) ;
#11874=EDGE_LOOP('',(#11875,#11876,#11877,#11878)) ;
#11913=EDGE_LOOP('',(#11914,#11915,#11916,#11917,#11918,#11919)) ;
#11940=EDGE_LOOP('',(#11941,#11942,#11943,#11944)) ;
#11979=EDGE_LOOP('',(#11980,#11981,#11982,#11983,#11984,#11985)) ;
#12006=EDGE_LOOP('',(#12007,#12008,#12009,#12010)) ;
#12045=EDGE_LOOP('',(#12046,#12047,#12048,#12049,#12050,#12051)) ;
#12065=EDGE_LOOP('',(#12066,#12067,#12068,#12069)) ;
#12083=EDGE_LOOP('',(#12084,#12085,#12086,#12087)) ;
#12101=EDGE_LOOP('',(#12102,#12103,#12104,#12105)) ;
#12138=EDGE_LOOP('',(#12139,#12140,#12141,#12142)) ;
#12156=EDGE_LOOP('',(#12157,#12158,#12159,#12160)) ;
#12193=EDGE_LOOP('',(#12194,#12195,#12196,#12197)) ;
#12230=EDGE_LOOP('',(#12231,#12232,#12233,#12234)) ;
#12248=EDGE_LOOP('',(#12249,#12250,#12251,#12252)) ;
#12285=EDGE_LOOP('',(#12286,#12287,#12288,#12289)) ;
#12303=EDGE_LOOP('',(#12304,#12305,#12306,#12307)) ;
#12340=EDGE_LOOP('',(#12341,#12342,#12343,#12344)) ;
#12358=EDGE_LOOP('',(#12359,#12360,#12361,#12362)) ;
#12376=EDGE_LOOP('',(#12377,#12378,#12379,#12380)) ;
#12413=EDGE_LOOP('',(#12414,#12415,#12416,#12417)) ;
#12431=EDGE_LOOP('',(#12432,#12433,#12434,#12435)) ;
#12468=EDGE_LOOP('',(#12469,#12470,#12471,#12472)) ;
#12505=EDGE_LOOP('',(#12506,#12507,#12508,#12509)) ;
#12523=EDGE_LOOP('',(#12524,#12525,#12526,#12527)) ;
#12541=EDGE_LOOP('',(#12542,#12543,#12544,#12545)) ;
#12583=EDGE_LOOP('',(#12584,#12585,#12586,#12587,#12588,#12589)) ;
#12603=EDGE_LOOP('',(#12604,#12605,#12606,#12607)) ;
#12645=EDGE_LOOP('',(#12646,#12647,#12648,#12649,#12650,#12651)) ;
#12679=EDGE_LOOP('',(#12680,#12681,#12682,#12683)) ;
#12697=EDGE_LOOP('',(#12698,#12699,#12700,#12701)) ;
#12729=EDGE_LOOP('',(#12730,#12731,#12732,#12733)) ;
#12747=EDGE_LOOP('',(#12748,#12749,#12750,#12751)) ;
#12760=EDGE_LOOP('',(#12761,#12762)) ;
#12776=EDGE_LOOP('',(#12777,#12778,#12779,#12780)) ;
#12794=EDGE_LOOP('',(#12795,#12796,#12797,#12798)) ;
#12817=EDGE_LOOP('',(#12818,#12819,#12820,#12821)) ;
#12835=EDGE_LOOP('',(#12836,#12837,#12838,#12839)) ;
#12858=EDGE_LOOP('',(#12859,#12860,#12861,#12862)) ;
#12871=EDGE_LOOP('',(#12872,#12873)) ;
#12887=EDGE_LOOP('',(#12888,#12889,#12890,#12891)) ;
#12905=EDGE_LOOP('',(#12906,#12907,#12908,#12909)) ;
#12918=EDGE_LOOP('',(#12919,#12920,#12921,#12922)) ;
#12931=EDGE_LOOP('',(#12932,#12933,#12934,#12935)) ;
#12949=EDGE_LOOP('',(#12950,#12951,#12952,#12953)) ;
#12962=EDGE_LOOP('',(#12963,#12964,#12965,#12966)) ;
#12980=EDGE_LOOP('',(#12981,#12982,#12983,#12984)) ;
#12993=EDGE_LOOP('',(#12994,#12995,#12996,#12997)) ;
#13060=EDGE_LOOP('',(#13061,#13062,#13063,#13064)) ;
#13184=EDGE_LOOP('',(#13185,#13186,#13187,#13188,#13189,#13190,#13191,#13192)) ;
#13217=EDGE_LOOP('',(#13218,#13219)) ;
#13271=EDGE_LOOP('',(#13272,#13273)) ;
#13325=EDGE_LOOP('',(#13326,#13327)) ;
#13379=EDGE_LOOP('',(#13380,#13381)) ;
#13395=EDGE_LOOP('',(#13396,#13397,#13398,#13399)) ;
#13427=EDGE_LOOP('',(#13428,#13429,#13430,#13431)) ;
#13459=EDGE_LOOP('',(#13460,#13461,#13462,#13463)) ;
#13484=EDGE_LOOP('',(#13485,#13486,#13487,#13488)) ;
#13509=EDGE_LOOP('',(#13510,#13511,#13512,#13513)) ;
#13534=EDGE_LOOP('',(#13535,#13536,#13537,#13538)) ;
#13559=EDGE_LOOP('',(#13560,#13561,#13562,#13563)) ;
#13584=EDGE_LOOP('',(#13585,#13586,#13587,#13588)) ;
#13609=EDGE_LOOP('',(#13610,#13611,#13612,#13613)) ;
#13627=EDGE_LOOP('',(#13628,#13629,#13630,#13631)) ;
#13659=EDGE_LOOP('',(#13660,#13661,#13662,#13663)) ;
#13677=EDGE_LOOP('',(#13678,#13679,#13680,#13681)) ;
#13709=EDGE_LOOP('',(#13710,#13711,#13712,#13713)) ;
#13727=EDGE_LOOP('',(#13728,#13729,#13730,#13731)) ;
#13759=EDGE_LOOP('',(#13760,#13761,#13762,#13763)) ;
#13777=EDGE_LOOP('',(#13778,#13779,#13780,#13781)) ;
#13801=EDGE_LOOP('',(#13802,#13803,#13804,#13805)) ;
#13814=EDGE_LOOP('',(#13815,#13816,#13817,#13818,#13819,#13820,#13821,#13822)) ;
#13824=EDGE_LOOP('',(#13825,#13826)) ;
#13842=EDGE_LOOP('',(#13843,#13844)) ;
#13860=EDGE_LOOP('',(#13861,#13862)) ;
#13878=EDGE_LOOP('',(#13879,#13880)) ;
#13899=EDGE_LOOP('',(#13900,#13901,#13902,#13903)) ;
#13912=EDGE_LOOP('',(#13913,#13914,#13915,#13916)) ;
#13935=EDGE_LOOP('',(#13936,#13937,#13938,#13939)) ;
#13948=EDGE_LOOP('',(#13949,#13950,#13951,#13952)) ;
#13971=EDGE_LOOP('',(#13972,#13973,#13974,#13975)) ;
#13984=EDGE_LOOP('',(#13985,#13986,#13987,#13988)) ;
#14057=EDGE_LOOP('',(#14058,#14059,#14060,#14061)) ;
#14208=EDGE_LOOP('',(#14209,#14210,#14211,#14212,#14213,#14214,#14215,#14216,#14217,#14218,#14219,#14220,#14221,#14222)) ;
#14254=EDGE_LOOP('',(#14255,#14256,#14257,#14258,#14259)) ;
#14282=EDGE_LOOP('',(#14283,#14284)) ;
#14392=EDGE_LOOP('',(#14393,#14394,#14395,#14396,#14397,#14398,#14399,#14400,#14401,#14402,#14403,#14404,#14405,#14406)) ;
#14433=EDGE_LOOP('',(#14434,#14435,#14436,#14437,#14438)) ;
#14470=EDGE_LOOP('',(#14471,#14472,#14473,#14474,#14475)) ;
#14489=EDGE_LOOP('',(#14490,#14491,#14492,#14493,#14494)) ;
#14514=EDGE_LOOP('',(#14515,#14516,#14517,#14518)) ;
#14532=EDGE_LOOP('',(#14533,#14534,#14535,#14536)) ;
#14545=EDGE_LOOP('',(#14546,#14547,#14548,#14549,#14550)) ;
#14564=EDGE_LOOP('',(#14565,#14566,#14567,#14568,#14569)) ;
#14589=EDGE_LOOP('',(#14590,#14591,#14592,#14593)) ;
#14607=EDGE_LOOP('',(#14608,#14609,#14610,#14611)) ;
#14638=EDGE_LOOP('',(#14639,#14640,#14641,#14642,#14643)) ;
#14663=EDGE_LOOP('',(#14664,#14665,#14666,#14667,#14668)) ;
#14677=EDGE_LOOP('',(#14678,#14679,#14680,#14681)) ;
#14709=EDGE_LOOP('',(#14710,#14711,#14712,#14713)) ;
#14727=EDGE_LOOP('',(#14728,#14729,#14730,#14731)) ;
#14759=EDGE_LOOP('',(#14760,#14761,#14762,#14763)) ;
#14777=EDGE_LOOP('',(#14778,#14779,#14780,#14781)) ;
#14809=EDGE_LOOP('',(#14810,#14811,#14812,#14813)) ;
#14827=EDGE_LOOP('',(#14828,#14829,#14830,#14831)) ;
#14840=EDGE_LOOP('',(#14841,#14842)) ;
#86=FACE_OUTER_BOUND('',#81,.T.) ;
#2439=FACE_OUTER_BOUND('',#2216,.T.) ;
#2464=FACE_OUTER_BOUND('',#2459,.T.) ;
#4554=FACE_OUTER_BOUND('',#4331,.T.) ;
#4572=FACE_OUTER_BOUND('',#4567,.T.) ;
#4595=FACE_OUTER_BOUND('',#4590,.T.) ;
#4613=FACE_OUTER_BOUND('',#4608,.T.) ;
#4631=FACE_OUTER_BOUND('',#4626,.T.) ;
#4649=FACE_OUTER_BOUND('',#4644,.T.) ;
#4667=FACE_OUTER_BOUND('',#4662,.T.) ;
#4680=FACE_OUTER_BOUND('',#4675,.T.) ;
#4698=FACE_OUTER_BOUND('',#4693,.T.) ;
#4716=FACE_OUTER_BOUND('',#4711,.T.) ;
#4734=FACE_OUTER_BOUND('',#4729,.T.) ;
#4752=FACE_OUTER_BOUND('',#4747,.T.) ;
#4770=FACE_OUTER_BOUND('',#4765,.T.) ;
#4788=FACE_OUTER_BOUND('',#4783,.T.) ;
#4806=FACE_OUTER_BOUND('',#4801,.T.) ;
#4824=FACE_OUTER_BOUND('',#4819,.T.) ;
#4842=FACE_OUTER_BOUND('',#4837,.T.) ;
#4860=FACE_OUTER_BOUND('',#4855,.T.) ;
#4878=FACE_OUTER_BOUND('',#4873,.T.) ;
#4896=FACE_OUTER_BOUND('',#4891,.T.) ;
#4914=FACE_OUTER_BOUND('',#4909,.T.) ;
#4932=FACE_OUTER_BOUND('',#4927,.T.) ;
#4950=FACE_OUTER_BOUND('',#4945,.T.) ;
#4968=FACE_OUTER_BOUND('',#4963,.T.) ;
#4986=FACE_OUTER_BOUND('',#4981,.T.) ;
#5004=FACE_OUTER_BOUND('',#4999,.T.) ;
#5022=FACE_OUTER_BOUND('',#5017,.T.) ;
#5040=FACE_OUTER_BOUND('',#5035,.T.) ;
#5058=FACE_OUTER_BOUND('',#5053,.T.) ;
#5076=FACE_OUTER_BOUND('',#5071,.T.) ;
#5094=FACE_OUTER_BOUND('',#5089,.T.) ;
#5112=FACE_OUTER_BOUND('',#5107,.T.) ;
#5130=FACE_OUTER_BOUND('',#5125,.T.) ;
#5148=FACE_OUTER_BOUND('',#5143,.T.) ;
#5166=FACE_OUTER_BOUND('',#5161,.T.) ;
#5184=FACE_OUTER_BOUND('',#5179,.T.) ;
#5202=FACE_OUTER_BOUND('',#5197,.T.) ;
#5220=FACE_OUTER_BOUND('',#5215,.T.) ;
#5238=FACE_OUTER_BOUND('',#5233,.T.) ;
#5256=FACE_OUTER_BOUND('',#5251,.T.) ;
#5274=FACE_OUTER_BOUND('',#5269,.T.) ;
#5292=FACE_OUTER_BOUND('',#5287,.T.) ;
#5310=FACE_OUTER_BOUND('',#5305,.T.) ;
#5328=FACE_OUTER_BOUND('',#5323,.T.) ;
#5346=FACE_OUTER_BOUND('',#5341,.T.) ;
#5364=FACE_OUTER_BOUND('',#5359,.T.) ;
#5382=FACE_OUTER_BOUND('',#5377,.T.) ;
#5400=FACE_OUTER_BOUND('',#5395,.T.) ;
#5418=FACE_OUTER_BOUND('',#5413,.T.) ;
#5436=FACE_OUTER_BOUND('',#5431,.T.) ;
#5454=FACE_OUTER_BOUND('',#5449,.T.) ;
#5472=FACE_OUTER_BOUND('',#5467,.T.) ;
#5490=FACE_OUTER_BOUND('',#5485,.T.) ;
#5508=FACE_OUTER_BOUND('',#5503,.T.) ;
#5526=FACE_OUTER_BOUND('',#5521,.T.) ;
#5544=FACE_OUTER_BOUND('',#5539,.T.) ;
#5562=FACE_OUTER_BOUND('',#5557,.T.) ;
#5580=FACE_OUTER_BOUND('',#5575,.T.) ;
#5598=FACE_OUTER_BOUND('',#5593,.T.) ;
#5616=FACE_OUTER_BOUND('',#5611,.T.) ;
#5634=FACE_OUTER_BOUND('',#5629,.T.) ;
#5652=FACE_OUTER_BOUND('',#5647,.T.) ;
#5670=FACE_OUTER_BOUND('',#5665,.T.) ;
#5688=FACE_OUTER_BOUND('',#5683,.T.) ;
#5706=FACE_OUTER_BOUND('',#5701,.T.) ;
#5724=FACE_OUTER_BOUND('',#5719,.T.) ;
#5742=FACE_OUTER_BOUND('',#5737,.T.) ;
#5760=FACE_OUTER_BOUND('',#5755,.T.) ;
#5778=FACE_OUTER_BOUND('',#5773,.T.) ;
#5796=FACE_OUTER_BOUND('',#5791,.T.) ;
#5814=FACE_OUTER_BOUND('',#5809,.T.) ;
#5832=FACE_OUTER_BOUND('',#5827,.T.) ;
#5850=FACE_OUTER_BOUND('',#5845,.T.) ;
#5868=FACE_OUTER_BOUND('',#5863,.T.) ;
#5886=FACE_OUTER_BOUND('',#5881,.T.) ;
#5904=FACE_OUTER_BOUND('',#5899,.T.) ;
#5922=FACE_OUTER_BOUND('',#5917,.T.) ;
#5940=FACE_OUTER_BOUND('',#5935,.T.) ;
#5958=FACE_OUTER_BOUND('',#5953,.T.) ;
#5976=FACE_OUTER_BOUND('',#5971,.T.) ;
#5994=FACE_OUTER_BOUND('',#5989,.T.) ;
#6012=FACE_OUTER_BOUND('',#6007,.T.) ;
#6030=FACE_OUTER_BOUND('',#6025,.T.) ;
#6048=FACE_OUTER_BOUND('',#6043,.T.) ;
#6066=FACE_OUTER_BOUND('',#6061,.T.) ;
#6084=FACE_OUTER_BOUND('',#6079,.T.) ;
#6102=FACE_OUTER_BOUND('',#6097,.T.) ;
#6120=FACE_OUTER_BOUND('',#6115,.T.) ;
#6138=FACE_OUTER_BOUND('',#6133,.T.) ;
#6156=FACE_OUTER_BOUND('',#6151,.T.) ;
#6174=FACE_OUTER_BOUND('',#6169,.T.) ;
#6192=FACE_OUTER_BOUND('',#6187,.T.) ;
#6210=FACE_OUTER_BOUND('',#6205,.T.) ;
#6228=FACE_OUTER_BOUND('',#6223,.T.) ;
#6246=FACE_OUTER_BOUND('',#6241,.T.) ;
#6264=FACE_OUTER_BOUND('',#6259,.T.) ;
#6282=FACE_OUTER_BOUND('',#6277,.T.) ;
#6300=FACE_OUTER_BOUND('',#6295,.T.) ;
#6318=FACE_OUTER_BOUND('',#6313,.T.) ;
#6336=FACE_OUTER_BOUND('',#6331,.T.) ;
#6354=FACE_OUTER_BOUND('',#6349,.T.) ;
#6372=FACE_OUTER_BOUND('',#6367,.T.) ;
#6390=FACE_OUTER_BOUND('',#6385,.T.) ;
#6408=FACE_OUTER_BOUND('',#6403,.T.) ;
#6426=FACE_OUTER_BOUND('',#6421,.T.) ;
#6444=FACE_OUTER_BOUND('',#6439,.T.) ;
#6462=FACE_OUTER_BOUND('',#6457,.T.) ;
#6480=FACE_OUTER_BOUND('',#6475,.T.) ;
#6498=FACE_OUTER_BOUND('',#6493,.T.) ;
#6516=FACE_OUTER_BOUND('',#6511,.T.) ;
#6534=FACE_OUTER_BOUND('',#6529,.T.) ;
#6552=FACE_OUTER_BOUND('',#6547,.T.) ;
#6570=FACE_OUTER_BOUND('',#6565,.T.) ;
#6588=FACE_OUTER_BOUND('',#6583,.T.) ;
#6606=FACE_OUTER_BOUND('',#6601,.T.) ;
#6624=FACE_OUTER_BOUND('',#6619,.T.) ;
#6642=FACE_OUTER_BOUND('',#6637,.T.) ;
#6660=FACE_OUTER_BOUND('',#6655,.T.) ;
#6678=FACE_OUTER_BOUND('',#6673,.T.) ;
#6696=FACE_OUTER_BOUND('',#6691,.T.) ;
#6714=FACE_OUTER_BOUND('',#6709,.T.) ;
#6732=FACE_OUTER_BOUND('',#6727,.T.) ;
#6750=FACE_OUTER_BOUND('',#6745,.T.) ;
#6768=FACE_OUTER_BOUND('',#6763,.T.) ;
#6786=FACE_OUTER_BOUND('',#6781,.T.) ;
#6804=FACE_OUTER_BOUND('',#6799,.T.) ;
#6822=FACE_OUTER_BOUND('',#6817,.T.) ;
#6840=FACE_OUTER_BOUND('',#6835,.T.) ;
#6858=FACE_OUTER_BOUND('',#6853,.T.) ;
#6876=FACE_OUTER_BOUND('',#6871,.T.) ;
#6894=FACE_OUTER_BOUND('',#6889,.T.) ;
#6912=FACE_OUTER_BOUND('',#6907,.T.) ;
#6930=FACE_OUTER_BOUND('',#6925,.T.) ;
#6948=FACE_OUTER_BOUND('',#6943,.T.) ;
#6966=FACE_OUTER_BOUND('',#6961,.T.) ;
#6984=FACE_OUTER_BOUND('',#6979,.T.) ;
#7002=FACE_OUTER_BOUND('',#6997,.T.) ;
#7020=FACE_OUTER_BOUND('',#7015,.T.) ;
#7038=FACE_OUTER_BOUND('',#7033,.T.) ;
#7056=FACE_OUTER_BOUND('',#7051,.T.) ;
#7074=FACE_OUTER_BOUND('',#7069,.T.) ;
#7092=FACE_OUTER_BOUND('',#7087,.T.) ;
#7110=FACE_OUTER_BOUND('',#7105,.T.) ;
#7128=FACE_OUTER_BOUND('',#7123,.T.) ;
#7146=FACE_OUTER_BOUND('',#7141,.T.) ;
#7164=FACE_OUTER_BOUND('',#7159,.T.) ;
#7182=FACE_OUTER_BOUND('',#7177,.T.) ;
#7200=FACE_OUTER_BOUND('',#7195,.T.) ;
#7218=FACE_OUTER_BOUND('',#7213,.T.) ;
#7236=FACE_OUTER_BOUND('',#7231,.T.) ;
#7254=FACE_OUTER_BOUND('',#7249,.T.) ;
#7272=FACE_OUTER_BOUND('',#7267,.T.) ;
#7290=FACE_OUTER_BOUND('',#7285,.T.) ;
#7308=FACE_OUTER_BOUND('',#7303,.T.) ;
#7326=FACE_OUTER_BOUND('',#7321,.T.) ;
#7344=FACE_OUTER_BOUND('',#7339,.T.) ;
#7362=FACE_OUTER_BOUND('',#7357,.T.) ;
#7380=FACE_OUTER_BOUND('',#7375,.T.) ;
#7398=FACE_OUTER_BOUND('',#7393,.T.) ;
#7416=FACE_OUTER_BOUND('',#7411,.T.) ;
#7434=FACE_OUTER_BOUND('',#7429,.T.) ;
#7452=FACE_OUTER_BOUND('',#7447,.T.) ;
#7470=FACE_OUTER_BOUND('',#7465,.T.) ;
#7488=FACE_OUTER_BOUND('',#7483,.T.) ;
#7506=FACE_OUTER_BOUND('',#7501,.T.) ;
#7524=FACE_OUTER_BOUND('',#7519,.T.) ;
#7542=FACE_OUTER_BOUND('',#7537,.T.) ;
#7560=FACE_OUTER_BOUND('',#7555,.T.) ;
#7578=FACE_OUTER_BOUND('',#7573,.T.) ;
#7596=FACE_OUTER_BOUND('',#7591,.T.) ;
#7614=FACE_OUTER_BOUND('',#7609,.T.) ;
#7632=FACE_OUTER_BOUND('',#7627,.T.) ;
#7650=FACE_OUTER_BOUND('',#7645,.T.) ;
#7668=FACE_OUTER_BOUND('',#7663,.T.) ;
#7686=FACE_OUTER_BOUND('',#7681,.T.) ;
#7704=FACE_OUTER_BOUND('',#7699,.T.) ;
#7722=FACE_OUTER_BOUND('',#7717,.T.) ;
#7740=FACE_OUTER_BOUND('',#7735,.T.) ;
#7758=FACE_OUTER_BOUND('',#7753,.T.) ;
#7776=FACE_OUTER_BOUND('',#7771,.T.) ;
#7794=FACE_OUTER_BOUND('',#7789,.T.) ;
#7812=FACE_OUTER_BOUND('',#7807,.T.) ;
#7830=FACE_OUTER_BOUND('',#7825,.T.) ;
#7848=FACE_OUTER_BOUND('',#7843,.T.) ;
#7866=FACE_OUTER_BOUND('',#7861,.T.) ;
#7884=FACE_OUTER_BOUND('',#7879,.T.) ;
#7902=FACE_OUTER_BOUND('',#7897,.T.) ;
#7920=FACE_OUTER_BOUND('',#7915,.T.) ;
#7938=FACE_OUTER_BOUND('',#7933,.T.) ;
#7956=FACE_OUTER_BOUND('',#7951,.T.) ;
#7974=FACE_OUTER_BOUND('',#7969,.T.) ;
#7992=FACE_OUTER_BOUND('',#7987,.T.) ;
#8010=FACE_OUTER_BOUND('',#8005,.T.) ;
#8028=FACE_OUTER_BOUND('',#8023,.T.) ;
#8046=FACE_OUTER_BOUND('',#8041,.T.) ;
#8064=FACE_OUTER_BOUND('',#8059,.T.) ;
#8082=FACE_OUTER_BOUND('',#8077,.T.) ;
#8100=FACE_OUTER_BOUND('',#8095,.T.) ;
#8118=FACE_OUTER_BOUND('',#8113,.T.) ;
#8136=FACE_OUTER_BOUND('',#8131,.T.) ;
#8154=FACE_OUTER_BOUND('',#8149,.T.) ;
#8172=FACE_OUTER_BOUND('',#8167,.T.) ;
#8190=FACE_OUTER_BOUND('',#8185,.T.) ;
#8208=FACE_OUTER_BOUND('',#8203,.T.) ;
#8226=FACE_OUTER_BOUND('',#8221,.T.) ;
#8244=FACE_OUTER_BOUND('',#8239,.T.) ;
#8262=FACE_OUTER_BOUND('',#8257,.T.) ;
#8280=FACE_OUTER_BOUND('',#8275,.T.) ;
#8298=FACE_OUTER_BOUND('',#8293,.T.) ;
#8316=FACE_OUTER_BOUND('',#8311,.T.) ;
#8334=FACE_OUTER_BOUND('',#8329,.T.) ;
#8352=FACE_OUTER_BOUND('',#8347,.T.) ;
#8370=FACE_OUTER_BOUND('',#8365,.T.) ;
#8388=FACE_OUTER_BOUND('',#8383,.T.) ;
#8406=FACE_OUTER_BOUND('',#8401,.T.) ;
#8424=FACE_OUTER_BOUND('',#8419,.T.) ;
#8442=FACE_OUTER_BOUND('',#8437,.T.) ;
#8460=FACE_OUTER_BOUND('',#8455,.T.) ;
#8478=FACE_OUTER_BOUND('',#8473,.T.) ;
#8496=FACE_OUTER_BOUND('',#8491,.T.) ;
#8509=FACE_OUTER_BOUND('',#8504,.T.) ;
#8576=FACE_OUTER_BOUND('',#8571,.T.) ;
#8828=FACE_OUTER_BOUND('',#8803,.T.) ;
#8853=FACE_OUTER_BOUND('',#8848,.T.) ;
#9083=FACE_OUTER_BOUND('',#9058,.T.) ;
#9101=FACE_OUTER_BOUND('',#9096,.T.) ;
#9119=FACE_OUTER_BOUND('',#9114,.T.) ;
#9137=FACE_OUTER_BOUND('',#9132,.T.) ;
#9155=FACE_OUTER_BOUND('',#9150,.T.) ;
#9173=FACE_OUTER_BOUND('',#9168,.T.) ;
#9191=FACE_OUTER_BOUND('',#9186,.T.) ;
#9209=FACE_OUTER_BOUND('',#9204,.T.) ;
#9227=FACE_OUTER_BOUND('',#9222,.T.) ;
#9245=FACE_OUTER_BOUND('',#9240,.T.) ;
#9263=FACE_OUTER_BOUND('',#9258,.T.) ;
#9281=FACE_OUTER_BOUND('',#9276,.T.) ;
#9299=FACE_OUTER_BOUND('',#9294,.T.) ;
#9317=FACE_OUTER_BOUND('',#9312,.T.) ;
#9335=FACE_OUTER_BOUND('',#9330,.T.) ;
#9353=FACE_OUTER_BOUND('',#9348,.T.) ;
#9371=FACE_OUTER_BOUND('',#9366,.T.) ;
#9389=FACE_OUTER_BOUND('',#9384,.T.) ;
#9407=FACE_OUTER_BOUND('',#9402,.T.) ;
#9425=FACE_OUTER_BOUND('',#9420,.T.) ;
#9443=FACE_OUTER_BOUND('',#9438,.T.) ;
#9461=FACE_OUTER_BOUND('',#9456,.T.) ;
#9474=FACE_OUTER_BOUND('',#9469,.T.) ;
#9554=FACE_OUTER_BOUND('',#9549,.T.) ;
#9682=FACE_OUTER_BOUND('',#9673,.T.) ;
#10044=FACE_OUTER_BOUND('',#10039,.T.) ;
#10117=FACE_OUTER_BOUND('',#10108,.T.) ;
#10501=FACE_OUTER_BOUND('',#10496,.T.) ;
#10533=FACE_OUTER_BOUND('',#10528,.T.) ;
#10561=FACE_OUTER_BOUND('',#10556,.T.) ;
#10586=FACE_OUTER_BOUND('',#10581,.T.) ;
#10614=FACE_OUTER_BOUND('',#10609,.T.) ;
#10639=FACE_OUTER_BOUND('',#10634,.T.) ;
#10664=FACE_OUTER_BOUND('',#10659,.T.) ;
#10689=FACE_OUTER_BOUND('',#10684,.T.) ;
#10707=FACE_OUTER_BOUND('',#10702,.T.) ;
#10730=FACE_OUTER_BOUND('',#10725,.T.) ;
#10743=FACE_OUTER_BOUND('',#10738,.T.) ;
#10766=FACE_OUTER_BOUND('',#10761,.T.) ;
#10779=FACE_OUTER_BOUND('',#10774,.T.) ;
#10802=FACE_OUTER_BOUND('',#10797,.T.) ;
#10815=FACE_OUTER_BOUND('',#10810,.T.) ;
#10838=FACE_OUTER_BOUND('',#10833,.T.) ;
#10851=FACE_OUTER_BOUND('',#10846,.T.) ;
#10869=FACE_OUTER_BOUND('',#10864,.T.) ;
#10887=FACE_OUTER_BOUND('',#10882,.T.) ;
#10905=FACE_OUTER_BOUND('',#10900,.T.) ;
#10923=FACE_OUTER_BOUND('',#10918,.T.) ;
#10941=FACE_OUTER_BOUND('',#10936,.T.) ;
#10959=FACE_OUTER_BOUND('',#10954,.T.) ;
#10977=FACE_OUTER_BOUND('',#10972,.T.) ;
#10995=FACE_OUTER_BOUND('',#10990,.T.) ;
#11013=FACE_OUTER_BOUND('',#11008,.T.) ;
#11031=FACE_OUTER_BOUND('',#11026,.T.) ;
#11049=FACE_OUTER_BOUND('',#11044,.T.) ;
#11067=FACE_OUTER_BOUND('',#11062,.T.) ;
#11080=FACE_OUTER_BOUND('',#11075,.T.) ;
#11112=FACE_OUTER_BOUND('',#11107,.T.) ;
#11137=FACE_OUTER_BOUND('',#11132,.T.) ;
#11162=FACE_OUTER_BOUND('',#11157,.T.) ;
#11187=FACE_OUTER_BOUND('',#11182,.T.) ;
#11212=FACE_OUTER_BOUND('',#11207,.T.) ;
#11237=FACE_OUTER_BOUND('',#11232,.T.) ;
#11262=FACE_OUTER_BOUND('',#11257,.T.) ;
#11280=FACE_OUTER_BOUND('',#11275,.T.) ;
#11401=FACE_OUTER_BOUND('',#11392,.T.) ;
#11532=FACE_OUTER_BOUND('',#11523,.T.) ;
#11590=FACE_OUTER_BOUND('',#11583,.T.) ;
#11615=FACE_OUTER_BOUND('',#11610,.T.) ;
#11656=FACE_OUTER_BOUND('',#11649,.T.) ;
#11681=FACE_OUTER_BOUND('',#11676,.T.) ;
#11722=FACE_OUTER_BOUND('',#11715,.T.) ;
#11747=FACE_OUTER_BOUND('',#11742,.T.) ;
#11788=FACE_OUTER_BOUND('',#11781,.T.) ;
#11806=FACE_OUTER_BOUND('',#11801,.T.) ;
#11854=FACE_OUTER_BOUND('',#11847,.T.) ;
#11879=FACE_OUTER_BOUND('',#11874,.T.) ;
#11920=FACE_OUTER_BOUND('',#11913,.T.) ;
#11945=FACE_OUTER_BOUND('',#11940,.T.) ;
#11986=FACE_OUTER_BOUND('',#11979,.T.) ;
#12011=FACE_OUTER_BOUND('',#12006,.T.) ;
#12052=FACE_OUTER_BOUND('',#12045,.T.) ;
#12070=FACE_OUTER_BOUND('',#12065,.T.) ;
#12088=FACE_OUTER_BOUND('',#12083,.T.) ;
#12106=FACE_OUTER_BOUND('',#12101,.T.) ;
#12143=FACE_OUTER_BOUND('',#12138,.T.) ;
#12161=FACE_OUTER_BOUND('',#12156,.T.) ;
#12198=FACE_OUTER_BOUND('',#12193,.T.) ;
#12235=FACE_OUTER_BOUND('',#12230,.T.) ;
#12253=FACE_OUTER_BOUND('',#12248,.T.) ;
#12290=FACE_OUTER_BOUND('',#12285,.T.) ;
#12308=FACE_OUTER_BOUND('',#12303,.T.) ;
#12345=FACE_OUTER_BOUND('',#12340,.T.) ;
#12363=FACE_OUTER_BOUND('',#12358,.T.) ;
#12381=FACE_OUTER_BOUND('',#12376,.T.) ;
#12418=FACE_OUTER_BOUND('',#12413,.T.) ;
#12436=FACE_OUTER_BOUND('',#12431,.T.) ;
#12473=FACE_OUTER_BOUND('',#12468,.T.) ;
#12510=FACE_OUTER_BOUND('',#12505,.T.) ;
#12528=FACE_OUTER_BOUND('',#12523,.T.) ;
#12546=FACE_OUTER_BOUND('',#12541,.T.) ;
#12590=FACE_OUTER_BOUND('',#12583,.T.) ;
#12608=FACE_OUTER_BOUND('',#12603,.T.) ;
#12652=FACE_OUTER_BOUND('',#12645,.T.) ;
#12684=FACE_OUTER_BOUND('',#12679,.T.) ;
#12702=FACE_OUTER_BOUND('',#12697,.T.) ;
#12734=FACE_OUTER_BOUND('',#12729,.T.) ;
#12752=FACE_OUTER_BOUND('',#12747,.T.) ;
#12763=FACE_OUTER_BOUND('',#12760,.T.) ;
#12781=FACE_OUTER_BOUND('',#12776,.T.) ;
#12799=FACE_OUTER_BOUND('',#12794,.T.) ;
#12822=FACE_OUTER_BOUND('',#12817,.T.) ;
#12840=FACE_OUTER_BOUND('',#12835,.T.) ;
#12863=FACE_OUTER_BOUND('',#12858,.T.) ;
#12874=FACE_OUTER_BOUND('',#12871,.T.) ;
#12892=FACE_OUTER_BOUND('',#12887,.T.) ;
#12910=FACE_OUTER_BOUND('',#12905,.T.) ;
#12923=FACE_OUTER_BOUND('',#12918,.T.) ;
#12936=FACE_OUTER_BOUND('',#12931,.T.) ;
#12954=FACE_OUTER_BOUND('',#12949,.T.) ;
#12967=FACE_OUTER_BOUND('',#12962,.T.) ;
#12985=FACE_OUTER_BOUND('',#12980,.T.) ;
#12998=FACE_OUTER_BOUND('',#12993,.T.) ;
#13065=FACE_OUTER_BOUND('',#13060,.T.) ;
#13193=FACE_OUTER_BOUND('',#13184,.T.) ;
#13400=FACE_OUTER_BOUND('',#13395,.T.) ;
#13432=FACE_OUTER_BOUND('',#13427,.T.) ;
#13464=FACE_OUTER_BOUND('',#13459,.T.) ;
#13489=FACE_OUTER_BOUND('',#13484,.T.) ;
#13514=FACE_OUTER_BOUND('',#13509,.T.) ;
#13539=FACE_OUTER_BOUND('',#13534,.T.) ;
#13564=FACE_OUTER_BOUND('',#13559,.T.) ;
#13589=FACE_OUTER_BOUND('',#13584,.T.) ;
#13614=FACE_OUTER_BOUND('',#13609,.T.) ;
#13632=FACE_OUTER_BOUND('',#13627,.T.) ;
#13664=FACE_OUTER_BOUND('',#13659,.T.) ;
#13682=FACE_OUTER_BOUND('',#13677,.T.) ;
#13714=FACE_OUTER_BOUND('',#13709,.T.) ;
#13732=FACE_OUTER_BOUND('',#13727,.T.) ;
#13764=FACE_OUTER_BOUND('',#13759,.T.) ;
#13782=FACE_OUTER_BOUND('',#13777,.T.) ;
#13806=FACE_OUTER_BOUND('',#13801,.T.) ;
#13823=FACE_OUTER_BOUND('',#13814,.T.) ;
#13904=FACE_OUTER_BOUND('',#13899,.T.) ;
#13917=FACE_OUTER_BOUND('',#13912,.T.) ;
#13940=FACE_OUTER_BOUND('',#13935,.T.) ;
#13953=FACE_OUTER_BOUND('',#13948,.T.) ;
#13976=FACE_OUTER_BOUND('',#13971,.T.) ;
#13989=FACE_OUTER_BOUND('',#13984,.T.) ;
#14062=FACE_OUTER_BOUND('',#14057,.T.) ;
#14223=FACE_OUTER_BOUND('',#14208,.T.) ;
#14260=FACE_OUTER_BOUND('',#14254,.T.) ;
#14285=FACE_OUTER_BOUND('',#14282,.T.) ;
#14439=FACE_OUTER_BOUND('',#14433,.T.) ;
#14476=FACE_OUTER_BOUND('',#14470,.T.) ;
#14495=FACE_OUTER_BOUND('',#14489,.T.) ;
#14519=FACE_OUTER_BOUND('',#14514,.T.) ;
#14537=FACE_OUTER_BOUND('',#14532,.T.) ;
#14551=FACE_OUTER_BOUND('',#14545,.T.) ;
#14570=FACE_OUTER_BOUND('',#14564,.T.) ;
#14594=FACE_OUTER_BOUND('',#14589,.T.) ;
#14612=FACE_OUTER_BOUND('',#14607,.T.) ;
#14644=FACE_OUTER_BOUND('',#14638,.T.) ;
#14669=FACE_OUTER_BOUND('',#14663,.T.) ;
#14682=FACE_OUTER_BOUND('',#14677,.T.) ;
#14714=FACE_OUTER_BOUND('',#14709,.T.) ;
#14732=FACE_OUTER_BOUND('',#14727,.T.) ;
#14764=FACE_OUTER_BOUND('',#14759,.T.) ;
#14782=FACE_OUTER_BOUND('',#14777,.T.) ;
#14814=FACE_OUTER_BOUND('',#14809,.T.) ;
#14832=FACE_OUTER_BOUND('',#14827,.T.) ;
#14843=FACE_OUTER_BOUND('',#14840,.T.) ;
#65=LINE('Line',#62,#64) ;
#79=LINE('Line',#76,#78) ;
#246=LINE('Line',#243,#245) ;
#279=LINE('Line',#276,#278) ;
#286=LINE('Line',#283,#285) ;
#293=LINE('Line',#290,#292) ;
#300=LINE('Line',#297,#299) ;
#307=LINE('Line',#304,#306) ;
#314=LINE('Line',#311,#313) ;
#321=LINE('Line',#318,#320) ;
#328=LINE('Line',#325,#327) ;
#335=LINE('Line',#332,#334) ;
#342=LINE('Line',#339,#341) ;
#349=LINE('Line',#346,#348) ;
#356=LINE('Line',#353,#355) ;
#363=LINE('Line',#360,#362) ;
#370=LINE('Line',#367,#369) ;
#377=LINE('Line',#374,#376) ;
#384=LINE('Line',#381,#383) ;
#391=LINE('Line',#388,#390) ;
#398=LINE('Line',#395,#397) ;
#405=LINE('Line',#402,#404) ;
#412=LINE('Line',#409,#411) ;
#419=LINE('Line',#416,#418) ;
#426=LINE('Line',#423,#425) ;
#433=LINE('Line',#430,#432) ;
#440=LINE('Line',#437,#439) ;
#447=LINE('Line',#444,#446) ;
#454=LINE('Line',#451,#453) ;
#461=LINE('Line',#458,#460) ;
#468=LINE('Line',#465,#467) ;
#475=LINE('Line',#472,#474) ;
#482=LINE('Line',#479,#481) ;
#489=LINE('Line',#486,#488) ;
#496=LINE('Line',#493,#495) ;
#503=LINE('Line',#500,#502) ;
#510=LINE('Line',#507,#509) ;
#517=LINE('Line',#514,#516) ;
#524=LINE('Line',#521,#523) ;
#531=LINE('Line',#528,#530) ;
#538=LINE('Line',#535,#537) ;
#545=LINE('Line',#542,#544) ;
#552=LINE('Line',#549,#551) ;
#559=LINE('Line',#556,#558) ;
#566=LINE('Line',#563,#565) ;
#573=LINE('Line',#570,#572) ;
#607=LINE('Line',#604,#606) ;
#630=LINE('Line',#627,#629) ;
#653=LINE('Line',#650,#652) ;
#825=LINE('Line',#822,#824) ;
#851=LINE('Line',#848,#850) ;
#865=LINE('Line',#862,#864) ;
#879=LINE('Line',#876,#878) ;
#914=LINE('Line',#911,#913) ;
#949=LINE('Line',#946,#948) ;
#984=LINE('Line',#981,#983) ;
#1019=LINE('Line',#1016,#1018) ;
#1054=LINE('Line',#1051,#1053) ;
#1089=LINE('Line',#1086,#1088) ;
#1103=LINE('Line',#1100,#1102) ;
#1138=LINE('Line',#1135,#1137) ;
#1173=LINE('Line',#1170,#1172) ;
#1187=LINE('Line',#1184,#1186) ;
#1222=LINE('Line',#1219,#1221) ;
#1257=LINE('Line',#1254,#1256) ;
#1292=LINE('Line',#1289,#1291) ;
#1327=LINE('Line',#1324,#1326) ;
#1362=LINE('Line',#1359,#1361) ;
#1397=LINE('Line',#1394,#1396) ;
#1411=LINE('Line',#1408,#1410) ;
#1425=LINE('Line',#1422,#1424) ;
#1451=LINE('Line',#1448,#1450) ;
#1623=LINE('Line',#1620,#1622) ;
#1646=LINE('Line',#1643,#1645) ;
#1669=LINE('Line',#1666,#1668) ;
#1703=LINE('Line',#1700,#1702) ;
#1710=LINE('Line',#1707,#1709) ;
#1717=LINE('Line',#1714,#1716) ;
#1724=LINE('Line',#1721,#1723) ;
#1731=LINE('Line',#1728,#1730) ;
#1738=LINE('Line',#1735,#1737) ;
#1745=LINE('Line',#1742,#1744) ;
#1752=LINE('Line',#1749,#1751) ;
#1759=LINE('Line',#1756,#1758) ;
#1766=LINE('Line',#1763,#1765) ;
#1773=LINE('Line',#1770,#1772) ;
#1780=LINE('Line',#1777,#1779) ;
#1787=LINE('Line',#1784,#1786) ;
#1794=LINE('Line',#1791,#1793) ;
#1801=LINE('Line',#1798,#1800) ;
#1808=LINE('Line',#1805,#1807) ;
#1815=LINE('Line',#1812,#1814) ;
#1822=LINE('Line',#1819,#1821) ;
#1829=LINE('Line',#1826,#1828) ;
#1836=LINE('Line',#1833,#1835) ;
#1843=LINE('Line',#1840,#1842) ;
#1850=LINE('Line',#1847,#1849) ;
#1857=LINE('Line',#1854,#1856) ;
#1864=LINE('Line',#1861,#1863) ;
#1871=LINE('Line',#1868,#1870) ;
#1878=LINE('Line',#1875,#1877) ;
#1885=LINE('Line',#1882,#1884) ;
#1892=LINE('Line',#1889,#1891) ;
#1899=LINE('Line',#1896,#1898) ;
#1906=LINE('Line',#1903,#1905) ;
#1913=LINE('Line',#1910,#1912) ;
#1920=LINE('Line',#1917,#1919) ;
#1927=LINE('Line',#1924,#1926) ;
#1934=LINE('Line',#1931,#1933) ;
#1941=LINE('Line',#1938,#1940) ;
#1948=LINE('Line',#1945,#1947) ;
#1955=LINE('Line',#1952,#1954) ;
#1962=LINE('Line',#1959,#1961) ;
#1969=LINE('Line',#1966,#1968) ;
#1976=LINE('Line',#1973,#1975) ;
#1983=LINE('Line',#1980,#1982) ;
#1990=LINE('Line',#1987,#1989) ;
#1997=LINE('Line',#1994,#1996) ;
#2030=LINE('Line',#2027,#2029) ;
#2186=LINE('Line',#2183,#2185) ;
#2200=LINE('Line',#2197,#2199) ;
#2214=LINE('Line',#2211,#2213) ;
#2450=LINE('Line',#2447,#2449) ;
#2484=LINE('Line',#2481,#2483) ;
#2510=LINE('Line',#2507,#2509) ;
#2536=LINE('Line',#2533,#2535) ;
#2686=LINE('Line',#2683,#2685) ;
#2713=LINE('Line',#2710,#2712) ;
#2720=LINE('Line',#2717,#2719) ;
#2727=LINE('Line',#2724,#2726) ;
#2734=LINE('Line',#2731,#2733) ;
#2741=LINE('Line',#2738,#2740) ;
#2748=LINE('Line',#2745,#2747) ;
#2755=LINE('Line',#2752,#2754) ;
#2762=LINE('Line',#2759,#2761) ;
#2769=LINE('Line',#2766,#2768) ;
#2776=LINE('Line',#2773,#2775) ;
#2783=LINE('Line',#2780,#2782) ;
#2790=LINE('Line',#2787,#2789) ;
#2797=LINE('Line',#2794,#2796) ;
#2804=LINE('Line',#2801,#2803) ;
#2811=LINE('Line',#2808,#2810) ;
#2818=LINE('Line',#2815,#2817) ;
#2825=LINE('Line',#2822,#2824) ;
#2832=LINE('Line',#2829,#2831) ;
#2839=LINE('Line',#2836,#2838) ;
#2846=LINE('Line',#2843,#2845) ;
#2853=LINE('Line',#2850,#2852) ;
#2860=LINE('Line',#2857,#2859) ;
#2867=LINE('Line',#2864,#2866) ;
#2874=LINE('Line',#2871,#2873) ;
#2881=LINE('Line',#2878,#2880) ;
#2888=LINE('Line',#2885,#2887) ;
#2895=LINE('Line',#2892,#2894) ;
#2902=LINE('Line',#2899,#2901) ;
#2909=LINE('Line',#2906,#2908) ;
#2916=LINE('Line',#2913,#2915) ;
#2923=LINE('Line',#2920,#2922) ;
#2930=LINE('Line',#2927,#2929) ;
#2937=LINE('Line',#2934,#2936) ;
#2944=LINE('Line',#2941,#2943) ;
#2951=LINE('Line',#2948,#2950) ;
#2958=LINE('Line',#2955,#2957) ;
#2965=LINE('Line',#2962,#2964) ;
#2972=LINE('Line',#2969,#2971) ;
#2979=LINE('Line',#2976,#2978) ;
#2986=LINE('Line',#2983,#2985) ;
#2993=LINE('Line',#2990,#2992) ;
#3000=LINE('Line',#2997,#2999) ;
#3007=LINE('Line',#3004,#3006) ;
#3047=LINE('Line',#3044,#3046) ;
#3061=LINE('Line',#3058,#3060) ;
#3075=LINE('Line',#3072,#3074) ;
#3265=LINE('Line',#3262,#3264) ;
#3279=LINE('Line',#3276,#3278) ;
#3302=LINE('Line',#3299,#3301) ;
#3328=LINE('Line',#3325,#3327) ;
#3342=LINE('Line',#3339,#3341) ;
#3356=LINE('Line',#3353,#3355) ;
#3370=LINE('Line',#3367,#3369) ;
#3384=LINE('Line',#3381,#3383) ;
#3398=LINE('Line',#3395,#3397) ;
#3412=LINE('Line',#3409,#3411) ;
#3438=LINE('Line',#3435,#3437) ;
#3452=LINE('Line',#3449,#3451) ;
#3466=LINE('Line',#3463,#3465) ;
#3492=LINE('Line',#3489,#3491) ;
#3506=LINE('Line',#3503,#3505) ;
#3520=LINE('Line',#3517,#3519) ;
#3534=LINE('Line',#3531,#3533) ;
#3548=LINE('Line',#3545,#3547) ;
#3562=LINE('Line',#3559,#3561) ;
#3576=LINE('Line',#3573,#3575) ;
#3602=LINE('Line',#3599,#3601) ;
#3625=LINE('Line',#3622,#3624) ;
#3639=LINE('Line',#3636,#3638) ;
#3829=LINE('Line',#3826,#3828) ;
#3843=LINE('Line',#3840,#3842) ;
#3857=LINE('Line',#3854,#3856) ;
#3897=LINE('Line',#3894,#3896) ;
#3904=LINE('Line',#3901,#3903) ;
#3911=LINE('Line',#3908,#3910) ;
#3918=LINE('Line',#3915,#3917) ;
#3925=LINE('Line',#3922,#3924) ;
#3932=LINE('Line',#3929,#3931) ;
#3939=LINE('Line',#3936,#3938) ;
#3946=LINE('Line',#3943,#3945) ;
#3953=LINE('Line',#3950,#3952) ;
#3960=LINE('Line',#3957,#3959) ;
#3967=LINE('Line',#3964,#3966) ;
#3974=LINE('Line',#3971,#3973) ;
#3981=LINE('Line',#3978,#3980) ;
#3988=LINE('Line',#3985,#3987) ;
#3995=LINE('Line',#3992,#3994) ;
#4002=LINE('Line',#3999,#4001) ;
#4009=LINE('Line',#4006,#4008) ;
#4016=LINE('Line',#4013,#4015) ;
#4023=LINE('Line',#4020,#4022) ;
#4030=LINE('Line',#4027,#4029) ;
#4037=LINE('Line',#4034,#4036) ;
#4044=LINE('Line',#4041,#4043) ;
#4051=LINE('Line',#4048,#4050) ;
#4058=LINE('Line',#4055,#4057) ;
#4065=LINE('Line',#4062,#4064) ;
#4072=LINE('Line',#4069,#4071) ;
#4079=LINE('Line',#4076,#4078) ;
#4086=LINE('Line',#4083,#4085) ;
#4093=LINE('Line',#4090,#4092) ;
#4100=LINE('Line',#4097,#4099) ;
#4107=LINE('Line',#4104,#4106) ;
#4114=LINE('Line',#4111,#4113) ;
#4121=LINE('Line',#4118,#4120) ;
#4128=LINE('Line',#4125,#4127) ;
#4135=LINE('Line',#4132,#4134) ;
#4142=LINE('Line',#4139,#4141) ;
#4149=LINE('Line',#4146,#4148) ;
#4156=LINE('Line',#4153,#4155) ;
#4163=LINE('Line',#4160,#4162) ;
#4170=LINE('Line',#4167,#4169) ;
#4177=LINE('Line',#4174,#4176) ;
#4184=LINE('Line',#4181,#4183) ;
#4191=LINE('Line',#4188,#4190) ;
#4218=LINE('Line',#4215,#4217) ;
#4565=LINE('Line',#4562,#4564) ;
#4583=LINE('Line',#4580,#4582) ;
#4588=LINE('Line',#4585,#4587) ;
#4606=LINE('Line',#4603,#4605) ;
#4624=LINE('Line',#4621,#4623) ;
#4642=LINE('Line',#4639,#4641) ;
#4660=LINE('Line',#4657,#4659) ;
#4691=LINE('Line',#4688,#4690) ;
#4709=LINE('Line',#4706,#4708) ;
#4727=LINE('Line',#4724,#4726) ;
#4745=LINE('Line',#4742,#4744) ;
#4763=LINE('Line',#4760,#4762) ;
#4781=LINE('Line',#4778,#4780) ;
#4799=LINE('Line',#4796,#4798) ;
#4817=LINE('Line',#4814,#4816) ;
#4835=LINE('Line',#4832,#4834) ;
#4853=LINE('Line',#4850,#4852) ;
#4871=LINE('Line',#4868,#4870) ;
#4889=LINE('Line',#4886,#4888) ;
#4907=LINE('Line',#4904,#4906) ;
#4925=LINE('Line',#4922,#4924) ;
#4943=LINE('Line',#4940,#4942) ;
#4961=LINE('Line',#4958,#4960) ;
#4979=LINE('Line',#4976,#4978) ;
#4997=LINE('Line',#4994,#4996) ;
#5015=LINE('Line',#5012,#5014) ;
#5033=LINE('Line',#5030,#5032) ;
#5051=LINE('Line',#5048,#5050) ;
#5069=LINE('Line',#5066,#5068) ;
#5087=LINE('Line',#5084,#5086) ;
#5105=LINE('Line',#5102,#5104) ;
#5123=LINE('Line',#5120,#5122) ;
#5141=LINE('Line',#5138,#5140) ;
#5159=LINE('Line',#5156,#5158) ;
#5177=LINE('Line',#5174,#5176) ;
#5195=LINE('Line',#5192,#5194) ;
#5213=LINE('Line',#5210,#5212) ;
#5231=LINE('Line',#5228,#5230) ;
#5249=LINE('Line',#5246,#5248) ;
#5267=LINE('Line',#5264,#5266) ;
#5285=LINE('Line',#5282,#5284) ;
#5303=LINE('Line',#5300,#5302) ;
#5321=LINE('Line',#5318,#5320) ;
#5339=LINE('Line',#5336,#5338) ;
#5357=LINE('Line',#5354,#5356) ;
#5375=LINE('Line',#5372,#5374) ;
#5393=LINE('Line',#5390,#5392) ;
#5411=LINE('Line',#5408,#5410) ;
#5429=LINE('Line',#5426,#5428) ;
#5447=LINE('Line',#5444,#5446) ;
#5465=LINE('Line',#5462,#5464) ;
#5483=LINE('Line',#5480,#5482) ;
#5501=LINE('Line',#5498,#5500) ;
#5519=LINE('Line',#5516,#5518) ;
#5537=LINE('Line',#5534,#5536) ;
#5555=LINE('Line',#5552,#5554) ;
#5573=LINE('Line',#5570,#5572) ;
#5591=LINE('Line',#5588,#5590) ;
#5609=LINE('Line',#5606,#5608) ;
#5627=LINE('Line',#5624,#5626) ;
#5645=LINE('Line',#5642,#5644) ;
#5663=LINE('Line',#5660,#5662) ;
#5681=LINE('Line',#5678,#5680) ;
#5699=LINE('Line',#5696,#5698) ;
#5717=LINE('Line',#5714,#5716) ;
#5735=LINE('Line',#5732,#5734) ;
#5753=LINE('Line',#5750,#5752) ;
#5771=LINE('Line',#5768,#5770) ;
#5789=LINE('Line',#5786,#5788) ;
#5807=LINE('Line',#5804,#5806) ;
#5825=LINE('Line',#5822,#5824) ;
#5843=LINE('Line',#5840,#5842) ;
#5861=LINE('Line',#5858,#5860) ;
#5879=LINE('Line',#5876,#5878) ;
#5897=LINE('Line',#5894,#5896) ;
#5915=LINE('Line',#5912,#5914) ;
#5933=LINE('Line',#5930,#5932) ;
#5951=LINE('Line',#5948,#5950) ;
#5969=LINE('Line',#5966,#5968) ;
#5987=LINE('Line',#5984,#5986) ;
#6005=LINE('Line',#6002,#6004) ;
#6023=LINE('Line',#6020,#6022) ;
#6041=LINE('Line',#6038,#6040) ;
#6059=LINE('Line',#6056,#6058) ;
#6077=LINE('Line',#6074,#6076) ;
#6095=LINE('Line',#6092,#6094) ;
#6113=LINE('Line',#6110,#6112) ;
#6131=LINE('Line',#6128,#6130) ;
#6149=LINE('Line',#6146,#6148) ;
#6167=LINE('Line',#6164,#6166) ;
#6185=LINE('Line',#6182,#6184) ;
#6203=LINE('Line',#6200,#6202) ;
#6221=LINE('Line',#6218,#6220) ;
#6239=LINE('Line',#6236,#6238) ;
#6257=LINE('Line',#6254,#6256) ;
#6275=LINE('Line',#6272,#6274) ;
#6293=LINE('Line',#6290,#6292) ;
#6311=LINE('Line',#6308,#6310) ;
#6329=LINE('Line',#6326,#6328) ;
#6347=LINE('Line',#6344,#6346) ;
#6365=LINE('Line',#6362,#6364) ;
#6383=LINE('Line',#6380,#6382) ;
#6401=LINE('Line',#6398,#6400) ;
#6419=LINE('Line',#6416,#6418) ;
#6437=LINE('Line',#6434,#6436) ;
#6455=LINE('Line',#6452,#6454) ;
#6473=LINE('Line',#6470,#6472) ;
#6491=LINE('Line',#6488,#6490) ;
#6509=LINE('Line',#6506,#6508) ;
#6527=LINE('Line',#6524,#6526) ;
#6545=LINE('Line',#6542,#6544) ;
#6563=LINE('Line',#6560,#6562) ;
#6581=LINE('Line',#6578,#6580) ;
#6599=LINE('Line',#6596,#6598) ;
#6617=LINE('Line',#6614,#6616) ;
#6635=LINE('Line',#6632,#6634) ;
#6653=LINE('Line',#6650,#6652) ;
#6671=LINE('Line',#6668,#6670) ;
#6689=LINE('Line',#6686,#6688) ;
#6707=LINE('Line',#6704,#6706) ;
#6725=LINE('Line',#6722,#6724) ;
#6743=LINE('Line',#6740,#6742) ;
#6761=LINE('Line',#6758,#6760) ;
#6779=LINE('Line',#6776,#6778) ;
#6797=LINE('Line',#6794,#6796) ;
#6815=LINE('Line',#6812,#6814) ;
#6833=LINE('Line',#6830,#6832) ;
#6851=LINE('Line',#6848,#6850) ;
#6869=LINE('Line',#6866,#6868) ;
#6887=LINE('Line',#6884,#6886) ;
#6905=LINE('Line',#6902,#6904) ;
#6923=LINE('Line',#6920,#6922) ;
#6941=LINE('Line',#6938,#6940) ;
#6959=LINE('Line',#6956,#6958) ;
#6977=LINE('Line',#6974,#6976) ;
#6995=LINE('Line',#6992,#6994) ;
#7013=LINE('Line',#7010,#7012) ;
#7031=LINE('Line',#7028,#7030) ;
#7049=LINE('Line',#7046,#7048) ;
#7067=LINE('Line',#7064,#7066) ;
#7085=LINE('Line',#7082,#7084) ;
#7103=LINE('Line',#7100,#7102) ;
#7121=LINE('Line',#7118,#7120) ;
#7139=LINE('Line',#7136,#7138) ;
#7157=LINE('Line',#7154,#7156) ;
#7175=LINE('Line',#7172,#7174) ;
#7193=LINE('Line',#7190,#7192) ;
#7211=LINE('Line',#7208,#7210) ;
#7229=LINE('Line',#7226,#7228) ;
#7247=LINE('Line',#7244,#7246) ;
#7265=LINE('Line',#7262,#7264) ;
#7283=LINE('Line',#7280,#7282) ;
#7301=LINE('Line',#7298,#7300) ;
#7319=LINE('Line',#7316,#7318) ;
#7337=LINE('Line',#7334,#7336) ;
#7355=LINE('Line',#7352,#7354) ;
#7373=LINE('Line',#7370,#7372) ;
#7391=LINE('Line',#7388,#7390) ;
#7409=LINE('Line',#7406,#7408) ;
#7427=LINE('Line',#7424,#7426) ;
#7445=LINE('Line',#7442,#7444) ;
#7463=LINE('Line',#7460,#7462) ;
#7481=LINE('Line',#7478,#7480) ;
#7499=LINE('Line',#7496,#7498) ;
#7517=LINE('Line',#7514,#7516) ;
#7535=LINE('Line',#7532,#7534) ;
#7553=LINE('Line',#7550,#7552) ;
#7571=LINE('Line',#7568,#7570) ;
#7589=LINE('Line',#7586,#7588) ;
#7607=LINE('Line',#7604,#7606) ;
#7625=LINE('Line',#7622,#7624) ;
#7643=LINE('Line',#7640,#7642) ;
#7661=LINE('Line',#7658,#7660) ;
#7679=LINE('Line',#7676,#7678) ;
#7697=LINE('Line',#7694,#7696) ;
#7715=LINE('Line',#7712,#7714) ;
#7733=LINE('Line',#7730,#7732) ;
#7751=LINE('Line',#7748,#7750) ;
#7769=LINE('Line',#7766,#7768) ;
#7787=LINE('Line',#7784,#7786) ;
#7805=LINE('Line',#7802,#7804) ;
#7823=LINE('Line',#7820,#7822) ;
#7841=LINE('Line',#7838,#7840) ;
#7859=LINE('Line',#7856,#7858) ;
#7877=LINE('Line',#7874,#7876) ;
#7895=LINE('Line',#7892,#7894) ;
#7913=LINE('Line',#7910,#7912) ;
#7931=LINE('Line',#7928,#7930) ;
#7949=LINE('Line',#7946,#7948) ;
#7967=LINE('Line',#7964,#7966) ;
#7985=LINE('Line',#7982,#7984) ;
#8003=LINE('Line',#8000,#8002) ;
#8021=LINE('Line',#8018,#8020) ;
#8039=LINE('Line',#8036,#8038) ;
#8057=LINE('Line',#8054,#8056) ;
#8075=LINE('Line',#8072,#8074) ;
#8093=LINE('Line',#8090,#8092) ;
#8111=LINE('Line',#8108,#8110) ;
#8129=LINE('Line',#8126,#8128) ;
#8147=LINE('Line',#8144,#8146) ;
#8165=LINE('Line',#8162,#8164) ;
#8183=LINE('Line',#8180,#8182) ;
#8201=LINE('Line',#8198,#8200) ;
#8219=LINE('Line',#8216,#8218) ;
#8237=LINE('Line',#8234,#8236) ;
#8255=LINE('Line',#8252,#8254) ;
#8273=LINE('Line',#8270,#8272) ;
#8291=LINE('Line',#8288,#8290) ;
#8309=LINE('Line',#8306,#8308) ;
#8327=LINE('Line',#8324,#8326) ;
#8345=LINE('Line',#8342,#8344) ;
#8363=LINE('Line',#8360,#8362) ;
#8381=LINE('Line',#8378,#8380) ;
#8399=LINE('Line',#8396,#8398) ;
#8417=LINE('Line',#8414,#8416) ;
#8435=LINE('Line',#8432,#8434) ;
#8453=LINE('Line',#8450,#8452) ;
#8471=LINE('Line',#8468,#8470) ;
#8489=LINE('Line',#8486,#8488) ;
#8555=LINE('Line',#8552,#8554) ;
#8569=LINE('Line',#8566,#8568) ;
#8587=LINE('Line',#8584,#8586) ;
#8601=LINE('Line',#8598,#8600) ;
#8627=LINE('Line',#8624,#8626) ;
#8650=LINE('Line',#8647,#8649) ;
#8673=LINE('Line',#8670,#8672) ;
#8687=LINE('Line',#8684,#8686) ;
#8701=LINE('Line',#8698,#8700) ;
#8715=LINE('Line',#8712,#8714) ;
#8729=LINE('Line',#8726,#8728) ;
#8752=LINE('Line',#8749,#8751) ;
#8775=LINE('Line',#8772,#8774) ;
#8801=LINE('Line',#8798,#8800) ;
#8839=LINE('Line',#8836,#8838) ;
#8846=LINE('Line',#8843,#8845) ;
#8882=LINE('Line',#8879,#8881) ;
#8894=LINE('Line',#8891,#8893) ;
#8908=LINE('Line',#8905,#8907) ;
#8922=LINE('Line',#8919,#8921) ;
#8945=LINE('Line',#8942,#8944) ;
#8968=LINE('Line',#8965,#8967) ;
#8991=LINE('Line',#8988,#8990) ;
#9014=LINE('Line',#9011,#9013) ;
#9028=LINE('Line',#9025,#9027) ;
#9042=LINE('Line',#9039,#9041) ;
#9056=LINE('Line',#9053,#9055) ;
#9094=LINE('Line',#9091,#9093) ;
#9112=LINE('Line',#9109,#9111) ;
#9130=LINE('Line',#9127,#9129) ;
#9148=LINE('Line',#9145,#9147) ;
#9166=LINE('Line',#9163,#9165) ;
#9184=LINE('Line',#9181,#9183) ;
#9202=LINE('Line',#9199,#9201) ;
#9220=LINE('Line',#9217,#9219) ;
#9238=LINE('Line',#9235,#9237) ;
#9256=LINE('Line',#9253,#9255) ;
#9274=LINE('Line',#9271,#9273) ;
#9292=LINE('Line',#9289,#9291) ;
#9310=LINE('Line',#9307,#9309) ;
#9328=LINE('Line',#9325,#9327) ;
#9346=LINE('Line',#9343,#9345) ;
#9364=LINE('Line',#9361,#9363) ;
#9382=LINE('Line',#9379,#9381) ;
#9400=LINE('Line',#9397,#9399) ;
#9418=LINE('Line',#9415,#9417) ;
#9436=LINE('Line',#9433,#9435) ;
#9454=LINE('Line',#9451,#9453) ;
#9524=LINE('Line',#9521,#9523) ;
#9533=LINE('Line',#9530,#9532) ;
#9540=LINE('Line',#9537,#9539) ;
#9547=LINE('Line',#9544,#9546) ;
#9572=LINE('Line',#9569,#9571) ;
#9600=LINE('Line',#9597,#9599) ;
#9626=LINE('Line',#9623,#9625) ;
#9652=LINE('Line',#9649,#9651) ;
#9902=LINE('Line',#9899,#9901) ;
#9916=LINE('Line',#9913,#9915) ;
#9923=LINE('Line',#9920,#9922) ;
#9930=LINE('Line',#9927,#9929) ;
#9944=LINE('Line',#9941,#9943) ;
#9951=LINE('Line',#9948,#9950) ;
#9958=LINE('Line',#9955,#9957) ;
#9972=LINE('Line',#9969,#9971) ;
#9979=LINE('Line',#9976,#9978) ;
#9986=LINE('Line',#9983,#9985) ;
#10000=LINE('Line',#9997,#9999) ;
#10030=LINE('Line',#10027,#10029) ;
#10037=LINE('Line',#10034,#10036) ;
#10064=LINE('Line',#10061,#10063) ;
#10078=LINE('Line',#10075,#10077) ;
#10092=LINE('Line',#10089,#10091) ;
#10106=LINE('Line',#10103,#10105) ;
#10337=LINE('Line',#10334,#10336) ;
#10362=LINE('Line',#10359,#10361) ;
#10369=LINE('Line',#10366,#10368) ;
#10376=LINE('Line',#10373,#10375) ;
#10399=LINE('Line',#10396,#10398) ;
#10406=LINE('Line',#10403,#10405) ;
#10413=LINE('Line',#10410,#10412) ;
#10436=LINE('Line',#10433,#10435) ;
#10457=LINE('Line',#10454,#10456) ;
#10464=LINE('Line',#10461,#10463) ;
#10494=LINE('Line',#10491,#10493) ;
#10512=LINE('Line',#10509,#10511) ;
#10519=LINE('Line',#10516,#10518) ;
#10526=LINE('Line',#10523,#10525) ;
#10554=LINE('Line',#10551,#10553) ;
#10572=LINE('Line',#10569,#10571) ;
#10579=LINE('Line',#10576,#10578) ;
#10607=LINE('Line',#10604,#10606) ;
#10625=LINE('Line',#10622,#10624) ;
#10632=LINE('Line',#10629,#10631) ;
#10657=LINE('Line',#10654,#10656) ;
#10675=LINE('Line',#10672,#10674) ;
#10682=LINE('Line',#10679,#10681) ;
#10718=LINE('Line',#10715,#10717) ;
#10723=LINE('Line',#10720,#10722) ;
#10754=LINE('Line',#10751,#10753) ;
#10759=LINE('Line',#10756,#10758) ;
#10790=LINE('Line',#10787,#10789) ;
#10795=LINE('Line',#10792,#10794) ;
#10826=LINE('Line',#10823,#10825) ;
#10831=LINE('Line',#10828,#10830) ;
#10862=LINE('Line',#10859,#10861) ;
#10880=LINE('Line',#10877,#10879) ;
#10898=LINE('Line',#10895,#10897) ;
#10916=LINE('Line',#10913,#10915) ;
#10934=LINE('Line',#10931,#10933) ;
#10952=LINE('Line',#10949,#10951) ;
#10970=LINE('Line',#10967,#10969) ;
#10988=LINE('Line',#10985,#10987) ;
#11006=LINE('Line',#11003,#11005) ;
#11024=LINE('Line',#11021,#11023) ;
#11042=LINE('Line',#11039,#11041) ;
#11060=LINE('Line',#11057,#11059) ;
#11091=LINE('Line',#11088,#11090) ;
#11098=LINE('Line',#11095,#11097) ;
#11123=LINE('Line',#11120,#11122) ;
#11130=LINE('Line',#11127,#11129) ;
#11148=LINE('Line',#11145,#11147) ;
#11173=LINE('Line',#11170,#11172) ;
#11180=LINE('Line',#11177,#11179) ;
#11198=LINE('Line',#11195,#11197) ;
#11223=LINE('Line',#11220,#11222) ;
#11230=LINE('Line',#11227,#11229) ;
#11248=LINE('Line',#11245,#11247) ;
#11273=LINE('Line',#11270,#11272) ;
#11312=LINE('Line',#11309,#11311) ;
#11338=LINE('Line',#11335,#11337) ;
#11364=LINE('Line',#11361,#11363) ;
#11390=LINE('Line',#11387,#11389) ;
#11443=LINE('Line',#11440,#11442) ;
#11469=LINE('Line',#11466,#11468) ;
#11495=LINE('Line',#11492,#11494) ;
#11521=LINE('Line',#11518,#11520) ;
#11601=LINE('Line',#11598,#11600) ;
#11667=LINE('Line',#11664,#11666) ;
#11733=LINE('Line',#11730,#11732) ;
#11799=LINE('Line',#11796,#11798) ;
#11865=LINE('Line',#11862,#11864) ;
#11931=LINE('Line',#11928,#11930) ;
#11997=LINE('Line',#11994,#11996) ;
#12063=LINE('Line',#12060,#12062) ;
#12081=LINE('Line',#12078,#12080) ;
#12099=LINE('Line',#12096,#12098) ;
#12154=LINE('Line',#12151,#12153) ;
#12246=LINE('Line',#12243,#12245) ;
#12301=LINE('Line',#12298,#12300) ;
#12356=LINE('Line',#12353,#12355) ;
#12374=LINE('Line',#12371,#12373) ;
#12429=LINE('Line',#12426,#12428) ;
#12521=LINE('Line',#12518,#12520) ;
#12539=LINE('Line',#12536,#12538) ;
#12601=LINE('Line',#12598,#12600) ;
#12695=LINE('Line',#12692,#12694) ;
#12745=LINE('Line',#12742,#12744) ;
#12774=LINE('Line',#12771,#12773) ;
#12792=LINE('Line',#12789,#12791) ;
#12833=LINE('Line',#12830,#12832) ;
#12885=LINE('Line',#12882,#12884) ;
#12903=LINE('Line',#12900,#12902) ;
#12947=LINE('Line',#12944,#12946) ;
#12978=LINE('Line',#12975,#12977) ;
#13044=LINE('Line',#13041,#13043) ;
#13058=LINE('Line',#13055,#13057) ;
#13083=LINE('Line',#13080,#13082) ;
#13111=LINE('Line',#13108,#13110) ;
#13137=LINE('Line',#13134,#13136) ;
#13163=LINE('Line',#13160,#13162) ;
#13420=LINE('Line',#13417,#13419) ;
#13425=LINE('Line',#13422,#13424) ;
#13443=LINE('Line',#13440,#13442) ;
#13450=LINE('Line',#13447,#13449) ;
#13457=LINE('Line',#13454,#13456) ;
#13482=LINE('Line',#13479,#13481) ;
#13500=LINE('Line',#13497,#13499) ;
#13507=LINE('Line',#13504,#13506) ;
#13532=LINE('Line',#13529,#13531) ;
#13550=LINE('Line',#13547,#13549) ;
#13557=LINE('Line',#13554,#13556) ;
#13582=LINE('Line',#13579,#13581) ;
#13600=LINE('Line',#13597,#13599) ;
#13607=LINE('Line',#13604,#13606) ;
#13643=LINE('Line',#13640,#13642) ;
#13657=LINE('Line',#13654,#13656) ;
#13693=LINE('Line',#13690,#13692) ;
#13707=LINE('Line',#13704,#13706) ;
#13743=LINE('Line',#13740,#13742) ;
#13757=LINE('Line',#13754,#13756) ;
#13892=LINE('Line',#13889,#13891) ;
#13897=LINE('Line',#13894,#13896) ;
#13928=LINE('Line',#13925,#13927) ;
#13933=LINE('Line',#13930,#13932) ;
#13964=LINE('Line',#13961,#13963) ;
#13969=LINE('Line',#13966,#13968) ;
#14026=LINE('Line',#14023,#14025) ;
#14048=LINE('Line',#14045,#14047) ;
#14055=LINE('Line',#14052,#14054) ;
#14080=LINE('Line',#14077,#14079) ;
#14115=LINE('Line',#14112,#14114) ;
#14122=LINE('Line',#14119,#14121) ;
#14143=LINE('Line',#14140,#14142) ;
#14176=LINE('Line',#14173,#14175) ;
#14183=LINE('Line',#14180,#14182) ;
#14206=LINE('Line',#14203,#14205) ;
#14289=LINE('Line',#14286,#14288) ;
#14298=LINE('Line',#14295,#14297) ;
#14318=LINE('Line',#14315,#14317) ;
#14325=LINE('Line',#14322,#14324) ;
#14355=LINE('Line',#14352,#14354) ;
#14360=LINE('Line',#14357,#14359) ;
#14367=LINE('Line',#14364,#14366) ;
#14450=LINE('Line',#14447,#14449) ;
#14487=LINE('Line',#14484,#14486) ;
#14530=LINE('Line',#14527,#14529) ;
#14562=LINE('Line',#14559,#14561) ;
#14605=LINE('Line',#14602,#14604) ;
#14693=LINE('Line',#14690,#14692) ;
#14700=LINE('Line',#14697,#14699) ;
#14743=LINE('Line',#14740,#14742) ;
#14757=LINE('Line',#14754,#14756) ;
#14793=LINE('Line',#14790,#14792) ;
#14800=LINE('Line',#14797,#14799) ;
#8514=NEXT_ASSEMBLY_USAGE_OCCURRENCE('1455N Extrusion 160mm_1','1455N Extrusion 160mm_1','1455N Extrusion 160mm:1',#28,#36,'1455N Extrusion 160mm_1') ;
#9479=NEXT_ASSEMBLY_USAGE_OCCURRENCE('1455N Cover 160mm_1','1455N Cover 160mm_1','1455N Cover 160mm:1',#28,#8533,'1455N Cover 160mm_1') ;
#9492=NEXT_ASSEMBLY_USAGE_OCCURRENCE('1455 Box and Cover 160mm_1','1455 Box and Cover 160mm_1','1455 Box and Cover 160mm:1',#13,#28,'1455 Box and Cover 160mm_1') ;
#13003=NEXT_ASSEMBLY_USAGE_OCCURRENCE('N Bezel Open_2','N Bezel Open_2','N Bezel Open:2',#13,#9511,'N Bezel Open_2') ;
#13994=NEXT_ASSEMBLY_USAGE_OCCURRENCE('1455N End Plate_2','1455N End Plate_2','1455N End Plate:2',#13,#13022,'1455N End Plate_2') ;
#14848=NEXT_ASSEMBLY_USAGE_OCCURRENCE('1455 screw_5','1455 screw_5','1455 screw:5',#13,#14013,'1455 screw_5') ;
#14861=NEXT_ASSEMBLY_USAGE_OCCURRENCE('1455 screw_6','1455 screw_6','1455 screw:6',#13,#14013,'1455 screw_6') ;
#14874=NEXT_ASSEMBLY_USAGE_OCCURRENCE('1455 screw_7','1455 screw_7','1455 screw:7',#13,#14013,'1455 screw_7') ;
#14887=NEXT_ASSEMBLY_USAGE_OCCURRENCE('1455 screw_8','1455 screw_8','1455 screw:8',#13,#14013,'1455 screw_8') ;
#100=PLANE('',#99) ;
#2471=PLANE('',#2470) ;
#4777=PLANE('',#4776) ;
#4831=PLANE('',#4830) ;
#4849=PLANE('',#4848) ;
#4867=PLANE('',#4866) ;
#4885=PLANE('',#4884) ;
#4903=PLANE('',#4902) ;
#4921=PLANE('',#4920) ;
#4939=PLANE('',#4938) ;
#4957=PLANE('',#4956) ;
#4975=PLANE('',#4974) ;
#4993=PLANE('',#4992) ;
#5011=PLANE('',#5010) ;
#5029=PLANE('',#5028) ;
#5047=PLANE('',#5046) ;
#5065=PLANE('',#5064) ;
#5083=PLANE('',#5082) ;
#5101=PLANE('',#5100) ;
#5119=PLANE('',#5118) ;
#5137=PLANE('',#5136) ;
#5155=PLANE('',#5154) ;
#5173=PLANE('',#5172) ;
#5191=PLANE('',#5190) ;
#5209=PLANE('',#5208) ;
#5227=PLANE('',#5226) ;
#5245=PLANE('',#5244) ;
#5263=PLANE('',#5262) ;
#5281=PLANE('',#5280) ;
#5299=PLANE('',#5298) ;
#5317=PLANE('',#5316) ;
#5335=PLANE('',#5334) ;
#5353=PLANE('',#5352) ;
#5371=PLANE('',#5370) ;
#5389=PLANE('',#5388) ;
#5407=PLANE('',#5406) ;
#5425=PLANE('',#5424) ;
#5443=PLANE('',#5442) ;
#5461=PLANE('',#5460) ;
#5479=PLANE('',#5478) ;
#5497=PLANE('',#5496) ;
#5515=PLANE('',#5514) ;
#5533=PLANE('',#5532) ;
#5551=PLANE('',#5550) ;
#5569=PLANE('',#5568) ;
#5587=PLANE('',#5586) ;
#5659=PLANE('',#5658) ;
#5695=PLANE('',#5694) ;
#5731=PLANE('',#5730) ;
#6073=PLANE('',#6072) ;
#6109=PLANE('',#6108) ;
#6145=PLANE('',#6144) ;
#6181=PLANE('',#6180) ;
#6217=PLANE('',#6216) ;
#6253=PLANE('',#6252) ;
#6289=PLANE('',#6288) ;
#6325=PLANE('',#6324) ;
#6361=PLANE('',#6360) ;
#6397=PLANE('',#6396) ;
#6433=PLANE('',#6432) ;
#6469=PLANE('',#6468) ;
#6505=PLANE('',#6504) ;
#6541=PLANE('',#6540) ;
#6577=PLANE('',#6576) ;
#6613=PLANE('',#6612) ;
#6649=PLANE('',#6648) ;
#6685=PLANE('',#6684) ;
#6721=PLANE('',#6720) ;
#6757=PLANE('',#6756) ;
#6793=PLANE('',#6792) ;
#6829=PLANE('',#6828) ;
#6865=PLANE('',#6864) ;
#7207=PLANE('',#7206) ;
#7243=PLANE('',#7242) ;
#7279=PLANE('',#7278) ;
#7351=PLANE('',#7350) ;
#7369=PLANE('',#7368) ;
#7387=PLANE('',#7386) ;
#7405=PLANE('',#7404) ;
#7423=PLANE('',#7422) ;
#7441=PLANE('',#7440) ;
#7459=PLANE('',#7458) ;
#7477=PLANE('',#7476) ;
#7495=PLANE('',#7494) ;
#7513=PLANE('',#7512) ;
#7531=PLANE('',#7530) ;
#7549=PLANE('',#7548) ;
#7567=PLANE('',#7566) ;
#7585=PLANE('',#7584) ;
#7603=PLANE('',#7602) ;
#7621=PLANE('',#7620) ;
#7639=PLANE('',#7638) ;
#7657=PLANE('',#7656) ;
#7675=PLANE('',#7674) ;
#7693=PLANE('',#7692) ;
#7711=PLANE('',#7710) ;
#7729=PLANE('',#7728) ;
#7747=PLANE('',#7746) ;
#7765=PLANE('',#7764) ;
#7783=PLANE('',#7782) ;
#7801=PLANE('',#7800) ;
#7819=PLANE('',#7818) ;
#7837=PLANE('',#7836) ;
#7855=PLANE('',#7854) ;
#7873=PLANE('',#7872) ;
#7891=PLANE('',#7890) ;
#7909=PLANE('',#7908) ;
#7927=PLANE('',#7926) ;
#7945=PLANE('',#7944) ;
#7963=PLANE('',#7962) ;
#7981=PLANE('',#7980) ;
#7999=PLANE('',#7998) ;
#8017=PLANE('',#8016) ;
#8035=PLANE('',#8034) ;
#8053=PLANE('',#8052) ;
#8071=PLANE('',#8070) ;
#8089=PLANE('',#8088) ;
#8107=PLANE('',#8106) ;
#8161=PLANE('',#8160) ;
#8431=PLANE('',#8430) ;
#8467=PLANE('',#8466) ;
#8503=PLANE('',#8502) ;
#8583=PLANE('',#8582) ;
#8835=PLANE('',#8834) ;
#8860=PLANE('',#8859) ;
#9090=PLANE('',#9089) ;
#9126=PLANE('',#9125) ;
#9162=PLANE('',#9161) ;
#9198=PLANE('',#9197) ;
#9234=PLANE('',#9233) ;
#9270=PLANE('',#9269) ;
#9306=PLANE('',#9305) ;
#9342=PLANE('',#9341) ;
#9378=PLANE('',#9377) ;
#9414=PLANE('',#9413) ;
#9450=PLANE('',#9449) ;
#9520=PLANE('',#9519) ;
#9568=PLANE('',#9567) ;
#10026=PLANE('',#10025) ;
#10051=PLANE('',#10050) ;
#10490=PLANE('',#10489) ;
#10508=PLANE('',#10507) ;
#10568=PLANE('',#10567) ;
#10621=PLANE('',#10620) ;
#10671=PLANE('',#10670) ;
#10876=PLANE('',#10875) ;
#10894=PLANE('',#10893) ;
#10912=PLANE('',#10911) ;
#10948=PLANE('',#10947) ;
#10966=PLANE('',#10965) ;
#10984=PLANE('',#10983) ;
#11020=PLANE('',#11019) ;
#11038=PLANE('',#11037) ;
#11056=PLANE('',#11055) ;
#11119=PLANE('',#11118) ;
#11169=PLANE('',#11168) ;
#11219=PLANE('',#11218) ;
#11269=PLANE('',#11268) ;
#11287=PLANE('',#11286) ;
#11418=PLANE('',#11417) ;
#13079=PLANE('',#13078) ;
#13439=PLANE('',#13438) ;
#13496=PLANE('',#13495) ;
#13546=PLANE('',#13545) ;
#13596=PLANE('',#13595) ;
#13813=PLANE('',#13812) ;
#14022=PLANE('',#14021) ;
#14076=PLANE('',#14075) ;
#14267=PLANE('',#14266) ;
#14414=PLANE('',#14413) ;
#14446=PLANE('',#14445) ;
#14526=PLANE('',#14525) ;
#14544=PLANE('',#14543) ;
#14601=PLANE('',#14600) ;
#14619=PLANE('',#14618) ;
#14676=PLANE('',#14675) ;
#14839=PLANE('',#14838) ;
#9=PRODUCT_CATEGORY_RELATIONSHIP(' ',' ',#7,#8) ;
#12=PRODUCT_CATEGORY_RELATIONSHIP(' ',' ',#10,#11) ;
#6=PRODUCT_DEFINITION_FORMATION_WITH_SPECIFIED_SOURCE('',' ',#5,.NOT_KNOWN.) ;
#27=PRODUCT_DEFINITION_FORMATION_WITH_SPECIFIED_SOURCE('',' ',#26,.NOT_KNOWN.) ;
#35=PRODUCT_DEFINITION_FORMATION_WITH_SPECIFIED_SOURCE('',' ',#34,.NOT_KNOWN.) ;
#8532=PRODUCT_DEFINITION_FORMATION_WITH_SPECIFIED_SOURCE('',' ',#8531,.NOT_KNOWN.) ;
#9510=PRODUCT_DEFINITION_FORMATION_WITH_SPECIFIED_SOURCE('',' ',#9509,.NOT_KNOWN.) ;
#13021=PRODUCT_DEFINITION_FORMATION_WITH_SPECIFIED_SOURCE('',' ',#13020,.NOT_KNOWN.) ;
#14012=PRODUCT_DEFINITION_FORMATION_WITH_SPECIFIED_SOURCE('',' ',#14011,.NOT_KNOWN.) ;
#14=SHAPE_DEFINITION_REPRESENTATION(#16,#15) ;
#25=SHAPE_DEFINITION_REPRESENTATION(#29,#24) ;
#33=SHAPE_DEFINITION_REPRESENTATION(#37,#32) ;
#8530=SHAPE_DEFINITION_REPRESENTATION(#8534,#8529) ;
#9508=SHAPE_DEFINITION_REPRESENTATION(#9512,#9507) ;
#13019=SHAPE_DEFINITION_REPRESENTATION(#13023,#13018) ;
#14010=SHAPE_DEFINITION_REPRESENTATION(#14014,#14009) ;
#58=VERTEX_POINT('',#57) ;
#60=VERTEX_POINT('',#59) ;
#67=VERTEX_POINT('',#66) ;
#74=VERTEX_POINT('',#73) ;
#121=VERTEX_POINT('',#120) ;
#123=VERTEX_POINT('',#122) ;
#139=VERTEX_POINT('',#138) ;
#146=VERTEX_POINT('',#145) ;
#153=VERTEX_POINT('',#152) ;
#160=VERTEX_POINT('',#159) ;
#176=VERTEX_POINT('',#175) ;
#188=VERTEX_POINT('',#187) ;
#204=VERTEX_POINT('',#203) ;
#211=VERTEX_POINT('',#210) ;
#218=VERTEX_POINT('',#217) ;
#225=VERTEX_POINT('',#224) ;
#241=VERTEX_POINT('',#240) ;
#248=VERTEX_POINT('',#247) ;
#267=VERTEX_POINT('',#266) ;
#274=VERTEX_POINT('',#273) ;
#281=VERTEX_POINT('',#280) ;
#288=VERTEX_POINT('',#287) ;
#295=VERTEX_POINT('',#294) ;
#302=VERTEX_POINT('',#301) ;
#309=VERTEX_POINT('',#308) ;
#316=VERTEX_POINT('',#315) ;
#323=VERTEX_POINT('',#322) ;
#330=VERTEX_POINT('',#329) ;
#337=VERTEX_POINT('',#336) ;
#344=VERTEX_POINT('',#343) ;
#351=VERTEX_POINT('',#350) ;
#358=VERTEX_POINT('',#357) ;
#365=VERTEX_POINT('',#364) ;
#372=VERTEX_POINT('',#371) ;
#379=VERTEX_POINT('',#378) ;
#386=VERTEX_POINT('',#385) ;
#393=VERTEX_POINT('',#392) ;
#400=VERTEX_POINT('',#399) ;
#407=VERTEX_POINT('',#406) ;
#414=VERTEX_POINT('',#413) ;
#421=VERTEX_POINT('',#420) ;
#428=VERTEX_POINT('',#427) ;
#435=VERTEX_POINT('',#434) ;
#442=VERTEX_POINT('',#441) ;
#449=VERTEX_POINT('',#448) ;
#456=VERTEX_POINT('',#455) ;
#463=VERTEX_POINT('',#462) ;
#470=VERTEX_POINT('',#469) ;
#477=VERTEX_POINT('',#476) ;
#484=VERTEX_POINT('',#483) ;
#491=VERTEX_POINT('',#490) ;
#498=VERTEX_POINT('',#497) ;
#505=VERTEX_POINT('',#504) ;
#512=VERTEX_POINT('',#511) ;
#519=VERTEX_POINT('',#518) ;
#526=VERTEX_POINT('',#525) ;
#533=VERTEX_POINT('',#532) ;
#540=VERTEX_POINT('',#539) ;
#547=VERTEX_POINT('',#546) ;
#554=VERTEX_POINT('',#553) ;
#561=VERTEX_POINT('',#560) ;
#568=VERTEX_POINT('',#567) ;
#575=VERTEX_POINT('',#574) ;
#582=VERTEX_POINT('',#581) ;
#595=VERTEX_POINT('',#594) ;
#602=VERTEX_POINT('',#601) ;
#609=VERTEX_POINT('',#608) ;
#625=VERTEX_POINT('',#624) ;
#632=VERTEX_POINT('',#631) ;
#648=VERTEX_POINT('',#647) ;
#655=VERTEX_POINT('',#654) ;
#668=VERTEX_POINT('',#667) ;
#675=VERTEX_POINT('',#674) ;
#691=VERTEX_POINT('',#690) ;
#698=VERTEX_POINT('',#697) ;
#705=VERTEX_POINT('',#704) ;
#712=VERTEX_POINT('',#711) ;
#719=VERTEX_POINT('',#718) ;
#735=VERTEX_POINT('',#734) ;
#742=VERTEX_POINT('',#741) ;
#749=VERTEX_POINT('',#748) ;
#756=VERTEX_POINT('',#755) ;
#763=VERTEX_POINT('',#762) ;
#779=VERTEX_POINT('',#778) ;
#786=VERTEX_POINT('',#785) ;
#793=VERTEX_POINT('',#792) ;
#800=VERTEX_POINT('',#799) ;
#807=VERTEX_POINT('',#806) ;
#820=VERTEX_POINT('',#819) ;
#827=VERTEX_POINT('',#826) ;
#846=VERTEX_POINT('',#845) ;
#853=VERTEX_POINT('',#852) ;
#860=VERTEX_POINT('',#859) ;
#867=VERTEX_POINT('',#866) ;
#874=VERTEX_POINT('',#873) ;
#881=VERTEX_POINT('',#880) ;
#909=VERTEX_POINT('',#908) ;
#916=VERTEX_POINT('',#915) ;
#944=VERTEX_POINT('',#943) ;
#951=VERTEX_POINT('',#950) ;
#979=VERTEX_POINT('',#978) ;
#986=VERTEX_POINT('',#985) ;
#1014=VERTEX_POINT('',#1013) ;
#1021=VERTEX_POINT('',#1020) ;
#1049=VERTEX_POINT('',#1048) ;
#1056=VERTEX_POINT('',#1055) ;
#1084=VERTEX_POINT('',#1083) ;
#1091=VERTEX_POINT('',#1090) ;
#1098=VERTEX_POINT('',#1097) ;
#1105=VERTEX_POINT('',#1104) ;
#1133=VERTEX_POINT('',#1132) ;
#1140=VERTEX_POINT('',#1139) ;
#1168=VERTEX_POINT('',#1167) ;
#1175=VERTEX_POINT('',#1174) ;
#1182=VERTEX_POINT('',#1181) ;
#1189=VERTEX_POINT('',#1188) ;
#1217=VERTEX_POINT('',#1216) ;
#1224=VERTEX_POINT('',#1223) ;
#1252=VERTEX_POINT('',#1251) ;
#1259=VERTEX_POINT('',#1258) ;
#1287=VERTEX_POINT('',#1286) ;
#1294=VERTEX_POINT('',#1293) ;
#1322=VERTEX_POINT('',#1321) ;
#1329=VERTEX_POINT('',#1328) ;
#1357=VERTEX_POINT('',#1356) ;
#1364=VERTEX_POINT('',#1363) ;
#1392=VERTEX_POINT('',#1391) ;
#1399=VERTEX_POINT('',#1398) ;
#1406=VERTEX_POINT('',#1405) ;
#1413=VERTEX_POINT('',#1412) ;
#1420=VERTEX_POINT('',#1419) ;
#1427=VERTEX_POINT('',#1426) ;
#1446=VERTEX_POINT('',#1445) ;
#1453=VERTEX_POINT('',#1452) ;
#1466=VERTEX_POINT('',#1465) ;
#1473=VERTEX_POINT('',#1472) ;
#1480=VERTEX_POINT('',#1479) ;
#1487=VERTEX_POINT('',#1486) ;
#1494=VERTEX_POINT('',#1493) ;
#1510=VERTEX_POINT('',#1509) ;
#1517=VERTEX_POINT('',#1516) ;
#1524=VERTEX_POINT('',#1523) ;
#1531=VERTEX_POINT('',#1530) ;
#1538=VERTEX_POINT('',#1537) ;
#1554=VERTEX_POINT('',#1553) ;
#1561=VERTEX_POINT('',#1560) ;
#1568=VERTEX_POINT('',#1567) ;
#1575=VERTEX_POINT('',#1574) ;
#1582=VERTEX_POINT('',#1581) ;
#1598=VERTEX_POINT('',#1597) ;
#1605=VERTEX_POINT('',#1604) ;
#1618=VERTEX_POINT('',#1617) ;
#1625=VERTEX_POINT('',#1624) ;
#1641=VERTEX_POINT('',#1640) ;
#1648=VERTEX_POINT('',#1647) ;
#1664=VERTEX_POINT('',#1663) ;
#1671=VERTEX_POINT('',#1670) ;
#1678=VERTEX_POINT('',#1677) ;
#1691=VERTEX_POINT('',#1690) ;
#1698=VERTEX_POINT('',#1697) ;
#1705=VERTEX_POINT('',#1704) ;
#1712=VERTEX_POINT('',#1711) ;
#1719=VERTEX_POINT('',#1718) ;
#1726=VERTEX_POINT('',#1725) ;
#1733=VERTEX_POINT('',#1732) ;
#1740=VERTEX_POINT('',#1739) ;
#1747=VERTEX_POINT('',#1746) ;
#1754=VERTEX_POINT('',#1753) ;
#1761=VERTEX_POINT('',#1760) ;
#1768=VERTEX_POINT('',#1767) ;
#1775=VERTEX_POINT('',#1774) ;
#1782=VERTEX_POINT('',#1781) ;
#1789=VERTEX_POINT('',#1788) ;
#1796=VERTEX_POINT('',#1795) ;
#1803=VERTEX_POINT('',#1802) ;
#1810=VERTEX_POINT('',#1809) ;
#1817=VERTEX_POINT('',#1816) ;
#1824=VERTEX_POINT('',#1823) ;
#1831=VERTEX_POINT('',#1830) ;
#1838=VERTEX_POINT('',#1837) ;
#1845=VERTEX_POINT('',#1844) ;
#1852=VERTEX_POINT('',#1851) ;
#1859=VERTEX_POINT('',#1858) ;
#1866=VERTEX_POINT('',#1865) ;
#1873=VERTEX_POINT('',#1872) ;
#1880=VERTEX_POINT('',#1879) ;
#1887=VERTEX_POINT('',#1886) ;
#1894=VERTEX_POINT('',#1893) ;
#1901=VERTEX_POINT('',#1900) ;
#1908=VERTEX_POINT('',#1907) ;
#1915=VERTEX_POINT('',#1914) ;
#1922=VERTEX_POINT('',#1921) ;
#1929=VERTEX_POINT('',#1928) ;
#1936=VERTEX_POINT('',#1935) ;
#1943=VERTEX_POINT('',#1942) ;
#1950=VERTEX_POINT('',#1949) ;
#1957=VERTEX_POINT('',#1956) ;
#1964=VERTEX_POINT('',#1963) ;
#1971=VERTEX_POINT('',#1970) ;
#1978=VERTEX_POINT('',#1977) ;
#1985=VERTEX_POINT('',#1984) ;
#1992=VERTEX_POINT('',#1991) ;
#1999=VERTEX_POINT('',#1998) ;
#2006=VERTEX_POINT('',#2005) ;
#2025=VERTEX_POINT('',#2024) ;
#2032=VERTEX_POINT('',#2031) ;
#2048=VERTEX_POINT('',#2047) ;
#2055=VERTEX_POINT('',#2054) ;
#2062=VERTEX_POINT('',#2061) ;
#2069=VERTEX_POINT('',#2068) ;
#2085=VERTEX_POINT('',#2084) ;
#2092=VERTEX_POINT('',#2091) ;
#2099=VERTEX_POINT('',#2098) ;
#2106=VERTEX_POINT('',#2105) ;
#2122=VERTEX_POINT('',#2121) ;
#2129=VERTEX_POINT('',#2128) ;
#2136=VERTEX_POINT('',#2135) ;
#2143=VERTEX_POINT('',#2142) ;
#2159=VERTEX_POINT('',#2158) ;
#2181=VERTEX_POINT('',#2180) ;
#2188=VERTEX_POINT('',#2187) ;
#2195=VERTEX_POINT('',#2194) ;
#2202=VERTEX_POINT('',#2201) ;
#2209=VERTEX_POINT('',#2208) ;
#2452=VERTEX_POINT('',#2451) ;
#2477=VERTEX_POINT('',#2476) ;
#2479=VERTEX_POINT('',#2478) ;
#2486=VERTEX_POINT('',#2485) ;
#2505=VERTEX_POINT('',#2504) ;
#2512=VERTEX_POINT('',#2511) ;
#2531=VERTEX_POINT('',#2530) ;
#2538=VERTEX_POINT('',#2537) ;
#2545=VERTEX_POINT('',#2544) ;
#2552=VERTEX_POINT('',#2551) ;
#2565=VERTEX_POINT('',#2564) ;
#2575=VERTEX_POINT('',#2574) ;
#2588=VERTEX_POINT('',#2587) ;
#2595=VERTEX_POINT('',#2594) ;
#2608=VERTEX_POINT('',#2607) ;
#2618=VERTEX_POINT('',#2617) ;
#2631=VERTEX_POINT('',#2630) ;
#2638=VERTEX_POINT('',#2637) ;
#2651=VERTEX_POINT('',#2650) ;
#2661=VERTEX_POINT('',#2660) ;
#2674=VERTEX_POINT('',#2673) ;
#2681=VERTEX_POINT('',#2680) ;
#2688=VERTEX_POINT('',#2687) ;
#2695=VERTEX_POINT('',#2694) ;
#2708=VERTEX_POINT('',#2707) ;
#2715=VERTEX_POINT('',#2714) ;
#2722=VERTEX_POINT('',#2721) ;
#2729=VERTEX_POINT('',#2728) ;
#2736=VERTEX_POINT('',#2735) ;
#2743=VERTEX_POINT('',#2742) ;
#2750=VERTEX_POINT('',#2749) ;
#2757=VERTEX_POINT('',#2756) ;
#2764=VERTEX_POINT('',#2763) ;
#2771=VERTEX_POINT('',#2770) ;
#2778=VERTEX_POINT('',#2777) ;
#2785=VERTEX_POINT('',#2784) ;
#2792=VERTEX_POINT('',#2791) ;
#2799=VERTEX_POINT('',#2798) ;
#2806=VERTEX_POINT('',#2805) ;
#2813=VERTEX_POINT('',#2812) ;
#2820=VERTEX_POINT('',#2819) ;
#2827=VERTEX_POINT('',#2826) ;
#2834=VERTEX_POINT('',#2833) ;
#2841=VERTEX_POINT('',#2840) ;
#2848=VERTEX_POINT('',#2847) ;
#2855=VERTEX_POINT('',#2854) ;
#2862=VERTEX_POINT('',#2861) ;
#2869=VERTEX_POINT('',#2868) ;
#2876=VERTEX_POINT('',#2875) ;
#2883=VERTEX_POINT('',#2882) ;
#2890=VERTEX_POINT('',#2889) ;
#2897=VERTEX_POINT('',#2896) ;
#2904=VERTEX_POINT('',#2903) ;
#2911=VERTEX_POINT('',#2910) ;
#2918=VERTEX_POINT('',#2917) ;
#2925=VERTEX_POINT('',#2924) ;
#2932=VERTEX_POINT('',#2931) ;
#2939=VERTEX_POINT('',#2938) ;
#2946=VERTEX_POINT('',#2945) ;
#2953=VERTEX_POINT('',#2952) ;
#2960=VERTEX_POINT('',#2959) ;
#2967=VERTEX_POINT('',#2966) ;
#2974=VERTEX_POINT('',#2973) ;
#2981=VERTEX_POINT('',#2980) ;
#2988=VERTEX_POINT('',#2987) ;
#2995=VERTEX_POINT('',#2994) ;
#3002=VERTEX_POINT('',#3001) ;
#3009=VERTEX_POINT('',#3008) ;
#3022=VERTEX_POINT('',#3021) ;
#3029=VERTEX_POINT('',#3028) ;
#3042=VERTEX_POINT('',#3041) ;
#3049=VERTEX_POINT('',#3048) ;
#3056=VERTEX_POINT('',#3055) ;
#3063=VERTEX_POINT('',#3062) ;
#3070=VERTEX_POINT('',#3069) ;
#3077=VERTEX_POINT('',#3076) ;
#3084=VERTEX_POINT('',#3083) ;
#3097=VERTEX_POINT('',#3096) ;
#3104=VERTEX_POINT('',#3103) ;
#3117=VERTEX_POINT('',#3116) ;
#3127=VERTEX_POINT('',#3126) ;
#3137=VERTEX_POINT('',#3136) ;
#3150=VERTEX_POINT('',#3149) ;
#3157=VERTEX_POINT('',#3156) ;
#3170=VERTEX_POINT('',#3169) ;
#3180=VERTEX_POINT('',#3179) ;
#3190=VERTEX_POINT('',#3189) ;
#3203=VERTEX_POINT('',#3202) ;
#3210=VERTEX_POINT('',#3209) ;
#3223=VERTEX_POINT('',#3222) ;
#3233=VERTEX_POINT('',#3232) ;
#3243=VERTEX_POINT('',#3242) ;
#3253=VERTEX_POINT('',#3252) ;
#3260=VERTEX_POINT('',#3259) ;
#3267=VERTEX_POINT('',#3266) ;
#3274=VERTEX_POINT('',#3273) ;
#3281=VERTEX_POINT('',#3280) ;
#3297=VERTEX_POINT('',#3296) ;
#3304=VERTEX_POINT('',#3303) ;
#3323=VERTEX_POINT('',#3322) ;
#3330=VERTEX_POINT('',#3329) ;
#3337=VERTEX_POINT('',#3336) ;
#3344=VERTEX_POINT('',#3343) ;
#3351=VERTEX_POINT('',#3350) ;
#3358=VERTEX_POINT('',#3357) ;
#3365=VERTEX_POINT('',#3364) ;
#3372=VERTEX_POINT('',#3371) ;
#3379=VERTEX_POINT('',#3378) ;
#3386=VERTEX_POINT('',#3385) ;
#3393=VERTEX_POINT('',#3392) ;
#3400=VERTEX_POINT('',#3399) ;
#3407=VERTEX_POINT('',#3406) ;
#3414=VERTEX_POINT('',#3413) ;
#3433=VERTEX_POINT('',#3432) ;
#3440=VERTEX_POINT('',#3439) ;
#3447=VERTEX_POINT('',#3446) ;
#3454=VERTEX_POINT('',#3453) ;
#3461=VERTEX_POINT('',#3460) ;
#3468=VERTEX_POINT('',#3467) ;
#3487=VERTEX_POINT('',#3486) ;
#3494=VERTEX_POINT('',#3493) ;
#3501=VERTEX_POINT('',#3500) ;
#3508=VERTEX_POINT('',#3507) ;
#3515=VERTEX_POINT('',#3514) ;
#3522=VERTEX_POINT('',#3521) ;
#3529=VERTEX_POINT('',#3528) ;
#3536=VERTEX_POINT('',#3535) ;
#3543=VERTEX_POINT('',#3542) ;
#3550=VERTEX_POINT('',#3549) ;
#3557=VERTEX_POINT('',#3556) ;
#3564=VERTEX_POINT('',#3563) ;
#3571=VERTEX_POINT('',#3570) ;
#3578=VERTEX_POINT('',#3577) ;
#3597=VERTEX_POINT('',#3596) ;
#3604=VERTEX_POINT('',#3603) ;
#3620=VERTEX_POINT('',#3619) ;
#3627=VERTEX_POINT('',#3626) ;
#3634=VERTEX_POINT('',#3633) ;
#3641=VERTEX_POINT('',#3640) ;
#3648=VERTEX_POINT('',#3647) ;
#3658=VERTEX_POINT('',#3657) ;
#3668=VERTEX_POINT('',#3667) ;
#3678=VERTEX_POINT('',#3677) ;
#3691=VERTEX_POINT('',#3690) ;
#3698=VERTEX_POINT('',#3697) ;
#3711=VERTEX_POINT('',#3710) ;
#3721=VERTEX_POINT('',#3720) ;
#3731=VERTEX_POINT('',#3730) ;
#3744=VERTEX_POINT('',#3743) ;
#3751=VERTEX_POINT('',#3750) ;
#3764=VERTEX_POINT('',#3763) ;
#3774=VERTEX_POINT('',#3773) ;
#3784=VERTEX_POINT('',#3783) ;
#3797=VERTEX_POINT('',#3796) ;
#3804=VERTEX_POINT('',#3803) ;
#3817=VERTEX_POINT('',#3816) ;
#3824=VERTEX_POINT('',#3823) ;
#3831=VERTEX_POINT('',#3830) ;
#3838=VERTEX_POINT('',#3837) ;
#3845=VERTEX_POINT('',#3844) ;
#3852=VERTEX_POINT('',#3851) ;
#3859=VERTEX_POINT('',#3858) ;
#3872=VERTEX_POINT('',#3871) ;
#3879=VERTEX_POINT('',#3878) ;
#3892=VERTEX_POINT('',#3891) ;
#3899=VERTEX_POINT('',#3898) ;
#3906=VERTEX_POINT('',#3905) ;
#3913=VERTEX_POINT('',#3912) ;
#3920=VERTEX_POINT('',#3919) ;
#3927=VERTEX_POINT('',#3926) ;
#3934=VERTEX_POINT('',#3933) ;
#3941=VERTEX_POINT('',#3940) ;
#3948=VERTEX_POINT('',#3947) ;
#3955=VERTEX_POINT('',#3954) ;
#3962=VERTEX_POINT('',#3961) ;
#3969=VERTEX_POINT('',#3968) ;
#3976=VERTEX_POINT('',#3975) ;
#3983=VERTEX_POINT('',#3982) ;
#3990=VERTEX_POINT('',#3989) ;
#3997=VERTEX_POINT('',#3996) ;
#4004=VERTEX_POINT('',#4003) ;
#4011=VERTEX_POINT('',#4010) ;
#4018=VERTEX_POINT('',#4017) ;
#4025=VERTEX_POINT('',#4024) ;
#4032=VERTEX_POINT('',#4031) ;
#4039=VERTEX_POINT('',#4038) ;
#4046=VERTEX_POINT('',#4045) ;
#4053=VERTEX_POINT('',#4052) ;
#4060=VERTEX_POINT('',#4059) ;
#4067=VERTEX_POINT('',#4066) ;
#4074=VERTEX_POINT('',#4073) ;
#4081=VERTEX_POINT('',#4080) ;
#4088=VERTEX_POINT('',#4087) ;
#4095=VERTEX_POINT('',#4094) ;
#4102=VERTEX_POINT('',#4101) ;
#4109=VERTEX_POINT('',#4108) ;
#4116=VERTEX_POINT('',#4115) ;
#4123=VERTEX_POINT('',#4122) ;
#4130=VERTEX_POINT('',#4129) ;
#4137=VERTEX_POINT('',#4136) ;
#4144=VERTEX_POINT('',#4143) ;
#4151=VERTEX_POINT('',#4150) ;
#4158=VERTEX_POINT('',#4157) ;
#4165=VERTEX_POINT('',#4164) ;
#4172=VERTEX_POINT('',#4171) ;
#4179=VERTEX_POINT('',#4178) ;
#4186=VERTEX_POINT('',#4185) ;
#4193=VERTEX_POINT('',#4192) ;
#4206=VERTEX_POINT('',#4205) ;
#4213=VERTEX_POINT('',#4212) ;
#4220=VERTEX_POINT('',#4219) ;
#4227=VERTEX_POINT('',#4226) ;
#4240=VERTEX_POINT('',#4239) ;
#4250=VERTEX_POINT('',#4249) ;
#4263=VERTEX_POINT('',#4262) ;
#4270=VERTEX_POINT('',#4269) ;
#4288=VERTEX_POINT('',#4287) ;
#4301=VERTEX_POINT('',#4300) ;
#4311=VERTEX_POINT('',#4310) ;
#4324=VERTEX_POINT('',#4323) ;
#8548=VERTEX_POINT('',#8547) ;
#8550=VERTEX_POINT('',#8549) ;
#8557=VERTEX_POINT('',#8556) ;
#8564=VERTEX_POINT('',#8563) ;
#8589=VERTEX_POINT('',#8588) ;
#8596=VERTEX_POINT('',#8595) ;
#8603=VERTEX_POINT('',#8602) ;
#8622=VERTEX_POINT('',#8621) ;
#8629=VERTEX_POINT('',#8628) ;
#8645=VERTEX_POINT('',#8644) ;
#8652=VERTEX_POINT('',#8651) ;
#8668=VERTEX_POINT('',#8667) ;
#8675=VERTEX_POINT('',#8674) ;
#8682=VERTEX_POINT('',#8681) ;
#8689=VERTEX_POINT('',#8688) ;
#8696=VERTEX_POINT('',#8695) ;
#8703=VERTEX_POINT('',#8702) ;
#8710=VERTEX_POINT('',#8709) ;
#8717=VERTEX_POINT('',#8716) ;
#8724=VERTEX_POINT('',#8723) ;
#8731=VERTEX_POINT('',#8730) ;
#8747=VERTEX_POINT('',#8746) ;
#8754=VERTEX_POINT('',#8753) ;
#8770=VERTEX_POINT('',#8769) ;
#8777=VERTEX_POINT('',#8776) ;
#8796=VERTEX_POINT('',#8795) ;
#8841=VERTEX_POINT('',#8840) ;
#8875=VERTEX_POINT('',#8874) ;
#8877=VERTEX_POINT('',#8876) ;
#8889=VERTEX_POINT('',#8888) ;
#8896=VERTEX_POINT('',#8895) ;
#8903=VERTEX_POINT('',#8902) ;
#8910=VERTEX_POINT('',#8909) ;
#8917=VERTEX_POINT('',#8916) ;
#8924=VERTEX_POINT('',#8923) ;
#8940=VERTEX_POINT('',#8939) ;
#8947=VERTEX_POINT('',#8946) ;
#8963=VERTEX_POINT('',#8962) ;
#8970=VERTEX_POINT('',#8969) ;
#8986=VERTEX_POINT('',#8985) ;
#8993=VERTEX_POINT('',#8992) ;
#9009=VERTEX_POINT('',#9008) ;
#9016=VERTEX_POINT('',#9015) ;
#9023=VERTEX_POINT('',#9022) ;
#9030=VERTEX_POINT('',#9029) ;
#9037=VERTEX_POINT('',#9036) ;
#9044=VERTEX_POINT('',#9043) ;
#9051=VERTEX_POINT('',#9050) ;
#9526=VERTEX_POINT('',#9525) ;
#9528=VERTEX_POINT('',#9527) ;
#9535=VERTEX_POINT('',#9534) ;
#9542=VERTEX_POINT('',#9541) ;
#9574=VERTEX_POINT('',#9573) ;
#9576=VERTEX_POINT('',#9575) ;
#9595=VERTEX_POINT('',#9594) ;
#9602=VERTEX_POINT('',#9601) ;
#9621=VERTEX_POINT('',#9620) ;
#9628=VERTEX_POINT('',#9627) ;
#9647=VERTEX_POINT('',#9646) ;
#9654=VERTEX_POINT('',#9653) ;
#9706=VERTEX_POINT('',#9705) ;
#9708=VERTEX_POINT('',#9707) ;
#9760=VERTEX_POINT('',#9759) ;
#9762=VERTEX_POINT('',#9761) ;
#9814=VERTEX_POINT('',#9813) ;
#9816=VERTEX_POINT('',#9815) ;
#9868=VERTEX_POINT('',#9867) ;
#9870=VERTEX_POINT('',#9869) ;
#9904=VERTEX_POINT('',#9903) ;
#9911=VERTEX_POINT('',#9910) ;
#9918=VERTEX_POINT('',#9917) ;
#9925=VERTEX_POINT('',#9924) ;
#9932=VERTEX_POINT('',#9931) ;
#9939=VERTEX_POINT('',#9938) ;
#9946=VERTEX_POINT('',#9945) ;
#9953=VERTEX_POINT('',#9952) ;
#9960=VERTEX_POINT('',#9959) ;
#9967=VERTEX_POINT('',#9966) ;
#9974=VERTEX_POINT('',#9973) ;
#9981=VERTEX_POINT('',#9980) ;
#9988=VERTEX_POINT('',#9987) ;
#9995=VERTEX_POINT('',#9994) ;
#10032=VERTEX_POINT('',#10031) ;
#10057=VERTEX_POINT('',#10056) ;
#10059=VERTEX_POINT('',#10058) ;
#10066=VERTEX_POINT('',#10065) ;
#10073=VERTEX_POINT('',#10072) ;
#10080=VERTEX_POINT('',#10079) ;
#10087=VERTEX_POINT('',#10086) ;
#10094=VERTEX_POINT('',#10093) ;
#10101=VERTEX_POINT('',#10100) ;
#10141=VERTEX_POINT('',#10140) ;
#10143=VERTEX_POINT('',#10142) ;
#10195=VERTEX_POINT('',#10194) ;
#10197=VERTEX_POINT('',#10196) ;
#10249=VERTEX_POINT('',#10248) ;
#10251=VERTEX_POINT('',#10250) ;
#10303=VERTEX_POINT('',#10302) ;
#10305=VERTEX_POINT('',#10304) ;
#10339=VERTEX_POINT('',#10338) ;
#10341=VERTEX_POINT('',#10340) ;
#10357=VERTEX_POINT('',#10356) ;
#10364=VERTEX_POINT('',#10363) ;
#10371=VERTEX_POINT('',#10370) ;
#10378=VERTEX_POINT('',#10377) ;
#10394=VERTEX_POINT('',#10393) ;
#10401=VERTEX_POINT('',#10400) ;
#10408=VERTEX_POINT('',#10407) ;
#10415=VERTEX_POINT('',#10414) ;
#10431=VERTEX_POINT('',#10430) ;
#10452=VERTEX_POINT('',#10451) ;
#10459=VERTEX_POINT('',#10458) ;
#10514=VERTEX_POINT('',#10513) ;
#10521=VERTEX_POINT('',#10520) ;
#10549=VERTEX_POINT('',#10548) ;
#10574=VERTEX_POINT('',#10573) ;
#10602=VERTEX_POINT('',#10601) ;
#10627=VERTEX_POINT('',#10626) ;
#10652=VERTEX_POINT('',#10651) ;
#10677=VERTEX_POINT('',#10676) ;
#11093=VERTEX_POINT('',#11092) ;
#11100=VERTEX_POINT('',#11099) ;
#11125=VERTEX_POINT('',#11124) ;
#11150=VERTEX_POINT('',#11149) ;
#11175=VERTEX_POINT('',#11174) ;
#11200=VERTEX_POINT('',#11199) ;
#11225=VERTEX_POINT('',#11224) ;
#11250=VERTEX_POINT('',#11249) ;
#11305=VERTEX_POINT('',#11304) ;
#11307=VERTEX_POINT('',#11306) ;
#11314=VERTEX_POINT('',#11313) ;
#11333=VERTEX_POINT('',#11332) ;
#11340=VERTEX_POINT('',#11339) ;
#11359=VERTEX_POINT('',#11358) ;
#11366=VERTEX_POINT('',#11365) ;
#11385=VERTEX_POINT('',#11384) ;
#11436=VERTEX_POINT('',#11435) ;
#11438=VERTEX_POINT('',#11437) ;
#11445=VERTEX_POINT('',#11444) ;
#11464=VERTEX_POINT('',#11463) ;
#11471=VERTEX_POINT('',#11470) ;
#11490=VERTEX_POINT('',#11489) ;
#11497=VERTEX_POINT('',#11496) ;
#11516=VERTEX_POINT('',#11515) ;
#11555=VERTEX_POINT('',#11554) ;
#11557=VERTEX_POINT('',#11556) ;
#11569=VERTEX_POINT('',#11568) ;
#11576=VERTEX_POINT('',#11575) ;
#11603=VERTEX_POINT('',#11602) ;
#11628=VERTEX_POINT('',#11627) ;
#11630=VERTEX_POINT('',#11629) ;
#11642=VERTEX_POINT('',#11641) ;
#11669=VERTEX_POINT('',#11668) ;
#11694=VERTEX_POINT('',#11693) ;
#11701=VERTEX_POINT('',#11700) ;
#11708=VERTEX_POINT('',#11707) ;
#11735=VERTEX_POINT('',#11734) ;
#11760=VERTEX_POINT('',#11759) ;
#11767=VERTEX_POINT('',#11766) ;
#11774=VERTEX_POINT('',#11773) ;
#11819=VERTEX_POINT('',#11818) ;
#11826=VERTEX_POINT('',#11825) ;
#11833=VERTEX_POINT('',#11832) ;
#11840=VERTEX_POINT('',#11839) ;
#11867=VERTEX_POINT('',#11866) ;
#11892=VERTEX_POINT('',#11891) ;
#11894=VERTEX_POINT('',#11893) ;
#11906=VERTEX_POINT('',#11905) ;
#11933=VERTEX_POINT('',#11932) ;
#11958=VERTEX_POINT('',#11957) ;
#11960=VERTEX_POINT('',#11959) ;
#11972=VERTEX_POINT('',#11971) ;
#11999=VERTEX_POINT('',#11998) ;
#12024=VERTEX_POINT('',#12023) ;
#12031=VERTEX_POINT('',#12030) ;
#12038=VERTEX_POINT('',#12037) ;
#12124=VERTEX_POINT('',#12123) ;
#12131=VERTEX_POINT('',#12130) ;
#12179=VERTEX_POINT('',#12178) ;
#12186=VERTEX_POINT('',#12185) ;
#12216=VERTEX_POINT('',#12215) ;
#12223=VERTEX_POINT('',#12222) ;
#12271=VERTEX_POINT('',#12270) ;
#12278=VERTEX_POINT('',#12277) ;
#12326=VERTEX_POINT('',#12325) ;
#12333=VERTEX_POINT('',#12332) ;
#12399=VERTEX_POINT('',#12398) ;
#12406=VERTEX_POINT('',#12405) ;
#12454=VERTEX_POINT('',#12453) ;
#12461=VERTEX_POINT('',#12460) ;
#12491=VERTEX_POINT('',#12490) ;
#12498=VERTEX_POINT('',#12497) ;
#12564=VERTEX_POINT('',#12563) ;
#12576=VERTEX_POINT('',#12575) ;
#12626=VERTEX_POINT('',#12625) ;
#12638=VERTEX_POINT('',#12637) ;
#12665=VERTEX_POINT('',#12664) ;
#12667=VERTEX_POINT('',#12666) ;
#12715=VERTEX_POINT('',#12714) ;
#12717=VERTEX_POINT('',#12716) ;
#13037=VERTEX_POINT('',#13036) ;
#13039=VERTEX_POINT('',#13038) ;
#13046=VERTEX_POINT('',#13045) ;
#13053=VERTEX_POINT('',#13052) ;
#13085=VERTEX_POINT('',#13084) ;
#13087=VERTEX_POINT('',#13086) ;
#13106=VERTEX_POINT('',#13105) ;
#13113=VERTEX_POINT('',#13112) ;
#13132=VERTEX_POINT('',#13131) ;
#13139=VERTEX_POINT('',#13138) ;
#13158=VERTEX_POINT('',#13157) ;
#13165=VERTEX_POINT('',#13164) ;
#13244=VERTEX_POINT('',#13243) ;
#13246=VERTEX_POINT('',#13245) ;
#13298=VERTEX_POINT('',#13297) ;
#13300=VERTEX_POINT('',#13299) ;
#13352=VERTEX_POINT('',#13351) ;
#13354=VERTEX_POINT('',#13353) ;
#13413=VERTEX_POINT('',#13412) ;
#13415=VERTEX_POINT('',#13414) ;
#13445=VERTEX_POINT('',#13444) ;
#13452=VERTEX_POINT('',#13451) ;
#13477=VERTEX_POINT('',#13476) ;
#13502=VERTEX_POINT('',#13501) ;
#13527=VERTEX_POINT('',#13526) ;
#13552=VERTEX_POINT('',#13551) ;
#13577=VERTEX_POINT('',#13576) ;
#13602=VERTEX_POINT('',#13601) ;
#13645=VERTEX_POINT('',#13644) ;
#13652=VERTEX_POINT('',#13651) ;
#13695=VERTEX_POINT('',#13694) ;
#13702=VERTEX_POINT('',#13701) ;
#13745=VERTEX_POINT('',#13744) ;
#13752=VERTEX_POINT('',#13751) ;
#13833=VERTEX_POINT('',#13832) ;
#13835=VERTEX_POINT('',#13834) ;
#13851=VERTEX_POINT('',#13850) ;
#13853=VERTEX_POINT('',#13852) ;
#13869=VERTEX_POINT('',#13868) ;
#13871=VERTEX_POINT('',#13870) ;
#14028=VERTEX_POINT('',#14027) ;
#14030=VERTEX_POINT('',#14029) ;
#14043=VERTEX_POINT('',#14042) ;
#14050=VERTEX_POINT('',#14049) ;
#14082=VERTEX_POINT('',#14081) ;
#14084=VERTEX_POINT('',#14083) ;
#14097=VERTEX_POINT('',#14096) ;
#14110=VERTEX_POINT('',#14109) ;
#14117=VERTEX_POINT('',#14116) ;
#14124=VERTEX_POINT('',#14123) ;
#14145=VERTEX_POINT('',#14144) ;
#14158=VERTEX_POINT('',#14157) ;
#14171=VERTEX_POINT('',#14170) ;
#14178=VERTEX_POINT('',#14177) ;
#14185=VERTEX_POINT('',#14184) ;
#14201=VERTEX_POINT('',#14200) ;
#14238=VERTEX_POINT('',#14237) ;
#14247=VERTEX_POINT('',#14246) ;
#14273=VERTEX_POINT('',#14272) ;
#14275=VERTEX_POINT('',#14274) ;
#14291=VERTEX_POINT('',#14290) ;
#14293=VERTEX_POINT('',#14292) ;
#14300=VERTEX_POINT('',#14299) ;
#14313=VERTEX_POINT('',#14312) ;
#14320=VERTEX_POINT('',#14319) ;
#14327=VERTEX_POINT('',#14326) ;
#14337=VERTEX_POINT('',#14336) ;
#14350=VERTEX_POINT('',#14349) ;
#14362=VERTEX_POINT('',#14361) ;
#14369=VERTEX_POINT('',#14368) ;
#14379=VERTEX_POINT('',#14378) ;
#14423=VERTEX_POINT('',#14422) ;
#14460=VERTEX_POINT('',#14459) ;
#14628=VERTEX_POINT('',#14627) ;
#14695=VERTEX_POINT('',#14694) ;
#14702=VERTEX_POINT('',#14701) ;
#14745=VERTEX_POINT('',#14744) ;
#14752=VERTEX_POINT('',#14751) ;
#14795=VERTEX_POINT('',#14794) ;
#14802=VERTEX_POINT('',#14801) ;
#12119=(BOUNDED_CURVE()B_SPLINE_CURVE(2,(#12120,#12121,#12122),.UNSPECIFIED.,.F.,.U.)B_SPLINE_CURVE_WITH_KNOTS((3,3),(-0.527515140189,2.66374984872),.UNSPECIFIED.)CURVE()GEOMETRIC_REPRESENTATION_ITEM()RATIONAL_B_SPLINE_CURVE((1.,0.977447727192,1.))REPRESENTATION_ITEM('')) ;
#12126=(BOUNDED_CURVE()B_SPLINE_CURVE(2,(#12127,#12128,#12129),.UNSPECIFIED.,.F.,.U.)B_SPLINE_CURVE_WITH_KNOTS((3,3),(10.2653051712,20.5306103425),.UNSPECIFIED.)CURVE()GEOMETRIC_REPRESENTATION_ITEM()RATIONAL_B_SPLINE_CURVE((1.,0.707106781187,1.))REPRESENTATION_ITEM('')) ;
#12133=(BOUNDED_CURVE()B_SPLINE_CURVE(2,(#12134,#12135,#12136),.UNSPECIFIED.,.F.,.U.)B_SPLINE_CURVE_WITH_KNOTS((3,3),(-0.527515140189,2.66374984872),.UNSPECIFIED.)CURVE()GEOMETRIC_REPRESENTATION_ITEM()RATIONAL_B_SPLINE_CURVE((1.,0.977447727192,1.))REPRESENTATION_ITEM('')) ;
#12174=(BOUNDED_CURVE()B_SPLINE_CURVE(2,(#12175,#12176,#12177),.UNSPECIFIED.,.F.,.U.)B_SPLINE_CURVE_WITH_KNOTS((3,3),(-0.527515140189,2.66374984872),.UNSPECIFIED.)CURVE()GEOMETRIC_REPRESENTATION_ITEM()RATIONAL_B_SPLINE_CURVE((1.,0.977447727192,1.))REPRESENTATION_ITEM('')) ;
#12181=(BOUNDED_CURVE()B_SPLINE_CURVE(2,(#12182,#12183,#12184),.UNSPECIFIED.,.F.,.U.)B_SPLINE_CURVE_WITH_KNOTS((3,3),(20.5306103425,30.7959155137),.UNSPECIFIED.)CURVE()GEOMETRIC_REPRESENTATION_ITEM()RATIONAL_B_SPLINE_CURVE((1.,0.707106781187,1.))REPRESENTATION_ITEM('')) ;
#12188=(BOUNDED_CURVE()B_SPLINE_CURVE(2,(#12189,#12190,#12191),.UNSPECIFIED.,.F.,.U.)B_SPLINE_CURVE_WITH_KNOTS((3,3),(-0.527515140189,2.66374984872),.UNSPECIFIED.)CURVE()GEOMETRIC_REPRESENTATION_ITEM()RATIONAL_B_SPLINE_CURVE((1.,0.977447727192,1.))REPRESENTATION_ITEM('')) ;
#12211=(BOUNDED_CURVE()B_SPLINE_CURVE(2,(#12212,#12213,#12214),.UNSPECIFIED.,.F.,.U.)B_SPLINE_CURVE_WITH_KNOTS((3,3),(-0.527515140189,2.66374984872),.UNSPECIFIED.)CURVE()GEOMETRIC_REPRESENTATION_ITEM()RATIONAL_B_SPLINE_CURVE((1.,0.977447727192,1.))REPRESENTATION_ITEM('')) ;
#12218=(BOUNDED_CURVE()B_SPLINE_CURVE(2,(#12219,#12220,#12221),.UNSPECIFIED.,.F.,.U.)B_SPLINE_CURVE_WITH_KNOTS((3,3),(30.7959155137,41.0612206849),.UNSPECIFIED.)CURVE()GEOMETRIC_REPRESENTATION_ITEM()RATIONAL_B_SPLINE_CURVE((1.,0.707106781187,1.))REPRESENTATION_ITEM('')) ;
#12225=(BOUNDED_CURVE()B_SPLINE_CURVE(2,(#12226,#12227,#12228),.UNSPECIFIED.,.F.,.U.)B_SPLINE_CURVE_WITH_KNOTS((3,3),(-0.527515140189,2.66374984872),.UNSPECIFIED.)CURVE()GEOMETRIC_REPRESENTATION_ITEM()RATIONAL_B_SPLINE_CURVE((1.,0.977447727192,1.))REPRESENTATION_ITEM('')) ;
#12266=(BOUNDED_CURVE()B_SPLINE_CURVE(2,(#12267,#12268,#12269),.UNSPECIFIED.,.F.,.U.)B_SPLINE_CURVE_WITH_KNOTS((3,3),(-0.527515140189,2.66374984872),.UNSPECIFIED.)CURVE()GEOMETRIC_REPRESENTATION_ITEM()RATIONAL_B_SPLINE_CURVE((1.,0.977447727192,1.))REPRESENTATION_ITEM('')) ;
#12273=(BOUNDED_CURVE()B_SPLINE_CURVE(2,(#12274,#12275,#12276),.UNSPECIFIED.,.F.,.U.)B_SPLINE_CURVE_WITH_KNOTS((3,3),(0.,10.2653051712),.UNSPECIFIED.)CURVE()GEOMETRIC_REPRESENTATION_ITEM()RATIONAL_B_SPLINE_CURVE((1.,0.707106781187,1.))REPRESENTATION_ITEM('')) ;
#12280=(BOUNDED_CURVE()B_SPLINE_CURVE(2,(#12281,#12282,#12283),.UNSPECIFIED.,.F.,.U.)B_SPLINE_CURVE_WITH_KNOTS((3,3),(-0.527515140189,2.66374984872),.UNSPECIFIED.)CURVE()GEOMETRIC_REPRESENTATION_ITEM()RATIONAL_B_SPLINE_CURVE((1.,0.977447727192,1.))REPRESENTATION_ITEM('')) ;
#12321=(BOUNDED_CURVE()B_SPLINE_CURVE(2,(#12322,#12323,#12324),.UNSPECIFIED.,.F.,.U.)B_SPLINE_CURVE_WITH_KNOTS((3,3),(0.0437722996062,6.05584774831),.UNSPECIFIED.)CURVE()GEOMETRIC_REPRESENTATION_ITEM()RATIONAL_B_SPLINE_CURVE((1.,0.992968661996,1.))REPRESENTATION_ITEM('')) ;
#12328=(BOUNDED_CURVE()B_SPLINE_CURVE(2,(#12329,#12330,#12331),.UNSPECIFIED.,.F.,.U.)B_SPLINE_CURVE_WITH_KNOTS((3,3),(10.2736795189,20.5473590378),.UNSPECIFIED.)CURVE()GEOMETRIC_REPRESENTATION_ITEM()RATIONAL_B_SPLINE_CURVE((1.,0.707106781187,1.))REPRESENTATION_ITEM('')) ;
#12335=(BOUNDED_CURVE()B_SPLINE_CURVE(2,(#12336,#12337,#12338),.UNSPECIFIED.,.F.,.U.)B_SPLINE_CURVE_WITH_KNOTS((3,3),(0.0437722996062,6.05584774831),.UNSPECIFIED.)CURVE()GEOMETRIC_REPRESENTATION_ITEM()RATIONAL_B_SPLINE_CURVE((1.,0.992968661996,1.))REPRESENTATION_ITEM('')) ;
#12394=(BOUNDED_CURVE()B_SPLINE_CURVE(2,(#12395,#12396,#12397),.UNSPECIFIED.,.F.,.U.)B_SPLINE_CURVE_WITH_KNOTS((3,3),(0.0437722996061,6.05584774832),.UNSPECIFIED.)CURVE()GEOMETRIC_REPRESENTATION_ITEM()RATIONAL_B_SPLINE_CURVE((1.,0.992968661996,1.))REPRESENTATION_ITEM('')) ;
#12401=(BOUNDED_CURVE()B_SPLINE_CURVE(2,(#12402,#12403,#12404),.UNSPECIFIED.,.F.,.U.)B_SPLINE_CURVE_WITH_KNOTS((3,3),(0.,10.2736795189),.UNSPECIFIED.)CURVE()GEOMETRIC_REPRESENTATION_ITEM()RATIONAL_B_SPLINE_CURVE((1.,0.707106781187,1.))REPRESENTATION_ITEM('')) ;
#12408=(BOUNDED_CURVE()B_SPLINE_CURVE(2,(#12409,#12410,#12411),.UNSPECIFIED.,.F.,.U.)B_SPLINE_CURVE_WITH_KNOTS((3,3),(0.0437722996061,6.05584774832),.UNSPECIFIED.)CURVE()GEOMETRIC_REPRESENTATION_ITEM()RATIONAL_B_SPLINE_CURVE((1.,0.992968661996,1.))REPRESENTATION_ITEM('')) ;
#12449=(BOUNDED_CURVE()B_SPLINE_CURVE(2,(#12450,#12451,#12452),.UNSPECIFIED.,.F.,.U.)B_SPLINE_CURVE_WITH_KNOTS((3,3),(0.0437722996061,6.05584774832),.UNSPECIFIED.)CURVE()GEOMETRIC_REPRESENTATION_ITEM()RATIONAL_B_SPLINE_CURVE((1.,0.992968661996,1.))REPRESENTATION_ITEM('')) ;
#12456=(BOUNDED_CURVE()B_SPLINE_CURVE(2,(#12457,#12458,#12459),.UNSPECIFIED.,.F.,.U.)B_SPLINE_CURVE_WITH_KNOTS((3,3),(30.8210385566,41.0947180755),.UNSPECIFIED.)CURVE()GEOMETRIC_REPRESENTATION_ITEM()RATIONAL_B_SPLINE_CURVE((1.,0.707106781187,1.))REPRESENTATION_ITEM('')) ;
#12463=(BOUNDED_CURVE()B_SPLINE_CURVE(2,(#12464,#12465,#12466),.UNSPECIFIED.,.F.,.U.)B_SPLINE_CURVE_WITH_KNOTS((3,3),(0.0437722996061,6.05584774832),.UNSPECIFIED.)CURVE()GEOMETRIC_REPRESENTATION_ITEM()RATIONAL_B_SPLINE_CURVE((1.,0.992968661996,1.))REPRESENTATION_ITEM('')) ;
#12486=(BOUNDED_CURVE()B_SPLINE_CURVE(2,(#12487,#12488,#12489),.UNSPECIFIED.,.F.,.U.)B_SPLINE_CURVE_WITH_KNOTS((3,3),(0.0437722996062,6.05584774831),.UNSPECIFIED.)CURVE()GEOMETRIC_REPRESENTATION_ITEM()RATIONAL_B_SPLINE_CURVE((1.,0.992968661996,1.))REPRESENTATION_ITEM('')) ;
#12493=(BOUNDED_CURVE()B_SPLINE_CURVE(2,(#12494,#12495,#12496),.UNSPECIFIED.,.F.,.U.)B_SPLINE_CURVE_WITH_KNOTS((3,3),(20.5473590378,30.8210385566),.UNSPECIFIED.)CURVE()GEOMETRIC_REPRESENTATION_ITEM()RATIONAL_B_SPLINE_CURVE((1.,0.707106781187,1.))REPRESENTATION_ITEM('')) ;
#12500=(BOUNDED_CURVE()B_SPLINE_CURVE(2,(#12501,#12502,#12503),.UNSPECIFIED.,.F.,.U.)B_SPLINE_CURVE_WITH_KNOTS((3,3),(0.0437722996062,6.05584774831),.UNSPECIFIED.)CURVE()GEOMETRIC_REPRESENTATION_ITEM()RATIONAL_B_SPLINE_CURVE((1.,0.992968661996,1.))REPRESENTATION_ITEM('')) ;
#12109=(BOUNDED_SURFACE()B_SPLINE_SURFACE(2,2,((#12110,#12111,#12112),(#12113,#12114,#12115),(#12116,#12117,#12118)),.UNSPECIFIED.,.F.,.F.,.U.)B_SPLINE_SURFACE_WITH_KNOTS((3,3),(3,3),(-0.527515140189,2.66374984872),(10.2653051712,20.5306103425),.UNSPECIFIED.)GEOMETRIC_REPRESENTATION_ITEM()RATIONAL_B_SPLINE_SURFACE(((1.,0.707106781187,1.),(0.977447727192,0.691159916153,0.977447727192),(1.,0.707106781187,1.)))REPRESENTATION_ITEM('Rational BSpline Surface')SURFACE()) ;
#12164=(BOUNDED_SURFACE()B_SPLINE_SURFACE(2,2,((#12165,#12166,#12167),(#12168,#12169,#12170),(#12171,#12172,#12173)),.UNSPECIFIED.,.F.,.F.,.U.)B_SPLINE_SURFACE_WITH_KNOTS((3,3),(3,3),(-0.527515140189,2.66374984872),(20.5306103425,30.7959155137),.UNSPECIFIED.)GEOMETRIC_REPRESENTATION_ITEM()RATIONAL_B_SPLINE_SURFACE(((1.,0.707106781187,1.),(0.977447727192,0.691159916153,0.977447727192),(1.,0.707106781187,1.)))REPRESENTATION_ITEM('Rational BSpline Surface')SURFACE()) ;
#12201=(BOUNDED_SURFACE()B_SPLINE_SURFACE(2,2,((#12202,#12203,#12204),(#12205,#12206,#12207),(#12208,#12209,#12210)),.UNSPECIFIED.,.F.,.F.,.U.)B_SPLINE_SURFACE_WITH_KNOTS((3,3),(3,3),(-0.527515140189,2.66374984872),(30.7959155137,41.0612206849),.UNSPECIFIED.)GEOMETRIC_REPRESENTATION_ITEM()RATIONAL_B_SPLINE_SURFACE(((1.,0.707106781187,1.),(0.977447727192,0.691159916153,0.977447727192),(1.,0.707106781187,1.)))REPRESENTATION_ITEM('Rational BSpline Surface')SURFACE()) ;
#12256=(BOUNDED_SURFACE()B_SPLINE_SURFACE(2,2,((#12257,#12258,#12259),(#12260,#12261,#12262),(#12263,#12264,#12265)),.UNSPECIFIED.,.F.,.F.,.U.)B_SPLINE_SURFACE_WITH_KNOTS((3,3),(3,3),(-0.527515140189,2.66374984872),(0.,10.2653051712),.UNSPECIFIED.)GEOMETRIC_REPRESENTATION_ITEM()RATIONAL_B_SPLINE_SURFACE(((1.,0.707106781187,1.),(0.977447727192,0.691159916153,0.977447727192),(1.,0.707106781187,1.)))REPRESENTATION_ITEM('Rational BSpline Surface')SURFACE()) ;
#12311=(BOUNDED_SURFACE()B_SPLINE_SURFACE(2,2,((#12312,#12313,#12314),(#12315,#12316,#12317),(#12318,#12319,#12320)),.UNSPECIFIED.,.F.,.F.,.U.)B_SPLINE_SURFACE_WITH_KNOTS((3,3),(3,3),(0.0437722996062,6.05584774831),(10.2736795189,20.5473590378),.UNSPECIFIED.)GEOMETRIC_REPRESENTATION_ITEM()RATIONAL_B_SPLINE_SURFACE(((1.,0.707106781187,1.),(0.992968661996,0.702134874403,0.992968661996),(1.,0.707106781187,1.)))REPRESENTATION_ITEM('Rational BSpline Surface')SURFACE()) ;
#12384=(BOUNDED_SURFACE()B_SPLINE_SURFACE(2,2,((#12385,#12386,#12387),(#12388,#12389,#12390),(#12391,#12392,#12393)),.UNSPECIFIED.,.F.,.F.,.U.)B_SPLINE_SURFACE_WITH_KNOTS((3,3),(3,3),(0.0437722996061,6.05584774832),(0.,10.2736795189),.UNSPECIFIED.)GEOMETRIC_REPRESENTATION_ITEM()RATIONAL_B_SPLINE_SURFACE(((1.,0.707106781187,1.),(0.992968661996,0.702134874403,0.992968661996),(1.,0.707106781187,1.)))REPRESENTATION_ITEM('Rational BSpline Surface')SURFACE()) ;
#12439=(BOUNDED_SURFACE()B_SPLINE_SURFACE(2,2,((#12440,#12441,#12442),(#12443,#12444,#12445),(#12446,#12447,#12448)),.UNSPECIFIED.,.F.,.F.,.U.)B_SPLINE_SURFACE_WITH_KNOTS((3,3),(3,3),(0.0437722996061,6.05584774832),(30.8210385566,41.0947180755),.UNSPECIFIED.)GEOMETRIC_REPRESENTATION_ITEM()RATIONAL_B_SPLINE_SURFACE(((1.,0.707106781187,1.),(0.992968661996,0.702134874403,0.992968661996),(1.,0.707106781187,1.)))REPRESENTATION_ITEM('Rational BSpline Surface')SURFACE()) ;
#12476=(BOUNDED_SURFACE()B_SPLINE_SURFACE(2,2,((#12477,#12478,#12479),(#12480,#12481,#12482),(#12483,#12484,#12485)),.UNSPECIFIED.,.F.,.F.,.U.)B_SPLINE_SURFACE_WITH_KNOTS((3,3),(3,3),(0.0437722996062,6.05584774831),(20.5473590378,30.8210385566),.UNSPECIFIED.)GEOMETRIC_REPRESENTATION_ITEM()RATIONAL_B_SPLINE_SURFACE(((1.,0.707106781187,1.),(0.992968661996,0.702134874403,0.992968661996),(1.,0.707106781187,1.)))REPRESENTATION_ITEM('Rational BSpline Surface')SURFACE()) ;
#17=(LENGTH_UNIT()NAMED_UNIT(*)SI_UNIT(.MILLI.,.METRE.)) ;
#18=(NAMED_UNIT(*)PLANE_ANGLE_UNIT()SI_UNIT($,.RADIAN.)) ;
#19=(NAMED_UNIT(*)SI_UNIT($,.STERADIAN.)SOLID_ANGLE_UNIT()) ;
#21=(GEOMETRIC_REPRESENTATION_CONTEXT(3)GLOBAL_UNCERTAINTY_ASSIGNED_CONTEXT((#20))GLOBAL_UNIT_ASSIGNED_CONTEXT((#17,#18,#19))REPRESENTATION_CONTEXT(' ',' ')) ;
#23=(GEOMETRIC_REPRESENTATION_CONTEXT(3)GLOBAL_UNCERTAINTY_ASSIGNED_CONTEXT((#22))GLOBAL_UNIT_ASSIGNED_CONTEXT((#17,#18,#19))REPRESENTATION_CONTEXT(' ',' ')) ;
#31=(GEOMETRIC_REPRESENTATION_CONTEXT(3)GLOBAL_UNCERTAINTY_ASSIGNED_CONTEXT((#30))GLOBAL_UNIT_ASSIGNED_CONTEXT((#17,#18,#19))REPRESENTATION_CONTEXT(' ',' ')) ;
#8528=(GEOMETRIC_REPRESENTATION_CONTEXT(3)GLOBAL_UNCERTAINTY_ASSIGNED_CONTEXT((#8527))GLOBAL_UNIT_ASSIGNED_CONTEXT((#17,#18,#19))REPRESENTATION_CONTEXT(' ',' ')) ;
#9506=(GEOMETRIC_REPRESENTATION_CONTEXT(3)GLOBAL_UNCERTAINTY_ASSIGNED_CONTEXT((#9505))GLOBAL_UNIT_ASSIGNED_CONTEXT((#17,#18,#19))REPRESENTATION_CONTEXT(' ',' ')) ;
#13017=(GEOMETRIC_REPRESENTATION_CONTEXT(3)GLOBAL_UNCERTAINTY_ASSIGNED_CONTEXT((#13016))GLOBAL_UNIT_ASSIGNED_CONTEXT((#17,#18,#19))REPRESENTATION_CONTEXT(' ',' ')) ;
#14008=(GEOMETRIC_REPRESENTATION_CONTEXT(3)GLOBAL_UNCERTAINTY_ASSIGNED_CONTEXT((#14007))GLOBAL_UNIT_ASSIGNED_CONTEXT((#17,#18,#19))REPRESENTATION_CONTEXT(' ',' ')) ;
#8517=(REPRESENTATION_RELATIONSHIP(' ',' ',#32,#24)REPRESENTATION_RELATIONSHIP_WITH_TRANSFORMATION(#8518)SHAPE_REPRESENTATION_RELATIONSHIP()) ;
#9482=(REPRESENTATION_RELATIONSHIP(' ',' ',#8529,#24)REPRESENTATION_RELATIONSHIP_WITH_TRANSFORMATION(#9483)SHAPE_REPRESENTATION_RELATIONSHIP()) ;
#9495=(REPRESENTATION_RELATIONSHIP(' ',' ',#24,#15)REPRESENTATION_RELATIONSHIP_WITH_TRANSFORMATION(#9496)SHAPE_REPRESENTATION_RELATIONSHIP()) ;
#13006=(REPRESENTATION_RELATIONSHIP(' ',' ',#9507,#15)REPRESENTATION_RELATIONSHIP_WITH_TRANSFORMATION(#13007)SHAPE_REPRESENTATION_RELATIONSHIP()) ;
#13997=(REPRESENTATION_RELATIONSHIP(' ',' ',#13018,#15)REPRESENTATION_RELATIONSHIP_WITH_TRANSFORMATION(#13998)SHAPE_REPRESENTATION_RELATIONSHIP()) ;
#14851=(REPRESENTATION_RELATIONSHIP(' ',' ',#14009,#15)REPRESENTATION_RELATIONSHIP_WITH_TRANSFORMATION(#14852)SHAPE_REPRESENTATION_RELATIONSHIP()) ;
#14864=(REPRESENTATION_RELATIONSHIP(' ',' ',#14009,#15)REPRESENTATION_RELATIONSHIP_WITH_TRANSFORMATION(#14865)SHAPE_REPRESENTATION_RELATIONSHIP()) ;
#14877=(REPRESENTATION_RELATIONSHIP(' ',' ',#14009,#15)REPRESENTATION_RELATIONSHIP_WITH_TRANSFORMATION(#14878)SHAPE_REPRESENTATION_RELATIONSHIP()) ;
#14890=(REPRESENTATION_RELATIONSHIP(' ',' ',#14009,#15)REPRESENTATION_RELATIONSHIP_WITH_TRANSFORMATION(#14891)SHAPE_REPRESENTATION_RELATIONSHIP()) ;
ENDSEC;
END-ISO-10303-21;
