ISO-10303-21;
HEADER;
FILE_DESCRIPTION(('CATIA V5 STEP Exchange','CAx-IF Rec.Pracs.--- Model Styling and Organization---1.4--- 2014-01-23'),'2;1');

FILE_NAME('Y:\\users\\pluess\\1455N1601-opened.stp','2025-07-18T13:41:42+00:00',('none'),('none'),'CATIA Version 5-6 Release 2016 SP6 HF32','CATIA V5 STEP AP214','none');

FILE_SCHEMA(('AUTOMOTIVE_DESIGN { 1 0 10303 214 1 1 1 1 }'));

ENDSEC;
DATA;
#5=PRODUCT('1455N1601','1455N1601','',(#2)) ;
#26=PRODUCT('1455 Box and Cover 160mm','1455 Box and Cover 160mm','',(#2)) ;
#34=PRODUCT('1455N Extrusion 160mm','1455N Extrusion 160mm','',(#2)) ;
#8586=PRODUCT('N Bezel Open','N Bezel Open','',(#2)) ;
#12111=PRODUCT('1455N End Plate','1455N End Plate','',(#2)) ;
#13108=PRODUCT('1455 screw','1455 screw','',(#2)) ;
#2=PRODUCT_CONTEXT(' ',#1,'mechanical') ;
#1=APPLICATION_CONTEXT('automotive design') ;
#13=PRODUCT_DEFINITION('',' ',#6,#3) ;
#28=PRODUCT_DEFINITION('',' ',#27,#3) ;
#36=PRODUCT_DEFINITION('',' ',#35,#3) ;
#8588=PRODUCT_DEFINITION('',' ',#8587,#3) ;
#12113=PRODUCT_DEFINITION('',' ',#12112,#3) ;
#13110=PRODUCT_DEFINITION('',' ',#13109,#3) ;
#3=PRODUCT_DEFINITION_CONTEXT('part definition',#1,' ') ;
#16=PRODUCT_DEFINITION_SHAPE(' ',' ',#13) ;
#29=PRODUCT_DEFINITION_SHAPE(' ',' ',#28) ;
#37=PRODUCT_DEFINITION_SHAPE(' ',' ',#36) ;
#8557=PRODUCT_DEFINITION_SHAPE(' ',' ',#8556) ;
#8570=PRODUCT_DEFINITION_SHAPE(' ',' ',#8569) ;
#8589=PRODUCT_DEFINITION_SHAPE(' ',' ',#8588) ;
#12095=PRODUCT_DEFINITION_SHAPE(' ',' ',#12094) ;
#12114=PRODUCT_DEFINITION_SHAPE(' ',' ',#12113) ;
#13092=PRODUCT_DEFINITION_SHAPE(' ',' ',#13091) ;
#13111=PRODUCT_DEFINITION_SHAPE(' ',' ',#13110) ;
#13952=PRODUCT_DEFINITION_SHAPE(' ',' ',#13951) ;
#13965=PRODUCT_DEFINITION_SHAPE(' ',' ',#13964) ;
#13978=PRODUCT_DEFINITION_SHAPE(' ',' ',#13977) ;
#13991=PRODUCT_DEFINITION_SHAPE(' ',' ',#13990) ;
#14003=MECHANICAL_DESIGN_GEOMETRIC_PRESENTATION_REPRESENTATION(' ',(#95,#2483,#2508,#4598,#4616,#4639,#4657,#4675,#4693,#4711,#4724,#4742,#4760,#4778,#4796,#4814,#4832,#4850,#4868,#4886,#4904,#4922,#4940,#4958,#4976,#4994,#5012,#5030,#5048,#5066,#5084,#5102,#5120,#5138,#5156,#5174,#5192,#5210,#5228,#5246,#5264,#5282,#5300,#5318,#5336,#5354,#5372,#5390,#5408,#5426,#5444,#5462,#5480,#5498,#5516,#5534,#5552,#5570,#5588,#5606,#5624,#5642,#5660,#5678,#5696,#5714,#5732,#5750,#5768,#5786,#5804,#5822,#5840,#5858,#5876,#5894,#5912,#5930,#5948,#5966,#5984,#6002,#6020,#6038,#6056,#6074,#6092,#6110,#6128,#6146,#6164,#6182,#6200,#6218,#6236,#6254,#6272,#6290,#6308,#6326,#6344,#6362,#6380,#6398,#6416,#6434,#6452,#6470,#6488,#6506,#6524,#6542,#6560,#6578,#6596,#6614,#6632,#6650,#6668,#6686,#6704,#6722,#6740,#6758,#6776,#6794,#6812,#6830,#6848,#6866,#6884,#6902,#6920,#6938,#6956,#6974,#6992,#7010,#7028,#7046,#7064,#7082,#7100,#7118,#7136,#7154,#7172,#7190,#7208,#7226,#7244,#7262,#7280,#7298,#7316,#7334,#7352,#7370,#7388,#7406,#7424,#7442,#7460,#7478,#7496,#7514,#7532,#7550,#7568,#7586,#7604,#7622,#7640,#7658,#7676,#7694,#7712,#7730,#7748,#7766,#7784,#7802,#7820,#7838,#7856,#7874,#7892,#7910,#7928,#7946,#7964,#7982,#8000,#8018,#8036,#8054,#8072,#8090,#8108,#8126,#8144,#8162,#8180,#8198,#8216,#8234,#8252,#8270,#8288,#8306,#8324,#8342,#8360,#8378,#8396,#8414,#8432,#8450,#8468,#8486,#8504,#8522,#8540,#8553,#46,#8640,#9098,#9123,#9562,#9580,#9612,#9640,#9665,#9690,#9715,#9740,#9765,#9783,#9806,#9819,#9842,#9855,#9878,#9891,#9914,#9927,#9945,#9963,#9981,#9999,#10017,#10035,#10053,#10071,#10089,#10107,#10125,#10143,#10156,#10188,#10213,#10238,#10263,#10288,#10313,#10338,#10356,#10487,#10618,#10666,#10691,#10732,#10757,#10798,#10823,#10864,#10882,#10930,#10955,#10996,#11021,#11062,#11088,#11129,#11147,#11165,#11183,#11220,#11238,#11275,#11312,#11330,#11367,#11385,#11422,#11440,#11458,#11495,#11513,#11550,#11587,#11605,#11623,#11667,#11685,#11729,#11759,#11777,#11807,#11825,#11836,#11854,#11872,#11889,#11907,#11924,#11935,#11953,#11971,#11984,#12003,#12021,#12033,#12051,#12069,#12080,#12091,#8591,#12165,#12475,#12493,#12531,#12563,#12588,#12613,#12638,#12663,#12688,#12713,#12731,#12763,#12781,#12813,#12831,#12863,#12881,#12905,#12980,#13003,#13016,#13039,#13052,#13075,#13088,#12116,#13168,#13322,#13359,#13500,#13532,#13569,#13588,#13612,#13630,#13644,#13663,#13687,#13705,#13737,#13762,#13775,#13807,#13825,#13863,#13887,#13919,#13937,#13948,#13113),#21) ;
#15=SHAPE_REPRESENTATION(' ',(#8574,#12099,#13096,#13956,#13969,#13982,#13995),#21) ;
#24=SHAPE_REPRESENTATION(' ',(#8561,#8575),#23) ;
#32=SHAPE_REPRESENTATION(' ',(#8562),#31) ;
#8584=SHAPE_REPRESENTATION(' ',(#12100),#8583) ;
#12109=SHAPE_REPRESENTATION(' ',(#13097),#12108) ;
#13106=SHAPE_REPRESENTATION(' ',(#13957,#13970,#13983,#13996),#13105) ;
#8560=ITEM_DEFINED_TRANSFORMATION(' ',' ',#8562,#8561) ;
#8573=ITEM_DEFINED_TRANSFORMATION(' ',' ',#8575,#8574) ;
#12098=ITEM_DEFINED_TRANSFORMATION(' ',' ',#12100,#12099) ;
#13095=ITEM_DEFINED_TRANSFORMATION(' ',' ',#13097,#13096) ;
#13955=ITEM_DEFINED_TRANSFORMATION(' ',' ',#13957,#13956) ;
#13968=ITEM_DEFINED_TRANSFORMATION(' ',' ',#13970,#13969) ;
#13981=ITEM_DEFINED_TRANSFORMATION(' ',' ',#13983,#13982) ;
#13994=ITEM_DEFINED_TRANSFORMATION(' ',' ',#13996,#13995) ;
#51=AXIS2_PLACEMENT_3D('Cylinder Axis2P3D',#48,#49,#50) ;
#55=AXIS2_PLACEMENT_3D('Circle Axis2P3D',#53,#54,$) ;
#71=AXIS2_PLACEMENT_3D('Circle Axis2P3D',#69,#70,$) ;
#99=AXIS2_PLACEMENT_3D('Plane Axis2P3D',#96,#97,#98) ;
#143=AXIS2_PLACEMENT_3D('Circle Axis2P3D',#141,#142,$) ;
#150=AXIS2_PLACEMENT_3D('Circle Axis2P3D',#148,#149,$) ;
#157=AXIS2_PLACEMENT_3D('Circle Axis2P3D',#155,#156,$) ;
#180=AXIS2_PLACEMENT_3D('Circle Axis2P3D',#178,#179,$) ;
#185=AXIS2_PLACEMENT_3D('Circle Axis2P3D',#183,#184,$) ;
#208=AXIS2_PLACEMENT_3D('Circle Axis2P3D',#206,#207,$) ;
#215=AXIS2_PLACEMENT_3D('Circle Axis2P3D',#213,#214,$) ;
#222=AXIS2_PLACEMENT_3D('Circle Axis2P3D',#220,#221,$) ;
#271=AXIS2_PLACEMENT_3D('Circle Axis2P3D',#269,#270,$) ;
#579=AXIS2_PLACEMENT_3D('Circle Axis2P3D',#577,#578,$) ;
#599=AXIS2_PLACEMENT_3D('Circle Axis2P3D',#597,#598,$) ;
#672=AXIS2_PLACEMENT_3D('Circle Axis2P3D',#670,#671,$) ;
#695=AXIS2_PLACEMENT_3D('Circle Axis2P3D',#693,#694,$) ;
#702=AXIS2_PLACEMENT_3D('Circle Axis2P3D',#700,#701,$) ;
#709=AXIS2_PLACEMENT_3D('Circle Axis2P3D',#707,#708,$) ;
#716=AXIS2_PLACEMENT_3D('Circle Axis2P3D',#714,#715,$) ;
#739=AXIS2_PLACEMENT_3D('Circle Axis2P3D',#737,#738,$) ;
#746=AXIS2_PLACEMENT_3D('Circle Axis2P3D',#744,#745,$) ;
#753=AXIS2_PLACEMENT_3D('Circle Axis2P3D',#751,#752,$) ;
#760=AXIS2_PLACEMENT_3D('Circle Axis2P3D',#758,#759,$) ;
#783=AXIS2_PLACEMENT_3D('Circle Axis2P3D',#781,#782,$) ;
#790=AXIS2_PLACEMENT_3D('Circle Axis2P3D',#788,#789,$) ;
#797=AXIS2_PLACEMENT_3D('Circle Axis2P3D',#795,#796,$) ;
#804=AXIS2_PLACEMENT_3D('Circle Axis2P3D',#802,#803,$) ;
#857=AXIS2_PLACEMENT_3D('Circle Axis2P3D',#855,#856,$) ;
#871=AXIS2_PLACEMENT_3D('Circle Axis2P3D',#869,#870,$) ;
#1113=AXIS2_PLACEMENT_3D('Circle Axis2P3D',#1111,#1112,$) ;
#1203=AXIS2_PLACEMENT_3D('Circle Axis2P3D',#1201,#1202,$) ;
#1445=AXIS2_PLACEMENT_3D('Circle Axis2P3D',#1443,#1444,$) ;
#1459=AXIS2_PLACEMENT_3D('Circle Axis2P3D',#1457,#1458,$) ;
#1512=AXIS2_PLACEMENT_3D('Circle Axis2P3D',#1510,#1511,$) ;
#1519=AXIS2_PLACEMENT_3D('Circle Axis2P3D',#1517,#1518,$) ;
#1526=AXIS2_PLACEMENT_3D('Circle Axis2P3D',#1524,#1525,$) ;
#1533=AXIS2_PLACEMENT_3D('Circle Axis2P3D',#1531,#1532,$) ;
#1556=AXIS2_PLACEMENT_3D('Circle Axis2P3D',#1554,#1555,$) ;
#1563=AXIS2_PLACEMENT_3D('Circle Axis2P3D',#1561,#1562,$) ;
#1570=AXIS2_PLACEMENT_3D('Circle Axis2P3D',#1568,#1569,$) ;
#1577=AXIS2_PLACEMENT_3D('Circle Axis2P3D',#1575,#1576,$) ;
#1600=AXIS2_PLACEMENT_3D('Circle Axis2P3D',#1598,#1599,$) ;
#1607=AXIS2_PLACEMENT_3D('Circle Axis2P3D',#1605,#1606,$) ;
#1614=AXIS2_PLACEMENT_3D('Circle Axis2P3D',#1612,#1613,$) ;
#1621=AXIS2_PLACEMENT_3D('Circle Axis2P3D',#1619,#1620,$) ;
#1644=AXIS2_PLACEMENT_3D('Circle Axis2P3D',#1642,#1643,$) ;
#1717=AXIS2_PLACEMENT_3D('Circle Axis2P3D',#1715,#1716,$) ;
#1737=AXIS2_PLACEMENT_3D('Circle Axis2P3D',#1735,#1736,$) ;
#2045=AXIS2_PLACEMENT_3D('Circle Axis2P3D',#2043,#2044,$) ;
#2094=AXIS2_PLACEMENT_3D('Circle Axis2P3D',#2092,#2093,$) ;
#2101=AXIS2_PLACEMENT_3D('Circle Axis2P3D',#2099,#2100,$) ;
#2108=AXIS2_PLACEMENT_3D('Circle Axis2P3D',#2106,#2107,$) ;
#2131=AXIS2_PLACEMENT_3D('Circle Axis2P3D',#2129,#2130,$) ;
#2138=AXIS2_PLACEMENT_3D('Circle Axis2P3D',#2136,#2137,$) ;
#2145=AXIS2_PLACEMENT_3D('Circle Axis2P3D',#2143,#2144,$) ;
#2168=AXIS2_PLACEMENT_3D('Circle Axis2P3D',#2166,#2167,$) ;
#2175=AXIS2_PLACEMENT_3D('Circle Axis2P3D',#2173,#2174,$) ;
#2182=AXIS2_PLACEMENT_3D('Circle Axis2P3D',#2180,#2181,$) ;
#2234=AXIS2_PLACEMENT_3D('Circle Axis2P3D',#2232,#2233,$) ;
#2248=AXIS2_PLACEMENT_3D('Circle Axis2P3D',#2246,#2247,$) ;
#2487=AXIS2_PLACEMENT_3D('Cylinder Axis2P3D',#2484,#2485,#2486) ;
#2498=AXIS2_PLACEMENT_3D('Circle Axis2P3D',#2496,#2497,$) ;
#2512=AXIS2_PLACEMENT_3D('Plane Axis2P3D',#2509,#2510,#2511) ;
#2516=AXIS2_PLACEMENT_3D('Circle Axis2P3D',#2514,#2515,$) ;
#2584=AXIS2_PLACEMENT_3D('Circle Axis2P3D',#2582,#2583,$) ;
#2591=AXIS2_PLACEMENT_3D('Circle Axis2P3D',#2589,#2590,$) ;
#2634=AXIS2_PLACEMENT_3D('Circle Axis2P3D',#2632,#2633,$) ;
#2677=AXIS2_PLACEMENT_3D('Circle Axis2P3D',#2675,#2676,$) ;
#2720=AXIS2_PLACEMENT_3D('Circle Axis2P3D',#2718,#2719,$) ;
#2734=AXIS2_PLACEMENT_3D('Circle Axis2P3D',#2732,#2733,$) ;
#3068=AXIS2_PLACEMENT_3D('Circle Axis2P3D',#3066,#3067,$) ;
#3095=AXIS2_PLACEMENT_3D('Circle Axis2P3D',#3093,#3094,$) ;
#3109=AXIS2_PLACEMENT_3D('Circle Axis2P3D',#3107,#3108,$) ;
#3123=AXIS2_PLACEMENT_3D('Circle Axis2P3D',#3121,#3122,$) ;
#3143=AXIS2_PLACEMENT_3D('Circle Axis2P3D',#3141,#3142,$) ;
#3196=AXIS2_PLACEMENT_3D('Circle Axis2P3D',#3194,#3195,$) ;
#3249=AXIS2_PLACEMENT_3D('Circle Axis2P3D',#3247,#3248,$) ;
#3299=AXIS2_PLACEMENT_3D('Circle Axis2P3D',#3297,#3298,$) ;
#3313=AXIS2_PLACEMENT_3D('Circle Axis2P3D',#3311,#3312,$) ;
#3376=AXIS2_PLACEMENT_3D('Circle Axis2P3D',#3374,#3375,$) ;
#3390=AXIS2_PLACEMENT_3D('Circle Axis2P3D',#3388,#3389,$) ;
#3404=AXIS2_PLACEMENT_3D('Circle Axis2P3D',#3402,#3403,$) ;
#3418=AXIS2_PLACEMENT_3D('Circle Axis2P3D',#3416,#3417,$) ;
#3432=AXIS2_PLACEMENT_3D('Circle Axis2P3D',#3430,#3431,$) ;
#3446=AXIS2_PLACEMENT_3D('Circle Axis2P3D',#3444,#3445,$) ;
#3486=AXIS2_PLACEMENT_3D('Circle Axis2P3D',#3484,#3485,$) ;
#3500=AXIS2_PLACEMENT_3D('Circle Axis2P3D',#3498,#3499,$) ;
#3540=AXIS2_PLACEMENT_3D('Circle Axis2P3D',#3538,#3539,$) ;
#3554=AXIS2_PLACEMENT_3D('Circle Axis2P3D',#3552,#3553,$) ;
#3568=AXIS2_PLACEMENT_3D('Circle Axis2P3D',#3566,#3567,$) ;
#3582=AXIS2_PLACEMENT_3D('Circle Axis2P3D',#3580,#3581,$) ;
#3596=AXIS2_PLACEMENT_3D('Circle Axis2P3D',#3594,#3595,$) ;
#3610=AXIS2_PLACEMENT_3D('Circle Axis2P3D',#3608,#3609,$) ;
#3673=AXIS2_PLACEMENT_3D('Circle Axis2P3D',#3671,#3672,$) ;
#3687=AXIS2_PLACEMENT_3D('Circle Axis2P3D',#3685,#3686,$) ;
#3737=AXIS2_PLACEMENT_3D('Circle Axis2P3D',#3735,#3736,$) ;
#3790=AXIS2_PLACEMENT_3D('Circle Axis2P3D',#3788,#3789,$) ;
#3843=AXIS2_PLACEMENT_3D('Circle Axis2P3D',#3841,#3842,$) ;
#3863=AXIS2_PLACEMENT_3D('Circle Axis2P3D',#3861,#3862,$) ;
#3877=AXIS2_PLACEMENT_3D('Circle Axis2P3D',#3875,#3876,$) ;
#3891=AXIS2_PLACEMENT_3D('Circle Axis2P3D',#3889,#3890,$) ;
#3918=AXIS2_PLACEMENT_3D('Circle Axis2P3D',#3916,#3917,$) ;
#4252=AXIS2_PLACEMENT_3D('Circle Axis2P3D',#4250,#4251,$) ;
#4266=AXIS2_PLACEMENT_3D('Circle Axis2P3D',#4264,#4265,$) ;
#4309=AXIS2_PLACEMENT_3D('Circle Axis2P3D',#4307,#4308,$) ;
#4327=AXIS2_PLACEMENT_3D('Circle Axis2P3D',#4325,#4326,$) ;
#4370=AXIS2_PLACEMENT_3D('Circle Axis2P3D',#4368,#4369,$) ;
#4602=AXIS2_PLACEMENT_3D('Cylinder Axis2P3D',#4599,#4600,#4601) ;
#4620=AXIS2_PLACEMENT_3D('Cylinder Axis2P3D',#4617,#4618,#4619) ;
#4643=AXIS2_PLACEMENT_3D('Cylinder Axis2P3D',#4640,#4641,#4642) ;
#4661=AXIS2_PLACEMENT_3D('Cylinder Axis2P3D',#4658,#4659,#4660) ;
#4679=AXIS2_PLACEMENT_3D('Cylinder Axis2P3D',#4676,#4677,#4678) ;
#4697=AXIS2_PLACEMENT_3D('Cylinder Axis2P3D',#4694,#4695,#4696) ;
#4715=AXIS2_PLACEMENT_3D('Cylinder Axis2P3D',#4712,#4713,#4714) ;
#4728=AXIS2_PLACEMENT_3D('Cylinder Axis2P3D',#4725,#4726,#4727) ;
#4746=AXIS2_PLACEMENT_3D('Cylinder Axis2P3D',#4743,#4744,#4745) ;
#4764=AXIS2_PLACEMENT_3D('Cylinder Axis2P3D',#4761,#4762,#4763) ;
#4782=AXIS2_PLACEMENT_3D('Cylinder Axis2P3D',#4779,#4780,#4781) ;
#4800=AXIS2_PLACEMENT_3D('Cylinder Axis2P3D',#4797,#4798,#4799) ;
#4818=AXIS2_PLACEMENT_3D('Plane Axis2P3D',#4815,#4816,#4817) ;
#4836=AXIS2_PLACEMENT_3D('Cylinder Axis2P3D',#4833,#4834,#4835) ;
#4854=AXIS2_PLACEMENT_3D('Cylinder Axis2P3D',#4851,#4852,#4853) ;
#4872=AXIS2_PLACEMENT_3D('Plane Axis2P3D',#4869,#4870,#4871) ;
#4890=AXIS2_PLACEMENT_3D('Plane Axis2P3D',#4887,#4888,#4889) ;
#4908=AXIS2_PLACEMENT_3D('Plane Axis2P3D',#4905,#4906,#4907) ;
#4926=AXIS2_PLACEMENT_3D('Plane Axis2P3D',#4923,#4924,#4925) ;
#4944=AXIS2_PLACEMENT_3D('Plane Axis2P3D',#4941,#4942,#4943) ;
#4962=AXIS2_PLACEMENT_3D('Plane Axis2P3D',#4959,#4960,#4961) ;
#4980=AXIS2_PLACEMENT_3D('Plane Axis2P3D',#4977,#4978,#4979) ;
#4998=AXIS2_PLACEMENT_3D('Plane Axis2P3D',#4995,#4996,#4997) ;
#5016=AXIS2_PLACEMENT_3D('Plane Axis2P3D',#5013,#5014,#5015) ;
#5034=AXIS2_PLACEMENT_3D('Plane Axis2P3D',#5031,#5032,#5033) ;
#5052=AXIS2_PLACEMENT_3D('Plane Axis2P3D',#5049,#5050,#5051) ;
#5070=AXIS2_PLACEMENT_3D('Plane Axis2P3D',#5067,#5068,#5069) ;
#5088=AXIS2_PLACEMENT_3D('Plane Axis2P3D',#5085,#5086,#5087) ;
#5106=AXIS2_PLACEMENT_3D('Plane Axis2P3D',#5103,#5104,#5105) ;
#5124=AXIS2_PLACEMENT_3D('Plane Axis2P3D',#5121,#5122,#5123) ;
#5142=AXIS2_PLACEMENT_3D('Plane Axis2P3D',#5139,#5140,#5141) ;
#5160=AXIS2_PLACEMENT_3D('Plane Axis2P3D',#5157,#5158,#5159) ;
#5178=AXIS2_PLACEMENT_3D('Plane Axis2P3D',#5175,#5176,#5177) ;
#5196=AXIS2_PLACEMENT_3D('Plane Axis2P3D',#5193,#5194,#5195) ;
#5214=AXIS2_PLACEMENT_3D('Plane Axis2P3D',#5211,#5212,#5213) ;
#5232=AXIS2_PLACEMENT_3D('Plane Axis2P3D',#5229,#5230,#5231) ;
#5250=AXIS2_PLACEMENT_3D('Plane Axis2P3D',#5247,#5248,#5249) ;
#5268=AXIS2_PLACEMENT_3D('Plane Axis2P3D',#5265,#5266,#5267) ;
#5286=AXIS2_PLACEMENT_3D('Plane Axis2P3D',#5283,#5284,#5285) ;
#5304=AXIS2_PLACEMENT_3D('Plane Axis2P3D',#5301,#5302,#5303) ;
#5322=AXIS2_PLACEMENT_3D('Plane Axis2P3D',#5319,#5320,#5321) ;
#5340=AXIS2_PLACEMENT_3D('Plane Axis2P3D',#5337,#5338,#5339) ;
#5358=AXIS2_PLACEMENT_3D('Plane Axis2P3D',#5355,#5356,#5357) ;
#5376=AXIS2_PLACEMENT_3D('Plane Axis2P3D',#5373,#5374,#5375) ;
#5394=AXIS2_PLACEMENT_3D('Plane Axis2P3D',#5391,#5392,#5393) ;
#5412=AXIS2_PLACEMENT_3D('Plane Axis2P3D',#5409,#5410,#5411) ;
#5430=AXIS2_PLACEMENT_3D('Plane Axis2P3D',#5427,#5428,#5429) ;
#5448=AXIS2_PLACEMENT_3D('Plane Axis2P3D',#5445,#5446,#5447) ;
#5466=AXIS2_PLACEMENT_3D('Plane Axis2P3D',#5463,#5464,#5465) ;
#5484=AXIS2_PLACEMENT_3D('Plane Axis2P3D',#5481,#5482,#5483) ;
#5502=AXIS2_PLACEMENT_3D('Plane Axis2P3D',#5499,#5500,#5501) ;
#5520=AXIS2_PLACEMENT_3D('Plane Axis2P3D',#5517,#5518,#5519) ;
#5538=AXIS2_PLACEMENT_3D('Plane Axis2P3D',#5535,#5536,#5537) ;
#5556=AXIS2_PLACEMENT_3D('Plane Axis2P3D',#5553,#5554,#5555) ;
#5574=AXIS2_PLACEMENT_3D('Plane Axis2P3D',#5571,#5572,#5573) ;
#5592=AXIS2_PLACEMENT_3D('Plane Axis2P3D',#5589,#5590,#5591) ;
#5610=AXIS2_PLACEMENT_3D('Plane Axis2P3D',#5607,#5608,#5609) ;
#5628=AXIS2_PLACEMENT_3D('Plane Axis2P3D',#5625,#5626,#5627) ;
#5646=AXIS2_PLACEMENT_3D('Cylinder Axis2P3D',#5643,#5644,#5645) ;
#5664=AXIS2_PLACEMENT_3D('Cylinder Axis2P3D',#5661,#5662,#5663) ;
#5682=AXIS2_PLACEMENT_3D('Cylinder Axis2P3D',#5679,#5680,#5681) ;
#5700=AXIS2_PLACEMENT_3D('Plane Axis2P3D',#5697,#5698,#5699) ;
#5718=AXIS2_PLACEMENT_3D('Cylinder Axis2P3D',#5715,#5716,#5717) ;
#5736=AXIS2_PLACEMENT_3D('Plane Axis2P3D',#5733,#5734,#5735) ;
#5754=AXIS2_PLACEMENT_3D('Cylinder Axis2P3D',#5751,#5752,#5753) ;
#5772=AXIS2_PLACEMENT_3D('Plane Axis2P3D',#5769,#5770,#5771) ;
#5790=AXIS2_PLACEMENT_3D('Cylinder Axis2P3D',#5787,#5788,#5789) ;
#5808=AXIS2_PLACEMENT_3D('Cylinder Axis2P3D',#5805,#5806,#5807) ;
#5826=AXIS2_PLACEMENT_3D('Cylinder Axis2P3D',#5823,#5824,#5825) ;
#5844=AXIS2_PLACEMENT_3D('Cylinder Axis2P3D',#5841,#5842,#5843) ;
#5862=AXIS2_PLACEMENT_3D('Cylinder Axis2P3D',#5859,#5860,#5861) ;
#5880=AXIS2_PLACEMENT_3D('Cylinder Axis2P3D',#5877,#5878,#5879) ;
#5898=AXIS2_PLACEMENT_3D('Cylinder Axis2P3D',#5895,#5896,#5897) ;
#5916=AXIS2_PLACEMENT_3D('Cylinder Axis2P3D',#5913,#5914,#5915) ;
#5934=AXIS2_PLACEMENT_3D('Cylinder Axis2P3D',#5931,#5932,#5933) ;
#5952=AXIS2_PLACEMENT_3D('Cylinder Axis2P3D',#5949,#5950,#5951) ;
#5970=AXIS2_PLACEMENT_3D('Cylinder Axis2P3D',#5967,#5968,#5969) ;
#5988=AXIS2_PLACEMENT_3D('Cylinder Axis2P3D',#5985,#5986,#5987) ;
#6006=AXIS2_PLACEMENT_3D('Cylinder Axis2P3D',#6003,#6004,#6005) ;
#6024=AXIS2_PLACEMENT_3D('Cylinder Axis2P3D',#6021,#6022,#6023) ;
#6042=AXIS2_PLACEMENT_3D('Cylinder Axis2P3D',#6039,#6040,#6041) ;
#6060=AXIS2_PLACEMENT_3D('Cylinder Axis2P3D',#6057,#6058,#6059) ;
#6078=AXIS2_PLACEMENT_3D('Cylinder Axis2P3D',#6075,#6076,#6077) ;
#6096=AXIS2_PLACEMENT_3D('Cylinder Axis2P3D',#6093,#6094,#6095) ;
#6114=AXIS2_PLACEMENT_3D('Plane Axis2P3D',#6111,#6112,#6113) ;
#6132=AXIS2_PLACEMENT_3D('Cylinder Axis2P3D',#6129,#6130,#6131) ;
#6150=AXIS2_PLACEMENT_3D('Plane Axis2P3D',#6147,#6148,#6149) ;
#6168=AXIS2_PLACEMENT_3D('Cylinder Axis2P3D',#6165,#6166,#6167) ;
#6186=AXIS2_PLACEMENT_3D('Plane Axis2P3D',#6183,#6184,#6185) ;
#6204=AXIS2_PLACEMENT_3D('Cylinder Axis2P3D',#6201,#6202,#6203) ;
#6222=AXIS2_PLACEMENT_3D('Plane Axis2P3D',#6219,#6220,#6221) ;
#6240=AXIS2_PLACEMENT_3D('Cylinder Axis2P3D',#6237,#6238,#6239) ;
#6258=AXIS2_PLACEMENT_3D('Plane Axis2P3D',#6255,#6256,#6257) ;
#6276=AXIS2_PLACEMENT_3D('Cylinder Axis2P3D',#6273,#6274,#6275) ;
#6294=AXIS2_PLACEMENT_3D('Plane Axis2P3D',#6291,#6292,#6293) ;
#6312=AXIS2_PLACEMENT_3D('Cylinder Axis2P3D',#6309,#6310,#6311) ;
#6330=AXIS2_PLACEMENT_3D('Plane Axis2P3D',#6327,#6328,#6329) ;
#6348=AXIS2_PLACEMENT_3D('Cylinder Axis2P3D',#6345,#6346,#6347) ;
#6366=AXIS2_PLACEMENT_3D('Plane Axis2P3D',#6363,#6364,#6365) ;
#6384=AXIS2_PLACEMENT_3D('Cylinder Axis2P3D',#6381,#6382,#6383) ;
#6402=AXIS2_PLACEMENT_3D('Plane Axis2P3D',#6399,#6400,#6401) ;
#6420=AXIS2_PLACEMENT_3D('Cylinder Axis2P3D',#6417,#6418,#6419) ;
#6438=AXIS2_PLACEMENT_3D('Plane Axis2P3D',#6435,#6436,#6437) ;
#6456=AXIS2_PLACEMENT_3D('Cylinder Axis2P3D',#6453,#6454,#6455) ;
#6474=AXIS2_PLACEMENT_3D('Plane Axis2P3D',#6471,#6472,#6473) ;
#6492=AXIS2_PLACEMENT_3D('Cylinder Axis2P3D',#6489,#6490,#6491) ;
#6510=AXIS2_PLACEMENT_3D('Plane Axis2P3D',#6507,#6508,#6509) ;
#6528=AXIS2_PLACEMENT_3D('Cylinder Axis2P3D',#6525,#6526,#6527) ;
#6546=AXIS2_PLACEMENT_3D('Plane Axis2P3D',#6543,#6544,#6545) ;
#6564=AXIS2_PLACEMENT_3D('Cylinder Axis2P3D',#6561,#6562,#6563) ;
#6582=AXIS2_PLACEMENT_3D('Plane Axis2P3D',#6579,#6580,#6581) ;
#6600=AXIS2_PLACEMENT_3D('Cylinder Axis2P3D',#6597,#6598,#6599) ;
#6618=AXIS2_PLACEMENT_3D('Plane Axis2P3D',#6615,#6616,#6617) ;
#6636=AXIS2_PLACEMENT_3D('Cylinder Axis2P3D',#6633,#6634,#6635) ;
#6654=AXIS2_PLACEMENT_3D('Plane Axis2P3D',#6651,#6652,#6653) ;
#6672=AXIS2_PLACEMENT_3D('Cylinder Axis2P3D',#6669,#6670,#6671) ;
#6690=AXIS2_PLACEMENT_3D('Plane Axis2P3D',#6687,#6688,#6689) ;
#6708=AXIS2_PLACEMENT_3D('Cylinder Axis2P3D',#6705,#6706,#6707) ;
#6726=AXIS2_PLACEMENT_3D('Plane Axis2P3D',#6723,#6724,#6725) ;
#6744=AXIS2_PLACEMENT_3D('Cylinder Axis2P3D',#6741,#6742,#6743) ;
#6762=AXIS2_PLACEMENT_3D('Plane Axis2P3D',#6759,#6760,#6761) ;
#6780=AXIS2_PLACEMENT_3D('Cylinder Axis2P3D',#6777,#6778,#6779) ;
#6798=AXIS2_PLACEMENT_3D('Plane Axis2P3D',#6795,#6796,#6797) ;
#6816=AXIS2_PLACEMENT_3D('Cylinder Axis2P3D',#6813,#6814,#6815) ;
#6834=AXIS2_PLACEMENT_3D('Plane Axis2P3D',#6831,#6832,#6833) ;
#6852=AXIS2_PLACEMENT_3D('Cylinder Axis2P3D',#6849,#6850,#6851) ;
#6870=AXIS2_PLACEMENT_3D('Plane Axis2P3D',#6867,#6868,#6869) ;
#6888=AXIS2_PLACEMENT_3D('Cylinder Axis2P3D',#6885,#6886,#6887) ;
#6906=AXIS2_PLACEMENT_3D('Plane Axis2P3D',#6903,#6904,#6905) ;
#6924=AXIS2_PLACEMENT_3D('Cylinder Axis2P3D',#6921,#6922,#6923) ;
#6942=AXIS2_PLACEMENT_3D('Cylinder Axis2P3D',#6939,#6940,#6941) ;
#6960=AXIS2_PLACEMENT_3D('Cylinder Axis2P3D',#6957,#6958,#6959) ;
#6978=AXIS2_PLACEMENT_3D('Cylinder Axis2P3D',#6975,#6976,#6977) ;
#6996=AXIS2_PLACEMENT_3D('Cylinder Axis2P3D',#6993,#6994,#6995) ;
#7014=AXIS2_PLACEMENT_3D('Cylinder Axis2P3D',#7011,#7012,#7013) ;
#7032=AXIS2_PLACEMENT_3D('Cylinder Axis2P3D',#7029,#7030,#7031) ;
#7050=AXIS2_PLACEMENT_3D('Cylinder Axis2P3D',#7047,#7048,#7049) ;
#7068=AXIS2_PLACEMENT_3D('Cylinder Axis2P3D',#7065,#7066,#7067) ;
#7086=AXIS2_PLACEMENT_3D('Cylinder Axis2P3D',#7083,#7084,#7085) ;
#7104=AXIS2_PLACEMENT_3D('Cylinder Axis2P3D',#7101,#7102,#7103) ;
#7122=AXIS2_PLACEMENT_3D('Cylinder Axis2P3D',#7119,#7120,#7121) ;
#7140=AXIS2_PLACEMENT_3D('Cylinder Axis2P3D',#7137,#7138,#7139) ;
#7158=AXIS2_PLACEMENT_3D('Cylinder Axis2P3D',#7155,#7156,#7157) ;
#7176=AXIS2_PLACEMENT_3D('Cylinder Axis2P3D',#7173,#7174,#7175) ;
#7194=AXIS2_PLACEMENT_3D('Cylinder Axis2P3D',#7191,#7192,#7193) ;
#7212=AXIS2_PLACEMENT_3D('Cylinder Axis2P3D',#7209,#7210,#7211) ;
#7230=AXIS2_PLACEMENT_3D('Cylinder Axis2P3D',#7227,#7228,#7229) ;
#7248=AXIS2_PLACEMENT_3D('Plane Axis2P3D',#7245,#7246,#7247) ;
#7266=AXIS2_PLACEMENT_3D('Cylinder Axis2P3D',#7263,#7264,#7265) ;
#7284=AXIS2_PLACEMENT_3D('Plane Axis2P3D',#7281,#7282,#7283) ;
#7302=AXIS2_PLACEMENT_3D('Cylinder Axis2P3D',#7299,#7300,#7301) ;
#7320=AXIS2_PLACEMENT_3D('Plane Axis2P3D',#7317,#7318,#7319) ;
#7338=AXIS2_PLACEMENT_3D('Cylinder Axis2P3D',#7335,#7336,#7337) ;
#7356=AXIS2_PLACEMENT_3D('Cylinder Axis2P3D',#7353,#7354,#7355) ;
#7374=AXIS2_PLACEMENT_3D('Cylinder Axis2P3D',#7371,#7372,#7373) ;
#7392=AXIS2_PLACEMENT_3D('Plane Axis2P3D',#7389,#7390,#7391) ;
#7410=AXIS2_PLACEMENT_3D('Plane Axis2P3D',#7407,#7408,#7409) ;
#7428=AXIS2_PLACEMENT_3D('Plane Axis2P3D',#7425,#7426,#7427) ;
#7446=AXIS2_PLACEMENT_3D('Plane Axis2P3D',#7443,#7444,#7445) ;
#7464=AXIS2_PLACEMENT_3D('Plane Axis2P3D',#7461,#7462,#7463) ;
#7482=AXIS2_PLACEMENT_3D('Plane Axis2P3D',#7479,#7480,#7481) ;
#7500=AXIS2_PLACEMENT_3D('Plane Axis2P3D',#7497,#7498,#7499) ;
#7518=AXIS2_PLACEMENT_3D('Plane Axis2P3D',#7515,#7516,#7517) ;
#7536=AXIS2_PLACEMENT_3D('Plane Axis2P3D',#7533,#7534,#7535) ;
#7554=AXIS2_PLACEMENT_3D('Plane Axis2P3D',#7551,#7552,#7553) ;
#7572=AXIS2_PLACEMENT_3D('Plane Axis2P3D',#7569,#7570,#7571) ;
#7590=AXIS2_PLACEMENT_3D('Plane Axis2P3D',#7587,#7588,#7589) ;
#7608=AXIS2_PLACEMENT_3D('Plane Axis2P3D',#7605,#7606,#7607) ;
#7626=AXIS2_PLACEMENT_3D('Plane Axis2P3D',#7623,#7624,#7625) ;
#7644=AXIS2_PLACEMENT_3D('Plane Axis2P3D',#7641,#7642,#7643) ;
#7662=AXIS2_PLACEMENT_3D('Plane Axis2P3D',#7659,#7660,#7661) ;
#7680=AXIS2_PLACEMENT_3D('Plane Axis2P3D',#7677,#7678,#7679) ;
#7698=AXIS2_PLACEMENT_3D('Plane Axis2P3D',#7695,#7696,#7697) ;
#7716=AXIS2_PLACEMENT_3D('Plane Axis2P3D',#7713,#7714,#7715) ;
#7734=AXIS2_PLACEMENT_3D('Plane Axis2P3D',#7731,#7732,#7733) ;
#7752=AXIS2_PLACEMENT_3D('Plane Axis2P3D',#7749,#7750,#7751) ;
#7770=AXIS2_PLACEMENT_3D('Plane Axis2P3D',#7767,#7768,#7769) ;
#7788=AXIS2_PLACEMENT_3D('Plane Axis2P3D',#7785,#7786,#7787) ;
#7806=AXIS2_PLACEMENT_3D('Plane Axis2P3D',#7803,#7804,#7805) ;
#7824=AXIS2_PLACEMENT_3D('Plane Axis2P3D',#7821,#7822,#7823) ;
#7842=AXIS2_PLACEMENT_3D('Plane Axis2P3D',#7839,#7840,#7841) ;
#7860=AXIS2_PLACEMENT_3D('Plane Axis2P3D',#7857,#7858,#7859) ;
#7878=AXIS2_PLACEMENT_3D('Plane Axis2P3D',#7875,#7876,#7877) ;
#7896=AXIS2_PLACEMENT_3D('Plane Axis2P3D',#7893,#7894,#7895) ;
#7914=AXIS2_PLACEMENT_3D('Plane Axis2P3D',#7911,#7912,#7913) ;
#7932=AXIS2_PLACEMENT_3D('Plane Axis2P3D',#7929,#7930,#7931) ;
#7950=AXIS2_PLACEMENT_3D('Plane Axis2P3D',#7947,#7948,#7949) ;
#7968=AXIS2_PLACEMENT_3D('Plane Axis2P3D',#7965,#7966,#7967) ;
#7986=AXIS2_PLACEMENT_3D('Plane Axis2P3D',#7983,#7984,#7985) ;
#8004=AXIS2_PLACEMENT_3D('Plane Axis2P3D',#8001,#8002,#8003) ;
#8022=AXIS2_PLACEMENT_3D('Plane Axis2P3D',#8019,#8020,#8021) ;
#8040=AXIS2_PLACEMENT_3D('Plane Axis2P3D',#8037,#8038,#8039) ;
#8058=AXIS2_PLACEMENT_3D('Plane Axis2P3D',#8055,#8056,#8057) ;
#8076=AXIS2_PLACEMENT_3D('Plane Axis2P3D',#8073,#8074,#8075) ;
#8094=AXIS2_PLACEMENT_3D('Plane Axis2P3D',#8091,#8092,#8093) ;
#8112=AXIS2_PLACEMENT_3D('Plane Axis2P3D',#8109,#8110,#8111) ;
#8130=AXIS2_PLACEMENT_3D('Plane Axis2P3D',#8127,#8128,#8129) ;
#8148=AXIS2_PLACEMENT_3D('Plane Axis2P3D',#8145,#8146,#8147) ;
#8166=AXIS2_PLACEMENT_3D('Cylinder Axis2P3D',#8163,#8164,#8165) ;
#8184=AXIS2_PLACEMENT_3D('Cylinder Axis2P3D',#8181,#8182,#8183) ;
#8202=AXIS2_PLACEMENT_3D('Plane Axis2P3D',#8199,#8200,#8201) ;
#8220=AXIS2_PLACEMENT_3D('Cylinder Axis2P3D',#8217,#8218,#8219) ;
#8238=AXIS2_PLACEMENT_3D('Cylinder Axis2P3D',#8235,#8236,#8237) ;
#8256=AXIS2_PLACEMENT_3D('Cylinder Axis2P3D',#8253,#8254,#8255) ;
#8274=AXIS2_PLACEMENT_3D('Cylinder Axis2P3D',#8271,#8272,#8273) ;
#8292=AXIS2_PLACEMENT_3D('Cylinder Axis2P3D',#8289,#8290,#8291) ;
#8310=AXIS2_PLACEMENT_3D('Cylinder Axis2P3D',#8307,#8308,#8309) ;
#8328=AXIS2_PLACEMENT_3D('Cylinder Axis2P3D',#8325,#8326,#8327) ;
#8346=AXIS2_PLACEMENT_3D('Cylinder Axis2P3D',#8343,#8344,#8345) ;
#8364=AXIS2_PLACEMENT_3D('Cylinder Axis2P3D',#8361,#8362,#8363) ;
#8382=AXIS2_PLACEMENT_3D('Cylinder Axis2P3D',#8379,#8380,#8381) ;
#8400=AXIS2_PLACEMENT_3D('Cylinder Axis2P3D',#8397,#8398,#8399) ;
#8418=AXIS2_PLACEMENT_3D('Cylinder Axis2P3D',#8415,#8416,#8417) ;
#8436=AXIS2_PLACEMENT_3D('Cylinder Axis2P3D',#8433,#8434,#8435) ;
#8454=AXIS2_PLACEMENT_3D('Cylinder Axis2P3D',#8451,#8452,#8453) ;
#8472=AXIS2_PLACEMENT_3D('Plane Axis2P3D',#8469,#8470,#8471) ;
#8490=AXIS2_PLACEMENT_3D('Cylinder Axis2P3D',#8487,#8488,#8489) ;
#8508=AXIS2_PLACEMENT_3D('Plane Axis2P3D',#8505,#8506,#8507) ;
#8526=AXIS2_PLACEMENT_3D('Cylinder Axis2P3D',#8523,#8524,#8525) ;
#8544=AXIS2_PLACEMENT_3D('Plane Axis2P3D',#8541,#8542,#8543) ;
#8561=AXIS2_PLACEMENT_3D(' ',#8564,#8568,#8567) ;
#8562=AXIS2_PLACEMENT_3D(' ',#8563,#8566,#8565) ;
#8574=AXIS2_PLACEMENT_3D(' ',#8577,#8581,#8580) ;
#8575=AXIS2_PLACEMENT_3D(' ',#8576,#8579,#8578) ;
#8596=AXIS2_PLACEMENT_3D('Plane Axis2P3D',#8593,#8594,#8595) ;
#8644=AXIS2_PLACEMENT_3D('Plane Axis2P3D',#8641,#8642,#8643) ;
#8985=AXIS2_PLACEMENT_3D('Circle Axis2P3D',#8983,#8984,$) ;
#9013=AXIS2_PLACEMENT_3D('Circle Axis2P3D',#9011,#9012,$) ;
#9041=AXIS2_PLACEMENT_3D('Circle Axis2P3D',#9039,#9040,$) ;
#9069=AXIS2_PLACEMENT_3D('Circle Axis2P3D',#9067,#9068,$) ;
#9102=AXIS2_PLACEMENT_3D('Plane Axis2P3D',#9099,#9100,#9101) ;
#9127=AXIS2_PLACEMENT_3D('Plane Axis2P3D',#9124,#9125,#9126) ;
#9131=AXIS2_PLACEMENT_3D('Circle Axis2P3D',#9129,#9130,$) ;
#9147=AXIS2_PLACEMENT_3D('Circle Axis2P3D',#9145,#9146,$) ;
#9161=AXIS2_PLACEMENT_3D('Circle Axis2P3D',#9159,#9160,$) ;
#9175=AXIS2_PLACEMENT_3D('Circle Axis2P3D',#9173,#9174,$) ;
#9566=AXIS2_PLACEMENT_3D('Plane Axis2P3D',#9563,#9564,#9565) ;
#9584=AXIS2_PLACEMENT_3D('Plane Axis2P3D',#9581,#9582,#9583) ;
#9616=AXIS2_PLACEMENT_3D('Cylinder Axis2P3D',#9613,#9614,#9615) ;
#9644=AXIS2_PLACEMENT_3D('Plane Axis2P3D',#9641,#9642,#9643) ;
#9669=AXIS2_PLACEMENT_3D('Cylinder Axis2P3D',#9666,#9667,#9668) ;
#9673=AXIS2_PLACEMENT_3D('Circle Axis2P3D',#9671,#9672,$) ;
#9694=AXIS2_PLACEMENT_3D('Plane Axis2P3D',#9691,#9692,#9693) ;
#9719=AXIS2_PLACEMENT_3D('Cylinder Axis2P3D',#9716,#9717,#9718) ;
#9723=AXIS2_PLACEMENT_3D('Circle Axis2P3D',#9721,#9722,$) ;
#9744=AXIS2_PLACEMENT_3D('Plane Axis2P3D',#9741,#9742,#9743) ;
#9769=AXIS2_PLACEMENT_3D('Cylinder Axis2P3D',#9766,#9767,#9768) ;
#9773=AXIS2_PLACEMENT_3D('Circle Axis2P3D',#9771,#9772,$) ;
#9787=AXIS2_PLACEMENT_3D('Cylinder Axis2P3D',#9784,#9785,#9786) ;
#9810=AXIS2_PLACEMENT_3D('Cylinder Axis2P3D',#9807,#9808,#9809) ;
#9823=AXIS2_PLACEMENT_3D('Cylinder Axis2P3D',#9820,#9821,#9822) ;
#9846=AXIS2_PLACEMENT_3D('Cylinder Axis2P3D',#9843,#9844,#9845) ;
#9859=AXIS2_PLACEMENT_3D('Cylinder Axis2P3D',#9856,#9857,#9858) ;
#9882=AXIS2_PLACEMENT_3D('Cylinder Axis2P3D',#9879,#9880,#9881) ;
#9895=AXIS2_PLACEMENT_3D('Cylinder Axis2P3D',#9892,#9893,#9894) ;
#9918=AXIS2_PLACEMENT_3D('Cylinder Axis2P3D',#9915,#9916,#9917) ;
#9931=AXIS2_PLACEMENT_3D('Cylinder Axis2P3D',#9928,#9929,#9930) ;
#9949=AXIS2_PLACEMENT_3D('Plane Axis2P3D',#9946,#9947,#9948) ;
#9967=AXIS2_PLACEMENT_3D('Plane Axis2P3D',#9964,#9965,#9966) ;
#9985=AXIS2_PLACEMENT_3D('Plane Axis2P3D',#9982,#9983,#9984) ;
#10003=AXIS2_PLACEMENT_3D('Cylinder Axis2P3D',#10000,#10001,#10002) ;
#10021=AXIS2_PLACEMENT_3D('Plane Axis2P3D',#10018,#10019,#10020) ;
#10039=AXIS2_PLACEMENT_3D('Plane Axis2P3D',#10036,#10037,#10038) ;
#10057=AXIS2_PLACEMENT_3D('Plane Axis2P3D',#10054,#10055,#10056) ;
#10075=AXIS2_PLACEMENT_3D('Cylinder Axis2P3D',#10072,#10073,#10074) ;
#10093=AXIS2_PLACEMENT_3D('Plane Axis2P3D',#10090,#10091,#10092) ;
#10111=AXIS2_PLACEMENT_3D('Plane Axis2P3D',#10108,#10109,#10110) ;
#10129=AXIS2_PLACEMENT_3D('Plane Axis2P3D',#10126,#10127,#10128) ;
#10147=AXIS2_PLACEMENT_3D('Cylinder Axis2P3D',#10144,#10145,#10146) ;
#10160=AXIS2_PLACEMENT_3D('Cylinder Axis2P3D',#10157,#10158,#10159) ;
#10178=AXIS2_PLACEMENT_3D('Circle Axis2P3D',#10176,#10177,$) ;
#10192=AXIS2_PLACEMENT_3D('Plane Axis2P3D',#10189,#10190,#10191) ;
#10217=AXIS2_PLACEMENT_3D('Cylinder Axis2P3D',#10214,#10215,#10216) ;
#10228=AXIS2_PLACEMENT_3D('Circle Axis2P3D',#10226,#10227,$) ;
#10242=AXIS2_PLACEMENT_3D('Plane Axis2P3D',#10239,#10240,#10241) ;
#10267=AXIS2_PLACEMENT_3D('Cylinder Axis2P3D',#10264,#10265,#10266) ;
#10278=AXIS2_PLACEMENT_3D('Circle Axis2P3D',#10276,#10277,$) ;
#10292=AXIS2_PLACEMENT_3D('Plane Axis2P3D',#10289,#10290,#10291) ;
#10317=AXIS2_PLACEMENT_3D('Cylinder Axis2P3D',#10314,#10315,#10316) ;
#10328=AXIS2_PLACEMENT_3D('Circle Axis2P3D',#10326,#10327,$) ;
#10342=AXIS2_PLACEMENT_3D('Plane Axis2P3D',#10339,#10340,#10341) ;
#10360=AXIS2_PLACEMENT_3D('Plane Axis2P3D',#10357,#10358,#10359) ;
#10491=AXIS2_PLACEMENT_3D('Plane Axis2P3D',#10488,#10489,#10490) ;
#10622=AXIS2_PLACEMENT_3D('Torus Axis2P3D',#10619,#10620,#10621) ;
#10626=AXIS2_PLACEMENT_3D('Circle Axis2P3D',#10624,#10625,$) ;
#10635=AXIS2_PLACEMENT_3D('Circle Axis2P3D',#10633,#10634,$) ;
#10640=AXIS2_PLACEMENT_3D('Circle Axis2P3D',#10638,#10639,$) ;
#10647=AXIS2_PLACEMENT_3D('Circle Axis2P3D',#10645,#10646,$) ;
#10654=AXIS2_PLACEMENT_3D('Circle Axis2P3D',#10652,#10653,$) ;
#10670=AXIS2_PLACEMENT_3D('Cylinder Axis2P3D',#10667,#10668,#10669) ;
#10681=AXIS2_PLACEMENT_3D('Circle Axis2P3D',#10679,#10680,$) ;
#10695=AXIS2_PLACEMENT_3D('Torus Axis2P3D',#10692,#10693,#10694) ;
#10699=AXIS2_PLACEMENT_3D('Circle Axis2P3D',#10697,#10698,$) ;
#10708=AXIS2_PLACEMENT_3D('Circle Axis2P3D',#10706,#10707,$) ;
#10713=AXIS2_PLACEMENT_3D('Circle Axis2P3D',#10711,#10712,$) ;
#10720=AXIS2_PLACEMENT_3D('Circle Axis2P3D',#10718,#10719,$) ;
#10736=AXIS2_PLACEMENT_3D('Cylinder Axis2P3D',#10733,#10734,#10735) ;
#10747=AXIS2_PLACEMENT_3D('Circle Axis2P3D',#10745,#10746,$) ;
#10761=AXIS2_PLACEMENT_3D('Torus Axis2P3D',#10758,#10759,#10760) ;
#10765=AXIS2_PLACEMENT_3D('Circle Axis2P3D',#10763,#10764,$) ;
#10772=AXIS2_PLACEMENT_3D('Circle Axis2P3D',#10770,#10771,$) ;
#10779=AXIS2_PLACEMENT_3D('Circle Axis2P3D',#10777,#10778,$) ;
#10786=AXIS2_PLACEMENT_3D('Circle Axis2P3D',#10784,#10785,$) ;
#10802=AXIS2_PLACEMENT_3D('Cylinder Axis2P3D',#10799,#10800,#10801) ;
#10813=AXIS2_PLACEMENT_3D('Circle Axis2P3D',#10811,#10812,$) ;
#10827=AXIS2_PLACEMENT_3D('Torus Axis2P3D',#10824,#10825,#10826) ;
#10831=AXIS2_PLACEMENT_3D('Circle Axis2P3D',#10829,#10830,$) ;
#10838=AXIS2_PLACEMENT_3D('Circle Axis2P3D',#10836,#10837,$) ;
#10845=AXIS2_PLACEMENT_3D('Circle Axis2P3D',#10843,#10844,$) ;
#10852=AXIS2_PLACEMENT_3D('Circle Axis2P3D',#10850,#10851,$) ;
#10868=AXIS2_PLACEMENT_3D('Cylinder Axis2P3D',#10865,#10866,#10867) ;
#10886=AXIS2_PLACEMENT_3D('Torus Axis2P3D',#10883,#10884,#10885) ;
#10890=AXIS2_PLACEMENT_3D('Circle Axis2P3D',#10888,#10889,$) ;
#10897=AXIS2_PLACEMENT_3D('Circle Axis2P3D',#10895,#10896,$) ;
#10904=AXIS2_PLACEMENT_3D('Circle Axis2P3D',#10902,#10903,$) ;
#10911=AXIS2_PLACEMENT_3D('Circle Axis2P3D',#10909,#10910,$) ;
#10918=AXIS2_PLACEMENT_3D('Circle Axis2P3D',#10916,#10917,$) ;
#10934=AXIS2_PLACEMENT_3D('Cylinder Axis2P3D',#10931,#10932,#10933) ;
#10945=AXIS2_PLACEMENT_3D('Circle Axis2P3D',#10943,#10944,$) ;
#10959=AXIS2_PLACEMENT_3D('Torus Axis2P3D',#10956,#10957,#10958) ;
#10963=AXIS2_PLACEMENT_3D('Circle Axis2P3D',#10961,#10962,$) ;
#10972=AXIS2_PLACEMENT_3D('Circle Axis2P3D',#10970,#10971,$) ;
#10977=AXIS2_PLACEMENT_3D('Circle Axis2P3D',#10975,#10976,$) ;
#10984=AXIS2_PLACEMENT_3D('Circle Axis2P3D',#10982,#10983,$) ;
#11000=AXIS2_PLACEMENT_3D('Cylinder Axis2P3D',#10997,#10998,#10999) ;
#11011=AXIS2_PLACEMENT_3D('Circle Axis2P3D',#11009,#11010,$) ;
#11025=AXIS2_PLACEMENT_3D('Torus Axis2P3D',#11022,#11023,#11024) ;
#11029=AXIS2_PLACEMENT_3D('Circle Axis2P3D',#11027,#11028,$) ;
#11038=AXIS2_PLACEMENT_3D('Circle Axis2P3D',#11036,#11037,$) ;
#11043=AXIS2_PLACEMENT_3D('Circle Axis2P3D',#11041,#11042,$) ;
#11050=AXIS2_PLACEMENT_3D('Circle Axis2P3D',#11048,#11049,$) ;
#11066=AXIS2_PLACEMENT_3D('Cylinder Axis2P3D',#11063,#11064,#11065) ;
#11092=AXIS2_PLACEMENT_3D('Torus Axis2P3D',#11089,#11090,#11091) ;
#11096=AXIS2_PLACEMENT_3D('Circle Axis2P3D',#11094,#11095,$) ;
#11103=AXIS2_PLACEMENT_3D('Circle Axis2P3D',#11101,#11102,$) ;
#11110=AXIS2_PLACEMENT_3D('Circle Axis2P3D',#11108,#11109,$) ;
#11117=AXIS2_PLACEMENT_3D('Circle Axis2P3D',#11115,#11116,$) ;
#11133=AXIS2_PLACEMENT_3D('Cylinder Axis2P3D',#11130,#11131,#11132) ;
#11151=AXIS2_PLACEMENT_3D('Cylinder Axis2P3D',#11148,#11149,#11150) ;
#11169=AXIS2_PLACEMENT_3D('Cylinder Axis2P3D',#11166,#11167,#11168) ;
#11224=AXIS2_PLACEMENT_3D('Cylinder Axis2P3D',#11221,#11222,#11223) ;
#11316=AXIS2_PLACEMENT_3D('Cylinder Axis2P3D',#11313,#11314,#11315) ;
#11371=AXIS2_PLACEMENT_3D('Cylinder Axis2P3D',#11368,#11369,#11370) ;
#11426=AXIS2_PLACEMENT_3D('Cylinder Axis2P3D',#11423,#11424,#11425) ;
#11444=AXIS2_PLACEMENT_3D('Cylinder Axis2P3D',#11441,#11442,#11443) ;
#11499=AXIS2_PLACEMENT_3D('Cylinder Axis2P3D',#11496,#11497,#11498) ;
#11591=AXIS2_PLACEMENT_3D('Cylinder Axis2P3D',#11588,#11589,#11590) ;
#11609=AXIS2_PLACEMENT_3D('Cylinder Axis2P3D',#11606,#11607,#11608) ;
#11627=AXIS2_PLACEMENT_3D('Torus Axis2P3D',#11624,#11625,#11626) ;
#11631=AXIS2_PLACEMENT_3D('Circle Axis2P3D',#11629,#11630,$) ;
#11636=AXIS2_PLACEMENT_3D('Circle Axis2P3D',#11634,#11635,$) ;
#11643=AXIS2_PLACEMENT_3D('Circle Axis2P3D',#11641,#11642,$) ;
#11648=AXIS2_PLACEMENT_3D('Circle Axis2P3D',#11646,#11647,$) ;
#11655=AXIS2_PLACEMENT_3D('Circle Axis2P3D',#11653,#11654,$) ;
#11671=AXIS2_PLACEMENT_3D('Cylinder Axis2P3D',#11668,#11669,#11670) ;
#11689=AXIS2_PLACEMENT_3D('Torus Axis2P3D',#11686,#11687,#11688) ;
#11693=AXIS2_PLACEMENT_3D('Circle Axis2P3D',#11691,#11692,$) ;
#11698=AXIS2_PLACEMENT_3D('Circle Axis2P3D',#11696,#11697,$) ;
#11705=AXIS2_PLACEMENT_3D('Circle Axis2P3D',#11703,#11704,$) ;
#11710=AXIS2_PLACEMENT_3D('Circle Axis2P3D',#11708,#11709,$) ;
#11717=AXIS2_PLACEMENT_3D('Circle Axis2P3D',#11715,#11716,$) ;
#11733=AXIS2_PLACEMENT_3D('Torus Axis2P3D',#11730,#11731,#11732) ;
#11737=AXIS2_PLACEMENT_3D('Circle Axis2P3D',#11735,#11736,$) ;
#11744=AXIS2_PLACEMENT_3D('Circle Axis2P3D',#11742,#11743,$) ;
#11749=AXIS2_PLACEMENT_3D('Circle Axis2P3D',#11747,#11748,$) ;
#11763=AXIS2_PLACEMENT_3D('Cylinder Axis2P3D',#11760,#11761,#11762) ;
#11781=AXIS2_PLACEMENT_3D('Torus Axis2P3D',#11778,#11779,#11780) ;
#11785=AXIS2_PLACEMENT_3D('Circle Axis2P3D',#11783,#11784,$) ;
#11792=AXIS2_PLACEMENT_3D('Circle Axis2P3D',#11790,#11791,$) ;
#11797=AXIS2_PLACEMENT_3D('Circle Axis2P3D',#11795,#11796,$) ;
#11811=AXIS2_PLACEMENT_3D('Cylinder Axis2P3D',#11808,#11809,#11810) ;
#11829=AXIS2_PLACEMENT_3D('Torus Axis2P3D',#11826,#11827,#11828) ;
#11840=AXIS2_PLACEMENT_3D('Cylinder Axis2P3D',#11837,#11838,#11839) ;
#11858=AXIS2_PLACEMENT_3D('Cylinder Axis2P3D',#11855,#11856,#11857) ;
#11876=AXIS2_PLACEMENT_3D('Torus Axis2P3D',#11873,#11874,#11875) ;
#11880=AXIS2_PLACEMENT_3D('Circle Axis2P3D',#11878,#11879,$) ;
#11893=AXIS2_PLACEMENT_3D('Cylinder Axis2P3D',#11890,#11891,#11892) ;
#11911=AXIS2_PLACEMENT_3D('Torus Axis2P3D',#11908,#11909,#11910) ;
#11915=AXIS2_PLACEMENT_3D('Circle Axis2P3D',#11913,#11914,$) ;
#11928=AXIS2_PLACEMENT_3D('Torus Axis2P3D',#11925,#11926,#11927) ;
#11939=AXIS2_PLACEMENT_3D('Cylinder Axis2P3D',#11936,#11937,#11938) ;
#11957=AXIS2_PLACEMENT_3D('Cylinder Axis2P3D',#11954,#11955,#11956) ;
#11975=AXIS2_PLACEMENT_3D('Cylinder Axis2P3D',#11972,#11973,#11974) ;
#11988=AXIS2_PLACEMENT_3D('Cylinder Axis2P3D',#11985,#11986,#11987) ;
#12007=AXIS2_PLACEMENT_3D('Cylinder Axis2P3D',#12004,#12005,#12006) ;
#12025=AXIS2_PLACEMENT_3D('Cylinder Axis2P3D',#12022,#12023,#12024) ;
#12037=AXIS2_PLACEMENT_3D('Cylinder Axis2P3D',#12034,#12035,#12036) ;
#12055=AXIS2_PLACEMENT_3D('Cylinder Axis2P3D',#12052,#12053,#12054) ;
#12073=AXIS2_PLACEMENT_3D('Cylinder Axis2P3D',#12070,#12071,#12072) ;
#12084=AXIS2_PLACEMENT_3D('Cylinder Axis2P3D',#12081,#12082,#12083) ;
#12099=AXIS2_PLACEMENT_3D(' ',#12102,#12106,#12105) ;
#12100=AXIS2_PLACEMENT_3D(' ',#12101,#12104,#12103) ;
#12121=AXIS2_PLACEMENT_3D('Cone Axis2P3D',#12118,#12119,#12120) ;
#12125=AXIS2_PLACEMENT_3D('Circle Axis2P3D',#12123,#12124,$) ;
#12141=AXIS2_PLACEMENT_3D('Circle Axis2P3D',#12139,#12140,$) ;
#12169=AXIS2_PLACEMENT_3D('Plane Axis2P3D',#12166,#12167,#12168) ;
#12479=AXIS2_PLACEMENT_3D('Cone Axis2P3D',#12476,#12477,#12478) ;
#12483=AXIS2_PLACEMENT_3D('Circle Axis2P3D',#12481,#12482,$) ;
#12497=AXIS2_PLACEMENT_3D('Cylinder Axis2P3D',#12494,#12495,#12496) ;
#12535=AXIS2_PLACEMENT_3D('Plane Axis2P3D',#12532,#12533,#12534) ;
#12567=AXIS2_PLACEMENT_3D('Cylinder Axis2P3D',#12564,#12565,#12566) ;
#12571=AXIS2_PLACEMENT_3D('Circle Axis2P3D',#12569,#12570,$) ;
#12592=AXIS2_PLACEMENT_3D('Plane Axis2P3D',#12589,#12590,#12591) ;
#12617=AXIS2_PLACEMENT_3D('Cylinder Axis2P3D',#12614,#12615,#12616) ;
#12621=AXIS2_PLACEMENT_3D('Circle Axis2P3D',#12619,#12620,$) ;
#12642=AXIS2_PLACEMENT_3D('Plane Axis2P3D',#12639,#12640,#12641) ;
#12667=AXIS2_PLACEMENT_3D('Cylinder Axis2P3D',#12664,#12665,#12666) ;
#12671=AXIS2_PLACEMENT_3D('Circle Axis2P3D',#12669,#12670,$) ;
#12692=AXIS2_PLACEMENT_3D('Plane Axis2P3D',#12689,#12690,#12691) ;
#12717=AXIS2_PLACEMENT_3D('Cylinder Axis2P3D',#12714,#12715,#12716) ;
#12721=AXIS2_PLACEMENT_3D('Circle Axis2P3D',#12719,#12720,$) ;
#12735=AXIS2_PLACEMENT_3D('Cone Axis2P3D',#12732,#12733,#12734) ;
#12746=AXIS2_PLACEMENT_3D('Circle Axis2P3D',#12744,#12745,$) ;
#12767=AXIS2_PLACEMENT_3D('Cone Axis2P3D',#12764,#12765,#12766) ;
#12771=AXIS2_PLACEMENT_3D('Circle Axis2P3D',#12769,#12770,$) ;
#12785=AXIS2_PLACEMENT_3D('Cone Axis2P3D',#12782,#12783,#12784) ;
#12796=AXIS2_PLACEMENT_3D('Circle Axis2P3D',#12794,#12795,$) ;
#12817=AXIS2_PLACEMENT_3D('Cone Axis2P3D',#12814,#12815,#12816) ;
#12821=AXIS2_PLACEMENT_3D('Circle Axis2P3D',#12819,#12820,$) ;
#12835=AXIS2_PLACEMENT_3D('Cone Axis2P3D',#12832,#12833,#12834) ;
#12846=AXIS2_PLACEMENT_3D('Circle Axis2P3D',#12844,#12845,$) ;
#12867=AXIS2_PLACEMENT_3D('Cone Axis2P3D',#12864,#12865,#12866) ;
#12871=AXIS2_PLACEMENT_3D('Circle Axis2P3D',#12869,#12870,$) ;
#12885=AXIS2_PLACEMENT_3D('Cylinder Axis2P3D',#12882,#12883,#12884) ;
#12909=AXIS2_PLACEMENT_3D('Plane Axis2P3D',#12906,#12907,#12908) ;
#12927=AXIS2_PLACEMENT_3D('Circle Axis2P3D',#12925,#12926,$) ;
#12936=AXIS2_PLACEMENT_3D('Circle Axis2P3D',#12934,#12935,$) ;
#12945=AXIS2_PLACEMENT_3D('Circle Axis2P3D',#12943,#12944,$) ;
#12954=AXIS2_PLACEMENT_3D('Circle Axis2P3D',#12952,#12953,$) ;
#12963=AXIS2_PLACEMENT_3D('Circle Axis2P3D',#12961,#12962,$) ;
#12972=AXIS2_PLACEMENT_3D('Circle Axis2P3D',#12970,#12971,$) ;
#12984=AXIS2_PLACEMENT_3D('Cylinder Axis2P3D',#12981,#12982,#12983) ;
#13007=AXIS2_PLACEMENT_3D('Cylinder Axis2P3D',#13004,#13005,#13006) ;
#13020=AXIS2_PLACEMENT_3D('Cylinder Axis2P3D',#13017,#13018,#13019) ;
#13043=AXIS2_PLACEMENT_3D('Cylinder Axis2P3D',#13040,#13041,#13042) ;
#13056=AXIS2_PLACEMENT_3D('Cylinder Axis2P3D',#13053,#13054,#13055) ;
#13079=AXIS2_PLACEMENT_3D('Cylinder Axis2P3D',#13076,#13077,#13078) ;
#13096=AXIS2_PLACEMENT_3D(' ',#13099,#13103,#13102) ;
#13097=AXIS2_PLACEMENT_3D(' ',#13098,#13101,#13100) ;
#13118=AXIS2_PLACEMENT_3D('Plane Axis2P3D',#13115,#13116,#13117) ;
#13172=AXIS2_PLACEMENT_3D('Plane Axis2P3D',#13169,#13170,#13171) ;
#13326=AXIS2_PLACEMENT_3D('Cone Axis2P3D',#13323,#13324,#13325) ;
#13348=AXIS2_PLACEMENT_3D('Circle Axis2P3D',#13346,#13347,$) ;
#13363=AXIS2_PLACEMENT_3D('Plane Axis2P3D',#13360,#13361,#13362) ;
#13367=AXIS2_PLACEMENT_3D('Circle Axis2P3D',#13365,#13366,$) ;
#13376=AXIS2_PLACEMENT_3D('Circle Axis2P3D',#13374,#13375,$) ;
#13504=AXIS2_PLACEMENT_3D('Plane Axis2P3D',#13501,#13502,#13503) ;
#13536=AXIS2_PLACEMENT_3D('Plane Axis2P3D',#13533,#13534,#13535) ;
#13573=AXIS2_PLACEMENT_3D('Cone Axis2P3D',#13570,#13571,#13572) ;
#13592=AXIS2_PLACEMENT_3D('Cone Axis2P3D',#13589,#13590,#13591) ;
#13616=AXIS2_PLACEMENT_3D('Plane Axis2P3D',#13613,#13614,#13615) ;
#13634=AXIS2_PLACEMENT_3D('Plane Axis2P3D',#13631,#13632,#13633) ;
#13648=AXIS2_PLACEMENT_3D('Cone Axis2P3D',#13645,#13646,#13647) ;
#13667=AXIS2_PLACEMENT_3D('Cone Axis2P3D',#13664,#13665,#13666) ;
#13691=AXIS2_PLACEMENT_3D('Plane Axis2P3D',#13688,#13689,#13690) ;
#13709=AXIS2_PLACEMENT_3D('Plane Axis2P3D',#13706,#13707,#13708) ;
#13741=AXIS2_PLACEMENT_3D('Cone Axis2P3D',#13738,#13739,#13740) ;
#13766=AXIS2_PLACEMENT_3D('Plane Axis2P3D',#13763,#13764,#13765) ;
#13779=AXIS2_PLACEMENT_3D('Cone Axis2P3D',#13776,#13777,#13778) ;
#13797=AXIS2_PLACEMENT_3D('Circle Axis2P3D',#13795,#13796,$) ;
#13811=AXIS2_PLACEMENT_3D('Cone Axis2P3D',#13808,#13809,#13810) ;
#13815=AXIS2_PLACEMENT_3D('Circle Axis2P3D',#13813,#13814,$) ;
#13829=AXIS2_PLACEMENT_3D('Cylinder Axis2P3D',#13826,#13827,#13828) ;
#13867=AXIS2_PLACEMENT_3D('Cylinder Axis2P3D',#13864,#13865,#13866) ;
#13891=AXIS2_PLACEMENT_3D('Cone Axis2P3D',#13888,#13889,#13890) ;
#13909=AXIS2_PLACEMENT_3D('Circle Axis2P3D',#13907,#13908,$) ;
#13923=AXIS2_PLACEMENT_3D('Cone Axis2P3D',#13920,#13921,#13922) ;
#13927=AXIS2_PLACEMENT_3D('Circle Axis2P3D',#13925,#13926,$) ;
#13941=AXIS2_PLACEMENT_3D('Plane Axis2P3D',#13938,#13939,#13940) ;
#13956=AXIS2_PLACEMENT_3D(' ',#13959,#13963,#13962) ;
#13957=AXIS2_PLACEMENT_3D(' ',#13958,#13961,#13960) ;
#13969=AXIS2_PLACEMENT_3D(' ',#13972,#13976,#13975) ;
#13970=AXIS2_PLACEMENT_3D(' ',#13971,#13974,#13973) ;
#13982=AXIS2_PLACEMENT_3D(' ',#13985,#13989,#13988) ;
#13983=AXIS2_PLACEMENT_3D(' ',#13984,#13987,#13986) ;
#13995=AXIS2_PLACEMENT_3D(' ',#13998,#14002,#14001) ;
#13996=AXIS2_PLACEMENT_3D(' ',#13997,#14000,#13999) ;
#48=CARTESIAN_POINT('Axis2P3D Location',(-47.5,22.76,80.)) ;
#53=CARTESIAN_POINT('Axis2P3D Location',(-47.5,22.76,-80.)) ;
#57=CARTESIAN_POINT('Vertex',(-48.3654540846,24.3154385965,-80.)) ;
#59=CARTESIAN_POINT('Vertex',(-49.0554385965,23.6254540846,-80.)) ;
#62=CARTESIAN_POINT('Line Origine',(-48.3654540846,24.3154385965,80.)) ;
#66=CARTESIAN_POINT('Vertex',(-48.3654540846,24.3154385965,80.)) ;
#69=CARTESIAN_POINT('Axis2P3D Location',(-47.5,22.76,80.)) ;
#73=CARTESIAN_POINT('Vertex',(-49.0554385965,23.6254540846,80.)) ;
#76=CARTESIAN_POINT('Line Origine',(-49.0554385965,23.6254540846,80.)) ;
#96=CARTESIAN_POINT('Axis2P3D Location',(2.706169E-015,0.314071418813,-80.)) ;
#102=CARTESIAN_POINT('Control Point',(-44.25,23.2514264957,-80.)) ;
#103=CARTESIAN_POINT('Control Point',(-44.25,23.153449197,-80.)) ;
#104=CARTESIAN_POINT('Control Point',(-44.2619994396,23.055472534,-80.)) ;
#105=CARTESIAN_POINT('Control Point',(-44.286004739,22.9594389975,-80.)) ;
#106=CARTESIAN_POINT('Control Point',(-44.3570337975,22.7752393172,-80.)) ;
#107=CARTESIAN_POINT('Control Point',(-44.4704138481,22.6136267653,-80.)) ;
#108=CARTESIAN_POINT('Control Point',(-44.5367832637,22.5401843088,-80.)) ;
#109=CARTESIAN_POINT('Control Point',(-44.6861311651,22.41107252,-80.)) ;
#110=CARTESIAN_POINT('Control Point',(-44.862220514,22.3218189797,-80.)) ;
#111=CARTESIAN_POINT('Control Point',(-44.955341099,22.2882444284,-80.)) ;
#112=CARTESIAN_POINT('Control Point',(-45.1478747776,22.244593189,-80.)) ;
#113=CARTESIAN_POINT('Control Point',(-45.3452496176,22.2486949391,-80.)) ;
#114=CARTESIAN_POINT('Control Point',(-45.4432153989,22.2628864756,-80.)) ;
#115=CARTESIAN_POINT('Control Point',(-45.6111766494,22.3088204461,-80.)) ;
#116=CARTESIAN_POINT('Control Point',(-45.7649805138,22.3893070847,-80.)) ;
#117=CARTESIAN_POINT('Control Point',(-45.8281355446,22.4303210362,-80.)) ;
#118=CARTESIAN_POINT('Control Point',(-45.8870767662,22.4769995491,-80.)) ;
#119=CARTESIAN_POINT('Control Point',(-45.9411764704,22.5287404732,-80.)) ;
#120=CARTESIAN_POINT('Vertex',(-44.25,23.2514264957,-80.)) ;
#122=CARTESIAN_POINT('Vertex',(-45.9411764706,22.528740473,-80.)) ;
#126=CARTESIAN_POINT('Control Point',(-45.9411764704,22.5287404732,-80.)) ;
#127=CARTESIAN_POINT('Control Point',(-45.967268353,22.5536947338,-80.)) ;
#128=CARTESIAN_POINT('Control Point',(-45.9898403721,22.5823285945,-80.)) ;
#129=CARTESIAN_POINT('Control Point',(-46.0090305668,22.6156344954,-80.)) ;
#130=CARTESIAN_POINT('Control Point',(-46.0359418359,22.6834075845,-80.)) ;
#131=CARTESIAN_POINT('Control Point',(-46.0430546532,22.7559854404,-80.)) ;
#132=CARTESIAN_POINT('Control Point',(-46.0412441762,22.7943813917,-80.)) ;
#133=CARTESIAN_POINT('Control Point',(-46.0308072383,22.8481114065,-80.)) ;
#134=CARTESIAN_POINT('Control Point',(-46.0095158091,22.8981064508,-80.)) ;
#135=CARTESIAN_POINT('Control Point',(-46.0011276182,22.9144674707,-80.)) ;
#136=CARTESIAN_POINT('Control Point',(-45.991722852,22.9299830495,-80.)) ;
#137=CARTESIAN_POINT('Control Point',(-45.981273409,22.9447598607,-80.)) ;
#138=CARTESIAN_POINT('Vertex',(-45.981273409,22.9447598607,-80.)) ;
#141=CARTESIAN_POINT('Axis2P3D Location',(-46.5038202209,23.314279583,-80.)) ;
#145=CARTESIAN_POINT('Vertex',(-45.9445614032,23.625454085,-80.)) ;
#148=CARTESIAN_POINT('Axis2P3D Location',(-47.5000000213,22.7599999786,-80.)) ;
#152=CARTESIAN_POINT('Vertex',(-46.6345459148,24.3154385966,-80.)) ;
#155=CARTESIAN_POINT('Axis2P3D Location',(-46.9457204168,23.756179779,-80.)) ;
#159=CARTESIAN_POINT('Vertex',(-47.3152401396,24.2787265915,-80.)) ;
#163=CARTESIAN_POINT('Control Point',(-47.3152401391,24.2787265909,-80.)) ;
#164=CARTESIAN_POINT('Control Point',(-47.3407962417,24.2606545568,-80.)) ;
#165=CARTESIAN_POINT('Control Point',(-47.3685617414,24.2457075362,-80.)) ;
#166=CARTESIAN_POINT('Control Point',(-47.3991637219,24.2338696844,-80.)) ;
#167=CARTESIAN_POINT('Control Point',(-47.4603553947,24.2186082264,-80.)) ;
#168=CARTESIAN_POINT('Control Point',(-47.5234234104,24.2185420872,-80.)) ;
#169=CARTESIAN_POINT('Control Point',(-47.5559845607,24.222589542,-80.)) ;
#170=CARTESIAN_POINT('Control Point',(-47.6018607141,24.2342235198,-80.)) ;
#171=CARTESIAN_POINT('Control Point',(-47.6446211786,24.2538979912,-80.)) ;
#172=CARTESIAN_POINT('Control Point',(-47.6586004261,24.2614042127,-80.)) ;
#173=CARTESIAN_POINT('Control Point',(-47.6719574122,24.2696733212,-80.)) ;
#174=CARTESIAN_POINT('Control Point',(-47.6847598609,24.2787265909,-80.)) ;
#175=CARTESIAN_POINT('Vertex',(-47.6847598609,24.2787265909,-80.)) ;
#178=CARTESIAN_POINT('Axis2P3D Location',(-48.0542795832,23.756179779,-80.)) ;
#183=CARTESIAN_POINT('Axis2P3D Location',(-48.4961797791,23.314279583,-80.)) ;
#187=CARTESIAN_POINT('Vertex',(-49.0187265915,22.9447598604,-80.)) ;
#191=CARTESIAN_POINT('Control Point',(-49.018726591,22.9447598607,-80.)) ;
#192=CARTESIAN_POINT('Control Point',(-49.000654557,22.9192037582,-80.)) ;
#193=CARTESIAN_POINT('Control Point',(-48.9857075364,22.8914382585,-80.)) ;
#194=CARTESIAN_POINT('Control Point',(-48.9738696845,22.860836278,-80.)) ;
#195=CARTESIAN_POINT('Control Point',(-48.9586082266,22.7996446052,-80.)) ;
#196=CARTESIAN_POINT('Control Point',(-48.9585420873,22.7365765895,-80.)) ;
#197=CARTESIAN_POINT('Control Point',(-48.9625895422,22.7040154392,-80.)) ;
#198=CARTESIAN_POINT('Control Point',(-48.97422352,22.6581392858,-80.)) ;
#199=CARTESIAN_POINT('Control Point',(-48.9938979913,22.6153788212,-80.)) ;
#200=CARTESIAN_POINT('Control Point',(-49.0014042128,22.6013995738,-80.)) ;
#201=CARTESIAN_POINT('Control Point',(-49.0096733214,22.5880425877,-80.)) ;
#202=CARTESIAN_POINT('Control Point',(-49.018726591,22.575240139,-80.)) ;
#203=CARTESIAN_POINT('Vertex',(-49.018726591,22.575240139,-80.)) ;
#206=CARTESIAN_POINT('Axis2P3D Location',(-48.4961797791,22.2057204167,-80.)) ;
#210=CARTESIAN_POINT('Vertex',(-49.0554385968,21.8945459147,-80.)) ;
#213=CARTESIAN_POINT('Axis2P3D Location',(-47.4999999787,22.7600000212,-80.)) ;
#217=CARTESIAN_POINT('Vertex',(-48.3654540852,21.2045614031,-80.)) ;
#220=CARTESIAN_POINT('Axis2P3D Location',(-48.0542795832,21.7638202208,-80.)) ;
#224=CARTESIAN_POINT('Vertex',(-47.6847598605,21.2412734084,-80.)) ;
#228=CARTESIAN_POINT('Control Point',(-47.6847598609,21.2412734089,-80.)) ;
#229=CARTESIAN_POINT('Control Point',(-47.6583478384,21.2599507079,-80.)) ;
#230=CARTESIAN_POINT('Control Point',(-47.6295759442,21.2752901585,-80.)) ;
#231=CARTESIAN_POINT('Control Point',(-47.5977458931,21.2872971093,-80.)) ;
#232=CARTESIAN_POINT('Control Point',(-47.5342774756,21.3022706622,-80.)) ;
#233=CARTESIAN_POINT('Control Point',(-47.4690769499,21.3009823914,-80.)) ;
#234=CARTESIAN_POINT('Control Point',(-47.435433721,21.2959381213,-80.)) ;
#235=CARTESIAN_POINT('Control Point',(-47.3883710439,21.2825139457,-80.)) ;
#236=CARTESIAN_POINT('Control Point',(-47.3449223434,21.2606170066,-80.)) ;
#237=CARTESIAN_POINT('Control Point',(-47.3307640963,21.2523128116,-80.)) ;
#238=CARTESIAN_POINT('Control Point',(-47.3173069947,21.2432222347,-80.)) ;
#239=CARTESIAN_POINT('Control Point',(-47.3044768684,21.2333193739,-80.)) ;
#240=CARTESIAN_POINT('Vertex',(-47.3044768684,21.2333193739,-80.)) ;
#243=CARTESIAN_POINT('Line Origine',(-47.1727461293,21.1015886349,-80.)) ;
#247=CARTESIAN_POINT('Vertex',(-47.0410153905,20.9698578956,-80.)) ;
#251=CARTESIAN_POINT('Control Point',(-47.0410153903,20.9698578958,-80.)) ;
#252=CARTESIAN_POINT('Control Point',(-46.9717349765,20.9005774821,-80.)) ;
#253=CARTESIAN_POINT('Control Point',(-46.9109398977,20.8228126325,-80.)) ;
#254=CARTESIAN_POINT('Control Point',(-46.8600082426,20.7379323543,-80.)) ;
#255=CARTESIAN_POINT('Control Point',(-46.7799845293,20.5574583804,-80.)) ;
#256=CARTESIAN_POINT('Control Point',(-46.745879002,20.3630092446,-80.)) ;
#257=CARTESIAN_POINT('Control Point',(-46.740877608,20.2641473213,-80.)) ;
#258=CARTESIAN_POINT('Control Point',(-46.7551867155,20.0672464056,-80.)) ;
#259=CARTESIAN_POINT('Control Point',(-46.816589006,19.8796204862,-80.)) ;
#260=CARTESIAN_POINT('Control Point',(-46.8586942584,19.7900342156,-80.)) ;
#261=CARTESIAN_POINT('Control Point',(-46.9341385433,19.6703499856,-80.)) ;
#262=CARTESIAN_POINT('Control Point',(-47.028683066,19.5662487239,-80.)) ;
#263=CARTESIAN_POINT('Control Point',(-47.0591259856,19.5361202015,-80.)) ;
#264=CARTESIAN_POINT('Control Point',(-47.0908906411,19.5078677896,-80.)) ;
#265=CARTESIAN_POINT('Control Point',(-47.1240610853,19.4813755565,-80.)) ;
#266=CARTESIAN_POINT('Vertex',(-47.1240610853,19.4813755565,-80.)) ;
#269=CARTESIAN_POINT('Axis2P3D Location',(-46.5000000091,18.7000000034,-80.)) ;
#273=CARTESIAN_POINT('Vertex',(-47.5,18.6999999994,-80.)) ;
#276=CARTESIAN_POINT('Line Origine',(-48.75,18.6999999994,-80.)) ;
#280=CARTESIAN_POINT('Vertex',(-50.,18.6999999994,-80.)) ;
#283=CARTESIAN_POINT('Line Origine',(-50.,17.6999999994,-80.)) ;
#287=CARTESIAN_POINT('Vertex',(-50.,16.6999999994,-80.)) ;
#290=CARTESIAN_POINT('Line Origine',(-48.75,16.6999999994,-80.)) ;
#294=CARTESIAN_POINT('Vertex',(-47.5,16.6999999994,-80.)) ;
#297=CARTESIAN_POINT('Line Origine',(-47.5,15.9499999994,-80.)) ;
#301=CARTESIAN_POINT('Vertex',(-47.5,15.1999999994,-80.)) ;
#304=CARTESIAN_POINT('Line Origine',(-48.75,15.1999999994,-80.)) ;
#308=CARTESIAN_POINT('Vertex',(-50.,15.1999999994,-80.)) ;
#311=CARTESIAN_POINT('Line Origine',(-50.,14.1999999994,-80.)) ;
#315=CARTESIAN_POINT('Vertex',(-50.,13.1999999994,-80.)) ;
#318=CARTESIAN_POINT('Line Origine',(-48.75,13.1999999994,-80.)) ;
#322=CARTESIAN_POINT('Vertex',(-47.5,13.1999999994,-80.)) ;
#325=CARTESIAN_POINT('Line Origine',(-47.5,12.4499999994,-80.)) ;
#329=CARTESIAN_POINT('Vertex',(-47.5,11.6999999994,-80.)) ;
#332=CARTESIAN_POINT('Line Origine',(-48.75,11.6999999994,-80.)) ;
#336=CARTESIAN_POINT('Vertex',(-50.,11.6999999994,-80.)) ;
#339=CARTESIAN_POINT('Line Origine',(-50.,10.6999999994,-80.)) ;
#343=CARTESIAN_POINT('Vertex',(-50.,9.69999999935,-80.)) ;
#346=CARTESIAN_POINT('Line Origine',(-48.75,9.69999999935,-80.)) ;
#350=CARTESIAN_POINT('Vertex',(-47.5,9.69999999935,-80.)) ;
#353=CARTESIAN_POINT('Line Origine',(-47.5,8.94999999935,-80.)) ;
#357=CARTESIAN_POINT('Vertex',(-47.5,8.19999999935,-80.)) ;
#360=CARTESIAN_POINT('Line Origine',(-48.75,8.19999999935,-80.)) ;
#364=CARTESIAN_POINT('Vertex',(-50.,8.19999999935,-80.)) ;
#367=CARTESIAN_POINT('Line Origine',(-50.,7.19999999935,-80.)) ;
#371=CARTESIAN_POINT('Vertex',(-50.,6.19999999935,-80.)) ;
#374=CARTESIAN_POINT('Line Origine',(-48.75,6.19999999935,-80.)) ;
#378=CARTESIAN_POINT('Vertex',(-47.5,6.19999999935,-80.)) ;
#381=CARTESIAN_POINT('Line Origine',(-47.5,5.44999999935,-80.)) ;
#385=CARTESIAN_POINT('Vertex',(-47.5,4.69999999935,-80.)) ;
#388=CARTESIAN_POINT('Line Origine',(-48.75,4.69999999935,-80.)) ;
#392=CARTESIAN_POINT('Vertex',(-50.,4.69999999935,-80.)) ;
#395=CARTESIAN_POINT('Line Origine',(-50.,3.69999999935,-80.)) ;
#399=CARTESIAN_POINT('Vertex',(-50.,2.69999999935,-80.)) ;
#402=CARTESIAN_POINT('Line Origine',(-48.75,2.69999999935,-80.)) ;
#406=CARTESIAN_POINT('Vertex',(-47.5,2.69999999935,-80.)) ;
#409=CARTESIAN_POINT('Line Origine',(-47.5,1.94999999935,-80.)) ;
#413=CARTESIAN_POINT('Vertex',(-47.5,1.19999999935,-80.)) ;
#416=CARTESIAN_POINT('Line Origine',(-48.75,1.19999999935,-80.)) ;
#420=CARTESIAN_POINT('Vertex',(-50.,1.19999999935,-80.)) ;
#423=CARTESIAN_POINT('Line Origine',(-50.,0.19999999935,-80.)) ;
#427=CARTESIAN_POINT('Vertex',(-50.,-0.80000000065,-80.)) ;
#430=CARTESIAN_POINT('Line Origine',(-48.75,-0.80000000065,-80.)) ;
#434=CARTESIAN_POINT('Vertex',(-47.5,-0.80000000065,-80.)) ;
#437=CARTESIAN_POINT('Line Origine',(-47.5,-1.55000000065,-80.)) ;
#441=CARTESIAN_POINT('Vertex',(-47.5,-2.30000000065,-80.)) ;
#444=CARTESIAN_POINT('Line Origine',(-48.75,-2.30000000065,-80.)) ;
#448=CARTESIAN_POINT('Vertex',(-50.,-2.30000000065,-80.)) ;
#451=CARTESIAN_POINT('Line Origine',(-50.,-3.30000000065,-80.)) ;
#455=CARTESIAN_POINT('Vertex',(-50.,-4.30000000065,-80.)) ;
#458=CARTESIAN_POINT('Line Origine',(-48.75,-4.30000000065,-80.)) ;
#462=CARTESIAN_POINT('Vertex',(-47.5,-4.30000000065,-80.)) ;
#465=CARTESIAN_POINT('Line Origine',(-47.5,-5.05000000065,-80.)) ;
#469=CARTESIAN_POINT('Vertex',(-47.5,-5.80000000065,-80.)) ;
#472=CARTESIAN_POINT('Line Origine',(-48.75,-5.80000000065,-80.)) ;
#476=CARTESIAN_POINT('Vertex',(-50.,-5.80000000065,-80.)) ;
#479=CARTESIAN_POINT('Line Origine',(-50.,-6.80000000065,-80.)) ;
#483=CARTESIAN_POINT('Vertex',(-50.,-7.80000000065,-80.)) ;
#486=CARTESIAN_POINT('Line Origine',(-48.75,-7.80000000065,-80.)) ;
#490=CARTESIAN_POINT('Vertex',(-47.5,-7.80000000065,-80.)) ;
#493=CARTESIAN_POINT('Line Origine',(-47.5,-8.55000000065,-80.)) ;
#497=CARTESIAN_POINT('Vertex',(-47.5,-9.30000000065,-80.)) ;
#500=CARTESIAN_POINT('Line Origine',(-48.75,-9.30000000065,-80.)) ;
#504=CARTESIAN_POINT('Vertex',(-50.,-9.30000000065,-80.)) ;
#507=CARTESIAN_POINT('Line Origine',(-50.,-10.3000000006,-80.)) ;
#511=CARTESIAN_POINT('Vertex',(-50.,-11.3000000006,-80.)) ;
#514=CARTESIAN_POINT('Line Origine',(-48.75,-11.3000000006,-80.)) ;
#518=CARTESIAN_POINT('Vertex',(-47.5,-11.3000000006,-80.)) ;
#521=CARTESIAN_POINT('Line Origine',(-47.5,-12.0500000006,-80.)) ;
#525=CARTESIAN_POINT('Vertex',(-47.5,-12.8000000006,-80.)) ;
#528=CARTESIAN_POINT('Line Origine',(-48.75,-12.8000000006,-80.)) ;
#532=CARTESIAN_POINT('Vertex',(-50.,-12.8000000006,-80.)) ;
#535=CARTESIAN_POINT('Line Origine',(-50.,-13.8000000006,-80.)) ;
#539=CARTESIAN_POINT('Vertex',(-50.,-14.8000000006,-80.)) ;
#542=CARTESIAN_POINT('Line Origine',(-48.75,-14.8000000006,-80.)) ;
#546=CARTESIAN_POINT('Vertex',(-47.5,-14.8000000006,-80.)) ;
#549=CARTESIAN_POINT('Line Origine',(-47.5,-15.5500000006,-80.)) ;
#553=CARTESIAN_POINT('Vertex',(-47.5,-16.3000000006,-80.)) ;
#556=CARTESIAN_POINT('Line Origine',(-48.75,-16.3000000006,-80.)) ;
#560=CARTESIAN_POINT('Vertex',(-50.,-16.3000000006,-80.)) ;
#563=CARTESIAN_POINT('Line Origine',(-50.,-17.3000000006,-80.)) ;
#567=CARTESIAN_POINT('Vertex',(-50.,-18.3000000006,-80.)) ;
#570=CARTESIAN_POINT('Line Origine',(-48.75,-18.3000000006,-80.)) ;
#574=CARTESIAN_POINT('Vertex',(-47.5,-18.3000000006,-80.)) ;
#577=CARTESIAN_POINT('Axis2P3D Location',(-46.6070226051,-17.8498984711,-80.)) ;
#581=CARTESIAN_POINT('Vertex',(-46.8063479195,-18.8298318529,-80.)) ;
#585=CARTESIAN_POINT('Control Point',(-46.8063479196,-18.8298318534,-80.)) ;
#586=CARTESIAN_POINT('Control Point',(-46.463678765,-18.8995331589,-80.)) ;
#587=CARTESIAN_POINT('Control Point',(-46.1297651449,-19.0122755194,-80.)) ;
#588=CARTESIAN_POINT('Control Point',(-45.811759072,-19.1666316013,-80.)) ;
#589=CARTESIAN_POINT('Control Point',(-45.4428277328,-19.4073746285,-80.)) ;
#590=CARTESIAN_POINT('Control Point',(-45.1182698428,-19.7004666582,-80.)) ;
#591=CARTESIAN_POINT('Control Point',(-45.0550741648,-19.7612491449,-80.)) ;
#592=CARTESIAN_POINT('Control Point',(-44.9939808714,-19.8238235691,-80.)) ;
#593=CARTESIAN_POINT('Control Point',(-44.9349104669,-19.8882526307,-80.)) ;
#594=CARTESIAN_POINT('Vertex',(-44.9349104669,-19.8882526307,-80.)) ;
#597=CARTESIAN_POINT('Axis2P3D Location',(-43.9988002031,-19.029999997,-80.)) ;
#601=CARTESIAN_POINT('Vertex',(-43.9988002051,-20.3000000006,-80.)) ;
#604=CARTESIAN_POINT('Line Origine',(-43.979400102,-20.3000000006,-80.)) ;
#608=CARTESIAN_POINT('Vertex',(-43.9600000009,-20.3,-80.)) ;
#612=CARTESIAN_POINT('Control Point',(-43.9600000009,-20.3000000006,-80.)) ;
#613=CARTESIAN_POINT('Control Point',(-43.928929758,-20.3000000006,-80.)) ;
#614=CARTESIAN_POINT('Control Point',(-43.8978601288,-20.3048271217,-80.)) ;
#615=CARTESIAN_POINT('Control Point',(-43.8659834416,-20.3152000475,-80.)) ;
#616=CARTESIAN_POINT('Control Point',(-43.8100587,-20.3439530265,-80.)) ;
#617=CARTESIAN_POINT('Control Point',(-43.7654940377,-20.3883276295,-80.)) ;
#618=CARTESIAN_POINT('Control Point',(-43.7458229691,-20.4154706434,-80.)) ;
#619=CARTESIAN_POINT('Control Point',(-43.7245769055,-20.4576275739,-80.)) ;
#620=CARTESIAN_POINT('Control Point',(-43.7136874906,-20.503141444,-80.)) ;
#621=CARTESIAN_POINT('Control Point',(-43.7112142912,-20.5188326857,-80.)) ;
#622=CARTESIAN_POINT('Control Point',(-43.7100000009,-20.5344163547,-80.)) ;
#623=CARTESIAN_POINT('Control Point',(-43.7100000009,-20.5500000006,-80.)) ;
#624=CARTESIAN_POINT('Vertex',(-43.7100000009,-20.5500000006,-80.)) ;
#627=CARTESIAN_POINT('Line Origine',(-43.7100000009,-21.08,-80.)) ;
#631=CARTESIAN_POINT('Vertex',(-43.71,-21.6099999993,-80.)) ;
#635=CARTESIAN_POINT('Control Point',(-43.7100000009,-21.6099999993,-80.)) ;
#636=CARTESIAN_POINT('Control Point',(-43.7100000009,-21.641070242,-80.)) ;
#637=CARTESIAN_POINT('Control Point',(-43.7148271218,-21.6721398711,-80.)) ;
#638=CARTESIAN_POINT('Control Point',(-43.7252000477,-21.7040165572,-80.)) ;
#639=CARTESIAN_POINT('Control Point',(-43.7539530269,-21.7599412985,-80.)) ;
#640=CARTESIAN_POINT('Control Point',(-43.79832763,-21.8045059607,-80.)) ;
#641=CARTESIAN_POINT('Control Point',(-43.8254706434,-21.8241770311,-80.)) ;
#642=CARTESIAN_POINT('Control Point',(-43.867627574,-21.8454230946,-80.)) ;
#643=CARTESIAN_POINT('Control Point',(-43.9131414443,-21.8563125097,-80.)) ;
#644=CARTESIAN_POINT('Control Point',(-43.9288326859,-21.858785709,-80.)) ;
#645=CARTESIAN_POINT('Control Point',(-43.9444163549,-21.8599999993,-80.)) ;
#646=CARTESIAN_POINT('Control Point',(-43.9600000009,-21.8599999993,-80.)) ;
#647=CARTESIAN_POINT('Vertex',(-43.9600000009,-21.8599999993,-80.)) ;
#650=CARTESIAN_POINT('Line Origine',(-44.7173364889,-21.8599999993,-80.)) ;
#654=CARTESIAN_POINT('Vertex',(-45.4746729787,-21.86,-80.)) ;
#658=CARTESIAN_POINT('Control Point',(-45.4746729787,-21.8599999993,-80.)) ;
#659=CARTESIAN_POINT('Control Point',(-45.5275999869,-21.8599999993,-80.)) ;
#660=CARTESIAN_POINT('Control Point',(-45.5805258361,-21.8512460333,-80.)) ;
#661=CARTESIAN_POINT('Control Point',(-45.631547566,-21.8337233185,-80.)) ;
#662=CARTESIAN_POINT('Control Point',(-45.7100484051,-21.7910673814,-80.)) ;
#663=CARTESIAN_POINT('Control Point',(-45.7736294496,-21.7292584581,-80.)) ;
#664=CARTESIAN_POINT('Control Point',(-45.7968520431,-21.7009890871,-80.)) ;
#665=CARTESIAN_POINT('Control Point',(-45.8161446879,-21.671275117,-80.)) ;
#666=CARTESIAN_POINT('Control Point',(-45.8319755532,-21.6398189905,-80.)) ;
#667=CARTESIAN_POINT('Vertex',(-45.8319755532,-21.6398189905,-80.)) ;
#670=CARTESIAN_POINT('Axis2P3D Location',(-46.4036596835,-21.9275293895,-80.)) ;
#674=CARTESIAN_POINT('Vertex',(-46.2954531779,-21.2967430786,-80.)) ;
#678=CARTESIAN_POINT('Control Point',(-46.2954531778,-21.2967430781,-80.)) ;
#679=CARTESIAN_POINT('Control Point',(-46.3263029292,-21.2914510425,-80.)) ;
#680=CARTESIAN_POINT('Control Point',(-46.3565052421,-21.2823870088,-80.)) ;
#681=CARTESIAN_POINT('Control Point',(-46.3865147374,-21.2691187679,-80.)) ;
#682=CARTESIAN_POINT('Control Point',(-46.4405752647,-21.2366412015,-80.)) ;
#683=CARTESIAN_POINT('Control Point',(-46.4852178539,-21.1920921475,-80.)) ;
#684=CARTESIAN_POINT('Control Point',(-46.5053800806,-21.1662059552,-80.)) ;
#685=CARTESIAN_POINT('Control Point',(-46.5295929552,-21.1255401515,-80.)) ;
#686=CARTESIAN_POINT('Control Point',(-46.5459172174,-21.0813919849,-80.)) ;
#687=CARTESIAN_POINT('Control Point',(-46.5504943354,-21.0661994629,-80.)) ;
#688=CARTESIAN_POINT('Control Point',(-46.5540920081,-21.0509075046,-80.)) ;
#689=CARTESIAN_POINT('Control Point',(-46.5567430779,-21.0354531779,-80.)) ;
#690=CARTESIAN_POINT('Vertex',(-46.5567430779,-21.0354531779,-80.)) ;
#693=CARTESIAN_POINT('Axis2P3D Location',(-47.1875293798,-21.143659679,-80.)) ;
#697=CARTESIAN_POINT('Vertex',(-47.0121072736,-20.5281703695,-80.)) ;
#700=CARTESIAN_POINT('Axis2P3D Location',(-47.4999999937,-22.2399999501,-80.)) ;
#704=CARTESIAN_POINT('Vertex',(-47.5,-20.4600000008,-80.)) ;
#707=CARTESIAN_POINT('Axis2P3D Location',(-47.5000000063,-22.2399999501,-80.)) ;
#711=CARTESIAN_POINT('Vertex',(-47.9878927264,-20.5281703695,-80.)) ;
#714=CARTESIAN_POINT('Axis2P3D Location',(-47.8124706202,-21.143659679,-80.)) ;
#718=CARTESIAN_POINT('Vertex',(-48.4432569214,-21.035453178,-80.)) ;
#722=CARTESIAN_POINT('Control Point',(-48.4432569221,-21.0354531779,-80.)) ;
#723=CARTESIAN_POINT('Control Point',(-48.4485489576,-21.0663029293,-80.)) ;
#724=CARTESIAN_POINT('Control Point',(-48.4576129913,-21.0965052423,-80.)) ;
#725=CARTESIAN_POINT('Control Point',(-48.4708812323,-21.1265147375,-80.)) ;
#726=CARTESIAN_POINT('Control Point',(-48.5033587986,-21.1805752648,-80.)) ;
#727=CARTESIAN_POINT('Control Point',(-48.5479078527,-21.225217854,-80.)) ;
#728=CARTESIAN_POINT('Control Point',(-48.5737940449,-21.2453800807,-80.)) ;
#729=CARTESIAN_POINT('Control Point',(-48.6144598486,-21.2695929553,-80.)) ;
#730=CARTESIAN_POINT('Control Point',(-48.6586080152,-21.2859172175,-80.)) ;
#731=CARTESIAN_POINT('Control Point',(-48.6738005373,-21.2904943354,-80.)) ;
#732=CARTESIAN_POINT('Control Point',(-48.6890924956,-21.2940920082,-80.)) ;
#733=CARTESIAN_POINT('Control Point',(-48.7045468222,-21.2967430781,-80.)) ;
#734=CARTESIAN_POINT('Vertex',(-48.7045468222,-21.2967430781,-80.)) ;
#737=CARTESIAN_POINT('Axis2P3D Location',(-48.5963403211,-21.92752938,-80.)) ;
#741=CARTESIAN_POINT('Vertex',(-49.2118296307,-21.7521072737,-80.)) ;
#744=CARTESIAN_POINT('Axis2P3D Location',(-47.50000005,-22.2399999939,-80.)) ;
#748=CARTESIAN_POINT('Vertex',(-49.2799999993,-22.2400000001,-80.)) ;
#751=CARTESIAN_POINT('Axis2P3D Location',(-47.50000005,-22.2400000064,-80.)) ;
#755=CARTESIAN_POINT('Vertex',(-49.2118296307,-22.7278927266,-80.)) ;
#758=CARTESIAN_POINT('Axis2P3D Location',(-48.5963403211,-22.5524706203,-80.)) ;
#762=CARTESIAN_POINT('Vertex',(-48.7045468221,-23.1832569214,-80.)) ;
#766=CARTESIAN_POINT('Control Point',(-48.7045468222,-23.1832569222,-80.)) ;
#767=CARTESIAN_POINT('Control Point',(-48.6736970708,-23.1885489578,-80.)) ;
#768=CARTESIAN_POINT('Control Point',(-48.6434947579,-23.1976129914,-80.)) ;
#769=CARTESIAN_POINT('Control Point',(-48.6134852626,-23.2108812323,-80.)) ;
#770=CARTESIAN_POINT('Control Point',(-48.5594247353,-23.2433587988,-80.)) ;
#771=CARTESIAN_POINT('Control Point',(-48.5147821461,-23.2879078528,-80.)) ;
#772=CARTESIAN_POINT('Control Point',(-48.4946199194,-23.313794045,-80.)) ;
#773=CARTESIAN_POINT('Control Point',(-48.4704070448,-23.3544598488,-80.)) ;
#774=CARTESIAN_POINT('Control Point',(-48.4540827826,-23.3986080153,-80.)) ;
#775=CARTESIAN_POINT('Control Point',(-48.4495056646,-23.4138005374,-80.)) ;
#776=CARTESIAN_POINT('Control Point',(-48.4459079919,-23.4290924956,-80.)) ;
#777=CARTESIAN_POINT('Control Point',(-48.4432569221,-23.4445468224,-80.)) ;
#778=CARTESIAN_POINT('Vertex',(-48.4432569221,-23.4445468224,-80.)) ;
#781=CARTESIAN_POINT('Axis2P3D Location',(-47.8124706202,-23.3363403212,-80.)) ;
#785=CARTESIAN_POINT('Vertex',(-47.9878927264,-23.9518296308,-80.)) ;
#788=CARTESIAN_POINT('Axis2P3D Location',(-47.5000000063,-22.2400000501,-80.)) ;
#792=CARTESIAN_POINT('Vertex',(-47.5,-24.0199999995,-80.)) ;
#795=CARTESIAN_POINT('Axis2P3D Location',(-47.4999999937,-22.2400000501,-80.)) ;
#799=CARTESIAN_POINT('Vertex',(-47.0121072736,-23.9518296308,-80.)) ;
#802=CARTESIAN_POINT('Axis2P3D Location',(-47.1875293375,-23.3363404022,-80.)) ;
#806=CARTESIAN_POINT('Vertex',(-46.7840939885,-23.8331701631,-80.)) ;
#810=CARTESIAN_POINT('Control Point',(-46.7840939891,-23.8331701624,-80.)) ;
#811=CARTESIAN_POINT('Control Point',(-46.7298845387,-23.7891510456,-80.)) ;
#812=CARTESIAN_POINT('Control Point',(-46.6696720039,-23.7525259652,-80.)) ;
#813=CARTESIAN_POINT('Control Point',(-46.6047820698,-23.7243812615,-80.)) ;
#814=CARTESIAN_POINT('Control Point',(-46.5199260529,-23.7007141328,-80.)) ;
#815=CARTESIAN_POINT('Control Point',(-46.4330469619,-23.6917893597,-80.)) ;
#816=CARTESIAN_POINT('Control Point',(-46.4155684871,-23.6905950711,-80.)) ;
#817=CARTESIAN_POINT('Control Point',(-46.3981135407,-23.6899999994,-80.)) ;
#818=CARTESIAN_POINT('Control Point',(-46.3806585986,-23.6899999994,-80.)) ;
#819=CARTESIAN_POINT('Vertex',(-46.3806585986,-23.6899999994,-80.)) ;
#822=CARTESIAN_POINT('Line Origine',(-45.5403292989,-23.6899999994,-80.)) ;
#826=CARTESIAN_POINT('Vertex',(-44.6999999993,-23.69,-80.)) ;
#830=CARTESIAN_POINT('Control Point',(-44.6999999993,-23.6899999994,-80.)) ;
#831=CARTESIAN_POINT('Control Point',(-44.6025138594,-23.6899999994,-80.)) ;
#832=CARTESIAN_POINT('Control Point',(-44.5050283618,-23.7019994287,-80.)) ;
#833=CARTESIAN_POINT('Control Point',(-44.409495635,-23.7260048374,-80.)) ;
#834=CARTESIAN_POINT('Control Point',(-44.2263374599,-23.7970239784,-80.)) ;
#835=CARTESIAN_POINT('Control Point',(-44.0658708759,-23.9103381849,-80.)) ;
#836=CARTESIAN_POINT('Control Point',(-43.9930338226,-23.9766520201,-80.)) ;
#837=CARTESIAN_POINT('Control Point',(-43.8652040458,-24.1258171701,-80.)) ;
#838=CARTESIAN_POINT('Control Point',(-43.7773640748,-24.3015266852,-80.)) ;
#839=CARTESIAN_POINT('Control Point',(-43.7445269267,-24.3943943717,-80.)) ;
#840=CARTESIAN_POINT('Control Point',(-43.7194532949,-24.5085802327,-80.)) ;
#841=CARTESIAN_POINT('Control Point',(-43.7113040174,-24.624355903,-80.)) ;
#842=CARTESIAN_POINT('Control Point',(-43.7104341982,-24.6429118115,-80.)) ;
#843=CARTESIAN_POINT('Control Point',(-43.7100000009,-24.6614559065,-80.)) ;
#844=CARTESIAN_POINT('Control Point',(-43.7100000009,-24.6799999996,-80.)) ;
#845=CARTESIAN_POINT('Vertex',(-43.7100000009,-24.6799999996,-80.)) ;
#848=CARTESIAN_POINT('Line Origine',(-43.7100000009,-25.1399999996,-80.)) ;
#852=CARTESIAN_POINT('Vertex',(-43.7100000009,-25.5999999995,-80.)) ;
#855=CARTESIAN_POINT('Axis2P3D Location',(-43.7100000008,-26.2399999984,-80.)) ;
#859=CARTESIAN_POINT('Vertex',(-44.3499999996,-26.2400000001,-80.)) ;
#862=CARTESIAN_POINT('Line Origine',(-45.9249999998,-26.2400000001,-80.)) ;
#866=CARTESIAN_POINT('Vertex',(-47.5,-26.2400000001,-80.)) ;
#869=CARTESIAN_POINT('Axis2P3D Location',(-47.5000000001,-22.2400000002,-80.)) ;
#873=CARTESIAN_POINT('Vertex',(-51.5,-22.2400000001,-80.)) ;
#876=CARTESIAN_POINT('Line Origine',(-51.5,-21.4699999996,-80.)) ;
#880=CARTESIAN_POINT('Vertex',(-51.5,-20.7,-80.)) ;
#884=CARTESIAN_POINT('Control Point',(-51.5,-20.0999999995,-80.)) ;
#885=CARTESIAN_POINT('Control Point',(-51.4865741967,-20.0999999995,-80.)) ;
#886=CARTESIAN_POINT('Control Point',(-51.4731484719,-20.10075108,-80.)) ;
#887=CARTESIAN_POINT('Control Point',(-51.4596749605,-20.1022803473,-80.)) ;
#888=CARTESIAN_POINT('Control Point',(-51.4248802306,-20.108213154,-80.)) ;
#889=CARTESIAN_POINT('Control Point',(-51.3912286371,-20.1191437555,-80.)) ;
#890=CARTESIAN_POINT('Control Point',(-51.3709771975,-20.1278395946,-80.)) ;
#891=CARTESIAN_POINT('Control Point',(-51.328295073,-20.1510294471,-80.)) ;
#892=CARTESIAN_POINT('Control Point',(-51.2908496831,-20.1824664148,-80.)) ;
#893=CARTESIAN_POINT('Control Point',(-51.2719481374,-20.2023131369,-80.)) ;
#894=CARTESIAN_POINT('Control Point',(-51.2396141138,-20.2451411873,-80.)) ;
#895=CARTESIAN_POINT('Control Point',(-51.2173620042,-20.2942624248,-80.)) ;
#896=CARTESIAN_POINT('Control Point',(-51.2088978825,-20.3203302663,-80.)) ;
#897=CARTESIAN_POINT('Control Point',(-51.1982564827,-20.3729271144,-80.)) ;
#898=CARTESIAN_POINT('Control Point',(-51.1994268602,-20.4268405261,-80.)) ;
#899=CARTESIAN_POINT('Control Point',(-51.2030639265,-20.4540059168,-80.)) ;
#900=CARTESIAN_POINT('Control Point',(-51.2162060923,-20.5060336742,-80.)) ;
#901=CARTESIAN_POINT('Control Point',(-51.2405686103,-20.5541425783,-80.)) ;
#902=CARTESIAN_POINT('Control Point',(-51.2555921671,-20.5770662078,-80.)) ;
#903=CARTESIAN_POINT('Control Point',(-51.2899288695,-20.6182927183,-80.)) ;
#904=CARTESIAN_POINT('Control Point',(-51.3326867849,-20.6511376799,-80.)) ;
#905=CARTESIAN_POINT('Control Point',(-51.3561361235,-20.6653116593,-80.)) ;
#906=CARTESIAN_POINT('Control Point',(-51.3979569156,-20.6844612076,-80.)) ;
#907=CARTESIAN_POINT('Control Point',(-51.442708347,-20.6953780987,-80.)) ;
#908=CARTESIAN_POINT('Control Point',(-51.4618943997,-20.6984874013,-80.)) ;
#909=CARTESIAN_POINT('Control Point',(-51.4809472105,-20.6999999992,-80.)) ;
#910=CARTESIAN_POINT('Control Point',(-51.5,-20.6999999992,-80.)) ;
#911=CARTESIAN_POINT('Vertex',(-51.5,-20.0999999995,-80.)) ;
#914=CARTESIAN_POINT('Line Origine',(-51.5,-16.3200000002,-80.)) ;
#918=CARTESIAN_POINT('Vertex',(-51.5,-12.54,-80.)) ;
#922=CARTESIAN_POINT('Control Point',(-51.5,-11.9399999994,-80.)) ;
#923=CARTESIAN_POINT('Control Point',(-51.4865741967,-11.9399999994,-80.)) ;
#924=CARTESIAN_POINT('Control Point',(-51.4731484719,-11.9407510798,-80.)) ;
#925=CARTESIAN_POINT('Control Point',(-51.4596749605,-11.9422803472,-80.)) ;
#926=CARTESIAN_POINT('Control Point',(-51.4248802306,-11.9482131538,-80.)) ;
#927=CARTESIAN_POINT('Control Point',(-51.3912286371,-11.9591437553,-80.)) ;
#928=CARTESIAN_POINT('Control Point',(-51.3709771975,-11.9678395945,-80.)) ;
#929=CARTESIAN_POINT('Control Point',(-51.328295073,-11.991029447,-80.)) ;
#930=CARTESIAN_POINT('Control Point',(-51.2908496831,-12.0224664146,-80.)) ;
#931=CARTESIAN_POINT('Control Point',(-51.2719481375,-12.0423131367,-80.)) ;
#932=CARTESIAN_POINT('Control Point',(-51.2396141138,-12.0851411871,-80.)) ;
#933=CARTESIAN_POINT('Control Point',(-51.2173620041,-12.1342624247,-80.)) ;
#934=CARTESIAN_POINT('Control Point',(-51.2088978825,-12.1603302661,-80.)) ;
#935=CARTESIAN_POINT('Control Point',(-51.1982564825,-12.2129271151,-80.)) ;
#936=CARTESIAN_POINT('Control Point',(-51.1994268602,-12.2668405276,-80.)) ;
#937=CARTESIAN_POINT('Control Point',(-51.2030639274,-12.2940059188,-80.)) ;
#938=CARTESIAN_POINT('Control Point',(-51.2162060936,-12.3460336756,-80.)) ;
#939=CARTESIAN_POINT('Control Point',(-51.2405686112,-12.3941425796,-80.)) ;
#940=CARTESIAN_POINT('Control Point',(-51.2555921673,-12.4170662079,-80.)) ;
#941=CARTESIAN_POINT('Control Point',(-51.2899288697,-12.4582927187,-80.)) ;
#942=CARTESIAN_POINT('Control Point',(-51.332686786,-12.4911376795,-80.)) ;
#943=CARTESIAN_POINT('Control Point',(-51.3561361256,-12.5053116601,-80.)) ;
#944=CARTESIAN_POINT('Control Point',(-51.3979569185,-12.5244612082,-80.)) ;
#945=CARTESIAN_POINT('Control Point',(-51.4427083504,-12.5353781,-80.)) ;
#946=CARTESIAN_POINT('Control Point',(-51.461894402,-12.5384874032,-80.)) ;
#947=CARTESIAN_POINT('Control Point',(-51.4809472117,-12.5400000009,-80.)) ;
#948=CARTESIAN_POINT('Control Point',(-51.5,-12.5400000009,-80.)) ;
#949=CARTESIAN_POINT('Vertex',(-51.5,-11.9399999994,-80.)) ;
#952=CARTESIAN_POINT('Line Origine',(-51.5,-8.16000000005,-80.)) ;
#956=CARTESIAN_POINT('Vertex',(-51.5,-4.38,-80.)) ;
#960=CARTESIAN_POINT('Control Point',(-51.5,-3.77999999923,-80.)) ;
#961=CARTESIAN_POINT('Control Point',(-51.4865741967,-3.77999999923,-80.)) ;
#962=CARTESIAN_POINT('Control Point',(-51.4731484719,-3.78075107964,-80.)) ;
#963=CARTESIAN_POINT('Control Point',(-51.4596749604,-3.78228034818,-80.)) ;
#964=CARTESIAN_POINT('Control Point',(-51.4248802306,-3.78821315576,-80.)) ;
#965=CARTESIAN_POINT('Control Point',(-51.3912286373,-3.79914375805,-80.)) ;
#966=CARTESIAN_POINT('Control Point',(-51.3709771977,-3.80783959659,-80.)) ;
#967=CARTESIAN_POINT('Control Point',(-51.3282950731,-3.83102944886,-80.)) ;
#968=CARTESIAN_POINT('Control Point',(-51.2908496825,-3.86246641532,-80.)) ;
#969=CARTESIAN_POINT('Control Point',(-51.2719481374,-3.88231313832,-80.)) ;
#970=CARTESIAN_POINT('Control Point',(-51.239614114,-3.92514118867,-80.)) ;
#971=CARTESIAN_POINT('Control Point',(-51.2173620044,-3.97426242608,-80.)) ;
#972=CARTESIAN_POINT('Control Point',(-51.2088978823,-4.00033026628,-80.)) ;
#973=CARTESIAN_POINT('Control Point',(-51.1982564825,-4.05292711531,-80.)) ;
#974=CARTESIAN_POINT('Control Point',(-51.1994268603,-4.10684052782,-80.)) ;
#975=CARTESIAN_POINT('Control Point',(-51.2030639272,-4.13400592013,-80.)) ;
#976=CARTESIAN_POINT('Control Point',(-51.2162060935,-4.18603367695,-80.)) ;
#977=CARTESIAN_POINT('Control Point',(-51.2405686111,-4.23414258102,-80.)) ;
#978=CARTESIAN_POINT('Control Point',(-51.2555921674,-4.25706620808,-80.)) ;
#979=CARTESIAN_POINT('Control Point',(-51.2899288698,-4.29829271869,-80.)) ;
#980=CARTESIAN_POINT('Control Point',(-51.3326867861,-4.3311376792,-80.)) ;
#981=CARTESIAN_POINT('Control Point',(-51.3561361256,-4.34531166003,-80.)) ;
#982=CARTESIAN_POINT('Control Point',(-51.3979569185,-4.36446120804,-80.)) ;
#983=CARTESIAN_POINT('Control Point',(-51.4427083504,-4.37537809975,-80.)) ;
#984=CARTESIAN_POINT('Control Point',(-51.4618944021,-4.37848740311,-80.)) ;
#985=CARTESIAN_POINT('Control Point',(-51.4809472117,-4.38000000072,-80.)) ;
#986=CARTESIAN_POINT('Control Point',(-51.5,-4.38000000072,-80.)) ;
#987=CARTESIAN_POINT('Vertex',(-51.5,-3.77999999923,-80.)) ;
#990=CARTESIAN_POINT('Line Origine',(-51.5,9.54964995969E-011,-80.)) ;
#994=CARTESIAN_POINT('Vertex',(-51.5,3.78,-80.)) ;
#998=CARTESIAN_POINT('Control Point',(-51.5,4.38000000092,-80.)) ;
#999=CARTESIAN_POINT('Control Point',(-51.4865741967,4.38000000092,-80.)) ;
#1000=CARTESIAN_POINT('Control Point',(-51.4731484719,4.37924892051,-80.)) ;
#1001=CARTESIAN_POINT('Control Point',(-51.4596749604,4.37771965196,-80.)) ;
#1002=CARTESIAN_POINT('Control Point',(-51.4248802306,4.37178684439,-80.)) ;
#1003=CARTESIAN_POINT('Control Point',(-51.3912286373,4.36085624211,-80.)) ;
#1004=CARTESIAN_POINT('Control Point',(-51.3709771977,4.35216040355,-80.)) ;
#1005=CARTESIAN_POINT('Control Point',(-51.3282950731,4.32897055128,-80.)) ;
#1006=CARTESIAN_POINT('Control Point',(-51.2908496825,4.29753358483,-80.)) ;
#1007=CARTESIAN_POINT('Control Point',(-51.2719481374,4.27768686184,-80.)) ;
#1008=CARTESIAN_POINT('Control Point',(-51.239614114,4.23485881151,-80.)) ;
#1009=CARTESIAN_POINT('Control Point',(-51.2173620044,4.18573757414,-80.)) ;
#1010=CARTESIAN_POINT('Control Point',(-51.2088978823,4.15966973393,-80.)) ;
#1011=CARTESIAN_POINT('Control Point',(-51.1982564827,4.10707288593,-80.)) ;
#1012=CARTESIAN_POINT('Control Point',(-51.1994268602,4.05315947406,-80.)) ;
#1013=CARTESIAN_POINT('Control Point',(-51.2030639267,4.02599408367,-80.)) ;
#1014=CARTESIAN_POINT('Control Point',(-51.2162060919,3.9739663277,-80.)) ;
#1015=CARTESIAN_POINT('Control Point',(-51.2405686088,3.92585742484,-80.)) ;
#1016=CARTESIAN_POINT('Control Point',(-51.2555921644,3.90293379648,-80.)) ;
#1017=CARTESIAN_POINT('Control Point',(-51.289928866,3.8617072853,-80.)) ;
#1018=CARTESIAN_POINT('Control Point',(-51.3326867816,3.82886232405,-80.)) ;
#1019=CARTESIAN_POINT('Control Point',(-51.3561361205,3.81468834281,-80.)) ;
#1020=CARTESIAN_POINT('Control Point',(-51.397956914,3.79553879363,-80.)) ;
#1021=CARTESIAN_POINT('Control Point',(-51.4427083468,3.78462190107,-80.)) ;
#1022=CARTESIAN_POINT('Control Point',(-51.4618943998,3.78151259721,-80.)) ;
#1023=CARTESIAN_POINT('Control Point',(-51.4809472106,3.77999999942,-80.)) ;
#1024=CARTESIAN_POINT('Control Point',(-51.5,3.77999999942,-80.)) ;
#1025=CARTESIAN_POINT('Vertex',(-51.5,4.38000000092,-80.)) ;
#1028=CARTESIAN_POINT('Line Origine',(-51.5,8.16000000024,-80.)) ;
#1032=CARTESIAN_POINT('Vertex',(-51.5,11.94,-80.)) ;
#1036=CARTESIAN_POINT('Control Point',(-51.5,12.5399999992,-80.)) ;
#1037=CARTESIAN_POINT('Control Point',(-51.4865741967,12.5399999992,-80.)) ;
#1038=CARTESIAN_POINT('Control Point',(-51.4731484719,12.5392489188,-80.)) ;
#1039=CARTESIAN_POINT('Control Point',(-51.4596749605,12.5377196515,-80.)) ;
#1040=CARTESIAN_POINT('Control Point',(-51.4248802306,12.5317868447,-80.)) ;
#1041=CARTESIAN_POINT('Control Point',(-51.3912286371,12.5208562433,-80.)) ;
#1042=CARTESIAN_POINT('Control Point',(-51.3709771977,12.5121604037,-80.)) ;
#1043=CARTESIAN_POINT('Control Point',(-51.3282950731,12.4889705514,-80.)) ;
#1044=CARTESIAN_POINT('Control Point',(-51.2908496825,12.4575335849,-80.)) ;
#1045=CARTESIAN_POINT('Control Point',(-51.2719481374,12.4376868621,-80.)) ;
#1046=CARTESIAN_POINT('Control Point',(-51.2396141139,12.3948588115,-80.)) ;
#1047=CARTESIAN_POINT('Control Point',(-51.2173620043,12.3457375739,-80.)) ;
#1048=CARTESIAN_POINT('Control Point',(-51.2088978823,12.3196697326,-80.)) ;
#1049=CARTESIAN_POINT('Control Point',(-51.1982564827,12.2670728844,-80.)) ;
#1050=CARTESIAN_POINT('Control Point',(-51.1994268603,12.2131594723,-80.)) ;
#1051=CARTESIAN_POINT('Control Point',(-51.2030639266,12.1859940819,-80.)) ;
#1052=CARTESIAN_POINT('Control Point',(-51.2162060919,12.133966326,-80.)) ;
#1053=CARTESIAN_POINT('Control Point',(-51.2405686089,12.0858574232,-80.)) ;
#1054=CARTESIAN_POINT('Control Point',(-51.2555921643,12.0629337947,-80.)) ;
#1055=CARTESIAN_POINT('Control Point',(-51.2899288659,12.0217072837,-80.)) ;
#1056=CARTESIAN_POINT('Control Point',(-51.3326867815,11.9888623226,-80.)) ;
#1057=CARTESIAN_POINT('Control Point',(-51.3561361207,11.9746883428,-80.)) ;
#1058=CARTESIAN_POINT('Control Point',(-51.3979569141,11.9555387937,-80.)) ;
#1059=CARTESIAN_POINT('Control Point',(-51.4427083467,11.9446219013,-80.)) ;
#1060=CARTESIAN_POINT('Control Point',(-51.4618943999,11.9415125973,-80.)) ;
#1061=CARTESIAN_POINT('Control Point',(-51.4809472106,11.9399999996,-80.)) ;
#1062=CARTESIAN_POINT('Control Point',(-51.5,11.9399999996,-80.)) ;
#1063=CARTESIAN_POINT('Vertex',(-51.5,12.5399999992,-80.)) ;
#1066=CARTESIAN_POINT('Line Origine',(-51.5,16.3199999995,-80.)) ;
#1070=CARTESIAN_POINT('Vertex',(-51.5,20.1,-80.)) ;
#1074=CARTESIAN_POINT('Control Point',(-51.5,20.6999999994,-80.)) ;
#1075=CARTESIAN_POINT('Control Point',(-51.4865741967,20.6999999994,-80.)) ;
#1076=CARTESIAN_POINT('Control Point',(-51.4731484719,20.6992489189,-80.)) ;
#1077=CARTESIAN_POINT('Control Point',(-51.4596749605,20.6977196516,-80.)) ;
#1078=CARTESIAN_POINT('Control Point',(-51.4248802306,20.6917868449,-80.)) ;
#1079=CARTESIAN_POINT('Control Point',(-51.3912286371,20.6808562434,-80.)) ;
#1080=CARTESIAN_POINT('Control Point',(-51.3709771975,20.6721604043,-80.)) ;
#1081=CARTESIAN_POINT('Control Point',(-51.3282950723,20.6489705514,-80.)) ;
#1082=CARTESIAN_POINT('Control Point',(-51.2908496818,20.617533583,-80.)) ;
#1083=CARTESIAN_POINT('Control Point',(-51.2719481361,20.5976868598,-80.)) ;
#1084=CARTESIAN_POINT('Control Point',(-51.2396141125,20.5548588085,-80.)) ;
#1085=CARTESIAN_POINT('Control Point',(-51.2173620026,20.5057375707,-80.)) ;
#1086=CARTESIAN_POINT('Control Point',(-51.2088978816,20.479669729,-80.)) ;
#1087=CARTESIAN_POINT('Control Point',(-51.1982564827,20.4270728807,-80.)) ;
#1088=CARTESIAN_POINT('Control Point',(-51.199426861,20.3731594686,-80.)) ;
#1089=CARTESIAN_POINT('Control Point',(-51.2030639277,20.3459940782,-80.)) ;
#1090=CARTESIAN_POINT('Control Point',(-51.2162060938,20.2939663224,-80.)) ;
#1091=CARTESIAN_POINT('Control Point',(-51.2405686115,20.2458574199,-80.)) ;
#1092=CARTESIAN_POINT('Control Point',(-51.2555921675,20.2229337924,-80.)) ;
#1093=CARTESIAN_POINT('Control Point',(-51.2899288698,20.1817072817,-80.)) ;
#1094=CARTESIAN_POINT('Control Point',(-51.332686786,20.1488623212,-80.)) ;
#1095=CARTESIAN_POINT('Control Point',(-51.3561361256,20.1346883404,-80.)) ;
#1096=CARTESIAN_POINT('Control Point',(-51.3979569185,20.1155387924,-80.)) ;
#1097=CARTESIAN_POINT('Control Point',(-51.4427083504,20.1046219007,-80.)) ;
#1098=CARTESIAN_POINT('Control Point',(-51.4618944021,20.1015125974,-80.)) ;
#1099=CARTESIAN_POINT('Control Point',(-51.4809472117,20.0999999997,-80.)) ;
#1100=CARTESIAN_POINT('Control Point',(-51.5,20.0999999997,-80.)) ;
#1101=CARTESIAN_POINT('Vertex',(-51.5,20.6999999994,-80.)) ;
#1104=CARTESIAN_POINT('Line Origine',(-51.5,21.7299999996,-80.)) ;
#1108=CARTESIAN_POINT('Vertex',(-51.5,22.7599999999,-80.)) ;
#1111=CARTESIAN_POINT('Axis2P3D Location',(-47.5000000001,22.7599999999,-80.)) ;
#1115=CARTESIAN_POINT('Vertex',(-47.5,26.7599999999,-80.)) ;
#1118=CARTESIAN_POINT('Line Origine',(-46.4749999996,26.7599999999,-80.)) ;
#1122=CARTESIAN_POINT('Vertex',(-45.45,26.7599999999,-80.)) ;
#1126=CARTESIAN_POINT('Control Point',(-44.8499999996,26.7599999999,-80.)) ;
#1127=CARTESIAN_POINT('Control Point',(-44.8499999996,26.7465741966,-80.)) ;
#1128=CARTESIAN_POINT('Control Point',(-44.85075108,26.7331484718,-80.)) ;
#1129=CARTESIAN_POINT('Control Point',(-44.8522803474,26.7196749604,-80.)) ;
#1130=CARTESIAN_POINT('Control Point',(-44.8582131541,26.6848802305,-80.)) ;
#1131=CARTESIAN_POINT('Control Point',(-44.8691437556,26.651228637,-80.)) ;
#1132=CARTESIAN_POINT('Control Point',(-44.8778395947,26.6309771974,-80.)) ;
#1133=CARTESIAN_POINT('Control Point',(-44.9010294473,26.5882950728,-80.)) ;
#1134=CARTESIAN_POINT('Control Point',(-44.9324664151,26.5508496827,-80.)) ;
#1135=CARTESIAN_POINT('Control Point',(-44.9523131385,26.5319481374,-80.)) ;
#1136=CARTESIAN_POINT('Control Point',(-44.9951411889,26.4996141139,-80.)) ;
#1137=CARTESIAN_POINT('Control Point',(-45.0442624264,26.4773620043,-80.)) ;
#1138=CARTESIAN_POINT('Control Point',(-45.0703302668,26.4688978823,-80.)) ;
#1139=CARTESIAN_POINT('Control Point',(-45.1229271147,26.4582564826,-80.)) ;
#1140=CARTESIAN_POINT('Control Point',(-45.176840526,26.4594268601,-80.)) ;
#1141=CARTESIAN_POINT('Control Point',(-45.204005917,26.4630639266,-80.)) ;
#1142=CARTESIAN_POINT('Control Point',(-45.2560336742,26.4762060921,-80.)) ;
#1143=CARTESIAN_POINT('Control Point',(-45.3041425781,26.50056861,-80.)) ;
#1144=CARTESIAN_POINT('Control Point',(-45.3270662062,26.5155921673,-80.)) ;
#1145=CARTESIAN_POINT('Control Point',(-45.3682927165,26.5499288694,-80.)) ;
#1146=CARTESIAN_POINT('Control Point',(-45.401137678,26.5926867845,-80.)) ;
#1147=CARTESIAN_POINT('Control Point',(-45.4153116576,26.6161361218,-80.)) ;
#1148=CARTESIAN_POINT('Control Point',(-45.434461206,26.657956914,-80.)) ;
#1149=CARTESIAN_POINT('Control Point',(-45.4453780971,26.7027083456,-80.)) ;
#1150=CARTESIAN_POINT('Control Point',(-45.4484874014,26.721894399,-80.)) ;
#1151=CARTESIAN_POINT('Control Point',(-45.4499999993,26.7409472101,-80.)) ;
#1152=CARTESIAN_POINT('Control Point',(-45.4499999993,26.7599999999,-80.)) ;
#1153=CARTESIAN_POINT('Vertex',(-44.8499999996,26.7599999999,-80.)) ;
#1156=CARTESIAN_POINT('Line Origine',(0.,26.7599999999,-80.)) ;
#1160=CARTESIAN_POINT('Vertex',(44.85,26.7599999999,-80.)) ;
#1164=CARTESIAN_POINT('Control Point',(45.4499999993,26.7599999999,-80.)) ;
#1165=CARTESIAN_POINT('Control Point',(45.4499999993,26.7465741966,-80.)) ;
#1166=CARTESIAN_POINT('Control Point',(45.4492489188,26.7331484718,-80.)) ;
#1167=CARTESIAN_POINT('Control Point',(45.4477196515,26.7196749603,-80.)) ;
#1168=CARTESIAN_POINT('Control Point',(45.4417868448,26.6848802306,-80.)) ;
#1169=CARTESIAN_POINT('Control Point',(45.4308562435,26.6512286374,-80.)) ;
#1170=CARTESIAN_POINT('Control Point',(45.4221604036,26.6309771991,-80.)) ;
#1171=CARTESIAN_POINT('Control Point',(45.3989705514,26.5882950747,-80.)) ;
#1172=CARTESIAN_POINT('Control Point',(45.3675335851,26.5508496843,-80.)) ;
#1173=CARTESIAN_POINT('Control Point',(45.3476868639,26.5319481373,-80.)) ;
#1174=CARTESIAN_POINT('Control Point',(45.3048588134,26.4996141137,-80.)) ;
#1175=CARTESIAN_POINT('Control Point',(45.2557375758,26.4773620041,-80.)) ;
#1176=CARTESIAN_POINT('Control Point',(45.2296697345,26.4688978823,-80.)) ;
#1177=CARTESIAN_POINT('Control Point',(45.1770728864,26.4582564826,-80.)) ;
#1178=CARTESIAN_POINT('Control Point',(45.1231594743,26.45942686,-80.)) ;
#1179=CARTESIAN_POINT('Control Point',(45.0959940838,26.4630639267,-80.)) ;
#1180=CARTESIAN_POINT('Control Point',(45.0439663278,26.4762060918,-80.)) ;
#1181=CARTESIAN_POINT('Control Point',(44.995857425,26.5005686087,-80.)) ;
#1182=CARTESIAN_POINT('Control Point',(44.9729337967,26.5155921642,-80.)) ;
#1183=CARTESIAN_POINT('Control Point',(44.9317072855,26.5499288659,-80.)) ;
#1184=CARTESIAN_POINT('Control Point',(44.8988623242,26.5926867815,-80.)) ;
#1185=CARTESIAN_POINT('Control Point',(44.884688343,26.6161361204,-80.)) ;
#1186=CARTESIAN_POINT('Control Point',(44.8655387938,26.6579569139,-80.)) ;
#1187=CARTESIAN_POINT('Control Point',(44.8546219013,26.7027083466,-80.)) ;
#1188=CARTESIAN_POINT('Control Point',(44.8515125974,26.7218943997,-80.)) ;
#1189=CARTESIAN_POINT('Control Point',(44.8499999996,26.7409472104,-80.)) ;
#1190=CARTESIAN_POINT('Control Point',(44.8499999996,26.7599999999,-80.)) ;
#1191=CARTESIAN_POINT('Vertex',(45.4499999993,26.7599999999,-80.)) ;
#1194=CARTESIAN_POINT('Line Origine',(46.4749999996,26.7599999999,-80.)) ;
#1198=CARTESIAN_POINT('Vertex',(47.5,26.7599999999,-80.)) ;
#1201=CARTESIAN_POINT('Axis2P3D Location',(47.5000000001,22.7599999999,-80.)) ;
#1205=CARTESIAN_POINT('Vertex',(51.5,22.7599999999,-80.)) ;
#1208=CARTESIAN_POINT('Line Origine',(51.5,21.7299999996,-80.)) ;
#1212=CARTESIAN_POINT('Vertex',(51.5,20.7,-80.)) ;
#1216=CARTESIAN_POINT('Control Point',(51.5,20.0999999997,-80.)) ;
#1217=CARTESIAN_POINT('Control Point',(51.4865741968,20.0999999997,-80.)) ;
#1218=CARTESIAN_POINT('Control Point',(51.473148472,20.1007510801,-80.)) ;
#1219=CARTESIAN_POINT('Control Point',(51.4596749604,20.1022803475,-80.)) ;
#1220=CARTESIAN_POINT('Control Point',(51.4248802309,20.1082131541,-80.)) ;
#1221=CARTESIAN_POINT('Control Point',(51.3912286377,20.1191437553,-80.)) ;
#1222=CARTESIAN_POINT('Control Point',(51.3709771989,20.1278395934,-80.)) ;
#1223=CARTESIAN_POINT('Control Point',(51.3282950745,20.1510294457,-80.)) ;
#1224=CARTESIAN_POINT('Control Point',(51.2908496846,20.1824664131,-80.)) ;
#1225=CARTESIAN_POINT('Control Point',(51.2719481396,20.202313137,-80.)) ;
#1226=CARTESIAN_POINT('Control Point',(51.2396141158,20.2451411872,-80.)) ;
#1227=CARTESIAN_POINT('Control Point',(51.2173620059,20.2942624247,-80.)) ;
#1228=CARTESIAN_POINT('Control Point',(51.2088978827,20.3203302649,-80.)) ;
#1229=CARTESIAN_POINT('Control Point',(51.1982564827,20.3729271129,-80.)) ;
#1230=CARTESIAN_POINT('Control Point',(51.1994268599,20.4268405244,-80.)) ;
#1231=CARTESIAN_POINT('Control Point',(51.2030639268,20.4540059151,-80.)) ;
#1232=CARTESIAN_POINT('Control Point',(51.2162060923,20.5060336724,-80.)) ;
#1233=CARTESIAN_POINT('Control Point',(51.24056861,20.5541425765,-80.)) ;
#1234=CARTESIAN_POINT('Control Point',(51.2555921656,20.5770662062,-80.)) ;
#1235=CARTESIAN_POINT('Control Point',(51.2899288677,20.6182927166,-80.)) ;
#1236=CARTESIAN_POINT('Control Point',(51.3326867829,20.6511376784,-80.)) ;
#1237=CARTESIAN_POINT('Control Point',(51.3561361218,20.6653116574,-80.)) ;
#1238=CARTESIAN_POINT('Control Point',(51.3979569141,20.6844612061,-80.)) ;
#1239=CARTESIAN_POINT('Control Point',(51.4427083458,20.6953780973,-80.)) ;
#1240=CARTESIAN_POINT('Control Point',(51.461894399,20.6984874015,-80.)) ;
#1241=CARTESIAN_POINT('Control Point',(51.4809472102,20.6999999994,-80.)) ;
#1242=CARTESIAN_POINT('Control Point',(51.5,20.6999999994,-80.)) ;
#1243=CARTESIAN_POINT('Vertex',(51.5,20.0999999997,-80.)) ;
#1246=CARTESIAN_POINT('Line Origine',(51.5,16.3199999995,-80.)) ;
#1250=CARTESIAN_POINT('Vertex',(51.5,12.54,-80.)) ;
#1254=CARTESIAN_POINT('Control Point',(51.5,11.9399999996,-80.)) ;
#1255=CARTESIAN_POINT('Control Point',(51.4865741967,11.9399999996,-80.)) ;
#1256=CARTESIAN_POINT('Control Point',(51.4731484719,11.94075108,-80.)) ;
#1257=CARTESIAN_POINT('Control Point',(51.4596749605,11.9422803474,-80.)) ;
#1258=CARTESIAN_POINT('Control Point',(51.4248802306,11.948213154,-80.)) ;
#1259=CARTESIAN_POINT('Control Point',(51.3912286371,11.9591437555,-80.)) ;
#1260=CARTESIAN_POINT('Control Point',(51.3709771975,11.9678395946,-80.)) ;
#1261=CARTESIAN_POINT('Control Point',(51.328295073,11.9910294472,-80.)) ;
#1262=CARTESIAN_POINT('Control Point',(51.2908496831,12.0224664148,-80.)) ;
#1263=CARTESIAN_POINT('Control Point',(51.2719481375,12.0423131369,-80.)) ;
#1264=CARTESIAN_POINT('Control Point',(51.2396141138,12.0851411873,-80.)) ;
#1265=CARTESIAN_POINT('Control Point',(51.2173620041,12.1342624248,-80.)) ;
#1266=CARTESIAN_POINT('Control Point',(51.2088978825,12.1603302663,-80.)) ;
#1267=CARTESIAN_POINT('Control Point',(51.1982564827,12.2129271145,-80.)) ;
#1268=CARTESIAN_POINT('Control Point',(51.1994268601,12.2668405261,-80.)) ;
#1269=CARTESIAN_POINT('Control Point',(51.2030639265,12.2940059168,-80.)) ;
#1270=CARTESIAN_POINT('Control Point',(51.2162060923,12.3460336742,-80.)) ;
#1271=CARTESIAN_POINT('Control Point',(51.2405686103,12.3941425783,-80.)) ;
#1272=CARTESIAN_POINT('Control Point',(51.2555921671,12.4170662079,-80.)) ;
#1273=CARTESIAN_POINT('Control Point',(51.2899288693,12.4582927181,-80.)) ;
#1274=CARTESIAN_POINT('Control Point',(51.3326867844,12.4911376795,-80.)) ;
#1275=CARTESIAN_POINT('Control Point',(51.3561361223,12.5053116576,-80.)) ;
#1276=CARTESIAN_POINT('Control Point',(51.3979569143,12.524461206,-80.)) ;
#1277=CARTESIAN_POINT('Control Point',(51.4427083457,12.5353780971,-80.)) ;
#1278=CARTESIAN_POINT('Control Point',(51.4618943991,12.5384874014,-80.)) ;
#1279=CARTESIAN_POINT('Control Point',(51.4809472102,12.5399999992,-80.)) ;
#1280=CARTESIAN_POINT('Control Point',(51.5,12.5399999992,-80.)) ;
#1281=CARTESIAN_POINT('Vertex',(51.5,11.9399999996,-80.)) ;
#1284=CARTESIAN_POINT('Line Origine',(51.5,8.16000000024,-80.)) ;
#1288=CARTESIAN_POINT('Vertex',(51.5,4.38,-80.)) ;
#1292=CARTESIAN_POINT('Control Point',(51.5,3.77999999942,-80.)) ;
#1293=CARTESIAN_POINT('Control Point',(51.4865741967,3.77999999942,-80.)) ;
#1294=CARTESIAN_POINT('Control Point',(51.4731484719,3.78075107983,-80.)) ;
#1295=CARTESIAN_POINT('Control Point',(51.4596749605,3.7822803472,-80.)) ;
#1296=CARTESIAN_POINT('Control Point',(51.4248802308,3.78821315385,-80.)) ;
#1297=CARTESIAN_POINT('Control Point',(51.3912286375,3.79914375519,-80.)) ;
#1298=CARTESIAN_POINT('Control Point',(51.3709771991,3.80783959469,-80.)) ;
#1299=CARTESIAN_POINT('Control Point',(51.3282950747,3.83102944714,-80.)) ;
#1300=CARTESIAN_POINT('Control Point',(51.2908496849,3.86246641466,-80.)) ;
#1301=CARTESIAN_POINT('Control Point',(51.2719481393,3.88231313674,-80.)) ;
#1302=CARTESIAN_POINT('Control Point',(51.2396141157,3.92514118719,-80.)) ;
#1303=CARTESIAN_POINT('Control Point',(51.2173620059,3.97426242478,-80.)) ;
#1304=CARTESIAN_POINT('Control Point',(51.2088978826,4.00033026604,-80.)) ;
#1305=CARTESIAN_POINT('Control Point',(51.1982564825,4.05292711508,-80.)) ;
#1306=CARTESIAN_POINT('Control Point',(51.1994268601,4.10684052763,-80.)) ;
#1307=CARTESIAN_POINT('Control Point',(51.2030639274,4.13400591878,-80.)) ;
#1308=CARTESIAN_POINT('Control Point',(51.2162060936,4.18603367558,-80.)) ;
#1309=CARTESIAN_POINT('Control Point',(51.2405686111,4.23414257967,-80.)) ;
#1310=CARTESIAN_POINT('Control Point',(51.2555921673,4.25706620795,-80.)) ;
#1311=CARTESIAN_POINT('Control Point',(51.2899288697,4.29829271878,-80.)) ;
#1312=CARTESIAN_POINT('Control Point',(51.332686786,4.33113767949,-80.)) ;
#1313=CARTESIAN_POINT('Control Point',(51.3561361257,4.3453116601,-80.)) ;
#1314=CARTESIAN_POINT('Control Point',(51.3979569186,4.36446120824,-80.)) ;
#1315=CARTESIAN_POINT('Control Point',(51.4427083505,4.37537810007,-80.)) ;
#1316=CARTESIAN_POINT('Control Point',(51.4618944019,4.37848740329,-80.)) ;
#1317=CARTESIAN_POINT('Control Point',(51.4809472116,4.38000000092,-80.)) ;
#1318=CARTESIAN_POINT('Control Point',(51.5,4.38000000092,-80.)) ;
#1319=CARTESIAN_POINT('Vertex',(51.5,3.77999999942,-80.)) ;
#1322=CARTESIAN_POINT('Line Origine',(51.5,9.54964995969E-011,-80.)) ;
#1326=CARTESIAN_POINT('Vertex',(51.5,-3.78,-80.)) ;
#1330=CARTESIAN_POINT('Control Point',(51.5,-4.38000000072,-80.)) ;
#1331=CARTESIAN_POINT('Control Point',(51.4865741967,-4.38000000072,-80.)) ;
#1332=CARTESIAN_POINT('Control Point',(51.4731484719,-4.37924892032,-80.)) ;
#1333=CARTESIAN_POINT('Control Point',(51.4596749605,-4.37771965295,-80.)) ;
#1334=CARTESIAN_POINT('Control Point',(51.4248802308,-4.3717868463,-80.)) ;
#1335=CARTESIAN_POINT('Control Point',(51.3912286375,-4.36085624496,-80.)) ;
#1336=CARTESIAN_POINT('Control Point',(51.3709771991,-4.35216040546,-80.)) ;
#1337=CARTESIAN_POINT('Control Point',(51.3282950747,-4.32897055301,-80.)) ;
#1338=CARTESIAN_POINT('Control Point',(51.2908496849,-4.29753358549,-80.)) ;
#1339=CARTESIAN_POINT('Control Point',(51.2719481393,-4.27768686341,-80.)) ;
#1340=CARTESIAN_POINT('Control Point',(51.2396141157,-4.23485881296,-80.)) ;
#1341=CARTESIAN_POINT('Control Point',(51.2173620059,-4.18573757537,-80.)) ;
#1342=CARTESIAN_POINT('Control Point',(51.2088978826,-4.15966973411,-80.)) ;
#1343=CARTESIAN_POINT('Control Point',(51.1982564825,-4.10707288507,-80.)) ;
#1344=CARTESIAN_POINT('Control Point',(51.1994268601,-4.05315947251,-80.)) ;
#1345=CARTESIAN_POINT('Control Point',(51.2030639274,-4.02599408137,-80.)) ;
#1346=CARTESIAN_POINT('Control Point',(51.2162060936,-3.97396632457,-80.)) ;
#1347=CARTESIAN_POINT('Control Point',(51.2405686111,-3.92585742048,-80.)) ;
#1348=CARTESIAN_POINT('Control Point',(51.2555921673,-3.9029337922,-80.)) ;
#1349=CARTESIAN_POINT('Control Point',(51.2899288697,-3.86170728137,-80.)) ;
#1350=CARTESIAN_POINT('Control Point',(51.332686786,-3.82886232066,-80.)) ;
#1351=CARTESIAN_POINT('Control Point',(51.3561361257,-3.81468834004,-80.)) ;
#1352=CARTESIAN_POINT('Control Point',(51.3979569186,-3.79553879191,-80.)) ;
#1353=CARTESIAN_POINT('Control Point',(51.4427083505,-3.78462190008,-80.)) ;
#1354=CARTESIAN_POINT('Control Point',(51.4618944019,-3.78151259686,-80.)) ;
#1355=CARTESIAN_POINT('Control Point',(51.4809472116,-3.77999999923,-80.)) ;
#1356=CARTESIAN_POINT('Control Point',(51.5,-3.77999999923,-80.)) ;
#1357=CARTESIAN_POINT('Vertex',(51.5,-4.38000000072,-80.)) ;
#1360=CARTESIAN_POINT('Line Origine',(51.5,-8.16000000005,-80.)) ;
#1364=CARTESIAN_POINT('Vertex',(51.5,-11.94,-80.)) ;
#1368=CARTESIAN_POINT('Control Point',(51.5,-12.5400000009,-80.)) ;
#1369=CARTESIAN_POINT('Control Point',(51.4865741967,-12.5400000009,-80.)) ;
#1370=CARTESIAN_POINT('Control Point',(51.4731484718,-12.5392489204,-80.)) ;
#1371=CARTESIAN_POINT('Control Point',(51.4596749605,-12.537719652,-80.)) ;
#1372=CARTESIAN_POINT('Control Point',(51.4248802306,-12.5317868443,-80.)) ;
#1373=CARTESIAN_POINT('Control Point',(51.3912286373,-12.520856242,-80.)) ;
#1374=CARTESIAN_POINT('Control Point',(51.3709771977,-12.5121604036,-80.)) ;
#1375=CARTESIAN_POINT('Control Point',(51.3282950731,-12.4889705513,-80.)) ;
#1376=CARTESIAN_POINT('Control Point',(51.2908496826,-12.4575335847,-80.)) ;
#1377=CARTESIAN_POINT('Control Point',(51.2719481373,-12.4376868618,-80.)) ;
#1378=CARTESIAN_POINT('Control Point',(51.2396141139,-12.3948588113,-80.)) ;
#1379=CARTESIAN_POINT('Control Point',(51.2173620043,-12.3457375737,-80.)) ;
#1380=CARTESIAN_POINT('Control Point',(51.2088978823,-12.3196697324,-80.)) ;
#1381=CARTESIAN_POINT('Control Point',(51.1982564827,-12.2670728842,-80.)) ;
#1382=CARTESIAN_POINT('Control Point',(51.1994268603,-12.2131594721,-80.)) ;
#1383=CARTESIAN_POINT('Control Point',(51.2030639266,-12.1859940817,-80.)) ;
#1384=CARTESIAN_POINT('Control Point',(51.2162060919,-12.1339663258,-80.)) ;
#1385=CARTESIAN_POINT('Control Point',(51.2405686089,-12.085857423,-80.)) ;
#1386=CARTESIAN_POINT('Control Point',(51.2555921643,-12.0629337945,-80.)) ;
#1387=CARTESIAN_POINT('Control Point',(51.2899288659,-12.0217072835,-80.)) ;
#1388=CARTESIAN_POINT('Control Point',(51.3326867814,-11.9888623224,-80.)) ;
#1389=CARTESIAN_POINT('Control Point',(51.3561361208,-11.9746883427,-80.)) ;
#1390=CARTESIAN_POINT('Control Point',(51.3979569141,-11.9555387935,-80.)) ;
#1391=CARTESIAN_POINT('Control Point',(51.4427083468,-11.944621901,-80.)) ;
#1392=CARTESIAN_POINT('Control Point',(51.4618943999,-11.9415125971,-80.)) ;
#1393=CARTESIAN_POINT('Control Point',(51.4809472106,-11.9399999994,-80.)) ;
#1394=CARTESIAN_POINT('Control Point',(51.5,-11.9399999994,-80.)) ;
#1395=CARTESIAN_POINT('Vertex',(51.5,-12.5400000009,-80.)) ;
#1398=CARTESIAN_POINT('Line Origine',(51.5,-16.3200000002,-80.)) ;
#1402=CARTESIAN_POINT('Vertex',(51.5,-20.1,-80.)) ;
#1406=CARTESIAN_POINT('Control Point',(51.5,-20.6999999992,-80.)) ;
#1407=CARTESIAN_POINT('Control Point',(51.4865741967,-20.6999999992,-80.)) ;
#1408=CARTESIAN_POINT('Control Point',(51.4731484719,-20.6992489187,-80.)) ;
#1409=CARTESIAN_POINT('Control Point',(51.4596749605,-20.6977196514,-80.)) ;
#1410=CARTESIAN_POINT('Control Point',(51.4248802306,-20.6917868447,-80.)) ;
#1411=CARTESIAN_POINT('Control Point',(51.3912286371,-20.6808562432,-80.)) ;
#1412=CARTESIAN_POINT('Control Point',(51.3709771977,-20.6721604037,-80.)) ;
#1413=CARTESIAN_POINT('Control Point',(51.3282950731,-20.6489705514,-80.)) ;
#1414=CARTESIAN_POINT('Control Point',(51.2908496826,-20.6175335848,-80.)) ;
#1415=CARTESIAN_POINT('Control Point',(51.2719481373,-20.597686862,-80.)) ;
#1416=CARTESIAN_POINT('Control Point',(51.239614114,-20.5548588116,-80.)) ;
#1417=CARTESIAN_POINT('Control Point',(51.2173620045,-20.5057375742,-80.)) ;
#1418=CARTESIAN_POINT('Control Point',(51.2088978823,-20.479669734,-80.)) ;
#1419=CARTESIAN_POINT('Control Point',(51.1982564827,-20.4270728859,-80.)) ;
#1420=CARTESIAN_POINT('Control Point',(51.1994268603,-20.3731594738,-80.)) ;
#1421=CARTESIAN_POINT('Control Point',(51.2030639265,-20.3459940823,-80.)) ;
#1422=CARTESIAN_POINT('Control Point',(51.2162060918,-20.2939663261,-80.)) ;
#1423=CARTESIAN_POINT('Control Point',(51.2405686089,-20.2458574231,-80.)) ;
#1424=CARTESIAN_POINT('Control Point',(51.2555921643,-20.2229337947,-80.)) ;
#1425=CARTESIAN_POINT('Control Point',(51.289928866,-20.1817072835,-80.)) ;
#1426=CARTESIAN_POINT('Control Point',(51.3326867818,-20.1488623222,-80.)) ;
#1427=CARTESIAN_POINT('Control Point',(51.3561361222,-20.1346883428,-80.)) ;
#1428=CARTESIAN_POINT('Control Point',(51.3979569156,-20.1155387939,-80.)) ;
#1429=CARTESIAN_POINT('Control Point',(51.4427083482,-20.1046219014,-80.)) ;
#1430=CARTESIAN_POINT('Control Point',(51.4618944004,-20.1015125973,-80.)) ;
#1431=CARTESIAN_POINT('Control Point',(51.4809472109,-20.0999999995,-80.)) ;
#1432=CARTESIAN_POINT('Control Point',(51.5,-20.0999999995,-80.)) ;
#1433=CARTESIAN_POINT('Vertex',(51.5,-20.6999999992,-80.)) ;
#1436=CARTESIAN_POINT('Line Origine',(51.5,-21.4699999996,-80.)) ;
#1440=CARTESIAN_POINT('Vertex',(51.5,-22.2400000001,-80.)) ;
#1443=CARTESIAN_POINT('Axis2P3D Location',(47.5000000001,-22.2400000002,-80.)) ;
#1447=CARTESIAN_POINT('Vertex',(47.5,-26.2400000001,-80.)) ;
#1450=CARTESIAN_POINT('Line Origine',(45.9249999998,-26.2400000001,-80.)) ;
#1454=CARTESIAN_POINT('Vertex',(44.3499999996,-26.2400000001,-80.)) ;
#1457=CARTESIAN_POINT('Axis2P3D Location',(43.7100000008,-26.2399999984,-80.)) ;
#1461=CARTESIAN_POINT('Vertex',(43.7100000009,-25.5999999995,-80.)) ;
#1464=CARTESIAN_POINT('Line Origine',(43.7100000009,-25.1399999996,-80.)) ;
#1468=CARTESIAN_POINT('Vertex',(43.71,-24.6799999996,-80.)) ;
#1472=CARTESIAN_POINT('Control Point',(43.7100000009,-24.6799999996,-80.)) ;
#1473=CARTESIAN_POINT('Control Point',(43.7100000009,-24.5825138628,-80.)) ;
#1474=CARTESIAN_POINT('Control Point',(43.7219994294,-24.4850283683,-80.)) ;
#1475=CARTESIAN_POINT('Control Point',(43.7460048302,-24.3894956604,-80.)) ;
#1476=CARTESIAN_POINT('Control Point',(43.8170239635,-24.2063374892,-80.)) ;
#1477=CARTESIAN_POINT('Control Point',(43.9303381602,-24.0458709063,-80.)) ;
#1478=CARTESIAN_POINT('Control Point',(43.9966519913,-23.9730338519,-80.)) ;
#1479=CARTESIAN_POINT('Control Point',(44.1458171356,-23.845204069,-80.)) ;
#1480=CARTESIAN_POINT('Control Point',(44.3215266468,-23.7573640905,-80.)) ;
#1481=CARTESIAN_POINT('Control Point',(44.4143943179,-23.7245269436,-80.)) ;
#1482=CARTESIAN_POINT('Control Point',(44.5285801908,-23.6994533028,-80.)) ;
#1483=CARTESIAN_POINT('Control Point',(44.6443558737,-23.6913040201,-80.)) ;
#1484=CARTESIAN_POINT('Control Point',(44.6629117914,-23.6904341971,-80.)) ;
#1485=CARTESIAN_POINT('Control Point',(44.6814558963,-23.6899999994,-80.)) ;
#1486=CARTESIAN_POINT('Control Point',(44.6999999993,-23.6899999994,-80.)) ;
#1487=CARTESIAN_POINT('Vertex',(44.6999999993,-23.6899999994,-80.)) ;
#1490=CARTESIAN_POINT('Line Origine',(45.5403292989,-23.6899999994,-80.)) ;
#1494=CARTESIAN_POINT('Vertex',(46.3806585986,-23.69,-80.)) ;
#1498=CARTESIAN_POINT('Control Point',(46.3806585986,-23.6899999994,-80.)) ;
#1499=CARTESIAN_POINT('Control Point',(46.4504894462,-23.6899999994,-80.)) ;
#1500=CARTESIAN_POINT('Control Point',(46.5203195054,-23.6995241162,-80.)) ;
#1501=CARTESIAN_POINT('Control Point',(46.5884348539,-23.7185800016,-80.)) ;
#1502=CARTESIAN_POINT('Control Point',(46.6692272898,-23.75369779,-80.)) ;
#1503=CARTESIAN_POINT('Control Point',(46.742297125,-23.8015353,-80.)) ;
#1504=CARTESIAN_POINT('Control Point',(46.7566184464,-23.811626045,-80.)) ;
#1505=CARTESIAN_POINT('Control Point',(46.7705437764,-23.822167129,-80.)) ;
#1506=CARTESIAN_POINT('Control Point',(46.7840939891,-23.8331701624,-80.)) ;
#1507=CARTESIAN_POINT('Vertex',(46.7840939891,-23.8331701624,-80.)) ;
#1510=CARTESIAN_POINT('Axis2P3D Location',(47.1875293375,-23.3363404022,-80.)) ;
#1514=CARTESIAN_POINT('Vertex',(47.0121072736,-23.9518296308,-80.)) ;
#1517=CARTESIAN_POINT('Axis2P3D Location',(47.4999999937,-22.2400000501,-80.)) ;
#1521=CARTESIAN_POINT('Vertex',(47.5,-24.0199999995,-80.)) ;
#1524=CARTESIAN_POINT('Axis2P3D Location',(47.5000000063,-22.2400000501,-80.)) ;
#1528=CARTESIAN_POINT('Vertex',(47.9878927264,-23.9518296308,-80.)) ;
#1531=CARTESIAN_POINT('Axis2P3D Location',(47.8124706202,-23.3363403212,-80.)) ;
#1535=CARTESIAN_POINT('Vertex',(48.4432569213,-23.4445468223,-80.)) ;
#1539=CARTESIAN_POINT('Control Point',(48.4432569221,-23.4445468224,-80.)) ;
#1540=CARTESIAN_POINT('Control Point',(48.4485489576,-23.4136970709,-80.)) ;
#1541=CARTESIAN_POINT('Control Point',(48.4576129913,-23.383494758,-80.)) ;
#1542=CARTESIAN_POINT('Control Point',(48.4708812322,-23.3534852627,-80.)) ;
#1543=CARTESIAN_POINT('Control Point',(48.5033587986,-23.2994247355,-80.)) ;
#1544=CARTESIAN_POINT('Control Point',(48.5479078527,-23.2547821462,-80.)) ;
#1545=CARTESIAN_POINT('Control Point',(48.5737940449,-23.2346199196,-80.)) ;
#1546=CARTESIAN_POINT('Control Point',(48.6144598486,-23.2104070449,-80.)) ;
#1547=CARTESIAN_POINT('Control Point',(48.6586080152,-23.1940827828,-80.)) ;
#1548=CARTESIAN_POINT('Control Point',(48.6738005373,-23.1895056648,-80.)) ;
#1549=CARTESIAN_POINT('Control Point',(48.6890924956,-23.1859079921,-80.)) ;
#1550=CARTESIAN_POINT('Control Point',(48.7045468222,-23.1832569222,-80.)) ;
#1551=CARTESIAN_POINT('Vertex',(48.7045468222,-23.1832569222,-80.)) ;
#1554=CARTESIAN_POINT('Axis2P3D Location',(48.5963403211,-22.5524706203,-80.)) ;
#1558=CARTESIAN_POINT('Vertex',(49.2118296307,-22.7278927266,-80.)) ;
#1561=CARTESIAN_POINT('Axis2P3D Location',(47.50000005,-22.2400000064,-80.)) ;
#1565=CARTESIAN_POINT('Vertex',(49.2799999993,-22.2400000001,-80.)) ;
#1568=CARTESIAN_POINT('Axis2P3D Location',(47.50000005,-22.2399999939,-80.)) ;
#1572=CARTESIAN_POINT('Vertex',(49.2118296307,-21.7521072737,-80.)) ;
#1575=CARTESIAN_POINT('Axis2P3D Location',(48.5963403211,-21.92752938,-80.)) ;
#1579=CARTESIAN_POINT('Vertex',(48.7045468221,-21.2967430786,-80.)) ;
#1583=CARTESIAN_POINT('Control Point',(48.7045468222,-21.2967430781,-80.)) ;
#1584=CARTESIAN_POINT('Control Point',(48.6736970708,-21.2914510425,-80.)) ;
#1585=CARTESIAN_POINT('Control Point',(48.6434947579,-21.2823870088,-80.)) ;
#1586=CARTESIAN_POINT('Control Point',(48.6134852626,-21.2691187679,-80.)) ;
#1587=CARTESIAN_POINT('Control Point',(48.5594247353,-21.2366412015,-80.)) ;
#1588=CARTESIAN_POINT('Control Point',(48.5147821461,-21.1920921475,-80.)) ;
#1589=CARTESIAN_POINT('Control Point',(48.4946199194,-21.1662059552,-80.)) ;
#1590=CARTESIAN_POINT('Control Point',(48.4704070448,-21.1255401515,-80.)) ;
#1591=CARTESIAN_POINT('Control Point',(48.4540827826,-21.0813919849,-80.)) ;
#1592=CARTESIAN_POINT('Control Point',(48.4495056646,-21.0661994629,-80.)) ;
#1593=CARTESIAN_POINT('Control Point',(48.4459079919,-21.0509075046,-80.)) ;
#1594=CARTESIAN_POINT('Control Point',(48.4432569221,-21.0354531779,-80.)) ;
#1595=CARTESIAN_POINT('Vertex',(48.4432569221,-21.0354531779,-80.)) ;
#1598=CARTESIAN_POINT('Axis2P3D Location',(47.8124706202,-21.143659679,-80.)) ;
#1602=CARTESIAN_POINT('Vertex',(47.9878927264,-20.5281703695,-80.)) ;
#1605=CARTESIAN_POINT('Axis2P3D Location',(47.5000000063,-22.2399999501,-80.)) ;
#1609=CARTESIAN_POINT('Vertex',(47.5,-20.4600000008,-80.)) ;
#1612=CARTESIAN_POINT('Axis2P3D Location',(47.4999999937,-22.2399999501,-80.)) ;
#1616=CARTESIAN_POINT('Vertex',(47.0121072736,-20.5281703695,-80.)) ;
#1619=CARTESIAN_POINT('Axis2P3D Location',(47.1875293798,-21.143659679,-80.)) ;
#1623=CARTESIAN_POINT('Vertex',(46.5567430786,-21.035453178,-80.)) ;
#1627=CARTESIAN_POINT('Control Point',(46.5567430779,-21.0354531779,-80.)) ;
#1628=CARTESIAN_POINT('Control Point',(46.5514510424,-21.0663029293,-80.)) ;
#1629=CARTESIAN_POINT('Control Point',(46.5423870087,-21.0965052423,-80.)) ;
#1630=CARTESIAN_POINT('Control Point',(46.5291187677,-21.1265147375,-80.)) ;
#1631=CARTESIAN_POINT('Control Point',(46.4966412014,-21.1805752648,-80.)) ;
#1632=CARTESIAN_POINT('Control Point',(46.4520921473,-21.225217854,-80.)) ;
#1633=CARTESIAN_POINT('Control Point',(46.4262059551,-21.2453800807,-80.)) ;
#1634=CARTESIAN_POINT('Control Point',(46.3855401514,-21.2695929553,-80.)) ;
#1635=CARTESIAN_POINT('Control Point',(46.3413919848,-21.2859172175,-80.)) ;
#1636=CARTESIAN_POINT('Control Point',(46.3261994627,-21.2904943354,-80.)) ;
#1637=CARTESIAN_POINT('Control Point',(46.3109075044,-21.2940920082,-80.)) ;
#1638=CARTESIAN_POINT('Control Point',(46.2954531778,-21.2967430781,-80.)) ;
#1639=CARTESIAN_POINT('Vertex',(46.2954531778,-21.2967430781,-80.)) ;
#1642=CARTESIAN_POINT('Axis2P3D Location',(46.4036596835,-21.9275293895,-80.)) ;
#1646=CARTESIAN_POINT('Vertex',(45.8319755537,-21.6398189908,-80.)) ;
#1650=CARTESIAN_POINT('Control Point',(45.8319755532,-21.6398189905,-80.)) ;
#1651=CARTESIAN_POINT('Control Point',(45.8081823511,-21.6870963794,-80.)) ;
#1652=CARTESIAN_POINT('Control Point',(45.7765701342,-21.73043741,-80.)) ;
#1653=CARTESIAN_POINT('Control Point',(45.7379811597,-21.768135616,-80.)) ;
#1654=CARTESIAN_POINT('Control Point',(45.6645886166,-21.8190811247,-80.)) ;
#1655=CARTESIAN_POINT('Control Point',(45.580794702,-21.8480892554,-80.)) ;
#1656=CARTESIAN_POINT('Control Point',(45.545103246,-21.8561245605,-80.)) ;
#1657=CARTESIAN_POINT('Control Point',(45.5098880916,-21.8599999993,-80.)) ;
#1658=CARTESIAN_POINT('Control Point',(45.4746729787,-21.8599999993,-80.)) ;
#1659=CARTESIAN_POINT('Vertex',(45.4746729787,-21.8599999993,-80.)) ;
#1662=CARTESIAN_POINT('Line Origine',(44.7173364898,-21.8599999993,-80.)) ;
#1666=CARTESIAN_POINT('Vertex',(43.9600000009,-21.86,-80.)) ;
#1670=CARTESIAN_POINT('Control Point',(43.9600000009,-21.8599999993,-80.)) ;
#1671=CARTESIAN_POINT('Control Point',(43.928929758,-21.8599999993,-80.)) ;
#1672=CARTESIAN_POINT('Control Point',(43.8978601288,-21.8551728784,-80.)) ;
#1673=CARTESIAN_POINT('Control Point',(43.8659834416,-21.8447999525,-80.)) ;
#1674=CARTESIAN_POINT('Control Point',(43.8100587,-21.8160469735,-80.)) ;
#1675=CARTESIAN_POINT('Control Point',(43.7654940377,-21.7716723704,-80.)) ;
#1676=CARTESIAN_POINT('Control Point',(43.7458229691,-21.7445293566,-80.)) ;
#1677=CARTESIAN_POINT('Control Point',(43.7245769055,-21.7023724261,-80.)) ;
#1678=CARTESIAN_POINT('Control Point',(43.7136874906,-21.6568585559,-80.)) ;
#1679=CARTESIAN_POINT('Control Point',(43.7112142912,-21.6411673143,-80.)) ;
#1680=CARTESIAN_POINT('Control Point',(43.7100000009,-21.6255836453,-80.)) ;
#1681=CARTESIAN_POINT('Control Point',(43.7100000009,-21.6099999993,-80.)) ;
#1682=CARTESIAN_POINT('Vertex',(43.7100000009,-21.6099999993,-80.)) ;
#1685=CARTESIAN_POINT('Line Origine',(43.7100000009,-21.08,-80.)) ;
#1689=CARTESIAN_POINT('Vertex',(43.71,-20.5500000006,-80.)) ;
#1693=CARTESIAN_POINT('Control Point',(43.7100000009,-20.5500000006,-80.)) ;
#1694=CARTESIAN_POINT('Control Point',(43.7100000009,-20.518929758,-80.)) ;
#1695=CARTESIAN_POINT('Control Point',(43.7148271218,-20.4878601289,-80.)) ;
#1696=CARTESIAN_POINT('Control Point',(43.7252000477,-20.4559834428,-80.)) ;
#1697=CARTESIAN_POINT('Control Point',(43.7539530269,-20.4000587014,-80.)) ;
#1698=CARTESIAN_POINT('Control Point',(43.79832763,-20.3554940393,-80.)) ;
#1699=CARTESIAN_POINT('Control Point',(43.8254706434,-20.3358229688,-80.)) ;
#1700=CARTESIAN_POINT('Control Point',(43.867627574,-20.3145769053,-80.)) ;
#1701=CARTESIAN_POINT('Control Point',(43.9131414443,-20.3036874903,-80.)) ;
#1702=CARTESIAN_POINT('Control Point',(43.9288326859,-20.301214291,-80.)) ;
#1703=CARTESIAN_POINT('Control Point',(43.9444163549,-20.3000000006,-80.)) ;
#1704=CARTESIAN_POINT('Control Point',(43.9600000009,-20.3000000006,-80.)) ;
#1705=CARTESIAN_POINT('Vertex',(43.9600000009,-20.3000000006,-80.)) ;
#1708=CARTESIAN_POINT('Line Origine',(43.979400103,-20.3000000006,-80.)) ;
#1712=CARTESIAN_POINT('Vertex',(43.9988002051,-20.3000000006,-80.)) ;
#1715=CARTESIAN_POINT('Axis2P3D Location',(43.9988002031,-19.029999997,-80.)) ;
#1719=CARTESIAN_POINT('Vertex',(44.9349104671,-19.8882526309,-80.)) ;
#1723=CARTESIAN_POINT('Control Point',(44.9349104669,-19.8882526307,-80.)) ;
#1724=CARTESIAN_POINT('Control Point',(45.1712247012,-19.6305008089,-80.)) ;
#1725=CARTESIAN_POINT('Control Point',(45.439913573,-19.4024318871,-80.)) ;
#1726=CARTESIAN_POINT('Control Point',(45.7360683859,-19.209439654,-80.)) ;
#1727=CARTESIAN_POINT('Control Point',(46.1324994274,-19.0173199937,-80.)) ;
#1728=CARTESIAN_POINT('Control Point',(46.5509279082,-18.8902044375,-80.)) ;
#1729=CARTESIAN_POINT('Control Point',(46.6355840188,-18.8673670304,-80.)) ;
#1730=CARTESIAN_POINT('Control Point',(46.7206924563,-18.8472547745,-80.)) ;
#1731=CARTESIAN_POINT('Control Point',(46.8063479196,-18.8298318534,-80.)) ;
#1732=CARTESIAN_POINT('Vertex',(46.8063479196,-18.8298318534,-80.)) ;
#1735=CARTESIAN_POINT('Axis2P3D Location',(46.6070226051,-17.8498984711,-80.)) ;
#1739=CARTESIAN_POINT('Vertex',(47.5,-18.3000000006,-80.)) ;
#1742=CARTESIAN_POINT('Line Origine',(48.75,-18.3000000006,-80.)) ;
#1746=CARTESIAN_POINT('Vertex',(50.,-18.3000000006,-80.)) ;
#1749=CARTESIAN_POINT('Line Origine',(50.,-17.3000000006,-80.)) ;
#1753=CARTESIAN_POINT('Vertex',(50.,-16.3000000006,-80.)) ;
#1756=CARTESIAN_POINT('Line Origine',(48.75,-16.3000000006,-80.)) ;
#1760=CARTESIAN_POINT('Vertex',(47.5,-16.3000000006,-80.)) ;
#1763=CARTESIAN_POINT('Line Origine',(47.5,-15.5500000006,-80.)) ;
#1767=CARTESIAN_POINT('Vertex',(47.5,-14.8000000006,-80.)) ;
#1770=CARTESIAN_POINT('Line Origine',(48.75,-14.8000000006,-80.)) ;
#1774=CARTESIAN_POINT('Vertex',(50.,-14.8000000006,-80.)) ;
#1777=CARTESIAN_POINT('Line Origine',(50.,-13.8000000006,-80.)) ;
#1781=CARTESIAN_POINT('Vertex',(50.,-12.8000000006,-80.)) ;
#1784=CARTESIAN_POINT('Line Origine',(48.75,-12.8000000006,-80.)) ;
#1788=CARTESIAN_POINT('Vertex',(47.5,-12.8000000006,-80.)) ;
#1791=CARTESIAN_POINT('Line Origine',(47.5,-12.0500000006,-80.)) ;
#1795=CARTESIAN_POINT('Vertex',(47.5,-11.3000000006,-80.)) ;
#1798=CARTESIAN_POINT('Line Origine',(48.75,-11.3000000006,-80.)) ;
#1802=CARTESIAN_POINT('Vertex',(50.,-11.3000000006,-80.)) ;
#1805=CARTESIAN_POINT('Line Origine',(50.,-10.3000000006,-80.)) ;
#1809=CARTESIAN_POINT('Vertex',(50.,-9.30000000065,-80.)) ;
#1812=CARTESIAN_POINT('Line Origine',(48.75,-9.30000000065,-80.)) ;
#1816=CARTESIAN_POINT('Vertex',(47.5,-9.30000000065,-80.)) ;
#1819=CARTESIAN_POINT('Line Origine',(47.5,-8.55000000065,-80.)) ;
#1823=CARTESIAN_POINT('Vertex',(47.5,-7.80000000065,-80.)) ;
#1826=CARTESIAN_POINT('Line Origine',(48.75,-7.80000000065,-80.)) ;
#1830=CARTESIAN_POINT('Vertex',(50.,-7.80000000065,-80.)) ;
#1833=CARTESIAN_POINT('Line Origine',(50.,-6.80000000065,-80.)) ;
#1837=CARTESIAN_POINT('Vertex',(50.,-5.80000000065,-80.)) ;
#1840=CARTESIAN_POINT('Line Origine',(48.75,-5.80000000065,-80.)) ;
#1844=CARTESIAN_POINT('Vertex',(47.5,-5.80000000065,-80.)) ;
#1847=CARTESIAN_POINT('Line Origine',(47.5,-5.05000000065,-80.)) ;
#1851=CARTESIAN_POINT('Vertex',(47.5,-4.30000000065,-80.)) ;
#1854=CARTESIAN_POINT('Line Origine',(48.75,-4.30000000065,-80.)) ;
#1858=CARTESIAN_POINT('Vertex',(50.,-4.30000000065,-80.)) ;
#1861=CARTESIAN_POINT('Line Origine',(50.,-3.30000000065,-80.)) ;
#1865=CARTESIAN_POINT('Vertex',(50.,-2.30000000065,-80.)) ;
#1868=CARTESIAN_POINT('Line Origine',(48.75,-2.30000000065,-80.)) ;
#1872=CARTESIAN_POINT('Vertex',(47.5,-2.30000000065,-80.)) ;
#1875=CARTESIAN_POINT('Line Origine',(47.5,-1.55000000065,-80.)) ;
#1879=CARTESIAN_POINT('Vertex',(47.5,-0.80000000065,-80.)) ;
#1882=CARTESIAN_POINT('Line Origine',(48.75,-0.80000000065,-80.)) ;
#1886=CARTESIAN_POINT('Vertex',(50.,-0.80000000065,-80.)) ;
#1889=CARTESIAN_POINT('Line Origine',(50.,0.19999999935,-80.)) ;
#1893=CARTESIAN_POINT('Vertex',(50.,1.19999999935,-80.)) ;
#1896=CARTESIAN_POINT('Line Origine',(48.75,1.19999999935,-80.)) ;
#1900=CARTESIAN_POINT('Vertex',(47.5,1.19999999935,-80.)) ;
#1903=CARTESIAN_POINT('Line Origine',(47.5,1.94999999935,-80.)) ;
#1907=CARTESIAN_POINT('Vertex',(47.5,2.69999999935,-80.)) ;
#1910=CARTESIAN_POINT('Line Origine',(48.75,2.69999999935,-80.)) ;
#1914=CARTESIAN_POINT('Vertex',(50.,2.69999999935,-80.)) ;
#1917=CARTESIAN_POINT('Line Origine',(50.,3.69999999935,-80.)) ;
#1921=CARTESIAN_POINT('Vertex',(50.,4.69999999935,-80.)) ;
#1924=CARTESIAN_POINT('Line Origine',(48.75,4.69999999935,-80.)) ;
#1928=CARTESIAN_POINT('Vertex',(47.5,4.69999999935,-80.)) ;
#1931=CARTESIAN_POINT('Line Origine',(47.5,5.44999999935,-80.)) ;
#1935=CARTESIAN_POINT('Vertex',(47.5,6.19999999935,-80.)) ;
#1938=CARTESIAN_POINT('Line Origine',(48.75,6.19999999935,-80.)) ;
#1942=CARTESIAN_POINT('Vertex',(50.,6.19999999935,-80.)) ;
#1945=CARTESIAN_POINT('Line Origine',(50.,7.19999999935,-80.)) ;
#1949=CARTESIAN_POINT('Vertex',(50.,8.19999999935,-80.)) ;
#1952=CARTESIAN_POINT('Line Origine',(48.75,8.19999999935,-80.)) ;
#1956=CARTESIAN_POINT('Vertex',(47.5,8.19999999935,-80.)) ;
#1959=CARTESIAN_POINT('Line Origine',(47.5,8.94999999935,-80.)) ;
#1963=CARTESIAN_POINT('Vertex',(47.5,9.69999999935,-80.)) ;
#1966=CARTESIAN_POINT('Line Origine',(48.75,9.69999999935,-80.)) ;
#1970=CARTESIAN_POINT('Vertex',(50.,9.69999999935,-80.)) ;
#1973=CARTESIAN_POINT('Line Origine',(50.,10.6999999994,-80.)) ;
#1977=CARTESIAN_POINT('Vertex',(50.,11.6999999994,-80.)) ;
#1980=CARTESIAN_POINT('Line Origine',(48.75,11.6999999994,-80.)) ;
#1984=CARTESIAN_POINT('Vertex',(47.5,11.6999999994,-80.)) ;
#1987=CARTESIAN_POINT('Line Origine',(47.5,12.4499999994,-80.)) ;
#1991=CARTESIAN_POINT('Vertex',(47.5,13.1999999994,-80.)) ;
#1994=CARTESIAN_POINT('Line Origine',(48.75,13.1999999994,-80.)) ;
#1998=CARTESIAN_POINT('Vertex',(50.,13.1999999994,-80.)) ;
#2001=CARTESIAN_POINT('Line Origine',(50.,14.1999999994,-80.)) ;
#2005=CARTESIAN_POINT('Vertex',(50.,15.1999999994,-80.)) ;
#2008=CARTESIAN_POINT('Line Origine',(48.75,15.1999999994,-80.)) ;
#2012=CARTESIAN_POINT('Vertex',(47.5,15.1999999994,-80.)) ;
#2015=CARTESIAN_POINT('Line Origine',(47.5,15.9499999994,-80.)) ;
#2019=CARTESIAN_POINT('Vertex',(47.5,16.6999999994,-80.)) ;
#2022=CARTESIAN_POINT('Line Origine',(48.75,16.6999999994,-80.)) ;
#2026=CARTESIAN_POINT('Vertex',(50.,16.6999999994,-80.)) ;
#2029=CARTESIAN_POINT('Line Origine',(50.,17.6999999994,-80.)) ;
#2033=CARTESIAN_POINT('Vertex',(50.,18.6999999994,-80.)) ;
#2036=CARTESIAN_POINT('Line Origine',(48.75,18.6999999994,-80.)) ;
#2040=CARTESIAN_POINT('Vertex',(47.5,18.6999999994,-80.)) ;
#2043=CARTESIAN_POINT('Axis2P3D Location',(46.5000000091,18.7000000034,-80.)) ;
#2047=CARTESIAN_POINT('Vertex',(47.1240610858,19.4813755571,-80.)) ;
#2051=CARTESIAN_POINT('Control Point',(47.1240610853,19.4813755565,-80.)) ;
#2052=CARTESIAN_POINT('Control Point',(47.0475040181,19.5425193766,-80.)) ;
#2053=CARTESIAN_POINT('Control Point',(46.978435831,19.613038869,-80.)) ;
#2054=CARTESIAN_POINT('Control Point',(46.9183783463,19.6917268196,-80.)) ;
#2055=CARTESIAN_POINT('Control Point',(46.8187756912,19.8621790416,-80.)) ;
#2056=CARTESIAN_POINT('Control Point',(46.7632516718,20.0516275454,-80.)) ;
#2057=CARTESIAN_POINT('Control Point',(46.7472841,20.1493195674,-80.)) ;
#2058=CARTESIAN_POINT('Control Point',(46.739601512,20.3465901872,-80.)) ;
#2059=CARTESIAN_POINT('Control Point',(46.7797515676,20.5398819313,-80.)) ;
#2060=CARTESIAN_POINT('Control Point',(46.8116300948,20.6335959174,-80.)) ;
#2061=CARTESIAN_POINT('Control Point',(46.873292705,20.7609296441,-80.)) ;
#2062=CARTESIAN_POINT('Control Point',(46.9556704334,20.8749017884,-80.)) ;
#2063=CARTESIAN_POINT('Control Point',(46.9825729793,20.9082297439,-80.)) ;
#2064=CARTESIAN_POINT('Control Point',(47.0109977531,20.9398402587,-80.)) ;
#2065=CARTESIAN_POINT('Control Point',(47.0410153903,20.9698578958,-80.)) ;
#2066=CARTESIAN_POINT('Vertex',(47.0410153903,20.9698578958,-80.)) ;
#2069=CARTESIAN_POINT('Line Origine',(47.1727461293,21.1015886349,-80.)) ;
#2073=CARTESIAN_POINT('Vertex',(47.3044768686,21.2333193737,-80.)) ;
#2077=CARTESIAN_POINT('Control Point',(47.3044768684,21.2333193739,-80.)) ;
#2078=CARTESIAN_POINT('Control Point',(47.3300848207,21.2530847276,-80.)) ;
#2079=CARTESIAN_POINT('Control Point',(47.3581901493,21.2696138276,-80.)) ;
#2080=CARTESIAN_POINT('Control Point',(47.3894903056,21.2829412144,-80.)) ;
#2081=CARTESIAN_POINT('Control Point',(47.4522771121,21.3005555333,-80.)) ;
#2082=CARTESIAN_POINT('Control Point',(47.517474482,21.3019946772,-80.)) ;
#2083=CARTESIAN_POINT('Control Point',(47.5512992073,21.2983615743,-80.)) ;
#2084=CARTESIAN_POINT('Control Point',(47.5988820412,21.2869170131,-80.)) ;
#2085=CARTESIAN_POINT('Control Point',(47.6432083384,21.2668559841,-80.)) ;
#2086=CARTESIAN_POINT('Control Point',(47.6577014337,21.2591510638,-80.)) ;
#2087=CARTESIAN_POINT('Control Point',(47.6715268784,21.2506311311,-80.)) ;
#2088=CARTESIAN_POINT('Control Point',(47.6847598609,21.2412734089,-80.)) ;
#2089=CARTESIAN_POINT('Vertex',(47.6847598609,21.2412734089,-80.)) ;
#2092=CARTESIAN_POINT('Axis2P3D Location',(48.0542795832,21.7638202208,-80.)) ;
#2096=CARTESIAN_POINT('Vertex',(48.3654540852,21.2045614031,-80.)) ;
#2099=CARTESIAN_POINT('Axis2P3D Location',(47.4999999787,22.7600000212,-80.)) ;
#2103=CARTESIAN_POINT('Vertex',(49.0554385968,21.8945459147,-80.)) ;
#2106=CARTESIAN_POINT('Axis2P3D Location',(48.4961797791,22.2057204167,-80.)) ;
#2110=CARTESIAN_POINT('Vertex',(49.0187265916,22.5752401394,-80.)) ;
#2114=CARTESIAN_POINT('Control Point',(49.018726591,22.575240139,-80.)) ;
#2115=CARTESIAN_POINT('Control Point',(49.000654557,22.6007962416,-80.)) ;
#2116=CARTESIAN_POINT('Control Point',(48.9857075364,22.6285617412,-80.)) ;
#2117=CARTESIAN_POINT('Control Point',(48.9738696844,22.6591637217,-80.)) ;
#2118=CARTESIAN_POINT('Control Point',(48.9586082266,22.7203553946,-80.)) ;
#2119=CARTESIAN_POINT('Control Point',(48.9585420873,22.7834234102,-80.)) ;
#2120=CARTESIAN_POINT('Control Point',(48.9625895422,22.8159845605,-80.)) ;
#2121=CARTESIAN_POINT('Control Point',(48.97422352,22.861860714,-80.)) ;
#2122=CARTESIAN_POINT('Control Point',(48.9938979913,22.9046211785,-80.)) ;
#2123=CARTESIAN_POINT('Control Point',(49.0014042128,22.918600426,-80.)) ;
#2124=CARTESIAN_POINT('Control Point',(49.0096733213,22.9319574121,-80.)) ;
#2125=CARTESIAN_POINT('Control Point',(49.018726591,22.9447598607,-80.)) ;
#2126=CARTESIAN_POINT('Vertex',(49.018726591,22.9447598607,-80.)) ;
#2129=CARTESIAN_POINT('Axis2P3D Location',(48.4961797791,23.314279583,-80.)) ;
#2133=CARTESIAN_POINT('Vertex',(49.0554385968,23.625454085,-80.)) ;
#2136=CARTESIAN_POINT('Axis2P3D Location',(47.4999999787,22.7599999786,-80.)) ;
#2140=CARTESIAN_POINT('Vertex',(48.3654540852,24.3154385966,-80.)) ;
#2143=CARTESIAN_POINT('Axis2P3D Location',(48.0542795832,23.756179779,-80.)) ;
#2147=CARTESIAN_POINT('Vertex',(47.6847598604,24.2787265915,-80.)) ;
#2151=CARTESIAN_POINT('Control Point',(47.6847598609,24.2787265909,-80.)) ;
#2152=CARTESIAN_POINT('Control Point',(47.6592037583,24.2606545568,-80.)) ;
#2153=CARTESIAN_POINT('Control Point',(47.6314382586,24.2457075362,-80.)) ;
#2154=CARTESIAN_POINT('Control Point',(47.6008362781,24.2338696844,-80.)) ;
#2155=CARTESIAN_POINT('Control Point',(47.5396446053,24.2186082264,-80.)) ;
#2156=CARTESIAN_POINT('Control Point',(47.4765765896,24.2185420872,-80.)) ;
#2157=CARTESIAN_POINT('Control Point',(47.4440154393,24.222589542,-80.)) ;
#2158=CARTESIAN_POINT('Control Point',(47.3981392859,24.2342235198,-80.)) ;
#2159=CARTESIAN_POINT('Control Point',(47.3553788214,24.2538979912,-80.)) ;
#2160=CARTESIAN_POINT('Control Point',(47.3413995739,24.2614042127,-80.)) ;
#2161=CARTESIAN_POINT('Control Point',(47.3280425878,24.2696733212,-80.)) ;
#2162=CARTESIAN_POINT('Control Point',(47.3152401391,24.2787265909,-80.)) ;
#2163=CARTESIAN_POINT('Vertex',(47.3152401391,24.2787265909,-80.)) ;
#2166=CARTESIAN_POINT('Axis2P3D Location',(46.9457204168,23.756179779,-80.)) ;
#2170=CARTESIAN_POINT('Vertex',(46.6345459148,24.3154385966,-80.)) ;
#2173=CARTESIAN_POINT('Axis2P3D Location',(47.5000000213,22.7599999786,-80.)) ;
#2177=CARTESIAN_POINT('Vertex',(45.9445614032,23.625454085,-80.)) ;
#2180=CARTESIAN_POINT('Axis2P3D Location',(46.5038202209,23.314279583,-80.)) ;
#2184=CARTESIAN_POINT('Vertex',(45.9812734085,22.9447598604,-80.)) ;
#2188=CARTESIAN_POINT('Control Point',(45.981273409,22.9447598607,-80.)) ;
#2189=CARTESIAN_POINT('Control Point',(46.0021189615,22.9152816584,-80.)) ;
#2190=CARTESIAN_POINT('Control Point',(46.0188066758,22.8828638512,-80.)) ;
#2191=CARTESIAN_POINT('Control Point',(46.031282503,22.8465059033,-80.)) ;
#2192=CARTESIAN_POINT('Control Point',(46.0447543677,22.7748405917,-80.)) ;
#2193=CARTESIAN_POINT('Control Point',(46.0378745677,22.7022402768,-80.)) ;
#2194=CARTESIAN_POINT('Control Point',(46.0287641544,22.6648969072,-80.)) ;
#2195=CARTESIAN_POINT('Control Point',(46.0082574166,22.6141493173,-80.)) ;
#2196=CARTESIAN_POINT('Control Point',(45.9778093421,22.5691410494,-80.)) ;
#2197=CARTESIAN_POINT('Control Point',(45.9664507607,22.5546832713,-80.)) ;
#2198=CARTESIAN_POINT('Control Point',(45.9542557899,22.5412495264,-80.)) ;
#2199=CARTESIAN_POINT('Control Point',(45.9411764704,22.5287404732,-80.)) ;
#2200=CARTESIAN_POINT('Vertex',(45.9411764706,22.528740473,-80.)) ;
#2204=CARTESIAN_POINT('Control Point',(45.9411764704,22.5287404732,-80.)) ;
#2205=CARTESIAN_POINT('Control Point',(45.8703696445,22.4610208681,-80.)) ;
#2206=CARTESIAN_POINT('Control Point',(45.7912695474,22.40197353,-80.)) ;
#2207=CARTESIAN_POINT('Control Point',(45.7052755691,22.3529457129,-80.)) ;
#2208=CARTESIAN_POINT('Control Point',(45.5230634188,22.2769629326,-80.)) ;
#2209=CARTESIAN_POINT('Control Point',(45.3279026602,22.2471983152,-80.)) ;
#2210=CARTESIAN_POINT('Control Point',(45.2289538626,22.2444008649,-80.)) ;
#2211=CARTESIAN_POINT('Control Point',(45.032420821,22.2630934712,-80.)) ;
#2212=CARTESIAN_POINT('Control Point',(44.8462097184,22.3286608318,-80.)) ;
#2213=CARTESIAN_POINT('Control Point',(44.7575831083,22.3727518305,-80.)) ;
#2214=CARTESIAN_POINT('Control Point',(44.5929622155,22.4817225151,-80.)) ;
#2215=CARTESIAN_POINT('Control Point',(44.4595056431,22.6271975835,-80.)) ;
#2216=CARTESIAN_POINT('Control Point',(44.4020500233,22.7078049374,-80.)) ;
#2217=CARTESIAN_POINT('Control Point',(44.3191549913,22.8609366656,-80.)) ;
#2218=CARTESIAN_POINT('Control Point',(44.2710159425,23.0277190415,-80.)) ;
#2219=CARTESIAN_POINT('Control Point',(44.2570048772,23.101708195,-80.)) ;
#2220=CARTESIAN_POINT('Control Point',(44.25,23.176567284,-80.)) ;
#2221=CARTESIAN_POINT('Control Point',(44.25,23.2514264957,-80.)) ;
#2222=CARTESIAN_POINT('Vertex',(44.25,23.2514264957,-80.)) ;
#2225=CARTESIAN_POINT('Line Origine',(44.25,23.6807132476,-80.)) ;
#2229=CARTESIAN_POINT('Vertex',(44.25,24.1099999995,-80.)) ;
#2232=CARTESIAN_POINT('Axis2P3D Location',(43.2499999968,24.1099999963,-80.)) ;
#2236=CARTESIAN_POINT('Vertex',(43.25,25.1099999995,-80.)) ;
#2239=CARTESIAN_POINT('Line Origine',(0.,25.1099999995,-80.)) ;
#2243=CARTESIAN_POINT('Vertex',(-43.25,25.1099999995,-80.)) ;
#2246=CARTESIAN_POINT('Axis2P3D Location',(-43.2499999968,24.1099999963,-80.)) ;
#2250=CARTESIAN_POINT('Vertex',(-44.25,24.1099999995,-80.)) ;
#2253=CARTESIAN_POINT('Line Origine',(-44.25,23.6807132476,-80.)) ;
#2484=CARTESIAN_POINT('Axis2P3D Location',(-48.0542795823,23.7561797753,80.)) ;
#2489=CARTESIAN_POINT('Line Origine',(-47.6847598608,24.2787265918,80.)) ;
#2493=CARTESIAN_POINT('Vertex',(-47.6847598608,24.2787265918,80.)) ;
#2496=CARTESIAN_POINT('Axis2P3D Location',(-48.0542795823,23.7561797753,80.)) ;
#2509=CARTESIAN_POINT('Axis2P3D Location',(2.463307E-015,0.314071418813,80.)) ;
#2514=CARTESIAN_POINT('Axis2P3D Location',(-45.2499999993,23.2514264938,80.)) ;
#2518=CARTESIAN_POINT('Vertex',(-45.9411764704,22.5287404732,80.)) ;
#2520=CARTESIAN_POINT('Vertex',(-44.25,23.2514264957,80.)) ;
#2523=CARTESIAN_POINT('Line Origine',(-44.25,23.6807132476,80.)) ;
#2527=CARTESIAN_POINT('Vertex',(-44.25,24.1099999995,80.)) ;
#2531=CARTESIAN_POINT('Control Point',(-44.25,24.1099999995,80.)) ;
#2532=CARTESIAN_POINT('Control Point',(-44.25,24.2079773006,80.)) ;
#2533=CARTESIAN_POINT('Control Point',(-44.2380005599,24.3059539661,80.)) ;
#2534=CARTESIAN_POINT('Control Point',(-44.2139952612,24.4019874951,80.)) ;
#2535=CARTESIAN_POINT('Control Point',(-44.1429662013,24.5861871798,80.)) ;
#2536=CARTESIAN_POINT('Control Point',(-44.0295861473,24.7477997352,80.)) ;
#2537=CARTESIAN_POINT('Control Point',(-43.9632167364,24.8212421863,80.)) ;
#2538=CARTESIAN_POINT('Control Point',(-43.8138687167,24.9503540767,80.)) ;
#2539=CARTESIAN_POINT('Control Point',(-43.6377792074,25.0396076557,80.)) ;
#2540=CARTESIAN_POINT('Control Point',(-43.544658961,25.0731819489,80.)) ;
#2541=CARTESIAN_POINT('Control Point',(-43.4285342909,25.0995098897,80.)) ;
#2542=CARTESIAN_POINT('Control Point',(-43.3106479428,25.108466229,80.)) ;
#2543=CARTESIAN_POINT('Control Point',(-43.290421971,25.1094893933,80.)) ;
#2544=CARTESIAN_POINT('Control Point',(-43.2702109843,25.1099999995,80.)) ;
#2545=CARTESIAN_POINT('Control Point',(-43.25,25.1099999995,80.)) ;
#2546=CARTESIAN_POINT('Vertex',(-43.25,25.11,80.)) ;
#2549=CARTESIAN_POINT('Line Origine',(0.,25.1099999995,80.)) ;
#2553=CARTESIAN_POINT('Vertex',(43.25,25.1099999995,80.)) ;
#2557=CARTESIAN_POINT('Control Point',(43.25,25.1099999995,80.)) ;
#2558=CARTESIAN_POINT('Control Point',(43.3479773015,25.1099999995,80.)) ;
#2559=CARTESIAN_POINT('Control Point',(43.4459539671,25.0980005593,80.)) ;
#2560=CARTESIAN_POINT('Control Point',(43.5419874869,25.0739952632,80.)) ;
#2561=CARTESIAN_POINT('Control Point',(43.7261871687,25.0029662063,80.)) ;
#2562=CARTESIAN_POINT('Control Point',(43.8877997223,24.8895861566,80.)) ;
#2563=CARTESIAN_POINT('Control Point',(43.9612421869,24.8232167379,80.)) ;
#2564=CARTESIAN_POINT('Control Point',(44.0903540718,24.6738687259,80.)) ;
#2565=CARTESIAN_POINT('Control Point',(44.1796076493,24.4977792265,80.)) ;
#2566=CARTESIAN_POINT('Control Point',(44.2131819512,24.4046589538,80.)) ;
#2567=CARTESIAN_POINT('Control Point',(44.2395098905,24.2885342882,80.)) ;
#2568=CARTESIAN_POINT('Control Point',(44.2484662297,24.1706479447,80.)) ;
#2569=CARTESIAN_POINT('Control Point',(44.2494893937,24.1504219718,80.)) ;
#2570=CARTESIAN_POINT('Control Point',(44.25,24.1302109845,80.)) ;
#2571=CARTESIAN_POINT('Control Point',(44.25,24.1099999995,80.)) ;
#2572=CARTESIAN_POINT('Vertex',(44.25,24.11,80.)) ;
#2575=CARTESIAN_POINT('Line Origine',(44.25,23.6807132476,80.)) ;
#2579=CARTESIAN_POINT('Vertex',(44.25,23.2514264957,80.)) ;
#2582=CARTESIAN_POINT('Axis2P3D Location',(45.2499999993,23.2514264938,80.)) ;
#2586=CARTESIAN_POINT('Vertex',(45.9411764704,22.5287404732,80.)) ;
#2589=CARTESIAN_POINT('Axis2P3D Location',(45.7199999995,22.7600000008,80.)) ;
#2593=CARTESIAN_POINT('Vertex',(45.981273409,22.9447598607,80.)) ;
#2597=CARTESIAN_POINT('Control Point',(45.981273409,22.9447598607,80.)) ;
#2598=CARTESIAN_POINT('Control Point',(45.9314706849,23.015187103,80.)) ;
#2599=CARTESIAN_POINT('Control Point',(45.8935336148,23.0940036866,80.)) ;
#2600=CARTESIAN_POINT('Control Point',(45.8693421209,23.1785976492,80.)) ;
#2601=CARTESIAN_POINT('Control Point',(45.8535618251,23.3235349392,80.)) ;
#2602=CARTESIAN_POINT('Control Point',(45.878080815,23.4661106196,80.)) ;
#2603=CARTESIAN_POINT('Control Point',(45.8942834412,23.5218066042,80.)) ;
#2604=CARTESIAN_POINT('Control Point',(45.9166001027,23.5752005974,80.)) ;
#2605=CARTESIAN_POINT('Control Point',(45.9445614032,23.625454085,80.)) ;
#2606=CARTESIAN_POINT('Vertex',(45.9445614035,23.6254540846,80.)) ;
#2610=CARTESIAN_POINT('Control Point',(45.9445614032,23.625454085,80.)) ;
#2611=CARTESIAN_POINT('Control Point',(46.040673849,23.798192316,80.)) ;
#2612=CARTESIAN_POINT('Control Point',(46.1607650647,23.9575877005,80.)) ;
#2613=CARTESIAN_POINT('Control Point',(46.3024118201,24.0992346685,80.)) ;
#2614=CARTESIAN_POINT('Control Point',(46.4618076839,24.219326151,80.)) ;
#2615=CARTESIAN_POINT('Control Point',(46.6345459148,24.3154385966,80.)) ;
#2616=CARTESIAN_POINT('Vertex',(46.634545915,24.3154385963,80.)) ;
#2620=CARTESIAN_POINT('Control Point',(46.6345459148,24.3154385966,80.)) ;
#2621=CARTESIAN_POINT('Control Point',(46.7099210904,24.3573777345,80.)) ;
#2622=CARTESIAN_POINT('Control Point',(46.7923607511,24.3866177432,80.)) ;
#2623=CARTESIAN_POINT('Control Point',(46.8790658907,24.4015705285,80.)) ;
#2624=CARTESIAN_POINT('Control Point',(47.0248596741,24.401670771,80.)) ;
#2625=CARTESIAN_POINT('Control Point',(47.1639712161,24.3619594886,80.)) ;
#2626=CARTESIAN_POINT('Control Point',(47.2176014549,24.3398605576,80.)) ;
#2627=CARTESIAN_POINT('Control Point',(47.2682854917,24.3119306363,80.)) ;
#2628=CARTESIAN_POINT('Control Point',(47.3152401391,24.2787265909,80.)) ;
#2629=CARTESIAN_POINT('Vertex',(47.3152401392,24.2787265918,80.)) ;
#2632=CARTESIAN_POINT('Axis2P3D Location',(47.5,24.5400000084,80.)) ;
#2636=CARTESIAN_POINT('Vertex',(47.6847598609,24.2787265909,80.)) ;
#2640=CARTESIAN_POINT('Control Point',(47.6847598609,24.2787265909,80.)) ;
#2641=CARTESIAN_POINT('Control Point',(47.755187104,24.3285293157,80.)) ;
#2642=CARTESIAN_POINT('Control Point',(47.8340036888,24.3664663861,80.)) ;
#2643=CARTESIAN_POINT('Control Point',(47.9185976488,24.3906578788,80.)) ;
#2644=CARTESIAN_POINT('Control Point',(48.0635349391,24.4064381749,80.)) ;
#2645=CARTESIAN_POINT('Control Point',(48.20611062,24.3819191851,80.)) ;
#2646=CARTESIAN_POINT('Control Point',(48.2618066058,24.3657165581,80.)) ;
#2647=CARTESIAN_POINT('Control Point',(48.3152005982,24.3433998968,80.)) ;
#2648=CARTESIAN_POINT('Control Point',(48.3654540852,24.3154385966,80.)) ;
#2649=CARTESIAN_POINT('Vertex',(48.3654540846,24.3154385965,80.)) ;
#2653=CARTESIAN_POINT('Control Point',(48.3654540852,24.3154385966,80.)) ;
#2654=CARTESIAN_POINT('Control Point',(48.5381923161,24.219326151,80.)) ;
#2655=CARTESIAN_POINT('Control Point',(48.6975877006,24.0992349351,80.)) ;
#2656=CARTESIAN_POINT('Control Point',(48.8392346685,23.9575881797,80.)) ;
#2657=CARTESIAN_POINT('Control Point',(48.959326151,23.798192316,80.)) ;
#2658=CARTESIAN_POINT('Control Point',(49.0554385968,23.625454085,80.)) ;
#2659=CARTESIAN_POINT('Vertex',(49.0554385964,23.6254540848,80.)) ;
#2663=CARTESIAN_POINT('Control Point',(49.0554385968,23.625454085,80.)) ;
#2664=CARTESIAN_POINT('Control Point',(49.0973777344,23.5500789096,80.)) ;
#2665=CARTESIAN_POINT('Control Point',(49.1266177431,23.4676392492,80.)) ;
#2666=CARTESIAN_POINT('Control Point',(49.1415705281,23.3809341106,80.)) ;
#2667=CARTESIAN_POINT('Control Point',(49.141670771,23.2351403271,80.)) ;
#2668=CARTESIAN_POINT('Control Point',(49.1019594889,23.0960287849,80.)) ;
#2669=CARTESIAN_POINT('Control Point',(49.0798605581,23.0423985456,80.)) ;
#2670=CARTESIAN_POINT('Control Point',(49.0519306367,22.9917145084,80.)) ;
#2671=CARTESIAN_POINT('Control Point',(49.018726591,22.9447598607,80.)) ;
#2672=CARTESIAN_POINT('Vertex',(49.0187265918,22.9447598608,80.)) ;
#2675=CARTESIAN_POINT('Axis2P3D Location',(49.2800000085,22.7599999999,80.)) ;
#2679=CARTESIAN_POINT('Vertex',(49.018726591,22.575240139,80.)) ;
#2683=CARTESIAN_POINT('Control Point',(49.018726591,22.575240139,80.)) ;
#2684=CARTESIAN_POINT('Control Point',(49.0685293156,22.5048128963,80.)) ;
#2685=CARTESIAN_POINT('Control Point',(49.1064663857,22.4259963121,80.)) ;
#2686=CARTESIAN_POINT('Control Point',(49.1306578785,22.3414023517,80.)) ;
#2687=CARTESIAN_POINT('Control Point',(49.1464381749,22.196465062,80.)) ;
#2688=CARTESIAN_POINT('Control Point',(49.1219191855,22.0538893817,80.)) ;
#2689=CARTESIAN_POINT('Control Point',(49.1057165581,21.9981933941,80.)) ;
#2690=CARTESIAN_POINT('Control Point',(49.083399897,21.9447994016,80.)) ;
#2691=CARTESIAN_POINT('Control Point',(49.0554385968,21.8945459147,80.)) ;
#2692=CARTESIAN_POINT('Vertex',(49.0554385965,21.8945459154,80.)) ;
#2696=CARTESIAN_POINT('Control Point',(49.0554385968,21.8945459147,80.)) ;
#2697=CARTESIAN_POINT('Control Point',(48.9593261514,21.7218076842,80.)) ;
#2698=CARTESIAN_POINT('Control Point',(48.8392349359,21.5624123002,80.)) ;
#2699=CARTESIAN_POINT('Control Point',(48.697588179,21.4207653306,80.)) ;
#2700=CARTESIAN_POINT('Control Point',(48.5381923156,21.3006738485,80.)) ;
#2701=CARTESIAN_POINT('Control Point',(48.3654540852,21.2045614031,80.)) ;
#2702=CARTESIAN_POINT('Vertex',(48.3654540849,21.2045614037,80.)) ;
#2706=CARTESIAN_POINT('Control Point',(48.3654540852,21.2045614031,80.)) ;
#2707=CARTESIAN_POINT('Control Point',(48.2900789102,21.1626222656,80.)) ;
#2708=CARTESIAN_POINT('Control Point',(48.2076392502,21.1333822571,80.)) ;
#2709=CARTESIAN_POINT('Control Point',(48.1209341098,21.1184294718,80.)) ;
#2710=CARTESIAN_POINT('Control Point',(47.9751403273,21.118329229,80.)) ;
#2711=CARTESIAN_POINT('Control Point',(47.8360287861,21.1580405107,80.)) ;
#2712=CARTESIAN_POINT('Control Point',(47.7823985447,21.1801394422,80.)) ;
#2713=CARTESIAN_POINT('Control Point',(47.7317145081,21.2080693634,80.)) ;
#2714=CARTESIAN_POINT('Control Point',(47.6847598609,21.2412734089,80.)) ;
#2715=CARTESIAN_POINT('Vertex',(47.6847598608,21.2412734082,80.)) ;
#2718=CARTESIAN_POINT('Axis2P3D Location',(47.5000000003,20.9799999943,80.)) ;
#2722=CARTESIAN_POINT('Vertex',(47.3044768684,21.2333193739,80.)) ;
#2725=CARTESIAN_POINT('Line Origine',(47.1727461293,21.1015886349,80.)) ;
#2729=CARTESIAN_POINT('Vertex',(47.0410153903,20.9698578958,80.)) ;
#2732=CARTESIAN_POINT('Axis2P3D Location',(47.7481221709,20.2627511139,80.)) ;
#2736=CARTESIAN_POINT('Vertex',(47.1240610853,19.4813755565,80.)) ;
#2740=CARTESIAN_POINT('Control Point',(47.1240610853,19.4813755565,80.)) ;
#2741=CARTESIAN_POINT('Control Point',(47.2081521824,19.414214534,80.)) ;
#2742=CARTESIAN_POINT('Control Point',(47.2832079011,19.3357417071,80.)) ;
#2743=CARTESIAN_POINT('Control Point',(47.3472124622,19.2475525918,80.)) ;
#2744=CARTESIAN_POINT('Control Point',(47.4327818001,19.088074371,80.)) ;
#2745=CARTESIAN_POINT('Control Point',(47.4806946783,18.9144783902,80.)) ;
#2746=CARTESIAN_POINT('Control Point',(47.4935652291,18.8434964591,80.)) ;
#2747=CARTESIAN_POINT('Control Point',(47.5,18.7717482855,80.)) ;
#2748=CARTESIAN_POINT('Control Point',(47.5,18.6999999994,80.)) ;
#2749=CARTESIAN_POINT('Vertex',(47.5,18.7,80.)) ;
#2752=CARTESIAN_POINT('Line Origine',(48.75,18.6999999994,80.)) ;
#2756=CARTESIAN_POINT('Vertex',(50.,18.6999999994,80.)) ;
#2759=CARTESIAN_POINT('Line Origine',(50.,17.6999999994,80.)) ;
#2763=CARTESIAN_POINT('Vertex',(50.,16.6999999994,80.)) ;
#2766=CARTESIAN_POINT('Line Origine',(48.75,16.6999999994,80.)) ;
#2770=CARTESIAN_POINT('Vertex',(47.5,16.6999999994,80.)) ;
#2773=CARTESIAN_POINT('Line Origine',(47.5,15.9499999994,80.)) ;
#2777=CARTESIAN_POINT('Vertex',(47.5,15.1999999994,80.)) ;
#2780=CARTESIAN_POINT('Line Origine',(48.75,15.1999999994,80.)) ;
#2784=CARTESIAN_POINT('Vertex',(50.,15.1999999994,80.)) ;
#2787=CARTESIAN_POINT('Line Origine',(50.,14.1999999994,80.)) ;
#2791=CARTESIAN_POINT('Vertex',(50.,13.1999999994,80.)) ;
#2794=CARTESIAN_POINT('Line Origine',(48.75,13.1999999994,80.)) ;
#2798=CARTESIAN_POINT('Vertex',(47.5,13.1999999994,80.)) ;
#2801=CARTESIAN_POINT('Line Origine',(47.5,12.4499999994,80.)) ;
#2805=CARTESIAN_POINT('Vertex',(47.5,11.6999999994,80.)) ;
#2808=CARTESIAN_POINT('Line Origine',(48.75,11.6999999994,80.)) ;
#2812=CARTESIAN_POINT('Vertex',(50.,11.6999999994,80.)) ;
#2815=CARTESIAN_POINT('Line Origine',(50.,10.6999999994,80.)) ;
#2819=CARTESIAN_POINT('Vertex',(50.,9.69999999935,80.)) ;
#2822=CARTESIAN_POINT('Line Origine',(48.75,9.69999999935,80.)) ;
#2826=CARTESIAN_POINT('Vertex',(47.5,9.69999999935,80.)) ;
#2829=CARTESIAN_POINT('Line Origine',(47.5,8.94999999935,80.)) ;
#2833=CARTESIAN_POINT('Vertex',(47.5,8.19999999935,80.)) ;
#2836=CARTESIAN_POINT('Line Origine',(48.75,8.19999999935,80.)) ;
#2840=CARTESIAN_POINT('Vertex',(50.,8.19999999935,80.)) ;
#2843=CARTESIAN_POINT('Line Origine',(50.,7.19999999935,80.)) ;
#2847=CARTESIAN_POINT('Vertex',(50.,6.19999999935,80.)) ;
#2850=CARTESIAN_POINT('Line Origine',(48.75,6.19999999935,80.)) ;
#2854=CARTESIAN_POINT('Vertex',(47.5,6.19999999935,80.)) ;
#2857=CARTESIAN_POINT('Line Origine',(47.5,5.44999999935,80.)) ;
#2861=CARTESIAN_POINT('Vertex',(47.5,4.69999999935,80.)) ;
#2864=CARTESIAN_POINT('Line Origine',(48.75,4.69999999935,80.)) ;
#2868=CARTESIAN_POINT('Vertex',(50.,4.69999999935,80.)) ;
#2871=CARTESIAN_POINT('Line Origine',(50.,3.69999999935,80.)) ;
#2875=CARTESIAN_POINT('Vertex',(50.,2.69999999935,80.)) ;
#2878=CARTESIAN_POINT('Line Origine',(48.75,2.69999999935,80.)) ;
#2882=CARTESIAN_POINT('Vertex',(47.5,2.69999999935,80.)) ;
#2885=CARTESIAN_POINT('Line Origine',(47.5,1.94999999935,80.)) ;
#2889=CARTESIAN_POINT('Vertex',(47.5,1.19999999935,80.)) ;
#2892=CARTESIAN_POINT('Line Origine',(48.75,1.19999999935,80.)) ;
#2896=CARTESIAN_POINT('Vertex',(50.,1.19999999935,80.)) ;
#2899=CARTESIAN_POINT('Line Origine',(50.,0.19999999935,80.)) ;
#2903=CARTESIAN_POINT('Vertex',(50.,-0.80000000065,80.)) ;
#2906=CARTESIAN_POINT('Line Origine',(48.75,-0.80000000065,80.)) ;
#2910=CARTESIAN_POINT('Vertex',(47.5,-0.80000000065,80.)) ;
#2913=CARTESIAN_POINT('Line Origine',(47.5,-1.55000000065,80.)) ;
#2917=CARTESIAN_POINT('Vertex',(47.5,-2.30000000065,80.)) ;
#2920=CARTESIAN_POINT('Line Origine',(48.75,-2.30000000065,80.)) ;
#2924=CARTESIAN_POINT('Vertex',(50.,-2.30000000065,80.)) ;
#2927=CARTESIAN_POINT('Line Origine',(50.,-3.30000000065,80.)) ;
#2931=CARTESIAN_POINT('Vertex',(50.,-4.30000000065,80.)) ;
#2934=CARTESIAN_POINT('Line Origine',(48.75,-4.30000000065,80.)) ;
#2938=CARTESIAN_POINT('Vertex',(47.5,-4.30000000065,80.)) ;
#2941=CARTESIAN_POINT('Line Origine',(47.5,-5.05000000065,80.)) ;
#2945=CARTESIAN_POINT('Vertex',(47.5,-5.80000000065,80.)) ;
#2948=CARTESIAN_POINT('Line Origine',(48.75,-5.80000000065,80.)) ;
#2952=CARTESIAN_POINT('Vertex',(50.,-5.80000000065,80.)) ;
#2955=CARTESIAN_POINT('Line Origine',(50.,-6.80000000065,80.)) ;
#2959=CARTESIAN_POINT('Vertex',(50.,-7.80000000065,80.)) ;
#2962=CARTESIAN_POINT('Line Origine',(48.75,-7.80000000065,80.)) ;
#2966=CARTESIAN_POINT('Vertex',(47.5,-7.80000000065,80.)) ;
#2969=CARTESIAN_POINT('Line Origine',(47.5,-8.55000000065,80.)) ;
#2973=CARTESIAN_POINT('Vertex',(47.5,-9.30000000065,80.)) ;
#2976=CARTESIAN_POINT('Line Origine',(48.75,-9.30000000065,80.)) ;
#2980=CARTESIAN_POINT('Vertex',(50.,-9.30000000065,80.)) ;
#2983=CARTESIAN_POINT('Line Origine',(50.,-10.3000000006,80.)) ;
#2987=CARTESIAN_POINT('Vertex',(50.,-11.3000000006,80.)) ;
#2990=CARTESIAN_POINT('Line Origine',(48.75,-11.3000000006,80.)) ;
#2994=CARTESIAN_POINT('Vertex',(47.5,-11.3000000006,80.)) ;
#2997=CARTESIAN_POINT('Line Origine',(47.5,-12.0500000006,80.)) ;
#3001=CARTESIAN_POINT('Vertex',(47.5,-12.8000000006,80.)) ;
#3004=CARTESIAN_POINT('Line Origine',(48.75,-12.8000000006,80.)) ;
#3008=CARTESIAN_POINT('Vertex',(50.,-12.8000000006,80.)) ;
#3011=CARTESIAN_POINT('Line Origine',(50.,-13.8000000006,80.)) ;
#3015=CARTESIAN_POINT('Vertex',(50.,-14.8000000006,80.)) ;
#3018=CARTESIAN_POINT('Line Origine',(48.75,-14.8000000006,80.)) ;
#3022=CARTESIAN_POINT('Vertex',(47.5,-14.8000000006,80.)) ;
#3025=CARTESIAN_POINT('Line Origine',(47.5,-15.5500000006,80.)) ;
#3029=CARTESIAN_POINT('Vertex',(47.5,-16.3000000006,80.)) ;
#3032=CARTESIAN_POINT('Line Origine',(48.75,-16.3000000006,80.)) ;
#3036=CARTESIAN_POINT('Vertex',(50.,-16.3000000006,80.)) ;
#3039=CARTESIAN_POINT('Line Origine',(50.,-17.3000000006,80.)) ;
#3043=CARTESIAN_POINT('Vertex',(50.,-18.3000000006,80.)) ;
#3046=CARTESIAN_POINT('Line Origine',(48.75,-18.3000000006,80.)) ;
#3050=CARTESIAN_POINT('Vertex',(47.5,-18.3000000006,80.)) ;
#3054=CARTESIAN_POINT('Control Point',(47.5,-18.3000000006,80.)) ;
#3055=CARTESIAN_POINT('Control Point',(47.4512158136,-18.3967852219,80.)) ;
#3056=CARTESIAN_POINT('Control Point',(47.3893194115,-18.4869604146,80.)) ;
#3057=CARTESIAN_POINT('Control Point',(47.3154821289,-18.568175572,80.)) ;
#3058=CARTESIAN_POINT('Control Point',(47.1756596526,-18.6851422676,80.)) ;
#3059=CARTESIAN_POINT('Control Point',(47.0141039568,-18.7675908324,80.)) ;
#3060=CARTESIAN_POINT('Control Point',(46.9466643349,-18.7946302097,80.)) ;
#3061=CARTESIAN_POINT('Control Point',(46.8771566467,-18.8154288626,80.)) ;
#3062=CARTESIAN_POINT('Control Point',(46.8063479196,-18.8298318534,80.)) ;
#3063=CARTESIAN_POINT('Vertex',(46.8063479203,-18.8298318528,80.)) ;
#3066=CARTESIAN_POINT('Axis2P3D Location',(47.5000000059,-22.2400000129,80.)) ;
#3070=CARTESIAN_POINT('Vertex',(44.9349104669,-19.8882526307,80.)) ;
#3074=CARTESIAN_POINT('Control Point',(44.9349104669,-19.8882526307,80.)) ;
#3075=CARTESIAN_POINT('Control Point',(44.8496367469,-19.9812620796,80.)) ;
#3076=CARTESIAN_POINT('Control Point',(44.7528120011,-20.0636803309,80.)) ;
#3077=CARTESIAN_POINT('Control Point',(44.6461681227,-20.1336051057,80.)) ;
#3078=CARTESIAN_POINT('Control Point',(44.4559396975,-20.2267944437,80.)) ;
#3079=CARTESIAN_POINT('Control Point',(44.2515388725,-20.2788644489,80.)) ;
#3080=CARTESIAN_POINT('Control Point',(44.1668562784,-20.2930504359,80.)) ;
#3081=CARTESIAN_POINT('Control Point',(44.0828282298,-20.3000000006,80.)) ;
#3082=CARTESIAN_POINT('Control Point',(43.9988002051,-20.3000000006,80.)) ;
#3083=CARTESIAN_POINT('Vertex',(43.9988002056,-20.3,80.)) ;
#3086=CARTESIAN_POINT('Line Origine',(43.979400103,-20.3000000006,80.)) ;
#3090=CARTESIAN_POINT('Vertex',(43.9600000009,-20.3000000006,80.)) ;
#3093=CARTESIAN_POINT('Axis2P3D Location',(43.9599999985,-20.5499999983,80.)) ;
#3097=CARTESIAN_POINT('Vertex',(43.7100000009,-20.5500000006,80.)) ;
#3100=CARTESIAN_POINT('Line Origine',(43.7100000009,-21.08,80.)) ;
#3104=CARTESIAN_POINT('Vertex',(43.7100000009,-21.6099999993,80.)) ;
#3107=CARTESIAN_POINT('Axis2P3D Location',(43.9599999985,-21.6100000017,80.)) ;
#3111=CARTESIAN_POINT('Vertex',(43.9600000009,-21.8599999993,80.)) ;
#3114=CARTESIAN_POINT('Line Origine',(44.7173364898,-21.8599999993,80.)) ;
#3118=CARTESIAN_POINT('Vertex',(45.4746729787,-21.8599999993,80.)) ;
#3121=CARTESIAN_POINT('Axis2P3D Location',(45.474672984,-21.4600000094,80.)) ;
#3125=CARTESIAN_POINT('Vertex',(45.8319755532,-21.6398189905,80.)) ;
#3129=CARTESIAN_POINT('Control Point',(45.8319755532,-21.6398189905,80.)) ;
#3130=CARTESIAN_POINT('Control Point',(45.86420547,-21.5757777443,80.)) ;
#3131=CARTESIAN_POINT('Control Point',(45.9054025567,-21.5162503189,80.)) ;
#3132=CARTESIAN_POINT('Control Point',(45.954741467,-21.4628967013,80.)) ;
#3133=CARTESIAN_POINT('Control Point',(46.0482407033,-21.3867420459,80.)) ;
#3134=CARTESIAN_POINT('Control Point',(46.1561640077,-21.3344167694,80.)) ;
#3135=CARTESIAN_POINT('Control Point',(46.202123458,-21.3172672841,80.)) ;
#3136=CARTESIAN_POINT('Control Point',(46.2484122113,-21.3048125909,80.)) ;
#3137=CARTESIAN_POINT('Control Point',(46.2954531778,-21.2967430781,80.)) ;
#3138=CARTESIAN_POINT('Vertex',(46.2954531777,-21.2967430786,80.)) ;
#3141=CARTESIAN_POINT('Axis2P3D Location',(46.2413499346,-20.9813499348,80.)) ;
#3145=CARTESIAN_POINT('Vertex',(46.5567430779,-21.0354531779,80.)) ;
#3149=CARTESIAN_POINT('Control Point',(46.5567430779,-21.0354531779,80.)) ;
#3150=CARTESIAN_POINT('Control Point',(46.5713268151,-20.9504377503,80.)) ;
#3151=CARTESIAN_POINT('Control Point',(46.6002329979,-20.8678804472,80.)) ;
#3152=CARTESIAN_POINT('Control Point',(46.6429439979,-20.7909575119,80.)) ;
#3153=CARTESIAN_POINT('Control Point',(46.7342717891,-20.6773130149,80.)) ;
#3154=CARTESIAN_POINT('Control Point',(46.8524255694,-20.5938343288,80.)) ;
#3155=CARTESIAN_POINT('Control Point',(46.9032655465,-20.5659083192,80.)) ;
#3156=CARTESIAN_POINT('Control Point',(46.956801065,-20.5439333264,80.)) ;
#3157=CARTESIAN_POINT('Control Point',(47.0121072736,-20.5281703695,80.)) ;
#3158=CARTESIAN_POINT('Vertex',(47.0121072727,-20.5281703687,80.)) ;
#3162=CARTESIAN_POINT('Control Point',(47.0121072736,-20.5281703695,80.)) ;
#3163=CARTESIAN_POINT('Control Point',(47.1070124425,-20.5011212163,80.)) ;
#3164=CARTESIAN_POINT('Control Point',(47.2037919484,-20.4806491401,80.)) ;
#3165=CARTESIAN_POINT('Control Point',(47.3026278791,-20.4668405653,80.)) ;
#3166=CARTESIAN_POINT('Control Point',(47.4013138556,-20.4600020074,80.)) ;
#3167=CARTESIAN_POINT('Control Point',(47.5,-20.4600020069,80.)) ;
#3168=CARTESIAN_POINT('Vertex',(47.5,-20.46,80.)) ;
#3172=CARTESIAN_POINT('Control Point',(47.5,-20.4600020069,80.)) ;
#3173=CARTESIAN_POINT('Control Point',(47.5986860789,-20.4600020064,80.)) ;
#3174=CARTESIAN_POINT('Control Point',(47.697372054,-20.4668405543,80.)) ;
#3175=CARTESIAN_POINT('Control Point',(47.7962080493,-20.48064913,80.)) ;
#3176=CARTESIAN_POINT('Control Point',(47.8929876206,-20.5011212344,80.)) ;
#3177=CARTESIAN_POINT('Control Point',(47.9878927264,-20.5281703695,80.)) ;
#3178=CARTESIAN_POINT('Vertex',(47.9878927267,-20.5281703685,80.)) ;
#3182=CARTESIAN_POINT('Control Point',(47.9878927264,-20.5281703695,80.)) ;
#3183=CARTESIAN_POINT('Control Point',(48.0708464728,-20.5518132185,80.)) ;
#3184=CARTESIAN_POINT('Control Point',(48.1498159242,-20.5894310529,80.)) ;
#3185=CARTESIAN_POINT('Control Point',(48.2216989251,-20.6401676215,80.)) ;
#3186=CARTESIAN_POINT('Control Point',(48.3248615812,-20.7431885104,80.)) ;
#3187=CARTESIAN_POINT('Control Point',(48.3951481805,-20.8696353404,80.)) ;
#3188=CARTESIAN_POINT('Control Point',(48.4174441889,-20.9231839605,80.)) ;
#3189=CARTESIAN_POINT('Control Point',(48.4335337782,-20.978772423,80.)) ;
#3190=CARTESIAN_POINT('Control Point',(48.4432569221,-21.0354531779,80.)) ;
#3191=CARTESIAN_POINT('Vertex',(48.4432569214,-21.0354531777,80.)) ;
#3194=CARTESIAN_POINT('Axis2P3D Location',(48.7586500654,-20.9813499348,80.)) ;
#3198=CARTESIAN_POINT('Vertex',(48.7045468222,-21.2967430781,80.)) ;
#3202=CARTESIAN_POINT('Control Point',(48.7045468222,-21.2967430781,80.)) ;
#3203=CARTESIAN_POINT('Control Point',(48.7895622488,-21.311326815,80.)) ;
#3204=CARTESIAN_POINT('Control Point',(48.8721195509,-21.3402329972,80.)) ;
#3205=CARTESIAN_POINT('Control Point',(48.949042483,-21.3829439954,80.)) ;
#3206=CARTESIAN_POINT('Control Point',(49.0626869804,-21.4742717851,80.)) ;
#3207=CARTESIAN_POINT('Control Point',(49.1461656675,-21.5924255642,80.)) ;
#3208=CARTESIAN_POINT('Control Point',(49.1740916804,-21.6432655437,80.)) ;
#3209=CARTESIAN_POINT('Control Point',(49.1960666734,-21.6968010628,80.)) ;
#3210=CARTESIAN_POINT('Control Point',(49.2118296307,-21.7521072718,80.)) ;
#3211=CARTESIAN_POINT('Vertex',(49.2118296311,-21.7521072717,80.)) ;
#3215=CARTESIAN_POINT('Control Point',(49.2118296307,-21.7521072718,80.)) ;
#3216=CARTESIAN_POINT('Control Point',(49.2388787838,-21.8470124409,80.)) ;
#3217=CARTESIAN_POINT('Control Point',(49.25935086,-21.943791947,80.)) ;
#3218=CARTESIAN_POINT('Control Point',(49.273159435,-22.0426278781,80.)) ;
#3219=CARTESIAN_POINT('Control Point',(49.2799979929,-22.1413138552,80.)) ;
#3220=CARTESIAN_POINT('Control Point',(49.2799979933,-22.2400000001,80.)) ;
#3221=CARTESIAN_POINT('Vertex',(49.28,-22.24,80.)) ;
#3225=CARTESIAN_POINT('Control Point',(49.2799979933,-22.2400000001,80.)) ;
#3226=CARTESIAN_POINT('Control Point',(49.2799979938,-22.3386860792,80.)) ;
#3227=CARTESIAN_POINT('Control Point',(49.2731594459,-22.4373720545,80.)) ;
#3228=CARTESIAN_POINT('Control Point',(49.2593508699,-22.5362080498,80.)) ;
#3229=CARTESIAN_POINT('Control Point',(49.2388787657,-22.6329876208,80.)) ;
#3230=CARTESIAN_POINT('Control Point',(49.2118296307,-22.7278927266,80.)) ;
#3231=CARTESIAN_POINT('Vertex',(49.2118296315,-22.7278927268,80.)) ;
#3235=CARTESIAN_POINT('Control Point',(49.2118296307,-22.7278927266,80.)) ;
#3236=CARTESIAN_POINT('Control Point',(49.1881867818,-22.8108464722,80.)) ;
#3237=CARTESIAN_POINT('Control Point',(49.1505689477,-22.8898159229,80.)) ;
#3238=CARTESIAN_POINT('Control Point',(49.0998323792,-22.9616989241,80.)) ;
#3239=CARTESIAN_POINT('Control Point',(48.9968114902,-23.0648615805,80.)) ;
#3240=CARTESIAN_POINT('Control Point',(48.8703646599,-23.1351481801,80.)) ;
#3241=CARTESIAN_POINT('Control Point',(48.8168160417,-23.1574441885,80.)) ;
#3242=CARTESIAN_POINT('Control Point',(48.7612275782,-23.1735337781,80.)) ;
#3243=CARTESIAN_POINT('Control Point',(48.7045468222,-23.1832569222,80.)) ;
#3244=CARTESIAN_POINT('Vertex',(48.7045468223,-23.1832569214,80.)) ;
#3247=CARTESIAN_POINT('Axis2P3D Location',(48.7586500654,-23.4986500655,80.)) ;
#3251=CARTESIAN_POINT('Vertex',(48.4432569221,-23.4445468224,80.)) ;
#3255=CARTESIAN_POINT('Control Point',(48.4432569221,-23.4445468224,80.)) ;
#3256=CARTESIAN_POINT('Control Point',(48.428673185,-23.5295622493,80.)) ;
#3257=CARTESIAN_POINT('Control Point',(48.3997670025,-23.6121195517,80.)) ;
#3258=CARTESIAN_POINT('Control Point',(48.3570560025,-23.6890424871,80.)) ;
#3259=CARTESIAN_POINT('Control Point',(48.2657282121,-23.8026869838,80.)) ;
#3260=CARTESIAN_POINT('Control Point',(48.1475744326,-23.8861656701,80.)) ;
#3261=CARTESIAN_POINT('Control Point',(48.0967344536,-23.914091681,80.)) ;
#3262=CARTESIAN_POINT('Control Point',(48.043198935,-23.9360666737,80.)) ;
#3263=CARTESIAN_POINT('Control Point',(47.9878927264,-23.9518296308,80.)) ;
#3264=CARTESIAN_POINT('Vertex',(47.9878927273,-23.9518296313,80.)) ;
#3268=CARTESIAN_POINT('Control Point',(47.9878927264,-23.9518296308,80.)) ;
#3269=CARTESIAN_POINT('Control Point',(47.8929875577,-23.9788787838,80.)) ;
#3270=CARTESIAN_POINT('Control Point',(47.7962080521,-23.9993508601,80.)) ;
#3271=CARTESIAN_POINT('Control Point',(47.6973721213,-24.013159435,80.)) ;
#3272=CARTESIAN_POINT('Control Point',(47.5986861446,-24.0199979929,80.)) ;
#3273=CARTESIAN_POINT('Control Point',(47.5,-24.0199979934,80.)) ;
#3274=CARTESIAN_POINT('Vertex',(47.5,-24.02,80.)) ;
#3278=CARTESIAN_POINT('Control Point',(47.5,-24.0199979934,80.)) ;
#3279=CARTESIAN_POINT('Control Point',(47.4013139209,-24.0199979939,80.)) ;
#3280=CARTESIAN_POINT('Control Point',(47.3026279456,-24.013159446,80.)) ;
#3281=CARTESIAN_POINT('Control Point',(47.2037919503,-23.9993508701,80.)) ;
#3282=CARTESIAN_POINT('Control Point',(47.1070123792,-23.9788787658,80.)) ;
#3283=CARTESIAN_POINT('Control Point',(47.0121072736,-23.9518296308,80.)) ;
#3284=CARTESIAN_POINT('Vertex',(47.0121072734,-23.9518296315,80.)) ;
#3288=CARTESIAN_POINT('Control Point',(47.0121072736,-23.9518296308,80.)) ;
#3289=CARTESIAN_POINT('Control Point',(46.9623300236,-23.9376424957,80.)) ;
#3290=CARTESIAN_POINT('Control Point',(46.9139874082,-23.9184233555,80.)) ;
#3291=CARTESIAN_POINT('Control Point',(46.8677537924,-23.8943631728,80.)) ;
#3292=CARTESIAN_POINT('Control Point',(46.8242747407,-23.8657977061,80.)) ;
#3293=CARTESIAN_POINT('Control Point',(46.7840939891,-23.8331701624,80.)) ;
#3294=CARTESIAN_POINT('Vertex',(46.7840939885,-23.8331701631,80.)) ;
#3297=CARTESIAN_POINT('Axis2P3D Location',(46.3806585992,-24.3300000018,80.)) ;
#3301=CARTESIAN_POINT('Vertex',(46.3806585986,-23.6899999994,80.)) ;
#3304=CARTESIAN_POINT('Line Origine',(45.5403292989,-23.6899999994,80.)) ;
#3308=CARTESIAN_POINT('Vertex',(44.6999999993,-23.6899999994,80.)) ;
#3311=CARTESIAN_POINT('Axis2P3D Location',(44.7000000008,-24.6799999993,80.)) ;
#3315=CARTESIAN_POINT('Vertex',(43.7100000009,-24.6799999996,80.)) ;
#3318=CARTESIAN_POINT('Line Origine',(43.7100000009,-25.1399999996,80.)) ;
#3322=CARTESIAN_POINT('Vertex',(43.7100000009,-25.5999999995,80.)) ;
#3326=CARTESIAN_POINT('Control Point',(43.7100000009,-25.5999999995,80.)) ;
#3327=CARTESIAN_POINT('Control Point',(43.7883793505,-25.5999999995,80.)) ;
#3328=CARTESIAN_POINT('Control Point',(43.8667577071,-25.6119986783,80.)) ;
#3329=CARTESIAN_POINT('Control Point',(43.942716364,-25.6360112974,80.)) ;
#3330=CARTESIAN_POINT('Control Point',(44.0847846674,-25.7064845025,80.)) ;
#3331=CARTESIAN_POINT('Control Point',(44.199261173,-25.8162285884,80.)) ;
#3332=CARTESIAN_POINT('Control Point',(44.2476122489,-25.8795393512,80.)) ;
#3333=CARTESIAN_POINT('Control Point',(44.3068039665,-25.9884237974,80.)) ;
#3334=CARTESIAN_POINT('Control Point',(44.3384203586,-26.1072489568,80.)) ;
#3335=CARTESIAN_POINT('Control Point',(44.346197015,-26.1517480547,80.)) ;
#3336=CARTESIAN_POINT('Control Point',(44.3499999996,-26.1958740406,80.)) ;
#3337=CARTESIAN_POINT('Control Point',(44.3499999996,-26.2400000001,80.)) ;
#3338=CARTESIAN_POINT('Vertex',(44.35,-26.24,80.)) ;
#3341=CARTESIAN_POINT('Line Origine',(45.9249999998,-26.2400000001,80.)) ;
#3345=CARTESIAN_POINT('Vertex',(47.5,-26.2400000001,80.)) ;
#3349=CARTESIAN_POINT('Control Point',(51.5,-22.2400000001,80.)) ;
#3350=CARTESIAN_POINT('Control Point',(51.5,-22.6319028598,80.)) ;
#3351=CARTESIAN_POINT('Control Point',(51.4520037957,-23.0238050836,80.)) ;
#3352=CARTESIAN_POINT('Control Point',(51.3559847401,-23.4079332586,80.)) ;
#3353=CARTESIAN_POINT('Control Point',(51.071879315,-24.1447182036,80.)) ;
#3354=CARTESIAN_POINT('Control Point',(50.6183711094,-24.7911656242,80.)) ;
#3355=CARTESIAN_POINT('Control Point',(50.3529004557,-25.0849332846,80.)) ;
#3356=CARTESIAN_POINT('Control Point',(49.7555288991,-25.6013780942,80.)) ;
#3357=CARTESIAN_POINT('Control Point',(49.0511861685,-25.9584009907,80.)) ;
#3358=CARTESIAN_POINT('Control Point',(48.6787121597,-26.0927034539,80.)) ;
#3359=CARTESIAN_POINT('Control Point',(48.2142047484,-26.198027464,80.)) ;
#3360=CARTESIAN_POINT('Control Point',(47.7426479982,-26.2338620739,80.)) ;
#3361=CARTESIAN_POINT('Control Point',(47.6617253657,-26.2379566321,80.)) ;
#3362=CARTESIAN_POINT('Control Point',(47.5808626817,-26.2400000001,80.)) ;
#3363=CARTESIAN_POINT('Control Point',(47.5,-26.2400000001,80.)) ;
#3364=CARTESIAN_POINT('Vertex',(51.5,-22.2400000001,80.)) ;
#3367=CARTESIAN_POINT('Line Origine',(51.5,-21.4699999987,80.)) ;
#3371=CARTESIAN_POINT('Vertex',(51.5,-20.6999999992,80.)) ;
#3374=CARTESIAN_POINT('Axis2P3D Location',(51.4999999991,-20.3999999993,80.)) ;
#3378=CARTESIAN_POINT('Vertex',(51.5,-20.0999999995,80.)) ;
#3381=CARTESIAN_POINT('Line Origine',(51.5,-16.3200000011,80.)) ;
#3385=CARTESIAN_POINT('Vertex',(51.5,-12.5400000009,80.)) ;
#3388=CARTESIAN_POINT('Axis2P3D Location',(51.5,-12.2400000001,80.)) ;
#3392=CARTESIAN_POINT('Vertex',(51.5,-11.9399999994,80.)) ;
#3395=CARTESIAN_POINT('Line Origine',(51.5,-8.16000000098,80.)) ;
#3399=CARTESIAN_POINT('Vertex',(51.5,-4.38000000072,80.)) ;
#3402=CARTESIAN_POINT('Axis2P3D Location',(51.5,-4.07999999998,80.)) ;
#3406=CARTESIAN_POINT('Vertex',(51.5,-3.77999999923,80.)) ;
#3409=CARTESIAN_POINT('Line Origine',(51.5,-8.35826075019E-010,80.)) ;
#3413=CARTESIAN_POINT('Vertex',(51.5,3.77999999942,80.)) ;
#3416=CARTESIAN_POINT('Axis2P3D Location',(51.5,4.08000000017,80.)) ;
#3420=CARTESIAN_POINT('Vertex',(51.5,4.38000000092,80.)) ;
#3423=CARTESIAN_POINT('Line Origine',(51.5,8.15999999931,80.)) ;
#3427=CARTESIAN_POINT('Vertex',(51.5,11.9399999996,80.)) ;
#3430=CARTESIAN_POINT('Axis2P3D Location',(51.4999999991,12.2399999994,80.)) ;
#3434=CARTESIAN_POINT('Vertex',(51.5,12.5399999992,80.)) ;
#3437=CARTESIAN_POINT('Line Origine',(51.5,16.3199999995,80.)) ;
#3441=CARTESIAN_POINT('Vertex',(51.5,20.0999999997,80.)) ;
#3444=CARTESIAN_POINT('Axis2P3D Location',(51.4999999991,20.3999999995,80.)) ;
#3448=CARTESIAN_POINT('Vertex',(51.5,20.6999999994,80.)) ;
#3451=CARTESIAN_POINT('Line Origine',(51.5,21.7299999996,80.)) ;
#3455=CARTESIAN_POINT('Vertex',(51.5,22.7599999999,80.)) ;
#3459=CARTESIAN_POINT('Control Point',(47.5,26.7599999999,80.)) ;
#3460=CARTESIAN_POINT('Control Point',(47.8919028591,26.7599999999,80.)) ;
#3461=CARTESIAN_POINT('Control Point',(48.2838050824,26.7120037957,80.)) ;
#3462=CARTESIAN_POINT('Control Point',(48.6679332616,26.6159847398,80.)) ;
#3463=CARTESIAN_POINT('Control Point',(49.4047182037,26.3318793152,80.)) ;
#3464=CARTESIAN_POINT('Control Point',(50.0511656225,25.8783711116,80.)) ;
#3465=CARTESIAN_POINT('Control Point',(50.3449332894,25.6129004507,80.)) ;
#3466=CARTESIAN_POINT('Control Point',(50.8613780976,25.0155288944,80.)) ;
#3467=CARTESIAN_POINT('Control Point',(51.2184009932,24.3111861644,80.)) ;
#3468=CARTESIAN_POINT('Control Point',(51.3527034536,23.9387121581,80.)) ;
#3469=CARTESIAN_POINT('Control Point',(51.4580274639,23.4742047463,80.)) ;
#3470=CARTESIAN_POINT('Control Point',(51.4938620735,23.0026479956,80.)) ;
#3471=CARTESIAN_POINT('Control Point',(51.4979566321,22.9217253643,80.)) ;
#3472=CARTESIAN_POINT('Control Point',(51.5,22.8408626809,80.)) ;
#3473=CARTESIAN_POINT('Control Point',(51.5,22.7599999999,80.)) ;
#3474=CARTESIAN_POINT('Vertex',(47.5,26.76,80.)) ;
#3477=CARTESIAN_POINT('Line Origine',(46.4749999996,26.7599999999,80.)) ;
#3481=CARTESIAN_POINT('Vertex',(45.4499999993,26.7599999999,80.)) ;
#3484=CARTESIAN_POINT('Axis2P3D Location',(45.1499999994,26.7599999989,80.)) ;
#3488=CARTESIAN_POINT('Vertex',(44.8499999996,26.7599999999,80.)) ;
#3491=CARTESIAN_POINT('Line Origine',(0.,26.7599999999,80.)) ;
#3495=CARTESIAN_POINT('Vertex',(-44.8499999996,26.7599999999,80.)) ;
#3498=CARTESIAN_POINT('Axis2P3D Location',(-45.1499999994,26.7599999989,80.)) ;
#3502=CARTESIAN_POINT('Vertex',(-45.4499999993,26.7599999999,80.)) ;
#3505=CARTESIAN_POINT('Line Origine',(-46.4749999996,26.7599999999,80.)) ;
#3509=CARTESIAN_POINT('Vertex',(-47.5,26.7599999999,80.)) ;
#3513=CARTESIAN_POINT('Control Point',(-51.5,22.7599999999,80.)) ;
#3514=CARTESIAN_POINT('Control Point',(-51.5,23.1519028596,80.)) ;
#3515=CARTESIAN_POINT('Control Point',(-51.4520037957,23.5438050836,80.)) ;
#3516=CARTESIAN_POINT('Control Point',(-51.3559847403,23.9279332581,80.)) ;
#3517=CARTESIAN_POINT('Control Point',(-51.0718793165,24.6647181993,80.)) ;
#3518=CARTESIAN_POINT('Control Point',(-50.6183711144,25.3111656169,80.)) ;
#3519=CARTESIAN_POINT('Control Point',(-50.3529004526,25.6049332895,80.)) ;
#3520=CARTESIAN_POINT('Control Point',(-49.7555289044,26.1213780912,80.)) ;
#3521=CARTESIAN_POINT('Control Point',(-49.0511861851,26.4784009847,80.)) ;
#3522=CARTESIAN_POINT('Control Point',(-48.6787121568,26.6127034542,80.)) ;
#3523=CARTESIAN_POINT('Control Point',(-48.2142047503,26.7180274639,80.)) ;
#3524=CARTESIAN_POINT('Control Point',(-47.7426480049,26.7538620744,80.)) ;
#3525=CARTESIAN_POINT('Control Point',(-47.6617253703,26.7579566317,80.)) ;
#3526=CARTESIAN_POINT('Control Point',(-47.580862684,26.7599999999,80.)) ;
#3527=CARTESIAN_POINT('Control Point',(-47.5,26.7599999999,80.)) ;
#3528=CARTESIAN_POINT('Vertex',(-51.5,22.7599999999,80.)) ;
#3531=CARTESIAN_POINT('Line Origine',(-51.5,21.7299999996,80.)) ;
#3535=CARTESIAN_POINT('Vertex',(-51.5,20.6999999994,80.)) ;
#3538=CARTESIAN_POINT('Axis2P3D Location',(-51.4999999991,20.3999999995,80.)) ;
#3542=CARTESIAN_POINT('Vertex',(-51.5,20.0999999997,80.)) ;
#3545=CARTESIAN_POINT('Line Origine',(-51.5,16.3199999995,80.)) ;
#3549=CARTESIAN_POINT('Vertex',(-51.5,12.5399999992,80.)) ;
#3552=CARTESIAN_POINT('Axis2P3D Location',(-51.4999999991,12.2399999994,80.)) ;
#3556=CARTESIAN_POINT('Vertex',(-51.5,11.9399999996,80.)) ;
#3559=CARTESIAN_POINT('Line Origine',(-51.5,8.16000000024,80.)) ;
#3563=CARTESIAN_POINT('Vertex',(-51.5,4.38000000092,80.)) ;
#3566=CARTESIAN_POINT('Axis2P3D Location',(-51.5,4.08000000017,80.)) ;
#3570=CARTESIAN_POINT('Vertex',(-51.5,3.77999999942,80.)) ;
#3573=CARTESIAN_POINT('Line Origine',(-51.5,1.02681907421E-009,80.)) ;
#3577=CARTESIAN_POINT('Vertex',(-51.5,-3.77999999923,80.)) ;
#3580=CARTESIAN_POINT('Axis2P3D Location',(-51.5,-4.07999999998,80.)) ;
#3584=CARTESIAN_POINT('Vertex',(-51.5,-4.38000000072,80.)) ;
#3587=CARTESIAN_POINT('Line Origine',(-51.5,-8.15999999912,80.)) ;
#3591=CARTESIAN_POINT('Vertex',(-51.5,-11.9399999994,80.)) ;
#3594=CARTESIAN_POINT('Axis2P3D Location',(-51.5,-12.2400000001,80.)) ;
#3598=CARTESIAN_POINT('Vertex',(-51.5,-12.5400000009,80.)) ;
#3601=CARTESIAN_POINT('Line Origine',(-51.5,-16.3199999993,80.)) ;
#3605=CARTESIAN_POINT('Vertex',(-51.5,-20.0999999995,80.)) ;
#3608=CARTESIAN_POINT('Axis2P3D Location',(-51.4999999991,-20.3999999993,80.)) ;
#3612=CARTESIAN_POINT('Vertex',(-51.5,-20.6999999992,80.)) ;
#3615=CARTESIAN_POINT('Line Origine',(-51.5,-21.4700000006,80.)) ;
#3619=CARTESIAN_POINT('Vertex',(-51.5,-22.2400000001,80.)) ;
#3623=CARTESIAN_POINT('Control Point',(-47.5,-26.2400000001,80.)) ;
#3624=CARTESIAN_POINT('Control Point',(-47.8919028636,-26.2400000001,80.)) ;
#3625=CARTESIAN_POINT('Control Point',(-48.2838050913,-26.1920037949,80.)) ;
#3626=CARTESIAN_POINT('Control Point',(-48.6679332553,-26.0959847401,80.)) ;
#3627=CARTESIAN_POINT('Control Point',(-49.4047182063,-25.8118793126,80.)) ;
#3628=CARTESIAN_POINT('Control Point',(-50.0511656317,-25.3583711023,80.)) ;
#3629=CARTESIAN_POINT('Control Point',(-50.3449332881,-25.0929004533,80.)) ;
#3630=CARTESIAN_POINT('Control Point',(-50.8613780967,-24.4955288959,80.)) ;
#3631=CARTESIAN_POINT('Control Point',(-51.2184009924,-23.791186165,80.)) ;
#3632=CARTESIAN_POINT('Control Point',(-51.3527034583,-23.4187121458,80.)) ;
#3633=CARTESIAN_POINT('Control Point',(-51.4580274663,-22.9542047385,80.)) ;
#3634=CARTESIAN_POINT('Control Point',(-51.4938620749,-22.4826479927,80.)) ;
#3635=CARTESIAN_POINT('Control Point',(-51.4979566321,-22.4017253621,80.)) ;
#3636=CARTESIAN_POINT('Control Point',(-51.5,-22.3208626799,80.)) ;
#3637=CARTESIAN_POINT('Control Point',(-51.5,-22.2400000001,80.)) ;
#3638=CARTESIAN_POINT('Vertex',(-47.5,-26.24,80.)) ;
#3641=CARTESIAN_POINT('Line Origine',(-45.9249999998,-26.2400000001,80.)) ;
#3645=CARTESIAN_POINT('Vertex',(-44.3499999996,-26.2400000001,80.)) ;
#3649=CARTESIAN_POINT('Control Point',(-44.3499999996,-26.2400000001,80.)) ;
#3650=CARTESIAN_POINT('Control Point',(-44.3499999996,-26.1616206511,80.)) ;
#3651=CARTESIAN_POINT('Control Point',(-44.3380013212,-26.0832422951,80.)) ;
#3652=CARTESIAN_POINT('Control Point',(-44.3139887044,-26.0072836381,80.)) ;
#3653=CARTESIAN_POINT('Control Point',(-44.2435154995,-25.8652153342,80.)) ;
#3654=CARTESIAN_POINT('Control Point',(-44.1337714136,-25.750738828,80.)) ;
#3655=CARTESIAN_POINT('Control Point',(-44.0704606447,-25.7023877478,80.)) ;
#3656=CARTESIAN_POINT('Control Point',(-43.9615761985,-25.6431960314,80.)) ;
#3657=CARTESIAN_POINT('Control Point',(-43.8427510394,-25.6115796404,80.)) ;
#3658=CARTESIAN_POINT('Control Point',(-43.7982519434,-25.603802984,80.)) ;
#3659=CARTESIAN_POINT('Control Point',(-43.754125959,-25.5999999995,80.)) ;
#3660=CARTESIAN_POINT('Control Point',(-43.7100000009,-25.5999999995,80.)) ;
#3661=CARTESIAN_POINT('Vertex',(-43.7100000009,-25.6,80.)) ;
#3664=CARTESIAN_POINT('Line Origine',(-43.7100000009,-25.1399999996,80.)) ;
#3668=CARTESIAN_POINT('Vertex',(-43.7100000009,-24.6799999996,80.)) ;
#3671=CARTESIAN_POINT('Axis2P3D Location',(-44.7000000008,-24.6799999993,80.)) ;
#3675=CARTESIAN_POINT('Vertex',(-44.6999999993,-23.6899999994,80.)) ;
#3678=CARTESIAN_POINT('Line Origine',(-45.5403292989,-23.6899999994,80.)) ;
#3682=CARTESIAN_POINT('Vertex',(-46.3806585986,-23.6899999994,80.)) ;
#3685=CARTESIAN_POINT('Axis2P3D Location',(-46.3806585992,-24.3300000018,80.)) ;
#3689=CARTESIAN_POINT('Vertex',(-46.7840939891,-23.8331701624,80.)) ;
#3693=CARTESIAN_POINT('Control Point',(-46.7840939891,-23.8331701624,80.)) ;
#3694=CARTESIAN_POINT('Control Point',(-46.8242747407,-23.8657977061,80.)) ;
#3695=CARTESIAN_POINT('Control Point',(-46.8677535674,-23.8943629901,80.)) ;
#3696=CARTESIAN_POINT('Control Point',(-46.9139871295,-23.9184232761,80.)) ;
#3697=CARTESIAN_POINT('Control Point',(-46.9623300236,-23.9376424957,80.)) ;
#3698=CARTESIAN_POINT('Control Point',(-47.0121072736,-23.9518296308,80.)) ;
#3699=CARTESIAN_POINT('Vertex',(-47.0121072727,-23.9518296313,80.)) ;
#3703=CARTESIAN_POINT('Control Point',(-47.0121072736,-23.9518296308,80.)) ;
#3704=CARTESIAN_POINT('Control Point',(-47.1070124423,-23.9788787838,80.)) ;
#3705=CARTESIAN_POINT('Control Point',(-47.2037919479,-23.9993508601,80.)) ;
#3706=CARTESIAN_POINT('Control Point',(-47.3026278787,-24.013159435,80.)) ;
#3707=CARTESIAN_POINT('Control Point',(-47.4013138554,-24.0199979929,80.)) ;
#3708=CARTESIAN_POINT('Control Point',(-47.5,-24.0199979934,80.)) ;
#3709=CARTESIAN_POINT('Vertex',(-47.5,-24.02,80.)) ;
#3713=CARTESIAN_POINT('Control Point',(-47.5,-24.0199979934,80.)) ;
#3714=CARTESIAN_POINT('Control Point',(-47.5986860791,-24.0199979939,80.)) ;
#3715=CARTESIAN_POINT('Control Point',(-47.6973720544,-24.013159446,80.)) ;
#3716=CARTESIAN_POINT('Control Point',(-47.7962080497,-23.9993508701,80.)) ;
#3717=CARTESIAN_POINT('Control Point',(-47.8929876208,-23.9788787658,80.)) ;
#3718=CARTESIAN_POINT('Control Point',(-47.9878927264,-23.9518296308,80.)) ;
#3719=CARTESIAN_POINT('Vertex',(-47.9878927266,-23.9518296315,80.)) ;
#3723=CARTESIAN_POINT('Control Point',(-47.9878927264,-23.9518296308,80.)) ;
#3724=CARTESIAN_POINT('Control Point',(-48.0708464723,-23.9281867819,80.)) ;
#3725=CARTESIAN_POINT('Control Point',(-48.1498159232,-23.8905689477,80.)) ;
#3726=CARTESIAN_POINT('Control Point',(-48.2216989258,-23.8398323779,80.)) ;
#3727=CARTESIAN_POINT('Control Point',(-48.3248615812,-23.7368114897,80.)) ;
#3728=CARTESIAN_POINT('Control Point',(-48.3951481802,-23.6103646606,80.)) ;
#3729=CARTESIAN_POINT('Control Point',(-48.4174441892,-23.5568160389,80.)) ;
#3730=CARTESIAN_POINT('Control Point',(-48.4335337783,-23.5012275768,80.)) ;
#3731=CARTESIAN_POINT('Control Point',(-48.4432569221,-23.4445468224,80.)) ;
#3732=CARTESIAN_POINT('Vertex',(-48.4432569214,-23.4445468223,80.)) ;
#3735=CARTESIAN_POINT('Axis2P3D Location',(-48.7586500654,-23.4986500655,80.)) ;
#3739=CARTESIAN_POINT('Vertex',(-48.7045468222,-23.1832569222,80.)) ;
#3743=CARTESIAN_POINT('Control Point',(-48.7045468222,-23.1832569222,80.)) ;
#3744=CARTESIAN_POINT('Control Point',(-48.7895622485,-23.1686731853,80.)) ;
#3745=CARTESIAN_POINT('Control Point',(-48.8721195504,-23.1397670032,80.)) ;
#3746=CARTESIAN_POINT('Control Point',(-48.9490424883,-23.097056002,80.)) ;
#3747=CARTESIAN_POINT('Control Point',(-49.0626869845,-23.0057282113,80.)) ;
#3748=CARTESIAN_POINT('Control Point',(-49.1461656704,-22.8875744317,80.)) ;
#3749=CARTESIAN_POINT('Control Point',(-49.1740916805,-22.8367344547,80.)) ;
#3750=CARTESIAN_POINT('Control Point',(-49.1960666734,-22.7831989356,80.)) ;
#3751=CARTESIAN_POINT('Control Point',(-49.2118296307,-22.7278927266,80.)) ;
#3752=CARTESIAN_POINT('Vertex',(-49.2118296313,-22.7278927273,80.)) ;
#3756=CARTESIAN_POINT('Control Point',(-49.2118296307,-22.7278927266,80.)) ;
#3757=CARTESIAN_POINT('Control Point',(-49.2388787836,-22.6329875578,80.)) ;
#3758=CARTESIAN_POINT('Control Point',(-49.2593508599,-22.5362080521,80.)) ;
#3759=CARTESIAN_POINT('Control Point',(-49.2731594348,-22.4373721214,80.)) ;
#3760=CARTESIAN_POINT('Control Point',(-49.2799979928,-22.3386861447,80.)) ;
#3761=CARTESIAN_POINT('Control Point',(-49.2799979933,-22.2400000001,80.)) ;
#3762=CARTESIAN_POINT('Vertex',(-49.28,-22.24,80.)) ;
#3766=CARTESIAN_POINT('Control Point',(-49.2799979933,-22.2400000001,80.)) ;
#3767=CARTESIAN_POINT('Control Point',(-49.2799979938,-22.1413139207,80.)) ;
#3768=CARTESIAN_POINT('Control Point',(-49.273159446,-22.042627945,80.)) ;
#3769=CARTESIAN_POINT('Control Point',(-49.2593508701,-21.9437919493,80.)) ;
#3770=CARTESIAN_POINT('Control Point',(-49.2388787657,-21.8470123779,80.)) ;
#3771=CARTESIAN_POINT('Control Point',(-49.2118296307,-21.7521072718,80.)) ;
#3772=CARTESIAN_POINT('Vertex',(-49.211829631,-21.7521072717,80.)) ;
#3776=CARTESIAN_POINT('Control Point',(-49.2118296307,-21.7521072718,80.)) ;
#3777=CARTESIAN_POINT('Control Point',(-49.1881867825,-21.6691535287,80.)) ;
#3778=CARTESIAN_POINT('Control Point',(-49.1505689499,-21.5901840801,80.)) ;
#3779=CARTESIAN_POINT('Control Point',(-49.0998323768,-21.5183010731,80.)) ;
#3780=CARTESIAN_POINT('Control Point',(-48.996811491,-21.4151384198,80.)) ;
#3781=CARTESIAN_POINT('Control Point',(-48.870364665,-21.3448518214,80.)) ;
#3782=CARTESIAN_POINT('Control Point',(-48.8168160385,-21.3225558109,80.)) ;
#3783=CARTESIAN_POINT('Control Point',(-48.7612275766,-21.3064662217,80.)) ;
#3784=CARTESIAN_POINT('Control Point',(-48.7045468222,-21.2967430781,80.)) ;
#3785=CARTESIAN_POINT('Vertex',(-48.7045468223,-21.2967430786,80.)) ;
#3788=CARTESIAN_POINT('Axis2P3D Location',(-48.7586500654,-20.9813499348,80.)) ;
#3792=CARTESIAN_POINT('Vertex',(-48.4432569221,-21.0354531779,80.)) ;
#3796=CARTESIAN_POINT('Control Point',(-48.4432569221,-21.0354531779,80.)) ;
#3797=CARTESIAN_POINT('Control Point',(-48.4286731849,-20.9504377503,80.)) ;
#3798=CARTESIAN_POINT('Control Point',(-48.3997670021,-20.8678804472,80.)) ;
#3799=CARTESIAN_POINT('Control Point',(-48.3570560021,-20.7909575119,80.)) ;
#3800=CARTESIAN_POINT('Control Point',(-48.2657282109,-20.6773130149,80.)) ;
#3801=CARTESIAN_POINT('Control Point',(-48.1475744306,-20.5938343288,80.)) ;
#3802=CARTESIAN_POINT('Control Point',(-48.0967344535,-20.5659083192,80.)) ;
#3803=CARTESIAN_POINT('Control Point',(-48.043198935,-20.5439333264,80.)) ;
#3804=CARTESIAN_POINT('Control Point',(-47.9878927264,-20.5281703695,80.)) ;
#3805=CARTESIAN_POINT('Vertex',(-47.9878927273,-20.5281703687,80.)) ;
#3809=CARTESIAN_POINT('Control Point',(-47.9878927264,-20.5281703695,80.)) ;
#3810=CARTESIAN_POINT('Control Point',(-47.8929875575,-20.5011212163,80.)) ;
#3811=CARTESIAN_POINT('Control Point',(-47.7962080516,-20.4806491401,80.)) ;
#3812=CARTESIAN_POINT('Control Point',(-47.6973721209,-20.4668405653,80.)) ;
#3813=CARTESIAN_POINT('Control Point',(-47.5986861444,-20.4600020074,80.)) ;
#3814=CARTESIAN_POINT('Control Point',(-47.5,-20.4600020069,80.)) ;
#3815=CARTESIAN_POINT('Vertex',(-47.5,-20.46,80.)) ;
#3819=CARTESIAN_POINT('Control Point',(-47.5,-20.4600020069,80.)) ;
#3820=CARTESIAN_POINT('Control Point',(-47.4013139211,-20.4600020064,80.)) ;
#3821=CARTESIAN_POINT('Control Point',(-47.302627946,-20.4668405543,80.)) ;
#3822=CARTESIAN_POINT('Control Point',(-47.2037919507,-20.48064913,80.)) ;
#3823=CARTESIAN_POINT('Control Point',(-47.1070123794,-20.5011212344,80.)) ;
#3824=CARTESIAN_POINT('Control Point',(-47.0121072736,-20.5281703695,80.)) ;
#3825=CARTESIAN_POINT('Vertex',(-47.0121072733,-20.5281703685,80.)) ;
#3829=CARTESIAN_POINT('Control Point',(-47.0121072736,-20.5281703695,80.)) ;
#3830=CARTESIAN_POINT('Control Point',(-46.9291535272,-20.5518132185,80.)) ;
#3831=CARTESIAN_POINT('Control Point',(-46.8501840758,-20.5894310529,80.)) ;
#3832=CARTESIAN_POINT('Control Point',(-46.7783010749,-20.6401676215,80.)) ;
#3833=CARTESIAN_POINT('Control Point',(-46.6751384188,-20.7431885104,80.)) ;
#3834=CARTESIAN_POINT('Control Point',(-46.6048518195,-20.8696353404,80.)) ;
#3835=CARTESIAN_POINT('Control Point',(-46.5825558111,-20.9231839605,80.)) ;
#3836=CARTESIAN_POINT('Control Point',(-46.5664662218,-20.978772423,80.)) ;
#3837=CARTESIAN_POINT('Control Point',(-46.5567430779,-21.0354531779,80.)) ;
#3838=CARTESIAN_POINT('Vertex',(-46.5567430786,-21.0354531777,80.)) ;
#3841=CARTESIAN_POINT('Axis2P3D Location',(-46.2413499346,-20.9813499348,80.)) ;
#3845=CARTESIAN_POINT('Vertex',(-46.2954531778,-21.2967430781,80.)) ;
#3849=CARTESIAN_POINT('Control Point',(-46.2954531778,-21.2967430781,80.)) ;
#3850=CARTESIAN_POINT('Control Point',(-46.2247911825,-21.3088645951,80.)) ;
#3851=CARTESIAN_POINT('Control Point',(-46.1558273535,-21.330880603,80.)) ;
#3852=CARTESIAN_POINT('Control Point',(-46.0903903491,-21.3624865377,80.)) ;
#3853=CARTESIAN_POINT('Control Point',(-45.9902493258,-21.4296684861,80.)) ;
#3854=CARTESIAN_POINT('Control Point',(-45.9086862358,-21.5176050345,80.)) ;
#3855=CARTESIAN_POINT('Control Point',(-45.8788619439,-21.5565522743,80.)) ;
#3856=CARTESIAN_POINT('Control Point',(-45.8534315909,-21.5971855762,80.)) ;
#3857=CARTESIAN_POINT('Control Point',(-45.8319755532,-21.6398189905,80.)) ;
#3858=CARTESIAN_POINT('Vertex',(-45.8319755537,-21.6398189908,80.)) ;
#3861=CARTESIAN_POINT('Axis2P3D Location',(-45.474672984,-21.4600000094,80.)) ;
#3865=CARTESIAN_POINT('Vertex',(-45.4746729769,-21.8599999993,80.)) ;
#3868=CARTESIAN_POINT('Line Origine',(-44.7173364889,-21.8599999993,80.)) ;
#3872=CARTESIAN_POINT('Vertex',(-43.9600000009,-21.8599999993,80.)) ;
#3875=CARTESIAN_POINT('Axis2P3D Location',(-43.9599999985,-21.6100000017,80.)) ;
#3879=CARTESIAN_POINT('Vertex',(-43.7100000009,-21.6099999993,80.)) ;
#3882=CARTESIAN_POINT('Line Origine',(-43.7100000009,-21.08,80.)) ;
#3886=CARTESIAN_POINT('Vertex',(-43.7100000009,-20.5500000006,80.)) ;
#3889=CARTESIAN_POINT('Axis2P3D Location',(-43.9599999985,-20.5499999983,80.)) ;
#3893=CARTESIAN_POINT('Vertex',(-43.959999999,-20.3000000006,80.)) ;
#3896=CARTESIAN_POINT('Line Origine',(-43.979400102,-20.3000000006,80.)) ;
#3900=CARTESIAN_POINT('Vertex',(-43.9988002051,-20.3000000006,80.)) ;
#3904=CARTESIAN_POINT('Control Point',(-43.9988002051,-20.3000000006,80.)) ;
#3905=CARTESIAN_POINT('Control Point',(-44.1249840561,-20.3000000006,80.)) ;
#3906=CARTESIAN_POINT('Control Point',(-44.2511672532,-20.2843283816,80.)) ;
#3907=CARTESIAN_POINT('Control Point',(-44.3747772592,-20.2529761671,80.)) ;
#3908=CARTESIAN_POINT('Control Point',(-44.5720209893,-20.1757361782,80.)) ;
#3909=CARTESIAN_POINT('Control Point',(-44.7485334366,-20.0602617776,80.)) ;
#3910=CARTESIAN_POINT('Control Point',(-44.8162174556,-20.0074294266,80.)) ;
#3911=CARTESIAN_POINT('Control Point',(-44.8781252129,-19.9501892412,80.)) ;
#3912=CARTESIAN_POINT('Control Point',(-44.9349104669,-19.8882526307,80.)) ;
#3913=CARTESIAN_POINT('Vertex',(-44.9349104664,-19.8882526316,80.)) ;
#3916=CARTESIAN_POINT('Axis2P3D Location',(-47.5000000059,-22.2400000129,80.)) ;
#3920=CARTESIAN_POINT('Vertex',(-46.8063479196,-18.8298318534,80.)) ;
#3924=CARTESIAN_POINT('Control Point',(-46.8063479196,-18.8298318534,80.)) ;
#3925=CARTESIAN_POINT('Control Point',(-46.9125578566,-18.8082280085,80.)) ;
#3926=CARTESIAN_POINT('Control Point',(-47.015840119,-18.7722348818,80.)) ;
#3927=CARTESIAN_POINT('Control Point',(-47.1136193136,-18.7223643234,80.)) ;
#3928=CARTESIAN_POINT('Control Point',(-47.2632498703,-18.6182382828,80.)) ;
#3929=CARTESIAN_POINT('Control Point',(-47.3852956951,-18.484063664,80.)) ;
#3930=CARTESIAN_POINT('Control Point',(-47.4291243782,-18.4261130477,80.)) ;
#3931=CARTESIAN_POINT('Control Point',(-47.4674762403,-18.3645254035,80.)) ;
#3932=CARTESIAN_POINT('Control Point',(-47.5,-18.3000000006,80.)) ;
#3933=CARTESIAN_POINT('Vertex',(-47.4999999998,-18.3000000005,80.)) ;
#3936=CARTESIAN_POINT('Line Origine',(-48.75,-18.3000000006,80.)) ;
#3940=CARTESIAN_POINT('Vertex',(-50.,-18.3000000006,80.)) ;
#3943=CARTESIAN_POINT('Line Origine',(-50.,-17.3000000006,80.)) ;
#3947=CARTESIAN_POINT('Vertex',(-50.,-16.3000000006,80.)) ;
#3950=CARTESIAN_POINT('Line Origine',(-48.75,-16.3000000006,80.)) ;
#3954=CARTESIAN_POINT('Vertex',(-47.5,-16.3000000006,80.)) ;
#3957=CARTESIAN_POINT('Line Origine',(-47.5,-15.5500000006,80.)) ;
#3961=CARTESIAN_POINT('Vertex',(-47.5,-14.8000000006,80.)) ;
#3964=CARTESIAN_POINT('Line Origine',(-48.75,-14.8000000006,80.)) ;
#3968=CARTESIAN_POINT('Vertex',(-50.,-14.8000000006,80.)) ;
#3971=CARTESIAN_POINT('Line Origine',(-50.,-13.8000000006,80.)) ;
#3975=CARTESIAN_POINT('Vertex',(-50.,-12.8000000006,80.)) ;
#3978=CARTESIAN_POINT('Line Origine',(-48.75,-12.8000000006,80.)) ;
#3982=CARTESIAN_POINT('Vertex',(-47.5,-12.8000000006,80.)) ;
#3985=CARTESIAN_POINT('Line Origine',(-47.5,-12.0500000006,80.)) ;
#3989=CARTESIAN_POINT('Vertex',(-47.5,-11.3000000006,80.)) ;
#3992=CARTESIAN_POINT('Line Origine',(-48.75,-11.3000000006,80.)) ;
#3996=CARTESIAN_POINT('Vertex',(-50.,-11.3000000006,80.)) ;
#3999=CARTESIAN_POINT('Line Origine',(-50.,-10.3000000006,80.)) ;
#4003=CARTESIAN_POINT('Vertex',(-50.,-9.30000000065,80.)) ;
#4006=CARTESIAN_POINT('Line Origine',(-48.75,-9.30000000065,80.)) ;
#4010=CARTESIAN_POINT('Vertex',(-47.5,-9.30000000065,80.)) ;
#4013=CARTESIAN_POINT('Line Origine',(-47.5,-8.55000000065,80.)) ;
#4017=CARTESIAN_POINT('Vertex',(-47.5,-7.80000000065,80.)) ;
#4020=CARTESIAN_POINT('Line Origine',(-48.75,-7.80000000065,80.)) ;
#4024=CARTESIAN_POINT('Vertex',(-50.,-7.80000000065,80.)) ;
#4027=CARTESIAN_POINT('Line Origine',(-50.,-6.80000000065,80.)) ;
#4031=CARTESIAN_POINT('Vertex',(-50.,-5.80000000065,80.)) ;
#4034=CARTESIAN_POINT('Line Origine',(-48.75,-5.80000000065,80.)) ;
#4038=CARTESIAN_POINT('Vertex',(-47.5,-5.80000000065,80.)) ;
#4041=CARTESIAN_POINT('Line Origine',(-47.5,-5.05000000065,80.)) ;
#4045=CARTESIAN_POINT('Vertex',(-47.5,-4.30000000065,80.)) ;
#4048=CARTESIAN_POINT('Line Origine',(-48.75,-4.30000000065,80.)) ;
#4052=CARTESIAN_POINT('Vertex',(-50.,-4.30000000065,80.)) ;
#4055=CARTESIAN_POINT('Line Origine',(-50.,-3.30000000065,80.)) ;
#4059=CARTESIAN_POINT('Vertex',(-50.,-2.30000000065,80.)) ;
#4062=CARTESIAN_POINT('Line Origine',(-48.75,-2.30000000065,80.)) ;
#4066=CARTESIAN_POINT('Vertex',(-47.5,-2.30000000065,80.)) ;
#4069=CARTESIAN_POINT('Line Origine',(-47.5,-1.55000000065,80.)) ;
#4073=CARTESIAN_POINT('Vertex',(-47.5,-0.80000000065,80.)) ;
#4076=CARTESIAN_POINT('Line Origine',(-48.75,-0.80000000065,80.)) ;
#4080=CARTESIAN_POINT('Vertex',(-50.,-0.80000000065,80.)) ;
#4083=CARTESIAN_POINT('Line Origine',(-50.,0.19999999935,80.)) ;
#4087=CARTESIAN_POINT('Vertex',(-50.,1.19999999935,80.)) ;
#4090=CARTESIAN_POINT('Line Origine',(-48.75,1.19999999935,80.)) ;
#4094=CARTESIAN_POINT('Vertex',(-47.5,1.19999999935,80.)) ;
#4097=CARTESIAN_POINT('Line Origine',(-47.5,1.94999999935,80.)) ;
#4101=CARTESIAN_POINT('Vertex',(-47.5,2.69999999935,80.)) ;
#4104=CARTESIAN_POINT('Line Origine',(-48.75,2.69999999935,80.)) ;
#4108=CARTESIAN_POINT('Vertex',(-50.,2.69999999935,80.)) ;
#4111=CARTESIAN_POINT('Line Origine',(-50.,3.69999999935,80.)) ;
#4115=CARTESIAN_POINT('Vertex',(-50.,4.69999999935,80.)) ;
#4118=CARTESIAN_POINT('Line Origine',(-48.75,4.69999999935,80.)) ;
#4122=CARTESIAN_POINT('Vertex',(-47.5,4.69999999935,80.)) ;
#4125=CARTESIAN_POINT('Line Origine',(-47.5,5.44999999935,80.)) ;
#4129=CARTESIAN_POINT('Vertex',(-47.5,6.19999999935,80.)) ;
#4132=CARTESIAN_POINT('Line Origine',(-48.75,6.19999999935,80.)) ;
#4136=CARTESIAN_POINT('Vertex',(-50.,6.19999999935,80.)) ;
#4139=CARTESIAN_POINT('Line Origine',(-50.,7.19999999935,80.)) ;
#4143=CARTESIAN_POINT('Vertex',(-50.,8.19999999935,80.)) ;
#4146=CARTESIAN_POINT('Line Origine',(-48.75,8.19999999935,80.)) ;
#4150=CARTESIAN_POINT('Vertex',(-47.5,8.19999999935,80.)) ;
#4153=CARTESIAN_POINT('Line Origine',(-47.5,8.94999999935,80.)) ;
#4157=CARTESIAN_POINT('Vertex',(-47.5,9.69999999935,80.)) ;
#4160=CARTESIAN_POINT('Line Origine',(-48.75,9.69999999935,80.)) ;
#4164=CARTESIAN_POINT('Vertex',(-50.,9.69999999935,80.)) ;
#4167=CARTESIAN_POINT('Line Origine',(-50.,10.6999999994,80.)) ;
#4171=CARTESIAN_POINT('Vertex',(-50.,11.6999999994,80.)) ;
#4174=CARTESIAN_POINT('Line Origine',(-48.75,11.6999999994,80.)) ;
#4178=CARTESIAN_POINT('Vertex',(-47.5,11.6999999994,80.)) ;
#4181=CARTESIAN_POINT('Line Origine',(-47.5,12.4499999994,80.)) ;
#4185=CARTESIAN_POINT('Vertex',(-47.5,13.1999999994,80.)) ;
#4188=CARTESIAN_POINT('Line Origine',(-48.75,13.1999999994,80.)) ;
#4192=CARTESIAN_POINT('Vertex',(-50.,13.1999999994,80.)) ;
#4195=CARTESIAN_POINT('Line Origine',(-50.,14.1999999994,80.)) ;
#4199=CARTESIAN_POINT('Vertex',(-50.,15.1999999994,80.)) ;
#4202=CARTESIAN_POINT('Line Origine',(-48.75,15.1999999994,80.)) ;
#4206=CARTESIAN_POINT('Vertex',(-47.5,15.1999999994,80.)) ;
#4209=CARTESIAN_POINT('Line Origine',(-47.5,15.9499999994,80.)) ;
#4213=CARTESIAN_POINT('Vertex',(-47.5,16.6999999994,80.)) ;
#4216=CARTESIAN_POINT('Line Origine',(-48.75,16.6999999994,80.)) ;
#4220=CARTESIAN_POINT('Vertex',(-50.,16.6999999994,80.)) ;
#4223=CARTESIAN_POINT('Line Origine',(-50.,17.6999999994,80.)) ;
#4227=CARTESIAN_POINT('Vertex',(-50.,18.6999999994,80.)) ;
#4230=CARTESIAN_POINT('Line Origine',(-48.75,18.6999999994,80.)) ;
#4234=CARTESIAN_POINT('Vertex',(-47.5,18.6999999994,80.)) ;
#4238=CARTESIAN_POINT('Control Point',(-47.5,18.6999999994,80.)) ;
#4239=CARTESIAN_POINT('Control Point',(-47.5,18.8076193059,80.)) ;
#4240=CARTESIAN_POINT('Control Point',(-47.4855226049,18.9152378454,80.)) ;
#4241=CARTESIAN_POINT('Control Point',(-47.456556538,19.020284855,80.)) ;
#4242=CARTESIAN_POINT('Control Point',(-47.3853446493,19.1866707896,80.)) ;
#4243=CARTESIAN_POINT('Control Point',(-47.2796015594,19.3324432328,80.)) ;
#4244=CARTESIAN_POINT('Control Point',(-47.2321700157,19.3867970328,80.)) ;
#4245=CARTESIAN_POINT('Control Point',(-47.1801234393,19.4366002456,80.)) ;
#4246=CARTESIAN_POINT('Control Point',(-47.1240610853,19.4813755565,80.)) ;
#4247=CARTESIAN_POINT('Vertex',(-47.1240610858,19.4813755571,80.)) ;
#4250=CARTESIAN_POINT('Axis2P3D Location',(-47.7481221709,20.2627511139,80.)) ;
#4254=CARTESIAN_POINT('Vertex',(-47.0410153903,20.9698578958,80.)) ;
#4257=CARTESIAN_POINT('Line Origine',(-47.1727461293,21.1015886349,80.)) ;
#4261=CARTESIAN_POINT('Vertex',(-47.3044768684,21.2333193739,80.)) ;
#4264=CARTESIAN_POINT('Axis2P3D Location',(-47.5000000003,20.9799999943,80.)) ;
#4268=CARTESIAN_POINT('Vertex',(-47.6847598609,21.2412734089,80.)) ;
#4272=CARTESIAN_POINT('Control Point',(-47.6847598609,21.2412734089,80.)) ;
#4273=CARTESIAN_POINT('Control Point',(-47.7551871032,21.1914706846,80.)) ;
#4274=CARTESIAN_POINT('Control Point',(-47.834003687,21.1535336145,80.)) ;
#4275=CARTESIAN_POINT('Control Point',(-47.9185976489,21.1293421213,80.)) ;
#4276=CARTESIAN_POINT('Control Point',(-48.0635349378,21.1135618251,80.)) ;
#4277=CARTESIAN_POINT('Control Point',(-48.2061106173,21.1380808141,80.)) ;
#4278=CARTESIAN_POINT('Control Point',(-48.2618066066,21.1542834421,80.)) ;
#4279=CARTESIAN_POINT('Control Point',(-48.3152005986,21.1766001031,80.)) ;
#4280=CARTESIAN_POINT('Control Point',(-48.3654540852,21.2045614031,80.)) ;
#4281=CARTESIAN_POINT('Vertex',(-48.3654540846,21.2045614035,80.)) ;
#4285=CARTESIAN_POINT('Control Point',(-48.3654540852,21.2045614031,80.)) ;
#4286=CARTESIAN_POINT('Control Point',(-48.5381923156,21.3006738485,80.)) ;
#4287=CARTESIAN_POINT('Control Point',(-48.6975876997,21.420765064,80.)) ;
#4288=CARTESIAN_POINT('Control Point',(-48.8392346692,21.5624118209,80.)) ;
#4289=CARTESIAN_POINT('Control Point',(-48.9593261514,21.7218076842,80.)) ;
#4290=CARTESIAN_POINT('Control Point',(-49.0554385968,21.8945459147,80.)) ;
#4291=CARTESIAN_POINT('Vertex',(-49.0554385963,21.894545915,80.)) ;
#4295=CARTESIAN_POINT('Control Point',(-49.0554385968,21.8945459147,80.)) ;
#4296=CARTESIAN_POINT('Control Point',(-49.0973777344,21.9699210901,80.)) ;
#4297=CARTESIAN_POINT('Control Point',(-49.126617743,22.0523607504,80.)) ;
#4298=CARTESIAN_POINT('Control Point',(-49.1415705285,22.1390658912,80.)) ;
#4299=CARTESIAN_POINT('Control Point',(-49.141670771,22.284859674,80.)) ;
#4300=CARTESIAN_POINT('Control Point',(-49.101959489,22.4239712153,80.)) ;
#4301=CARTESIAN_POINT('Control Point',(-49.0798605574,22.4776014553,80.)) ;
#4302=CARTESIAN_POINT('Control Point',(-49.0519306363,22.5282854918,80.)) ;
#4303=CARTESIAN_POINT('Control Point',(-49.018726591,22.575240139,80.)) ;
#4304=CARTESIAN_POINT('Vertex',(-49.0187265918,22.5752401392,80.)) ;
#4307=CARTESIAN_POINT('Axis2P3D Location',(-49.2800000085,22.7599999999,80.)) ;
#4311=CARTESIAN_POINT('Vertex',(-49.018726591,22.9447598607,80.)) ;
#4315=CARTESIAN_POINT('Control Point',(-49.018726591,22.9447598607,80.)) ;
#4316=CARTESIAN_POINT('Control Point',(-49.0685293151,23.015187103,80.)) ;
#4317=CARTESIAN_POINT('Control Point',(-49.1064663852,23.0940036866,80.)) ;
#4318=CARTESIAN_POINT('Control Point',(-49.1306578791,23.1785976492,80.)) ;
#4319=CARTESIAN_POINT('Control Point',(-49.1464381749,23.3235349392,80.)) ;
#4320=CARTESIAN_POINT('Control Point',(-49.121919185,23.4661106196,80.)) ;
#4321=CARTESIAN_POINT('Control Point',(-49.1057165588,23.5218066042,80.)) ;
#4322=CARTESIAN_POINT('Control Point',(-49.0833998973,23.5752005974,80.)) ;
#4323=CARTESIAN_POINT('Control Point',(-49.0554385968,23.625454085,80.)) ;
#4325=CARTESIAN_POINT('Axis2P3D Location',(-47.5,24.5400000084,80.)) ;
#4329=CARTESIAN_POINT('Vertex',(-47.3152401391,24.2787265909,80.)) ;
#4333=CARTESIAN_POINT('Control Point',(-47.3152401391,24.2787265909,80.)) ;
#4334=CARTESIAN_POINT('Control Point',(-47.244812896,24.3285293157,80.)) ;
#4335=CARTESIAN_POINT('Control Point',(-47.1659963112,24.3664663861,80.)) ;
#4336=CARTESIAN_POINT('Control Point',(-47.0814023512,24.3906578788,80.)) ;
#4337=CARTESIAN_POINT('Control Point',(-46.9364650609,24.4064381749,80.)) ;
#4338=CARTESIAN_POINT('Control Point',(-46.79388938,24.3819191851,80.)) ;
#4339=CARTESIAN_POINT('Control Point',(-46.7381933942,24.3657165581,80.)) ;
#4340=CARTESIAN_POINT('Control Point',(-46.6847994018,24.3433998968,80.)) ;
#4341=CARTESIAN_POINT('Control Point',(-46.6345459148,24.3154385966,80.)) ;
#4342=CARTESIAN_POINT('Vertex',(-46.6345459154,24.3154385965,80.)) ;
#4346=CARTESIAN_POINT('Control Point',(-46.6345459148,24.3154385966,80.)) ;
#4347=CARTESIAN_POINT('Control Point',(-46.4618076839,24.219326151,80.)) ;
#4348=CARTESIAN_POINT('Control Point',(-46.3024122994,24.0992349351,80.)) ;
#4349=CARTESIAN_POINT('Control Point',(-46.1607653315,23.9575881797,80.)) ;
#4350=CARTESIAN_POINT('Control Point',(-46.040673849,23.798192316,80.)) ;
#4351=CARTESIAN_POINT('Control Point',(-45.9445614032,23.625454085,80.)) ;
#4352=CARTESIAN_POINT('Vertex',(-45.9445614036,23.6254540848,80.)) ;
#4356=CARTESIAN_POINT('Control Point',(-45.9445614032,23.625454085,80.)) ;
#4357=CARTESIAN_POINT('Control Point',(-45.9026222656,23.5500789096,80.)) ;
#4358=CARTESIAN_POINT('Control Point',(-45.8733822569,23.4676392492,80.)) ;
#4359=CARTESIAN_POINT('Control Point',(-45.8584294719,23.3809341106,80.)) ;
#4360=CARTESIAN_POINT('Control Point',(-45.858329229,23.2351403271,80.)) ;
#4361=CARTESIAN_POINT('Control Point',(-45.8980405111,23.0960287849,80.)) ;
#4362=CARTESIAN_POINT('Control Point',(-45.9201394419,23.0423985456,80.)) ;
#4363=CARTESIAN_POINT('Control Point',(-45.9480693633,22.9917145084,80.)) ;
#4364=CARTESIAN_POINT('Control Point',(-45.981273409,22.9447598607,80.)) ;
#4365=CARTESIAN_POINT('Vertex',(-45.9812734082,22.9447598608,80.)) ;
#4368=CARTESIAN_POINT('Axis2P3D Location',(-45.7199999995,22.7600000008,80.)) ;
#4599=CARTESIAN_POINT('Axis2P3D Location',(-48.4961797753,23.3142795823,80.)) ;
#4604=CARTESIAN_POINT('Line Origine',(-49.0187265918,22.9447598608,80.)) ;
#4617=CARTESIAN_POINT('Axis2P3D Location',(-45.25,23.251426495,80.)) ;
#4622=CARTESIAN_POINT('Line Origine',(-44.25,23.251426495,80.)) ;
#4627=CARTESIAN_POINT('Line Origine',(-45.9411764706,22.5287404729,80.)) ;
#4640=CARTESIAN_POINT('Axis2P3D Location',(-45.72,22.76,80.)) ;
#4645=CARTESIAN_POINT('Line Origine',(-45.9812734082,22.9447598608,80.)) ;
#4658=CARTESIAN_POINT('Axis2P3D Location',(-46.5038202247,23.3142795823,80.)) ;
#4663=CARTESIAN_POINT('Line Origine',(-45.9445614035,23.6254540846,80.)) ;
#4676=CARTESIAN_POINT('Axis2P3D Location',(-47.5,22.76,80.)) ;
#4681=CARTESIAN_POINT('Line Origine',(-46.6345459154,24.3154385965,80.)) ;
#4694=CARTESIAN_POINT('Axis2P3D Location',(-46.9457204177,23.7561797753,80.)) ;
#4699=CARTESIAN_POINT('Line Origine',(-47.3152401392,24.2787265918,80.)) ;
#4712=CARTESIAN_POINT('Axis2P3D Location',(-47.5,24.54,80.)) ;
#4725=CARTESIAN_POINT('Axis2P3D Location',(-49.28,22.76,80.)) ;
#4730=CARTESIAN_POINT('Line Origine',(-49.0187265918,22.5752401392,80.)) ;
#4743=CARTESIAN_POINT('Axis2P3D Location',(-48.4961797753,22.2057204177,80.)) ;
#4748=CARTESIAN_POINT('Line Origine',(-49.0554385965,21.8945459154,80.)) ;
#4761=CARTESIAN_POINT('Axis2P3D Location',(-47.5,22.76,80.)) ;
#4766=CARTESIAN_POINT('Line Origine',(-48.3654540846,21.2045614035,80.)) ;
#4779=CARTESIAN_POINT('Axis2P3D Location',(-48.0542795823,21.7638202247,80.)) ;
#4784=CARTESIAN_POINT('Line Origine',(-47.6847598608,21.2412734082,80.)) ;
#4797=CARTESIAN_POINT('Axis2P3D Location',(-47.5,20.98,80.)) ;
#4802=CARTESIAN_POINT('Line Origine',(-47.3044768686,21.2333193737,80.)) ;
#4815=CARTESIAN_POINT('Axis2P3D Location',(-47.3044768686,21.2333193737,80.)) ;
#4820=CARTESIAN_POINT('Line Origine',(-47.0410153907,20.9698578958,0.)) ;
#4833=CARTESIAN_POINT('Axis2P3D Location',(-47.7481221715,20.2627511142,80.)) ;
#4838=CARTESIAN_POINT('Line Origine',(-47.1240610857,19.4813755571,80.)) ;
#4851=CARTESIAN_POINT('Axis2P3D Location',(-46.5,18.7,80.)) ;
#4856=CARTESIAN_POINT('Line Origine',(-47.5,18.7,80.)) ;
#4869=CARTESIAN_POINT('Axis2P3D Location',(-44.25,18.7,80.)) ;
#4874=CARTESIAN_POINT('Line Origine',(-50.,18.7,0.)) ;
#4887=CARTESIAN_POINT('Axis2P3D Location',(-50.,18.7,80.)) ;
#4892=CARTESIAN_POINT('Line Origine',(-50.,16.7,0.)) ;
#4905=CARTESIAN_POINT('Axis2P3D Location',(-50.,16.7,80.)) ;
#4910=CARTESIAN_POINT('Line Origine',(-47.5,16.7,0.)) ;
#4923=CARTESIAN_POINT('Axis2P3D Location',(-47.5,16.7,80.)) ;
#4928=CARTESIAN_POINT('Line Origine',(-47.5,15.2,0.)) ;
#4941=CARTESIAN_POINT('Axis2P3D Location',(-47.5,15.2,80.)) ;
#4946=CARTESIAN_POINT('Line Origine',(-50.,15.2,0.)) ;
#4959=CARTESIAN_POINT('Axis2P3D Location',(-50.,15.2,80.)) ;
#4964=CARTESIAN_POINT('Line Origine',(-50.,13.2,0.)) ;
#4977=CARTESIAN_POINT('Axis2P3D Location',(-50.,13.2,80.)) ;
#4982=CARTESIAN_POINT('Line Origine',(-47.5,13.2,0.)) ;
#4995=CARTESIAN_POINT('Axis2P3D Location',(-47.5,13.2,80.)) ;
#5000=CARTESIAN_POINT('Line Origine',(-47.5,11.7,0.)) ;
#5013=CARTESIAN_POINT('Axis2P3D Location',(-47.5,11.7,80.)) ;
#5018=CARTESIAN_POINT('Line Origine',(-50.,11.7,0.)) ;
#5031=CARTESIAN_POINT('Axis2P3D Location',(-50.,11.7,80.)) ;
#5036=CARTESIAN_POINT('Line Origine',(-50.,9.7,0.)) ;
#5049=CARTESIAN_POINT('Axis2P3D Location',(-50.,9.7,80.)) ;
#5054=CARTESIAN_POINT('Line Origine',(-47.5,9.7,0.)) ;
#5067=CARTESIAN_POINT('Axis2P3D Location',(-47.5,9.7,80.)) ;
#5072=CARTESIAN_POINT('Line Origine',(-47.5,8.2,0.)) ;
#5085=CARTESIAN_POINT('Axis2P3D Location',(-47.5,8.2,80.)) ;
#5090=CARTESIAN_POINT('Line Origine',(-50.,8.2,0.)) ;
#5103=CARTESIAN_POINT('Axis2P3D Location',(-50.,8.2,80.)) ;
#5108=CARTESIAN_POINT('Line Origine',(-50.,6.2,0.)) ;
#5121=CARTESIAN_POINT('Axis2P3D Location',(-50.,6.2,80.)) ;
#5126=CARTESIAN_POINT('Line Origine',(-47.5,6.2,0.)) ;
#5139=CARTESIAN_POINT('Axis2P3D Location',(-47.5,6.2,80.)) ;
#5144=CARTESIAN_POINT('Line Origine',(-47.5,4.7,0.)) ;
#5157=CARTESIAN_POINT('Axis2P3D Location',(-47.5,4.7,80.)) ;
#5162=CARTESIAN_POINT('Line Origine',(-50.,4.7,0.)) ;
#5175=CARTESIAN_POINT('Axis2P3D Location',(-50.,4.7,80.)) ;
#5180=CARTESIAN_POINT('Line Origine',(-50.,2.7,0.)) ;
#5193=CARTESIAN_POINT('Axis2P3D Location',(-50.,2.7,80.)) ;
#5198=CARTESIAN_POINT('Line Origine',(-47.5,2.7,0.)) ;
#5211=CARTESIAN_POINT('Axis2P3D Location',(-47.5,2.7,80.)) ;
#5216=CARTESIAN_POINT('Line Origine',(-47.5,1.2,0.)) ;
#5229=CARTESIAN_POINT('Axis2P3D Location',(-47.5,1.2,80.)) ;
#5234=CARTESIAN_POINT('Line Origine',(-50.,1.2,0.)) ;
#5247=CARTESIAN_POINT('Axis2P3D Location',(-50.,1.2,80.)) ;
#5252=CARTESIAN_POINT('Line Origine',(-50.,-0.8,0.)) ;
#5265=CARTESIAN_POINT('Axis2P3D Location',(-50.,-0.8,80.)) ;
#5270=CARTESIAN_POINT('Line Origine',(-47.5,-0.8,0.)) ;
#5283=CARTESIAN_POINT('Axis2P3D Location',(-47.5,-0.8,80.)) ;
#5288=CARTESIAN_POINT('Line Origine',(-47.5,-2.3,0.)) ;
#5301=CARTESIAN_POINT('Axis2P3D Location',(-47.5,-2.3,80.)) ;
#5306=CARTESIAN_POINT('Line Origine',(-50.,-2.3,0.)) ;
#5319=CARTESIAN_POINT('Axis2P3D Location',(-50.,-2.3,80.)) ;
#5324=CARTESIAN_POINT('Line Origine',(-50.,-4.3,0.)) ;
#5337=CARTESIAN_POINT('Axis2P3D Location',(-50.,-4.3,80.)) ;
#5342=CARTESIAN_POINT('Line Origine',(-47.5,-4.3,0.)) ;
#5355=CARTESIAN_POINT('Axis2P3D Location',(-47.5,-4.3,80.)) ;
#5360=CARTESIAN_POINT('Line Origine',(-47.5,-5.8,0.)) ;
#5373=CARTESIAN_POINT('Axis2P3D Location',(-47.5,-5.8,80.)) ;
#5378=CARTESIAN_POINT('Line Origine',(-50.,-5.8,0.)) ;
#5391=CARTESIAN_POINT('Axis2P3D Location',(-50.,-5.8,80.)) ;
#5396=CARTESIAN_POINT('Line Origine',(-50.,-7.8,0.)) ;
#5409=CARTESIAN_POINT('Axis2P3D Location',(-50.,-7.8,80.)) ;
#5414=CARTESIAN_POINT('Line Origine',(-47.5,-7.8,0.)) ;
#5427=CARTESIAN_POINT('Axis2P3D Location',(-47.5,-7.8,80.)) ;
#5432=CARTESIAN_POINT('Line Origine',(-47.5,-9.3,0.)) ;
#5445=CARTESIAN_POINT('Axis2P3D Location',(-47.5,-9.3,80.)) ;
#5450=CARTESIAN_POINT('Line Origine',(-50.,-9.3,0.)) ;
#5463=CARTESIAN_POINT('Axis2P3D Location',(-50.,-9.3,80.)) ;
#5468=CARTESIAN_POINT('Line Origine',(-50.,-11.3,0.)) ;
#5481=CARTESIAN_POINT('Axis2P3D Location',(-50.,-11.3,80.)) ;
#5486=CARTESIAN_POINT('Line Origine',(-47.5,-11.3,0.)) ;
#5499=CARTESIAN_POINT('Axis2P3D Location',(-47.5,-11.3,80.)) ;
#5504=CARTESIAN_POINT('Line Origine',(-47.5,-12.8,0.)) ;
#5517=CARTESIAN_POINT('Axis2P3D Location',(-47.5,-12.8,80.)) ;
#5522=CARTESIAN_POINT('Line Origine',(-50.,-12.8,0.)) ;
#5535=CARTESIAN_POINT('Axis2P3D Location',(-50.,-12.8,80.)) ;
#5540=CARTESIAN_POINT('Line Origine',(-50.,-14.8,0.)) ;
#5553=CARTESIAN_POINT('Axis2P3D Location',(-50.,-14.8,80.)) ;
#5558=CARTESIAN_POINT('Line Origine',(-47.5,-14.8,0.)) ;
#5571=CARTESIAN_POINT('Axis2P3D Location',(-47.5,-14.8,80.)) ;
#5576=CARTESIAN_POINT('Line Origine',(-47.5,-16.3,0.)) ;
#5589=CARTESIAN_POINT('Axis2P3D Location',(-47.5,-16.3,80.)) ;
#5594=CARTESIAN_POINT('Line Origine',(-50.,-16.3,0.)) ;
#5607=CARTESIAN_POINT('Axis2P3D Location',(-50.,-16.3,80.)) ;
#5612=CARTESIAN_POINT('Line Origine',(-50.,-18.3,0.)) ;
#5625=CARTESIAN_POINT('Axis2P3D Location',(-50.,-18.3,80.)) ;
#5630=CARTESIAN_POINT('Line Origine',(-47.5,-18.3,0.)) ;
#5643=CARTESIAN_POINT('Axis2P3D Location',(-46.60702261,-17.8498984772,80.)) ;
#5648=CARTESIAN_POINT('Line Origine',(-46.8063479202,-18.8298318528,80.)) ;
#5661=CARTESIAN_POINT('Axis2P3D Location',(-47.5,-22.24,80.)) ;
#5666=CARTESIAN_POINT('Line Origine',(-44.9349104664,-19.8882526316,80.)) ;
#5679=CARTESIAN_POINT('Axis2P3D Location',(-43.9988002056,-19.03,80.)) ;
#5684=CARTESIAN_POINT('Line Origine',(-43.9988002056,-20.3,80.)) ;
#5697=CARTESIAN_POINT('Axis2P3D Location',(-43.9988002056,-20.3,80.)) ;
#5702=CARTESIAN_POINT('Line Origine',(-43.9599999996,-20.3,0.)) ;
#5715=CARTESIAN_POINT('Axis2P3D Location',(-43.96,-20.55,80.)) ;
#5720=CARTESIAN_POINT('Line Origine',(-43.71,-20.55,80.)) ;
#5733=CARTESIAN_POINT('Axis2P3D Location',(-43.71,-18.3,80.)) ;
#5738=CARTESIAN_POINT('Line Origine',(-43.71,-21.6100000005,0.)) ;
#5751=CARTESIAN_POINT('Axis2P3D Location',(-43.96,-21.61,80.)) ;
#5756=CARTESIAN_POINT('Line Origine',(-43.96,-21.86,80.)) ;
#5769=CARTESIAN_POINT('Axis2P3D Location',(-43.96,-21.86,80.)) ;
#5774=CARTESIAN_POINT('Line Origine',(-45.4746729778,-21.86,0.)) ;
#5787=CARTESIAN_POINT('Axis2P3D Location',(-45.4746729781,-21.46,80.)) ;
#5792=CARTESIAN_POINT('Line Origine',(-45.8319755536,-21.6398189911,80.)) ;
#5805=CARTESIAN_POINT('Axis2P3D Location',(-46.4036596743,-21.9275293769,80.)) ;
#5810=CARTESIAN_POINT('Line Origine',(-46.2954531778,-21.2967430786,80.)) ;
#5823=CARTESIAN_POINT('Axis2P3D Location',(-46.2413499295,-20.9813499295,80.)) ;
#5828=CARTESIAN_POINT('Line Origine',(-46.5567430786,-21.0354531778,80.)) ;
#5841=CARTESIAN_POINT('Axis2P3D Location',(-47.1875293769,-21.1436596743,80.)) ;
#5846=CARTESIAN_POINT('Line Origine',(-47.0121072727,-20.5281703687,80.)) ;
#5859=CARTESIAN_POINT('Axis2P3D Location',(-47.5,-22.24,80.)) ;
#5864=CARTESIAN_POINT('Line Origine',(-47.5,-20.46,80.)) ;
#5877=CARTESIAN_POINT('Axis2P3D Location',(-47.5,-22.24,80.)) ;
#5882=CARTESIAN_POINT('Line Origine',(-47.9878927273,-20.5281703687,80.)) ;
#5895=CARTESIAN_POINT('Axis2P3D Location',(-47.8124706231,-21.1436596743,80.)) ;
#5900=CARTESIAN_POINT('Line Origine',(-48.4432569214,-21.0354531778,80.)) ;
#5913=CARTESIAN_POINT('Axis2P3D Location',(-48.7586500705,-20.9813499295,80.)) ;
#5918=CARTESIAN_POINT('Line Origine',(-48.7045468222,-21.2967430786,80.)) ;
#5931=CARTESIAN_POINT('Axis2P3D Location',(-48.5963403257,-21.9275293769,80.)) ;
#5936=CARTESIAN_POINT('Line Origine',(-49.2118296313,-21.7521072727,80.)) ;
#5949=CARTESIAN_POINT('Axis2P3D Location',(-47.5,-22.24,80.)) ;
#5954=CARTESIAN_POINT('Line Origine',(-49.28,-22.24,80.)) ;
#5967=CARTESIAN_POINT('Axis2P3D Location',(-47.5,-22.24,80.)) ;
#5972=CARTESIAN_POINT('Line Origine',(-49.2118296313,-22.7278927273,80.)) ;
#5985=CARTESIAN_POINT('Axis2P3D Location',(-48.5963403257,-22.5524706231,80.)) ;
#5990=CARTESIAN_POINT('Line Origine',(-48.7045468222,-23.1832569214,80.)) ;
#6003=CARTESIAN_POINT('Axis2P3D Location',(-48.7586500705,-23.4986500705,80.)) ;
#6008=CARTESIAN_POINT('Line Origine',(-48.4432569214,-23.4445468222,80.)) ;
#6021=CARTESIAN_POINT('Axis2P3D Location',(-47.8124706231,-23.3363403257,80.)) ;
#6026=CARTESIAN_POINT('Line Origine',(-47.9878927273,-23.9518296313,80.)) ;
#6039=CARTESIAN_POINT('Axis2P3D Location',(-47.5,-22.24,80.)) ;
#6044=CARTESIAN_POINT('Line Origine',(-47.5,-24.02,80.)) ;
#6057=CARTESIAN_POINT('Axis2P3D Location',(-47.5,-22.24,80.)) ;
#6062=CARTESIAN_POINT('Line Origine',(-47.0121072727,-23.9518296313,80.)) ;
#6075=CARTESIAN_POINT('Axis2P3D Location',(-47.1875293769,-23.3363403257,80.)) ;
#6080=CARTESIAN_POINT('Line Origine',(-46.7840939881,-23.8331701629,80.)) ;
#6093=CARTESIAN_POINT('Axis2P3D Location',(-46.3806585994,-24.33,80.)) ;
#6098=CARTESIAN_POINT('Line Origine',(-46.3806585994,-23.69,80.)) ;
#6111=CARTESIAN_POINT('Axis2P3D Location',(-46.3806585994,-23.69,80.)) ;
#6116=CARTESIAN_POINT('Line Origine',(-44.7,-23.69,0.)) ;
#6129=CARTESIAN_POINT('Axis2P3D Location',(-44.7,-24.68,80.)) ;
#6134=CARTESIAN_POINT('Line Origine',(-43.71,-24.68,80.)) ;
#6147=CARTESIAN_POINT('Axis2P3D Location',(-43.71,-18.3,80.)) ;
#6152=CARTESIAN_POINT('Line Origine',(-43.71,-25.6000000007,0.)) ;
#6165=CARTESIAN_POINT('Axis2P3D Location',(-43.71,-26.24,80.)) ;
#6170=CARTESIAN_POINT('Line Origine',(-44.35,-26.24,80.)) ;
#6183=CARTESIAN_POINT('Axis2P3D Location',(47.5,-26.24,0.)) ;
#6188=CARTESIAN_POINT('Line Origine',(-47.5,-26.24,0.)) ;
#6201=CARTESIAN_POINT('Axis2P3D Location',(-47.5,-22.24,0.)) ;
#6206=CARTESIAN_POINT('Line Origine',(-51.5,-22.24,0.)) ;
#6219=CARTESIAN_POINT('Axis2P3D Location',(-51.5,-22.24,0.)) ;
#6224=CARTESIAN_POINT('Line Origine',(-51.5,-20.7000000009,0.)) ;
#6237=CARTESIAN_POINT('Axis2P3D Location',(-51.5,-20.4,0.)) ;
#6242=CARTESIAN_POINT('Line Origine',(-51.5,-20.1,0.)) ;
#6255=CARTESIAN_POINT('Axis2P3D Location',(-51.5,-20.1,0.)) ;
#6260=CARTESIAN_POINT('Line Origine',(-51.5,-12.5399999995,0.)) ;
#6273=CARTESIAN_POINT('Axis2P3D Location',(-51.5,-12.24,0.)) ;
#6278=CARTESIAN_POINT('Line Origine',(-51.5,-11.94,0.)) ;
#6291=CARTESIAN_POINT('Axis2P3D Location',(-51.5,-11.94,0.)) ;
#6296=CARTESIAN_POINT('Line Origine',(-51.5,-4.37999999948,0.)) ;
#6309=CARTESIAN_POINT('Axis2P3D Location',(-51.5,-4.08,0.)) ;
#6314=CARTESIAN_POINT('Line Origine',(-51.5,-3.78,0.)) ;
#6327=CARTESIAN_POINT('Axis2P3D Location',(-51.5,-3.78,0.)) ;
#6332=CARTESIAN_POINT('Line Origine',(-51.5,3.78000000052,0.)) ;
#6345=CARTESIAN_POINT('Axis2P3D Location',(-51.5,4.08,0.)) ;
#6350=CARTESIAN_POINT('Line Origine',(-51.5,4.38,0.)) ;
#6363=CARTESIAN_POINT('Axis2P3D Location',(-51.5,4.38,0.)) ;
#6368=CARTESIAN_POINT('Line Origine',(-51.5,11.9400000005,0.)) ;
#6381=CARTESIAN_POINT('Axis2P3D Location',(-51.5,12.24,0.)) ;
#6386=CARTESIAN_POINT('Line Origine',(-51.5,12.54,0.)) ;
#6399=CARTESIAN_POINT('Axis2P3D Location',(-51.5,12.54,0.)) ;
#6404=CARTESIAN_POINT('Line Origine',(-51.5,20.1000000005,0.)) ;
#6417=CARTESIAN_POINT('Axis2P3D Location',(-51.5,20.4,0.)) ;
#6422=CARTESIAN_POINT('Line Origine',(-51.5,20.7,0.)) ;
#6435=CARTESIAN_POINT('Axis2P3D Location',(-51.5,20.7,0.)) ;
#6440=CARTESIAN_POINT('Line Origine',(-51.5,22.7600000005,0.)) ;
#6453=CARTESIAN_POINT('Axis2P3D Location',(-47.5,22.76,0.)) ;
#6458=CARTESIAN_POINT('Line Origine',(-47.5,26.76,0.)) ;
#6471=CARTESIAN_POINT('Axis2P3D Location',(-47.5,26.76,0.)) ;
#6476=CARTESIAN_POINT('Line Origine',(-45.4499999993,26.76,0.)) ;
#6489=CARTESIAN_POINT('Axis2P3D Location',(-45.15,26.76,0.)) ;
#6494=CARTESIAN_POINT('Line Origine',(-44.85,26.76,0.)) ;
#6507=CARTESIAN_POINT('Axis2P3D Location',(-44.85,26.76,0.)) ;
#6512=CARTESIAN_POINT('Line Origine',(44.8499999993,26.76,0.)) ;
#6525=CARTESIAN_POINT('Axis2P3D Location',(45.15,26.76,0.)) ;
#6530=CARTESIAN_POINT('Line Origine',(45.45,26.76,0.)) ;
#6543=CARTESIAN_POINT('Axis2P3D Location',(45.45,26.76,0.)) ;
#6548=CARTESIAN_POINT('Line Origine',(47.5000000007,26.76,0.)) ;
#6561=CARTESIAN_POINT('Axis2P3D Location',(47.5,22.76,0.)) ;
#6566=CARTESIAN_POINT('Line Origine',(51.5,22.76,0.)) ;
#6579=CARTESIAN_POINT('Axis2P3D Location',(51.5,22.76,0.)) ;
#6584=CARTESIAN_POINT('Line Origine',(51.5,20.6999999995,0.)) ;
#6597=CARTESIAN_POINT('Axis2P3D Location',(51.5,20.4,0.)) ;
#6602=CARTESIAN_POINT('Line Origine',(51.5,20.1,0.)) ;
#6615=CARTESIAN_POINT('Axis2P3D Location',(51.5,20.1,0.)) ;
#6620=CARTESIAN_POINT('Line Origine',(51.5,12.5399999995,0.)) ;
#6633=CARTESIAN_POINT('Axis2P3D Location',(51.5,12.24,0.)) ;
#6638=CARTESIAN_POINT('Line Origine',(51.5,11.94,0.)) ;
#6651=CARTESIAN_POINT('Axis2P3D Location',(51.5,11.94,0.)) ;
#6656=CARTESIAN_POINT('Line Origine',(51.5,4.37999999948,0.)) ;
#6669=CARTESIAN_POINT('Axis2P3D Location',(51.5,4.08,0.)) ;
#6674=CARTESIAN_POINT('Line Origine',(51.5,3.78,0.)) ;
#6687=CARTESIAN_POINT('Axis2P3D Location',(51.5,3.78,0.)) ;
#6692=CARTESIAN_POINT('Line Origine',(51.5,-3.78000000052,0.)) ;
#6705=CARTESIAN_POINT('Axis2P3D Location',(51.5,-4.08,0.)) ;
#6710=CARTESIAN_POINT('Line Origine',(51.5,-4.38,0.)) ;
#6723=CARTESIAN_POINT('Axis2P3D Location',(51.5,-4.38,0.)) ;
#6728=CARTESIAN_POINT('Line Origine',(51.5,-11.9400000005,0.)) ;
#6741=CARTESIAN_POINT('Axis2P3D Location',(51.5,-12.24,0.)) ;
#6746=CARTESIAN_POINT('Line Origine',(51.5,-12.54,0.)) ;
#6759=CARTESIAN_POINT('Axis2P3D Location',(51.5,-12.54,0.)) ;
#6764=CARTESIAN_POINT('Line Origine',(51.5,-20.1000000005,0.)) ;
#6777=CARTESIAN_POINT('Axis2P3D Location',(51.5,-20.4,0.)) ;
#6782=CARTESIAN_POINT('Line Origine',(51.5,-20.7,0.)) ;
#6795=CARTESIAN_POINT('Axis2P3D Location',(51.5,-20.7,0.)) ;
#6800=CARTESIAN_POINT('Line Origine',(51.5,-22.24,0.)) ;
#6813=CARTESIAN_POINT('Axis2P3D Location',(47.5,-22.24,0.)) ;
#6818=CARTESIAN_POINT('Line Origine',(47.5,-26.24,0.)) ;
#6831=CARTESIAN_POINT('Axis2P3D Location',(47.5,-26.24,0.)) ;
#6836=CARTESIAN_POINT('Line Origine',(44.3499999996,-26.24,0.)) ;
#6849=CARTESIAN_POINT('Axis2P3D Location',(43.71,-26.24,80.)) ;
#6854=CARTESIAN_POINT('Line Origine',(43.71,-25.6,80.)) ;
#6867=CARTESIAN_POINT('Axis2P3D Location',(43.71,-26.24,80.)) ;
#6872=CARTESIAN_POINT('Line Origine',(43.71,-24.6799999995,0.)) ;
#6885=CARTESIAN_POINT('Axis2P3D Location',(44.7,-24.68,80.)) ;
#6890=CARTESIAN_POINT('Line Origine',(44.7,-23.69,80.)) ;
#6903=CARTESIAN_POINT('Axis2P3D Location',(44.7,-23.69,80.)) ;
#6908=CARTESIAN_POINT('Line Origine',(46.3806585994,-23.69,0.)) ;
#6921=CARTESIAN_POINT('Axis2P3D Location',(46.3806585994,-24.33,80.)) ;
#6926=CARTESIAN_POINT('Line Origine',(46.7840939882,-23.8331701628,80.)) ;
#6939=CARTESIAN_POINT('Axis2P3D Location',(47.1875293769,-23.3363403257,80.)) ;
#6944=CARTESIAN_POINT('Line Origine',(47.0121072727,-23.9518296313,80.)) ;
#6957=CARTESIAN_POINT('Axis2P3D Location',(47.5,-22.24,80.)) ;
#6962=CARTESIAN_POINT('Line Origine',(47.5,-24.02,80.)) ;
#6975=CARTESIAN_POINT('Axis2P3D Location',(47.5,-22.24,80.)) ;
#6980=CARTESIAN_POINT('Line Origine',(47.9878927273,-23.9518296313,80.)) ;
#6993=CARTESIAN_POINT('Axis2P3D Location',(47.8124706231,-23.3363403257,80.)) ;
#6998=CARTESIAN_POINT('Line Origine',(48.4432569214,-23.4445468222,80.)) ;
#7011=CARTESIAN_POINT('Axis2P3D Location',(48.7586500705,-23.4986500705,80.)) ;
#7016=CARTESIAN_POINT('Line Origine',(48.7045468222,-23.1832569214,80.)) ;
#7029=CARTESIAN_POINT('Axis2P3D Location',(48.5963403257,-22.5524706231,80.)) ;
#7034=CARTESIAN_POINT('Line Origine',(49.2118296313,-22.7278927273,80.)) ;
#7047=CARTESIAN_POINT('Axis2P3D Location',(47.5,-22.24,80.)) ;
#7052=CARTESIAN_POINT('Line Origine',(49.28,-22.24,80.)) ;
#7065=CARTESIAN_POINT('Axis2P3D Location',(47.5,-22.24,80.)) ;
#7070=CARTESIAN_POINT('Line Origine',(49.2118296313,-21.7521072727,80.)) ;
#7083=CARTESIAN_POINT('Axis2P3D Location',(48.5963403257,-21.9275293769,80.)) ;
#7088=CARTESIAN_POINT('Line Origine',(48.7045468222,-21.2967430786,80.)) ;
#7101=CARTESIAN_POINT('Axis2P3D Location',(48.7586500705,-20.9813499295,80.)) ;
#7106=CARTESIAN_POINT('Line Origine',(48.4432569214,-21.0354531778,80.)) ;
#7119=CARTESIAN_POINT('Axis2P3D Location',(47.8124706231,-21.1436596743,80.)) ;
#7124=CARTESIAN_POINT('Line Origine',(47.9878927273,-20.5281703687,80.)) ;
#7137=CARTESIAN_POINT('Axis2P3D Location',(47.5,-22.24,80.)) ;
#7142=CARTESIAN_POINT('Line Origine',(47.5,-20.46,80.)) ;
#7155=CARTESIAN_POINT('Axis2P3D Location',(47.5,-22.24,80.)) ;
#7160=CARTESIAN_POINT('Line Origine',(47.0121072727,-20.5281703687,80.)) ;
#7173=CARTESIAN_POINT('Axis2P3D Location',(47.1875293769,-21.1436596743,80.)) ;
#7178=CARTESIAN_POINT('Line Origine',(46.5567430786,-21.0354531778,80.)) ;
#7191=CARTESIAN_POINT('Axis2P3D Location',(46.2413499295,-20.9813499295,80.)) ;
#7196=CARTESIAN_POINT('Line Origine',(46.2954531778,-21.2967430786,80.)) ;
#7209=CARTESIAN_POINT('Axis2P3D Location',(46.4036596743,-21.9275293769,80.)) ;
#7214=CARTESIAN_POINT('Line Origine',(45.8319755536,-21.6398189911,80.)) ;
#7227=CARTESIAN_POINT('Axis2P3D Location',(45.4746729781,-21.46,80.)) ;
#7232=CARTESIAN_POINT('Line Origine',(45.4746729781,-21.86,80.)) ;
#7245=CARTESIAN_POINT('Axis2P3D Location',(45.4746729781,-21.86,80.)) ;
#7250=CARTESIAN_POINT('Line Origine',(43.9600000003,-21.86,0.)) ;
#7263=CARTESIAN_POINT('Axis2P3D Location',(43.96,-21.61,80.)) ;
#7268=CARTESIAN_POINT('Line Origine',(43.71,-21.61,80.)) ;
#7281=CARTESIAN_POINT('Axis2P3D Location',(43.71,-26.24,80.)) ;
#7286=CARTESIAN_POINT('Line Origine',(43.71,-20.5500000005,0.)) ;
#7299=CARTESIAN_POINT('Axis2P3D Location',(43.96,-20.55,80.)) ;
#7304=CARTESIAN_POINT('Line Origine',(43.96,-20.3,80.)) ;
#7317=CARTESIAN_POINT('Axis2P3D Location',(43.96,-20.3,80.)) ;
#7322=CARTESIAN_POINT('Line Origine',(43.998800206,-20.3,0.)) ;
#7335=CARTESIAN_POINT('Axis2P3D Location',(43.9988002056,-19.03,80.)) ;
#7340=CARTESIAN_POINT('Line Origine',(44.9349104664,-19.8882526315,80.)) ;
#7353=CARTESIAN_POINT('Axis2P3D Location',(47.5,-22.24,80.)) ;
#7358=CARTESIAN_POINT('Line Origine',(46.8063479202,-18.8298318528,80.)) ;
#7371=CARTESIAN_POINT('Axis2P3D Location',(46.60702261,-17.8498984772,80.)) ;
#7376=CARTESIAN_POINT('Line Origine',(47.5000000001,-18.3,80.)) ;
#7389=CARTESIAN_POINT('Axis2P3D Location',(43.71,-18.3,80.)) ;
#7394=CARTESIAN_POINT('Line Origine',(49.9999999991,-18.3,0.)) ;
#7407=CARTESIAN_POINT('Axis2P3D Location',(50.,-18.3,80.)) ;
#7412=CARTESIAN_POINT('Line Origine',(50.,-16.3,0.)) ;
#7425=CARTESIAN_POINT('Axis2P3D Location',(50.,-16.3,80.)) ;
#7430=CARTESIAN_POINT('Line Origine',(47.5,-16.3,0.)) ;
#7443=CARTESIAN_POINT('Axis2P3D Location',(47.5,-16.3,80.)) ;
#7448=CARTESIAN_POINT('Line Origine',(47.5,-14.8,0.)) ;
#7461=CARTESIAN_POINT('Axis2P3D Location',(47.5,-14.8,80.)) ;
#7466=CARTESIAN_POINT('Line Origine',(50.,-14.8,0.)) ;
#7479=CARTESIAN_POINT('Axis2P3D Location',(50.,-14.8,80.)) ;
#7484=CARTESIAN_POINT('Line Origine',(50.,-12.8,0.)) ;
#7497=CARTESIAN_POINT('Axis2P3D Location',(50.,-12.8,80.)) ;
#7502=CARTESIAN_POINT('Line Origine',(47.5,-12.8,0.)) ;
#7515=CARTESIAN_POINT('Axis2P3D Location',(47.5,-12.8,80.)) ;
#7520=CARTESIAN_POINT('Line Origine',(47.5,-11.3,0.)) ;
#7533=CARTESIAN_POINT('Axis2P3D Location',(47.5,-11.3,80.)) ;
#7538=CARTESIAN_POINT('Line Origine',(50.,-11.3,0.)) ;
#7551=CARTESIAN_POINT('Axis2P3D Location',(50.,-11.3,80.)) ;
#7556=CARTESIAN_POINT('Line Origine',(50.,-9.3,0.)) ;
#7569=CARTESIAN_POINT('Axis2P3D Location',(50.,-9.3,80.)) ;
#7574=CARTESIAN_POINT('Line Origine',(47.5,-9.3,0.)) ;
#7587=CARTESIAN_POINT('Axis2P3D Location',(47.5,-9.3,80.)) ;
#7592=CARTESIAN_POINT('Line Origine',(47.5,-7.8,0.)) ;
#7605=CARTESIAN_POINT('Axis2P3D Location',(47.5,-7.8,80.)) ;
#7610=CARTESIAN_POINT('Line Origine',(50.,-7.8,0.)) ;
#7623=CARTESIAN_POINT('Axis2P3D Location',(50.,-7.8,80.)) ;
#7628=CARTESIAN_POINT('Line Origine',(50.,-5.8,0.)) ;
#7641=CARTESIAN_POINT('Axis2P3D Location',(50.,-5.8,80.)) ;
#7646=CARTESIAN_POINT('Line Origine',(47.5,-5.8,0.)) ;
#7659=CARTESIAN_POINT('Axis2P3D Location',(47.5,-5.8,80.)) ;
#7664=CARTESIAN_POINT('Line Origine',(47.5,-4.3,0.)) ;
#7677=CARTESIAN_POINT('Axis2P3D Location',(47.5,-4.3,80.)) ;
#7682=CARTESIAN_POINT('Line Origine',(50.,-4.3,0.)) ;
#7695=CARTESIAN_POINT('Axis2P3D Location',(50.,-4.3,80.)) ;
#7700=CARTESIAN_POINT('Line Origine',(50.,-2.3,0.)) ;
#7713=CARTESIAN_POINT('Axis2P3D Location',(50.,-2.3,80.)) ;
#7718=CARTESIAN_POINT('Line Origine',(47.5,-2.3,0.)) ;
#7731=CARTESIAN_POINT('Axis2P3D Location',(47.5,-2.3,80.)) ;
#7736=CARTESIAN_POINT('Line Origine',(47.5,-0.8,0.)) ;
#7749=CARTESIAN_POINT('Axis2P3D Location',(47.5,-0.8,80.)) ;
#7754=CARTESIAN_POINT('Line Origine',(50.,-0.8,0.)) ;
#7767=CARTESIAN_POINT('Axis2P3D Location',(50.,-0.8,80.)) ;
#7772=CARTESIAN_POINT('Line Origine',(50.,1.2,0.)) ;
#7785=CARTESIAN_POINT('Axis2P3D Location',(50.,1.2,80.)) ;
#7790=CARTESIAN_POINT('Line Origine',(47.5,1.2,0.)) ;
#7803=CARTESIAN_POINT('Axis2P3D Location',(47.5,1.2,80.)) ;
#7808=CARTESIAN_POINT('Line Origine',(47.5,2.7,0.)) ;
#7821=CARTESIAN_POINT('Axis2P3D Location',(47.5,2.7,80.)) ;
#7826=CARTESIAN_POINT('Line Origine',(50.,2.7,0.)) ;
#7839=CARTESIAN_POINT('Axis2P3D Location',(50.,2.7,80.)) ;
#7844=CARTESIAN_POINT('Line Origine',(50.,4.7,0.)) ;
#7857=CARTESIAN_POINT('Axis2P3D Location',(50.,4.7,80.)) ;
#7862=CARTESIAN_POINT('Line Origine',(47.5,4.7,0.)) ;
#7875=CARTESIAN_POINT('Axis2P3D Location',(47.5,4.7,80.)) ;
#7880=CARTESIAN_POINT('Line Origine',(47.5,6.2,0.)) ;
#7893=CARTESIAN_POINT('Axis2P3D Location',(47.5,6.2,80.)) ;
#7898=CARTESIAN_POINT('Line Origine',(50.,6.2,0.)) ;
#7911=CARTESIAN_POINT('Axis2P3D Location',(50.,6.2,80.)) ;
#7916=CARTESIAN_POINT('Line Origine',(50.,8.2,0.)) ;
#7929=CARTESIAN_POINT('Axis2P3D Location',(50.,8.2,80.)) ;
#7934=CARTESIAN_POINT('Line Origine',(47.5,8.2,0.)) ;
#7947=CARTESIAN_POINT('Axis2P3D Location',(47.5,8.2,80.)) ;
#7952=CARTESIAN_POINT('Line Origine',(47.5,9.7,0.)) ;
#7965=CARTESIAN_POINT('Axis2P3D Location',(47.5,9.7,80.)) ;
#7970=CARTESIAN_POINT('Line Origine',(50.,9.7,0.)) ;
#7983=CARTESIAN_POINT('Axis2P3D Location',(50.,9.7,80.)) ;
#7988=CARTESIAN_POINT('Line Origine',(50.,11.7,0.)) ;
#8001=CARTESIAN_POINT('Axis2P3D Location',(50.,11.7,80.)) ;
#8006=CARTESIAN_POINT('Line Origine',(47.5,11.7,0.)) ;
#8019=CARTESIAN_POINT('Axis2P3D Location',(47.5,11.7,80.)) ;
#8024=CARTESIAN_POINT('Line Origine',(47.5,13.2,0.)) ;
#8037=CARTESIAN_POINT('Axis2P3D Location',(47.5,13.2,80.)) ;
#8042=CARTESIAN_POINT('Line Origine',(50.,13.2,0.)) ;
#8055=CARTESIAN_POINT('Axis2P3D Location',(50.,13.2,80.)) ;
#8060=CARTESIAN_POINT('Line Origine',(50.,15.2,0.)) ;
#8073=CARTESIAN_POINT('Axis2P3D Location',(50.,15.2,80.)) ;
#8078=CARTESIAN_POINT('Line Origine',(47.5,15.2,0.)) ;
#8091=CARTESIAN_POINT('Axis2P3D Location',(47.5,15.2,80.)) ;
#8096=CARTESIAN_POINT('Line Origine',(47.5,16.7,0.)) ;
#8109=CARTESIAN_POINT('Axis2P3D Location',(47.5,16.7,80.)) ;
#8114=CARTESIAN_POINT('Line Origine',(50.,16.7,0.)) ;
#8127=CARTESIAN_POINT('Axis2P3D Location',(50.,16.7,80.)) ;
#8132=CARTESIAN_POINT('Line Origine',(50.,18.7,0.)) ;
#8145=CARTESIAN_POINT('Axis2P3D Location',(50.,18.7,80.)) ;
#8150=CARTESIAN_POINT('Line Origine',(47.5,18.7,0.)) ;
#8163=CARTESIAN_POINT('Axis2P3D Location',(46.5,18.7,80.)) ;
#8168=CARTESIAN_POINT('Line Origine',(47.1240610858,19.4813755571,80.)) ;
#8181=CARTESIAN_POINT('Axis2P3D Location',(47.7481221715,20.2627511142,80.)) ;
#8186=CARTESIAN_POINT('Line Origine',(47.0410153903,20.9698578954,80.)) ;
#8199=CARTESIAN_POINT('Axis2P3D Location',(47.0410153903,20.9698578954,80.)) ;
#8204=CARTESIAN_POINT('Line Origine',(47.3044768682,21.2333193733,0.)) ;
#8217=CARTESIAN_POINT('Axis2P3D Location',(47.5,20.98,80.)) ;
#8222=CARTESIAN_POINT('Line Origine',(47.6847598608,21.2412734082,80.)) ;
#8235=CARTESIAN_POINT('Axis2P3D Location',(48.0542795823,21.7638202247,80.)) ;
#8240=CARTESIAN_POINT('Line Origine',(48.3654540846,21.2045614035,80.)) ;
#8253=CARTESIAN_POINT('Axis2P3D Location',(47.5,22.76,80.)) ;
#8258=CARTESIAN_POINT('Line Origine',(49.0554385965,21.8945459154,80.)) ;
#8271=CARTESIAN_POINT('Axis2P3D Location',(48.4961797753,22.2057204177,80.)) ;
#8276=CARTESIAN_POINT('Line Origine',(49.0187265918,22.5752401392,80.)) ;
#8289=CARTESIAN_POINT('Axis2P3D Location',(49.28,22.76,80.)) ;
#8294=CARTESIAN_POINT('Line Origine',(49.0187265918,22.9447598608,80.)) ;
#8307=CARTESIAN_POINT('Axis2P3D Location',(48.4961797753,23.3142795823,80.)) ;
#8312=CARTESIAN_POINT('Line Origine',(49.0554385965,23.6254540846,80.)) ;
#8325=CARTESIAN_POINT('Axis2P3D Location',(47.5,22.76,80.)) ;
#8330=CARTESIAN_POINT('Line Origine',(48.3654540846,24.3154385965,80.)) ;
#8343=CARTESIAN_POINT('Axis2P3D Location',(48.0542795823,23.7561797753,80.)) ;
#8348=CARTESIAN_POINT('Line Origine',(47.6847598608,24.2787265918,80.)) ;
#8361=CARTESIAN_POINT('Axis2P3D Location',(47.5,24.54,80.)) ;
#8366=CARTESIAN_POINT('Line Origine',(47.3152401392,24.2787265918,80.)) ;
#8379=CARTESIAN_POINT('Axis2P3D Location',(46.9457204177,23.7561797753,80.)) ;
#8384=CARTESIAN_POINT('Line Origine',(46.6345459154,24.3154385965,80.)) ;
#8397=CARTESIAN_POINT('Axis2P3D Location',(47.5,22.76,80.)) ;
#8402=CARTESIAN_POINT('Line Origine',(45.9445614035,23.6254540846,80.)) ;
#8415=CARTESIAN_POINT('Axis2P3D Location',(46.5038202247,23.3142795823,80.)) ;
#8420=CARTESIAN_POINT('Line Origine',(45.9812734082,22.9447598608,80.)) ;
#8433=CARTESIAN_POINT('Axis2P3D Location',(45.72,22.76,80.)) ;
#8438=CARTESIAN_POINT('Line Origine',(45.9411764706,22.5287404729,80.)) ;
#8451=CARTESIAN_POINT('Axis2P3D Location',(45.25,23.251426495,80.)) ;
#8456=CARTESIAN_POINT('Line Origine',(44.25,23.251426495,80.)) ;
#8469=CARTESIAN_POINT('Axis2P3D Location',(44.25,18.7,80.)) ;
#8474=CARTESIAN_POINT('Line Origine',(44.25,24.1100000001,0.)) ;
#8487=CARTESIAN_POINT('Axis2P3D Location',(43.25,24.11,80.)) ;
#8492=CARTESIAN_POINT('Line Origine',(43.25,25.11,80.)) ;
#8505=CARTESIAN_POINT('Axis2P3D Location',(0.,25.11,80.)) ;
#8510=CARTESIAN_POINT('Line Origine',(-43.25,25.11,0.)) ;
#8523=CARTESIAN_POINT('Axis2P3D Location',(-43.25,24.11,80.)) ;
#8528=CARTESIAN_POINT('Line Origine',(-44.25,24.11,80.)) ;
#8541=CARTESIAN_POINT('Axis2P3D Location',(-44.25,24.11,80.)) ;
#8563=CARTESIAN_POINT('NONE',(0.,0.,0.)) ;
#8564=CARTESIAN_POINT('NONE',(0.,0.,0.)) ;
#8576=CARTESIAN_POINT('NONE',(0.,0.,0.)) ;
#8577=CARTESIAN_POINT('NONE',(0.,0.,0.)) ;
#8593=CARTESIAN_POINT('Axis2P3D Location',(29.0693293172,-12.0339173775,0.7)) ;
#8598=CARTESIAN_POINT('Line Origine',(29.0693293172,-12.0339173775,1.39999999925)) ;
#8602=CARTESIAN_POINT('Vertex',(73.579329317,-12.0339173775,1.39999999925)) ;
#8604=CARTESIAN_POINT('Vertex',(-15.4406706826,-12.0339173775,1.39999999925)) ;
#8607=CARTESIAN_POINT('Line Origine',(73.579329317,-12.0339173775,0.7)) ;
#8611=CARTESIAN_POINT('Vertex',(73.579329317,-12.0339173775,7.45058015283E-010)) ;
#8614=CARTESIAN_POINT('Line Origine',(29.0693293172,-12.0339173775,7.45058015283E-010)) ;
#8618=CARTESIAN_POINT('Vertex',(-15.4406706826,-12.0339173775,7.45058015283E-010)) ;
#8621=CARTESIAN_POINT('Line Origine',(-15.4406706826,-12.0339173775,0.7)) ;
#8641=CARTESIAN_POINT('Axis2P3D Location',(-21.7456706828,34.8810826225,1.4)) ;
#8646=CARTESIAN_POINT('Line Origine',(-22.4956706828,12.3160826221,1.4)) ;
#8650=CARTESIAN_POINT('Vertex',(-22.4956706828,-10.2489173783,1.4)) ;
#8652=CARTESIAN_POINT('Vertex',(-22.4956706828,34.8810826225,1.4)) ;
#8656=CARTESIAN_POINT('Control Point',(-18.4956706828,-14.2489173783,1.4)) ;
#8657=CARTESIAN_POINT('Control Point',(-18.8875735432,-14.2489173783,1.4)) ;
#8658=CARTESIAN_POINT('Control Point',(-19.2794757677,-14.2009211739,1.4)) ;
#8659=CARTESIAN_POINT('Control Point',(-19.6636039399,-14.1049021171,1.4)) ;
#8660=CARTESIAN_POINT('Control Point',(-20.4003888863,-13.8207966917,1.4)) ;
#8661=CARTESIAN_POINT('Control Point',(-21.0468363077,-13.3672884851,1.4)) ;
#8662=CARTESIAN_POINT('Control Point',(-21.3406039688,-13.1018178332,1.4)) ;
#8663=CARTESIAN_POINT('Control Point',(-21.8570487775,-12.5044462771,1.4)) ;
#8664=CARTESIAN_POINT('Control Point',(-22.2140716737,-11.8001035472,1.4)) ;
#8665=CARTESIAN_POINT('Control Point',(-22.3483741373,-11.4276295336,1.4)) ;
#8666=CARTESIAN_POINT('Control Point',(-22.4536981468,-10.9631221238,1.4)) ;
#8667=CARTESIAN_POINT('Control Point',(-22.4895327564,-10.4915653753,1.4)) ;
#8668=CARTESIAN_POINT('Control Point',(-22.4936273148,-10.4106427434,1.4)) ;
#8669=CARTESIAN_POINT('Control Point',(-22.4956706828,-10.3297800597,1.4)) ;
#8670=CARTESIAN_POINT('Control Point',(-22.4956706828,-10.2489173783,1.4)) ;
#8671=CARTESIAN_POINT('Vertex',(-18.4956706828,-14.2489173775,1.39999999925)) ;
#8674=CARTESIAN_POINT('Line Origine',(29.0693293176,-14.2489173783,1.4)) ;
#8678=CARTESIAN_POINT('Vertex',(76.634329318,-14.2489173783,1.4)) ;
#8682=CARTESIAN_POINT('Control Point',(80.634329318,-10.2489173783,1.4)) ;
#8683=CARTESIAN_POINT('Control Point',(80.634329318,-10.640820238,1.4)) ;
#8684=CARTESIAN_POINT('Control Point',(80.5863331138,-11.0327224618,1.4)) ;
#8685=CARTESIAN_POINT('Control Point',(80.4903140561,-11.4168506367,1.4)) ;
#8686=CARTESIAN_POINT('Control Point',(80.2062086318,-12.1536355802,1.4)) ;
#8687=CARTESIAN_POINT('Control Point',(79.7527004276,-12.8000829997,1.4)) ;
#8688=CARTESIAN_POINT('Control Point',(79.4872297729,-13.0938506629,1.4)) ;
#8689=CARTESIAN_POINT('Control Point',(78.8898582212,-13.6102954679,1.4)) ;
#8690=CARTESIAN_POINT('Control Point',(78.1855154975,-13.967318363,1.4)) ;
#8691=CARTESIAN_POINT('Control Point',(77.813041475,-14.1016208326,1.4)) ;
#8692=CARTESIAN_POINT('Control Point',(77.3485340676,-14.2069448424,1.4)) ;
#8693=CARTESIAN_POINT('Control Point',(76.8769773208,-14.2427794525,1.4)) ;
#8694=CARTESIAN_POINT('Control Point',(76.7960546867,-14.2468740103,1.4)) ;
#8695=CARTESIAN_POINT('Control Point',(76.7151920012,-14.2489173783,1.4)) ;
#8696=CARTESIAN_POINT('Control Point',(76.634329318,-14.2489173783,1.4)) ;
#8697=CARTESIAN_POINT('Vertex',(80.6343293172,-10.2489173783,1.39999999925)) ;
#8700=CARTESIAN_POINT('Line Origine',(80.634329318,12.3160826221,1.4)) ;
#8704=CARTESIAN_POINT('Vertex',(80.634329318,34.8810826225,1.4)) ;
#8708=CARTESIAN_POINT('Control Point',(76.634329318,38.8810826225,1.4)) ;
#8709=CARTESIAN_POINT('Control Point',(77.0262321774,38.8810826225,1.4)) ;
#8710=CARTESIAN_POINT('Control Point',(77.4181344009,38.8330864183,1.4)) ;
#8711=CARTESIAN_POINT('Control Point',(77.8022625769,38.7370673621,1.4)) ;
#8712=CARTESIAN_POINT('Control Point',(78.5390475175,38.452961939,1.4)) ;
#8713=CARTESIAN_POINT('Control Point',(79.1854949348,37.9994537372,1.4)) ;
#8714=CARTESIAN_POINT('Control Point',(79.479262606,37.7339830746,1.4)) ;
#8715=CARTESIAN_POINT('Control Point',(79.9957074086,37.1366115255,1.4)) ;
#8716=CARTESIAN_POINT('Control Point',(80.3527303025,36.4322688049,1.4)) ;
#8717=CARTESIAN_POINT('Control Point',(80.4870327732,36.0597947771,1.4)) ;
#8718=CARTESIAN_POINT('Control Point',(80.5923567819,35.5952873697,1.4)) ;
#8719=CARTESIAN_POINT('Control Point',(80.6281913923,35.1237306238,1.4)) ;
#8720=CARTESIAN_POINT('Control Point',(80.63228595,35.0428079907,1.4)) ;
#8721=CARTESIAN_POINT('Control Point',(80.634329318,34.9619453055,1.4)) ;
#8722=CARTESIAN_POINT('Control Point',(80.634329318,34.8810826225,1.4)) ;
#8723=CARTESIAN_POINT('Vertex',(76.634329318,38.8810826225,1.4)) ;
#8726=CARTESIAN_POINT('Line Origine',(29.0693293176,38.8810826225,1.4)) ;
#8730=CARTESIAN_POINT('Vertex',(-18.4956706828,38.8810826225,1.4)) ;
#8734=CARTESIAN_POINT('Control Point',(-22.4956706828,34.8810826225,1.4)) ;
#8735=CARTESIAN_POINT('Control Point',(-22.4956706828,35.2729854825,1.4)) ;
#8736=CARTESIAN_POINT('Control Point',(-22.4476744784,35.6648877067,1.4)) ;
#8737=CARTESIAN_POINT('Control Point',(-22.351655423,36.0490158802,1.4)) ;
#8738=CARTESIAN_POINT('Control Point',(-22.0675499979,36.7858008263,1.4)) ;
#8739=CARTESIAN_POINT('Control Point',(-21.6140417914,37.4322482473,1.4)) ;
#8740=CARTESIAN_POINT('Control Point',(-21.3485711393,37.7260159063,1.4)) ;
#8741=CARTESIAN_POINT('Control Point',(-20.7511995812,38.2424607175,1.4)) ;
#8742=CARTESIAN_POINT('Control Point',(-20.0468568481,38.5994836145,1.4)) ;
#8743=CARTESIAN_POINT('Control Point',(-19.6743828441,38.7337860756,1.4)) ;
#8744=CARTESIAN_POINT('Control Point',(-19.2098754314,38.8391100862,1.4)) ;
#8745=CARTESIAN_POINT('Control Point',(-18.7383186798,38.8749446962,1.4)) ;
#8746=CARTESIAN_POINT('Control Point',(-18.6573960478,38.8790392544,1.4)) ;
#8747=CARTESIAN_POINT('Control Point',(-18.5765333641,38.8810826225,1.4)) ;
#8748=CARTESIAN_POINT('Control Point',(-18.4956706828,38.8810826225,1.4)) ;
#8761=CARTESIAN_POINT('Control Point',(78.3293293165,-10.183917377,1.4)) ;
#8762=CARTESIAN_POINT('Control Point',(78.3293293165,-10.3783306402,1.4)) ;
#8763=CARTESIAN_POINT('Control Point',(78.3023318031,-10.5727430861,1.4)) ;
#8764=CARTESIAN_POINT('Control Point',(78.2483126211,-10.7622071024,1.4)) ;
#8765=CARTESIAN_POINT('Control Point',(78.0891342456,-11.1210455677,1.4)) ;
#8766=CARTESIAN_POINT('Control Point',(77.8382050954,-11.4229310083,1.4)) ;
#8767=CARTESIAN_POINT('Control Point',(77.6923914938,-11.5554190593,1.4)) ;
#8768=CARTESIAN_POINT('Control Point',(77.3679083382,-11.7763567944,1.4)) ;
#8769=CARTESIAN_POINT('Control Point',(76.9955052682,-11.9005188403,1.4)) ;
#8770=CARTESIAN_POINT('Control Point',(76.8017467973,-11.9361886837,1.4)) ;
#8771=CARTESIAN_POINT('Control Point',(76.4095384564,-11.9527845942,1.4)) ;
#8772=CARTESIAN_POINT('Control Point',(76.0276516919,-11.8618848373,1.4)) ;
#8773=CARTESIAN_POINT('Control Point',(75.8442160124,-11.7900097464,1.4)) ;
#8774=CARTESIAN_POINT('Control Point',(75.502228623,-11.5972730526,1.4)) ;
#8775=CARTESIAN_POINT('Control Point',(75.2257003677,-11.3186471532,1.4)) ;
#8776=CARTESIAN_POINT('Control Point',(75.1077508185,-11.16084163,1.4)) ;
#8777=CARTESIAN_POINT('Control Point',(74.9513706129,-10.8760068033,1.4)) ;
#8778=CARTESIAN_POINT('Control Point',(74.8641313763,-10.5648247859,1.4)) ;
#8779=CARTESIAN_POINT('Control Point',(74.8409293421,-10.4387900589,1.4)) ;
#8780=CARTESIAN_POINT('Control Point',(74.8293293165,-10.3113537757,1.4)) ;
#8781=CARTESIAN_POINT('Control Point',(74.8293293165,-10.183917377,1.4)) ;
#8782=CARTESIAN_POINT('Vertex',(78.3293293172,-10.1839173775,1.39999999928)) ;
#8784=CARTESIAN_POINT('Vertex',(74.8293293172,-10.183917377,1.39999999928)) ;
#8788=CARTESIAN_POINT('Control Point',(74.8293293165,-10.183917377,1.4)) ;
#8789=CARTESIAN_POINT('Control Point',(74.8293293165,-9.98950411453,1.4)) ;
#8790=CARTESIAN_POINT('Control Point',(74.8563268296,-9.7950916694,1.4)) ;
#8791=CARTESIAN_POINT('Control Point',(74.9103460154,-9.60562764981,1.4)) ;
#8792=CARTESIAN_POINT('Control Point',(75.0695243936,-9.2467891812,1.4)) ;
#8793=CARTESIAN_POINT('Control Point',(75.3204535481,-8.94490373864,1.4)) ;
#8794=CARTESIAN_POINT('Control Point',(75.4662671363,-8.81241569941,1.4)) ;
#8795=CARTESIAN_POINT('Control Point',(75.7907502943,-8.59147796198,1.4)) ;
#8796=CARTESIAN_POINT('Control Point',(76.1631533674,-8.46731591557,1.4)) ;
#8797=CARTESIAN_POINT('Control Point',(76.3569118408,-8.43164606973,1.4)) ;
#8798=CARTESIAN_POINT('Control Point',(76.7491201764,-8.41505016032,1.4)) ;
#8799=CARTESIAN_POINT('Control Point',(77.1310069356,-8.5059499153,1.4)) ;
#8800=CARTESIAN_POINT('Control Point',(77.3144426288,-8.57782501126,1.4)) ;
#8801=CARTESIAN_POINT('Control Point',(77.6564300128,-8.77056170315,1.4)) ;
#8802=CARTESIAN_POINT('Control Point',(77.9329582646,-9.04918759819,1.4)) ;
#8803=CARTESIAN_POINT('Control Point',(78.0509078181,-9.20699312892,1.4)) ;
#8804=CARTESIAN_POINT('Control Point',(78.2072880237,-9.49182795666,1.4)) ;
#8805=CARTESIAN_POINT('Control Point',(78.2945272599,-9.80300997513,1.4)) ;
#8806=CARTESIAN_POINT('Control Point',(78.3177292903,-9.92904468973,1.4)) ;
#8807=CARTESIAN_POINT('Control Point',(78.3293293165,-10.0564809755,1.4)) ;
#8808=CARTESIAN_POINT('Control Point',(78.3293293165,-10.183917377,1.4)) ;
#8815=CARTESIAN_POINT('Control Point',(-16.6906706831,34.816082623,1.4)) ;
#8816=CARTESIAN_POINT('Control Point',(-16.6906706831,34.6216693566,1.4)) ;
#8817=CARTESIAN_POINT('Control Point',(-16.7176681974,34.4272569075,1.4)) ;
#8818=CARTESIAN_POINT('Control Point',(-16.771687379,34.2377929014,1.4)) ;
#8819=CARTESIAN_POINT('Control Point',(-16.9308657571,33.8789544296,1.4)) ;
#8820=CARTESIAN_POINT('Control Point',(-17.1817949129,33.5770689847,1.4)) ;
#8821=CARTESIAN_POINT('Control Point',(-17.3276085015,33.4445809445,1.4)) ;
#8822=CARTESIAN_POINT('Control Point',(-17.6520916607,33.2236432061,1.4)) ;
#8823=CARTESIAN_POINT('Control Point',(-18.0244947352,33.0994811594,1.4)) ;
#8824=CARTESIAN_POINT('Control Point',(-18.218253202,33.063811316,1.4)) ;
#8825=CARTESIAN_POINT('Control Point',(-18.6104615453,33.0472154055,1.4)) ;
#8826=CARTESIAN_POINT('Control Point',(-18.9923483119,33.1381151636,1.4)) ;
#8827=CARTESIAN_POINT('Control Point',(-19.1757839871,33.2099902539,1.4)) ;
#8828=CARTESIAN_POINT('Control Point',(-19.5177713763,33.4027269478,1.4)) ;
#8829=CARTESIAN_POINT('Control Point',(-19.7942996315,33.681352847,1.4)) ;
#8830=CARTESIAN_POINT('Control Point',(-19.9122491841,33.8391583725,1.4)) ;
#8831=CARTESIAN_POINT('Control Point',(-20.0686293872,34.1239931951,1.4)) ;
#8832=CARTESIAN_POINT('Control Point',(-20.1558686234,34.4351752075,1.4)) ;
#8833=CARTESIAN_POINT('Control Point',(-20.179070658,34.5612099479,1.4)) ;
#8834=CARTESIAN_POINT('Control Point',(-20.1906706831,34.6886462276,1.4)) ;
#8835=CARTESIAN_POINT('Control Point',(-20.1906706831,34.816082623,1.4)) ;
#8836=CARTESIAN_POINT('Vertex',(-16.6906706828,34.8160826225,1.39999999928)) ;
#8838=CARTESIAN_POINT('Vertex',(-20.1906706828,34.816082623,1.39999999928)) ;
#8842=CARTESIAN_POINT('Control Point',(-20.1906706831,34.816082623,1.4)) ;
#8843=CARTESIAN_POINT('Control Point',(-20.1906706831,35.010495887,1.4)) ;
#8844=CARTESIAN_POINT('Control Point',(-20.1636731695,35.2049083336,1.4)) ;
#8845=CARTESIAN_POINT('Control Point',(-20.1096539854,35.3943723474,1.4)) ;
#8846=CARTESIAN_POINT('Control Point',(-19.9504756065,35.7532108187,1.4)) ;
#8847=CARTESIAN_POINT('Control Point',(-19.69954645,36.0550962631,1.4)) ;
#8848=CARTESIAN_POINT('Control Point',(-19.5537328652,36.1875842993,1.4)) ;
#8849=CARTESIAN_POINT('Control Point',(-19.2292497061,36.4085220378,1.4)) ;
#8850=CARTESIAN_POINT('Control Point',(-18.8568466317,36.5326840846,1.4)) ;
#8851=CARTESIAN_POINT('Control Point',(-18.6630881592,36.5683539302,1.4)) ;
#8852=CARTESIAN_POINT('Control Point',(-18.270879824,36.5849498397,1.4)) ;
#8853=CARTESIAN_POINT('Control Point',(-17.8889930651,36.494050085,1.4)) ;
#8854=CARTESIAN_POINT('Control Point',(-17.7055573697,36.4221749882,1.4)) ;
#8855=CARTESIAN_POINT('Control Point',(-17.3635699875,36.2294382971,1.4)) ;
#8856=CARTESIAN_POINT('Control Point',(-17.0870417368,35.9508124037,1.4)) ;
#8857=CARTESIAN_POINT('Control Point',(-16.9690921802,35.7930068688,1.4)) ;
#8858=CARTESIAN_POINT('Control Point',(-16.8127119766,35.5081720441,1.4)) ;
#8859=CARTESIAN_POINT('Control Point',(-16.7254727409,35.1969900292,1.4)) ;
#8860=CARTESIAN_POINT('Control Point',(-16.7022707089,35.0709553058,1.4)) ;
#8861=CARTESIAN_POINT('Control Point',(-16.6906706831,34.9435190222,1.4)) ;
#8862=CARTESIAN_POINT('Control Point',(-16.6906706831,34.816082623,1.4)) ;
#8869=CARTESIAN_POINT('Control Point',(-16.6906706831,-10.183917377,1.4)) ;
#8870=CARTESIAN_POINT('Control Point',(-16.6906706831,-10.3783306434,1.4)) ;
#8871=CARTESIAN_POINT('Control Point',(-16.7176681974,-10.5727430925,1.4)) ;
#8872=CARTESIAN_POINT('Control Point',(-16.771687379,-10.7622070986,1.4)) ;
#8873=CARTESIAN_POINT('Control Point',(-16.9308657571,-11.1210455704,1.4)) ;
#8874=CARTESIAN_POINT('Control Point',(-17.1817949129,-11.4229310153,1.4)) ;
#8875=CARTESIAN_POINT('Control Point',(-17.3276085015,-11.5554190555,1.4)) ;
#8876=CARTESIAN_POINT('Control Point',(-17.6520916606,-11.7763567939,1.4)) ;
#8877=CARTESIAN_POINT('Control Point',(-18.0244947352,-11.9005188406,1.4)) ;
#8878=CARTESIAN_POINT('Control Point',(-18.2182532021,-11.936188684,1.4)) ;
#8879=CARTESIAN_POINT('Control Point',(-18.6104615454,-11.9527845945,1.4)) ;
#8880=CARTESIAN_POINT('Control Point',(-18.9923483119,-11.8618848364,1.4)) ;
#8881=CARTESIAN_POINT('Control Point',(-19.1757839871,-11.7900097461,1.4)) ;
#8882=CARTESIAN_POINT('Control Point',(-19.5177713763,-11.5972730522,1.4)) ;
#8883=CARTESIAN_POINT('Control Point',(-19.7942996315,-11.318647153,1.4)) ;
#8884=CARTESIAN_POINT('Control Point',(-19.9122491841,-11.1608416275,1.4)) ;
#8885=CARTESIAN_POINT('Control Point',(-20.0686293872,-10.8760068049,1.4)) ;
#8886=CARTESIAN_POINT('Control Point',(-20.1558686234,-10.5648247925,1.4)) ;
#8887=CARTESIAN_POINT('Control Point',(-20.179070658,-10.4387900521,1.4)) ;
#8888=CARTESIAN_POINT('Control Point',(-20.1906706831,-10.3113537724,1.4)) ;
#8889=CARTESIAN_POINT('Control Point',(-20.1906706831,-10.183917377,1.4)) ;
#8890=CARTESIAN_POINT('Vertex',(-16.6906706828,-10.1839173775,1.39999999928)) ;
#8892=CARTESIAN_POINT('Vertex',(-20.1906706828,-10.183917377,1.39999999928)) ;
#8896=CARTESIAN_POINT('Control Point',(-20.1906706831,-10.183917377,1.4)) ;
#8897=CARTESIAN_POINT('Control Point',(-20.1906706831,-9.98950411306,1.4)) ;
#8898=CARTESIAN_POINT('Control Point',(-20.1636731695,-9.79509166645,1.4)) ;
#8899=CARTESIAN_POINT('Control Point',(-20.1096539853,-9.60562765253,1.4)) ;
#8900=CARTESIAN_POINT('Control Point',(-19.9504756065,-9.24678918134,1.4)) ;
#8901=CARTESIAN_POINT('Control Point',(-19.6995464501,-8.94490373695,1.4)) ;
#8902=CARTESIAN_POINT('Control Point',(-19.5537328652,-8.81241570065,1.4)) ;
#8903=CARTESIAN_POINT('Control Point',(-19.229249706,-8.59147796218,1.4)) ;
#8904=CARTESIAN_POINT('Control Point',(-18.8568466316,-8.46731591535,1.4)) ;
#8905=CARTESIAN_POINT('Control Point',(-18.6630881593,-8.43164606977,1.4)) ;
#8906=CARTESIAN_POINT('Control Point',(-18.270879824,-8.41505016027,1.4)) ;
#8907=CARTESIAN_POINT('Control Point',(-17.8889930651,-8.50594991501,1.4)) ;
#8908=CARTESIAN_POINT('Control Point',(-17.7055573697,-8.57782501185,1.4)) ;
#8909=CARTESIAN_POINT('Control Point',(-17.3635699875,-8.77056170293,1.4)) ;
#8910=CARTESIAN_POINT('Control Point',(-17.0870417367,-9.04918759633,1.4)) ;
#8911=CARTESIAN_POINT('Control Point',(-16.9690921803,-9.20699313121,1.4)) ;
#8912=CARTESIAN_POINT('Control Point',(-16.8127119767,-9.4918279558,1.4)) ;
#8913=CARTESIAN_POINT('Control Point',(-16.7254727409,-9.80300997055,1.4)) ;
#8914=CARTESIAN_POINT('Control Point',(-16.7022707089,-9.92904469445,1.4)) ;
#8915=CARTESIAN_POINT('Control Point',(-16.6906706831,-10.0564809779,1.4)) ;
#8916=CARTESIAN_POINT('Control Point',(-16.6906706831,-10.183917377,1.4)) ;
#8923=CARTESIAN_POINT('Control Point',(78.3293293165,34.816082623,1.4)) ;
#8924=CARTESIAN_POINT('Control Point',(78.3293293165,34.6216693598,1.4)) ;
#8925=CARTESIAN_POINT('Control Point',(78.3023318031,34.4272569139,1.4)) ;
#8926=CARTESIAN_POINT('Control Point',(78.2483126211,34.2377928976,1.4)) ;
#8927=CARTESIAN_POINT('Control Point',(78.0891342456,33.8789544323,1.4)) ;
#8928=CARTESIAN_POINT('Control Point',(77.8382050954,33.5770689918,1.4)) ;
#8929=CARTESIAN_POINT('Control Point',(77.6923914937,33.4445809407,1.4)) ;
#8930=CARTESIAN_POINT('Control Point',(77.3679083382,33.2236432055,1.4)) ;
#8931=CARTESIAN_POINT('Control Point',(76.9955052682,33.0994811597,1.4)) ;
#8932=CARTESIAN_POINT('Control Point',(76.8017467974,33.0638113163,1.4)) ;
#8933=CARTESIAN_POINT('Control Point',(76.4095384564,33.0472154058,1.4)) ;
#8934=CARTESIAN_POINT('Control Point',(76.0276516918,33.1381151627,1.4)) ;
#8935=CARTESIAN_POINT('Control Point',(75.8442160124,33.2099902536,1.4)) ;
#8936=CARTESIAN_POINT('Control Point',(75.5022286231,33.4027269474,1.4)) ;
#8937=CARTESIAN_POINT('Control Point',(75.2257003677,33.6813528468,1.4)) ;
#8938=CARTESIAN_POINT('Control Point',(75.1077508185,33.83915837,1.4)) ;
#8939=CARTESIAN_POINT('Control Point',(74.9513706129,34.1239931967,1.4)) ;
#8940=CARTESIAN_POINT('Control Point',(74.8641313763,34.4351752141,1.4)) ;
#8941=CARTESIAN_POINT('Control Point',(74.8409293421,34.5612099411,1.4)) ;
#8942=CARTESIAN_POINT('Control Point',(74.8293293165,34.6886462243,1.4)) ;
#8943=CARTESIAN_POINT('Control Point',(74.8293293165,34.816082623,1.4)) ;
#8944=CARTESIAN_POINT('Vertex',(78.3293293172,34.8160826225,1.39999999928)) ;
#8946=CARTESIAN_POINT('Vertex',(74.8293293172,34.816082623,1.39999999928)) ;
#8950=CARTESIAN_POINT('Control Point',(74.8293293165,34.816082623,1.4)) ;
#8951=CARTESIAN_POINT('Control Point',(74.8293293165,35.0104958845,1.4)) ;
#8952=CARTESIAN_POINT('Control Point',(74.8563268294,35.2049083287,1.4)) ;
#8953=CARTESIAN_POINT('Control Point',(74.9103460162,35.3943723538,1.4)) ;
#8954=CARTESIAN_POINT('Control Point',(75.0695243931,35.753210819,1.4)) ;
#8955=CARTESIAN_POINT('Control Point',(75.3204535447,36.0550962592,1.4)) ;
#8956=CARTESIAN_POINT('Control Point',(75.4662671406,36.1875843036,1.4)) ;
#8957=CARTESIAN_POINT('Control Point',(75.7907502968,36.4085220388,1.4)) ;
#8958=CARTESIAN_POINT('Control Point',(76.1631533674,36.5326840845,1.4)) ;
#8959=CARTESIAN_POINT('Control Point',(76.3569118408,36.5683539302,1.4)) ;
#8960=CARTESIAN_POINT('Control Point',(76.7491201764,36.5849498397,1.4)) ;
#8961=CARTESIAN_POINT('Control Point',(77.1310069356,36.4940500848,1.4)) ;
#8962=CARTESIAN_POINT('Control Point',(77.3144426288,36.4221749886,1.4)) ;
#8963=CARTESIAN_POINT('Control Point',(77.6564300128,36.2294382968,1.4)) ;
#8964=CARTESIAN_POINT('Control Point',(77.9329582646,35.9508124019,1.4)) ;
#8965=CARTESIAN_POINT('Control Point',(78.050907818,35.7930068711,1.4)) ;
#8966=CARTESIAN_POINT('Control Point',(78.2072880236,35.5081720434,1.4)) ;
#8967=CARTESIAN_POINT('Control Point',(78.2945272599,35.1969900251,1.4)) ;
#8968=CARTESIAN_POINT('Control Point',(78.3177292904,35.0709553101,1.4)) ;
#8969=CARTESIAN_POINT('Control Point',(78.3293293165,34.9435190244,1.4)) ;
#8970=CARTESIAN_POINT('Control Point',(78.3293293165,34.816082623,1.4)) ;
#8976=CARTESIAN_POINT('Line Origine',(-15.4406706831,-11.1089173777,1.4)) ;
#8980=CARTESIAN_POINT('Vertex',(-15.4406706831,-10.1839173788,1.4)) ;
#8983=CARTESIAN_POINT('Axis2P3D Location',(-18.440670683,-10.1839173769,1.4)) ;
#8987=CARTESIAN_POINT('Vertex',(-18.4406706831,-7.18391737698,1.4)) ;
#8990=CARTESIAN_POINT('Line Origine',(-18.9606706827,-7.18391737698,1.4)) ;
#8994=CARTESIAN_POINT('Vertex',(-19.4806706822,-7.18391737698,1.4)) ;
#8997=CARTESIAN_POINT('Line Origine',(-19.4806706822,12.316082623,1.4)) ;
#9001=CARTESIAN_POINT('Vertex',(-19.4806706822,31.816082623,1.4)) ;
#9004=CARTESIAN_POINT('Line Origine',(-18.9606706827,31.816082623,1.4)) ;
#9008=CARTESIAN_POINT('Vertex',(-18.4406706831,31.816082623,1.4)) ;
#9011=CARTESIAN_POINT('Axis2P3D Location',(-18.4406706799,34.8160826198,1.4)) ;
#9015=CARTESIAN_POINT('Vertex',(-15.4406706831,34.816082623,1.4)) ;
#9018=CARTESIAN_POINT('Line Origine',(-15.4406706831,35.7410826228,1.4)) ;
#9022=CARTESIAN_POINT('Vertex',(-15.4406706831,36.6660826226,1.4)) ;
#9025=CARTESIAN_POINT('Line Origine',(29.0693293167,36.6660826226,1.4)) ;
#9029=CARTESIAN_POINT('Vertex',(73.5793293165,36.6660826226,1.4)) ;
#9032=CARTESIAN_POINT('Line Origine',(73.5793293165,35.7410826228,1.4)) ;
#9036=CARTESIAN_POINT('Vertex',(73.5793293165,34.816082623,1.4)) ;
#9039=CARTESIAN_POINT('Axis2P3D Location',(76.5793293164,34.816082623,1.4)) ;
#9043=CARTESIAN_POINT('Vertex',(76.5793293165,31.816082623,1.4)) ;
#9046=CARTESIAN_POINT('Line Origine',(77.0993293169,31.816082623,1.4)) ;
#9050=CARTESIAN_POINT('Vertex',(77.6193293174,31.816082623,1.4)) ;
#9053=CARTESIAN_POINT('Line Origine',(77.6193293174,12.316082623,1.4)) ;
#9057=CARTESIAN_POINT('Vertex',(77.6193293174,-7.18391737698,1.4)) ;
#9060=CARTESIAN_POINT('Line Origine',(77.0993293179,-7.18391737698,1.4)) ;
#9064=CARTESIAN_POINT('Vertex',(76.5793293183,-7.18391737698,1.4)) ;
#9067=CARTESIAN_POINT('Axis2P3D Location',(76.5793293196,-10.1839173801,1.4)) ;
#9071=CARTESIAN_POINT('Vertex',(73.5793293165,-10.183917377,1.4)) ;
#9074=CARTESIAN_POINT('Line Origine',(73.5793293165,-11.1089173768,1.4)) ;
#9099=CARTESIAN_POINT('Axis2P3D Location',(73.5793293172,-10.1839173775,1.4)) ;
#9104=CARTESIAN_POINT('Line Origine',(73.5793293172,-10.1839173775,0.699999999814)) ;
#9108=CARTESIAN_POINT('Vertex',(73.5793293172,-10.1839173775,-3.72529118664E-010)) ;
#9111=CARTESIAN_POINT('Line Origine',(73.5793293172,-11.1089173773,5.58793455951E-010)) ;
#9124=CARTESIAN_POINT('Axis2P3D Location',(-21.7456706828,34.8810826225,0.)) ;
#9129=CARTESIAN_POINT('Axis2P3D Location',(-18.4956706829,34.8810826226,0.)) ;
#9133=CARTESIAN_POINT('Vertex',(-22.4956706828,34.8810826225,0.)) ;
#9135=CARTESIAN_POINT('Vertex',(-18.4956706828,38.8810826225,0.)) ;
#9138=CARTESIAN_POINT('Line Origine',(29.0693293176,38.8810826225,0.)) ;
#9142=CARTESIAN_POINT('Vertex',(76.634329318,38.8810826225,0.)) ;
#9145=CARTESIAN_POINT('Axis2P3D Location',(76.6343293181,34.8810826226,0.)) ;
#9149=CARTESIAN_POINT('Vertex',(80.634329318,34.8810826225,0.)) ;
#9152=CARTESIAN_POINT('Line Origine',(80.634329318,12.3160826221,0.)) ;
#9156=CARTESIAN_POINT('Vertex',(80.634329318,-10.2489173783,0.)) ;
#9159=CARTESIAN_POINT('Axis2P3D Location',(76.6343293181,-10.2489173784,0.)) ;
#9163=CARTESIAN_POINT('Vertex',(76.634329318,-14.2489173783,0.)) ;
#9166=CARTESIAN_POINT('Line Origine',(29.0693293176,-14.2489173783,0.)) ;
#9170=CARTESIAN_POINT('Vertex',(-18.4956706828,-14.2489173783,0.)) ;
#9173=CARTESIAN_POINT('Axis2P3D Location',(-18.4956706829,-10.2489173784,0.)) ;
#9177=CARTESIAN_POINT('Vertex',(-22.4956706828,-10.2489173783,0.)) ;
#9180=CARTESIAN_POINT('Line Origine',(-22.4956706828,12.3160826221,0.)) ;
#9196=CARTESIAN_POINT('Control Point',(74.8293293165,-10.183917377,0.)) ;
#9197=CARTESIAN_POINT('Control Point',(74.8293293165,-10.37833064,0.)) ;
#9198=CARTESIAN_POINT('Control Point',(74.8563268299,-10.5727430857,0.)) ;
#9199=CARTESIAN_POINT('Control Point',(74.9103460152,-10.7622071048,0.)) ;
#9200=CARTESIAN_POINT('Control Point',(75.0695243923,-11.1210455723,0.)) ;
#9201=CARTESIAN_POINT('Control Point',(75.3204535452,-11.4229310142,0.)) ;
#9202=CARTESIAN_POINT('Control Point',(75.4662671398,-11.5554190584,0.)) ;
#9203=CARTESIAN_POINT('Control Point',(75.7907502966,-11.7763567947,0.)) ;
#9204=CARTESIAN_POINT('Control Point',(76.163153368,-11.9005188409,0.)) ;
#9205=CARTESIAN_POINT('Control Point',(76.3569118419,-11.9361886844,0.)) ;
#9206=CARTESIAN_POINT('Control Point',(76.7491201824,-11.9527845939,0.)) ;
#9207=CARTESIAN_POINT('Control Point',(77.1310069462,-11.8618848364,0.)) ;
#9208=CARTESIAN_POINT('Control Point',(77.314442623,-11.7900097456,0.)) ;
#9209=CARTESIAN_POINT('Control Point',(77.6564300109,-11.5972730525,0.)) ;
#9210=CARTESIAN_POINT('Control Point',(77.9329582652,-11.3186471546,0.)) ;
#9211=CARTESIAN_POINT('Control Point',(78.0509078208,-11.1608416239,0.)) ;
#9212=CARTESIAN_POINT('Control Point',(78.2072880239,-10.8760068,0.)) ;
#9213=CARTESIAN_POINT('Control Point',(78.2945272596,-10.5648247861,0.)) ;
#9214=CARTESIAN_POINT('Control Point',(78.317729291,-10.4387900567,0.)) ;
#9215=CARTESIAN_POINT('Control Point',(78.3293293165,-10.3113537747,0.)) ;
#9216=CARTESIAN_POINT('Control Point',(78.3293293165,-10.183917377,0.)) ;
#9217=CARTESIAN_POINT('Vertex',(74.8293293165,-10.183917377,0.)) ;
#9219=CARTESIAN_POINT('Vertex',(78.3293293172,-10.183917377,7.73383135311E-010)) ;
#9223=CARTESIAN_POINT('Control Point',(78.3293293165,-10.183917377,0.)) ;
#9224=CARTESIAN_POINT('Control Point',(78.3293293165,-9.98950411119,0.)) ;
#9225=CARTESIAN_POINT('Control Point',(78.3023318024,-9.79509166272,0.)) ;
#9226=CARTESIAN_POINT('Control Point',(78.2483126217,-9.60562765806,0.)) ;
#9227=CARTESIAN_POINT('Control Point',(78.0891342426,-9.24678918393,0.)) ;
#9228=CARTESIAN_POINT('Control Point',(77.8382050846,-8.94490373728,0.)) ;
#9229=CARTESIAN_POINT('Control Point',(77.6923915033,-8.81241570389,0.)) ;
#9230=CARTESIAN_POINT('Control Point',(77.367908342,-8.59147796298,0.)) ;
#9231=CARTESIAN_POINT('Control Point',(76.9955052644,-8.46731591525,0.)) ;
#9232=CARTESIAN_POINT('Control Point',(76.8017467993,-8.43164607054,0.)) ;
#9233=CARTESIAN_POINT('Control Point',(76.4095384609,-8.4150501597,0.)) ;
#9234=CARTESIAN_POINT('Control Point',(76.0276516989,-8.50594991475,0.)) ;
#9235=CARTESIAN_POINT('Control Point',(75.8442160062,-8.57782501139,0.)) ;
#9236=CARTESIAN_POINT('Control Point',(75.502228621,-8.77056170369,0.)) ;
#9237=CARTESIAN_POINT('Control Point',(75.2257003683,-9.04918759973,0.)) ;
#9238=CARTESIAN_POINT('Control Point',(75.1077508181,-9.20699312687,0.)) ;
#9239=CARTESIAN_POINT('Control Point',(74.951370613,-9.49182795273,0.)) ;
#9240=CARTESIAN_POINT('Control Point',(74.8641313765,-9.80300996908,0.)) ;
#9241=CARTESIAN_POINT('Control Point',(74.8409293421,-9.92904469594,0.)) ;
#9242=CARTESIAN_POINT('Control Point',(74.8293293165,-10.0564809786,0.)) ;
#9243=CARTESIAN_POINT('Control Point',(74.8293293165,-10.183917377,0.)) ;
#9250=CARTESIAN_POINT('Control Point',(-20.1906706831,34.816082623,0.)) ;
#9251=CARTESIAN_POINT('Control Point',(-20.1906706831,34.6216693585,0.)) ;
#9252=CARTESIAN_POINT('Control Point',(-20.1636731693,34.4272569114,0.)) ;
#9253=CARTESIAN_POINT('Control Point',(-20.1096539856,34.2377928978,0.)) ;
#9254=CARTESIAN_POINT('Control Point',(-19.9504756086,33.8789544299,0.)) ;
#9255=CARTESIAN_POINT('Control Point',(-19.6995464558,33.5770689877,0.)) ;
#9256=CARTESIAN_POINT('Control Point',(-19.5537328596,33.4445809402,0.)) ;
#9257=CARTESIAN_POINT('Control Point',(-19.2292497039,33.2236432051,0.)) ;
#9258=CARTESIAN_POINT('Control Point',(-18.856846634,33.0994811593,0.)) ;
#9259=CARTESIAN_POINT('Control Point',(-18.663088157,33.0638113155,0.)) ;
#9260=CARTESIAN_POINT('Control Point',(-18.2708798175,33.0472154062,0.)) ;
#9261=CARTESIAN_POINT('Control Point',(-17.8889930547,33.1381151633,0.)) ;
#9262=CARTESIAN_POINT('Control Point',(-17.7055573754,33.2099902551,0.)) ;
#9263=CARTESIAN_POINT('Control Point',(-17.3635699889,33.4027269477,0.)) ;
#9264=CARTESIAN_POINT('Control Point',(-17.0870417353,33.6813528443,0.)) ;
#9265=CARTESIAN_POINT('Control Point',(-16.96909218,33.8391583756,0.)) ;
#9266=CARTESIAN_POINT('Control Point',(-16.8127119765,34.1239932003,0.)) ;
#9267=CARTESIAN_POINT('Control Point',(-16.7254727409,34.4351752152,0.)) ;
#9268=CARTESIAN_POINT('Control Point',(-16.7022707089,34.56120994,0.)) ;
#9269=CARTESIAN_POINT('Control Point',(-16.6906706831,34.6886462237,0.)) ;
#9270=CARTESIAN_POINT('Control Point',(-16.6906706831,34.816082623,0.)) ;
#9271=CARTESIAN_POINT('Vertex',(-20.1906706831,34.816082623,0.)) ;
#9273=CARTESIAN_POINT('Vertex',(-16.6906706828,34.816082623,7.73383135311E-010)) ;
#9277=CARTESIAN_POINT('Control Point',(-16.6906706831,34.816082623,0.)) ;
#9278=CARTESIAN_POINT('Control Point',(-16.6906706831,35.0104958879,0.)) ;
#9279=CARTESIAN_POINT('Control Point',(-16.7176681969,35.2049083354,0.)) ;
#9280=CARTESIAN_POINT('Control Point',(-16.77168738,35.3943723477,0.)) ;
#9281=CARTESIAN_POINT('Control Point',(-16.9308657578,35.753210817,0.)) ;
#9282=CARTESIAN_POINT('Control Point',(-17.1817949122,36.0550962601,0.)) ;
#9283=CARTESIAN_POINT('Control Point',(-17.3276085044,36.1875843027,0.)) ;
#9284=CARTESIAN_POINT('Control Point',(-17.6520916605,36.4085220383,0.)) ;
#9285=CARTESIAN_POINT('Control Point',(-18.024494731,36.5326840843,0.)) ;
#9286=CARTESIAN_POINT('Control Point',(-18.2182532068,36.5683539301,0.)) ;
#9287=CARTESIAN_POINT('Control Point',(-18.6104615423,36.5849498396,0.)) ;
#9288=CARTESIAN_POINT('Control Point',(-18.9923483016,36.4940500847,0.)) ;
#9289=CARTESIAN_POINT('Control Point',(-19.1757839926,36.4221749894,0.)) ;
#9290=CARTESIAN_POINT('Control Point',(-19.5177713757,36.229438298,0.)) ;
#9291=CARTESIAN_POINT('Control Point',(-19.7942996271,35.950812404,0.)) ;
#9292=CARTESIAN_POINT('Control Point',(-19.9122491858,35.7930068699,0.)) ;
#9293=CARTESIAN_POINT('Control Point',(-20.0686293871,35.5081720502,0.)) ;
#9294=CARTESIAN_POINT('Control Point',(-20.1558686228,35.1969900411,0.)) ;
#9295=CARTESIAN_POINT('Control Point',(-20.1790706582,35.0709552955,0.)) ;
#9296=CARTESIAN_POINT('Control Point',(-20.1906706831,34.9435190171,0.)) ;
#9297=CARTESIAN_POINT('Control Point',(-20.1906706831,34.816082623,0.)) ;
#9304=CARTESIAN_POINT('Control Point',(-20.1906706831,-10.183917377,0.)) ;
#9305=CARTESIAN_POINT('Control Point',(-20.1906706831,-10.3783306415,0.)) ;
#9306=CARTESIAN_POINT('Control Point',(-20.1636731693,-10.5727430886,0.)) ;
#9307=CARTESIAN_POINT('Control Point',(-20.1096539856,-10.7622071022,0.)) ;
#9308=CARTESIAN_POINT('Control Point',(-19.9504756086,-11.1210455701,0.)) ;
#9309=CARTESIAN_POINT('Control Point',(-19.6995464558,-11.4229310123,0.)) ;
#9310=CARTESIAN_POINT('Control Point',(-19.5537328597,-11.5554190598,0.)) ;
#9311=CARTESIAN_POINT('Control Point',(-19.229249704,-11.7763567949,0.)) ;
#9312=CARTESIAN_POINT('Control Point',(-18.856846634,-11.9005188407,0.)) ;
#9313=CARTESIAN_POINT('Control Point',(-18.663088157,-11.9361886845,0.)) ;
#9314=CARTESIAN_POINT('Control Point',(-18.2708798175,-11.9527845938,0.)) ;
#9315=CARTESIAN_POINT('Control Point',(-17.8889930547,-11.8618848367,0.)) ;
#9316=CARTESIAN_POINT('Control Point',(-17.7055573754,-11.7900097449,0.)) ;
#9317=CARTESIAN_POINT('Control Point',(-17.3635699888,-11.5972730523,0.)) ;
#9318=CARTESIAN_POINT('Control Point',(-17.0870417352,-11.3186471555,0.)) ;
#9319=CARTESIAN_POINT('Control Point',(-16.9690921802,-11.1608416246,0.)) ;
#9320=CARTESIAN_POINT('Control Point',(-16.8127119766,-10.8760067998,0.)) ;
#9321=CARTESIAN_POINT('Control Point',(-16.7254727409,-10.5648247849,0.)) ;
#9322=CARTESIAN_POINT('Control Point',(-16.7022707089,-10.4387900599,0.)) ;
#9323=CARTESIAN_POINT('Control Point',(-16.6906706831,-10.3113537763,0.)) ;
#9324=CARTESIAN_POINT('Control Point',(-16.6906706831,-10.183917377,0.)) ;
#9325=CARTESIAN_POINT('Vertex',(-20.1906706831,-10.183917377,0.)) ;
#9327=CARTESIAN_POINT('Vertex',(-16.6906706828,-10.183917377,7.73383135311E-010)) ;
#9331=CARTESIAN_POINT('Control Point',(-16.6906706831,-10.183917377,0.)) ;
#9332=CARTESIAN_POINT('Control Point',(-16.6906706831,-9.98950411211,0.)) ;
#9333=CARTESIAN_POINT('Control Point',(-16.7176681969,-9.79509166455,0.)) ;
#9334=CARTESIAN_POINT('Control Point',(-16.77168738,-9.60562765238,0.)) ;
#9335=CARTESIAN_POINT('Control Point',(-16.9308657578,-9.24678918308,0.)) ;
#9336=CARTESIAN_POINT('Control Point',(-17.1817949122,-8.94490373999,0.)) ;
#9337=CARTESIAN_POINT('Control Point',(-17.3276085045,-8.81241569725,0.)) ;
#9338=CARTESIAN_POINT('Control Point',(-17.6520916611,-8.59147796126,0.)) ;
#9339=CARTESIAN_POINT('Control Point',(-18.0244947324,-8.46731591531,0.)) ;
#9340=CARTESIAN_POINT('Control Point',(-18.2182532072,-8.43164606996,0.)) ;
#9341=CARTESIAN_POINT('Control Point',(-18.610461541,-8.41505016036,0.)) ;
#9342=CARTESIAN_POINT('Control Point',(-18.9923482985,-8.50594991419,0.)) ;
#9343=CARTESIAN_POINT('Control Point',(-19.1757839989,-8.57782501305,0.)) ;
#9344=CARTESIAN_POINT('Control Point',(-19.517771377,-8.77056170238,0.)) ;
#9345=CARTESIAN_POINT('Control Point',(-19.794299625,-9.04918759207,0.)) ;
#9346=CARTESIAN_POINT('Control Point',(-19.9122491886,-9.20699313493,0.)) ;
#9347=CARTESIAN_POINT('Control Point',(-20.0686293879,-9.49182795252,0.)) ;
#9348=CARTESIAN_POINT('Control Point',(-20.1558686228,-9.80300995907,0.)) ;
#9349=CARTESIAN_POINT('Control Point',(-20.1790706582,-9.92904470432,0.)) ;
#9350=CARTESIAN_POINT('Control Point',(-20.1906706831,-10.0564809828,0.)) ;
#9351=CARTESIAN_POINT('Control Point',(-20.1906706831,-10.183917377,0.)) ;
#9358=CARTESIAN_POINT('Control Point',(74.8293293165,34.816082623,0.)) ;
#9359=CARTESIAN_POINT('Control Point',(74.8293293165,34.62166936,0.)) ;
#9360=CARTESIAN_POINT('Control Point',(74.8563268299,34.4272569143,0.)) ;
#9361=CARTESIAN_POINT('Control Point',(74.9103460152,34.2377928952,0.)) ;
#9362=CARTESIAN_POINT('Control Point',(75.0695243923,33.8789544277,0.)) ;
#9363=CARTESIAN_POINT('Control Point',(75.3204535452,33.5770689858,0.)) ;
#9364=CARTESIAN_POINT('Control Point',(75.4662671398,33.4445809416,0.)) ;
#9365=CARTESIAN_POINT('Control Point',(75.7907502966,33.2236432053,0.)) ;
#9366=CARTESIAN_POINT('Control Point',(76.163153368,33.0994811591,0.)) ;
#9367=CARTESIAN_POINT('Control Point',(76.3569118419,33.0638113156,0.)) ;
#9368=CARTESIAN_POINT('Control Point',(76.7491201823,33.0472154061,0.)) ;
#9369=CARTESIAN_POINT('Control Point',(77.1310069461,33.1381151636,0.)) ;
#9370=CARTESIAN_POINT('Control Point',(77.3144426231,33.2099902545,0.)) ;
#9371=CARTESIAN_POINT('Control Point',(77.6564300109,33.4027269476,0.)) ;
#9372=CARTESIAN_POINT('Control Point',(77.9329582652,33.6813528453,0.)) ;
#9373=CARTESIAN_POINT('Control Point',(78.0509078208,33.8391583761,0.)) ;
#9374=CARTESIAN_POINT('Control Point',(78.2072880239,34.1239932,0.)) ;
#9375=CARTESIAN_POINT('Control Point',(78.2945272596,34.4351752138,0.)) ;
#9376=CARTESIAN_POINT('Control Point',(78.3177292911,34.5612099434,0.)) ;
#9377=CARTESIAN_POINT('Control Point',(78.3293293165,34.6886462254,0.)) ;
#9378=CARTESIAN_POINT('Control Point',(78.3293293165,34.816082623,0.)) ;
#9379=CARTESIAN_POINT('Vertex',(74.8293293165,34.816082623,0.)) ;
#9381=CARTESIAN_POINT('Vertex',(78.3293293172,34.816082623,7.73383135311E-010)) ;
#9385=CARTESIAN_POINT('Control Point',(78.3293293165,34.816082623,0.)) ;
#9386=CARTESIAN_POINT('Control Point',(78.3293293165,35.0104958855,0.)) ;
#9387=CARTESIAN_POINT('Control Point',(78.3023318033,35.2049083306,0.)) ;
#9388=CARTESIAN_POINT('Control Point',(78.2483126208,35.3943723481,0.)) ;
#9389=CARTESIAN_POINT('Control Point',(78.0891342433,35.7532108166,0.)) ;
#9390=CARTESIAN_POINT('Control Point',(77.8382050894,36.0550962592,0.)) ;
#9391=CARTESIAN_POINT('Control Point',(77.6923914995,36.1875842987,0.)) ;
#9392=CARTESIAN_POINT('Control Point',(77.3679083398,36.4085220377,0.)) ;
#9393=CARTESIAN_POINT('Control Point',(76.9955052644,36.5326840847,0.)) ;
#9394=CARTESIAN_POINT('Control Point',(76.8017467992,36.5683539295,0.)) ;
#9395=CARTESIAN_POINT('Control Point',(76.4095384609,36.5849498403,0.)) ;
#9396=CARTESIAN_POINT('Control Point',(76.0276516989,36.4940500852,0.)) ;
#9397=CARTESIAN_POINT('Control Point',(75.8442160062,36.4221749886,0.)) ;
#9398=CARTESIAN_POINT('Control Point',(75.502228621,36.2294382963,0.)) ;
#9399=CARTESIAN_POINT('Control Point',(75.2257003683,35.9508124003,0.)) ;
#9400=CARTESIAN_POINT('Control Point',(75.1077508181,35.7930068731,0.)) ;
#9401=CARTESIAN_POINT('Control Point',(74.951370613,35.5081720473,0.)) ;
#9402=CARTESIAN_POINT('Control Point',(74.8641313765,35.196990031,0.)) ;
#9403=CARTESIAN_POINT('Control Point',(74.8409293421,35.070955304,0.)) ;
#9404=CARTESIAN_POINT('Control Point',(74.8293293165,34.9435190213,0.)) ;
#9405=CARTESIAN_POINT('Control Point',(74.8293293165,34.816082623,0.)) ;
#9411=CARTESIAN_POINT('Line Origine',(77.0993293169,31.816082623,0.)) ;
#9415=CARTESIAN_POINT('Vertex',(76.5793293165,31.816082623,0.)) ;
#9417=CARTESIAN_POINT('Vertex',(77.6193293174,31.816082623,0.)) ;
#9421=CARTESIAN_POINT('Control Point',(73.5793293165,34.816082623,0.)) ;
#9422=CARTESIAN_POINT('Control Point',(73.5793293165,34.4766946754,0.)) ;
#9423=CARTESIAN_POINT('Control Point',(73.6273227259,34.1373075754,0.)) ;
#9424=CARTESIAN_POINT('Control Point',(73.72335599,33.8068764314,0.)) ;
#9425=CARTESIAN_POINT('Control Point',(74.0061395887,33.1823879019,0.)) ;
#9426=CARTESIAN_POINT('Control Point',(74.4509901823,32.6607981857,0.)) ;
#9427=CARTESIAN_POINT('Control Point',(74.7091715926,32.4333130422,0.)) ;
#9428=CARTESIAN_POINT('Control Point',(75.2186432713,32.0995843058,0.)) ;
#9429=CARTESIAN_POINT('Control Point',(75.7925761101,31.9029863919,0.)) ;
#9430=CARTESIAN_POINT('Control Point',(76.0520171617,31.8450470282,0.)) ;
#9431=CARTESIAN_POINT('Control Point',(76.3156731549,31.816082623,0.)) ;
#9432=CARTESIAN_POINT('Control Point',(76.5793293165,31.816082623,0.)) ;
#9433=CARTESIAN_POINT('Vertex',(73.5793293172,34.8160826225,-3.72529118664E-010)) ;
#9436=CARTESIAN_POINT('Line Origine',(73.5793293165,35.7410826228,0.)) ;
#9440=CARTESIAN_POINT('Vertex',(73.5793293165,36.6660826226,0.)) ;
#9443=CARTESIAN_POINT('Line Origine',(29.0693293167,36.6660826226,0.)) ;
#9447=CARTESIAN_POINT('Vertex',(-15.4406706831,36.6660826226,0.)) ;
#9450=CARTESIAN_POINT('Line Origine',(-15.4406706831,35.7410826228,0.)) ;
#9454=CARTESIAN_POINT('Vertex',(-15.4406706831,34.816082623,0.)) ;
#9458=CARTESIAN_POINT('Control Point',(-18.4406706831,31.816082623,0.)) ;
#9459=CARTESIAN_POINT('Control Point',(-18.1012827327,31.816082623,0.)) ;
#9460=CARTESIAN_POINT('Control Point',(-17.7618956297,31.8640760332,0.)) ;
#9461=CARTESIAN_POINT('Control Point',(-17.4314644947,31.9601092941,0.)) ;
#9462=CARTESIAN_POINT('Control Point',(-16.8069759632,32.2428928928,0.)) ;
#9463=CARTESIAN_POINT('Control Point',(-16.2853862458,32.6877434878,0.)) ;
#9464=CARTESIAN_POINT('Control Point',(-16.057901103,32.9459248974,0.)) ;
#9465=CARTESIAN_POINT('Control Point',(-15.7241723663,33.455396577,0.)) ;
#9466=CARTESIAN_POINT('Control Point',(-15.5275744523,34.0293294168,0.)) ;
#9467=CARTESIAN_POINT('Control Point',(-15.4696350888,34.288770464,0.)) ;
#9468=CARTESIAN_POINT('Control Point',(-15.4406706831,34.5524264594,0.)) ;
#9469=CARTESIAN_POINT('Control Point',(-15.4406706831,34.816082623,0.)) ;
#9470=CARTESIAN_POINT('Vertex',(-18.4406706828,31.8160826225,-3.72529118664E-010)) ;
#9473=CARTESIAN_POINT('Line Origine',(-18.9606706827,31.816082623,0.)) ;
#9477=CARTESIAN_POINT('Vertex',(-19.4806706822,31.816082623,0.)) ;
#9480=CARTESIAN_POINT('Line Origine',(-19.4806706822,12.316082623,0.)) ;
#9484=CARTESIAN_POINT('Vertex',(-19.4806706822,-7.18391737698,0.)) ;
#9487=CARTESIAN_POINT('Line Origine',(-18.9606706827,-7.18391737698,0.)) ;
#9491=CARTESIAN_POINT('Vertex',(-18.4406706831,-7.18391737698,0.)) ;
#9495=CARTESIAN_POINT('Control Point',(-15.4406706831,-10.183917377,0.)) ;
#9496=CARTESIAN_POINT('Control Point',(-15.4406706831,-9.84452942768,0.)) ;
#9497=CARTESIAN_POINT('Control Point',(-15.4886640929,-9.50514232594,0.)) ;
#9498=CARTESIAN_POINT('Control Point',(-15.5846973549,-9.17471118823,0.)) ;
#9499=CARTESIAN_POINT('Control Point',(-15.8674809551,-8.55022265529,0.)) ;
#9500=CARTESIAN_POINT('Control Point',(-16.3123315518,-8.02863293681,0.)) ;
#9501=CARTESIAN_POINT('Control Point',(-16.5705129557,-7.80114779972,0.)) ;
#9502=CARTESIAN_POINT('Control Point',(-17.0799846369,-7.46741906164,0.)) ;
#9503=CARTESIAN_POINT('Control Point',(-17.6539174787,-7.27082114747,0.)) ;
#9504=CARTESIAN_POINT('Control Point',(-17.9133585263,-7.21288178243,0.)) ;
#9505=CARTESIAN_POINT('Control Point',(-18.1770145205,-7.18391737698,0.)) ;
#9506=CARTESIAN_POINT('Control Point',(-18.4406706831,-7.18391737698,0.)) ;
#9507=CARTESIAN_POINT('Vertex',(-15.4406706828,-10.183917377,-3.72529118664E-010)) ;
#9510=CARTESIAN_POINT('Line Origine',(-15.4406706831,-11.1089173777,0.)) ;
#9516=CARTESIAN_POINT('Control Point',(76.5793293165,-7.18391737698,0.)) ;
#9517=CARTESIAN_POINT('Control Point',(76.2399413668,-7.18391737698,0.)) ;
#9518=CARTESIAN_POINT('Control Point',(75.9005542647,-7.23191078692,0.)) ;
#9519=CARTESIAN_POINT('Control Point',(75.5701231285,-7.32794405041,0.)) ;
#9520=CARTESIAN_POINT('Control Point',(74.9456345939,-7.61072765102,0.)) ;
#9521=CARTESIAN_POINT('Control Point',(74.4240448746,-8.05557824914,0.)) ;
#9522=CARTESIAN_POINT('Control Point',(74.1965597382,-8.31375965105,0.)) ;
#9523=CARTESIAN_POINT('Control Point',(73.8628310013,-8.82323133074,0.)) ;
#9524=CARTESIAN_POINT('Control Point',(73.6662330876,-9.39716417039,0.)) ;
#9525=CARTESIAN_POINT('Control Point',(73.6082937213,-9.65660522659,0.)) ;
#9526=CARTESIAN_POINT('Control Point',(73.5793293165,-9.92026121762,0.)) ;
#9527=CARTESIAN_POINT('Control Point',(73.5793293165,-10.183917377,0.)) ;
#9528=CARTESIAN_POINT('Vertex',(76.5793293164,-7.1839173775,-3.72529118664E-010)) ;
#9531=CARTESIAN_POINT('Line Origine',(77.0993293179,-7.18391737698,0.)) ;
#9535=CARTESIAN_POINT('Vertex',(77.6193293174,-7.18391737698,0.)) ;
#9538=CARTESIAN_POINT('Line Origine',(77.6193293174,12.316082623,0.)) ;
#9563=CARTESIAN_POINT('Axis2P3D Location',(-15.4406706828,-12.7489173775,1.4)) ;
#9568=CARTESIAN_POINT('Line Origine',(-15.4406706828,-10.183917378,0.699999999814)) ;
#9581=CARTESIAN_POINT('Axis2P3D Location',(-22.4956706828,-10.2489173775,1.4)) ;
#9586=CARTESIAN_POINT('Line Origine',(-22.4956706828,34.8810826233,2.19999999981)) ;
#9590=CARTESIAN_POINT('Vertex',(-22.4956706828,34.8810826233,2.99999999963)) ;
#9593=CARTESIAN_POINT('Line Origine',(-22.4956706828,12.3160826229,2.99999999963)) ;
#9597=CARTESIAN_POINT('Vertex',(-22.4956706828,-10.2489173775,2.99999999963)) ;
#9600=CARTESIAN_POINT('Line Origine',(-22.4956706828,-10.2489173775,2.19999999981)) ;
#9613=CARTESIAN_POINT('Axis2P3D Location',(-18.4956706828,-10.2489173775,2.2)) ;
#9619=CARTESIAN_POINT('Control Point',(-18.4956706828,-14.2489173775,3.00000000075)) ;
#9620=CARTESIAN_POINT('Control Point',(-19.7523077442,-14.2489173775,3.0000000006)) ;
#9621=CARTESIAN_POINT('Control Point',(-21.0101172563,-13.7568573613,3.00000000045)) ;
#9622=CARTESIAN_POINT('Control Point',(-22.0036106666,-12.763363951,3.0000000003)) ;
#9623=CARTESIAN_POINT('Control Point',(-22.4956706828,-11.5055544389,3.00000000015)) ;
#9624=CARTESIAN_POINT('Control Point',(-22.4956706828,-10.2489173775,3.)) ;
#9625=CARTESIAN_POINT('Vertex',(-18.4956706828,-14.2489173775,3.00000000075)) ;
#9628=CARTESIAN_POINT('Line Origine',(-18.4956706828,-14.2489173775,2.19999999925)) ;
#9641=CARTESIAN_POINT('Axis2P3D Location',(76.6343293172,-14.2489173775,1.4)) ;
#9646=CARTESIAN_POINT('Line Origine',(29.0693293168,-14.2489173775,2.99999999963)) ;
#9650=CARTESIAN_POINT('Vertex',(76.6343293172,-14.2489173775,2.99999999963)) ;
#9653=CARTESIAN_POINT('Line Origine',(76.6343293172,-14.2489173775,2.19999999981)) ;
#9666=CARTESIAN_POINT('Axis2P3D Location',(76.6343293172,-10.2489173775,2.2)) ;
#9671=CARTESIAN_POINT('Axis2P3D Location',(76.6343293172,-10.2489173775,3.00000000075)) ;
#9675=CARTESIAN_POINT('Vertex',(80.6343293172,-10.2489173783,3.00000000075)) ;
#9678=CARTESIAN_POINT('Line Origine',(80.6343293172,-10.2489173783,2.19999999925)) ;
#9691=CARTESIAN_POINT('Axis2P3D Location',(80.6343293172,34.8810826225,1.4)) ;
#9696=CARTESIAN_POINT('Line Origine',(80.6343293172,12.3160826221,3.00000000056)) ;
#9700=CARTESIAN_POINT('Vertex',(80.6343293172,34.8810826225,3.00000000149)) ;
#9703=CARTESIAN_POINT('Line Origine',(80.6343293172,34.8810826225,2.20000000075)) ;
#9716=CARTESIAN_POINT('Axis2P3D Location',(76.6343293172,34.8810826225,2.2)) ;
#9721=CARTESIAN_POINT('Axis2P3D Location',(76.6343293172,34.8810826225,3.00000000075)) ;
#9725=CARTESIAN_POINT('Vertex',(76.634329318,38.8810826225,3.00000000075)) ;
#9728=CARTESIAN_POINT('Line Origine',(76.634329318,38.8810826225,2.19999999925)) ;
#9741=CARTESIAN_POINT('Axis2P3D Location',(-18.4956706828,38.8810826225,1.4)) ;
#9746=CARTESIAN_POINT('Line Origine',(29.0693293176,38.8810826225,3.00000000056)) ;
#9750=CARTESIAN_POINT('Vertex',(-18.4956706828,38.8810826225,3.00000000149)) ;
#9753=CARTESIAN_POINT('Line Origine',(-18.4956706828,38.8810826225,2.20000000075)) ;
#9766=CARTESIAN_POINT('Axis2P3D Location',(-18.4956706828,34.8810826225,2.2)) ;
#9771=CARTESIAN_POINT('Axis2P3D Location',(-18.4956706828,34.8810826225,3.00000000075)) ;
#9784=CARTESIAN_POINT('Axis2P3D Location',(76.5793293172,-10.1839173775,-118.995821356)) ;
#9789=CARTESIAN_POINT('Line Origine',(74.8293293172,-10.1839173775,-118.995821357)) ;
#9794=CARTESIAN_POINT('Line Origine',(78.3293293172,-10.1839173775,-118.995821357)) ;
#9807=CARTESIAN_POINT('Axis2P3D Location',(76.5793293172,-10.1839173775,-118.995821356)) ;
#9820=CARTESIAN_POINT('Axis2P3D Location',(-18.4406706828,34.8160826225,-118.995821356)) ;
#9825=CARTESIAN_POINT('Line Origine',(-20.1906706828,34.8160826225,-118.995821357)) ;
#9830=CARTESIAN_POINT('Line Origine',(-16.6906706828,34.8160826225,-118.995821357)) ;
#9843=CARTESIAN_POINT('Axis2P3D Location',(-18.4406706828,34.8160826225,-118.995821356)) ;
#9856=CARTESIAN_POINT('Axis2P3D Location',(-18.4406706828,-10.1839173775,-118.995821356)) ;
#9861=CARTESIAN_POINT('Line Origine',(-20.1906706828,-10.1839173775,-118.995821357)) ;
#9866=CARTESIAN_POINT('Line Origine',(-16.6906706828,-10.1839173775,-118.995821357)) ;
#9879=CARTESIAN_POINT('Axis2P3D Location',(-18.4406706828,-10.1839173775,-118.995821356)) ;
#9892=CARTESIAN_POINT('Axis2P3D Location',(76.5793293172,34.8160826225,-118.995821356)) ;
#9897=CARTESIAN_POINT('Line Origine',(74.8293293172,34.8160826225,-118.995821357)) ;
#9902=CARTESIAN_POINT('Line Origine',(78.3293293172,34.8160826225,-118.995821357)) ;
#9915=CARTESIAN_POINT('Axis2P3D Location',(76.5793293172,34.8160826225,-118.995821356)) ;
#9928=CARTESIAN_POINT('Axis2P3D Location',(-18.4406706828,-10.1839173775,1.4)) ;
#9933=CARTESIAN_POINT('Line Origine',(-18.4406706828,-7.1839173775,1.40000000037)) ;
#9946=CARTESIAN_POINT('Axis2P3D Location',(-18.4406706828,-7.18391737753,1.4)) ;
#9951=CARTESIAN_POINT('Line Origine',(-19.4806706819,-7.18391737753,0.700000000745)) ;
#9964=CARTESIAN_POINT('Axis2P3D Location',(-19.4806706828,12.3160826225,0.7)) ;
#9969=CARTESIAN_POINT('Line Origine',(-19.4806706828,31.8160826225,0.7)) ;
#9982=CARTESIAN_POINT('Axis2P3D Location',(-20.9956706828,31.8160826225,1.4)) ;
#9987=CARTESIAN_POINT('Line Origine',(-18.4406706831,31.8160826225,0.699999999814)) ;
#10000=CARTESIAN_POINT('Axis2P3D Location',(-18.4406706828,34.8160826225,1.4)) ;
#10005=CARTESIAN_POINT('Line Origine',(-15.4406706828,34.8160826225,1.40000000037)) ;
#10018=CARTESIAN_POINT('Axis2P3D Location',(-15.4406706828,34.8160826225,1.4)) ;
#10023=CARTESIAN_POINT('Line Origine',(-15.4406706828,36.6660826221,0.700000000745)) ;
#10036=CARTESIAN_POINT('Axis2P3D Location',(29.0693293172,36.6660826225,0.7)) ;
#10041=CARTESIAN_POINT('Line Origine',(73.579329317,36.6660826225,0.7)) ;
#10054=CARTESIAN_POINT('Axis2P3D Location',(73.5793293172,37.3810826225,1.4)) ;
#10059=CARTESIAN_POINT('Line Origine',(73.5793293172,34.816082623,0.699999999814)) ;
#10072=CARTESIAN_POINT('Axis2P3D Location',(76.5793293172,34.8160826225,1.4)) ;
#10077=CARTESIAN_POINT('Line Origine',(76.5793293172,31.8160826225,1.40000000037)) ;
#10090=CARTESIAN_POINT('Axis2P3D Location',(76.5793293172,31.8160826225,1.4)) ;
#10095=CARTESIAN_POINT('Line Origine',(77.6193293163,31.8160826225,0.700000000745)) ;
#10108=CARTESIAN_POINT('Axis2P3D Location',(77.6193293172,12.3160826225,0.7)) ;
#10113=CARTESIAN_POINT('Line Origine',(77.6193293172,-7.1839173775,0.7)) ;
#10126=CARTESIAN_POINT('Axis2P3D Location',(79.1343293172,-7.18391737753,1.4)) ;
#10131=CARTESIAN_POINT('Line Origine',(76.5793293175,-7.18391737753,0.699999999814)) ;
#10144=CARTESIAN_POINT('Axis2P3D Location',(76.5793293172,-10.1839173775,1.4)) ;
#10157=CARTESIAN_POINT('Axis2P3D Location',(-18.4956706828,34.8810826225,-3.)) ;
#10162=CARTESIAN_POINT('Line Origine',(-18.4956706828,38.8810826225,-3.)) ;
#10166=CARTESIAN_POINT('Vertex',(-18.4956706828,38.8810826225,-6.)) ;
#10169=CARTESIAN_POINT('Line Origine',(-22.4956706828,34.8810826225,-3.)) ;
#10173=CARTESIAN_POINT('Vertex',(-22.4956706828,34.8810826225,-6.)) ;
#10176=CARTESIAN_POINT('Axis2P3D Location',(-18.4956706828,34.8810826225,-6.)) ;
#10189=CARTESIAN_POINT('Axis2P3D Location',(-18.4956706828,38.8810826225,-6.)) ;
#10194=CARTESIAN_POINT('Line Origine',(76.634329318,38.8810826225,-3.)) ;
#10198=CARTESIAN_POINT('Vertex',(76.634329318,38.8810826225,-6.)) ;
#10201=CARTESIAN_POINT('Line Origine',(29.0693293176,38.8810826225,-6.)) ;
#10214=CARTESIAN_POINT('Axis2P3D Location',(76.6343293172,34.8810826225,-3.)) ;
#10219=CARTESIAN_POINT('Line Origine',(80.6343293172,34.8810826225,-3.)) ;
#10223=CARTESIAN_POINT('Vertex',(80.6343293172,34.8810826225,-6.)) ;
#10226=CARTESIAN_POINT('Axis2P3D Location',(76.6343293172,34.8810826225,-6.)) ;
#10239=CARTESIAN_POINT('Axis2P3D Location',(80.6343293172,34.8810826225,-6.)) ;
#10244=CARTESIAN_POINT('Line Origine',(80.6343293172,-10.2489173783,-3.)) ;
#10248=CARTESIAN_POINT('Vertex',(80.6343293172,-10.2489173783,-6.)) ;
#10251=CARTESIAN_POINT('Line Origine',(80.6343293172,12.3160826221,-6.)) ;
#10264=CARTESIAN_POINT('Axis2P3D Location',(76.6343293172,-10.2489173775,-3.)) ;
#10269=CARTESIAN_POINT('Line Origine',(76.6343293172,-14.2489173775,-3.)) ;
#10273=CARTESIAN_POINT('Vertex',(76.6343293172,-14.2489173775,-6.)) ;
#10276=CARTESIAN_POINT('Axis2P3D Location',(76.6343293172,-10.2489173775,-6.)) ;
#10289=CARTESIAN_POINT('Axis2P3D Location',(76.6343293172,-14.2489173775,-6.)) ;
#10294=CARTESIAN_POINT('Line Origine',(-18.4956706836,-14.2489173775,-3.)) ;
#10298=CARTESIAN_POINT('Vertex',(-18.4956706836,-14.2489173775,-6.)) ;
#10301=CARTESIAN_POINT('Line Origine',(29.0693293168,-14.2489173775,-6.)) ;
#10314=CARTESIAN_POINT('Axis2P3D Location',(-18.4956706828,-10.2489173775,-3.)) ;
#10319=CARTESIAN_POINT('Line Origine',(-22.4956706828,-10.2489173775,-3.)) ;
#10323=CARTESIAN_POINT('Vertex',(-22.4956706828,-10.2489173775,-6.)) ;
#10326=CARTESIAN_POINT('Axis2P3D Location',(-18.4956706828,-10.2489173775,-6.)) ;
#10339=CARTESIAN_POINT('Axis2P3D Location',(-22.4956706828,-10.2489173775,-6.)) ;
#10344=CARTESIAN_POINT('Line Origine',(-22.4956706828,12.3160826229,-6.)) ;
#10357=CARTESIAN_POINT('Axis2P3D Location',(-22.7456706828,34.8810826225,3.)) ;
#10363=CARTESIAN_POINT('Control Point',(-22.8817962865,34.8810826225,3.)) ;
#10364=CARTESIAN_POINT('Control Point',(-22.8817962865,35.2914678978,3.)) ;
#10365=CARTESIAN_POINT('Control Point',(-22.8337994633,35.7018525933,3.)) ;
#10366=CARTESIAN_POINT('Control Point',(-22.7377835385,36.1048085243,3.)) ;
#10367=CARTESIAN_POINT('Control Point',(-22.4533309522,36.8806743014,3.)) ;
#10368=CARTESIAN_POINT('Control Point',(-21.9975218238,37.5699603145,3.)) ;
#10369=CARTESIAN_POINT('Control Point',(-21.7301080149,37.8863183396,3.)) ;
#10370=CARTESIAN_POINT('Control Point',(-21.1263400013,38.4505392596,3.)) ;
#10371=CARTESIAN_POINT('Control Point',(-20.4086718963,38.8602095476,3.)) ;
#10372=CARTESIAN_POINT('Control Point',(-20.0273293966,39.021982032,3.)) ;
#10373=CARTESIAN_POINT('Control Point',(-19.4889438418,39.1789658986,3.)) ;
#10374=CARTESIAN_POINT('Control Point',(-18.9358362209,39.2487635916,3.)) ;
#10375=CARTESIAN_POINT('Control Point',(-18.7889167205,39.2610814264,3.)) ;
#10376=CARTESIAN_POINT('Control Point',(-18.6422936985,39.2672082262,3.)) ;
#10377=CARTESIAN_POINT('Control Point',(-18.4956706828,39.2672082262,3.)) ;
#10378=CARTESIAN_POINT('Vertex',(-22.8817962865,34.8810826225,3.)) ;
#10380=CARTESIAN_POINT('Vertex',(-18.4956706828,39.2672082262,3.)) ;
#10383=CARTESIAN_POINT('Line Origine',(-22.8817962865,12.3160826221,3.)) ;
#10387=CARTESIAN_POINT('Vertex',(-22.8817962865,-10.2489173783,3.)) ;
#10391=CARTESIAN_POINT('Control Point',(-18.4956706828,-14.6350429801,3.)) ;
#10392=CARTESIAN_POINT('Control Point',(-18.9060559584,-14.6350429801,3.)) ;
#10393=CARTESIAN_POINT('Control Point',(-19.3164406542,-14.5870461568,3.)) ;
#10394=CARTESIAN_POINT('Control Point',(-19.7193965842,-14.4910302344,3.)) ;
#10395=CARTESIAN_POINT('Control Point',(-20.4952623623,-14.2065776476,3.)) ;
#10396=CARTESIAN_POINT('Control Point',(-21.1845483763,-13.7507685182,3.)) ;
#10397=CARTESIAN_POINT('Control Point',(-21.5009063986,-13.4833547099,3.)) ;
#10398=CARTESIAN_POINT('Control Point',(-22.0651273184,-12.8795866972,3.)) ;
#10399=CARTESIAN_POINT('Control Point',(-22.474797606,-12.1619185929,3.)) ;
#10400=CARTESIAN_POINT('Control Point',(-22.6365700954,-11.780576087,3.)) ;
#10401=CARTESIAN_POINT('Control Point',(-22.793553961,-11.2421905342,3.)) ;
#10402=CARTESIAN_POINT('Control Point',(-22.8633516535,-10.6890829153,3.)) ;
#10403=CARTESIAN_POINT('Control Point',(-22.8756694868,-10.5421634152,3.)) ;
#10404=CARTESIAN_POINT('Control Point',(-22.8817962865,-10.3955403936,3.)) ;
#10405=CARTESIAN_POINT('Control Point',(-22.8817962865,-10.2489173783,3.)) ;
#10406=CARTESIAN_POINT('Vertex',(-18.4956706828,-14.6350429802,3.)) ;
#10409=CARTESIAN_POINT('Line Origine',(29.0693293176,-14.6350429801,3.)) ;
#10413=CARTESIAN_POINT('Vertex',(76.634329318,-14.6350429801,3.)) ;
#10417=CARTESIAN_POINT('Control Point',(81.0204549198,-10.2489173783,3.)) ;
#10418=CARTESIAN_POINT('Control Point',(81.0204549198,-10.6593026533,3.)) ;
#10419=CARTESIAN_POINT('Control Point',(80.9724580967,-11.0696873484,3.)) ;
#10420=CARTESIAN_POINT('Control Point',(80.8764421734,-11.4726432808,3.)) ;
#10421=CARTESIAN_POINT('Control Point',(80.591989587,-12.2485090582,3.)) ;
#10422=CARTESIAN_POINT('Control Point',(80.1361804582,-12.9377950716,3.)) ;
#10423=CARTESIAN_POINT('Control Point',(79.8687666493,-13.2541530925,3.)) ;
#10424=CARTESIAN_POINT('Control Point',(79.2649986302,-13.8183740182,3.)) ;
#10425=CARTESIAN_POINT('Control Point',(78.547330517,-14.2280443085,3.)) ;
#10426=CARTESIAN_POINT('Control Point',(78.1659880367,-14.3898167852,3.)) ;
#10427=CARTESIAN_POINT('Control Point',(77.6276024765,-14.5468006536,3.)) ;
#10428=CARTESIAN_POINT('Control Point',(77.0744948502,-14.6165983464,3.)) ;
#10429=CARTESIAN_POINT('Control Point',(76.9275753522,-14.6289161805,3.)) ;
#10430=CARTESIAN_POINT('Control Point',(76.780952332,-14.6350429801,3.)) ;
#10431=CARTESIAN_POINT('Control Point',(76.634329318,-14.6350429801,3.)) ;
#10432=CARTESIAN_POINT('Vertex',(81.0204549198,-10.2489173783,3.)) ;
#10435=CARTESIAN_POINT('Line Origine',(81.0204549198,12.3160826221,3.)) ;
#10439=CARTESIAN_POINT('Vertex',(81.0204549198,34.8810826225,3.)) ;
#10443=CARTESIAN_POINT('Control Point',(76.634329318,39.2672082262,3.)) ;
#10444=CARTESIAN_POINT('Control Point',(77.0447145938,39.2672082262,3.)) ;
#10445=CARTESIAN_POINT('Control Point',(77.4550992896,39.2192114028,3.)) ;
#10446=CARTESIAN_POINT('Control Point',(77.8580552171,39.1231954783,3.)) ;
#10447=CARTESIAN_POINT('Control Point',(78.6339209971,38.8387428913,3.)) ;
#10448=CARTESIAN_POINT('Control Point',(79.3232070125,38.3829337608,3.)) ;
#10449=CARTESIAN_POINT('Control Point',(79.6395650298,38.1155199583,3.)) ;
#10450=CARTESIAN_POINT('Control Point',(80.203785956,37.511751939,3.)) ;
#10451=CARTESIAN_POINT('Control Point',(80.613456247,36.7940838259,3.)) ;
#10452=CARTESIAN_POINT('Control Point',(80.7752287251,36.4127413401,3.)) ;
#10453=CARTESIAN_POINT('Control Point',(80.9322125935,35.8743557812,3.)) ;
#10454=CARTESIAN_POINT('Control Point',(81.0020102863,35.3212481558,3.)) ;
#10455=CARTESIAN_POINT('Control Point',(81.0143281203,35.1743286574,3.)) ;
#10456=CARTESIAN_POINT('Control Point',(81.0204549198,35.0277056368,3.)) ;
#10457=CARTESIAN_POINT('Control Point',(81.0204549198,34.8810826225,3.)) ;
#10458=CARTESIAN_POINT('Vertex',(76.634329318,39.2672082262,3.)) ;
#10461=CARTESIAN_POINT('Line Origine',(29.0693293176,39.2672082262,3.)) ;
#10488=CARTESIAN_POINT('Axis2P3D Location',(-22.7456706828,34.8810826225,-6.)) ;
#10494=CARTESIAN_POINT('Control Point',(-18.4956706828,39.2311305629,-6.)) ;
#10495=CARTESIAN_POINT('Control Point',(-18.904364464,39.2311305629,-6.)) ;
#10496=CARTESIAN_POINT('Control Point',(-19.3130576605,39.1831337904,-6.)) ;
#10497=CARTESIAN_POINT('Control Point',(-19.7142917605,39.0871176076,-6.)) ;
#10498=CARTESIAN_POINT('Control Point',(-20.4865888396,38.8026948136,-6.)) ;
#10499=CARTESIAN_POINT('Control Point',(-21.1719746477,38.3470836042,-6.)) ;
#10500=CARTESIAN_POINT('Control Point',(-21.486278936,38.0798370531,-6.)) ;
#10501=CARTESIAN_POINT('Control Point',(-22.046161295,37.4766198992,-6.)) ;
#10502=CARTESIAN_POINT('Control Point',(-22.4510533135,36.7601020547,-6.)) ;
#10503=CARTESIAN_POINT('Control Point',(-22.6103316841,36.3795259014,-6.)) ;
#10504=CARTESIAN_POINT('Control Point',(-22.7622557323,35.8479655934,-6.)) ;
#10505=CARTESIAN_POINT('Control Point',(-22.8286758589,35.3024775587,-6.)) ;
#10506=CARTESIAN_POINT('Control Point',(-22.8400561398,35.1618361863,-6.)) ;
#10507=CARTESIAN_POINT('Control Point',(-22.8457186232,35.0214594014,-6.)) ;
#10508=CARTESIAN_POINT('Control Point',(-22.8457186232,34.8810826225,-6.)) ;
#10509=CARTESIAN_POINT('Vertex',(-18.4956706828,39.2311305629,-6.)) ;
#10511=CARTESIAN_POINT('Vertex',(-22.8457186232,34.8810826225,-6.)) ;
#10514=CARTESIAN_POINT('Line Origine',(29.0693293176,39.2311305629,-6.)) ;
#10518=CARTESIAN_POINT('Vertex',(76.634329318,39.2311305629,-6.)) ;
#10522=CARTESIAN_POINT('Control Point',(80.9843772565,34.8810826225,-6.)) ;
#10523=CARTESIAN_POINT('Control Point',(80.9843772565,35.2897764034,-6.)) ;
#10524=CARTESIAN_POINT('Control Point',(80.9363804842,35.6984695997,-6.)) ;
#10525=CARTESIAN_POINT('Control Point',(80.8403643027,36.0997037024,-6.)) ;
#10526=CARTESIAN_POINT('Control Point',(80.5559415109,36.8720007774,-6.)) ;
#10527=CARTESIAN_POINT('Control Point',(80.1003303041,37.5573865816,-6.)) ;
#10528=CARTESIAN_POINT('Control Point',(79.8330837438,37.8716908795,-6.)) ;
#10529=CARTESIAN_POINT('Control Point',(79.2298665914,38.4315732361,-6.)) ;
#10530=CARTESIAN_POINT('Control Point',(78.5133487496,38.8364652535,-6.)) ;
#10531=CARTESIAN_POINT('Control Point',(78.1327726038,38.9957436201,-6.)) ;
#10532=CARTESIAN_POINT('Control Point',(77.6012122934,39.1476676699,-6.)) ;
#10533=CARTESIAN_POINT('Control Point',(77.0557242562,39.2140877972,-6.)) ;
#10534=CARTESIAN_POINT('Control Point',(76.9150828836,39.2254680794,-6.)) ;
#10535=CARTESIAN_POINT('Control Point',(76.7747060979,39.2311305629,-6.)) ;
#10536=CARTESIAN_POINT('Control Point',(76.634329318,39.2311305629,-6.)) ;
#10537=CARTESIAN_POINT('Vertex',(80.9843772565,34.8810826225,-6.)) ;
#10540=CARTESIAN_POINT('Line Origine',(80.9843772565,12.3160826221,-6.)) ;
#10544=CARTESIAN_POINT('Vertex',(80.9843772565,-10.2489173783,-6.)) ;
#10548=CARTESIAN_POINT('Control Point',(76.634329318,-14.5989653168,-6.)) ;
#10549=CARTESIAN_POINT('Control Point',(77.0430230992,-14.5989653168,-6.)) ;
#10550=CARTESIAN_POINT('Control Point',(77.4517162956,-14.5509685444,-6.)) ;
#10551=CARTESIAN_POINT('Control Point',(77.8529503959,-14.4549523632,-6.)) ;
#10552=CARTESIAN_POINT('Control Point',(78.6252474687,-14.1705295717,-6.)) ;
#10553=CARTESIAN_POINT('Control Point',(79.3106332721,-13.7149183673,-6.)) ;
#10554=CARTESIAN_POINT('Control Point',(79.6249375751,-13.4476718039,-6.)) ;
#10555=CARTESIAN_POINT('Control Point',(80.1848199253,-12.8444546601,-6.)) ;
#10556=CARTESIAN_POINT('Control Point',(80.589711939,-12.1279368287,-6.)) ;
#10557=CARTESIAN_POINT('Control Point',(80.7489903187,-11.7473606565,-6.)) ;
#10558=CARTESIAN_POINT('Control Point',(80.9009143664,-11.2158003528,-6.)) ;
#10559=CARTESIAN_POINT('Control Point',(80.9673344937,-10.6703123225,-6.)) ;
#10560=CARTESIAN_POINT('Control Point',(80.978714773,-10.5296709474,-6.)) ;
#10561=CARTESIAN_POINT('Control Point',(80.9843772565,-10.3892941599,-6.)) ;
#10562=CARTESIAN_POINT('Control Point',(80.9843772565,-10.2489173783,-6.)) ;
#10563=CARTESIAN_POINT('Vertex',(76.634329318,-14.5989653169,-6.)) ;
#10566=CARTESIAN_POINT('Line Origine',(29.0693293176,-14.5989653168,-6.)) ;
#10570=CARTESIAN_POINT('Vertex',(-18.4956706828,-14.5989653168,-6.)) ;
#10574=CARTESIAN_POINT('Control Point',(-22.8457186232,-10.2489173783,-6.)) ;
#10575=CARTESIAN_POINT('Control Point',(-22.8457186232,-10.6576111555,-6.)) ;
#10576=CARTESIAN_POINT('Control Point',(-22.7977218517,-11.066304348,-6.)) ;
#10577=CARTESIAN_POINT('Control Point',(-22.7017056665,-11.4675384635,-6.)) ;
#10578=CARTESIAN_POINT('Control Point',(-22.4172828754,-12.2398355338,-6.)) ;
#10579=CARTESIAN_POINT('Control Point',(-21.961671672,-12.9252213348,-6.)) ;
#10580=CARTESIAN_POINT('Control Point',(-21.6944251092,-13.239525634,-6.)) ;
#10581=CARTESIAN_POINT('Control Point',(-21.0912079585,-13.7994079895,-6.)) ;
#10582=CARTESIAN_POINT('Control Point',(-20.3746901185,-14.2043000063,-6.)) ;
#10583=CARTESIAN_POINT('Control Point',(-19.9941139695,-14.3635783757,-6.)) ;
#10584=CARTESIAN_POINT('Control Point',(-19.4625536599,-14.5155024259,-6.)) ;
#10585=CARTESIAN_POINT('Control Point',(-18.9170656233,-14.5819225535,-6.)) ;
#10586=CARTESIAN_POINT('Control Point',(-18.7764242499,-14.5933028333,-6.)) ;
#10587=CARTESIAN_POINT('Control Point',(-18.6360474634,-14.5989653168,-6.)) ;
#10588=CARTESIAN_POINT('Control Point',(-18.4956706828,-14.5989653168,-6.)) ;
#10589=CARTESIAN_POINT('Vertex',(-22.8457186232,-10.2489173783,-6.)) ;
#10592=CARTESIAN_POINT('Line Origine',(-22.8457186232,12.3160826221,-6.)) ;
#10619=CARTESIAN_POINT('Axis2P3D Location',(-18.4956706828,34.8810826225,2.8)) ;
#10624=CARTESIAN_POINT('Axis2P3D Location',(-22.881796286,34.8810826225,2.8)) ;
#10628=CARTESIAN_POINT('Vertex',(-23.054608403,34.8810826225,2.90067756562)) ;
#10630=CARTESIAN_POINT('Vertex',(-22.9814569274,34.8810826225,2.97340056677)) ;
#10633=CARTESIAN_POINT('Axis2P3D Location',(-22.881796286,34.8810826225,2.8)) ;
#10638=CARTESIAN_POINT('Axis2P3D Location',(-18.4956706828,39.2672082257,2.8)) ;
#10642=CARTESIAN_POINT('Vertex',(-18.4956706828,39.366868867,2.97340056682)) ;
#10645=CARTESIAN_POINT('Axis2P3D Location',(-18.4956706828,39.2672082257,2.8)) ;
#10649=CARTESIAN_POINT('Vertex',(-18.4956706828,39.4400203427,2.90067756562)) ;
#10652=CARTESIAN_POINT('Axis2P3D Location',(-18.4956706828,34.8810826225,2.90067756562)) ;
#10667=CARTESIAN_POINT('Axis2P3D Location',(-22.881796286,-10.2489173775,2.8)) ;
#10672=CARTESIAN_POINT('Line Origine',(-22.9814569274,-10.2489173766,2.97340056679)) ;
#10676=CARTESIAN_POINT('Vertex',(-22.9814569274,-10.2489173775,2.97340056679)) ;
#10679=CARTESIAN_POINT('Axis2P3D Location',(-22.881796286,-10.2489173775,2.8)) ;
#10692=CARTESIAN_POINT('Axis2P3D Location',(-18.4956706828,-10.2489173775,2.8)) ;
#10697=CARTESIAN_POINT('Axis2P3D Location',(-18.4956706828,-14.6350429807,2.8)) ;
#10701=CARTESIAN_POINT('Vertex',(-18.4956706828,-14.8078550977,2.90067756562)) ;
#10703=CARTESIAN_POINT('Vertex',(-18.4956706828,-14.7347036221,2.97340056677)) ;
#10706=CARTESIAN_POINT('Axis2P3D Location',(-18.4956706828,-14.6350429807,2.8)) ;
#10711=CARTESIAN_POINT('Axis2P3D Location',(-22.881796286,-10.2489173775,2.8)) ;
#10715=CARTESIAN_POINT('Vertex',(-23.054608403,-10.2489173775,2.90067756562)) ;
#10718=CARTESIAN_POINT('Axis2P3D Location',(-18.4956706828,-10.2489173775,2.90067756562)) ;
#10733=CARTESIAN_POINT('Axis2P3D Location',(76.6343293172,-14.6350429807,2.8)) ;
#10738=CARTESIAN_POINT('Line Origine',(76.6343293171,-14.7347036221,2.97340056679)) ;
#10742=CARTESIAN_POINT('Vertex',(76.6343293172,-14.7347036221,2.97340056679)) ;
#10745=CARTESIAN_POINT('Axis2P3D Location',(76.6343293172,-14.6350429807,2.8)) ;
#10758=CARTESIAN_POINT('Axis2P3D Location',(76.6343293172,-10.2489173775,2.8)) ;
#10763=CARTESIAN_POINT('Axis2P3D Location',(76.6343293172,-14.6350429807,2.8)) ;
#10767=CARTESIAN_POINT('Vertex',(76.6343293172,-14.8078550977,2.90067756562)) ;
#10770=CARTESIAN_POINT('Axis2P3D Location',(76.6343293172,-10.2489173775,2.90067756562)) ;
#10774=CARTESIAN_POINT('Vertex',(81.1932670374,-10.2489173783,2.90067756562)) ;
#10777=CARTESIAN_POINT('Axis2P3D Location',(81.0204549204,-10.2489173775,2.8)) ;
#10781=CARTESIAN_POINT('Vertex',(81.1201155618,-10.2489173775,2.97340056677)) ;
#10784=CARTESIAN_POINT('Axis2P3D Location',(81.0204549204,-10.2489173775,2.8)) ;
#10799=CARTESIAN_POINT('Axis2P3D Location',(81.0204549204,34.8810826225,2.8)) ;
#10804=CARTESIAN_POINT('Line Origine',(81.1201155618,34.8810826223,2.97340056679)) ;
#10808=CARTESIAN_POINT('Vertex',(81.1201155618,34.8810826225,2.97340056679)) ;
#10811=CARTESIAN_POINT('Axis2P3D Location',(81.0204549204,34.8810826225,2.8)) ;
#10824=CARTESIAN_POINT('Axis2P3D Location',(76.6343293172,34.8810826225,2.8)) ;
#10829=CARTESIAN_POINT('Axis2P3D Location',(81.0204549204,34.8810826225,2.8)) ;
#10833=CARTESIAN_POINT('Vertex',(81.1932670374,34.8810826225,2.90067756562)) ;
#10836=CARTESIAN_POINT('Axis2P3D Location',(76.6343293172,34.8810826225,2.90067756562)) ;
#10840=CARTESIAN_POINT('Vertex',(76.634329318,39.4400203427,2.90067756562)) ;
#10843=CARTESIAN_POINT('Axis2P3D Location',(76.634329318,39.2672082257,2.8)) ;
#10847=CARTESIAN_POINT('Vertex',(76.634329318,39.366868867,2.97340056682)) ;
#10850=CARTESIAN_POINT('Axis2P3D Location',(76.634329318,39.2672082257,2.8)) ;
#10865=CARTESIAN_POINT('Axis2P3D Location',(-18.4956706828,39.2672082257,2.8)) ;
#10870=CARTESIAN_POINT('Line Origine',(-18.4956706837,39.3668688671,2.97340056679)) ;
#10883=CARTESIAN_POINT('Axis2P3D Location',(-18.4956706828,34.8810826225,-5.8)) ;
#10888=CARTESIAN_POINT('Axis2P3D Location',(-22.8457186226,34.8810826225,-5.8)) ;
#10892=CARTESIAN_POINT('Vertex',(-22.9659353372,34.8810826225,-5.9598372345)) ;
#10895=CARTESIAN_POINT('Axis2P3D Location',(-22.8457186226,34.8810826225,-5.8)) ;
#10899=CARTESIAN_POINT('Vertex',(-23.0378696946,34.8810826225,-5.85547941532)) ;
#10902=CARTESIAN_POINT('Axis2P3D Location',(-18.4956706828,34.8810826225,-5.85547941531)) ;
#10906=CARTESIAN_POINT('Vertex',(-18.4956706828,39.4232816343,-5.85547941531)) ;
#10909=CARTESIAN_POINT('Axis2P3D Location',(-18.4956706828,39.2311305623,-5.8)) ;
#10913=CARTESIAN_POINT('Vertex',(-18.4956706828,39.3513472769,-5.9598372345)) ;
#10916=CARTESIAN_POINT('Axis2P3D Location',(-18.4956706828,39.2311305623,-5.8)) ;
#10931=CARTESIAN_POINT('Axis2P3D Location',(-18.4956706828,39.2311305623,-5.8)) ;
#10936=CARTESIAN_POINT('Line Origine',(-18.4956706837,39.3513472769,-5.95983723449)) ;
#10940=CARTESIAN_POINT('Vertex',(76.634329318,39.3513472769,-5.95983723449)) ;
#10943=CARTESIAN_POINT('Axis2P3D Location',(76.634329318,39.2311305623,-5.8)) ;
#10956=CARTESIAN_POINT('Axis2P3D Location',(76.6343293172,34.8810826225,-5.8)) ;
#10961=CARTESIAN_POINT('Axis2P3D Location',(80.984377257,34.8810826225,-5.8)) ;
#10965=CARTESIAN_POINT('Vertex',(81.176528329,34.8810826225,-5.85547941531)) ;
#10967=CARTESIAN_POINT('Vertex',(81.1045939716,34.8810826225,-5.9598372345)) ;
#10970=CARTESIAN_POINT('Axis2P3D Location',(80.984377257,34.8810826225,-5.8)) ;
#10975=CARTESIAN_POINT('Axis2P3D Location',(76.634329318,39.2311305623,-5.8)) ;
#10979=CARTESIAN_POINT('Vertex',(76.634329318,39.4232816343,-5.85547941532)) ;
#10982=CARTESIAN_POINT('Axis2P3D Location',(76.6343293172,34.8810826225,-5.85547941531)) ;
#10997=CARTESIAN_POINT('Axis2P3D Location',(80.984377257,34.8810826225,-5.8)) ;
#11002=CARTESIAN_POINT('Line Origine',(81.1045939716,34.8810826223,-5.95983723449)) ;
#11006=CARTESIAN_POINT('Vertex',(81.1045939716,-10.2489173783,-5.95983723449)) ;
#11009=CARTESIAN_POINT('Axis2P3D Location',(80.984377257,-10.2489173783,-5.8)) ;
#11022=CARTESIAN_POINT('Axis2P3D Location',(76.6343293172,-10.2489173775,-5.8)) ;
#11027=CARTESIAN_POINT('Axis2P3D Location',(76.6343293172,-14.5989653173,-5.8)) ;
#11031=CARTESIAN_POINT('Vertex',(76.6343293172,-14.7191820319,-5.9598372345)) ;
#11033=CARTESIAN_POINT('Vertex',(76.6343293172,-14.7911163893,-5.85547941531)) ;
#11036=CARTESIAN_POINT('Axis2P3D Location',(76.6343293172,-14.5989653173,-5.8)) ;
#11041=CARTESIAN_POINT('Axis2P3D Location',(80.984377257,-10.2489173775,-5.8)) ;
#11045=CARTESIAN_POINT('Vertex',(81.176528329,-10.2489173775,-5.85547941532)) ;
#11048=CARTESIAN_POINT('Axis2P3D Location',(76.6343293172,-10.2489173775,-5.85547941531)) ;
#11063=CARTESIAN_POINT('Axis2P3D Location',(76.6343293172,-14.5989653173,-5.8)) ;
#11068=CARTESIAN_POINT('Line Origine',(76.6343293171,-14.7191820319,-5.95983723449)) ;
#11072=CARTESIAN_POINT('Vertex',(-18.4956706836,-14.7191820319,-5.95983723449)) ;
#11076=CARTESIAN_POINT('Control Point',(-18.4956706836,-14.5989653173,-6.)) ;
#11077=CARTESIAN_POINT('Control Point',(-18.4956706834,-14.6419557349,-6.)) ;
#11078=CARTESIAN_POINT('Control Point',(-18.4956706832,-14.6848246846,-5.98567806832)) ;
#11079=CARTESIAN_POINT('Control Point',(-18.495670683,-14.7191820319,-5.95983723449)) ;
#11089=CARTESIAN_POINT('Axis2P3D Location',(-18.4956706828,-10.2489173775,-5.8)) ;
#11094=CARTESIAN_POINT('Axis2P3D Location',(-18.4956706828,-14.5989653173,-5.8)) ;
#11098=CARTESIAN_POINT('Vertex',(-18.4956706828,-14.7911163893,-5.85547941529)) ;
#11101=CARTESIAN_POINT('Axis2P3D Location',(-18.4956706828,-10.2489173775,-5.85547941531)) ;
#11105=CARTESIAN_POINT('Vertex',(-23.0378696946,-10.2489173775,-5.85547941531)) ;
#11108=CARTESIAN_POINT('Axis2P3D Location',(-22.8457186226,-10.2489173775,-5.8)) ;
#11112=CARTESIAN_POINT('Vertex',(-22.9659353372,-10.2489173775,-5.9598372345)) ;
#11115=CARTESIAN_POINT('Axis2P3D Location',(-22.8457186226,-10.2489173775,-5.8)) ;
#11130=CARTESIAN_POINT('Axis2P3D Location',(-22.8457186226,-10.2489173775,-5.8)) ;
#11135=CARTESIAN_POINT('Line Origine',(-22.9659353372,-10.2489173766,-5.95983723449)) ;
#11148=CARTESIAN_POINT('Axis2P3D Location',(-22.881796286,-10.2489173775,2.8)) ;
#11153=CARTESIAN_POINT('Line Origine',(-23.054608403,-10.2489173766,2.90067756562)) ;
#11166=CARTESIAN_POINT('Axis2P3D Location',(-18.4956706828,39.2672082257,2.8)) ;
#11171=CARTESIAN_POINT('Line Origine',(-18.4956706837,39.4400203427,2.90067756562)) ;
#11185=CARTESIAN_POINT('Control Point',(-18.4956706828,39.4400203427,2.90067756562)) ;
#11186=CARTESIAN_POINT('Control Point',(-23.054608403,39.4400203427,2.90067756562)) ;
#11187=CARTESIAN_POINT('Control Point',(-23.054608403,34.8810826225,2.90067756562)) ;
#11188=CARTESIAN_POINT('Control Point',(-18.4956706828,40.2215810383,1.5591358075)) ;
#11189=CARTESIAN_POINT('Control Point',(-23.8361690987,40.2215810383,1.5591358075)) ;
#11190=CARTESIAN_POINT('Control Point',(-23.8361690987,34.8810826225,1.5591358075)) ;
#11191=CARTESIAN_POINT('Control Point',(-18.4956706828,40.3796042433,0.014597016627)) ;
#11192=CARTESIAN_POINT('Control Point',(-23.9941923036,40.3796042433,0.014597016627)) ;
#11193=CARTESIAN_POINT('Control Point',(-23.9941923036,34.8810826225,0.014597016627)) ;
#11195=CARTESIAN_POINT('Control Point',(-18.4956706828,39.4400203427,2.90067756562)) ;
#11196=CARTESIAN_POINT('Control Point',(-18.4956706828,40.2215810383,1.5591358075)) ;
#11197=CARTESIAN_POINT('Control Point',(-18.4956706828,40.3796042433,0.014597016627)) ;
#11198=CARTESIAN_POINT('Vertex',(-18.4956706828,40.3796042432,0.0145970166208)) ;
#11202=CARTESIAN_POINT('Control Point',(-18.4956706828,40.3796042433,0.014597016627)) ;
#11203=CARTESIAN_POINT('Control Point',(-23.9941923036,40.3796042433,0.014597016627)) ;
#11204=CARTESIAN_POINT('Control Point',(-23.9941923036,34.8810826225,0.014597016627)) ;
#11205=CARTESIAN_POINT('Vertex',(-23.9941923036,34.8810826225,0.0145970166249)) ;
#11209=CARTESIAN_POINT('Control Point',(-23.054608403,34.8810826225,2.90067756562)) ;
#11210=CARTESIAN_POINT('Control Point',(-23.8361690987,34.8810826225,1.5591358075)) ;
#11211=CARTESIAN_POINT('Control Point',(-23.9941923036,34.8810826225,0.014597016627)) ;
#11221=CARTESIAN_POINT('Axis2P3D Location',(76.6343293172,-14.6350429807,2.8)) ;
#11226=CARTESIAN_POINT('Line Origine',(76.6343293171,-14.8078550977,2.90067756562)) ;
#11240=CARTESIAN_POINT('Control Point',(-23.054608403,-10.2489173775,2.90067756562)) ;
#11241=CARTESIAN_POINT('Control Point',(-23.054608403,-14.8078550977,2.90067756562)) ;
#11242=CARTESIAN_POINT('Control Point',(-18.4956706828,-14.8078550977,2.90067756562)) ;
#11243=CARTESIAN_POINT('Control Point',(-23.8361690987,-10.2489173775,1.55913580749)) ;
#11244=CARTESIAN_POINT('Control Point',(-23.8361690987,-15.5894157934,1.55913580749)) ;
#11245=CARTESIAN_POINT('Control Point',(-18.4956706828,-15.5894157934,1.55913580749)) ;
#11246=CARTESIAN_POINT('Control Point',(-23.9941923036,-10.2489173775,0.0145970166246)) ;
#11247=CARTESIAN_POINT('Control Point',(-23.9941923036,-15.7474389983,0.0145970166246)) ;
#11248=CARTESIAN_POINT('Control Point',(-18.4956706828,-15.7474389983,0.0145970166246)) ;
#11250=CARTESIAN_POINT('Control Point',(-23.054608403,-10.2489173775,2.90067756562)) ;
#11251=CARTESIAN_POINT('Control Point',(-23.8361690987,-10.2489173775,1.55913580749)) ;
#11252=CARTESIAN_POINT('Control Point',(-23.9941923036,-10.2489173775,0.0145970166246)) ;
#11253=CARTESIAN_POINT('Vertex',(-23.9941923036,-10.2489173775,0.0145970166285)) ;
#11257=CARTESIAN_POINT('Control Point',(-23.9941923036,-10.2489173775,0.0145970166246)) ;
#11258=CARTESIAN_POINT('Control Point',(-23.9941923036,-15.7474389983,0.0145970166246)) ;
#11259=CARTESIAN_POINT('Control Point',(-18.4956706828,-15.7474389983,0.0145970166246)) ;
#11260=CARTESIAN_POINT('Vertex',(-18.4956706828,-15.7474389983,0.0145970166225)) ;
#11264=CARTESIAN_POINT('Control Point',(-18.4956706828,-14.8078550977,2.90067756562)) ;
#11265=CARTESIAN_POINT('Control Point',(-18.4956706828,-15.5894157934,1.55913580749)) ;
#11266=CARTESIAN_POINT('Control Point',(-18.4956706828,-15.7474389983,0.0145970166246)) ;
#11277=CARTESIAN_POINT('Control Point',(76.6343293172,-14.8078550977,2.90067756562)) ;
#11278=CARTESIAN_POINT('Control Point',(81.1932670374,-14.8078550977,2.90067756562)) ;
#11279=CARTESIAN_POINT('Control Point',(81.1932670374,-10.2489173775,2.90067756562)) ;
#11280=CARTESIAN_POINT('Control Point',(76.6343293172,-15.5894157934,1.5591358075)) ;
#11281=CARTESIAN_POINT('Control Point',(81.9748277331,-15.5894157934,1.5591358075)) ;
#11282=CARTESIAN_POINT('Control Point',(81.9748277331,-10.2489173775,1.5591358075)) ;
#11283=CARTESIAN_POINT('Control Point',(76.6343293172,-15.7474389983,0.0145970166271)) ;
#11284=CARTESIAN_POINT('Control Point',(82.132850938,-15.7474389983,0.0145970166271)) ;
#11285=CARTESIAN_POINT('Control Point',(82.132850938,-10.2489173775,0.0145970166271)) ;
#11287=CARTESIAN_POINT('Control Point',(76.6343293172,-14.8078550977,2.90067756562)) ;
#11288=CARTESIAN_POINT('Control Point',(76.6343293172,-15.5894157934,1.5591358075)) ;
#11289=CARTESIAN_POINT('Control Point',(76.6343293172,-15.7474389983,0.0145970166271)) ;
#11290=CARTESIAN_POINT('Vertex',(76.6343293172,-15.7474389983,0.014597016628)) ;
#11294=CARTESIAN_POINT('Control Point',(76.6343293172,-15.7474389983,0.0145970166271)) ;
#11295=CARTESIAN_POINT('Control Point',(82.132850938,-15.7474389983,0.0145970166271)) ;
#11296=CARTESIAN_POINT('Control Point',(82.132850938,-10.2489173775,0.0145970166271)) ;
#11297=CARTESIAN_POINT('Vertex',(82.132850938,-10.2489173775,0.014597016625)) ;
#11301=CARTESIAN_POINT('Control Point',(81.1932670374,-10.2489173775,2.90067756562)) ;
#11302=CARTESIAN_POINT('Control Point',(81.9748277331,-10.2489173775,1.5591358075)) ;
#11303=CARTESIAN_POINT('Control Point',(82.132850938,-10.2489173775,0.0145970166271)) ;
#11313=CARTESIAN_POINT('Axis2P3D Location',(81.0204549204,34.8810826225,2.8)) ;
#11318=CARTESIAN_POINT('Line Origine',(81.1932670374,34.8810826223,2.90067756562)) ;
#11332=CARTESIAN_POINT('Control Point',(81.1932670374,34.8810826225,2.90067756562)) ;
#11333=CARTESIAN_POINT('Control Point',(81.1932670374,39.4400203427,2.90067756562)) ;
#11334=CARTESIAN_POINT('Control Point',(76.6343293172,39.4400203427,2.90067756562)) ;
#11335=CARTESIAN_POINT('Control Point',(81.9748277331,34.8810826225,1.5591358075)) ;
#11336=CARTESIAN_POINT('Control Point',(81.9748277331,40.2215810383,1.5591358075)) ;
#11337=CARTESIAN_POINT('Control Point',(76.6343293172,40.2215810383,1.5591358075)) ;
#11338=CARTESIAN_POINT('Control Point',(82.132850938,34.8810826225,0.0145970166271)) ;
#11339=CARTESIAN_POINT('Control Point',(82.132850938,40.3796042433,0.0145970166271)) ;
#11340=CARTESIAN_POINT('Control Point',(76.6343293172,40.3796042433,0.0145970166271)) ;
#11342=CARTESIAN_POINT('Control Point',(81.1932670374,34.8810826225,2.90067756562)) ;
#11343=CARTESIAN_POINT('Control Point',(81.9748277331,34.8810826225,1.5591358075)) ;
#11344=CARTESIAN_POINT('Control Point',(82.132850938,34.8810826225,0.0145970166271)) ;
#11345=CARTESIAN_POINT('Vertex',(82.1328509379,34.8810826225,0.0145970166209)) ;
#11349=CARTESIAN_POINT('Control Point',(82.132850938,34.8810826225,0.0145970166271)) ;
#11350=CARTESIAN_POINT('Control Point',(82.132850938,40.3796042433,0.0145970166271)) ;
#11351=CARTESIAN_POINT('Control Point',(76.6343293172,40.3796042433,0.0145970166271)) ;
#11352=CARTESIAN_POINT('Vertex',(76.6343293172,40.3796042433,0.014597016625)) ;
#11356=CARTESIAN_POINT('Control Point',(76.6343293172,39.4400203427,2.90067756562)) ;
#11357=CARTESIAN_POINT('Control Point',(76.6343293172,40.2215810383,1.5591358075)) ;
#11358=CARTESIAN_POINT('Control Point',(76.6343293172,40.3796042433,0.0145970166271)) ;
#11368=CARTESIAN_POINT('Axis2P3D Location',(-22.8457186226,-10.2489173775,-5.8)) ;
#11373=CARTESIAN_POINT('Line Origine',(-23.0378696946,-10.2489173766,-5.85547941531)) ;
#11387=CARTESIAN_POINT('Control Point',(-18.4956706828,40.3804512785,-0.0145105738173)) ;
#11388=CARTESIAN_POINT('Control Point',(-23.9950393388,40.3804512785,-0.0145105738173)) ;
#11389=CARTESIAN_POINT('Control Point',(-23.9950393388,34.8810826225,-0.0145105738173)) ;
#11390=CARTESIAN_POINT('Control Point',(-18.4956706828,40.250034233,-2.99204984896)) ;
#11391=CARTESIAN_POINT('Control Point',(-23.8646222933,40.250034233,-2.99204984896)) ;
#11392=CARTESIAN_POINT('Control Point',(-23.8646222933,34.8810826225,-2.99204984896)) ;
#11393=CARTESIAN_POINT('Control Point',(-18.4956706828,39.4232816343,-5.85547941531)) ;
#11394=CARTESIAN_POINT('Control Point',(-23.0378696946,39.4232816343,-5.85547941531)) ;
#11395=CARTESIAN_POINT('Control Point',(-23.0378696946,34.8810826225,-5.85547941531)) ;
#11397=CARTESIAN_POINT('Control Point',(-23.9950393388,34.8810826225,-0.0145105738173)) ;
#11398=CARTESIAN_POINT('Control Point',(-23.8646222933,34.8810826225,-2.99204984896)) ;
#11399=CARTESIAN_POINT('Control Point',(-23.0378696946,34.8810826225,-5.85547941531)) ;
#11400=CARTESIAN_POINT('Vertex',(-23.9950393388,34.8810826233,-0.0145105738177)) ;
#11404=CARTESIAN_POINT('Control Point',(-18.4956788752,40.3804512785,-0.0145105738173)) ;
#11405=CARTESIAN_POINT('Control Point',(-23.9950393388,40.3804430861,-0.0145105738173)) ;
#11406=CARTESIAN_POINT('Control Point',(-23.9950393388,34.8810826225,-0.0145105738173)) ;
#11407=CARTESIAN_POINT('Vertex',(-18.4956706828,40.3804512785,-0.014510573816)) ;
#11411=CARTESIAN_POINT('Control Point',(-18.4956706828,40.3804512785,-0.0145105738173)) ;
#11412=CARTESIAN_POINT('Control Point',(-18.4956706828,40.250034233,-2.99204984896)) ;
#11413=CARTESIAN_POINT('Control Point',(-18.4956706828,39.4232816343,-5.85547941531)) ;
#11423=CARTESIAN_POINT('Axis2P3D Location',(-18.4956706828,39.2311305623,-5.8)) ;
#11428=CARTESIAN_POINT('Line Origine',(-18.4956706837,39.4232816343,-5.85547941531)) ;
#11441=CARTESIAN_POINT('Axis2P3D Location',(80.984377257,34.8810826225,-5.8)) ;
#11446=CARTESIAN_POINT('Line Origine',(81.176528329,34.8810826223,-5.85547941531)) ;
#11460=CARTESIAN_POINT('Control Point',(82.1336979732,34.8810826225,-0.014510573815)) ;
#11461=CARTESIAN_POINT('Control Point',(82.1336979732,40.3804512785,-0.014510573815)) ;
#11462=CARTESIAN_POINT('Control Point',(76.6343293172,40.3804512785,-0.014510573815)) ;
#11463=CARTESIAN_POINT('Control Point',(82.0032809277,34.8810826225,-2.99204984896)) ;
#11464=CARTESIAN_POINT('Control Point',(82.0032809277,40.250034233,-2.99204984896)) ;
#11465=CARTESIAN_POINT('Control Point',(76.6343293172,40.250034233,-2.99204984896)) ;
#11466=CARTESIAN_POINT('Control Point',(81.176528329,34.8810826225,-5.85547941531)) ;
#11467=CARTESIAN_POINT('Control Point',(81.176528329,39.4232816343,-5.85547941531)) ;
#11468=CARTESIAN_POINT('Control Point',(76.6343293172,39.4232816343,-5.85547941531)) ;
#11470=CARTESIAN_POINT('Control Point',(76.6343293172,40.3804512785,-0.014510573815)) ;
#11471=CARTESIAN_POINT('Control Point',(76.6343293172,40.250034233,-2.99204984896)) ;
#11472=CARTESIAN_POINT('Control Point',(76.6343293172,39.4232816343,-5.85547941531)) ;
#11473=CARTESIAN_POINT('Vertex',(76.634329318,40.3804512785,-0.0145105738137)) ;
#11477=CARTESIAN_POINT('Control Point',(82.1336979732,34.8810826225,-0.014510573815)) ;
#11478=CARTESIAN_POINT('Control Point',(82.1336979732,40.3804512785,-0.014510573815)) ;
#11479=CARTESIAN_POINT('Control Point',(76.6343293172,40.3804512785,-0.014510573815)) ;
#11480=CARTESIAN_POINT('Vertex',(82.1336979732,34.8810826225,-0.014510573815)) ;
#11484=CARTESIAN_POINT('Control Point',(82.1336979732,34.8810826225,-0.014510573815)) ;
#11485=CARTESIAN_POINT('Control Point',(82.0032809277,34.8810826225,-2.99204984896)) ;
#11486=CARTESIAN_POINT('Control Point',(81.176528329,34.8810826225,-5.85547941531)) ;
#11496=CARTESIAN_POINT('Axis2P3D Location',(76.6343293172,-14.5989653173,-5.8)) ;
#11501=CARTESIAN_POINT('Line Origine',(76.6343293171,-14.7911163893,-5.85547941529)) ;
#11515=CARTESIAN_POINT('Control Point',(76.6343293172,-15.7482860335,-0.014510573815)) ;
#11516=CARTESIAN_POINT('Control Point',(82.1336979732,-15.7482860335,-0.014510573815)) ;
#11517=CARTESIAN_POINT('Control Point',(82.1336979732,-10.2489173775,-0.014510573815)) ;
#11518=CARTESIAN_POINT('Control Point',(76.6343293172,-15.617868988,-2.99204984896)) ;
#11519=CARTESIAN_POINT('Control Point',(82.0032809277,-15.617868988,-2.99204984896)) ;
#11520=CARTESIAN_POINT('Control Point',(82.0032809277,-10.2489173775,-2.99204984896)) ;
#11521=CARTESIAN_POINT('Control Point',(76.6343293172,-14.7911163894,-5.85547941531)) ;
#11522=CARTESIAN_POINT('Control Point',(81.176528329,-14.7911163894,-5.85547941531)) ;
#11523=CARTESIAN_POINT('Control Point',(81.176528329,-10.2489173775,-5.85547941531)) ;
#11525=CARTESIAN_POINT('Control Point',(82.1336979732,-10.2489173775,-0.014510573815)) ;
#11526=CARTESIAN_POINT('Control Point',(82.0032809277,-10.2489173775,-2.99204984896)) ;
#11527=CARTESIAN_POINT('Control Point',(81.176528329,-10.2489173775,-5.85547941531)) ;
#11528=CARTESIAN_POINT('Vertex',(82.1336979732,-10.2489173783,-0.0145105738137)) ;
#11532=CARTESIAN_POINT('Control Point',(76.6343293172,-15.7482860335,-0.014510573815)) ;
#11533=CARTESIAN_POINT('Control Point',(82.1336979732,-15.7482860335,-0.014510573815)) ;
#11534=CARTESIAN_POINT('Control Point',(82.1336979732,-10.2489173775,-0.014510573815)) ;
#11535=CARTESIAN_POINT('Vertex',(76.6343293172,-15.7482860335,-0.014510573815)) ;
#11539=CARTESIAN_POINT('Control Point',(76.6343293172,-15.7482860335,-0.014510573815)) ;
#11540=CARTESIAN_POINT('Control Point',(76.6343293172,-15.617868988,-2.99204984896)) ;
#11541=CARTESIAN_POINT('Control Point',(76.6343293172,-14.7911163894,-5.85547941531)) ;
#11552=CARTESIAN_POINT('Control Point',(-23.9950393388,-10.2489173775,-0.0145105738173)) ;
#11553=CARTESIAN_POINT('Control Point',(-23.9950393388,-15.7482860335,-0.0145105738173)) ;
#11554=CARTESIAN_POINT('Control Point',(-18.4956706828,-15.7482860335,-0.0145105738173)) ;
#11555=CARTESIAN_POINT('Control Point',(-23.8646222933,-10.2489173775,-2.99204984896)) ;
#11556=CARTESIAN_POINT('Control Point',(-23.8646222933,-15.617868988,-2.99204984896)) ;
#11557=CARTESIAN_POINT('Control Point',(-18.4956706828,-15.617868988,-2.99204984896)) ;
#11558=CARTESIAN_POINT('Control Point',(-23.0378696946,-10.2489173775,-5.85547941531)) ;
#11559=CARTESIAN_POINT('Control Point',(-23.0378696946,-14.7911163894,-5.85547941531)) ;
#11560=CARTESIAN_POINT('Control Point',(-18.4956706828,-14.7911163894,-5.85547941531)) ;
#11562=CARTESIAN_POINT('Control Point',(-18.4956706828,-15.7482860335,-0.0145105738173)) ;
#11563=CARTESIAN_POINT('Control Point',(-18.4956706828,-15.617868988,-2.99204984896)) ;
#11564=CARTESIAN_POINT('Control Point',(-18.4956706828,-14.7911163894,-5.85547941531)) ;
#11565=CARTESIAN_POINT('Vertex',(-18.4956706836,-15.7482860335,-0.0145105738181)) ;
#11569=CARTESIAN_POINT('Control Point',(-23.9950393388,-10.2489255699,-0.0145105738173)) ;
#11570=CARTESIAN_POINT('Control Point',(-23.9950311464,-15.7482860335,-0.0145105738173)) ;
#11571=CARTESIAN_POINT('Control Point',(-18.4956706828,-15.7482860335,-0.0145105738173)) ;
#11572=CARTESIAN_POINT('Vertex',(-23.9950393388,-10.2489173775,-0.0145105738177)) ;
#11576=CARTESIAN_POINT('Control Point',(-23.9950393388,-10.2489173775,-0.0145105738173)) ;
#11577=CARTESIAN_POINT('Control Point',(-23.8646222933,-10.2489173775,-2.99204984896)) ;
#11578=CARTESIAN_POINT('Control Point',(-23.0378696946,-10.2489173775,-5.85547941531)) ;
#11588=CARTESIAN_POINT('Axis2P3D Location',(-16.8452021826,-10.2489173775,-0.716822833419)) ;
#11593=CARTESIAN_POINT('Line Origine',(-23.9941923036,-10.2489173766,0.0145970166285)) ;
#11606=CARTESIAN_POINT('Axis2P3D Location',(-18.4956706828,33.2306141222,-0.716822833419)) ;
#11611=CARTESIAN_POINT('Line Origine',(-18.4956706837,40.3796042432,0.0145970166208)) ;
#11624=CARTESIAN_POINT('Axis2P3D Location',(-18.4956706828,34.8810826225,-0.00575890923989)) ;
#11629=CARTESIAN_POINT('Axis2P3D Location',(-18.4956706828,34.8810826225,-0.00575890923989)) ;
#11634=CARTESIAN_POINT('Axis2P3D Location',(-23.7952309096,34.8810826225,-0.00575890923989)) ;
#11638=CARTESIAN_POINT('Vertex',(-23.9951462815,34.8810826225,5.86578793997E-005)) ;
#11641=CARTESIAN_POINT('Axis2P3D Location',(-23.7952309096,34.8810826225,-0.00575890923989)) ;
#11646=CARTESIAN_POINT('Axis2P3D Location',(-18.4956706828,40.1806428493,-0.00575890923989)) ;
#11650=CARTESIAN_POINT('Vertex',(-18.4956706828,40.3805582212,5.86578793717E-005)) ;
#11653=CARTESIAN_POINT('Axis2P3D Location',(-18.4956706828,40.1806428493,-0.00575890923989)) ;
#11668=CARTESIAN_POINT('Axis2P3D Location',(76.6343293172,-8.59844887727,-0.716822833419)) ;
#11673=CARTESIAN_POINT('Line Origine',(76.6343293171,-15.7474389983,0.0145970166279)) ;
#11686=CARTESIAN_POINT('Axis2P3D Location',(-18.4956706828,-10.2489173775,-0.00575890924226)) ;
#11691=CARTESIAN_POINT('Axis2P3D Location',(-18.4956706828,-10.2489173775,-0.00575890924226)) ;
#11696=CARTESIAN_POINT('Axis2P3D Location',(-18.4956706836,-15.5484776043,-0.00575890924226)) ;
#11700=CARTESIAN_POINT('Vertex',(-18.4956706836,-15.7483929762,5.8657879416E-005)) ;
#11703=CARTESIAN_POINT('Axis2P3D Location',(-18.4956706836,-15.5484776043,-0.00575890924226)) ;
#11708=CARTESIAN_POINT('Axis2P3D Location',(-23.7952309096,-10.2489173775,-0.00575890924226)) ;
#11712=CARTESIAN_POINT('Vertex',(-23.9951462815,-10.2489173775,5.86578793932E-005)) ;
#11715=CARTESIAN_POINT('Axis2P3D Location',(-23.7952309096,-10.2489173775,-0.00575890924226)) ;
#11730=CARTESIAN_POINT('Axis2P3D Location',(76.6343293172,-10.2489173775,-0.00575890923763)) ;
#11735=CARTESIAN_POINT('Axis2P3D Location',(76.6343293172,-10.2489173775,-0.00575890923763)) ;
#11739=CARTESIAN_POINT('Vertex',(82.133889544,-10.2489173775,-0.00575890923763)) ;
#11742=CARTESIAN_POINT('Axis2P3D Location',(81.933889544,-10.2489173775,-0.00575890923763)) ;
#11747=CARTESIAN_POINT('Axis2P3D Location',(76.6343293172,-15.5484776043,-0.00575890923763)) ;
#11760=CARTESIAN_POINT('Axis2P3D Location',(74.9838608169,34.8810826225,-0.716822833419)) ;
#11765=CARTESIAN_POINT('Line Origine',(82.1328509379,34.8810826223,0.0145970166208)) ;
#11778=CARTESIAN_POINT('Axis2P3D Location',(76.6343293172,34.8810826225,-0.00575890923763)) ;
#11783=CARTESIAN_POINT('Axis2P3D Location',(76.6343293172,34.8810826225,-0.00575890923763)) ;
#11787=CARTESIAN_POINT('Vertex',(76.6343293172,40.3806428493,-0.00575890923763)) ;
#11790=CARTESIAN_POINT('Axis2P3D Location',(76.6343293172,40.1806428493,-0.00575890923763)) ;
#11795=CARTESIAN_POINT('Axis2P3D Location',(81.933889544,34.8810826225,-0.00575890923763)) ;
#11808=CARTESIAN_POINT('Axis2P3D Location',(0.981014307361,-10.2489173775,1.07944749836)) ;
#11813=CARTESIAN_POINT('Line Origine',(-23.9950393388,-10.2489173766,-0.0145105738201)) ;
#11826=CARTESIAN_POINT('Axis2P3D Location',(-18.4956706828,34.8810826225,-0.00575890923989)) ;
#11837=CARTESIAN_POINT('Axis2P3D Location',(-18.4956706828,15.4043976323,1.07944749836)) ;
#11842=CARTESIAN_POINT('Line Origine',(-18.4956706837,40.3804512785,-0.014510573816)) ;
#11855=CARTESIAN_POINT('Axis2P3D Location',(57.157644327,34.8810826225,1.07944749836)) ;
#11860=CARTESIAN_POINT('Line Origine',(82.1336979732,34.8810826223,-0.0145105738159)) ;
#11873=CARTESIAN_POINT('Axis2P3D Location',(76.6343293172,34.8810826225,-0.00575890923763)) ;
#11878=CARTESIAN_POINT('Axis2P3D Location',(76.6343293172,40.1806428493,-0.00575890923763)) ;
#11890=CARTESIAN_POINT('Axis2P3D Location',(76.6343293172,9.22776761265,1.07944749836)) ;
#11895=CARTESIAN_POINT('Line Origine',(76.6343293171,-15.7482860335,-0.0145105738181)) ;
#11908=CARTESIAN_POINT('Axis2P3D Location',(76.6343293172,-10.2489173775,-0.00575890923763)) ;
#11913=CARTESIAN_POINT('Axis2P3D Location',(81.933889544,-10.2489173775,-0.00575890923763)) ;
#11925=CARTESIAN_POINT('Axis2P3D Location',(-18.4956706828,-10.2489173775,-0.00575890924226)) ;
#11936=CARTESIAN_POINT('Axis2P3D Location',(-23.7952309096,-10.2489173775,-0.00575890923987)) ;
#11941=CARTESIAN_POINT('Line Origine',(-23.9951462815,-10.2489173766,5.86578791912E-005)) ;
#11954=CARTESIAN_POINT('Axis2P3D Location',(-18.4956706828,40.1806428493,-0.0057589092399)) ;
#11959=CARTESIAN_POINT('Line Origine',(-18.4956706837,40.3805582212,5.86578791612E-005)) ;
#11972=CARTESIAN_POINT('Axis2P3D Location',(-23.7952309096,-10.2489173775,-0.00575890923987)) ;
#11985=CARTESIAN_POINT('Axis2P3D Location',(-18.4956706828,40.1806428493,-0.0057589092399)) ;
#11991=CARTESIAN_POINT('Control Point',(-18.4956706828,40.3805582212,5.86578784996E-005)) ;
#11992=CARTESIAN_POINT('Control Point',(13.2143293175,40.3806146359,-0.00187998405766)) ;
#11993=CARTESIAN_POINT('Control Point',(44.9243293177,40.3806428493,-0.00381944663607)) ;
#11994=CARTESIAN_POINT('Control Point',(76.634329318,40.3806428493,-0.00575890923763)) ;
#12004=CARTESIAN_POINT('Axis2P3D Location',(76.6343293172,-15.5484776044,-0.00575890923985)) ;
#12009=CARTESIAN_POINT('Line Origine',(76.6343293171,-15.7483929763,5.86578792112E-005)) ;
#12022=CARTESIAN_POINT('Axis2P3D Location',(76.6343293172,-15.5484776044,-0.00575890923985)) ;
#12034=CARTESIAN_POINT('Axis2P3D Location',(81.933889544,34.8810826225,-0.0057589092398)) ;
#12039=CARTESIAN_POINT('Line Origine',(82.1338049159,34.8810826223,5.86578792612E-005)) ;
#12052=CARTESIAN_POINT('Axis2P3D Location',(81.933889544,34.8810826225,-0.0057589092398)) ;
#12058=CARTESIAN_POINT('Control Point',(82.1338049159,34.8810826225,5.86578786003E-005)) ;
#12059=CARTESIAN_POINT('Control Point',(82.1338613306,19.8377492889,-0.0018799840576)) ;
#12060=CARTESIAN_POINT('Control Point',(82.133889544,4.79441595529,-0.00381944663604)) ;
#12061=CARTESIAN_POINT('Control Point',(82.133889544,-10.2489173783,-0.00575890923763)) ;
#12070=CARTESIAN_POINT('Axis2P3D Location',(-18.4956706828,40.1806428493,-0.0057589092399)) ;
#12081=CARTESIAN_POINT('Axis2P3D Location',(81.933889544,34.8810826225,-0.0057589092398)) ;
#12101=CARTESIAN_POINT('NONE',(0.,0.,0.)) ;
#12102=CARTESIAN_POINT('NONE',(29.1343293172,-11.9070826225,-80.)) ;
#12118=CARTESIAN_POINT('Axis2P3D Location',(-47.51,-22.5,0.1875)) ;
#12123=CARTESIAN_POINT('Axis2P3D Location',(-47.51,-22.5,0.750000000507)) ;
#12127=CARTESIAN_POINT('Vertex',(-50.3849999995,-22.5,0.750000000507)) ;
#12129=CARTESIAN_POINT('Vertex',(-44.6350000005,-22.5,0.750000000507)) ;
#12132=CARTESIAN_POINT('Line Origine',(-353602.056526,-22.5,353552.422161)) ;
#12136=CARTESIAN_POINT('Vertex',(-49.2600000005,-22.5,-0.375000000507)) ;
#12139=CARTESIAN_POINT('Axis2P3D Location',(-47.51,-22.5,-0.375000000507)) ;
#12143=CARTESIAN_POINT('Vertex',(-45.7599999995,-22.5,-0.375000000507)) ;
#12146=CARTESIAN_POINT('Line Origine',(353507.036526,-22.5,353552.422161)) ;
#12166=CARTESIAN_POINT('Axis2P3D Location',(-2.775558E-015,2.220446E-015,0.75)) ;
#12171=CARTESIAN_POINT('Line Origine',(0.,26.5,0.75)) ;
#12175=CARTESIAN_POINT('Vertex',(-47.5099999998,26.5,0.75)) ;
#12177=CARTESIAN_POINT('Vertex',(47.5099999998,26.5,0.75)) ;
#12181=CARTESIAN_POINT('Control Point',(-51.5,22.5099999998,0.75)) ;
#12182=CARTESIAN_POINT('Control Point',(-51.5,22.9014126036,0.75)) ;
#12183=CARTESIAN_POINT('Control Point',(-51.452003813,23.29282457,0.75)) ;
#12184=CARTESIAN_POINT('Control Point',(-51.3559846657,23.6764528764,0.75)) ;
#12185=CARTESIAN_POINT('Control Point',(-51.0718891357,24.4121984615,0.75)) ;
#12186=CARTESIAN_POINT('Control Point',(-50.6184463451,25.057502637,0.75)) ;
#12187=CARTESIAN_POINT('Control Point',(-50.3530309007,25.3506664121,0.75)) ;
#12188=CARTESIAN_POINT('Control Point',(-49.7558409665,25.8658324732,0.75)) ;
#12189=CARTESIAN_POINT('Control Point',(-49.0518755997,26.2214455466,0.75)) ;
#12190=CARTESIAN_POINT('Control Point',(-48.6796524192,26.3550128013,0.75)) ;
#12191=CARTESIAN_POINT('Control Point',(-48.2170820266,26.4590762558,0.75)) ;
#12192=CARTESIAN_POINT('Control Point',(-47.7476361128,26.4940984266,0.75)) ;
#12193=CARTESIAN_POINT('Control Point',(-47.6683863432,26.4980352248,0.75)) ;
#12194=CARTESIAN_POINT('Control Point',(-47.5891931703,26.5,0.75)) ;
#12195=CARTESIAN_POINT('Control Point',(-47.5099999998,26.5,0.75)) ;
#12196=CARTESIAN_POINT('Vertex',(-51.5,22.5099999998,0.75)) ;
#12199=CARTESIAN_POINT('Line Origine',(-51.5,3.5527136788E-015,0.75)) ;
#12203=CARTESIAN_POINT('Vertex',(-51.5,-22.5099999998,0.75)) ;
#12207=CARTESIAN_POINT('Control Point',(-47.5099999998,-26.5,0.75)) ;
#12208=CARTESIAN_POINT('Control Point',(-47.9014126033,-26.5,0.75)) ;
#12209=CARTESIAN_POINT('Control Point',(-48.2928245694,-26.4520038131,0.75)) ;
#12210=CARTESIAN_POINT('Control Point',(-48.6764528771,-26.3559846657,0.75)) ;
#12211=CARTESIAN_POINT('Control Point',(-49.4121984613,-26.0718891355,0.75)) ;
#12212=CARTESIAN_POINT('Control Point',(-50.0575026365,-25.6184463457,0.75)) ;
#12213=CARTESIAN_POINT('Control Point',(-50.3506664126,-25.3530309001,0.75)) ;
#12214=CARTESIAN_POINT('Control Point',(-50.8658324729,-24.7558409666,0.75)) ;
#12215=CARTESIAN_POINT('Control Point',(-51.2214455461,-24.0518756008,0.75)) ;
#12216=CARTESIAN_POINT('Control Point',(-51.355012802,-23.6796524181,0.75)) ;
#12217=CARTESIAN_POINT('Control Point',(-51.4590762558,-23.217082026,0.75)) ;
#12218=CARTESIAN_POINT('Control Point',(-51.4940984266,-22.7476361128,0.75)) ;
#12219=CARTESIAN_POINT('Control Point',(-51.4980352248,-22.6683863432,0.75)) ;
#12220=CARTESIAN_POINT('Control Point',(-51.5,-22.5891931703,0.75)) ;
#12221=CARTESIAN_POINT('Control Point',(-51.5,-22.5099999998,0.75)) ;
#12222=CARTESIAN_POINT('Vertex',(-47.5099999998,-26.5,0.75)) ;
#12225=CARTESIAN_POINT('Line Origine',(0.,-26.5,0.75)) ;
#12229=CARTESIAN_POINT('Vertex',(47.5099999998,-26.5,0.75)) ;
#12233=CARTESIAN_POINT('Control Point',(51.5,-22.5099999998,0.75)) ;
#12234=CARTESIAN_POINT('Control Point',(51.5,-22.9014126033,0.75)) ;
#12235=CARTESIAN_POINT('Control Point',(51.4520038131,-23.2928245693,0.75)) ;
#12236=CARTESIAN_POINT('Control Point',(51.3559846657,-23.6764528771,0.75)) ;
#12237=CARTESIAN_POINT('Control Point',(51.0718891354,-24.4121984615,0.75)) ;
#12238=CARTESIAN_POINT('Control Point',(50.6184463456,-25.0575026368,0.75)) ;
#12239=CARTESIAN_POINT('Control Point',(50.3530309003,-25.3506664124,0.75)) ;
#12240=CARTESIAN_POINT('Control Point',(49.7558409667,-25.865832473,0.75)) ;
#12241=CARTESIAN_POINT('Control Point',(49.0518756004,-26.2214455462,0.75)) ;
#12242=CARTESIAN_POINT('Control Point',(48.6796524186,-26.3550128018,0.75)) ;
#12243=CARTESIAN_POINT('Control Point',(48.2170820261,-26.4590762558,0.75)) ;
#12244=CARTESIAN_POINT('Control Point',(47.7476361128,-26.4940984266,0.75)) ;
#12245=CARTESIAN_POINT('Control Point',(47.6683863432,-26.4980352248,0.75)) ;
#12246=CARTESIAN_POINT('Control Point',(47.5891931703,-26.5,0.75)) ;
#12247=CARTESIAN_POINT('Control Point',(47.5099999998,-26.5,0.75)) ;
#12248=CARTESIAN_POINT('Vertex',(51.5,-22.5099999998,0.75)) ;
#12251=CARTESIAN_POINT('Line Origine',(51.5,3.5527136788E-015,0.75)) ;
#12255=CARTESIAN_POINT('Vertex',(51.5,22.5099999998,0.75)) ;
#12259=CARTESIAN_POINT('Control Point',(47.5099999998,26.5,0.75)) ;
#12260=CARTESIAN_POINT('Control Point',(47.9014126032,26.5,0.75)) ;
#12261=CARTESIAN_POINT('Control Point',(48.2928245693,26.4520038131,0.75)) ;
#12262=CARTESIAN_POINT('Control Point',(48.6764528771,26.3559846657,0.75)) ;
#12263=CARTESIAN_POINT('Control Point',(49.4121984614,26.0718891355,0.75)) ;
#12264=CARTESIAN_POINT('Control Point',(50.0575026365,25.6184463457,0.75)) ;
#12265=CARTESIAN_POINT('Control Point',(50.3506664126,25.3530309001,0.75)) ;
#12266=CARTESIAN_POINT('Control Point',(50.8658324736,24.7558409658,0.75)) ;
#12267=CARTESIAN_POINT('Control Point',(51.221445547,24.0518755989,0.75)) ;
#12268=CARTESIAN_POINT('Control Point',(51.3550128007,23.6796524201,0.75)) ;
#12269=CARTESIAN_POINT('Control Point',(51.4590762559,23.2170820271,0.75)) ;
#12270=CARTESIAN_POINT('Control Point',(51.4940984265,22.7476361128,0.75)) ;
#12271=CARTESIAN_POINT('Control Point',(51.4980352248,22.6683863432,0.75)) ;
#12272=CARTESIAN_POINT('Control Point',(51.5,22.5891931703,0.75)) ;
#12273=CARTESIAN_POINT('Control Point',(51.5,22.5099999998,0.75)) ;
#12286=CARTESIAN_POINT('Control Point',(-44.6349999998,-22.5,0.75)) ;
#12287=CARTESIAN_POINT('Control Point',(-44.6349999998,-22.8322402261,0.75)) ;
#12288=CARTESIAN_POINT('Control Point',(-44.6829928569,-23.1644795678,0.75)) ;
#12289=CARTESIAN_POINT('Control Point',(-44.7790289422,-23.4875737553,0.75)) ;
#12290=CARTESIAN_POINT('Control Point',(-45.0615814989,-24.0966007917,0.75)) ;
#12291=CARTESIAN_POINT('Control Point',(-45.5049352807,-24.6007660412,0.75)) ;
#12292=CARTESIAN_POINT('Control Point',(-45.7618598867,-24.8189460932,0.75)) ;
#12293=CARTESIAN_POINT('Control Point',(-46.3312008757,-25.1747560386,0.75)) ;
#12294=CARTESIAN_POINT('Control Point',(-46.9779578706,-25.3548964365,0.75)) ;
#12295=CARTESIAN_POINT('Control Point',(-47.312343001,-25.3973154034,0.75)) ;
#12296=CARTESIAN_POINT('Control Point',(-47.9835972843,-25.3843704427,0.75)) ;
#12297=CARTESIAN_POINT('Control Point',(-48.6237440001,-25.1819911974,0.75)) ;
#12298=CARTESIAN_POINT('Control Point',(-48.9270088586,-25.0348748957,0.75)) ;
#12299=CARTESIAN_POINT('Control Point',(-49.4822082356,-24.6573784848,0.75)) ;
#12300=CARTESIAN_POINT('Control Point',(-49.9078776496,-24.1381957345,0.75)) ;
#12301=CARTESIAN_POINT('Control Point',(-50.0815467477,-23.8493154405,0.75)) ;
#12302=CARTESIAN_POINT('Control Point',(-50.2673950911,-23.4045711434,0.75)) ;
#12303=CARTESIAN_POINT('Control Point',(-50.3574263667,-22.9351213701,0.75)) ;
#12304=CARTESIAN_POINT('Control Point',(-50.3758812916,-22.7896410352,0.75)) ;
#12305=CARTESIAN_POINT('Control Point',(-50.3849999998,-22.6448205103,0.75)) ;
#12306=CARTESIAN_POINT('Control Point',(-50.3849999998,-22.5,0.75)) ;
#12313=CARTESIAN_POINT('Control Point',(-44.6349999998,22.5,0.75)) ;
#12314=CARTESIAN_POINT('Control Point',(-44.6349999998,22.167759774,0.75)) ;
#12315=CARTESIAN_POINT('Control Point',(-44.6829928569,21.8355204323,0.75)) ;
#12316=CARTESIAN_POINT('Control Point',(-44.7790289422,21.5124262445,0.75)) ;
#12317=CARTESIAN_POINT('Control Point',(-45.061581499,20.9033992084,0.75)) ;
#12318=CARTESIAN_POINT('Control Point',(-45.5049352806,20.3992339588,0.75)) ;
#12319=CARTESIAN_POINT('Control Point',(-45.7618598868,20.1810539067,0.75)) ;
#12320=CARTESIAN_POINT('Control Point',(-46.3312008758,19.8252439614,0.75)) ;
#12321=CARTESIAN_POINT('Control Point',(-46.9779578706,19.6451035635,0.75)) ;
#12322=CARTESIAN_POINT('Control Point',(-47.312343001,19.6026845966,0.75)) ;
#12323=CARTESIAN_POINT('Control Point',(-47.9835972843,19.6156295573,0.75)) ;
#12324=CARTESIAN_POINT('Control Point',(-48.6237440002,19.8180088026,0.75)) ;
#12325=CARTESIAN_POINT('Control Point',(-48.9270088586,19.9651251043,0.75)) ;
#12326=CARTESIAN_POINT('Control Point',(-49.4822082358,20.3426215152,0.75)) ;
#12327=CARTESIAN_POINT('Control Point',(-49.9078776497,20.8618042657,0.75)) ;
#12328=CARTESIAN_POINT('Control Point',(-50.0815467476,21.1506845594,0.75)) ;
#12329=CARTESIAN_POINT('Control Point',(-50.2673950911,21.5954288565,0.75)) ;
#12330=CARTESIAN_POINT('Control Point',(-50.3574263667,22.0648786299,0.75)) ;
#12331=CARTESIAN_POINT('Control Point',(-50.3758812916,22.2103589648,0.75)) ;
#12332=CARTESIAN_POINT('Control Point',(-50.3849999998,22.3551794897,0.75)) ;
#12333=CARTESIAN_POINT('Control Point',(-50.3849999998,22.5,0.75)) ;
#12334=CARTESIAN_POINT('Vertex',(-44.6350000004,22.5,0.750000000605)) ;
#12336=CARTESIAN_POINT('Vertex',(-50.3849999994,22.5,0.750000000405)) ;
#12340=CARTESIAN_POINT('Control Point',(-50.3849999998,22.5,0.75)) ;
#12341=CARTESIAN_POINT('Control Point',(-50.3849999998,22.8322402292,0.75)) ;
#12342=CARTESIAN_POINT('Control Point',(-50.3370071417,23.164479574,0.75)) ;
#12343=CARTESIAN_POINT('Control Point',(-50.2409710586,23.4875737517,0.75)) ;
#12344=CARTESIAN_POINT('Control Point',(-49.9584185004,24.0966007919,0.75)) ;
#12345=CARTESIAN_POINT('Control Point',(-49.5150647156,24.600766044,0.75)) ;
#12346=CARTESIAN_POINT('Control Point',(-49.2581401143,24.8189460927,0.75)) ;
#12347=CARTESIAN_POINT('Control Point',(-48.6887991239,25.1747560388,0.75)) ;
#12348=CARTESIAN_POINT('Control Point',(-48.0420421275,25.3548964365,0.75)) ;
#12349=CARTESIAN_POINT('Control Point',(-47.7076569999,25.3973154034,0.75)) ;
#12350=CARTESIAN_POINT('Control Point',(-47.0364027164,25.3843704429,0.75)) ;
#12351=CARTESIAN_POINT('Control Point',(-46.3962560003,25.1819911976,0.75)) ;
#12352=CARTESIAN_POINT('Control Point',(-46.0929911403,25.0348748951,0.75)) ;
#12353=CARTESIAN_POINT('Control Point',(-45.5377917634,24.6573784843,0.75)) ;
#12354=CARTESIAN_POINT('Control Point',(-45.1121223495,24.1381957342,0.75)) ;
#12355=CARTESIAN_POINT('Control Point',(-44.9384532545,23.8493154426,0.75)) ;
#12356=CARTESIAN_POINT('Control Point',(-44.7526049104,23.404571145,0.75)) ;
#12357=CARTESIAN_POINT('Control Point',(-44.6625736343,22.9351213711,0.75)) ;
#12358=CARTESIAN_POINT('Control Point',(-44.6441187081,22.7896410361,0.75)) ;
#12359=CARTESIAN_POINT('Control Point',(-44.6349999998,22.6448205108,0.75)) ;
#12360=CARTESIAN_POINT('Control Point',(-44.6349999998,22.5,0.75)) ;
#12367=CARTESIAN_POINT('Control Point',(50.3849999998,22.5,0.75)) ;
#12368=CARTESIAN_POINT('Control Point',(50.3849999998,22.1677597707,0.75)) ;
#12369=CARTESIAN_POINT('Control Point',(50.3370071416,21.8355204257,0.75)) ;
#12370=CARTESIAN_POINT('Control Point',(50.2409710586,21.5124262485,0.75)) ;
#12371=CARTESIAN_POINT('Control Point',(49.9584185007,20.9033992082,0.75)) ;
#12372=CARTESIAN_POINT('Control Point',(49.5150647155,20.399233956,0.75)) ;
#12373=CARTESIAN_POINT('Control Point',(49.2581401144,20.1810539073,0.75)) ;
#12374=CARTESIAN_POINT('Control Point',(48.688799124,19.8252439613,0.75)) ;
#12375=CARTESIAN_POINT('Control Point',(48.0420421276,19.6451035635,0.75)) ;
#12376=CARTESIAN_POINT('Control Point',(47.7076569998,19.6026845965,0.75)) ;
#12377=CARTESIAN_POINT('Control Point',(47.0364027162,19.6156295571,0.75)) ;
#12378=CARTESIAN_POINT('Control Point',(46.396256,19.8180088024,0.75)) ;
#12379=CARTESIAN_POINT('Control Point',(46.0929911406,19.9651251048,0.75)) ;
#12380=CARTESIAN_POINT('Control Point',(45.5377917633,20.3426215156,0.75)) ;
#12381=CARTESIAN_POINT('Control Point',(45.1121223494,20.861804266,0.75)) ;
#12382=CARTESIAN_POINT('Control Point',(44.9384532546,21.1506845572,0.75)) ;
#12383=CARTESIAN_POINT('Control Point',(44.7526049104,21.5954288548,0.75)) ;
#12384=CARTESIAN_POINT('Control Point',(44.6625736343,22.0648786289,0.75)) ;
#12385=CARTESIAN_POINT('Control Point',(44.6441187081,22.2103589639,0.75)) ;
#12386=CARTESIAN_POINT('Control Point',(44.6349999998,22.3551794892,0.75)) ;
#12387=CARTESIAN_POINT('Control Point',(44.6349999998,22.5,0.75)) ;
#12388=CARTESIAN_POINT('Vertex',(50.3849999994,22.5,0.750000000405)) ;
#12390=CARTESIAN_POINT('Vertex',(44.6350000004,22.5,0.750000000605)) ;
#12394=CARTESIAN_POINT('Control Point',(44.6349999998,22.5,0.75)) ;
#12395=CARTESIAN_POINT('Control Point',(44.6349999998,22.832240226,0.75)) ;
#12396=CARTESIAN_POINT('Control Point',(44.6829928569,23.1644795676,0.75)) ;
#12397=CARTESIAN_POINT('Control Point',(44.7790289422,23.4875737555,0.75)) ;
#12398=CARTESIAN_POINT('Control Point',(45.061581499,24.0966007917,0.75)) ;
#12399=CARTESIAN_POINT('Control Point',(45.5049352806,24.6007660412,0.75)) ;
#12400=CARTESIAN_POINT('Control Point',(45.7618598868,24.8189460933,0.75)) ;
#12401=CARTESIAN_POINT('Control Point',(46.3312008758,25.1747560386,0.75)) ;
#12402=CARTESIAN_POINT('Control Point',(46.9779578707,25.3548964365,0.75)) ;
#12403=CARTESIAN_POINT('Control Point',(47.312343001,25.3973154034,0.75)) ;
#12404=CARTESIAN_POINT('Control Point',(47.9835972844,25.3843704427,0.75)) ;
#12405=CARTESIAN_POINT('Control Point',(48.6237440003,25.1819911974,0.75)) ;
#12406=CARTESIAN_POINT('Control Point',(48.9270088584,25.0348748958,0.75)) ;
#12407=CARTESIAN_POINT('Control Point',(49.4822082358,24.6573784848,0.75)) ;
#12408=CARTESIAN_POINT('Control Point',(49.9078776497,24.1381957342,0.75)) ;
#12409=CARTESIAN_POINT('Control Point',(50.0815467476,23.8493154408,0.75)) ;
#12410=CARTESIAN_POINT('Control Point',(50.2673950911,23.4045711436,0.75)) ;
#12411=CARTESIAN_POINT('Control Point',(50.3574263667,22.9351213701,0.75)) ;
#12412=CARTESIAN_POINT('Control Point',(50.3758812916,22.7896410352,0.75)) ;
#12413=CARTESIAN_POINT('Control Point',(50.3849999998,22.6448205103,0.75)) ;
#12414=CARTESIAN_POINT('Control Point',(50.3849999998,22.5,0.75)) ;
#12421=CARTESIAN_POINT('Control Point',(50.3849999998,-22.5,0.75)) ;
#12422=CARTESIAN_POINT('Control Point',(50.3849999998,-22.8322402292,0.75)) ;
#12423=CARTESIAN_POINT('Control Point',(50.3370071417,-23.1644795741,0.75)) ;
#12424=CARTESIAN_POINT('Control Point',(50.2409710586,-23.4875737516,0.75)) ;
#12425=CARTESIAN_POINT('Control Point',(49.9584185005,-24.0966007919,0.75)) ;
#12426=CARTESIAN_POINT('Control Point',(49.5150647155,-24.6007660441,0.75)) ;
#12427=CARTESIAN_POINT('Control Point',(49.2581401144,-24.8189460926,0.75)) ;
#12428=CARTESIAN_POINT('Control Point',(48.688799124,-25.1747560389,0.75)) ;
#12429=CARTESIAN_POINT('Control Point',(48.0420421273,-25.3548964365,0.75)) ;
#12430=CARTESIAN_POINT('Control Point',(47.707657,-25.3973154035,0.75)) ;
#12431=CARTESIAN_POINT('Control Point',(47.0364027164,-25.3843704429,0.75)) ;
#12432=CARTESIAN_POINT('Control Point',(46.3962560001,-25.1819911977,0.75)) ;
#12433=CARTESIAN_POINT('Control Point',(46.0929911404,-25.0348748951,0.75)) ;
#12434=CARTESIAN_POINT('Control Point',(45.5377917634,-24.6573784843,0.75)) ;
#12435=CARTESIAN_POINT('Control Point',(45.1121223495,-24.1381957342,0.75)) ;
#12436=CARTESIAN_POINT('Control Point',(44.9384532545,-23.8493154426,0.75)) ;
#12437=CARTESIAN_POINT('Control Point',(44.7526049104,-23.4045711451,0.75)) ;
#12438=CARTESIAN_POINT('Control Point',(44.6625736343,-22.9351213711,0.75)) ;
#12439=CARTESIAN_POINT('Control Point',(44.6441187081,-22.7896410361,0.75)) ;
#12440=CARTESIAN_POINT('Control Point',(44.6349999998,-22.6448205108,0.75)) ;
#12441=CARTESIAN_POINT('Control Point',(44.6349999998,-22.5,0.75)) ;
#12442=CARTESIAN_POINT('Vertex',(50.3849999994,-22.5,0.750000000405)) ;
#12444=CARTESIAN_POINT('Vertex',(44.6350000004,-22.5,0.750000000605)) ;
#12448=CARTESIAN_POINT('Control Point',(44.6349999998,-22.5,0.75)) ;
#12449=CARTESIAN_POINT('Control Point',(44.6349999998,-22.1677597741,0.75)) ;
#12450=CARTESIAN_POINT('Control Point',(44.6829928569,-21.8355204325,0.75)) ;
#12451=CARTESIAN_POINT('Control Point',(44.7790289422,-21.5124262443,0.75)) ;
#12452=CARTESIAN_POINT('Control Point',(45.0615814992,-20.9033992083,0.75)) ;
#12453=CARTESIAN_POINT('Control Point',(45.5049352805,-20.3992339588,0.75)) ;
#12454=CARTESIAN_POINT('Control Point',(45.7618598869,-20.1810539067,0.75)) ;
#12455=CARTESIAN_POINT('Control Point',(46.3312008758,-19.8252439613,0.75)) ;
#12456=CARTESIAN_POINT('Control Point',(46.9779578707,-19.6451035635,0.75)) ;
#12457=CARTESIAN_POINT('Control Point',(47.312343001,-19.6026845966,0.75)) ;
#12458=CARTESIAN_POINT('Control Point',(47.9835972842,-19.6156295573,0.75)) ;
#12459=CARTESIAN_POINT('Control Point',(48.623744,-19.8180088025,0.75)) ;
#12460=CARTESIAN_POINT('Control Point',(48.9270088587,-19.9651251043,0.75)) ;
#12461=CARTESIAN_POINT('Control Point',(49.4822082357,-20.3426215152,0.75)) ;
#12462=CARTESIAN_POINT('Control Point',(49.9078776496,-20.8618042656,0.75)) ;
#12463=CARTESIAN_POINT('Control Point',(50.0815467477,-21.1506845595,0.75)) ;
#12464=CARTESIAN_POINT('Control Point',(50.2673950911,-21.5954288566,0.75)) ;
#12465=CARTESIAN_POINT('Control Point',(50.3574263667,-22.0648786299,0.75)) ;
#12466=CARTESIAN_POINT('Control Point',(50.3758812916,-22.2103589648,0.75)) ;
#12467=CARTESIAN_POINT('Control Point',(50.3849999998,-22.3551794897,0.75)) ;
#12468=CARTESIAN_POINT('Control Point',(50.3849999998,-22.5,0.75)) ;
#12476=CARTESIAN_POINT('Axis2P3D Location',(-47.51,-22.5,0.1875)) ;
#12481=CARTESIAN_POINT('Axis2P3D Location',(-47.51,-22.5,-0.375000000507)) ;
#12494=CARTESIAN_POINT('Axis2P3D Location',(-47.51,-22.5,-115.095802686)) ;
#12500=CARTESIAN_POINT('Control Point',(-45.76,-22.5,-0.750000000754)) ;
#12501=CARTESIAN_POINT('Control Point',(-45.76,-21.9502212856,-0.75000000077)) ;
#12502=CARTESIAN_POINT('Control Point',(-45.9758975963,-21.4004425712,-0.750000000786)) ;
#12503=CARTESIAN_POINT('Control Point',(-46.4104425712,-20.9658975963,-0.750000000801)) ;
#12504=CARTESIAN_POINT('Control Point',(-47.51,-20.5341024037,-0.750000000833)) ;
#12505=CARTESIAN_POINT('Control Point',(-48.6095574288,-20.9658975963,-0.750000000864)) ;
#12506=CARTESIAN_POINT('Control Point',(-49.0441024037,-21.4004425712,-0.75000000088)) ;
#12507=CARTESIAN_POINT('Control Point',(-49.26,-21.9502212856,-0.750000000895)) ;
#12508=CARTESIAN_POINT('Control Point',(-49.26,-22.5,-0.750000000911)) ;
#12509=CARTESIAN_POINT('Vertex',(-45.76,-22.5,-0.750000000754)) ;
#12511=CARTESIAN_POINT('Vertex',(-49.2599999998,-22.5,-0.75)) ;
#12514=CARTESIAN_POINT('Line Origine',(-45.76,-22.5,-115.095802685)) ;
#12519=CARTESIAN_POINT('Line Origine',(-49.26,-22.5,-115.095802685)) ;
#12532=CARTESIAN_POINT('Axis2P3D Location',(0.,26.5,0.)) ;
#12537=CARTESIAN_POINT('Line Origine',(47.5099999998,26.5,0.)) ;
#12541=CARTESIAN_POINT('Vertex',(47.5099999998,26.5,-0.75)) ;
#12544=CARTESIAN_POINT('Line Origine',(0.,26.5,-0.75)) ;
#12548=CARTESIAN_POINT('Vertex',(-47.5099999998,26.5,-0.75)) ;
#12551=CARTESIAN_POINT('Line Origine',(-47.5099999998,26.5,0.)) ;
#12564=CARTESIAN_POINT('Axis2P3D Location',(-47.51,22.51,0.)) ;
#12569=CARTESIAN_POINT('Axis2P3D Location',(-47.51,22.51,-0.75)) ;
#12573=CARTESIAN_POINT('Vertex',(-51.5,22.5099999998,-0.75)) ;
#12576=CARTESIAN_POINT('Line Origine',(-51.5,22.5099999998,0.)) ;
#12589=CARTESIAN_POINT('Axis2P3D Location',(-51.5,0.,0.)) ;
#12594=CARTESIAN_POINT('Line Origine',(-51.5,0.,-0.75)) ;
#12598=CARTESIAN_POINT('Vertex',(-51.5,-22.5099999998,-0.75)) ;
#12601=CARTESIAN_POINT('Line Origine',(-51.5,-22.5099999998,0.)) ;
#12614=CARTESIAN_POINT('Axis2P3D Location',(-47.51,-22.51,0.)) ;
#12619=CARTESIAN_POINT('Axis2P3D Location',(-47.51,-22.51,-0.75)) ;
#12623=CARTESIAN_POINT('Vertex',(-47.5099999998,-26.5,-0.75)) ;
#12626=CARTESIAN_POINT('Line Origine',(-47.5099999998,-26.5,0.)) ;
#12639=CARTESIAN_POINT('Axis2P3D Location',(47.51,-26.5,0.)) ;
#12644=CARTESIAN_POINT('Line Origine',(2.23515428388E-010,-26.5,-0.75)) ;
#12648=CARTESIAN_POINT('Vertex',(47.51,-26.5,-0.75)) ;
#12651=CARTESIAN_POINT('Line Origine',(47.51,-26.5,0.)) ;
#12664=CARTESIAN_POINT('Axis2P3D Location',(47.51,-22.51,0.)) ;
#12669=CARTESIAN_POINT('Axis2P3D Location',(47.51,-22.51,-0.75)) ;
#12673=CARTESIAN_POINT('Vertex',(51.5,-22.5099999998,-0.75)) ;
#12676=CARTESIAN_POINT('Line Origine',(51.5,-22.5099999998,0.)) ;
#12689=CARTESIAN_POINT('Axis2P3D Location',(51.5,22.51,0.)) ;
#12694=CARTESIAN_POINT('Line Origine',(51.5,2.23518981102E-010,-0.75)) ;
#12698=CARTESIAN_POINT('Vertex',(51.5,22.51,-0.75)) ;
#12701=CARTESIAN_POINT('Line Origine',(51.5,22.51,0.)) ;
#12714=CARTESIAN_POINT('Axis2P3D Location',(47.51,22.51,0.)) ;
#12719=CARTESIAN_POINT('Axis2P3D Location',(47.51,22.51,-0.75)) ;
#12732=CARTESIAN_POINT('Axis2P3D Location',(-47.51,22.5,0.1875)) ;
#12737=CARTESIAN_POINT('Line Origine',(353507.036526,22.4999999999,353552.422161)) ;
#12741=CARTESIAN_POINT('Vertex',(-45.7599999995,22.5,-0.375000000507)) ;
#12744=CARTESIAN_POINT('Axis2P3D Location',(-47.51,22.5,-0.375000000507)) ;
#12748=CARTESIAN_POINT('Vertex',(-49.2600000005,22.5,-0.375000000507)) ;
#12751=CARTESIAN_POINT('Line Origine',(-353602.056526,22.5,353552.422161)) ;
#12764=CARTESIAN_POINT('Axis2P3D Location',(-47.51,22.5,0.1875)) ;
#12769=CARTESIAN_POINT('Axis2P3D Location',(-47.51,22.5,-0.375000000507)) ;
#12782=CARTESIAN_POINT('Axis2P3D Location',(47.51,22.5,0.1875)) ;
#12787=CARTESIAN_POINT('Line Origine',(353602.056526,22.4999999999,353552.422161)) ;
#12791=CARTESIAN_POINT('Vertex',(49.2600000005,22.5,-0.375000000507)) ;
#12794=CARTESIAN_POINT('Axis2P3D Location',(47.51,22.5,-0.375000000507)) ;
#12798=CARTESIAN_POINT('Vertex',(45.7599999995,22.5,-0.375000000507)) ;
#12801=CARTESIAN_POINT('Line Origine',(-353507.036526,22.5,353552.422161)) ;
#12814=CARTESIAN_POINT('Axis2P3D Location',(47.51,22.5,0.1875)) ;
#12819=CARTESIAN_POINT('Axis2P3D Location',(47.51,22.5,-0.375000000507)) ;
#12832=CARTESIAN_POINT('Axis2P3D Location',(47.51,-22.5,0.1875)) ;
#12837=CARTESIAN_POINT('Line Origine',(353602.056526,-22.5000000001,353552.422161)) ;
#12841=CARTESIAN_POINT('Vertex',(49.2600000005,-22.5,-0.375000000507)) ;
#12844=CARTESIAN_POINT('Axis2P3D Location',(47.51,-22.5,-0.375000000507)) ;
#12848=CARTESIAN_POINT('Vertex',(45.7599999995,-22.5,-0.375000000507)) ;
#12851=CARTESIAN_POINT('Line Origine',(-353507.036526,-22.5,353552.422161)) ;
#12864=CARTESIAN_POINT('Axis2P3D Location',(47.51,-22.5,0.1875)) ;
#12869=CARTESIAN_POINT('Axis2P3D Location',(47.51,-22.5,-0.375000000507)) ;
#12882=CARTESIAN_POINT('Axis2P3D Location',(-47.51,-22.5,-115.095802686)) ;
#12888=CARTESIAN_POINT('Control Point',(-49.26,-22.5,-0.750000000754)) ;
#12889=CARTESIAN_POINT('Control Point',(-49.26,-23.0497787144,-0.75000000077)) ;
#12890=CARTESIAN_POINT('Control Point',(-49.0441024037,-23.5995574288,-0.750000000786)) ;
#12891=CARTESIAN_POINT('Control Point',(-48.6095574288,-24.0341024037,-0.750000000801)) ;
#12892=CARTESIAN_POINT('Control Point',(-47.51,-24.4658975963,-0.750000000833)) ;
#12893=CARTESIAN_POINT('Control Point',(-46.4104425712,-24.0341024037,-0.750000000864)) ;
#12894=CARTESIAN_POINT('Control Point',(-45.9758975963,-23.5995574288,-0.75000000088)) ;
#12895=CARTESIAN_POINT('Control Point',(-45.76,-23.0497787144,-0.750000000895)) ;
#12896=CARTESIAN_POINT('Control Point',(-45.76,-22.5,-0.750000000911)) ;
#12906=CARTESIAN_POINT('Axis2P3D Location',(-2.220446E-015,1.526557E-015,-0.75)) ;
#12925=CARTESIAN_POINT('Axis2P3D Location',(-47.5099999998,22.5,-0.75)) ;
#12929=CARTESIAN_POINT('Vertex',(-49.2599999998,22.5,-0.75)) ;
#12931=CARTESIAN_POINT('Vertex',(-45.7599999998,22.5,-0.75)) ;
#12934=CARTESIAN_POINT('Axis2P3D Location',(-47.5099999998,22.5,-0.75)) ;
#12943=CARTESIAN_POINT('Axis2P3D Location',(47.5099999998,22.5,-0.75)) ;
#12947=CARTESIAN_POINT('Vertex',(45.7599999998,22.5,-0.75)) ;
#12949=CARTESIAN_POINT('Vertex',(49.2599999998,22.5,-0.75)) ;
#12952=CARTESIAN_POINT('Axis2P3D Location',(47.5099999998,22.5,-0.75)) ;
#12961=CARTESIAN_POINT('Axis2P3D Location',(47.5099999998,-22.5,-0.75)) ;
#12965=CARTESIAN_POINT('Vertex',(45.7599999998,-22.5,-0.75)) ;
#12967=CARTESIAN_POINT('Vertex',(49.2599999998,-22.5,-0.75)) ;
#12970=CARTESIAN_POINT('Axis2P3D Location',(47.5099999998,-22.5,-0.75)) ;
#12981=CARTESIAN_POINT('Axis2P3D Location',(-47.51,22.5,-115.095802686)) ;
#12986=CARTESIAN_POINT('Line Origine',(-49.26,22.5,-115.095802685)) ;
#12991=CARTESIAN_POINT('Line Origine',(-45.76,22.5,-115.095802685)) ;
#13004=CARTESIAN_POINT('Axis2P3D Location',(-47.51,22.5,-115.095802686)) ;
#13017=CARTESIAN_POINT('Axis2P3D Location',(47.51,22.5,-115.095802686)) ;
#13022=CARTESIAN_POINT('Line Origine',(45.76,22.5,-115.095802685)) ;
#13027=CARTESIAN_POINT('Line Origine',(49.26,22.5,-115.095802685)) ;
#13040=CARTESIAN_POINT('Axis2P3D Location',(47.51,22.5,-115.095802686)) ;
#13053=CARTESIAN_POINT('Axis2P3D Location',(47.51,-22.5,-115.095802686)) ;
#13058=CARTESIAN_POINT('Line Origine',(45.76,-22.5,-115.095802685)) ;
#13063=CARTESIAN_POINT('Line Origine',(49.26,-22.5,-115.095802685)) ;
#13076=CARTESIAN_POINT('Axis2P3D Location',(47.51,-22.5,-115.095802686)) ;
#13098=CARTESIAN_POINT('NONE',(0.,0.,0.)) ;
#13099=CARTESIAN_POINT('NONE',(-6.217249E-014,0.344,-82.15)) ;
#13115=CARTESIAN_POINT('Axis2P3D Location',(-0.5,-1.41421356237,0.)) ;
#13120=CARTESIAN_POINT('Line Origine',(-0.5,-0.544141088598,2.)) ;
#13124=CARTESIAN_POINT('Vertex',(-0.5,-0.588282177211,2.)) ;
#13126=CARTESIAN_POINT('Vertex',(-0.5,-0.499999999986,2.)) ;
#13130=CARTESIAN_POINT('Control Point',(-0.5,-0.588282177211,2.)) ;
#13131=CARTESIAN_POINT('Control Point',(-0.5,-0.70124977305,1.76350447887)) ;
#13132=CARTESIAN_POINT('Control Point',(-0.5,-0.824013066796,1.48269289855)) ;
#13133=CARTESIAN_POINT('Control Point',(-0.5,-0.954690529348,1.16654840323)) ;
#13134=CARTESIAN_POINT('Control Point',(-0.5,-1.12493271496,0.742338949172)) ;
#13135=CARTESIAN_POINT('Control Point',(-0.5,-1.29769302126,0.300629002051)) ;
#13136=CARTESIAN_POINT('Control Point',(-0.5,-1.33647110951,0.200994936283)) ;
#13137=CARTESIAN_POINT('Control Point',(-0.5,-1.37531394285,0.100763495325)) ;
#13138=CARTESIAN_POINT('Control Point',(-0.5,-1.41421356237,-5.55111512313E-017)) ;
#13139=CARTESIAN_POINT('Vertex',(-0.5,-1.41421356237,0.)) ;
#13142=CARTESIAN_POINT('Line Origine',(-0.5,-0.957106781178,0.)) ;
#13146=CARTESIAN_POINT('Vertex',(-0.5,-0.499999999986,0.)) ;
#13149=CARTESIAN_POINT('Line Origine',(-0.5,-0.499999999986,1.)) ;
#13169=CARTESIAN_POINT('Axis2P3D Location',(6.071532E-017,8.673617E-018,2.)) ;
#13174=CARTESIAN_POINT('Line Origine',(0.544141088612,0.5,2.)) ;
#13178=CARTESIAN_POINT('Vertex',(0.5,0.5,2.)) ;
#13180=CARTESIAN_POINT('Vertex',(0.588282177872,0.50000000055,2.00000000031)) ;
#13184=CARTESIAN_POINT('Control Point',(0.588282177225,0.5,2.)) ;
#13185=CARTESIAN_POINT('Control Point',(0.644635694727,0.43369646005,2.)) ;
#13186=CARTESIAN_POINT('Control Point',(0.691647572239,0.359454262832,2.)) ;
#13187=CARTESIAN_POINT('Control Point',(0.72783310466,0.2790035692,2.)) ;
#13188=CARTESIAN_POINT('Control Point',(0.758277374215,0.173469526095,2.)) ;
#13189=CARTESIAN_POINT('Control Point',(0.76975881185,0.0652471323727,2.)) ;
#13190=CARTESIAN_POINT('Control Point',(0.771293774078,0.0434923258226,2.)) ;
#13191=CARTESIAN_POINT('Control Point',(0.772059270509,0.0217462122703,2.)) ;
#13192=CARTESIAN_POINT('Control Point',(0.772059116513,1.56125109039E-017,2.)) ;
#13193=CARTESIAN_POINT('Vertex',(0.772059483737,9.45500175512E-017,2.00000013362)) ;
#13197=CARTESIAN_POINT('Control Point',(0.772059116513,-1.90819586156E-017,2.)) ;
#13198=CARTESIAN_POINT('Control Point',(0.772058654459,-0.0652475409044,2.)) ;
#13199=CARTESIAN_POINT('Control Point',(0.765165457932,-0.130495339496,2.)) ;
#13200=CARTESIAN_POINT('Control Point',(0.751390883887,-0.194656537014,2.)) ;
#13201=CARTESIAN_POINT('Control Point',(0.717358160154,-0.298450960703,2.)) ;
#13202=CARTESIAN_POINT('Control Point',(0.665791915899,-0.39449978355,2.)) ;
#13203=CARTESIAN_POINT('Control Point',(0.642226478469,-0.43181211499,2.)) ;
#13204=CARTESIAN_POINT('Control Point',(0.616418632896,-0.466895649192,2.)) ;
#13205=CARTESIAN_POINT('Control Point',(0.588282177225,-0.5,2.)) ;
#13206=CARTESIAN_POINT('Vertex',(0.588282177225,-0.5,2.)) ;
#13209=CARTESIAN_POINT('Line Origine',(0.544141088612,-0.5,2.)) ;
#13213=CARTESIAN_POINT('Vertex',(0.5,-0.5,2.)) ;
#13216=CARTESIAN_POINT('Line Origine',(0.5,-0.544141088612,2.)) ;
#13220=CARTESIAN_POINT('Vertex',(0.50000000055,-0.588282177872,2.00000000031)) ;
#13224=CARTESIAN_POINT('Control Point',(0.5,-0.588282177225,2.)) ;
#13225=CARTESIAN_POINT('Control Point',(0.434403724723,-0.644034567665,2.)) ;
#13226=CARTESIAN_POINT('Control Point',(0.361037253334,-0.690643551068,2.)) ;
#13227=CARTESIAN_POINT('Control Point',(0.281574625229,-0.726672354247,2.)) ;
#13228=CARTESIAN_POINT('Control Point',(0.114763175213,-0.775614186842,2.)) ;
#13229=CARTESIAN_POINT('Control Point',(-0.0590703521656,-0.777076037906,2.)) ;
#13230=CARTESIAN_POINT('Control Point',(-0.145560684252,-0.76560349458,2.)) ;
#13231=CARTESIAN_POINT('Control Point',(-0.273282753554,-0.729957633352,2.)) ;
#13232=CARTESIAN_POINT('Control Point',(-0.389855673092,-0.66870766451,2.)) ;
#13233=CARTESIAN_POINT('Control Point',(-0.428904464075,-0.644358895958,2.)) ;
#13234=CARTESIAN_POINT('Control Point',(-0.465525438919,-0.617583218809,2.)) ;
#13235=CARTESIAN_POINT('Control Point',(-0.5,-0.588282177225,2.)) ;
#13237=CARTESIAN_POINT('Line Origine',(-0.544141088612,-0.5,2.)) ;
#13241=CARTESIAN_POINT('Vertex',(-0.588282177872,-0.50000000055,2.00000000031)) ;
#13245=CARTESIAN_POINT('Control Point',(-0.588282177225,-0.5,2.)) ;
#13246=CARTESIAN_POINT('Control Point',(-0.644635694727,-0.43369646005,2.)) ;
#13247=CARTESIAN_POINT('Control Point',(-0.691647572239,-0.359454262831,2.)) ;
#13248=CARTESIAN_POINT('Control Point',(-0.72783310466,-0.279003569201,2.)) ;
#13249=CARTESIAN_POINT('Control Point',(-0.758277374215,-0.173469526096,2.)) ;
#13250=CARTESIAN_POINT('Control Point',(-0.76975881185,-0.0652471323727,2.)) ;
#13251=CARTESIAN_POINT('Control Point',(-0.771293774078,-0.0434923258226,2.)) ;
#13252=CARTESIAN_POINT('Control Point',(-0.772059270509,-0.0217462122703,2.)) ;
#13253=CARTESIAN_POINT('Control Point',(-0.772059116513,-4.68375342313E-017,2.)) ;
#13254=CARTESIAN_POINT('Vertex',(-0.772059483737,0.,2.00000013362)) ;
#13258=CARTESIAN_POINT('Control Point',(-0.772059116513,6.41847682313E-017,2.)) ;
#13259=CARTESIAN_POINT('Control Point',(-0.772058654459,0.0652475409046,2.)) ;
#13260=CARTESIAN_POINT('Control Point',(-0.765165457932,0.130495339496,2.)) ;
#13261=CARTESIAN_POINT('Control Point',(-0.751390883887,0.194656537014,2.)) ;
#13262=CARTESIAN_POINT('Control Point',(-0.717358160154,0.298450960702,2.)) ;
#13263=CARTESIAN_POINT('Control Point',(-0.665791915899,0.39449978355,2.)) ;
#13264=CARTESIAN_POINT('Control Point',(-0.642226478469,0.43181211499,2.)) ;
#13265=CARTESIAN_POINT('Control Point',(-0.616418632896,0.466895649192,2.)) ;
#13266=CARTESIAN_POINT('Control Point',(-0.588282177225,0.5,2.)) ;
#13267=CARTESIAN_POINT('Vertex',(-0.588282177225,0.5,2.)) ;
#13270=CARTESIAN_POINT('Line Origine',(-0.544141088612,0.5,2.)) ;
#13274=CARTESIAN_POINT('Vertex',(-0.5,0.5,2.)) ;
#13277=CARTESIAN_POINT('Line Origine',(-0.5,0.544141088612,2.)) ;
#13281=CARTESIAN_POINT('Vertex',(-0.50000000055,0.588282177872,2.00000000031)) ;
#13285=CARTESIAN_POINT('Control Point',(-0.5,0.588282177225,2.)) ;
#13286=CARTESIAN_POINT('Control Point',(-0.434403724723,0.644034567665,2.)) ;
#13287=CARTESIAN_POINT('Control Point',(-0.361037253333,0.690643551068,2.)) ;
#13288=CARTESIAN_POINT('Control Point',(-0.281574625229,0.726672354247,2.)) ;
#13289=CARTESIAN_POINT('Control Point',(-0.114763175213,0.775614186842,2.)) ;
#13290=CARTESIAN_POINT('Control Point',(0.0590703521654,0.777076037906,2.)) ;
#13291=CARTESIAN_POINT('Control Point',(0.145560684252,0.76560349458,2.)) ;
#13292=CARTESIAN_POINT('Control Point',(0.273282753554,0.729957633352,2.)) ;
#13293=CARTESIAN_POINT('Control Point',(0.389855673092,0.66870766451,2.)) ;
#13294=CARTESIAN_POINT('Control Point',(0.428904464075,0.644358895958,2.)) ;
#13295=CARTESIAN_POINT('Control Point',(0.465525438919,0.617583218809,2.)) ;
#13296=CARTESIAN_POINT('Control Point',(0.5,0.588282177225,2.)) ;
#13297=CARTESIAN_POINT('Vertex',(0.5,0.588282177225,2.)) ;
#13300=CARTESIAN_POINT('Line Origine',(0.5,0.544141088612,2.)) ;
#13323=CARTESIAN_POINT('Axis2P3D Location',(0.,0.,0.)) ;
#13329=CARTESIAN_POINT('Control Point',(0.500000000264,-0.885019006719,1.32842372371)) ;
#13330=CARTESIAN_POINT('Control Point',(0.500000000333,-0.786676961219,1.56366928836)) ;
#13331=CARTESIAN_POINT('Control Point',(0.499986846284,-0.710351609527,1.73792974125)) ;
#13332=CARTESIAN_POINT('Control Point',(0.500000000459,-0.645073104217,1.88110927222)) ;
#13333=CARTESIAN_POINT('Control Point',(0.500000000517,-0.588282177909,2.00000000029)) ;
#13334=CARTESIAN_POINT('Vertex',(0.500000000264,-0.885019006719,1.32842372371)) ;
#13338=CARTESIAN_POINT('Control Point',(0.500000000001,-1.41421356237,9.37805388901E-013)) ;
#13339=CARTESIAN_POINT('Control Point',(0.500000000069,-1.21794768608,0.508396636625)) ;
#13340=CARTESIAN_POINT('Control Point',(0.49991610808,-1.08517517744,0.842203575538)) ;
#13341=CARTESIAN_POINT('Control Point',(0.500000000202,-0.975715046005,1.11146829163)) ;
#13342=CARTESIAN_POINT('Control Point',(0.500000000264,-0.885019006719,1.32842372371)) ;
#13343=CARTESIAN_POINT('Vertex',(0.500000000001,-1.41421356237,0.)) ;
#13346=CARTESIAN_POINT('Axis2P3D Location',(0.,0.,0.)) ;
#13360=CARTESIAN_POINT('Axis2P3D Location',(0.,0.,0.)) ;
#13365=CARTESIAN_POINT('Axis2P3D Location',(-4.4408920985E-016,4.4408920985E-016,0.)) ;
#13369=CARTESIAN_POINT('Vertex',(2.75,2.0021124067E-015,0.)) ;
#13371=CARTESIAN_POINT('Vertex',(-2.75,-4.93038065763E-032,0.)) ;
#13374=CARTESIAN_POINT('Axis2P3D Location',(4.4408920985E-016,-4.4408920985E-016,0.)) ;
#13383=CARTESIAN_POINT('Line Origine',(0.957106781192,0.5,0.)) ;
#13387=CARTESIAN_POINT('Vertex',(1.41421342691,0.499999952104,3.94761582615E-007)) ;
#13389=CARTESIAN_POINT('Vertex',(0.5,0.5,0.)) ;
#13392=CARTESIAN_POINT('Line Origine',(0.5,0.957106781192,0.)) ;
#13396=CARTESIAN_POINT('Vertex',(0.5,1.41421356238,0.)) ;
#13400=CARTESIAN_POINT('Control Point',(0.5,1.41421356238,0.)) ;
#13401=CARTESIAN_POINT('Control Point',(0.34622653019,1.46858069402,0.)) ;
#13402=CARTESIAN_POINT('Control Point',(0.185064335684,1.50204700737,0.)) ;
#13403=CARTESIAN_POINT('Control Point',(0.0202573055701,1.51326953317,0.)) ;
#13404=CARTESIAN_POINT('Control Point',(-0.185002143149,1.49913100756,0.)) ;
#13405=CARTESIAN_POINT('Control Point',(-0.383248258122,1.45107403194,0.)) ;
#13406=CARTESIAN_POINT('Control Point',(-0.422663617086,1.44008698965,0.)) ;
#13407=CARTESIAN_POINT('Control Point',(-0.461562659395,1.42780321449,0.)) ;
#13408=CARTESIAN_POINT('Control Point',(-0.5,1.41421356238,0.)) ;
#13409=CARTESIAN_POINT('Vertex',(-0.499999999998,1.41421356237,-2.09237907059E-012)) ;
#13412=CARTESIAN_POINT('Line Origine',(-0.5,0.957106781192,0.)) ;
#13416=CARTESIAN_POINT('Vertex',(-0.5,0.5,0.)) ;
#13419=CARTESIAN_POINT('Line Origine',(-0.957106781192,0.5,0.)) ;
#13423=CARTESIAN_POINT('Vertex',(-1.41421356238,0.5,0.)) ;
#13427=CARTESIAN_POINT('Control Point',(-1.41421356238,0.5,0.)) ;
#13428=CARTESIAN_POINT('Control Point',(-1.44819676127,0.403880998494,0.)) ;
#13429=CARTESIAN_POINT('Control Point',(-1.47401377989,0.304875140745,0.)) ;
#13430=CARTESIAN_POINT('Control Point',(-1.49133656587,0.203902035993,0.)) ;
#13431=CARTESIAN_POINT('Control Point',(-1.49999827743,0.101950930991,0.)) ;
#13432=CARTESIAN_POINT('Control Point',(-1.49999877252,0.,0.)) ;
#13433=CARTESIAN_POINT('Vertex',(-1.5,0.,-2.09237907059E-012)) ;
#13437=CARTESIAN_POINT('Control Point',(-1.49999877252,5.55111512313E-017,0.)) ;
#13438=CARTESIAN_POINT('Control Point',(-1.49999926761,-0.101952076802,0.)) ;
#13439=CARTESIAN_POINT('Control Point',(-1.49133835132,-0.20390357202,0.)) ;
#13440=CARTESIAN_POINT('Control Point',(-1.47401445246,-0.30487259215,0.)) ;
#13441=CARTESIAN_POINT('Control Point',(-1.44819714392,-0.403879916236,0.)) ;
#13442=CARTESIAN_POINT('Control Point',(-1.41421356238,-0.5,0.)) ;
#13443=CARTESIAN_POINT('Vertex',(-1.41421342691,-0.499999952104,3.94761582615E-007)) ;
#13446=CARTESIAN_POINT('Line Origine',(-0.957106781192,-0.5,0.)) ;
#13451=CARTESIAN_POINT('Line Origine',(0.5,-0.957106781192,0.)) ;
#13455=CARTESIAN_POINT('Vertex',(0.5,-0.5,0.)) ;
#13458=CARTESIAN_POINT('Line Origine',(0.957106781192,-0.5,0.)) ;
#13462=CARTESIAN_POINT('Vertex',(1.41421356238,-0.5,0.)) ;
#13466=CARTESIAN_POINT('Control Point',(1.41421356238,-0.5,0.)) ;
#13467=CARTESIAN_POINT('Control Point',(1.44819676127,-0.403880998494,0.)) ;
#13468=CARTESIAN_POINT('Control Point',(1.47401377989,-0.304875140744,0.)) ;
#13469=CARTESIAN_POINT('Control Point',(1.49133656587,-0.203902035993,0.)) ;
#13470=CARTESIAN_POINT('Control Point',(1.49999827743,-0.101950930991,0.)) ;
#13471=CARTESIAN_POINT('Control Point',(1.49999877252,1.11022302463E-016,0.)) ;
#13472=CARTESIAN_POINT('Vertex',(1.5,1.83697019873E-016,-2.09237907059E-012)) ;
#13476=CARTESIAN_POINT('Control Point',(1.49999877252,-1.66533453694E-016,0.)) ;
#13477=CARTESIAN_POINT('Control Point',(1.49999926761,0.101952076802,0.)) ;
#13478=CARTESIAN_POINT('Control Point',(1.49133835132,0.20390357202,0.)) ;
#13479=CARTESIAN_POINT('Control Point',(1.47401445246,0.30487259215,0.)) ;
#13480=CARTESIAN_POINT('Control Point',(1.44819714392,0.403879916236,0.)) ;
#13481=CARTESIAN_POINT('Control Point',(1.41421356238,0.5,0.)) ;
#13501=CARTESIAN_POINT('Axis2P3D Location',(-0.5,-0.5,0.)) ;
#13507=CARTESIAN_POINT('Control Point',(-1.41421356238,-0.5,-2.22044604925E-016)) ;
#13508=CARTESIAN_POINT('Control Point',(-1.30566274504,-0.5,0.28118423549)) ;
#13509=CARTESIAN_POINT('Control Point',(-1.1977881668,-0.5,0.557619074291)) ;
#13510=CARTESIAN_POINT('Control Point',(-1.09066251571,-0.5,0.828176080505)) ;
#13511=CARTESIAN_POINT('Control Point',(-0.985932186325,-0.5,1.08702770729)) ;
#13512=CARTESIAN_POINT('Control Point',(-0.885019006208,-0.5,1.32842372358)) ;
#13513=CARTESIAN_POINT('Vertex',(-0.885019006208,-0.5,1.32842372358)) ;
#13517=CARTESIAN_POINT('Control Point',(-0.885019006208,-0.5,1.32842372358)) ;
#13518=CARTESIAN_POINT('Control Point',(-0.823623631431,-0.5,1.47528857188)) ;
#13519=CARTESIAN_POINT('Control Point',(-0.762918710646,-0.5,1.61742035453)) ;
#13520=CARTESIAN_POINT('Control Point',(-0.703127250892,-0.5,1.75361370368)) ;
#13521=CARTESIAN_POINT('Control Point',(-0.644804421022,-0.5,1.88167175371)) ;
#13522=CARTESIAN_POINT('Control Point',(-0.588282177225,-0.5,2.)) ;
#13533=CARTESIAN_POINT('Axis2P3D Location',(0.5,0.5,0.)) ;
#13538=CARTESIAN_POINT('Line Origine',(0.5,0.5,1.)) ;
#13544=CARTESIAN_POINT('Control Point',(1.41421356238,0.5,0.)) ;
#13545=CARTESIAN_POINT('Control Point',(1.30566274522,0.5,0.281184235036)) ;
#13546=CARTESIAN_POINT('Control Point',(1.19778816716,0.5,0.55761907338)) ;
#13547=CARTESIAN_POINT('Control Point',(1.09066251528,0.5,0.828176081549)) ;
#13548=CARTESIAN_POINT('Control Point',(0.985932186113,0.5,1.0870277078)) ;
#13549=CARTESIAN_POINT('Control Point',(0.885019006208,0.5,1.32842372358)) ;
#13550=CARTESIAN_POINT('Vertex',(0.885019006208,0.5,1.32842372358)) ;
#13554=CARTESIAN_POINT('Control Point',(0.885019006208,0.5,1.32842372358)) ;
#13555=CARTESIAN_POINT('Control Point',(0.823623631431,0.5,1.47528857188)) ;
#13556=CARTESIAN_POINT('Control Point',(0.762918710646,0.5,1.61742035453)) ;
#13557=CARTESIAN_POINT('Control Point',(0.703127250892,0.5,1.75361370368)) ;
#13558=CARTESIAN_POINT('Control Point',(0.644804421022,0.5,1.88167175371)) ;
#13559=CARTESIAN_POINT('Control Point',(0.588282177225,0.5,2.)) ;
#13570=CARTESIAN_POINT('Axis2P3D Location',(0.,0.,0.)) ;
#13575=CARTESIAN_POINT('Line Origine',(171010.821475,2.09427855139E-011,-469844.249853)) ;
#13589=CARTESIAN_POINT('Axis2P3D Location',(0.,0.,0.)) ;
#13595=CARTESIAN_POINT('Control Point',(0.588282177909,-0.500000000517,2.00000000029)) ;
#13596=CARTESIAN_POINT('Control Point',(0.65840190053,-0.500000000443,1.85320568972)) ;
#13597=CARTESIAN_POINT('Control Point',(0.740641218894,-0.500000033146,1.67186616044)) ;
#13598=CARTESIAN_POINT('Control Point',(0.837253359555,-0.499997218795,1.44819135107)) ;
#13599=CARTESIAN_POINT('Control Point',(0.989214634099,-0.500000543077,1.08418667058)) ;
#13600=CARTESIAN_POINT('Control Point',(1.23556405652,-0.499999895783,0.459680950076)) ;
#13601=CARTESIAN_POINT('Control Point',(1.2893534022,-0.499999980691,0.322330518647)) ;
#13602=CARTESIAN_POINT('Control Point',(1.34843920882,-0.500000000022,0.170378370156)) ;
#13603=CARTESIAN_POINT('Control Point',(1.41421356237,-0.500000000001,9.3730578854E-013)) ;
#13613=CARTESIAN_POINT('Axis2P3D Location',(1.41421356237,-0.5,0.)) ;
#13618=CARTESIAN_POINT('Line Origine',(0.499999999986,-0.5,1.)) ;
#13631=CARTESIAN_POINT('Axis2P3D Location',(0.5,-0.5,0.)) ;
#13645=CARTESIAN_POINT('Axis2P3D Location',(0.,0.,0.)) ;
#13650=CARTESIAN_POINT('Line Origine',(-171010.821475,-4.18855710279E-011,-469844.249853)) ;
#13664=CARTESIAN_POINT('Axis2P3D Location',(0.,0.,0.)) ;
#13670=CARTESIAN_POINT('Control Point',(-0.588282177909,0.500000000517,2.00000000029)) ;
#13671=CARTESIAN_POINT('Control Point',(-0.658401900527,0.500000000443,1.85320568973)) ;
#13672=CARTESIAN_POINT('Control Point',(-0.740641218882,0.500000033143,1.67186616048)) ;
#13673=CARTESIAN_POINT('Control Point',(-0.837253359565,0.499997218791,1.44819135106)) ;
#13674=CARTESIAN_POINT('Control Point',(-0.989214634114,0.500000543076,1.08418667054)) ;
#13675=CARTESIAN_POINT('Control Point',(-1.23556405653,0.499999895783,0.459680950061)) ;
#13676=CARTESIAN_POINT('Control Point',(-1.2893534022,0.499999980691,0.322330518636)) ;
#13677=CARTESIAN_POINT('Control Point',(-1.34843920883,0.500000000022,0.170378370149)) ;
#13678=CARTESIAN_POINT('Control Point',(-1.41421356237,0.500000000001,9.38138455808E-013)) ;
#13688=CARTESIAN_POINT('Axis2P3D Location',(-1.41421356237,0.5,0.)) ;
#13693=CARTESIAN_POINT('Line Origine',(-0.499999999986,0.5,1.)) ;
#13706=CARTESIAN_POINT('Axis2P3D Location',(-0.5,0.5,0.)) ;
#13712=CARTESIAN_POINT('Control Point',(-0.5,1.41421356238,0.)) ;
#13713=CARTESIAN_POINT('Control Point',(-0.5,1.30566274522,0.281184235036)) ;
#13714=CARTESIAN_POINT('Control Point',(-0.5,1.19778816716,0.55761907338)) ;
#13715=CARTESIAN_POINT('Control Point',(-0.5,1.09066251528,0.828176081549)) ;
#13716=CARTESIAN_POINT('Control Point',(-0.5,0.985932186113,1.0870277078)) ;
#13717=CARTESIAN_POINT('Control Point',(-0.5,0.885019006208,1.32842372358)) ;
#13718=CARTESIAN_POINT('Vertex',(-0.5,0.885019006208,1.32842372358)) ;
#13722=CARTESIAN_POINT('Control Point',(-0.5,0.885019006208,1.32842372358)) ;
#13723=CARTESIAN_POINT('Control Point',(-0.5,0.823623631431,1.47528857188)) ;
#13724=CARTESIAN_POINT('Control Point',(-0.5,0.762918710646,1.61742035453)) ;
#13725=CARTESIAN_POINT('Control Point',(-0.5,0.703127250892,1.75361370368)) ;
#13726=CARTESIAN_POINT('Control Point',(-0.5,0.644804421022,1.88167175371)) ;
#13727=CARTESIAN_POINT('Control Point',(-0.5,0.588282177225,2.)) ;
#13738=CARTESIAN_POINT('Axis2P3D Location',(0.,0.,0.)) ;
#13744=CARTESIAN_POINT('Control Point',(0.500000000517,0.588282177909,2.00000000029)) ;
#13745=CARTESIAN_POINT('Control Point',(0.500000000443,0.658401899161,1.85320569258)) ;
#13746=CARTESIAN_POINT('Control Point',(0.500000033145,0.74064121568,1.67186616753)) ;
#13747=CARTESIAN_POINT('Control Point',(0.499997218815,0.837253367698,1.44819133167)) ;
#13748=CARTESIAN_POINT('Control Point',(0.500000543072,0.989214641422,1.08418665231)) ;
#13749=CARTESIAN_POINT('Control Point',(0.499999895784,1.23556406043,0.459680940099)) ;
#13750=CARTESIAN_POINT('Control Point',(0.499999980695,1.28935340506,0.322330511266)) ;
#13751=CARTESIAN_POINT('Control Point',(0.500000000022,1.34843921042,0.170378366032)) ;
#13752=CARTESIAN_POINT('Control Point',(0.500000000001,1.41421356237,9.37361299691E-013)) ;
#13763=CARTESIAN_POINT('Axis2P3D Location',(0.5,1.41421356237,0.)) ;
#13776=CARTESIAN_POINT('Axis2P3D Location',(0.,0.,0.)) ;
#13781=CARTESIAN_POINT('Line Origine',(-328030.889187,-8.03443956929E-011,-377353.208623)) ;
#13785=CARTESIAN_POINT('Vertex',(-1.75000000094,-1.20578249759E-015,1.15036840804)) ;
#13788=CARTESIAN_POINT('Line Origine',(328030.889187,4.01721978465E-011,-377353.208623)) ;
#13792=CARTESIAN_POINT('Vertex',(1.75000000087,2.14313189957E-016,1.15036840812)) ;
#13795=CARTESIAN_POINT('Axis2P3D Location',(0.,0.,1.15036840804)) ;
#13808=CARTESIAN_POINT('Axis2P3D Location',(0.,0.,0.)) ;
#13813=CARTESIAN_POINT('Axis2P3D Location',(0.,0.,1.15036840804)) ;
#13826=CARTESIAN_POINT('Axis2P3D Location',(0.,0.,0.)) ;
#13831=CARTESIAN_POINT('Line Origine',(1.75,-4.28626379702E-016,0.)) ;
#13835=CARTESIAN_POINT('Vertex',(1.75,-4.28626379702E-016,7.5)) ;
#13839=CARTESIAN_POINT('Control Point',(-1.75,0.,7.5)) ;
#13840=CARTESIAN_POINT('Control Point',(-1.75,-0.549778714378,7.50000000002)) ;
#13841=CARTESIAN_POINT('Control Point',(-1.53410240373,-1.09955742876,7.50000000004)) ;
#13842=CARTESIAN_POINT('Control Point',(-1.09955742876,-1.53410240373,7.50000000007)) ;
#13843=CARTESIAN_POINT('Control Point',(-5.83770069322E-016,-1.96589759627,7.50000000011)) ;
#13844=CARTESIAN_POINT('Control Point',(1.09955742876,-1.53410240373,7.50000000015)) ;
#13845=CARTESIAN_POINT('Control Point',(1.53410240373,-1.09955742876,7.50000000018)) ;
#13846=CARTESIAN_POINT('Control Point',(1.75,-0.549778714378,7.5000000002)) ;
#13847=CARTESIAN_POINT('Control Point',(1.75,-4.4408920985E-016,7.50000000022)) ;
#13848=CARTESIAN_POINT('Vertex',(-1.74999999978,-2.14313189823E-016,7.49999999978)) ;
#13851=CARTESIAN_POINT('Line Origine',(-1.75,2.14313189851E-016,0.)) ;
#13864=CARTESIAN_POINT('Axis2P3D Location',(0.,0.,0.)) ;
#13870=CARTESIAN_POINT('Control Point',(1.75,0.,7.5)) ;
#13871=CARTESIAN_POINT('Control Point',(1.75,0.549778714378,7.50000000002)) ;
#13872=CARTESIAN_POINT('Control Point',(1.53410240373,1.09955742876,7.50000000004)) ;
#13873=CARTESIAN_POINT('Control Point',(1.09955742876,1.53410240373,7.50000000007)) ;
#13874=CARTESIAN_POINT('Control Point',(1.16754013864E-015,1.96589759627,7.50000000011)) ;
#13875=CARTESIAN_POINT('Control Point',(-1.09955742876,1.53410240373,7.50000000015)) ;
#13876=CARTESIAN_POINT('Control Point',(-1.53410240373,1.09955742876,7.50000000018)) ;
#13877=CARTESIAN_POINT('Control Point',(-1.75,0.549778714378,7.5000000002)) ;
#13878=CARTESIAN_POINT('Control Point',(-1.75,4.4408920985E-016,7.50000000022)) ;
#13888=CARTESIAN_POINT('Axis2P3D Location',(0.,0.,7.75)) ;
#13893=CARTESIAN_POINT('Line Origine',(-353554.140276,-4.32978946214E-011,-353544.890911)) ;
#13897=CARTESIAN_POINT('Vertex',(-1.25000000022,-1.53080849921E-016,8.00000000022)) ;
#13900=CARTESIAN_POINT('Line Origine',(353554.140276,0.,-353544.890911)) ;
#13904=CARTESIAN_POINT('Vertex',(1.25000000022,0.,8.00000000022)) ;
#13907=CARTESIAN_POINT('Axis2P3D Location',(0.,0.,8.00000000022)) ;
#13920=CARTESIAN_POINT('Axis2P3D Location',(0.,0.,7.75)) ;
#13925=CARTESIAN_POINT('Axis2P3D Location',(0.,0.,8.00000000022)) ;
#13938=CARTESIAN_POINT('Axis2P3D Location',(0.,0.,8.)) ;
#13958=CARTESIAN_POINT('NONE',(0.,0.,0.)) ;
#13959=CARTESIAN_POINT('NONE',(-47.51,22.844,-82.9253684072)) ;
#13971=CARTESIAN_POINT('NONE',(0.,0.,0.)) ;
#13972=CARTESIAN_POINT('NONE',(-47.51,-22.156,-82.9253684072)) ;
#13984=CARTESIAN_POINT('NONE',(0.,0.,0.)) ;
#13985=CARTESIAN_POINT('NONE',(47.51,22.844,-82.9253684072)) ;
#13997=CARTESIAN_POINT('NONE',(0.,0.,0.)) ;
#13998=CARTESIAN_POINT('NONE',(47.51,-22.156,-82.9253684072)) ;
#49=DIRECTION('Axis2P3D Direction',(0.,0.,-1.)) ;
#50=DIRECTION('Axis2P3D XDirection',(0.486210159886,-0.873841908141,0.)) ;
#54=DIRECTION('Axis2P3D Direction',(0.,0.,-1.)) ;
#63=DIRECTION('Vector Direction',(0.,0.,-1.)) ;
#70=DIRECTION('Axis2P3D Direction',(0.,0.,-1.)) ;
#77=DIRECTION('Vector Direction',(0.,0.,-1.)) ;
#97=DIRECTION('Axis2P3D Direction',(0.,0.,1.)) ;
#98=DIRECTION('Axis2P3D XDirection',(1.,0.,0.)) ;
#142=DIRECTION('Axis2P3D Direction',(0.,0.,1.)) ;
#149=DIRECTION('Axis2P3D Direction',(0.,0.,1.)) ;
#156=DIRECTION('Axis2P3D Direction',(0.,0.,1.)) ;
#179=DIRECTION('Axis2P3D Direction',(0.,0.,1.)) ;
#184=DIRECTION('Axis2P3D Direction',(0.,0.,1.)) ;
#207=DIRECTION('Axis2P3D Direction',(0.,0.,1.)) ;
#214=DIRECTION('Axis2P3D Direction',(0.,0.,1.)) ;
#221=DIRECTION('Axis2P3D Direction',(0.,0.,1.)) ;
#244=DIRECTION('Vector Direction',(0.707106781187,-0.707106781187,0.)) ;
#270=DIRECTION('Axis2P3D Direction',(0.,0.,1.)) ;
#277=DIRECTION('Vector Direction',(-1.,0.,0.)) ;
#284=DIRECTION('Vector Direction',(0.,-1.,0.)) ;
#291=DIRECTION('Vector Direction',(1.,0.,0.)) ;
#298=DIRECTION('Vector Direction',(0.,-1.,0.)) ;
#305=DIRECTION('Vector Direction',(-1.,0.,0.)) ;
#312=DIRECTION('Vector Direction',(0.,-1.,0.)) ;
#319=DIRECTION('Vector Direction',(1.,0.,0.)) ;
#326=DIRECTION('Vector Direction',(0.,-1.,0.)) ;
#333=DIRECTION('Vector Direction',(-1.,0.,0.)) ;
#340=DIRECTION('Vector Direction',(0.,-1.,0.)) ;
#347=DIRECTION('Vector Direction',(1.,0.,0.)) ;
#354=DIRECTION('Vector Direction',(0.,-1.,0.)) ;
#361=DIRECTION('Vector Direction',(-1.,0.,0.)) ;
#368=DIRECTION('Vector Direction',(0.,-1.,0.)) ;
#375=DIRECTION('Vector Direction',(1.,0.,0.)) ;
#382=DIRECTION('Vector Direction',(0.,-1.,0.)) ;
#389=DIRECTION('Vector Direction',(-1.,0.,0.)) ;
#396=DIRECTION('Vector Direction',(0.,-1.,0.)) ;
#403=DIRECTION('Vector Direction',(1.,0.,0.)) ;
#410=DIRECTION('Vector Direction',(0.,-1.,0.)) ;
#417=DIRECTION('Vector Direction',(-1.,0.,0.)) ;
#424=DIRECTION('Vector Direction',(0.,-1.,0.)) ;
#431=DIRECTION('Vector Direction',(1.,0.,0.)) ;
#438=DIRECTION('Vector Direction',(0.,-1.,0.)) ;
#445=DIRECTION('Vector Direction',(-1.,0.,0.)) ;
#452=DIRECTION('Vector Direction',(0.,-1.,0.)) ;
#459=DIRECTION('Vector Direction',(1.,0.,0.)) ;
#466=DIRECTION('Vector Direction',(0.,-1.,0.)) ;
#473=DIRECTION('Vector Direction',(-1.,0.,0.)) ;
#480=DIRECTION('Vector Direction',(0.,-1.,0.)) ;
#487=DIRECTION('Vector Direction',(1.,0.,0.)) ;
#494=DIRECTION('Vector Direction',(0.,-1.,0.)) ;
#501=DIRECTION('Vector Direction',(-1.,0.,0.)) ;
#508=DIRECTION('Vector Direction',(0.,-1.,0.)) ;
#515=DIRECTION('Vector Direction',(1.,0.,0.)) ;
#522=DIRECTION('Vector Direction',(0.,-1.,0.)) ;
#529=DIRECTION('Vector Direction',(-1.,0.,0.)) ;
#536=DIRECTION('Vector Direction',(0.,-1.,0.)) ;
#543=DIRECTION('Vector Direction',(1.,0.,0.)) ;
#550=DIRECTION('Vector Direction',(0.,-1.,0.)) ;
#557=DIRECTION('Vector Direction',(-1.,0.,0.)) ;
#564=DIRECTION('Vector Direction',(0.,-1.,0.)) ;
#571=DIRECTION('Vector Direction',(1.,0.,0.)) ;
#578=DIRECTION('Axis2P3D Direction',(0.,0.,1.)) ;
#598=DIRECTION('Axis2P3D Direction',(0.,0.,1.)) ;
#605=DIRECTION('Vector Direction',(1.,0.,0.)) ;
#628=DIRECTION('Vector Direction',(0.,-1.,0.)) ;
#651=DIRECTION('Vector Direction',(-1.,0.,0.)) ;
#671=DIRECTION('Axis2P3D Direction',(0.,0.,1.)) ;
#694=DIRECTION('Axis2P3D Direction',(0.,0.,1.)) ;
#701=DIRECTION('Axis2P3D Direction',(0.,0.,1.)) ;
#708=DIRECTION('Axis2P3D Direction',(0.,0.,1.)) ;
#715=DIRECTION('Axis2P3D Direction',(0.,0.,1.)) ;
#738=DIRECTION('Axis2P3D Direction',(0.,0.,1.)) ;
#745=DIRECTION('Axis2P3D Direction',(0.,0.,1.)) ;
#752=DIRECTION('Axis2P3D Direction',(0.,0.,1.)) ;
#759=DIRECTION('Axis2P3D Direction',(0.,0.,1.)) ;
#782=DIRECTION('Axis2P3D Direction',(0.,0.,1.)) ;
#789=DIRECTION('Axis2P3D Direction',(0.,0.,1.)) ;
#796=DIRECTION('Axis2P3D Direction',(0.,0.,1.)) ;
#803=DIRECTION('Axis2P3D Direction',(0.,0.,1.)) ;
#823=DIRECTION('Vector Direction',(1.,0.,0.)) ;
#849=DIRECTION('Vector Direction',(0.,-1.,0.)) ;
#856=DIRECTION('Axis2P3D Direction',(0.,0.,1.)) ;
#863=DIRECTION('Vector Direction',(1.,0.,0.)) ;
#870=DIRECTION('Axis2P3D Direction',(0.,0.,1.)) ;
#877=DIRECTION('Vector Direction',(0.,-1.,0.)) ;
#915=DIRECTION('Vector Direction',(0.,-1.,0.)) ;
#953=DIRECTION('Vector Direction',(0.,-1.,0.)) ;
#991=DIRECTION('Vector Direction',(0.,-1.,0.)) ;
#1029=DIRECTION('Vector Direction',(0.,-1.,0.)) ;
#1067=DIRECTION('Vector Direction',(0.,-1.,0.)) ;
#1105=DIRECTION('Vector Direction',(0.,-1.,0.)) ;
#1112=DIRECTION('Axis2P3D Direction',(0.,0.,1.)) ;
#1119=DIRECTION('Vector Direction',(-1.,0.,0.)) ;
#1157=DIRECTION('Vector Direction',(-1.,0.,0.)) ;
#1195=DIRECTION('Vector Direction',(-1.,0.,0.)) ;
#1202=DIRECTION('Axis2P3D Direction',(0.,0.,1.)) ;
#1209=DIRECTION('Vector Direction',(0.,1.,0.)) ;
#1247=DIRECTION('Vector Direction',(0.,1.,0.)) ;
#1285=DIRECTION('Vector Direction',(0.,1.,0.)) ;
#1323=DIRECTION('Vector Direction',(0.,1.,0.)) ;
#1361=DIRECTION('Vector Direction',(0.,1.,0.)) ;
#1399=DIRECTION('Vector Direction',(0.,1.,0.)) ;
#1437=DIRECTION('Vector Direction',(0.,1.,0.)) ;
#1444=DIRECTION('Axis2P3D Direction',(0.,0.,1.)) ;
#1451=DIRECTION('Vector Direction',(1.,0.,0.)) ;
#1458=DIRECTION('Axis2P3D Direction',(0.,0.,1.)) ;
#1465=DIRECTION('Vector Direction',(0.,1.,0.)) ;
#1491=DIRECTION('Vector Direction',(1.,0.,0.)) ;
#1511=DIRECTION('Axis2P3D Direction',(0.,0.,1.)) ;
#1518=DIRECTION('Axis2P3D Direction',(0.,0.,1.)) ;
#1525=DIRECTION('Axis2P3D Direction',(0.,0.,1.)) ;
#1532=DIRECTION('Axis2P3D Direction',(0.,0.,1.)) ;
#1555=DIRECTION('Axis2P3D Direction',(0.,0.,1.)) ;
#1562=DIRECTION('Axis2P3D Direction',(0.,0.,1.)) ;
#1569=DIRECTION('Axis2P3D Direction',(0.,0.,1.)) ;
#1576=DIRECTION('Axis2P3D Direction',(0.,0.,1.)) ;
#1599=DIRECTION('Axis2P3D Direction',(0.,0.,1.)) ;
#1606=DIRECTION('Axis2P3D Direction',(0.,0.,1.)) ;
#1613=DIRECTION('Axis2P3D Direction',(0.,0.,1.)) ;
#1620=DIRECTION('Axis2P3D Direction',(0.,0.,1.)) ;
#1643=DIRECTION('Axis2P3D Direction',(0.,0.,1.)) ;
#1663=DIRECTION('Vector Direction',(-1.,0.,0.)) ;
#1686=DIRECTION('Vector Direction',(0.,1.,0.)) ;
#1709=DIRECTION('Vector Direction',(1.,0.,0.)) ;
#1716=DIRECTION('Axis2P3D Direction',(0.,0.,1.)) ;
#1736=DIRECTION('Axis2P3D Direction',(0.,0.,1.)) ;
#1743=DIRECTION('Vector Direction',(1.,0.,0.)) ;
#1750=DIRECTION('Vector Direction',(0.,1.,0.)) ;
#1757=DIRECTION('Vector Direction',(-1.,0.,0.)) ;
#1764=DIRECTION('Vector Direction',(0.,1.,0.)) ;
#1771=DIRECTION('Vector Direction',(1.,0.,0.)) ;
#1778=DIRECTION('Vector Direction',(0.,1.,0.)) ;
#1785=DIRECTION('Vector Direction',(-1.,0.,0.)) ;
#1792=DIRECTION('Vector Direction',(0.,1.,0.)) ;
#1799=DIRECTION('Vector Direction',(1.,0.,0.)) ;
#1806=DIRECTION('Vector Direction',(0.,1.,0.)) ;
#1813=DIRECTION('Vector Direction',(-1.,0.,0.)) ;
#1820=DIRECTION('Vector Direction',(0.,1.,0.)) ;
#1827=DIRECTION('Vector Direction',(1.,0.,0.)) ;
#1834=DIRECTION('Vector Direction',(0.,1.,0.)) ;
#1841=DIRECTION('Vector Direction',(-1.,0.,0.)) ;
#1848=DIRECTION('Vector Direction',(0.,1.,0.)) ;
#1855=DIRECTION('Vector Direction',(1.,0.,0.)) ;
#1862=DIRECTION('Vector Direction',(0.,1.,0.)) ;
#1869=DIRECTION('Vector Direction',(-1.,0.,0.)) ;
#1876=DIRECTION('Vector Direction',(0.,1.,0.)) ;
#1883=DIRECTION('Vector Direction',(1.,0.,0.)) ;
#1890=DIRECTION('Vector Direction',(0.,1.,0.)) ;
#1897=DIRECTION('Vector Direction',(-1.,0.,0.)) ;
#1904=DIRECTION('Vector Direction',(0.,1.,0.)) ;
#1911=DIRECTION('Vector Direction',(1.,0.,0.)) ;
#1918=DIRECTION('Vector Direction',(0.,1.,0.)) ;
#1925=DIRECTION('Vector Direction',(-1.,0.,0.)) ;
#1932=DIRECTION('Vector Direction',(0.,1.,0.)) ;
#1939=DIRECTION('Vector Direction',(1.,0.,0.)) ;
#1946=DIRECTION('Vector Direction',(0.,1.,0.)) ;
#1953=DIRECTION('Vector Direction',(-1.,0.,0.)) ;
#1960=DIRECTION('Vector Direction',(0.,1.,0.)) ;
#1967=DIRECTION('Vector Direction',(1.,0.,0.)) ;
#1974=DIRECTION('Vector Direction',(0.,1.,0.)) ;
#1981=DIRECTION('Vector Direction',(-1.,0.,0.)) ;
#1988=DIRECTION('Vector Direction',(0.,1.,0.)) ;
#1995=DIRECTION('Vector Direction',(1.,0.,0.)) ;
#2002=DIRECTION('Vector Direction',(0.,1.,0.)) ;
#2009=DIRECTION('Vector Direction',(-1.,0.,0.)) ;
#2016=DIRECTION('Vector Direction',(0.,1.,0.)) ;
#2023=DIRECTION('Vector Direction',(1.,0.,0.)) ;
#2030=DIRECTION('Vector Direction',(0.,1.,0.)) ;
#2037=DIRECTION('Vector Direction',(-1.,0.,0.)) ;
#2044=DIRECTION('Axis2P3D Direction',(0.,0.,1.)) ;
#2070=DIRECTION('Vector Direction',(0.707106781187,0.707106781187,0.)) ;
#2093=DIRECTION('Axis2P3D Direction',(0.,0.,1.)) ;
#2100=DIRECTION('Axis2P3D Direction',(0.,0.,1.)) ;
#2107=DIRECTION('Axis2P3D Direction',(0.,0.,1.)) ;
#2130=DIRECTION('Axis2P3D Direction',(0.,0.,1.)) ;
#2137=DIRECTION('Axis2P3D Direction',(0.,0.,1.)) ;
#2144=DIRECTION('Axis2P3D Direction',(0.,0.,1.)) ;
#2167=DIRECTION('Axis2P3D Direction',(0.,0.,1.)) ;
#2174=DIRECTION('Axis2P3D Direction',(0.,0.,1.)) ;
#2181=DIRECTION('Axis2P3D Direction',(0.,0.,1.)) ;
#2226=DIRECTION('Vector Direction',(0.,1.,0.)) ;
#2233=DIRECTION('Axis2P3D Direction',(0.,0.,1.)) ;
#2240=DIRECTION('Vector Direction',(-1.,0.,0.)) ;
#2247=DIRECTION('Axis2P3D Direction',(0.,0.,1.)) ;
#2254=DIRECTION('Vector Direction',(0.,-1.,0.)) ;
#2485=DIRECTION('Axis2P3D Direction',(-0.,0.,-1.)) ;
#2486=DIRECTION('Axis2P3D XDirection',(-0.577374564865,-0.816479400749,0.)) ;
#2490=DIRECTION('Vector Direction',(0.,0.,-1.)) ;
#2497=DIRECTION('Axis2P3D Direction',(-0.,0.,-1.)) ;
#2510=DIRECTION('Axis2P3D Direction',(0.,0.,1.)) ;
#2511=DIRECTION('Axis2P3D XDirection',(1.,0.,0.)) ;
#2515=DIRECTION('Axis2P3D Direction',(0.,0.,1.)) ;
#2524=DIRECTION('Vector Direction',(0.,1.,0.)) ;
#2550=DIRECTION('Vector Direction',(1.,0.,0.)) ;
#2576=DIRECTION('Vector Direction',(0.,-1.,0.)) ;
#2583=DIRECTION('Axis2P3D Direction',(0.,0.,1.)) ;
#2590=DIRECTION('Axis2P3D Direction',(0.,0.,1.)) ;
#2633=DIRECTION('Axis2P3D Direction',(0.,0.,1.)) ;
#2676=DIRECTION('Axis2P3D Direction',(0.,0.,1.)) ;
#2719=DIRECTION('Axis2P3D Direction',(0.,0.,1.)) ;
#2726=DIRECTION('Vector Direction',(-0.707106781187,-0.707106781187,0.)) ;
#2733=DIRECTION('Axis2P3D Direction',(0.,0.,1.)) ;
#2753=DIRECTION('Vector Direction',(1.,0.,0.)) ;
#2760=DIRECTION('Vector Direction',(0.,-1.,0.)) ;
#2767=DIRECTION('Vector Direction',(-1.,0.,0.)) ;
#2774=DIRECTION('Vector Direction',(0.,-1.,0.)) ;
#2781=DIRECTION('Vector Direction',(1.,0.,0.)) ;
#2788=DIRECTION('Vector Direction',(0.,-1.,0.)) ;
#2795=DIRECTION('Vector Direction',(-1.,0.,0.)) ;
#2802=DIRECTION('Vector Direction',(0.,-1.,0.)) ;
#2809=DIRECTION('Vector Direction',(1.,0.,0.)) ;
#2816=DIRECTION('Vector Direction',(0.,-1.,0.)) ;
#2823=DIRECTION('Vector Direction',(-1.,0.,0.)) ;
#2830=DIRECTION('Vector Direction',(0.,-1.,0.)) ;
#2837=DIRECTION('Vector Direction',(1.,0.,0.)) ;
#2844=DIRECTION('Vector Direction',(0.,-1.,0.)) ;
#2851=DIRECTION('Vector Direction',(-1.,0.,0.)) ;
#2858=DIRECTION('Vector Direction',(0.,-1.,0.)) ;
#2865=DIRECTION('Vector Direction',(1.,0.,0.)) ;
#2872=DIRECTION('Vector Direction',(0.,-1.,0.)) ;
#2879=DIRECTION('Vector Direction',(-1.,0.,0.)) ;
#2886=DIRECTION('Vector Direction',(0.,-1.,0.)) ;
#2893=DIRECTION('Vector Direction',(1.,0.,0.)) ;
#2900=DIRECTION('Vector Direction',(0.,-1.,0.)) ;
#2907=DIRECTION('Vector Direction',(-1.,0.,0.)) ;
#2914=DIRECTION('Vector Direction',(0.,-1.,0.)) ;
#2921=DIRECTION('Vector Direction',(1.,0.,0.)) ;
#2928=DIRECTION('Vector Direction',(0.,-1.,0.)) ;
#2935=DIRECTION('Vector Direction',(-1.,0.,0.)) ;
#2942=DIRECTION('Vector Direction',(0.,-1.,0.)) ;
#2949=DIRECTION('Vector Direction',(1.,0.,0.)) ;
#2956=DIRECTION('Vector Direction',(0.,-1.,0.)) ;
#2963=DIRECTION('Vector Direction',(-1.,0.,0.)) ;
#2970=DIRECTION('Vector Direction',(0.,-1.,0.)) ;
#2977=DIRECTION('Vector Direction',(1.,0.,0.)) ;
#2984=DIRECTION('Vector Direction',(0.,-1.,0.)) ;
#2991=DIRECTION('Vector Direction',(-1.,0.,0.)) ;
#2998=DIRECTION('Vector Direction',(0.,-1.,0.)) ;
#3005=DIRECTION('Vector Direction',(1.,0.,0.)) ;
#3012=DIRECTION('Vector Direction',(0.,-1.,0.)) ;
#3019=DIRECTION('Vector Direction',(-1.,0.,0.)) ;
#3026=DIRECTION('Vector Direction',(0.,-1.,0.)) ;
#3033=DIRECTION('Vector Direction',(1.,0.,0.)) ;
#3040=DIRECTION('Vector Direction',(0.,-1.,0.)) ;
#3047=DIRECTION('Vector Direction',(-1.,0.,0.)) ;
#3067=DIRECTION('Axis2P3D Direction',(0.,0.,1.)) ;
#3087=DIRECTION('Vector Direction',(-1.,0.,0.)) ;
#3094=DIRECTION('Axis2P3D Direction',(0.,0.,1.)) ;
#3101=DIRECTION('Vector Direction',(0.,-1.,0.)) ;
#3108=DIRECTION('Axis2P3D Direction',(0.,0.,1.)) ;
#3115=DIRECTION('Vector Direction',(1.,0.,0.)) ;
#3122=DIRECTION('Axis2P3D Direction',(0.,0.,1.)) ;
#3142=DIRECTION('Axis2P3D Direction',(0.,0.,1.)) ;
#3195=DIRECTION('Axis2P3D Direction',(0.,0.,1.)) ;
#3248=DIRECTION('Axis2P3D Direction',(0.,0.,1.)) ;
#3298=DIRECTION('Axis2P3D Direction',(0.,0.,1.)) ;
#3305=DIRECTION('Vector Direction',(-1.,0.,0.)) ;
#3312=DIRECTION('Axis2P3D Direction',(0.,0.,1.)) ;
#3319=DIRECTION('Vector Direction',(0.,-1.,0.)) ;
#3342=DIRECTION('Vector Direction',(-1.,0.,0.)) ;
#3368=DIRECTION('Vector Direction',(0.,-1.,0.)) ;
#3375=DIRECTION('Axis2P3D Direction',(0.,0.,1.)) ;
#3382=DIRECTION('Vector Direction',(0.,-1.,0.)) ;
#3389=DIRECTION('Axis2P3D Direction',(0.,0.,1.)) ;
#3396=DIRECTION('Vector Direction',(0.,-1.,0.)) ;
#3403=DIRECTION('Axis2P3D Direction',(0.,0.,1.)) ;
#3410=DIRECTION('Vector Direction',(0.,-1.,0.)) ;
#3417=DIRECTION('Axis2P3D Direction',(0.,0.,1.)) ;
#3424=DIRECTION('Vector Direction',(0.,-1.,0.)) ;
#3431=DIRECTION('Axis2P3D Direction',(0.,0.,1.)) ;
#3438=DIRECTION('Vector Direction',(0.,-1.,0.)) ;
#3445=DIRECTION('Axis2P3D Direction',(0.,0.,1.)) ;
#3452=DIRECTION('Vector Direction',(0.,-1.,0.)) ;
#3478=DIRECTION('Vector Direction',(1.,0.,0.)) ;
#3485=DIRECTION('Axis2P3D Direction',(0.,0.,1.)) ;
#3492=DIRECTION('Vector Direction',(1.,0.,0.)) ;
#3499=DIRECTION('Axis2P3D Direction',(0.,0.,1.)) ;
#3506=DIRECTION('Vector Direction',(1.,0.,0.)) ;
#3532=DIRECTION('Vector Direction',(0.,1.,0.)) ;
#3539=DIRECTION('Axis2P3D Direction',(0.,0.,1.)) ;
#3546=DIRECTION('Vector Direction',(0.,1.,0.)) ;
#3553=DIRECTION('Axis2P3D Direction',(0.,0.,1.)) ;
#3560=DIRECTION('Vector Direction',(0.,1.,0.)) ;
#3567=DIRECTION('Axis2P3D Direction',(0.,0.,1.)) ;
#3574=DIRECTION('Vector Direction',(0.,1.,0.)) ;
#3581=DIRECTION('Axis2P3D Direction',(0.,0.,1.)) ;
#3588=DIRECTION('Vector Direction',(0.,1.,0.)) ;
#3595=DIRECTION('Axis2P3D Direction',(0.,0.,1.)) ;
#3602=DIRECTION('Vector Direction',(0.,1.,0.)) ;
#3609=DIRECTION('Axis2P3D Direction',(0.,0.,1.)) ;
#3616=DIRECTION('Vector Direction',(0.,1.,0.)) ;
#3642=DIRECTION('Vector Direction',(-1.,0.,0.)) ;
#3665=DIRECTION('Vector Direction',(0.,1.,0.)) ;
#3672=DIRECTION('Axis2P3D Direction',(0.,0.,1.)) ;
#3679=DIRECTION('Vector Direction',(-1.,0.,0.)) ;
#3686=DIRECTION('Axis2P3D Direction',(0.,0.,1.)) ;
#3736=DIRECTION('Axis2P3D Direction',(0.,0.,1.)) ;
#3789=DIRECTION('Axis2P3D Direction',(0.,0.,1.)) ;
#3842=DIRECTION('Axis2P3D Direction',(0.,0.,1.)) ;
#3862=DIRECTION('Axis2P3D Direction',(0.,0.,1.)) ;
#3869=DIRECTION('Vector Direction',(1.,0.,0.)) ;
#3876=DIRECTION('Axis2P3D Direction',(0.,0.,1.)) ;
#3883=DIRECTION('Vector Direction',(0.,1.,0.)) ;
#3890=DIRECTION('Axis2P3D Direction',(0.,0.,1.)) ;
#3897=DIRECTION('Vector Direction',(-1.,0.,0.)) ;
#3917=DIRECTION('Axis2P3D Direction',(0.,0.,1.)) ;
#3937=DIRECTION('Vector Direction',(-1.,0.,0.)) ;
#3944=DIRECTION('Vector Direction',(0.,1.,0.)) ;
#3951=DIRECTION('Vector Direction',(1.,0.,0.)) ;
#3958=DIRECTION('Vector Direction',(0.,1.,0.)) ;
#3965=DIRECTION('Vector Direction',(-1.,0.,0.)) ;
#3972=DIRECTION('Vector Direction',(0.,1.,0.)) ;
#3979=DIRECTION('Vector Direction',(1.,0.,0.)) ;
#3986=DIRECTION('Vector Direction',(0.,1.,0.)) ;
#3993=DIRECTION('Vector Direction',(-1.,0.,0.)) ;
#4000=DIRECTION('Vector Direction',(0.,1.,0.)) ;
#4007=DIRECTION('Vector Direction',(1.,0.,0.)) ;
#4014=DIRECTION('Vector Direction',(0.,1.,0.)) ;
#4021=DIRECTION('Vector Direction',(-1.,0.,0.)) ;
#4028=DIRECTION('Vector Direction',(0.,1.,0.)) ;
#4035=DIRECTION('Vector Direction',(1.,0.,0.)) ;
#4042=DIRECTION('Vector Direction',(0.,1.,0.)) ;
#4049=DIRECTION('Vector Direction',(-1.,0.,0.)) ;
#4056=DIRECTION('Vector Direction',(0.,1.,0.)) ;
#4063=DIRECTION('Vector Direction',(1.,0.,0.)) ;
#4070=DIRECTION('Vector Direction',(0.,1.,0.)) ;
#4077=DIRECTION('Vector Direction',(-1.,0.,0.)) ;
#4084=DIRECTION('Vector Direction',(0.,1.,0.)) ;
#4091=DIRECTION('Vector Direction',(1.,0.,0.)) ;
#4098=DIRECTION('Vector Direction',(0.,1.,0.)) ;
#4105=DIRECTION('Vector Direction',(-1.,0.,0.)) ;
#4112=DIRECTION('Vector Direction',(0.,1.,0.)) ;
#4119=DIRECTION('Vector Direction',(1.,0.,0.)) ;
#4126=DIRECTION('Vector Direction',(0.,1.,0.)) ;
#4133=DIRECTION('Vector Direction',(-1.,0.,0.)) ;
#4140=DIRECTION('Vector Direction',(0.,1.,0.)) ;
#4147=DIRECTION('Vector Direction',(1.,0.,0.)) ;
#4154=DIRECTION('Vector Direction',(0.,1.,0.)) ;
#4161=DIRECTION('Vector Direction',(-1.,0.,0.)) ;
#4168=DIRECTION('Vector Direction',(0.,1.,0.)) ;
#4175=DIRECTION('Vector Direction',(1.,0.,0.)) ;
#4182=DIRECTION('Vector Direction',(0.,1.,0.)) ;
#4189=DIRECTION('Vector Direction',(-1.,0.,0.)) ;
#4196=DIRECTION('Vector Direction',(0.,1.,0.)) ;
#4203=DIRECTION('Vector Direction',(1.,0.,0.)) ;
#4210=DIRECTION('Vector Direction',(0.,1.,0.)) ;
#4217=DIRECTION('Vector Direction',(-1.,0.,0.)) ;
#4224=DIRECTION('Vector Direction',(0.,1.,0.)) ;
#4231=DIRECTION('Vector Direction',(1.,0.,0.)) ;
#4251=DIRECTION('Axis2P3D Direction',(0.,0.,1.)) ;
#4258=DIRECTION('Vector Direction',(-0.707106781187,0.707106781187,0.)) ;
#4265=DIRECTION('Axis2P3D Direction',(0.,0.,1.)) ;
#4308=DIRECTION('Axis2P3D Direction',(0.,0.,1.)) ;
#4326=DIRECTION('Axis2P3D Direction',(0.,0.,1.)) ;
#4369=DIRECTION('Axis2P3D Direction',(0.,0.,1.)) ;
#4600=DIRECTION('Axis2P3D Direction',(0.,0.,-1.)) ;
#4601=DIRECTION('Axis2P3D XDirection',(0.873841908141,-0.486210159886,0.)) ;
#4605=DIRECTION('Vector Direction',(0.,0.,-1.)) ;
#4618=DIRECTION('Axis2P3D Direction',(0.,0.,-1.)) ;
#4619=DIRECTION('Axis2P3D XDirection',(0.691176470588,0.722686022077,0.)) ;
#4623=DIRECTION('Vector Direction',(0.,0.,-1.)) ;
#4628=DIRECTION('Vector Direction',(0.,0.,-1.)) ;
#4641=DIRECTION('Axis2P3D Direction',(0.,0.,-1.)) ;
#4642=DIRECTION('Axis2P3D XDirection',(0.816479400749,-0.577374564865,0.)) ;
#4646=DIRECTION('Vector Direction',(0.,0.,-1.)) ;
#4659=DIRECTION('Axis2P3D Direction',(0.,0.,-1.)) ;
#4660=DIRECTION('Axis2P3D XDirection',(-0.816479400749,0.577374564864,0.)) ;
#4664=DIRECTION('Vector Direction',(0.,0.,-1.)) ;
#4677=DIRECTION('Axis2P3D Direction',(-0.,0.,-1.)) ;
#4678=DIRECTION('Axis2P3D XDirection',(-0.873841908141,-0.486210159886,0.)) ;
#4682=DIRECTION('Vector Direction',(0.,0.,-1.)) ;
#4695=DIRECTION('Axis2P3D Direction',(-0.,0.,-1.)) ;
#4696=DIRECTION('Axis2P3D XDirection',(-0.486210159886,-0.873841908141,0.)) ;
#4700=DIRECTION('Vector Direction',(0.,0.,-1.)) ;
#4713=DIRECTION('Axis2P3D Direction',(0.,0.,-1.)) ;
#4714=DIRECTION('Axis2P3D XDirection',(0.577374564865,0.816479400749,0.)) ;
#4726=DIRECTION('Axis2P3D Direction',(0.,0.,-1.)) ;
#4727=DIRECTION('Axis2P3D XDirection',(-0.816479400749,0.577374564865,0.)) ;
#4731=DIRECTION('Vector Direction',(0.,0.,-1.)) ;
#4744=DIRECTION('Axis2P3D Direction',(0.,0.,-1.)) ;
#4745=DIRECTION('Axis2P3D XDirection',(0.816479400749,-0.577374564864,0.)) ;
#4749=DIRECTION('Vector Direction',(0.,0.,-1.)) ;
#4762=DIRECTION('Axis2P3D Direction',(0.,0.,-1.)) ;
#4763=DIRECTION('Axis2P3D XDirection',(0.873841908141,0.486210159886,0.)) ;
#4767=DIRECTION('Vector Direction',(0.,0.,-1.)) ;
#4780=DIRECTION('Axis2P3D Direction',(0.,0.,-1.)) ;
#4781=DIRECTION('Axis2P3D XDirection',(0.486210159886,0.873841908141,0.)) ;
#4785=DIRECTION('Vector Direction',(0.,0.,-1.)) ;
#4798=DIRECTION('Axis2P3D Direction',(-0.,0.,-1.)) ;
#4799=DIRECTION('Axis2P3D XDirection',(-0.611009785543,-0.791623042849,0.)) ;
#4803=DIRECTION('Vector Direction',(0.,0.,-1.)) ;
#4816=DIRECTION('Axis2P3D Direction',(-0.707106781187,-0.707106781187,0.)) ;
#4817=DIRECTION('Axis2P3D XDirection',(0.,0.,1.)) ;
#4821=DIRECTION('Vector Direction',(0.,0.,-1.)) ;
#4834=DIRECTION('Axis2P3D Direction',(0.,0.,-1.)) ;
#4835=DIRECTION('Axis2P3D XDirection',(-0.624061085753,0.78137555711,0.)) ;
#4839=DIRECTION('Vector Direction',(0.,0.,-1.)) ;
#4852=DIRECTION('Axis2P3D Direction',(0.,0.,-1.)) ;
#4853=DIRECTION('Axis2P3D XDirection',(0.624061085753,-0.78137555711,0.)) ;
#4857=DIRECTION('Vector Direction',(0.,0.,-1.)) ;
#4870=DIRECTION('Axis2P3D Direction',(0.,1.,0.)) ;
#4871=DIRECTION('Axis2P3D XDirection',(0.,0.,1.)) ;
#4875=DIRECTION('Vector Direction',(0.,0.,-1.)) ;
#4888=DIRECTION('Axis2P3D Direction',(-1.,0.,0.)) ;
#4889=DIRECTION('Axis2P3D XDirection',(0.,0.,1.)) ;
#4893=DIRECTION('Vector Direction',(0.,0.,-1.)) ;
#4906=DIRECTION('Axis2P3D Direction',(0.,-1.,0.)) ;
#4907=DIRECTION('Axis2P3D XDirection',(0.,0.,-1.)) ;
#4911=DIRECTION('Vector Direction',(0.,0.,-1.)) ;
#4924=DIRECTION('Axis2P3D Direction',(-1.,0.,0.)) ;
#4925=DIRECTION('Axis2P3D XDirection',(0.,0.,1.)) ;
#4929=DIRECTION('Vector Direction',(0.,0.,-1.)) ;
#4942=DIRECTION('Axis2P3D Direction',(0.,1.,0.)) ;
#4943=DIRECTION('Axis2P3D XDirection',(0.,0.,1.)) ;
#4947=DIRECTION('Vector Direction',(0.,0.,-1.)) ;
#4960=DIRECTION('Axis2P3D Direction',(-1.,0.,0.)) ;
#4961=DIRECTION('Axis2P3D XDirection',(0.,0.,1.)) ;
#4965=DIRECTION('Vector Direction',(0.,0.,-1.)) ;
#4978=DIRECTION('Axis2P3D Direction',(0.,-1.,0.)) ;
#4979=DIRECTION('Axis2P3D XDirection',(0.,0.,-1.)) ;
#4983=DIRECTION('Vector Direction',(0.,0.,-1.)) ;
#4996=DIRECTION('Axis2P3D Direction',(-1.,0.,0.)) ;
#4997=DIRECTION('Axis2P3D XDirection',(0.,0.,1.)) ;
#5001=DIRECTION('Vector Direction',(0.,0.,-1.)) ;
#5014=DIRECTION('Axis2P3D Direction',(0.,1.,0.)) ;
#5015=DIRECTION('Axis2P3D XDirection',(0.,0.,1.)) ;
#5019=DIRECTION('Vector Direction',(0.,0.,-1.)) ;
#5032=DIRECTION('Axis2P3D Direction',(-1.,0.,0.)) ;
#5033=DIRECTION('Axis2P3D XDirection',(0.,0.,1.)) ;
#5037=DIRECTION('Vector Direction',(0.,0.,-1.)) ;
#5050=DIRECTION('Axis2P3D Direction',(0.,-1.,0.)) ;
#5051=DIRECTION('Axis2P3D XDirection',(0.,0.,-1.)) ;
#5055=DIRECTION('Vector Direction',(0.,0.,-1.)) ;
#5068=DIRECTION('Axis2P3D Direction',(-1.,0.,0.)) ;
#5069=DIRECTION('Axis2P3D XDirection',(0.,0.,1.)) ;
#5073=DIRECTION('Vector Direction',(0.,0.,-1.)) ;
#5086=DIRECTION('Axis2P3D Direction',(0.,1.,0.)) ;
#5087=DIRECTION('Axis2P3D XDirection',(0.,0.,1.)) ;
#5091=DIRECTION('Vector Direction',(0.,0.,-1.)) ;
#5104=DIRECTION('Axis2P3D Direction',(-1.,0.,0.)) ;
#5105=DIRECTION('Axis2P3D XDirection',(0.,0.,1.)) ;
#5109=DIRECTION('Vector Direction',(0.,0.,-1.)) ;
#5122=DIRECTION('Axis2P3D Direction',(0.,-1.,0.)) ;
#5123=DIRECTION('Axis2P3D XDirection',(0.,0.,-1.)) ;
#5127=DIRECTION('Vector Direction',(0.,0.,-1.)) ;
#5140=DIRECTION('Axis2P3D Direction',(-1.,0.,0.)) ;
#5141=DIRECTION('Axis2P3D XDirection',(0.,0.,1.)) ;
#5145=DIRECTION('Vector Direction',(0.,0.,-1.)) ;
#5158=DIRECTION('Axis2P3D Direction',(0.,1.,0.)) ;
#5159=DIRECTION('Axis2P3D XDirection',(0.,0.,1.)) ;
#5163=DIRECTION('Vector Direction',(0.,0.,-1.)) ;
#5176=DIRECTION('Axis2P3D Direction',(-1.,0.,0.)) ;
#5177=DIRECTION('Axis2P3D XDirection',(0.,0.,1.)) ;
#5181=DIRECTION('Vector Direction',(0.,0.,-1.)) ;
#5194=DIRECTION('Axis2P3D Direction',(0.,-1.,0.)) ;
#5195=DIRECTION('Axis2P3D XDirection',(0.,0.,-1.)) ;
#5199=DIRECTION('Vector Direction',(0.,0.,-1.)) ;
#5212=DIRECTION('Axis2P3D Direction',(-1.,0.,0.)) ;
#5213=DIRECTION('Axis2P3D XDirection',(0.,0.,1.)) ;
#5217=DIRECTION('Vector Direction',(0.,0.,-1.)) ;
#5230=DIRECTION('Axis2P3D Direction',(0.,1.,0.)) ;
#5231=DIRECTION('Axis2P3D XDirection',(0.,0.,1.)) ;
#5235=DIRECTION('Vector Direction',(0.,0.,-1.)) ;
#5248=DIRECTION('Axis2P3D Direction',(-1.,0.,0.)) ;
#5249=DIRECTION('Axis2P3D XDirection',(0.,0.,1.)) ;
#5253=DIRECTION('Vector Direction',(0.,0.,-1.)) ;
#5266=DIRECTION('Axis2P3D Direction',(0.,-1.,0.)) ;
#5267=DIRECTION('Axis2P3D XDirection',(0.,0.,-1.)) ;
#5271=DIRECTION('Vector Direction',(0.,0.,-1.)) ;
#5284=DIRECTION('Axis2P3D Direction',(-1.,0.,0.)) ;
#5285=DIRECTION('Axis2P3D XDirection',(0.,0.,1.)) ;
#5289=DIRECTION('Vector Direction',(0.,0.,-1.)) ;
#5302=DIRECTION('Axis2P3D Direction',(0.,1.,0.)) ;
#5303=DIRECTION('Axis2P3D XDirection',(0.,0.,1.)) ;
#5307=DIRECTION('Vector Direction',(0.,0.,-1.)) ;
#5320=DIRECTION('Axis2P3D Direction',(-1.,0.,0.)) ;
#5321=DIRECTION('Axis2P3D XDirection',(0.,0.,1.)) ;
#5325=DIRECTION('Vector Direction',(0.,0.,-1.)) ;
#5338=DIRECTION('Axis2P3D Direction',(0.,-1.,0.)) ;
#5339=DIRECTION('Axis2P3D XDirection',(0.,0.,-1.)) ;
#5343=DIRECTION('Vector Direction',(0.,0.,-1.)) ;
#5356=DIRECTION('Axis2P3D Direction',(-1.,0.,0.)) ;
#5357=DIRECTION('Axis2P3D XDirection',(0.,0.,1.)) ;
#5361=DIRECTION('Vector Direction',(0.,0.,-1.)) ;
#5374=DIRECTION('Axis2P3D Direction',(0.,1.,0.)) ;
#5375=DIRECTION('Axis2P3D XDirection',(0.,0.,1.)) ;
#5379=DIRECTION('Vector Direction',(0.,0.,-1.)) ;
#5392=DIRECTION('Axis2P3D Direction',(-1.,0.,0.)) ;
#5393=DIRECTION('Axis2P3D XDirection',(0.,0.,1.)) ;
#5397=DIRECTION('Vector Direction',(0.,0.,-1.)) ;
#5410=DIRECTION('Axis2P3D Direction',(0.,-1.,0.)) ;
#5411=DIRECTION('Axis2P3D XDirection',(0.,0.,-1.)) ;
#5415=DIRECTION('Vector Direction',(0.,0.,-1.)) ;
#5428=DIRECTION('Axis2P3D Direction',(-1.,0.,0.)) ;
#5429=DIRECTION('Axis2P3D XDirection',(0.,0.,1.)) ;
#5433=DIRECTION('Vector Direction',(0.,0.,-1.)) ;
#5446=DIRECTION('Axis2P3D Direction',(0.,1.,0.)) ;
#5447=DIRECTION('Axis2P3D XDirection',(0.,0.,1.)) ;
#5451=DIRECTION('Vector Direction',(0.,0.,-1.)) ;
#5464=DIRECTION('Axis2P3D Direction',(-1.,0.,0.)) ;
#5465=DIRECTION('Axis2P3D XDirection',(0.,0.,1.)) ;
#5469=DIRECTION('Vector Direction',(0.,0.,-1.)) ;
#5482=DIRECTION('Axis2P3D Direction',(0.,-1.,0.)) ;
#5483=DIRECTION('Axis2P3D XDirection',(0.,0.,-1.)) ;
#5487=DIRECTION('Vector Direction',(0.,0.,-1.)) ;
#5500=DIRECTION('Axis2P3D Direction',(-1.,0.,0.)) ;
#5501=DIRECTION('Axis2P3D XDirection',(0.,0.,1.)) ;
#5505=DIRECTION('Vector Direction',(0.,0.,-1.)) ;
#5518=DIRECTION('Axis2P3D Direction',(0.,1.,0.)) ;
#5519=DIRECTION('Axis2P3D XDirection',(0.,0.,1.)) ;
#5523=DIRECTION('Vector Direction',(0.,0.,-1.)) ;
#5536=DIRECTION('Axis2P3D Direction',(-1.,0.,0.)) ;
#5537=DIRECTION('Axis2P3D XDirection',(0.,0.,1.)) ;
#5541=DIRECTION('Vector Direction',(0.,0.,-1.)) ;
#5554=DIRECTION('Axis2P3D Direction',(0.,-1.,0.)) ;
#5555=DIRECTION('Axis2P3D XDirection',(0.,0.,-1.)) ;
#5559=DIRECTION('Vector Direction',(0.,0.,-1.)) ;
#5572=DIRECTION('Axis2P3D Direction',(-1.,0.,0.)) ;
#5573=DIRECTION('Axis2P3D XDirection',(0.,0.,1.)) ;
#5577=DIRECTION('Vector Direction',(0.,0.,-1.)) ;
#5590=DIRECTION('Axis2P3D Direction',(0.,1.,0.)) ;
#5591=DIRECTION('Axis2P3D XDirection',(0.,0.,1.)) ;
#5595=DIRECTION('Vector Direction',(0.,0.,-1.)) ;
#5608=DIRECTION('Axis2P3D Direction',(-1.,0.,0.)) ;
#5609=DIRECTION('Axis2P3D XDirection',(0.,0.,1.)) ;
#5613=DIRECTION('Vector Direction',(0.,0.,-1.)) ;
#5626=DIRECTION('Axis2P3D Direction',(0.,-1.,0.)) ;
#5627=DIRECTION('Axis2P3D XDirection',(0.,0.,-1.)) ;
#5631=DIRECTION('Vector Direction',(0.,0.,-1.)) ;
#5644=DIRECTION('Axis2P3D Direction',(0.,0.,-1.)) ;
#5645=DIRECTION('Axis2P3D XDirection',(0.892977390047,0.450101522843,0.)) ;
#5649=DIRECTION('Vector Direction',(0.,0.,-1.)) ;
#5662=DIRECTION('Axis2P3D Direction',(-0.,0.,-1.)) ;
#5663=DIRECTION('Axis2P3D XDirection',(-0.737094693549,-0.675789473684,0.)) ;
#5667=DIRECTION('Vector Direction',(0.,0.,-1.)) ;
#5680=DIRECTION('Axis2P3D Direction',(0.,0.,-1.)) ;
#5681=DIRECTION('Axis2P3D XDirection',(0.737094693549,0.675789473684,0.)) ;
#5685=DIRECTION('Vector Direction',(0.,0.,-1.)) ;
#5698=DIRECTION('Axis2P3D Direction',(1.144554E-013,-1.,0.)) ;
#5699=DIRECTION('Axis2P3D XDirection',(0.,0.,-1.)) ;
#5703=DIRECTION('Vector Direction',(0.,0.,-1.)) ;
#5716=DIRECTION('Axis2P3D Direction',(0.,0.,-1.)) ;
#5717=DIRECTION('Axis2P3D XDirection',(-1.,0.,0.)) ;
#5721=DIRECTION('Vector Direction',(0.,0.,-1.)) ;
#5734=DIRECTION('Axis2P3D Direction',(-1.,0.,0.)) ;
#5735=DIRECTION('Axis2P3D XDirection',(0.,0.,1.)) ;
#5739=DIRECTION('Vector Direction',(0.,0.,1.)) ;
#5752=DIRECTION('Axis2P3D Direction',(0.,0.,-1.)) ;
#5753=DIRECTION('Axis2P3D XDirection',(-1.22464679915E-016,1.,0.)) ;
#5757=DIRECTION('Vector Direction',(0.,0.,-1.)) ;
#5770=DIRECTION('Axis2P3D Direction',(0.,1.,0.)) ;
#5771=DIRECTION('Axis2P3D XDirection',(0.,0.,1.)) ;
#5775=DIRECTION('Vector Direction',(0.,0.,-1.)) ;
#5788=DIRECTION('Axis2P3D Direction',(0.,0.,-1.)) ;
#5789=DIRECTION('Axis2P3D XDirection',(0.893256438657,0.449547477802,0.)) ;
#5793=DIRECTION('Vector Direction',(0.,0.,-1.)) ;
#5806=DIRECTION('Axis2P3D Direction',(-0.,0.,-1.)) ;
#5807=DIRECTION('Axis2P3D XDirection',(-0.893256438657,-0.449547477802,0.)) ;
#5811=DIRECTION('Vector Direction',(0.,0.,-1.)) ;
#5824=DIRECTION('Axis2P3D Direction',(0.,0.,-1.)) ;
#5825=DIRECTION('Axis2P3D XDirection',(0.985603591069,0.169072650868,0.)) ;
#5829=DIRECTION('Vector Direction',(0.,0.,-1.)) ;
#5842=DIRECTION('Axis2P3D Direction',(-0.,0.,-1.)) ;
#5843=DIRECTION('Axis2P3D XDirection',(-0.985603591069,-0.169072650868,0.)) ;
#5847=DIRECTION('Vector Direction',(0.,0.,-1.)) ;
#5860=DIRECTION('Axis2P3D Direction',(0.,0.,-1.)) ;
#5861=DIRECTION('Axis2P3D XDirection',(-1.22464679915E-016,1.,0.)) ;
#5865=DIRECTION('Vector Direction',(0.,0.,-1.)) ;
#5878=DIRECTION('Axis2P3D Direction',(0.,0.,-1.)) ;
#5879=DIRECTION('Axis2P3D XDirection',(0.,-1.,0.)) ;
#5883=DIRECTION('Vector Direction',(0.,0.,-1.)) ;
#5896=DIRECTION('Axis2P3D Direction',(0.,0.,-1.)) ;
#5897=DIRECTION('Axis2P3D XDirection',(0.274097037794,-0.961702040069,0.)) ;
#5901=DIRECTION('Vector Direction',(0.,0.,-1.)) ;
#5914=DIRECTION('Axis2P3D Direction',(0.,0.,-1.)) ;
#5915=DIRECTION('Axis2P3D XDirection',(-0.169072650868,0.985603591069,0.)) ;
#5919=DIRECTION('Vector Direction',(0.,0.,-1.)) ;
#5932=DIRECTION('Axis2P3D Direction',(0.,0.,-1.)) ;
#5933=DIRECTION('Axis2P3D XDirection',(0.169072650869,-0.985603591069,0.)) ;
#5937=DIRECTION('Vector Direction',(0.,0.,-1.)) ;
#5950=DIRECTION('Axis2P3D Direction',(-0.,0.,-1.)) ;
#5951=DIRECTION('Axis2P3D XDirection',(-1.,-1.22464679915E-016,0.)) ;
#5955=DIRECTION('Vector Direction',(0.,0.,-1.)) ;
#5968=DIRECTION('Axis2P3D Direction',(0.,0.,-1.)) ;
#5969=DIRECTION('Axis2P3D XDirection',(1.,0.,0.)) ;
#5973=DIRECTION('Vector Direction',(0.,0.,-1.)) ;
#5986=DIRECTION('Axis2P3D Direction',(0.,0.,-1.)) ;
#5987=DIRECTION('Axis2P3D XDirection',(0.961702040069,0.274097037794,0.)) ;
#5991=DIRECTION('Vector Direction',(0.,0.,-1.)) ;
#6004=DIRECTION('Axis2P3D Direction',(-0.,0.,-1.)) ;
#6005=DIRECTION('Axis2P3D XDirection',(-0.985603591069,-0.169072650868,0.)) ;
#6009=DIRECTION('Vector Direction',(0.,0.,-1.)) ;
#6022=DIRECTION('Axis2P3D Direction',(0.,0.,-1.)) ;
#6023=DIRECTION('Axis2P3D XDirection',(0.985603591069,0.169072650868,0.)) ;
#6027=DIRECTION('Vector Direction',(0.,0.,-1.)) ;
#6040=DIRECTION('Axis2P3D Direction',(0.,0.,-1.)) ;
#6041=DIRECTION('Axis2P3D XDirection',(1.22464679915E-016,-1.,0.)) ;
#6045=DIRECTION('Vector Direction',(0.,0.,-1.)) ;
#6058=DIRECTION('Axis2P3D Direction',(0.,0.,-1.)) ;
#6059=DIRECTION('Axis2P3D XDirection',(0.,1.,0.)) ;
#6063=DIRECTION('Vector Direction',(0.,0.,-1.)) ;
#6076=DIRECTION('Axis2P3D Direction',(0.,0.,-1.)) ;
#6077=DIRECTION('Axis2P3D XDirection',(-0.274097037794,0.961702040069,0.)) ;
#6081=DIRECTION('Vector Direction',(0.,0.,-1.)) ;
#6094=DIRECTION('Axis2P3D Direction',(0.,0.,-1.)) ;
#6095=DIRECTION('Axis2P3D XDirection',(1.22464679915E-016,-1.,0.)) ;
#6099=DIRECTION('Vector Direction',(0.,0.,-1.)) ;
#6112=DIRECTION('Axis2P3D Direction',(0.,-1.,0.)) ;
#6113=DIRECTION('Axis2P3D XDirection',(0.,0.,-1.)) ;
#6117=DIRECTION('Vector Direction',(0.,0.,-1.)) ;
#6130=DIRECTION('Axis2P3D Direction',(-0.,0.,-1.)) ;
#6131=DIRECTION('Axis2P3D XDirection',(-1.,-1.22464679915E-016,0.)) ;
#6135=DIRECTION('Vector Direction',(0.,0.,-1.)) ;
#6148=DIRECTION('Axis2P3D Direction',(-1.,0.,0.)) ;
#6149=DIRECTION('Axis2P3D XDirection',(0.,0.,1.)) ;
#6153=DIRECTION('Vector Direction',(0.,0.,-1.)) ;
#6166=DIRECTION('Axis2P3D Direction',(0.,0.,-1.)) ;
#6167=DIRECTION('Axis2P3D XDirection',(1.22464679915E-016,-1.,0.)) ;
#6171=DIRECTION('Vector Direction',(0.,0.,-1.)) ;
#6184=DIRECTION('Axis2P3D Direction',(0.,-1.,0.)) ;
#6185=DIRECTION('Axis2P3D XDirection',(0.,0.,-1.)) ;
#6189=DIRECTION('Vector Direction',(0.,0.,1.)) ;
#6202=DIRECTION('Axis2P3D Direction',(0.,0.,1.)) ;
#6203=DIRECTION('Axis2P3D XDirection',(-1.,0.,0.)) ;
#6207=DIRECTION('Vector Direction',(0.,0.,1.)) ;
#6220=DIRECTION('Axis2P3D Direction',(-1.,0.,0.)) ;
#6221=DIRECTION('Axis2P3D XDirection',(0.,0.,1.)) ;
#6225=DIRECTION('Vector Direction',(0.,0.,1.)) ;
#6238=DIRECTION('Axis2P3D Direction',(0.,0.,1.)) ;
#6239=DIRECTION('Axis2P3D XDirection',(1.1830133532E-013,-1.,0.)) ;
#6243=DIRECTION('Vector Direction',(0.,0.,1.)) ;
#6256=DIRECTION('Axis2P3D Direction',(-1.,0.,0.)) ;
#6257=DIRECTION('Axis2P3D XDirection',(0.,0.,1.)) ;
#6261=DIRECTION('Vector Direction',(0.,0.,1.)) ;
#6274=DIRECTION('Axis2P3D Direction',(0.,0.,1.)) ;
#6275=DIRECTION('Axis2P3D XDirection',(-2.3697006468E-013,-1.,0.)) ;
#6279=DIRECTION('Vector Direction',(0.,0.,1.)) ;
#6292=DIRECTION('Axis2P3D Direction',(-1.,0.,0.)) ;
#6293=DIRECTION('Axis2P3D XDirection',(0.,0.,1.)) ;
#6297=DIRECTION('Vector Direction',(0.,0.,1.)) ;
#6310=DIRECTION('Axis2P3D Direction',(0.,0.,1.)) ;
#6311=DIRECTION('Axis2P3D XDirection',(-2.9618196468E-013,-1.,0.)) ;
#6315=DIRECTION('Vector Direction',(0.,0.,1.)) ;
#6328=DIRECTION('Axis2P3D Direction',(-1.,0.,0.)) ;
#6329=DIRECTION('Axis2P3D XDirection',(0.,0.,1.)) ;
#6333=DIRECTION('Vector Direction',(0.,0.,1.)) ;
#6346=DIRECTION('Axis2P3D Direction',(0.,0.,1.)) ;
#6347=DIRECTION('Axis2P3D XDirection',(-2.9618196468E-013,-1.,0.)) ;
#6351=DIRECTION('Vector Direction',(0.,0.,1.)) ;
#6364=DIRECTION('Axis2P3D Direction',(-1.,0.,0.)) ;
#6365=DIRECTION('Axis2P3D XDirection',(0.,0.,1.)) ;
#6369=DIRECTION('Vector Direction',(0.,0.,1.)) ;
#6382=DIRECTION('Axis2P3D Direction',(0.,0.,1.)) ;
#6383=DIRECTION('Axis2P3D XDirection',(-2.9618196468E-013,-1.,0.)) ;
#6387=DIRECTION('Vector Direction',(0.,0.,1.)) ;
#6400=DIRECTION('Axis2P3D Direction',(-1.,0.,0.)) ;
#6401=DIRECTION('Axis2P3D XDirection',(0.,0.,1.)) ;
#6405=DIRECTION('Vector Direction',(0.,0.,1.)) ;
#6418=DIRECTION('Axis2P3D Direction',(0.,0.,1.)) ;
#6419=DIRECTION('Axis2P3D XDirection',(-2.3697006468E-013,-1.,0.)) ;
#6423=DIRECTION('Vector Direction',(0.,0.,1.)) ;
#6436=DIRECTION('Axis2P3D Direction',(-1.,0.,0.)) ;
#6437=DIRECTION('Axis2P3D XDirection',(0.,0.,1.)) ;
#6441=DIRECTION('Vector Direction',(0.,0.,1.)) ;
#6454=DIRECTION('Axis2P3D Direction',(0.,-0.,1.)) ;
#6455=DIRECTION('Axis2P3D XDirection',(0.,1.,0.)) ;
#6459=DIRECTION('Vector Direction',(0.,0.,1.)) ;
#6472=DIRECTION('Axis2P3D Direction',(0.,1.,0.)) ;
#6473=DIRECTION('Axis2P3D XDirection',(0.,0.,1.)) ;
#6477=DIRECTION('Vector Direction',(0.,0.,1.)) ;
#6490=DIRECTION('Axis2P3D Direction',(0.,0.,1.)) ;
#6491=DIRECTION('Axis2P3D XDirection',(-1.,1.22464679915E-016,0.)) ;
#6495=DIRECTION('Vector Direction',(0.,0.,1.)) ;
#6508=DIRECTION('Axis2P3D Direction',(0.,1.,0.)) ;
#6509=DIRECTION('Axis2P3D XDirection',(0.,0.,1.)) ;
#6513=DIRECTION('Vector Direction',(0.,0.,1.)) ;
#6526=DIRECTION('Axis2P3D Direction',(0.,0.,1.)) ;
#6527=DIRECTION('Axis2P3D XDirection',(-1.,1.22464679915E-016,0.)) ;
#6531=DIRECTION('Vector Direction',(0.,0.,1.)) ;
#6544=DIRECTION('Axis2P3D Direction',(0.,1.,0.)) ;
#6545=DIRECTION('Axis2P3D XDirection',(0.,0.,1.)) ;
#6549=DIRECTION('Vector Direction',(0.,0.,1.)) ;
#6562=DIRECTION('Axis2P3D Direction',(0.,0.,1.)) ;
#6563=DIRECTION('Axis2P3D XDirection',(1.,0.,0.)) ;
#6567=DIRECTION('Vector Direction',(0.,0.,1.)) ;
#6580=DIRECTION('Axis2P3D Direction',(1.,0.,0.)) ;
#6581=DIRECTION('Axis2P3D XDirection',(0.,0.,-1.)) ;
#6585=DIRECTION('Vector Direction',(0.,0.,1.)) ;
#6598=DIRECTION('Axis2P3D Direction',(0.,-0.,1.)) ;
#6599=DIRECTION('Axis2P3D XDirection',(2.3697006468E-013,1.,0.)) ;
#6603=DIRECTION('Vector Direction',(0.,0.,1.)) ;
#6616=DIRECTION('Axis2P3D Direction',(1.,0.,0.)) ;
#6617=DIRECTION('Axis2P3D XDirection',(0.,0.,-1.)) ;
#6621=DIRECTION('Vector Direction',(0.,0.,1.)) ;
#6634=DIRECTION('Axis2P3D Direction',(0.,-0.,1.)) ;
#6635=DIRECTION('Axis2P3D XDirection',(2.3697006468E-013,1.,0.)) ;
#6639=DIRECTION('Vector Direction',(0.,0.,1.)) ;
#6652=DIRECTION('Axis2P3D Direction',(1.,0.,0.)) ;
#6653=DIRECTION('Axis2P3D XDirection',(0.,0.,-1.)) ;
#6657=DIRECTION('Vector Direction',(0.,0.,1.)) ;
#6670=DIRECTION('Axis2P3D Direction',(0.,-0.,1.)) ;
#6671=DIRECTION('Axis2P3D XDirection',(2.9618196468E-013,1.,0.)) ;
#6675=DIRECTION('Vector Direction',(0.,0.,1.)) ;
#6688=DIRECTION('Axis2P3D Direction',(1.,0.,0.)) ;
#6689=DIRECTION('Axis2P3D XDirection',(0.,0.,-1.)) ;
#6693=DIRECTION('Vector Direction',(0.,0.,1.)) ;
#6706=DIRECTION('Axis2P3D Direction',(0.,-0.,1.)) ;
#6707=DIRECTION('Axis2P3D XDirection',(2.9618196468E-013,1.,0.)) ;
#6711=DIRECTION('Vector Direction',(0.,0.,1.)) ;
#6724=DIRECTION('Axis2P3D Direction',(1.,0.,0.)) ;
#6725=DIRECTION('Axis2P3D XDirection',(0.,0.,-1.)) ;
#6729=DIRECTION('Vector Direction',(0.,0.,1.)) ;
#6742=DIRECTION('Axis2P3D Direction',(0.,-0.,1.)) ;
#6743=DIRECTION('Axis2P3D XDirection',(2.9618196468E-013,1.,0.)) ;
#6747=DIRECTION('Vector Direction',(0.,0.,1.)) ;
#6760=DIRECTION('Axis2P3D Direction',(1.,0.,0.)) ;
#6761=DIRECTION('Axis2P3D XDirection',(0.,0.,-1.)) ;
#6765=DIRECTION('Vector Direction',(0.,0.,1.)) ;
#6778=DIRECTION('Axis2P3D Direction',(0.,-0.,1.)) ;
#6779=DIRECTION('Axis2P3D XDirection',(2.3697006468E-013,1.,0.)) ;
#6783=DIRECTION('Vector Direction',(0.,0.,1.)) ;
#6796=DIRECTION('Axis2P3D Direction',(1.,0.,0.)) ;
#6797=DIRECTION('Axis2P3D XDirection',(0.,0.,-1.)) ;
#6801=DIRECTION('Vector Direction',(0.,1.16415321827E-011,1.)) ;
#6814=DIRECTION('Axis2P3D Direction',(0.,0.,1.)) ;
#6815=DIRECTION('Axis2P3D XDirection',(0.,-1.,0.)) ;
#6819=DIRECTION('Vector Direction',(0.,0.,1.)) ;
#6832=DIRECTION('Axis2P3D Direction',(0.,-1.,0.)) ;
#6833=DIRECTION('Axis2P3D XDirection',(0.,0.,-1.)) ;
#6837=DIRECTION('Vector Direction',(0.,0.,-1.)) ;
#6850=DIRECTION('Axis2P3D Direction',(0.,0.,-1.)) ;
#6851=DIRECTION('Axis2P3D XDirection',(-1.,0.,0.)) ;
#6855=DIRECTION('Vector Direction',(0.,0.,-1.)) ;
#6868=DIRECTION('Axis2P3D Direction',(1.,0.,0.)) ;
#6869=DIRECTION('Axis2P3D XDirection',(0.,0.,-1.)) ;
#6873=DIRECTION('Vector Direction',(0.,0.,1.)) ;
#6886=DIRECTION('Axis2P3D Direction',(0.,0.,-1.)) ;
#6887=DIRECTION('Axis2P3D XDirection',(0.,-1.,0.)) ;
#6891=DIRECTION('Vector Direction',(0.,0.,-1.)) ;
#6904=DIRECTION('Axis2P3D Direction',(0.,-1.,0.)) ;
#6905=DIRECTION('Axis2P3D XDirection',(0.,0.,-1.)) ;
#6909=DIRECTION('Vector Direction',(0.,0.,-1.)) ;
#6922=DIRECTION('Axis2P3D Direction',(-0.,0.,-1.)) ;
#6923=DIRECTION('Axis2P3D XDirection',(-0.630367794943,-0.776296620564,0.)) ;
#6927=DIRECTION('Vector Direction',(0.,0.,-1.)) ;
#6940=DIRECTION('Axis2P3D Direction',(0.,0.,-1.)) ;
#6941=DIRECTION('Axis2P3D XDirection',(0.630367794943,0.776296620564,0.)) ;
#6945=DIRECTION('Vector Direction',(0.,0.,-1.)) ;
#6958=DIRECTION('Axis2P3D Direction',(0.,0.,-1.)) ;
#6959=DIRECTION('Axis2P3D XDirection',(0.,-1.,0.)) ;
#6963=DIRECTION('Vector Direction',(0.,0.,-1.)) ;
#6976=DIRECTION('Axis2P3D Direction',(0.,0.,-1.)) ;
#6977=DIRECTION('Axis2P3D XDirection',(-1.22464679915E-016,1.,0.)) ;
#6981=DIRECTION('Vector Direction',(0.,0.,-1.)) ;
#6994=DIRECTION('Axis2P3D Direction',(0.,0.,-1.)) ;
#6995=DIRECTION('Axis2P3D XDirection',(-0.274097037794,0.961702040069,0.)) ;
#6999=DIRECTION('Vector Direction',(0.,0.,-1.)) ;
#7012=DIRECTION('Axis2P3D Direction',(0.,0.,-1.)) ;
#7013=DIRECTION('Axis2P3D XDirection',(0.169072650868,-0.985603591069,0.)) ;
#7017=DIRECTION('Vector Direction',(0.,0.,-1.)) ;
#7030=DIRECTION('Axis2P3D Direction',(0.,0.,-1.)) ;
#7031=DIRECTION('Axis2P3D XDirection',(-0.169072650869,0.985603591069,0.)) ;
#7035=DIRECTION('Vector Direction',(0.,0.,-1.)) ;
#7048=DIRECTION('Axis2P3D Direction',(0.,0.,-1.)) ;
#7049=DIRECTION('Axis2P3D XDirection',(1.,0.,0.)) ;
#7053=DIRECTION('Vector Direction',(0.,0.,-1.)) ;
#7066=DIRECTION('Axis2P3D Direction',(-0.,0.,-1.)) ;
#7067=DIRECTION('Axis2P3D XDirection',(-1.,-1.22464679915E-016,0.)) ;
#7071=DIRECTION('Vector Direction',(0.,0.,-1.)) ;
#7084=DIRECTION('Axis2P3D Direction',(-0.,0.,-1.)) ;
#7085=DIRECTION('Axis2P3D XDirection',(-0.961702040069,-0.274097037794,0.)) ;
#7089=DIRECTION('Vector Direction',(0.,0.,-1.)) ;
#7102=DIRECTION('Axis2P3D Direction',(0.,0.,-1.)) ;
#7103=DIRECTION('Axis2P3D XDirection',(0.985603591069,0.169072650868,0.)) ;
#7107=DIRECTION('Vector Direction',(0.,0.,-1.)) ;
#7120=DIRECTION('Axis2P3D Direction',(-0.,0.,-1.)) ;
#7121=DIRECTION('Axis2P3D XDirection',(-0.985603591069,-0.169072650868,0.)) ;
#7125=DIRECTION('Vector Direction',(0.,0.,-1.)) ;
#7138=DIRECTION('Axis2P3D Direction',(0.,0.,-1.)) ;
#7139=DIRECTION('Axis2P3D XDirection',(0.,1.,0.)) ;
#7143=DIRECTION('Vector Direction',(0.,0.,-1.)) ;
#7156=DIRECTION('Axis2P3D Direction',(0.,0.,-1.)) ;
#7157=DIRECTION('Axis2P3D XDirection',(1.22464679915E-016,-1.,0.)) ;
#7161=DIRECTION('Vector Direction',(0.,0.,-1.)) ;
#7174=DIRECTION('Axis2P3D Direction',(0.,0.,-1.)) ;
#7175=DIRECTION('Axis2P3D XDirection',(0.274097037794,-0.961702040069,0.)) ;
#7179=DIRECTION('Vector Direction',(0.,0.,-1.)) ;
#7192=DIRECTION('Axis2P3D Direction',(0.,0.,-1.)) ;
#7193=DIRECTION('Axis2P3D XDirection',(-0.169072650868,0.985603591069,0.)) ;
#7197=DIRECTION('Vector Direction',(0.,0.,-1.)) ;
#7210=DIRECTION('Axis2P3D Direction',(0.,0.,-1.)) ;
#7211=DIRECTION('Axis2P3D XDirection',(0.169072650869,-0.985603591069,0.)) ;
#7215=DIRECTION('Vector Direction',(0.,0.,-1.)) ;
#7228=DIRECTION('Axis2P3D Direction',(0.,0.,-1.)) ;
#7229=DIRECTION('Axis2P3D XDirection',(0.,1.,0.)) ;
#7233=DIRECTION('Vector Direction',(0.,0.,-1.)) ;
#7246=DIRECTION('Axis2P3D Direction',(0.,1.,0.)) ;
#7247=DIRECTION('Axis2P3D XDirection',(0.,0.,1.)) ;
#7251=DIRECTION('Vector Direction',(0.,0.,-1.)) ;
#7264=DIRECTION('Axis2P3D Direction',(0.,0.,-1.)) ;
#7265=DIRECTION('Axis2P3D XDirection',(1.,0.,0.)) ;
#7269=DIRECTION('Vector Direction',(0.,0.,-1.)) ;
#7282=DIRECTION('Axis2P3D Direction',(1.,0.,0.)) ;
#7283=DIRECTION('Axis2P3D XDirection',(0.,0.,-1.)) ;
#7287=DIRECTION('Vector Direction',(0.,0.,1.)) ;
#7300=DIRECTION('Axis2P3D Direction',(0.,0.,-1.)) ;
#7301=DIRECTION('Axis2P3D XDirection',(0.,-1.,0.)) ;
#7305=DIRECTION('Vector Direction',(0.,0.,-1.)) ;
#7318=DIRECTION('Axis2P3D Direction',(-1.144554E-013,-1.,-0.)) ;
#7319=DIRECTION('Axis2P3D XDirection',(0.,0.,-1.)) ;
#7323=DIRECTION('Vector Direction',(0.,0.,-1.)) ;
#7336=DIRECTION('Axis2P3D Direction',(0.,0.,-1.)) ;
#7337=DIRECTION('Axis2P3D XDirection',(-1.22464679915E-016,1.,0.)) ;
#7341=DIRECTION('Vector Direction',(0.,0.,-1.)) ;
#7354=DIRECTION('Axis2P3D Direction',(0.,0.,-1.)) ;
#7355=DIRECTION('Axis2P3D XDirection',(0.199325310278,-0.979933375635,0.)) ;
#7359=DIRECTION('Vector Direction',(0.,0.,-1.)) ;
#7372=DIRECTION('Axis2P3D Direction',(0.,0.,-1.)) ;
#7373=DIRECTION('Axis2P3D XDirection',(-0.199325310278,0.979933375635,0.)) ;
#7377=DIRECTION('Vector Direction',(0.,0.,-1.)) ;
#7390=DIRECTION('Axis2P3D Direction',(0.,-1.,0.)) ;
#7391=DIRECTION('Axis2P3D XDirection',(0.,0.,-1.)) ;
#7395=DIRECTION('Vector Direction',(0.,0.,-1.)) ;
#7408=DIRECTION('Axis2P3D Direction',(1.,0.,0.)) ;
#7409=DIRECTION('Axis2P3D XDirection',(0.,0.,-1.)) ;
#7413=DIRECTION('Vector Direction',(0.,0.,-1.)) ;
#7426=DIRECTION('Axis2P3D Direction',(0.,1.,0.)) ;
#7427=DIRECTION('Axis2P3D XDirection',(0.,0.,1.)) ;
#7431=DIRECTION('Vector Direction',(0.,0.,-1.)) ;
#7444=DIRECTION('Axis2P3D Direction',(1.,0.,0.)) ;
#7445=DIRECTION('Axis2P3D XDirection',(0.,0.,-1.)) ;
#7449=DIRECTION('Vector Direction',(0.,0.,-1.)) ;
#7462=DIRECTION('Axis2P3D Direction',(0.,-1.,0.)) ;
#7463=DIRECTION('Axis2P3D XDirection',(0.,0.,-1.)) ;
#7467=DIRECTION('Vector Direction',(0.,0.,-1.)) ;
#7480=DIRECTION('Axis2P3D Direction',(1.,0.,0.)) ;
#7481=DIRECTION('Axis2P3D XDirection',(0.,0.,-1.)) ;
#7485=DIRECTION('Vector Direction',(0.,0.,-1.)) ;
#7498=DIRECTION('Axis2P3D Direction',(0.,1.,0.)) ;
#7499=DIRECTION('Axis2P3D XDirection',(0.,0.,1.)) ;
#7503=DIRECTION('Vector Direction',(0.,0.,-1.)) ;
#7516=DIRECTION('Axis2P3D Direction',(1.,0.,0.)) ;
#7517=DIRECTION('Axis2P3D XDirection',(0.,0.,-1.)) ;
#7521=DIRECTION('Vector Direction',(0.,0.,-1.)) ;
#7534=DIRECTION('Axis2P3D Direction',(0.,-1.,0.)) ;
#7535=DIRECTION('Axis2P3D XDirection',(0.,0.,-1.)) ;
#7539=DIRECTION('Vector Direction',(0.,0.,-1.)) ;
#7552=DIRECTION('Axis2P3D Direction',(1.,0.,0.)) ;
#7553=DIRECTION('Axis2P3D XDirection',(0.,0.,-1.)) ;
#7557=DIRECTION('Vector Direction',(0.,0.,-1.)) ;
#7570=DIRECTION('Axis2P3D Direction',(0.,1.,0.)) ;
#7571=DIRECTION('Axis2P3D XDirection',(0.,0.,1.)) ;
#7575=DIRECTION('Vector Direction',(0.,0.,-1.)) ;
#7588=DIRECTION('Axis2P3D Direction',(1.,0.,0.)) ;
#7589=DIRECTION('Axis2P3D XDirection',(0.,0.,-1.)) ;
#7593=DIRECTION('Vector Direction',(0.,0.,-1.)) ;
#7606=DIRECTION('Axis2P3D Direction',(0.,-1.,0.)) ;
#7607=DIRECTION('Axis2P3D XDirection',(0.,0.,-1.)) ;
#7611=DIRECTION('Vector Direction',(0.,0.,-1.)) ;
#7624=DIRECTION('Axis2P3D Direction',(1.,0.,0.)) ;
#7625=DIRECTION('Axis2P3D XDirection',(0.,0.,-1.)) ;
#7629=DIRECTION('Vector Direction',(0.,0.,-1.)) ;
#7642=DIRECTION('Axis2P3D Direction',(0.,1.,0.)) ;
#7643=DIRECTION('Axis2P3D XDirection',(0.,0.,1.)) ;
#7647=DIRECTION('Vector Direction',(0.,0.,-1.)) ;
#7660=DIRECTION('Axis2P3D Direction',(1.,0.,0.)) ;
#7661=DIRECTION('Axis2P3D XDirection',(0.,0.,-1.)) ;
#7665=DIRECTION('Vector Direction',(0.,0.,-1.)) ;
#7678=DIRECTION('Axis2P3D Direction',(0.,-1.,0.)) ;
#7679=DIRECTION('Axis2P3D XDirection',(0.,0.,-1.)) ;
#7683=DIRECTION('Vector Direction',(0.,0.,-1.)) ;
#7696=DIRECTION('Axis2P3D Direction',(1.,0.,0.)) ;
#7697=DIRECTION('Axis2P3D XDirection',(0.,0.,-1.)) ;
#7701=DIRECTION('Vector Direction',(0.,0.,-1.)) ;
#7714=DIRECTION('Axis2P3D Direction',(0.,1.,0.)) ;
#7715=DIRECTION('Axis2P3D XDirection',(0.,0.,1.)) ;
#7719=DIRECTION('Vector Direction',(0.,0.,-1.)) ;
#7732=DIRECTION('Axis2P3D Direction',(1.,0.,0.)) ;
#7733=DIRECTION('Axis2P3D XDirection',(0.,0.,-1.)) ;
#7737=DIRECTION('Vector Direction',(0.,0.,-1.)) ;
#7750=DIRECTION('Axis2P3D Direction',(0.,-1.,0.)) ;
#7751=DIRECTION('Axis2P3D XDirection',(0.,0.,-1.)) ;
#7755=DIRECTION('Vector Direction',(0.,0.,-1.)) ;
#7768=DIRECTION('Axis2P3D Direction',(1.,0.,0.)) ;
#7769=DIRECTION('Axis2P3D XDirection',(0.,0.,-1.)) ;
#7773=DIRECTION('Vector Direction',(0.,0.,-1.)) ;
#7786=DIRECTION('Axis2P3D Direction',(0.,1.,0.)) ;
#7787=DIRECTION('Axis2P3D XDirection',(0.,0.,1.)) ;
#7791=DIRECTION('Vector Direction',(0.,0.,-1.)) ;
#7804=DIRECTION('Axis2P3D Direction',(1.,0.,0.)) ;
#7805=DIRECTION('Axis2P3D XDirection',(0.,0.,-1.)) ;
#7809=DIRECTION('Vector Direction',(0.,0.,-1.)) ;
#7822=DIRECTION('Axis2P3D Direction',(0.,-1.,0.)) ;
#7823=DIRECTION('Axis2P3D XDirection',(0.,0.,-1.)) ;
#7827=DIRECTION('Vector Direction',(0.,0.,-1.)) ;
#7840=DIRECTION('Axis2P3D Direction',(1.,0.,0.)) ;
#7841=DIRECTION('Axis2P3D XDirection',(0.,0.,-1.)) ;
#7845=DIRECTION('Vector Direction',(0.,0.,-1.)) ;
#7858=DIRECTION('Axis2P3D Direction',(0.,1.,0.)) ;
#7859=DIRECTION('Axis2P3D XDirection',(0.,0.,1.)) ;
#7863=DIRECTION('Vector Direction',(0.,0.,-1.)) ;
#7876=DIRECTION('Axis2P3D Direction',(1.,0.,0.)) ;
#7877=DIRECTION('Axis2P3D XDirection',(0.,0.,-1.)) ;
#7881=DIRECTION('Vector Direction',(0.,0.,-1.)) ;
#7894=DIRECTION('Axis2P3D Direction',(0.,-1.,0.)) ;
#7895=DIRECTION('Axis2P3D XDirection',(0.,0.,-1.)) ;
#7899=DIRECTION('Vector Direction',(0.,0.,-1.)) ;
#7912=DIRECTION('Axis2P3D Direction',(1.,0.,0.)) ;
#7913=DIRECTION('Axis2P3D XDirection',(0.,0.,-1.)) ;
#7917=DIRECTION('Vector Direction',(0.,0.,-1.)) ;
#7930=DIRECTION('Axis2P3D Direction',(0.,1.,0.)) ;
#7931=DIRECTION('Axis2P3D XDirection',(0.,0.,1.)) ;
#7935=DIRECTION('Vector Direction',(0.,0.,-1.)) ;
#7948=DIRECTION('Axis2P3D Direction',(1.,0.,0.)) ;
#7949=DIRECTION('Axis2P3D XDirection',(0.,0.,-1.)) ;
#7953=DIRECTION('Vector Direction',(0.,0.,-1.)) ;
#7966=DIRECTION('Axis2P3D Direction',(0.,-1.,0.)) ;
#7967=DIRECTION('Axis2P3D XDirection',(0.,0.,-1.)) ;
#7971=DIRECTION('Vector Direction',(0.,0.,-1.)) ;
#7984=DIRECTION('Axis2P3D Direction',(1.,0.,0.)) ;
#7985=DIRECTION('Axis2P3D XDirection',(0.,0.,-1.)) ;
#7989=DIRECTION('Vector Direction',(0.,0.,-1.)) ;
#8002=DIRECTION('Axis2P3D Direction',(0.,1.,0.)) ;
#8003=DIRECTION('Axis2P3D XDirection',(0.,0.,1.)) ;
#8007=DIRECTION('Vector Direction',(0.,0.,-1.)) ;
#8020=DIRECTION('Axis2P3D Direction',(1.,0.,0.)) ;
#8021=DIRECTION('Axis2P3D XDirection',(0.,0.,-1.)) ;
#8025=DIRECTION('Vector Direction',(0.,0.,-1.)) ;
#8038=DIRECTION('Axis2P3D Direction',(0.,-1.,0.)) ;
#8039=DIRECTION('Axis2P3D XDirection',(0.,0.,-1.)) ;
#8043=DIRECTION('Vector Direction',(0.,0.,-1.)) ;
#8056=DIRECTION('Axis2P3D Direction',(1.,0.,0.)) ;
#8057=DIRECTION('Axis2P3D XDirection',(0.,0.,-1.)) ;
#8061=DIRECTION('Vector Direction',(0.,0.,-1.)) ;
#8074=DIRECTION('Axis2P3D Direction',(0.,1.,0.)) ;
#8075=DIRECTION('Axis2P3D XDirection',(0.,0.,1.)) ;
#8079=DIRECTION('Vector Direction',(0.,0.,-1.)) ;
#8092=DIRECTION('Axis2P3D Direction',(1.,0.,0.)) ;
#8093=DIRECTION('Axis2P3D XDirection',(0.,0.,-1.)) ;
#8097=DIRECTION('Vector Direction',(0.,0.,-1.)) ;
#8110=DIRECTION('Axis2P3D Direction',(0.,-1.,0.)) ;
#8111=DIRECTION('Axis2P3D XDirection',(0.,0.,-1.)) ;
#8115=DIRECTION('Vector Direction',(0.,0.,-1.)) ;
#8128=DIRECTION('Axis2P3D Direction',(1.,0.,0.)) ;
#8129=DIRECTION('Axis2P3D XDirection',(0.,0.,-1.)) ;
#8133=DIRECTION('Vector Direction',(0.,0.,-1.)) ;
#8146=DIRECTION('Axis2P3D Direction',(0.,1.,0.)) ;
#8147=DIRECTION('Axis2P3D XDirection',(0.,0.,1.)) ;
#8151=DIRECTION('Vector Direction',(0.,0.,-1.)) ;
#8164=DIRECTION('Axis2P3D Direction',(-0.,0.,-1.)) ;
#8165=DIRECTION('Axis2P3D XDirection',(-1.,-1.22464679915E-016,0.)) ;
#8169=DIRECTION('Vector Direction',(0.,0.,-1.)) ;
#8182=DIRECTION('Axis2P3D Direction',(0.,0.,-1.)) ;
#8183=DIRECTION('Axis2P3D XDirection',(0.707106781187,-0.707106781187,0.)) ;
#8187=DIRECTION('Vector Direction',(0.,0.,-1.)) ;
#8200=DIRECTION('Axis2P3D Direction',(0.707106781187,-0.707106781187,0.)) ;
#8201=DIRECTION('Axis2P3D XDirection',(0.,0.,-1.)) ;
#8205=DIRECTION('Vector Direction',(0.,0.,-1.)) ;
#8218=DIRECTION('Axis2P3D Direction',(-0.,0.,-1.)) ;
#8219=DIRECTION('Axis2P3D XDirection',(-0.577374564864,-0.816479400749,0.)) ;
#8223=DIRECTION('Vector Direction',(0.,0.,-1.)) ;
#8236=DIRECTION('Axis2P3D Direction',(0.,0.,-1.)) ;
#8237=DIRECTION('Axis2P3D XDirection',(0.577374564864,0.816479400749,0.)) ;
#8241=DIRECTION('Vector Direction',(0.,0.,-1.)) ;
#8254=DIRECTION('Axis2P3D Direction',(0.,0.,-1.)) ;
#8255=DIRECTION('Axis2P3D XDirection',(-0.486210159886,0.873841908141,0.)) ;
#8259=DIRECTION('Vector Direction',(0.,0.,-1.)) ;
#8272=DIRECTION('Axis2P3D Direction',(0.,0.,-1.)) ;
#8273=DIRECTION('Axis2P3D XDirection',(-0.873841908141,0.486210159886,0.)) ;
#8277=DIRECTION('Vector Direction',(0.,0.,-1.)) ;
#8290=DIRECTION('Axis2P3D Direction',(0.,0.,-1.)) ;
#8291=DIRECTION('Axis2P3D XDirection',(0.816479400749,-0.577374564865,0.)) ;
#8295=DIRECTION('Vector Direction',(0.,0.,-1.)) ;
#8308=DIRECTION('Axis2P3D Direction',(0.,0.,-1.)) ;
#8309=DIRECTION('Axis2P3D XDirection',(-0.816479400749,0.577374564864,0.)) ;
#8313=DIRECTION('Vector Direction',(0.,0.,-1.)) ;
#8326=DIRECTION('Axis2P3D Direction',(-0.,0.,-1.)) ;
#8327=DIRECTION('Axis2P3D XDirection',(-0.873841908141,-0.486210159886,0.)) ;
#8331=DIRECTION('Vector Direction',(0.,0.,-1.)) ;
#8344=DIRECTION('Axis2P3D Direction',(-0.,0.,-1.)) ;
#8345=DIRECTION('Axis2P3D XDirection',(-0.486210159886,-0.873841908141,0.)) ;
#8349=DIRECTION('Vector Direction',(0.,0.,-1.)) ;
#8362=DIRECTION('Axis2P3D Direction',(0.,0.,-1.)) ;
#8363=DIRECTION('Axis2P3D XDirection',(0.577374564864,0.816479400749,0.)) ;
#8367=DIRECTION('Vector Direction',(0.,0.,-1.)) ;
#8380=DIRECTION('Axis2P3D Direction',(-0.,0.,-1.)) ;
#8381=DIRECTION('Axis2P3D XDirection',(-0.577374564864,-0.816479400749,0.)) ;
#8385=DIRECTION('Vector Direction',(0.,0.,-1.)) ;
#8398=DIRECTION('Axis2P3D Direction',(0.,0.,-1.)) ;
#8399=DIRECTION('Axis2P3D XDirection',(0.486210159886,-0.873841908141,0.)) ;
#8403=DIRECTION('Vector Direction',(0.,0.,-1.)) ;
#8416=DIRECTION('Axis2P3D Direction',(0.,0.,-1.)) ;
#8417=DIRECTION('Axis2P3D XDirection',(0.873841908141,-0.486210159886,0.)) ;
#8421=DIRECTION('Vector Direction',(0.,0.,-1.)) ;
#8434=DIRECTION('Axis2P3D Direction',(0.,0.,-1.)) ;
#8435=DIRECTION('Axis2P3D XDirection',(-0.691176470589,0.722686022077,0.)) ;
#8439=DIRECTION('Vector Direction',(0.,0.,-1.)) ;
#8452=DIRECTION('Axis2P3D Direction',(0.,0.,-1.)) ;
#8453=DIRECTION('Axis2P3D XDirection',(1.,0.,0.)) ;
#8457=DIRECTION('Vector Direction',(0.,0.,-1.)) ;
#8470=DIRECTION('Axis2P3D Direction',(1.,0.,0.)) ;
#8471=DIRECTION('Axis2P3D XDirection',(0.,0.,-1.)) ;
#8475=DIRECTION('Vector Direction',(0.,0.,-1.)) ;
#8488=DIRECTION('Axis2P3D Direction',(-0.,0.,-1.)) ;
#8489=DIRECTION('Axis2P3D XDirection',(-1.,-1.22464679915E-016,0.)) ;
#8493=DIRECTION('Vector Direction',(0.,0.,-1.)) ;
#8506=DIRECTION('Axis2P3D Direction',(0.,1.,0.)) ;
#8507=DIRECTION('Axis2P3D XDirection',(0.,0.,1.)) ;
#8511=DIRECTION('Vector Direction',(0.,0.,-1.)) ;
#8524=DIRECTION('Axis2P3D Direction',(0.,0.,-1.)) ;
#8525=DIRECTION('Axis2P3D XDirection',(1.22464679915E-016,-1.,0.)) ;
#8529=DIRECTION('Vector Direction',(0.,0.,-1.)) ;
#8542=DIRECTION('Axis2P3D Direction',(-1.,0.,0.)) ;
#8543=DIRECTION('Axis2P3D XDirection',(0.,0.,1.)) ;
#8565=DIRECTION('NONE',(1.,0.,0.)) ;
#8566=DIRECTION('NONE',(0.,0.,1.)) ;
#8567=DIRECTION('NONE',(1.,0.,0.)) ;
#8568=DIRECTION('NONE',(0.,0.,1.)) ;
#8578=DIRECTION('NONE',(1.,0.,0.)) ;
#8579=DIRECTION('NONE',(0.,0.,1.)) ;
#8580=DIRECTION('NONE',(1.,0.,0.)) ;
#8581=DIRECTION('NONE',(0.,0.,1.)) ;
#8594=DIRECTION('Axis2P3D Direction',(0.,1.,0.)) ;
#8595=DIRECTION('Axis2P3D XDirection',(0.,0.,1.)) ;
#8599=DIRECTION('Vector Direction',(-1.,0.,0.)) ;
#8608=DIRECTION('Vector Direction',(0.,0.,1.)) ;
#8615=DIRECTION('Vector Direction',(1.,0.,0.)) ;
#8622=DIRECTION('Vector Direction',(0.,0.,-1.)) ;
#8642=DIRECTION('Axis2P3D Direction',(0.,0.,1.)) ;
#8643=DIRECTION('Axis2P3D XDirection',(1.,0.,0.)) ;
#8647=DIRECTION('Vector Direction',(0.,1.,0.)) ;
#8675=DIRECTION('Vector Direction',(-1.,0.,0.)) ;
#8701=DIRECTION('Vector Direction',(0.,-1.,0.)) ;
#8727=DIRECTION('Vector Direction',(1.,0.,0.)) ;
#8977=DIRECTION('Vector Direction',(0.,1.,0.)) ;
#8984=DIRECTION('Axis2P3D Direction',(0.,0.,1.)) ;
#8991=DIRECTION('Vector Direction',(-1.,0.,0.)) ;
#8998=DIRECTION('Vector Direction',(0.,1.,0.)) ;
#9005=DIRECTION('Vector Direction',(1.,0.,0.)) ;
#9012=DIRECTION('Axis2P3D Direction',(0.,0.,1.)) ;
#9019=DIRECTION('Vector Direction',(0.,1.,0.)) ;
#9026=DIRECTION('Vector Direction',(1.,0.,0.)) ;
#9033=DIRECTION('Vector Direction',(0.,-1.,0.)) ;
#9040=DIRECTION('Axis2P3D Direction',(0.,0.,1.)) ;
#9047=DIRECTION('Vector Direction',(1.,0.,0.)) ;
#9054=DIRECTION('Vector Direction',(0.,-1.,0.)) ;
#9061=DIRECTION('Vector Direction',(-1.,0.,0.)) ;
#9068=DIRECTION('Axis2P3D Direction',(0.,0.,1.)) ;
#9075=DIRECTION('Vector Direction',(0.,-1.,0.)) ;
#9100=DIRECTION('Axis2P3D Direction',(-1.,0.,0.)) ;
#9101=DIRECTION('Axis2P3D XDirection',(0.,0.,1.)) ;
#9105=DIRECTION('Vector Direction',(0.,0.,-1.)) ;
#9112=DIRECTION('Vector Direction',(0.,-1.,1.006835216E-009)) ;
#9125=DIRECTION('Axis2P3D Direction',(0.,0.,-1.)) ;
#9126=DIRECTION('Axis2P3D XDirection',(-1.,0.,0.)) ;
#9130=DIRECTION('Axis2P3D Direction',(0.,0.,-1.)) ;
#9139=DIRECTION('Vector Direction',(1.,0.,0.)) ;
#9146=DIRECTION('Axis2P3D Direction',(0.,0.,-1.)) ;
#9153=DIRECTION('Vector Direction',(0.,-1.,0.)) ;
#9160=DIRECTION('Axis2P3D Direction',(0.,0.,-1.)) ;
#9167=DIRECTION('Vector Direction',(-1.,0.,0.)) ;
#9174=DIRECTION('Axis2P3D Direction',(0.,0.,-1.)) ;
#9181=DIRECTION('Vector Direction',(0.,1.,0.)) ;
#9412=DIRECTION('Vector Direction',(1.,0.,0.)) ;
#9437=DIRECTION('Vector Direction',(0.,-1.,0.)) ;
#9444=DIRECTION('Vector Direction',(-1.,0.,0.)) ;
#9451=DIRECTION('Vector Direction',(0.,1.,0.)) ;
#9474=DIRECTION('Vector Direction',(1.,0.,0.)) ;
#9481=DIRECTION('Vector Direction',(0.,-1.,0.)) ;
#9488=DIRECTION('Vector Direction',(-1.,0.,0.)) ;
#9511=DIRECTION('Vector Direction',(0.,1.,0.)) ;
#9532=DIRECTION('Vector Direction',(-1.,0.,0.)) ;
#9539=DIRECTION('Vector Direction',(0.,1.,0.)) ;
#9564=DIRECTION('Axis2P3D Direction',(1.,0.,0.)) ;
#9565=DIRECTION('Axis2P3D XDirection',(0.,0.,-1.)) ;
#9569=DIRECTION('Vector Direction',(0.,0.,-1.)) ;
#9582=DIRECTION('Axis2P3D Direction',(1.,0.,0.)) ;
#9583=DIRECTION('Axis2P3D XDirection',(0.,0.,-1.)) ;
#9587=DIRECTION('Vector Direction',(0.,0.,1.)) ;
#9594=DIRECTION('Vector Direction',(0.,1.,0.)) ;
#9601=DIRECTION('Vector Direction',(0.,0.,-1.)) ;
#9614=DIRECTION('Axis2P3D Direction',(0.,0.,-1.)) ;
#9615=DIRECTION('Axis2P3D XDirection',(1.,0.,0.)) ;
#9629=DIRECTION('Vector Direction',(0.,0.,-1.)) ;
#9642=DIRECTION('Axis2P3D Direction',(0.,1.,0.)) ;
#9643=DIRECTION('Axis2P3D XDirection',(0.,0.,1.)) ;
#9647=DIRECTION('Vector Direction',(-1.,0.,0.)) ;
#9654=DIRECTION('Vector Direction',(0.,0.,1.)) ;
#9667=DIRECTION('Axis2P3D Direction',(0.,0.,-1.)) ;
#9668=DIRECTION('Axis2P3D XDirection',(0.,1.,0.)) ;
#9672=DIRECTION('Axis2P3D Direction',(0.,0.,-1.)) ;
#9679=DIRECTION('Vector Direction',(0.,0.,-1.)) ;
#9692=DIRECTION('Axis2P3D Direction',(-1.,0.,0.)) ;
#9693=DIRECTION('Axis2P3D XDirection',(0.,0.,1.)) ;
#9697=DIRECTION('Vector Direction',(0.,-1.,-4.12728816574E-011)) ;
#9704=DIRECTION('Vector Direction',(0.,0.,1.)) ;
#9717=DIRECTION('Axis2P3D Direction',(0.,0.,-1.)) ;
#9718=DIRECTION('Axis2P3D XDirection',(-1.,0.,0.)) ;
#9722=DIRECTION('Axis2P3D Direction',(0.,0.,-1.)) ;
#9729=DIRECTION('Vector Direction',(0.,0.,-1.)) ;
#9742=DIRECTION('Axis2P3D Direction',(0.,-1.,0.)) ;
#9743=DIRECTION('Axis2P3D XDirection',(0.,0.,-1.)) ;
#9747=DIRECTION('Vector Direction',(1.,0.,-1.95799973638E-011)) ;
#9754=DIRECTION('Vector Direction',(0.,0.,1.)) ;
#9767=DIRECTION('Axis2P3D Direction',(0.,0.,-1.)) ;
#9768=DIRECTION('Axis2P3D XDirection',(0.,-1.,0.)) ;
#9772=DIRECTION('Axis2P3D Direction',(0.,0.,-1.)) ;
#9785=DIRECTION('Axis2P3D Direction',(0.,0.,1.)) ;
#9786=DIRECTION('Axis2P3D XDirection',(-1.,1.22464679915E-016,0.)) ;
#9790=DIRECTION('Vector Direction',(0.,0.,1.)) ;
#9795=DIRECTION('Vector Direction',(0.,0.,1.)) ;
#9808=DIRECTION('Axis2P3D Direction',(0.,0.,1.)) ;
#9809=DIRECTION('Axis2P3D XDirection',(1.,0.,0.)) ;
#9821=DIRECTION('Axis2P3D Direction',(0.,0.,1.)) ;
#9822=DIRECTION('Axis2P3D XDirection',(-1.,1.22464679915E-016,0.)) ;
#9826=DIRECTION('Vector Direction',(0.,0.,1.)) ;
#9831=DIRECTION('Vector Direction',(0.,0.,1.)) ;
#9844=DIRECTION('Axis2P3D Direction',(0.,0.,1.)) ;
#9845=DIRECTION('Axis2P3D XDirection',(1.,0.,0.)) ;
#9857=DIRECTION('Axis2P3D Direction',(0.,0.,1.)) ;
#9858=DIRECTION('Axis2P3D XDirection',(-1.,1.22464679915E-016,0.)) ;
#9862=DIRECTION('Vector Direction',(0.,0.,1.)) ;
#9867=DIRECTION('Vector Direction',(0.,0.,1.)) ;
#9880=DIRECTION('Axis2P3D Direction',(0.,0.,1.)) ;
#9881=DIRECTION('Axis2P3D XDirection',(1.,0.,0.)) ;
#9893=DIRECTION('Axis2P3D Direction',(0.,0.,1.)) ;
#9894=DIRECTION('Axis2P3D XDirection',(-1.,1.22464679915E-016,0.)) ;
#9898=DIRECTION('Vector Direction',(0.,0.,1.)) ;
#9903=DIRECTION('Vector Direction',(0.,0.,1.)) ;
#9916=DIRECTION('Axis2P3D Direction',(0.,0.,1.)) ;
#9917=DIRECTION('Axis2P3D XDirection',(1.,0.,0.)) ;
#9929=DIRECTION('Axis2P3D Direction',(-0.,0.,-1.)) ;
#9930=DIRECTION('Axis2P3D XDirection',(-1.,-1.22464679915E-016,0.)) ;
#9934=DIRECTION('Vector Direction',(0.,0.,-1.)) ;
#9947=DIRECTION('Axis2P3D Direction',(0.,1.,0.)) ;
#9948=DIRECTION('Axis2P3D XDirection',(0.,0.,1.)) ;
#9952=DIRECTION('Vector Direction',(0.,0.,1.)) ;
#9965=DIRECTION('Axis2P3D Direction',(1.,0.,0.)) ;
#9966=DIRECTION('Axis2P3D XDirection',(0.,0.,-1.)) ;
#9970=DIRECTION('Vector Direction',(0.,0.,-1.)) ;
#9983=DIRECTION('Axis2P3D Direction',(0.,-1.,0.)) ;
#9984=DIRECTION('Axis2P3D XDirection',(0.,0.,-1.)) ;
#9988=DIRECTION('Vector Direction',(0.,0.,-1.)) ;
#10001=DIRECTION('Axis2P3D Direction',(0.,0.,-1.)) ;
#10002=DIRECTION('Axis2P3D XDirection',(-1.22464679915E-016,1.,0.)) ;
#10006=DIRECTION('Vector Direction',(0.,0.,-1.)) ;
#10019=DIRECTION('Axis2P3D Direction',(1.,0.,0.)) ;
#10020=DIRECTION('Axis2P3D XDirection',(0.,0.,-1.)) ;
#10024=DIRECTION('Vector Direction',(0.,0.,1.)) ;
#10037=DIRECTION('Axis2P3D Direction',(0.,1.,0.)) ;
#10038=DIRECTION('Axis2P3D XDirection',(0.,0.,1.)) ;
#10042=DIRECTION('Vector Direction',(0.,0.,-1.)) ;
#10055=DIRECTION('Axis2P3D Direction',(-1.,0.,0.)) ;
#10056=DIRECTION('Axis2P3D XDirection',(0.,0.,1.)) ;
#10060=DIRECTION('Vector Direction',(0.,0.,-1.)) ;
#10073=DIRECTION('Axis2P3D Direction',(0.,0.,-1.)) ;
#10074=DIRECTION('Axis2P3D XDirection',(1.,1.22464679915E-016,0.)) ;
#10078=DIRECTION('Vector Direction',(0.,0.,-1.)) ;
#10091=DIRECTION('Axis2P3D Direction',(0.,-1.,0.)) ;
#10092=DIRECTION('Axis2P3D XDirection',(0.,0.,-1.)) ;
#10096=DIRECTION('Vector Direction',(0.,0.,1.)) ;
#10109=DIRECTION('Axis2P3D Direction',(1.,0.,0.)) ;
#10110=DIRECTION('Axis2P3D XDirection',(0.,0.,-1.)) ;
#10114=DIRECTION('Vector Direction',(0.,0.,-1.)) ;
#10127=DIRECTION('Axis2P3D Direction',(0.,1.,0.)) ;
#10128=DIRECTION('Axis2P3D XDirection',(0.,0.,1.)) ;
#10132=DIRECTION('Vector Direction',(0.,0.,-1.)) ;
#10145=DIRECTION('Axis2P3D Direction',(0.,0.,-1.)) ;
#10146=DIRECTION('Axis2P3D XDirection',(1.22464679915E-016,-1.,0.)) ;
#10158=DIRECTION('Axis2P3D Direction',(0.,0.,-1.)) ;
#10159=DIRECTION('Axis2P3D XDirection',(0.,-1.,0.)) ;
#10163=DIRECTION('Vector Direction',(0.,0.,-1.)) ;
#10170=DIRECTION('Vector Direction',(0.,0.,-1.)) ;
#10177=DIRECTION('Axis2P3D Direction',(0.,0.,-1.)) ;
#10190=DIRECTION('Axis2P3D Direction',(0.,-1.,0.)) ;
#10191=DIRECTION('Axis2P3D XDirection',(0.,0.,-1.)) ;
#10195=DIRECTION('Vector Direction',(0.,0.,1.)) ;
#10202=DIRECTION('Vector Direction',(1.,0.,0.)) ;
#10215=DIRECTION('Axis2P3D Direction',(0.,0.,-1.)) ;
#10216=DIRECTION('Axis2P3D XDirection',(-1.,0.,0.)) ;
#10220=DIRECTION('Vector Direction',(0.,0.,-1.)) ;
#10227=DIRECTION('Axis2P3D Direction',(0.,0.,-1.)) ;
#10240=DIRECTION('Axis2P3D Direction',(-1.,0.,0.)) ;
#10241=DIRECTION('Axis2P3D XDirection',(0.,0.,1.)) ;
#10245=DIRECTION('Vector Direction',(0.,0.,1.)) ;
#10252=DIRECTION('Vector Direction',(0.,-1.,0.)) ;
#10265=DIRECTION('Axis2P3D Direction',(0.,0.,-1.)) ;
#10266=DIRECTION('Axis2P3D XDirection',(0.,1.,0.)) ;
#10270=DIRECTION('Vector Direction',(0.,0.,-1.)) ;
#10277=DIRECTION('Axis2P3D Direction',(0.,0.,-1.)) ;
#10290=DIRECTION('Axis2P3D Direction',(0.,1.,0.)) ;
#10291=DIRECTION('Axis2P3D XDirection',(0.,0.,1.)) ;
#10295=DIRECTION('Vector Direction',(0.,0.,1.)) ;
#10302=DIRECTION('Vector Direction',(-1.,0.,0.)) ;
#10315=DIRECTION('Axis2P3D Direction',(0.,0.,-1.)) ;
#10316=DIRECTION('Axis2P3D XDirection',(1.,0.,0.)) ;
#10320=DIRECTION('Vector Direction',(0.,0.,-1.)) ;
#10327=DIRECTION('Axis2P3D Direction',(0.,0.,-1.)) ;
#10340=DIRECTION('Axis2P3D Direction',(1.,0.,0.)) ;
#10341=DIRECTION('Axis2P3D XDirection',(0.,0.,-1.)) ;
#10345=DIRECTION('Vector Direction',(0.,1.,0.)) ;
#10358=DIRECTION('Axis2P3D Direction',(0.,0.,1.)) ;
#10359=DIRECTION('Axis2P3D XDirection',(1.,0.,0.)) ;
#10384=DIRECTION('Vector Direction',(0.,1.,0.)) ;
#10410=DIRECTION('Vector Direction',(-1.,0.,0.)) ;
#10436=DIRECTION('Vector Direction',(0.,-1.,0.)) ;
#10462=DIRECTION('Vector Direction',(1.,0.,0.)) ;
#10489=DIRECTION('Axis2P3D Direction',(0.,0.,-1.)) ;
#10490=DIRECTION('Axis2P3D XDirection',(-1.,0.,0.)) ;
#10515=DIRECTION('Vector Direction',(-1.,0.,0.)) ;
#10541=DIRECTION('Vector Direction',(0.,1.,0.)) ;
#10567=DIRECTION('Vector Direction',(1.,0.,0.)) ;
#10593=DIRECTION('Vector Direction',(0.,-1.,0.)) ;
#10620=DIRECTION('Axis2P3D Direction',(0.,0.,-1.)) ;
#10621=DIRECTION('Axis2P3D XDirection',(-1.,0.,0.)) ;
#10625=DIRECTION('Axis2P3D Direction',(-0.,-1.,-0.)) ;
#10634=DIRECTION('Axis2P3D Direction',(-0.,-1.,-0.)) ;
#10639=DIRECTION('Axis2P3D Direction',(-1.,-2.83276944882E-016,-0.)) ;
#10646=DIRECTION('Axis2P3D Direction',(-1.,-2.83276944882E-016,-0.)) ;
#10653=DIRECTION('Axis2P3D Direction',(0.,0.,-1.)) ;
#10668=DIRECTION('Axis2P3D Direction',(-2.95873414643E-016,1.,-1.70050968196E-016)) ;
#10669=DIRECTION('Axis2P3D XDirection',(-0.498303206851,0.,0.867002833929)) ;
#10673=DIRECTION('Vector Direction',(-2.95873547884E-016,1.,-1.70050951098E-016)) ;
#10680=DIRECTION('Axis2P3D Direction',(-2.95873414643E-016,1.,-1.70050968196E-016)) ;
#10693=DIRECTION('Axis2P3D Direction',(0.,0.,-1.)) ;
#10694=DIRECTION('Axis2P3D XDirection',(1.,0.,0.)) ;
#10698=DIRECTION('Axis2P3D Direction',(1.,2.83276944882E-016,0.)) ;
#10707=DIRECTION('Axis2P3D Direction',(1.,2.83276944882E-016,0.)) ;
#10712=DIRECTION('Axis2P3D Direction',(5.66553889765E-016,-1.,0.)) ;
#10719=DIRECTION('Axis2P3D Direction',(0.,0.,-1.)) ;
#10734=DIRECTION('Axis2P3D Direction',(-1.,-5.26362613407E-017,-3.02522861475E-017)) ;
#10735=DIRECTION('Axis2P3D XDirection',(0.,-0.498303206851,0.867002833929)) ;
#10739=DIRECTION('Vector Direction',(-1.,-5.26362953224E-017,-3.02522895623E-017)) ;
#10746=DIRECTION('Axis2P3D Direction',(-1.,-5.26362613407E-017,-3.02522861475E-017)) ;
#10759=DIRECTION('Axis2P3D Direction',(0.,0.,-1.)) ;
#10760=DIRECTION('Axis2P3D XDirection',(1.,-4.24343894039E-016,0.)) ;
#10764=DIRECTION('Axis2P3D Direction',(1.,8.09776557684E-017,0.)) ;
#10771=DIRECTION('Axis2P3D Direction',(0.,0.,-1.)) ;
#10778=DIRECTION('Axis2P3D Direction',(4.24343894039E-016,1.,0.)) ;
#10785=DIRECTION('Axis2P3D Direction',(4.24343894039E-016,1.,0.)) ;
#10800=DIRECTION('Axis2P3D Direction',(1.47936669737E-016,-1.,-8.50254624967E-017)) ;
#10801=DIRECTION('Axis2P3D XDirection',(0.498303206851,0.,0.867002833929)) ;
#10805=DIRECTION('Vector Direction',(1.47936418671E-016,-1.,-8.50254533447E-017)) ;
#10812=DIRECTION('Axis2P3D Direction',(1.47936669737E-016,-1.,-8.50254624967E-017)) ;
#10825=DIRECTION('Axis2P3D Direction',(0.,0.,-1.)) ;
#10826=DIRECTION('Axis2P3D XDirection',(-1.,0.,0.)) ;
#10830=DIRECTION('Axis2P3D Direction',(-5.66553889765E-016,1.,0.)) ;
#10837=DIRECTION('Axis2P3D Direction',(0.,0.,-1.)) ;
#10844=DIRECTION('Axis2P3D Direction',(-1.,1.78341058418E-010,0.)) ;
#10851=DIRECTION('Axis2P3D Direction',(-1.,1.82393372457E-010,0.)) ;
#10866=DIRECTION('Axis2P3D Direction',(1.,0.,-0.)) ;
#10867=DIRECTION('Axis2P3D XDirection',(0.,0.498303206851,0.867002833929)) ;
#10871=DIRECTION('Vector Direction',(1.,0.,0.)) ;
#10884=DIRECTION('Axis2P3D Direction',(0.,0.,-1.)) ;
#10885=DIRECTION('Axis2P3D XDirection',(-1.,0.,0.)) ;
#10889=DIRECTION('Axis2P3D Direction',(-0.,-1.,-0.)) ;
#10896=DIRECTION('Axis2P3D Direction',(-0.,-1.,-0.)) ;
#10903=DIRECTION('Axis2P3D Direction',(0.,0.,-1.)) ;
#10910=DIRECTION('Axis2P3D Direction',(-1.,-6.12323399574E-017,-0.)) ;
#10917=DIRECTION('Axis2P3D Direction',(-1.,-6.12323399574E-017,-0.)) ;
#10932=DIRECTION('Axis2P3D Direction',(1.,0.,0.)) ;
#10933=DIRECTION('Axis2P3D XDirection',(0.,-0.601083572997,0.799186172474)) ;
#10937=DIRECTION('Vector Direction',(1.,0.,0.)) ;
#10944=DIRECTION('Axis2P3D Direction',(1.,0.,0.)) ;
#10957=DIRECTION('Axis2P3D Direction',(0.,0.,-1.)) ;
#10958=DIRECTION('Axis2P3D XDirection',(-1.,0.,0.)) ;
#10962=DIRECTION('Axis2P3D Direction',(-1.22464679915E-016,1.,0.)) ;
#10971=DIRECTION('Axis2P3D Direction',(-1.22464679915E-016,1.,0.)) ;
#10976=DIRECTION('Axis2P3D Direction',(-1.,1.76126163483E-010,0.)) ;
#10983=DIRECTION('Axis2P3D Direction',(0.,0.,-1.)) ;
#10998=DIRECTION('Axis2P3D Direction',(1.25698682606E-016,-1.,9.45404410938E-017)) ;
#10999=DIRECTION('Axis2P3D XDirection',(-0.601083572997,1.92616557458E-032,0.799186172474)) ;
#11003=DIRECTION('Vector Direction',(1.25699273212E-016,-1.,9.4540464346E-017)) ;
#11010=DIRECTION('Axis2P3D Direction',(1.25698682606E-016,-1.,9.45404410938E-017)) ;
#11023=DIRECTION('Axis2P3D Direction',(0.,0.,-1.)) ;
#11024=DIRECTION('Axis2P3D XDirection',(1.,0.,0.)) ;
#11028=DIRECTION('Axis2P3D Direction',(1.,6.12323399574E-017,0.)) ;
#11037=DIRECTION('Axis2P3D Direction',(1.,6.12323399574E-017,0.)) ;
#11042=DIRECTION('Axis2P3D Direction',(-0.,1.,0.)) ;
#11049=DIRECTION('Axis2P3D Direction',(0.,0.,-1.)) ;
#11064=DIRECTION('Axis2P3D Direction',(-1.,-4.47239262557E-017,3.36377408896E-017)) ;
#11065=DIRECTION('Axis2P3D XDirection',(6.85334844631E-033,0.601083572997,0.799186172474)) ;
#11069=DIRECTION('Vector Direction',(-1.,-4.47238690526E-017,3.36377148358E-017)) ;
#11090=DIRECTION('Axis2P3D Direction',(0.,0.,-1.)) ;
#11091=DIRECTION('Axis2P3D XDirection',(1.,0.,0.)) ;
#11095=DIRECTION('Axis2P3D Direction',(1.,6.12323399574E-017,0.)) ;
#11102=DIRECTION('Axis2P3D Direction',(0.,0.,-1.)) ;
#11109=DIRECTION('Axis2P3D Direction',(1.22464679915E-016,-1.,0.)) ;
#11116=DIRECTION('Axis2P3D Direction',(1.22464679915E-016,-1.,0.)) ;
#11131=DIRECTION('Axis2P3D Direction',(-2.51397429081E-016,1.,1.89080930225E-016)) ;
#11132=DIRECTION('Axis2P3D XDirection',(0.601083572997,-3.85233212789E-032,0.799186172474)) ;
#11136=DIRECTION('Vector Direction',(-2.51397480611E-016,1.,1.89080928692E-016)) ;
#11149=DIRECTION('Axis2P3D Direction',(-2.95873414643E-016,1.,-1.70050968196E-016)) ;
#11150=DIRECTION('Axis2P3D XDirection',(0.498303206851,4.17923005572E-032,-0.867002833929)) ;
#11154=DIRECTION('Vector Direction',(-2.95873547884E-016,1.,-1.70050951098E-016)) ;
#11167=DIRECTION('Axis2P3D Direction',(1.,0.,0.)) ;
#11168=DIRECTION('Axis2P3D XDirection',(0.,-0.498303206851,-0.867002833929)) ;
#11172=DIRECTION('Vector Direction',(1.,0.,0.)) ;
#11222=DIRECTION('Axis2P3D Direction',(-1.,-5.26362613407E-017,-3.02522861475E-017)) ;
#11223=DIRECTION('Axis2P3D XDirection',(-7.43490406806E-033,0.498303206851,-0.867002833929)) ;
#11227=DIRECTION('Vector Direction',(-1.,-5.26362953224E-017,-3.02522895623E-017)) ;
#11314=DIRECTION('Axis2P3D Direction',(1.47936669737E-016,-1.,-8.50254624967E-017)) ;
#11315=DIRECTION('Axis2P3D XDirection',(-0.498303206851,-2.08961449697E-032,-0.867002833929)) ;
#11319=DIRECTION('Vector Direction',(1.47936418671E-016,-1.,-8.50254533447E-017)) ;
#11369=DIRECTION('Axis2P3D Direction',(-2.51397429081E-016,1.,1.89080930225E-016)) ;
#11370=DIRECTION('Axis2P3D XDirection',(-0.601083572997,0.,-0.799186172474)) ;
#11374=DIRECTION('Vector Direction',(-2.51397480611E-016,1.,1.89080928692E-016)) ;
#11424=DIRECTION('Axis2P3D Direction',(1.,0.,0.)) ;
#11425=DIRECTION('Axis2P3D XDirection',(0.,0.601083572997,-0.799186172474)) ;
#11429=DIRECTION('Vector Direction',(1.,0.,0.)) ;
#11442=DIRECTION('Axis2P3D Direction',(1.25698682606E-016,-1.,9.45404410938E-017)) ;
#11443=DIRECTION('Axis2P3D XDirection',(0.601083572997,0.,-0.799186172474)) ;
#11447=DIRECTION('Vector Direction',(1.25699273212E-016,-1.,9.4540464346E-017)) ;
#11497=DIRECTION('Axis2P3D Direction',(-1.,-4.47239262557E-017,3.36377408896E-017)) ;
#11498=DIRECTION('Axis2P3D XDirection',(0.,-0.601083572997,-0.799186172474)) ;
#11502=DIRECTION('Vector Direction',(-1.,-4.47238690526E-017,3.36377148358E-017)) ;
#11589=DIRECTION('Axis2P3D Direction',(-3.93608849313E-016,1.,-5.08127107498E-024)) ;
#11590=DIRECTION('Axis2P3D XDirection',(-0.995012691382,-3.916458E-016,0.0997484034366)) ;
#11594=DIRECTION('Vector Direction',(-3.93608701188E-016,1.,0.)) ;
#11607=DIRECTION('Axis2P3D Direction',(1.,0.,-0.)) ;
#11608=DIRECTION('Axis2P3D XDirection',(0.,0.995012691382,0.0997484034366)) ;
#11612=DIRECTION('Vector Direction',(1.,0.,0.)) ;
#11625=DIRECTION('Axis2P3D Direction',(0.,0.,-1.)) ;
#11626=DIRECTION('Axis2P3D XDirection',(-1.,0.,0.)) ;
#11630=DIRECTION('Axis2P3D Direction',(0.,0.,-1.)) ;
#11635=DIRECTION('Axis2P3D Direction',(-0.,-1.,-0.)) ;
#11642=DIRECTION('Axis2P3D Direction',(-0.,-1.,-0.)) ;
#11647=DIRECTION('Axis2P3D Direction',(-1.,-2.83276944882E-016,-0.)) ;
#11654=DIRECTION('Axis2P3D Direction',(-1.,-2.83276944882E-016,-0.)) ;
#11669=DIRECTION('Axis2P3D Direction',(-1.,-7.00235289598E-017,-1.04271375607E-025)) ;
#11670=DIRECTION('Axis2P3D XDirection',(6.96743E-017,-0.995012691382,0.0997484034366)) ;
#11674=DIRECTION('Vector Direction',(-1.,-7.00234537021E-017,0.)) ;
#11687=DIRECTION('Axis2P3D Direction',(0.,0.,-1.)) ;
#11688=DIRECTION('Axis2P3D XDirection',(1.,0.,0.)) ;
#11692=DIRECTION('Axis2P3D Direction',(0.,0.,-1.)) ;
#11697=DIRECTION('Axis2P3D Direction',(1.,-1.45468242837E-010,0.)) ;
#11704=DIRECTION('Axis2P3D Direction',(1.,-1.45493555922E-010,0.)) ;
#11709=DIRECTION('Axis2P3D Direction',(5.66553889765E-016,-1.,0.)) ;
#11716=DIRECTION('Axis2P3D Direction',(5.66553889765E-016,-1.,0.)) ;
#11731=DIRECTION('Axis2P3D Direction',(0.,0.,-1.)) ;
#11732=DIRECTION('Axis2P3D XDirection',(1.,6.96670599184E-016,0.)) ;
#11736=DIRECTION('Axis2P3D Direction',(0.,0.,-1.)) ;
#11743=DIRECTION('Axis2P3D Direction',(-6.96670599184E-016,1.,0.)) ;
#11748=DIRECTION('Axis2P3D Direction',(1.,3.13813729291E-016,0.)) ;
#11761=DIRECTION('Axis2P3D Direction',(1.96804424159E-016,-1.,2.42191210376E-024)) ;
#11762=DIRECTION('Axis2P3D XDirection',(0.995012691382,1.958229E-016,0.0997484034366)) ;
#11766=DIRECTION('Vector Direction',(1.96804705865E-016,-1.,0.)) ;
#11779=DIRECTION('Axis2P3D Direction',(0.,0.,-1.)) ;
#11780=DIRECTION('Axis2P3D XDirection',(-1.,0.,0.)) ;
#11784=DIRECTION('Axis2P3D Direction',(0.,0.,-1.)) ;
#11791=DIRECTION('Axis2P3D Direction',(-1.,-2.83276944882E-016,-0.)) ;
#11796=DIRECTION('Axis2P3D Direction',(-5.66553889765E-016,1.,0.)) ;
#11809=DIRECTION('Axis2P3D Direction',(-3.93608838442E-016,1.,1.81757840268E-023)) ;
#11810=DIRECTION('Axis2P3D XDirection',(-0.959067399607,-3.774974E-016,-0.283177899934)) ;
#11814=DIRECTION('Vector Direction',(-3.93608878824E-016,1.,4.4408920985E-023)) ;
#11827=DIRECTION('Axis2P3D Direction',(0.,0.,-1.)) ;
#11828=DIRECTION('Axis2P3D XDirection',(-1.,0.,0.)) ;
#11838=DIRECTION('Axis2P3D Direction',(1.,0.,0.)) ;
#11839=DIRECTION('Axis2P3D XDirection',(0.,0.959067399607,-0.283177899934)) ;
#11843=DIRECTION('Vector Direction',(1.,0.,0.)) ;
#11856=DIRECTION('Axis2P3D Direction',(1.96804415212E-016,-1.,-4.4913105632E-024)) ;
#11857=DIRECTION('Axis2P3D XDirection',(0.959067399607,1.887487E-016,-0.283177899934)) ;
#11861=DIRECTION('Vector Direction',(1.96804705865E-016,-1.,0.)) ;
#11874=DIRECTION('Axis2P3D Direction',(0.,0.,-1.)) ;
#11875=DIRECTION('Axis2P3D XDirection',(-1.,0.,0.)) ;
#11879=DIRECTION('Axis2P3D Direction',(-1.,-2.83276944882E-016,-0.)) ;
#11891=DIRECTION('Axis2P3D Direction',(-1.,-7.00235253692E-017,1.36728485936E-024)) ;
#11892=DIRECTION('Axis2P3D XDirection',(6.715728E-017,-0.959067399607,-0.283177899934)) ;
#11896=DIRECTION('Vector Direction',(-1.,-7.00234537021E-017,0.)) ;
#11909=DIRECTION('Axis2P3D Direction',(0.,0.,-1.)) ;
#11910=DIRECTION('Axis2P3D XDirection',(1.,6.45999594925E-016,0.)) ;
#11914=DIRECTION('Axis2P3D Direction',(-6.45999594926E-016,1.,0.)) ;
#11926=DIRECTION('Axis2P3D Direction',(0.,0.,-1.)) ;
#11927=DIRECTION('Axis2P3D XDirection',(1.,0.,0.)) ;
#11937=DIRECTION('Axis2P3D Direction',(-3.33033348207E-019,1.,-1.14443863374E-017)) ;
#11938=DIRECTION('Axis2P3D XDirection',(-0.999576859386,0.,0.0290878355953)) ;
#11942=DIRECTION('Vector Direction',(-3.32889271704E-019,1.,-1.1444386324E-017)) ;
#11955=DIRECTION('Axis2P3D Direction',(1.,0.,-0.)) ;
#11956=DIRECTION('Axis2P3D XDirection',(0.,0.999576859386,0.0290878355953)) ;
#11960=DIRECTION('Vector Direction',(1.,0.,0.)) ;
#11973=DIRECTION('Axis2P3D Direction',(-3.33033348207E-019,1.,-1.14443863374E-017)) ;
#11974=DIRECTION('Axis2P3D XDirection',(0.999576859386,1.40212640626E-033,-0.0290878355953)) ;
#11986=DIRECTION('Axis2P3D Direction',(1.,0.,0.)) ;
#11987=DIRECTION('Axis2P3D XDirection',(0.,-0.999576859386,-0.0290878355953)) ;
#12005=DIRECTION('Axis2P3D Direction',(-1.,-5.92470613577E-020,-2.03597106171E-018)) ;
#12006=DIRECTION('Axis2P3D XDirection',(0.,-0.999576859386,0.0290878355953)) ;
#12010=DIRECTION('Vector Direction',(-1.,-5.9330318436E-020,-2.03597104453E-018)) ;
#12023=DIRECTION('Axis2P3D Direction',(-1.,-5.92470613577E-020,-2.03597106171E-018)) ;
#12024=DIRECTION('Axis2P3D XDirection',(-2.49440092622E-034,0.999576859386,-0.0290878355953)) ;
#12035=DIRECTION('Axis2P3D Direction',(1.66516631799E-019,-1.,-5.72219171494E-018)) ;
#12036=DIRECTION('Axis2P3D XDirection',(0.999576859386,0.,0.0290878355953)) ;
#12040=DIRECTION('Vector Direction',(1.66267000168E-019,-1.,-5.72219173087E-018)) ;
#12053=DIRECTION('Axis2P3D Direction',(1.66516631799E-019,-1.,-5.72219171494E-018)) ;
#12054=DIRECTION('Axis2P3D XDirection',(-0.999576859386,-7.01063025019E-034,-0.0290878355953)) ;
#12071=DIRECTION('Axis2P3D Direction',(1.,0.,-0.)) ;
#12072=DIRECTION('Axis2P3D XDirection',(0.,-0.999576859386,-0.0290878355953)) ;
#12082=DIRECTION('Axis2P3D Direction',(1.66516631799E-019,-1.,-5.72219171494E-018)) ;
#12083=DIRECTION('Axis2P3D XDirection',(-0.999576859386,-7.0106302502E-034,-0.0290878355953)) ;
#12103=DIRECTION('NONE',(1.,0.,0.)) ;
#12104=DIRECTION('NONE',(0.,0.,1.)) ;
#12105=DIRECTION('NONE',(-1.,-7.002353E-017,1.850372E-016)) ;
#12106=DIRECTION('NONE',(-1.850372E-016,-1.850372E-016,-1.)) ;
#12119=DIRECTION('Axis2P3D Direction',(0.,0.,1.)) ;
#12120=DIRECTION('Axis2P3D XDirection',(1.,0.,0.)) ;
#12124=DIRECTION('Axis2P3D Direction',(0.,0.,1.)) ;
#12133=DIRECTION('Vector Direction',(-0.707106780552,8.65971127163E-017,0.707106781821)) ;
#12140=DIRECTION('Axis2P3D Direction',(0.,0.,1.)) ;
#12147=DIRECTION('Vector Direction',(0.707106780552,0.,0.707106781821)) ;
#12167=DIRECTION('Axis2P3D Direction',(0.,0.,1.)) ;
#12168=DIRECTION('Axis2P3D XDirection',(1.,0.,0.)) ;
#12172=DIRECTION('Vector Direction',(1.,0.,0.)) ;
#12200=DIRECTION('Vector Direction',(0.,1.,0.)) ;
#12226=DIRECTION('Vector Direction',(-1.,0.,0.)) ;
#12252=DIRECTION('Vector Direction',(0.,-1.,0.)) ;
#12477=DIRECTION('Axis2P3D Direction',(0.,0.,1.)) ;
#12478=DIRECTION('Axis2P3D XDirection',(-1.,1.22464659689E-016,0.)) ;
#12482=DIRECTION('Axis2P3D Direction',(0.,0.,1.)) ;
#12495=DIRECTION('Axis2P3D Direction',(0.,0.,1.)) ;
#12496=DIRECTION('Axis2P3D XDirection',(1.,0.,0.)) ;
#12515=DIRECTION('Vector Direction',(0.,0.,1.)) ;
#12520=DIRECTION('Vector Direction',(0.,0.,1.)) ;
#12533=DIRECTION('Axis2P3D Direction',(0.,1.,0.)) ;
#12534=DIRECTION('Axis2P3D XDirection',(0.,0.,1.)) ;
#12538=DIRECTION('Vector Direction',(0.,0.,-1.)) ;
#12545=DIRECTION('Vector Direction',(-1.,0.,0.)) ;
#12552=DIRECTION('Vector Direction',(0.,0.,-1.)) ;
#12565=DIRECTION('Axis2P3D Direction',(0.,-0.,1.)) ;
#12566=DIRECTION('Axis2P3D XDirection',(1.22464679915E-016,1.,0.)) ;
#12570=DIRECTION('Axis2P3D Direction',(0.,-0.,1.)) ;
#12577=DIRECTION('Vector Direction',(0.,0.,1.)) ;
#12590=DIRECTION('Axis2P3D Direction',(-1.,0.,0.)) ;
#12591=DIRECTION('Axis2P3D XDirection',(0.,0.,1.)) ;
#12595=DIRECTION('Vector Direction',(0.,-1.,0.)) ;
#12602=DIRECTION('Vector Direction',(0.,0.,-1.)) ;
#12615=DIRECTION('Axis2P3D Direction',(0.,0.,1.)) ;
#12616=DIRECTION('Axis2P3D XDirection',(-1.,1.22464679915E-016,0.)) ;
#12620=DIRECTION('Axis2P3D Direction',(0.,0.,1.)) ;
#12627=DIRECTION('Vector Direction',(0.,0.,1.)) ;
#12640=DIRECTION('Axis2P3D Direction',(0.,-1.,0.)) ;
#12641=DIRECTION('Axis2P3D XDirection',(0.,0.,-1.)) ;
#12645=DIRECTION('Vector Direction',(1.,0.,0.)) ;
#12652=DIRECTION('Vector Direction',(0.,0.,-1.)) ;
#12665=DIRECTION('Axis2P3D Direction',(0.,0.,1.)) ;
#12666=DIRECTION('Axis2P3D XDirection',(-1.22464679915E-016,-1.,0.)) ;
#12670=DIRECTION('Axis2P3D Direction',(0.,0.,1.)) ;
#12677=DIRECTION('Vector Direction',(0.,0.,1.)) ;
#12690=DIRECTION('Axis2P3D Direction',(1.,0.,0.)) ;
#12691=DIRECTION('Axis2P3D XDirection',(0.,0.,-1.)) ;
#12695=DIRECTION('Vector Direction',(0.,1.,0.)) ;
#12702=DIRECTION('Vector Direction',(0.,0.,-1.)) ;
#12715=DIRECTION('Axis2P3D Direction',(0.,0.,1.)) ;
#12716=DIRECTION('Axis2P3D XDirection',(1.,-1.22464679915E-016,0.)) ;
#12720=DIRECTION('Axis2P3D Direction',(0.,0.,1.)) ;
#12733=DIRECTION('Axis2P3D Direction',(0.,0.,1.)) ;
#12734=DIRECTION('Axis2P3D XDirection',(-1.,1.22464659689E-016,0.)) ;
#12738=DIRECTION('Vector Direction',(0.707106780552,-1.73194225433E-016,0.707106781821)) ;
#12745=DIRECTION('Axis2P3D Direction',(0.,0.,1.)) ;
#12752=DIRECTION('Vector Direction',(-0.707106780552,8.65971127163E-017,0.707106781821)) ;
#12765=DIRECTION('Axis2P3D Direction',(0.,0.,1.)) ;
#12766=DIRECTION('Axis2P3D XDirection',(1.,0.,0.)) ;
#12770=DIRECTION('Axis2P3D Direction',(0.,0.,1.)) ;
#12783=DIRECTION('Axis2P3D Direction',(0.,0.,1.)) ;
#12784=DIRECTION('Axis2P3D XDirection',(-1.,1.22464659689E-016,0.)) ;
#12788=DIRECTION('Vector Direction',(0.707106780552,-1.73194225433E-016,0.707106781821)) ;
#12795=DIRECTION('Axis2P3D Direction',(0.,0.,1.)) ;
#12802=DIRECTION('Vector Direction',(-0.707106780552,8.65971127163E-017,0.707106781821)) ;
#12815=DIRECTION('Axis2P3D Direction',(0.,0.,1.)) ;
#12816=DIRECTION('Axis2P3D XDirection',(1.,0.,0.)) ;
#12820=DIRECTION('Axis2P3D Direction',(0.,0.,1.)) ;
#12833=DIRECTION('Axis2P3D Direction',(0.,0.,1.)) ;
#12834=DIRECTION('Axis2P3D XDirection',(-1.,1.22464659689E-016,0.)) ;
#12838=DIRECTION('Vector Direction',(0.707106780552,-1.73194225433E-016,0.707106781821)) ;
#12845=DIRECTION('Axis2P3D Direction',(0.,0.,1.)) ;
#12852=DIRECTION('Vector Direction',(-0.707106780552,8.65971127163E-017,0.707106781821)) ;
#12865=DIRECTION('Axis2P3D Direction',(0.,0.,1.)) ;
#12866=DIRECTION('Axis2P3D XDirection',(1.,0.,0.)) ;
#12870=DIRECTION('Axis2P3D Direction',(0.,0.,1.)) ;
#12883=DIRECTION('Axis2P3D Direction',(0.,0.,1.)) ;
#12884=DIRECTION('Axis2P3D XDirection',(-1.,1.22464679915E-016,0.)) ;
#12907=DIRECTION('Axis2P3D Direction',(0.,0.,1.)) ;
#12908=DIRECTION('Axis2P3D XDirection',(1.,0.,0.)) ;
#12926=DIRECTION('Axis2P3D Direction',(0.,0.,1.)) ;
#12935=DIRECTION('Axis2P3D Direction',(0.,0.,1.)) ;
#12944=DIRECTION('Axis2P3D Direction',(0.,0.,1.)) ;
#12953=DIRECTION('Axis2P3D Direction',(0.,0.,1.)) ;
#12962=DIRECTION('Axis2P3D Direction',(0.,0.,1.)) ;
#12971=DIRECTION('Axis2P3D Direction',(0.,0.,1.)) ;
#12982=DIRECTION('Axis2P3D Direction',(0.,0.,1.)) ;
#12983=DIRECTION('Axis2P3D XDirection',(-1.,1.22464679915E-016,0.)) ;
#12987=DIRECTION('Vector Direction',(0.,0.,1.)) ;
#12992=DIRECTION('Vector Direction',(0.,0.,1.)) ;
#13005=DIRECTION('Axis2P3D Direction',(0.,0.,1.)) ;
#13006=DIRECTION('Axis2P3D XDirection',(1.,0.,0.)) ;
#13018=DIRECTION('Axis2P3D Direction',(0.,0.,1.)) ;
#13019=DIRECTION('Axis2P3D XDirection',(-1.,1.22464679915E-016,0.)) ;
#13023=DIRECTION('Vector Direction',(0.,0.,1.)) ;
#13028=DIRECTION('Vector Direction',(0.,0.,1.)) ;
#13041=DIRECTION('Axis2P3D Direction',(0.,0.,1.)) ;
#13042=DIRECTION('Axis2P3D XDirection',(1.,0.,0.)) ;
#13054=DIRECTION('Axis2P3D Direction',(0.,0.,1.)) ;
#13055=DIRECTION('Axis2P3D XDirection',(-1.,1.22464679915E-016,0.)) ;
#13059=DIRECTION('Vector Direction',(0.,0.,1.)) ;
#13064=DIRECTION('Vector Direction',(0.,0.,1.)) ;
#13077=DIRECTION('Axis2P3D Direction',(0.,0.,1.)) ;
#13078=DIRECTION('Axis2P3D XDirection',(1.,0.,0.)) ;
#13100=DIRECTION('NONE',(1.,0.,0.)) ;
#13101=DIRECTION('NONE',(0.,0.,1.)) ;
#13102=DIRECTION('NONE',(-1.,-2.66828E-016,1.850372E-016)) ;
#13103=DIRECTION('NONE',(-1.850372E-016,-1.850372E-016,-1.)) ;
#13116=DIRECTION('Axis2P3D Direction',(-1.,0.,0.)) ;
#13117=DIRECTION('Axis2P3D XDirection',(0.,0.,1.)) ;
#13121=DIRECTION('Vector Direction',(0.,1.,0.)) ;
#13143=DIRECTION('Vector Direction',(0.,-1.,0.)) ;
#13150=DIRECTION('Vector Direction',(0.,0.,1.)) ;
#13170=DIRECTION('Axis2P3D Direction',(0.,0.,1.)) ;
#13171=DIRECTION('Axis2P3D XDirection',(1.,0.,0.)) ;
#13175=DIRECTION('Vector Direction',(1.,0.,0.)) ;
#13210=DIRECTION('Vector Direction',(-1.,0.,0.)) ;
#13217=DIRECTION('Vector Direction',(0.,-1.,0.)) ;
#13238=DIRECTION('Vector Direction',(-1.,0.,0.)) ;
#13271=DIRECTION('Vector Direction',(1.,0.,0.)) ;
#13278=DIRECTION('Vector Direction',(0.,1.,0.)) ;
#13301=DIRECTION('Vector Direction',(0.,-1.,0.)) ;
#13324=DIRECTION('Axis2P3D Direction',(0.,0.,-1.)) ;
#13325=DIRECTION('Axis2P3D XDirection',(1.,1.22464679915E-016,0.)) ;
#13347=DIRECTION('Axis2P3D Direction',(0.,0.,-1.)) ;
#13361=DIRECTION('Axis2P3D Direction',(0.,0.,-1.)) ;
#13362=DIRECTION('Axis2P3D XDirection',(-1.,0.,0.)) ;
#13366=DIRECTION('Axis2P3D Direction',(0.,0.,-1.)) ;
#13375=DIRECTION('Axis2P3D Direction',(0.,0.,-1.)) ;
#13384=DIRECTION('Vector Direction',(-1.,0.,0.)) ;
#13393=DIRECTION('Vector Direction',(0.,1.,0.)) ;
#13413=DIRECTION('Vector Direction',(0.,-1.,0.)) ;
#13420=DIRECTION('Vector Direction',(-1.,0.,0.)) ;
#13447=DIRECTION('Vector Direction',(1.,0.,0.)) ;
#13452=DIRECTION('Vector Direction',(0.,1.,0.)) ;
#13459=DIRECTION('Vector Direction',(1.,0.,0.)) ;
#13502=DIRECTION('Axis2P3D Direction',(0.,-1.,0.)) ;
#13503=DIRECTION('Axis2P3D XDirection',(0.,0.,-1.)) ;
#13534=DIRECTION('Axis2P3D Direction',(0.,1.,0.)) ;
#13535=DIRECTION('Axis2P3D XDirection',(0.,0.,1.)) ;
#13539=DIRECTION('Vector Direction',(0.,0.,1.)) ;
#13571=DIRECTION('Axis2P3D Direction',(0.,0.,-1.)) ;
#13572=DIRECTION('Axis2P3D XDirection',(-1.,0.,0.)) ;
#13576=DIRECTION('Vector Direction',(0.342020142951,4.18853873309E-017,-0.939692620922)) ;
#13590=DIRECTION('Axis2P3D Direction',(0.,0.,-1.)) ;
#13591=DIRECTION('Axis2P3D XDirection',(1.,1.22464679915E-016,0.)) ;
#13614=DIRECTION('Axis2P3D Direction',(0.,-1.,0.)) ;
#13615=DIRECTION('Axis2P3D XDirection',(0.,0.,-1.)) ;
#13619=DIRECTION('Vector Direction',(0.,0.,1.)) ;
#13632=DIRECTION('Axis2P3D Direction',(1.,0.,0.)) ;
#13633=DIRECTION('Axis2P3D XDirection',(0.,0.,-1.)) ;
#13646=DIRECTION('Axis2P3D Direction',(0.,0.,-1.)) ;
#13647=DIRECTION('Axis2P3D XDirection',(1.,1.22464679915E-016,0.)) ;
#13651=DIRECTION('Vector Direction',(-0.342020142951,-8.37707746618E-017,-0.939692620922)) ;
#13665=DIRECTION('Axis2P3D Direction',(0.,0.,-1.)) ;
#13666=DIRECTION('Axis2P3D XDirection',(-1.,0.,0.)) ;
#13689=DIRECTION('Axis2P3D Direction',(0.,1.,0.)) ;
#13690=DIRECTION('Axis2P3D XDirection',(0.,0.,1.)) ;
#13694=DIRECTION('Vector Direction',(0.,0.,1.)) ;
#13707=DIRECTION('Axis2P3D Direction',(-1.,0.,0.)) ;
#13708=DIRECTION('Axis2P3D XDirection',(0.,0.,1.)) ;
#13739=DIRECTION('Axis2P3D Direction',(0.,0.,-1.)) ;
#13740=DIRECTION('Axis2P3D XDirection',(-1.,0.,0.)) ;
#13764=DIRECTION('Axis2P3D Direction',(1.,0.,0.)) ;
#13765=DIRECTION('Axis2P3D XDirection',(0.,0.,-1.)) ;
#13777=DIRECTION('Axis2P3D Direction',(0.,0.,-1.)) ;
#13778=DIRECTION('Axis2P3D XDirection',(1.,1.22464679915E-016,0.)) ;
#13782=DIRECTION('Vector Direction',(-0.656059028373,-1.6068811783E-016,-0.754709580759)) ;
#13789=DIRECTION('Vector Direction',(0.656059028373,8.03440589151E-017,-0.754709580759)) ;
#13796=DIRECTION('Axis2P3D Direction',(0.,0.,-1.)) ;
#13809=DIRECTION('Axis2P3D Direction',(0.,0.,-1.)) ;
#13810=DIRECTION('Axis2P3D XDirection',(-1.,0.,0.)) ;
#13814=DIRECTION('Axis2P3D Direction',(0.,0.,-1.)) ;
#13827=DIRECTION('Axis2P3D Direction',(0.,0.,1.)) ;
#13828=DIRECTION('Axis2P3D XDirection',(-1.,1.22464679915E-016,0.)) ;
#13832=DIRECTION('Vector Direction',(0.,0.,1.)) ;
#13852=DIRECTION('Vector Direction',(0.,0.,1.)) ;
#13865=DIRECTION('Axis2P3D Direction',(0.,0.,1.)) ;
#13866=DIRECTION('Axis2P3D XDirection',(1.,0.,0.)) ;
#13889=DIRECTION('Axis2P3D Direction',(0.,0.,-1.)) ;
#13890=DIRECTION('Axis2P3D XDirection',(1.,0.,0.)) ;
#13894=DIRECTION('Vector Direction',(-0.707106780552,-8.65956055458E-017,-0.707106781821)) ;
#13901=DIRECTION('Vector Direction',(0.707106780552,0.,-0.707106781821)) ;
#13908=DIRECTION('Axis2P3D Direction',(0.,0.,-1.)) ;
#13921=DIRECTION('Axis2P3D Direction',(0.,0.,-1.)) ;
#13922=DIRECTION('Axis2P3D XDirection',(-1.,-1.22464679915E-016,0.)) ;
#13926=DIRECTION('Axis2P3D Direction',(-0.,0.,-1.)) ;
#13939=DIRECTION('Axis2P3D Direction',(0.,0.,1.)) ;
#13940=DIRECTION('Axis2P3D XDirection',(1.,0.,0.)) ;
#13960=DIRECTION('NONE',(1.,0.,0.)) ;
#13961=DIRECTION('NONE',(0.,0.,1.)) ;
#13962=DIRECTION('NONE',(1.,1.850372E-016,-1.850372E-016)) ;
#13963=DIRECTION('NONE',(1.850372E-016,1.850372E-016,1.)) ;
#13973=DIRECTION('NONE',(1.,0.,0.)) ;
#13974=DIRECTION('NONE',(0.,0.,1.)) ;
#13975=DIRECTION('NONE',(1.,1.850372E-016,-1.850372E-016)) ;
#13976=DIRECTION('NONE',(1.850372E-016,1.850372E-016,1.)) ;
#13986=DIRECTION('NONE',(1.,0.,0.)) ;
#13987=DIRECTION('NONE',(0.,0.,1.)) ;
#13988=DIRECTION('NONE',(1.,1.850372E-016,-1.850372E-016)) ;
#13989=DIRECTION('NONE',(1.850372E-016,1.850372E-016,1.)) ;
#13999=DIRECTION('NONE',(1.,0.,0.)) ;
#14000=DIRECTION('NONE',(0.,0.,1.)) ;
#14001=DIRECTION('NONE',(1.,1.850372E-016,-1.850372E-016)) ;
#14002=DIRECTION('NONE',(1.850372E-016,1.850372E-016,1.)) ;
#8=PRODUCT_RELATED_PRODUCT_CATEGORY('part',$,(#34,#8586,#12111,#13108)) ;
#11=PRODUCT_RELATED_PRODUCT_CATEGORY('part',$,(#5,#26)) ;
#7=PRODUCT_CATEGORY('part','specification') ;
#10=PRODUCT_CATEGORY('part','specification') ;
#46=STYLED_ITEM(' ',(#45),#38) ;
#8591=STYLED_ITEM(' ',(#45),#8590) ;
#12116=STYLED_ITEM(' ',(#45),#12115) ;
#13113=STYLED_ITEM(' ',(#45),#13112) ;
#45=PRESENTATION_STYLE_ASSIGNMENT((#44)) ;
#94=PRESENTATION_STYLE_ASSIGNMENT((#93)) ;
#8639=PRESENTATION_STYLE_ASSIGNMENT((#8638)) ;
#12164=PRESENTATION_STYLE_ASSIGNMENT((#12163)) ;
#13167=PRESENTATION_STYLE_ASSIGNMENT((#13166)) ;
#44=SURFACE_STYLE_USAGE(.BOTH.,#43) ;
#93=SURFACE_STYLE_USAGE(.BOTH.,#92) ;
#8638=SURFACE_STYLE_USAGE(.BOTH.,#8637) ;
#12163=SURFACE_STYLE_USAGE(.BOTH.,#12162) ;
#13166=SURFACE_STYLE_USAGE(.BOTH.,#13165) ;
#43=SURFACE_SIDE_STYLE(' ',(#42)) ;
#92=SURFACE_SIDE_STYLE(' ',(#91)) ;
#8637=SURFACE_SIDE_STYLE(' ',(#8636)) ;
#12162=SURFACE_SIDE_STYLE(' ',(#12161)) ;
#13165=SURFACE_SIDE_STYLE(' ',(#13164)) ;
#42=SURFACE_STYLE_FILL_AREA(#41) ;
#91=SURFACE_STYLE_FILL_AREA(#90) ;
#8636=SURFACE_STYLE_FILL_AREA(#8635) ;
#12161=SURFACE_STYLE_FILL_AREA(#12160) ;
#13164=SURFACE_STYLE_FILL_AREA(#13163) ;
#41=FILL_AREA_STYLE(' ',(#40)) ;
#90=FILL_AREA_STYLE(' ',(#89)) ;
#8635=FILL_AREA_STYLE(' ',(#8634)) ;
#12160=FILL_AREA_STYLE(' ',(#12159)) ;
#13163=FILL_AREA_STYLE(' ',(#13162)) ;
#40=FILL_AREA_STYLE_COLOUR(' ',#39) ;
#89=FILL_AREA_STYLE_COLOUR(' ',#88) ;
#8634=FILL_AREA_STYLE_COLOUR(' ',#8633) ;
#12159=FILL_AREA_STYLE_COLOUR(' ',#12158) ;
#13162=FILL_AREA_STYLE_COLOUR(' ',#13161) ;
#64=VECTOR('Line Direction',#63,1.) ;
#78=VECTOR('Line Direction',#77,1.) ;
#245=VECTOR('Line Direction',#244,1.) ;
#278=VECTOR('Line Direction',#277,1.) ;
#285=VECTOR('Line Direction',#284,1.) ;
#292=VECTOR('Line Direction',#291,1.) ;
#299=VECTOR('Line Direction',#298,1.) ;
#306=VECTOR('Line Direction',#305,1.) ;
#313=VECTOR('Line Direction',#312,1.) ;
#320=VECTOR('Line Direction',#319,1.) ;
#327=VECTOR('Line Direction',#326,1.) ;
#334=VECTOR('Line Direction',#333,1.) ;
#341=VECTOR('Line Direction',#340,1.) ;
#348=VECTOR('Line Direction',#347,1.) ;
#355=VECTOR('Line Direction',#354,1.) ;
#362=VECTOR('Line Direction',#361,1.) ;
#369=VECTOR('Line Direction',#368,1.) ;
#376=VECTOR('Line Direction',#375,1.) ;
#383=VECTOR('Line Direction',#382,1.) ;
#390=VECTOR('Line Direction',#389,1.) ;
#397=VECTOR('Line Direction',#396,1.) ;
#404=VECTOR('Line Direction',#403,1.) ;
#411=VECTOR('Line Direction',#410,1.) ;
#418=VECTOR('Line Direction',#417,1.) ;
#425=VECTOR('Line Direction',#424,1.) ;
#432=VECTOR('Line Direction',#431,1.) ;
#439=VECTOR('Line Direction',#438,1.) ;
#446=VECTOR('Line Direction',#445,1.) ;
#453=VECTOR('Line Direction',#452,1.) ;
#460=VECTOR('Line Direction',#459,1.) ;
#467=VECTOR('Line Direction',#466,1.) ;
#474=VECTOR('Line Direction',#473,1.) ;
#481=VECTOR('Line Direction',#480,1.) ;
#488=VECTOR('Line Direction',#487,1.) ;
#495=VECTOR('Line Direction',#494,1.) ;
#502=VECTOR('Line Direction',#501,1.) ;
#509=VECTOR('Line Direction',#508,1.) ;
#516=VECTOR('Line Direction',#515,1.) ;
#523=VECTOR('Line Direction',#522,1.) ;
#530=VECTOR('Line Direction',#529,1.) ;
#537=VECTOR('Line Direction',#536,1.) ;
#544=VECTOR('Line Direction',#543,1.) ;
#551=VECTOR('Line Direction',#550,1.) ;
#558=VECTOR('Line Direction',#557,1.) ;
#565=VECTOR('Line Direction',#564,1.) ;
#572=VECTOR('Line Direction',#571,1.) ;
#606=VECTOR('Line Direction',#605,1.) ;
#629=VECTOR('Line Direction',#628,1.) ;
#652=VECTOR('Line Direction',#651,1.) ;
#824=VECTOR('Line Direction',#823,1.) ;
#850=VECTOR('Line Direction',#849,1.) ;
#864=VECTOR('Line Direction',#863,1.) ;
#878=VECTOR('Line Direction',#877,1.) ;
#916=VECTOR('Line Direction',#915,1.) ;
#954=VECTOR('Line Direction',#953,1.) ;
#992=VECTOR('Line Direction',#991,1.) ;
#1030=VECTOR('Line Direction',#1029,1.) ;
#1068=VECTOR('Line Direction',#1067,1.) ;
#1106=VECTOR('Line Direction',#1105,1.) ;
#1120=VECTOR('Line Direction',#1119,1.) ;
#1158=VECTOR('Line Direction',#1157,1.) ;
#1196=VECTOR('Line Direction',#1195,1.) ;
#1210=VECTOR('Line Direction',#1209,1.) ;
#1248=VECTOR('Line Direction',#1247,1.) ;
#1286=VECTOR('Line Direction',#1285,1.) ;
#1324=VECTOR('Line Direction',#1323,1.) ;
#1362=VECTOR('Line Direction',#1361,1.) ;
#1400=VECTOR('Line Direction',#1399,1.) ;
#1438=VECTOR('Line Direction',#1437,1.) ;
#1452=VECTOR('Line Direction',#1451,1.) ;
#1466=VECTOR('Line Direction',#1465,1.) ;
#1492=VECTOR('Line Direction',#1491,1.) ;
#1664=VECTOR('Line Direction',#1663,1.) ;
#1687=VECTOR('Line Direction',#1686,1.) ;
#1710=VECTOR('Line Direction',#1709,1.) ;
#1744=VECTOR('Line Direction',#1743,1.) ;
#1751=VECTOR('Line Direction',#1750,1.) ;
#1758=VECTOR('Line Direction',#1757,1.) ;
#1765=VECTOR('Line Direction',#1764,1.) ;
#1772=VECTOR('Line Direction',#1771,1.) ;
#1779=VECTOR('Line Direction',#1778,1.) ;
#1786=VECTOR('Line Direction',#1785,1.) ;
#1793=VECTOR('Line Direction',#1792,1.) ;
#1800=VECTOR('Line Direction',#1799,1.) ;
#1807=VECTOR('Line Direction',#1806,1.) ;
#1814=VECTOR('Line Direction',#1813,1.) ;
#1821=VECTOR('Line Direction',#1820,1.) ;
#1828=VECTOR('Line Direction',#1827,1.) ;
#1835=VECTOR('Line Direction',#1834,1.) ;
#1842=VECTOR('Line Direction',#1841,1.) ;
#1849=VECTOR('Line Direction',#1848,1.) ;
#1856=VECTOR('Line Direction',#1855,1.) ;
#1863=VECTOR('Line Direction',#1862,1.) ;
#1870=VECTOR('Line Direction',#1869,1.) ;
#1877=VECTOR('Line Direction',#1876,1.) ;
#1884=VECTOR('Line Direction',#1883,1.) ;
#1891=VECTOR('Line Direction',#1890,1.) ;
#1898=VECTOR('Line Direction',#1897,1.) ;
#1905=VECTOR('Line Direction',#1904,1.) ;
#1912=VECTOR('Line Direction',#1911,1.) ;
#1919=VECTOR('Line Direction',#1918,1.) ;
#1926=VECTOR('Line Direction',#1925,1.) ;
#1933=VECTOR('Line Direction',#1932,1.) ;
#1940=VECTOR('Line Direction',#1939,1.) ;
#1947=VECTOR('Line Direction',#1946,1.) ;
#1954=VECTOR('Line Direction',#1953,1.) ;
#1961=VECTOR('Line Direction',#1960,1.) ;
#1968=VECTOR('Line Direction',#1967,1.) ;
#1975=VECTOR('Line Direction',#1974,1.) ;
#1982=VECTOR('Line Direction',#1981,1.) ;
#1989=VECTOR('Line Direction',#1988,1.) ;
#1996=VECTOR('Line Direction',#1995,1.) ;
#2003=VECTOR('Line Direction',#2002,1.) ;
#2010=VECTOR('Line Direction',#2009,1.) ;
#2017=VECTOR('Line Direction',#2016,1.) ;
#2024=VECTOR('Line Direction',#2023,1.) ;
#2031=VECTOR('Line Direction',#2030,1.) ;
#2038=VECTOR('Line Direction',#2037,1.) ;
#2071=VECTOR('Line Direction',#2070,1.) ;
#2227=VECTOR('Line Direction',#2226,1.) ;
#2241=VECTOR('Line Direction',#2240,1.) ;
#2255=VECTOR('Line Direction',#2254,1.) ;
#2491=VECTOR('Line Direction',#2490,1.) ;
#2525=VECTOR('Line Direction',#2524,1.) ;
#2551=VECTOR('Line Direction',#2550,1.) ;
#2577=VECTOR('Line Direction',#2576,1.) ;
#2727=VECTOR('Line Direction',#2726,1.) ;
#2754=VECTOR('Line Direction',#2753,1.) ;
#2761=VECTOR('Line Direction',#2760,1.) ;
#2768=VECTOR('Line Direction',#2767,1.) ;
#2775=VECTOR('Line Direction',#2774,1.) ;
#2782=VECTOR('Line Direction',#2781,1.) ;
#2789=VECTOR('Line Direction',#2788,1.) ;
#2796=VECTOR('Line Direction',#2795,1.) ;
#2803=VECTOR('Line Direction',#2802,1.) ;
#2810=VECTOR('Line Direction',#2809,1.) ;
#2817=VECTOR('Line Direction',#2816,1.) ;
#2824=VECTOR('Line Direction',#2823,1.) ;
#2831=VECTOR('Line Direction',#2830,1.) ;
#2838=VECTOR('Line Direction',#2837,1.) ;
#2845=VECTOR('Line Direction',#2844,1.) ;
#2852=VECTOR('Line Direction',#2851,1.) ;
#2859=VECTOR('Line Direction',#2858,1.) ;
#2866=VECTOR('Line Direction',#2865,1.) ;
#2873=VECTOR('Line Direction',#2872,1.) ;
#2880=VECTOR('Line Direction',#2879,1.) ;
#2887=VECTOR('Line Direction',#2886,1.) ;
#2894=VECTOR('Line Direction',#2893,1.) ;
#2901=VECTOR('Line Direction',#2900,1.) ;
#2908=VECTOR('Line Direction',#2907,1.) ;
#2915=VECTOR('Line Direction',#2914,1.) ;
#2922=VECTOR('Line Direction',#2921,1.) ;
#2929=VECTOR('Line Direction',#2928,1.) ;
#2936=VECTOR('Line Direction',#2935,1.) ;
#2943=VECTOR('Line Direction',#2942,1.) ;
#2950=VECTOR('Line Direction',#2949,1.) ;
#2957=VECTOR('Line Direction',#2956,1.) ;
#2964=VECTOR('Line Direction',#2963,1.) ;
#2971=VECTOR('Line Direction',#2970,1.) ;
#2978=VECTOR('Line Direction',#2977,1.) ;
#2985=VECTOR('Line Direction',#2984,1.) ;
#2992=VECTOR('Line Direction',#2991,1.) ;
#2999=VECTOR('Line Direction',#2998,1.) ;
#3006=VECTOR('Line Direction',#3005,1.) ;
#3013=VECTOR('Line Direction',#3012,1.) ;
#3020=VECTOR('Line Direction',#3019,1.) ;
#3027=VECTOR('Line Direction',#3026,1.) ;
#3034=VECTOR('Line Direction',#3033,1.) ;
#3041=VECTOR('Line Direction',#3040,1.) ;
#3048=VECTOR('Line Direction',#3047,1.) ;
#3088=VECTOR('Line Direction',#3087,1.) ;
#3102=VECTOR('Line Direction',#3101,1.) ;
#3116=VECTOR('Line Direction',#3115,1.) ;
#3306=VECTOR('Line Direction',#3305,1.) ;
#3320=VECTOR('Line Direction',#3319,1.) ;
#3343=VECTOR('Line Direction',#3342,1.) ;
#3369=VECTOR('Line Direction',#3368,1.) ;
#3383=VECTOR('Line Direction',#3382,1.) ;
#3397=VECTOR('Line Direction',#3396,1.) ;
#3411=VECTOR('Line Direction',#3410,1.) ;
#3425=VECTOR('Line Direction',#3424,1.) ;
#3439=VECTOR('Line Direction',#3438,1.) ;
#3453=VECTOR('Line Direction',#3452,1.) ;
#3479=VECTOR('Line Direction',#3478,1.) ;
#3493=VECTOR('Line Direction',#3492,1.) ;
#3507=VECTOR('Line Direction',#3506,1.) ;
#3533=VECTOR('Line Direction',#3532,1.) ;
#3547=VECTOR('Line Direction',#3546,1.) ;
#3561=VECTOR('Line Direction',#3560,1.) ;
#3575=VECTOR('Line Direction',#3574,1.) ;
#3589=VECTOR('Line Direction',#3588,1.) ;
#3603=VECTOR('Line Direction',#3602,1.) ;
#3617=VECTOR('Line Direction',#3616,1.) ;
#3643=VECTOR('Line Direction',#3642,1.) ;
#3666=VECTOR('Line Direction',#3665,1.) ;
#3680=VECTOR('Line Direction',#3679,1.) ;
#3870=VECTOR('Line Direction',#3869,1.) ;
#3884=VECTOR('Line Direction',#3883,1.) ;
#3898=VECTOR('Line Direction',#3897,1.) ;
#3938=VECTOR('Line Direction',#3937,1.) ;
#3945=VECTOR('Line Direction',#3944,1.) ;
#3952=VECTOR('Line Direction',#3951,1.) ;
#3959=VECTOR('Line Direction',#3958,1.) ;
#3966=VECTOR('Line Direction',#3965,1.) ;
#3973=VECTOR('Line Direction',#3972,1.) ;
#3980=VECTOR('Line Direction',#3979,1.) ;
#3987=VECTOR('Line Direction',#3986,1.) ;
#3994=VECTOR('Line Direction',#3993,1.) ;
#4001=VECTOR('Line Direction',#4000,1.) ;
#4008=VECTOR('Line Direction',#4007,1.) ;
#4015=VECTOR('Line Direction',#4014,1.) ;
#4022=VECTOR('Line Direction',#4021,1.) ;
#4029=VECTOR('Line Direction',#4028,1.) ;
#4036=VECTOR('Line Direction',#4035,1.) ;
#4043=VECTOR('Line Direction',#4042,1.) ;
#4050=VECTOR('Line Direction',#4049,1.) ;
#4057=VECTOR('Line Direction',#4056,1.) ;
#4064=VECTOR('Line Direction',#4063,1.) ;
#4071=VECTOR('Line Direction',#4070,1.) ;
#4078=VECTOR('Line Direction',#4077,1.) ;
#4085=VECTOR('Line Direction',#4084,1.) ;
#4092=VECTOR('Line Direction',#4091,1.) ;
#4099=VECTOR('Line Direction',#4098,1.) ;
#4106=VECTOR('Line Direction',#4105,1.) ;
#4113=VECTOR('Line Direction',#4112,1.) ;
#4120=VECTOR('Line Direction',#4119,1.) ;
#4127=VECTOR('Line Direction',#4126,1.) ;
#4134=VECTOR('Line Direction',#4133,1.) ;
#4141=VECTOR('Line Direction',#4140,1.) ;
#4148=VECTOR('Line Direction',#4147,1.) ;
#4155=VECTOR('Line Direction',#4154,1.) ;
#4162=VECTOR('Line Direction',#4161,1.) ;
#4169=VECTOR('Line Direction',#4168,1.) ;
#4176=VECTOR('Line Direction',#4175,1.) ;
#4183=VECTOR('Line Direction',#4182,1.) ;
#4190=VECTOR('Line Direction',#4189,1.) ;
#4197=VECTOR('Line Direction',#4196,1.) ;
#4204=VECTOR('Line Direction',#4203,1.) ;
#4211=VECTOR('Line Direction',#4210,1.) ;
#4218=VECTOR('Line Direction',#4217,1.) ;
#4225=VECTOR('Line Direction',#4224,1.) ;
#4232=VECTOR('Line Direction',#4231,1.) ;
#4259=VECTOR('Line Direction',#4258,1.) ;
#4606=VECTOR('Line Direction',#4605,1.) ;
#4624=VECTOR('Line Direction',#4623,1.) ;
#4629=VECTOR('Line Direction',#4628,1.) ;
#4647=VECTOR('Line Direction',#4646,1.) ;
#4665=VECTOR('Line Direction',#4664,1.) ;
#4683=VECTOR('Line Direction',#4682,1.) ;
#4701=VECTOR('Line Direction',#4700,1.) ;
#4732=VECTOR('Line Direction',#4731,1.) ;
#4750=VECTOR('Line Direction',#4749,1.) ;
#4768=VECTOR('Line Direction',#4767,1.) ;
#4786=VECTOR('Line Direction',#4785,1.) ;
#4804=VECTOR('Line Direction',#4803,1.) ;
#4822=VECTOR('Line Direction',#4821,1.) ;
#4840=VECTOR('Line Direction',#4839,1.) ;
#4858=VECTOR('Line Direction',#4857,1.) ;
#4876=VECTOR('Line Direction',#4875,1.) ;
#4894=VECTOR('Line Direction',#4893,1.) ;
#4912=VECTOR('Line Direction',#4911,1.) ;
#4930=VECTOR('Line Direction',#4929,1.) ;
#4948=VECTOR('Line Direction',#4947,1.) ;
#4966=VECTOR('Line Direction',#4965,1.) ;
#4984=VECTOR('Line Direction',#4983,1.) ;
#5002=VECTOR('Line Direction',#5001,1.) ;
#5020=VECTOR('Line Direction',#5019,1.) ;
#5038=VECTOR('Line Direction',#5037,1.) ;
#5056=VECTOR('Line Direction',#5055,1.) ;
#5074=VECTOR('Line Direction',#5073,1.) ;
#5092=VECTOR('Line Direction',#5091,1.) ;
#5110=VECTOR('Line Direction',#5109,1.) ;
#5128=VECTOR('Line Direction',#5127,1.) ;
#5146=VECTOR('Line Direction',#5145,1.) ;
#5164=VECTOR('Line Direction',#5163,1.) ;
#5182=VECTOR('Line Direction',#5181,1.) ;
#5200=VECTOR('Line Direction',#5199,1.) ;
#5218=VECTOR('Line Direction',#5217,1.) ;
#5236=VECTOR('Line Direction',#5235,1.) ;
#5254=VECTOR('Line Direction',#5253,1.) ;
#5272=VECTOR('Line Direction',#5271,1.) ;
#5290=VECTOR('Line Direction',#5289,1.) ;
#5308=VECTOR('Line Direction',#5307,1.) ;
#5326=VECTOR('Line Direction',#5325,1.) ;
#5344=VECTOR('Line Direction',#5343,1.) ;
#5362=VECTOR('Line Direction',#5361,1.) ;
#5380=VECTOR('Line Direction',#5379,1.) ;
#5398=VECTOR('Line Direction',#5397,1.) ;
#5416=VECTOR('Line Direction',#5415,1.) ;
#5434=VECTOR('Line Direction',#5433,1.) ;
#5452=VECTOR('Line Direction',#5451,1.) ;
#5470=VECTOR('Line Direction',#5469,1.) ;
#5488=VECTOR('Line Direction',#5487,1.) ;
#5506=VECTOR('Line Direction',#5505,1.) ;
#5524=VECTOR('Line Direction',#5523,1.) ;
#5542=VECTOR('Line Direction',#5541,1.) ;
#5560=VECTOR('Line Direction',#5559,1.) ;
#5578=VECTOR('Line Direction',#5577,1.) ;
#5596=VECTOR('Line Direction',#5595,1.) ;
#5614=VECTOR('Line Direction',#5613,1.) ;
#5632=VECTOR('Line Direction',#5631,1.) ;
#5650=VECTOR('Line Direction',#5649,1.) ;
#5668=VECTOR('Line Direction',#5667,1.) ;
#5686=VECTOR('Line Direction',#5685,1.) ;
#5704=VECTOR('Line Direction',#5703,1.) ;
#5722=VECTOR('Line Direction',#5721,1.) ;
#5740=VECTOR('Line Direction',#5739,1.) ;
#5758=VECTOR('Line Direction',#5757,1.) ;
#5776=VECTOR('Line Direction',#5775,1.) ;
#5794=VECTOR('Line Direction',#5793,1.) ;
#5812=VECTOR('Line Direction',#5811,1.) ;
#5830=VECTOR('Line Direction',#5829,1.) ;
#5848=VECTOR('Line Direction',#5847,1.) ;
#5866=VECTOR('Line Direction',#5865,1.) ;
#5884=VECTOR('Line Direction',#5883,1.) ;
#5902=VECTOR('Line Direction',#5901,1.) ;
#5920=VECTOR('Line Direction',#5919,1.) ;
#5938=VECTOR('Line Direction',#5937,1.) ;
#5956=VECTOR('Line Direction',#5955,1.) ;
#5974=VECTOR('Line Direction',#5973,1.) ;
#5992=VECTOR('Line Direction',#5991,1.) ;
#6010=VECTOR('Line Direction',#6009,1.) ;
#6028=VECTOR('Line Direction',#6027,1.) ;
#6046=VECTOR('Line Direction',#6045,1.) ;
#6064=VECTOR('Line Direction',#6063,1.) ;
#6082=VECTOR('Line Direction',#6081,1.) ;
#6100=VECTOR('Line Direction',#6099,1.) ;
#6118=VECTOR('Line Direction',#6117,1.) ;
#6136=VECTOR('Line Direction',#6135,1.) ;
#6154=VECTOR('Line Direction',#6153,1.) ;
#6172=VECTOR('Line Direction',#6171,1.) ;
#6190=VECTOR('Line Direction',#6189,1.) ;
#6208=VECTOR('Line Direction',#6207,1.) ;
#6226=VECTOR('Line Direction',#6225,1.) ;
#6244=VECTOR('Line Direction',#6243,1.) ;
#6262=VECTOR('Line Direction',#6261,1.) ;
#6280=VECTOR('Line Direction',#6279,1.) ;
#6298=VECTOR('Line Direction',#6297,1.) ;
#6316=VECTOR('Line Direction',#6315,1.) ;
#6334=VECTOR('Line Direction',#6333,1.) ;
#6352=VECTOR('Line Direction',#6351,1.) ;
#6370=VECTOR('Line Direction',#6369,1.) ;
#6388=VECTOR('Line Direction',#6387,1.) ;
#6406=VECTOR('Line Direction',#6405,1.) ;
#6424=VECTOR('Line Direction',#6423,1.) ;
#6442=VECTOR('Line Direction',#6441,1.) ;
#6460=VECTOR('Line Direction',#6459,1.) ;
#6478=VECTOR('Line Direction',#6477,1.) ;
#6496=VECTOR('Line Direction',#6495,1.) ;
#6514=VECTOR('Line Direction',#6513,1.) ;
#6532=VECTOR('Line Direction',#6531,1.) ;
#6550=VECTOR('Line Direction',#6549,1.) ;
#6568=VECTOR('Line Direction',#6567,1.) ;
#6586=VECTOR('Line Direction',#6585,1.) ;
#6604=VECTOR('Line Direction',#6603,1.) ;
#6622=VECTOR('Line Direction',#6621,1.) ;
#6640=VECTOR('Line Direction',#6639,1.) ;
#6658=VECTOR('Line Direction',#6657,1.) ;
#6676=VECTOR('Line Direction',#6675,1.) ;
#6694=VECTOR('Line Direction',#6693,1.) ;
#6712=VECTOR('Line Direction',#6711,1.) ;
#6730=VECTOR('Line Direction',#6729,1.) ;
#6748=VECTOR('Line Direction',#6747,1.) ;
#6766=VECTOR('Line Direction',#6765,1.) ;
#6784=VECTOR('Line Direction',#6783,1.) ;
#6802=VECTOR('Line Direction',#6801,1.) ;
#6820=VECTOR('Line Direction',#6819,1.) ;
#6838=VECTOR('Line Direction',#6837,1.) ;
#6856=VECTOR('Line Direction',#6855,1.) ;
#6874=VECTOR('Line Direction',#6873,1.) ;
#6892=VECTOR('Line Direction',#6891,1.) ;
#6910=VECTOR('Line Direction',#6909,1.) ;
#6928=VECTOR('Line Direction',#6927,1.) ;
#6946=VECTOR('Line Direction',#6945,1.) ;
#6964=VECTOR('Line Direction',#6963,1.) ;
#6982=VECTOR('Line Direction',#6981,1.) ;
#7000=VECTOR('Line Direction',#6999,1.) ;
#7018=VECTOR('Line Direction',#7017,1.) ;
#7036=VECTOR('Line Direction',#7035,1.) ;
#7054=VECTOR('Line Direction',#7053,1.) ;
#7072=VECTOR('Line Direction',#7071,1.) ;
#7090=VECTOR('Line Direction',#7089,1.) ;
#7108=VECTOR('Line Direction',#7107,1.) ;
#7126=VECTOR('Line Direction',#7125,1.) ;
#7144=VECTOR('Line Direction',#7143,1.) ;
#7162=VECTOR('Line Direction',#7161,1.) ;
#7180=VECTOR('Line Direction',#7179,1.) ;
#7198=VECTOR('Line Direction',#7197,1.) ;
#7216=VECTOR('Line Direction',#7215,1.) ;
#7234=VECTOR('Line Direction',#7233,1.) ;
#7252=VECTOR('Line Direction',#7251,1.) ;
#7270=VECTOR('Line Direction',#7269,1.) ;
#7288=VECTOR('Line Direction',#7287,1.) ;
#7306=VECTOR('Line Direction',#7305,1.) ;
#7324=VECTOR('Line Direction',#7323,1.) ;
#7342=VECTOR('Line Direction',#7341,1.) ;
#7360=VECTOR('Line Direction',#7359,1.) ;
#7378=VECTOR('Line Direction',#7377,1.) ;
#7396=VECTOR('Line Direction',#7395,1.) ;
#7414=VECTOR('Line Direction',#7413,1.) ;
#7432=VECTOR('Line Direction',#7431,1.) ;
#7450=VECTOR('Line Direction',#7449,1.) ;
#7468=VECTOR('Line Direction',#7467,1.) ;
#7486=VECTOR('Line Direction',#7485,1.) ;
#7504=VECTOR('Line Direction',#7503,1.) ;
#7522=VECTOR('Line Direction',#7521,1.) ;
#7540=VECTOR('Line Direction',#7539,1.) ;
#7558=VECTOR('Line Direction',#7557,1.) ;
#7576=VECTOR('Line Direction',#7575,1.) ;
#7594=VECTOR('Line Direction',#7593,1.) ;
#7612=VECTOR('Line Direction',#7611,1.) ;
#7630=VECTOR('Line Direction',#7629,1.) ;
#7648=VECTOR('Line Direction',#7647,1.) ;
#7666=VECTOR('Line Direction',#7665,1.) ;
#7684=VECTOR('Line Direction',#7683,1.) ;
#7702=VECTOR('Line Direction',#7701,1.) ;
#7720=VECTOR('Line Direction',#7719,1.) ;
#7738=VECTOR('Line Direction',#7737,1.) ;
#7756=VECTOR('Line Direction',#7755,1.) ;
#7774=VECTOR('Line Direction',#7773,1.) ;
#7792=VECTOR('Line Direction',#7791,1.) ;
#7810=VECTOR('Line Direction',#7809,1.) ;
#7828=VECTOR('Line Direction',#7827,1.) ;
#7846=VECTOR('Line Direction',#7845,1.) ;
#7864=VECTOR('Line Direction',#7863,1.) ;
#7882=VECTOR('Line Direction',#7881,1.) ;
#7900=VECTOR('Line Direction',#7899,1.) ;
#7918=VECTOR('Line Direction',#7917,1.) ;
#7936=VECTOR('Line Direction',#7935,1.) ;
#7954=VECTOR('Line Direction',#7953,1.) ;
#7972=VECTOR('Line Direction',#7971,1.) ;
#7990=VECTOR('Line Direction',#7989,1.) ;
#8008=VECTOR('Line Direction',#8007,1.) ;
#8026=VECTOR('Line Direction',#8025,1.) ;
#8044=VECTOR('Line Direction',#8043,1.) ;
#8062=VECTOR('Line Direction',#8061,1.) ;
#8080=VECTOR('Line Direction',#8079,1.) ;
#8098=VECTOR('Line Direction',#8097,1.) ;
#8116=VECTOR('Line Direction',#8115,1.) ;
#8134=VECTOR('Line Direction',#8133,1.) ;
#8152=VECTOR('Line Direction',#8151,1.) ;
#8170=VECTOR('Line Direction',#8169,1.) ;
#8188=VECTOR('Line Direction',#8187,1.) ;
#8206=VECTOR('Line Direction',#8205,1.) ;
#8224=VECTOR('Line Direction',#8223,1.) ;
#8242=VECTOR('Line Direction',#8241,1.) ;
#8260=VECTOR('Line Direction',#8259,1.) ;
#8278=VECTOR('Line Direction',#8277,1.) ;
#8296=VECTOR('Line Direction',#8295,1.) ;
#8314=VECTOR('Line Direction',#8313,1.) ;
#8332=VECTOR('Line Direction',#8331,1.) ;
#8350=VECTOR('Line Direction',#8349,1.) ;
#8368=VECTOR('Line Direction',#8367,1.) ;
#8386=VECTOR('Line Direction',#8385,1.) ;
#8404=VECTOR('Line Direction',#8403,1.) ;
#8422=VECTOR('Line Direction',#8421,1.) ;
#8440=VECTOR('Line Direction',#8439,1.) ;
#8458=VECTOR('Line Direction',#8457,1.) ;
#8476=VECTOR('Line Direction',#8475,1.) ;
#8494=VECTOR('Line Direction',#8493,1.) ;
#8512=VECTOR('Line Direction',#8511,1.) ;
#8530=VECTOR('Line Direction',#8529,1.) ;
#8600=VECTOR('Line Direction',#8599,1.) ;
#8609=VECTOR('Line Direction',#8608,1.) ;
#8616=VECTOR('Line Direction',#8615,1.) ;
#8623=VECTOR('Line Direction',#8622,1.) ;
#8648=VECTOR('Line Direction',#8647,1.) ;
#8676=VECTOR('Line Direction',#8675,1.) ;
#8702=VECTOR('Line Direction',#8701,1.) ;
#8728=VECTOR('Line Direction',#8727,1.) ;
#8978=VECTOR('Line Direction',#8977,1.) ;
#8992=VECTOR('Line Direction',#8991,1.) ;
#8999=VECTOR('Line Direction',#8998,1.) ;
#9006=VECTOR('Line Direction',#9005,1.) ;
#9020=VECTOR('Line Direction',#9019,1.) ;
#9027=VECTOR('Line Direction',#9026,1.) ;
#9034=VECTOR('Line Direction',#9033,1.) ;
#9048=VECTOR('Line Direction',#9047,1.) ;
#9055=VECTOR('Line Direction',#9054,1.) ;
#9062=VECTOR('Line Direction',#9061,1.) ;
#9076=VECTOR('Line Direction',#9075,1.) ;
#9106=VECTOR('Line Direction',#9105,1.) ;
#9113=VECTOR('Line Direction',#9112,1.) ;
#9140=VECTOR('Line Direction',#9139,1.) ;
#9154=VECTOR('Line Direction',#9153,1.) ;
#9168=VECTOR('Line Direction',#9167,1.) ;
#9182=VECTOR('Line Direction',#9181,1.) ;
#9413=VECTOR('Line Direction',#9412,1.) ;
#9438=VECTOR('Line Direction',#9437,1.) ;
#9445=VECTOR('Line Direction',#9444,1.) ;
#9452=VECTOR('Line Direction',#9451,1.) ;
#9475=VECTOR('Line Direction',#9474,1.) ;
#9482=VECTOR('Line Direction',#9481,1.) ;
#9489=VECTOR('Line Direction',#9488,1.) ;
#9512=VECTOR('Line Direction',#9511,1.) ;
#9533=VECTOR('Line Direction',#9532,1.) ;
#9540=VECTOR('Line Direction',#9539,1.) ;
#9570=VECTOR('Line Direction',#9569,1.) ;
#9588=VECTOR('Line Direction',#9587,1.) ;
#9595=VECTOR('Line Direction',#9594,1.) ;
#9602=VECTOR('Line Direction',#9601,1.) ;
#9630=VECTOR('Line Direction',#9629,1.) ;
#9648=VECTOR('Line Direction',#9647,1.) ;
#9655=VECTOR('Line Direction',#9654,1.) ;
#9680=VECTOR('Line Direction',#9679,1.) ;
#9698=VECTOR('Line Direction',#9697,1.) ;
#9705=VECTOR('Line Direction',#9704,1.) ;
#9730=VECTOR('Line Direction',#9729,1.) ;
#9748=VECTOR('Line Direction',#9747,1.) ;
#9755=VECTOR('Line Direction',#9754,1.) ;
#9791=VECTOR('Line Direction',#9790,1.) ;
#9796=VECTOR('Line Direction',#9795,1.) ;
#9827=VECTOR('Line Direction',#9826,1.) ;
#9832=VECTOR('Line Direction',#9831,1.) ;
#9863=VECTOR('Line Direction',#9862,1.) ;
#9868=VECTOR('Line Direction',#9867,1.) ;
#9899=VECTOR('Line Direction',#9898,1.) ;
#9904=VECTOR('Line Direction',#9903,1.) ;
#9935=VECTOR('Line Direction',#9934,1.) ;
#9953=VECTOR('Line Direction',#9952,1.) ;
#9971=VECTOR('Line Direction',#9970,1.) ;
#9989=VECTOR('Line Direction',#9988,1.) ;
#10007=VECTOR('Line Direction',#10006,1.) ;
#10025=VECTOR('Line Direction',#10024,1.) ;
#10043=VECTOR('Line Direction',#10042,1.) ;
#10061=VECTOR('Line Direction',#10060,1.) ;
#10079=VECTOR('Line Direction',#10078,1.) ;
#10097=VECTOR('Line Direction',#10096,1.) ;
#10115=VECTOR('Line Direction',#10114,1.) ;
#10133=VECTOR('Line Direction',#10132,1.) ;
#10164=VECTOR('Line Direction',#10163,1.) ;
#10171=VECTOR('Line Direction',#10170,1.) ;
#10196=VECTOR('Line Direction',#10195,1.) ;
#10203=VECTOR('Line Direction',#10202,1.) ;
#10221=VECTOR('Line Direction',#10220,1.) ;
#10246=VECTOR('Line Direction',#10245,1.) ;
#10253=VECTOR('Line Direction',#10252,1.) ;
#10271=VECTOR('Line Direction',#10270,1.) ;
#10296=VECTOR('Line Direction',#10295,1.) ;
#10303=VECTOR('Line Direction',#10302,1.) ;
#10321=VECTOR('Line Direction',#10320,1.) ;
#10346=VECTOR('Line Direction',#10345,1.) ;
#10385=VECTOR('Line Direction',#10384,1.) ;
#10411=VECTOR('Line Direction',#10410,1.) ;
#10437=VECTOR('Line Direction',#10436,1.) ;
#10463=VECTOR('Line Direction',#10462,1.) ;
#10516=VECTOR('Line Direction',#10515,1.) ;
#10542=VECTOR('Line Direction',#10541,1.) ;
#10568=VECTOR('Line Direction',#10567,1.) ;
#10594=VECTOR('Line Direction',#10593,1.) ;
#10674=VECTOR('Line Direction',#10673,1.) ;
#10740=VECTOR('Line Direction',#10739,1.) ;
#10806=VECTOR('Line Direction',#10805,1.) ;
#10872=VECTOR('Line Direction',#10871,1.) ;
#10938=VECTOR('Line Direction',#10937,1.) ;
#11004=VECTOR('Line Direction',#11003,1.) ;
#11070=VECTOR('Line Direction',#11069,1.) ;
#11137=VECTOR('Line Direction',#11136,1.) ;
#11155=VECTOR('Line Direction',#11154,1.) ;
#11173=VECTOR('Line Direction',#11172,1.) ;
#11228=VECTOR('Line Direction',#11227,1.) ;
#11320=VECTOR('Line Direction',#11319,1.) ;
#11375=VECTOR('Line Direction',#11374,1.) ;
#11430=VECTOR('Line Direction',#11429,1.) ;
#11448=VECTOR('Line Direction',#11447,1.) ;
#11503=VECTOR('Line Direction',#11502,1.) ;
#11595=VECTOR('Line Direction',#11594,1.) ;
#11613=VECTOR('Line Direction',#11612,1.) ;
#11675=VECTOR('Line Direction',#11674,1.) ;
#11767=VECTOR('Line Direction',#11766,1.) ;
#11815=VECTOR('Line Direction',#11814,1.) ;
#11844=VECTOR('Line Direction',#11843,1.) ;
#11862=VECTOR('Line Direction',#11861,1.) ;
#11897=VECTOR('Line Direction',#11896,1.) ;
#11943=VECTOR('Line Direction',#11942,1.) ;
#11961=VECTOR('Line Direction',#11960,1.) ;
#12011=VECTOR('Line Direction',#12010,1.) ;
#12041=VECTOR('Line Direction',#12040,1.) ;
#12134=VECTOR('Line Direction',#12133,1.) ;
#12148=VECTOR('Line Direction',#12147,1.) ;
#12173=VECTOR('Line Direction',#12172,1.) ;
#12201=VECTOR('Line Direction',#12200,1.) ;
#12227=VECTOR('Line Direction',#12226,1.) ;
#12253=VECTOR('Line Direction',#12252,1.) ;
#12516=VECTOR('Line Direction',#12515,1.) ;
#12521=VECTOR('Line Direction',#12520,1.) ;
#12539=VECTOR('Line Direction',#12538,1.) ;
#12546=VECTOR('Line Direction',#12545,1.) ;
#12553=VECTOR('Line Direction',#12552,1.) ;
#12578=VECTOR('Line Direction',#12577,1.) ;
#12596=VECTOR('Line Direction',#12595,1.) ;
#12603=VECTOR('Line Direction',#12602,1.) ;
#12628=VECTOR('Line Direction',#12627,1.) ;
#12646=VECTOR('Line Direction',#12645,1.) ;
#12653=VECTOR('Line Direction',#12652,1.) ;
#12678=VECTOR('Line Direction',#12677,1.) ;
#12696=VECTOR('Line Direction',#12695,1.) ;
#12703=VECTOR('Line Direction',#12702,1.) ;
#12739=VECTOR('Line Direction',#12738,1.) ;
#12753=VECTOR('Line Direction',#12752,1.) ;
#12789=VECTOR('Line Direction',#12788,1.) ;
#12803=VECTOR('Line Direction',#12802,1.) ;
#12839=VECTOR('Line Direction',#12838,1.) ;
#12853=VECTOR('Line Direction',#12852,1.) ;
#12988=VECTOR('Line Direction',#12987,1.) ;
#12993=VECTOR('Line Direction',#12992,1.) ;
#13024=VECTOR('Line Direction',#13023,1.) ;
#13029=VECTOR('Line Direction',#13028,1.) ;
#13060=VECTOR('Line Direction',#13059,1.) ;
#13065=VECTOR('Line Direction',#13064,1.) ;
#13122=VECTOR('Line Direction',#13121,1.) ;
#13144=VECTOR('Line Direction',#13143,1.) ;
#13151=VECTOR('Line Direction',#13150,1.) ;
#13176=VECTOR('Line Direction',#13175,1.) ;
#13211=VECTOR('Line Direction',#13210,1.) ;
#13218=VECTOR('Line Direction',#13217,1.) ;
#13239=VECTOR('Line Direction',#13238,1.) ;
#13272=VECTOR('Line Direction',#13271,1.) ;
#13279=VECTOR('Line Direction',#13278,1.) ;
#13302=VECTOR('Line Direction',#13301,1.) ;
#13385=VECTOR('Line Direction',#13384,1.) ;
#13394=VECTOR('Line Direction',#13393,1.) ;
#13414=VECTOR('Line Direction',#13413,1.) ;
#13421=VECTOR('Line Direction',#13420,1.) ;
#13448=VECTOR('Line Direction',#13447,1.) ;
#13453=VECTOR('Line Direction',#13452,1.) ;
#13460=VECTOR('Line Direction',#13459,1.) ;
#13540=VECTOR('Line Direction',#13539,1.) ;
#13577=VECTOR('Line Direction',#13576,1.) ;
#13620=VECTOR('Line Direction',#13619,1.) ;
#13652=VECTOR('Line Direction',#13651,1.) ;
#13695=VECTOR('Line Direction',#13694,1.) ;
#13783=VECTOR('Line Direction',#13782,1.) ;
#13790=VECTOR('Line Direction',#13789,1.) ;
#13833=VECTOR('Line Direction',#13832,1.) ;
#13853=VECTOR('Line Direction',#13852,1.) ;
#13895=VECTOR('Line Direction',#13894,1.) ;
#13902=VECTOR('Line Direction',#13901,1.) ;
#20=UNCERTAINTY_MEASURE_WITH_UNIT(LENGTH_MEASURE(0.005),#17,'distance_accuracy_value','CONFUSED CURVE UNCERTAINTY') ;
#22=UNCERTAINTY_MEASURE_WITH_UNIT(LENGTH_MEASURE(0.005),#17,'distance_accuracy_value','CONFUSED CURVE UNCERTAINTY') ;
#30=UNCERTAINTY_MEASURE_WITH_UNIT(LENGTH_MEASURE(0.005),#17,'distance_accuracy_value','CONFUSED CURVE UNCERTAINTY') ;
#8582=UNCERTAINTY_MEASURE_WITH_UNIT(LENGTH_MEASURE(0.005),#17,'distance_accuracy_value','CONFUSED CURVE UNCERTAINTY') ;
#12107=UNCERTAINTY_MEASURE_WITH_UNIT(LENGTH_MEASURE(0.005),#17,'distance_accuracy_value','CONFUSED CURVE UNCERTAINTY') ;
#13104=UNCERTAINTY_MEASURE_WITH_UNIT(LENGTH_MEASURE(0.005),#17,'distance_accuracy_value','CONFUSED CURVE UNCERTAINTY') ;
#8558=CONTEXT_DEPENDENT_SHAPE_REPRESENTATION(#8559,#8557) ;
#8571=CONTEXT_DEPENDENT_SHAPE_REPRESENTATION(#8572,#8570) ;
#12096=CONTEXT_DEPENDENT_SHAPE_REPRESENTATION(#12097,#12095) ;
#13093=CONTEXT_DEPENDENT_SHAPE_REPRESENTATION(#13094,#13092) ;
#13953=CONTEXT_DEPENDENT_SHAPE_REPRESENTATION(#13954,#13952) ;
#13966=CONTEXT_DEPENDENT_SHAPE_REPRESENTATION(#13967,#13965) ;
#13979=CONTEXT_DEPENDENT_SHAPE_REPRESENTATION(#13980,#13978) ;
#13992=CONTEXT_DEPENDENT_SHAPE_REPRESENTATION(#13993,#13991) ;
#8555=SHAPE_REPRESENTATION_RELATIONSHIP(' ',' ',#32,#8554) ;
#12093=SHAPE_REPRESENTATION_RELATIONSHIP(' ',' ',#8584,#12092) ;
#13090=SHAPE_REPRESENTATION_RELATIONSHIP(' ',' ',#12109,#13089) ;
#13950=SHAPE_REPRESENTATION_RELATIONSHIP(' ',' ',#13106,#13949) ;
#82=ORIENTED_EDGE('',*,*,#61,.F.) ;
#83=ORIENTED_EDGE('',*,*,#68,.F.) ;
#84=ORIENTED_EDGE('',*,*,#75,.F.) ;
#85=ORIENTED_EDGE('',*,*,#80,.T.) ;
#2259=ORIENTED_EDGE('',*,*,#124,.T.) ;
#2260=ORIENTED_EDGE('',*,*,#140,.T.) ;
#2261=ORIENTED_EDGE('',*,*,#147,.T.) ;
#2262=ORIENTED_EDGE('',*,*,#154,.T.) ;
#2263=ORIENTED_EDGE('',*,*,#161,.T.) ;
#2264=ORIENTED_EDGE('',*,*,#177,.T.) ;
#2265=ORIENTED_EDGE('',*,*,#182,.T.) ;
#2266=ORIENTED_EDGE('',*,*,#61,.T.) ;
#2267=ORIENTED_EDGE('',*,*,#189,.T.) ;
#2268=ORIENTED_EDGE('',*,*,#205,.T.) ;
#2269=ORIENTED_EDGE('',*,*,#212,.T.) ;
#2270=ORIENTED_EDGE('',*,*,#219,.T.) ;
#2271=ORIENTED_EDGE('',*,*,#226,.T.) ;
#2272=ORIENTED_EDGE('',*,*,#242,.T.) ;
#2273=ORIENTED_EDGE('',*,*,#249,.T.) ;
#2274=ORIENTED_EDGE('',*,*,#268,.T.) ;
#2275=ORIENTED_EDGE('',*,*,#275,.T.) ;
#2276=ORIENTED_EDGE('',*,*,#282,.T.) ;
#2277=ORIENTED_EDGE('',*,*,#289,.T.) ;
#2278=ORIENTED_EDGE('',*,*,#296,.T.) ;
#2279=ORIENTED_EDGE('',*,*,#303,.T.) ;
#2280=ORIENTED_EDGE('',*,*,#310,.T.) ;
#2281=ORIENTED_EDGE('',*,*,#317,.T.) ;
#2282=ORIENTED_EDGE('',*,*,#324,.T.) ;
#2283=ORIENTED_EDGE('',*,*,#331,.T.) ;
#2284=ORIENTED_EDGE('',*,*,#338,.T.) ;
#2285=ORIENTED_EDGE('',*,*,#345,.T.) ;
#2286=ORIENTED_EDGE('',*,*,#352,.T.) ;
#2287=ORIENTED_EDGE('',*,*,#359,.T.) ;
#2288=ORIENTED_EDGE('',*,*,#366,.T.) ;
#2289=ORIENTED_EDGE('',*,*,#373,.T.) ;
#2290=ORIENTED_EDGE('',*,*,#380,.T.) ;
#2291=ORIENTED_EDGE('',*,*,#387,.T.) ;
#2292=ORIENTED_EDGE('',*,*,#394,.T.) ;
#2293=ORIENTED_EDGE('',*,*,#401,.T.) ;
#2294=ORIENTED_EDGE('',*,*,#408,.T.) ;
#2295=ORIENTED_EDGE('',*,*,#415,.T.) ;
#2296=ORIENTED_EDGE('',*,*,#422,.T.) ;
#2297=ORIENTED_EDGE('',*,*,#429,.T.) ;
#2298=ORIENTED_EDGE('',*,*,#436,.T.) ;
#2299=ORIENTED_EDGE('',*,*,#443,.T.) ;
#2300=ORIENTED_EDGE('',*,*,#450,.T.) ;
#2301=ORIENTED_EDGE('',*,*,#457,.T.) ;
#2302=ORIENTED_EDGE('',*,*,#464,.T.) ;
#2303=ORIENTED_EDGE('',*,*,#471,.T.) ;
#2304=ORIENTED_EDGE('',*,*,#478,.T.) ;
#2305=ORIENTED_EDGE('',*,*,#485,.T.) ;
#2306=ORIENTED_EDGE('',*,*,#492,.T.) ;
#2307=ORIENTED_EDGE('',*,*,#499,.T.) ;
#2308=ORIENTED_EDGE('',*,*,#506,.T.) ;
#2309=ORIENTED_EDGE('',*,*,#513,.T.) ;
#2310=ORIENTED_EDGE('',*,*,#520,.T.) ;
#2311=ORIENTED_EDGE('',*,*,#527,.T.) ;
#2312=ORIENTED_EDGE('',*,*,#534,.T.) ;
#2313=ORIENTED_EDGE('',*,*,#541,.T.) ;
#2314=ORIENTED_EDGE('',*,*,#548,.T.) ;
#2315=ORIENTED_EDGE('',*,*,#555,.T.) ;
#2316=ORIENTED_EDGE('',*,*,#562,.T.) ;
#2317=ORIENTED_EDGE('',*,*,#569,.T.) ;
#2318=ORIENTED_EDGE('',*,*,#576,.T.) ;
#2319=ORIENTED_EDGE('',*,*,#583,.T.) ;
#2320=ORIENTED_EDGE('',*,*,#596,.T.) ;
#2321=ORIENTED_EDGE('',*,*,#603,.T.) ;
#2322=ORIENTED_EDGE('',*,*,#610,.T.) ;
#2323=ORIENTED_EDGE('',*,*,#626,.T.) ;
#2324=ORIENTED_EDGE('',*,*,#633,.T.) ;
#2325=ORIENTED_EDGE('',*,*,#649,.T.) ;
#2326=ORIENTED_EDGE('',*,*,#656,.T.) ;
#2327=ORIENTED_EDGE('',*,*,#669,.T.) ;
#2328=ORIENTED_EDGE('',*,*,#676,.T.) ;
#2329=ORIENTED_EDGE('',*,*,#692,.T.) ;
#2330=ORIENTED_EDGE('',*,*,#699,.T.) ;
#2331=ORIENTED_EDGE('',*,*,#706,.T.) ;
#2332=ORIENTED_EDGE('',*,*,#713,.T.) ;
#2333=ORIENTED_EDGE('',*,*,#720,.T.) ;
#2334=ORIENTED_EDGE('',*,*,#736,.T.) ;
#2335=ORIENTED_EDGE('',*,*,#743,.T.) ;
#2336=ORIENTED_EDGE('',*,*,#750,.T.) ;
#2337=ORIENTED_EDGE('',*,*,#757,.T.) ;
#2338=ORIENTED_EDGE('',*,*,#764,.T.) ;
#2339=ORIENTED_EDGE('',*,*,#780,.T.) ;
#2340=ORIENTED_EDGE('',*,*,#787,.T.) ;
#2341=ORIENTED_EDGE('',*,*,#794,.T.) ;
#2342=ORIENTED_EDGE('',*,*,#801,.T.) ;
#2343=ORIENTED_EDGE('',*,*,#808,.T.) ;
#2344=ORIENTED_EDGE('',*,*,#821,.T.) ;
#2345=ORIENTED_EDGE('',*,*,#828,.T.) ;
#2346=ORIENTED_EDGE('',*,*,#847,.T.) ;
#2347=ORIENTED_EDGE('',*,*,#854,.T.) ;
#2348=ORIENTED_EDGE('',*,*,#861,.T.) ;
#2349=ORIENTED_EDGE('',*,*,#868,.F.) ;
#2350=ORIENTED_EDGE('',*,*,#875,.F.) ;
#2351=ORIENTED_EDGE('',*,*,#882,.F.) ;
#2352=ORIENTED_EDGE('',*,*,#913,.F.) ;
#2353=ORIENTED_EDGE('',*,*,#920,.F.) ;
#2354=ORIENTED_EDGE('',*,*,#951,.F.) ;
#2355=ORIENTED_EDGE('',*,*,#958,.F.) ;
#2356=ORIENTED_EDGE('',*,*,#989,.F.) ;
#2357=ORIENTED_EDGE('',*,*,#996,.F.) ;
#2358=ORIENTED_EDGE('',*,*,#1027,.F.) ;
#2359=ORIENTED_EDGE('',*,*,#1034,.F.) ;
#2360=ORIENTED_EDGE('',*,*,#1065,.F.) ;
#2361=ORIENTED_EDGE('',*,*,#1072,.F.) ;
#2362=ORIENTED_EDGE('',*,*,#1103,.F.) ;
#2363=ORIENTED_EDGE('',*,*,#1110,.F.) ;
#2364=ORIENTED_EDGE('',*,*,#1117,.F.) ;
#2365=ORIENTED_EDGE('',*,*,#1124,.F.) ;
#2366=ORIENTED_EDGE('',*,*,#1155,.F.) ;
#2367=ORIENTED_EDGE('',*,*,#1162,.F.) ;
#2368=ORIENTED_EDGE('',*,*,#1193,.F.) ;
#2369=ORIENTED_EDGE('',*,*,#1200,.F.) ;
#2370=ORIENTED_EDGE('',*,*,#1207,.F.) ;
#2371=ORIENTED_EDGE('',*,*,#1214,.F.) ;
#2372=ORIENTED_EDGE('',*,*,#1245,.F.) ;
#2373=ORIENTED_EDGE('',*,*,#1252,.F.) ;
#2374=ORIENTED_EDGE('',*,*,#1283,.F.) ;
#2375=ORIENTED_EDGE('',*,*,#1290,.F.) ;
#2376=ORIENTED_EDGE('',*,*,#1321,.F.) ;
#2377=ORIENTED_EDGE('',*,*,#1328,.F.) ;
#2378=ORIENTED_EDGE('',*,*,#1359,.F.) ;
#2379=ORIENTED_EDGE('',*,*,#1366,.F.) ;
#2380=ORIENTED_EDGE('',*,*,#1397,.F.) ;
#2381=ORIENTED_EDGE('',*,*,#1404,.F.) ;
#2382=ORIENTED_EDGE('',*,*,#1435,.F.) ;
#2383=ORIENTED_EDGE('',*,*,#1442,.F.) ;
#2384=ORIENTED_EDGE('',*,*,#1449,.F.) ;
#2385=ORIENTED_EDGE('',*,*,#1456,.F.) ;
#2386=ORIENTED_EDGE('',*,*,#1463,.T.) ;
#2387=ORIENTED_EDGE('',*,*,#1470,.T.) ;
#2388=ORIENTED_EDGE('',*,*,#1489,.T.) ;
#2389=ORIENTED_EDGE('',*,*,#1496,.T.) ;
#2390=ORIENTED_EDGE('',*,*,#1509,.T.) ;
#2391=ORIENTED_EDGE('',*,*,#1516,.T.) ;
#2392=ORIENTED_EDGE('',*,*,#1523,.T.) ;
#2393=ORIENTED_EDGE('',*,*,#1530,.T.) ;
#2394=ORIENTED_EDGE('',*,*,#1537,.T.) ;
#2395=ORIENTED_EDGE('',*,*,#1553,.T.) ;
#2396=ORIENTED_EDGE('',*,*,#1560,.T.) ;
#2397=ORIENTED_EDGE('',*,*,#1567,.T.) ;
#2398=ORIENTED_EDGE('',*,*,#1574,.T.) ;
#2399=ORIENTED_EDGE('',*,*,#1581,.T.) ;
#2400=ORIENTED_EDGE('',*,*,#1597,.T.) ;
#2401=ORIENTED_EDGE('',*,*,#1604,.T.) ;
#2402=ORIENTED_EDGE('',*,*,#1611,.T.) ;
#2403=ORIENTED_EDGE('',*,*,#1618,.T.) ;
#2404=ORIENTED_EDGE('',*,*,#1625,.T.) ;
#2405=ORIENTED_EDGE('',*,*,#1641,.T.) ;
#2406=ORIENTED_EDGE('',*,*,#1648,.T.) ;
#2407=ORIENTED_EDGE('',*,*,#1661,.T.) ;
#2408=ORIENTED_EDGE('',*,*,#1668,.T.) ;
#2409=ORIENTED_EDGE('',*,*,#1684,.T.) ;
#2410=ORIENTED_EDGE('',*,*,#1691,.T.) ;
#2411=ORIENTED_EDGE('',*,*,#1707,.T.) ;
#2412=ORIENTED_EDGE('',*,*,#1714,.T.) ;
#2413=ORIENTED_EDGE('',*,*,#1721,.T.) ;
#2414=ORIENTED_EDGE('',*,*,#1734,.T.) ;
#2415=ORIENTED_EDGE('',*,*,#1741,.T.) ;
#2416=ORIENTED_EDGE('',*,*,#1748,.T.) ;
#2417=ORIENTED_EDGE('',*,*,#1755,.T.) ;
#2418=ORIENTED_EDGE('',*,*,#1762,.T.) ;
#2419=ORIENTED_EDGE('',*,*,#1769,.T.) ;
#2420=ORIENTED_EDGE('',*,*,#1776,.T.) ;
#2421=ORIENTED_EDGE('',*,*,#1783,.T.) ;
#2422=ORIENTED_EDGE('',*,*,#1790,.T.) ;
#2423=ORIENTED_EDGE('',*,*,#1797,.T.) ;
#2424=ORIENTED_EDGE('',*,*,#1804,.T.) ;
#2425=ORIENTED_EDGE('',*,*,#1811,.T.) ;
#2426=ORIENTED_EDGE('',*,*,#1818,.T.) ;
#2427=ORIENTED_EDGE('',*,*,#1825,.T.) ;
#2428=ORIENTED_EDGE('',*,*,#1832,.T.) ;
#2429=ORIENTED_EDGE('',*,*,#1839,.T.) ;
#2430=ORIENTED_EDGE('',*,*,#1846,.T.) ;
#2431=ORIENTED_EDGE('',*,*,#1853,.T.) ;
#2432=ORIENTED_EDGE('',*,*,#1860,.T.) ;
#2433=ORIENTED_EDGE('',*,*,#1867,.T.) ;
#2434=ORIENTED_EDGE('',*,*,#1874,.T.) ;
#2435=ORIENTED_EDGE('',*,*,#1881,.T.) ;
#2436=ORIENTED_EDGE('',*,*,#1888,.T.) ;
#2437=ORIENTED_EDGE('',*,*,#1895,.T.) ;
#2438=ORIENTED_EDGE('',*,*,#1902,.T.) ;
#2439=ORIENTED_EDGE('',*,*,#1909,.T.) ;
#2440=ORIENTED_EDGE('',*,*,#1916,.T.) ;
#2441=ORIENTED_EDGE('',*,*,#1923,.T.) ;
#2442=ORIENTED_EDGE('',*,*,#1930,.T.) ;
#2443=ORIENTED_EDGE('',*,*,#1937,.T.) ;
#2444=ORIENTED_EDGE('',*,*,#1944,.T.) ;
#2445=ORIENTED_EDGE('',*,*,#1951,.T.) ;
#2446=ORIENTED_EDGE('',*,*,#1958,.T.) ;
#2447=ORIENTED_EDGE('',*,*,#1965,.T.) ;
#2448=ORIENTED_EDGE('',*,*,#1972,.T.) ;
#2449=ORIENTED_EDGE('',*,*,#1979,.T.) ;
#2450=ORIENTED_EDGE('',*,*,#1986,.T.) ;
#2451=ORIENTED_EDGE('',*,*,#1993,.T.) ;
#2452=ORIENTED_EDGE('',*,*,#2000,.T.) ;
#2453=ORIENTED_EDGE('',*,*,#2007,.T.) ;
#2454=ORIENTED_EDGE('',*,*,#2014,.T.) ;
#2455=ORIENTED_EDGE('',*,*,#2021,.T.) ;
#2456=ORIENTED_EDGE('',*,*,#2028,.T.) ;
#2457=ORIENTED_EDGE('',*,*,#2035,.T.) ;
#2458=ORIENTED_EDGE('',*,*,#2042,.T.) ;
#2459=ORIENTED_EDGE('',*,*,#2049,.T.) ;
#2460=ORIENTED_EDGE('',*,*,#2068,.T.) ;
#2461=ORIENTED_EDGE('',*,*,#2075,.T.) ;
#2462=ORIENTED_EDGE('',*,*,#2091,.T.) ;
#2463=ORIENTED_EDGE('',*,*,#2098,.T.) ;
#2464=ORIENTED_EDGE('',*,*,#2105,.T.) ;
#2465=ORIENTED_EDGE('',*,*,#2112,.T.) ;
#2466=ORIENTED_EDGE('',*,*,#2128,.T.) ;
#2467=ORIENTED_EDGE('',*,*,#2135,.T.) ;
#2468=ORIENTED_EDGE('',*,*,#2142,.T.) ;
#2469=ORIENTED_EDGE('',*,*,#2149,.T.) ;
#2470=ORIENTED_EDGE('',*,*,#2165,.T.) ;
#2471=ORIENTED_EDGE('',*,*,#2172,.T.) ;
#2472=ORIENTED_EDGE('',*,*,#2179,.T.) ;
#2473=ORIENTED_EDGE('',*,*,#2186,.T.) ;
#2474=ORIENTED_EDGE('',*,*,#2202,.T.) ;
#2475=ORIENTED_EDGE('',*,*,#2224,.T.) ;
#2476=ORIENTED_EDGE('',*,*,#2231,.T.) ;
#2477=ORIENTED_EDGE('',*,*,#2238,.T.) ;
#2478=ORIENTED_EDGE('',*,*,#2245,.T.) ;
#2479=ORIENTED_EDGE('',*,*,#2252,.T.) ;
#2480=ORIENTED_EDGE('',*,*,#2257,.T.) ;
#2502=ORIENTED_EDGE('',*,*,#182,.F.) ;
#2503=ORIENTED_EDGE('',*,*,#2495,.F.) ;
#2504=ORIENTED_EDGE('',*,*,#2500,.F.) ;
#2505=ORIENTED_EDGE('',*,*,#68,.T.) ;
#4374=ORIENTED_EDGE('',*,*,#2522,.T.) ;
#4375=ORIENTED_EDGE('',*,*,#2529,.T.) ;
#4376=ORIENTED_EDGE('',*,*,#2548,.T.) ;
#4377=ORIENTED_EDGE('',*,*,#2555,.T.) ;
#4378=ORIENTED_EDGE('',*,*,#2574,.T.) ;
#4379=ORIENTED_EDGE('',*,*,#2581,.T.) ;
#4380=ORIENTED_EDGE('',*,*,#2588,.T.) ;
#4381=ORIENTED_EDGE('',*,*,#2595,.T.) ;
#4382=ORIENTED_EDGE('',*,*,#2608,.T.) ;
#4383=ORIENTED_EDGE('',*,*,#2618,.T.) ;
#4384=ORIENTED_EDGE('',*,*,#2631,.T.) ;
#4385=ORIENTED_EDGE('',*,*,#2638,.T.) ;
#4386=ORIENTED_EDGE('',*,*,#2651,.T.) ;
#4387=ORIENTED_EDGE('',*,*,#2661,.T.) ;
#4388=ORIENTED_EDGE('',*,*,#2674,.T.) ;
#4389=ORIENTED_EDGE('',*,*,#2681,.T.) ;
#4390=ORIENTED_EDGE('',*,*,#2694,.T.) ;
#4391=ORIENTED_EDGE('',*,*,#2704,.T.) ;
#4392=ORIENTED_EDGE('',*,*,#2717,.T.) ;
#4393=ORIENTED_EDGE('',*,*,#2724,.T.) ;
#4394=ORIENTED_EDGE('',*,*,#2731,.T.) ;
#4395=ORIENTED_EDGE('',*,*,#2738,.T.) ;
#4396=ORIENTED_EDGE('',*,*,#2751,.T.) ;
#4397=ORIENTED_EDGE('',*,*,#2758,.T.) ;
#4398=ORIENTED_EDGE('',*,*,#2765,.T.) ;
#4399=ORIENTED_EDGE('',*,*,#2772,.T.) ;
#4400=ORIENTED_EDGE('',*,*,#2779,.T.) ;
#4401=ORIENTED_EDGE('',*,*,#2786,.T.) ;
#4402=ORIENTED_EDGE('',*,*,#2793,.T.) ;
#4403=ORIENTED_EDGE('',*,*,#2800,.T.) ;
#4404=ORIENTED_EDGE('',*,*,#2807,.T.) ;
#4405=ORIENTED_EDGE('',*,*,#2814,.T.) ;
#4406=ORIENTED_EDGE('',*,*,#2821,.T.) ;
#4407=ORIENTED_EDGE('',*,*,#2828,.T.) ;
#4408=ORIENTED_EDGE('',*,*,#2835,.T.) ;
#4409=ORIENTED_EDGE('',*,*,#2842,.T.) ;
#4410=ORIENTED_EDGE('',*,*,#2849,.T.) ;
#4411=ORIENTED_EDGE('',*,*,#2856,.T.) ;
#4412=ORIENTED_EDGE('',*,*,#2863,.T.) ;
#4413=ORIENTED_EDGE('',*,*,#2870,.T.) ;
#4414=ORIENTED_EDGE('',*,*,#2877,.T.) ;
#4415=ORIENTED_EDGE('',*,*,#2884,.T.) ;
#4416=ORIENTED_EDGE('',*,*,#2891,.T.) ;
#4417=ORIENTED_EDGE('',*,*,#2898,.T.) ;
#4418=ORIENTED_EDGE('',*,*,#2905,.T.) ;
#4419=ORIENTED_EDGE('',*,*,#2912,.T.) ;
#4420=ORIENTED_EDGE('',*,*,#2919,.T.) ;
#4421=ORIENTED_EDGE('',*,*,#2926,.T.) ;
#4422=ORIENTED_EDGE('',*,*,#2933,.T.) ;
#4423=ORIENTED_EDGE('',*,*,#2940,.T.) ;
#4424=ORIENTED_EDGE('',*,*,#2947,.T.) ;
#4425=ORIENTED_EDGE('',*,*,#2954,.T.) ;
#4426=ORIENTED_EDGE('',*,*,#2961,.T.) ;
#4427=ORIENTED_EDGE('',*,*,#2968,.T.) ;
#4428=ORIENTED_EDGE('',*,*,#2975,.T.) ;
#4429=ORIENTED_EDGE('',*,*,#2982,.T.) ;
#4430=ORIENTED_EDGE('',*,*,#2989,.T.) ;
#4431=ORIENTED_EDGE('',*,*,#2996,.T.) ;
#4432=ORIENTED_EDGE('',*,*,#3003,.T.) ;
#4433=ORIENTED_EDGE('',*,*,#3010,.T.) ;
#4434=ORIENTED_EDGE('',*,*,#3017,.T.) ;
#4435=ORIENTED_EDGE('',*,*,#3024,.T.) ;
#4436=ORIENTED_EDGE('',*,*,#3031,.T.) ;
#4437=ORIENTED_EDGE('',*,*,#3038,.T.) ;
#4438=ORIENTED_EDGE('',*,*,#3045,.T.) ;
#4439=ORIENTED_EDGE('',*,*,#3052,.T.) ;
#4440=ORIENTED_EDGE('',*,*,#3065,.T.) ;
#4441=ORIENTED_EDGE('',*,*,#3072,.T.) ;
#4442=ORIENTED_EDGE('',*,*,#3085,.T.) ;
#4443=ORIENTED_EDGE('',*,*,#3092,.T.) ;
#4444=ORIENTED_EDGE('',*,*,#3099,.T.) ;
#4445=ORIENTED_EDGE('',*,*,#3106,.T.) ;
#4446=ORIENTED_EDGE('',*,*,#3113,.T.) ;
#4447=ORIENTED_EDGE('',*,*,#3120,.T.) ;
#4448=ORIENTED_EDGE('',*,*,#3127,.T.) ;
#4449=ORIENTED_EDGE('',*,*,#3140,.T.) ;
#4450=ORIENTED_EDGE('',*,*,#3147,.T.) ;
#4451=ORIENTED_EDGE('',*,*,#3160,.T.) ;
#4452=ORIENTED_EDGE('',*,*,#3170,.T.) ;
#4453=ORIENTED_EDGE('',*,*,#3180,.T.) ;
#4454=ORIENTED_EDGE('',*,*,#3193,.T.) ;
#4455=ORIENTED_EDGE('',*,*,#3200,.T.) ;
#4456=ORIENTED_EDGE('',*,*,#3213,.T.) ;
#4457=ORIENTED_EDGE('',*,*,#3223,.T.) ;
#4458=ORIENTED_EDGE('',*,*,#3233,.T.) ;
#4459=ORIENTED_EDGE('',*,*,#3246,.T.) ;
#4460=ORIENTED_EDGE('',*,*,#3253,.T.) ;
#4461=ORIENTED_EDGE('',*,*,#3266,.T.) ;
#4462=ORIENTED_EDGE('',*,*,#3276,.T.) ;
#4463=ORIENTED_EDGE('',*,*,#3286,.T.) ;
#4464=ORIENTED_EDGE('',*,*,#3296,.T.) ;
#4465=ORIENTED_EDGE('',*,*,#3303,.T.) ;
#4466=ORIENTED_EDGE('',*,*,#3310,.T.) ;
#4467=ORIENTED_EDGE('',*,*,#3317,.T.) ;
#4468=ORIENTED_EDGE('',*,*,#3324,.T.) ;
#4469=ORIENTED_EDGE('',*,*,#3340,.T.) ;
#4470=ORIENTED_EDGE('',*,*,#3347,.F.) ;
#4471=ORIENTED_EDGE('',*,*,#3366,.F.) ;
#4472=ORIENTED_EDGE('',*,*,#3373,.F.) ;
#4473=ORIENTED_EDGE('',*,*,#3380,.F.) ;
#4474=ORIENTED_EDGE('',*,*,#3387,.F.) ;
#4475=ORIENTED_EDGE('',*,*,#3394,.F.) ;
#4476=ORIENTED_EDGE('',*,*,#3401,.F.) ;
#4477=ORIENTED_EDGE('',*,*,#3408,.F.) ;
#4478=ORIENTED_EDGE('',*,*,#3415,.F.) ;
#4479=ORIENTED_EDGE('',*,*,#3422,.F.) ;
#4480=ORIENTED_EDGE('',*,*,#3429,.F.) ;
#4481=ORIENTED_EDGE('',*,*,#3436,.F.) ;
#4482=ORIENTED_EDGE('',*,*,#3443,.F.) ;
#4483=ORIENTED_EDGE('',*,*,#3450,.F.) ;
#4484=ORIENTED_EDGE('',*,*,#3457,.F.) ;
#4485=ORIENTED_EDGE('',*,*,#3476,.F.) ;
#4486=ORIENTED_EDGE('',*,*,#3483,.F.) ;
#4487=ORIENTED_EDGE('',*,*,#3490,.F.) ;
#4488=ORIENTED_EDGE('',*,*,#3497,.F.) ;
#4489=ORIENTED_EDGE('',*,*,#3504,.F.) ;
#4490=ORIENTED_EDGE('',*,*,#3511,.F.) ;
#4491=ORIENTED_EDGE('',*,*,#3530,.F.) ;
#4492=ORIENTED_EDGE('',*,*,#3537,.F.) ;
#4493=ORIENTED_EDGE('',*,*,#3544,.F.) ;
#4494=ORIENTED_EDGE('',*,*,#3551,.F.) ;
#4495=ORIENTED_EDGE('',*,*,#3558,.F.) ;
#4496=ORIENTED_EDGE('',*,*,#3565,.F.) ;
#4497=ORIENTED_EDGE('',*,*,#3572,.F.) ;
#4498=ORIENTED_EDGE('',*,*,#3579,.F.) ;
#4499=ORIENTED_EDGE('',*,*,#3586,.F.) ;
#4500=ORIENTED_EDGE('',*,*,#3593,.F.) ;
#4501=ORIENTED_EDGE('',*,*,#3600,.F.) ;
#4502=ORIENTED_EDGE('',*,*,#3607,.F.) ;
#4503=ORIENTED_EDGE('',*,*,#3614,.F.) ;
#4504=ORIENTED_EDGE('',*,*,#3621,.F.) ;
#4505=ORIENTED_EDGE('',*,*,#3640,.F.) ;
#4506=ORIENTED_EDGE('',*,*,#3647,.F.) ;
#4507=ORIENTED_EDGE('',*,*,#3663,.T.) ;
#4508=ORIENTED_EDGE('',*,*,#3670,.T.) ;
#4509=ORIENTED_EDGE('',*,*,#3677,.T.) ;
#4510=ORIENTED_EDGE('',*,*,#3684,.T.) ;
#4511=ORIENTED_EDGE('',*,*,#3691,.T.) ;
#4512=ORIENTED_EDGE('',*,*,#3701,.T.) ;
#4513=ORIENTED_EDGE('',*,*,#3711,.T.) ;
#4514=ORIENTED_EDGE('',*,*,#3721,.T.) ;
#4515=ORIENTED_EDGE('',*,*,#3734,.T.) ;
#4516=ORIENTED_EDGE('',*,*,#3741,.T.) ;
#4517=ORIENTED_EDGE('',*,*,#3754,.T.) ;
#4518=ORIENTED_EDGE('',*,*,#3764,.T.) ;
#4519=ORIENTED_EDGE('',*,*,#3774,.T.) ;
#4520=ORIENTED_EDGE('',*,*,#3787,.T.) ;
#4521=ORIENTED_EDGE('',*,*,#3794,.T.) ;
#4522=ORIENTED_EDGE('',*,*,#3807,.T.) ;
#4523=ORIENTED_EDGE('',*,*,#3817,.T.) ;
#4524=ORIENTED_EDGE('',*,*,#3827,.T.) ;
#4525=ORIENTED_EDGE('',*,*,#3840,.T.) ;
#4526=ORIENTED_EDGE('',*,*,#3847,.T.) ;
#4527=ORIENTED_EDGE('',*,*,#3860,.T.) ;
#4528=ORIENTED_EDGE('',*,*,#3867,.T.) ;
#4529=ORIENTED_EDGE('',*,*,#3874,.T.) ;
#4530=ORIENTED_EDGE('',*,*,#3881,.T.) ;
#4531=ORIENTED_EDGE('',*,*,#3888,.T.) ;
#4532=ORIENTED_EDGE('',*,*,#3895,.T.) ;
#4533=ORIENTED_EDGE('',*,*,#3902,.T.) ;
#4534=ORIENTED_EDGE('',*,*,#3915,.T.) ;
#4535=ORIENTED_EDGE('',*,*,#3922,.T.) ;
#4536=ORIENTED_EDGE('',*,*,#3935,.T.) ;
#4537=ORIENTED_EDGE('',*,*,#3942,.T.) ;
#4538=ORIENTED_EDGE('',*,*,#3949,.T.) ;
#4539=ORIENTED_EDGE('',*,*,#3956,.T.) ;
#4540=ORIENTED_EDGE('',*,*,#3963,.T.) ;
#4541=ORIENTED_EDGE('',*,*,#3970,.T.) ;
#4542=ORIENTED_EDGE('',*,*,#3977,.T.) ;
#4543=ORIENTED_EDGE('',*,*,#3984,.T.) ;
#4544=ORIENTED_EDGE('',*,*,#3991,.T.) ;
#4545=ORIENTED_EDGE('',*,*,#3998,.T.) ;
#4546=ORIENTED_EDGE('',*,*,#4005,.T.) ;
#4547=ORIENTED_EDGE('',*,*,#4012,.T.) ;
#4548=ORIENTED_EDGE('',*,*,#4019,.T.) ;
#4549=ORIENTED_EDGE('',*,*,#4026,.T.) ;
#4550=ORIENTED_EDGE('',*,*,#4033,.T.) ;
#4551=ORIENTED_EDGE('',*,*,#4040,.T.) ;
#4552=ORIENTED_EDGE('',*,*,#4047,.T.) ;
#4553=ORIENTED_EDGE('',*,*,#4054,.T.) ;
#4554=ORIENTED_EDGE('',*,*,#4061,.T.) ;
#4555=ORIENTED_EDGE('',*,*,#4068,.T.) ;
#4556=ORIENTED_EDGE('',*,*,#4075,.T.) ;
#4557=ORIENTED_EDGE('',*,*,#4082,.T.) ;
#4558=ORIENTED_EDGE('',*,*,#4089,.T.) ;
#4559=ORIENTED_EDGE('',*,*,#4096,.T.) ;
#4560=ORIENTED_EDGE('',*,*,#4103,.T.) ;
#4561=ORIENTED_EDGE('',*,*,#4110,.T.) ;
#4562=ORIENTED_EDGE('',*,*,#4117,.T.) ;
#4563=ORIENTED_EDGE('',*,*,#4124,.T.) ;
#4564=ORIENTED_EDGE('',*,*,#4131,.T.) ;
#4565=ORIENTED_EDGE('',*,*,#4138,.T.) ;
#4566=ORIENTED_EDGE('',*,*,#4145,.T.) ;
#4567=ORIENTED_EDGE('',*,*,#4152,.T.) ;
#4568=ORIENTED_EDGE('',*,*,#4159,.T.) ;
#4569=ORIENTED_EDGE('',*,*,#4166,.T.) ;
#4570=ORIENTED_EDGE('',*,*,#4173,.T.) ;
#4571=ORIENTED_EDGE('',*,*,#4180,.T.) ;
#4572=ORIENTED_EDGE('',*,*,#4187,.T.) ;
#4573=ORIENTED_EDGE('',*,*,#4194,.T.) ;
#4574=ORIENTED_EDGE('',*,*,#4201,.T.) ;
#4575=ORIENTED_EDGE('',*,*,#4208,.T.) ;
#4576=ORIENTED_EDGE('',*,*,#4215,.T.) ;
#4577=ORIENTED_EDGE('',*,*,#4222,.T.) ;
#4578=ORIENTED_EDGE('',*,*,#4229,.T.) ;
#4579=ORIENTED_EDGE('',*,*,#4236,.T.) ;
#4580=ORIENTED_EDGE('',*,*,#4249,.T.) ;
#4581=ORIENTED_EDGE('',*,*,#4256,.T.) ;
#4582=ORIENTED_EDGE('',*,*,#4263,.T.) ;
#4583=ORIENTED_EDGE('',*,*,#4270,.T.) ;
#4584=ORIENTED_EDGE('',*,*,#4283,.T.) ;
#4585=ORIENTED_EDGE('',*,*,#4293,.T.) ;
#4586=ORIENTED_EDGE('',*,*,#4306,.T.) ;
#4587=ORIENTED_EDGE('',*,*,#4313,.T.) ;
#4588=ORIENTED_EDGE('',*,*,#4324,.T.) ;
#4589=ORIENTED_EDGE('',*,*,#75,.T.) ;
#4590=ORIENTED_EDGE('',*,*,#2500,.T.) ;
#4591=ORIENTED_EDGE('',*,*,#4331,.T.) ;
#4592=ORIENTED_EDGE('',*,*,#4344,.T.) ;
#4593=ORIENTED_EDGE('',*,*,#4354,.T.) ;
#4594=ORIENTED_EDGE('',*,*,#4367,.T.) ;
#4595=ORIENTED_EDGE('',*,*,#4372,.T.) ;
#4610=ORIENTED_EDGE('',*,*,#189,.F.) ;
#4611=ORIENTED_EDGE('',*,*,#80,.F.) ;
#4612=ORIENTED_EDGE('',*,*,#4324,.F.) ;
#4613=ORIENTED_EDGE('',*,*,#4608,.T.) ;
#4633=ORIENTED_EDGE('',*,*,#124,.F.) ;
#4634=ORIENTED_EDGE('',*,*,#4626,.T.) ;
#4635=ORIENTED_EDGE('',*,*,#2522,.F.) ;
#4636=ORIENTED_EDGE('',*,*,#4631,.T.) ;
#4651=ORIENTED_EDGE('',*,*,#140,.F.) ;
#4652=ORIENTED_EDGE('',*,*,#4631,.F.) ;
#4653=ORIENTED_EDGE('',*,*,#4372,.F.) ;
#4654=ORIENTED_EDGE('',*,*,#4649,.T.) ;
#4669=ORIENTED_EDGE('',*,*,#147,.F.) ;
#4670=ORIENTED_EDGE('',*,*,#4649,.F.) ;
#4671=ORIENTED_EDGE('',*,*,#4367,.F.) ;
#4672=ORIENTED_EDGE('',*,*,#4667,.T.) ;
#4687=ORIENTED_EDGE('',*,*,#154,.F.) ;
#4688=ORIENTED_EDGE('',*,*,#4667,.F.) ;
#4689=ORIENTED_EDGE('',*,*,#4354,.F.) ;
#4690=ORIENTED_EDGE('',*,*,#4685,.T.) ;
#4705=ORIENTED_EDGE('',*,*,#161,.F.) ;
#4706=ORIENTED_EDGE('',*,*,#4685,.F.) ;
#4707=ORIENTED_EDGE('',*,*,#4344,.F.) ;
#4708=ORIENTED_EDGE('',*,*,#4703,.T.) ;
#4718=ORIENTED_EDGE('',*,*,#177,.F.) ;
#4719=ORIENTED_EDGE('',*,*,#4703,.F.) ;
#4720=ORIENTED_EDGE('',*,*,#4331,.F.) ;
#4721=ORIENTED_EDGE('',*,*,#2495,.T.) ;
#4736=ORIENTED_EDGE('',*,*,#205,.F.) ;
#4737=ORIENTED_EDGE('',*,*,#4608,.F.) ;
#4738=ORIENTED_EDGE('',*,*,#4313,.F.) ;
#4739=ORIENTED_EDGE('',*,*,#4734,.T.) ;
#4754=ORIENTED_EDGE('',*,*,#212,.F.) ;
#4755=ORIENTED_EDGE('',*,*,#4734,.F.) ;
#4756=ORIENTED_EDGE('',*,*,#4306,.F.) ;
#4757=ORIENTED_EDGE('',*,*,#4752,.T.) ;
#4772=ORIENTED_EDGE('',*,*,#219,.F.) ;
#4773=ORIENTED_EDGE('',*,*,#4752,.F.) ;
#4774=ORIENTED_EDGE('',*,*,#4293,.F.) ;
#4775=ORIENTED_EDGE('',*,*,#4770,.T.) ;
#4790=ORIENTED_EDGE('',*,*,#226,.F.) ;
#4791=ORIENTED_EDGE('',*,*,#4770,.F.) ;
#4792=ORIENTED_EDGE('',*,*,#4283,.F.) ;
#4793=ORIENTED_EDGE('',*,*,#4788,.T.) ;
#4808=ORIENTED_EDGE('',*,*,#242,.F.) ;
#4809=ORIENTED_EDGE('',*,*,#4788,.F.) ;
#4810=ORIENTED_EDGE('',*,*,#4270,.F.) ;
#4811=ORIENTED_EDGE('',*,*,#4806,.T.) ;
#4826=ORIENTED_EDGE('',*,*,#249,.F.) ;
#4827=ORIENTED_EDGE('',*,*,#4806,.F.) ;
#4828=ORIENTED_EDGE('',*,*,#4263,.F.) ;
#4829=ORIENTED_EDGE('',*,*,#4824,.T.) ;
#4844=ORIENTED_EDGE('',*,*,#268,.F.) ;
#4845=ORIENTED_EDGE('',*,*,#4824,.F.) ;
#4846=ORIENTED_EDGE('',*,*,#4256,.F.) ;
#4847=ORIENTED_EDGE('',*,*,#4842,.T.) ;
#4862=ORIENTED_EDGE('',*,*,#275,.F.) ;
#4863=ORIENTED_EDGE('',*,*,#4842,.F.) ;
#4864=ORIENTED_EDGE('',*,*,#4249,.F.) ;
#4865=ORIENTED_EDGE('',*,*,#4860,.F.) ;
#4880=ORIENTED_EDGE('',*,*,#4860,.T.) ;
#4881=ORIENTED_EDGE('',*,*,#4236,.F.) ;
#4882=ORIENTED_EDGE('',*,*,#4878,.T.) ;
#4883=ORIENTED_EDGE('',*,*,#282,.F.) ;
#4898=ORIENTED_EDGE('',*,*,#289,.F.) ;
#4899=ORIENTED_EDGE('',*,*,#4878,.F.) ;
#4900=ORIENTED_EDGE('',*,*,#4229,.F.) ;
#4901=ORIENTED_EDGE('',*,*,#4896,.T.) ;
#4916=ORIENTED_EDGE('',*,*,#296,.F.) ;
#4917=ORIENTED_EDGE('',*,*,#4896,.F.) ;
#4918=ORIENTED_EDGE('',*,*,#4222,.F.) ;
#4919=ORIENTED_EDGE('',*,*,#4914,.T.) ;
#4934=ORIENTED_EDGE('',*,*,#303,.F.) ;
#4935=ORIENTED_EDGE('',*,*,#4914,.F.) ;
#4936=ORIENTED_EDGE('',*,*,#4215,.F.) ;
#4937=ORIENTED_EDGE('',*,*,#4932,.T.) ;
#4952=ORIENTED_EDGE('',*,*,#310,.F.) ;
#4953=ORIENTED_EDGE('',*,*,#4932,.F.) ;
#4954=ORIENTED_EDGE('',*,*,#4208,.F.) ;
#4955=ORIENTED_EDGE('',*,*,#4950,.T.) ;
#4970=ORIENTED_EDGE('',*,*,#317,.F.) ;
#4971=ORIENTED_EDGE('',*,*,#4950,.F.) ;
#4972=ORIENTED_EDGE('',*,*,#4201,.F.) ;
#4973=ORIENTED_EDGE('',*,*,#4968,.T.) ;
#4988=ORIENTED_EDGE('',*,*,#324,.F.) ;
#4989=ORIENTED_EDGE('',*,*,#4968,.F.) ;
#4990=ORIENTED_EDGE('',*,*,#4194,.F.) ;
#4991=ORIENTED_EDGE('',*,*,#4986,.T.) ;
#5006=ORIENTED_EDGE('',*,*,#331,.F.) ;
#5007=ORIENTED_EDGE('',*,*,#4986,.F.) ;
#5008=ORIENTED_EDGE('',*,*,#4187,.F.) ;
#5009=ORIENTED_EDGE('',*,*,#5004,.T.) ;
#5024=ORIENTED_EDGE('',*,*,#338,.F.) ;
#5025=ORIENTED_EDGE('',*,*,#5004,.F.) ;
#5026=ORIENTED_EDGE('',*,*,#4180,.F.) ;
#5027=ORIENTED_EDGE('',*,*,#5022,.T.) ;
#5042=ORIENTED_EDGE('',*,*,#345,.F.) ;
#5043=ORIENTED_EDGE('',*,*,#5022,.F.) ;
#5044=ORIENTED_EDGE('',*,*,#4173,.F.) ;
#5045=ORIENTED_EDGE('',*,*,#5040,.T.) ;
#5060=ORIENTED_EDGE('',*,*,#352,.F.) ;
#5061=ORIENTED_EDGE('',*,*,#5040,.F.) ;
#5062=ORIENTED_EDGE('',*,*,#4166,.F.) ;
#5063=ORIENTED_EDGE('',*,*,#5058,.T.) ;
#5078=ORIENTED_EDGE('',*,*,#359,.F.) ;
#5079=ORIENTED_EDGE('',*,*,#5058,.F.) ;
#5080=ORIENTED_EDGE('',*,*,#4159,.F.) ;
#5081=ORIENTED_EDGE('',*,*,#5076,.T.) ;
#5096=ORIENTED_EDGE('',*,*,#366,.F.) ;
#5097=ORIENTED_EDGE('',*,*,#5076,.F.) ;
#5098=ORIENTED_EDGE('',*,*,#4152,.F.) ;
#5099=ORIENTED_EDGE('',*,*,#5094,.T.) ;
#5114=ORIENTED_EDGE('',*,*,#373,.F.) ;
#5115=ORIENTED_EDGE('',*,*,#5094,.F.) ;
#5116=ORIENTED_EDGE('',*,*,#4145,.F.) ;
#5117=ORIENTED_EDGE('',*,*,#5112,.T.) ;
#5132=ORIENTED_EDGE('',*,*,#380,.F.) ;
#5133=ORIENTED_EDGE('',*,*,#5112,.F.) ;
#5134=ORIENTED_EDGE('',*,*,#4138,.F.) ;
#5135=ORIENTED_EDGE('',*,*,#5130,.T.) ;
#5150=ORIENTED_EDGE('',*,*,#387,.F.) ;
#5151=ORIENTED_EDGE('',*,*,#5130,.F.) ;
#5152=ORIENTED_EDGE('',*,*,#4131,.F.) ;
#5153=ORIENTED_EDGE('',*,*,#5148,.T.) ;
#5168=ORIENTED_EDGE('',*,*,#394,.F.) ;
#5169=ORIENTED_EDGE('',*,*,#5148,.F.) ;
#5170=ORIENTED_EDGE('',*,*,#4124,.F.) ;
#5171=ORIENTED_EDGE('',*,*,#5166,.T.) ;
#5186=ORIENTED_EDGE('',*,*,#401,.F.) ;
#5187=ORIENTED_EDGE('',*,*,#5166,.F.) ;
#5188=ORIENTED_EDGE('',*,*,#4117,.F.) ;
#5189=ORIENTED_EDGE('',*,*,#5184,.T.) ;
#5204=ORIENTED_EDGE('',*,*,#408,.F.) ;
#5205=ORIENTED_EDGE('',*,*,#5184,.F.) ;
#5206=ORIENTED_EDGE('',*,*,#4110,.F.) ;
#5207=ORIENTED_EDGE('',*,*,#5202,.T.) ;
#5222=ORIENTED_EDGE('',*,*,#415,.F.) ;
#5223=ORIENTED_EDGE('',*,*,#5202,.F.) ;
#5224=ORIENTED_EDGE('',*,*,#4103,.F.) ;
#5225=ORIENTED_EDGE('',*,*,#5220,.T.) ;
#5240=ORIENTED_EDGE('',*,*,#422,.F.) ;
#5241=ORIENTED_EDGE('',*,*,#5220,.F.) ;
#5242=ORIENTED_EDGE('',*,*,#4096,.F.) ;
#5243=ORIENTED_EDGE('',*,*,#5238,.T.) ;
#5258=ORIENTED_EDGE('',*,*,#429,.F.) ;
#5259=ORIENTED_EDGE('',*,*,#5238,.F.) ;
#5260=ORIENTED_EDGE('',*,*,#4089,.F.) ;
#5261=ORIENTED_EDGE('',*,*,#5256,.T.) ;
#5276=ORIENTED_EDGE('',*,*,#436,.F.) ;
#5277=ORIENTED_EDGE('',*,*,#5256,.F.) ;
#5278=ORIENTED_EDGE('',*,*,#4082,.F.) ;
#5279=ORIENTED_EDGE('',*,*,#5274,.T.) ;
#5294=ORIENTED_EDGE('',*,*,#443,.F.) ;
#5295=ORIENTED_EDGE('',*,*,#5274,.F.) ;
#5296=ORIENTED_EDGE('',*,*,#4075,.F.) ;
#5297=ORIENTED_EDGE('',*,*,#5292,.T.) ;
#5312=ORIENTED_EDGE('',*,*,#450,.F.) ;
#5313=ORIENTED_EDGE('',*,*,#5292,.F.) ;
#5314=ORIENTED_EDGE('',*,*,#4068,.F.) ;
#5315=ORIENTED_EDGE('',*,*,#5310,.T.) ;
#5330=ORIENTED_EDGE('',*,*,#457,.F.) ;
#5331=ORIENTED_EDGE('',*,*,#5310,.F.) ;
#5332=ORIENTED_EDGE('',*,*,#4061,.F.) ;
#5333=ORIENTED_EDGE('',*,*,#5328,.T.) ;
#5348=ORIENTED_EDGE('',*,*,#464,.F.) ;
#5349=ORIENTED_EDGE('',*,*,#5328,.F.) ;
#5350=ORIENTED_EDGE('',*,*,#4054,.F.) ;
#5351=ORIENTED_EDGE('',*,*,#5346,.T.) ;
#5366=ORIENTED_EDGE('',*,*,#471,.F.) ;
#5367=ORIENTED_EDGE('',*,*,#5346,.F.) ;
#5368=ORIENTED_EDGE('',*,*,#4047,.F.) ;
#5369=ORIENTED_EDGE('',*,*,#5364,.T.) ;
#5384=ORIENTED_EDGE('',*,*,#478,.F.) ;
#5385=ORIENTED_EDGE('',*,*,#5364,.F.) ;
#5386=ORIENTED_EDGE('',*,*,#4040,.F.) ;
#5387=ORIENTED_EDGE('',*,*,#5382,.T.) ;
#5402=ORIENTED_EDGE('',*,*,#485,.F.) ;
#5403=ORIENTED_EDGE('',*,*,#5382,.F.) ;
#5404=ORIENTED_EDGE('',*,*,#4033,.F.) ;
#5405=ORIENTED_EDGE('',*,*,#5400,.T.) ;
#5420=ORIENTED_EDGE('',*,*,#492,.F.) ;
#5421=ORIENTED_EDGE('',*,*,#5400,.F.) ;
#5422=ORIENTED_EDGE('',*,*,#4026,.F.) ;
#5423=ORIENTED_EDGE('',*,*,#5418,.T.) ;
#5438=ORIENTED_EDGE('',*,*,#499,.F.) ;
#5439=ORIENTED_EDGE('',*,*,#5418,.F.) ;
#5440=ORIENTED_EDGE('',*,*,#4019,.F.) ;
#5441=ORIENTED_EDGE('',*,*,#5436,.T.) ;
#5456=ORIENTED_EDGE('',*,*,#506,.F.) ;
#5457=ORIENTED_EDGE('',*,*,#5436,.F.) ;
#5458=ORIENTED_EDGE('',*,*,#4012,.F.) ;
#5459=ORIENTED_EDGE('',*,*,#5454,.T.) ;
#5474=ORIENTED_EDGE('',*,*,#513,.F.) ;
#5475=ORIENTED_EDGE('',*,*,#5454,.F.) ;
#5476=ORIENTED_EDGE('',*,*,#4005,.F.) ;
#5477=ORIENTED_EDGE('',*,*,#5472,.T.) ;
#5492=ORIENTED_EDGE('',*,*,#520,.F.) ;
#5493=ORIENTED_EDGE('',*,*,#5472,.F.) ;
#5494=ORIENTED_EDGE('',*,*,#3998,.F.) ;
#5495=ORIENTED_EDGE('',*,*,#5490,.T.) ;
#5510=ORIENTED_EDGE('',*,*,#527,.F.) ;
#5511=ORIENTED_EDGE('',*,*,#5490,.F.) ;
#5512=ORIENTED_EDGE('',*,*,#3991,.F.) ;
#5513=ORIENTED_EDGE('',*,*,#5508,.T.) ;
#5528=ORIENTED_EDGE('',*,*,#534,.F.) ;
#5529=ORIENTED_EDGE('',*,*,#5508,.F.) ;
#5530=ORIENTED_EDGE('',*,*,#3984,.F.) ;
#5531=ORIENTED_EDGE('',*,*,#5526,.T.) ;
#5546=ORIENTED_EDGE('',*,*,#541,.F.) ;
#5547=ORIENTED_EDGE('',*,*,#5526,.F.) ;
#5548=ORIENTED_EDGE('',*,*,#3977,.F.) ;
#5549=ORIENTED_EDGE('',*,*,#5544,.T.) ;
#5564=ORIENTED_EDGE('',*,*,#548,.F.) ;
#5565=ORIENTED_EDGE('',*,*,#5544,.F.) ;
#5566=ORIENTED_EDGE('',*,*,#3970,.F.) ;
#5567=ORIENTED_EDGE('',*,*,#5562,.T.) ;
#5582=ORIENTED_EDGE('',*,*,#555,.F.) ;
#5583=ORIENTED_EDGE('',*,*,#5562,.F.) ;
#5584=ORIENTED_EDGE('',*,*,#3963,.F.) ;
#5585=ORIENTED_EDGE('',*,*,#5580,.T.) ;
#5600=ORIENTED_EDGE('',*,*,#562,.F.) ;
#5601=ORIENTED_EDGE('',*,*,#5580,.F.) ;
#5602=ORIENTED_EDGE('',*,*,#3956,.F.) ;
#5603=ORIENTED_EDGE('',*,*,#5598,.T.) ;
#5618=ORIENTED_EDGE('',*,*,#569,.F.) ;
#5619=ORIENTED_EDGE('',*,*,#5598,.F.) ;
#5620=ORIENTED_EDGE('',*,*,#3949,.F.) ;
#5621=ORIENTED_EDGE('',*,*,#5616,.T.) ;
#5636=ORIENTED_EDGE('',*,*,#5634,.T.) ;
#5637=ORIENTED_EDGE('',*,*,#576,.F.) ;
#5638=ORIENTED_EDGE('',*,*,#5616,.F.) ;
#5639=ORIENTED_EDGE('',*,*,#3942,.F.) ;
#5654=ORIENTED_EDGE('',*,*,#583,.F.) ;
#5655=ORIENTED_EDGE('',*,*,#5634,.F.) ;
#5656=ORIENTED_EDGE('',*,*,#3935,.F.) ;
#5657=ORIENTED_EDGE('',*,*,#5652,.T.) ;
#5672=ORIENTED_EDGE('',*,*,#596,.F.) ;
#5673=ORIENTED_EDGE('',*,*,#5652,.F.) ;
#5674=ORIENTED_EDGE('',*,*,#3922,.F.) ;
#5675=ORIENTED_EDGE('',*,*,#5670,.T.) ;
#5690=ORIENTED_EDGE('',*,*,#603,.F.) ;
#5691=ORIENTED_EDGE('',*,*,#5670,.F.) ;
#5692=ORIENTED_EDGE('',*,*,#3915,.F.) ;
#5693=ORIENTED_EDGE('',*,*,#5688,.T.) ;
#5708=ORIENTED_EDGE('',*,*,#610,.F.) ;
#5709=ORIENTED_EDGE('',*,*,#5688,.F.) ;
#5710=ORIENTED_EDGE('',*,*,#3902,.F.) ;
#5711=ORIENTED_EDGE('',*,*,#5706,.T.) ;
#5726=ORIENTED_EDGE('',*,*,#626,.F.) ;
#5727=ORIENTED_EDGE('',*,*,#5706,.F.) ;
#5728=ORIENTED_EDGE('',*,*,#3895,.F.) ;
#5729=ORIENTED_EDGE('',*,*,#5724,.F.) ;
#5744=ORIENTED_EDGE('',*,*,#5724,.T.) ;
#5745=ORIENTED_EDGE('',*,*,#3888,.F.) ;
#5746=ORIENTED_EDGE('',*,*,#5742,.F.) ;
#5747=ORIENTED_EDGE('',*,*,#633,.F.) ;
#5762=ORIENTED_EDGE('',*,*,#649,.F.) ;
#5763=ORIENTED_EDGE('',*,*,#5742,.T.) ;
#5764=ORIENTED_EDGE('',*,*,#3881,.F.) ;
#5765=ORIENTED_EDGE('',*,*,#5760,.T.) ;
#5780=ORIENTED_EDGE('',*,*,#656,.F.) ;
#5781=ORIENTED_EDGE('',*,*,#5760,.F.) ;
#5782=ORIENTED_EDGE('',*,*,#3874,.F.) ;
#5783=ORIENTED_EDGE('',*,*,#5778,.T.) ;
#5798=ORIENTED_EDGE('',*,*,#669,.F.) ;
#5799=ORIENTED_EDGE('',*,*,#5778,.F.) ;
#5800=ORIENTED_EDGE('',*,*,#3867,.F.) ;
#5801=ORIENTED_EDGE('',*,*,#5796,.T.) ;
#5816=ORIENTED_EDGE('',*,*,#676,.F.) ;
#5817=ORIENTED_EDGE('',*,*,#5796,.F.) ;
#5818=ORIENTED_EDGE('',*,*,#3860,.F.) ;
#5819=ORIENTED_EDGE('',*,*,#5814,.T.) ;
#5834=ORIENTED_EDGE('',*,*,#692,.F.) ;
#5835=ORIENTED_EDGE('',*,*,#5814,.F.) ;
#5836=ORIENTED_EDGE('',*,*,#3847,.F.) ;
#5837=ORIENTED_EDGE('',*,*,#5832,.T.) ;
#5852=ORIENTED_EDGE('',*,*,#699,.F.) ;
#5853=ORIENTED_EDGE('',*,*,#5832,.F.) ;
#5854=ORIENTED_EDGE('',*,*,#3840,.F.) ;
#5855=ORIENTED_EDGE('',*,*,#5850,.T.) ;
#5870=ORIENTED_EDGE('',*,*,#706,.F.) ;
#5871=ORIENTED_EDGE('',*,*,#5850,.F.) ;
#5872=ORIENTED_EDGE('',*,*,#3827,.F.) ;
#5873=ORIENTED_EDGE('',*,*,#5868,.T.) ;
#5888=ORIENTED_EDGE('',*,*,#3817,.F.) ;
#5889=ORIENTED_EDGE('',*,*,#5886,.T.) ;
#5890=ORIENTED_EDGE('',*,*,#713,.F.) ;
#5891=ORIENTED_EDGE('',*,*,#5868,.F.) ;
#5906=ORIENTED_EDGE('',*,*,#720,.F.) ;
#5907=ORIENTED_EDGE('',*,*,#5886,.F.) ;
#5908=ORIENTED_EDGE('',*,*,#3807,.F.) ;
#5909=ORIENTED_EDGE('',*,*,#5904,.T.) ;
#5924=ORIENTED_EDGE('',*,*,#736,.F.) ;
#5925=ORIENTED_EDGE('',*,*,#5904,.F.) ;
#5926=ORIENTED_EDGE('',*,*,#3794,.F.) ;
#5927=ORIENTED_EDGE('',*,*,#5922,.T.) ;
#5942=ORIENTED_EDGE('',*,*,#743,.F.) ;
#5943=ORIENTED_EDGE('',*,*,#5922,.F.) ;
#5944=ORIENTED_EDGE('',*,*,#3787,.F.) ;
#5945=ORIENTED_EDGE('',*,*,#5940,.T.) ;
#5960=ORIENTED_EDGE('',*,*,#750,.F.) ;
#5961=ORIENTED_EDGE('',*,*,#5940,.F.) ;
#5962=ORIENTED_EDGE('',*,*,#3774,.F.) ;
#5963=ORIENTED_EDGE('',*,*,#5958,.T.) ;
#5978=ORIENTED_EDGE('',*,*,#3764,.F.) ;
#5979=ORIENTED_EDGE('',*,*,#5976,.T.) ;
#5980=ORIENTED_EDGE('',*,*,#757,.F.) ;
#5981=ORIENTED_EDGE('',*,*,#5958,.F.) ;
#5996=ORIENTED_EDGE('',*,*,#764,.F.) ;
#5997=ORIENTED_EDGE('',*,*,#5976,.F.) ;
#5998=ORIENTED_EDGE('',*,*,#3754,.F.) ;
#5999=ORIENTED_EDGE('',*,*,#5994,.T.) ;
#6014=ORIENTED_EDGE('',*,*,#780,.F.) ;
#6015=ORIENTED_EDGE('',*,*,#5994,.F.) ;
#6016=ORIENTED_EDGE('',*,*,#3741,.F.) ;
#6017=ORIENTED_EDGE('',*,*,#6012,.T.) ;
#6032=ORIENTED_EDGE('',*,*,#787,.F.) ;
#6033=ORIENTED_EDGE('',*,*,#6012,.F.) ;
#6034=ORIENTED_EDGE('',*,*,#3734,.F.) ;
#6035=ORIENTED_EDGE('',*,*,#6030,.T.) ;
#6050=ORIENTED_EDGE('',*,*,#794,.F.) ;
#6051=ORIENTED_EDGE('',*,*,#6030,.F.) ;
#6052=ORIENTED_EDGE('',*,*,#3721,.F.) ;
#6053=ORIENTED_EDGE('',*,*,#6048,.T.) ;
#6068=ORIENTED_EDGE('',*,*,#3711,.F.) ;
#6069=ORIENTED_EDGE('',*,*,#6066,.T.) ;
#6070=ORIENTED_EDGE('',*,*,#801,.F.) ;
#6071=ORIENTED_EDGE('',*,*,#6048,.F.) ;
#6086=ORIENTED_EDGE('',*,*,#808,.F.) ;
#6087=ORIENTED_EDGE('',*,*,#6066,.F.) ;
#6088=ORIENTED_EDGE('',*,*,#3701,.F.) ;
#6089=ORIENTED_EDGE('',*,*,#6084,.T.) ;
#6104=ORIENTED_EDGE('',*,*,#821,.F.) ;
#6105=ORIENTED_EDGE('',*,*,#6084,.F.) ;
#6106=ORIENTED_EDGE('',*,*,#3691,.F.) ;
#6107=ORIENTED_EDGE('',*,*,#6102,.T.) ;
#6122=ORIENTED_EDGE('',*,*,#828,.F.) ;
#6123=ORIENTED_EDGE('',*,*,#6102,.F.) ;
#6124=ORIENTED_EDGE('',*,*,#3684,.F.) ;
#6125=ORIENTED_EDGE('',*,*,#6120,.T.) ;
#6140=ORIENTED_EDGE('',*,*,#847,.F.) ;
#6141=ORIENTED_EDGE('',*,*,#6120,.F.) ;
#6142=ORIENTED_EDGE('',*,*,#3677,.F.) ;
#6143=ORIENTED_EDGE('',*,*,#6138,.F.) ;
#6158=ORIENTED_EDGE('',*,*,#6156,.T.) ;
#6159=ORIENTED_EDGE('',*,*,#854,.F.) ;
#6160=ORIENTED_EDGE('',*,*,#6138,.T.) ;
#6161=ORIENTED_EDGE('',*,*,#3670,.F.) ;
#6176=ORIENTED_EDGE('',*,*,#861,.F.) ;
#6177=ORIENTED_EDGE('',*,*,#6156,.F.) ;
#6178=ORIENTED_EDGE('',*,*,#3663,.F.) ;
#6179=ORIENTED_EDGE('',*,*,#6174,.F.) ;
#6194=ORIENTED_EDGE('',*,*,#6174,.T.) ;
#6195=ORIENTED_EDGE('',*,*,#3647,.T.) ;
#6196=ORIENTED_EDGE('',*,*,#6192,.F.) ;
#6197=ORIENTED_EDGE('',*,*,#868,.T.) ;
#6212=ORIENTED_EDGE('',*,*,#3640,.T.) ;
#6213=ORIENTED_EDGE('',*,*,#6210,.F.) ;
#6214=ORIENTED_EDGE('',*,*,#875,.T.) ;
#6215=ORIENTED_EDGE('',*,*,#6192,.T.) ;
#6230=ORIENTED_EDGE('',*,*,#3621,.T.) ;
#6231=ORIENTED_EDGE('',*,*,#6228,.F.) ;
#6232=ORIENTED_EDGE('',*,*,#882,.T.) ;
#6233=ORIENTED_EDGE('',*,*,#6210,.T.) ;
#6248=ORIENTED_EDGE('',*,*,#3614,.T.) ;
#6249=ORIENTED_EDGE('',*,*,#6246,.F.) ;
#6250=ORIENTED_EDGE('',*,*,#913,.T.) ;
#6251=ORIENTED_EDGE('',*,*,#6228,.T.) ;
#6266=ORIENTED_EDGE('',*,*,#3607,.T.) ;
#6267=ORIENTED_EDGE('',*,*,#6264,.F.) ;
#6268=ORIENTED_EDGE('',*,*,#920,.T.) ;
#6269=ORIENTED_EDGE('',*,*,#6246,.T.) ;
#6284=ORIENTED_EDGE('',*,*,#3600,.T.) ;
#6285=ORIENTED_EDGE('',*,*,#6282,.F.) ;
#6286=ORIENTED_EDGE('',*,*,#951,.T.) ;
#6287=ORIENTED_EDGE('',*,*,#6264,.T.) ;
#6302=ORIENTED_EDGE('',*,*,#3593,.T.) ;
#6303=ORIENTED_EDGE('',*,*,#6300,.F.) ;
#6304=ORIENTED_EDGE('',*,*,#958,.T.) ;
#6305=ORIENTED_EDGE('',*,*,#6282,.T.) ;
#6320=ORIENTED_EDGE('',*,*,#3586,.T.) ;
#6321=ORIENTED_EDGE('',*,*,#6318,.F.) ;
#6322=ORIENTED_EDGE('',*,*,#989,.T.) ;
#6323=ORIENTED_EDGE('',*,*,#6300,.T.) ;
#6338=ORIENTED_EDGE('',*,*,#3579,.T.) ;
#6339=ORIENTED_EDGE('',*,*,#6336,.F.) ;
#6340=ORIENTED_EDGE('',*,*,#996,.T.) ;
#6341=ORIENTED_EDGE('',*,*,#6318,.T.) ;
#6356=ORIENTED_EDGE('',*,*,#3572,.T.) ;
#6357=ORIENTED_EDGE('',*,*,#6354,.F.) ;
#6358=ORIENTED_EDGE('',*,*,#1027,.T.) ;
#6359=ORIENTED_EDGE('',*,*,#6336,.T.) ;
#6374=ORIENTED_EDGE('',*,*,#3565,.T.) ;
#6375=ORIENTED_EDGE('',*,*,#6372,.F.) ;
#6376=ORIENTED_EDGE('',*,*,#1034,.T.) ;
#6377=ORIENTED_EDGE('',*,*,#6354,.T.) ;
#6392=ORIENTED_EDGE('',*,*,#3558,.T.) ;
#6393=ORIENTED_EDGE('',*,*,#6390,.F.) ;
#6394=ORIENTED_EDGE('',*,*,#1065,.T.) ;
#6395=ORIENTED_EDGE('',*,*,#6372,.T.) ;
#6410=ORIENTED_EDGE('',*,*,#3551,.T.) ;
#6411=ORIENTED_EDGE('',*,*,#6408,.F.) ;
#6412=ORIENTED_EDGE('',*,*,#1072,.T.) ;
#6413=ORIENTED_EDGE('',*,*,#6390,.T.) ;
#6428=ORIENTED_EDGE('',*,*,#3544,.T.) ;
#6429=ORIENTED_EDGE('',*,*,#6426,.F.) ;
#6430=ORIENTED_EDGE('',*,*,#1103,.T.) ;
#6431=ORIENTED_EDGE('',*,*,#6408,.T.) ;
#6446=ORIENTED_EDGE('',*,*,#3537,.T.) ;
#6447=ORIENTED_EDGE('',*,*,#6444,.F.) ;
#6448=ORIENTED_EDGE('',*,*,#1110,.T.) ;
#6449=ORIENTED_EDGE('',*,*,#6426,.T.) ;
#6464=ORIENTED_EDGE('',*,*,#3530,.T.) ;
#6465=ORIENTED_EDGE('',*,*,#6462,.T.) ;
#6466=ORIENTED_EDGE('',*,*,#1117,.T.) ;
#6467=ORIENTED_EDGE('',*,*,#6444,.T.) ;
#6482=ORIENTED_EDGE('',*,*,#3511,.T.) ;
#6483=ORIENTED_EDGE('',*,*,#6480,.F.) ;
#6484=ORIENTED_EDGE('',*,*,#1124,.T.) ;
#6485=ORIENTED_EDGE('',*,*,#6462,.F.) ;
#6500=ORIENTED_EDGE('',*,*,#3504,.T.) ;
#6501=ORIENTED_EDGE('',*,*,#6498,.F.) ;
#6502=ORIENTED_EDGE('',*,*,#1155,.T.) ;
#6503=ORIENTED_EDGE('',*,*,#6480,.T.) ;
#6518=ORIENTED_EDGE('',*,*,#3497,.T.) ;
#6519=ORIENTED_EDGE('',*,*,#6516,.F.) ;
#6520=ORIENTED_EDGE('',*,*,#1162,.T.) ;
#6521=ORIENTED_EDGE('',*,*,#6498,.T.) ;
#6536=ORIENTED_EDGE('',*,*,#3490,.T.) ;
#6537=ORIENTED_EDGE('',*,*,#6534,.F.) ;
#6538=ORIENTED_EDGE('',*,*,#1193,.T.) ;
#6539=ORIENTED_EDGE('',*,*,#6516,.T.) ;
#6554=ORIENTED_EDGE('',*,*,#3483,.T.) ;
#6555=ORIENTED_EDGE('',*,*,#6552,.F.) ;
#6556=ORIENTED_EDGE('',*,*,#1200,.T.) ;
#6557=ORIENTED_EDGE('',*,*,#6534,.T.) ;
#6572=ORIENTED_EDGE('',*,*,#3476,.T.) ;
#6573=ORIENTED_EDGE('',*,*,#6570,.F.) ;
#6574=ORIENTED_EDGE('',*,*,#1207,.T.) ;
#6575=ORIENTED_EDGE('',*,*,#6552,.T.) ;
#6590=ORIENTED_EDGE('',*,*,#3457,.T.) ;
#6591=ORIENTED_EDGE('',*,*,#6588,.F.) ;
#6592=ORIENTED_EDGE('',*,*,#1214,.T.) ;
#6593=ORIENTED_EDGE('',*,*,#6570,.T.) ;
#6608=ORIENTED_EDGE('',*,*,#3450,.T.) ;
#6609=ORIENTED_EDGE('',*,*,#6606,.F.) ;
#6610=ORIENTED_EDGE('',*,*,#1245,.T.) ;
#6611=ORIENTED_EDGE('',*,*,#6588,.T.) ;
#6626=ORIENTED_EDGE('',*,*,#3443,.T.) ;
#6627=ORIENTED_EDGE('',*,*,#6624,.F.) ;
#6628=ORIENTED_EDGE('',*,*,#1252,.T.) ;
#6629=ORIENTED_EDGE('',*,*,#6606,.T.) ;
#6644=ORIENTED_EDGE('',*,*,#3436,.T.) ;
#6645=ORIENTED_EDGE('',*,*,#6642,.F.) ;
#6646=ORIENTED_EDGE('',*,*,#1283,.T.) ;
#6647=ORIENTED_EDGE('',*,*,#6624,.T.) ;
#6662=ORIENTED_EDGE('',*,*,#3429,.T.) ;
#6663=ORIENTED_EDGE('',*,*,#6660,.F.) ;
#6664=ORIENTED_EDGE('',*,*,#1290,.T.) ;
#6665=ORIENTED_EDGE('',*,*,#6642,.T.) ;
#6680=ORIENTED_EDGE('',*,*,#3422,.T.) ;
#6681=ORIENTED_EDGE('',*,*,#6678,.F.) ;
#6682=ORIENTED_EDGE('',*,*,#1321,.T.) ;
#6683=ORIENTED_EDGE('',*,*,#6660,.T.) ;
#6698=ORIENTED_EDGE('',*,*,#3415,.T.) ;
#6699=ORIENTED_EDGE('',*,*,#6696,.F.) ;
#6700=ORIENTED_EDGE('',*,*,#1328,.T.) ;
#6701=ORIENTED_EDGE('',*,*,#6678,.T.) ;
#6716=ORIENTED_EDGE('',*,*,#3408,.T.) ;
#6717=ORIENTED_EDGE('',*,*,#6714,.F.) ;
#6718=ORIENTED_EDGE('',*,*,#1359,.T.) ;
#6719=ORIENTED_EDGE('',*,*,#6696,.T.) ;
#6734=ORIENTED_EDGE('',*,*,#3401,.T.) ;
#6735=ORIENTED_EDGE('',*,*,#6732,.F.) ;
#6736=ORIENTED_EDGE('',*,*,#1366,.T.) ;
#6737=ORIENTED_EDGE('',*,*,#6714,.T.) ;
#6752=ORIENTED_EDGE('',*,*,#3394,.T.) ;
#6753=ORIENTED_EDGE('',*,*,#6750,.F.) ;
#6754=ORIENTED_EDGE('',*,*,#1397,.T.) ;
#6755=ORIENTED_EDGE('',*,*,#6732,.T.) ;
#6770=ORIENTED_EDGE('',*,*,#3387,.T.) ;
#6771=ORIENTED_EDGE('',*,*,#6768,.F.) ;
#6772=ORIENTED_EDGE('',*,*,#1404,.T.) ;
#6773=ORIENTED_EDGE('',*,*,#6750,.T.) ;
#6788=ORIENTED_EDGE('',*,*,#3380,.T.) ;
#6789=ORIENTED_EDGE('',*,*,#6786,.F.) ;
#6790=ORIENTED_EDGE('',*,*,#1435,.T.) ;
#6791=ORIENTED_EDGE('',*,*,#6768,.T.) ;
#6806=ORIENTED_EDGE('',*,*,#3373,.T.) ;
#6807=ORIENTED_EDGE('',*,*,#6804,.F.) ;
#6808=ORIENTED_EDGE('',*,*,#1442,.T.) ;
#6809=ORIENTED_EDGE('',*,*,#6786,.T.) ;
#6824=ORIENTED_EDGE('',*,*,#3366,.T.) ;
#6825=ORIENTED_EDGE('',*,*,#6822,.F.) ;
#6826=ORIENTED_EDGE('',*,*,#1449,.T.) ;
#6827=ORIENTED_EDGE('',*,*,#6804,.T.) ;
#6842=ORIENTED_EDGE('',*,*,#6840,.T.) ;
#6843=ORIENTED_EDGE('',*,*,#1456,.T.) ;
#6844=ORIENTED_EDGE('',*,*,#6822,.T.) ;
#6845=ORIENTED_EDGE('',*,*,#3347,.T.) ;
#6860=ORIENTED_EDGE('',*,*,#1463,.F.) ;
#6861=ORIENTED_EDGE('',*,*,#6840,.F.) ;
#6862=ORIENTED_EDGE('',*,*,#3340,.F.) ;
#6863=ORIENTED_EDGE('',*,*,#6858,.F.) ;
#6878=ORIENTED_EDGE('',*,*,#6858,.T.) ;
#6879=ORIENTED_EDGE('',*,*,#3324,.F.) ;
#6880=ORIENTED_EDGE('',*,*,#6876,.F.) ;
#6881=ORIENTED_EDGE('',*,*,#1470,.F.) ;
#6896=ORIENTED_EDGE('',*,*,#1489,.F.) ;
#6897=ORIENTED_EDGE('',*,*,#6876,.T.) ;
#6898=ORIENTED_EDGE('',*,*,#3317,.F.) ;
#6899=ORIENTED_EDGE('',*,*,#6894,.T.) ;
#6914=ORIENTED_EDGE('',*,*,#1496,.F.) ;
#6915=ORIENTED_EDGE('',*,*,#6894,.F.) ;
#6916=ORIENTED_EDGE('',*,*,#3310,.F.) ;
#6917=ORIENTED_EDGE('',*,*,#6912,.T.) ;
#6932=ORIENTED_EDGE('',*,*,#1509,.F.) ;
#6933=ORIENTED_EDGE('',*,*,#6912,.F.) ;
#6934=ORIENTED_EDGE('',*,*,#3303,.F.) ;
#6935=ORIENTED_EDGE('',*,*,#6930,.T.) ;
#6950=ORIENTED_EDGE('',*,*,#1516,.F.) ;
#6951=ORIENTED_EDGE('',*,*,#6930,.F.) ;
#6952=ORIENTED_EDGE('',*,*,#3296,.F.) ;
#6953=ORIENTED_EDGE('',*,*,#6948,.T.) ;
#6968=ORIENTED_EDGE('',*,*,#1523,.F.) ;
#6969=ORIENTED_EDGE('',*,*,#6948,.F.) ;
#6970=ORIENTED_EDGE('',*,*,#3286,.F.) ;
#6971=ORIENTED_EDGE('',*,*,#6966,.F.) ;
#6986=ORIENTED_EDGE('',*,*,#3276,.F.) ;
#6987=ORIENTED_EDGE('',*,*,#6984,.T.) ;
#6988=ORIENTED_EDGE('',*,*,#1530,.F.) ;
#6989=ORIENTED_EDGE('',*,*,#6966,.T.) ;
#7004=ORIENTED_EDGE('',*,*,#1537,.F.) ;
#7005=ORIENTED_EDGE('',*,*,#6984,.F.) ;
#7006=ORIENTED_EDGE('',*,*,#3266,.F.) ;
#7007=ORIENTED_EDGE('',*,*,#7002,.T.) ;
#7022=ORIENTED_EDGE('',*,*,#1553,.F.) ;
#7023=ORIENTED_EDGE('',*,*,#7002,.F.) ;
#7024=ORIENTED_EDGE('',*,*,#3253,.F.) ;
#7025=ORIENTED_EDGE('',*,*,#7020,.T.) ;
#7040=ORIENTED_EDGE('',*,*,#1560,.F.) ;
#7041=ORIENTED_EDGE('',*,*,#7020,.F.) ;
#7042=ORIENTED_EDGE('',*,*,#3246,.F.) ;
#7043=ORIENTED_EDGE('',*,*,#7038,.T.) ;
#7058=ORIENTED_EDGE('',*,*,#1567,.F.) ;
#7059=ORIENTED_EDGE('',*,*,#7038,.F.) ;
#7060=ORIENTED_EDGE('',*,*,#3233,.F.) ;
#7061=ORIENTED_EDGE('',*,*,#7056,.F.) ;
#7076=ORIENTED_EDGE('',*,*,#3223,.F.) ;
#7077=ORIENTED_EDGE('',*,*,#7074,.T.) ;
#7078=ORIENTED_EDGE('',*,*,#1574,.F.) ;
#7079=ORIENTED_EDGE('',*,*,#7056,.T.) ;
#7094=ORIENTED_EDGE('',*,*,#1581,.F.) ;
#7095=ORIENTED_EDGE('',*,*,#7074,.F.) ;
#7096=ORIENTED_EDGE('',*,*,#3213,.F.) ;
#7097=ORIENTED_EDGE('',*,*,#7092,.T.) ;
#7112=ORIENTED_EDGE('',*,*,#1597,.F.) ;
#7113=ORIENTED_EDGE('',*,*,#7092,.F.) ;
#7114=ORIENTED_EDGE('',*,*,#3200,.F.) ;
#7115=ORIENTED_EDGE('',*,*,#7110,.T.) ;
#7130=ORIENTED_EDGE('',*,*,#1604,.F.) ;
#7131=ORIENTED_EDGE('',*,*,#7110,.F.) ;
#7132=ORIENTED_EDGE('',*,*,#3193,.F.) ;
#7133=ORIENTED_EDGE('',*,*,#7128,.T.) ;
#7148=ORIENTED_EDGE('',*,*,#1611,.F.) ;
#7149=ORIENTED_EDGE('',*,*,#7128,.F.) ;
#7150=ORIENTED_EDGE('',*,*,#3180,.F.) ;
#7151=ORIENTED_EDGE('',*,*,#7146,.F.) ;
#7166=ORIENTED_EDGE('',*,*,#3170,.F.) ;
#7167=ORIENTED_EDGE('',*,*,#7164,.T.) ;
#7168=ORIENTED_EDGE('',*,*,#1618,.F.) ;
#7169=ORIENTED_EDGE('',*,*,#7146,.T.) ;
#7184=ORIENTED_EDGE('',*,*,#1625,.F.) ;
#7185=ORIENTED_EDGE('',*,*,#7164,.F.) ;
#7186=ORIENTED_EDGE('',*,*,#3160,.F.) ;
#7187=ORIENTED_EDGE('',*,*,#7182,.T.) ;
#7202=ORIENTED_EDGE('',*,*,#1641,.F.) ;
#7203=ORIENTED_EDGE('',*,*,#7182,.F.) ;
#7204=ORIENTED_EDGE('',*,*,#3147,.F.) ;
#7205=ORIENTED_EDGE('',*,*,#7200,.T.) ;
#7220=ORIENTED_EDGE('',*,*,#1648,.F.) ;
#7221=ORIENTED_EDGE('',*,*,#7200,.F.) ;
#7222=ORIENTED_EDGE('',*,*,#3140,.F.) ;
#7223=ORIENTED_EDGE('',*,*,#7218,.T.) ;
#7238=ORIENTED_EDGE('',*,*,#1661,.F.) ;
#7239=ORIENTED_EDGE('',*,*,#7218,.F.) ;
#7240=ORIENTED_EDGE('',*,*,#3127,.F.) ;
#7241=ORIENTED_EDGE('',*,*,#7236,.T.) ;
#7256=ORIENTED_EDGE('',*,*,#1668,.F.) ;
#7257=ORIENTED_EDGE('',*,*,#7236,.F.) ;
#7258=ORIENTED_EDGE('',*,*,#3120,.F.) ;
#7259=ORIENTED_EDGE('',*,*,#7254,.T.) ;
#7274=ORIENTED_EDGE('',*,*,#1684,.F.) ;
#7275=ORIENTED_EDGE('',*,*,#7254,.F.) ;
#7276=ORIENTED_EDGE('',*,*,#3113,.F.) ;
#7277=ORIENTED_EDGE('',*,*,#7272,.F.) ;
#7292=ORIENTED_EDGE('',*,*,#7290,.F.) ;
#7293=ORIENTED_EDGE('',*,*,#1691,.F.) ;
#7294=ORIENTED_EDGE('',*,*,#7272,.T.) ;
#7295=ORIENTED_EDGE('',*,*,#3106,.F.) ;
#7310=ORIENTED_EDGE('',*,*,#1707,.F.) ;
#7311=ORIENTED_EDGE('',*,*,#7290,.T.) ;
#7312=ORIENTED_EDGE('',*,*,#3099,.F.) ;
#7313=ORIENTED_EDGE('',*,*,#7308,.T.) ;
#7328=ORIENTED_EDGE('',*,*,#1714,.F.) ;
#7329=ORIENTED_EDGE('',*,*,#7308,.F.) ;
#7330=ORIENTED_EDGE('',*,*,#3092,.F.) ;
#7331=ORIENTED_EDGE('',*,*,#7326,.T.) ;
#7346=ORIENTED_EDGE('',*,*,#1721,.F.) ;
#7347=ORIENTED_EDGE('',*,*,#7326,.F.) ;
#7348=ORIENTED_EDGE('',*,*,#3085,.F.) ;
#7349=ORIENTED_EDGE('',*,*,#7344,.T.) ;
#7364=ORIENTED_EDGE('',*,*,#1734,.F.) ;
#7365=ORIENTED_EDGE('',*,*,#7344,.F.) ;
#7366=ORIENTED_EDGE('',*,*,#3072,.F.) ;
#7367=ORIENTED_EDGE('',*,*,#7362,.T.) ;
#7382=ORIENTED_EDGE('',*,*,#1741,.F.) ;
#7383=ORIENTED_EDGE('',*,*,#7362,.F.) ;
#7384=ORIENTED_EDGE('',*,*,#3065,.F.) ;
#7385=ORIENTED_EDGE('',*,*,#7380,.F.) ;
#7400=ORIENTED_EDGE('',*,*,#7380,.T.) ;
#7401=ORIENTED_EDGE('',*,*,#3052,.F.) ;
#7402=ORIENTED_EDGE('',*,*,#7398,.T.) ;
#7403=ORIENTED_EDGE('',*,*,#1748,.F.) ;
#7418=ORIENTED_EDGE('',*,*,#1755,.F.) ;
#7419=ORIENTED_EDGE('',*,*,#7398,.F.) ;
#7420=ORIENTED_EDGE('',*,*,#3045,.F.) ;
#7421=ORIENTED_EDGE('',*,*,#7416,.T.) ;
#7436=ORIENTED_EDGE('',*,*,#1762,.F.) ;
#7437=ORIENTED_EDGE('',*,*,#7416,.F.) ;
#7438=ORIENTED_EDGE('',*,*,#3038,.F.) ;
#7439=ORIENTED_EDGE('',*,*,#7434,.T.) ;
#7454=ORIENTED_EDGE('',*,*,#1769,.F.) ;
#7455=ORIENTED_EDGE('',*,*,#7434,.F.) ;
#7456=ORIENTED_EDGE('',*,*,#3031,.F.) ;
#7457=ORIENTED_EDGE('',*,*,#7452,.T.) ;
#7472=ORIENTED_EDGE('',*,*,#1776,.F.) ;
#7473=ORIENTED_EDGE('',*,*,#7452,.F.) ;
#7474=ORIENTED_EDGE('',*,*,#3024,.F.) ;
#7475=ORIENTED_EDGE('',*,*,#7470,.T.) ;
#7490=ORIENTED_EDGE('',*,*,#1783,.F.) ;
#7491=ORIENTED_EDGE('',*,*,#7470,.F.) ;
#7492=ORIENTED_EDGE('',*,*,#3017,.F.) ;
#7493=ORIENTED_EDGE('',*,*,#7488,.T.) ;
#7508=ORIENTED_EDGE('',*,*,#1790,.F.) ;
#7509=ORIENTED_EDGE('',*,*,#7488,.F.) ;
#7510=ORIENTED_EDGE('',*,*,#3010,.F.) ;
#7511=ORIENTED_EDGE('',*,*,#7506,.T.) ;
#7526=ORIENTED_EDGE('',*,*,#1797,.F.) ;
#7527=ORIENTED_EDGE('',*,*,#7506,.F.) ;
#7528=ORIENTED_EDGE('',*,*,#3003,.F.) ;
#7529=ORIENTED_EDGE('',*,*,#7524,.T.) ;
#7544=ORIENTED_EDGE('',*,*,#1804,.F.) ;
#7545=ORIENTED_EDGE('',*,*,#7524,.F.) ;
#7546=ORIENTED_EDGE('',*,*,#2996,.F.) ;
#7547=ORIENTED_EDGE('',*,*,#7542,.T.) ;
#7562=ORIENTED_EDGE('',*,*,#1811,.F.) ;
#7563=ORIENTED_EDGE('',*,*,#7542,.F.) ;
#7564=ORIENTED_EDGE('',*,*,#2989,.F.) ;
#7565=ORIENTED_EDGE('',*,*,#7560,.T.) ;
#7580=ORIENTED_EDGE('',*,*,#1818,.F.) ;
#7581=ORIENTED_EDGE('',*,*,#7560,.F.) ;
#7582=ORIENTED_EDGE('',*,*,#2982,.F.) ;
#7583=ORIENTED_EDGE('',*,*,#7578,.T.) ;
#7598=ORIENTED_EDGE('',*,*,#1825,.F.) ;
#7599=ORIENTED_EDGE('',*,*,#7578,.F.) ;
#7600=ORIENTED_EDGE('',*,*,#2975,.F.) ;
#7601=ORIENTED_EDGE('',*,*,#7596,.T.) ;
#7616=ORIENTED_EDGE('',*,*,#1832,.F.) ;
#7617=ORIENTED_EDGE('',*,*,#7596,.F.) ;
#7618=ORIENTED_EDGE('',*,*,#2968,.F.) ;
#7619=ORIENTED_EDGE('',*,*,#7614,.T.) ;
#7634=ORIENTED_EDGE('',*,*,#1839,.F.) ;
#7635=ORIENTED_EDGE('',*,*,#7614,.F.) ;
#7636=ORIENTED_EDGE('',*,*,#2961,.F.) ;
#7637=ORIENTED_EDGE('',*,*,#7632,.T.) ;
#7652=ORIENTED_EDGE('',*,*,#1846,.F.) ;
#7653=ORIENTED_EDGE('',*,*,#7632,.F.) ;
#7654=ORIENTED_EDGE('',*,*,#2954,.F.) ;
#7655=ORIENTED_EDGE('',*,*,#7650,.T.) ;
#7670=ORIENTED_EDGE('',*,*,#1853,.F.) ;
#7671=ORIENTED_EDGE('',*,*,#7650,.F.) ;
#7672=ORIENTED_EDGE('',*,*,#2947,.F.) ;
#7673=ORIENTED_EDGE('',*,*,#7668,.T.) ;
#7688=ORIENTED_EDGE('',*,*,#1860,.F.) ;
#7689=ORIENTED_EDGE('',*,*,#7668,.F.) ;
#7690=ORIENTED_EDGE('',*,*,#2940,.F.) ;
#7691=ORIENTED_EDGE('',*,*,#7686,.T.) ;
#7706=ORIENTED_EDGE('',*,*,#1867,.F.) ;
#7707=ORIENTED_EDGE('',*,*,#7686,.F.) ;
#7708=ORIENTED_EDGE('',*,*,#2933,.F.) ;
#7709=ORIENTED_EDGE('',*,*,#7704,.T.) ;
#7724=ORIENTED_EDGE('',*,*,#1874,.F.) ;
#7725=ORIENTED_EDGE('',*,*,#7704,.F.) ;
#7726=ORIENTED_EDGE('',*,*,#2926,.F.) ;
#7727=ORIENTED_EDGE('',*,*,#7722,.T.) ;
#7742=ORIENTED_EDGE('',*,*,#1881,.F.) ;
#7743=ORIENTED_EDGE('',*,*,#7722,.F.) ;
#7744=ORIENTED_EDGE('',*,*,#2919,.F.) ;
#7745=ORIENTED_EDGE('',*,*,#7740,.T.) ;
#7760=ORIENTED_EDGE('',*,*,#1888,.F.) ;
#7761=ORIENTED_EDGE('',*,*,#7740,.F.) ;
#7762=ORIENTED_EDGE('',*,*,#2912,.F.) ;
#7763=ORIENTED_EDGE('',*,*,#7758,.T.) ;
#7778=ORIENTED_EDGE('',*,*,#1895,.F.) ;
#7779=ORIENTED_EDGE('',*,*,#7758,.F.) ;
#7780=ORIENTED_EDGE('',*,*,#2905,.F.) ;
#7781=ORIENTED_EDGE('',*,*,#7776,.T.) ;
#7796=ORIENTED_EDGE('',*,*,#1902,.F.) ;
#7797=ORIENTED_EDGE('',*,*,#7776,.F.) ;
#7798=ORIENTED_EDGE('',*,*,#2898,.F.) ;
#7799=ORIENTED_EDGE('',*,*,#7794,.T.) ;
#7814=ORIENTED_EDGE('',*,*,#1909,.F.) ;
#7815=ORIENTED_EDGE('',*,*,#7794,.F.) ;
#7816=ORIENTED_EDGE('',*,*,#2891,.F.) ;
#7817=ORIENTED_EDGE('',*,*,#7812,.T.) ;
#7832=ORIENTED_EDGE('',*,*,#1916,.F.) ;
#7833=ORIENTED_EDGE('',*,*,#7812,.F.) ;
#7834=ORIENTED_EDGE('',*,*,#2884,.F.) ;
#7835=ORIENTED_EDGE('',*,*,#7830,.T.) ;
#7850=ORIENTED_EDGE('',*,*,#1923,.F.) ;
#7851=ORIENTED_EDGE('',*,*,#7830,.F.) ;
#7852=ORIENTED_EDGE('',*,*,#2877,.F.) ;
#7853=ORIENTED_EDGE('',*,*,#7848,.T.) ;
#7868=ORIENTED_EDGE('',*,*,#1930,.F.) ;
#7869=ORIENTED_EDGE('',*,*,#7848,.F.) ;
#7870=ORIENTED_EDGE('',*,*,#2870,.F.) ;
#7871=ORIENTED_EDGE('',*,*,#7866,.T.) ;
#7886=ORIENTED_EDGE('',*,*,#1937,.F.) ;
#7887=ORIENTED_EDGE('',*,*,#7866,.F.) ;
#7888=ORIENTED_EDGE('',*,*,#2863,.F.) ;
#7889=ORIENTED_EDGE('',*,*,#7884,.T.) ;
#7904=ORIENTED_EDGE('',*,*,#1944,.F.) ;
#7905=ORIENTED_EDGE('',*,*,#7884,.F.) ;
#7906=ORIENTED_EDGE('',*,*,#2856,.F.) ;
#7907=ORIENTED_EDGE('',*,*,#7902,.T.) ;
#7922=ORIENTED_EDGE('',*,*,#1951,.F.) ;
#7923=ORIENTED_EDGE('',*,*,#7902,.F.) ;
#7924=ORIENTED_EDGE('',*,*,#2849,.F.) ;
#7925=ORIENTED_EDGE('',*,*,#7920,.T.) ;
#7940=ORIENTED_EDGE('',*,*,#1958,.F.) ;
#7941=ORIENTED_EDGE('',*,*,#7920,.F.) ;
#7942=ORIENTED_EDGE('',*,*,#2842,.F.) ;
#7943=ORIENTED_EDGE('',*,*,#7938,.T.) ;
#7958=ORIENTED_EDGE('',*,*,#1965,.F.) ;
#7959=ORIENTED_EDGE('',*,*,#7938,.F.) ;
#7960=ORIENTED_EDGE('',*,*,#2835,.F.) ;
#7961=ORIENTED_EDGE('',*,*,#7956,.T.) ;
#7976=ORIENTED_EDGE('',*,*,#1972,.F.) ;
#7977=ORIENTED_EDGE('',*,*,#7956,.F.) ;
#7978=ORIENTED_EDGE('',*,*,#2828,.F.) ;
#7979=ORIENTED_EDGE('',*,*,#7974,.T.) ;
#7994=ORIENTED_EDGE('',*,*,#1979,.F.) ;
#7995=ORIENTED_EDGE('',*,*,#7974,.F.) ;
#7996=ORIENTED_EDGE('',*,*,#2821,.F.) ;
#7997=ORIENTED_EDGE('',*,*,#7992,.T.) ;
#8012=ORIENTED_EDGE('',*,*,#1986,.F.) ;
#8013=ORIENTED_EDGE('',*,*,#7992,.F.) ;
#8014=ORIENTED_EDGE('',*,*,#2814,.F.) ;
#8015=ORIENTED_EDGE('',*,*,#8010,.T.) ;
#8030=ORIENTED_EDGE('',*,*,#1993,.F.) ;
#8031=ORIENTED_EDGE('',*,*,#8010,.F.) ;
#8032=ORIENTED_EDGE('',*,*,#2807,.F.) ;
#8033=ORIENTED_EDGE('',*,*,#8028,.T.) ;
#8048=ORIENTED_EDGE('',*,*,#2000,.F.) ;
#8049=ORIENTED_EDGE('',*,*,#8028,.F.) ;
#8050=ORIENTED_EDGE('',*,*,#2800,.F.) ;
#8051=ORIENTED_EDGE('',*,*,#8046,.T.) ;
#8066=ORIENTED_EDGE('',*,*,#2007,.F.) ;
#8067=ORIENTED_EDGE('',*,*,#8046,.F.) ;
#8068=ORIENTED_EDGE('',*,*,#2793,.F.) ;
#8069=ORIENTED_EDGE('',*,*,#8064,.T.) ;
#8084=ORIENTED_EDGE('',*,*,#2014,.F.) ;
#8085=ORIENTED_EDGE('',*,*,#8064,.F.) ;
#8086=ORIENTED_EDGE('',*,*,#2786,.F.) ;
#8087=ORIENTED_EDGE('',*,*,#8082,.T.) ;
#8102=ORIENTED_EDGE('',*,*,#2021,.F.) ;
#8103=ORIENTED_EDGE('',*,*,#8082,.F.) ;
#8104=ORIENTED_EDGE('',*,*,#2779,.F.) ;
#8105=ORIENTED_EDGE('',*,*,#8100,.T.) ;
#8120=ORIENTED_EDGE('',*,*,#2028,.F.) ;
#8121=ORIENTED_EDGE('',*,*,#8100,.F.) ;
#8122=ORIENTED_EDGE('',*,*,#2772,.F.) ;
#8123=ORIENTED_EDGE('',*,*,#8118,.T.) ;
#8138=ORIENTED_EDGE('',*,*,#2035,.F.) ;
#8139=ORIENTED_EDGE('',*,*,#8118,.F.) ;
#8140=ORIENTED_EDGE('',*,*,#2765,.F.) ;
#8141=ORIENTED_EDGE('',*,*,#8136,.T.) ;
#8156=ORIENTED_EDGE('',*,*,#8154,.T.) ;
#8157=ORIENTED_EDGE('',*,*,#2042,.F.) ;
#8158=ORIENTED_EDGE('',*,*,#8136,.F.) ;
#8159=ORIENTED_EDGE('',*,*,#2758,.F.) ;
#8174=ORIENTED_EDGE('',*,*,#2049,.F.) ;
#8175=ORIENTED_EDGE('',*,*,#8154,.F.) ;
#8176=ORIENTED_EDGE('',*,*,#2751,.F.) ;
#8177=ORIENTED_EDGE('',*,*,#8172,.T.) ;
#8192=ORIENTED_EDGE('',*,*,#2068,.F.) ;
#8193=ORIENTED_EDGE('',*,*,#8172,.F.) ;
#8194=ORIENTED_EDGE('',*,*,#2738,.F.) ;
#8195=ORIENTED_EDGE('',*,*,#8190,.T.) ;
#8210=ORIENTED_EDGE('',*,*,#2075,.F.) ;
#8211=ORIENTED_EDGE('',*,*,#8190,.F.) ;
#8212=ORIENTED_EDGE('',*,*,#2731,.F.) ;
#8213=ORIENTED_EDGE('',*,*,#8208,.T.) ;
#8228=ORIENTED_EDGE('',*,*,#2091,.F.) ;
#8229=ORIENTED_EDGE('',*,*,#8208,.F.) ;
#8230=ORIENTED_EDGE('',*,*,#2724,.F.) ;
#8231=ORIENTED_EDGE('',*,*,#8226,.T.) ;
#8246=ORIENTED_EDGE('',*,*,#2098,.F.) ;
#8247=ORIENTED_EDGE('',*,*,#8226,.F.) ;
#8248=ORIENTED_EDGE('',*,*,#2717,.F.) ;
#8249=ORIENTED_EDGE('',*,*,#8244,.T.) ;
#8264=ORIENTED_EDGE('',*,*,#2105,.F.) ;
#8265=ORIENTED_EDGE('',*,*,#8244,.F.) ;
#8266=ORIENTED_EDGE('',*,*,#2704,.F.) ;
#8267=ORIENTED_EDGE('',*,*,#8262,.T.) ;
#8282=ORIENTED_EDGE('',*,*,#2112,.F.) ;
#8283=ORIENTED_EDGE('',*,*,#8262,.F.) ;
#8284=ORIENTED_EDGE('',*,*,#2694,.F.) ;
#8285=ORIENTED_EDGE('',*,*,#8280,.T.) ;
#8300=ORIENTED_EDGE('',*,*,#2128,.F.) ;
#8301=ORIENTED_EDGE('',*,*,#8280,.F.) ;
#8302=ORIENTED_EDGE('',*,*,#2681,.F.) ;
#8303=ORIENTED_EDGE('',*,*,#8298,.T.) ;
#8318=ORIENTED_EDGE('',*,*,#2135,.F.) ;
#8319=ORIENTED_EDGE('',*,*,#8298,.F.) ;
#8320=ORIENTED_EDGE('',*,*,#2674,.F.) ;
#8321=ORIENTED_EDGE('',*,*,#8316,.T.) ;
#8336=ORIENTED_EDGE('',*,*,#2142,.F.) ;
#8337=ORIENTED_EDGE('',*,*,#8316,.F.) ;
#8338=ORIENTED_EDGE('',*,*,#2661,.F.) ;
#8339=ORIENTED_EDGE('',*,*,#8334,.T.) ;
#8354=ORIENTED_EDGE('',*,*,#2149,.F.) ;
#8355=ORIENTED_EDGE('',*,*,#8334,.F.) ;
#8356=ORIENTED_EDGE('',*,*,#2651,.F.) ;
#8357=ORIENTED_EDGE('',*,*,#8352,.T.) ;
#8372=ORIENTED_EDGE('',*,*,#2165,.F.) ;
#8373=ORIENTED_EDGE('',*,*,#8352,.F.) ;
#8374=ORIENTED_EDGE('',*,*,#2638,.F.) ;
#8375=ORIENTED_EDGE('',*,*,#8370,.T.) ;
#8390=ORIENTED_EDGE('',*,*,#2172,.F.) ;
#8391=ORIENTED_EDGE('',*,*,#8370,.F.) ;
#8392=ORIENTED_EDGE('',*,*,#2631,.F.) ;
#8393=ORIENTED_EDGE('',*,*,#8388,.T.) ;
#8408=ORIENTED_EDGE('',*,*,#2179,.F.) ;
#8409=ORIENTED_EDGE('',*,*,#8388,.F.) ;
#8410=ORIENTED_EDGE('',*,*,#2618,.F.) ;
#8411=ORIENTED_EDGE('',*,*,#8406,.T.) ;
#8426=ORIENTED_EDGE('',*,*,#2186,.F.) ;
#8427=ORIENTED_EDGE('',*,*,#8406,.F.) ;
#8428=ORIENTED_EDGE('',*,*,#2608,.F.) ;
#8429=ORIENTED_EDGE('',*,*,#8424,.T.) ;
#8444=ORIENTED_EDGE('',*,*,#2202,.F.) ;
#8445=ORIENTED_EDGE('',*,*,#8424,.F.) ;
#8446=ORIENTED_EDGE('',*,*,#2595,.F.) ;
#8447=ORIENTED_EDGE('',*,*,#8442,.T.) ;
#8462=ORIENTED_EDGE('',*,*,#2224,.F.) ;
#8463=ORIENTED_EDGE('',*,*,#8442,.F.) ;
#8464=ORIENTED_EDGE('',*,*,#2588,.F.) ;
#8465=ORIENTED_EDGE('',*,*,#8460,.F.) ;
#8480=ORIENTED_EDGE('',*,*,#8460,.T.) ;
#8481=ORIENTED_EDGE('',*,*,#2581,.F.) ;
#8482=ORIENTED_EDGE('',*,*,#8478,.T.) ;
#8483=ORIENTED_EDGE('',*,*,#2231,.F.) ;
#8498=ORIENTED_EDGE('',*,*,#2238,.F.) ;
#8499=ORIENTED_EDGE('',*,*,#8478,.F.) ;
#8500=ORIENTED_EDGE('',*,*,#2574,.F.) ;
#8501=ORIENTED_EDGE('',*,*,#8496,.T.) ;
#8516=ORIENTED_EDGE('',*,*,#2245,.F.) ;
#8517=ORIENTED_EDGE('',*,*,#8496,.F.) ;
#8518=ORIENTED_EDGE('',*,*,#2555,.F.) ;
#8519=ORIENTED_EDGE('',*,*,#8514,.T.) ;
#8534=ORIENTED_EDGE('',*,*,#2252,.F.) ;
#8535=ORIENTED_EDGE('',*,*,#8514,.F.) ;
#8536=ORIENTED_EDGE('',*,*,#2548,.F.) ;
#8537=ORIENTED_EDGE('',*,*,#8532,.T.) ;
#8547=ORIENTED_EDGE('',*,*,#4626,.F.) ;
#8548=ORIENTED_EDGE('',*,*,#2257,.F.) ;
#8549=ORIENTED_EDGE('',*,*,#8532,.F.) ;
#8550=ORIENTED_EDGE('',*,*,#2529,.F.) ;
#8627=ORIENTED_EDGE('',*,*,#8606,.F.) ;
#8628=ORIENTED_EDGE('',*,*,#8613,.F.) ;
#8629=ORIENTED_EDGE('',*,*,#8620,.F.) ;
#8630=ORIENTED_EDGE('',*,*,#8625,.F.) ;
#8751=ORIENTED_EDGE('',*,*,#8654,.F.) ;
#8752=ORIENTED_EDGE('',*,*,#8673,.F.) ;
#8753=ORIENTED_EDGE('',*,*,#8680,.F.) ;
#8754=ORIENTED_EDGE('',*,*,#8699,.F.) ;
#8755=ORIENTED_EDGE('',*,*,#8706,.F.) ;
#8756=ORIENTED_EDGE('',*,*,#8725,.F.) ;
#8757=ORIENTED_EDGE('',*,*,#8732,.F.) ;
#8758=ORIENTED_EDGE('',*,*,#8749,.F.) ;
#8811=ORIENTED_EDGE('',*,*,#8786,.T.) ;
#8812=ORIENTED_EDGE('',*,*,#8809,.T.) ;
#8865=ORIENTED_EDGE('',*,*,#8840,.T.) ;
#8866=ORIENTED_EDGE('',*,*,#8863,.T.) ;
#8919=ORIENTED_EDGE('',*,*,#8894,.T.) ;
#8920=ORIENTED_EDGE('',*,*,#8917,.T.) ;
#8973=ORIENTED_EDGE('',*,*,#8948,.T.) ;
#8974=ORIENTED_EDGE('',*,*,#8971,.T.) ;
#9080=ORIENTED_EDGE('',*,*,#8982,.T.) ;
#9081=ORIENTED_EDGE('',*,*,#8989,.T.) ;
#9082=ORIENTED_EDGE('',*,*,#8996,.T.) ;
#9083=ORIENTED_EDGE('',*,*,#9003,.T.) ;
#9084=ORIENTED_EDGE('',*,*,#9010,.T.) ;
#9085=ORIENTED_EDGE('',*,*,#9017,.T.) ;
#9086=ORIENTED_EDGE('',*,*,#9024,.T.) ;
#9087=ORIENTED_EDGE('',*,*,#9031,.T.) ;
#9088=ORIENTED_EDGE('',*,*,#9038,.T.) ;
#9089=ORIENTED_EDGE('',*,*,#9045,.T.) ;
#9090=ORIENTED_EDGE('',*,*,#9052,.T.) ;
#9091=ORIENTED_EDGE('',*,*,#9059,.T.) ;
#9092=ORIENTED_EDGE('',*,*,#9066,.T.) ;
#9093=ORIENTED_EDGE('',*,*,#9073,.T.) ;
#9094=ORIENTED_EDGE('',*,*,#9078,.T.) ;
#9095=ORIENTED_EDGE('',*,*,#8606,.T.) ;
#9117=ORIENTED_EDGE('',*,*,#8613,.T.) ;
#9118=ORIENTED_EDGE('',*,*,#9078,.F.) ;
#9119=ORIENTED_EDGE('',*,*,#9110,.T.) ;
#9120=ORIENTED_EDGE('',*,*,#9115,.T.) ;
#9186=ORIENTED_EDGE('',*,*,#9137,.T.) ;
#9187=ORIENTED_EDGE('',*,*,#9144,.T.) ;
#9188=ORIENTED_EDGE('',*,*,#9151,.T.) ;
#9189=ORIENTED_EDGE('',*,*,#9158,.T.) ;
#9190=ORIENTED_EDGE('',*,*,#9165,.T.) ;
#9191=ORIENTED_EDGE('',*,*,#9172,.T.) ;
#9192=ORIENTED_EDGE('',*,*,#9179,.T.) ;
#9193=ORIENTED_EDGE('',*,*,#9184,.T.) ;
#9246=ORIENTED_EDGE('',*,*,#9221,.T.) ;
#9247=ORIENTED_EDGE('',*,*,#9244,.T.) ;
#9300=ORIENTED_EDGE('',*,*,#9275,.T.) ;
#9301=ORIENTED_EDGE('',*,*,#9298,.T.) ;
#9354=ORIENTED_EDGE('',*,*,#9329,.T.) ;
#9355=ORIENTED_EDGE('',*,*,#9352,.T.) ;
#9408=ORIENTED_EDGE('',*,*,#9383,.T.) ;
#9409=ORIENTED_EDGE('',*,*,#9406,.T.) ;
#9544=ORIENTED_EDGE('',*,*,#9419,.F.) ;
#9545=ORIENTED_EDGE('',*,*,#9435,.F.) ;
#9546=ORIENTED_EDGE('',*,*,#9442,.F.) ;
#9547=ORIENTED_EDGE('',*,*,#9449,.T.) ;
#9548=ORIENTED_EDGE('',*,*,#9456,.F.) ;
#9549=ORIENTED_EDGE('',*,*,#9472,.F.) ;
#9550=ORIENTED_EDGE('',*,*,#9479,.F.) ;
#9551=ORIENTED_EDGE('',*,*,#9486,.T.) ;
#9552=ORIENTED_EDGE('',*,*,#9493,.F.) ;
#9553=ORIENTED_EDGE('',*,*,#9509,.F.) ;
#9554=ORIENTED_EDGE('',*,*,#9514,.F.) ;
#9555=ORIENTED_EDGE('',*,*,#8620,.T.) ;
#9556=ORIENTED_EDGE('',*,*,#9115,.F.) ;
#9557=ORIENTED_EDGE('',*,*,#9530,.F.) ;
#9558=ORIENTED_EDGE('',*,*,#9537,.F.) ;
#9559=ORIENTED_EDGE('',*,*,#9542,.T.) ;
#9574=ORIENTED_EDGE('',*,*,#8625,.T.) ;
#9575=ORIENTED_EDGE('',*,*,#9514,.T.) ;
#9576=ORIENTED_EDGE('',*,*,#9572,.F.) ;
#9577=ORIENTED_EDGE('',*,*,#8982,.F.) ;
#9606=ORIENTED_EDGE('',*,*,#9592,.T.) ;
#9607=ORIENTED_EDGE('',*,*,#9599,.F.) ;
#9608=ORIENTED_EDGE('',*,*,#9604,.T.) ;
#9609=ORIENTED_EDGE('',*,*,#8654,.T.) ;
#9634=ORIENTED_EDGE('',*,*,#9604,.F.) ;
#9635=ORIENTED_EDGE('',*,*,#9627,.F.) ;
#9636=ORIENTED_EDGE('',*,*,#9632,.F.) ;
#9637=ORIENTED_EDGE('',*,*,#8673,.T.) ;
#9659=ORIENTED_EDGE('',*,*,#9632,.T.) ;
#9660=ORIENTED_EDGE('',*,*,#9652,.F.) ;
#9661=ORIENTED_EDGE('',*,*,#9657,.F.) ;
#9662=ORIENTED_EDGE('',*,*,#8680,.T.) ;
#9684=ORIENTED_EDGE('',*,*,#9657,.T.) ;
#9685=ORIENTED_EDGE('',*,*,#9677,.F.) ;
#9686=ORIENTED_EDGE('',*,*,#9682,.F.) ;
#9687=ORIENTED_EDGE('',*,*,#8699,.T.) ;
#9709=ORIENTED_EDGE('',*,*,#9682,.T.) ;
#9710=ORIENTED_EDGE('',*,*,#9702,.F.) ;
#9711=ORIENTED_EDGE('',*,*,#9707,.F.) ;
#9712=ORIENTED_EDGE('',*,*,#8706,.T.) ;
#9734=ORIENTED_EDGE('',*,*,#9707,.T.) ;
#9735=ORIENTED_EDGE('',*,*,#9727,.F.) ;
#9736=ORIENTED_EDGE('',*,*,#9732,.F.) ;
#9737=ORIENTED_EDGE('',*,*,#8725,.T.) ;
#9759=ORIENTED_EDGE('',*,*,#9732,.T.) ;
#9760=ORIENTED_EDGE('',*,*,#9752,.F.) ;
#9761=ORIENTED_EDGE('',*,*,#9757,.F.) ;
#9762=ORIENTED_EDGE('',*,*,#8732,.T.) ;
#9777=ORIENTED_EDGE('',*,*,#9757,.T.) ;
#9778=ORIENTED_EDGE('',*,*,#9775,.F.) ;
#9779=ORIENTED_EDGE('',*,*,#9592,.F.) ;
#9780=ORIENTED_EDGE('',*,*,#8749,.T.) ;
#9800=ORIENTED_EDGE('',*,*,#9221,.F.) ;
#9801=ORIENTED_EDGE('',*,*,#9793,.T.) ;
#9802=ORIENTED_EDGE('',*,*,#8786,.F.) ;
#9803=ORIENTED_EDGE('',*,*,#9798,.T.) ;
#9813=ORIENTED_EDGE('',*,*,#9244,.F.) ;
#9814=ORIENTED_EDGE('',*,*,#9798,.F.) ;
#9815=ORIENTED_EDGE('',*,*,#8809,.F.) ;
#9816=ORIENTED_EDGE('',*,*,#9793,.F.) ;
#9836=ORIENTED_EDGE('',*,*,#9275,.F.) ;
#9837=ORIENTED_EDGE('',*,*,#9829,.T.) ;
#9838=ORIENTED_EDGE('',*,*,#8840,.F.) ;
#9839=ORIENTED_EDGE('',*,*,#9834,.T.) ;
#9849=ORIENTED_EDGE('',*,*,#9298,.F.) ;
#9850=ORIENTED_EDGE('',*,*,#9834,.F.) ;
#9851=ORIENTED_EDGE('',*,*,#8863,.F.) ;
#9852=ORIENTED_EDGE('',*,*,#9829,.F.) ;
#9872=ORIENTED_EDGE('',*,*,#9329,.F.) ;
#9873=ORIENTED_EDGE('',*,*,#9865,.T.) ;
#9874=ORIENTED_EDGE('',*,*,#8894,.F.) ;
#9875=ORIENTED_EDGE('',*,*,#9870,.T.) ;
#9885=ORIENTED_EDGE('',*,*,#9352,.F.) ;
#9886=ORIENTED_EDGE('',*,*,#9870,.F.) ;
#9887=ORIENTED_EDGE('',*,*,#8917,.F.) ;
#9888=ORIENTED_EDGE('',*,*,#9865,.F.) ;
#9908=ORIENTED_EDGE('',*,*,#9383,.F.) ;
#9909=ORIENTED_EDGE('',*,*,#9901,.T.) ;
#9910=ORIENTED_EDGE('',*,*,#8948,.F.) ;
#9911=ORIENTED_EDGE('',*,*,#9906,.T.) ;
#9921=ORIENTED_EDGE('',*,*,#9406,.F.) ;
#9922=ORIENTED_EDGE('',*,*,#9906,.F.) ;
#9923=ORIENTED_EDGE('',*,*,#8971,.F.) ;
#9924=ORIENTED_EDGE('',*,*,#9901,.F.) ;
#9939=ORIENTED_EDGE('',*,*,#9509,.T.) ;
#9940=ORIENTED_EDGE('',*,*,#9937,.F.) ;
#9941=ORIENTED_EDGE('',*,*,#8989,.F.) ;
#9942=ORIENTED_EDGE('',*,*,#9572,.T.) ;
#9957=ORIENTED_EDGE('',*,*,#9955,.T.) ;
#9958=ORIENTED_EDGE('',*,*,#8996,.F.) ;
#9959=ORIENTED_EDGE('',*,*,#9937,.T.) ;
#9960=ORIENTED_EDGE('',*,*,#9493,.T.) ;
#9975=ORIENTED_EDGE('',*,*,#9003,.F.) ;
#9976=ORIENTED_EDGE('',*,*,#9955,.F.) ;
#9977=ORIENTED_EDGE('',*,*,#9486,.F.) ;
#9978=ORIENTED_EDGE('',*,*,#9973,.F.) ;
#9993=ORIENTED_EDGE('',*,*,#9973,.T.) ;
#9994=ORIENTED_EDGE('',*,*,#9479,.T.) ;
#9995=ORIENTED_EDGE('',*,*,#9991,.F.) ;
#9996=ORIENTED_EDGE('',*,*,#9010,.F.) ;
#10011=ORIENTED_EDGE('',*,*,#9472,.T.) ;
#10012=ORIENTED_EDGE('',*,*,#10009,.F.) ;
#10013=ORIENTED_EDGE('',*,*,#9017,.F.) ;
#10014=ORIENTED_EDGE('',*,*,#9991,.T.) ;
#10029=ORIENTED_EDGE('',*,*,#10027,.T.) ;
#10030=ORIENTED_EDGE('',*,*,#9024,.F.) ;
#10031=ORIENTED_EDGE('',*,*,#10009,.T.) ;
#10032=ORIENTED_EDGE('',*,*,#9456,.T.) ;
#10047=ORIENTED_EDGE('',*,*,#9449,.F.) ;
#10048=ORIENTED_EDGE('',*,*,#10045,.F.) ;
#10049=ORIENTED_EDGE('',*,*,#9031,.F.) ;
#10050=ORIENTED_EDGE('',*,*,#10027,.F.) ;
#10065=ORIENTED_EDGE('',*,*,#10045,.T.) ;
#10066=ORIENTED_EDGE('',*,*,#9442,.T.) ;
#10067=ORIENTED_EDGE('',*,*,#10063,.F.) ;
#10068=ORIENTED_EDGE('',*,*,#9038,.F.) ;
#10083=ORIENTED_EDGE('',*,*,#9435,.T.) ;
#10084=ORIENTED_EDGE('',*,*,#10081,.F.) ;
#10085=ORIENTED_EDGE('',*,*,#9045,.F.) ;
#10086=ORIENTED_EDGE('',*,*,#10063,.T.) ;
#10101=ORIENTED_EDGE('',*,*,#10099,.T.) ;
#10102=ORIENTED_EDGE('',*,*,#9052,.F.) ;
#10103=ORIENTED_EDGE('',*,*,#10081,.T.) ;
#10104=ORIENTED_EDGE('',*,*,#9419,.T.) ;
#10119=ORIENTED_EDGE('',*,*,#9542,.F.) ;
#10120=ORIENTED_EDGE('',*,*,#10117,.F.) ;
#10121=ORIENTED_EDGE('',*,*,#9059,.F.) ;
#10122=ORIENTED_EDGE('',*,*,#10099,.F.) ;
#10137=ORIENTED_EDGE('',*,*,#10117,.T.) ;
#10138=ORIENTED_EDGE('',*,*,#9537,.T.) ;
#10139=ORIENTED_EDGE('',*,*,#10135,.F.) ;
#10140=ORIENTED_EDGE('',*,*,#9066,.F.) ;
#10150=ORIENTED_EDGE('',*,*,#9530,.T.) ;
#10151=ORIENTED_EDGE('',*,*,#9110,.F.) ;
#10152=ORIENTED_EDGE('',*,*,#9073,.F.) ;
#10153=ORIENTED_EDGE('',*,*,#10135,.T.) ;
#10182=ORIENTED_EDGE('',*,*,#10168,.T.) ;
#10183=ORIENTED_EDGE('',*,*,#9137,.F.) ;
#10184=ORIENTED_EDGE('',*,*,#10175,.F.) ;
#10185=ORIENTED_EDGE('',*,*,#10180,.T.) ;
#10207=ORIENTED_EDGE('',*,*,#10200,.T.) ;
#10208=ORIENTED_EDGE('',*,*,#9144,.F.) ;
#10209=ORIENTED_EDGE('',*,*,#10168,.F.) ;
#10210=ORIENTED_EDGE('',*,*,#10205,.T.) ;
#10232=ORIENTED_EDGE('',*,*,#10225,.T.) ;
#10233=ORIENTED_EDGE('',*,*,#9151,.F.) ;
#10234=ORIENTED_EDGE('',*,*,#10200,.F.) ;
#10235=ORIENTED_EDGE('',*,*,#10230,.T.) ;
#10257=ORIENTED_EDGE('',*,*,#10250,.T.) ;
#10258=ORIENTED_EDGE('',*,*,#9158,.F.) ;
#10259=ORIENTED_EDGE('',*,*,#10225,.F.) ;
#10260=ORIENTED_EDGE('',*,*,#10255,.T.) ;
#10282=ORIENTED_EDGE('',*,*,#10275,.T.) ;
#10283=ORIENTED_EDGE('',*,*,#9165,.F.) ;
#10284=ORIENTED_EDGE('',*,*,#10250,.F.) ;
#10285=ORIENTED_EDGE('',*,*,#10280,.T.) ;
#10307=ORIENTED_EDGE('',*,*,#10300,.T.) ;
#10308=ORIENTED_EDGE('',*,*,#9172,.F.) ;
#10309=ORIENTED_EDGE('',*,*,#10275,.F.) ;
#10310=ORIENTED_EDGE('',*,*,#10305,.T.) ;
#10332=ORIENTED_EDGE('',*,*,#10325,.F.) ;
#10333=ORIENTED_EDGE('',*,*,#9179,.F.) ;
#10334=ORIENTED_EDGE('',*,*,#10300,.F.) ;
#10335=ORIENTED_EDGE('',*,*,#10330,.T.) ;
#10350=ORIENTED_EDGE('',*,*,#10175,.T.) ;
#10351=ORIENTED_EDGE('',*,*,#9184,.F.) ;
#10352=ORIENTED_EDGE('',*,*,#10325,.T.) ;
#10353=ORIENTED_EDGE('',*,*,#10348,.T.) ;
#10467=ORIENTED_EDGE('',*,*,#10382,.F.) ;
#10468=ORIENTED_EDGE('',*,*,#10389,.F.) ;
#10469=ORIENTED_EDGE('',*,*,#10408,.F.) ;
#10470=ORIENTED_EDGE('',*,*,#10415,.F.) ;
#10471=ORIENTED_EDGE('',*,*,#10434,.F.) ;
#10472=ORIENTED_EDGE('',*,*,#10441,.F.) ;
#10473=ORIENTED_EDGE('',*,*,#10460,.F.) ;
#10474=ORIENTED_EDGE('',*,*,#10465,.F.) ;
#10477=ORIENTED_EDGE('',*,*,#9775,.T.) ;
#10478=ORIENTED_EDGE('',*,*,#9752,.T.) ;
#10479=ORIENTED_EDGE('',*,*,#9727,.T.) ;
#10480=ORIENTED_EDGE('',*,*,#9702,.T.) ;
#10481=ORIENTED_EDGE('',*,*,#9677,.T.) ;
#10482=ORIENTED_EDGE('',*,*,#9652,.T.) ;
#10483=ORIENTED_EDGE('',*,*,#9627,.T.) ;
#10484=ORIENTED_EDGE('',*,*,#9599,.T.) ;
#10598=ORIENTED_EDGE('',*,*,#10513,.F.) ;
#10599=ORIENTED_EDGE('',*,*,#10520,.F.) ;
#10600=ORIENTED_EDGE('',*,*,#10539,.F.) ;
#10601=ORIENTED_EDGE('',*,*,#10546,.F.) ;
#10602=ORIENTED_EDGE('',*,*,#10565,.F.) ;
#10603=ORIENTED_EDGE('',*,*,#10572,.F.) ;
#10604=ORIENTED_EDGE('',*,*,#10591,.F.) ;
#10605=ORIENTED_EDGE('',*,*,#10596,.F.) ;
#10608=ORIENTED_EDGE('',*,*,#10348,.F.) ;
#10609=ORIENTED_EDGE('',*,*,#10330,.F.) ;
#10610=ORIENTED_EDGE('',*,*,#10305,.F.) ;
#10611=ORIENTED_EDGE('',*,*,#10280,.F.) ;
#10612=ORIENTED_EDGE('',*,*,#10255,.F.) ;
#10613=ORIENTED_EDGE('',*,*,#10230,.F.) ;
#10614=ORIENTED_EDGE('',*,*,#10205,.F.) ;
#10615=ORIENTED_EDGE('',*,*,#10180,.F.) ;
#10658=ORIENTED_EDGE('',*,*,#10632,.T.) ;
#10659=ORIENTED_EDGE('',*,*,#10637,.T.) ;
#10660=ORIENTED_EDGE('',*,*,#10382,.T.) ;
#10661=ORIENTED_EDGE('',*,*,#10644,.T.) ;
#10662=ORIENTED_EDGE('',*,*,#10651,.T.) ;
#10663=ORIENTED_EDGE('',*,*,#10656,.T.) ;
#10685=ORIENTED_EDGE('',*,*,#10678,.T.) ;
#10686=ORIENTED_EDGE('',*,*,#10683,.T.) ;
#10687=ORIENTED_EDGE('',*,*,#10389,.T.) ;
#10688=ORIENTED_EDGE('',*,*,#10637,.F.) ;
#10724=ORIENTED_EDGE('',*,*,#10705,.T.) ;
#10725=ORIENTED_EDGE('',*,*,#10710,.T.) ;
#10726=ORIENTED_EDGE('',*,*,#10408,.T.) ;
#10727=ORIENTED_EDGE('',*,*,#10683,.F.) ;
#10728=ORIENTED_EDGE('',*,*,#10717,.F.) ;
#10729=ORIENTED_EDGE('',*,*,#10722,.T.) ;
#10751=ORIENTED_EDGE('',*,*,#10744,.T.) ;
#10752=ORIENTED_EDGE('',*,*,#10749,.T.) ;
#10753=ORIENTED_EDGE('',*,*,#10415,.T.) ;
#10754=ORIENTED_EDGE('',*,*,#10710,.F.) ;
#10790=ORIENTED_EDGE('',*,*,#10749,.F.) ;
#10791=ORIENTED_EDGE('',*,*,#10769,.F.) ;
#10792=ORIENTED_EDGE('',*,*,#10776,.T.) ;
#10793=ORIENTED_EDGE('',*,*,#10783,.F.) ;
#10794=ORIENTED_EDGE('',*,*,#10788,.F.) ;
#10795=ORIENTED_EDGE('',*,*,#10434,.T.) ;
#10817=ORIENTED_EDGE('',*,*,#10810,.T.) ;
#10818=ORIENTED_EDGE('',*,*,#10815,.F.) ;
#10819=ORIENTED_EDGE('',*,*,#10441,.T.) ;
#10820=ORIENTED_EDGE('',*,*,#10788,.T.) ;
#10856=ORIENTED_EDGE('',*,*,#10815,.T.) ;
#10857=ORIENTED_EDGE('',*,*,#10835,.T.) ;
#10858=ORIENTED_EDGE('',*,*,#10842,.T.) ;
#10859=ORIENTED_EDGE('',*,*,#10849,.F.) ;
#10860=ORIENTED_EDGE('',*,*,#10854,.F.) ;
#10861=ORIENTED_EDGE('',*,*,#10460,.T.) ;
#10876=ORIENTED_EDGE('',*,*,#10874,.T.) ;
#10877=ORIENTED_EDGE('',*,*,#10644,.F.) ;
#10878=ORIENTED_EDGE('',*,*,#10465,.T.) ;
#10879=ORIENTED_EDGE('',*,*,#10854,.T.) ;
#10922=ORIENTED_EDGE('',*,*,#10894,.T.) ;
#10923=ORIENTED_EDGE('',*,*,#10901,.T.) ;
#10924=ORIENTED_EDGE('',*,*,#10908,.T.) ;
#10925=ORIENTED_EDGE('',*,*,#10915,.T.) ;
#10926=ORIENTED_EDGE('',*,*,#10920,.T.) ;
#10927=ORIENTED_EDGE('',*,*,#10513,.T.) ;
#10949=ORIENTED_EDGE('',*,*,#10942,.F.) ;
#10950=ORIENTED_EDGE('',*,*,#10947,.T.) ;
#10951=ORIENTED_EDGE('',*,*,#10520,.T.) ;
#10952=ORIENTED_EDGE('',*,*,#10920,.F.) ;
#10988=ORIENTED_EDGE('',*,*,#10969,.T.) ;
#10989=ORIENTED_EDGE('',*,*,#10974,.T.) ;
#10990=ORIENTED_EDGE('',*,*,#10539,.T.) ;
#10991=ORIENTED_EDGE('',*,*,#10947,.F.) ;
#10992=ORIENTED_EDGE('',*,*,#10981,.F.) ;
#10993=ORIENTED_EDGE('',*,*,#10986,.T.) ;
#11015=ORIENTED_EDGE('',*,*,#11008,.F.) ;
#11016=ORIENTED_EDGE('',*,*,#11013,.T.) ;
#11017=ORIENTED_EDGE('',*,*,#10546,.T.) ;
#11018=ORIENTED_EDGE('',*,*,#10974,.F.) ;
#11054=ORIENTED_EDGE('',*,*,#11035,.F.) ;
#11055=ORIENTED_EDGE('',*,*,#11040,.F.) ;
#11056=ORIENTED_EDGE('',*,*,#10565,.T.) ;
#11057=ORIENTED_EDGE('',*,*,#11013,.F.) ;
#11058=ORIENTED_EDGE('',*,*,#11047,.F.) ;
#11059=ORIENTED_EDGE('',*,*,#11052,.T.) ;
#11082=ORIENTED_EDGE('',*,*,#11074,.F.) ;
#11083=ORIENTED_EDGE('',*,*,#11080,.F.) ;
#11084=ORIENTED_EDGE('',*,*,#10572,.T.) ;
#11085=ORIENTED_EDGE('',*,*,#11040,.T.) ;
#11121=ORIENTED_EDGE('',*,*,#11080,.T.) ;
#11122=ORIENTED_EDGE('',*,*,#11100,.T.) ;
#11123=ORIENTED_EDGE('',*,*,#11107,.T.) ;
#11124=ORIENTED_EDGE('',*,*,#11114,.F.) ;
#11125=ORIENTED_EDGE('',*,*,#11119,.F.) ;
#11126=ORIENTED_EDGE('',*,*,#10591,.T.) ;
#11141=ORIENTED_EDGE('',*,*,#11139,.F.) ;
#11142=ORIENTED_EDGE('',*,*,#10894,.F.) ;
#11143=ORIENTED_EDGE('',*,*,#10596,.T.) ;
#11144=ORIENTED_EDGE('',*,*,#11119,.T.) ;
#11159=ORIENTED_EDGE('',*,*,#10678,.F.) ;
#11160=ORIENTED_EDGE('',*,*,#10632,.F.) ;
#11161=ORIENTED_EDGE('',*,*,#11157,.T.) ;
#11162=ORIENTED_EDGE('',*,*,#10717,.T.) ;
#11177=ORIENTED_EDGE('',*,*,#10874,.F.) ;
#11178=ORIENTED_EDGE('',*,*,#10849,.T.) ;
#11179=ORIENTED_EDGE('',*,*,#11175,.T.) ;
#11180=ORIENTED_EDGE('',*,*,#10651,.F.) ;
#11214=ORIENTED_EDGE('',*,*,#10656,.F.) ;
#11215=ORIENTED_EDGE('',*,*,#11200,.T.) ;
#11216=ORIENTED_EDGE('',*,*,#11207,.F.) ;
#11217=ORIENTED_EDGE('',*,*,#11212,.F.) ;
#11232=ORIENTED_EDGE('',*,*,#10744,.F.) ;
#11233=ORIENTED_EDGE('',*,*,#10705,.F.) ;
#11234=ORIENTED_EDGE('',*,*,#11230,.T.) ;
#11235=ORIENTED_EDGE('',*,*,#10769,.T.) ;
#11269=ORIENTED_EDGE('',*,*,#10722,.F.) ;
#11270=ORIENTED_EDGE('',*,*,#11255,.F.) ;
#11271=ORIENTED_EDGE('',*,*,#11262,.F.) ;
#11272=ORIENTED_EDGE('',*,*,#11267,.F.) ;
#11306=ORIENTED_EDGE('',*,*,#10776,.F.) ;
#11307=ORIENTED_EDGE('',*,*,#11292,.T.) ;
#11308=ORIENTED_EDGE('',*,*,#11299,.F.) ;
#11309=ORIENTED_EDGE('',*,*,#11304,.F.) ;
#11324=ORIENTED_EDGE('',*,*,#10810,.F.) ;
#11325=ORIENTED_EDGE('',*,*,#10783,.T.) ;
#11326=ORIENTED_EDGE('',*,*,#11322,.T.) ;
#11327=ORIENTED_EDGE('',*,*,#10835,.F.) ;
#11361=ORIENTED_EDGE('',*,*,#10842,.F.) ;
#11362=ORIENTED_EDGE('',*,*,#11347,.T.) ;
#11363=ORIENTED_EDGE('',*,*,#11354,.F.) ;
#11364=ORIENTED_EDGE('',*,*,#11359,.F.) ;
#11379=ORIENTED_EDGE('',*,*,#11139,.T.) ;
#11380=ORIENTED_EDGE('',*,*,#11114,.T.) ;
#11381=ORIENTED_EDGE('',*,*,#11377,.T.) ;
#11382=ORIENTED_EDGE('',*,*,#10901,.F.) ;
#11416=ORIENTED_EDGE('',*,*,#10908,.F.) ;
#11417=ORIENTED_EDGE('',*,*,#11402,.F.) ;
#11418=ORIENTED_EDGE('',*,*,#11409,.T.) ;
#11419=ORIENTED_EDGE('',*,*,#11414,.T.) ;
#11434=ORIENTED_EDGE('',*,*,#10942,.T.) ;
#11435=ORIENTED_EDGE('',*,*,#10915,.F.) ;
#11436=ORIENTED_EDGE('',*,*,#11432,.T.) ;
#11437=ORIENTED_EDGE('',*,*,#10981,.T.) ;
#11452=ORIENTED_EDGE('',*,*,#11008,.T.) ;
#11453=ORIENTED_EDGE('',*,*,#10969,.F.) ;
#11454=ORIENTED_EDGE('',*,*,#11450,.T.) ;
#11455=ORIENTED_EDGE('',*,*,#11047,.T.) ;
#11489=ORIENTED_EDGE('',*,*,#10986,.F.) ;
#11490=ORIENTED_EDGE('',*,*,#11475,.F.) ;
#11491=ORIENTED_EDGE('',*,*,#11482,.F.) ;
#11492=ORIENTED_EDGE('',*,*,#11487,.T.) ;
#11507=ORIENTED_EDGE('',*,*,#11074,.T.) ;
#11508=ORIENTED_EDGE('',*,*,#11035,.T.) ;
#11509=ORIENTED_EDGE('',*,*,#11505,.T.) ;
#11510=ORIENTED_EDGE('',*,*,#11100,.F.) ;
#11544=ORIENTED_EDGE('',*,*,#11052,.F.) ;
#11545=ORIENTED_EDGE('',*,*,#11530,.F.) ;
#11546=ORIENTED_EDGE('',*,*,#11537,.F.) ;
#11547=ORIENTED_EDGE('',*,*,#11542,.T.) ;
#11581=ORIENTED_EDGE('',*,*,#11107,.F.) ;
#11582=ORIENTED_EDGE('',*,*,#11567,.F.) ;
#11583=ORIENTED_EDGE('',*,*,#11574,.T.) ;
#11584=ORIENTED_EDGE('',*,*,#11579,.F.) ;
#11599=ORIENTED_EDGE('',*,*,#11157,.F.) ;
#11600=ORIENTED_EDGE('',*,*,#11212,.T.) ;
#11601=ORIENTED_EDGE('',*,*,#11597,.F.) ;
#11602=ORIENTED_EDGE('',*,*,#11255,.T.) ;
#11617=ORIENTED_EDGE('',*,*,#11175,.F.) ;
#11618=ORIENTED_EDGE('',*,*,#11359,.T.) ;
#11619=ORIENTED_EDGE('',*,*,#11615,.F.) ;
#11620=ORIENTED_EDGE('',*,*,#11200,.F.) ;
#11659=ORIENTED_EDGE('',*,*,#11633,.F.) ;
#11660=ORIENTED_EDGE('',*,*,#11640,.F.) ;
#11661=ORIENTED_EDGE('',*,*,#11645,.F.) ;
#11662=ORIENTED_EDGE('',*,*,#11207,.T.) ;
#11663=ORIENTED_EDGE('',*,*,#11652,.T.) ;
#11664=ORIENTED_EDGE('',*,*,#11657,.T.) ;
#11679=ORIENTED_EDGE('',*,*,#11230,.F.) ;
#11680=ORIENTED_EDGE('',*,*,#11267,.T.) ;
#11681=ORIENTED_EDGE('',*,*,#11677,.F.) ;
#11682=ORIENTED_EDGE('',*,*,#11292,.F.) ;
#11721=ORIENTED_EDGE('',*,*,#11695,.F.) ;
#11722=ORIENTED_EDGE('',*,*,#11702,.F.) ;
#11723=ORIENTED_EDGE('',*,*,#11707,.F.) ;
#11724=ORIENTED_EDGE('',*,*,#11262,.T.) ;
#11725=ORIENTED_EDGE('',*,*,#11714,.T.) ;
#11726=ORIENTED_EDGE('',*,*,#11719,.T.) ;
#11753=ORIENTED_EDGE('',*,*,#11741,.F.) ;
#11754=ORIENTED_EDGE('',*,*,#11746,.T.) ;
#11755=ORIENTED_EDGE('',*,*,#11299,.T.) ;
#11756=ORIENTED_EDGE('',*,*,#11751,.F.) ;
#11771=ORIENTED_EDGE('',*,*,#11322,.F.) ;
#11772=ORIENTED_EDGE('',*,*,#11304,.T.) ;
#11773=ORIENTED_EDGE('',*,*,#11769,.F.) ;
#11774=ORIENTED_EDGE('',*,*,#11347,.F.) ;
#11801=ORIENTED_EDGE('',*,*,#11789,.F.) ;
#11802=ORIENTED_EDGE('',*,*,#11794,.T.) ;
#11803=ORIENTED_EDGE('',*,*,#11354,.T.) ;
#11804=ORIENTED_EDGE('',*,*,#11799,.F.) ;
#11819=ORIENTED_EDGE('',*,*,#11377,.F.) ;
#11820=ORIENTED_EDGE('',*,*,#11579,.T.) ;
#11821=ORIENTED_EDGE('',*,*,#11817,.F.) ;
#11822=ORIENTED_EDGE('',*,*,#11402,.T.) ;
#11832=ORIENTED_EDGE('',*,*,#11633,.T.) ;
#11833=ORIENTED_EDGE('',*,*,#11409,.F.) ;
#11848=ORIENTED_EDGE('',*,*,#11432,.F.) ;
#11849=ORIENTED_EDGE('',*,*,#11414,.F.) ;
#11850=ORIENTED_EDGE('',*,*,#11846,.F.) ;
#11851=ORIENTED_EDGE('',*,*,#11475,.T.) ;
#11866=ORIENTED_EDGE('',*,*,#11450,.F.) ;
#11867=ORIENTED_EDGE('',*,*,#11487,.F.) ;
#11868=ORIENTED_EDGE('',*,*,#11864,.F.) ;
#11869=ORIENTED_EDGE('',*,*,#11530,.T.) ;
#11884=ORIENTED_EDGE('',*,*,#11789,.T.) ;
#11885=ORIENTED_EDGE('',*,*,#11482,.T.) ;
#11886=ORIENTED_EDGE('',*,*,#11882,.T.) ;
#11901=ORIENTED_EDGE('',*,*,#11505,.F.) ;
#11902=ORIENTED_EDGE('',*,*,#11542,.F.) ;
#11903=ORIENTED_EDGE('',*,*,#11899,.F.) ;
#11904=ORIENTED_EDGE('',*,*,#11567,.T.) ;
#11919=ORIENTED_EDGE('',*,*,#11741,.T.) ;
#11920=ORIENTED_EDGE('',*,*,#11537,.T.) ;
#11921=ORIENTED_EDGE('',*,*,#11917,.T.) ;
#11931=ORIENTED_EDGE('',*,*,#11695,.T.) ;
#11932=ORIENTED_EDGE('',*,*,#11574,.F.) ;
#11947=ORIENTED_EDGE('',*,*,#11945,.T.) ;
#11948=ORIENTED_EDGE('',*,*,#11714,.F.) ;
#11949=ORIENTED_EDGE('',*,*,#11597,.T.) ;
#11950=ORIENTED_EDGE('',*,*,#11645,.T.) ;
#11965=ORIENTED_EDGE('',*,*,#11963,.T.) ;
#11966=ORIENTED_EDGE('',*,*,#11652,.F.) ;
#11967=ORIENTED_EDGE('',*,*,#11615,.T.) ;
#11968=ORIENTED_EDGE('',*,*,#11794,.F.) ;
#11978=ORIENTED_EDGE('',*,*,#11945,.F.) ;
#11979=ORIENTED_EDGE('',*,*,#11640,.T.) ;
#11980=ORIENTED_EDGE('',*,*,#11817,.T.) ;
#11981=ORIENTED_EDGE('',*,*,#11719,.F.) ;
#11997=ORIENTED_EDGE('',*,*,#11995,.F.) ;
#11998=ORIENTED_EDGE('',*,*,#11882,.F.) ;
#11999=ORIENTED_EDGE('',*,*,#11846,.T.) ;
#12000=ORIENTED_EDGE('',*,*,#11657,.F.) ;
#12015=ORIENTED_EDGE('',*,*,#12013,.T.) ;
#12016=ORIENTED_EDGE('',*,*,#11751,.T.) ;
#12017=ORIENTED_EDGE('',*,*,#11677,.T.) ;
#12018=ORIENTED_EDGE('',*,*,#11707,.T.) ;
#12028=ORIENTED_EDGE('',*,*,#12013,.F.) ;
#12029=ORIENTED_EDGE('',*,*,#11702,.T.) ;
#12030=ORIENTED_EDGE('',*,*,#11899,.T.) ;
#12045=ORIENTED_EDGE('',*,*,#12043,.T.) ;
#12046=ORIENTED_EDGE('',*,*,#11799,.T.) ;
#12047=ORIENTED_EDGE('',*,*,#11769,.T.) ;
#12048=ORIENTED_EDGE('',*,*,#11746,.F.) ;
#12064=ORIENTED_EDGE('',*,*,#12062,.F.) ;
#12065=ORIENTED_EDGE('',*,*,#11917,.F.) ;
#12066=ORIENTED_EDGE('',*,*,#11864,.T.) ;
#12076=ORIENTED_EDGE('',*,*,#11963,.F.) ;
#12077=ORIENTED_EDGE('',*,*,#11995,.T.) ;
#12087=ORIENTED_EDGE('',*,*,#12043,.F.) ;
#12088=ORIENTED_EDGE('',*,*,#12062,.T.) ;
#12152=ORIENTED_EDGE('',*,*,#12131,.F.) ;
#12153=ORIENTED_EDGE('',*,*,#12138,.F.) ;
#12154=ORIENTED_EDGE('',*,*,#12145,.F.) ;
#12155=ORIENTED_EDGE('',*,*,#12150,.F.) ;
#12276=ORIENTED_EDGE('',*,*,#12179,.F.) ;
#12277=ORIENTED_EDGE('',*,*,#12198,.F.) ;
#12278=ORIENTED_EDGE('',*,*,#12205,.F.) ;
#12279=ORIENTED_EDGE('',*,*,#12224,.F.) ;
#12280=ORIENTED_EDGE('',*,*,#12231,.F.) ;
#12281=ORIENTED_EDGE('',*,*,#12250,.F.) ;
#12282=ORIENTED_EDGE('',*,*,#12257,.F.) ;
#12283=ORIENTED_EDGE('',*,*,#12274,.F.) ;
#12309=ORIENTED_EDGE('',*,*,#12307,.T.) ;
#12310=ORIENTED_EDGE('',*,*,#12131,.T.) ;
#12363=ORIENTED_EDGE('',*,*,#12338,.T.) ;
#12364=ORIENTED_EDGE('',*,*,#12361,.T.) ;
#12417=ORIENTED_EDGE('',*,*,#12392,.T.) ;
#12418=ORIENTED_EDGE('',*,*,#12415,.T.) ;
#12471=ORIENTED_EDGE('',*,*,#12446,.T.) ;
#12472=ORIENTED_EDGE('',*,*,#12469,.T.) ;
#12487=ORIENTED_EDGE('',*,*,#12307,.F.) ;
#12488=ORIENTED_EDGE('',*,*,#12150,.T.) ;
#12489=ORIENTED_EDGE('',*,*,#12485,.F.) ;
#12490=ORIENTED_EDGE('',*,*,#12138,.T.) ;
#12525=ORIENTED_EDGE('',*,*,#12513,.F.) ;
#12526=ORIENTED_EDGE('',*,*,#12518,.F.) ;
#12527=ORIENTED_EDGE('',*,*,#12145,.T.) ;
#12528=ORIENTED_EDGE('',*,*,#12523,.F.) ;
#12557=ORIENTED_EDGE('',*,*,#12179,.T.) ;
#12558=ORIENTED_EDGE('',*,*,#12543,.T.) ;
#12559=ORIENTED_EDGE('',*,*,#12550,.T.) ;
#12560=ORIENTED_EDGE('',*,*,#12555,.F.) ;
#12582=ORIENTED_EDGE('',*,*,#12198,.T.) ;
#12583=ORIENTED_EDGE('',*,*,#12555,.T.) ;
#12584=ORIENTED_EDGE('',*,*,#12575,.T.) ;
#12585=ORIENTED_EDGE('',*,*,#12580,.T.) ;
#12607=ORIENTED_EDGE('',*,*,#12205,.T.) ;
#12608=ORIENTED_EDGE('',*,*,#12580,.F.) ;
#12609=ORIENTED_EDGE('',*,*,#12600,.T.) ;
#12610=ORIENTED_EDGE('',*,*,#12605,.F.) ;
#12632=ORIENTED_EDGE('',*,*,#12224,.T.) ;
#12633=ORIENTED_EDGE('',*,*,#12605,.T.) ;
#12634=ORIENTED_EDGE('',*,*,#12625,.T.) ;
#12635=ORIENTED_EDGE('',*,*,#12630,.F.) ;
#12657=ORIENTED_EDGE('',*,*,#12231,.T.) ;
#12658=ORIENTED_EDGE('',*,*,#12630,.T.) ;
#12659=ORIENTED_EDGE('',*,*,#12650,.T.) ;
#12660=ORIENTED_EDGE('',*,*,#12655,.F.) ;
#12682=ORIENTED_EDGE('',*,*,#12250,.T.) ;
#12683=ORIENTED_EDGE('',*,*,#12655,.T.) ;
#12684=ORIENTED_EDGE('',*,*,#12675,.T.) ;
#12685=ORIENTED_EDGE('',*,*,#12680,.F.) ;
#12707=ORIENTED_EDGE('',*,*,#12257,.T.) ;
#12708=ORIENTED_EDGE('',*,*,#12680,.T.) ;
#12709=ORIENTED_EDGE('',*,*,#12700,.T.) ;
#12710=ORIENTED_EDGE('',*,*,#12705,.F.) ;
#12725=ORIENTED_EDGE('',*,*,#12274,.T.) ;
#12726=ORIENTED_EDGE('',*,*,#12705,.T.) ;
#12727=ORIENTED_EDGE('',*,*,#12723,.T.) ;
#12728=ORIENTED_EDGE('',*,*,#12543,.F.) ;
#12757=ORIENTED_EDGE('',*,*,#12338,.F.) ;
#12758=ORIENTED_EDGE('',*,*,#12743,.T.) ;
#12759=ORIENTED_EDGE('',*,*,#12750,.F.) ;
#12760=ORIENTED_EDGE('',*,*,#12755,.T.) ;
#12775=ORIENTED_EDGE('',*,*,#12361,.F.) ;
#12776=ORIENTED_EDGE('',*,*,#12755,.F.) ;
#12777=ORIENTED_EDGE('',*,*,#12773,.F.) ;
#12778=ORIENTED_EDGE('',*,*,#12743,.F.) ;
#12807=ORIENTED_EDGE('',*,*,#12392,.F.) ;
#12808=ORIENTED_EDGE('',*,*,#12793,.T.) ;
#12809=ORIENTED_EDGE('',*,*,#12800,.F.) ;
#12810=ORIENTED_EDGE('',*,*,#12805,.T.) ;
#12825=ORIENTED_EDGE('',*,*,#12415,.F.) ;
#12826=ORIENTED_EDGE('',*,*,#12805,.F.) ;
#12827=ORIENTED_EDGE('',*,*,#12823,.F.) ;
#12828=ORIENTED_EDGE('',*,*,#12793,.F.) ;
#12857=ORIENTED_EDGE('',*,*,#12446,.F.) ;
#12858=ORIENTED_EDGE('',*,*,#12843,.T.) ;
#12859=ORIENTED_EDGE('',*,*,#12850,.F.) ;
#12860=ORIENTED_EDGE('',*,*,#12855,.T.) ;
#12875=ORIENTED_EDGE('',*,*,#12469,.F.) ;
#12876=ORIENTED_EDGE('',*,*,#12855,.F.) ;
#12877=ORIENTED_EDGE('',*,*,#12873,.F.) ;
#12878=ORIENTED_EDGE('',*,*,#12843,.F.) ;
#12899=ORIENTED_EDGE('',*,*,#12897,.F.) ;
#12900=ORIENTED_EDGE('',*,*,#12523,.T.) ;
#12901=ORIENTED_EDGE('',*,*,#12485,.T.) ;
#12902=ORIENTED_EDGE('',*,*,#12518,.T.) ;
#12912=ORIENTED_EDGE('',*,*,#12600,.F.) ;
#12913=ORIENTED_EDGE('',*,*,#12575,.F.) ;
#12914=ORIENTED_EDGE('',*,*,#12550,.F.) ;
#12915=ORIENTED_EDGE('',*,*,#12723,.F.) ;
#12916=ORIENTED_EDGE('',*,*,#12700,.F.) ;
#12917=ORIENTED_EDGE('',*,*,#12675,.F.) ;
#12918=ORIENTED_EDGE('',*,*,#12650,.F.) ;
#12919=ORIENTED_EDGE('',*,*,#12625,.F.) ;
#12922=ORIENTED_EDGE('',*,*,#12897,.T.) ;
#12923=ORIENTED_EDGE('',*,*,#12513,.T.) ;
#12940=ORIENTED_EDGE('',*,*,#12933,.T.) ;
#12941=ORIENTED_EDGE('',*,*,#12938,.T.) ;
#12958=ORIENTED_EDGE('',*,*,#12951,.T.) ;
#12959=ORIENTED_EDGE('',*,*,#12956,.T.) ;
#12976=ORIENTED_EDGE('',*,*,#12969,.T.) ;
#12977=ORIENTED_EDGE('',*,*,#12974,.T.) ;
#12997=ORIENTED_EDGE('',*,*,#12933,.F.) ;
#12998=ORIENTED_EDGE('',*,*,#12990,.T.) ;
#12999=ORIENTED_EDGE('',*,*,#12750,.T.) ;
#13000=ORIENTED_EDGE('',*,*,#12995,.T.) ;
#13010=ORIENTED_EDGE('',*,*,#12938,.F.) ;
#13011=ORIENTED_EDGE('',*,*,#12995,.F.) ;
#13012=ORIENTED_EDGE('',*,*,#12773,.T.) ;
#13013=ORIENTED_EDGE('',*,*,#12990,.F.) ;
#13033=ORIENTED_EDGE('',*,*,#12951,.F.) ;
#13034=ORIENTED_EDGE('',*,*,#13026,.T.) ;
#13035=ORIENTED_EDGE('',*,*,#12800,.T.) ;
#13036=ORIENTED_EDGE('',*,*,#13031,.T.) ;
#13046=ORIENTED_EDGE('',*,*,#12956,.F.) ;
#13047=ORIENTED_EDGE('',*,*,#13031,.F.) ;
#13048=ORIENTED_EDGE('',*,*,#12823,.T.) ;
#13049=ORIENTED_EDGE('',*,*,#13026,.F.) ;
#13069=ORIENTED_EDGE('',*,*,#12969,.F.) ;
#13070=ORIENTED_EDGE('',*,*,#13062,.T.) ;
#13071=ORIENTED_EDGE('',*,*,#12850,.T.) ;
#13072=ORIENTED_EDGE('',*,*,#13067,.T.) ;
#13082=ORIENTED_EDGE('',*,*,#12974,.F.) ;
#13083=ORIENTED_EDGE('',*,*,#13067,.F.) ;
#13084=ORIENTED_EDGE('',*,*,#12873,.T.) ;
#13085=ORIENTED_EDGE('',*,*,#13062,.F.) ;
#13155=ORIENTED_EDGE('',*,*,#13128,.F.) ;
#13156=ORIENTED_EDGE('',*,*,#13141,.F.) ;
#13157=ORIENTED_EDGE('',*,*,#13148,.F.) ;
#13158=ORIENTED_EDGE('',*,*,#13153,.T.) ;
#13306=ORIENTED_EDGE('',*,*,#13182,.T.) ;
#13307=ORIENTED_EDGE('',*,*,#13195,.T.) ;
#13308=ORIENTED_EDGE('',*,*,#13208,.T.) ;
#13309=ORIENTED_EDGE('',*,*,#13215,.T.) ;
#13310=ORIENTED_EDGE('',*,*,#13222,.T.) ;
#13311=ORIENTED_EDGE('',*,*,#13236,.T.) ;
#13312=ORIENTED_EDGE('',*,*,#13128,.T.) ;
#13313=ORIENTED_EDGE('',*,*,#13243,.T.) ;
#13314=ORIENTED_EDGE('',*,*,#13256,.T.) ;
#13315=ORIENTED_EDGE('',*,*,#13269,.T.) ;
#13316=ORIENTED_EDGE('',*,*,#13276,.T.) ;
#13317=ORIENTED_EDGE('',*,*,#13283,.T.) ;
#13318=ORIENTED_EDGE('',*,*,#13299,.T.) ;
#13319=ORIENTED_EDGE('',*,*,#13304,.T.) ;
#13352=ORIENTED_EDGE('',*,*,#13236,.F.) ;
#13353=ORIENTED_EDGE('',*,*,#13336,.F.) ;
#13354=ORIENTED_EDGE('',*,*,#13345,.F.) ;
#13355=ORIENTED_EDGE('',*,*,#13350,.F.) ;
#13356=ORIENTED_EDGE('',*,*,#13141,.T.) ;
#13380=ORIENTED_EDGE('',*,*,#13373,.T.) ;
#13381=ORIENTED_EDGE('',*,*,#13378,.T.) ;
#13484=ORIENTED_EDGE('',*,*,#13391,.T.) ;
#13485=ORIENTED_EDGE('',*,*,#13398,.T.) ;
#13486=ORIENTED_EDGE('',*,*,#13411,.T.) ;
#13487=ORIENTED_EDGE('',*,*,#13418,.T.) ;
#13488=ORIENTED_EDGE('',*,*,#13425,.T.) ;
#13489=ORIENTED_EDGE('',*,*,#13435,.T.) ;
#13490=ORIENTED_EDGE('',*,*,#13445,.T.) ;
#13491=ORIENTED_EDGE('',*,*,#13450,.T.) ;
#13492=ORIENTED_EDGE('',*,*,#13148,.T.) ;
#13493=ORIENTED_EDGE('',*,*,#13350,.T.) ;
#13494=ORIENTED_EDGE('',*,*,#13457,.T.) ;
#13495=ORIENTED_EDGE('',*,*,#13464,.T.) ;
#13496=ORIENTED_EDGE('',*,*,#13474,.T.) ;
#13497=ORIENTED_EDGE('',*,*,#13482,.T.) ;
#13525=ORIENTED_EDGE('',*,*,#13243,.F.) ;
#13526=ORIENTED_EDGE('',*,*,#13153,.F.) ;
#13527=ORIENTED_EDGE('',*,*,#13450,.F.) ;
#13528=ORIENTED_EDGE('',*,*,#13515,.T.) ;
#13529=ORIENTED_EDGE('',*,*,#13523,.T.) ;
#13562=ORIENTED_EDGE('',*,*,#13182,.F.) ;
#13563=ORIENTED_EDGE('',*,*,#13542,.F.) ;
#13564=ORIENTED_EDGE('',*,*,#13391,.F.) ;
#13565=ORIENTED_EDGE('',*,*,#13552,.T.) ;
#13566=ORIENTED_EDGE('',*,*,#13560,.T.) ;
#13581=ORIENTED_EDGE('',*,*,#13195,.F.) ;
#13582=ORIENTED_EDGE('',*,*,#13560,.F.) ;
#13583=ORIENTED_EDGE('',*,*,#13552,.F.) ;
#13584=ORIENTED_EDGE('',*,*,#13482,.F.) ;
#13585=ORIENTED_EDGE('',*,*,#13579,.F.) ;
#13606=ORIENTED_EDGE('',*,*,#13474,.F.) ;
#13607=ORIENTED_EDGE('',*,*,#13604,.T.) ;
#13608=ORIENTED_EDGE('',*,*,#13208,.F.) ;
#13609=ORIENTED_EDGE('',*,*,#13579,.T.) ;
#13624=ORIENTED_EDGE('',*,*,#13215,.F.) ;
#13625=ORIENTED_EDGE('',*,*,#13604,.F.) ;
#13626=ORIENTED_EDGE('',*,*,#13464,.F.) ;
#13627=ORIENTED_EDGE('',*,*,#13622,.T.) ;
#13637=ORIENTED_EDGE('',*,*,#13222,.F.) ;
#13638=ORIENTED_EDGE('',*,*,#13622,.F.) ;
#13639=ORIENTED_EDGE('',*,*,#13457,.F.) ;
#13640=ORIENTED_EDGE('',*,*,#13345,.T.) ;
#13641=ORIENTED_EDGE('',*,*,#13336,.T.) ;
#13656=ORIENTED_EDGE('',*,*,#13256,.F.) ;
#13657=ORIENTED_EDGE('',*,*,#13523,.F.) ;
#13658=ORIENTED_EDGE('',*,*,#13515,.F.) ;
#13659=ORIENTED_EDGE('',*,*,#13445,.F.) ;
#13660=ORIENTED_EDGE('',*,*,#13654,.T.) ;
#13681=ORIENTED_EDGE('',*,*,#13435,.F.) ;
#13682=ORIENTED_EDGE('',*,*,#13679,.T.) ;
#13683=ORIENTED_EDGE('',*,*,#13269,.F.) ;
#13684=ORIENTED_EDGE('',*,*,#13654,.F.) ;
#13699=ORIENTED_EDGE('',*,*,#13276,.F.) ;
#13700=ORIENTED_EDGE('',*,*,#13679,.F.) ;
#13701=ORIENTED_EDGE('',*,*,#13425,.F.) ;
#13702=ORIENTED_EDGE('',*,*,#13697,.T.) ;
#13730=ORIENTED_EDGE('',*,*,#13283,.F.) ;
#13731=ORIENTED_EDGE('',*,*,#13697,.F.) ;
#13732=ORIENTED_EDGE('',*,*,#13418,.F.) ;
#13733=ORIENTED_EDGE('',*,*,#13720,.T.) ;
#13734=ORIENTED_EDGE('',*,*,#13728,.T.) ;
#13755=ORIENTED_EDGE('',*,*,#13299,.F.) ;
#13756=ORIENTED_EDGE('',*,*,#13728,.F.) ;
#13757=ORIENTED_EDGE('',*,*,#13720,.F.) ;
#13758=ORIENTED_EDGE('',*,*,#13411,.F.) ;
#13759=ORIENTED_EDGE('',*,*,#13753,.T.) ;
#13769=ORIENTED_EDGE('',*,*,#13304,.F.) ;
#13770=ORIENTED_EDGE('',*,*,#13753,.F.) ;
#13771=ORIENTED_EDGE('',*,*,#13398,.F.) ;
#13772=ORIENTED_EDGE('',*,*,#13542,.T.) ;
#13801=ORIENTED_EDGE('',*,*,#13787,.F.) ;
#13802=ORIENTED_EDGE('',*,*,#13373,.F.) ;
#13803=ORIENTED_EDGE('',*,*,#13794,.F.) ;
#13804=ORIENTED_EDGE('',*,*,#13799,.T.) ;
#13819=ORIENTED_EDGE('',*,*,#13794,.T.) ;
#13820=ORIENTED_EDGE('',*,*,#13378,.F.) ;
#13821=ORIENTED_EDGE('',*,*,#13787,.T.) ;
#13822=ORIENTED_EDGE('',*,*,#13817,.T.) ;
#13857=ORIENTED_EDGE('',*,*,#13837,.F.) ;
#13858=ORIENTED_EDGE('',*,*,#13850,.F.) ;
#13859=ORIENTED_EDGE('',*,*,#13855,.F.) ;
#13860=ORIENTED_EDGE('',*,*,#13799,.F.) ;
#13881=ORIENTED_EDGE('',*,*,#13855,.T.) ;
#13882=ORIENTED_EDGE('',*,*,#13879,.F.) ;
#13883=ORIENTED_EDGE('',*,*,#13837,.T.) ;
#13884=ORIENTED_EDGE('',*,*,#13817,.F.) ;
#13913=ORIENTED_EDGE('',*,*,#13899,.T.) ;
#13914=ORIENTED_EDGE('',*,*,#13850,.T.) ;
#13915=ORIENTED_EDGE('',*,*,#13906,.T.) ;
#13916=ORIENTED_EDGE('',*,*,#13911,.T.) ;
#13931=ORIENTED_EDGE('',*,*,#13906,.F.) ;
#13932=ORIENTED_EDGE('',*,*,#13879,.T.) ;
#13933=ORIENTED_EDGE('',*,*,#13899,.F.) ;
#13934=ORIENTED_EDGE('',*,*,#13929,.T.) ;
#13944=ORIENTED_EDGE('',*,*,#13911,.F.) ;
#13945=ORIENTED_EDGE('',*,*,#13929,.F.) ;
#8813=FACE_BOUND('',#8810,.T.) ;
#8867=FACE_BOUND('',#8864,.T.) ;
#8921=FACE_BOUND('',#8918,.T.) ;
#8975=FACE_BOUND('',#8972,.T.) ;
#9096=FACE_BOUND('',#9079,.T.) ;
#9248=FACE_BOUND('',#9245,.T.) ;
#9302=FACE_BOUND('',#9299,.T.) ;
#9356=FACE_BOUND('',#9353,.T.) ;
#9410=FACE_BOUND('',#9407,.T.) ;
#9560=FACE_BOUND('',#9543,.T.) ;
#10485=FACE_BOUND('',#10476,.T.) ;
#10616=FACE_BOUND('',#10607,.T.) ;
#12311=FACE_BOUND('',#12308,.T.) ;
#12365=FACE_BOUND('',#12362,.T.) ;
#12419=FACE_BOUND('',#12416,.T.) ;
#12473=FACE_BOUND('',#12470,.T.) ;
#12924=FACE_BOUND('',#12921,.T.) ;
#12942=FACE_BOUND('',#12939,.T.) ;
#12960=FACE_BOUND('',#12957,.T.) ;
#12978=FACE_BOUND('',#12975,.T.) ;
#13498=FACE_BOUND('',#13483,.T.) ;
#47=CLOSED_SHELL('Closed Shell',(#87,#2482,#2507,#4597,#4615,#4638,#4656,#4674,#4692,#4710,#4723,#4741,#4759,#4777,#4795,#4813,#4831,#4849,#4867,#4885,#4903,#4921,#4939,#4957,#4975,#4993,#5011,#5029,#5047,#5065,#5083,#5101,#5119,#5137,#5155,#5173,#5191,#5209,#5227,#5245,#5263,#5281,#5299,#5317,#5335,#5353,#5371,#5389,#5407,#5425,#5443,#5461,#5479,#5497,#5515,#5533,#5551,#5569,#5587,#5605,#5623,#5641,#5659,#5677,#5695,#5713,#5731,#5749,#5767,#5785,#5803,#5821,#5839,#5857,#5875,#5893,#5911,#5929,#5947,#5965,#5983,#6001,#6019,#6037,#6055,#6073,#6091,#6109,#6127,#6145,#6163,#6181,#6199,#6217,#6235,#6253,#6271,#6289,#6307,#6325,#6343,#6361,#6379,#6397,#6415,#6433,#6451,#6469,#6487,#6505,#6523,#6541,#6559,#6577,#6595,#6613,#6631,#6649,#6667,#6685,#6703,#6721,#6739,#6757,#6775,#6793,#6811,#6829,#6847,#6865,#6883,#6901,#6919,#6937,#6955,#6973,#6991,#7009,#7027,#7045,#7063,#7081,#7099,#7117,#7135,#7153,#7171,#7189,#7207,#7225,#7243,#7261,#7279,#7297,#7315,#7333,#7351,#7369,#7387,#7405,#7423,#7441,#7459,#7477,#7495,#7513,#7531,#7549,#7567,#7585,#7603,#7621,#7639,#7657,#7675,#7693,#7711,#7729,#7747,#7765,#7783,#7801,#7819,#7837,#7855,#7873,#7891,#7909,#7927,#7945,#7963,#7981,#7999,#8017,#8035,#8053,#8071,#8089,#8107,#8125,#8143,#8161,#8179,#8197,#8215,#8233,#8251,#8269,#8287,#8305,#8323,#8341,#8359,#8377,#8395,#8413,#8431,#8449,#8467,#8485,#8503,#8521,#8539,#8552)) ;
#8592=CLOSED_SHELL('Closed Shell',(#8632,#9097,#9122,#9561,#9579,#9611,#9639,#9664,#9689,#9714,#9739,#9764,#9782,#9805,#9818,#9841,#9854,#9877,#9890,#9913,#9926,#9944,#9962,#9980,#9998,#10016,#10034,#10052,#10070,#10088,#10106,#10124,#10142,#10155,#10187,#10212,#10237,#10262,#10287,#10312,#10337,#10355,#10486,#10617,#10665,#10690,#10731,#10756,#10797,#10822,#10863,#10881,#10929,#10954,#10995,#11020,#11061,#11087,#11128,#11146,#11164,#11182,#11219,#11237,#11274,#11311,#11329,#11366,#11384,#11421,#11439,#11457,#11494,#11512,#11549,#11586,#11604,#11622,#11666,#11684,#11728,#11758,#11776,#11806,#11824,#11835,#11853,#11871,#11888,#11906,#11923,#11934,#11952,#11970,#11983,#12002,#12020,#12032,#12050,#12068,#12079,#12090)) ;
#12117=CLOSED_SHELL('Closed Shell',(#12157,#12474,#12492,#12530,#12562,#12587,#12612,#12637,#12662,#12687,#12712,#12730,#12762,#12780,#12812,#12830,#12862,#12880,#12904,#12979,#13002,#13015,#13038,#13051,#13074,#13087)) ;
#13114=CLOSED_SHELL('Closed Shell',(#13160,#13321,#13358,#13499,#13531,#13568,#13587,#13611,#13629,#13643,#13662,#13686,#13704,#13736,#13761,#13774,#13806,#13824,#13862,#13886,#13918,#13936,#13947)) ;
#8554=ADVANCED_BREP_SHAPE_REPRESENTATION('NONE',(#38),#31) ;
#12092=ADVANCED_BREP_SHAPE_REPRESENTATION('NONE',(#8590),#8583) ;
#13089=ADVANCED_BREP_SHAPE_REPRESENTATION('NONE',(#12115),#12108) ;
#13949=ADVANCED_BREP_SHAPE_REPRESENTATION('NONE',(#13112),#13105) ;
#87=ADVANCED_FACE('Solid1',(#86),#52,.F.) ;
#2482=ADVANCED_FACE('Solid1',(#2481),#100,.F.) ;
#2507=ADVANCED_FACE('Solid1',(#2506),#2488,.F.) ;
#4597=ADVANCED_FACE('Solid1',(#4596),#2513,.T.) ;
#4615=ADVANCED_FACE('Solid1',(#4614),#4603,.F.) ;
#4638=ADVANCED_FACE('Solid1',(#4637),#4621,.T.) ;
#4656=ADVANCED_FACE('Solid1',(#4655),#4644,.T.) ;
#4674=ADVANCED_FACE('Solid1',(#4673),#4662,.F.) ;
#4692=ADVANCED_FACE('Solid1',(#4691),#4680,.F.) ;
#4710=ADVANCED_FACE('Solid1',(#4709),#4698,.F.) ;
#4723=ADVANCED_FACE('Solid1',(#4722),#4716,.T.) ;
#4741=ADVANCED_FACE('Solid1',(#4740),#4729,.T.) ;
#4759=ADVANCED_FACE('Solid1',(#4758),#4747,.F.) ;
#4777=ADVANCED_FACE('Solid1',(#4776),#4765,.F.) ;
#4795=ADVANCED_FACE('Solid1',(#4794),#4783,.F.) ;
#4813=ADVANCED_FACE('Solid1',(#4812),#4801,.T.) ;
#4831=ADVANCED_FACE('Solid1',(#4830),#4819,.F.) ;
#4849=ADVANCED_FACE('Solid1',(#4848),#4837,.T.) ;
#4867=ADVANCED_FACE('Solid1',(#4866),#4855,.F.) ;
#4885=ADVANCED_FACE('Solid1',(#4884),#4873,.F.) ;
#4903=ADVANCED_FACE('Solid1',(#4902),#4891,.F.) ;
#4921=ADVANCED_FACE('Solid1',(#4920),#4909,.F.) ;
#4939=ADVANCED_FACE('Solid1',(#4938),#4927,.F.) ;
#4957=ADVANCED_FACE('Solid1',(#4956),#4945,.F.) ;
#4975=ADVANCED_FACE('Solid1',(#4974),#4963,.F.) ;
#4993=ADVANCED_FACE('Solid1',(#4992),#4981,.F.) ;
#5011=ADVANCED_FACE('Solid1',(#5010),#4999,.F.) ;
#5029=ADVANCED_FACE('Solid1',(#5028),#5017,.F.) ;
#5047=ADVANCED_FACE('Solid1',(#5046),#5035,.F.) ;
#5065=ADVANCED_FACE('Solid1',(#5064),#5053,.F.) ;
#5083=ADVANCED_FACE('Solid1',(#5082),#5071,.F.) ;
#5101=ADVANCED_FACE('Solid1',(#5100),#5089,.F.) ;
#5119=ADVANCED_FACE('Solid1',(#5118),#5107,.F.) ;
#5137=ADVANCED_FACE('Solid1',(#5136),#5125,.F.) ;
#5155=ADVANCED_FACE('Solid1',(#5154),#5143,.F.) ;
#5173=ADVANCED_FACE('Solid1',(#5172),#5161,.F.) ;
#5191=ADVANCED_FACE('Solid1',(#5190),#5179,.F.) ;
#5209=ADVANCED_FACE('Solid1',(#5208),#5197,.F.) ;
#5227=ADVANCED_FACE('Solid1',(#5226),#5215,.F.) ;
#5245=ADVANCED_FACE('Solid1',(#5244),#5233,.F.) ;
#5263=ADVANCED_FACE('Solid1',(#5262),#5251,.F.) ;
#5281=ADVANCED_FACE('Solid1',(#5280),#5269,.F.) ;
#5299=ADVANCED_FACE('Solid1',(#5298),#5287,.F.) ;
#5317=ADVANCED_FACE('Solid1',(#5316),#5305,.F.) ;
#5335=ADVANCED_FACE('Solid1',(#5334),#5323,.F.) ;
#5353=ADVANCED_FACE('Solid1',(#5352),#5341,.F.) ;
#5371=ADVANCED_FACE('Solid1',(#5370),#5359,.F.) ;
#5389=ADVANCED_FACE('Solid1',(#5388),#5377,.F.) ;
#5407=ADVANCED_FACE('Solid1',(#5406),#5395,.F.) ;
#5425=ADVANCED_FACE('Solid1',(#5424),#5413,.F.) ;
#5443=ADVANCED_FACE('Solid1',(#5442),#5431,.F.) ;
#5461=ADVANCED_FACE('Solid1',(#5460),#5449,.F.) ;
#5479=ADVANCED_FACE('Solid1',(#5478),#5467,.F.) ;
#5497=ADVANCED_FACE('Solid1',(#5496),#5485,.F.) ;
#5515=ADVANCED_FACE('Solid1',(#5514),#5503,.F.) ;
#5533=ADVANCED_FACE('Solid1',(#5532),#5521,.F.) ;
#5551=ADVANCED_FACE('Solid1',(#5550),#5539,.F.) ;
#5569=ADVANCED_FACE('Solid1',(#5568),#5557,.F.) ;
#5587=ADVANCED_FACE('Solid1',(#5586),#5575,.F.) ;
#5605=ADVANCED_FACE('Solid1',(#5604),#5593,.F.) ;
#5623=ADVANCED_FACE('Solid1',(#5622),#5611,.F.) ;
#5641=ADVANCED_FACE('Solid1',(#5640),#5629,.F.) ;
#5659=ADVANCED_FACE('Solid1',(#5658),#5647,.F.) ;
#5677=ADVANCED_FACE('Solid1',(#5676),#5665,.T.) ;
#5695=ADVANCED_FACE('Solid1',(#5694),#5683,.F.) ;
#5713=ADVANCED_FACE('Solid1',(#5712),#5701,.F.) ;
#5731=ADVANCED_FACE('Solid1',(#5730),#5719,.T.) ;
#5749=ADVANCED_FACE('Solid1',(#5748),#5737,.F.) ;
#5767=ADVANCED_FACE('Solid1',(#5766),#5755,.T.) ;
#5785=ADVANCED_FACE('Solid1',(#5784),#5773,.F.) ;
#5803=ADVANCED_FACE('Solid1',(#5802),#5791,.T.) ;
#5821=ADVANCED_FACE('Solid1',(#5820),#5809,.F.) ;
#5839=ADVANCED_FACE('Solid1',(#5838),#5827,.T.) ;
#5857=ADVANCED_FACE('Solid1',(#5856),#5845,.F.) ;
#5875=ADVANCED_FACE('Solid1',(#5874),#5863,.F.) ;
#5893=ADVANCED_FACE('Solid1',(#5892),#5881,.F.) ;
#5911=ADVANCED_FACE('Solid1',(#5910),#5899,.F.) ;
#5929=ADVANCED_FACE('Solid1',(#5928),#5917,.T.) ;
#5947=ADVANCED_FACE('Solid1',(#5946),#5935,.F.) ;
#5965=ADVANCED_FACE('Solid1',(#5964),#5953,.F.) ;
#5983=ADVANCED_FACE('Solid1',(#5982),#5971,.F.) ;
#6001=ADVANCED_FACE('Solid1',(#6000),#5989,.F.) ;
#6019=ADVANCED_FACE('Solid1',(#6018),#6007,.T.) ;
#6037=ADVANCED_FACE('Solid1',(#6036),#6025,.F.) ;
#6055=ADVANCED_FACE('Solid1',(#6054),#6043,.F.) ;
#6073=ADVANCED_FACE('Solid1',(#6072),#6061,.F.) ;
#6091=ADVANCED_FACE('Solid1',(#6090),#6079,.F.) ;
#6109=ADVANCED_FACE('Solid1',(#6108),#6097,.T.) ;
#6127=ADVANCED_FACE('Solid1',(#6126),#6115,.F.) ;
#6145=ADVANCED_FACE('Solid1',(#6144),#6133,.T.) ;
#6163=ADVANCED_FACE('Solid1',(#6162),#6151,.F.) ;
#6181=ADVANCED_FACE('Solid1',(#6180),#6169,.F.) ;
#6199=ADVANCED_FACE('Solid1',(#6198),#6187,.T.) ;
#6217=ADVANCED_FACE('Solid1',(#6216),#6205,.T.) ;
#6235=ADVANCED_FACE('Solid1',(#6234),#6223,.T.) ;
#6253=ADVANCED_FACE('Solid1',(#6252),#6241,.F.) ;
#6271=ADVANCED_FACE('Solid1',(#6270),#6259,.T.) ;
#6289=ADVANCED_FACE('Solid1',(#6288),#6277,.F.) ;
#6307=ADVANCED_FACE('Solid1',(#6306),#6295,.T.) ;
#6325=ADVANCED_FACE('Solid1',(#6324),#6313,.F.) ;
#6343=ADVANCED_FACE('Solid1',(#6342),#6331,.T.) ;
#6361=ADVANCED_FACE('Solid1',(#6360),#6349,.F.) ;
#6379=ADVANCED_FACE('Solid1',(#6378),#6367,.T.) ;
#6397=ADVANCED_FACE('Solid1',(#6396),#6385,.F.) ;
#6415=ADVANCED_FACE('Solid1',(#6414),#6403,.T.) ;
#6433=ADVANCED_FACE('Solid1',(#6432),#6421,.F.) ;
#6451=ADVANCED_FACE('Solid1',(#6450),#6439,.T.) ;
#6469=ADVANCED_FACE('Solid1',(#6468),#6457,.T.) ;
#6487=ADVANCED_FACE('Solid1',(#6486),#6475,.T.) ;
#6505=ADVANCED_FACE('Solid1',(#6504),#6493,.F.) ;
#6523=ADVANCED_FACE('Solid1',(#6522),#6511,.T.) ;
#6541=ADVANCED_FACE('Solid1',(#6540),#6529,.F.) ;
#6559=ADVANCED_FACE('Solid1',(#6558),#6547,.T.) ;
#6577=ADVANCED_FACE('Solid1',(#6576),#6565,.T.) ;
#6595=ADVANCED_FACE('Solid1',(#6594),#6583,.T.) ;
#6613=ADVANCED_FACE('Solid1',(#6612),#6601,.F.) ;
#6631=ADVANCED_FACE('Solid1',(#6630),#6619,.T.) ;
#6649=ADVANCED_FACE('Solid1',(#6648),#6637,.F.) ;
#6667=ADVANCED_FACE('Solid1',(#6666),#6655,.T.) ;
#6685=ADVANCED_FACE('Solid1',(#6684),#6673,.F.) ;
#6703=ADVANCED_FACE('Solid1',(#6702),#6691,.T.) ;
#6721=ADVANCED_FACE('Solid1',(#6720),#6709,.F.) ;
#6739=ADVANCED_FACE('Solid1',(#6738),#6727,.T.) ;
#6757=ADVANCED_FACE('Solid1',(#6756),#6745,.F.) ;
#6775=ADVANCED_FACE('Solid1',(#6774),#6763,.T.) ;
#6793=ADVANCED_FACE('Solid1',(#6792),#6781,.F.) ;
#6811=ADVANCED_FACE('Solid1',(#6810),#6799,.T.) ;
#6829=ADVANCED_FACE('Solid1',(#6828),#6817,.T.) ;
#6847=ADVANCED_FACE('Solid1',(#6846),#6835,.T.) ;
#6865=ADVANCED_FACE('Solid1',(#6864),#6853,.F.) ;
#6883=ADVANCED_FACE('Solid1',(#6882),#6871,.F.) ;
#6901=ADVANCED_FACE('Solid1',(#6900),#6889,.T.) ;
#6919=ADVANCED_FACE('Solid1',(#6918),#6907,.F.) ;
#6937=ADVANCED_FACE('Solid1',(#6936),#6925,.T.) ;
#6955=ADVANCED_FACE('Solid1',(#6954),#6943,.F.) ;
#6973=ADVANCED_FACE('Solid1',(#6972),#6961,.F.) ;
#6991=ADVANCED_FACE('Solid1',(#6990),#6979,.F.) ;
#7009=ADVANCED_FACE('Solid1',(#7008),#6997,.F.) ;
#7027=ADVANCED_FACE('Solid1',(#7026),#7015,.T.) ;
#7045=ADVANCED_FACE('Solid1',(#7044),#7033,.F.) ;
#7063=ADVANCED_FACE('Solid1',(#7062),#7051,.F.) ;
#7081=ADVANCED_FACE('Solid1',(#7080),#7069,.F.) ;
#7099=ADVANCED_FACE('Solid1',(#7098),#7087,.F.) ;
#7117=ADVANCED_FACE('Solid1',(#7116),#7105,.T.) ;
#7135=ADVANCED_FACE('Solid1',(#7134),#7123,.F.) ;
#7153=ADVANCED_FACE('Solid1',(#7152),#7141,.F.) ;
#7171=ADVANCED_FACE('Solid1',(#7170),#7159,.F.) ;
#7189=ADVANCED_FACE('Solid1',(#7188),#7177,.F.) ;
#7207=ADVANCED_FACE('Solid1',(#7206),#7195,.T.) ;
#7225=ADVANCED_FACE('Solid1',(#7224),#7213,.F.) ;
#7243=ADVANCED_FACE('Solid1',(#7242),#7231,.T.) ;
#7261=ADVANCED_FACE('Solid1',(#7260),#7249,.F.) ;
#7279=ADVANCED_FACE('Solid1',(#7278),#7267,.T.) ;
#7297=ADVANCED_FACE('Solid1',(#7296),#7285,.F.) ;
#7315=ADVANCED_FACE('Solid1',(#7314),#7303,.T.) ;
#7333=ADVANCED_FACE('Solid1',(#7332),#7321,.F.) ;
#7351=ADVANCED_FACE('Solid1',(#7350),#7339,.F.) ;
#7369=ADVANCED_FACE('Solid1',(#7368),#7357,.T.) ;
#7387=ADVANCED_FACE('Solid1',(#7386),#7375,.F.) ;
#7405=ADVANCED_FACE('Solid1',(#7404),#7393,.F.) ;
#7423=ADVANCED_FACE('Solid1',(#7422),#7411,.F.) ;
#7441=ADVANCED_FACE('Solid1',(#7440),#7429,.F.) ;
#7459=ADVANCED_FACE('Solid1',(#7458),#7447,.F.) ;
#7477=ADVANCED_FACE('Solid1',(#7476),#7465,.F.) ;
#7495=ADVANCED_FACE('Solid1',(#7494),#7483,.F.) ;
#7513=ADVANCED_FACE('Solid1',(#7512),#7501,.F.) ;
#7531=ADVANCED_FACE('Solid1',(#7530),#7519,.F.) ;
#7549=ADVANCED_FACE('Solid1',(#7548),#7537,.F.) ;
#7567=ADVANCED_FACE('Solid1',(#7566),#7555,.F.) ;
#7585=ADVANCED_FACE('Solid1',(#7584),#7573,.F.) ;
#7603=ADVANCED_FACE('Solid1',(#7602),#7591,.F.) ;
#7621=ADVANCED_FACE('Solid1',(#7620),#7609,.F.) ;
#7639=ADVANCED_FACE('Solid1',(#7638),#7627,.F.) ;
#7657=ADVANCED_FACE('Solid1',(#7656),#7645,.F.) ;
#7675=ADVANCED_FACE('Solid1',(#7674),#7663,.F.) ;
#7693=ADVANCED_FACE('Solid1',(#7692),#7681,.F.) ;
#7711=ADVANCED_FACE('Solid1',(#7710),#7699,.F.) ;
#7729=ADVANCED_FACE('Solid1',(#7728),#7717,.F.) ;
#7747=ADVANCED_FACE('Solid1',(#7746),#7735,.F.) ;
#7765=ADVANCED_FACE('Solid1',(#7764),#7753,.F.) ;
#7783=ADVANCED_FACE('Solid1',(#7782),#7771,.F.) ;
#7801=ADVANCED_FACE('Solid1',(#7800),#7789,.F.) ;
#7819=ADVANCED_FACE('Solid1',(#7818),#7807,.F.) ;
#7837=ADVANCED_FACE('Solid1',(#7836),#7825,.F.) ;
#7855=ADVANCED_FACE('Solid1',(#7854),#7843,.F.) ;
#7873=ADVANCED_FACE('Solid1',(#7872),#7861,.F.) ;
#7891=ADVANCED_FACE('Solid1',(#7890),#7879,.F.) ;
#7909=ADVANCED_FACE('Solid1',(#7908),#7897,.F.) ;
#7927=ADVANCED_FACE('Solid1',(#7926),#7915,.F.) ;
#7945=ADVANCED_FACE('Solid1',(#7944),#7933,.F.) ;
#7963=ADVANCED_FACE('Solid1',(#7962),#7951,.F.) ;
#7981=ADVANCED_FACE('Solid1',(#7980),#7969,.F.) ;
#7999=ADVANCED_FACE('Solid1',(#7998),#7987,.F.) ;
#8017=ADVANCED_FACE('Solid1',(#8016),#8005,.F.) ;
#8035=ADVANCED_FACE('Solid1',(#8034),#8023,.F.) ;
#8053=ADVANCED_FACE('Solid1',(#8052),#8041,.F.) ;
#8071=ADVANCED_FACE('Solid1',(#8070),#8059,.F.) ;
#8089=ADVANCED_FACE('Solid1',(#8088),#8077,.F.) ;
#8107=ADVANCED_FACE('Solid1',(#8106),#8095,.F.) ;
#8125=ADVANCED_FACE('Solid1',(#8124),#8113,.F.) ;
#8143=ADVANCED_FACE('Solid1',(#8142),#8131,.F.) ;
#8161=ADVANCED_FACE('Solid1',(#8160),#8149,.F.) ;
#8179=ADVANCED_FACE('Solid1',(#8178),#8167,.F.) ;
#8197=ADVANCED_FACE('Solid1',(#8196),#8185,.T.) ;
#8215=ADVANCED_FACE('Solid1',(#8214),#8203,.F.) ;
#8233=ADVANCED_FACE('Solid1',(#8232),#8221,.T.) ;
#8251=ADVANCED_FACE('Solid1',(#8250),#8239,.F.) ;
#8269=ADVANCED_FACE('Solid1',(#8268),#8257,.F.) ;
#8287=ADVANCED_FACE('Solid1',(#8286),#8275,.F.) ;
#8305=ADVANCED_FACE('Solid1',(#8304),#8293,.T.) ;
#8323=ADVANCED_FACE('Solid1',(#8322),#8311,.F.) ;
#8341=ADVANCED_FACE('Solid1',(#8340),#8329,.F.) ;
#8359=ADVANCED_FACE('Solid1',(#8358),#8347,.F.) ;
#8377=ADVANCED_FACE('Solid1',(#8376),#8365,.T.) ;
#8395=ADVANCED_FACE('Solid1',(#8394),#8383,.F.) ;
#8413=ADVANCED_FACE('Solid1',(#8412),#8401,.F.) ;
#8431=ADVANCED_FACE('Solid1',(#8430),#8419,.F.) ;
#8449=ADVANCED_FACE('Solid1',(#8448),#8437,.T.) ;
#8467=ADVANCED_FACE('Solid1',(#8466),#8455,.T.) ;
#8485=ADVANCED_FACE('Solid1',(#8484),#8473,.F.) ;
#8503=ADVANCED_FACE('Solid1',(#8502),#8491,.F.) ;
#8521=ADVANCED_FACE('Solid1',(#8520),#8509,.F.) ;
#8539=ADVANCED_FACE('Solid1',(#8538),#8527,.F.) ;
#8552=ADVANCED_FACE('Solid1',(#8551),#8545,.F.) ;
#8632=ADVANCED_FACE('Solid1',(#8631),#8597,.T.) ;
#9097=ADVANCED_FACE('Solid1',(#8759,#8813,#8867,#8921,#8975,#9096),#8645,.T.) ;
#9122=ADVANCED_FACE('Solid1',(#9121),#9103,.T.) ;
#9561=ADVANCED_FACE('Solid1',(#9194,#9248,#9302,#9356,#9410,#9560),#9128,.T.) ;
#9579=ADVANCED_FACE('Solid1',(#9578),#9567,.T.) ;
#9611=ADVANCED_FACE('Solid1',(#9610),#9585,.T.) ;
#9639=ADVANCED_FACE('Solid1',(#9638),#9617,.F.) ;
#9664=ADVANCED_FACE('Solid1',(#9663),#9645,.T.) ;
#9689=ADVANCED_FACE('Solid1',(#9688),#9670,.F.) ;
#9714=ADVANCED_FACE('Solid1',(#9713),#9695,.T.) ;
#9739=ADVANCED_FACE('Solid1',(#9738),#9720,.F.) ;
#9764=ADVANCED_FACE('Solid1',(#9763),#9745,.T.) ;
#9782=ADVANCED_FACE('Solid1',(#9781),#9770,.F.) ;
#9805=ADVANCED_FACE('Solid1',(#9804),#9788,.F.) ;
#9818=ADVANCED_FACE('Solid1',(#9817),#9811,.F.) ;
#9841=ADVANCED_FACE('Solid1',(#9840),#9824,.F.) ;
#9854=ADVANCED_FACE('Solid1',(#9853),#9847,.F.) ;
#9877=ADVANCED_FACE('Solid1',(#9876),#9860,.F.) ;
#9890=ADVANCED_FACE('Solid1',(#9889),#9883,.F.) ;
#9913=ADVANCED_FACE('Solid1',(#9912),#9896,.F.) ;
#9926=ADVANCED_FACE('Solid1',(#9925),#9919,.F.) ;
#9944=ADVANCED_FACE('Solid1',(#9943),#9932,.T.) ;
#9962=ADVANCED_FACE('Solid1',(#9961),#9950,.T.) ;
#9980=ADVANCED_FACE('Solid1',(#9979),#9968,.T.) ;
#9998=ADVANCED_FACE('Solid1',(#9997),#9986,.T.) ;
#10016=ADVANCED_FACE('Solid1',(#10015),#10004,.T.) ;
#10034=ADVANCED_FACE('Solid1',(#10033),#10022,.T.) ;
#10052=ADVANCED_FACE('Solid1',(#10051),#10040,.F.) ;
#10070=ADVANCED_FACE('Solid1',(#10069),#10058,.T.) ;
#10088=ADVANCED_FACE('Solid1',(#10087),#10076,.T.) ;
#10106=ADVANCED_FACE('Solid1',(#10105),#10094,.T.) ;
#10124=ADVANCED_FACE('Solid1',(#10123),#10112,.F.) ;
#10142=ADVANCED_FACE('Solid1',(#10141),#10130,.T.) ;
#10155=ADVANCED_FACE('Solid1',(#10154),#10148,.T.) ;
#10187=ADVANCED_FACE('Solid1',(#10186),#10161,.F.) ;
#10212=ADVANCED_FACE('Solid1',(#10211),#10193,.T.) ;
#10237=ADVANCED_FACE('Solid1',(#10236),#10218,.F.) ;
#10262=ADVANCED_FACE('Solid1',(#10261),#10243,.T.) ;
#10287=ADVANCED_FACE('Solid1',(#10286),#10268,.F.) ;
#10312=ADVANCED_FACE('Solid1',(#10311),#10293,.T.) ;
#10337=ADVANCED_FACE('Solid1',(#10336),#10318,.F.) ;
#10355=ADVANCED_FACE('Solid1',(#10354),#10343,.T.) ;
#10486=ADVANCED_FACE('Solid1',(#10475,#10485),#10361,.T.) ;
#10617=ADVANCED_FACE('Solid1',(#10606,#10616),#10492,.T.) ;
#10665=ADVANCED_FACE('Solid1',(#10664),#10623,.T.) ;
#10690=ADVANCED_FACE('Solid1',(#10689),#10671,.T.) ;
#10731=ADVANCED_FACE('Solid1',(#10730),#10696,.T.) ;
#10756=ADVANCED_FACE('Solid1',(#10755),#10737,.T.) ;
#10797=ADVANCED_FACE('Solid1',(#10796),#10762,.T.) ;
#10822=ADVANCED_FACE('Solid1',(#10821),#10803,.T.) ;
#10863=ADVANCED_FACE('Solid1',(#10862),#10828,.T.) ;
#10881=ADVANCED_FACE('Solid1',(#10880),#10869,.T.) ;
#10929=ADVANCED_FACE('Solid1',(#10928),#10887,.T.) ;
#10954=ADVANCED_FACE('Solid1',(#10953),#10935,.T.) ;
#10995=ADVANCED_FACE('Solid1',(#10994),#10960,.T.) ;
#11020=ADVANCED_FACE('Solid1',(#11019),#11001,.T.) ;
#11061=ADVANCED_FACE('Solid1',(#11060),#11026,.T.) ;
#11087=ADVANCED_FACE('Solid1',(#11086),#11067,.T.) ;
#11128=ADVANCED_FACE('Solid1',(#11127),#11093,.T.) ;
#11146=ADVANCED_FACE('Solid1',(#11145),#11134,.T.) ;
#11164=ADVANCED_FACE('Solid1',(#11163),#11152,.T.) ;
#11182=ADVANCED_FACE('Solid1',(#11181),#11170,.T.) ;
#11219=ADVANCED_FACE('Solid1',(#11218),#11184,.T.) ;
#11237=ADVANCED_FACE('Solid1',(#11236),#11225,.T.) ;
#11274=ADVANCED_FACE('Solid1',(#11273),#11239,.T.) ;
#11311=ADVANCED_FACE('Solid1',(#11310),#11276,.T.) ;
#11329=ADVANCED_FACE('Solid1',(#11328),#11317,.T.) ;
#11366=ADVANCED_FACE('Solid1',(#11365),#11331,.T.) ;
#11384=ADVANCED_FACE('Solid1',(#11383),#11372,.T.) ;
#11421=ADVANCED_FACE('Solid1',(#11420),#11386,.T.) ;
#11439=ADVANCED_FACE('Solid1',(#11438),#11427,.T.) ;
#11457=ADVANCED_FACE('Solid1',(#11456),#11445,.T.) ;
#11494=ADVANCED_FACE('Solid1',(#11493),#11459,.T.) ;
#11512=ADVANCED_FACE('Solid1',(#11511),#11500,.T.) ;
#11549=ADVANCED_FACE('Solid1',(#11548),#11514,.T.) ;
#11586=ADVANCED_FACE('Solid1',(#11585),#11551,.T.) ;
#11604=ADVANCED_FACE('Solid1',(#11603),#11592,.T.) ;
#11622=ADVANCED_FACE('Solid1',(#11621),#11610,.T.) ;
#11666=ADVANCED_FACE('Solid1',(#11665),#11628,.T.) ;
#11684=ADVANCED_FACE('Solid1',(#11683),#11672,.T.) ;
#11728=ADVANCED_FACE('Solid1',(#11727),#11690,.T.) ;
#11758=ADVANCED_FACE('Solid1',(#11757),#11734,.T.) ;
#11776=ADVANCED_FACE('Solid1',(#11775),#11764,.T.) ;
#11806=ADVANCED_FACE('Solid1',(#11805),#11782,.T.) ;
#11824=ADVANCED_FACE('Solid1',(#11823),#11812,.T.) ;
#11835=ADVANCED_FACE('Solid1',(#11834),#11830,.T.) ;
#11853=ADVANCED_FACE('Solid1',(#11852),#11841,.T.) ;
#11871=ADVANCED_FACE('Solid1',(#11870),#11859,.T.) ;
#11888=ADVANCED_FACE('Solid1',(#11887),#11877,.T.) ;
#11906=ADVANCED_FACE('Solid1',(#11905),#11894,.T.) ;
#11923=ADVANCED_FACE('Solid1',(#11922),#11912,.T.) ;
#11934=ADVANCED_FACE('Solid1',(#11933),#11929,.T.) ;
#11952=ADVANCED_FACE('Solid1',(#11951),#11940,.T.) ;
#11970=ADVANCED_FACE('Solid1',(#11969),#11958,.T.) ;
#11983=ADVANCED_FACE('Solid1',(#11982),#11976,.T.) ;
#12002=ADVANCED_FACE('Solid1',(#12001),#11989,.T.) ;
#12020=ADVANCED_FACE('Solid1',(#12019),#12008,.T.) ;
#12032=ADVANCED_FACE('Solid1',(#12031),#12026,.T.) ;
#12050=ADVANCED_FACE('Solid1',(#12049),#12038,.T.) ;
#12068=ADVANCED_FACE('Solid1',(#12067),#12056,.T.) ;
#12079=ADVANCED_FACE('Solid1',(#12078),#12074,.T.) ;
#12090=ADVANCED_FACE('Solid1',(#12089),#12085,.T.) ;
#12157=ADVANCED_FACE('Solid1',(#12156),#12122,.F.) ;
#12474=ADVANCED_FACE('Solid1',(#12284,#12311,#12365,#12419,#12473),#12170,.T.) ;
#12492=ADVANCED_FACE('Solid1',(#12491),#12480,.F.) ;
#12530=ADVANCED_FACE('Solid1',(#12529),#12498,.F.) ;
#12562=ADVANCED_FACE('Solid1',(#12561),#12536,.T.) ;
#12587=ADVANCED_FACE('Solid1',(#12586),#12568,.T.) ;
#12612=ADVANCED_FACE('Solid1',(#12611),#12593,.T.) ;
#12637=ADVANCED_FACE('Solid1',(#12636),#12618,.T.) ;
#12662=ADVANCED_FACE('Solid1',(#12661),#12643,.T.) ;
#12687=ADVANCED_FACE('Solid1',(#12686),#12668,.T.) ;
#12712=ADVANCED_FACE('Solid1',(#12711),#12693,.T.) ;
#12730=ADVANCED_FACE('Solid1',(#12729),#12718,.T.) ;
#12762=ADVANCED_FACE('Solid1',(#12761),#12736,.F.) ;
#12780=ADVANCED_FACE('Solid1',(#12779),#12768,.F.) ;
#12812=ADVANCED_FACE('Solid1',(#12811),#12786,.F.) ;
#12830=ADVANCED_FACE('Solid1',(#12829),#12818,.F.) ;
#12862=ADVANCED_FACE('Solid1',(#12861),#12836,.F.) ;
#12880=ADVANCED_FACE('Solid1',(#12879),#12868,.F.) ;
#12904=ADVANCED_FACE('Solid1',(#12903),#12886,.F.) ;
#12979=ADVANCED_FACE('Solid1',(#12920,#12924,#12942,#12960,#12978),#12910,.F.) ;
#13002=ADVANCED_FACE('Solid1',(#13001),#12985,.F.) ;
#13015=ADVANCED_FACE('Solid1',(#13014),#13008,.F.) ;
#13038=ADVANCED_FACE('Solid1',(#13037),#13021,.F.) ;
#13051=ADVANCED_FACE('Solid1',(#13050),#13044,.F.) ;
#13074=ADVANCED_FACE('Solid1',(#13073),#13057,.F.) ;
#13087=ADVANCED_FACE('Solid1',(#13086),#13080,.F.) ;
#13160=ADVANCED_FACE('Solid1',(#13159),#13119,.F.) ;
#13321=ADVANCED_FACE('Solid1',(#13320),#13173,.F.) ;
#13358=ADVANCED_FACE('Solid1',(#13357),#13327,.F.) ;
#13499=ADVANCED_FACE('Solid1',(#13382,#13498),#13364,.T.) ;
#13531=ADVANCED_FACE('Solid1',(#13530),#13505,.F.) ;
#13568=ADVANCED_FACE('Solid1',(#13567),#13537,.F.) ;
#13587=ADVANCED_FACE('Solid1',(#13586),#13574,.F.) ;
#13611=ADVANCED_FACE('Solid1',(#13610),#13593,.F.) ;
#13629=ADVANCED_FACE('Solid1',(#13628),#13617,.F.) ;
#13643=ADVANCED_FACE('Solid1',(#13642),#13635,.F.) ;
#13662=ADVANCED_FACE('Solid1',(#13661),#13649,.F.) ;
#13686=ADVANCED_FACE('Solid1',(#13685),#13668,.F.) ;
#13704=ADVANCED_FACE('Solid1',(#13703),#13692,.F.) ;
#13736=ADVANCED_FACE('Solid1',(#13735),#13710,.F.) ;
#13761=ADVANCED_FACE('Solid1',(#13760),#13742,.F.) ;
#13774=ADVANCED_FACE('Solid1',(#13773),#13767,.F.) ;
#13806=ADVANCED_FACE('Solid1',(#13805),#13780,.T.) ;
#13824=ADVANCED_FACE('Solid1',(#13823),#13812,.T.) ;
#13862=ADVANCED_FACE('Solid1',(#13861),#13830,.T.) ;
#13886=ADVANCED_FACE('Solid1',(#13885),#13868,.T.) ;
#13918=ADVANCED_FACE('Solid1',(#13917),#13892,.T.) ;
#13936=ADVANCED_FACE('Solid1',(#13935),#13924,.T.) ;
#13947=ADVANCED_FACE('Solid1',(#13946),#13942,.T.) ;
#4=APPLICATION_PROTOCOL_DEFINITION('international standard','automotive_design',2001,#1) ;
#101=B_SPLINE_CURVE_WITH_KNOTS('',5,(#102,#103,#104,#105,#106,#107,#108,#109,#110,#111,#112,#113,#114,#115,#116,#117,#118,#119),.UNSPECIFIED.,.F.,.U.,(6,3,3,3,3,6),(0.,0.694431461879,1.38886293488,2.08329440282,2.77772584952,3.30830375704),.UNSPECIFIED.) ;
#125=B_SPLINE_CURVE_WITH_KNOTS('',5,(#126,#127,#128,#129,#130,#131,#132,#133,#134,#135,#136,#137),.UNSPECIFIED.,.F.,.U.,(6,3,3,6),(0.,0.256761475912,0.513522951867,0.642232153321),.UNSPECIFIED.) ;
#162=B_SPLINE_CURVE_WITH_KNOTS('',5,(#163,#164,#165,#166,#167,#168,#169,#170,#171,#172,#173,#174),.UNSPECIFIED.,.F.,.U.,(6,3,3,6),(0.,0.222278431052,0.444556863024,0.555908278687),.UNSPECIFIED.) ;
#190=B_SPLINE_CURVE_WITH_KNOTS('',5,(#191,#192,#193,#194,#195,#196,#197,#198,#199,#200,#201,#202),.UNSPECIFIED.,.F.,.U.,(6,3,3,6),(0.,0.222278431016,0.444556862952,0.555908278598),.UNSPECIFIED.) ;
#227=B_SPLINE_CURVE_WITH_KNOTS('',5,(#228,#229,#230,#231,#232,#233,#234,#235,#236,#237,#238,#239),.UNSPECIFIED.,.F.,.U.,(6,3,3,6),(0.,0.2297909722,0.459581944887,0.57471208755),.UNSPECIFIED.) ;
#250=B_SPLINE_CURVE_WITH_KNOTS('',5,(#251,#252,#253,#254,#255,#256,#257,#258,#259,#260,#261,#262,#263,#264,#265),.UNSPECIFIED.,.F.,.U.,(6,3,3,3,6),(0.,0.694410490602,1.38882097321,2.08323273437,2.3841050772),.UNSPECIFIED.) ;
#584=B_SPLINE_CURVE_WITH_KNOTS('',5,(#585,#586,#587,#588,#589,#590,#591,#592,#593),.UNSPECIFIED.,.F.,.U.,(6,3,6),(0.,2.47805776882,3.0974866988),.UNSPECIFIED.) ;
#611=B_SPLINE_CURVE_WITH_KNOTS('',5,(#612,#613,#614,#615,#616,#617,#618,#619,#620,#621,#622,#623),.UNSPECIFIED.,.F.,.U.,(6,3,3,6),(0.,0.221238596842,0.442477192224,0.553442014595),.UNSPECIFIED.) ;
#634=B_SPLINE_CURVE_WITH_KNOTS('',5,(#635,#636,#637,#638,#639,#640,#641,#642,#643,#644,#645,#646),.UNSPECIFIED.,.F.,.U.,(6,3,3,6),(0.,0.221238595415,0.442477191373,0.55344201365),.UNSPECIFIED.) ;
#657=B_SPLINE_CURVE_WITH_KNOTS('',5,(#658,#659,#660,#661,#662,#663,#664,#665,#666),.UNSPECIFIED.,.F.,.U.,(6,3,6),(0.,0.375900793293,0.626007297259),.UNSPECIFIED.) ;
#677=B_SPLINE_CURVE_WITH_KNOTS('',5,(#678,#679,#680,#681,#682,#683,#684,#685,#686,#687,#688,#689),.UNSPECIFIED.,.F.,.U.,(6,3,3,6),(0.,0.222278432583,0.444556863612,0.555908279883),.UNSPECIFIED.) ;
#721=B_SPLINE_CURVE_WITH_KNOTS('',5,(#722,#723,#724,#725,#726,#727,#728,#729,#730,#731,#732,#733),.UNSPECIFIED.,.F.,.U.,(6,3,3,6),(0.,0.222278432578,0.4445568636,0.555908279868),.UNSPECIFIED.) ;
#765=B_SPLINE_CURVE_WITH_KNOTS('',5,(#766,#767,#768,#769,#770,#771,#772,#773,#774,#775,#776,#777),.UNSPECIFIED.,.F.,.U.,(6,3,3,6),(0.,0.222278432595,0.444556863635,0.555908279912),.UNSPECIFIED.) ;
#809=B_SPLINE_CURVE_WITH_KNOTS('',5,(#810,#811,#812,#813,#814,#815,#816,#817,#818),.UNSPECIFIED.,.F.,.U.,(6,3,6),(0.,0.495052427045,0.618795899496),.UNSPECIFIED.) ;
#829=B_SPLINE_CURVE_WITH_KNOTS('',5,(#830,#831,#832,#833,#834,#835,#836,#837,#838,#839,#840,#841,#842,#843,#844),.UNSPECIFIED.,.F.,.U.,(6,3,3,3,6),(0.,0.690987171096,1.38197433745,2.07296255392,2.20440411513),.UNSPECIFIED.) ;
#883=B_SPLINE_CURVE_WITH_KNOTS('',5,(#884,#885,#886,#887,#888,#889,#890,#891,#892,#893,#894,#895,#896,#897,#898,#899,#900,#901,#902,#903,#904,#905,#906,#907,#908,#909,#910),.UNSPECIFIED.,.F.,.U.,(6,3,3,3,3,3,3,3,6),(0.,0.0953339188499,0.249272799178,0.438552452732,0.627831294951,0.817109306192,1.00638649542,1.19560332486,1.33089333691),.UNSPECIFIED.) ;
#921=B_SPLINE_CURVE_WITH_KNOTS('',5,(#922,#923,#924,#925,#926,#927,#928,#929,#930,#931,#932,#933,#934,#935,#936,#937,#938,#939,#940,#941,#942,#943,#944,#945,#946,#947,#948),.UNSPECIFIED.,.F.,.U.,(6,3,3,3,3,3,3,3,6),(0.,0.0953339188065,0.249272799064,0.438552452712,0.627831295011,0.817109312185,1.00638649176,1.19560333368,1.33089333759),.UNSPECIFIED.) ;
#959=B_SPLINE_CURVE_WITH_KNOTS('',5,(#960,#961,#962,#963,#964,#965,#966,#967,#968,#969,#970,#971,#972,#973,#974,#975,#976,#977,#978,#979,#980,#981,#982,#983,#984,#985,#986),.UNSPECIFIED.,.F.,.U.,(6,3,3,3,3,3,3,3,6),(0.,0.0953339189677,0.249272799248,0.438552452939,0.627831293955,0.817109312443,1.0063864908,1.1956033325,1.33089333616),.UNSPECIFIED.) ;
#997=B_SPLINE_CURVE_WITH_KNOTS('',5,(#998,#999,#1000,#1001,#1002,#1003,#1004,#1005,#1006,#1007,#1008,#1009,#1010,#1011,#1012,#1013,#1014,#1015,#1016,#1017,#1018,#1019,#1020,#1021,#1022,#1023,#1024),.UNSPECIFIED.,.F.,.U.,(6,3,3,3,3,3,3,3,6),(0.,0.095333918954,0.249272799212,0.438552452958,0.627831293702,0.817109304847,1.00638648343,1.19560332465,1.33089333624),.UNSPECIFIED.) ;
#1035=B_SPLINE_CURVE_WITH_KNOTS('',5,(#1036,#1037,#1038,#1039,#1040,#1041,#1042,#1043,#1044,#1045,#1046,#1047,#1048,#1049,#1050,#1051,#1052,#1053,#1054,#1055,#1056,#1057,#1058,#1059,#1060,#1061,#1062),.UNSPECIFIED.,.F.,.U.,(6,3,3,3,3,3,3,3,6),(0.,0.0953339188342,0.249272799137,0.438552453063,0.627831295049,0.817109306162,1.00638648465,1.195603325,1.33089333637),.UNSPECIFIED.) ;
#1073=B_SPLINE_CURVE_WITH_KNOTS('',5,(#1074,#1075,#1076,#1077,#1078,#1079,#1080,#1081,#1082,#1083,#1084,#1085,#1086,#1087,#1088,#1089,#1090,#1091,#1092,#1093,#1094,#1095,#1096,#1097,#1098,#1099,#1100),.UNSPECIFIED.,.F.,.U.,(6,3,3,3,3,3,3,3,6),(0.,0.0953339188253,0.249272799113,0.438552458572,0.62783130013,0.817109311469,1.00638648976,1.1956033316,1.33089333521),.UNSPECIFIED.) ;
#1125=B_SPLINE_CURVE_WITH_KNOTS('',5,(#1126,#1127,#1128,#1129,#1130,#1131,#1132,#1133,#1134,#1135,#1136,#1137,#1138,#1139,#1140,#1141,#1142,#1143,#1144,#1145,#1146,#1147,#1148,#1149,#1150,#1151,#1152),.UNSPECIFIED.,.F.,.U.,(6,3,3,3,3,3,3,3,6),(0.,0.0953339188578,0.249272799199,0.43855245395,0.627831294575,0.817109305337,1.00638649356,1.19560332191,1.33089333595),.UNSPECIFIED.) ;
#1163=B_SPLINE_CURVE_WITH_KNOTS('',5,(#1164,#1165,#1166,#1167,#1168,#1169,#1170,#1171,#1172,#1173,#1174,#1175,#1176,#1177,#1178,#1179,#1180,#1181,#1182,#1183,#1184,#1185,#1186,#1187,#1188,#1189,#1190),.UNSPECIFIED.,.F.,.U.,(6,3,3,3,3,3,3,3,6),(0.,0.0953339187196,0.249272797633,0.438552451259,0.627831293443,0.817109304281,1.00638648301,1.19560332427,1.33089333582),.UNSPECIFIED.) ;
#1215=B_SPLINE_CURVE_WITH_KNOTS('',5,(#1216,#1217,#1218,#1219,#1220,#1221,#1222,#1223,#1224,#1225,#1226,#1227,#1228,#1229,#1230,#1231,#1232,#1233,#1234,#1235,#1236,#1237,#1238,#1239,#1240,#1241,#1242),.UNSPECIFIED.,.F.,.U.,(6,3,3,3,3,3,3,3,6),(0.,0.0953339184965,0.249272796531,0.438552451024,0.62783129239,0.81710930362,1.00638649212,1.19560332155,1.33089333609),.UNSPECIFIED.) ;
#1253=B_SPLINE_CURVE_WITH_KNOTS('',5,(#1254,#1255,#1256,#1257,#1258,#1259,#1260,#1261,#1262,#1263,#1264,#1265,#1266,#1267,#1268,#1269,#1270,#1271,#1272,#1273,#1274,#1275,#1276,#1277,#1278,#1279,#1280),.UNSPECIFIED.,.F.,.U.,(6,3,3,3,3,3,3,3,6),(0.,0.095333918782,0.249272799,0.438552452598,0.627831294828,0.817109306111,1.00638649535,1.19560332255,1.33089333661),.UNSPECIFIED.) ;
#1291=B_SPLINE_CURVE_WITH_KNOTS('',5,(#1292,#1293,#1294,#1295,#1296,#1297,#1298,#1299,#1300,#1301,#1302,#1303,#1304,#1305,#1306,#1307,#1308,#1309,#1310,#1311,#1312,#1313,#1314,#1315,#1316,#1317,#1318),.UNSPECIFIED.,.F.,.U.,(6,3,3,3,3,3,3,3,6),(0.,0.0953339187709,0.249272797767,0.438552451428,0.627831294124,0.817109311346,1.00638649083,1.19560333259,1.33089333679),.UNSPECIFIED.) ;
#1329=B_SPLINE_CURVE_WITH_KNOTS('',5,(#1330,#1331,#1332,#1333,#1334,#1335,#1336,#1337,#1338,#1339,#1340,#1341,#1342,#1343,#1344,#1345,#1346,#1347,#1348,#1349,#1350,#1351,#1352,#1353,#1354,#1355,#1356),.UNSPECIFIED.,.F.,.U.,(6,3,3,3,3,3,3,3,6),(0.,0.0953339187709,0.249272797767,0.438552451429,0.627831294122,0.817109311348,1.00638649083,1.19560333259,1.33089333679),.UNSPECIFIED.) ;
#1367=B_SPLINE_CURVE_WITH_KNOTS('',5,(#1368,#1369,#1370,#1371,#1372,#1373,#1374,#1375,#1376,#1377,#1378,#1379,#1380,#1381,#1382,#1383,#1384,#1385,#1386,#1387,#1388,#1389,#1390,#1391,#1392,#1393,#1394),.UNSPECIFIED.,.F.,.U.,(6,3,3,3,3,3,3,3,6),(0.,0.0953339191801,0.249272799804,0.438552453446,0.627831295451,0.817109306586,1.006386485,1.19560332529,1.33089333682),.UNSPECIFIED.) ;
#1405=B_SPLINE_CURVE_WITH_KNOTS('',5,(#1406,#1407,#1408,#1409,#1410,#1411,#1412,#1413,#1414,#1415,#1416,#1417,#1418,#1419,#1420,#1421,#1422,#1423,#1424,#1425,#1426,#1427,#1428,#1429,#1430,#1431,#1432),.UNSPECIFIED.,.F.,.U.,(6,3,3,3,3,3,3,3,6),(0.,0.0953339188834,0.249272799266,0.438552452935,0.627831293652,0.817109306058,1.00638648472,1.19560332654,1.33089333624),.UNSPECIFIED.) ;
#1471=B_SPLINE_CURVE_WITH_KNOTS('',5,(#1472,#1473,#1474,#1475,#1476,#1477,#1478,#1479,#1480,#1481,#1482,#1483,#1484,#1485,#1486),.UNSPECIFIED.,.F.,.U.,(6,3,3,3,6),(0.,0.690987137877,1.38197426858,2.07296249555,2.20440412447),.UNSPECIFIED.) ;
#1497=B_SPLINE_CURVE_WITH_KNOTS('',5,(#1498,#1499,#1500,#1501,#1502,#1503,#1504,#1505,#1506),.UNSPECIFIED.,.F.,.U.,(6,3,6),(0.,0.495052429062,0.618795901279),.UNSPECIFIED.) ;
#1538=B_SPLINE_CURVE_WITH_KNOTS('',5,(#1539,#1540,#1541,#1542,#1543,#1544,#1545,#1546,#1547,#1548,#1549,#1550),.UNSPECIFIED.,.F.,.U.,(6,3,3,6),(0.,0.222278432588,0.444556863621,0.555908279894),.UNSPECIFIED.) ;
#1582=B_SPLINE_CURVE_WITH_KNOTS('',5,(#1583,#1584,#1585,#1586,#1587,#1588,#1589,#1590,#1591,#1592,#1593,#1594),.UNSPECIFIED.,.F.,.U.,(6,3,3,6),(0.,0.222278432583,0.444556863612,0.555908279883),.UNSPECIFIED.) ;
#1626=B_SPLINE_CURVE_WITH_KNOTS('',5,(#1627,#1628,#1629,#1630,#1631,#1632,#1633,#1634,#1635,#1636,#1637,#1638),.UNSPECIFIED.,.F.,.U.,(6,3,3,6),(0.,0.222278432578,0.4445568636,0.555908279868),.UNSPECIFIED.) ;
#1649=B_SPLINE_CURVE_WITH_KNOTS('',5,(#1650,#1651,#1652,#1653,#1654,#1655,#1656,#1657,#1658),.UNSPECIFIED.,.F.,.U.,(6,3,6),(0.,0.375900779836,0.626007282651),.UNSPECIFIED.) ;
#1669=B_SPLINE_CURVE_WITH_KNOTS('',5,(#1670,#1671,#1672,#1673,#1674,#1675,#1676,#1677,#1678,#1679,#1680,#1681),.UNSPECIFIED.,.F.,.U.,(6,3,3,6),(0.,0.22123859685,0.44247719224,0.553442014615),.UNSPECIFIED.) ;
#1692=B_SPLINE_CURVE_WITH_KNOTS('',5,(#1693,#1694,#1695,#1696,#1697,#1698,#1699,#1700,#1701,#1702,#1703,#1704),.UNSPECIFIED.,.F.,.U.,(6,3,3,6),(0.,0.221238595403,0.442477191349,0.55344201362),.UNSPECIFIED.) ;
#1722=B_SPLINE_CURVE_WITH_KNOTS('',5,(#1723,#1724,#1725,#1726,#1727,#1728,#1729,#1730,#1731),.UNSPECIFIED.,.F.,.U.,(6,3,6),(0.,2.47805775051,3.09748667826),.UNSPECIFIED.) ;
#2050=B_SPLINE_CURVE_WITH_KNOTS('',5,(#2051,#2052,#2053,#2054,#2055,#2056,#2057,#2058,#2059,#2060,#2061,#2062,#2063,#2064,#2065),.UNSPECIFIED.,.F.,.U.,(6,3,3,3,6),(0.,0.694410480466,1.38882094793,2.08323268975,2.3841050563),.UNSPECIFIED.) ;
#2076=B_SPLINE_CURVE_WITH_KNOTS('',5,(#2077,#2078,#2079,#2080,#2081,#2082,#2083,#2084,#2085,#2086,#2087,#2088),.UNSPECIFIED.,.F.,.U.,(6,3,3,6),(0.,0.229790972265,0.459581944393,0.574712086857),.UNSPECIFIED.) ;
#2113=B_SPLINE_CURVE_WITH_KNOTS('',5,(#2114,#2115,#2116,#2117,#2118,#2119,#2120,#2121,#2122,#2123,#2124,#2125),.UNSPECIFIED.,.F.,.U.,(6,3,3,6),(0.,0.222278431016,0.444556862954,0.555908278599),.UNSPECIFIED.) ;
#2150=B_SPLINE_CURVE_WITH_KNOTS('',5,(#2151,#2152,#2153,#2154,#2155,#2156,#2157,#2158,#2159,#2160,#2161,#2162),.UNSPECIFIED.,.F.,.U.,(6,3,3,6),(0.,0.222278431052,0.444556863024,0.555908278687),.UNSPECIFIED.) ;
#2187=B_SPLINE_CURVE_WITH_KNOTS('',5,(#2188,#2189,#2190,#2191,#2192,#2193,#2194,#2195,#2196,#2197,#2198,#2199),.UNSPECIFIED.,.F.,.U.,(6,3,3,6),(0.,0.256761476908,0.513522953237,0.642232155012),.UNSPECIFIED.) ;
#2203=B_SPLINE_CURVE_WITH_KNOTS('',5,(#2204,#2205,#2206,#2207,#2208,#2209,#2210,#2211,#2212,#2213,#2214,#2215,#2216,#2217,#2218,#2219,#2220,#2221),.UNSPECIFIED.,.F.,.U.,(6,3,3,3,3,6),(0.,0.69443147554,1.38886295267,2.08329441702,2.77772586956,3.30830379201),.UNSPECIFIED.) ;
#2530=B_SPLINE_CURVE_WITH_KNOTS('',5,(#2531,#2532,#2533,#2534,#2535,#2536,#2537,#2538,#2539,#2540,#2541,#2542,#2543,#2544,#2545),.UNSPECIFIED.,.F.,.U.,(6,3,3,3,6),(0.,0.694445577792,1.38889116464,2.08333781361,2.22658965382),.UNSPECIFIED.) ;
#2556=B_SPLINE_CURVE_WITH_KNOTS('',5,(#2557,#2558,#2559,#2560,#2561,#2562,#2563,#2564,#2565,#2566,#2567,#2568,#2569,#2570,#2571),.UNSPECIFIED.,.F.,.U.,(6,3,3,3,6),(0.,0.694445579485,1.38889113689,2.08333774815,2.22658959301),.UNSPECIFIED.) ;
#2596=B_SPLINE_CURVE_WITH_KNOTS('',5,(#2597,#2598,#2599,#2600,#2601,#2602,#2603,#2604,#2605),.UNSPECIFIED.,.F.,.U.,(6,3,6),(0.,0.612200370305,1.02036134284),.UNSPECIFIED.) ;
#2609=B_SPLINE_CURVE_WITH_KNOTS('',5,(#2610,#2611,#2612,#2613,#2614,#2615),.UNSPECIFIED.,.F.,.U.,(6,6),(0.,1.40231615773),.UNSPECIFIED.) ;
#2619=B_SPLINE_CURVE_WITH_KNOTS('',5,(#2620,#2621,#2622,#2623,#2624,#2625,#2626,#2627,#2628),.UNSPECIFIED.,.F.,.U.,(6,3,6),(0.,0.612200386521,1.02036136589),.UNSPECIFIED.) ;
#2639=B_SPLINE_CURVE_WITH_KNOTS('',5,(#2640,#2641,#2642,#2643,#2644,#2645,#2646,#2647,#2648),.UNSPECIFIED.,.F.,.U.,(6,3,6),(0.,0.612200376832,1.0203613422),.UNSPECIFIED.) ;
#2652=B_SPLINE_CURVE_WITH_KNOTS('',5,(#2653,#2654,#2655,#2656,#2657,#2658),.UNSPECIFIED.,.F.,.U.,(6,6),(0.,1.40231615769),.UNSPECIFIED.) ;
#2662=B_SPLINE_CURVE_WITH_KNOTS('',5,(#2663,#2664,#2665,#2666,#2667,#2668,#2669,#2670,#2671),.UNSPECIFIED.,.F.,.U.,(6,3,6),(0.,0.612200387341,1.02036137045),.UNSPECIFIED.) ;
#2682=B_SPLINE_CURVE_WITH_KNOTS('',5,(#2683,#2684,#2685,#2686,#2687,#2688,#2689,#2690,#2691),.UNSPECIFIED.,.F.,.U.,(6,3,6),(0.,0.612200374943,1.02036134191),.UNSPECIFIED.) ;
#2695=B_SPLINE_CURVE_WITH_KNOTS('',5,(#2696,#2697,#2698,#2699,#2700,#2701),.UNSPECIFIED.,.F.,.U.,(6,6),(0.,1.40231615616),.UNSPECIFIED.) ;
#2705=B_SPLINE_CURVE_WITH_KNOTS('',5,(#2706,#2707,#2708,#2709,#2710,#2711,#2712,#2713,#2714),.UNSPECIFIED.,.F.,.U.,(6,3,6),(0.,0.612200385724,1.02036136627),.UNSPECIFIED.) ;
#2739=B_SPLINE_CURVE_WITH_KNOTS('',5,(#2740,#2741,#2742,#2743,#2744,#2745,#2746,#2747,#2748),.UNSPECIFIED.,.F.,.U.,(6,3,6),(0.,0.762781775278,1.2713177048),.UNSPECIFIED.) ;
#3053=B_SPLINE_CURVE_WITH_KNOTS('',5,(#3054,#3055,#3056,#3057,#3058,#3059,#3060,#3061,#3062),.UNSPECIFIED.,.F.,.U.,(6,3,6),(0.,0.76823383245,1.28040494811),.UNSPECIFIED.) ;
#3073=B_SPLINE_CURVE_WITH_KNOTS('',5,(#3074,#3075,#3076,#3077,#3078,#3079,#3080,#3081,#3082),.UNSPECIFIED.,.F.,.U.,(6,3,6),(0.,0.894461591006,1.49009913563),.UNSPECIFIED.) ;
#3128=B_SPLINE_CURVE_WITH_KNOTS('',5,(#3129,#3130,#3131,#3132,#3133,#3134,#3135,#3136,#3137),.UNSPECIFIED.,.F.,.U.,(6,3,6),(0.,0.508551017001,0.847102613547),.UNSPECIFIED.) ;
#3148=B_SPLINE_CURVE_WITH_KNOTS('',5,(#3149,#3150,#3151,#3152,#3153,#3154,#3155,#3156,#3157),.UNSPECIFIED.,.F.,.U.,(6,3,6),(0.,0.612200387253,1.02036136606),.UNSPECIFIED.) ;
#3161=B_SPLINE_CURVE_WITH_KNOTS('',5,(#3162,#3163,#3164,#3165,#3166,#3167),.UNSPECIFIED.,.F.,.U.,(6,6),(0.,0.698372199037),.UNSPECIFIED.) ;
#3171=B_SPLINE_CURVE_WITH_KNOTS('',5,(#3172,#3173,#3174,#3175,#3176,#3177),.UNSPECIFIED.,.F.,.U.,(6,6),(0.,0.698372199886),.UNSPECIFIED.) ;
#3181=B_SPLINE_CURVE_WITH_KNOTS('',5,(#3182,#3183,#3184,#3185,#3186,#3187,#3188,#3189,#3190),.UNSPECIFIED.,.F.,.U.,(6,3,6),(0.,0.612200386288,1.02036136335),.UNSPECIFIED.) ;
#3201=B_SPLINE_CURVE_WITH_KNOTS('',5,(#3202,#3203,#3204,#3205,#3206,#3207,#3208,#3209,#3210),.UNSPECIFIED.,.F.,.U.,(6,3,6),(0.,0.612200383334,1.02036136904),.UNSPECIFIED.) ;
#3214=B_SPLINE_CURVE_WITH_KNOTS('',5,(#3215,#3216,#3217,#3218,#3219,#3220),.UNSPECIFIED.,.F.,.U.,(6,6),(0.,0.698372201593),.UNSPECIFIED.) ;
#3224=B_SPLINE_CURVE_WITH_KNOTS('',5,(#3225,#3226,#3227,#3228,#3229,#3230),.UNSPECIFIED.,.F.,.U.,(6,6),(0.,0.698372200002),.UNSPECIFIED.) ;
#3234=B_SPLINE_CURVE_WITH_KNOTS('',5,(#3235,#3236,#3237,#3238,#3239,#3240,#3241,#3242,#3243),.UNSPECIFIED.,.F.,.U.,(6,3,6),(0.,0.612200384095,1.02036137059),.UNSPECIFIED.) ;
#3254=B_SPLINE_CURVE_WITH_KNOTS('',5,(#3255,#3256,#3257,#3258,#3259,#3260,#3261,#3262,#3263),.UNSPECIFIED.,.F.,.U.,(6,3,6),(0.,0.612200385259,1.02036136639),.UNSPECIFIED.) ;
#3267=B_SPLINE_CURVE_WITH_KNOTS('',5,(#3268,#3269,#3270,#3271,#3272,#3273),.UNSPECIFIED.,.F.,.U.,(6,6),(0.,0.698372199008),.UNSPECIFIED.) ;
#3277=B_SPLINE_CURVE_WITH_KNOTS('',5,(#3278,#3279,#3280,#3281,#3282,#3283),.UNSPECIFIED.,.F.,.U.,(6,6),(0.,0.698372199855),.UNSPECIFIED.) ;
#3287=B_SPLINE_CURVE_WITH_KNOTS('',5,(#3288,#3289,#3290,#3291,#3292,#3293),.UNSPECIFIED.,.F.,.U.,(6,6),(0.,0.366621592214),.UNSPECIFIED.) ;
#3325=B_SPLINE_CURVE_WITH_KNOTS('',5,(#3326,#3327,#3328,#3329,#3330,#3331,#3332,#3333,#3334,#3335,#3336,#3337),.UNSPECIFIED.,.F.,.U.,(6,3,3,6),(0.,0.556237276586,1.1124765451,1.4256266759),.UNSPECIFIED.) ;
#3348=B_SPLINE_CURVE_WITH_KNOTS('',5,(#3349,#3350,#3351,#3352,#3353,#3354,#3355,#3356,#3357,#3358,#3359,#3360,#3361,#3362,#3363),.UNSPECIFIED.,.F.,.U.,(6,3,3,3,6),(0.,2.77773739147,5.55547480869,8.33321250934,8.90635273765),.UNSPECIFIED.) ;
#3458=B_SPLINE_CURVE_WITH_KNOTS('',5,(#3459,#3460,#3461,#3462,#3463,#3464,#3465,#3466,#3467,#3468,#3469,#3470,#3471,#3472,#3473),.UNSPECIFIED.,.F.,.U.,(6,3,3,3,6),(0.,2.77773738514,5.55547478512,8.33321249136,8.9063527147),.UNSPECIFIED.) ;
#3512=B_SPLINE_CURVE_WITH_KNOTS('',5,(#3513,#3514,#3515,#3516,#3517,#3518,#3519,#3520,#3521,#3522,#3523,#3524,#3525,#3526,#3527),.UNSPECIFIED.,.F.,.U.,(6,3,3,3,6),(0.,2.77773740173,5.5554747983,8.33321245898,8.90635270538),.UNSPECIFIED.) ;
#3622=B_SPLINE_CURVE_WITH_KNOTS('',5,(#3623,#3624,#3625,#3626,#3627,#3628,#3629,#3630,#3631,#3632,#3633,#3634,#3635,#3636,#3637),.UNSPECIFIED.,.F.,.U.,(6,3,3,3,6),(0.,2.77773741159,5.55547483926,8.333212514,8.90635272747),.UNSPECIFIED.) ;
#3648=B_SPLINE_CURVE_WITH_KNOTS('',5,(#3649,#3650,#3651,#3652,#3653,#3654,#3655,#3656,#3657,#3658,#3659,#3660),.UNSPECIFIED.,.F.,.U.,(6,3,3,6),(0.,0.556237274075,1.11247655137,1.42562667266),.UNSPECIFIED.) ;
#3692=B_SPLINE_CURVE_WITH_KNOTS('',5,(#3693,#3694,#3695,#3696,#3697,#3698),.UNSPECIFIED.,.F.,.U.,(6,6),(0.,0.366621592167),.UNSPECIFIED.) ;
#3702=B_SPLINE_CURVE_WITH_KNOTS('',5,(#3703,#3704,#3705,#3706,#3707,#3708),.UNSPECIFIED.,.F.,.U.,(6,6),(0.,0.698372199008),.UNSPECIFIED.) ;
#3712=B_SPLINE_CURVE_WITH_KNOTS('',5,(#3713,#3714,#3715,#3716,#3717,#3718),.UNSPECIFIED.,.F.,.U.,(6,6),(0.,0.698372199855),.UNSPECIFIED.) ;
#3722=B_SPLINE_CURVE_WITH_KNOTS('',5,(#3723,#3724,#3725,#3726,#3727,#3728,#3729,#3730,#3731),.UNSPECIFIED.,.F.,.U.,(6,3,6),(0.,0.612200384834,1.02036136058),.UNSPECIFIED.) ;
#3742=B_SPLINE_CURVE_WITH_KNOTS('',5,(#3743,#3744,#3745,#3746,#3747,#3748,#3749,#3750,#3751),.UNSPECIFIED.,.F.,.U.,(6,3,6),(0.,0.612200380425,1.02036136528),.UNSPECIFIED.) ;
#3755=B_SPLINE_CURVE_WITH_KNOTS('',5,(#3756,#3757,#3758,#3759,#3760,#3761),.UNSPECIFIED.,.F.,.U.,(6,6),(0.,0.69837219915),.UNSPECIFIED.) ;
#3765=B_SPLINE_CURVE_WITH_KNOTS('',5,(#3766,#3767,#3768,#3769,#3770,#3771),.UNSPECIFIED.,.F.,.U.,(6,6),(0.,0.698372202436),.UNSPECIFIED.) ;
#3775=B_SPLINE_CURVE_WITH_KNOTS('',5,(#3776,#3777,#3778,#3779,#3780,#3781,#3782,#3783,#3784),.UNSPECIFIED.,.F.,.U.,(6,3,6),(0.,0.612200377838,1.02036136055),.UNSPECIFIED.) ;
#3795=B_SPLINE_CURVE_WITH_KNOTS('',5,(#3796,#3797,#3798,#3799,#3800,#3801,#3802,#3803,#3804),.UNSPECIFIED.,.F.,.U.,(6,3,6),(0.,0.612200387256,1.02036136605),.UNSPECIFIED.) ;
#3808=B_SPLINE_CURVE_WITH_KNOTS('',5,(#3809,#3810,#3811,#3812,#3813,#3814),.UNSPECIFIED.,.F.,.U.,(6,6),(0.,0.698372199037),.UNSPECIFIED.) ;
#3818=B_SPLINE_CURVE_WITH_KNOTS('',5,(#3819,#3820,#3821,#3822,#3823,#3824),.UNSPECIFIED.,.F.,.U.,(6,6),(0.,0.698372199886),.UNSPECIFIED.) ;
#3828=B_SPLINE_CURVE_WITH_KNOTS('',5,(#3829,#3830,#3831,#3832,#3833,#3834,#3835,#3836,#3837),.UNSPECIFIED.,.F.,.U.,(6,3,6),(0.,0.612200386293,1.02036136336),.UNSPECIFIED.) ;
#3848=B_SPLINE_CURVE_WITH_KNOTS('',5,(#3849,#3850,#3851,#3852,#3853,#3854,#3855,#3856,#3857),.UNSPECIFIED.,.F.,.U.,(6,3,6),(0.,0.508551015561,0.847102612058),.UNSPECIFIED.) ;
#3903=B_SPLINE_CURVE_WITH_KNOTS('',5,(#3904,#3905,#3906,#3907,#3908,#3909,#3910,#3911,#3912),.UNSPECIFIED.,.F.,.U.,(6,3,6),(0.,0.894461577842,1.49009911894),.UNSPECIFIED.) ;
#3923=B_SPLINE_CURVE_WITH_KNOTS('',5,(#3924,#3925,#3926,#3927,#3928,#3929,#3930,#3931,#3932),.UNSPECIFIED.,.F.,.U.,(6,3,6),(0.,0.768233854132,1.28040499225),.UNSPECIFIED.) ;
#4237=B_SPLINE_CURVE_WITH_KNOTS('',5,(#4238,#4239,#4240,#4241,#4242,#4243,#4244,#4245,#4246),.UNSPECIFIED.,.F.,.U.,(6,3,6),(0.,0.762781760074,1.27131766123),.UNSPECIFIED.) ;
#4271=B_SPLINE_CURVE_WITH_KNOTS('',5,(#4272,#4273,#4274,#4275,#4276,#4277,#4278,#4279,#4280),.UNSPECIFIED.,.F.,.U.,(6,3,6),(0.,0.612200373873,1.02036133891),.UNSPECIFIED.) ;
#4284=B_SPLINE_CURVE_WITH_KNOTS('',5,(#4285,#4286,#4287,#4288,#4289,#4290),.UNSPECIFIED.,.F.,.U.,(6,6),(0.,1.40231615619),.UNSPECIFIED.) ;
#4294=B_SPLINE_CURVE_WITH_KNOTS('',5,(#4295,#4296,#4297,#4298,#4299,#4300,#4301,#4302,#4303),.UNSPECIFIED.,.F.,.U.,(6,3,6),(0.,0.612200386068,1.02036136418),.UNSPECIFIED.) ;
#4314=B_SPLINE_CURVE_WITH_KNOTS('',5,(#4315,#4316,#4317,#4318,#4319,#4320,#4321,#4322,#4323),.UNSPECIFIED.,.F.,.U.,(6,3,6),(0.,0.612200370323,1.02036134283),.UNSPECIFIED.) ;
#4332=B_SPLINE_CURVE_WITH_KNOTS('',5,(#4333,#4334,#4335,#4336,#4337,#4338,#4339,#4340,#4341),.UNSPECIFIED.,.F.,.U.,(6,3,6),(0.,0.612200376884,1.02036134224),.UNSPECIFIED.) ;
#4345=B_SPLINE_CURVE_WITH_KNOTS('',5,(#4346,#4347,#4348,#4349,#4350,#4351),.UNSPECIFIED.,.F.,.U.,(6,6),(0.,1.40231615767),.UNSPECIFIED.) ;
#4355=B_SPLINE_CURVE_WITH_KNOTS('',5,(#4356,#4357,#4358,#4359,#4360,#4361,#4362,#4363,#4364),.UNSPECIFIED.,.F.,.U.,(6,3,6),(0.,0.612200387325,1.02036137043),.UNSPECIFIED.) ;
#8655=B_SPLINE_CURVE_WITH_KNOTS('',5,(#8656,#8657,#8658,#8659,#8660,#8661,#8662,#8663,#8664,#8665,#8666,#8667,#8668,#8669,#8670),.UNSPECIFIED.,.F.,.U.,(6,3,3,3,6),(0.,2.77773739565,5.55547481591,8.33321250607,8.90635273204),.UNSPECIFIED.) ;
#8681=B_SPLINE_CURVE_WITH_KNOTS('',5,(#8682,#8683,#8684,#8685,#8686,#8687,#8688,#8689,#8690,#8691,#8692,#8693,#8694,#8695,#8696),.UNSPECIFIED.,.F.,.U.,(6,3,3,3,6),(0.,2.77773739779,5.55547480959,8.33321248179,8.90635272189),.UNSPECIFIED.) ;
#8707=B_SPLINE_CURVE_WITH_KNOTS('',5,(#8708,#8709,#8710,#8711,#8712,#8713,#8714,#8715,#8716,#8717,#8718,#8719,#8720,#8721,#8722),.UNSPECIFIED.,.F.,.U.,(6,3,3,3,6),(0.,2.77773739539,5.55547478684,8.33321245503,8.90635269359),.UNSPECIFIED.) ;
#8733=B_SPLINE_CURVE_WITH_KNOTS('',5,(#8734,#8735,#8736,#8737,#8738,#8739,#8740,#8741,#8742,#8743,#8744,#8745,#8746,#8747,#8748),.UNSPECIFIED.,.F.,.U.,(6,3,3,3,6),(0.,2.77773739294,5.55547481295,8.3332125247,8.90635275041),.UNSPECIFIED.) ;
#8760=B_SPLINE_CURVE_WITH_KNOTS('',5,(#8761,#8762,#8763,#8764,#8765,#8766,#8767,#8768,#8769,#8770,#8771,#8772,#8773,#8774,#8775,#8776,#8777,#8778,#8779,#8780,#8781),.UNSPECIFIED.,.F.,.U.,(6,3,3,3,3,3,6),(0.,1.37887199291,2.75774396754,4.13661597829,5.51548800718,6.89436002527,7.79820001156),.UNSPECIFIED.) ;
#8787=B_SPLINE_CURVE_WITH_KNOTS('',5,(#8788,#8789,#8790,#8791,#8792,#8793,#8794,#8795,#8796,#8797,#8798,#8799,#8800,#8801,#8802,#8803,#8804,#8805,#8806,#8807,#8808),.UNSPECIFIED.,.F.,.U.,(6,3,3,3,3,3,6),(0.,1.37887198797,2.75774399725,4.13661599637,5.51548799955,6.89436000533,7.79820001086),.UNSPECIFIED.) ;
#8814=B_SPLINE_CURVE_WITH_KNOTS('',5,(#8815,#8816,#8817,#8818,#8819,#8820,#8821,#8822,#8823,#8824,#8825,#8826,#8827,#8828,#8829,#8830,#8831,#8832,#8833,#8834,#8835),.UNSPECIFIED.,.F.,.U.,(6,3,3,3,3,3,6),(0.,1.37887201622,2.75774401683,4.13661603528,5.51548807338,6.89436008232,7.79820004505),.UNSPECIFIED.) ;
#8841=B_SPLINE_CURVE_WITH_KNOTS('',5,(#8842,#8843,#8844,#8845,#8846,#8847,#8848,#8849,#8850,#8851,#8852,#8853,#8854,#8855,#8856,#8857,#8858,#8859,#8860,#8861,#8862),.UNSPECIFIED.,.F.,.U.,(6,3,3,3,3,3,6),(0.,1.37887199954,2.75774401768,4.13661601962,5.51548801952,6.894360017,7.7982000072),.UNSPECIFIED.) ;
#8868=B_SPLINE_CURVE_WITH_KNOTS('',5,(#8869,#8870,#8871,#8872,#8873,#8874,#8875,#8876,#8877,#8878,#8879,#8880,#8881,#8882,#8883,#8884,#8885,#8886,#8887,#8888,#8889),.UNSPECIFIED.,.F.,.U.,(6,3,3,3,3,3,6),(0.,1.37887201618,2.75774401682,4.13661603516,5.51548807335,6.89436008228,7.79820004503),.UNSPECIFIED.) ;
#8895=B_SPLINE_CURVE_WITH_KNOTS('',5,(#8896,#8897,#8898,#8899,#8900,#8901,#8902,#8903,#8904,#8905,#8906,#8907,#8908,#8909,#8910,#8911,#8912,#8913,#8914,#8915,#8916),.UNSPECIFIED.,.F.,.U.,(6,3,3,3,3,3,6),(0.,1.37887199936,2.75774401729,4.13661601946,5.51548801951,6.89436001712,7.79820000648),.UNSPECIFIED.) ;
#8922=B_SPLINE_CURVE_WITH_KNOTS('',5,(#8923,#8924,#8925,#8926,#8927,#8928,#8929,#8930,#8931,#8932,#8933,#8934,#8935,#8936,#8937,#8938,#8939,#8940,#8941,#8942,#8943),.UNSPECIFIED.,.F.,.U.,(6,3,3,3,3,3,6),(0.,1.37887199283,2.75774396732,4.1366159782,5.51548800721,6.89436002524,7.79820001151),.UNSPECIFIED.) ;
#8949=B_SPLINE_CURVE_WITH_KNOTS('',5,(#8950,#8951,#8952,#8953,#8954,#8955,#8956,#8957,#8958,#8959,#8960,#8961,#8962,#8963,#8964,#8965,#8966,#8967,#8968,#8969,#8970),.UNSPECIFIED.,.F.,.U.,(6,3,3,3,3,3,6),(0.,1.37887198114,2.75774397205,4.13661597138,5.5154879744,6.89435998016,7.79819998495),.UNSPECIFIED.) ;
#9195=B_SPLINE_CURVE_WITH_KNOTS('',5,(#9196,#9197,#9198,#9199,#9200,#9201,#9202,#9203,#9204,#9205,#9206,#9207,#9208,#9209,#9210,#9211,#9212,#9213,#9214,#9215,#9216),.UNSPECIFIED.,.F.,.U.,(6,3,3,3,3,3,6),(0.,1.37887199082,2.75774398443,4.13661598525,5.51548801882,6.89436001859,7.7981999966),.UNSPECIFIED.) ;
#9222=B_SPLINE_CURVE_WITH_KNOTS('',5,(#9223,#9224,#9225,#9226,#9227,#9228,#9229,#9230,#9231,#9232,#9233,#9234,#9235,#9236,#9237,#9238,#9239,#9240,#9241,#9242,#9243),.UNSPECIFIED.,.F.,.U.,(6,3,3,3,3,3,6),(0.,1.37887201251,2.75774403606,4.13661605468,5.51548805925,6.89436007445,7.79820005848),.UNSPECIFIED.) ;
#9249=B_SPLINE_CURVE_WITH_KNOTS('',5,(#9250,#9251,#9252,#9253,#9254,#9255,#9256,#9257,#9258,#9259,#9260,#9261,#9262,#9263,#9264,#9265,#9266,#9267,#9268,#9269,#9270),.UNSPECIFIED.,.F.,.U.,(6,3,3,3,3,3,6),(0.,1.37887200199,2.75774398813,4.13661598769,5.51548801756,6.89436001302,7.79820000337),.UNSPECIFIED.) ;
#9276=B_SPLINE_CURVE_WITH_KNOTS('',5,(#9277,#9278,#9279,#9280,#9281,#9282,#9283,#9284,#9285,#9286,#9287,#9288,#9289,#9290,#9291,#9292,#9293,#9294,#9295,#9296,#9297),.UNSPECIFIED.,.F.,.U.,(6,3,3,3,3,3,6),(0.,1.37887200654,2.75774400327,4.13661599986,5.5154880086,6.8943600047,7.79819995889),.UNSPECIFIED.) ;
#9303=B_SPLINE_CURVE_WITH_KNOTS('',5,(#9304,#9305,#9306,#9307,#9308,#9309,#9310,#9311,#9312,#9313,#9314,#9315,#9316,#9317,#9318,#9319,#9320,#9321,#9322,#9323,#9324),.UNSPECIFIED.,.F.,.U.,(6,3,3,3,3,3,6),(0.,1.37887200197,2.75774398816,4.13661598772,5.51548801751,6.89436001373,7.79820000372),.UNSPECIFIED.) ;
#9330=B_SPLINE_CURVE_WITH_KNOTS('',5,(#9331,#9332,#9333,#9334,#9335,#9336,#9337,#9338,#9339,#9340,#9341,#9342,#9343,#9344,#9345,#9346,#9347,#9348,#9349,#9350,#9351),.UNSPECIFIED.,.F.,.U.,(6,3,3,3,3,3,6),(0.,1.37887200661,2.75774400293,4.13661600456,5.51548799561,6.89435997205,7.79819992674),.UNSPECIFIED.) ;
#9357=B_SPLINE_CURVE_WITH_KNOTS('',5,(#9358,#9359,#9360,#9361,#9362,#9363,#9364,#9365,#9366,#9367,#9368,#9369,#9370,#9371,#9372,#9373,#9374,#9375,#9376,#9377,#9378),.UNSPECIFIED.,.F.,.U.,(6,3,3,3,3,3,6),(0.,1.37887199079,2.75774398445,4.13661598528,5.51548801852,6.89436001805,7.79819999566),.UNSPECIFIED.) ;
#9384=B_SPLINE_CURVE_WITH_KNOTS('',5,(#9385,#9386,#9387,#9388,#9389,#9390,#9391,#9392,#9393,#9394,#9395,#9396,#9397,#9398,#9399,#9400,#9401,#9402,#9403,#9404,#9405),.UNSPECIFIED.,.F.,.U.,(6,3,3,3,3,3,6),(0.,1.37887198889,2.75774399641,4.13661601495,5.51548801941,6.89436003454,7.79820001831),.UNSPECIFIED.) ;
#9420=B_SPLINE_CURVE_WITH_KNOTS('',5,(#9421,#9422,#9423,#9424,#9425,#9426,#9427,#9428,#9429,#9430,#9431,#9432),.UNSPECIFIED.,.F.,.U.,(6,3,3,6),(0.,2.4070085329,4.81401706469,6.68392032766),.UNSPECIFIED.) ;
#9457=B_SPLINE_CURVE_WITH_KNOTS('',5,(#9458,#9459,#9460,#9461,#9462,#9463,#9464,#9465,#9466,#9467,#9468,#9469),.UNSPECIFIED.,.F.,.U.,(6,3,3,6),(0.,2.40700855577,4.81401708247,6.6839203624),.UNSPECIFIED.) ;
#9494=B_SPLINE_CURVE_WITH_KNOTS('',5,(#9495,#9496,#9497,#9498,#9499,#9500,#9501,#9502,#9503,#9504,#9505,#9506),.UNSPECIFIED.,.F.,.U.,(6,3,3,6),(0.,2.40700854464,4.81401709039,6.68392036025),.UNSPECIFIED.) ;
#9515=B_SPLINE_CURVE_WITH_KNOTS('',5,(#9516,#9517,#9518,#9519,#9520,#9521,#9522,#9523,#9524,#9525,#9526,#9527),.UNSPECIFIED.,.F.,.U.,(6,3,3,6),(0.,2.40700854545,4.81401709746,6.68392034319),.UNSPECIFIED.) ;
#9618=B_SPLINE_CURVE_WITH_KNOTS('',5,(#9619,#9620,#9621,#9622,#9623,#9624),.UNSPECIFIED.,.F.,.U.,(6,6),(-3.14159265359,3.14159265359),.UNSPECIFIED.) ;
#10362=B_SPLINE_CURVE_WITH_KNOTS('',5,(#10363,#10364,#10365,#10366,#10367,#10368,#10369,#10370,#10371,#10372,#10373,#10374,#10375,#10376,#10377),.UNSPECIFIED.,.F.,.U.,(6,3,3,3,6),(0.,2.90799202558,5.81598403739,8.72397641443,9.76294780538),.UNSPECIFIED.) ;
#10390=B_SPLINE_CURVE_WITH_KNOTS('',5,(#10391,#10392,#10393,#10394,#10395,#10396,#10397,#10398,#10399,#10400,#10401,#10402,#10403,#10404,#10405),.UNSPECIFIED.,.F.,.U.,(6,3,3,3,6),(0.,2.9079920262,5.81598404312,8.72397640659,9.76294779408),.UNSPECIFIED.) ;
#10416=B_SPLINE_CURVE_WITH_KNOTS('',5,(#10417,#10418,#10419,#10420,#10421,#10422,#10423,#10424,#10425,#10426,#10427,#10428,#10429,#10430,#10431),.UNSPECIFIED.,.F.,.U.,(6,3,3,3,6),(0.,2.9079920172,5.81598402847,8.72397645041,9.76294782697),.UNSPECIFIED.) ;
#10442=B_SPLINE_CURVE_WITH_KNOTS('',5,(#10443,#10444,#10445,#10446,#10447,#10448,#10449,#10450,#10451,#10452,#10453,#10454,#10455,#10456,#10457),.UNSPECIFIED.,.F.,.U.,(6,3,3,3,6),(0.,2.90799202413,5.81598404943,8.72397646303,9.76294784267),.UNSPECIFIED.) ;
#10493=B_SPLINE_CURVE_WITH_KNOTS('',5,(#10494,#10495,#10496,#10497,#10498,#10499,#10500,#10501,#10502,#10503,#10504,#10505,#10506,#10507,#10508),.UNSPECIFIED.,.F.,.U.,(6,3,3,3,6),(0.,2.89606216938,5.79212435706,8.6881868947,9.6829166842),.UNSPECIFIED.) ;
#10521=B_SPLINE_CURVE_WITH_KNOTS('',5,(#10522,#10523,#10524,#10525,#10526,#10527,#10528,#10529,#10530,#10531,#10532,#10533,#10534,#10535,#10536),.UNSPECIFIED.,.F.,.U.,(6,3,3,3,6),(0.,2.89606217153,5.79212433196,8.6881868853,9.68291668236),.UNSPECIFIED.) ;
#10547=B_SPLINE_CURVE_WITH_KNOTS('',5,(#10548,#10549,#10550,#10551,#10552,#10553,#10554,#10555,#10556,#10557,#10558,#10559,#10560,#10561,#10562),.UNSPECIFIED.,.F.,.U.,(6,3,3,3,6),(0.,2.89606217988,5.7921243322,8.6881868324,9.68291664418),.UNSPECIFIED.) ;
#10573=B_SPLINE_CURVE_WITH_KNOTS('',5,(#10574,#10575,#10576,#10577,#10578,#10579,#10580,#10581,#10582,#10583,#10584,#10585,#10586,#10587,#10588),.UNSPECIFIED.,.F.,.U.,(6,3,3,3,6),(0.,2.89606214771,5.79212430669,8.68818685405,9.68291665748),.UNSPECIFIED.) ;
#11075=B_SPLINE_CURVE_WITH_KNOTS('',3,(#11076,#11077,#11078,#11079),.UNSPECIFIED.,.F.,.U.,(4,4),(-0.0644856264121,0.0644856264121),.UNSPECIFIED.) ;
#11990=B_SPLINE_CURVE_WITH_KNOTS('',3,(#11991,#11992,#11993,#11994),.UNSPECIFIED.,.F.,.U.,(4,4),(-47.5650000894,47.5650000894),.UNSPECIFIED.) ;
#12057=B_SPLINE_CURVE_WITH_KNOTS('',3,(#12058,#12059,#12060,#12061),.UNSPECIFIED.,.F.,.U.,(4,4),(-22.5650001879,22.5650001879),.UNSPECIFIED.) ;
#12180=B_SPLINE_CURVE_WITH_KNOTS('',5,(#12181,#12182,#12183,#12184,#12185,#12186,#12187,#12188,#12189,#12190,#12191,#12192,#12193,#12194,#12195),.UNSPECIFIED.,.F.,.U.,(6,3,3,3,6),(0.,2.77428514995,5.54857029156,8.32285567103,8.88416727657),.UNSPECIFIED.) ;
#12206=B_SPLINE_CURVE_WITH_KNOTS('',5,(#12207,#12208,#12209,#12210,#12211,#12212,#12213,#12214,#12215,#12216,#12217,#12218,#12219,#12220,#12221),.UNSPECIFIED.,.F.,.U.,(6,3,3,3,6),(0.,2.77428514776,5.54857028681,8.32285566185,8.88416726744),.UNSPECIFIED.) ;
#12232=B_SPLINE_CURVE_WITH_KNOTS('',5,(#12233,#12234,#12235,#12236,#12237,#12238,#12239,#12240,#12241,#12242,#12243,#12244,#12245,#12246,#12247),.UNSPECIFIED.,.F.,.U.,(6,3,3,3,6),(0.,2.77428514775,5.54857028788,8.32285566416,8.88416726976),.UNSPECIFIED.) ;
#12258=B_SPLINE_CURVE_WITH_KNOTS('',5,(#12259,#12260,#12261,#12262,#12263,#12264,#12265,#12266,#12267,#12268,#12269,#12270,#12271,#12272,#12273),.UNSPECIFIED.,.F.,.U.,(6,3,3,3,6),(0.,2.77428514758,5.54857028676,8.32285566942,8.88416727497),.UNSPECIFIED.) ;
#12285=B_SPLINE_CURVE_WITH_KNOTS('',5,(#12286,#12287,#12288,#12289,#12290,#12291,#12292,#12293,#12294,#12295,#12296,#12297,#12298,#12299,#12300,#12301,#12302,#12303,#12304,#12305,#12306),.UNSPECIFIED.,.F.,.U.,(6,3,3,3,3,3,6),(0.,2.35713224278,4.7142644753,7.07139671689,9.42852897247,11.7856612261,12.813113857),.UNSPECIFIED.) ;
#12312=B_SPLINE_CURVE_WITH_KNOTS('',5,(#12313,#12314,#12315,#12316,#12317,#12318,#12319,#12320,#12321,#12322,#12323,#12324,#12325,#12326,#12327,#12328,#12329,#12330,#12331,#12332,#12333),.UNSPECIFIED.,.F.,.U.,(6,3,3,3,3,3,6),(0.,2.3571322424,4.71426447443,7.0713967161,9.42852897163,11.7856612259,12.8131138567),.UNSPECIFIED.) ;
#12339=B_SPLINE_CURVE_WITH_KNOTS('',5,(#12340,#12341,#12342,#12343,#12344,#12345,#12346,#12347,#12348,#12349,#12350,#12351,#12352,#12353,#12354,#12355,#12356,#12357,#12358,#12359,#12360),.UNSPECIFIED.,.F.,.U.,(6,3,3,3,3,3,6),(0.,2.35713226622,4.7142645055,7.0713967534,9.4285290069,11.7856612636,12.8131138984),.UNSPECIFIED.) ;
#12366=B_SPLINE_CURVE_WITH_KNOTS('',5,(#12367,#12368,#12369,#12370,#12371,#12372,#12373,#12374,#12375,#12376,#12377,#12378,#12379,#12380,#12381,#12382,#12383,#12384,#12385,#12386,#12387),.UNSPECIFIED.,.F.,.U.,(6,3,3,3,3,3,6),(0.,2.35713226705,4.71426450634,7.07139675381,9.42852900841,11.7856612659,12.8131139007),.UNSPECIFIED.) ;
#12393=B_SPLINE_CURVE_WITH_KNOTS('',5,(#12394,#12395,#12396,#12397,#12398,#12399,#12400,#12401,#12402,#12403,#12404,#12405,#12406,#12407,#12408,#12409,#12410,#12411,#12412,#12413,#12414),.UNSPECIFIED.,.F.,.U.,(6,3,3,3,3,3,6),(0.,2.35713224217,4.71426447434,7.07139671608,9.42852897223,11.785661227,12.8131138578),.UNSPECIFIED.) ;
#12420=B_SPLINE_CURVE_WITH_KNOTS('',5,(#12421,#12422,#12423,#12424,#12425,#12426,#12427,#12428,#12429,#12430,#12431,#12432,#12433,#12434,#12435,#12436,#12437,#12438,#12439,#12440,#12441),.UNSPECIFIED.,.F.,.U.,(6,3,3,3,3,3,6),(0.,2.35713226651,4.71426450613,7.07139675431,9.42852900834,11.7856612651,12.8131138999),.UNSPECIFIED.) ;
#12447=B_SPLINE_CURVE_WITH_KNOTS('',5,(#12448,#12449,#12450,#12451,#12452,#12453,#12454,#12455,#12456,#12457,#12458,#12459,#12460,#12461,#12462,#12463,#12464,#12465,#12466,#12467,#12468),.UNSPECIFIED.,.F.,.U.,(6,3,3,3,3,3,6),(0.,2.35713224157,4.71426447355,7.07139671528,9.42852897045,11.7856612242,12.8131138551),.UNSPECIFIED.) ;
#12499=B_SPLINE_CURVE_WITH_KNOTS('',5,(#12500,#12501,#12502,#12503,#12504,#12505,#12506,#12507,#12508),.UNSPECIFIED.,.F.,.U.,(6,3,6),(-2.74889357189,0.,2.74889357189),.UNSPECIFIED.) ;
#12887=B_SPLINE_CURVE_WITH_KNOTS('',5,(#12888,#12889,#12890,#12891,#12892,#12893,#12894,#12895,#12896),.UNSPECIFIED.,.F.,.U.,(6,3,6),(-2.74889357189,0.,2.74889357189),.UNSPECIFIED.) ;
#13129=B_SPLINE_CURVE_WITH_KNOTS('',5,(#13130,#13131,#13132,#13133,#13134,#13135,#13136,#13137,#13138),.UNSPECIFIED.,.F.,.U.,(6,3,6),(0.,2.38298128435,3.07032387831),.UNSPECIFIED.) ;
#13183=B_SPLINE_CURVE_WITH_KNOTS('',5,(#13184,#13185,#13186,#13187,#13188,#13189,#13190,#13191,#13192),.UNSPECIFIED.,.F.,.U.,(6,3,6),(0.,0.616919870327,0.771092396787),.UNSPECIFIED.) ;
#13196=B_SPLINE_CURVE_WITH_KNOTS('',5,(#13197,#13198,#13199,#13200,#13201,#13202,#13203,#13204,#13205),.UNSPECIFIED.,.F.,.U.,(6,3,6),(0.,0.462189164979,0.769947169695),.UNSPECIFIED.) ;
#13223=B_SPLINE_CURVE_WITH_KNOTS('',5,(#13224,#13225,#13226,#13227,#13228,#13229,#13230,#13231,#13232,#13233,#13234,#13235),.UNSPECIFIED.,.F.,.U.,(6,3,3,6),(0.,0.610539350496,1.22108037994,1.54195341796),.UNSPECIFIED.) ;
#13244=B_SPLINE_CURVE_WITH_KNOTS('',5,(#13245,#13246,#13247,#13248,#13249,#13250,#13251,#13252,#13253),.UNSPECIFIED.,.F.,.U.,(6,3,6),(0.,0.616919870329,0.77109239679),.UNSPECIFIED.) ;
#13257=B_SPLINE_CURVE_WITH_KNOTS('',5,(#13258,#13259,#13260,#13261,#13262,#13263,#13264,#13265,#13266),.UNSPECIFIED.,.F.,.U.,(6,3,6),(0.,0.462189164979,0.769947169696),.UNSPECIFIED.) ;
#13284=B_SPLINE_CURVE_WITH_KNOTS('',5,(#13285,#13286,#13287,#13288,#13289,#13290,#13291,#13292,#13293,#13294,#13295,#13296),.UNSPECIFIED.,.F.,.U.,(6,3,3,6),(0.,0.610539350498,1.22108037994,1.54195341796),.UNSPECIFIED.) ;
#13328=B_SPLINE_CURVE_WITH_KNOTS('',4,(#13329,#13330,#13331,#13332,#13333),.UNSPECIFIED.,.F.,.U.,(5,5),(0.,19.075799486),.UNSPECIFIED.) ;
#13337=B_SPLINE_CURVE_WITH_KNOTS('',4,(#13338,#13339,#13340,#13341,#13342),.UNSPECIFIED.,.F.,.U.,(5,5),(0.,17.6378725669),.UNSPECIFIED.) ;
#13399=B_SPLINE_CURVE_WITH_KNOTS('',5,(#13400,#13401,#13402,#13403,#13404,#13405,#13406,#13407,#13408),.UNSPECIFIED.,.F.,.U.,(6,3,6),(0.,1.15625549873,1.44527405627),.UNSPECIFIED.) ;
#13426=B_SPLINE_CURVE_WITH_KNOTS('',5,(#13427,#13428,#13429,#13430,#13431,#13432),.UNSPECIFIED.,.F.,.U.,(6,6),(0.,0.721768057975),.UNSPECIFIED.) ;
#13436=B_SPLINE_CURVE_WITH_KNOTS('',5,(#13437,#13438,#13439,#13440,#13441,#13442),.UNSPECIFIED.,.F.,.U.,(6,6),(0.,0.721201745782),.UNSPECIFIED.) ;
#13465=B_SPLINE_CURVE_WITH_KNOTS('',5,(#13466,#13467,#13468,#13469,#13470,#13471),.UNSPECIFIED.,.F.,.U.,(6,6),(0.,0.721768057975),.UNSPECIFIED.) ;
#13475=B_SPLINE_CURVE_WITH_KNOTS('',5,(#13476,#13477,#13478,#13479,#13480,#13481),.UNSPECIFIED.,.F.,.U.,(6,6),(0.,0.721201745781),.UNSPECIFIED.) ;
#13506=B_SPLINE_CURVE_WITH_KNOTS('',5,(#13507,#13508,#13509,#13510,#13511,#13512),.UNSPECIFIED.,.F.,.U.,(6,6),(0.,2.02230091528),.UNSPECIFIED.) ;
#13516=B_SPLINE_CURVE_WITH_KNOTS('',5,(#13517,#13518,#13519,#13520,#13521,#13522),.UNSPECIFIED.,.F.,.U.,(6,6),(0.,1.03979841925),.UNSPECIFIED.) ;
#13543=B_SPLINE_CURVE_WITH_KNOTS('',5,(#13544,#13545,#13546,#13547,#13548,#13549),.UNSPECIFIED.,.F.,.U.,(6,6),(0.,2.02230091528),.UNSPECIFIED.) ;
#13553=B_SPLINE_CURVE_WITH_KNOTS('',5,(#13554,#13555,#13556,#13557,#13558,#13559),.UNSPECIFIED.,.F.,.U.,(6,6),(0.,1.03979841925),.UNSPECIFIED.) ;
#13594=B_SPLINE_CURVE_WITH_KNOTS('',5,(#13595,#13596,#13597,#13598,#13599,#13600,#13601,#13602,#13603),.UNSPECIFIED.,.F.,.U.,(6,3,6),(0.,29.4699754301,36.8469640184),.UNSPECIFIED.) ;
#13669=B_SPLINE_CURVE_WITH_KNOTS('',5,(#13670,#13671,#13672,#13673,#13674,#13675,#13676,#13677,#13678),.UNSPECIFIED.,.F.,.U.,(6,3,6),(0.,29.4699754286,36.8469640166),.UNSPECIFIED.) ;
#13711=B_SPLINE_CURVE_WITH_KNOTS('',5,(#13712,#13713,#13714,#13715,#13716,#13717),.UNSPECIFIED.,.F.,.U.,(6,6),(0.,2.02230091528),.UNSPECIFIED.) ;
#13721=B_SPLINE_CURVE_WITH_KNOTS('',5,(#13722,#13723,#13724,#13725,#13726,#13727),.UNSPECIFIED.,.F.,.U.,(6,6),(0.,1.03979841925),.UNSPECIFIED.) ;
#13743=B_SPLINE_CURVE_WITH_KNOTS('',5,(#13744,#13745,#13746,#13747,#13748,#13749,#13750,#13751,#13752),.UNSPECIFIED.,.F.,.U.,(6,3,6),(0.,29.469974857,36.8469632673),.UNSPECIFIED.) ;
#13838=B_SPLINE_CURVE_WITH_KNOTS('',5,(#13839,#13840,#13841,#13842,#13843,#13844,#13845,#13846,#13847),.UNSPECIFIED.,.F.,.U.,(6,3,6),(-2.74889357189,0.,2.74889357189),.UNSPECIFIED.) ;
#13869=B_SPLINE_CURVE_WITH_KNOTS('',5,(#13870,#13871,#13872,#13873,#13874,#13875,#13876,#13877,#13878),.UNSPECIFIED.,.F.,.U.,(6,3,6),(-2.74889357189,0.,2.74889357189),.UNSPECIFIED.) ;
#38=MANIFOLD_SOLID_BREP('Solid1',#47) ;
#8590=MANIFOLD_SOLID_BREP('Solid1',#8592) ;
#12115=MANIFOLD_SOLID_BREP('Solid1',#12117) ;
#13112=MANIFOLD_SOLID_BREP('Solid1',#13114) ;
#56=CIRCLE('generated circle',#55,1.78) ;
#72=CIRCLE('generated circle',#71,1.78) ;
#144=CIRCLE('generated circle',#143,0.639999996753) ;
#151=CIRCLE('generated circle',#150,1.7800000295) ;
#158=CIRCLE('generated circle',#157,0.639999996753) ;
#181=CIRCLE('generated circle',#180,0.639999996753) ;
#186=CIRCLE('generated circle',#185,0.639999996753) ;
#209=CIRCLE('generated circle',#208,0.639999996753) ;
#216=CIRCLE('generated circle',#215,1.7800000295) ;
#223=CIRCLE('generated circle',#222,0.639999996753) ;
#272=CIRCLE('generated circle',#271,0.999999990888) ;
#580=CIRCLE('generated circle',#579,1.00000000736) ;
#600=CIRCLE('generated circle',#599,1.27000000367) ;
#673=CIRCLE('generated circle',#672,0.640000014506) ;
#696=CIRCLE('generated circle',#695,0.640000004326) ;
#703=CIRCLE('generated circle',#702,1.77999994933) ;
#710=CIRCLE('generated circle',#709,1.77999994933) ;
#717=CIRCLE('generated circle',#716,0.640000004326) ;
#740=CIRCLE('generated circle',#739,0.640000004326) ;
#747=CIRCLE('generated circle',#746,1.77999994933) ;
#754=CIRCLE('generated circle',#753,1.77999994933) ;
#761=CIRCLE('generated circle',#760,0.640000004326) ;
#784=CIRCLE('generated circle',#783,0.640000004326) ;
#791=CIRCLE('generated circle',#790,1.77999994933) ;
#798=CIRCLE('generated circle',#797,1.77999994933) ;
#805=CIRCLE('generated circle',#804,0.639999914828) ;
#858=CIRCLE('generated circle',#857,0.639999998843) ;
#872=CIRCLE('generated circle',#871,3.99999999992) ;
#1114=CIRCLE('generated circle',#1113,3.99999999992) ;
#1204=CIRCLE('generated circle',#1203,3.99999999992) ;
#1446=CIRCLE('generated circle',#1445,3.99999999992) ;
#1460=CIRCLE('generated circle',#1459,0.639999998843) ;
#1513=CIRCLE('generated circle',#1512,0.639999914828) ;
#1520=CIRCLE('generated circle',#1519,1.77999994933) ;
#1527=CIRCLE('generated circle',#1526,1.77999994933) ;
#1534=CIRCLE('generated circle',#1533,0.640000004326) ;
#1557=CIRCLE('generated circle',#1556,0.640000004326) ;
#1564=CIRCLE('generated circle',#1563,1.77999994933) ;
#1571=CIRCLE('generated circle',#1570,1.77999994933) ;
#1578=CIRCLE('generated circle',#1577,0.640000004326) ;
#1601=CIRCLE('generated circle',#1600,0.640000004326) ;
#1608=CIRCLE('generated circle',#1607,1.77999994933) ;
#1615=CIRCLE('generated circle',#1614,1.77999994933) ;
#1622=CIRCLE('generated circle',#1621,0.640000004326) ;
#1645=CIRCLE('generated circle',#1644,0.640000014506) ;
#1718=CIRCLE('generated circle',#1717,1.27000000367) ;
#1738=CIRCLE('generated circle',#1737,1.00000000736) ;
#2046=CIRCLE('generated circle',#2045,0.999999990888) ;
#2095=CIRCLE('generated circle',#2094,0.639999996753) ;
#2102=CIRCLE('generated circle',#2101,1.7800000295) ;
#2109=CIRCLE('generated circle',#2108,0.639999996753) ;
#2132=CIRCLE('generated circle',#2131,0.639999996753) ;
#2139=CIRCLE('generated circle',#2138,1.7800000295) ;
#2146=CIRCLE('generated circle',#2145,0.639999996753) ;
#2169=CIRCLE('generated circle',#2168,0.639999996753) ;
#2176=CIRCLE('generated circle',#2175,1.7800000295) ;
#2183=CIRCLE('generated circle',#2182,0.639999996753) ;
#2235=CIRCLE('generated circle',#2234,1.00000000316) ;
#2249=CIRCLE('generated circle',#2248,1.00000000316) ;
#2499=CIRCLE('generated circle',#2498,0.64) ;
#2517=CIRCLE('generated circle',#2516,0.999999999302) ;
#2585=CIRCLE('generated circle',#2584,0.999999999302) ;
#2592=CIRCLE('generated circle',#2591,0.320000000579) ;
#2635=CIRCLE('generated circle',#2634,0.320000007588) ;
#2678=CIRCLE('generated circle',#2677,0.320000007588) ;
#2721=CIRCLE('generated circle',#2720,0.320000005031) ;
#2735=CIRCLE('generated circle',#2734,1.00000000013) ;
#3069=CIRCLE('generated circle',#3068,3.48000001335) ;
#3096=CIRCLE('generated circle',#3095,0.24999999761) ;
#3110=CIRCLE('generated circle',#3109,0.24999999761) ;
#3124=CIRCLE('generated circle',#3123,0.399999989873) ;
#3144=CIRCLE('generated circle',#3143,0.319999993381) ;
#3197=CIRCLE('generated circle',#3196,0.319999993381) ;
#3250=CIRCLE('generated circle',#3249,0.319999993381) ;
#3300=CIRCLE('generated circle',#3299,0.640000002443) ;
#3314=CIRCLE('generated circle',#3313,0.989999999949) ;
#3377=CIRCLE('generated circle',#3376,0.299999999814) ;
#3391=CIRCLE('generated circle',#3390,0.300000000745) ;
#3405=CIRCLE('generated circle',#3404,0.300000000745) ;
#3419=CIRCLE('generated circle',#3418,0.300000000745) ;
#3433=CIRCLE('generated circle',#3432,0.299999999814) ;
#3447=CIRCLE('generated circle',#3446,0.299999999814) ;
#3487=CIRCLE('generated circle',#3486,0.299999999814) ;
#3501=CIRCLE('generated circle',#3500,0.299999999814) ;
#3541=CIRCLE('generated circle',#3540,0.299999999814) ;
#3555=CIRCLE('generated circle',#3554,0.299999999814) ;
#3569=CIRCLE('generated circle',#3568,0.300000000745) ;
#3583=CIRCLE('generated circle',#3582,0.300000000745) ;
#3597=CIRCLE('generated circle',#3596,0.300000000745) ;
#3611=CIRCLE('generated circle',#3610,0.299999999814) ;
#3674=CIRCLE('generated circle',#3673,0.989999999949) ;
#3688=CIRCLE('generated circle',#3687,0.640000002443) ;
#3738=CIRCLE('generated circle',#3737,0.319999993381) ;
#3791=CIRCLE('generated circle',#3790,0.319999993381) ;
#3844=CIRCLE('generated circle',#3843,0.319999993381) ;
#3864=CIRCLE('generated circle',#3863,0.399999989873) ;
#3878=CIRCLE('generated circle',#3877,0.24999999761) ;
#3892=CIRCLE('generated circle',#3891,0.24999999761) ;
#3919=CIRCLE('generated circle',#3918,3.48000001335) ;
#4253=CIRCLE('generated circle',#4252,1.00000000013) ;
#4267=CIRCLE('generated circle',#4266,0.320000005031) ;
#4310=CIRCLE('generated circle',#4309,0.320000007588) ;
#4328=CIRCLE('generated circle',#4327,0.320000007588) ;
#4371=CIRCLE('generated circle',#4370,0.320000000579) ;
#8986=CIRCLE('generated circle',#8985,2.99999999994) ;
#9014=CIRCLE('generated circle',#9013,2.99999999676) ;
#9042=CIRCLE('generated circle',#9041,2.99999999994) ;
#9070=CIRCLE('generated circle',#9069,3.00000000312) ;
#9132=CIRCLE('generated circle',#9131,3.99999999992) ;
#9148=CIRCLE('generated circle',#9147,3.99999999992) ;
#9162=CIRCLE('generated circle',#9161,3.99999999992) ;
#9176=CIRCLE('generated circle',#9175,3.99999999992) ;
#9674=CIRCLE('generated circle',#9673,4.) ;
#9724=CIRCLE('generated circle',#9723,4.) ;
#9774=CIRCLE('generated circle',#9773,4.) ;
#10179=CIRCLE('generated circle',#10178,4.) ;
#10229=CIRCLE('generated circle',#10228,4.) ;
#10279=CIRCLE('generated circle',#10278,4.) ;
#10329=CIRCLE('generated circle',#10328,4.) ;
#10627=CIRCLE('generated circle',#10626,0.2) ;
#10636=CIRCLE('generated circle',#10635,0.2) ;
#10641=CIRCLE('generated circle',#10640,0.2) ;
#10648=CIRCLE('generated circle',#10647,0.2) ;
#10655=CIRCLE('generated circle',#10654,4.5589377202) ;
#10682=CIRCLE('generated circle',#10681,0.2) ;
#10700=CIRCLE('generated circle',#10699,0.2) ;
#10709=CIRCLE('generated circle',#10708,0.2) ;
#10714=CIRCLE('generated circle',#10713,0.2) ;
#10721=CIRCLE('generated circle',#10720,4.5589377202) ;
#10748=CIRCLE('generated circle',#10747,0.2) ;
#10766=CIRCLE('generated circle',#10765,0.2) ;
#10773=CIRCLE('generated circle',#10772,4.5589377202) ;
#10780=CIRCLE('generated circle',#10779,0.2) ;
#10787=CIRCLE('generated circle',#10786,0.2) ;
#10814=CIRCLE('generated circle',#10813,0.2) ;
#10832=CIRCLE('generated circle',#10831,0.2) ;
#10839=CIRCLE('generated circle',#10838,4.5589377202) ;
#10846=CIRCLE('generated circle',#10845,0.2) ;
#10853=CIRCLE('generated circle',#10852,0.2) ;
#10891=CIRCLE('generated circle',#10890,0.2) ;
#10898=CIRCLE('generated circle',#10897,0.2) ;
#10905=CIRCLE('generated circle',#10904,4.54219901184) ;
#10912=CIRCLE('generated circle',#10911,0.2) ;
#10919=CIRCLE('generated circle',#10918,0.2) ;
#10946=CIRCLE('generated circle',#10945,0.2) ;
#10964=CIRCLE('generated circle',#10963,0.2) ;
#10973=CIRCLE('generated circle',#10972,0.2) ;
#10978=CIRCLE('generated circle',#10977,0.2) ;
#10985=CIRCLE('generated circle',#10984,4.54219901184) ;
#11012=CIRCLE('generated circle',#11011,0.2) ;
#11030=CIRCLE('generated circle',#11029,0.2) ;
#11039=CIRCLE('generated circle',#11038,0.2) ;
#11044=CIRCLE('generated circle',#11043,0.2) ;
#11051=CIRCLE('generated circle',#11050,4.54219901184) ;
#11097=CIRCLE('generated circle',#11096,0.2) ;
#11104=CIRCLE('generated circle',#11103,4.54219901184) ;
#11111=CIRCLE('generated circle',#11110,0.2) ;
#11118=CIRCLE('generated circle',#11117,0.2) ;
#11632=CIRCLE('generated circle',#11631,5.49956022683) ;
#11637=CIRCLE('generated circle',#11636,0.2) ;
#11644=CIRCLE('generated circle',#11643,0.2) ;
#11649=CIRCLE('generated circle',#11648,0.2) ;
#11656=CIRCLE('generated circle',#11655,0.2) ;
#11694=CIRCLE('generated circle',#11693,5.49956022683) ;
#11699=CIRCLE('generated circle',#11698,0.2) ;
#11706=CIRCLE('generated circle',#11705,0.2) ;
#11711=CIRCLE('generated circle',#11710,0.2) ;
#11718=CIRCLE('generated circle',#11717,0.2) ;
#11738=CIRCLE('generated circle',#11737,5.49956022683) ;
#11745=CIRCLE('generated circle',#11744,0.2) ;
#11750=CIRCLE('generated circle',#11749,0.2) ;
#11786=CIRCLE('generated circle',#11785,5.49956022683) ;
#11793=CIRCLE('generated circle',#11792,0.2) ;
#11798=CIRCLE('generated circle',#11797,0.2) ;
#11881=CIRCLE('generated circle',#11880,0.2) ;
#11916=CIRCLE('generated circle',#11915,0.2) ;
#12126=CIRCLE('generated circle',#12125,2.8749999995) ;
#12142=CIRCLE('generated circle',#12141,1.7500000005) ;
#12484=CIRCLE('generated circle',#12483,1.7500000005) ;
#12572=CIRCLE('generated circle',#12571,3.99) ;
#12622=CIRCLE('generated circle',#12621,3.99) ;
#12672=CIRCLE('generated circle',#12671,3.99) ;
#12722=CIRCLE('generated circle',#12721,3.99) ;
#12747=CIRCLE('generated circle',#12746,1.7500000005) ;
#12772=CIRCLE('generated circle',#12771,1.7500000005) ;
#12797=CIRCLE('generated circle',#12796,1.7500000005) ;
#12822=CIRCLE('generated circle',#12821,1.7500000005) ;
#12847=CIRCLE('generated circle',#12846,1.7500000005) ;
#12872=CIRCLE('generated circle',#12871,1.7500000005) ;
#12928=CIRCLE('generated circle',#12927,1.75) ;
#12937=CIRCLE('generated circle',#12936,1.75) ;
#12946=CIRCLE('generated circle',#12945,1.75) ;
#12955=CIRCLE('generated circle',#12954,1.75) ;
#12964=CIRCLE('generated circle',#12963,1.75) ;
#12973=CIRCLE('generated circle',#12972,1.75) ;
#13349=CIRCLE('generated circle',#13348,1.5) ;
#13368=CIRCLE('generated circle',#13367,2.75) ;
#13377=CIRCLE('generated circle',#13376,2.75) ;
#13798=CIRCLE('generated circle',#13797,1.75000000094) ;
#13816=CIRCLE('generated circle',#13815,1.75000000094) ;
#13910=CIRCLE('generated circle',#13909,1.25000000022) ;
#13928=CIRCLE('generated circle',#13927,1.25000000022) ;
#39=COLOUR_RGB('Colour',0.823529411765,0.823529411765,1.) ;
#88=COLOUR_RGB('Colour',0.752941176471,0.752941176471,0.752941176471) ;
#12158=COLOUR_RGB('Colour',0.847058823529,0.839215686275,0.839215686275) ;
#12122=CONICAL_SURFACE('Cone',#12121,2.3125,0.7853981625) ;
#12480=CONICAL_SURFACE('Cone',#12479,2.3125,0.7853981625) ;
#12736=CONICAL_SURFACE('Cone',#12735,2.3125,0.7853981625) ;
#12768=CONICAL_SURFACE('Cone',#12767,2.3125,0.7853981625) ;
#12786=CONICAL_SURFACE('Cone',#12785,2.3125,0.7853981625) ;
#12818=CONICAL_SURFACE('Cone',#12817,2.3125,0.7853981625) ;
#12836=CONICAL_SURFACE('Cone',#12835,2.3125,0.7853981625) ;
#12868=CONICAL_SURFACE('Cone',#12867,2.3125,0.7853981625) ;
#13327=CONICAL_SURFACE('Cone',#13326,1.5,0.34906585) ;
#13574=CONICAL_SURFACE('Cone',#13573,1.5,0.34906585) ;
#13593=CONICAL_SURFACE('Cone',#13592,1.5,0.34906585) ;
#13649=CONICAL_SURFACE('Cone',#13648,1.5,0.34906585) ;
#13668=CONICAL_SURFACE('Cone',#13667,1.5,0.34906585) ;
#13742=CONICAL_SURFACE('Cone',#13741,1.5,0.34906585) ;
#13780=CONICAL_SURFACE('Cone',#13779,2.75,0.7155849925) ;
#13812=CONICAL_SURFACE('Cone',#13811,2.75,0.7155849925) ;
#13892=CONICAL_SURFACE('Cone',#13891,1.5,0.7853981625) ;
#13924=CONICAL_SURFACE('Cone',#13923,1.5,0.7853981625) ;
#95=OVER_RIDING_STYLED_ITEM(' ',(#94),#87,#46) ;
#2483=OVER_RIDING_STYLED_ITEM(' ',(#94),#2482,#46) ;
#2508=OVER_RIDING_STYLED_ITEM(' ',(#94),#2507,#46) ;
#4598=OVER_RIDING_STYLED_ITEM(' ',(#94),#4597,#46) ;
#4616=OVER_RIDING_STYLED_ITEM(' ',(#94),#4615,#46) ;
#4639=OVER_RIDING_STYLED_ITEM(' ',(#94),#4638,#46) ;
#4657=OVER_RIDING_STYLED_ITEM(' ',(#94),#4656,#46) ;
#4675=OVER_RIDING_STYLED_ITEM(' ',(#94),#4674,#46) ;
#4693=OVER_RIDING_STYLED_ITEM(' ',(#94),#4692,#46) ;
#4711=OVER_RIDING_STYLED_ITEM(' ',(#94),#4710,#46) ;
#4724=OVER_RIDING_STYLED_ITEM(' ',(#94),#4723,#46) ;
#4742=OVER_RIDING_STYLED_ITEM(' ',(#94),#4741,#46) ;
#4760=OVER_RIDING_STYLED_ITEM(' ',(#94),#4759,#46) ;
#4778=OVER_RIDING_STYLED_ITEM(' ',(#94),#4777,#46) ;
#4796=OVER_RIDING_STYLED_ITEM(' ',(#94),#4795,#46) ;
#4814=OVER_RIDING_STYLED_ITEM(' ',(#94),#4813,#46) ;
#4832=OVER_RIDING_STYLED_ITEM(' ',(#94),#4831,#46) ;
#4850=OVER_RIDING_STYLED_ITEM(' ',(#94),#4849,#46) ;
#4868=OVER_RIDING_STYLED_ITEM(' ',(#94),#4867,#46) ;
#4886=OVER_RIDING_STYLED_ITEM(' ',(#94),#4885,#46) ;
#4904=OVER_RIDING_STYLED_ITEM(' ',(#94),#4903,#46) ;
#4922=OVER_RIDING_STYLED_ITEM(' ',(#94),#4921,#46) ;
#4940=OVER_RIDING_STYLED_ITEM(' ',(#94),#4939,#46) ;
#4958=OVER_RIDING_STYLED_ITEM(' ',(#94),#4957,#46) ;
#4976=OVER_RIDING_STYLED_ITEM(' ',(#94),#4975,#46) ;
#4994=OVER_RIDING_STYLED_ITEM(' ',(#94),#4993,#46) ;
#5012=OVER_RIDING_STYLED_ITEM(' ',(#94),#5011,#46) ;
#5030=OVER_RIDING_STYLED_ITEM(' ',(#94),#5029,#46) ;
#5048=OVER_RIDING_STYLED_ITEM(' ',(#94),#5047,#46) ;
#5066=OVER_RIDING_STYLED_ITEM(' ',(#94),#5065,#46) ;
#5084=OVER_RIDING_STYLED_ITEM(' ',(#94),#5083,#46) ;
#5102=OVER_RIDING_STYLED_ITEM(' ',(#94),#5101,#46) ;
#5120=OVER_RIDING_STYLED_ITEM(' ',(#94),#5119,#46) ;
#5138=OVER_RIDING_STYLED_ITEM(' ',(#94),#5137,#46) ;
#5156=OVER_RIDING_STYLED_ITEM(' ',(#94),#5155,#46) ;
#5174=OVER_RIDING_STYLED_ITEM(' ',(#94),#5173,#46) ;
#5192=OVER_RIDING_STYLED_ITEM(' ',(#94),#5191,#46) ;
#5210=OVER_RIDING_STYLED_ITEM(' ',(#94),#5209,#46) ;
#5228=OVER_RIDING_STYLED_ITEM(' ',(#94),#5227,#46) ;
#5246=OVER_RIDING_STYLED_ITEM(' ',(#94),#5245,#46) ;
#5264=OVER_RIDING_STYLED_ITEM(' ',(#94),#5263,#46) ;
#5282=OVER_RIDING_STYLED_ITEM(' ',(#94),#5281,#46) ;
#5300=OVER_RIDING_STYLED_ITEM(' ',(#94),#5299,#46) ;
#5318=OVER_RIDING_STYLED_ITEM(' ',(#94),#5317,#46) ;
#5336=OVER_RIDING_STYLED_ITEM(' ',(#94),#5335,#46) ;
#5354=OVER_RIDING_STYLED_ITEM(' ',(#94),#5353,#46) ;
#5372=OVER_RIDING_STYLED_ITEM(' ',(#94),#5371,#46) ;
#5390=OVER_RIDING_STYLED_ITEM(' ',(#94),#5389,#46) ;
#5408=OVER_RIDING_STYLED_ITEM(' ',(#94),#5407,#46) ;
#5426=OVER_RIDING_STYLED_ITEM(' ',(#94),#5425,#46) ;
#5444=OVER_RIDING_STYLED_ITEM(' ',(#94),#5443,#46) ;
#5462=OVER_RIDING_STYLED_ITEM(' ',(#94),#5461,#46) ;
#5480=OVER_RIDING_STYLED_ITEM(' ',(#94),#5479,#46) ;
#5498=OVER_RIDING_STYLED_ITEM(' ',(#94),#5497,#46) ;
#5516=OVER_RIDING_STYLED_ITEM(' ',(#94),#5515,#46) ;
#5534=OVER_RIDING_STYLED_ITEM(' ',(#94),#5533,#46) ;
#5552=OVER_RIDING_STYLED_ITEM(' ',(#94),#5551,#46) ;
#5570=OVER_RIDING_STYLED_ITEM(' ',(#94),#5569,#46) ;
#5588=OVER_RIDING_STYLED_ITEM(' ',(#94),#5587,#46) ;
#5606=OVER_RIDING_STYLED_ITEM(' ',(#94),#5605,#46) ;
#5624=OVER_RIDING_STYLED_ITEM(' ',(#94),#5623,#46) ;
#5642=OVER_RIDING_STYLED_ITEM(' ',(#94),#5641,#46) ;
#5660=OVER_RIDING_STYLED_ITEM(' ',(#94),#5659,#46) ;
#5678=OVER_RIDING_STYLED_ITEM(' ',(#94),#5677,#46) ;
#5696=OVER_RIDING_STYLED_ITEM(' ',(#94),#5695,#46) ;
#5714=OVER_RIDING_STYLED_ITEM(' ',(#94),#5713,#46) ;
#5732=OVER_RIDING_STYLED_ITEM(' ',(#94),#5731,#46) ;
#5750=OVER_RIDING_STYLED_ITEM(' ',(#94),#5749,#46) ;
#5768=OVER_RIDING_STYLED_ITEM(' ',(#94),#5767,#46) ;
#5786=OVER_RIDING_STYLED_ITEM(' ',(#94),#5785,#46) ;
#5804=OVER_RIDING_STYLED_ITEM(' ',(#94),#5803,#46) ;
#5822=OVER_RIDING_STYLED_ITEM(' ',(#94),#5821,#46) ;
#5840=OVER_RIDING_STYLED_ITEM(' ',(#94),#5839,#46) ;
#5858=OVER_RIDING_STYLED_ITEM(' ',(#94),#5857,#46) ;
#5876=OVER_RIDING_STYLED_ITEM(' ',(#94),#5875,#46) ;
#5894=OVER_RIDING_STYLED_ITEM(' ',(#94),#5893,#46) ;
#5912=OVER_RIDING_STYLED_ITEM(' ',(#94),#5911,#46) ;
#5930=OVER_RIDING_STYLED_ITEM(' ',(#94),#5929,#46) ;
#5948=OVER_RIDING_STYLED_ITEM(' ',(#94),#5947,#46) ;
#5966=OVER_RIDING_STYLED_ITEM(' ',(#94),#5965,#46) ;
#5984=OVER_RIDING_STYLED_ITEM(' ',(#94),#5983,#46) ;
#6002=OVER_RIDING_STYLED_ITEM(' ',(#94),#6001,#46) ;
#6020=OVER_RIDING_STYLED_ITEM(' ',(#94),#6019,#46) ;
#6038=OVER_RIDING_STYLED_ITEM(' ',(#94),#6037,#46) ;
#6056=OVER_RIDING_STYLED_ITEM(' ',(#94),#6055,#46) ;
#6074=OVER_RIDING_STYLED_ITEM(' ',(#94),#6073,#46) ;
#6092=OVER_RIDING_STYLED_ITEM(' ',(#94),#6091,#46) ;
#6110=OVER_RIDING_STYLED_ITEM(' ',(#94),#6109,#46) ;
#6128=OVER_RIDING_STYLED_ITEM(' ',(#94),#6127,#46) ;
#6146=OVER_RIDING_STYLED_ITEM(' ',(#94),#6145,#46) ;
#6164=OVER_RIDING_STYLED_ITEM(' ',(#94),#6163,#46) ;
#6182=OVER_RIDING_STYLED_ITEM(' ',(#94),#6181,#46) ;
#6200=OVER_RIDING_STYLED_ITEM(' ',(#94),#6199,#46) ;
#6218=OVER_RIDING_STYLED_ITEM(' ',(#94),#6217,#46) ;
#6236=OVER_RIDING_STYLED_ITEM(' ',(#94),#6235,#46) ;
#6254=OVER_RIDING_STYLED_ITEM(' ',(#94),#6253,#46) ;
#6272=OVER_RIDING_STYLED_ITEM(' ',(#94),#6271,#46) ;
#6290=OVER_RIDING_STYLED_ITEM(' ',(#94),#6289,#46) ;
#6308=OVER_RIDING_STYLED_ITEM(' ',(#94),#6307,#46) ;
#6326=OVER_RIDING_STYLED_ITEM(' ',(#94),#6325,#46) ;
#6344=OVER_RIDING_STYLED_ITEM(' ',(#94),#6343,#46) ;
#6362=OVER_RIDING_STYLED_ITEM(' ',(#94),#6361,#46) ;
#6380=OVER_RIDING_STYLED_ITEM(' ',(#94),#6379,#46) ;
#6398=OVER_RIDING_STYLED_ITEM(' ',(#94),#6397,#46) ;
#6416=OVER_RIDING_STYLED_ITEM(' ',(#94),#6415,#46) ;
#6434=OVER_RIDING_STYLED_ITEM(' ',(#94),#6433,#46) ;
#6452=OVER_RIDING_STYLED_ITEM(' ',(#94),#6451,#46) ;
#6470=OVER_RIDING_STYLED_ITEM(' ',(#94),#6469,#46) ;
#6488=OVER_RIDING_STYLED_ITEM(' ',(#94),#6487,#46) ;
#6506=OVER_RIDING_STYLED_ITEM(' ',(#94),#6505,#46) ;
#6524=OVER_RIDING_STYLED_ITEM(' ',(#94),#6523,#46) ;
#6542=OVER_RIDING_STYLED_ITEM(' ',(#94),#6541,#46) ;
#6560=OVER_RIDING_STYLED_ITEM(' ',(#94),#6559,#46) ;
#6578=OVER_RIDING_STYLED_ITEM(' ',(#94),#6577,#46) ;
#6596=OVER_RIDING_STYLED_ITEM(' ',(#94),#6595,#46) ;
#6614=OVER_RIDING_STYLED_ITEM(' ',(#94),#6613,#46) ;
#6632=OVER_RIDING_STYLED_ITEM(' ',(#94),#6631,#46) ;
#6650=OVER_RIDING_STYLED_ITEM(' ',(#94),#6649,#46) ;
#6668=OVER_RIDING_STYLED_ITEM(' ',(#94),#6667,#46) ;
#6686=OVER_RIDING_STYLED_ITEM(' ',(#94),#6685,#46) ;
#6704=OVER_RIDING_STYLED_ITEM(' ',(#94),#6703,#46) ;
#6722=OVER_RIDING_STYLED_ITEM(' ',(#94),#6721,#46) ;
#6740=OVER_RIDING_STYLED_ITEM(' ',(#94),#6739,#46) ;
#6758=OVER_RIDING_STYLED_ITEM(' ',(#94),#6757,#46) ;
#6776=OVER_RIDING_STYLED_ITEM(' ',(#94),#6775,#46) ;
#6794=OVER_RIDING_STYLED_ITEM(' ',(#94),#6793,#46) ;
#6812=OVER_RIDING_STYLED_ITEM(' ',(#94),#6811,#46) ;
#6830=OVER_RIDING_STYLED_ITEM(' ',(#94),#6829,#46) ;
#6848=OVER_RIDING_STYLED_ITEM(' ',(#94),#6847,#46) ;
#6866=OVER_RIDING_STYLED_ITEM(' ',(#94),#6865,#46) ;
#6884=OVER_RIDING_STYLED_ITEM(' ',(#94),#6883,#46) ;
#6902=OVER_RIDING_STYLED_ITEM(' ',(#94),#6901,#46) ;
#6920=OVER_RIDING_STYLED_ITEM(' ',(#94),#6919,#46) ;
#6938=OVER_RIDING_STYLED_ITEM(' ',(#94),#6937,#46) ;
#6956=OVER_RIDING_STYLED_ITEM(' ',(#94),#6955,#46) ;
#6974=OVER_RIDING_STYLED_ITEM(' ',(#94),#6973,#46) ;
#6992=OVER_RIDING_STYLED_ITEM(' ',(#94),#6991,#46) ;
#7010=OVER_RIDING_STYLED_ITEM(' ',(#94),#7009,#46) ;
#7028=OVER_RIDING_STYLED_ITEM(' ',(#94),#7027,#46) ;
#7046=OVER_RIDING_STYLED_ITEM(' ',(#94),#7045,#46) ;
#7064=OVER_RIDING_STYLED_ITEM(' ',(#94),#7063,#46) ;
#7082=OVER_RIDING_STYLED_ITEM(' ',(#94),#7081,#46) ;
#7100=OVER_RIDING_STYLED_ITEM(' ',(#94),#7099,#46) ;
#7118=OVER_RIDING_STYLED_ITEM(' ',(#94),#7117,#46) ;
#7136=OVER_RIDING_STYLED_ITEM(' ',(#94),#7135,#46) ;
#7154=OVER_RIDING_STYLED_ITEM(' ',(#94),#7153,#46) ;
#7172=OVER_RIDING_STYLED_ITEM(' ',(#94),#7171,#46) ;
#7190=OVER_RIDING_STYLED_ITEM(' ',(#94),#7189,#46) ;
#7208=OVER_RIDING_STYLED_ITEM(' ',(#94),#7207,#46) ;
#7226=OVER_RIDING_STYLED_ITEM(' ',(#94),#7225,#46) ;
#7244=OVER_RIDING_STYLED_ITEM(' ',(#94),#7243,#46) ;
#7262=OVER_RIDING_STYLED_ITEM(' ',(#94),#7261,#46) ;
#7280=OVER_RIDING_STYLED_ITEM(' ',(#94),#7279,#46) ;
#7298=OVER_RIDING_STYLED_ITEM(' ',(#94),#7297,#46) ;
#7316=OVER_RIDING_STYLED_ITEM(' ',(#94),#7315,#46) ;
#7334=OVER_RIDING_STYLED_ITEM(' ',(#94),#7333,#46) ;
#7352=OVER_RIDING_STYLED_ITEM(' ',(#94),#7351,#46) ;
#7370=OVER_RIDING_STYLED_ITEM(' ',(#94),#7369,#46) ;
#7388=OVER_RIDING_STYLED_ITEM(' ',(#94),#7387,#46) ;
#7406=OVER_RIDING_STYLED_ITEM(' ',(#94),#7405,#46) ;
#7424=OVER_RIDING_STYLED_ITEM(' ',(#94),#7423,#46) ;
#7442=OVER_RIDING_STYLED_ITEM(' ',(#94),#7441,#46) ;
#7460=OVER_RIDING_STYLED_ITEM(' ',(#94),#7459,#46) ;
#7478=OVER_RIDING_STYLED_ITEM(' ',(#94),#7477,#46) ;
#7496=OVER_RIDING_STYLED_ITEM(' ',(#94),#7495,#46) ;
#7514=OVER_RIDING_STYLED_ITEM(' ',(#94),#7513,#46) ;
#7532=OVER_RIDING_STYLED_ITEM(' ',(#94),#7531,#46) ;
#7550=OVER_RIDING_STYLED_ITEM(' ',(#94),#7549,#46) ;
#7568=OVER_RIDING_STYLED_ITEM(' ',(#94),#7567,#46) ;
#7586=OVER_RIDING_STYLED_ITEM(' ',(#94),#7585,#46) ;
#7604=OVER_RIDING_STYLED_ITEM(' ',(#94),#7603,#46) ;
#7622=OVER_RIDING_STYLED_ITEM(' ',(#94),#7621,#46) ;
#7640=OVER_RIDING_STYLED_ITEM(' ',(#94),#7639,#46) ;
#7658=OVER_RIDING_STYLED_ITEM(' ',(#94),#7657,#46) ;
#7676=OVER_RIDING_STYLED_ITEM(' ',(#94),#7675,#46) ;
#7694=OVER_RIDING_STYLED_ITEM(' ',(#94),#7693,#46) ;
#7712=OVER_RIDING_STYLED_ITEM(' ',(#94),#7711,#46) ;
#7730=OVER_RIDING_STYLED_ITEM(' ',(#94),#7729,#46) ;
#7748=OVER_RIDING_STYLED_ITEM(' ',(#94),#7747,#46) ;
#7766=OVER_RIDING_STYLED_ITEM(' ',(#94),#7765,#46) ;
#7784=OVER_RIDING_STYLED_ITEM(' ',(#94),#7783,#46) ;
#7802=OVER_RIDING_STYLED_ITEM(' ',(#94),#7801,#46) ;
#7820=OVER_RIDING_STYLED_ITEM(' ',(#94),#7819,#46) ;
#7838=OVER_RIDING_STYLED_ITEM(' ',(#94),#7837,#46) ;
#7856=OVER_RIDING_STYLED_ITEM(' ',(#94),#7855,#46) ;
#7874=OVER_RIDING_STYLED_ITEM(' ',(#94),#7873,#46) ;
#7892=OVER_RIDING_STYLED_ITEM(' ',(#94),#7891,#46) ;
#7910=OVER_RIDING_STYLED_ITEM(' ',(#94),#7909,#46) ;
#7928=OVER_RIDING_STYLED_ITEM(' ',(#94),#7927,#46) ;
#7946=OVER_RIDING_STYLED_ITEM(' ',(#94),#7945,#46) ;
#7964=OVER_RIDING_STYLED_ITEM(' ',(#94),#7963,#46) ;
#7982=OVER_RIDING_STYLED_ITEM(' ',(#94),#7981,#46) ;
#8000=OVER_RIDING_STYLED_ITEM(' ',(#94),#7999,#46) ;
#8018=OVER_RIDING_STYLED_ITEM(' ',(#94),#8017,#46) ;
#8036=OVER_RIDING_STYLED_ITEM(' ',(#94),#8035,#46) ;
#8054=OVER_RIDING_STYLED_ITEM(' ',(#94),#8053,#46) ;
#8072=OVER_RIDING_STYLED_ITEM(' ',(#94),#8071,#46) ;
#8090=OVER_RIDING_STYLED_ITEM(' ',(#94),#8089,#46) ;
#8108=OVER_RIDING_STYLED_ITEM(' ',(#94),#8107,#46) ;
#8126=OVER_RIDING_STYLED_ITEM(' ',(#94),#8125,#46) ;
#8144=OVER_RIDING_STYLED_ITEM(' ',(#94),#8143,#46) ;
#8162=OVER_RIDING_STYLED_ITEM(' ',(#94),#8161,#46) ;
#8180=OVER_RIDING_STYLED_ITEM(' ',(#94),#8179,#46) ;
#8198=OVER_RIDING_STYLED_ITEM(' ',(#94),#8197,#46) ;
#8216=OVER_RIDING_STYLED_ITEM(' ',(#94),#8215,#46) ;
#8234=OVER_RIDING_STYLED_ITEM(' ',(#94),#8233,#46) ;
#8252=OVER_RIDING_STYLED_ITEM(' ',(#94),#8251,#46) ;
#8270=OVER_RIDING_STYLED_ITEM(' ',(#94),#8269,#46) ;
#8288=OVER_RIDING_STYLED_ITEM(' ',(#94),#8287,#46) ;
#8306=OVER_RIDING_STYLED_ITEM(' ',(#94),#8305,#46) ;
#8324=OVER_RIDING_STYLED_ITEM(' ',(#94),#8323,#46) ;
#8342=OVER_RIDING_STYLED_ITEM(' ',(#94),#8341,#46) ;
#8360=OVER_RIDING_STYLED_ITEM(' ',(#94),#8359,#46) ;
#8378=OVER_RIDING_STYLED_ITEM(' ',(#94),#8377,#46) ;
#8396=OVER_RIDING_STYLED_ITEM(' ',(#94),#8395,#46) ;
#8414=OVER_RIDING_STYLED_ITEM(' ',(#94),#8413,#46) ;
#8432=OVER_RIDING_STYLED_ITEM(' ',(#94),#8431,#46) ;
#8450=OVER_RIDING_STYLED_ITEM(' ',(#94),#8449,#46) ;
#8468=OVER_RIDING_STYLED_ITEM(' ',(#94),#8467,#46) ;
#8486=OVER_RIDING_STYLED_ITEM(' ',(#94),#8485,#46) ;
#8504=OVER_RIDING_STYLED_ITEM(' ',(#94),#8503,#46) ;
#8522=OVER_RIDING_STYLED_ITEM(' ',(#94),#8521,#46) ;
#8540=OVER_RIDING_STYLED_ITEM(' ',(#94),#8539,#46) ;
#8553=OVER_RIDING_STYLED_ITEM(' ',(#94),#8552,#46) ;
#8640=OVER_RIDING_STYLED_ITEM(' ',(#8639),#8632,#8591) ;
#9098=OVER_RIDING_STYLED_ITEM(' ',(#8639),#9097,#8591) ;
#9123=OVER_RIDING_STYLED_ITEM(' ',(#8639),#9122,#8591) ;
#9562=OVER_RIDING_STYLED_ITEM(' ',(#8639),#9561,#8591) ;
#9580=OVER_RIDING_STYLED_ITEM(' ',(#8639),#9579,#8591) ;
#9612=OVER_RIDING_STYLED_ITEM(' ',(#8639),#9611,#8591) ;
#9640=OVER_RIDING_STYLED_ITEM(' ',(#8639),#9639,#8591) ;
#9665=OVER_RIDING_STYLED_ITEM(' ',(#8639),#9664,#8591) ;
#9690=OVER_RIDING_STYLED_ITEM(' ',(#8639),#9689,#8591) ;
#9715=OVER_RIDING_STYLED_ITEM(' ',(#8639),#9714,#8591) ;
#9740=OVER_RIDING_STYLED_ITEM(' ',(#8639),#9739,#8591) ;
#9765=OVER_RIDING_STYLED_ITEM(' ',(#8639),#9764,#8591) ;
#9783=OVER_RIDING_STYLED_ITEM(' ',(#8639),#9782,#8591) ;
#9806=OVER_RIDING_STYLED_ITEM(' ',(#8639),#9805,#8591) ;
#9819=OVER_RIDING_STYLED_ITEM(' ',(#8639),#9818,#8591) ;
#9842=OVER_RIDING_STYLED_ITEM(' ',(#8639),#9841,#8591) ;
#9855=OVER_RIDING_STYLED_ITEM(' ',(#8639),#9854,#8591) ;
#9878=OVER_RIDING_STYLED_ITEM(' ',(#8639),#9877,#8591) ;
#9891=OVER_RIDING_STYLED_ITEM(' ',(#8639),#9890,#8591) ;
#9914=OVER_RIDING_STYLED_ITEM(' ',(#8639),#9913,#8591) ;
#9927=OVER_RIDING_STYLED_ITEM(' ',(#8639),#9926,#8591) ;
#9945=OVER_RIDING_STYLED_ITEM(' ',(#8639),#9944,#8591) ;
#9963=OVER_RIDING_STYLED_ITEM(' ',(#8639),#9962,#8591) ;
#9981=OVER_RIDING_STYLED_ITEM(' ',(#8639),#9980,#8591) ;
#9999=OVER_RIDING_STYLED_ITEM(' ',(#8639),#9998,#8591) ;
#10017=OVER_RIDING_STYLED_ITEM(' ',(#8639),#10016,#8591) ;
#10035=OVER_RIDING_STYLED_ITEM(' ',(#8639),#10034,#8591) ;
#10053=OVER_RIDING_STYLED_ITEM(' ',(#8639),#10052,#8591) ;
#10071=OVER_RIDING_STYLED_ITEM(' ',(#8639),#10070,#8591) ;
#10089=OVER_RIDING_STYLED_ITEM(' ',(#8639),#10088,#8591) ;
#10107=OVER_RIDING_STYLED_ITEM(' ',(#8639),#10106,#8591) ;
#10125=OVER_RIDING_STYLED_ITEM(' ',(#8639),#10124,#8591) ;
#10143=OVER_RIDING_STYLED_ITEM(' ',(#8639),#10142,#8591) ;
#10156=OVER_RIDING_STYLED_ITEM(' ',(#8639),#10155,#8591) ;
#10188=OVER_RIDING_STYLED_ITEM(' ',(#8639),#10187,#8591) ;
#10213=OVER_RIDING_STYLED_ITEM(' ',(#8639),#10212,#8591) ;
#10238=OVER_RIDING_STYLED_ITEM(' ',(#8639),#10237,#8591) ;
#10263=OVER_RIDING_STYLED_ITEM(' ',(#8639),#10262,#8591) ;
#10288=OVER_RIDING_STYLED_ITEM(' ',(#8639),#10287,#8591) ;
#10313=OVER_RIDING_STYLED_ITEM(' ',(#8639),#10312,#8591) ;
#10338=OVER_RIDING_STYLED_ITEM(' ',(#8639),#10337,#8591) ;
#10356=OVER_RIDING_STYLED_ITEM(' ',(#8639),#10355,#8591) ;
#10487=OVER_RIDING_STYLED_ITEM(' ',(#8639),#10486,#8591) ;
#10618=OVER_RIDING_STYLED_ITEM(' ',(#8639),#10617,#8591) ;
#10666=OVER_RIDING_STYLED_ITEM(' ',(#8639),#10665,#8591) ;
#10691=OVER_RIDING_STYLED_ITEM(' ',(#8639),#10690,#8591) ;
#10732=OVER_RIDING_STYLED_ITEM(' ',(#8639),#10731,#8591) ;
#10757=OVER_RIDING_STYLED_ITEM(' ',(#8639),#10756,#8591) ;
#10798=OVER_RIDING_STYLED_ITEM(' ',(#8639),#10797,#8591) ;
#10823=OVER_RIDING_STYLED_ITEM(' ',(#8639),#10822,#8591) ;
#10864=OVER_RIDING_STYLED_ITEM(' ',(#8639),#10863,#8591) ;
#10882=OVER_RIDING_STYLED_ITEM(' ',(#8639),#10881,#8591) ;
#10930=OVER_RIDING_STYLED_ITEM(' ',(#8639),#10929,#8591) ;
#10955=OVER_RIDING_STYLED_ITEM(' ',(#8639),#10954,#8591) ;
#10996=OVER_RIDING_STYLED_ITEM(' ',(#8639),#10995,#8591) ;
#11021=OVER_RIDING_STYLED_ITEM(' ',(#8639),#11020,#8591) ;
#11062=OVER_RIDING_STYLED_ITEM(' ',(#8639),#11061,#8591) ;
#11088=OVER_RIDING_STYLED_ITEM(' ',(#8639),#11087,#8591) ;
#11129=OVER_RIDING_STYLED_ITEM(' ',(#8639),#11128,#8591) ;
#11147=OVER_RIDING_STYLED_ITEM(' ',(#8639),#11146,#8591) ;
#11165=OVER_RIDING_STYLED_ITEM(' ',(#8639),#11164,#8591) ;
#11183=OVER_RIDING_STYLED_ITEM(' ',(#8639),#11182,#8591) ;
#11220=OVER_RIDING_STYLED_ITEM(' ',(#8639),#11219,#8591) ;
#11238=OVER_RIDING_STYLED_ITEM(' ',(#8639),#11237,#8591) ;
#11275=OVER_RIDING_STYLED_ITEM(' ',(#8639),#11274,#8591) ;
#11312=OVER_RIDING_STYLED_ITEM(' ',(#8639),#11311,#8591) ;
#11330=OVER_RIDING_STYLED_ITEM(' ',(#8639),#11329,#8591) ;
#11367=OVER_RIDING_STYLED_ITEM(' ',(#8639),#11366,#8591) ;
#11385=OVER_RIDING_STYLED_ITEM(' ',(#8639),#11384,#8591) ;
#11422=OVER_RIDING_STYLED_ITEM(' ',(#8639),#11421,#8591) ;
#11440=OVER_RIDING_STYLED_ITEM(' ',(#8639),#11439,#8591) ;
#11458=OVER_RIDING_STYLED_ITEM(' ',(#8639),#11457,#8591) ;
#11495=OVER_RIDING_STYLED_ITEM(' ',(#8639),#11494,#8591) ;
#11513=OVER_RIDING_STYLED_ITEM(' ',(#8639),#11512,#8591) ;
#11550=OVER_RIDING_STYLED_ITEM(' ',(#8639),#11549,#8591) ;
#11587=OVER_RIDING_STYLED_ITEM(' ',(#8639),#11586,#8591) ;
#11605=OVER_RIDING_STYLED_ITEM(' ',(#8639),#11604,#8591) ;
#11623=OVER_RIDING_STYLED_ITEM(' ',(#8639),#11622,#8591) ;
#11667=OVER_RIDING_STYLED_ITEM(' ',(#8639),#11666,#8591) ;
#11685=OVER_RIDING_STYLED_ITEM(' ',(#8639),#11684,#8591) ;
#11729=OVER_RIDING_STYLED_ITEM(' ',(#8639),#11728,#8591) ;
#11759=OVER_RIDING_STYLED_ITEM(' ',(#8639),#11758,#8591) ;
#11777=OVER_RIDING_STYLED_ITEM(' ',(#8639),#11776,#8591) ;
#11807=OVER_RIDING_STYLED_ITEM(' ',(#8639),#11806,#8591) ;
#11825=OVER_RIDING_STYLED_ITEM(' ',(#8639),#11824,#8591) ;
#11836=OVER_RIDING_STYLED_ITEM(' ',(#8639),#11835,#8591) ;
#11854=OVER_RIDING_STYLED_ITEM(' ',(#8639),#11853,#8591) ;
#11872=OVER_RIDING_STYLED_ITEM(' ',(#8639),#11871,#8591) ;
#11889=OVER_RIDING_STYLED_ITEM(' ',(#8639),#11888,#8591) ;
#11907=OVER_RIDING_STYLED_ITEM(' ',(#8639),#11906,#8591) ;
#11924=OVER_RIDING_STYLED_ITEM(' ',(#8639),#11923,#8591) ;
#11935=OVER_RIDING_STYLED_ITEM(' ',(#8639),#11934,#8591) ;
#11953=OVER_RIDING_STYLED_ITEM(' ',(#8639),#11952,#8591) ;
#11971=OVER_RIDING_STYLED_ITEM(' ',(#8639),#11970,#8591) ;
#11984=OVER_RIDING_STYLED_ITEM(' ',(#8639),#11983,#8591) ;
#12003=OVER_RIDING_STYLED_ITEM(' ',(#8639),#12002,#8591) ;
#12021=OVER_RIDING_STYLED_ITEM(' ',(#8639),#12020,#8591) ;
#12033=OVER_RIDING_STYLED_ITEM(' ',(#8639),#12032,#8591) ;
#12051=OVER_RIDING_STYLED_ITEM(' ',(#8639),#12050,#8591) ;
#12069=OVER_RIDING_STYLED_ITEM(' ',(#8639),#12068,#8591) ;
#12080=OVER_RIDING_STYLED_ITEM(' ',(#8639),#12079,#8591) ;
#12091=OVER_RIDING_STYLED_ITEM(' ',(#8639),#12090,#8591) ;
#12165=OVER_RIDING_STYLED_ITEM(' ',(#12164),#12157,#12116) ;
#12475=OVER_RIDING_STYLED_ITEM(' ',(#12164),#12474,#12116) ;
#12493=OVER_RIDING_STYLED_ITEM(' ',(#12164),#12492,#12116) ;
#12531=OVER_RIDING_STYLED_ITEM(' ',(#12164),#12530,#12116) ;
#12563=OVER_RIDING_STYLED_ITEM(' ',(#12164),#12562,#12116) ;
#12588=OVER_RIDING_STYLED_ITEM(' ',(#12164),#12587,#12116) ;
#12613=OVER_RIDING_STYLED_ITEM(' ',(#12164),#12612,#12116) ;
#12638=OVER_RIDING_STYLED_ITEM(' ',(#12164),#12637,#12116) ;
#12663=OVER_RIDING_STYLED_ITEM(' ',(#12164),#12662,#12116) ;
#12688=OVER_RIDING_STYLED_ITEM(' ',(#12164),#12687,#12116) ;
#12713=OVER_RIDING_STYLED_ITEM(' ',(#12164),#12712,#12116) ;
#12731=OVER_RIDING_STYLED_ITEM(' ',(#12164),#12730,#12116) ;
#12763=OVER_RIDING_STYLED_ITEM(' ',(#12164),#12762,#12116) ;
#12781=OVER_RIDING_STYLED_ITEM(' ',(#12164),#12780,#12116) ;
#12813=OVER_RIDING_STYLED_ITEM(' ',(#12164),#12812,#12116) ;
#12831=OVER_RIDING_STYLED_ITEM(' ',(#12164),#12830,#12116) ;
#12863=OVER_RIDING_STYLED_ITEM(' ',(#12164),#12862,#12116) ;
#12881=OVER_RIDING_STYLED_ITEM(' ',(#12164),#12880,#12116) ;
#12905=OVER_RIDING_STYLED_ITEM(' ',(#12164),#12904,#12116) ;
#12980=OVER_RIDING_STYLED_ITEM(' ',(#12164),#12979,#12116) ;
#13003=OVER_RIDING_STYLED_ITEM(' ',(#12164),#13002,#12116) ;
#13016=OVER_RIDING_STYLED_ITEM(' ',(#12164),#13015,#12116) ;
#13039=OVER_RIDING_STYLED_ITEM(' ',(#12164),#13038,#12116) ;
#13052=OVER_RIDING_STYLED_ITEM(' ',(#12164),#13051,#12116) ;
#13075=OVER_RIDING_STYLED_ITEM(' ',(#12164),#13074,#12116) ;
#13088=OVER_RIDING_STYLED_ITEM(' ',(#12164),#13087,#12116) ;
#13168=OVER_RIDING_STYLED_ITEM(' ',(#13167),#13160,#13113) ;
#13322=OVER_RIDING_STYLED_ITEM(' ',(#13167),#13321,#13113) ;
#13359=OVER_RIDING_STYLED_ITEM(' ',(#13167),#13358,#13113) ;
#13500=OVER_RIDING_STYLED_ITEM(' ',(#13167),#13499,#13113) ;
#13532=OVER_RIDING_STYLED_ITEM(' ',(#13167),#13531,#13113) ;
#13569=OVER_RIDING_STYLED_ITEM(' ',(#13167),#13568,#13113) ;
#13588=OVER_RIDING_STYLED_ITEM(' ',(#13167),#13587,#13113) ;
#13612=OVER_RIDING_STYLED_ITEM(' ',(#13167),#13611,#13113) ;
#13630=OVER_RIDING_STYLED_ITEM(' ',(#13167),#13629,#13113) ;
#13644=OVER_RIDING_STYLED_ITEM(' ',(#13167),#13643,#13113) ;
#13663=OVER_RIDING_STYLED_ITEM(' ',(#13167),#13662,#13113) ;
#13687=OVER_RIDING_STYLED_ITEM(' ',(#13167),#13686,#13113) ;
#13705=OVER_RIDING_STYLED_ITEM(' ',(#13167),#13704,#13113) ;
#13737=OVER_RIDING_STYLED_ITEM(' ',(#13167),#13736,#13113) ;
#13762=OVER_RIDING_STYLED_ITEM(' ',(#13167),#13761,#13113) ;
#13775=OVER_RIDING_STYLED_ITEM(' ',(#13167),#13774,#13113) ;
#13807=OVER_RIDING_STYLED_ITEM(' ',(#13167),#13806,#13113) ;
#13825=OVER_RIDING_STYLED_ITEM(' ',(#13167),#13824,#13113) ;
#13863=OVER_RIDING_STYLED_ITEM(' ',(#13167),#13862,#13113) ;
#13887=OVER_RIDING_STYLED_ITEM(' ',(#13167),#13886,#13113) ;
#13919=OVER_RIDING_STYLED_ITEM(' ',(#13167),#13918,#13113) ;
#13937=OVER_RIDING_STYLED_ITEM(' ',(#13167),#13936,#13113) ;
#13948=OVER_RIDING_STYLED_ITEM(' ',(#13167),#13947,#13113) ;
#52=CYLINDRICAL_SURFACE('generated cylinder',#51,1.78) ;
#2488=CYLINDRICAL_SURFACE('generated cylinder',#2487,0.64) ;
#4603=CYLINDRICAL_SURFACE('generated cylinder',#4602,0.64) ;
#4621=CYLINDRICAL_SURFACE('generated cylinder',#4620,1.) ;
#4644=CYLINDRICAL_SURFACE('generated cylinder',#4643,0.32) ;
#4662=CYLINDRICAL_SURFACE('generated cylinder',#4661,0.64) ;
#4680=CYLINDRICAL_SURFACE('generated cylinder',#4679,1.78) ;
#4698=CYLINDRICAL_SURFACE('generated cylinder',#4697,0.64) ;
#4716=CYLINDRICAL_SURFACE('generated cylinder',#4715,0.32) ;
#4729=CYLINDRICAL_SURFACE('generated cylinder',#4728,0.32) ;
#4747=CYLINDRICAL_SURFACE('generated cylinder',#4746,0.64) ;
#4765=CYLINDRICAL_SURFACE('generated cylinder',#4764,1.78) ;
#4783=CYLINDRICAL_SURFACE('generated cylinder',#4782,0.64) ;
#4801=CYLINDRICAL_SURFACE('generated cylinder',#4800,0.32) ;
#4837=CYLINDRICAL_SURFACE('generated cylinder',#4836,1.) ;
#4855=CYLINDRICAL_SURFACE('generated cylinder',#4854,1.) ;
#5647=CYLINDRICAL_SURFACE('generated cylinder',#5646,1.) ;
#5665=CYLINDRICAL_SURFACE('generated cylinder',#5664,3.48) ;
#5683=CYLINDRICAL_SURFACE('generated cylinder',#5682,1.27) ;
#5719=CYLINDRICAL_SURFACE('generated cylinder',#5718,0.25) ;
#5755=CYLINDRICAL_SURFACE('generated cylinder',#5754,0.25) ;
#5791=CYLINDRICAL_SURFACE('generated cylinder',#5790,0.4) ;
#5809=CYLINDRICAL_SURFACE('generated cylinder',#5808,0.64) ;
#5827=CYLINDRICAL_SURFACE('generated cylinder',#5826,0.32) ;
#5845=CYLINDRICAL_SURFACE('generated cylinder',#5844,0.64) ;
#5863=CYLINDRICAL_SURFACE('generated cylinder',#5862,1.78) ;
#5881=CYLINDRICAL_SURFACE('generated cylinder',#5880,1.78) ;
#5899=CYLINDRICAL_SURFACE('generated cylinder',#5898,0.64) ;
#5917=CYLINDRICAL_SURFACE('generated cylinder',#5916,0.32) ;
#5935=CYLINDRICAL_SURFACE('generated cylinder',#5934,0.64) ;
#5953=CYLINDRICAL_SURFACE('generated cylinder',#5952,1.78) ;
#5971=CYLINDRICAL_SURFACE('generated cylinder',#5970,1.78) ;
#5989=CYLINDRICAL_SURFACE('generated cylinder',#5988,0.64) ;
#6007=CYLINDRICAL_SURFACE('generated cylinder',#6006,0.32) ;
#6025=CYLINDRICAL_SURFACE('generated cylinder',#6024,0.64) ;
#6043=CYLINDRICAL_SURFACE('generated cylinder',#6042,1.78) ;
#6061=CYLINDRICAL_SURFACE('generated cylinder',#6060,1.78) ;
#6079=CYLINDRICAL_SURFACE('generated cylinder',#6078,0.64) ;
#6097=CYLINDRICAL_SURFACE('generated cylinder',#6096,0.64) ;
#6133=CYLINDRICAL_SURFACE('generated cylinder',#6132,0.99) ;
#6169=CYLINDRICAL_SURFACE('generated cylinder',#6168,0.64) ;
#6205=CYLINDRICAL_SURFACE('generated cylinder',#6204,4.) ;
#6241=CYLINDRICAL_SURFACE('generated cylinder',#6240,0.3) ;
#6277=CYLINDRICAL_SURFACE('generated cylinder',#6276,0.3) ;
#6313=CYLINDRICAL_SURFACE('generated cylinder',#6312,0.3) ;
#6349=CYLINDRICAL_SURFACE('generated cylinder',#6348,0.3) ;
#6385=CYLINDRICAL_SURFACE('generated cylinder',#6384,0.3) ;
#6421=CYLINDRICAL_SURFACE('generated cylinder',#6420,0.3) ;
#6457=CYLINDRICAL_SURFACE('generated cylinder',#6456,4.) ;
#6493=CYLINDRICAL_SURFACE('generated cylinder',#6492,0.3) ;
#6529=CYLINDRICAL_SURFACE('generated cylinder',#6528,0.3) ;
#6565=CYLINDRICAL_SURFACE('generated cylinder',#6564,4.) ;
#6601=CYLINDRICAL_SURFACE('generated cylinder',#6600,0.3) ;
#6637=CYLINDRICAL_SURFACE('generated cylinder',#6636,0.3) ;
#6673=CYLINDRICAL_SURFACE('generated cylinder',#6672,0.3) ;
#6709=CYLINDRICAL_SURFACE('generated cylinder',#6708,0.3) ;
#6745=CYLINDRICAL_SURFACE('generated cylinder',#6744,0.3) ;
#6781=CYLINDRICAL_SURFACE('generated cylinder',#6780,0.3) ;
#6817=CYLINDRICAL_SURFACE('generated cylinder',#6816,4.) ;
#6853=CYLINDRICAL_SURFACE('generated cylinder',#6852,0.64) ;
#6889=CYLINDRICAL_SURFACE('generated cylinder',#6888,0.99) ;
#6925=CYLINDRICAL_SURFACE('generated cylinder',#6924,0.64) ;
#6943=CYLINDRICAL_SURFACE('generated cylinder',#6942,0.64) ;
#6961=CYLINDRICAL_SURFACE('generated cylinder',#6960,1.78) ;
#6979=CYLINDRICAL_SURFACE('generated cylinder',#6978,1.78) ;
#6997=CYLINDRICAL_SURFACE('generated cylinder',#6996,0.64) ;
#7015=CYLINDRICAL_SURFACE('generated cylinder',#7014,0.32) ;
#7033=CYLINDRICAL_SURFACE('generated cylinder',#7032,0.64) ;
#7051=CYLINDRICAL_SURFACE('generated cylinder',#7050,1.78) ;
#7069=CYLINDRICAL_SURFACE('generated cylinder',#7068,1.78) ;
#7087=CYLINDRICAL_SURFACE('generated cylinder',#7086,0.64) ;
#7105=CYLINDRICAL_SURFACE('generated cylinder',#7104,0.32) ;
#7123=CYLINDRICAL_SURFACE('generated cylinder',#7122,0.64) ;
#7141=CYLINDRICAL_SURFACE('generated cylinder',#7140,1.78) ;
#7159=CYLINDRICAL_SURFACE('generated cylinder',#7158,1.78) ;
#7177=CYLINDRICAL_SURFACE('generated cylinder',#7176,0.64) ;
#7195=CYLINDRICAL_SURFACE('generated cylinder',#7194,0.32) ;
#7213=CYLINDRICAL_SURFACE('generated cylinder',#7212,0.64) ;
#7231=CYLINDRICAL_SURFACE('generated cylinder',#7230,0.4) ;
#7267=CYLINDRICAL_SURFACE('generated cylinder',#7266,0.25) ;
#7303=CYLINDRICAL_SURFACE('generated cylinder',#7302,0.25) ;
#7339=CYLINDRICAL_SURFACE('generated cylinder',#7338,1.27) ;
#7357=CYLINDRICAL_SURFACE('generated cylinder',#7356,3.48) ;
#7375=CYLINDRICAL_SURFACE('generated cylinder',#7374,1.) ;
#8167=CYLINDRICAL_SURFACE('generated cylinder',#8166,1.) ;
#8185=CYLINDRICAL_SURFACE('generated cylinder',#8184,1.) ;
#8221=CYLINDRICAL_SURFACE('generated cylinder',#8220,0.32) ;
#8239=CYLINDRICAL_SURFACE('generated cylinder',#8238,0.64) ;
#8257=CYLINDRICAL_SURFACE('generated cylinder',#8256,1.78) ;
#8275=CYLINDRICAL_SURFACE('generated cylinder',#8274,0.64) ;
#8293=CYLINDRICAL_SURFACE('generated cylinder',#8292,0.32) ;
#8311=CYLINDRICAL_SURFACE('generated cylinder',#8310,0.64) ;
#8329=CYLINDRICAL_SURFACE('generated cylinder',#8328,1.78) ;
#8347=CYLINDRICAL_SURFACE('generated cylinder',#8346,0.64) ;
#8365=CYLINDRICAL_SURFACE('generated cylinder',#8364,0.32) ;
#8383=CYLINDRICAL_SURFACE('generated cylinder',#8382,0.64) ;
#8401=CYLINDRICAL_SURFACE('generated cylinder',#8400,1.78) ;
#8419=CYLINDRICAL_SURFACE('generated cylinder',#8418,0.64) ;
#8437=CYLINDRICAL_SURFACE('generated cylinder',#8436,0.32) ;
#8455=CYLINDRICAL_SURFACE('generated cylinder',#8454,1.) ;
#8491=CYLINDRICAL_SURFACE('generated cylinder',#8490,1.) ;
#8527=CYLINDRICAL_SURFACE('generated cylinder',#8526,1.) ;
#9617=CYLINDRICAL_SURFACE('generated cylinder',#9616,4.) ;
#9670=CYLINDRICAL_SURFACE('generated cylinder',#9669,4.) ;
#9720=CYLINDRICAL_SURFACE('generated cylinder',#9719,4.) ;
#9770=CYLINDRICAL_SURFACE('generated cylinder',#9769,4.) ;
#9788=CYLINDRICAL_SURFACE('generated cylinder',#9787,1.75) ;
#9811=CYLINDRICAL_SURFACE('generated cylinder',#9810,1.75) ;
#9824=CYLINDRICAL_SURFACE('generated cylinder',#9823,1.75) ;
#9847=CYLINDRICAL_SURFACE('generated cylinder',#9846,1.75) ;
#9860=CYLINDRICAL_SURFACE('generated cylinder',#9859,1.75) ;
#9883=CYLINDRICAL_SURFACE('generated cylinder',#9882,1.75) ;
#9896=CYLINDRICAL_SURFACE('generated cylinder',#9895,1.75) ;
#9919=CYLINDRICAL_SURFACE('generated cylinder',#9918,1.75) ;
#9932=CYLINDRICAL_SURFACE('generated cylinder',#9931,3.) ;
#10004=CYLINDRICAL_SURFACE('generated cylinder',#10003,3.) ;
#10076=CYLINDRICAL_SURFACE('generated cylinder',#10075,3.) ;
#10148=CYLINDRICAL_SURFACE('generated cylinder',#10147,3.) ;
#10161=CYLINDRICAL_SURFACE('generated cylinder',#10160,4.) ;
#10218=CYLINDRICAL_SURFACE('generated cylinder',#10217,4.) ;
#10268=CYLINDRICAL_SURFACE('generated cylinder',#10267,4.) ;
#10318=CYLINDRICAL_SURFACE('generated cylinder',#10317,4.) ;
#10671=CYLINDRICAL_SURFACE('generated cylinder',#10670,0.2) ;
#10737=CYLINDRICAL_SURFACE('generated cylinder',#10736,0.2) ;
#10803=CYLINDRICAL_SURFACE('generated cylinder',#10802,0.2) ;
#10869=CYLINDRICAL_SURFACE('generated cylinder',#10868,0.2) ;
#10935=CYLINDRICAL_SURFACE('generated cylinder',#10934,0.2) ;
#11001=CYLINDRICAL_SURFACE('generated cylinder',#11000,0.2) ;
#11067=CYLINDRICAL_SURFACE('generated cylinder',#11066,0.2) ;
#11134=CYLINDRICAL_SURFACE('generated cylinder',#11133,0.2) ;
#11152=CYLINDRICAL_SURFACE('generated cylinder',#11151,0.2) ;
#11170=CYLINDRICAL_SURFACE('generated cylinder',#11169,0.2) ;
#11225=CYLINDRICAL_SURFACE('generated cylinder',#11224,0.2) ;
#11317=CYLINDRICAL_SURFACE('generated cylinder',#11316,0.2) ;
#11372=CYLINDRICAL_SURFACE('generated cylinder',#11371,0.2) ;
#11427=CYLINDRICAL_SURFACE('generated cylinder',#11426,0.2) ;
#11445=CYLINDRICAL_SURFACE('generated cylinder',#11444,0.2) ;
#11500=CYLINDRICAL_SURFACE('generated cylinder',#11499,0.2) ;
#11592=CYLINDRICAL_SURFACE('generated cylinder',#11591,7.18630884027) ;
#11610=CYLINDRICAL_SURFACE('generated cylinder',#11609,7.18630884027) ;
#11672=CYLINDRICAL_SURFACE('generated cylinder',#11671,7.18630884027) ;
#11764=CYLINDRICAL_SURFACE('generated cylinder',#11763,7.18630884027) ;
#11812=CYLINDRICAL_SURFACE('generated cylinder',#11811,25.) ;
#11841=CYLINDRICAL_SURFACE('generated cylinder',#11840,25.) ;
#11859=CYLINDRICAL_SURFACE('generated cylinder',#11858,25.) ;
#11894=CYLINDRICAL_SURFACE('generated cylinder',#11893,25.) ;
#11940=CYLINDRICAL_SURFACE('generated cylinder',#11939,0.2) ;
#11958=CYLINDRICAL_SURFACE('generated cylinder',#11957,0.2) ;
#11976=CYLINDRICAL_SURFACE('generated cylinder',#11975,0.2) ;
#11989=CYLINDRICAL_SURFACE('generated cylinder',#11988,0.2) ;
#12008=CYLINDRICAL_SURFACE('generated cylinder',#12007,0.2) ;
#12026=CYLINDRICAL_SURFACE('generated cylinder',#12025,0.2) ;
#12038=CYLINDRICAL_SURFACE('generated cylinder',#12037,0.2) ;
#12056=CYLINDRICAL_SURFACE('generated cylinder',#12055,0.2) ;
#12074=CYLINDRICAL_SURFACE('generated cylinder',#12073,0.2) ;
#12085=CYLINDRICAL_SURFACE('generated cylinder',#12084,0.2) ;
#12498=CYLINDRICAL_SURFACE('generated cylinder',#12497,1.75) ;
#12568=CYLINDRICAL_SURFACE('generated cylinder',#12567,3.99) ;
#12618=CYLINDRICAL_SURFACE('generated cylinder',#12617,3.99) ;
#12668=CYLINDRICAL_SURFACE('generated cylinder',#12667,3.99) ;
#12718=CYLINDRICAL_SURFACE('generated cylinder',#12717,3.99) ;
#12886=CYLINDRICAL_SURFACE('generated cylinder',#12885,1.75) ;
#12985=CYLINDRICAL_SURFACE('generated cylinder',#12984,1.75) ;
#13008=CYLINDRICAL_SURFACE('generated cylinder',#13007,1.75) ;
#13021=CYLINDRICAL_SURFACE('generated cylinder',#13020,1.75) ;
#13044=CYLINDRICAL_SURFACE('generated cylinder',#13043,1.75) ;
#13057=CYLINDRICAL_SURFACE('generated cylinder',#13056,1.75) ;
#13080=CYLINDRICAL_SURFACE('generated cylinder',#13079,1.75) ;
#13830=CYLINDRICAL_SURFACE('generated cylinder',#13829,1.75) ;
#13868=CYLINDRICAL_SURFACE('generated cylinder',#13867,1.75) ;
#10623=TOROIDAL_SURFACE('homeo Torus',#10622,4.3861256032,0.2) ;
#10696=TOROIDAL_SURFACE('homeo Torus',#10695,4.3861256032,0.2) ;
#10762=TOROIDAL_SURFACE('homeo Torus',#10761,4.3861256032,0.2) ;
#10828=TOROIDAL_SURFACE('homeo Torus',#10827,4.3861256032,0.2) ;
#10887=TOROIDAL_SURFACE('homeo Torus',#10886,4.35004793982,0.2) ;
#10960=TOROIDAL_SURFACE('homeo Torus',#10959,4.35004793982,0.2) ;
#11026=TOROIDAL_SURFACE('homeo Torus',#11025,4.35004793982,0.2) ;
#11093=TOROIDAL_SURFACE('homeo Torus',#11092,4.35004793982,0.2) ;
#11628=TOROIDAL_SURFACE('homeo Torus',#11627,5.29956022683,0.2) ;
#11690=TOROIDAL_SURFACE('homeo Torus',#11689,5.29956022683,0.2) ;
#11734=TOROIDAL_SURFACE('homeo Torus',#11733,5.29956022683,0.2) ;
#11782=TOROIDAL_SURFACE('homeo Torus',#11781,5.29956022683,0.2) ;
#11830=TOROIDAL_SURFACE('homeo Torus',#11829,5.29956022683,0.2) ;
#11877=TOROIDAL_SURFACE('homeo Torus',#11876,5.29956022683,0.2) ;
#11912=TOROIDAL_SURFACE('homeo Torus',#11911,5.29956022683,0.2) ;
#11929=TOROIDAL_SURFACE('homeo Torus',#11928,5.29956022683,0.2) ;
#8633=DRAUGHTING_PRE_DEFINED_COLOUR('black') ;
#13161=DRAUGHTING_PRE_DEFINED_COLOUR('white') ;
#61=EDGE_CURVE('',#58,#60,#56,.F.) ;
#68=EDGE_CURVE('',#67,#58,#65,.T.) ;
#75=EDGE_CURVE('',#74,#67,#72,.T.) ;
#80=EDGE_CURVE('',#74,#60,#79,.T.) ;
#124=EDGE_CURVE('',#121,#123,#101,.T.) ;
#140=EDGE_CURVE('',#123,#139,#125,.T.) ;
#147=EDGE_CURVE('',#139,#146,#144,.T.) ;
#154=EDGE_CURVE('',#146,#153,#151,.T.) ;
#161=EDGE_CURVE('',#153,#160,#158,.T.) ;
#177=EDGE_CURVE('',#160,#176,#162,.T.) ;
#182=EDGE_CURVE('',#176,#58,#181,.T.) ;
#189=EDGE_CURVE('',#60,#188,#186,.T.) ;
#205=EDGE_CURVE('',#188,#204,#190,.T.) ;
#212=EDGE_CURVE('',#204,#211,#209,.T.) ;
#219=EDGE_CURVE('',#211,#218,#216,.T.) ;
#226=EDGE_CURVE('',#218,#225,#223,.T.) ;
#242=EDGE_CURVE('',#225,#241,#227,.T.) ;
#249=EDGE_CURVE('',#241,#248,#246,.T.) ;
#268=EDGE_CURVE('',#248,#267,#250,.T.) ;
#275=EDGE_CURVE('',#267,#274,#272,.T.) ;
#282=EDGE_CURVE('',#274,#281,#279,.T.) ;
#289=EDGE_CURVE('',#281,#288,#286,.T.) ;
#296=EDGE_CURVE('',#288,#295,#293,.T.) ;
#303=EDGE_CURVE('',#295,#302,#300,.T.) ;
#310=EDGE_CURVE('',#302,#309,#307,.T.) ;
#317=EDGE_CURVE('',#309,#316,#314,.T.) ;
#324=EDGE_CURVE('',#316,#323,#321,.T.) ;
#331=EDGE_CURVE('',#323,#330,#328,.T.) ;
#338=EDGE_CURVE('',#330,#337,#335,.T.) ;
#345=EDGE_CURVE('',#337,#344,#342,.T.) ;
#352=EDGE_CURVE('',#344,#351,#349,.T.) ;
#359=EDGE_CURVE('',#351,#358,#356,.T.) ;
#366=EDGE_CURVE('',#358,#365,#363,.T.) ;
#373=EDGE_CURVE('',#365,#372,#370,.T.) ;
#380=EDGE_CURVE('',#372,#379,#377,.T.) ;
#387=EDGE_CURVE('',#379,#386,#384,.T.) ;
#394=EDGE_CURVE('',#386,#393,#391,.T.) ;
#401=EDGE_CURVE('',#393,#400,#398,.T.) ;
#408=EDGE_CURVE('',#400,#407,#405,.T.) ;
#415=EDGE_CURVE('',#407,#414,#412,.T.) ;
#422=EDGE_CURVE('',#414,#421,#419,.T.) ;
#429=EDGE_CURVE('',#421,#428,#426,.T.) ;
#436=EDGE_CURVE('',#428,#435,#433,.T.) ;
#443=EDGE_CURVE('',#435,#442,#440,.T.) ;
#450=EDGE_CURVE('',#442,#449,#447,.T.) ;
#457=EDGE_CURVE('',#449,#456,#454,.T.) ;
#464=EDGE_CURVE('',#456,#463,#461,.T.) ;
#471=EDGE_CURVE('',#463,#470,#468,.T.) ;
#478=EDGE_CURVE('',#470,#477,#475,.T.) ;
#485=EDGE_CURVE('',#477,#484,#482,.T.) ;
#492=EDGE_CURVE('',#484,#491,#489,.T.) ;
#499=EDGE_CURVE('',#491,#498,#496,.T.) ;
#506=EDGE_CURVE('',#498,#505,#503,.T.) ;
#513=EDGE_CURVE('',#505,#512,#510,.T.) ;
#520=EDGE_CURVE('',#512,#519,#517,.T.) ;
#527=EDGE_CURVE('',#519,#526,#524,.T.) ;
#534=EDGE_CURVE('',#526,#533,#531,.T.) ;
#541=EDGE_CURVE('',#533,#540,#538,.T.) ;
#548=EDGE_CURVE('',#540,#547,#545,.T.) ;
#555=EDGE_CURVE('',#547,#554,#552,.T.) ;
#562=EDGE_CURVE('',#554,#561,#559,.T.) ;
#569=EDGE_CURVE('',#561,#568,#566,.T.) ;
#576=EDGE_CURVE('',#568,#575,#573,.T.) ;
#583=EDGE_CURVE('',#575,#582,#580,.T.) ;
#596=EDGE_CURVE('',#582,#595,#584,.T.) ;
#603=EDGE_CURVE('',#595,#602,#600,.T.) ;
#610=EDGE_CURVE('',#602,#609,#607,.T.) ;
#626=EDGE_CURVE('',#609,#625,#611,.T.) ;
#633=EDGE_CURVE('',#625,#632,#630,.T.) ;
#649=EDGE_CURVE('',#632,#648,#634,.T.) ;
#656=EDGE_CURVE('',#648,#655,#653,.T.) ;
#669=EDGE_CURVE('',#655,#668,#657,.T.) ;
#676=EDGE_CURVE('',#668,#675,#673,.T.) ;
#692=EDGE_CURVE('',#675,#691,#677,.T.) ;
#699=EDGE_CURVE('',#691,#698,#696,.T.) ;
#706=EDGE_CURVE('',#698,#705,#703,.T.) ;
#713=EDGE_CURVE('',#705,#712,#710,.T.) ;
#720=EDGE_CURVE('',#712,#719,#717,.T.) ;
#736=EDGE_CURVE('',#719,#735,#721,.T.) ;
#743=EDGE_CURVE('',#735,#742,#740,.T.) ;
#750=EDGE_CURVE('',#742,#749,#747,.T.) ;
#757=EDGE_CURVE('',#749,#756,#754,.T.) ;
#764=EDGE_CURVE('',#756,#763,#761,.T.) ;
#780=EDGE_CURVE('',#763,#779,#765,.T.) ;
#787=EDGE_CURVE('',#779,#786,#784,.T.) ;
#794=EDGE_CURVE('',#786,#793,#791,.T.) ;
#801=EDGE_CURVE('',#793,#800,#798,.T.) ;
#808=EDGE_CURVE('',#800,#807,#805,.T.) ;
#821=EDGE_CURVE('',#807,#820,#809,.T.) ;
#828=EDGE_CURVE('',#820,#827,#825,.T.) ;
#847=EDGE_CURVE('',#827,#846,#829,.T.) ;
#854=EDGE_CURVE('',#846,#853,#851,.T.) ;
#861=EDGE_CURVE('',#853,#860,#858,.T.) ;
#868=EDGE_CURVE('',#867,#860,#865,.T.) ;
#875=EDGE_CURVE('',#874,#867,#872,.T.) ;
#882=EDGE_CURVE('',#881,#874,#879,.T.) ;
#913=EDGE_CURVE('',#912,#881,#883,.T.) ;
#920=EDGE_CURVE('',#919,#912,#917,.T.) ;
#951=EDGE_CURVE('',#950,#919,#921,.T.) ;
#958=EDGE_CURVE('',#957,#950,#955,.T.) ;
#989=EDGE_CURVE('',#988,#957,#959,.T.) ;
#996=EDGE_CURVE('',#995,#988,#993,.T.) ;
#1027=EDGE_CURVE('',#1026,#995,#997,.T.) ;
#1034=EDGE_CURVE('',#1033,#1026,#1031,.T.) ;
#1065=EDGE_CURVE('',#1064,#1033,#1035,.T.) ;
#1072=EDGE_CURVE('',#1071,#1064,#1069,.T.) ;
#1103=EDGE_CURVE('',#1102,#1071,#1073,.T.) ;
#1110=EDGE_CURVE('',#1109,#1102,#1107,.T.) ;
#1117=EDGE_CURVE('',#1116,#1109,#1114,.T.) ;
#1124=EDGE_CURVE('',#1123,#1116,#1121,.T.) ;
#1155=EDGE_CURVE('',#1154,#1123,#1125,.T.) ;
#1162=EDGE_CURVE('',#1161,#1154,#1159,.T.) ;
#1193=EDGE_CURVE('',#1192,#1161,#1163,.T.) ;
#1200=EDGE_CURVE('',#1199,#1192,#1197,.T.) ;
#1207=EDGE_CURVE('',#1206,#1199,#1204,.T.) ;
#1214=EDGE_CURVE('',#1213,#1206,#1211,.T.) ;
#1245=EDGE_CURVE('',#1244,#1213,#1215,.T.) ;
#1252=EDGE_CURVE('',#1251,#1244,#1249,.T.) ;
#1283=EDGE_CURVE('',#1282,#1251,#1253,.T.) ;
#1290=EDGE_CURVE('',#1289,#1282,#1287,.T.) ;
#1321=EDGE_CURVE('',#1320,#1289,#1291,.T.) ;
#1328=EDGE_CURVE('',#1327,#1320,#1325,.T.) ;
#1359=EDGE_CURVE('',#1358,#1327,#1329,.T.) ;
#1366=EDGE_CURVE('',#1365,#1358,#1363,.T.) ;
#1397=EDGE_CURVE('',#1396,#1365,#1367,.T.) ;
#1404=EDGE_CURVE('',#1403,#1396,#1401,.T.) ;
#1435=EDGE_CURVE('',#1434,#1403,#1405,.T.) ;
#1442=EDGE_CURVE('',#1441,#1434,#1439,.T.) ;
#1449=EDGE_CURVE('',#1448,#1441,#1446,.T.) ;
#1456=EDGE_CURVE('',#1455,#1448,#1453,.T.) ;
#1463=EDGE_CURVE('',#1455,#1462,#1460,.T.) ;
#1470=EDGE_CURVE('',#1462,#1469,#1467,.T.) ;
#1489=EDGE_CURVE('',#1469,#1488,#1471,.T.) ;
#1496=EDGE_CURVE('',#1488,#1495,#1493,.T.) ;
#1509=EDGE_CURVE('',#1495,#1508,#1497,.T.) ;
#1516=EDGE_CURVE('',#1508,#1515,#1513,.T.) ;
#1523=EDGE_CURVE('',#1515,#1522,#1520,.T.) ;
#1530=EDGE_CURVE('',#1522,#1529,#1527,.T.) ;
#1537=EDGE_CURVE('',#1529,#1536,#1534,.T.) ;
#1553=EDGE_CURVE('',#1536,#1552,#1538,.T.) ;
#1560=EDGE_CURVE('',#1552,#1559,#1557,.T.) ;
#1567=EDGE_CURVE('',#1559,#1566,#1564,.T.) ;
#1574=EDGE_CURVE('',#1566,#1573,#1571,.T.) ;
#1581=EDGE_CURVE('',#1573,#1580,#1578,.T.) ;
#1597=EDGE_CURVE('',#1580,#1596,#1582,.T.) ;
#1604=EDGE_CURVE('',#1596,#1603,#1601,.T.) ;
#1611=EDGE_CURVE('',#1603,#1610,#1608,.T.) ;
#1618=EDGE_CURVE('',#1610,#1617,#1615,.T.) ;
#1625=EDGE_CURVE('',#1617,#1624,#1622,.T.) ;
#1641=EDGE_CURVE('',#1624,#1640,#1626,.T.) ;
#1648=EDGE_CURVE('',#1640,#1647,#1645,.T.) ;
#1661=EDGE_CURVE('',#1647,#1660,#1649,.T.) ;
#1668=EDGE_CURVE('',#1660,#1667,#1665,.T.) ;
#1684=EDGE_CURVE('',#1667,#1683,#1669,.T.) ;
#1691=EDGE_CURVE('',#1683,#1690,#1688,.T.) ;
#1707=EDGE_CURVE('',#1690,#1706,#1692,.T.) ;
#1714=EDGE_CURVE('',#1706,#1713,#1711,.T.) ;
#1721=EDGE_CURVE('',#1713,#1720,#1718,.T.) ;
#1734=EDGE_CURVE('',#1720,#1733,#1722,.T.) ;
#1741=EDGE_CURVE('',#1733,#1740,#1738,.T.) ;
#1748=EDGE_CURVE('',#1740,#1747,#1745,.T.) ;
#1755=EDGE_CURVE('',#1747,#1754,#1752,.T.) ;
#1762=EDGE_CURVE('',#1754,#1761,#1759,.T.) ;
#1769=EDGE_CURVE('',#1761,#1768,#1766,.T.) ;
#1776=EDGE_CURVE('',#1768,#1775,#1773,.T.) ;
#1783=EDGE_CURVE('',#1775,#1782,#1780,.T.) ;
#1790=EDGE_CURVE('',#1782,#1789,#1787,.T.) ;
#1797=EDGE_CURVE('',#1789,#1796,#1794,.T.) ;
#1804=EDGE_CURVE('',#1796,#1803,#1801,.T.) ;
#1811=EDGE_CURVE('',#1803,#1810,#1808,.T.) ;
#1818=EDGE_CURVE('',#1810,#1817,#1815,.T.) ;
#1825=EDGE_CURVE('',#1817,#1824,#1822,.T.) ;
#1832=EDGE_CURVE('',#1824,#1831,#1829,.T.) ;
#1839=EDGE_CURVE('',#1831,#1838,#1836,.T.) ;
#1846=EDGE_CURVE('',#1838,#1845,#1843,.T.) ;
#1853=EDGE_CURVE('',#1845,#1852,#1850,.T.) ;
#1860=EDGE_CURVE('',#1852,#1859,#1857,.T.) ;
#1867=EDGE_CURVE('',#1859,#1866,#1864,.T.) ;
#1874=EDGE_CURVE('',#1866,#1873,#1871,.T.) ;
#1881=EDGE_CURVE('',#1873,#1880,#1878,.T.) ;
#1888=EDGE_CURVE('',#1880,#1887,#1885,.T.) ;
#1895=EDGE_CURVE('',#1887,#1894,#1892,.T.) ;
#1902=EDGE_CURVE('',#1894,#1901,#1899,.T.) ;
#1909=EDGE_CURVE('',#1901,#1908,#1906,.T.) ;
#1916=EDGE_CURVE('',#1908,#1915,#1913,.T.) ;
#1923=EDGE_CURVE('',#1915,#1922,#1920,.T.) ;
#1930=EDGE_CURVE('',#1922,#1929,#1927,.T.) ;
#1937=EDGE_CURVE('',#1929,#1936,#1934,.T.) ;
#1944=EDGE_CURVE('',#1936,#1943,#1941,.T.) ;
#1951=EDGE_CURVE('',#1943,#1950,#1948,.T.) ;
#1958=EDGE_CURVE('',#1950,#1957,#1955,.T.) ;
#1965=EDGE_CURVE('',#1957,#1964,#1962,.T.) ;
#1972=EDGE_CURVE('',#1964,#1971,#1969,.T.) ;
#1979=EDGE_CURVE('',#1971,#1978,#1976,.T.) ;
#1986=EDGE_CURVE('',#1978,#1985,#1983,.T.) ;
#1993=EDGE_CURVE('',#1985,#1992,#1990,.T.) ;
#2000=EDGE_CURVE('',#1992,#1999,#1997,.T.) ;
#2007=EDGE_CURVE('',#1999,#2006,#2004,.T.) ;
#2014=EDGE_CURVE('',#2006,#2013,#2011,.T.) ;
#2021=EDGE_CURVE('',#2013,#2020,#2018,.T.) ;
#2028=EDGE_CURVE('',#2020,#2027,#2025,.T.) ;
#2035=EDGE_CURVE('',#2027,#2034,#2032,.T.) ;
#2042=EDGE_CURVE('',#2034,#2041,#2039,.T.) ;
#2049=EDGE_CURVE('',#2041,#2048,#2046,.T.) ;
#2068=EDGE_CURVE('',#2048,#2067,#2050,.T.) ;
#2075=EDGE_CURVE('',#2067,#2074,#2072,.T.) ;
#2091=EDGE_CURVE('',#2074,#2090,#2076,.T.) ;
#2098=EDGE_CURVE('',#2090,#2097,#2095,.T.) ;
#2105=EDGE_CURVE('',#2097,#2104,#2102,.T.) ;
#2112=EDGE_CURVE('',#2104,#2111,#2109,.T.) ;
#2128=EDGE_CURVE('',#2111,#2127,#2113,.T.) ;
#2135=EDGE_CURVE('',#2127,#2134,#2132,.T.) ;
#2142=EDGE_CURVE('',#2134,#2141,#2139,.T.) ;
#2149=EDGE_CURVE('',#2141,#2148,#2146,.T.) ;
#2165=EDGE_CURVE('',#2148,#2164,#2150,.T.) ;
#2172=EDGE_CURVE('',#2164,#2171,#2169,.T.) ;
#2179=EDGE_CURVE('',#2171,#2178,#2176,.T.) ;
#2186=EDGE_CURVE('',#2178,#2185,#2183,.T.) ;
#2202=EDGE_CURVE('',#2185,#2201,#2187,.T.) ;
#2224=EDGE_CURVE('',#2201,#2223,#2203,.T.) ;
#2231=EDGE_CURVE('',#2223,#2230,#2228,.T.) ;
#2238=EDGE_CURVE('',#2230,#2237,#2235,.T.) ;
#2245=EDGE_CURVE('',#2237,#2244,#2242,.T.) ;
#2252=EDGE_CURVE('',#2244,#2251,#2249,.T.) ;
#2257=EDGE_CURVE('',#2251,#121,#2256,.T.) ;
#2495=EDGE_CURVE('',#2494,#176,#2492,.T.) ;
#2500=EDGE_CURVE('',#67,#2494,#2499,.T.) ;
#2522=EDGE_CURVE('',#2519,#2521,#2517,.T.) ;
#2529=EDGE_CURVE('',#2521,#2528,#2526,.T.) ;
#2548=EDGE_CURVE('',#2528,#2547,#2530,.T.) ;
#2555=EDGE_CURVE('',#2547,#2554,#2552,.T.) ;
#2574=EDGE_CURVE('',#2554,#2573,#2556,.T.) ;
#2581=EDGE_CURVE('',#2573,#2580,#2578,.T.) ;
#2588=EDGE_CURVE('',#2580,#2587,#2585,.T.) ;
#2595=EDGE_CURVE('',#2587,#2594,#2592,.T.) ;
#2608=EDGE_CURVE('',#2594,#2607,#2596,.T.) ;
#2618=EDGE_CURVE('',#2607,#2617,#2609,.T.) ;
#2631=EDGE_CURVE('',#2617,#2630,#2619,.T.) ;
#2638=EDGE_CURVE('',#2630,#2637,#2635,.T.) ;
#2651=EDGE_CURVE('',#2637,#2650,#2639,.T.) ;
#2661=EDGE_CURVE('',#2650,#2660,#2652,.T.) ;
#2674=EDGE_CURVE('',#2660,#2673,#2662,.T.) ;
#2681=EDGE_CURVE('',#2673,#2680,#2678,.T.) ;
#2694=EDGE_CURVE('',#2680,#2693,#2682,.T.) ;
#2704=EDGE_CURVE('',#2693,#2703,#2695,.T.) ;
#2717=EDGE_CURVE('',#2703,#2716,#2705,.T.) ;
#2724=EDGE_CURVE('',#2716,#2723,#2721,.T.) ;
#2731=EDGE_CURVE('',#2723,#2730,#2728,.T.) ;
#2738=EDGE_CURVE('',#2730,#2737,#2735,.T.) ;
#2751=EDGE_CURVE('',#2737,#2750,#2739,.T.) ;
#2758=EDGE_CURVE('',#2750,#2757,#2755,.T.) ;
#2765=EDGE_CURVE('',#2757,#2764,#2762,.T.) ;
#2772=EDGE_CURVE('',#2764,#2771,#2769,.T.) ;
#2779=EDGE_CURVE('',#2771,#2778,#2776,.T.) ;
#2786=EDGE_CURVE('',#2778,#2785,#2783,.T.) ;
#2793=EDGE_CURVE('',#2785,#2792,#2790,.T.) ;
#2800=EDGE_CURVE('',#2792,#2799,#2797,.T.) ;
#2807=EDGE_CURVE('',#2799,#2806,#2804,.T.) ;
#2814=EDGE_CURVE('',#2806,#2813,#2811,.T.) ;
#2821=EDGE_CURVE('',#2813,#2820,#2818,.T.) ;
#2828=EDGE_CURVE('',#2820,#2827,#2825,.T.) ;
#2835=EDGE_CURVE('',#2827,#2834,#2832,.T.) ;
#2842=EDGE_CURVE('',#2834,#2841,#2839,.T.) ;
#2849=EDGE_CURVE('',#2841,#2848,#2846,.T.) ;
#2856=EDGE_CURVE('',#2848,#2855,#2853,.T.) ;
#2863=EDGE_CURVE('',#2855,#2862,#2860,.T.) ;
#2870=EDGE_CURVE('',#2862,#2869,#2867,.T.) ;
#2877=EDGE_CURVE('',#2869,#2876,#2874,.T.) ;
#2884=EDGE_CURVE('',#2876,#2883,#2881,.T.) ;
#2891=EDGE_CURVE('',#2883,#2890,#2888,.T.) ;
#2898=EDGE_CURVE('',#2890,#2897,#2895,.T.) ;
#2905=EDGE_CURVE('',#2897,#2904,#2902,.T.) ;
#2912=EDGE_CURVE('',#2904,#2911,#2909,.T.) ;
#2919=EDGE_CURVE('',#2911,#2918,#2916,.T.) ;
#2926=EDGE_CURVE('',#2918,#2925,#2923,.T.) ;
#2933=EDGE_CURVE('',#2925,#2932,#2930,.T.) ;
#2940=EDGE_CURVE('',#2932,#2939,#2937,.T.) ;
#2947=EDGE_CURVE('',#2939,#2946,#2944,.T.) ;
#2954=EDGE_CURVE('',#2946,#2953,#2951,.T.) ;
#2961=EDGE_CURVE('',#2953,#2960,#2958,.T.) ;
#2968=EDGE_CURVE('',#2960,#2967,#2965,.T.) ;
#2975=EDGE_CURVE('',#2967,#2974,#2972,.T.) ;
#2982=EDGE_CURVE('',#2974,#2981,#2979,.T.) ;
#2989=EDGE_CURVE('',#2981,#2988,#2986,.T.) ;
#2996=EDGE_CURVE('',#2988,#2995,#2993,.T.) ;
#3003=EDGE_CURVE('',#2995,#3002,#3000,.T.) ;
#3010=EDGE_CURVE('',#3002,#3009,#3007,.T.) ;
#3017=EDGE_CURVE('',#3009,#3016,#3014,.T.) ;
#3024=EDGE_CURVE('',#3016,#3023,#3021,.T.) ;
#3031=EDGE_CURVE('',#3023,#3030,#3028,.T.) ;
#3038=EDGE_CURVE('',#3030,#3037,#3035,.T.) ;
#3045=EDGE_CURVE('',#3037,#3044,#3042,.T.) ;
#3052=EDGE_CURVE('',#3044,#3051,#3049,.T.) ;
#3065=EDGE_CURVE('',#3051,#3064,#3053,.T.) ;
#3072=EDGE_CURVE('',#3064,#3071,#3069,.T.) ;
#3085=EDGE_CURVE('',#3071,#3084,#3073,.T.) ;
#3092=EDGE_CURVE('',#3084,#3091,#3089,.T.) ;
#3099=EDGE_CURVE('',#3091,#3098,#3096,.T.) ;
#3106=EDGE_CURVE('',#3098,#3105,#3103,.T.) ;
#3113=EDGE_CURVE('',#3105,#3112,#3110,.T.) ;
#3120=EDGE_CURVE('',#3112,#3119,#3117,.T.) ;
#3127=EDGE_CURVE('',#3119,#3126,#3124,.T.) ;
#3140=EDGE_CURVE('',#3126,#3139,#3128,.T.) ;
#3147=EDGE_CURVE('',#3139,#3146,#3144,.T.) ;
#3160=EDGE_CURVE('',#3146,#3159,#3148,.T.) ;
#3170=EDGE_CURVE('',#3159,#3169,#3161,.T.) ;
#3180=EDGE_CURVE('',#3169,#3179,#3171,.T.) ;
#3193=EDGE_CURVE('',#3179,#3192,#3181,.T.) ;
#3200=EDGE_CURVE('',#3192,#3199,#3197,.T.) ;
#3213=EDGE_CURVE('',#3199,#3212,#3201,.T.) ;
#3223=EDGE_CURVE('',#3212,#3222,#3214,.T.) ;
#3233=EDGE_CURVE('',#3222,#3232,#3224,.T.) ;
#3246=EDGE_CURVE('',#3232,#3245,#3234,.T.) ;
#3253=EDGE_CURVE('',#3245,#3252,#3250,.T.) ;
#3266=EDGE_CURVE('',#3252,#3265,#3254,.T.) ;
#3276=EDGE_CURVE('',#3265,#3275,#3267,.T.) ;
#3286=EDGE_CURVE('',#3275,#3285,#3277,.T.) ;
#3296=EDGE_CURVE('',#3285,#3295,#3287,.T.) ;
#3303=EDGE_CURVE('',#3295,#3302,#3300,.T.) ;
#3310=EDGE_CURVE('',#3302,#3309,#3307,.T.) ;
#3317=EDGE_CURVE('',#3309,#3316,#3314,.T.) ;
#3324=EDGE_CURVE('',#3316,#3323,#3321,.T.) ;
#3340=EDGE_CURVE('',#3323,#3339,#3325,.T.) ;
#3347=EDGE_CURVE('',#3346,#3339,#3344,.T.) ;
#3366=EDGE_CURVE('',#3365,#3346,#3348,.T.) ;
#3373=EDGE_CURVE('',#3372,#3365,#3370,.T.) ;
#3380=EDGE_CURVE('',#3379,#3372,#3377,.T.) ;
#3387=EDGE_CURVE('',#3386,#3379,#3384,.T.) ;
#3394=EDGE_CURVE('',#3393,#3386,#3391,.T.) ;
#3401=EDGE_CURVE('',#3400,#3393,#3398,.T.) ;
#3408=EDGE_CURVE('',#3407,#3400,#3405,.T.) ;
#3415=EDGE_CURVE('',#3414,#3407,#3412,.T.) ;
#3422=EDGE_CURVE('',#3421,#3414,#3419,.T.) ;
#3429=EDGE_CURVE('',#3428,#3421,#3426,.T.) ;
#3436=EDGE_CURVE('',#3435,#3428,#3433,.T.) ;
#3443=EDGE_CURVE('',#3442,#3435,#3440,.T.) ;
#3450=EDGE_CURVE('',#3449,#3442,#3447,.T.) ;
#3457=EDGE_CURVE('',#3456,#3449,#3454,.T.) ;
#3476=EDGE_CURVE('',#3475,#3456,#3458,.T.) ;
#3483=EDGE_CURVE('',#3482,#3475,#3480,.T.) ;
#3490=EDGE_CURVE('',#3489,#3482,#3487,.T.) ;
#3497=EDGE_CURVE('',#3496,#3489,#3494,.T.) ;
#3504=EDGE_CURVE('',#3503,#3496,#3501,.T.) ;
#3511=EDGE_CURVE('',#3510,#3503,#3508,.T.) ;
#3530=EDGE_CURVE('',#3529,#3510,#3512,.T.) ;
#3537=EDGE_CURVE('',#3536,#3529,#3534,.T.) ;
#3544=EDGE_CURVE('',#3543,#3536,#3541,.T.) ;
#3551=EDGE_CURVE('',#3550,#3543,#3548,.T.) ;
#3558=EDGE_CURVE('',#3557,#3550,#3555,.T.) ;
#3565=EDGE_CURVE('',#3564,#3557,#3562,.T.) ;
#3572=EDGE_CURVE('',#3571,#3564,#3569,.T.) ;
#3579=EDGE_CURVE('',#3578,#3571,#3576,.T.) ;
#3586=EDGE_CURVE('',#3585,#3578,#3583,.T.) ;
#3593=EDGE_CURVE('',#3592,#3585,#3590,.T.) ;
#3600=EDGE_CURVE('',#3599,#3592,#3597,.T.) ;
#3607=EDGE_CURVE('',#3606,#3599,#3604,.T.) ;
#3614=EDGE_CURVE('',#3613,#3606,#3611,.T.) ;
#3621=EDGE_CURVE('',#3620,#3613,#3618,.T.) ;
#3640=EDGE_CURVE('',#3639,#3620,#3622,.T.) ;
#3647=EDGE_CURVE('',#3646,#3639,#3644,.T.) ;
#3663=EDGE_CURVE('',#3646,#3662,#3648,.T.) ;
#3670=EDGE_CURVE('',#3662,#3669,#3667,.T.) ;
#3677=EDGE_CURVE('',#3669,#3676,#3674,.T.) ;
#3684=EDGE_CURVE('',#3676,#3683,#3681,.T.) ;
#3691=EDGE_CURVE('',#3683,#3690,#3688,.T.) ;
#3701=EDGE_CURVE('',#3690,#3700,#3692,.T.) ;
#3711=EDGE_CURVE('',#3700,#3710,#3702,.T.) ;
#3721=EDGE_CURVE('',#3710,#3720,#3712,.T.) ;
#3734=EDGE_CURVE('',#3720,#3733,#3722,.T.) ;
#3741=EDGE_CURVE('',#3733,#3740,#3738,.T.) ;
#3754=EDGE_CURVE('',#3740,#3753,#3742,.T.) ;
#3764=EDGE_CURVE('',#3753,#3763,#3755,.T.) ;
#3774=EDGE_CURVE('',#3763,#3773,#3765,.T.) ;
#3787=EDGE_CURVE('',#3773,#3786,#3775,.T.) ;
#3794=EDGE_CURVE('',#3786,#3793,#3791,.T.) ;
#3807=EDGE_CURVE('',#3793,#3806,#3795,.T.) ;
#3817=EDGE_CURVE('',#3806,#3816,#3808,.T.) ;
#3827=EDGE_CURVE('',#3816,#3826,#3818,.T.) ;
#3840=EDGE_CURVE('',#3826,#3839,#3828,.T.) ;
#3847=EDGE_CURVE('',#3839,#3846,#3844,.T.) ;
#3860=EDGE_CURVE('',#3846,#3859,#3848,.T.) ;
#3867=EDGE_CURVE('',#3859,#3866,#3864,.T.) ;
#3874=EDGE_CURVE('',#3866,#3873,#3871,.T.) ;
#3881=EDGE_CURVE('',#3873,#3880,#3878,.T.) ;
#3888=EDGE_CURVE('',#3880,#3887,#3885,.T.) ;
#3895=EDGE_CURVE('',#3887,#3894,#3892,.T.) ;
#3902=EDGE_CURVE('',#3894,#3901,#3899,.T.) ;
#3915=EDGE_CURVE('',#3901,#3914,#3903,.T.) ;
#3922=EDGE_CURVE('',#3914,#3921,#3919,.T.) ;
#3935=EDGE_CURVE('',#3921,#3934,#3923,.T.) ;
#3942=EDGE_CURVE('',#3934,#3941,#3939,.T.) ;
#3949=EDGE_CURVE('',#3941,#3948,#3946,.T.) ;
#3956=EDGE_CURVE('',#3948,#3955,#3953,.T.) ;
#3963=EDGE_CURVE('',#3955,#3962,#3960,.T.) ;
#3970=EDGE_CURVE('',#3962,#3969,#3967,.T.) ;
#3977=EDGE_CURVE('',#3969,#3976,#3974,.T.) ;
#3984=EDGE_CURVE('',#3976,#3983,#3981,.T.) ;
#3991=EDGE_CURVE('',#3983,#3990,#3988,.T.) ;
#3998=EDGE_CURVE('',#3990,#3997,#3995,.T.) ;
#4005=EDGE_CURVE('',#3997,#4004,#4002,.T.) ;
#4012=EDGE_CURVE('',#4004,#4011,#4009,.T.) ;
#4019=EDGE_CURVE('',#4011,#4018,#4016,.T.) ;
#4026=EDGE_CURVE('',#4018,#4025,#4023,.T.) ;
#4033=EDGE_CURVE('',#4025,#4032,#4030,.T.) ;
#4040=EDGE_CURVE('',#4032,#4039,#4037,.T.) ;
#4047=EDGE_CURVE('',#4039,#4046,#4044,.T.) ;
#4054=EDGE_CURVE('',#4046,#4053,#4051,.T.) ;
#4061=EDGE_CURVE('',#4053,#4060,#4058,.T.) ;
#4068=EDGE_CURVE('',#4060,#4067,#4065,.T.) ;
#4075=EDGE_CURVE('',#4067,#4074,#4072,.T.) ;
#4082=EDGE_CURVE('',#4074,#4081,#4079,.T.) ;
#4089=EDGE_CURVE('',#4081,#4088,#4086,.T.) ;
#4096=EDGE_CURVE('',#4088,#4095,#4093,.T.) ;
#4103=EDGE_CURVE('',#4095,#4102,#4100,.T.) ;
#4110=EDGE_CURVE('',#4102,#4109,#4107,.T.) ;
#4117=EDGE_CURVE('',#4109,#4116,#4114,.T.) ;
#4124=EDGE_CURVE('',#4116,#4123,#4121,.T.) ;
#4131=EDGE_CURVE('',#4123,#4130,#4128,.T.) ;
#4138=EDGE_CURVE('',#4130,#4137,#4135,.T.) ;
#4145=EDGE_CURVE('',#4137,#4144,#4142,.T.) ;
#4152=EDGE_CURVE('',#4144,#4151,#4149,.T.) ;
#4159=EDGE_CURVE('',#4151,#4158,#4156,.T.) ;
#4166=EDGE_CURVE('',#4158,#4165,#4163,.T.) ;
#4173=EDGE_CURVE('',#4165,#4172,#4170,.T.) ;
#4180=EDGE_CURVE('',#4172,#4179,#4177,.T.) ;
#4187=EDGE_CURVE('',#4179,#4186,#4184,.T.) ;
#4194=EDGE_CURVE('',#4186,#4193,#4191,.T.) ;
#4201=EDGE_CURVE('',#4193,#4200,#4198,.T.) ;
#4208=EDGE_CURVE('',#4200,#4207,#4205,.T.) ;
#4215=EDGE_CURVE('',#4207,#4214,#4212,.T.) ;
#4222=EDGE_CURVE('',#4214,#4221,#4219,.T.) ;
#4229=EDGE_CURVE('',#4221,#4228,#4226,.T.) ;
#4236=EDGE_CURVE('',#4228,#4235,#4233,.T.) ;
#4249=EDGE_CURVE('',#4235,#4248,#4237,.T.) ;
#4256=EDGE_CURVE('',#4248,#4255,#4253,.T.) ;
#4263=EDGE_CURVE('',#4255,#4262,#4260,.T.) ;
#4270=EDGE_CURVE('',#4262,#4269,#4267,.T.) ;
#4283=EDGE_CURVE('',#4269,#4282,#4271,.T.) ;
#4293=EDGE_CURVE('',#4282,#4292,#4284,.T.) ;
#4306=EDGE_CURVE('',#4292,#4305,#4294,.T.) ;
#4313=EDGE_CURVE('',#4305,#4312,#4310,.T.) ;
#4324=EDGE_CURVE('',#4312,#74,#4314,.T.) ;
#4331=EDGE_CURVE('',#2494,#4330,#4328,.T.) ;
#4344=EDGE_CURVE('',#4330,#4343,#4332,.T.) ;
#4354=EDGE_CURVE('',#4343,#4353,#4345,.T.) ;
#4367=EDGE_CURVE('',#4353,#4366,#4355,.T.) ;
#4372=EDGE_CURVE('',#4366,#2519,#4371,.T.) ;
#4608=EDGE_CURVE('',#4312,#188,#4607,.T.) ;
#4626=EDGE_CURVE('',#121,#2521,#4625,.F.) ;
#4631=EDGE_CURVE('',#2519,#123,#4630,.T.) ;
#4649=EDGE_CURVE('',#4366,#139,#4648,.T.) ;
#4667=EDGE_CURVE('',#4353,#146,#4666,.T.) ;
#4685=EDGE_CURVE('',#4343,#153,#4684,.T.) ;
#4703=EDGE_CURVE('',#4330,#160,#4702,.T.) ;
#4734=EDGE_CURVE('',#4305,#204,#4733,.T.) ;
#4752=EDGE_CURVE('',#4292,#211,#4751,.T.) ;
#4770=EDGE_CURVE('',#4282,#218,#4769,.T.) ;
#4788=EDGE_CURVE('',#4269,#225,#4787,.T.) ;
#4806=EDGE_CURVE('',#4262,#241,#4805,.T.) ;
#4824=EDGE_CURVE('',#4255,#248,#4823,.T.) ;
#4842=EDGE_CURVE('',#4248,#267,#4841,.T.) ;
#4860=EDGE_CURVE('',#274,#4235,#4859,.F.) ;
#4878=EDGE_CURVE('',#4228,#281,#4877,.T.) ;
#4896=EDGE_CURVE('',#4221,#288,#4895,.T.) ;
#4914=EDGE_CURVE('',#4214,#295,#4913,.T.) ;
#4932=EDGE_CURVE('',#4207,#302,#4931,.T.) ;
#4950=EDGE_CURVE('',#4200,#309,#4949,.T.) ;
#4968=EDGE_CURVE('',#4193,#316,#4967,.T.) ;
#4986=EDGE_CURVE('',#4186,#323,#4985,.T.) ;
#5004=EDGE_CURVE('',#4179,#330,#5003,.T.) ;
#5022=EDGE_CURVE('',#4172,#337,#5021,.T.) ;
#5040=EDGE_CURVE('',#4165,#344,#5039,.T.) ;
#5058=EDGE_CURVE('',#4158,#351,#5057,.T.) ;
#5076=EDGE_CURVE('',#4151,#358,#5075,.T.) ;
#5094=EDGE_CURVE('',#4144,#365,#5093,.T.) ;
#5112=EDGE_CURVE('',#4137,#372,#5111,.T.) ;
#5130=EDGE_CURVE('',#4130,#379,#5129,.T.) ;
#5148=EDGE_CURVE('',#4123,#386,#5147,.T.) ;
#5166=EDGE_CURVE('',#4116,#393,#5165,.T.) ;
#5184=EDGE_CURVE('',#4109,#400,#5183,.T.) ;
#5202=EDGE_CURVE('',#4102,#407,#5201,.T.) ;
#5220=EDGE_CURVE('',#4095,#414,#5219,.T.) ;
#5238=EDGE_CURVE('',#4088,#421,#5237,.T.) ;
#5256=EDGE_CURVE('',#4081,#428,#5255,.T.) ;
#5274=EDGE_CURVE('',#4074,#435,#5273,.T.) ;
#5292=EDGE_CURVE('',#4067,#442,#5291,.T.) ;
#5310=EDGE_CURVE('',#4060,#449,#5309,.T.) ;
#5328=EDGE_CURVE('',#4053,#456,#5327,.T.) ;
#5346=EDGE_CURVE('',#4046,#463,#5345,.T.) ;
#5364=EDGE_CURVE('',#4039,#470,#5363,.T.) ;
#5382=EDGE_CURVE('',#4032,#477,#5381,.T.) ;
#5400=EDGE_CURVE('',#4025,#484,#5399,.T.) ;
#5418=EDGE_CURVE('',#4018,#491,#5417,.T.) ;
#5436=EDGE_CURVE('',#4011,#498,#5435,.T.) ;
#5454=EDGE_CURVE('',#4004,#505,#5453,.T.) ;
#5472=EDGE_CURVE('',#3997,#512,#5471,.T.) ;
#5490=EDGE_CURVE('',#3990,#519,#5489,.T.) ;
#5508=EDGE_CURVE('',#3983,#526,#5507,.T.) ;
#5526=EDGE_CURVE('',#3976,#533,#5525,.T.) ;
#5544=EDGE_CURVE('',#3969,#540,#5543,.T.) ;
#5562=EDGE_CURVE('',#3962,#547,#5561,.T.) ;
#5580=EDGE_CURVE('',#3955,#554,#5579,.T.) ;
#5598=EDGE_CURVE('',#3948,#561,#5597,.T.) ;
#5616=EDGE_CURVE('',#3941,#568,#5615,.T.) ;
#5634=EDGE_CURVE('',#3934,#575,#5633,.T.) ;
#5652=EDGE_CURVE('',#3921,#582,#5651,.T.) ;
#5670=EDGE_CURVE('',#3914,#595,#5669,.T.) ;
#5688=EDGE_CURVE('',#3901,#602,#5687,.T.) ;
#5706=EDGE_CURVE('',#3894,#609,#5705,.T.) ;
#5724=EDGE_CURVE('',#625,#3887,#5723,.F.) ;
#5742=EDGE_CURVE('',#632,#3880,#5741,.T.) ;
#5760=EDGE_CURVE('',#3873,#648,#5759,.T.) ;
#5778=EDGE_CURVE('',#3866,#655,#5777,.T.) ;
#5796=EDGE_CURVE('',#3859,#668,#5795,.T.) ;
#5814=EDGE_CURVE('',#3846,#675,#5813,.T.) ;
#5832=EDGE_CURVE('',#3839,#691,#5831,.T.) ;
#5850=EDGE_CURVE('',#3826,#698,#5849,.T.) ;
#5868=EDGE_CURVE('',#3816,#705,#5867,.T.) ;
#5886=EDGE_CURVE('',#3806,#712,#5885,.T.) ;
#5904=EDGE_CURVE('',#3793,#719,#5903,.T.) ;
#5922=EDGE_CURVE('',#3786,#735,#5921,.T.) ;
#5940=EDGE_CURVE('',#3773,#742,#5939,.T.) ;
#5958=EDGE_CURVE('',#3763,#749,#5957,.T.) ;
#5976=EDGE_CURVE('',#3753,#756,#5975,.T.) ;
#5994=EDGE_CURVE('',#3740,#763,#5993,.T.) ;
#6012=EDGE_CURVE('',#3733,#779,#6011,.T.) ;
#6030=EDGE_CURVE('',#3720,#786,#6029,.T.) ;
#6048=EDGE_CURVE('',#3710,#793,#6047,.T.) ;
#6066=EDGE_CURVE('',#3700,#800,#6065,.T.) ;
#6084=EDGE_CURVE('',#3690,#807,#6083,.T.) ;
#6102=EDGE_CURVE('',#3683,#820,#6101,.T.) ;
#6120=EDGE_CURVE('',#3676,#827,#6119,.T.) ;
#6138=EDGE_CURVE('',#846,#3669,#6137,.F.) ;
#6156=EDGE_CURVE('',#3662,#853,#6155,.T.) ;
#6174=EDGE_CURVE('',#860,#3646,#6173,.F.) ;
#6192=EDGE_CURVE('',#867,#3639,#6191,.T.) ;
#6210=EDGE_CURVE('',#874,#3620,#6209,.T.) ;
#6228=EDGE_CURVE('',#881,#3613,#6227,.T.) ;
#6246=EDGE_CURVE('',#912,#3606,#6245,.T.) ;
#6264=EDGE_CURVE('',#919,#3599,#6263,.T.) ;
#6282=EDGE_CURVE('',#950,#3592,#6281,.T.) ;
#6300=EDGE_CURVE('',#957,#3585,#6299,.T.) ;
#6318=EDGE_CURVE('',#988,#3578,#6317,.T.) ;
#6336=EDGE_CURVE('',#995,#3571,#6335,.T.) ;
#6354=EDGE_CURVE('',#1026,#3564,#6353,.T.) ;
#6372=EDGE_CURVE('',#1033,#3557,#6371,.T.) ;
#6390=EDGE_CURVE('',#1064,#3550,#6389,.T.) ;
#6408=EDGE_CURVE('',#1071,#3543,#6407,.T.) ;
#6426=EDGE_CURVE('',#1102,#3536,#6425,.T.) ;
#6444=EDGE_CURVE('',#1109,#3529,#6443,.T.) ;
#6462=EDGE_CURVE('',#3510,#1116,#6461,.F.) ;
#6480=EDGE_CURVE('',#1123,#3503,#6479,.T.) ;
#6498=EDGE_CURVE('',#1154,#3496,#6497,.T.) ;
#6516=EDGE_CURVE('',#1161,#3489,#6515,.T.) ;
#6534=EDGE_CURVE('',#1192,#3482,#6533,.T.) ;
#6552=EDGE_CURVE('',#1199,#3475,#6551,.T.) ;
#6570=EDGE_CURVE('',#1206,#3456,#6569,.T.) ;
#6588=EDGE_CURVE('',#1213,#3449,#6587,.T.) ;
#6606=EDGE_CURVE('',#1244,#3442,#6605,.T.) ;
#6624=EDGE_CURVE('',#1251,#3435,#6623,.T.) ;
#6642=EDGE_CURVE('',#1282,#3428,#6641,.T.) ;
#6660=EDGE_CURVE('',#1289,#3421,#6659,.T.) ;
#6678=EDGE_CURVE('',#1320,#3414,#6677,.T.) ;
#6696=EDGE_CURVE('',#1327,#3407,#6695,.T.) ;
#6714=EDGE_CURVE('',#1358,#3400,#6713,.T.) ;
#6732=EDGE_CURVE('',#1365,#3393,#6731,.T.) ;
#6750=EDGE_CURVE('',#1396,#3386,#6749,.T.) ;
#6768=EDGE_CURVE('',#1403,#3379,#6767,.T.) ;
#6786=EDGE_CURVE('',#1434,#3372,#6785,.T.) ;
#6804=EDGE_CURVE('',#1441,#3365,#6803,.T.) ;
#6822=EDGE_CURVE('',#1448,#3346,#6821,.T.) ;
#6840=EDGE_CURVE('',#3339,#1455,#6839,.T.) ;
#6858=EDGE_CURVE('',#1462,#3323,#6857,.F.) ;
#6876=EDGE_CURVE('',#1469,#3316,#6875,.T.) ;
#6894=EDGE_CURVE('',#3309,#1488,#6893,.T.) ;
#6912=EDGE_CURVE('',#3302,#1495,#6911,.T.) ;
#6930=EDGE_CURVE('',#3295,#1508,#6929,.T.) ;
#6948=EDGE_CURVE('',#3285,#1515,#6947,.T.) ;
#6966=EDGE_CURVE('',#1522,#3275,#6965,.F.) ;
#6984=EDGE_CURVE('',#3265,#1529,#6983,.T.) ;
#7002=EDGE_CURVE('',#3252,#1536,#7001,.T.) ;
#7020=EDGE_CURVE('',#3245,#1552,#7019,.T.) ;
#7038=EDGE_CURVE('',#3232,#1559,#7037,.T.) ;
#7056=EDGE_CURVE('',#1566,#3222,#7055,.F.) ;
#7074=EDGE_CURVE('',#3212,#1573,#7073,.T.) ;
#7092=EDGE_CURVE('',#3199,#1580,#7091,.T.) ;
#7110=EDGE_CURVE('',#3192,#1596,#7109,.T.) ;
#7128=EDGE_CURVE('',#3179,#1603,#7127,.T.) ;
#7146=EDGE_CURVE('',#1610,#3169,#7145,.F.) ;
#7164=EDGE_CURVE('',#3159,#1617,#7163,.T.) ;
#7182=EDGE_CURVE('',#3146,#1624,#7181,.T.) ;
#7200=EDGE_CURVE('',#3139,#1640,#7199,.T.) ;
#7218=EDGE_CURVE('',#3126,#1647,#7217,.T.) ;
#7236=EDGE_CURVE('',#3119,#1660,#7235,.T.) ;
#7254=EDGE_CURVE('',#3112,#1667,#7253,.T.) ;
#7272=EDGE_CURVE('',#1683,#3105,#7271,.F.) ;
#7290=EDGE_CURVE('',#1690,#3098,#7289,.T.) ;
#7308=EDGE_CURVE('',#3091,#1706,#7307,.T.) ;
#7326=EDGE_CURVE('',#3084,#1713,#7325,.T.) ;
#7344=EDGE_CURVE('',#3071,#1720,#7343,.T.) ;
#7362=EDGE_CURVE('',#3064,#1733,#7361,.T.) ;
#7380=EDGE_CURVE('',#1740,#3051,#7379,.F.) ;
#7398=EDGE_CURVE('',#3044,#1747,#7397,.T.) ;
#7416=EDGE_CURVE('',#3037,#1754,#7415,.T.) ;
#7434=EDGE_CURVE('',#3030,#1761,#7433,.T.) ;
#7452=EDGE_CURVE('',#3023,#1768,#7451,.T.) ;
#7470=EDGE_CURVE('',#3016,#1775,#7469,.T.) ;
#7488=EDGE_CURVE('',#3009,#1782,#7487,.T.) ;
#7506=EDGE_CURVE('',#3002,#1789,#7505,.T.) ;
#7524=EDGE_CURVE('',#2995,#1796,#7523,.T.) ;
#7542=EDGE_CURVE('',#2988,#1803,#7541,.T.) ;
#7560=EDGE_CURVE('',#2981,#1810,#7559,.T.) ;
#7578=EDGE_CURVE('',#2974,#1817,#7577,.T.) ;
#7596=EDGE_CURVE('',#2967,#1824,#7595,.T.) ;
#7614=EDGE_CURVE('',#2960,#1831,#7613,.T.) ;
#7632=EDGE_CURVE('',#2953,#1838,#7631,.T.) ;
#7650=EDGE_CURVE('',#2946,#1845,#7649,.T.) ;
#7668=EDGE_CURVE('',#2939,#1852,#7667,.T.) ;
#7686=EDGE_CURVE('',#2932,#1859,#7685,.T.) ;
#7704=EDGE_CURVE('',#2925,#1866,#7703,.T.) ;
#7722=EDGE_CURVE('',#2918,#1873,#7721,.T.) ;
#7740=EDGE_CURVE('',#2911,#1880,#7739,.T.) ;
#7758=EDGE_CURVE('',#2904,#1887,#7757,.T.) ;
#7776=EDGE_CURVE('',#2897,#1894,#7775,.T.) ;
#7794=EDGE_CURVE('',#2890,#1901,#7793,.T.) ;
#7812=EDGE_CURVE('',#2883,#1908,#7811,.T.) ;
#7830=EDGE_CURVE('',#2876,#1915,#7829,.T.) ;
#7848=EDGE_CURVE('',#2869,#1922,#7847,.T.) ;
#7866=EDGE_CURVE('',#2862,#1929,#7865,.T.) ;
#7884=EDGE_CURVE('',#2855,#1936,#7883,.T.) ;
#7902=EDGE_CURVE('',#2848,#1943,#7901,.T.) ;
#7920=EDGE_CURVE('',#2841,#1950,#7919,.T.) ;
#7938=EDGE_CURVE('',#2834,#1957,#7937,.T.) ;
#7956=EDGE_CURVE('',#2827,#1964,#7955,.T.) ;
#7974=EDGE_CURVE('',#2820,#1971,#7973,.T.) ;
#7992=EDGE_CURVE('',#2813,#1978,#7991,.T.) ;
#8010=EDGE_CURVE('',#2806,#1985,#8009,.T.) ;
#8028=EDGE_CURVE('',#2799,#1992,#8027,.T.) ;
#8046=EDGE_CURVE('',#2792,#1999,#8045,.T.) ;
#8064=EDGE_CURVE('',#2785,#2006,#8063,.T.) ;
#8082=EDGE_CURVE('',#2778,#2013,#8081,.T.) ;
#8100=EDGE_CURVE('',#2771,#2020,#8099,.T.) ;
#8118=EDGE_CURVE('',#2764,#2027,#8117,.T.) ;
#8136=EDGE_CURVE('',#2757,#2034,#8135,.T.) ;
#8154=EDGE_CURVE('',#2750,#2041,#8153,.T.) ;
#8172=EDGE_CURVE('',#2737,#2048,#8171,.T.) ;
#8190=EDGE_CURVE('',#2730,#2067,#8189,.T.) ;
#8208=EDGE_CURVE('',#2723,#2074,#8207,.T.) ;
#8226=EDGE_CURVE('',#2716,#2090,#8225,.T.) ;
#8244=EDGE_CURVE('',#2703,#2097,#8243,.T.) ;
#8262=EDGE_CURVE('',#2693,#2104,#8261,.T.) ;
#8280=EDGE_CURVE('',#2680,#2111,#8279,.T.) ;
#8298=EDGE_CURVE('',#2673,#2127,#8297,.T.) ;
#8316=EDGE_CURVE('',#2660,#2134,#8315,.T.) ;
#8334=EDGE_CURVE('',#2650,#2141,#8333,.T.) ;
#8352=EDGE_CURVE('',#2637,#2148,#8351,.T.) ;
#8370=EDGE_CURVE('',#2630,#2164,#8369,.T.) ;
#8388=EDGE_CURVE('',#2617,#2171,#8387,.T.) ;
#8406=EDGE_CURVE('',#2607,#2178,#8405,.T.) ;
#8424=EDGE_CURVE('',#2594,#2185,#8423,.T.) ;
#8442=EDGE_CURVE('',#2587,#2201,#8441,.T.) ;
#8460=EDGE_CURVE('',#2223,#2580,#8459,.F.) ;
#8478=EDGE_CURVE('',#2573,#2230,#8477,.T.) ;
#8496=EDGE_CURVE('',#2554,#2237,#8495,.T.) ;
#8514=EDGE_CURVE('',#2547,#2244,#8513,.T.) ;
#8532=EDGE_CURVE('',#2528,#2251,#8531,.T.) ;
#8606=EDGE_CURVE('',#8603,#8605,#8601,.T.) ;
#8613=EDGE_CURVE('',#8612,#8603,#8610,.T.) ;
#8620=EDGE_CURVE('',#8619,#8612,#8617,.T.) ;
#8625=EDGE_CURVE('',#8605,#8619,#8624,.T.) ;
#8654=EDGE_CURVE('',#8651,#8653,#8649,.T.) ;
#8673=EDGE_CURVE('',#8672,#8651,#8655,.T.) ;
#8680=EDGE_CURVE('',#8679,#8672,#8677,.T.) ;
#8699=EDGE_CURVE('',#8698,#8679,#8681,.T.) ;
#8706=EDGE_CURVE('',#8705,#8698,#8703,.T.) ;
#8725=EDGE_CURVE('',#8724,#8705,#8707,.T.) ;
#8732=EDGE_CURVE('',#8731,#8724,#8729,.T.) ;
#8749=EDGE_CURVE('',#8653,#8731,#8733,.T.) ;
#8786=EDGE_CURVE('',#8783,#8785,#8760,.T.) ;
#8809=EDGE_CURVE('',#8785,#8783,#8787,.T.) ;
#8840=EDGE_CURVE('',#8837,#8839,#8814,.T.) ;
#8863=EDGE_CURVE('',#8839,#8837,#8841,.T.) ;
#8894=EDGE_CURVE('',#8891,#8893,#8868,.T.) ;
#8917=EDGE_CURVE('',#8893,#8891,#8895,.T.) ;
#8948=EDGE_CURVE('',#8945,#8947,#8922,.T.) ;
#8971=EDGE_CURVE('',#8947,#8945,#8949,.T.) ;
#8982=EDGE_CURVE('',#8605,#8981,#8979,.T.) ;
#8989=EDGE_CURVE('',#8981,#8988,#8986,.T.) ;
#8996=EDGE_CURVE('',#8988,#8995,#8993,.T.) ;
#9003=EDGE_CURVE('',#8995,#9002,#9000,.T.) ;
#9010=EDGE_CURVE('',#9002,#9009,#9007,.T.) ;
#9017=EDGE_CURVE('',#9009,#9016,#9014,.T.) ;
#9024=EDGE_CURVE('',#9016,#9023,#9021,.T.) ;
#9031=EDGE_CURVE('',#9023,#9030,#9028,.T.) ;
#9038=EDGE_CURVE('',#9030,#9037,#9035,.T.) ;
#9045=EDGE_CURVE('',#9037,#9044,#9042,.T.) ;
#9052=EDGE_CURVE('',#9044,#9051,#9049,.T.) ;
#9059=EDGE_CURVE('',#9051,#9058,#9056,.T.) ;
#9066=EDGE_CURVE('',#9058,#9065,#9063,.T.) ;
#9073=EDGE_CURVE('',#9065,#9072,#9070,.T.) ;
#9078=EDGE_CURVE('',#9072,#8603,#9077,.T.) ;
#9110=EDGE_CURVE('',#9072,#9109,#9107,.T.) ;
#9115=EDGE_CURVE('',#9109,#8612,#9114,.T.) ;
#9137=EDGE_CURVE('',#9134,#9136,#9132,.T.) ;
#9144=EDGE_CURVE('',#9136,#9143,#9141,.T.) ;
#9151=EDGE_CURVE('',#9143,#9150,#9148,.T.) ;
#9158=EDGE_CURVE('',#9150,#9157,#9155,.T.) ;
#9165=EDGE_CURVE('',#9157,#9164,#9162,.T.) ;
#9172=EDGE_CURVE('',#9164,#9171,#9169,.T.) ;
#9179=EDGE_CURVE('',#9171,#9178,#9176,.T.) ;
#9184=EDGE_CURVE('',#9178,#9134,#9183,.T.) ;
#9221=EDGE_CURVE('',#9218,#9220,#9195,.T.) ;
#9244=EDGE_CURVE('',#9220,#9218,#9222,.T.) ;
#9275=EDGE_CURVE('',#9272,#9274,#9249,.T.) ;
#9298=EDGE_CURVE('',#9274,#9272,#9276,.T.) ;
#9329=EDGE_CURVE('',#9326,#9328,#9303,.T.) ;
#9352=EDGE_CURVE('',#9328,#9326,#9330,.T.) ;
#9383=EDGE_CURVE('',#9380,#9382,#9357,.T.) ;
#9406=EDGE_CURVE('',#9382,#9380,#9384,.T.) ;
#9419=EDGE_CURVE('',#9416,#9418,#9414,.T.) ;
#9435=EDGE_CURVE('',#9434,#9416,#9420,.T.) ;
#9442=EDGE_CURVE('',#9441,#9434,#9439,.T.) ;
#9449=EDGE_CURVE('',#9441,#9448,#9446,.T.) ;
#9456=EDGE_CURVE('',#9455,#9448,#9453,.T.) ;
#9472=EDGE_CURVE('',#9471,#9455,#9457,.T.) ;
#9479=EDGE_CURVE('',#9478,#9471,#9476,.T.) ;
#9486=EDGE_CURVE('',#9478,#9485,#9483,.T.) ;
#9493=EDGE_CURVE('',#9492,#9485,#9490,.T.) ;
#9509=EDGE_CURVE('',#9508,#9492,#9494,.T.) ;
#9514=EDGE_CURVE('',#8619,#9508,#9513,.T.) ;
#9530=EDGE_CURVE('',#9529,#9109,#9515,.T.) ;
#9537=EDGE_CURVE('',#9536,#9529,#9534,.T.) ;
#9542=EDGE_CURVE('',#9536,#9418,#9541,.T.) ;
#9572=EDGE_CURVE('',#8981,#9508,#9571,.T.) ;
#9592=EDGE_CURVE('',#8653,#9591,#9589,.T.) ;
#9599=EDGE_CURVE('',#9598,#9591,#9596,.T.) ;
#9604=EDGE_CURVE('',#9598,#8651,#9603,.T.) ;
#9627=EDGE_CURVE('',#9626,#9598,#9618,.T.) ;
#9632=EDGE_CURVE('',#8672,#9626,#9631,.F.) ;
#9652=EDGE_CURVE('',#9651,#9626,#9649,.T.) ;
#9657=EDGE_CURVE('',#8679,#9651,#9656,.T.) ;
#9677=EDGE_CURVE('',#9676,#9651,#9674,.T.) ;
#9682=EDGE_CURVE('',#8698,#9676,#9681,.F.) ;
#9702=EDGE_CURVE('',#9701,#9676,#9699,.T.) ;
#9707=EDGE_CURVE('',#8705,#9701,#9706,.T.) ;
#9727=EDGE_CURVE('',#9726,#9701,#9724,.T.) ;
#9732=EDGE_CURVE('',#8724,#9726,#9731,.F.) ;
#9752=EDGE_CURVE('',#9751,#9726,#9749,.T.) ;
#9757=EDGE_CURVE('',#8731,#9751,#9756,.T.) ;
#9775=EDGE_CURVE('',#9591,#9751,#9774,.T.) ;
#9793=EDGE_CURVE('',#9218,#8785,#9792,.T.) ;
#9798=EDGE_CURVE('',#8783,#9220,#9797,.F.) ;
#9829=EDGE_CURVE('',#9272,#8839,#9828,.T.) ;
#9834=EDGE_CURVE('',#8837,#9274,#9833,.F.) ;
#9865=EDGE_CURVE('',#9326,#8893,#9864,.T.) ;
#9870=EDGE_CURVE('',#8891,#9328,#9869,.F.) ;
#9901=EDGE_CURVE('',#9380,#8947,#9900,.T.) ;
#9906=EDGE_CURVE('',#8945,#9382,#9905,.F.) ;
#9937=EDGE_CURVE('',#8988,#9492,#9936,.T.) ;
#9955=EDGE_CURVE('',#9485,#8995,#9954,.T.) ;
#9973=EDGE_CURVE('',#9002,#9478,#9972,.T.) ;
#9991=EDGE_CURVE('',#9009,#9471,#9990,.T.) ;
#10009=EDGE_CURVE('',#9016,#9455,#10008,.T.) ;
#10027=EDGE_CURVE('',#9448,#9023,#10026,.T.) ;
#10045=EDGE_CURVE('',#9030,#9441,#10044,.T.) ;
#10063=EDGE_CURVE('',#9037,#9434,#10062,.T.) ;
#10081=EDGE_CURVE('',#9044,#9416,#10080,.T.) ;
#10099=EDGE_CURVE('',#9418,#9051,#10098,.T.) ;
#10117=EDGE_CURVE('',#9058,#9536,#10116,.T.) ;
#10135=EDGE_CURVE('',#9065,#9529,#10134,.T.) ;
#10168=EDGE_CURVE('',#10167,#9136,#10165,.F.) ;
#10175=EDGE_CURVE('',#10174,#9134,#10172,.F.) ;
#10180=EDGE_CURVE('',#10174,#10167,#10179,.T.) ;
#10200=EDGE_CURVE('',#10199,#9143,#10197,.T.) ;
#10205=EDGE_CURVE('',#10167,#10199,#10204,.T.) ;
#10225=EDGE_CURVE('',#10224,#9150,#10222,.F.) ;
#10230=EDGE_CURVE('',#10199,#10224,#10229,.T.) ;
#10250=EDGE_CURVE('',#10249,#9157,#10247,.T.) ;
#10255=EDGE_CURVE('',#10224,#10249,#10254,.T.) ;
#10275=EDGE_CURVE('',#10274,#9164,#10272,.F.) ;
#10280=EDGE_CURVE('',#10249,#10274,#10279,.T.) ;
#10300=EDGE_CURVE('',#10299,#9171,#10297,.T.) ;
#10305=EDGE_CURVE('',#10274,#10299,#10304,.T.) ;
#10325=EDGE_CURVE('',#9178,#10324,#10322,.T.) ;
#10330=EDGE_CURVE('',#10299,#10324,#10329,.T.) ;
#10348=EDGE_CURVE('',#10324,#10174,#10347,.T.) ;
#10382=EDGE_CURVE('',#10379,#10381,#10362,.T.) ;
#10389=EDGE_CURVE('',#10388,#10379,#10386,.T.) ;
#10408=EDGE_CURVE('',#10407,#10388,#10390,.T.) ;
#10415=EDGE_CURVE('',#10414,#10407,#10412,.T.) ;
#10434=EDGE_CURVE('',#10433,#10414,#10416,.T.) ;
#10441=EDGE_CURVE('',#10440,#10433,#10438,.T.) ;
#10460=EDGE_CURVE('',#10459,#10440,#10442,.T.) ;
#10465=EDGE_CURVE('',#10381,#10459,#10464,.T.) ;
#10513=EDGE_CURVE('',#10510,#10512,#10493,.T.) ;
#10520=EDGE_CURVE('',#10519,#10510,#10517,.T.) ;
#10539=EDGE_CURVE('',#10538,#10519,#10521,.T.) ;
#10546=EDGE_CURVE('',#10545,#10538,#10543,.T.) ;
#10565=EDGE_CURVE('',#10564,#10545,#10547,.T.) ;
#10572=EDGE_CURVE('',#10571,#10564,#10569,.T.) ;
#10591=EDGE_CURVE('',#10590,#10571,#10573,.T.) ;
#10596=EDGE_CURVE('',#10512,#10590,#10595,.T.) ;
#10632=EDGE_CURVE('',#10629,#10631,#10627,.F.) ;
#10637=EDGE_CURVE('',#10631,#10379,#10636,.F.) ;
#10644=EDGE_CURVE('',#10381,#10643,#10641,.T.) ;
#10651=EDGE_CURVE('',#10643,#10650,#10648,.T.) ;
#10656=EDGE_CURVE('',#10650,#10629,#10655,.F.) ;
#10678=EDGE_CURVE('',#10631,#10677,#10675,.F.) ;
#10683=EDGE_CURVE('',#10677,#10388,#10682,.T.) ;
#10705=EDGE_CURVE('',#10702,#10704,#10700,.F.) ;
#10710=EDGE_CURVE('',#10704,#10407,#10709,.F.) ;
#10717=EDGE_CURVE('',#10716,#10677,#10714,.F.) ;
#10722=EDGE_CURVE('',#10716,#10702,#10721,.F.) ;
#10744=EDGE_CURVE('',#10704,#10743,#10741,.F.) ;
#10749=EDGE_CURVE('',#10743,#10414,#10748,.T.) ;
#10769=EDGE_CURVE('',#10768,#10743,#10766,.F.) ;
#10776=EDGE_CURVE('',#10768,#10775,#10773,.F.) ;
#10783=EDGE_CURVE('',#10782,#10775,#10780,.T.) ;
#10788=EDGE_CURVE('',#10433,#10782,#10787,.T.) ;
#10810=EDGE_CURVE('',#10782,#10809,#10807,.F.) ;
#10815=EDGE_CURVE('',#10440,#10809,#10814,.F.) ;
#10835=EDGE_CURVE('',#10809,#10834,#10832,.T.) ;
#10842=EDGE_CURVE('',#10834,#10841,#10839,.F.) ;
#10849=EDGE_CURVE('',#10848,#10841,#10846,.T.) ;
#10854=EDGE_CURVE('',#10459,#10848,#10853,.T.) ;
#10874=EDGE_CURVE('',#10848,#10643,#10873,.F.) ;
#10894=EDGE_CURVE('',#10512,#10893,#10891,.F.) ;
#10901=EDGE_CURVE('',#10893,#10900,#10898,.F.) ;
#10908=EDGE_CURVE('',#10900,#10907,#10905,.T.) ;
#10915=EDGE_CURVE('',#10907,#10914,#10912,.T.) ;
#10920=EDGE_CURVE('',#10914,#10510,#10919,.T.) ;
#10942=EDGE_CURVE('',#10941,#10914,#10939,.F.) ;
#10947=EDGE_CURVE('',#10941,#10519,#10946,.F.) ;
#10969=EDGE_CURVE('',#10966,#10968,#10964,.T.) ;
#10974=EDGE_CURVE('',#10968,#10538,#10973,.T.) ;
#10981=EDGE_CURVE('',#10980,#10941,#10978,.T.) ;
#10986=EDGE_CURVE('',#10980,#10966,#10985,.T.) ;
#11008=EDGE_CURVE('',#11007,#10968,#11005,.F.) ;
#11013=EDGE_CURVE('',#11007,#10545,#11012,.F.) ;
#11035=EDGE_CURVE('',#11032,#11034,#11030,.F.) ;
#11040=EDGE_CURVE('',#10564,#11032,#11039,.F.) ;
#11047=EDGE_CURVE('',#11046,#11007,#11044,.T.) ;
#11052=EDGE_CURVE('',#11046,#11034,#11051,.T.) ;
#11074=EDGE_CURVE('',#11073,#11032,#11071,.F.) ;
#11080=EDGE_CURVE('',#10571,#11073,#11075,.T.) ;
#11100=EDGE_CURVE('',#11073,#11099,#11097,.F.) ;
#11107=EDGE_CURVE('',#11099,#11106,#11104,.T.) ;
#11114=EDGE_CURVE('',#11113,#11106,#11111,.F.) ;
#11119=EDGE_CURVE('',#10590,#11113,#11118,.F.) ;
#11139=EDGE_CURVE('',#10893,#11113,#11138,.F.) ;
#11157=EDGE_CURVE('',#10629,#10716,#11156,.F.) ;
#11175=EDGE_CURVE('',#10841,#10650,#11174,.F.) ;
#11200=EDGE_CURVE('',#10650,#11199,#11194,.T.) ;
#11207=EDGE_CURVE('',#11206,#11199,#11201,.F.) ;
#11212=EDGE_CURVE('',#10629,#11206,#11208,.T.) ;
#11230=EDGE_CURVE('',#10702,#10768,#11229,.F.) ;
#11255=EDGE_CURVE('',#11254,#10716,#11249,.F.) ;
#11262=EDGE_CURVE('',#11261,#11254,#11256,.F.) ;
#11267=EDGE_CURVE('',#10702,#11261,#11263,.T.) ;
#11292=EDGE_CURVE('',#10768,#11291,#11286,.T.) ;
#11299=EDGE_CURVE('',#11298,#11291,#11293,.F.) ;
#11304=EDGE_CURVE('',#10775,#11298,#11300,.T.) ;
#11322=EDGE_CURVE('',#10775,#10834,#11321,.F.) ;
#11347=EDGE_CURVE('',#10834,#11346,#11341,.T.) ;
#11354=EDGE_CURVE('',#11353,#11346,#11348,.F.) ;
#11359=EDGE_CURVE('',#10841,#11353,#11355,.T.) ;
#11377=EDGE_CURVE('',#11106,#10900,#11376,.T.) ;
#11402=EDGE_CURVE('',#11401,#10900,#11396,.T.) ;
#11409=EDGE_CURVE('',#11401,#11408,#11403,.F.) ;
#11414=EDGE_CURVE('',#11408,#10907,#11410,.T.) ;
#11432=EDGE_CURVE('',#10907,#10980,#11431,.T.) ;
#11450=EDGE_CURVE('',#10966,#11046,#11449,.T.) ;
#11475=EDGE_CURVE('',#11474,#10980,#11469,.T.) ;
#11482=EDGE_CURVE('',#11481,#11474,#11476,.T.) ;
#11487=EDGE_CURVE('',#11481,#10966,#11483,.T.) ;
#11505=EDGE_CURVE('',#11034,#11099,#11504,.T.) ;
#11530=EDGE_CURVE('',#11529,#11046,#11524,.T.) ;
#11537=EDGE_CURVE('',#11536,#11529,#11531,.T.) ;
#11542=EDGE_CURVE('',#11536,#11034,#11538,.T.) ;
#11567=EDGE_CURVE('',#11566,#11099,#11561,.T.) ;
#11574=EDGE_CURVE('',#11566,#11573,#11568,.F.) ;
#11579=EDGE_CURVE('',#11106,#11573,#11575,.F.) ;
#11597=EDGE_CURVE('',#11254,#11206,#11596,.T.) ;
#11615=EDGE_CURVE('',#11199,#11353,#11614,.T.) ;
#11633=EDGE_CURVE('',#11401,#11408,#11632,.T.) ;
#11640=EDGE_CURVE('',#11639,#11401,#11637,.T.) ;
#11645=EDGE_CURVE('',#11206,#11639,#11644,.T.) ;
#11652=EDGE_CURVE('',#11199,#11651,#11649,.T.) ;
#11657=EDGE_CURVE('',#11651,#11408,#11656,.T.) ;
#11677=EDGE_CURVE('',#11291,#11261,#11676,.T.) ;
#11695=EDGE_CURVE('',#11566,#11573,#11694,.T.) ;
#11702=EDGE_CURVE('',#11701,#11566,#11699,.T.) ;
#11707=EDGE_CURVE('',#11261,#11701,#11706,.T.) ;
#11714=EDGE_CURVE('',#11254,#11713,#11711,.T.) ;
#11719=EDGE_CURVE('',#11713,#11573,#11718,.T.) ;
#11741=EDGE_CURVE('',#11740,#11536,#11738,.T.) ;
#11746=EDGE_CURVE('',#11740,#11298,#11745,.F.) ;
#11751=EDGE_CURVE('',#11536,#11291,#11750,.F.) ;
#11769=EDGE_CURVE('',#11346,#11298,#11768,.T.) ;
#11789=EDGE_CURVE('',#11788,#11481,#11786,.T.) ;
#11794=EDGE_CURVE('',#11788,#11353,#11793,.F.) ;
#11799=EDGE_CURVE('',#11481,#11346,#11798,.F.) ;
#11817=EDGE_CURVE('',#11401,#11573,#11816,.F.) ;
#11846=EDGE_CURVE('',#11474,#11408,#11845,.F.) ;
#11864=EDGE_CURVE('',#11529,#11481,#11863,.F.) ;
#11882=EDGE_CURVE('',#11474,#11788,#11881,.F.) ;
#11899=EDGE_CURVE('',#11566,#11536,#11898,.F.) ;
#11917=EDGE_CURVE('',#11529,#11740,#11916,.F.) ;
#11945=EDGE_CURVE('',#11639,#11713,#11944,.F.) ;
#11963=EDGE_CURVE('',#11788,#11651,#11962,.F.) ;
#11995=EDGE_CURVE('',#11788,#11651,#11990,.F.) ;
#12013=EDGE_CURVE('',#11701,#11536,#12012,.F.) ;
#12043=EDGE_CURVE('',#11740,#11481,#12042,.F.) ;
#12062=EDGE_CURVE('',#11740,#11481,#12057,.F.) ;
#12131=EDGE_CURVE('',#12128,#12130,#12126,.F.) ;
#12138=EDGE_CURVE('',#12137,#12128,#12135,.T.) ;
#12145=EDGE_CURVE('',#12144,#12137,#12142,.T.) ;
#12150=EDGE_CURVE('',#12130,#12144,#12149,.F.) ;
#12179=EDGE_CURVE('',#12176,#12178,#12174,.T.) ;
#12198=EDGE_CURVE('',#12197,#12176,#12180,.T.) ;
#12205=EDGE_CURVE('',#12204,#12197,#12202,.T.) ;
#12224=EDGE_CURVE('',#12223,#12204,#12206,.T.) ;
#12231=EDGE_CURVE('',#12230,#12223,#12228,.T.) ;
#12250=EDGE_CURVE('',#12249,#12230,#12232,.T.) ;
#12257=EDGE_CURVE('',#12256,#12249,#12254,.T.) ;
#12274=EDGE_CURVE('',#12178,#12256,#12258,.T.) ;
#12307=EDGE_CURVE('',#12130,#12128,#12285,.T.) ;
#12338=EDGE_CURVE('',#12335,#12337,#12312,.T.) ;
#12361=EDGE_CURVE('',#12337,#12335,#12339,.T.) ;
#12392=EDGE_CURVE('',#12389,#12391,#12366,.T.) ;
#12415=EDGE_CURVE('',#12391,#12389,#12393,.T.) ;
#12446=EDGE_CURVE('',#12443,#12445,#12420,.T.) ;
#12469=EDGE_CURVE('',#12445,#12443,#12447,.T.) ;
#12485=EDGE_CURVE('',#12137,#12144,#12484,.T.) ;
#12513=EDGE_CURVE('',#12510,#12512,#12499,.T.) ;
#12518=EDGE_CURVE('',#12144,#12510,#12517,.F.) ;
#12523=EDGE_CURVE('',#12512,#12137,#12522,.T.) ;
#12543=EDGE_CURVE('',#12178,#12542,#12540,.T.) ;
#12550=EDGE_CURVE('',#12542,#12549,#12547,.T.) ;
#12555=EDGE_CURVE('',#12176,#12549,#12554,.T.) ;
#12575=EDGE_CURVE('',#12549,#12574,#12572,.T.) ;
#12580=EDGE_CURVE('',#12574,#12197,#12579,.T.) ;
#12600=EDGE_CURVE('',#12574,#12599,#12597,.T.) ;
#12605=EDGE_CURVE('',#12204,#12599,#12604,.T.) ;
#12625=EDGE_CURVE('',#12599,#12624,#12622,.T.) ;
#12630=EDGE_CURVE('',#12223,#12624,#12629,.F.) ;
#12650=EDGE_CURVE('',#12624,#12649,#12647,.T.) ;
#12655=EDGE_CURVE('',#12230,#12649,#12654,.T.) ;
#12675=EDGE_CURVE('',#12649,#12674,#12672,.T.) ;
#12680=EDGE_CURVE('',#12249,#12674,#12679,.F.) ;
#12700=EDGE_CURVE('',#12674,#12699,#12697,.T.) ;
#12705=EDGE_CURVE('',#12256,#12699,#12704,.T.) ;
#12723=EDGE_CURVE('',#12699,#12542,#12722,.T.) ;
#12743=EDGE_CURVE('',#12335,#12742,#12740,.F.) ;
#12750=EDGE_CURVE('',#12749,#12742,#12747,.T.) ;
#12755=EDGE_CURVE('',#12749,#12337,#12754,.T.) ;
#12773=EDGE_CURVE('',#12742,#12749,#12772,.T.) ;
#12793=EDGE_CURVE('',#12389,#12792,#12790,.F.) ;
#12800=EDGE_CURVE('',#12799,#12792,#12797,.T.) ;
#12805=EDGE_CURVE('',#12799,#12391,#12804,.T.) ;
#12823=EDGE_CURVE('',#12792,#12799,#12822,.T.) ;
#12843=EDGE_CURVE('',#12443,#12842,#12840,.F.) ;
#12850=EDGE_CURVE('',#12849,#12842,#12847,.T.) ;
#12855=EDGE_CURVE('',#12849,#12445,#12854,.T.) ;
#12873=EDGE_CURVE('',#12842,#12849,#12872,.T.) ;
#12897=EDGE_CURVE('',#12512,#12510,#12887,.T.) ;
#12933=EDGE_CURVE('',#12930,#12932,#12928,.T.) ;
#12938=EDGE_CURVE('',#12932,#12930,#12937,.T.) ;
#12951=EDGE_CURVE('',#12948,#12950,#12946,.T.) ;
#12956=EDGE_CURVE('',#12950,#12948,#12955,.T.) ;
#12969=EDGE_CURVE('',#12966,#12968,#12964,.T.) ;
#12974=EDGE_CURVE('',#12968,#12966,#12973,.T.) ;
#12990=EDGE_CURVE('',#12930,#12749,#12989,.T.) ;
#12995=EDGE_CURVE('',#12742,#12932,#12994,.F.) ;
#13026=EDGE_CURVE('',#12948,#12799,#13025,.T.) ;
#13031=EDGE_CURVE('',#12792,#12950,#13030,.F.) ;
#13062=EDGE_CURVE('',#12966,#12849,#13061,.T.) ;
#13067=EDGE_CURVE('',#12842,#12968,#13066,.F.) ;
#13128=EDGE_CURVE('',#13125,#13127,#13123,.T.) ;
#13141=EDGE_CURVE('',#13140,#13125,#13129,.F.) ;
#13148=EDGE_CURVE('',#13147,#13140,#13145,.T.) ;
#13153=EDGE_CURVE('',#13147,#13127,#13152,.T.) ;
#13182=EDGE_CURVE('',#13179,#13181,#13177,.T.) ;
#13195=EDGE_CURVE('',#13181,#13194,#13183,.T.) ;
#13208=EDGE_CURVE('',#13194,#13207,#13196,.T.) ;
#13215=EDGE_CURVE('',#13207,#13214,#13212,.T.) ;
#13222=EDGE_CURVE('',#13214,#13221,#13219,.T.) ;
#13236=EDGE_CURVE('',#13221,#13125,#13223,.T.) ;
#13243=EDGE_CURVE('',#13127,#13242,#13240,.T.) ;
#13256=EDGE_CURVE('',#13242,#13255,#13244,.T.) ;
#13269=EDGE_CURVE('',#13255,#13268,#13257,.T.) ;
#13276=EDGE_CURVE('',#13268,#13275,#13273,.T.) ;
#13283=EDGE_CURVE('',#13275,#13282,#13280,.T.) ;
#13299=EDGE_CURVE('',#13282,#13298,#13284,.T.) ;
#13304=EDGE_CURVE('',#13298,#13179,#13303,.T.) ;
#13336=EDGE_CURVE('',#13335,#13221,#13328,.T.) ;
#13345=EDGE_CURVE('',#13344,#13335,#13337,.T.) ;
#13350=EDGE_CURVE('',#13140,#13344,#13349,.F.) ;
#13373=EDGE_CURVE('',#13370,#13372,#13368,.T.) ;
#13378=EDGE_CURVE('',#13372,#13370,#13377,.T.) ;
#13391=EDGE_CURVE('',#13388,#13390,#13386,.T.) ;
#13398=EDGE_CURVE('',#13390,#13397,#13395,.T.) ;
#13411=EDGE_CURVE('',#13397,#13410,#13399,.T.) ;
#13418=EDGE_CURVE('',#13410,#13417,#13415,.T.) ;
#13425=EDGE_CURVE('',#13417,#13424,#13422,.T.) ;
#13435=EDGE_CURVE('',#13424,#13434,#13426,.T.) ;
#13445=EDGE_CURVE('',#13434,#13444,#13436,.T.) ;
#13450=EDGE_CURVE('',#13444,#13147,#13449,.T.) ;
#13457=EDGE_CURVE('',#13344,#13456,#13454,.T.) ;
#13464=EDGE_CURVE('',#13456,#13463,#13461,.T.) ;
#13474=EDGE_CURVE('',#13463,#13473,#13465,.T.) ;
#13482=EDGE_CURVE('',#13473,#13388,#13475,.T.) ;
#13515=EDGE_CURVE('',#13444,#13514,#13506,.T.) ;
#13523=EDGE_CURVE('',#13514,#13242,#13516,.T.) ;
#13542=EDGE_CURVE('',#13390,#13179,#13541,.T.) ;
#13552=EDGE_CURVE('',#13388,#13551,#13543,.T.) ;
#13560=EDGE_CURVE('',#13551,#13181,#13553,.T.) ;
#13579=EDGE_CURVE('',#13194,#13473,#13578,.T.) ;
#13604=EDGE_CURVE('',#13463,#13207,#13594,.F.) ;
#13622=EDGE_CURVE('',#13456,#13214,#13621,.T.) ;
#13654=EDGE_CURVE('',#13434,#13255,#13653,.F.) ;
#13679=EDGE_CURVE('',#13424,#13268,#13669,.F.) ;
#13697=EDGE_CURVE('',#13417,#13275,#13696,.T.) ;
#13720=EDGE_CURVE('',#13410,#13719,#13711,.T.) ;
#13728=EDGE_CURVE('',#13719,#13282,#13721,.T.) ;
#13753=EDGE_CURVE('',#13397,#13298,#13743,.F.) ;
#13787=EDGE_CURVE('',#13372,#13786,#13784,.F.) ;
#13794=EDGE_CURVE('',#13793,#13370,#13791,.T.) ;
#13799=EDGE_CURVE('',#13793,#13786,#13798,.T.) ;
#13817=EDGE_CURVE('',#13786,#13793,#13816,.T.) ;
#13837=EDGE_CURVE('',#13836,#13793,#13834,.F.) ;
#13850=EDGE_CURVE('',#13849,#13836,#13838,.T.) ;
#13855=EDGE_CURVE('',#13786,#13849,#13854,.T.) ;
#13879=EDGE_CURVE('',#13836,#13849,#13869,.T.) ;
#13899=EDGE_CURVE('',#13898,#13849,#13896,.T.) ;
#13906=EDGE_CURVE('',#13836,#13905,#13903,.F.) ;
#13911=EDGE_CURVE('',#13905,#13898,#13910,.T.) ;
#13929=EDGE_CURVE('',#13898,#13905,#13928,.T.) ;
#81=EDGE_LOOP('',(#82,#83,#84,#85)) ;
#2258=EDGE_LOOP('',(#2259,#2260,#2261,#2262,#2263,#2264,#2265,#2266,#2267,#2268,#2269,#2270,#2271,#2272,#2273,#2274,#2275,#2276,#2277,#2278,#2279,#2280,#2281,#2282,#2283,#2284,#2285,#2286,#2287,#2288,#2289,#2290,#2291,#2292,#2293,#2294,#2295,#2296,#2297,#2298,#2299,#2300,#2301,#2302,#2303,#2304,#2305,#2306,#2307,#2308,#2309,#2310,#2311,#2312,#2313,#2314,#2315,#2316,#2317,#2318,#2319,#2320,#2321,#2322,#2323,#2324,#2325,#2326,#2327,#2328,#2329,#2330,#2331,#2332,#2333,#2334,#2335,#2336,#2337,#2338,#2339,#2340,#2341,#2342,#2343,#2344,#2345,#2346,#2347,#2348,#2349,#2350,#2351,#2352,#2353,#2354,#2355,#2356,#2357,#2358,#2359,#2360,#2361,#2362,#2363,#2364,#2365,#2366,#2367,#2368,#2369,#2370,#2371,#2372,#2373,#2374,#2375,#2376,#2377,#2378,#2379,#2380,#2381,#2382,#2383,#2384,#2385,#2386,#2387,#2388,#2389,#2390,#2391,#2392,#2393,#2394,#2395,#2396,#2397,#2398,#2399,#2400,#2401,#2402,#2403,#2404,#2405,#2406,#2407,#2408,#2409,#2410,#2411,#2412,#2413,#2414,#2415,#2416,#2417,#2418,#2419,#2420,#2421,#2422,#2423,#2424,#2425,#2426,#2427,#2428,#2429,#2430,#2431,#2432,#2433,#2434,#2435,#2436,#2437,#2438,#2439,#2440,#2441,#2442,#2443,#2444,#2445,#2446,#2447,#2448,#2449,#2450,#2451,#2452,#2453,#2454,#2455,#2456,#2457,#2458,#2459,#2460,#2461,#2462,#2463,#2464,#2465,#2466,#2467,#2468,#2469,#2470,#2471,#2472,#2473,#2474,#2475,#2476,#2477,#2478,#2479,#2480)) ;
#2501=EDGE_LOOP('',(#2502,#2503,#2504,#2505)) ;
#4373=EDGE_LOOP('',(#4374,#4375,#4376,#4377,#4378,#4379,#4380,#4381,#4382,#4383,#4384,#4385,#4386,#4387,#4388,#4389,#4390,#4391,#4392,#4393,#4394,#4395,#4396,#4397,#4398,#4399,#4400,#4401,#4402,#4403,#4404,#4405,#4406,#4407,#4408,#4409,#4410,#4411,#4412,#4413,#4414,#4415,#4416,#4417,#4418,#4419,#4420,#4421,#4422,#4423,#4424,#4425,#4426,#4427,#4428,#4429,#4430,#4431,#4432,#4433,#4434,#4435,#4436,#4437,#4438,#4439,#4440,#4441,#4442,#4443,#4444,#4445,#4446,#4447,#4448,#4449,#4450,#4451,#4452,#4453,#4454,#4455,#4456,#4457,#4458,#4459,#4460,#4461,#4462,#4463,#4464,#4465,#4466,#4467,#4468,#4469,#4470,#4471,#4472,#4473,#4474,#4475,#4476,#4477,#4478,#4479,#4480,#4481,#4482,#4483,#4484,#4485,#4486,#4487,#4488,#4489,#4490,#4491,#4492,#4493,#4494,#4495,#4496,#4497,#4498,#4499,#4500,#4501,#4502,#4503,#4504,#4505,#4506,#4507,#4508,#4509,#4510,#4511,#4512,#4513,#4514,#4515,#4516,#4517,#4518,#4519,#4520,#4521,#4522,#4523,#4524,#4525,#4526,#4527,#4528,#4529,#4530,#4531,#4532,#4533,#4534,#4535,#4536,#4537,#4538,#4539,#4540,#4541,#4542,#4543,#4544,#4545,#4546,#4547,#4548,#4549,#4550,#4551,#4552,#4553,#4554,#4555,#4556,#4557,#4558,#4559,#4560,#4561,#4562,#4563,#4564,#4565,#4566,#4567,#4568,#4569,#4570,#4571,#4572,#4573,#4574,#4575,#4576,#4577,#4578,#4579,#4580,#4581,#4582,#4583,#4584,#4585,#4586,#4587,#4588,#4589,#4590,#4591,#4592,#4593,#4594,#4595)) ;
#4609=EDGE_LOOP('',(#4610,#4611,#4612,#4613)) ;
#4632=EDGE_LOOP('',(#4633,#4634,#4635,#4636)) ;
#4650=EDGE_LOOP('',(#4651,#4652,#4653,#4654)) ;
#4668=EDGE_LOOP('',(#4669,#4670,#4671,#4672)) ;
#4686=EDGE_LOOP('',(#4687,#4688,#4689,#4690)) ;
#4704=EDGE_LOOP('',(#4705,#4706,#4707,#4708)) ;
#4717=EDGE_LOOP('',(#4718,#4719,#4720,#4721)) ;
#4735=EDGE_LOOP('',(#4736,#4737,#4738,#4739)) ;
#4753=EDGE_LOOP('',(#4754,#4755,#4756,#4757)) ;
#4771=EDGE_LOOP('',(#4772,#4773,#4774,#4775)) ;
#4789=EDGE_LOOP('',(#4790,#4791,#4792,#4793)) ;
#4807=EDGE_LOOP('',(#4808,#4809,#4810,#4811)) ;
#4825=EDGE_LOOP('',(#4826,#4827,#4828,#4829)) ;
#4843=EDGE_LOOP('',(#4844,#4845,#4846,#4847)) ;
#4861=EDGE_LOOP('',(#4862,#4863,#4864,#4865)) ;
#4879=EDGE_LOOP('',(#4880,#4881,#4882,#4883)) ;
#4897=EDGE_LOOP('',(#4898,#4899,#4900,#4901)) ;
#4915=EDGE_LOOP('',(#4916,#4917,#4918,#4919)) ;
#4933=EDGE_LOOP('',(#4934,#4935,#4936,#4937)) ;
#4951=EDGE_LOOP('',(#4952,#4953,#4954,#4955)) ;
#4969=EDGE_LOOP('',(#4970,#4971,#4972,#4973)) ;
#4987=EDGE_LOOP('',(#4988,#4989,#4990,#4991)) ;
#5005=EDGE_LOOP('',(#5006,#5007,#5008,#5009)) ;
#5023=EDGE_LOOP('',(#5024,#5025,#5026,#5027)) ;
#5041=EDGE_LOOP('',(#5042,#5043,#5044,#5045)) ;
#5059=EDGE_LOOP('',(#5060,#5061,#5062,#5063)) ;
#5077=EDGE_LOOP('',(#5078,#5079,#5080,#5081)) ;
#5095=EDGE_LOOP('',(#5096,#5097,#5098,#5099)) ;
#5113=EDGE_LOOP('',(#5114,#5115,#5116,#5117)) ;
#5131=EDGE_LOOP('',(#5132,#5133,#5134,#5135)) ;
#5149=EDGE_LOOP('',(#5150,#5151,#5152,#5153)) ;
#5167=EDGE_LOOP('',(#5168,#5169,#5170,#5171)) ;
#5185=EDGE_LOOP('',(#5186,#5187,#5188,#5189)) ;
#5203=EDGE_LOOP('',(#5204,#5205,#5206,#5207)) ;
#5221=EDGE_LOOP('',(#5222,#5223,#5224,#5225)) ;
#5239=EDGE_LOOP('',(#5240,#5241,#5242,#5243)) ;
#5257=EDGE_LOOP('',(#5258,#5259,#5260,#5261)) ;
#5275=EDGE_LOOP('',(#5276,#5277,#5278,#5279)) ;
#5293=EDGE_LOOP('',(#5294,#5295,#5296,#5297)) ;
#5311=EDGE_LOOP('',(#5312,#5313,#5314,#5315)) ;
#5329=EDGE_LOOP('',(#5330,#5331,#5332,#5333)) ;
#5347=EDGE_LOOP('',(#5348,#5349,#5350,#5351)) ;
#5365=EDGE_LOOP('',(#5366,#5367,#5368,#5369)) ;
#5383=EDGE_LOOP('',(#5384,#5385,#5386,#5387)) ;
#5401=EDGE_LOOP('',(#5402,#5403,#5404,#5405)) ;
#5419=EDGE_LOOP('',(#5420,#5421,#5422,#5423)) ;
#5437=EDGE_LOOP('',(#5438,#5439,#5440,#5441)) ;
#5455=EDGE_LOOP('',(#5456,#5457,#5458,#5459)) ;
#5473=EDGE_LOOP('',(#5474,#5475,#5476,#5477)) ;
#5491=EDGE_LOOP('',(#5492,#5493,#5494,#5495)) ;
#5509=EDGE_LOOP('',(#5510,#5511,#5512,#5513)) ;
#5527=EDGE_LOOP('',(#5528,#5529,#5530,#5531)) ;
#5545=EDGE_LOOP('',(#5546,#5547,#5548,#5549)) ;
#5563=EDGE_LOOP('',(#5564,#5565,#5566,#5567)) ;
#5581=EDGE_LOOP('',(#5582,#5583,#5584,#5585)) ;
#5599=EDGE_LOOP('',(#5600,#5601,#5602,#5603)) ;
#5617=EDGE_LOOP('',(#5618,#5619,#5620,#5621)) ;
#5635=EDGE_LOOP('',(#5636,#5637,#5638,#5639)) ;
#5653=EDGE_LOOP('',(#5654,#5655,#5656,#5657)) ;
#5671=EDGE_LOOP('',(#5672,#5673,#5674,#5675)) ;
#5689=EDGE_LOOP('',(#5690,#5691,#5692,#5693)) ;
#5707=EDGE_LOOP('',(#5708,#5709,#5710,#5711)) ;
#5725=EDGE_LOOP('',(#5726,#5727,#5728,#5729)) ;
#5743=EDGE_LOOP('',(#5744,#5745,#5746,#5747)) ;
#5761=EDGE_LOOP('',(#5762,#5763,#5764,#5765)) ;
#5779=EDGE_LOOP('',(#5780,#5781,#5782,#5783)) ;
#5797=EDGE_LOOP('',(#5798,#5799,#5800,#5801)) ;
#5815=EDGE_LOOP('',(#5816,#5817,#5818,#5819)) ;
#5833=EDGE_LOOP('',(#5834,#5835,#5836,#5837)) ;
#5851=EDGE_LOOP('',(#5852,#5853,#5854,#5855)) ;
#5869=EDGE_LOOP('',(#5870,#5871,#5872,#5873)) ;
#5887=EDGE_LOOP('',(#5888,#5889,#5890,#5891)) ;
#5905=EDGE_LOOP('',(#5906,#5907,#5908,#5909)) ;
#5923=EDGE_LOOP('',(#5924,#5925,#5926,#5927)) ;
#5941=EDGE_LOOP('',(#5942,#5943,#5944,#5945)) ;
#5959=EDGE_LOOP('',(#5960,#5961,#5962,#5963)) ;
#5977=EDGE_LOOP('',(#5978,#5979,#5980,#5981)) ;
#5995=EDGE_LOOP('',(#5996,#5997,#5998,#5999)) ;
#6013=EDGE_LOOP('',(#6014,#6015,#6016,#6017)) ;
#6031=EDGE_LOOP('',(#6032,#6033,#6034,#6035)) ;
#6049=EDGE_LOOP('',(#6050,#6051,#6052,#6053)) ;
#6067=EDGE_LOOP('',(#6068,#6069,#6070,#6071)) ;
#6085=EDGE_LOOP('',(#6086,#6087,#6088,#6089)) ;
#6103=EDGE_LOOP('',(#6104,#6105,#6106,#6107)) ;
#6121=EDGE_LOOP('',(#6122,#6123,#6124,#6125)) ;
#6139=EDGE_LOOP('',(#6140,#6141,#6142,#6143)) ;
#6157=EDGE_LOOP('',(#6158,#6159,#6160,#6161)) ;
#6175=EDGE_LOOP('',(#6176,#6177,#6178,#6179)) ;
#6193=EDGE_LOOP('',(#6194,#6195,#6196,#6197)) ;
#6211=EDGE_LOOP('',(#6212,#6213,#6214,#6215)) ;
#6229=EDGE_LOOP('',(#6230,#6231,#6232,#6233)) ;
#6247=EDGE_LOOP('',(#6248,#6249,#6250,#6251)) ;
#6265=EDGE_LOOP('',(#6266,#6267,#6268,#6269)) ;
#6283=EDGE_LOOP('',(#6284,#6285,#6286,#6287)) ;
#6301=EDGE_LOOP('',(#6302,#6303,#6304,#6305)) ;
#6319=EDGE_LOOP('',(#6320,#6321,#6322,#6323)) ;
#6337=EDGE_LOOP('',(#6338,#6339,#6340,#6341)) ;
#6355=EDGE_LOOP('',(#6356,#6357,#6358,#6359)) ;
#6373=EDGE_LOOP('',(#6374,#6375,#6376,#6377)) ;
#6391=EDGE_LOOP('',(#6392,#6393,#6394,#6395)) ;
#6409=EDGE_LOOP('',(#6410,#6411,#6412,#6413)) ;
#6427=EDGE_LOOP('',(#6428,#6429,#6430,#6431)) ;
#6445=EDGE_LOOP('',(#6446,#6447,#6448,#6449)) ;
#6463=EDGE_LOOP('',(#6464,#6465,#6466,#6467)) ;
#6481=EDGE_LOOP('',(#6482,#6483,#6484,#6485)) ;
#6499=EDGE_LOOP('',(#6500,#6501,#6502,#6503)) ;
#6517=EDGE_LOOP('',(#6518,#6519,#6520,#6521)) ;
#6535=EDGE_LOOP('',(#6536,#6537,#6538,#6539)) ;
#6553=EDGE_LOOP('',(#6554,#6555,#6556,#6557)) ;
#6571=EDGE_LOOP('',(#6572,#6573,#6574,#6575)) ;
#6589=EDGE_LOOP('',(#6590,#6591,#6592,#6593)) ;
#6607=EDGE_LOOP('',(#6608,#6609,#6610,#6611)) ;
#6625=EDGE_LOOP('',(#6626,#6627,#6628,#6629)) ;
#6643=EDGE_LOOP('',(#6644,#6645,#6646,#6647)) ;
#6661=EDGE_LOOP('',(#6662,#6663,#6664,#6665)) ;
#6679=EDGE_LOOP('',(#6680,#6681,#6682,#6683)) ;
#6697=EDGE_LOOP('',(#6698,#6699,#6700,#6701)) ;
#6715=EDGE_LOOP('',(#6716,#6717,#6718,#6719)) ;
#6733=EDGE_LOOP('',(#6734,#6735,#6736,#6737)) ;
#6751=EDGE_LOOP('',(#6752,#6753,#6754,#6755)) ;
#6769=EDGE_LOOP('',(#6770,#6771,#6772,#6773)) ;
#6787=EDGE_LOOP('',(#6788,#6789,#6790,#6791)) ;
#6805=EDGE_LOOP('',(#6806,#6807,#6808,#6809)) ;
#6823=EDGE_LOOP('',(#6824,#6825,#6826,#6827)) ;
#6841=EDGE_LOOP('',(#6842,#6843,#6844,#6845)) ;
#6859=EDGE_LOOP('',(#6860,#6861,#6862,#6863)) ;
#6877=EDGE_LOOP('',(#6878,#6879,#6880,#6881)) ;
#6895=EDGE_LOOP('',(#6896,#6897,#6898,#6899)) ;
#6913=EDGE_LOOP('',(#6914,#6915,#6916,#6917)) ;
#6931=EDGE_LOOP('',(#6932,#6933,#6934,#6935)) ;
#6949=EDGE_LOOP('',(#6950,#6951,#6952,#6953)) ;
#6967=EDGE_LOOP('',(#6968,#6969,#6970,#6971)) ;
#6985=EDGE_LOOP('',(#6986,#6987,#6988,#6989)) ;
#7003=EDGE_LOOP('',(#7004,#7005,#7006,#7007)) ;
#7021=EDGE_LOOP('',(#7022,#7023,#7024,#7025)) ;
#7039=EDGE_LOOP('',(#7040,#7041,#7042,#7043)) ;
#7057=EDGE_LOOP('',(#7058,#7059,#7060,#7061)) ;
#7075=EDGE_LOOP('',(#7076,#7077,#7078,#7079)) ;
#7093=EDGE_LOOP('',(#7094,#7095,#7096,#7097)) ;
#7111=EDGE_LOOP('',(#7112,#7113,#7114,#7115)) ;
#7129=EDGE_LOOP('',(#7130,#7131,#7132,#7133)) ;
#7147=EDGE_LOOP('',(#7148,#7149,#7150,#7151)) ;
#7165=EDGE_LOOP('',(#7166,#7167,#7168,#7169)) ;
#7183=EDGE_LOOP('',(#7184,#7185,#7186,#7187)) ;
#7201=EDGE_LOOP('',(#7202,#7203,#7204,#7205)) ;
#7219=EDGE_LOOP('',(#7220,#7221,#7222,#7223)) ;
#7237=EDGE_LOOP('',(#7238,#7239,#7240,#7241)) ;
#7255=EDGE_LOOP('',(#7256,#7257,#7258,#7259)) ;
#7273=EDGE_LOOP('',(#7274,#7275,#7276,#7277)) ;
#7291=EDGE_LOOP('',(#7292,#7293,#7294,#7295)) ;
#7309=EDGE_LOOP('',(#7310,#7311,#7312,#7313)) ;
#7327=EDGE_LOOP('',(#7328,#7329,#7330,#7331)) ;
#7345=EDGE_LOOP('',(#7346,#7347,#7348,#7349)) ;
#7363=EDGE_LOOP('',(#7364,#7365,#7366,#7367)) ;
#7381=EDGE_LOOP('',(#7382,#7383,#7384,#7385)) ;
#7399=EDGE_LOOP('',(#7400,#7401,#7402,#7403)) ;
#7417=EDGE_LOOP('',(#7418,#7419,#7420,#7421)) ;
#7435=EDGE_LOOP('',(#7436,#7437,#7438,#7439)) ;
#7453=EDGE_LOOP('',(#7454,#7455,#7456,#7457)) ;
#7471=EDGE_LOOP('',(#7472,#7473,#7474,#7475)) ;
#7489=EDGE_LOOP('',(#7490,#7491,#7492,#7493)) ;
#7507=EDGE_LOOP('',(#7508,#7509,#7510,#7511)) ;
#7525=EDGE_LOOP('',(#7526,#7527,#7528,#7529)) ;
#7543=EDGE_LOOP('',(#7544,#7545,#7546,#7547)) ;
#7561=EDGE_LOOP('',(#7562,#7563,#7564,#7565)) ;
#7579=EDGE_LOOP('',(#7580,#7581,#7582,#7583)) ;
#7597=EDGE_LOOP('',(#7598,#7599,#7600,#7601)) ;
#7615=EDGE_LOOP('',(#7616,#7617,#7618,#7619)) ;
#7633=EDGE_LOOP('',(#7634,#7635,#7636,#7637)) ;
#7651=EDGE_LOOP('',(#7652,#7653,#7654,#7655)) ;
#7669=EDGE_LOOP('',(#7670,#7671,#7672,#7673)) ;
#7687=EDGE_LOOP('',(#7688,#7689,#7690,#7691)) ;
#7705=EDGE_LOOP('',(#7706,#7707,#7708,#7709)) ;
#7723=EDGE_LOOP('',(#7724,#7725,#7726,#7727)) ;
#7741=EDGE_LOOP('',(#7742,#7743,#7744,#7745)) ;
#7759=EDGE_LOOP('',(#7760,#7761,#7762,#7763)) ;
#7777=EDGE_LOOP('',(#7778,#7779,#7780,#7781)) ;
#7795=EDGE_LOOP('',(#7796,#7797,#7798,#7799)) ;
#7813=EDGE_LOOP('',(#7814,#7815,#7816,#7817)) ;
#7831=EDGE_LOOP('',(#7832,#7833,#7834,#7835)) ;
#7849=EDGE_LOOP('',(#7850,#7851,#7852,#7853)) ;
#7867=EDGE_LOOP('',(#7868,#7869,#7870,#7871)) ;
#7885=EDGE_LOOP('',(#7886,#7887,#7888,#7889)) ;
#7903=EDGE_LOOP('',(#7904,#7905,#7906,#7907)) ;
#7921=EDGE_LOOP('',(#7922,#7923,#7924,#7925)) ;
#7939=EDGE_LOOP('',(#7940,#7941,#7942,#7943)) ;
#7957=EDGE_LOOP('',(#7958,#7959,#7960,#7961)) ;
#7975=EDGE_LOOP('',(#7976,#7977,#7978,#7979)) ;
#7993=EDGE_LOOP('',(#7994,#7995,#7996,#7997)) ;
#8011=EDGE_LOOP('',(#8012,#8013,#8014,#8015)) ;
#8029=EDGE_LOOP('',(#8030,#8031,#8032,#8033)) ;
#8047=EDGE_LOOP('',(#8048,#8049,#8050,#8051)) ;
#8065=EDGE_LOOP('',(#8066,#8067,#8068,#8069)) ;
#8083=EDGE_LOOP('',(#8084,#8085,#8086,#8087)) ;
#8101=EDGE_LOOP('',(#8102,#8103,#8104,#8105)) ;
#8119=EDGE_LOOP('',(#8120,#8121,#8122,#8123)) ;
#8137=EDGE_LOOP('',(#8138,#8139,#8140,#8141)) ;
#8155=EDGE_LOOP('',(#8156,#8157,#8158,#8159)) ;
#8173=EDGE_LOOP('',(#8174,#8175,#8176,#8177)) ;
#8191=EDGE_LOOP('',(#8192,#8193,#8194,#8195)) ;
#8209=EDGE_LOOP('',(#8210,#8211,#8212,#8213)) ;
#8227=EDGE_LOOP('',(#8228,#8229,#8230,#8231)) ;
#8245=EDGE_LOOP('',(#8246,#8247,#8248,#8249)) ;
#8263=EDGE_LOOP('',(#8264,#8265,#8266,#8267)) ;
#8281=EDGE_LOOP('',(#8282,#8283,#8284,#8285)) ;
#8299=EDGE_LOOP('',(#8300,#8301,#8302,#8303)) ;
#8317=EDGE_LOOP('',(#8318,#8319,#8320,#8321)) ;
#8335=EDGE_LOOP('',(#8336,#8337,#8338,#8339)) ;
#8353=EDGE_LOOP('',(#8354,#8355,#8356,#8357)) ;
#8371=EDGE_LOOP('',(#8372,#8373,#8374,#8375)) ;
#8389=EDGE_LOOP('',(#8390,#8391,#8392,#8393)) ;
#8407=EDGE_LOOP('',(#8408,#8409,#8410,#8411)) ;
#8425=EDGE_LOOP('',(#8426,#8427,#8428,#8429)) ;
#8443=EDGE_LOOP('',(#8444,#8445,#8446,#8447)) ;
#8461=EDGE_LOOP('',(#8462,#8463,#8464,#8465)) ;
#8479=EDGE_LOOP('',(#8480,#8481,#8482,#8483)) ;
#8497=EDGE_LOOP('',(#8498,#8499,#8500,#8501)) ;
#8515=EDGE_LOOP('',(#8516,#8517,#8518,#8519)) ;
#8533=EDGE_LOOP('',(#8534,#8535,#8536,#8537)) ;
#8546=EDGE_LOOP('',(#8547,#8548,#8549,#8550)) ;
#8626=EDGE_LOOP('',(#8627,#8628,#8629,#8630)) ;
#8750=EDGE_LOOP('',(#8751,#8752,#8753,#8754,#8755,#8756,#8757,#8758)) ;
#8810=EDGE_LOOP('',(#8811,#8812)) ;
#8864=EDGE_LOOP('',(#8865,#8866)) ;
#8918=EDGE_LOOP('',(#8919,#8920)) ;
#8972=EDGE_LOOP('',(#8973,#8974)) ;
#9079=EDGE_LOOP('',(#9080,#9081,#9082,#9083,#9084,#9085,#9086,#9087,#9088,#9089,#9090,#9091,#9092,#9093,#9094,#9095)) ;
#9116=EDGE_LOOP('',(#9117,#9118,#9119,#9120)) ;
#9185=EDGE_LOOP('',(#9186,#9187,#9188,#9189,#9190,#9191,#9192,#9193)) ;
#9245=EDGE_LOOP('',(#9246,#9247)) ;
#9299=EDGE_LOOP('',(#9300,#9301)) ;
#9353=EDGE_LOOP('',(#9354,#9355)) ;
#9407=EDGE_LOOP('',(#9408,#9409)) ;
#9543=EDGE_LOOP('',(#9544,#9545,#9546,#9547,#9548,#9549,#9550,#9551,#9552,#9553,#9554,#9555,#9556,#9557,#9558,#9559)) ;
#9573=EDGE_LOOP('',(#9574,#9575,#9576,#9577)) ;
#9605=EDGE_LOOP('',(#9606,#9607,#9608,#9609)) ;
#9633=EDGE_LOOP('',(#9634,#9635,#9636,#9637)) ;
#9658=EDGE_LOOP('',(#9659,#9660,#9661,#9662)) ;
#9683=EDGE_LOOP('',(#9684,#9685,#9686,#9687)) ;
#9708=EDGE_LOOP('',(#9709,#9710,#9711,#9712)) ;
#9733=EDGE_LOOP('',(#9734,#9735,#9736,#9737)) ;
#9758=EDGE_LOOP('',(#9759,#9760,#9761,#9762)) ;
#9776=EDGE_LOOP('',(#9777,#9778,#9779,#9780)) ;
#9799=EDGE_LOOP('',(#9800,#9801,#9802,#9803)) ;
#9812=EDGE_LOOP('',(#9813,#9814,#9815,#9816)) ;
#9835=EDGE_LOOP('',(#9836,#9837,#9838,#9839)) ;
#9848=EDGE_LOOP('',(#9849,#9850,#9851,#9852)) ;
#9871=EDGE_LOOP('',(#9872,#9873,#9874,#9875)) ;
#9884=EDGE_LOOP('',(#9885,#9886,#9887,#9888)) ;
#9907=EDGE_LOOP('',(#9908,#9909,#9910,#9911)) ;
#9920=EDGE_LOOP('',(#9921,#9922,#9923,#9924)) ;
#9938=EDGE_LOOP('',(#9939,#9940,#9941,#9942)) ;
#9956=EDGE_LOOP('',(#9957,#9958,#9959,#9960)) ;
#9974=EDGE_LOOP('',(#9975,#9976,#9977,#9978)) ;
#9992=EDGE_LOOP('',(#9993,#9994,#9995,#9996)) ;
#10010=EDGE_LOOP('',(#10011,#10012,#10013,#10014)) ;
#10028=EDGE_LOOP('',(#10029,#10030,#10031,#10032)) ;
#10046=EDGE_LOOP('',(#10047,#10048,#10049,#10050)) ;
#10064=EDGE_LOOP('',(#10065,#10066,#10067,#10068)) ;
#10082=EDGE_LOOP('',(#10083,#10084,#10085,#10086)) ;
#10100=EDGE_LOOP('',(#10101,#10102,#10103,#10104)) ;
#10118=EDGE_LOOP('',(#10119,#10120,#10121,#10122)) ;
#10136=EDGE_LOOP('',(#10137,#10138,#10139,#10140)) ;
#10149=EDGE_LOOP('',(#10150,#10151,#10152,#10153)) ;
#10181=EDGE_LOOP('',(#10182,#10183,#10184,#10185)) ;
#10206=EDGE_LOOP('',(#10207,#10208,#10209,#10210)) ;
#10231=EDGE_LOOP('',(#10232,#10233,#10234,#10235)) ;
#10256=EDGE_LOOP('',(#10257,#10258,#10259,#10260)) ;
#10281=EDGE_LOOP('',(#10282,#10283,#10284,#10285)) ;
#10306=EDGE_LOOP('',(#10307,#10308,#10309,#10310)) ;
#10331=EDGE_LOOP('',(#10332,#10333,#10334,#10335)) ;
#10349=EDGE_LOOP('',(#10350,#10351,#10352,#10353)) ;
#10466=EDGE_LOOP('',(#10467,#10468,#10469,#10470,#10471,#10472,#10473,#10474)) ;
#10476=EDGE_LOOP('',(#10477,#10478,#10479,#10480,#10481,#10482,#10483,#10484)) ;
#10597=EDGE_LOOP('',(#10598,#10599,#10600,#10601,#10602,#10603,#10604,#10605)) ;
#10607=EDGE_LOOP('',(#10608,#10609,#10610,#10611,#10612,#10613,#10614,#10615)) ;
#10657=EDGE_LOOP('',(#10658,#10659,#10660,#10661,#10662,#10663)) ;
#10684=EDGE_LOOP('',(#10685,#10686,#10687,#10688)) ;
#10723=EDGE_LOOP('',(#10724,#10725,#10726,#10727,#10728,#10729)) ;
#10750=EDGE_LOOP('',(#10751,#10752,#10753,#10754)) ;
#10789=EDGE_LOOP('',(#10790,#10791,#10792,#10793,#10794,#10795)) ;
#10816=EDGE_LOOP('',(#10817,#10818,#10819,#10820)) ;
#10855=EDGE_LOOP('',(#10856,#10857,#10858,#10859,#10860,#10861)) ;
#10875=EDGE_LOOP('',(#10876,#10877,#10878,#10879)) ;
#10921=EDGE_LOOP('',(#10922,#10923,#10924,#10925,#10926,#10927)) ;
#10948=EDGE_LOOP('',(#10949,#10950,#10951,#10952)) ;
#10987=EDGE_LOOP('',(#10988,#10989,#10990,#10991,#10992,#10993)) ;
#11014=EDGE_LOOP('',(#11015,#11016,#11017,#11018)) ;
#11053=EDGE_LOOP('',(#11054,#11055,#11056,#11057,#11058,#11059)) ;
#11081=EDGE_LOOP('',(#11082,#11083,#11084,#11085)) ;
#11120=EDGE_LOOP('',(#11121,#11122,#11123,#11124,#11125,#11126)) ;
#11140=EDGE_LOOP('',(#11141,#11142,#11143,#11144)) ;
#11158=EDGE_LOOP('',(#11159,#11160,#11161,#11162)) ;
#11176=EDGE_LOOP('',(#11177,#11178,#11179,#11180)) ;
#11213=EDGE_LOOP('',(#11214,#11215,#11216,#11217)) ;
#11231=EDGE_LOOP('',(#11232,#11233,#11234,#11235)) ;
#11268=EDGE_LOOP('',(#11269,#11270,#11271,#11272)) ;
#11305=EDGE_LOOP('',(#11306,#11307,#11308,#11309)) ;
#11323=EDGE_LOOP('',(#11324,#11325,#11326,#11327)) ;
#11360=EDGE_LOOP('',(#11361,#11362,#11363,#11364)) ;
#11378=EDGE_LOOP('',(#11379,#11380,#11381,#11382)) ;
#11415=EDGE_LOOP('',(#11416,#11417,#11418,#11419)) ;
#11433=EDGE_LOOP('',(#11434,#11435,#11436,#11437)) ;
#11451=EDGE_LOOP('',(#11452,#11453,#11454,#11455)) ;
#11488=EDGE_LOOP('',(#11489,#11490,#11491,#11492)) ;
#11506=EDGE_LOOP('',(#11507,#11508,#11509,#11510)) ;
#11543=EDGE_LOOP('',(#11544,#11545,#11546,#11547)) ;
#11580=EDGE_LOOP('',(#11581,#11582,#11583,#11584)) ;
#11598=EDGE_LOOP('',(#11599,#11600,#11601,#11602)) ;
#11616=EDGE_LOOP('',(#11617,#11618,#11619,#11620)) ;
#11658=EDGE_LOOP('',(#11659,#11660,#11661,#11662,#11663,#11664)) ;
#11678=EDGE_LOOP('',(#11679,#11680,#11681,#11682)) ;
#11720=EDGE_LOOP('',(#11721,#11722,#11723,#11724,#11725,#11726)) ;
#11752=EDGE_LOOP('',(#11753,#11754,#11755,#11756)) ;
#11770=EDGE_LOOP('',(#11771,#11772,#11773,#11774)) ;
#11800=EDGE_LOOP('',(#11801,#11802,#11803,#11804)) ;
#11818=EDGE_LOOP('',(#11819,#11820,#11821,#11822)) ;
#11831=EDGE_LOOP('',(#11832,#11833)) ;
#11847=EDGE_LOOP('',(#11848,#11849,#11850,#11851)) ;
#11865=EDGE_LOOP('',(#11866,#11867,#11868,#11869)) ;
#11883=EDGE_LOOP('',(#11884,#11885,#11886)) ;
#11900=EDGE_LOOP('',(#11901,#11902,#11903,#11904)) ;
#11918=EDGE_LOOP('',(#11919,#11920,#11921)) ;
#11930=EDGE_LOOP('',(#11931,#11932)) ;
#11946=EDGE_LOOP('',(#11947,#11948,#11949,#11950)) ;
#11964=EDGE_LOOP('',(#11965,#11966,#11967,#11968)) ;
#11977=EDGE_LOOP('',(#11978,#11979,#11980,#11981)) ;
#11996=EDGE_LOOP('',(#11997,#11998,#11999,#12000)) ;
#12014=EDGE_LOOP('',(#12015,#12016,#12017,#12018)) ;
#12027=EDGE_LOOP('',(#12028,#12029,#12030)) ;
#12044=EDGE_LOOP('',(#12045,#12046,#12047,#12048)) ;
#12063=EDGE_LOOP('',(#12064,#12065,#12066)) ;
#12075=EDGE_LOOP('',(#12076,#12077)) ;
#12086=EDGE_LOOP('',(#12087,#12088)) ;
#12151=EDGE_LOOP('',(#12152,#12153,#12154,#12155)) ;
#12275=EDGE_LOOP('',(#12276,#12277,#12278,#12279,#12280,#12281,#12282,#12283)) ;
#12308=EDGE_LOOP('',(#12309,#12310)) ;
#12362=EDGE_LOOP('',(#12363,#12364)) ;
#12416=EDGE_LOOP('',(#12417,#12418)) ;
#12470=EDGE_LOOP('',(#12471,#12472)) ;
#12486=EDGE_LOOP('',(#12487,#12488,#12489,#12490)) ;
#12524=EDGE_LOOP('',(#12525,#12526,#12527,#12528)) ;
#12556=EDGE_LOOP('',(#12557,#12558,#12559,#12560)) ;
#12581=EDGE_LOOP('',(#12582,#12583,#12584,#12585)) ;
#12606=EDGE_LOOP('',(#12607,#12608,#12609,#12610)) ;
#12631=EDGE_LOOP('',(#12632,#12633,#12634,#12635)) ;
#12656=EDGE_LOOP('',(#12657,#12658,#12659,#12660)) ;
#12681=EDGE_LOOP('',(#12682,#12683,#12684,#12685)) ;
#12706=EDGE_LOOP('',(#12707,#12708,#12709,#12710)) ;
#12724=EDGE_LOOP('',(#12725,#12726,#12727,#12728)) ;
#12756=EDGE_LOOP('',(#12757,#12758,#12759,#12760)) ;
#12774=EDGE_LOOP('',(#12775,#12776,#12777,#12778)) ;
#12806=EDGE_LOOP('',(#12807,#12808,#12809,#12810)) ;
#12824=EDGE_LOOP('',(#12825,#12826,#12827,#12828)) ;
#12856=EDGE_LOOP('',(#12857,#12858,#12859,#12860)) ;
#12874=EDGE_LOOP('',(#12875,#12876,#12877,#12878)) ;
#12898=EDGE_LOOP('',(#12899,#12900,#12901,#12902)) ;
#12911=EDGE_LOOP('',(#12912,#12913,#12914,#12915,#12916,#12917,#12918,#12919)) ;
#12921=EDGE_LOOP('',(#12922,#12923)) ;
#12939=EDGE_LOOP('',(#12940,#12941)) ;
#12957=EDGE_LOOP('',(#12958,#12959)) ;
#12975=EDGE_LOOP('',(#12976,#12977)) ;
#12996=EDGE_LOOP('',(#12997,#12998,#12999,#13000)) ;
#13009=EDGE_LOOP('',(#13010,#13011,#13012,#13013)) ;
#13032=EDGE_LOOP('',(#13033,#13034,#13035,#13036)) ;
#13045=EDGE_LOOP('',(#13046,#13047,#13048,#13049)) ;
#13068=EDGE_LOOP('',(#13069,#13070,#13071,#13072)) ;
#13081=EDGE_LOOP('',(#13082,#13083,#13084,#13085)) ;
#13154=EDGE_LOOP('',(#13155,#13156,#13157,#13158)) ;
#13305=EDGE_LOOP('',(#13306,#13307,#13308,#13309,#13310,#13311,#13312,#13313,#13314,#13315,#13316,#13317,#13318,#13319)) ;
#13351=EDGE_LOOP('',(#13352,#13353,#13354,#13355,#13356)) ;
#13379=EDGE_LOOP('',(#13380,#13381)) ;
#13483=EDGE_LOOP('',(#13484,#13485,#13486,#13487,#13488,#13489,#13490,#13491,#13492,#13493,#13494,#13495,#13496,#13497)) ;
#13524=EDGE_LOOP('',(#13525,#13526,#13527,#13528,#13529)) ;
#13561=EDGE_LOOP('',(#13562,#13563,#13564,#13565,#13566)) ;
#13580=EDGE_LOOP('',(#13581,#13582,#13583,#13584,#13585)) ;
#13605=EDGE_LOOP('',(#13606,#13607,#13608,#13609)) ;
#13623=EDGE_LOOP('',(#13624,#13625,#13626,#13627)) ;
#13636=EDGE_LOOP('',(#13637,#13638,#13639,#13640,#13641)) ;
#13655=EDGE_LOOP('',(#13656,#13657,#13658,#13659,#13660)) ;
#13680=EDGE_LOOP('',(#13681,#13682,#13683,#13684)) ;
#13698=EDGE_LOOP('',(#13699,#13700,#13701,#13702)) ;
#13729=EDGE_LOOP('',(#13730,#13731,#13732,#13733,#13734)) ;
#13754=EDGE_LOOP('',(#13755,#13756,#13757,#13758,#13759)) ;
#13768=EDGE_LOOP('',(#13769,#13770,#13771,#13772)) ;
#13800=EDGE_LOOP('',(#13801,#13802,#13803,#13804)) ;
#13818=EDGE_LOOP('',(#13819,#13820,#13821,#13822)) ;
#13856=EDGE_LOOP('',(#13857,#13858,#13859,#13860)) ;
#13880=EDGE_LOOP('',(#13881,#13882,#13883,#13884)) ;
#13912=EDGE_LOOP('',(#13913,#13914,#13915,#13916)) ;
#13930=EDGE_LOOP('',(#13931,#13932,#13933,#13934)) ;
#13943=EDGE_LOOP('',(#13944,#13945)) ;
#86=FACE_OUTER_BOUND('',#81,.T.) ;
#2481=FACE_OUTER_BOUND('',#2258,.T.) ;
#2506=FACE_OUTER_BOUND('',#2501,.T.) ;
#4596=FACE_OUTER_BOUND('',#4373,.T.) ;
#4614=FACE_OUTER_BOUND('',#4609,.T.) ;
#4637=FACE_OUTER_BOUND('',#4632,.T.) ;
#4655=FACE_OUTER_BOUND('',#4650,.T.) ;
#4673=FACE_OUTER_BOUND('',#4668,.T.) ;
#4691=FACE_OUTER_BOUND('',#4686,.T.) ;
#4709=FACE_OUTER_BOUND('',#4704,.T.) ;
#4722=FACE_OUTER_BOUND('',#4717,.T.) ;
#4740=FACE_OUTER_BOUND('',#4735,.T.) ;
#4758=FACE_OUTER_BOUND('',#4753,.T.) ;
#4776=FACE_OUTER_BOUND('',#4771,.T.) ;
#4794=FACE_OUTER_BOUND('',#4789,.T.) ;
#4812=FACE_OUTER_BOUND('',#4807,.T.) ;
#4830=FACE_OUTER_BOUND('',#4825,.T.) ;
#4848=FACE_OUTER_BOUND('',#4843,.T.) ;
#4866=FACE_OUTER_BOUND('',#4861,.T.) ;
#4884=FACE_OUTER_BOUND('',#4879,.T.) ;
#4902=FACE_OUTER_BOUND('',#4897,.T.) ;
#4920=FACE_OUTER_BOUND('',#4915,.T.) ;
#4938=FACE_OUTER_BOUND('',#4933,.T.) ;
#4956=FACE_OUTER_BOUND('',#4951,.T.) ;
#4974=FACE_OUTER_BOUND('',#4969,.T.) ;
#4992=FACE_OUTER_BOUND('',#4987,.T.) ;
#5010=FACE_OUTER_BOUND('',#5005,.T.) ;
#5028=FACE_OUTER_BOUND('',#5023,.T.) ;
#5046=FACE_OUTER_BOUND('',#5041,.T.) ;
#5064=FACE_OUTER_BOUND('',#5059,.T.) ;
#5082=FACE_OUTER_BOUND('',#5077,.T.) ;
#5100=FACE_OUTER_BOUND('',#5095,.T.) ;
#5118=FACE_OUTER_BOUND('',#5113,.T.) ;
#5136=FACE_OUTER_BOUND('',#5131,.T.) ;
#5154=FACE_OUTER_BOUND('',#5149,.T.) ;
#5172=FACE_OUTER_BOUND('',#5167,.T.) ;
#5190=FACE_OUTER_BOUND('',#5185,.T.) ;
#5208=FACE_OUTER_BOUND('',#5203,.T.) ;
#5226=FACE_OUTER_BOUND('',#5221,.T.) ;
#5244=FACE_OUTER_BOUND('',#5239,.T.) ;
#5262=FACE_OUTER_BOUND('',#5257,.T.) ;
#5280=FACE_OUTER_BOUND('',#5275,.T.) ;
#5298=FACE_OUTER_BOUND('',#5293,.T.) ;
#5316=FACE_OUTER_BOUND('',#5311,.T.) ;
#5334=FACE_OUTER_BOUND('',#5329,.T.) ;
#5352=FACE_OUTER_BOUND('',#5347,.T.) ;
#5370=FACE_OUTER_BOUND('',#5365,.T.) ;
#5388=FACE_OUTER_BOUND('',#5383,.T.) ;
#5406=FACE_OUTER_BOUND('',#5401,.T.) ;
#5424=FACE_OUTER_BOUND('',#5419,.T.) ;
#5442=FACE_OUTER_BOUND('',#5437,.T.) ;
#5460=FACE_OUTER_BOUND('',#5455,.T.) ;
#5478=FACE_OUTER_BOUND('',#5473,.T.) ;
#5496=FACE_OUTER_BOUND('',#5491,.T.) ;
#5514=FACE_OUTER_BOUND('',#5509,.T.) ;
#5532=FACE_OUTER_BOUND('',#5527,.T.) ;
#5550=FACE_OUTER_BOUND('',#5545,.T.) ;
#5568=FACE_OUTER_BOUND('',#5563,.T.) ;
#5586=FACE_OUTER_BOUND('',#5581,.T.) ;
#5604=FACE_OUTER_BOUND('',#5599,.T.) ;
#5622=FACE_OUTER_BOUND('',#5617,.T.) ;
#5640=FACE_OUTER_BOUND('',#5635,.T.) ;
#5658=FACE_OUTER_BOUND('',#5653,.T.) ;
#5676=FACE_OUTER_BOUND('',#5671,.T.) ;
#5694=FACE_OUTER_BOUND('',#5689,.T.) ;
#5712=FACE_OUTER_BOUND('',#5707,.T.) ;
#5730=FACE_OUTER_BOUND('',#5725,.T.) ;
#5748=FACE_OUTER_BOUND('',#5743,.T.) ;
#5766=FACE_OUTER_BOUND('',#5761,.T.) ;
#5784=FACE_OUTER_BOUND('',#5779,.T.) ;
#5802=FACE_OUTER_BOUND('',#5797,.T.) ;
#5820=FACE_OUTER_BOUND('',#5815,.T.) ;
#5838=FACE_OUTER_BOUND('',#5833,.T.) ;
#5856=FACE_OUTER_BOUND('',#5851,.T.) ;
#5874=FACE_OUTER_BOUND('',#5869,.T.) ;
#5892=FACE_OUTER_BOUND('',#5887,.T.) ;
#5910=FACE_OUTER_BOUND('',#5905,.T.) ;
#5928=FACE_OUTER_BOUND('',#5923,.T.) ;
#5946=FACE_OUTER_BOUND('',#5941,.T.) ;
#5964=FACE_OUTER_BOUND('',#5959,.T.) ;
#5982=FACE_OUTER_BOUND('',#5977,.T.) ;
#6000=FACE_OUTER_BOUND('',#5995,.T.) ;
#6018=FACE_OUTER_BOUND('',#6013,.T.) ;
#6036=FACE_OUTER_BOUND('',#6031,.T.) ;
#6054=FACE_OUTER_BOUND('',#6049,.T.) ;
#6072=FACE_OUTER_BOUND('',#6067,.T.) ;
#6090=FACE_OUTER_BOUND('',#6085,.T.) ;
#6108=FACE_OUTER_BOUND('',#6103,.T.) ;
#6126=FACE_OUTER_BOUND('',#6121,.T.) ;
#6144=FACE_OUTER_BOUND('',#6139,.T.) ;
#6162=FACE_OUTER_BOUND('',#6157,.T.) ;
#6180=FACE_OUTER_BOUND('',#6175,.T.) ;
#6198=FACE_OUTER_BOUND('',#6193,.T.) ;
#6216=FACE_OUTER_BOUND('',#6211,.T.) ;
#6234=FACE_OUTER_BOUND('',#6229,.T.) ;
#6252=FACE_OUTER_BOUND('',#6247,.T.) ;
#6270=FACE_OUTER_BOUND('',#6265,.T.) ;
#6288=FACE_OUTER_BOUND('',#6283,.T.) ;
#6306=FACE_OUTER_BOUND('',#6301,.T.) ;
#6324=FACE_OUTER_BOUND('',#6319,.T.) ;
#6342=FACE_OUTER_BOUND('',#6337,.T.) ;
#6360=FACE_OUTER_BOUND('',#6355,.T.) ;
#6378=FACE_OUTER_BOUND('',#6373,.T.) ;
#6396=FACE_OUTER_BOUND('',#6391,.T.) ;
#6414=FACE_OUTER_BOUND('',#6409,.T.) ;
#6432=FACE_OUTER_BOUND('',#6427,.T.) ;
#6450=FACE_OUTER_BOUND('',#6445,.T.) ;
#6468=FACE_OUTER_BOUND('',#6463,.T.) ;
#6486=FACE_OUTER_BOUND('',#6481,.T.) ;
#6504=FACE_OUTER_BOUND('',#6499,.T.) ;
#6522=FACE_OUTER_BOUND('',#6517,.T.) ;
#6540=FACE_OUTER_BOUND('',#6535,.T.) ;
#6558=FACE_OUTER_BOUND('',#6553,.T.) ;
#6576=FACE_OUTER_BOUND('',#6571,.T.) ;
#6594=FACE_OUTER_BOUND('',#6589,.T.) ;
#6612=FACE_OUTER_BOUND('',#6607,.T.) ;
#6630=FACE_OUTER_BOUND('',#6625,.T.) ;
#6648=FACE_OUTER_BOUND('',#6643,.T.) ;
#6666=FACE_OUTER_BOUND('',#6661,.T.) ;
#6684=FACE_OUTER_BOUND('',#6679,.T.) ;
#6702=FACE_OUTER_BOUND('',#6697,.T.) ;
#6720=FACE_OUTER_BOUND('',#6715,.T.) ;
#6738=FACE_OUTER_BOUND('',#6733,.T.) ;
#6756=FACE_OUTER_BOUND('',#6751,.T.) ;
#6774=FACE_OUTER_BOUND('',#6769,.T.) ;
#6792=FACE_OUTER_BOUND('',#6787,.T.) ;
#6810=FACE_OUTER_BOUND('',#6805,.T.) ;
#6828=FACE_OUTER_BOUND('',#6823,.T.) ;
#6846=FACE_OUTER_BOUND('',#6841,.T.) ;
#6864=FACE_OUTER_BOUND('',#6859,.T.) ;
#6882=FACE_OUTER_BOUND('',#6877,.T.) ;
#6900=FACE_OUTER_BOUND('',#6895,.T.) ;
#6918=FACE_OUTER_BOUND('',#6913,.T.) ;
#6936=FACE_OUTER_BOUND('',#6931,.T.) ;
#6954=FACE_OUTER_BOUND('',#6949,.T.) ;
#6972=FACE_OUTER_BOUND('',#6967,.T.) ;
#6990=FACE_OUTER_BOUND('',#6985,.T.) ;
#7008=FACE_OUTER_BOUND('',#7003,.T.) ;
#7026=FACE_OUTER_BOUND('',#7021,.T.) ;
#7044=FACE_OUTER_BOUND('',#7039,.T.) ;
#7062=FACE_OUTER_BOUND('',#7057,.T.) ;
#7080=FACE_OUTER_BOUND('',#7075,.T.) ;
#7098=FACE_OUTER_BOUND('',#7093,.T.) ;
#7116=FACE_OUTER_BOUND('',#7111,.T.) ;
#7134=FACE_OUTER_BOUND('',#7129,.T.) ;
#7152=FACE_OUTER_BOUND('',#7147,.T.) ;
#7170=FACE_OUTER_BOUND('',#7165,.T.) ;
#7188=FACE_OUTER_BOUND('',#7183,.T.) ;
#7206=FACE_OUTER_BOUND('',#7201,.T.) ;
#7224=FACE_OUTER_BOUND('',#7219,.T.) ;
#7242=FACE_OUTER_BOUND('',#7237,.T.) ;
#7260=FACE_OUTER_BOUND('',#7255,.T.) ;
#7278=FACE_OUTER_BOUND('',#7273,.T.) ;
#7296=FACE_OUTER_BOUND('',#7291,.T.) ;
#7314=FACE_OUTER_BOUND('',#7309,.T.) ;
#7332=FACE_OUTER_BOUND('',#7327,.T.) ;
#7350=FACE_OUTER_BOUND('',#7345,.T.) ;
#7368=FACE_OUTER_BOUND('',#7363,.T.) ;
#7386=FACE_OUTER_BOUND('',#7381,.T.) ;
#7404=FACE_OUTER_BOUND('',#7399,.T.) ;
#7422=FACE_OUTER_BOUND('',#7417,.T.) ;
#7440=FACE_OUTER_BOUND('',#7435,.T.) ;
#7458=FACE_OUTER_BOUND('',#7453,.T.) ;
#7476=FACE_OUTER_BOUND('',#7471,.T.) ;
#7494=FACE_OUTER_BOUND('',#7489,.T.) ;
#7512=FACE_OUTER_BOUND('',#7507,.T.) ;
#7530=FACE_OUTER_BOUND('',#7525,.T.) ;
#7548=FACE_OUTER_BOUND('',#7543,.T.) ;
#7566=FACE_OUTER_BOUND('',#7561,.T.) ;
#7584=FACE_OUTER_BOUND('',#7579,.T.) ;
#7602=FACE_OUTER_BOUND('',#7597,.T.) ;
#7620=FACE_OUTER_BOUND('',#7615,.T.) ;
#7638=FACE_OUTER_BOUND('',#7633,.T.) ;
#7656=FACE_OUTER_BOUND('',#7651,.T.) ;
#7674=FACE_OUTER_BOUND('',#7669,.T.) ;
#7692=FACE_OUTER_BOUND('',#7687,.T.) ;
#7710=FACE_OUTER_BOUND('',#7705,.T.) ;
#7728=FACE_OUTER_BOUND('',#7723,.T.) ;
#7746=FACE_OUTER_BOUND('',#7741,.T.) ;
#7764=FACE_OUTER_BOUND('',#7759,.T.) ;
#7782=FACE_OUTER_BOUND('',#7777,.T.) ;
#7800=FACE_OUTER_BOUND('',#7795,.T.) ;
#7818=FACE_OUTER_BOUND('',#7813,.T.) ;
#7836=FACE_OUTER_BOUND('',#7831,.T.) ;
#7854=FACE_OUTER_BOUND('',#7849,.T.) ;
#7872=FACE_OUTER_BOUND('',#7867,.T.) ;
#7890=FACE_OUTER_BOUND('',#7885,.T.) ;
#7908=FACE_OUTER_BOUND('',#7903,.T.) ;
#7926=FACE_OUTER_BOUND('',#7921,.T.) ;
#7944=FACE_OUTER_BOUND('',#7939,.T.) ;
#7962=FACE_OUTER_BOUND('',#7957,.T.) ;
#7980=FACE_OUTER_BOUND('',#7975,.T.) ;
#7998=FACE_OUTER_BOUND('',#7993,.T.) ;
#8016=FACE_OUTER_BOUND('',#8011,.T.) ;
#8034=FACE_OUTER_BOUND('',#8029,.T.) ;
#8052=FACE_OUTER_BOUND('',#8047,.T.) ;
#8070=FACE_OUTER_BOUND('',#8065,.T.) ;
#8088=FACE_OUTER_BOUND('',#8083,.T.) ;
#8106=FACE_OUTER_BOUND('',#8101,.T.) ;
#8124=FACE_OUTER_BOUND('',#8119,.T.) ;
#8142=FACE_OUTER_BOUND('',#8137,.T.) ;
#8160=FACE_OUTER_BOUND('',#8155,.T.) ;
#8178=FACE_OUTER_BOUND('',#8173,.T.) ;
#8196=FACE_OUTER_BOUND('',#8191,.T.) ;
#8214=FACE_OUTER_BOUND('',#8209,.T.) ;
#8232=FACE_OUTER_BOUND('',#8227,.T.) ;
#8250=FACE_OUTER_BOUND('',#8245,.T.) ;
#8268=FACE_OUTER_BOUND('',#8263,.T.) ;
#8286=FACE_OUTER_BOUND('',#8281,.T.) ;
#8304=FACE_OUTER_BOUND('',#8299,.T.) ;
#8322=FACE_OUTER_BOUND('',#8317,.T.) ;
#8340=FACE_OUTER_BOUND('',#8335,.T.) ;
#8358=FACE_OUTER_BOUND('',#8353,.T.) ;
#8376=FACE_OUTER_BOUND('',#8371,.T.) ;
#8394=FACE_OUTER_BOUND('',#8389,.T.) ;
#8412=FACE_OUTER_BOUND('',#8407,.T.) ;
#8430=FACE_OUTER_BOUND('',#8425,.T.) ;
#8448=FACE_OUTER_BOUND('',#8443,.T.) ;
#8466=FACE_OUTER_BOUND('',#8461,.T.) ;
#8484=FACE_OUTER_BOUND('',#8479,.T.) ;
#8502=FACE_OUTER_BOUND('',#8497,.T.) ;
#8520=FACE_OUTER_BOUND('',#8515,.T.) ;
#8538=FACE_OUTER_BOUND('',#8533,.T.) ;
#8551=FACE_OUTER_BOUND('',#8546,.T.) ;
#8631=FACE_OUTER_BOUND('',#8626,.T.) ;
#8759=FACE_OUTER_BOUND('',#8750,.T.) ;
#9121=FACE_OUTER_BOUND('',#9116,.T.) ;
#9194=FACE_OUTER_BOUND('',#9185,.T.) ;
#9578=FACE_OUTER_BOUND('',#9573,.T.) ;
#9610=FACE_OUTER_BOUND('',#9605,.T.) ;
#9638=FACE_OUTER_BOUND('',#9633,.T.) ;
#9663=FACE_OUTER_BOUND('',#9658,.T.) ;
#9688=FACE_OUTER_BOUND('',#9683,.T.) ;
#9713=FACE_OUTER_BOUND('',#9708,.T.) ;
#9738=FACE_OUTER_BOUND('',#9733,.T.) ;
#9763=FACE_OUTER_BOUND('',#9758,.T.) ;
#9781=FACE_OUTER_BOUND('',#9776,.T.) ;
#9804=FACE_OUTER_BOUND('',#9799,.T.) ;
#9817=FACE_OUTER_BOUND('',#9812,.T.) ;
#9840=FACE_OUTER_BOUND('',#9835,.T.) ;
#9853=FACE_OUTER_BOUND('',#9848,.T.) ;
#9876=FACE_OUTER_BOUND('',#9871,.T.) ;
#9889=FACE_OUTER_BOUND('',#9884,.T.) ;
#9912=FACE_OUTER_BOUND('',#9907,.T.) ;
#9925=FACE_OUTER_BOUND('',#9920,.T.) ;
#9943=FACE_OUTER_BOUND('',#9938,.T.) ;
#9961=FACE_OUTER_BOUND('',#9956,.T.) ;
#9979=FACE_OUTER_BOUND('',#9974,.T.) ;
#9997=FACE_OUTER_BOUND('',#9992,.T.) ;
#10015=FACE_OUTER_BOUND('',#10010,.T.) ;
#10033=FACE_OUTER_BOUND('',#10028,.T.) ;
#10051=FACE_OUTER_BOUND('',#10046,.T.) ;
#10069=FACE_OUTER_BOUND('',#10064,.T.) ;
#10087=FACE_OUTER_BOUND('',#10082,.T.) ;
#10105=FACE_OUTER_BOUND('',#10100,.T.) ;
#10123=FACE_OUTER_BOUND('',#10118,.T.) ;
#10141=FACE_OUTER_BOUND('',#10136,.T.) ;
#10154=FACE_OUTER_BOUND('',#10149,.T.) ;
#10186=FACE_OUTER_BOUND('',#10181,.T.) ;
#10211=FACE_OUTER_BOUND('',#10206,.T.) ;
#10236=FACE_OUTER_BOUND('',#10231,.T.) ;
#10261=FACE_OUTER_BOUND('',#10256,.T.) ;
#10286=FACE_OUTER_BOUND('',#10281,.T.) ;
#10311=FACE_OUTER_BOUND('',#10306,.T.) ;
#10336=FACE_OUTER_BOUND('',#10331,.T.) ;
#10354=FACE_OUTER_BOUND('',#10349,.T.) ;
#10475=FACE_OUTER_BOUND('',#10466,.T.) ;
#10606=FACE_OUTER_BOUND('',#10597,.T.) ;
#10664=FACE_OUTER_BOUND('',#10657,.T.) ;
#10689=FACE_OUTER_BOUND('',#10684,.T.) ;
#10730=FACE_OUTER_BOUND('',#10723,.T.) ;
#10755=FACE_OUTER_BOUND('',#10750,.T.) ;
#10796=FACE_OUTER_BOUND('',#10789,.T.) ;
#10821=FACE_OUTER_BOUND('',#10816,.T.) ;
#10862=FACE_OUTER_BOUND('',#10855,.T.) ;
#10880=FACE_OUTER_BOUND('',#10875,.T.) ;
#10928=FACE_OUTER_BOUND('',#10921,.T.) ;
#10953=FACE_OUTER_BOUND('',#10948,.T.) ;
#10994=FACE_OUTER_BOUND('',#10987,.T.) ;
#11019=FACE_OUTER_BOUND('',#11014,.T.) ;
#11060=FACE_OUTER_BOUND('',#11053,.T.) ;
#11086=FACE_OUTER_BOUND('',#11081,.T.) ;
#11127=FACE_OUTER_BOUND('',#11120,.T.) ;
#11145=FACE_OUTER_BOUND('',#11140,.T.) ;
#11163=FACE_OUTER_BOUND('',#11158,.T.) ;
#11181=FACE_OUTER_BOUND('',#11176,.T.) ;
#11218=FACE_OUTER_BOUND('',#11213,.T.) ;
#11236=FACE_OUTER_BOUND('',#11231,.T.) ;
#11273=FACE_OUTER_BOUND('',#11268,.T.) ;
#11310=FACE_OUTER_BOUND('',#11305,.T.) ;
#11328=FACE_OUTER_BOUND('',#11323,.T.) ;
#11365=FACE_OUTER_BOUND('',#11360,.T.) ;
#11383=FACE_OUTER_BOUND('',#11378,.T.) ;
#11420=FACE_OUTER_BOUND('',#11415,.T.) ;
#11438=FACE_OUTER_BOUND('',#11433,.T.) ;
#11456=FACE_OUTER_BOUND('',#11451,.T.) ;
#11493=FACE_OUTER_BOUND('',#11488,.T.) ;
#11511=FACE_OUTER_BOUND('',#11506,.T.) ;
#11548=FACE_OUTER_BOUND('',#11543,.T.) ;
#11585=FACE_OUTER_BOUND('',#11580,.T.) ;
#11603=FACE_OUTER_BOUND('',#11598,.T.) ;
#11621=FACE_OUTER_BOUND('',#11616,.T.) ;
#11665=FACE_OUTER_BOUND('',#11658,.T.) ;
#11683=FACE_OUTER_BOUND('',#11678,.T.) ;
#11727=FACE_OUTER_BOUND('',#11720,.T.) ;
#11757=FACE_OUTER_BOUND('',#11752,.T.) ;
#11775=FACE_OUTER_BOUND('',#11770,.T.) ;
#11805=FACE_OUTER_BOUND('',#11800,.T.) ;
#11823=FACE_OUTER_BOUND('',#11818,.T.) ;
#11834=FACE_OUTER_BOUND('',#11831,.T.) ;
#11852=FACE_OUTER_BOUND('',#11847,.T.) ;
#11870=FACE_OUTER_BOUND('',#11865,.T.) ;
#11887=FACE_OUTER_BOUND('',#11883,.T.) ;
#11905=FACE_OUTER_BOUND('',#11900,.T.) ;
#11922=FACE_OUTER_BOUND('',#11918,.T.) ;
#11933=FACE_OUTER_BOUND('',#11930,.T.) ;
#11951=FACE_OUTER_BOUND('',#11946,.T.) ;
#11969=FACE_OUTER_BOUND('',#11964,.T.) ;
#11982=FACE_OUTER_BOUND('',#11977,.T.) ;
#12001=FACE_OUTER_BOUND('',#11996,.T.) ;
#12019=FACE_OUTER_BOUND('',#12014,.T.) ;
#12031=FACE_OUTER_BOUND('',#12027,.T.) ;
#12049=FACE_OUTER_BOUND('',#12044,.T.) ;
#12067=FACE_OUTER_BOUND('',#12063,.T.) ;
#12078=FACE_OUTER_BOUND('',#12075,.T.) ;
#12089=FACE_OUTER_BOUND('',#12086,.T.) ;
#12156=FACE_OUTER_BOUND('',#12151,.T.) ;
#12284=FACE_OUTER_BOUND('',#12275,.T.) ;
#12491=FACE_OUTER_BOUND('',#12486,.T.) ;
#12529=FACE_OUTER_BOUND('',#12524,.T.) ;
#12561=FACE_OUTER_BOUND('',#12556,.T.) ;
#12586=FACE_OUTER_BOUND('',#12581,.T.) ;
#12611=FACE_OUTER_BOUND('',#12606,.T.) ;
#12636=FACE_OUTER_BOUND('',#12631,.T.) ;
#12661=FACE_OUTER_BOUND('',#12656,.T.) ;
#12686=FACE_OUTER_BOUND('',#12681,.T.) ;
#12711=FACE_OUTER_BOUND('',#12706,.T.) ;
#12729=FACE_OUTER_BOUND('',#12724,.T.) ;
#12761=FACE_OUTER_BOUND('',#12756,.T.) ;
#12779=FACE_OUTER_BOUND('',#12774,.T.) ;
#12811=FACE_OUTER_BOUND('',#12806,.T.) ;
#12829=FACE_OUTER_BOUND('',#12824,.T.) ;
#12861=FACE_OUTER_BOUND('',#12856,.T.) ;
#12879=FACE_OUTER_BOUND('',#12874,.T.) ;
#12903=FACE_OUTER_BOUND('',#12898,.T.) ;
#12920=FACE_OUTER_BOUND('',#12911,.T.) ;
#13001=FACE_OUTER_BOUND('',#12996,.T.) ;
#13014=FACE_OUTER_BOUND('',#13009,.T.) ;
#13037=FACE_OUTER_BOUND('',#13032,.T.) ;
#13050=FACE_OUTER_BOUND('',#13045,.T.) ;
#13073=FACE_OUTER_BOUND('',#13068,.T.) ;
#13086=FACE_OUTER_BOUND('',#13081,.T.) ;
#13159=FACE_OUTER_BOUND('',#13154,.T.) ;
#13320=FACE_OUTER_BOUND('',#13305,.T.) ;
#13357=FACE_OUTER_BOUND('',#13351,.T.) ;
#13382=FACE_OUTER_BOUND('',#13379,.T.) ;
#13530=FACE_OUTER_BOUND('',#13524,.T.) ;
#13567=FACE_OUTER_BOUND('',#13561,.T.) ;
#13586=FACE_OUTER_BOUND('',#13580,.T.) ;
#13610=FACE_OUTER_BOUND('',#13605,.T.) ;
#13628=FACE_OUTER_BOUND('',#13623,.T.) ;
#13642=FACE_OUTER_BOUND('',#13636,.T.) ;
#13661=FACE_OUTER_BOUND('',#13655,.T.) ;
#13685=FACE_OUTER_BOUND('',#13680,.T.) ;
#13703=FACE_OUTER_BOUND('',#13698,.T.) ;
#13735=FACE_OUTER_BOUND('',#13729,.T.) ;
#13760=FACE_OUTER_BOUND('',#13754,.T.) ;
#13773=FACE_OUTER_BOUND('',#13768,.T.) ;
#13805=FACE_OUTER_BOUND('',#13800,.T.) ;
#13823=FACE_OUTER_BOUND('',#13818,.T.) ;
#13861=FACE_OUTER_BOUND('',#13856,.T.) ;
#13885=FACE_OUTER_BOUND('',#13880,.T.) ;
#13917=FACE_OUTER_BOUND('',#13912,.T.) ;
#13935=FACE_OUTER_BOUND('',#13930,.T.) ;
#13946=FACE_OUTER_BOUND('',#13943,.T.) ;
#65=LINE('Line',#62,#64) ;
#79=LINE('Line',#76,#78) ;
#246=LINE('Line',#243,#245) ;
#279=LINE('Line',#276,#278) ;
#286=LINE('Line',#283,#285) ;
#293=LINE('Line',#290,#292) ;
#300=LINE('Line',#297,#299) ;
#307=LINE('Line',#304,#306) ;
#314=LINE('Line',#311,#313) ;
#321=LINE('Line',#318,#320) ;
#328=LINE('Line',#325,#327) ;
#335=LINE('Line',#332,#334) ;
#342=LINE('Line',#339,#341) ;
#349=LINE('Line',#346,#348) ;
#356=LINE('Line',#353,#355) ;
#363=LINE('Line',#360,#362) ;
#370=LINE('Line',#367,#369) ;
#377=LINE('Line',#374,#376) ;
#384=LINE('Line',#381,#383) ;
#391=LINE('Line',#388,#390) ;
#398=LINE('Line',#395,#397) ;
#405=LINE('Line',#402,#404) ;
#412=LINE('Line',#409,#411) ;
#419=LINE('Line',#416,#418) ;
#426=LINE('Line',#423,#425) ;
#433=LINE('Line',#430,#432) ;
#440=LINE('Line',#437,#439) ;
#447=LINE('Line',#444,#446) ;
#454=LINE('Line',#451,#453) ;
#461=LINE('Line',#458,#460) ;
#468=LINE('Line',#465,#467) ;
#475=LINE('Line',#472,#474) ;
#482=LINE('Line',#479,#481) ;
#489=LINE('Line',#486,#488) ;
#496=LINE('Line',#493,#495) ;
#503=LINE('Line',#500,#502) ;
#510=LINE('Line',#507,#509) ;
#517=LINE('Line',#514,#516) ;
#524=LINE('Line',#521,#523) ;
#531=LINE('Line',#528,#530) ;
#538=LINE('Line',#535,#537) ;
#545=LINE('Line',#542,#544) ;
#552=LINE('Line',#549,#551) ;
#559=LINE('Line',#556,#558) ;
#566=LINE('Line',#563,#565) ;
#573=LINE('Line',#570,#572) ;
#607=LINE('Line',#604,#606) ;
#630=LINE('Line',#627,#629) ;
#653=LINE('Line',#650,#652) ;
#825=LINE('Line',#822,#824) ;
#851=LINE('Line',#848,#850) ;
#865=LINE('Line',#862,#864) ;
#879=LINE('Line',#876,#878) ;
#917=LINE('Line',#914,#916) ;
#955=LINE('Line',#952,#954) ;
#993=LINE('Line',#990,#992) ;
#1031=LINE('Line',#1028,#1030) ;
#1069=LINE('Line',#1066,#1068) ;
#1107=LINE('Line',#1104,#1106) ;
#1121=LINE('Line',#1118,#1120) ;
#1159=LINE('Line',#1156,#1158) ;
#1197=LINE('Line',#1194,#1196) ;
#1211=LINE('Line',#1208,#1210) ;
#1249=LINE('Line',#1246,#1248) ;
#1287=LINE('Line',#1284,#1286) ;
#1325=LINE('Line',#1322,#1324) ;
#1363=LINE('Line',#1360,#1362) ;
#1401=LINE('Line',#1398,#1400) ;
#1439=LINE('Line',#1436,#1438) ;
#1453=LINE('Line',#1450,#1452) ;
#1467=LINE('Line',#1464,#1466) ;
#1493=LINE('Line',#1490,#1492) ;
#1665=LINE('Line',#1662,#1664) ;
#1688=LINE('Line',#1685,#1687) ;
#1711=LINE('Line',#1708,#1710) ;
#1745=LINE('Line',#1742,#1744) ;
#1752=LINE('Line',#1749,#1751) ;
#1759=LINE('Line',#1756,#1758) ;
#1766=LINE('Line',#1763,#1765) ;
#1773=LINE('Line',#1770,#1772) ;
#1780=LINE('Line',#1777,#1779) ;
#1787=LINE('Line',#1784,#1786) ;
#1794=LINE('Line',#1791,#1793) ;
#1801=LINE('Line',#1798,#1800) ;
#1808=LINE('Line',#1805,#1807) ;
#1815=LINE('Line',#1812,#1814) ;
#1822=LINE('Line',#1819,#1821) ;
#1829=LINE('Line',#1826,#1828) ;
#1836=LINE('Line',#1833,#1835) ;
#1843=LINE('Line',#1840,#1842) ;
#1850=LINE('Line',#1847,#1849) ;
#1857=LINE('Line',#1854,#1856) ;
#1864=LINE('Line',#1861,#1863) ;
#1871=LINE('Line',#1868,#1870) ;
#1878=LINE('Line',#1875,#1877) ;
#1885=LINE('Line',#1882,#1884) ;
#1892=LINE('Line',#1889,#1891) ;
#1899=LINE('Line',#1896,#1898) ;
#1906=LINE('Line',#1903,#1905) ;
#1913=LINE('Line',#1910,#1912) ;
#1920=LINE('Line',#1917,#1919) ;
#1927=LINE('Line',#1924,#1926) ;
#1934=LINE('Line',#1931,#1933) ;
#1941=LINE('Line',#1938,#1940) ;
#1948=LINE('Line',#1945,#1947) ;
#1955=LINE('Line',#1952,#1954) ;
#1962=LINE('Line',#1959,#1961) ;
#1969=LINE('Line',#1966,#1968) ;
#1976=LINE('Line',#1973,#1975) ;
#1983=LINE('Line',#1980,#1982) ;
#1990=LINE('Line',#1987,#1989) ;
#1997=LINE('Line',#1994,#1996) ;
#2004=LINE('Line',#2001,#2003) ;
#2011=LINE('Line',#2008,#2010) ;
#2018=LINE('Line',#2015,#2017) ;
#2025=LINE('Line',#2022,#2024) ;
#2032=LINE('Line',#2029,#2031) ;
#2039=LINE('Line',#2036,#2038) ;
#2072=LINE('Line',#2069,#2071) ;
#2228=LINE('Line',#2225,#2227) ;
#2242=LINE('Line',#2239,#2241) ;
#2256=LINE('Line',#2253,#2255) ;
#2492=LINE('Line',#2489,#2491) ;
#2526=LINE('Line',#2523,#2525) ;
#2552=LINE('Line',#2549,#2551) ;
#2578=LINE('Line',#2575,#2577) ;
#2728=LINE('Line',#2725,#2727) ;
#2755=LINE('Line',#2752,#2754) ;
#2762=LINE('Line',#2759,#2761) ;
#2769=LINE('Line',#2766,#2768) ;
#2776=LINE('Line',#2773,#2775) ;
#2783=LINE('Line',#2780,#2782) ;
#2790=LINE('Line',#2787,#2789) ;
#2797=LINE('Line',#2794,#2796) ;
#2804=LINE('Line',#2801,#2803) ;
#2811=LINE('Line',#2808,#2810) ;
#2818=LINE('Line',#2815,#2817) ;
#2825=LINE('Line',#2822,#2824) ;
#2832=LINE('Line',#2829,#2831) ;
#2839=LINE('Line',#2836,#2838) ;
#2846=LINE('Line',#2843,#2845) ;
#2853=LINE('Line',#2850,#2852) ;
#2860=LINE('Line',#2857,#2859) ;
#2867=LINE('Line',#2864,#2866) ;
#2874=LINE('Line',#2871,#2873) ;
#2881=LINE('Line',#2878,#2880) ;
#2888=LINE('Line',#2885,#2887) ;
#2895=LINE('Line',#2892,#2894) ;
#2902=LINE('Line',#2899,#2901) ;
#2909=LINE('Line',#2906,#2908) ;
#2916=LINE('Line',#2913,#2915) ;
#2923=LINE('Line',#2920,#2922) ;
#2930=LINE('Line',#2927,#2929) ;
#2937=LINE('Line',#2934,#2936) ;
#2944=LINE('Line',#2941,#2943) ;
#2951=LINE('Line',#2948,#2950) ;
#2958=LINE('Line',#2955,#2957) ;
#2965=LINE('Line',#2962,#2964) ;
#2972=LINE('Line',#2969,#2971) ;
#2979=LINE('Line',#2976,#2978) ;
#2986=LINE('Line',#2983,#2985) ;
#2993=LINE('Line',#2990,#2992) ;
#3000=LINE('Line',#2997,#2999) ;
#3007=LINE('Line',#3004,#3006) ;
#3014=LINE('Line',#3011,#3013) ;
#3021=LINE('Line',#3018,#3020) ;
#3028=LINE('Line',#3025,#3027) ;
#3035=LINE('Line',#3032,#3034) ;
#3042=LINE('Line',#3039,#3041) ;
#3049=LINE('Line',#3046,#3048) ;
#3089=LINE('Line',#3086,#3088) ;
#3103=LINE('Line',#3100,#3102) ;
#3117=LINE('Line',#3114,#3116) ;
#3307=LINE('Line',#3304,#3306) ;
#3321=LINE('Line',#3318,#3320) ;
#3344=LINE('Line',#3341,#3343) ;
#3370=LINE('Line',#3367,#3369) ;
#3384=LINE('Line',#3381,#3383) ;
#3398=LINE('Line',#3395,#3397) ;
#3412=LINE('Line',#3409,#3411) ;
#3426=LINE('Line',#3423,#3425) ;
#3440=LINE('Line',#3437,#3439) ;
#3454=LINE('Line',#3451,#3453) ;
#3480=LINE('Line',#3477,#3479) ;
#3494=LINE('Line',#3491,#3493) ;
#3508=LINE('Line',#3505,#3507) ;
#3534=LINE('Line',#3531,#3533) ;
#3548=LINE('Line',#3545,#3547) ;
#3562=LINE('Line',#3559,#3561) ;
#3576=LINE('Line',#3573,#3575) ;
#3590=LINE('Line',#3587,#3589) ;
#3604=LINE('Line',#3601,#3603) ;
#3618=LINE('Line',#3615,#3617) ;
#3644=LINE('Line',#3641,#3643) ;
#3667=LINE('Line',#3664,#3666) ;
#3681=LINE('Line',#3678,#3680) ;
#3871=LINE('Line',#3868,#3870) ;
#3885=LINE('Line',#3882,#3884) ;
#3899=LINE('Line',#3896,#3898) ;
#3939=LINE('Line',#3936,#3938) ;
#3946=LINE('Line',#3943,#3945) ;
#3953=LINE('Line',#3950,#3952) ;
#3960=LINE('Line',#3957,#3959) ;
#3967=LINE('Line',#3964,#3966) ;
#3974=LINE('Line',#3971,#3973) ;
#3981=LINE('Line',#3978,#3980) ;
#3988=LINE('Line',#3985,#3987) ;
#3995=LINE('Line',#3992,#3994) ;
#4002=LINE('Line',#3999,#4001) ;
#4009=LINE('Line',#4006,#4008) ;
#4016=LINE('Line',#4013,#4015) ;
#4023=LINE('Line',#4020,#4022) ;
#4030=LINE('Line',#4027,#4029) ;
#4037=LINE('Line',#4034,#4036) ;
#4044=LINE('Line',#4041,#4043) ;
#4051=LINE('Line',#4048,#4050) ;
#4058=LINE('Line',#4055,#4057) ;
#4065=LINE('Line',#4062,#4064) ;
#4072=LINE('Line',#4069,#4071) ;
#4079=LINE('Line',#4076,#4078) ;
#4086=LINE('Line',#4083,#4085) ;
#4093=LINE('Line',#4090,#4092) ;
#4100=LINE('Line',#4097,#4099) ;
#4107=LINE('Line',#4104,#4106) ;
#4114=LINE('Line',#4111,#4113) ;
#4121=LINE('Line',#4118,#4120) ;
#4128=LINE('Line',#4125,#4127) ;
#4135=LINE('Line',#4132,#4134) ;
#4142=LINE('Line',#4139,#4141) ;
#4149=LINE('Line',#4146,#4148) ;
#4156=LINE('Line',#4153,#4155) ;
#4163=LINE('Line',#4160,#4162) ;
#4170=LINE('Line',#4167,#4169) ;
#4177=LINE('Line',#4174,#4176) ;
#4184=LINE('Line',#4181,#4183) ;
#4191=LINE('Line',#4188,#4190) ;
#4198=LINE('Line',#4195,#4197) ;
#4205=LINE('Line',#4202,#4204) ;
#4212=LINE('Line',#4209,#4211) ;
#4219=LINE('Line',#4216,#4218) ;
#4226=LINE('Line',#4223,#4225) ;
#4233=LINE('Line',#4230,#4232) ;
#4260=LINE('Line',#4257,#4259) ;
#4607=LINE('Line',#4604,#4606) ;
#4625=LINE('Line',#4622,#4624) ;
#4630=LINE('Line',#4627,#4629) ;
#4648=LINE('Line',#4645,#4647) ;
#4666=LINE('Line',#4663,#4665) ;
#4684=LINE('Line',#4681,#4683) ;
#4702=LINE('Line',#4699,#4701) ;
#4733=LINE('Line',#4730,#4732) ;
#4751=LINE('Line',#4748,#4750) ;
#4769=LINE('Line',#4766,#4768) ;
#4787=LINE('Line',#4784,#4786) ;
#4805=LINE('Line',#4802,#4804) ;
#4823=LINE('Line',#4820,#4822) ;
#4841=LINE('Line',#4838,#4840) ;
#4859=LINE('Line',#4856,#4858) ;
#4877=LINE('Line',#4874,#4876) ;
#4895=LINE('Line',#4892,#4894) ;
#4913=LINE('Line',#4910,#4912) ;
#4931=LINE('Line',#4928,#4930) ;
#4949=LINE('Line',#4946,#4948) ;
#4967=LINE('Line',#4964,#4966) ;
#4985=LINE('Line',#4982,#4984) ;
#5003=LINE('Line',#5000,#5002) ;
#5021=LINE('Line',#5018,#5020) ;
#5039=LINE('Line',#5036,#5038) ;
#5057=LINE('Line',#5054,#5056) ;
#5075=LINE('Line',#5072,#5074) ;
#5093=LINE('Line',#5090,#5092) ;
#5111=LINE('Line',#5108,#5110) ;
#5129=LINE('Line',#5126,#5128) ;
#5147=LINE('Line',#5144,#5146) ;
#5165=LINE('Line',#5162,#5164) ;
#5183=LINE('Line',#5180,#5182) ;
#5201=LINE('Line',#5198,#5200) ;
#5219=LINE('Line',#5216,#5218) ;
#5237=LINE('Line',#5234,#5236) ;
#5255=LINE('Line',#5252,#5254) ;
#5273=LINE('Line',#5270,#5272) ;
#5291=LINE('Line',#5288,#5290) ;
#5309=LINE('Line',#5306,#5308) ;
#5327=LINE('Line',#5324,#5326) ;
#5345=LINE('Line',#5342,#5344) ;
#5363=LINE('Line',#5360,#5362) ;
#5381=LINE('Line',#5378,#5380) ;
#5399=LINE('Line',#5396,#5398) ;
#5417=LINE('Line',#5414,#5416) ;
#5435=LINE('Line',#5432,#5434) ;
#5453=LINE('Line',#5450,#5452) ;
#5471=LINE('Line',#5468,#5470) ;
#5489=LINE('Line',#5486,#5488) ;
#5507=LINE('Line',#5504,#5506) ;
#5525=LINE('Line',#5522,#5524) ;
#5543=LINE('Line',#5540,#5542) ;
#5561=LINE('Line',#5558,#5560) ;
#5579=LINE('Line',#5576,#5578) ;
#5597=LINE('Line',#5594,#5596) ;
#5615=LINE('Line',#5612,#5614) ;
#5633=LINE('Line',#5630,#5632) ;
#5651=LINE('Line',#5648,#5650) ;
#5669=LINE('Line',#5666,#5668) ;
#5687=LINE('Line',#5684,#5686) ;
#5705=LINE('Line',#5702,#5704) ;
#5723=LINE('Line',#5720,#5722) ;
#5741=LINE('Line',#5738,#5740) ;
#5759=LINE('Line',#5756,#5758) ;
#5777=LINE('Line',#5774,#5776) ;
#5795=LINE('Line',#5792,#5794) ;
#5813=LINE('Line',#5810,#5812) ;
#5831=LINE('Line',#5828,#5830) ;
#5849=LINE('Line',#5846,#5848) ;
#5867=LINE('Line',#5864,#5866) ;
#5885=LINE('Line',#5882,#5884) ;
#5903=LINE('Line',#5900,#5902) ;
#5921=LINE('Line',#5918,#5920) ;
#5939=LINE('Line',#5936,#5938) ;
#5957=LINE('Line',#5954,#5956) ;
#5975=LINE('Line',#5972,#5974) ;
#5993=LINE('Line',#5990,#5992) ;
#6011=LINE('Line',#6008,#6010) ;
#6029=LINE('Line',#6026,#6028) ;
#6047=LINE('Line',#6044,#6046) ;
#6065=LINE('Line',#6062,#6064) ;
#6083=LINE('Line',#6080,#6082) ;
#6101=LINE('Line',#6098,#6100) ;
#6119=LINE('Line',#6116,#6118) ;
#6137=LINE('Line',#6134,#6136) ;
#6155=LINE('Line',#6152,#6154) ;
#6173=LINE('Line',#6170,#6172) ;
#6191=LINE('Line',#6188,#6190) ;
#6209=LINE('Line',#6206,#6208) ;
#6227=LINE('Line',#6224,#6226) ;
#6245=LINE('Line',#6242,#6244) ;
#6263=LINE('Line',#6260,#6262) ;
#6281=LINE('Line',#6278,#6280) ;
#6299=LINE('Line',#6296,#6298) ;
#6317=LINE('Line',#6314,#6316) ;
#6335=LINE('Line',#6332,#6334) ;
#6353=LINE('Line',#6350,#6352) ;
#6371=LINE('Line',#6368,#6370) ;
#6389=LINE('Line',#6386,#6388) ;
#6407=LINE('Line',#6404,#6406) ;
#6425=LINE('Line',#6422,#6424) ;
#6443=LINE('Line',#6440,#6442) ;
#6461=LINE('Line',#6458,#6460) ;
#6479=LINE('Line',#6476,#6478) ;
#6497=LINE('Line',#6494,#6496) ;
#6515=LINE('Line',#6512,#6514) ;
#6533=LINE('Line',#6530,#6532) ;
#6551=LINE('Line',#6548,#6550) ;
#6569=LINE('Line',#6566,#6568) ;
#6587=LINE('Line',#6584,#6586) ;
#6605=LINE('Line',#6602,#6604) ;
#6623=LINE('Line',#6620,#6622) ;
#6641=LINE('Line',#6638,#6640) ;
#6659=LINE('Line',#6656,#6658) ;
#6677=LINE('Line',#6674,#6676) ;
#6695=LINE('Line',#6692,#6694) ;
#6713=LINE('Line',#6710,#6712) ;
#6731=LINE('Line',#6728,#6730) ;
#6749=LINE('Line',#6746,#6748) ;
#6767=LINE('Line',#6764,#6766) ;
#6785=LINE('Line',#6782,#6784) ;
#6803=LINE('Line',#6800,#6802) ;
#6821=LINE('Line',#6818,#6820) ;
#6839=LINE('Line',#6836,#6838) ;
#6857=LINE('Line',#6854,#6856) ;
#6875=LINE('Line',#6872,#6874) ;
#6893=LINE('Line',#6890,#6892) ;
#6911=LINE('Line',#6908,#6910) ;
#6929=LINE('Line',#6926,#6928) ;
#6947=LINE('Line',#6944,#6946) ;
#6965=LINE('Line',#6962,#6964) ;
#6983=LINE('Line',#6980,#6982) ;
#7001=LINE('Line',#6998,#7000) ;
#7019=LINE('Line',#7016,#7018) ;
#7037=LINE('Line',#7034,#7036) ;
#7055=LINE('Line',#7052,#7054) ;
#7073=LINE('Line',#7070,#7072) ;
#7091=LINE('Line',#7088,#7090) ;
#7109=LINE('Line',#7106,#7108) ;
#7127=LINE('Line',#7124,#7126) ;
#7145=LINE('Line',#7142,#7144) ;
#7163=LINE('Line',#7160,#7162) ;
#7181=LINE('Line',#7178,#7180) ;
#7199=LINE('Line',#7196,#7198) ;
#7217=LINE('Line',#7214,#7216) ;
#7235=LINE('Line',#7232,#7234) ;
#7253=LINE('Line',#7250,#7252) ;
#7271=LINE('Line',#7268,#7270) ;
#7289=LINE('Line',#7286,#7288) ;
#7307=LINE('Line',#7304,#7306) ;
#7325=LINE('Line',#7322,#7324) ;
#7343=LINE('Line',#7340,#7342) ;
#7361=LINE('Line',#7358,#7360) ;
#7379=LINE('Line',#7376,#7378) ;
#7397=LINE('Line',#7394,#7396) ;
#7415=LINE('Line',#7412,#7414) ;
#7433=LINE('Line',#7430,#7432) ;
#7451=LINE('Line',#7448,#7450) ;
#7469=LINE('Line',#7466,#7468) ;
#7487=LINE('Line',#7484,#7486) ;
#7505=LINE('Line',#7502,#7504) ;
#7523=LINE('Line',#7520,#7522) ;
#7541=LINE('Line',#7538,#7540) ;
#7559=LINE('Line',#7556,#7558) ;
#7577=LINE('Line',#7574,#7576) ;
#7595=LINE('Line',#7592,#7594) ;
#7613=LINE('Line',#7610,#7612) ;
#7631=LINE('Line',#7628,#7630) ;
#7649=LINE('Line',#7646,#7648) ;
#7667=LINE('Line',#7664,#7666) ;
#7685=LINE('Line',#7682,#7684) ;
#7703=LINE('Line',#7700,#7702) ;
#7721=LINE('Line',#7718,#7720) ;
#7739=LINE('Line',#7736,#7738) ;
#7757=LINE('Line',#7754,#7756) ;
#7775=LINE('Line',#7772,#7774) ;
#7793=LINE('Line',#7790,#7792) ;
#7811=LINE('Line',#7808,#7810) ;
#7829=LINE('Line',#7826,#7828) ;
#7847=LINE('Line',#7844,#7846) ;
#7865=LINE('Line',#7862,#7864) ;
#7883=LINE('Line',#7880,#7882) ;
#7901=LINE('Line',#7898,#7900) ;
#7919=LINE('Line',#7916,#7918) ;
#7937=LINE('Line',#7934,#7936) ;
#7955=LINE('Line',#7952,#7954) ;
#7973=LINE('Line',#7970,#7972) ;
#7991=LINE('Line',#7988,#7990) ;
#8009=LINE('Line',#8006,#8008) ;
#8027=LINE('Line',#8024,#8026) ;
#8045=LINE('Line',#8042,#8044) ;
#8063=LINE('Line',#8060,#8062) ;
#8081=LINE('Line',#8078,#8080) ;
#8099=LINE('Line',#8096,#8098) ;
#8117=LINE('Line',#8114,#8116) ;
#8135=LINE('Line',#8132,#8134) ;
#8153=LINE('Line',#8150,#8152) ;
#8171=LINE('Line',#8168,#8170) ;
#8189=LINE('Line',#8186,#8188) ;
#8207=LINE('Line',#8204,#8206) ;
#8225=LINE('Line',#8222,#8224) ;
#8243=LINE('Line',#8240,#8242) ;
#8261=LINE('Line',#8258,#8260) ;
#8279=LINE('Line',#8276,#8278) ;
#8297=LINE('Line',#8294,#8296) ;
#8315=LINE('Line',#8312,#8314) ;
#8333=LINE('Line',#8330,#8332) ;
#8351=LINE('Line',#8348,#8350) ;
#8369=LINE('Line',#8366,#8368) ;
#8387=LINE('Line',#8384,#8386) ;
#8405=LINE('Line',#8402,#8404) ;
#8423=LINE('Line',#8420,#8422) ;
#8441=LINE('Line',#8438,#8440) ;
#8459=LINE('Line',#8456,#8458) ;
#8477=LINE('Line',#8474,#8476) ;
#8495=LINE('Line',#8492,#8494) ;
#8513=LINE('Line',#8510,#8512) ;
#8531=LINE('Line',#8528,#8530) ;
#8601=LINE('Line',#8598,#8600) ;
#8610=LINE('Line',#8607,#8609) ;
#8617=LINE('Line',#8614,#8616) ;
#8624=LINE('Line',#8621,#8623) ;
#8649=LINE('Line',#8646,#8648) ;
#8677=LINE('Line',#8674,#8676) ;
#8703=LINE('Line',#8700,#8702) ;
#8729=LINE('Line',#8726,#8728) ;
#8979=LINE('Line',#8976,#8978) ;
#8993=LINE('Line',#8990,#8992) ;
#9000=LINE('Line',#8997,#8999) ;
#9007=LINE('Line',#9004,#9006) ;
#9021=LINE('Line',#9018,#9020) ;
#9028=LINE('Line',#9025,#9027) ;
#9035=LINE('Line',#9032,#9034) ;
#9049=LINE('Line',#9046,#9048) ;
#9056=LINE('Line',#9053,#9055) ;
#9063=LINE('Line',#9060,#9062) ;
#9077=LINE('Line',#9074,#9076) ;
#9107=LINE('Line',#9104,#9106) ;
#9114=LINE('Line',#9111,#9113) ;
#9141=LINE('Line',#9138,#9140) ;
#9155=LINE('Line',#9152,#9154) ;
#9169=LINE('Line',#9166,#9168) ;
#9183=LINE('Line',#9180,#9182) ;
#9414=LINE('Line',#9411,#9413) ;
#9439=LINE('Line',#9436,#9438) ;
#9446=LINE('Line',#9443,#9445) ;
#9453=LINE('Line',#9450,#9452) ;
#9476=LINE('Line',#9473,#9475) ;
#9483=LINE('Line',#9480,#9482) ;
#9490=LINE('Line',#9487,#9489) ;
#9513=LINE('Line',#9510,#9512) ;
#9534=LINE('Line',#9531,#9533) ;
#9541=LINE('Line',#9538,#9540) ;
#9571=LINE('Line',#9568,#9570) ;
#9589=LINE('Line',#9586,#9588) ;
#9596=LINE('Line',#9593,#9595) ;
#9603=LINE('Line',#9600,#9602) ;
#9631=LINE('Line',#9628,#9630) ;
#9649=LINE('Line',#9646,#9648) ;
#9656=LINE('Line',#9653,#9655) ;
#9681=LINE('Line',#9678,#9680) ;
#9699=LINE('Line',#9696,#9698) ;
#9706=LINE('Line',#9703,#9705) ;
#9731=LINE('Line',#9728,#9730) ;
#9749=LINE('Line',#9746,#9748) ;
#9756=LINE('Line',#9753,#9755) ;
#9792=LINE('Line',#9789,#9791) ;
#9797=LINE('Line',#9794,#9796) ;
#9828=LINE('Line',#9825,#9827) ;
#9833=LINE('Line',#9830,#9832) ;
#9864=LINE('Line',#9861,#9863) ;
#9869=LINE('Line',#9866,#9868) ;
#9900=LINE('Line',#9897,#9899) ;
#9905=LINE('Line',#9902,#9904) ;
#9936=LINE('Line',#9933,#9935) ;
#9954=LINE('Line',#9951,#9953) ;
#9972=LINE('Line',#9969,#9971) ;
#9990=LINE('Line',#9987,#9989) ;
#10008=LINE('Line',#10005,#10007) ;
#10026=LINE('Line',#10023,#10025) ;
#10044=LINE('Line',#10041,#10043) ;
#10062=LINE('Line',#10059,#10061) ;
#10080=LINE('Line',#10077,#10079) ;
#10098=LINE('Line',#10095,#10097) ;
#10116=LINE('Line',#10113,#10115) ;
#10134=LINE('Line',#10131,#10133) ;
#10165=LINE('Line',#10162,#10164) ;
#10172=LINE('Line',#10169,#10171) ;
#10197=LINE('Line',#10194,#10196) ;
#10204=LINE('Line',#10201,#10203) ;
#10222=LINE('Line',#10219,#10221) ;
#10247=LINE('Line',#10244,#10246) ;
#10254=LINE('Line',#10251,#10253) ;
#10272=LINE('Line',#10269,#10271) ;
#10297=LINE('Line',#10294,#10296) ;
#10304=LINE('Line',#10301,#10303) ;
#10322=LINE('Line',#10319,#10321) ;
#10347=LINE('Line',#10344,#10346) ;
#10386=LINE('Line',#10383,#10385) ;
#10412=LINE('Line',#10409,#10411) ;
#10438=LINE('Line',#10435,#10437) ;
#10464=LINE('Line',#10461,#10463) ;
#10517=LINE('Line',#10514,#10516) ;
#10543=LINE('Line',#10540,#10542) ;
#10569=LINE('Line',#10566,#10568) ;
#10595=LINE('Line',#10592,#10594) ;
#10675=LINE('Line',#10672,#10674) ;
#10741=LINE('Line',#10738,#10740) ;
#10807=LINE('Line',#10804,#10806) ;
#10873=LINE('Line',#10870,#10872) ;
#10939=LINE('Line',#10936,#10938) ;
#11005=LINE('Line',#11002,#11004) ;
#11071=LINE('Line',#11068,#11070) ;
#11138=LINE('Line',#11135,#11137) ;
#11156=LINE('Line',#11153,#11155) ;
#11174=LINE('Line',#11171,#11173) ;
#11229=LINE('Line',#11226,#11228) ;
#11321=LINE('Line',#11318,#11320) ;
#11376=LINE('Line',#11373,#11375) ;
#11431=LINE('Line',#11428,#11430) ;
#11449=LINE('Line',#11446,#11448) ;
#11504=LINE('Line',#11501,#11503) ;
#11596=LINE('Line',#11593,#11595) ;
#11614=LINE('Line',#11611,#11613) ;
#11676=LINE('Line',#11673,#11675) ;
#11768=LINE('Line',#11765,#11767) ;
#11816=LINE('Line',#11813,#11815) ;
#11845=LINE('Line',#11842,#11844) ;
#11863=LINE('Line',#11860,#11862) ;
#11898=LINE('Line',#11895,#11897) ;
#11944=LINE('Line',#11941,#11943) ;
#11962=LINE('Line',#11959,#11961) ;
#12012=LINE('Line',#12009,#12011) ;
#12042=LINE('Line',#12039,#12041) ;
#12135=LINE('Line',#12132,#12134) ;
#12149=LINE('Line',#12146,#12148) ;
#12174=LINE('Line',#12171,#12173) ;
#12202=LINE('Line',#12199,#12201) ;
#12228=LINE('Line',#12225,#12227) ;
#12254=LINE('Line',#12251,#12253) ;
#12517=LINE('Line',#12514,#12516) ;
#12522=LINE('Line',#12519,#12521) ;
#12540=LINE('Line',#12537,#12539) ;
#12547=LINE('Line',#12544,#12546) ;
#12554=LINE('Line',#12551,#12553) ;
#12579=LINE('Line',#12576,#12578) ;
#12597=LINE('Line',#12594,#12596) ;
#12604=LINE('Line',#12601,#12603) ;
#12629=LINE('Line',#12626,#12628) ;
#12647=LINE('Line',#12644,#12646) ;
#12654=LINE('Line',#12651,#12653) ;
#12679=LINE('Line',#12676,#12678) ;
#12697=LINE('Line',#12694,#12696) ;
#12704=LINE('Line',#12701,#12703) ;
#12740=LINE('Line',#12737,#12739) ;
#12754=LINE('Line',#12751,#12753) ;
#12790=LINE('Line',#12787,#12789) ;
#12804=LINE('Line',#12801,#12803) ;
#12840=LINE('Line',#12837,#12839) ;
#12854=LINE('Line',#12851,#12853) ;
#12989=LINE('Line',#12986,#12988) ;
#12994=LINE('Line',#12991,#12993) ;
#13025=LINE('Line',#13022,#13024) ;
#13030=LINE('Line',#13027,#13029) ;
#13061=LINE('Line',#13058,#13060) ;
#13066=LINE('Line',#13063,#13065) ;
#13123=LINE('Line',#13120,#13122) ;
#13145=LINE('Line',#13142,#13144) ;
#13152=LINE('Line',#13149,#13151) ;
#13177=LINE('Line',#13174,#13176) ;
#13212=LINE('Line',#13209,#13211) ;
#13219=LINE('Line',#13216,#13218) ;
#13240=LINE('Line',#13237,#13239) ;
#13273=LINE('Line',#13270,#13272) ;
#13280=LINE('Line',#13277,#13279) ;
#13303=LINE('Line',#13300,#13302) ;
#13386=LINE('Line',#13383,#13385) ;
#13395=LINE('Line',#13392,#13394) ;
#13415=LINE('Line',#13412,#13414) ;
#13422=LINE('Line',#13419,#13421) ;
#13449=LINE('Line',#13446,#13448) ;
#13454=LINE('Line',#13451,#13453) ;
#13461=LINE('Line',#13458,#13460) ;
#13541=LINE('Line',#13538,#13540) ;
#13578=LINE('Line',#13575,#13577) ;
#13621=LINE('Line',#13618,#13620) ;
#13653=LINE('Line',#13650,#13652) ;
#13696=LINE('Line',#13693,#13695) ;
#13784=LINE('Line',#13781,#13783) ;
#13791=LINE('Line',#13788,#13790) ;
#13834=LINE('Line',#13831,#13833) ;
#13854=LINE('Line',#13851,#13853) ;
#13896=LINE('Line',#13893,#13895) ;
#13903=LINE('Line',#13900,#13902) ;
#8556=NEXT_ASSEMBLY_USAGE_OCCURRENCE('1455N Extrusion 160mm_1','1455N Extrusion 160mm_1','1455N Extrusion 160mm:1',#28,#36,'1455N Extrusion 160mm_1') ;
#8569=NEXT_ASSEMBLY_USAGE_OCCURRENCE('1455 Box and Cover 160mm_1','1455 Box and Cover 160mm_1','1455 Box and Cover 160mm:1',#13,#28,'1455 Box and Cover 160mm_1') ;
#12094=NEXT_ASSEMBLY_USAGE_OCCURRENCE('N Bezel Open_2','N Bezel Open_2','N Bezel Open:2',#13,#8588,'N Bezel Open_2') ;
#13091=NEXT_ASSEMBLY_USAGE_OCCURRENCE('1455N End Plate_2','1455N End Plate_2','1455N End Plate:2',#13,#12113,'1455N End Plate_2') ;
#13951=NEXT_ASSEMBLY_USAGE_OCCURRENCE('1455 screw_5','1455 screw_5','1455 screw:5',#13,#13110,'1455 screw_5') ;
#13964=NEXT_ASSEMBLY_USAGE_OCCURRENCE('1455 screw_6','1455 screw_6','1455 screw:6',#13,#13110,'1455 screw_6') ;
#13977=NEXT_ASSEMBLY_USAGE_OCCURRENCE('1455 screw_7','1455 screw_7','1455 screw:7',#13,#13110,'1455 screw_7') ;
#13990=NEXT_ASSEMBLY_USAGE_OCCURRENCE('1455 screw_8','1455 screw_8','1455 screw:8',#13,#13110,'1455 screw_8') ;
#100=PLANE('',#99) ;
#2513=PLANE('',#2512) ;
#4819=PLANE('',#4818) ;
#4873=PLANE('',#4872) ;
#4891=PLANE('',#4890) ;
#4909=PLANE('',#4908) ;
#4927=PLANE('',#4926) ;
#4945=PLANE('',#4944) ;
#4963=PLANE('',#4962) ;
#4981=PLANE('',#4980) ;
#4999=PLANE('',#4998) ;
#5017=PLANE('',#5016) ;
#5035=PLANE('',#5034) ;
#5053=PLANE('',#5052) ;
#5071=PLANE('',#5070) ;
#5089=PLANE('',#5088) ;
#5107=PLANE('',#5106) ;
#5125=PLANE('',#5124) ;
#5143=PLANE('',#5142) ;
#5161=PLANE('',#5160) ;
#5179=PLANE('',#5178) ;
#5197=PLANE('',#5196) ;
#5215=PLANE('',#5214) ;
#5233=PLANE('',#5232) ;
#5251=PLANE('',#5250) ;
#5269=PLANE('',#5268) ;
#5287=PLANE('',#5286) ;
#5305=PLANE('',#5304) ;
#5323=PLANE('',#5322) ;
#5341=PLANE('',#5340) ;
#5359=PLANE('',#5358) ;
#5377=PLANE('',#5376) ;
#5395=PLANE('',#5394) ;
#5413=PLANE('',#5412) ;
#5431=PLANE('',#5430) ;
#5449=PLANE('',#5448) ;
#5467=PLANE('',#5466) ;
#5485=PLANE('',#5484) ;
#5503=PLANE('',#5502) ;
#5521=PLANE('',#5520) ;
#5539=PLANE('',#5538) ;
#5557=PLANE('',#5556) ;
#5575=PLANE('',#5574) ;
#5593=PLANE('',#5592) ;
#5611=PLANE('',#5610) ;
#5629=PLANE('',#5628) ;
#5701=PLANE('',#5700) ;
#5737=PLANE('',#5736) ;
#5773=PLANE('',#5772) ;
#6115=PLANE('',#6114) ;
#6151=PLANE('',#6150) ;
#6187=PLANE('',#6186) ;
#6223=PLANE('',#6222) ;
#6259=PLANE('',#6258) ;
#6295=PLANE('',#6294) ;
#6331=PLANE('',#6330) ;
#6367=PLANE('',#6366) ;
#6403=PLANE('',#6402) ;
#6439=PLANE('',#6438) ;
#6475=PLANE('',#6474) ;
#6511=PLANE('',#6510) ;
#6547=PLANE('',#6546) ;
#6583=PLANE('',#6582) ;
#6619=PLANE('',#6618) ;
#6655=PLANE('',#6654) ;
#6691=PLANE('',#6690) ;
#6727=PLANE('',#6726) ;
#6763=PLANE('',#6762) ;
#6799=PLANE('',#6798) ;
#6835=PLANE('',#6834) ;
#6871=PLANE('',#6870) ;
#6907=PLANE('',#6906) ;
#7249=PLANE('',#7248) ;
#7285=PLANE('',#7284) ;
#7321=PLANE('',#7320) ;
#7393=PLANE('',#7392) ;
#7411=PLANE('',#7410) ;
#7429=PLANE('',#7428) ;
#7447=PLANE('',#7446) ;
#7465=PLANE('',#7464) ;
#7483=PLANE('',#7482) ;
#7501=PLANE('',#7500) ;
#7519=PLANE('',#7518) ;
#7537=PLANE('',#7536) ;
#7555=PLANE('',#7554) ;
#7573=PLANE('',#7572) ;
#7591=PLANE('',#7590) ;
#7609=PLANE('',#7608) ;
#7627=PLANE('',#7626) ;
#7645=PLANE('',#7644) ;
#7663=PLANE('',#7662) ;
#7681=PLANE('',#7680) ;
#7699=PLANE('',#7698) ;
#7717=PLANE('',#7716) ;
#7735=PLANE('',#7734) ;
#7753=PLANE('',#7752) ;
#7771=PLANE('',#7770) ;
#7789=PLANE('',#7788) ;
#7807=PLANE('',#7806) ;
#7825=PLANE('',#7824) ;
#7843=PLANE('',#7842) ;
#7861=PLANE('',#7860) ;
#7879=PLANE('',#7878) ;
#7897=PLANE('',#7896) ;
#7915=PLANE('',#7914) ;
#7933=PLANE('',#7932) ;
#7951=PLANE('',#7950) ;
#7969=PLANE('',#7968) ;
#7987=PLANE('',#7986) ;
#8005=PLANE('',#8004) ;
#8023=PLANE('',#8022) ;
#8041=PLANE('',#8040) ;
#8059=PLANE('',#8058) ;
#8077=PLANE('',#8076) ;
#8095=PLANE('',#8094) ;
#8113=PLANE('',#8112) ;
#8131=PLANE('',#8130) ;
#8149=PLANE('',#8148) ;
#8203=PLANE('',#8202) ;
#8473=PLANE('',#8472) ;
#8509=PLANE('',#8508) ;
#8545=PLANE('',#8544) ;
#8597=PLANE('',#8596) ;
#8645=PLANE('',#8644) ;
#9103=PLANE('',#9102) ;
#9128=PLANE('',#9127) ;
#9567=PLANE('',#9566) ;
#9585=PLANE('',#9584) ;
#9645=PLANE('',#9644) ;
#9695=PLANE('',#9694) ;
#9745=PLANE('',#9744) ;
#9950=PLANE('',#9949) ;
#9968=PLANE('',#9967) ;
#9986=PLANE('',#9985) ;
#10022=PLANE('',#10021) ;
#10040=PLANE('',#10039) ;
#10058=PLANE('',#10057) ;
#10094=PLANE('',#10093) ;
#10112=PLANE('',#10111) ;
#10130=PLANE('',#10129) ;
#10193=PLANE('',#10192) ;
#10243=PLANE('',#10242) ;
#10293=PLANE('',#10292) ;
#10343=PLANE('',#10342) ;
#10361=PLANE('',#10360) ;
#10492=PLANE('',#10491) ;
#12170=PLANE('',#12169) ;
#12536=PLANE('',#12535) ;
#12593=PLANE('',#12592) ;
#12643=PLANE('',#12642) ;
#12693=PLANE('',#12692) ;
#12910=PLANE('',#12909) ;
#13119=PLANE('',#13118) ;
#13173=PLANE('',#13172) ;
#13364=PLANE('',#13363) ;
#13505=PLANE('',#13504) ;
#13537=PLANE('',#13536) ;
#13617=PLANE('',#13616) ;
#13635=PLANE('',#13634) ;
#13692=PLANE('',#13691) ;
#13710=PLANE('',#13709) ;
#13767=PLANE('',#13766) ;
#13942=PLANE('',#13941) ;
#9=PRODUCT_CATEGORY_RELATIONSHIP(' ',' ',#7,#8) ;
#12=PRODUCT_CATEGORY_RELATIONSHIP(' ',' ',#10,#11) ;
#6=PRODUCT_DEFINITION_FORMATION_WITH_SPECIFIED_SOURCE('',' ',#5,.NOT_KNOWN.) ;
#27=PRODUCT_DEFINITION_FORMATION_WITH_SPECIFIED_SOURCE('',' ',#26,.NOT_KNOWN.) ;
#35=PRODUCT_DEFINITION_FORMATION_WITH_SPECIFIED_SOURCE('',' ',#34,.NOT_KNOWN.) ;
#8587=PRODUCT_DEFINITION_FORMATION_WITH_SPECIFIED_SOURCE('',' ',#8586,.NOT_KNOWN.) ;
#12112=PRODUCT_DEFINITION_FORMATION_WITH_SPECIFIED_SOURCE('',' ',#12111,.NOT_KNOWN.) ;
#13109=PRODUCT_DEFINITION_FORMATION_WITH_SPECIFIED_SOURCE('',' ',#13108,.NOT_KNOWN.) ;
#14=SHAPE_DEFINITION_REPRESENTATION(#16,#15) ;
#25=SHAPE_DEFINITION_REPRESENTATION(#29,#24) ;
#33=SHAPE_DEFINITION_REPRESENTATION(#37,#32) ;
#8585=SHAPE_DEFINITION_REPRESENTATION(#8589,#8584) ;
#12110=SHAPE_DEFINITION_REPRESENTATION(#12114,#12109) ;
#13107=SHAPE_DEFINITION_REPRESENTATION(#13111,#13106) ;
#58=VERTEX_POINT('',#57) ;
#60=VERTEX_POINT('',#59) ;
#67=VERTEX_POINT('',#66) ;
#74=VERTEX_POINT('',#73) ;
#121=VERTEX_POINT('',#120) ;
#123=VERTEX_POINT('',#122) ;
#139=VERTEX_POINT('',#138) ;
#146=VERTEX_POINT('',#145) ;
#153=VERTEX_POINT('',#152) ;
#160=VERTEX_POINT('',#159) ;
#176=VERTEX_POINT('',#175) ;
#188=VERTEX_POINT('',#187) ;
#204=VERTEX_POINT('',#203) ;
#211=VERTEX_POINT('',#210) ;
#218=VERTEX_POINT('',#217) ;
#225=VERTEX_POINT('',#224) ;
#241=VERTEX_POINT('',#240) ;
#248=VERTEX_POINT('',#247) ;
#267=VERTEX_POINT('',#266) ;
#274=VERTEX_POINT('',#273) ;
#281=VERTEX_POINT('',#280) ;
#288=VERTEX_POINT('',#287) ;
#295=VERTEX_POINT('',#294) ;
#302=VERTEX_POINT('',#301) ;
#309=VERTEX_POINT('',#308) ;
#316=VERTEX_POINT('',#315) ;
#323=VERTEX_POINT('',#322) ;
#330=VERTEX_POINT('',#329) ;
#337=VERTEX_POINT('',#336) ;
#344=VERTEX_POINT('',#343) ;
#351=VERTEX_POINT('',#350) ;
#358=VERTEX_POINT('',#357) ;
#365=VERTEX_POINT('',#364) ;
#372=VERTEX_POINT('',#371) ;
#379=VERTEX_POINT('',#378) ;
#386=VERTEX_POINT('',#385) ;
#393=VERTEX_POINT('',#392) ;
#400=VERTEX_POINT('',#399) ;
#407=VERTEX_POINT('',#406) ;
#414=VERTEX_POINT('',#413) ;
#421=VERTEX_POINT('',#420) ;
#428=VERTEX_POINT('',#427) ;
#435=VERTEX_POINT('',#434) ;
#442=VERTEX_POINT('',#441) ;
#449=VERTEX_POINT('',#448) ;
#456=VERTEX_POINT('',#455) ;
#463=VERTEX_POINT('',#462) ;
#470=VERTEX_POINT('',#469) ;
#477=VERTEX_POINT('',#476) ;
#484=VERTEX_POINT('',#483) ;
#491=VERTEX_POINT('',#490) ;
#498=VERTEX_POINT('',#497) ;
#505=VERTEX_POINT('',#504) ;
#512=VERTEX_POINT('',#511) ;
#519=VERTEX_POINT('',#518) ;
#526=VERTEX_POINT('',#525) ;
#533=VERTEX_POINT('',#532) ;
#540=VERTEX_POINT('',#539) ;
#547=VERTEX_POINT('',#546) ;
#554=VERTEX_POINT('',#553) ;
#561=VERTEX_POINT('',#560) ;
#568=VERTEX_POINT('',#567) ;
#575=VERTEX_POINT('',#574) ;
#582=VERTEX_POINT('',#581) ;
#595=VERTEX_POINT('',#594) ;
#602=VERTEX_POINT('',#601) ;
#609=VERTEX_POINT('',#608) ;
#625=VERTEX_POINT('',#624) ;
#632=VERTEX_POINT('',#631) ;
#648=VERTEX_POINT('',#647) ;
#655=VERTEX_POINT('',#654) ;
#668=VERTEX_POINT('',#667) ;
#675=VERTEX_POINT('',#674) ;
#691=VERTEX_POINT('',#690) ;
#698=VERTEX_POINT('',#697) ;
#705=VERTEX_POINT('',#704) ;
#712=VERTEX_POINT('',#711) ;
#719=VERTEX_POINT('',#718) ;
#735=VERTEX_POINT('',#734) ;
#742=VERTEX_POINT('',#741) ;
#749=VERTEX_POINT('',#748) ;
#756=VERTEX_POINT('',#755) ;
#763=VERTEX_POINT('',#762) ;
#779=VERTEX_POINT('',#778) ;
#786=VERTEX_POINT('',#785) ;
#793=VERTEX_POINT('',#792) ;
#800=VERTEX_POINT('',#799) ;
#807=VERTEX_POINT('',#806) ;
#820=VERTEX_POINT('',#819) ;
#827=VERTEX_POINT('',#826) ;
#846=VERTEX_POINT('',#845) ;
#853=VERTEX_POINT('',#852) ;
#860=VERTEX_POINT('',#859) ;
#867=VERTEX_POINT('',#866) ;
#874=VERTEX_POINT('',#873) ;
#881=VERTEX_POINT('',#880) ;
#912=VERTEX_POINT('',#911) ;
#919=VERTEX_POINT('',#918) ;
#950=VERTEX_POINT('',#949) ;
#957=VERTEX_POINT('',#956) ;
#988=VERTEX_POINT('',#987) ;
#995=VERTEX_POINT('',#994) ;
#1026=VERTEX_POINT('',#1025) ;
#1033=VERTEX_POINT('',#1032) ;
#1064=VERTEX_POINT('',#1063) ;
#1071=VERTEX_POINT('',#1070) ;
#1102=VERTEX_POINT('',#1101) ;
#1109=VERTEX_POINT('',#1108) ;
#1116=VERTEX_POINT('',#1115) ;
#1123=VERTEX_POINT('',#1122) ;
#1154=VERTEX_POINT('',#1153) ;
#1161=VERTEX_POINT('',#1160) ;
#1192=VERTEX_POINT('',#1191) ;
#1199=VERTEX_POINT('',#1198) ;
#1206=VERTEX_POINT('',#1205) ;
#1213=VERTEX_POINT('',#1212) ;
#1244=VERTEX_POINT('',#1243) ;
#1251=VERTEX_POINT('',#1250) ;
#1282=VERTEX_POINT('',#1281) ;
#1289=VERTEX_POINT('',#1288) ;
#1320=VERTEX_POINT('',#1319) ;
#1327=VERTEX_POINT('',#1326) ;
#1358=VERTEX_POINT('',#1357) ;
#1365=VERTEX_POINT('',#1364) ;
#1396=VERTEX_POINT('',#1395) ;
#1403=VERTEX_POINT('',#1402) ;
#1434=VERTEX_POINT('',#1433) ;
#1441=VERTEX_POINT('',#1440) ;
#1448=VERTEX_POINT('',#1447) ;
#1455=VERTEX_POINT('',#1454) ;
#1462=VERTEX_POINT('',#1461) ;
#1469=VERTEX_POINT('',#1468) ;
#1488=VERTEX_POINT('',#1487) ;
#1495=VERTEX_POINT('',#1494) ;
#1508=VERTEX_POINT('',#1507) ;
#1515=VERTEX_POINT('',#1514) ;
#1522=VERTEX_POINT('',#1521) ;
#1529=VERTEX_POINT('',#1528) ;
#1536=VERTEX_POINT('',#1535) ;
#1552=VERTEX_POINT('',#1551) ;
#1559=VERTEX_POINT('',#1558) ;
#1566=VERTEX_POINT('',#1565) ;
#1573=VERTEX_POINT('',#1572) ;
#1580=VERTEX_POINT('',#1579) ;
#1596=VERTEX_POINT('',#1595) ;
#1603=VERTEX_POINT('',#1602) ;
#1610=VERTEX_POINT('',#1609) ;
#1617=VERTEX_POINT('',#1616) ;
#1624=VERTEX_POINT('',#1623) ;
#1640=VERTEX_POINT('',#1639) ;
#1647=VERTEX_POINT('',#1646) ;
#1660=VERTEX_POINT('',#1659) ;
#1667=VERTEX_POINT('',#1666) ;
#1683=VERTEX_POINT('',#1682) ;
#1690=VERTEX_POINT('',#1689) ;
#1706=VERTEX_POINT('',#1705) ;
#1713=VERTEX_POINT('',#1712) ;
#1720=VERTEX_POINT('',#1719) ;
#1733=VERTEX_POINT('',#1732) ;
#1740=VERTEX_POINT('',#1739) ;
#1747=VERTEX_POINT('',#1746) ;
#1754=VERTEX_POINT('',#1753) ;
#1761=VERTEX_POINT('',#1760) ;
#1768=VERTEX_POINT('',#1767) ;
#1775=VERTEX_POINT('',#1774) ;
#1782=VERTEX_POINT('',#1781) ;
#1789=VERTEX_POINT('',#1788) ;
#1796=VERTEX_POINT('',#1795) ;
#1803=VERTEX_POINT('',#1802) ;
#1810=VERTEX_POINT('',#1809) ;
#1817=VERTEX_POINT('',#1816) ;
#1824=VERTEX_POINT('',#1823) ;
#1831=VERTEX_POINT('',#1830) ;
#1838=VERTEX_POINT('',#1837) ;
#1845=VERTEX_POINT('',#1844) ;
#1852=VERTEX_POINT('',#1851) ;
#1859=VERTEX_POINT('',#1858) ;
#1866=VERTEX_POINT('',#1865) ;
#1873=VERTEX_POINT('',#1872) ;
#1880=VERTEX_POINT('',#1879) ;
#1887=VERTEX_POINT('',#1886) ;
#1894=VERTEX_POINT('',#1893) ;
#1901=VERTEX_POINT('',#1900) ;
#1908=VERTEX_POINT('',#1907) ;
#1915=VERTEX_POINT('',#1914) ;
#1922=VERTEX_POINT('',#1921) ;
#1929=VERTEX_POINT('',#1928) ;
#1936=VERTEX_POINT('',#1935) ;
#1943=VERTEX_POINT('',#1942) ;
#1950=VERTEX_POINT('',#1949) ;
#1957=VERTEX_POINT('',#1956) ;
#1964=VERTEX_POINT('',#1963) ;
#1971=VERTEX_POINT('',#1970) ;
#1978=VERTEX_POINT('',#1977) ;
#1985=VERTEX_POINT('',#1984) ;
#1992=VERTEX_POINT('',#1991) ;
#1999=VERTEX_POINT('',#1998) ;
#2006=VERTEX_POINT('',#2005) ;
#2013=VERTEX_POINT('',#2012) ;
#2020=VERTEX_POINT('',#2019) ;
#2027=VERTEX_POINT('',#2026) ;
#2034=VERTEX_POINT('',#2033) ;
#2041=VERTEX_POINT('',#2040) ;
#2048=VERTEX_POINT('',#2047) ;
#2067=VERTEX_POINT('',#2066) ;
#2074=VERTEX_POINT('',#2073) ;
#2090=VERTEX_POINT('',#2089) ;
#2097=VERTEX_POINT('',#2096) ;
#2104=VERTEX_POINT('',#2103) ;
#2111=VERTEX_POINT('',#2110) ;
#2127=VERTEX_POINT('',#2126) ;
#2134=VERTEX_POINT('',#2133) ;
#2141=VERTEX_POINT('',#2140) ;
#2148=VERTEX_POINT('',#2147) ;
#2164=VERTEX_POINT('',#2163) ;
#2171=VERTEX_POINT('',#2170) ;
#2178=VERTEX_POINT('',#2177) ;
#2185=VERTEX_POINT('',#2184) ;
#2201=VERTEX_POINT('',#2200) ;
#2223=VERTEX_POINT('',#2222) ;
#2230=VERTEX_POINT('',#2229) ;
#2237=VERTEX_POINT('',#2236) ;
#2244=VERTEX_POINT('',#2243) ;
#2251=VERTEX_POINT('',#2250) ;
#2494=VERTEX_POINT('',#2493) ;
#2519=VERTEX_POINT('',#2518) ;
#2521=VERTEX_POINT('',#2520) ;
#2528=VERTEX_POINT('',#2527) ;
#2547=VERTEX_POINT('',#2546) ;
#2554=VERTEX_POINT('',#2553) ;
#2573=VERTEX_POINT('',#2572) ;
#2580=VERTEX_POINT('',#2579) ;
#2587=VERTEX_POINT('',#2586) ;
#2594=VERTEX_POINT('',#2593) ;
#2607=VERTEX_POINT('',#2606) ;
#2617=VERTEX_POINT('',#2616) ;
#2630=VERTEX_POINT('',#2629) ;
#2637=VERTEX_POINT('',#2636) ;
#2650=VERTEX_POINT('',#2649) ;
#2660=VERTEX_POINT('',#2659) ;
#2673=VERTEX_POINT('',#2672) ;
#2680=VERTEX_POINT('',#2679) ;
#2693=VERTEX_POINT('',#2692) ;
#2703=VERTEX_POINT('',#2702) ;
#2716=VERTEX_POINT('',#2715) ;
#2723=VERTEX_POINT('',#2722) ;
#2730=VERTEX_POINT('',#2729) ;
#2737=VERTEX_POINT('',#2736) ;
#2750=VERTEX_POINT('',#2749) ;
#2757=VERTEX_POINT('',#2756) ;
#2764=VERTEX_POINT('',#2763) ;
#2771=VERTEX_POINT('',#2770) ;
#2778=VERTEX_POINT('',#2777) ;
#2785=VERTEX_POINT('',#2784) ;
#2792=VERTEX_POINT('',#2791) ;
#2799=VERTEX_POINT('',#2798) ;
#2806=VERTEX_POINT('',#2805) ;
#2813=VERTEX_POINT('',#2812) ;
#2820=VERTEX_POINT('',#2819) ;
#2827=VERTEX_POINT('',#2826) ;
#2834=VERTEX_POINT('',#2833) ;
#2841=VERTEX_POINT('',#2840) ;
#2848=VERTEX_POINT('',#2847) ;
#2855=VERTEX_POINT('',#2854) ;
#2862=VERTEX_POINT('',#2861) ;
#2869=VERTEX_POINT('',#2868) ;
#2876=VERTEX_POINT('',#2875) ;
#2883=VERTEX_POINT('',#2882) ;
#2890=VERTEX_POINT('',#2889) ;
#2897=VERTEX_POINT('',#2896) ;
#2904=VERTEX_POINT('',#2903) ;
#2911=VERTEX_POINT('',#2910) ;
#2918=VERTEX_POINT('',#2917) ;
#2925=VERTEX_POINT('',#2924) ;
#2932=VERTEX_POINT('',#2931) ;
#2939=VERTEX_POINT('',#2938) ;
#2946=VERTEX_POINT('',#2945) ;
#2953=VERTEX_POINT('',#2952) ;
#2960=VERTEX_POINT('',#2959) ;
#2967=VERTEX_POINT('',#2966) ;
#2974=VERTEX_POINT('',#2973) ;
#2981=VERTEX_POINT('',#2980) ;
#2988=VERTEX_POINT('',#2987) ;
#2995=VERTEX_POINT('',#2994) ;
#3002=VERTEX_POINT('',#3001) ;
#3009=VERTEX_POINT('',#3008) ;
#3016=VERTEX_POINT('',#3015) ;
#3023=VERTEX_POINT('',#3022) ;
#3030=VERTEX_POINT('',#3029) ;
#3037=VERTEX_POINT('',#3036) ;
#3044=VERTEX_POINT('',#3043) ;
#3051=VERTEX_POINT('',#3050) ;
#3064=VERTEX_POINT('',#3063) ;
#3071=VERTEX_POINT('',#3070) ;
#3084=VERTEX_POINT('',#3083) ;
#3091=VERTEX_POINT('',#3090) ;
#3098=VERTEX_POINT('',#3097) ;
#3105=VERTEX_POINT('',#3104) ;
#3112=VERTEX_POINT('',#3111) ;
#3119=VERTEX_POINT('',#3118) ;
#3126=VERTEX_POINT('',#3125) ;
#3139=VERTEX_POINT('',#3138) ;
#3146=VERTEX_POINT('',#3145) ;
#3159=VERTEX_POINT('',#3158) ;
#3169=VERTEX_POINT('',#3168) ;
#3179=VERTEX_POINT('',#3178) ;
#3192=VERTEX_POINT('',#3191) ;
#3199=VERTEX_POINT('',#3198) ;
#3212=VERTEX_POINT('',#3211) ;
#3222=VERTEX_POINT('',#3221) ;
#3232=VERTEX_POINT('',#3231) ;
#3245=VERTEX_POINT('',#3244) ;
#3252=VERTEX_POINT('',#3251) ;
#3265=VERTEX_POINT('',#3264) ;
#3275=VERTEX_POINT('',#3274) ;
#3285=VERTEX_POINT('',#3284) ;
#3295=VERTEX_POINT('',#3294) ;
#3302=VERTEX_POINT('',#3301) ;
#3309=VERTEX_POINT('',#3308) ;
#3316=VERTEX_POINT('',#3315) ;
#3323=VERTEX_POINT('',#3322) ;
#3339=VERTEX_POINT('',#3338) ;
#3346=VERTEX_POINT('',#3345) ;
#3365=VERTEX_POINT('',#3364) ;
#3372=VERTEX_POINT('',#3371) ;
#3379=VERTEX_POINT('',#3378) ;
#3386=VERTEX_POINT('',#3385) ;
#3393=VERTEX_POINT('',#3392) ;
#3400=VERTEX_POINT('',#3399) ;
#3407=VERTEX_POINT('',#3406) ;
#3414=VERTEX_POINT('',#3413) ;
#3421=VERTEX_POINT('',#3420) ;
#3428=VERTEX_POINT('',#3427) ;
#3435=VERTEX_POINT('',#3434) ;
#3442=VERTEX_POINT('',#3441) ;
#3449=VERTEX_POINT('',#3448) ;
#3456=VERTEX_POINT('',#3455) ;
#3475=VERTEX_POINT('',#3474) ;
#3482=VERTEX_POINT('',#3481) ;
#3489=VERTEX_POINT('',#3488) ;
#3496=VERTEX_POINT('',#3495) ;
#3503=VERTEX_POINT('',#3502) ;
#3510=VERTEX_POINT('',#3509) ;
#3529=VERTEX_POINT('',#3528) ;
#3536=VERTEX_POINT('',#3535) ;
#3543=VERTEX_POINT('',#3542) ;
#3550=VERTEX_POINT('',#3549) ;
#3557=VERTEX_POINT('',#3556) ;
#3564=VERTEX_POINT('',#3563) ;
#3571=VERTEX_POINT('',#3570) ;
#3578=VERTEX_POINT('',#3577) ;
#3585=VERTEX_POINT('',#3584) ;
#3592=VERTEX_POINT('',#3591) ;
#3599=VERTEX_POINT('',#3598) ;
#3606=VERTEX_POINT('',#3605) ;
#3613=VERTEX_POINT('',#3612) ;
#3620=VERTEX_POINT('',#3619) ;
#3639=VERTEX_POINT('',#3638) ;
#3646=VERTEX_POINT('',#3645) ;
#3662=VERTEX_POINT('',#3661) ;
#3669=VERTEX_POINT('',#3668) ;
#3676=VERTEX_POINT('',#3675) ;
#3683=VERTEX_POINT('',#3682) ;
#3690=VERTEX_POINT('',#3689) ;
#3700=VERTEX_POINT('',#3699) ;
#3710=VERTEX_POINT('',#3709) ;
#3720=VERTEX_POINT('',#3719) ;
#3733=VERTEX_POINT('',#3732) ;
#3740=VERTEX_POINT('',#3739) ;
#3753=VERTEX_POINT('',#3752) ;
#3763=VERTEX_POINT('',#3762) ;
#3773=VERTEX_POINT('',#3772) ;
#3786=VERTEX_POINT('',#3785) ;
#3793=VERTEX_POINT('',#3792) ;
#3806=VERTEX_POINT('',#3805) ;
#3816=VERTEX_POINT('',#3815) ;
#3826=VERTEX_POINT('',#3825) ;
#3839=VERTEX_POINT('',#3838) ;
#3846=VERTEX_POINT('',#3845) ;
#3859=VERTEX_POINT('',#3858) ;
#3866=VERTEX_POINT('',#3865) ;
#3873=VERTEX_POINT('',#3872) ;
#3880=VERTEX_POINT('',#3879) ;
#3887=VERTEX_POINT('',#3886) ;
#3894=VERTEX_POINT('',#3893) ;
#3901=VERTEX_POINT('',#3900) ;
#3914=VERTEX_POINT('',#3913) ;
#3921=VERTEX_POINT('',#3920) ;
#3934=VERTEX_POINT('',#3933) ;
#3941=VERTEX_POINT('',#3940) ;
#3948=VERTEX_POINT('',#3947) ;
#3955=VERTEX_POINT('',#3954) ;
#3962=VERTEX_POINT('',#3961) ;
#3969=VERTEX_POINT('',#3968) ;
#3976=VERTEX_POINT('',#3975) ;
#3983=VERTEX_POINT('',#3982) ;
#3990=VERTEX_POINT('',#3989) ;
#3997=VERTEX_POINT('',#3996) ;
#4004=VERTEX_POINT('',#4003) ;
#4011=VERTEX_POINT('',#4010) ;
#4018=VERTEX_POINT('',#4017) ;
#4025=VERTEX_POINT('',#4024) ;
#4032=VERTEX_POINT('',#4031) ;
#4039=VERTEX_POINT('',#4038) ;
#4046=VERTEX_POINT('',#4045) ;
#4053=VERTEX_POINT('',#4052) ;
#4060=VERTEX_POINT('',#4059) ;
#4067=VERTEX_POINT('',#4066) ;
#4074=VERTEX_POINT('',#4073) ;
#4081=VERTEX_POINT('',#4080) ;
#4088=VERTEX_POINT('',#4087) ;
#4095=VERTEX_POINT('',#4094) ;
#4102=VERTEX_POINT('',#4101) ;
#4109=VERTEX_POINT('',#4108) ;
#4116=VERTEX_POINT('',#4115) ;
#4123=VERTEX_POINT('',#4122) ;
#4130=VERTEX_POINT('',#4129) ;
#4137=VERTEX_POINT('',#4136) ;
#4144=VERTEX_POINT('',#4143) ;
#4151=VERTEX_POINT('',#4150) ;
#4158=VERTEX_POINT('',#4157) ;
#4165=VERTEX_POINT('',#4164) ;
#4172=VERTEX_POINT('',#4171) ;
#4179=VERTEX_POINT('',#4178) ;
#4186=VERTEX_POINT('',#4185) ;
#4193=VERTEX_POINT('',#4192) ;
#4200=VERTEX_POINT('',#4199) ;
#4207=VERTEX_POINT('',#4206) ;
#4214=VERTEX_POINT('',#4213) ;
#4221=VERTEX_POINT('',#4220) ;
#4228=VERTEX_POINT('',#4227) ;
#4235=VERTEX_POINT('',#4234) ;
#4248=VERTEX_POINT('',#4247) ;
#4255=VERTEX_POINT('',#4254) ;
#4262=VERTEX_POINT('',#4261) ;
#4269=VERTEX_POINT('',#4268) ;
#4282=VERTEX_POINT('',#4281) ;
#4292=VERTEX_POINT('',#4291) ;
#4305=VERTEX_POINT('',#4304) ;
#4312=VERTEX_POINT('',#4311) ;
#4330=VERTEX_POINT('',#4329) ;
#4343=VERTEX_POINT('',#4342) ;
#4353=VERTEX_POINT('',#4352) ;
#4366=VERTEX_POINT('',#4365) ;
#8603=VERTEX_POINT('',#8602) ;
#8605=VERTEX_POINT('',#8604) ;
#8612=VERTEX_POINT('',#8611) ;
#8619=VERTEX_POINT('',#8618) ;
#8651=VERTEX_POINT('',#8650) ;
#8653=VERTEX_POINT('',#8652) ;
#8672=VERTEX_POINT('',#8671) ;
#8679=VERTEX_POINT('',#8678) ;
#8698=VERTEX_POINT('',#8697) ;
#8705=VERTEX_POINT('',#8704) ;
#8724=VERTEX_POINT('',#8723) ;
#8731=VERTEX_POINT('',#8730) ;
#8783=VERTEX_POINT('',#8782) ;
#8785=VERTEX_POINT('',#8784) ;
#8837=VERTEX_POINT('',#8836) ;
#8839=VERTEX_POINT('',#8838) ;
#8891=VERTEX_POINT('',#8890) ;
#8893=VERTEX_POINT('',#8892) ;
#8945=VERTEX_POINT('',#8944) ;
#8947=VERTEX_POINT('',#8946) ;
#8981=VERTEX_POINT('',#8980) ;
#8988=VERTEX_POINT('',#8987) ;
#8995=VERTEX_POINT('',#8994) ;
#9002=VERTEX_POINT('',#9001) ;
#9009=VERTEX_POINT('',#9008) ;
#9016=VERTEX_POINT('',#9015) ;
#9023=VERTEX_POINT('',#9022) ;
#9030=VERTEX_POINT('',#9029) ;
#9037=VERTEX_POINT('',#9036) ;
#9044=VERTEX_POINT('',#9043) ;
#9051=VERTEX_POINT('',#9050) ;
#9058=VERTEX_POINT('',#9057) ;
#9065=VERTEX_POINT('',#9064) ;
#9072=VERTEX_POINT('',#9071) ;
#9109=VERTEX_POINT('',#9108) ;
#9134=VERTEX_POINT('',#9133) ;
#9136=VERTEX_POINT('',#9135) ;
#9143=VERTEX_POINT('',#9142) ;
#9150=VERTEX_POINT('',#9149) ;
#9157=VERTEX_POINT('',#9156) ;
#9164=VERTEX_POINT('',#9163) ;
#9171=VERTEX_POINT('',#9170) ;
#9178=VERTEX_POINT('',#9177) ;
#9218=VERTEX_POINT('',#9217) ;
#9220=VERTEX_POINT('',#9219) ;
#9272=VERTEX_POINT('',#9271) ;
#9274=VERTEX_POINT('',#9273) ;
#9326=VERTEX_POINT('',#9325) ;
#9328=VERTEX_POINT('',#9327) ;
#9380=VERTEX_POINT('',#9379) ;
#9382=VERTEX_POINT('',#9381) ;
#9416=VERTEX_POINT('',#9415) ;
#9418=VERTEX_POINT('',#9417) ;
#9434=VERTEX_POINT('',#9433) ;
#9441=VERTEX_POINT('',#9440) ;
#9448=VERTEX_POINT('',#9447) ;
#9455=VERTEX_POINT('',#9454) ;
#9471=VERTEX_POINT('',#9470) ;
#9478=VERTEX_POINT('',#9477) ;
#9485=VERTEX_POINT('',#9484) ;
#9492=VERTEX_POINT('',#9491) ;
#9508=VERTEX_POINT('',#9507) ;
#9529=VERTEX_POINT('',#9528) ;
#9536=VERTEX_POINT('',#9535) ;
#9591=VERTEX_POINT('',#9590) ;
#9598=VERTEX_POINT('',#9597) ;
#9626=VERTEX_POINT('',#9625) ;
#9651=VERTEX_POINT('',#9650) ;
#9676=VERTEX_POINT('',#9675) ;
#9701=VERTEX_POINT('',#9700) ;
#9726=VERTEX_POINT('',#9725) ;
#9751=VERTEX_POINT('',#9750) ;
#10167=VERTEX_POINT('',#10166) ;
#10174=VERTEX_POINT('',#10173) ;
#10199=VERTEX_POINT('',#10198) ;
#10224=VERTEX_POINT('',#10223) ;
#10249=VERTEX_POINT('',#10248) ;
#10274=VERTEX_POINT('',#10273) ;
#10299=VERTEX_POINT('',#10298) ;
#10324=VERTEX_POINT('',#10323) ;
#10379=VERTEX_POINT('',#10378) ;
#10381=VERTEX_POINT('',#10380) ;
#10388=VERTEX_POINT('',#10387) ;
#10407=VERTEX_POINT('',#10406) ;
#10414=VERTEX_POINT('',#10413) ;
#10433=VERTEX_POINT('',#10432) ;
#10440=VERTEX_POINT('',#10439) ;
#10459=VERTEX_POINT('',#10458) ;
#10510=VERTEX_POINT('',#10509) ;
#10512=VERTEX_POINT('',#10511) ;
#10519=VERTEX_POINT('',#10518) ;
#10538=VERTEX_POINT('',#10537) ;
#10545=VERTEX_POINT('',#10544) ;
#10564=VERTEX_POINT('',#10563) ;
#10571=VERTEX_POINT('',#10570) ;
#10590=VERTEX_POINT('',#10589) ;
#10629=VERTEX_POINT('',#10628) ;
#10631=VERTEX_POINT('',#10630) ;
#10643=VERTEX_POINT('',#10642) ;
#10650=VERTEX_POINT('',#10649) ;
#10677=VERTEX_POINT('',#10676) ;
#10702=VERTEX_POINT('',#10701) ;
#10704=VERTEX_POINT('',#10703) ;
#10716=VERTEX_POINT('',#10715) ;
#10743=VERTEX_POINT('',#10742) ;
#10768=VERTEX_POINT('',#10767) ;
#10775=VERTEX_POINT('',#10774) ;
#10782=VERTEX_POINT('',#10781) ;
#10809=VERTEX_POINT('',#10808) ;
#10834=VERTEX_POINT('',#10833) ;
#10841=VERTEX_POINT('',#10840) ;
#10848=VERTEX_POINT('',#10847) ;
#10893=VERTEX_POINT('',#10892) ;
#10900=VERTEX_POINT('',#10899) ;
#10907=VERTEX_POINT('',#10906) ;
#10914=VERTEX_POINT('',#10913) ;
#10941=VERTEX_POINT('',#10940) ;
#10966=VERTEX_POINT('',#10965) ;
#10968=VERTEX_POINT('',#10967) ;
#10980=VERTEX_POINT('',#10979) ;
#11007=VERTEX_POINT('',#11006) ;
#11032=VERTEX_POINT('',#11031) ;
#11034=VERTEX_POINT('',#11033) ;
#11046=VERTEX_POINT('',#11045) ;
#11073=VERTEX_POINT('',#11072) ;
#11099=VERTEX_POINT('',#11098) ;
#11106=VERTEX_POINT('',#11105) ;
#11113=VERTEX_POINT('',#11112) ;
#11199=VERTEX_POINT('',#11198) ;
#11206=VERTEX_POINT('',#11205) ;
#11254=VERTEX_POINT('',#11253) ;
#11261=VERTEX_POINT('',#11260) ;
#11291=VERTEX_POINT('',#11290) ;
#11298=VERTEX_POINT('',#11297) ;
#11346=VERTEX_POINT('',#11345) ;
#11353=VERTEX_POINT('',#11352) ;
#11401=VERTEX_POINT('',#11400) ;
#11408=VERTEX_POINT('',#11407) ;
#11474=VERTEX_POINT('',#11473) ;
#11481=VERTEX_POINT('',#11480) ;
#11529=VERTEX_POINT('',#11528) ;
#11536=VERTEX_POINT('',#11535) ;
#11566=VERTEX_POINT('',#11565) ;
#11573=VERTEX_POINT('',#11572) ;
#11639=VERTEX_POINT('',#11638) ;
#11651=VERTEX_POINT('',#11650) ;
#11701=VERTEX_POINT('',#11700) ;
#11713=VERTEX_POINT('',#11712) ;
#11740=VERTEX_POINT('',#11739) ;
#11788=VERTEX_POINT('',#11787) ;
#12128=VERTEX_POINT('',#12127) ;
#12130=VERTEX_POINT('',#12129) ;
#12137=VERTEX_POINT('',#12136) ;
#12144=VERTEX_POINT('',#12143) ;
#12176=VERTEX_POINT('',#12175) ;
#12178=VERTEX_POINT('',#12177) ;
#12197=VERTEX_POINT('',#12196) ;
#12204=VERTEX_POINT('',#12203) ;
#12223=VERTEX_POINT('',#12222) ;
#12230=VERTEX_POINT('',#12229) ;
#12249=VERTEX_POINT('',#12248) ;
#12256=VERTEX_POINT('',#12255) ;
#12335=VERTEX_POINT('',#12334) ;
#12337=VERTEX_POINT('',#12336) ;
#12389=VERTEX_POINT('',#12388) ;
#12391=VERTEX_POINT('',#12390) ;
#12443=VERTEX_POINT('',#12442) ;
#12445=VERTEX_POINT('',#12444) ;
#12510=VERTEX_POINT('',#12509) ;
#12512=VERTEX_POINT('',#12511) ;
#12542=VERTEX_POINT('',#12541) ;
#12549=VERTEX_POINT('',#12548) ;
#12574=VERTEX_POINT('',#12573) ;
#12599=VERTEX_POINT('',#12598) ;
#12624=VERTEX_POINT('',#12623) ;
#12649=VERTEX_POINT('',#12648) ;
#12674=VERTEX_POINT('',#12673) ;
#12699=VERTEX_POINT('',#12698) ;
#12742=VERTEX_POINT('',#12741) ;
#12749=VERTEX_POINT('',#12748) ;
#12792=VERTEX_POINT('',#12791) ;
#12799=VERTEX_POINT('',#12798) ;
#12842=VERTEX_POINT('',#12841) ;
#12849=VERTEX_POINT('',#12848) ;
#12930=VERTEX_POINT('',#12929) ;
#12932=VERTEX_POINT('',#12931) ;
#12948=VERTEX_POINT('',#12947) ;
#12950=VERTEX_POINT('',#12949) ;
#12966=VERTEX_POINT('',#12965) ;
#12968=VERTEX_POINT('',#12967) ;
#13125=VERTEX_POINT('',#13124) ;
#13127=VERTEX_POINT('',#13126) ;
#13140=VERTEX_POINT('',#13139) ;
#13147=VERTEX_POINT('',#13146) ;
#13179=VERTEX_POINT('',#13178) ;
#13181=VERTEX_POINT('',#13180) ;
#13194=VERTEX_POINT('',#13193) ;
#13207=VERTEX_POINT('',#13206) ;
#13214=VERTEX_POINT('',#13213) ;
#13221=VERTEX_POINT('',#13220) ;
#13242=VERTEX_POINT('',#13241) ;
#13255=VERTEX_POINT('',#13254) ;
#13268=VERTEX_POINT('',#13267) ;
#13275=VERTEX_POINT('',#13274) ;
#13282=VERTEX_POINT('',#13281) ;
#13298=VERTEX_POINT('',#13297) ;
#13335=VERTEX_POINT('',#13334) ;
#13344=VERTEX_POINT('',#13343) ;
#13370=VERTEX_POINT('',#13369) ;
#13372=VERTEX_POINT('',#13371) ;
#13388=VERTEX_POINT('',#13387) ;
#13390=VERTEX_POINT('',#13389) ;
#13397=VERTEX_POINT('',#13396) ;
#13410=VERTEX_POINT('',#13409) ;
#13417=VERTEX_POINT('',#13416) ;
#13424=VERTEX_POINT('',#13423) ;
#13434=VERTEX_POINT('',#13433) ;
#13444=VERTEX_POINT('',#13443) ;
#13456=VERTEX_POINT('',#13455) ;
#13463=VERTEX_POINT('',#13462) ;
#13473=VERTEX_POINT('',#13472) ;
#13514=VERTEX_POINT('',#13513) ;
#13551=VERTEX_POINT('',#13550) ;
#13719=VERTEX_POINT('',#13718) ;
#13786=VERTEX_POINT('',#13785) ;
#13793=VERTEX_POINT('',#13792) ;
#13836=VERTEX_POINT('',#13835) ;
#13849=VERTEX_POINT('',#13848) ;
#13898=VERTEX_POINT('',#13897) ;
#13905=VERTEX_POINT('',#13904) ;
#11194=(BOUNDED_CURVE()B_SPLINE_CURVE(2,(#11195,#11196,#11197),.UNSPECIFIED.,.F.,.U.)B_SPLINE_CURVE_WITH_KNOTS((3,3),(-0.527515140189,2.6422343502),.UNSPECIFIED.)CURVE()GEOMETRIC_REPRESENTATION_ITEM()RATIONAL_B_SPLINE_CURVE((1.,0.977447727192,1.))REPRESENTATION_ITEM('')) ;
#11201=(BOUNDED_CURVE()B_SPLINE_CURVE(2,(#11202,#11203,#11204),.UNSPECIFIED.,.F.,.U.)B_SPLINE_CURVE_WITH_KNOTS((3,3),(10.2653051712,20.5306103424),.UNSPECIFIED.)CURVE()GEOMETRIC_REPRESENTATION_ITEM()RATIONAL_B_SPLINE_CURVE((1.,0.707106781187,1.))REPRESENTATION_ITEM('')) ;
#11208=(BOUNDED_CURVE()B_SPLINE_CURVE(2,(#11209,#11210,#11211),.UNSPECIFIED.,.F.,.U.)B_SPLINE_CURVE_WITH_KNOTS((3,3),(-0.527515140189,2.6422343502),.UNSPECIFIED.)CURVE()GEOMETRIC_REPRESENTATION_ITEM()RATIONAL_B_SPLINE_CURVE((1.,0.977447727192,1.))REPRESENTATION_ITEM('')) ;
#11249=(BOUNDED_CURVE()B_SPLINE_CURVE(2,(#11250,#11251,#11252),.UNSPECIFIED.,.F.,.U.)B_SPLINE_CURVE_WITH_KNOTS((3,3),(-0.527515140189,2.64223435023),.UNSPECIFIED.)CURVE()GEOMETRIC_REPRESENTATION_ITEM()RATIONAL_B_SPLINE_CURVE((1.,0.977447727192,1.))REPRESENTATION_ITEM('')) ;
#11256=(BOUNDED_CURVE()B_SPLINE_CURVE(2,(#11257,#11258,#11259),.UNSPECIFIED.,.F.,.U.)B_SPLINE_CURVE_WITH_KNOTS((3,3),(20.5306103425,30.7959155138),.UNSPECIFIED.)CURVE()GEOMETRIC_REPRESENTATION_ITEM()RATIONAL_B_SPLINE_CURVE((1.,0.707106781187,1.))REPRESENTATION_ITEM('')) ;
#11263=(BOUNDED_CURVE()B_SPLINE_CURVE(2,(#11264,#11265,#11266),.UNSPECIFIED.,.F.,.U.)B_SPLINE_CURVE_WITH_KNOTS((3,3),(-0.527515140189,2.64223435023),.UNSPECIFIED.)CURVE()GEOMETRIC_REPRESENTATION_ITEM()RATIONAL_B_SPLINE_CURVE((1.,0.977447727192,1.))REPRESENTATION_ITEM('')) ;
#11286=(BOUNDED_CURVE()B_SPLINE_CURVE(2,(#11287,#11288,#11289),.UNSPECIFIED.,.F.,.U.)B_SPLINE_CURVE_WITH_KNOTS((3,3),(-0.527515140189,2.64223435023),.UNSPECIFIED.)CURVE()GEOMETRIC_REPRESENTATION_ITEM()RATIONAL_B_SPLINE_CURVE((1.,0.977447727192,1.))REPRESENTATION_ITEM('')) ;
#11293=(BOUNDED_CURVE()B_SPLINE_CURVE(2,(#11294,#11295,#11296),.UNSPECIFIED.,.F.,.U.)B_SPLINE_CURVE_WITH_KNOTS((3,3),(30.7959155137,41.061220685),.UNSPECIFIED.)CURVE()GEOMETRIC_REPRESENTATION_ITEM()RATIONAL_B_SPLINE_CURVE((1.,0.707106781187,1.))REPRESENTATION_ITEM('')) ;
#11300=(BOUNDED_CURVE()B_SPLINE_CURVE(2,(#11301,#11302,#11303),.UNSPECIFIED.,.F.,.U.)B_SPLINE_CURVE_WITH_KNOTS((3,3),(-0.527515140189,2.64223435023),.UNSPECIFIED.)CURVE()GEOMETRIC_REPRESENTATION_ITEM()RATIONAL_B_SPLINE_CURVE((1.,0.977447727192,1.))REPRESENTATION_ITEM('')) ;
#11341=(BOUNDED_CURVE()B_SPLINE_CURVE(2,(#11342,#11343,#11344),.UNSPECIFIED.,.F.,.U.)B_SPLINE_CURVE_WITH_KNOTS((3,3),(-0.527515140189,2.6422343502),.UNSPECIFIED.)CURVE()GEOMETRIC_REPRESENTATION_ITEM()RATIONAL_B_SPLINE_CURVE((1.,0.977447727192,1.))REPRESENTATION_ITEM('')) ;
#11348=(BOUNDED_CURVE()B_SPLINE_CURVE(2,(#11349,#11350,#11351),.UNSPECIFIED.,.F.,.U.)B_SPLINE_CURVE_WITH_KNOTS((3,3),(0.,10.2653051712),.UNSPECIFIED.)CURVE()GEOMETRIC_REPRESENTATION_ITEM()RATIONAL_B_SPLINE_CURVE((1.,0.707106781187,1.))REPRESENTATION_ITEM('')) ;
#11355=(BOUNDED_CURVE()B_SPLINE_CURVE(2,(#11356,#11357,#11358),.UNSPECIFIED.,.F.,.U.)B_SPLINE_CURVE_WITH_KNOTS((3,3),(-0.527515140189,2.6422343502),.UNSPECIFIED.)CURVE()GEOMETRIC_REPRESENTATION_ITEM()RATIONAL_B_SPLINE_CURVE((1.,0.977447727192,1.))REPRESENTATION_ITEM('')) ;
#11396=(BOUNDED_CURVE()B_SPLINE_CURVE(2,(#11397,#11398,#11399),.UNSPECIFIED.,.F.,.U.)B_SPLINE_CURVE_WITH_KNOTS((3,3),(0.0437722996062,6.04302591514),.UNSPECIFIED.)CURVE()GEOMETRIC_REPRESENTATION_ITEM()RATIONAL_B_SPLINE_CURVE((1.,0.992968661996,1.))REPRESENTATION_ITEM('')) ;
#11403=(BOUNDED_CURVE()B_SPLINE_CURVE(2,(#11404,#11405,#11406),.UNSPECIFIED.,.F.,.U.)B_SPLINE_CURVE_WITH_KNOTS((3,3),(10.2736903409,20.5473590378),.UNSPECIFIED.)CURVE()GEOMETRIC_REPRESENTATION_ITEM()RATIONAL_B_SPLINE_CURVE((0.999999382949,0.707107089713,1.))REPRESENTATION_ITEM('')) ;
#11410=(BOUNDED_CURVE()B_SPLINE_CURVE(2,(#11411,#11412,#11413),.UNSPECIFIED.,.F.,.U.)B_SPLINE_CURVE_WITH_KNOTS((3,3),(0.0437722996062,6.04302591514),.UNSPECIFIED.)CURVE()GEOMETRIC_REPRESENTATION_ITEM()RATIONAL_B_SPLINE_CURVE((1.,0.992968661996,1.))REPRESENTATION_ITEM('')) ;
#11469=(BOUNDED_CURVE()B_SPLINE_CURVE(2,(#11470,#11471,#11472),.UNSPECIFIED.,.F.,.U.)B_SPLINE_CURVE_WITH_KNOTS((3,3),(0.0437722996061,6.04302591515),.UNSPECIFIED.)CURVE()GEOMETRIC_REPRESENTATION_ITEM()RATIONAL_B_SPLINE_CURVE((1.,0.992968661996,1.))REPRESENTATION_ITEM('')) ;
#11476=(BOUNDED_CURVE()B_SPLINE_CURVE(2,(#11477,#11478,#11479),.UNSPECIFIED.,.F.,.U.)B_SPLINE_CURVE_WITH_KNOTS((3,3),(0.,10.2736795189),.UNSPECIFIED.)CURVE()GEOMETRIC_REPRESENTATION_ITEM()RATIONAL_B_SPLINE_CURVE((1.,0.707106781187,1.))REPRESENTATION_ITEM('')) ;
#11483=(BOUNDED_CURVE()B_SPLINE_CURVE(2,(#11484,#11485,#11486),.UNSPECIFIED.,.F.,.U.)B_SPLINE_CURVE_WITH_KNOTS((3,3),(0.0437722996061,6.04302591515),.UNSPECIFIED.)CURVE()GEOMETRIC_REPRESENTATION_ITEM()RATIONAL_B_SPLINE_CURVE((1.,0.992968661996,1.))REPRESENTATION_ITEM('')) ;
#11524=(BOUNDED_CURVE()B_SPLINE_CURVE(2,(#11525,#11526,#11527),.UNSPECIFIED.,.F.,.U.)B_SPLINE_CURVE_WITH_KNOTS((3,3),(0.0437722996061,6.04302591513),.UNSPECIFIED.)CURVE()GEOMETRIC_REPRESENTATION_ITEM()RATIONAL_B_SPLINE_CURVE((1.,0.992968661996,1.))REPRESENTATION_ITEM('')) ;
#11531=(BOUNDED_CURVE()B_SPLINE_CURVE(2,(#11532,#11533,#11534),.UNSPECIFIED.,.F.,.U.)B_SPLINE_CURVE_WITH_KNOTS((3,3),(30.8210385566,41.0947180755),.UNSPECIFIED.)CURVE()GEOMETRIC_REPRESENTATION_ITEM()RATIONAL_B_SPLINE_CURVE((1.,0.707106781187,1.))REPRESENTATION_ITEM('')) ;
#11538=(BOUNDED_CURVE()B_SPLINE_CURVE(2,(#11539,#11540,#11541),.UNSPECIFIED.,.F.,.U.)B_SPLINE_CURVE_WITH_KNOTS((3,3),(0.0437722996061,6.04302591513),.UNSPECIFIED.)CURVE()GEOMETRIC_REPRESENTATION_ITEM()RATIONAL_B_SPLINE_CURVE((1.,0.992968661996,1.))REPRESENTATION_ITEM('')) ;
#11561=(BOUNDED_CURVE()B_SPLINE_CURVE(2,(#11562,#11563,#11564),.UNSPECIFIED.,.F.,.U.)B_SPLINE_CURVE_WITH_KNOTS((3,3),(0.0437722996062,6.04302591513),.UNSPECIFIED.)CURVE()GEOMETRIC_REPRESENTATION_ITEM()RATIONAL_B_SPLINE_CURVE((1.,0.992968661996,1.))REPRESENTATION_ITEM('')) ;
#11568=(BOUNDED_CURVE()B_SPLINE_CURVE(2,(#11569,#11570,#11571),.UNSPECIFIED.,.F.,.U.)B_SPLINE_CURVE_WITH_KNOTS((3,3),(20.5473698598,30.8210385567),.UNSPECIFIED.)CURVE()GEOMETRIC_REPRESENTATION_ITEM()RATIONAL_B_SPLINE_CURVE((0.999999382949,0.707107089713,1.))REPRESENTATION_ITEM('')) ;
#11575=(BOUNDED_CURVE()B_SPLINE_CURVE(2,(#11576,#11577,#11578),.UNSPECIFIED.,.F.,.U.)B_SPLINE_CURVE_WITH_KNOTS((3,3),(0.0437722996062,6.04302591513),.UNSPECIFIED.)CURVE()GEOMETRIC_REPRESENTATION_ITEM()RATIONAL_B_SPLINE_CURVE((1.,0.992968661996,1.))REPRESENTATION_ITEM('')) ;
#11184=(BOUNDED_SURFACE()B_SPLINE_SURFACE(2,2,((#11185,#11186,#11187),(#11188,#11189,#11190),(#11191,#11192,#11193)),.UNSPECIFIED.,.F.,.F.,.U.)B_SPLINE_SURFACE_WITH_KNOTS((3,3),(3,3),(-0.527515140189,2.6422343502),(10.2653051712,20.5306103424),.UNSPECIFIED.)GEOMETRIC_REPRESENTATION_ITEM()RATIONAL_B_SPLINE_SURFACE(((1.,0.707106781187,1.),(0.977447727192,0.691159916153,0.977447727192),(1.,0.707106781187,1.)))REPRESENTATION_ITEM('Rational BSpline Surface')SURFACE()) ;
#11239=(BOUNDED_SURFACE()B_SPLINE_SURFACE(2,2,((#11240,#11241,#11242),(#11243,#11244,#11245),(#11246,#11247,#11248)),.UNSPECIFIED.,.F.,.F.,.U.)B_SPLINE_SURFACE_WITH_KNOTS((3,3),(3,3),(-0.527515140189,2.64223435023),(20.5306103425,30.7959155138),.UNSPECIFIED.)GEOMETRIC_REPRESENTATION_ITEM()RATIONAL_B_SPLINE_SURFACE(((1.,0.707106781187,1.),(0.977447727192,0.691159916153,0.977447727192),(1.,0.707106781187,1.)))REPRESENTATION_ITEM('Rational BSpline Surface')SURFACE()) ;
#11276=(BOUNDED_SURFACE()B_SPLINE_SURFACE(2,2,((#11277,#11278,#11279),(#11280,#11281,#11282),(#11283,#11284,#11285)),.UNSPECIFIED.,.F.,.F.,.U.)B_SPLINE_SURFACE_WITH_KNOTS((3,3),(3,3),(-0.527515140189,2.64223435023),(30.7959155137,41.061220685),.UNSPECIFIED.)GEOMETRIC_REPRESENTATION_ITEM()RATIONAL_B_SPLINE_SURFACE(((1.,0.707106781187,1.),(0.977447727192,0.691159916153,0.977447727192),(1.,0.707106781187,1.)))REPRESENTATION_ITEM('Rational BSpline Surface')SURFACE()) ;
#11331=(BOUNDED_SURFACE()B_SPLINE_SURFACE(2,2,((#11332,#11333,#11334),(#11335,#11336,#11337),(#11338,#11339,#11340)),.UNSPECIFIED.,.F.,.F.,.U.)B_SPLINE_SURFACE_WITH_KNOTS((3,3),(3,3),(-0.527515140189,2.6422343502),(0.,10.2653051712),.UNSPECIFIED.)GEOMETRIC_REPRESENTATION_ITEM()RATIONAL_B_SPLINE_SURFACE(((1.,0.707106781187,1.),(0.977447727192,0.691159916153,0.977447727192),(1.,0.707106781187,1.)))REPRESENTATION_ITEM('Rational BSpline Surface')SURFACE()) ;
#11386=(BOUNDED_SURFACE()B_SPLINE_SURFACE(2,2,((#11387,#11388,#11389),(#11390,#11391,#11392),(#11393,#11394,#11395)),.UNSPECIFIED.,.F.,.F.,.U.)B_SPLINE_SURFACE_WITH_KNOTS((3,3),(3,3),(0.0437722996062,6.04302591514),(10.2736795189,20.5473590378),.UNSPECIFIED.)GEOMETRIC_REPRESENTATION_ITEM()RATIONAL_B_SPLINE_SURFACE(((1.,0.707106781187,1.),(0.992968661996,0.702134874403,0.992968661996),(1.,0.707106781187,1.)))REPRESENTATION_ITEM('Rational BSpline Surface')SURFACE()) ;
#11459=(BOUNDED_SURFACE()B_SPLINE_SURFACE(2,2,((#11460,#11461,#11462),(#11463,#11464,#11465),(#11466,#11467,#11468)),.UNSPECIFIED.,.F.,.F.,.U.)B_SPLINE_SURFACE_WITH_KNOTS((3,3),(3,3),(0.0437722996061,6.04302591515),(0.,10.2736795189),.UNSPECIFIED.)GEOMETRIC_REPRESENTATION_ITEM()RATIONAL_B_SPLINE_SURFACE(((1.,0.707106781187,1.),(0.992968661996,0.702134874403,0.992968661996),(1.,0.707106781187,1.)))REPRESENTATION_ITEM('Rational BSpline Surface')SURFACE()) ;
#11514=(BOUNDED_SURFACE()B_SPLINE_SURFACE(2,2,((#11515,#11516,#11517),(#11518,#11519,#11520),(#11521,#11522,#11523)),.UNSPECIFIED.,.F.,.F.,.U.)B_SPLINE_SURFACE_WITH_KNOTS((3,3),(3,3),(0.0437722996061,6.04302591513),(30.8210385566,41.0947180755),.UNSPECIFIED.)GEOMETRIC_REPRESENTATION_ITEM()RATIONAL_B_SPLINE_SURFACE(((1.,0.707106781187,1.),(0.992968661996,0.702134874403,0.992968661996),(1.,0.707106781187,1.)))REPRESENTATION_ITEM('Rational BSpline Surface')SURFACE()) ;
#11551=(BOUNDED_SURFACE()B_SPLINE_SURFACE(2,2,((#11552,#11553,#11554),(#11555,#11556,#11557),(#11558,#11559,#11560)),.UNSPECIFIED.,.F.,.F.,.U.)B_SPLINE_SURFACE_WITH_KNOTS((3,3),(3,3),(0.0437722996062,6.04302591513),(20.5473590378,30.8210385567),.UNSPECIFIED.)GEOMETRIC_REPRESENTATION_ITEM()RATIONAL_B_SPLINE_SURFACE(((1.,0.707106781187,1.),(0.992968661996,0.702134874403,0.992968661996),(1.,0.707106781187,1.)))REPRESENTATION_ITEM('Rational BSpline Surface')SURFACE()) ;
#17=(LENGTH_UNIT()NAMED_UNIT(*)SI_UNIT(.MILLI.,.METRE.)) ;
#18=(NAMED_UNIT(*)PLANE_ANGLE_UNIT()SI_UNIT($,.RADIAN.)) ;
#19=(NAMED_UNIT(*)SI_UNIT($,.STERADIAN.)SOLID_ANGLE_UNIT()) ;
#21=(GEOMETRIC_REPRESENTATION_CONTEXT(3)GLOBAL_UNCERTAINTY_ASSIGNED_CONTEXT((#20))GLOBAL_UNIT_ASSIGNED_CONTEXT((#17,#18,#19))REPRESENTATION_CONTEXT(' ',' ')) ;
#23=(GEOMETRIC_REPRESENTATION_CONTEXT(3)GLOBAL_UNCERTAINTY_ASSIGNED_CONTEXT((#22))GLOBAL_UNIT_ASSIGNED_CONTEXT((#17,#18,#19))REPRESENTATION_CONTEXT(' ',' ')) ;
#31=(GEOMETRIC_REPRESENTATION_CONTEXT(3)GLOBAL_UNCERTAINTY_ASSIGNED_CONTEXT((#30))GLOBAL_UNIT_ASSIGNED_CONTEXT((#17,#18,#19))REPRESENTATION_CONTEXT(' ',' ')) ;
#8583=(GEOMETRIC_REPRESENTATION_CONTEXT(3)GLOBAL_UNCERTAINTY_ASSIGNED_CONTEXT((#8582))GLOBAL_UNIT_ASSIGNED_CONTEXT((#17,#18,#19))REPRESENTATION_CONTEXT(' ',' ')) ;
#12108=(GEOMETRIC_REPRESENTATION_CONTEXT(3)GLOBAL_UNCERTAINTY_ASSIGNED_CONTEXT((#12107))GLOBAL_UNIT_ASSIGNED_CONTEXT((#17,#18,#19))REPRESENTATION_CONTEXT(' ',' ')) ;
#13105=(GEOMETRIC_REPRESENTATION_CONTEXT(3)GLOBAL_UNCERTAINTY_ASSIGNED_CONTEXT((#13104))GLOBAL_UNIT_ASSIGNED_CONTEXT((#17,#18,#19))REPRESENTATION_CONTEXT(' ',' ')) ;
#8559=(REPRESENTATION_RELATIONSHIP(' ',' ',#32,#24)REPRESENTATION_RELATIONSHIP_WITH_TRANSFORMATION(#8560)SHAPE_REPRESENTATION_RELATIONSHIP()) ;
#8572=(REPRESENTATION_RELATIONSHIP(' ',' ',#24,#15)REPRESENTATION_RELATIONSHIP_WITH_TRANSFORMATION(#8573)SHAPE_REPRESENTATION_RELATIONSHIP()) ;
#12097=(REPRESENTATION_RELATIONSHIP(' ',' ',#8584,#15)REPRESENTATION_RELATIONSHIP_WITH_TRANSFORMATION(#12098)SHAPE_REPRESENTATION_RELATIONSHIP()) ;
#13094=(REPRESENTATION_RELATIONSHIP(' ',' ',#12109,#15)REPRESENTATION_RELATIONSHIP_WITH_TRANSFORMATION(#13095)SHAPE_REPRESENTATION_RELATIONSHIP()) ;
#13954=(REPRESENTATION_RELATIONSHIP(' ',' ',#13106,#15)REPRESENTATION_RELATIONSHIP_WITH_TRANSFORMATION(#13955)SHAPE_REPRESENTATION_RELATIONSHIP()) ;
#13967=(REPRESENTATION_RELATIONSHIP(' ',' ',#13106,#15)REPRESENTATION_RELATIONSHIP_WITH_TRANSFORMATION(#13968)SHAPE_REPRESENTATION_RELATIONSHIP()) ;
#13980=(REPRESENTATION_RELATIONSHIP(' ',' ',#13106,#15)REPRESENTATION_RELATIONSHIP_WITH_TRANSFORMATION(#13981)SHAPE_REPRESENTATION_RELATIONSHIP()) ;
#13993=(REPRESENTATION_RELATIONSHIP(' ',' ',#13106,#15)REPRESENTATION_RELATIONSHIP_WITH_TRANSFORMATION(#13994)SHAPE_REPRESENTATION_RELATIONSHIP()) ;
ENDSEC;
END-ISO-10303-21;
