ISO-10303-21;
HEADER;
FILE_DESCRIPTION(('CATIA V5 STEP Exchange','CAx-IF Rec.Pracs.--- Model Styling and Organization---1.4--- 2014-01-23'),'2;1');

FILE_NAME('Y:\\users\\pluess\\90120-0764.stp','2025-07-18T11:59:04+00:00',('none'),('none'),'CATIA Version 5-6 Release 2016 SP6 HF32','CATIA V5 STEP AP214','none');

FILE_SCHEMA(('AUTOMOTIVE_DESIGN { 1 0 10303 214 1 1 1 1 }'));

ENDSEC;
DATA;
#5=PRODUCT('901200764','901200764','NOT SPECIFIED',(#2)) ;
#2=PRODUCT_CONTEXT(' ',#1,'mechanical') ;
#1=APPLICATION_CONTEXT('automotive design') ;
#10=PRODUCT_DEFINITION('design',' ',#6,#3) ;
#3=PRODUCT_DEFINITION_CONTEXT('part definition',#1,' ') ;
#11=PRODUCT_DEFINITION_SHAPE(' ',' ',#10) ;
#5481=MECHANICAL_DESIGN_GEOMETRIC_PRESENTATION_REPRESENTATION(' ',(#982,#1014,#1039,#1064,#1089,#1114,#1139,#1164,#1189,#1214,#1239,#1264,#1289,#1314,#1339,#1364,#1389,#1414,#1439,#1464,#1489,#1514,#1539,#1564,#1589,#1614,#1639,#1664,#1689,#1714,#1739,#1764,#1782,#1814,#1839,#1864,#1882,#1914,#1939,#1964,#1982,#2014,#2039,#2064,#2082,#2114,#2139,#2164,#2182,#2214,#2239,#2264,#2282,#2314,#2339,#2364,#2382,#2414,#2439,#2464,#2482,#2514,#2539,#2564,#2582,#2614,#2639,#2664,#2682,#2714,#2739,#2764,#2782,#2814,#2839,#2864,#2882,#2914,#2939,#2964,#2982,#3014,#3039,#3064,#3082,#3114,#3139,#3164,#3182,#3214,#3239,#3264,#3282,#3321,#3346,#3371,#3389,#3421,#3446,#3471,#3489,#3521,#3546,#3571,#3589,#3621,#3646,#3671,#3689,#3721,#3746,#3771,#3789,#3966,#3979,#3992,#4005,#4018,#4031,#4044,#4057,#4070,#4083,#4096,#4109,#4122,#4135,#4148,#4161,#4193,#4218,#4243,#4261,#4293,#4318,#4343,#4361,#4393,#4418,#4443,#4461,#4493,#4518,#4543,#4561,#4574,#4606,#4631,#4656,#4674,#4706,#4731,#4756,#4774,#4806,#4831,#4856,#4874,#4906,#4931,#4956,#4974,#4987,#5000,#5013,#5026,#5058,#5083,#5108,#5126,#5158,#5183,#5208,#5226,#5258,#5283,#5308,#5326,#5358,#5383,#5408,#5426,#5439,#5452,#5465,#5478,#29),#16) ;
#19=SHAPE_REPRESENTATION(' ',(#18),#16) ;
#18=AXIS2_PLACEMENT_3D(' ',#17,$,$) ;
#34=AXIS2_PLACEMENT_3D('Plane Axis2P3D',#31,#32,#33) ;
#986=AXIS2_PLACEMENT_3D('Plane Axis2P3D',#983,#984,#985) ;
#1018=AXIS2_PLACEMENT_3D('Plane Axis2P3D',#1015,#1016,#1017) ;
#1043=AXIS2_PLACEMENT_3D('Plane Axis2P3D',#1040,#1041,#1042) ;
#1068=AXIS2_PLACEMENT_3D('Plane Axis2P3D',#1065,#1066,#1067) ;
#1093=AXIS2_PLACEMENT_3D('Plane Axis2P3D',#1090,#1091,#1092) ;
#1118=AXIS2_PLACEMENT_3D('Plane Axis2P3D',#1115,#1116,#1117) ;
#1143=AXIS2_PLACEMENT_3D('Plane Axis2P3D',#1140,#1141,#1142) ;
#1168=AXIS2_PLACEMENT_3D('Plane Axis2P3D',#1165,#1166,#1167) ;
#1193=AXIS2_PLACEMENT_3D('Plane Axis2P3D',#1190,#1191,#1192) ;
#1218=AXIS2_PLACEMENT_3D('Plane Axis2P3D',#1215,#1216,#1217) ;
#1243=AXIS2_PLACEMENT_3D('Plane Axis2P3D',#1240,#1241,#1242) ;
#1268=AXIS2_PLACEMENT_3D('Plane Axis2P3D',#1265,#1266,#1267) ;
#1293=AXIS2_PLACEMENT_3D('Plane Axis2P3D',#1290,#1291,#1292) ;
#1318=AXIS2_PLACEMENT_3D('Plane Axis2P3D',#1315,#1316,#1317) ;
#1343=AXIS2_PLACEMENT_3D('Plane Axis2P3D',#1340,#1341,#1342) ;
#1368=AXIS2_PLACEMENT_3D('Plane Axis2P3D',#1365,#1366,#1367) ;
#1393=AXIS2_PLACEMENT_3D('Plane Axis2P3D',#1390,#1391,#1392) ;
#1418=AXIS2_PLACEMENT_3D('Plane Axis2P3D',#1415,#1416,#1417) ;
#1443=AXIS2_PLACEMENT_3D('Plane Axis2P3D',#1440,#1441,#1442) ;
#1468=AXIS2_PLACEMENT_3D('Plane Axis2P3D',#1465,#1466,#1467) ;
#1493=AXIS2_PLACEMENT_3D('Plane Axis2P3D',#1490,#1491,#1492) ;
#1518=AXIS2_PLACEMENT_3D('Plane Axis2P3D',#1515,#1516,#1517) ;
#1543=AXIS2_PLACEMENT_3D('Plane Axis2P3D',#1540,#1541,#1542) ;
#1568=AXIS2_PLACEMENT_3D('Plane Axis2P3D',#1565,#1566,#1567) ;
#1593=AXIS2_PLACEMENT_3D('Plane Axis2P3D',#1590,#1591,#1592) ;
#1618=AXIS2_PLACEMENT_3D('Plane Axis2P3D',#1615,#1616,#1617) ;
#1643=AXIS2_PLACEMENT_3D('Plane Axis2P3D',#1640,#1641,#1642) ;
#1668=AXIS2_PLACEMENT_3D('Plane Axis2P3D',#1665,#1666,#1667) ;
#1693=AXIS2_PLACEMENT_3D('Plane Axis2P3D',#1690,#1691,#1692) ;
#1718=AXIS2_PLACEMENT_3D('Plane Axis2P3D',#1715,#1716,#1717) ;
#1743=AXIS2_PLACEMENT_3D('Plane Axis2P3D',#1740,#1741,#1742) ;
#1768=AXIS2_PLACEMENT_3D('Plane Axis2P3D',#1765,#1766,#1767) ;
#1786=AXIS2_PLACEMENT_3D('Plane Axis2P3D',#1783,#1784,#1785) ;
#1818=AXIS2_PLACEMENT_3D('Plane Axis2P3D',#1815,#1816,#1817) ;
#1843=AXIS2_PLACEMENT_3D('Plane Axis2P3D',#1840,#1841,#1842) ;
#1868=AXIS2_PLACEMENT_3D('Plane Axis2P3D',#1865,#1866,#1867) ;
#1886=AXIS2_PLACEMENT_3D('Plane Axis2P3D',#1883,#1884,#1885) ;
#1918=AXIS2_PLACEMENT_3D('Plane Axis2P3D',#1915,#1916,#1917) ;
#1943=AXIS2_PLACEMENT_3D('Plane Axis2P3D',#1940,#1941,#1942) ;
#1968=AXIS2_PLACEMENT_3D('Plane Axis2P3D',#1965,#1966,#1967) ;
#1986=AXIS2_PLACEMENT_3D('Plane Axis2P3D',#1983,#1984,#1985) ;
#2018=AXIS2_PLACEMENT_3D('Plane Axis2P3D',#2015,#2016,#2017) ;
#2043=AXIS2_PLACEMENT_3D('Plane Axis2P3D',#2040,#2041,#2042) ;
#2068=AXIS2_PLACEMENT_3D('Plane Axis2P3D',#2065,#2066,#2067) ;
#2086=AXIS2_PLACEMENT_3D('Plane Axis2P3D',#2083,#2084,#2085) ;
#2118=AXIS2_PLACEMENT_3D('Plane Axis2P3D',#2115,#2116,#2117) ;
#2143=AXIS2_PLACEMENT_3D('Plane Axis2P3D',#2140,#2141,#2142) ;
#2168=AXIS2_PLACEMENT_3D('Plane Axis2P3D',#2165,#2166,#2167) ;
#2186=AXIS2_PLACEMENT_3D('Plane Axis2P3D',#2183,#2184,#2185) ;
#2218=AXIS2_PLACEMENT_3D('Plane Axis2P3D',#2215,#2216,#2217) ;
#2243=AXIS2_PLACEMENT_3D('Plane Axis2P3D',#2240,#2241,#2242) ;
#2268=AXIS2_PLACEMENT_3D('Plane Axis2P3D',#2265,#2266,#2267) ;
#2286=AXIS2_PLACEMENT_3D('Plane Axis2P3D',#2283,#2284,#2285) ;
#2318=AXIS2_PLACEMENT_3D('Plane Axis2P3D',#2315,#2316,#2317) ;
#2343=AXIS2_PLACEMENT_3D('Plane Axis2P3D',#2340,#2341,#2342) ;
#2368=AXIS2_PLACEMENT_3D('Plane Axis2P3D',#2365,#2366,#2367) ;
#2386=AXIS2_PLACEMENT_3D('Plane Axis2P3D',#2383,#2384,#2385) ;
#2418=AXIS2_PLACEMENT_3D('Plane Axis2P3D',#2415,#2416,#2417) ;
#2443=AXIS2_PLACEMENT_3D('Plane Axis2P3D',#2440,#2441,#2442) ;
#2468=AXIS2_PLACEMENT_3D('Plane Axis2P3D',#2465,#2466,#2467) ;
#2486=AXIS2_PLACEMENT_3D('Plane Axis2P3D',#2483,#2484,#2485) ;
#2518=AXIS2_PLACEMENT_3D('Plane Axis2P3D',#2515,#2516,#2517) ;
#2543=AXIS2_PLACEMENT_3D('Plane Axis2P3D',#2540,#2541,#2542) ;
#2568=AXIS2_PLACEMENT_3D('Plane Axis2P3D',#2565,#2566,#2567) ;
#2586=AXIS2_PLACEMENT_3D('Plane Axis2P3D',#2583,#2584,#2585) ;
#2618=AXIS2_PLACEMENT_3D('Plane Axis2P3D',#2615,#2616,#2617) ;
#2643=AXIS2_PLACEMENT_3D('Plane Axis2P3D',#2640,#2641,#2642) ;
#2668=AXIS2_PLACEMENT_3D('Plane Axis2P3D',#2665,#2666,#2667) ;
#2686=AXIS2_PLACEMENT_3D('Plane Axis2P3D',#2683,#2684,#2685) ;
#2718=AXIS2_PLACEMENT_3D('Plane Axis2P3D',#2715,#2716,#2717) ;
#2743=AXIS2_PLACEMENT_3D('Plane Axis2P3D',#2740,#2741,#2742) ;
#2768=AXIS2_PLACEMENT_3D('Plane Axis2P3D',#2765,#2766,#2767) ;
#2786=AXIS2_PLACEMENT_3D('Plane Axis2P3D',#2783,#2784,#2785) ;
#2818=AXIS2_PLACEMENT_3D('Plane Axis2P3D',#2815,#2816,#2817) ;
#2843=AXIS2_PLACEMENT_3D('Plane Axis2P3D',#2840,#2841,#2842) ;
#2868=AXIS2_PLACEMENT_3D('Plane Axis2P3D',#2865,#2866,#2867) ;
#2886=AXIS2_PLACEMENT_3D('Plane Axis2P3D',#2883,#2884,#2885) ;
#2918=AXIS2_PLACEMENT_3D('Plane Axis2P3D',#2915,#2916,#2917) ;
#2943=AXIS2_PLACEMENT_3D('Plane Axis2P3D',#2940,#2941,#2942) ;
#2968=AXIS2_PLACEMENT_3D('Plane Axis2P3D',#2965,#2966,#2967) ;
#2986=AXIS2_PLACEMENT_3D('Plane Axis2P3D',#2983,#2984,#2985) ;
#3018=AXIS2_PLACEMENT_3D('Plane Axis2P3D',#3015,#3016,#3017) ;
#3043=AXIS2_PLACEMENT_3D('Plane Axis2P3D',#3040,#3041,#3042) ;
#3068=AXIS2_PLACEMENT_3D('Plane Axis2P3D',#3065,#3066,#3067) ;
#3086=AXIS2_PLACEMENT_3D('Plane Axis2P3D',#3083,#3084,#3085) ;
#3118=AXIS2_PLACEMENT_3D('Plane Axis2P3D',#3115,#3116,#3117) ;
#3143=AXIS2_PLACEMENT_3D('Plane Axis2P3D',#3140,#3141,#3142) ;
#3168=AXIS2_PLACEMENT_3D('Plane Axis2P3D',#3165,#3166,#3167) ;
#3186=AXIS2_PLACEMENT_3D('Plane Axis2P3D',#3183,#3184,#3185) ;
#3218=AXIS2_PLACEMENT_3D('Plane Axis2P3D',#3215,#3216,#3217) ;
#3243=AXIS2_PLACEMENT_3D('Plane Axis2P3D',#3240,#3241,#3242) ;
#3268=AXIS2_PLACEMENT_3D('Plane Axis2P3D',#3265,#3266,#3267) ;
#3286=AXIS2_PLACEMENT_3D('Plane Axis2P3D',#3283,#3284,#3285) ;
#3325=AXIS2_PLACEMENT_3D('Plane Axis2P3D',#3322,#3323,#3324) ;
#3350=AXIS2_PLACEMENT_3D('Plane Axis2P3D',#3347,#3348,#3349) ;
#3375=AXIS2_PLACEMENT_3D('Plane Axis2P3D',#3372,#3373,#3374) ;
#3393=AXIS2_PLACEMENT_3D('Plane Axis2P3D',#3390,#3391,#3392) ;
#3425=AXIS2_PLACEMENT_3D('Plane Axis2P3D',#3422,#3423,#3424) ;
#3450=AXIS2_PLACEMENT_3D('Plane Axis2P3D',#3447,#3448,#3449) ;
#3475=AXIS2_PLACEMENT_3D('Plane Axis2P3D',#3472,#3473,#3474) ;
#3493=AXIS2_PLACEMENT_3D('Plane Axis2P3D',#3490,#3491,#3492) ;
#3525=AXIS2_PLACEMENT_3D('Plane Axis2P3D',#3522,#3523,#3524) ;
#3550=AXIS2_PLACEMENT_3D('Plane Axis2P3D',#3547,#3548,#3549) ;
#3575=AXIS2_PLACEMENT_3D('Plane Axis2P3D',#3572,#3573,#3574) ;
#3593=AXIS2_PLACEMENT_3D('Plane Axis2P3D',#3590,#3591,#3592) ;
#3625=AXIS2_PLACEMENT_3D('Plane Axis2P3D',#3622,#3623,#3624) ;
#3650=AXIS2_PLACEMENT_3D('Plane Axis2P3D',#3647,#3648,#3649) ;
#3675=AXIS2_PLACEMENT_3D('Plane Axis2P3D',#3672,#3673,#3674) ;
#3693=AXIS2_PLACEMENT_3D('Plane Axis2P3D',#3690,#3691,#3692) ;
#3725=AXIS2_PLACEMENT_3D('Plane Axis2P3D',#3722,#3723,#3724) ;
#3750=AXIS2_PLACEMENT_3D('Plane Axis2P3D',#3747,#3748,#3749) ;
#3775=AXIS2_PLACEMENT_3D('Plane Axis2P3D',#3772,#3773,#3774) ;
#3793=AXIS2_PLACEMENT_3D('Plane Axis2P3D',#3790,#3791,#3792) ;
#3970=AXIS2_PLACEMENT_3D('Plane Axis2P3D',#3967,#3968,#3969) ;
#3983=AXIS2_PLACEMENT_3D('Plane Axis2P3D',#3980,#3981,#3982) ;
#3996=AXIS2_PLACEMENT_3D('Plane Axis2P3D',#3993,#3994,#3995) ;
#4009=AXIS2_PLACEMENT_3D('Plane Axis2P3D',#4006,#4007,#4008) ;
#4022=AXIS2_PLACEMENT_3D('Plane Axis2P3D',#4019,#4020,#4021) ;
#4035=AXIS2_PLACEMENT_3D('Plane Axis2P3D',#4032,#4033,#4034) ;
#4048=AXIS2_PLACEMENT_3D('Plane Axis2P3D',#4045,#4046,#4047) ;
#4061=AXIS2_PLACEMENT_3D('Plane Axis2P3D',#4058,#4059,#4060) ;
#4074=AXIS2_PLACEMENT_3D('Plane Axis2P3D',#4071,#4072,#4073) ;
#4087=AXIS2_PLACEMENT_3D('Plane Axis2P3D',#4084,#4085,#4086) ;
#4100=AXIS2_PLACEMENT_3D('Plane Axis2P3D',#4097,#4098,#4099) ;
#4113=AXIS2_PLACEMENT_3D('Plane Axis2P3D',#4110,#4111,#4112) ;
#4126=AXIS2_PLACEMENT_3D('Plane Axis2P3D',#4123,#4124,#4125) ;
#4139=AXIS2_PLACEMENT_3D('Plane Axis2P3D',#4136,#4137,#4138) ;
#4152=AXIS2_PLACEMENT_3D('Plane Axis2P3D',#4149,#4150,#4151) ;
#4165=AXIS2_PLACEMENT_3D('Plane Axis2P3D',#4162,#4163,#4164) ;
#4197=AXIS2_PLACEMENT_3D('Plane Axis2P3D',#4194,#4195,#4196) ;
#4222=AXIS2_PLACEMENT_3D('Plane Axis2P3D',#4219,#4220,#4221) ;
#4247=AXIS2_PLACEMENT_3D('Plane Axis2P3D',#4244,#4245,#4246) ;
#4265=AXIS2_PLACEMENT_3D('Plane Axis2P3D',#4262,#4263,#4264) ;
#4297=AXIS2_PLACEMENT_3D('Plane Axis2P3D',#4294,#4295,#4296) ;
#4322=AXIS2_PLACEMENT_3D('Plane Axis2P3D',#4319,#4320,#4321) ;
#4347=AXIS2_PLACEMENT_3D('Plane Axis2P3D',#4344,#4345,#4346) ;
#4365=AXIS2_PLACEMENT_3D('Plane Axis2P3D',#4362,#4363,#4364) ;
#4397=AXIS2_PLACEMENT_3D('Plane Axis2P3D',#4394,#4395,#4396) ;
#4422=AXIS2_PLACEMENT_3D('Plane Axis2P3D',#4419,#4420,#4421) ;
#4447=AXIS2_PLACEMENT_3D('Plane Axis2P3D',#4444,#4445,#4446) ;
#4465=AXIS2_PLACEMENT_3D('Plane Axis2P3D',#4462,#4463,#4464) ;
#4497=AXIS2_PLACEMENT_3D('Plane Axis2P3D',#4494,#4495,#4496) ;
#4522=AXIS2_PLACEMENT_3D('Plane Axis2P3D',#4519,#4520,#4521) ;
#4547=AXIS2_PLACEMENT_3D('Plane Axis2P3D',#4544,#4545,#4546) ;
#4565=AXIS2_PLACEMENT_3D('Plane Axis2P3D',#4562,#4563,#4564) ;
#4578=AXIS2_PLACEMENT_3D('Plane Axis2P3D',#4575,#4576,#4577) ;
#4610=AXIS2_PLACEMENT_3D('Plane Axis2P3D',#4607,#4608,#4609) ;
#4635=AXIS2_PLACEMENT_3D('Plane Axis2P3D',#4632,#4633,#4634) ;
#4660=AXIS2_PLACEMENT_3D('Plane Axis2P3D',#4657,#4658,#4659) ;
#4678=AXIS2_PLACEMENT_3D('Plane Axis2P3D',#4675,#4676,#4677) ;
#4710=AXIS2_PLACEMENT_3D('Plane Axis2P3D',#4707,#4708,#4709) ;
#4735=AXIS2_PLACEMENT_3D('Plane Axis2P3D',#4732,#4733,#4734) ;
#4760=AXIS2_PLACEMENT_3D('Plane Axis2P3D',#4757,#4758,#4759) ;
#4778=AXIS2_PLACEMENT_3D('Plane Axis2P3D',#4775,#4776,#4777) ;
#4810=AXIS2_PLACEMENT_3D('Plane Axis2P3D',#4807,#4808,#4809) ;
#4835=AXIS2_PLACEMENT_3D('Plane Axis2P3D',#4832,#4833,#4834) ;
#4860=AXIS2_PLACEMENT_3D('Plane Axis2P3D',#4857,#4858,#4859) ;
#4878=AXIS2_PLACEMENT_3D('Plane Axis2P3D',#4875,#4876,#4877) ;
#4910=AXIS2_PLACEMENT_3D('Plane Axis2P3D',#4907,#4908,#4909) ;
#4935=AXIS2_PLACEMENT_3D('Plane Axis2P3D',#4932,#4933,#4934) ;
#4960=AXIS2_PLACEMENT_3D('Plane Axis2P3D',#4957,#4958,#4959) ;
#4978=AXIS2_PLACEMENT_3D('Plane Axis2P3D',#4975,#4976,#4977) ;
#4991=AXIS2_PLACEMENT_3D('Plane Axis2P3D',#4988,#4989,#4990) ;
#5004=AXIS2_PLACEMENT_3D('Plane Axis2P3D',#5001,#5002,#5003) ;
#5017=AXIS2_PLACEMENT_3D('Plane Axis2P3D',#5014,#5015,#5016) ;
#5030=AXIS2_PLACEMENT_3D('Plane Axis2P3D',#5027,#5028,#5029) ;
#5062=AXIS2_PLACEMENT_3D('Plane Axis2P3D',#5059,#5060,#5061) ;
#5087=AXIS2_PLACEMENT_3D('Plane Axis2P3D',#5084,#5085,#5086) ;
#5112=AXIS2_PLACEMENT_3D('Plane Axis2P3D',#5109,#5110,#5111) ;
#5130=AXIS2_PLACEMENT_3D('Plane Axis2P3D',#5127,#5128,#5129) ;
#5162=AXIS2_PLACEMENT_3D('Plane Axis2P3D',#5159,#5160,#5161) ;
#5187=AXIS2_PLACEMENT_3D('Plane Axis2P3D',#5184,#5185,#5186) ;
#5212=AXIS2_PLACEMENT_3D('Plane Axis2P3D',#5209,#5210,#5211) ;
#5230=AXIS2_PLACEMENT_3D('Plane Axis2P3D',#5227,#5228,#5229) ;
#5262=AXIS2_PLACEMENT_3D('Plane Axis2P3D',#5259,#5260,#5261) ;
#5287=AXIS2_PLACEMENT_3D('Plane Axis2P3D',#5284,#5285,#5286) ;
#5312=AXIS2_PLACEMENT_3D('Plane Axis2P3D',#5309,#5310,#5311) ;
#5330=AXIS2_PLACEMENT_3D('Plane Axis2P3D',#5327,#5328,#5329) ;
#5362=AXIS2_PLACEMENT_3D('Plane Axis2P3D',#5359,#5360,#5361) ;
#5387=AXIS2_PLACEMENT_3D('Plane Axis2P3D',#5384,#5385,#5386) ;
#5412=AXIS2_PLACEMENT_3D('Plane Axis2P3D',#5409,#5410,#5411) ;
#5430=AXIS2_PLACEMENT_3D('Plane Axis2P3D',#5427,#5428,#5429) ;
#5443=AXIS2_PLACEMENT_3D('Plane Axis2P3D',#5440,#5441,#5442) ;
#5456=AXIS2_PLACEMENT_3D('Plane Axis2P3D',#5453,#5454,#5455) ;
#5469=AXIS2_PLACEMENT_3D('Plane Axis2P3D',#5466,#5467,#5468) ;
#17=CARTESIAN_POINT(' ',(0.,0.,0.)) ;
#31=CARTESIAN_POINT('Axis2P3D Location',(0.,1.,0.)) ;
#36=CARTESIAN_POINT('Line Origine',(-3.83499999996,1.,-1.25)) ;
#40=CARTESIAN_POINT('Vertex',(-4.83000000007,1.,-1.25)) ;
#42=CARTESIAN_POINT('Vertex',(-2.83999999985,1.,-1.25)) ;
#45=CARTESIAN_POINT('Line Origine',(-4.95500000007,1.,-1.)) ;
#49=CARTESIAN_POINT('Vertex',(-5.08000000007,1.,-0.75)) ;
#52=CARTESIAN_POINT('Line Origine',(-5.08000000007,1.,0.)) ;
#56=CARTESIAN_POINT('Vertex',(-5.08000000007,1.,0.75)) ;
#59=CARTESIAN_POINT('Line Origine',(-4.95500000007,1.,1.)) ;
#63=CARTESIAN_POINT('Vertex',(-4.83000000007,1.,1.25)) ;
#66=CARTESIAN_POINT('Line Origine',(-3.83499999996,1.,1.25)) ;
#70=CARTESIAN_POINT('Vertex',(-2.83999999985,1.,1.25)) ;
#73=CARTESIAN_POINT('Line Origine',(-2.71499999985,1.,1.)) ;
#77=CARTESIAN_POINT('Vertex',(-2.58999999985,1.,0.75)) ;
#80=CARTESIAN_POINT('Line Origine',(-2.54000000004,1.,0.75)) ;
#84=CARTESIAN_POINT('Vertex',(-2.49000000022,1.,0.75)) ;
#87=CARTESIAN_POINT('Line Origine',(-2.36500000022,1.,1.)) ;
#91=CARTESIAN_POINT('Vertex',(-2.24000000022,1.,1.25)) ;
#94=CARTESIAN_POINT('Line Origine',(-1.27000000048,1.,1.25)) ;
#98=CARTESIAN_POINT('Vertex',(-0.300000000745,1.,1.25)) ;
#101=CARTESIAN_POINT('Line Origine',(-0.175000000745,1.,1.)) ;
#105=CARTESIAN_POINT('Vertex',(-0.0500000007451,1.,0.75)) ;
#108=CARTESIAN_POINT('Line Origine',(0.,1.,0.75)) ;
#112=CARTESIAN_POINT('Vertex',(0.0500000007451,1.,0.75)) ;
#115=CARTESIAN_POINT('Line Origine',(0.175000000745,1.,1.)) ;
#119=CARTESIAN_POINT('Vertex',(0.300000000745,1.,1.25)) ;
#122=CARTESIAN_POINT('Line Origine',(1.27000000048,1.,1.25)) ;
#126=CARTESIAN_POINT('Vertex',(2.24000000022,1.,1.25)) ;
#129=CARTESIAN_POINT('Line Origine',(2.36500000022,1.,1.)) ;
#133=CARTESIAN_POINT('Vertex',(2.49000000022,1.,0.75)) ;
#136=CARTESIAN_POINT('Line Origine',(2.54000000004,1.,0.75)) ;
#140=CARTESIAN_POINT('Vertex',(2.58999999985,1.,0.75)) ;
#143=CARTESIAN_POINT('Line Origine',(2.71499999985,1.,1.)) ;
#147=CARTESIAN_POINT('Vertex',(2.83999999985,1.,1.25)) ;
#150=CARTESIAN_POINT('Line Origine',(3.83499999996,1.,1.25)) ;
#154=CARTESIAN_POINT('Vertex',(4.83000000007,1.,1.25)) ;
#157=CARTESIAN_POINT('Line Origine',(4.95500000007,1.,1.)) ;
#161=CARTESIAN_POINT('Vertex',(5.08000000007,1.,0.75)) ;
#164=CARTESIAN_POINT('Line Origine',(5.08000000007,1.,0.)) ;
#168=CARTESIAN_POINT('Vertex',(5.08000000007,1.,-0.75)) ;
#171=CARTESIAN_POINT('Line Origine',(4.95500000007,1.,-1.)) ;
#175=CARTESIAN_POINT('Vertex',(4.83000000007,1.,-1.25)) ;
#178=CARTESIAN_POINT('Line Origine',(3.83499999996,1.,-1.25)) ;
#182=CARTESIAN_POINT('Vertex',(2.83999999985,1.,-1.25)) ;
#185=CARTESIAN_POINT('Line Origine',(2.71499999985,1.,-1.)) ;
#189=CARTESIAN_POINT('Vertex',(2.58999999985,1.,-0.75)) ;
#192=CARTESIAN_POINT('Line Origine',(2.54000000004,1.,-0.75)) ;
#196=CARTESIAN_POINT('Vertex',(2.49000000022,1.,-0.75)) ;
#199=CARTESIAN_POINT('Line Origine',(2.36500000022,1.,-1.)) ;
#203=CARTESIAN_POINT('Vertex',(2.24000000022,1.,-1.25)) ;
#206=CARTESIAN_POINT('Line Origine',(1.27000000048,1.,-1.25)) ;
#210=CARTESIAN_POINT('Vertex',(0.300000000745,1.,-1.25)) ;
#213=CARTESIAN_POINT('Line Origine',(0.175000000745,1.,-1.)) ;
#217=CARTESIAN_POINT('Vertex',(0.0500000007451,1.,-0.75)) ;
#220=CARTESIAN_POINT('Line Origine',(0.,1.,-0.75)) ;
#224=CARTESIAN_POINT('Vertex',(-0.0500000007451,1.,-0.75)) ;
#227=CARTESIAN_POINT('Line Origine',(-0.175000000745,1.,-1.)) ;
#231=CARTESIAN_POINT('Vertex',(-0.300000000745,1.,-1.25)) ;
#234=CARTESIAN_POINT('Line Origine',(-1.27000000048,1.,-1.25)) ;
#238=CARTESIAN_POINT('Vertex',(-2.24000000022,1.,-1.25)) ;
#241=CARTESIAN_POINT('Line Origine',(-2.36500000022,1.,-1.)) ;
#245=CARTESIAN_POINT('Vertex',(-2.49000000022,1.,-0.75)) ;
#248=CARTESIAN_POINT('Line Origine',(-2.54000000004,1.,-0.75)) ;
#252=CARTESIAN_POINT('Vertex',(-2.58999999985,1.,-0.75)) ;
#255=CARTESIAN_POINT('Line Origine',(-2.71499999985,1.,-1.)) ;
#294=CARTESIAN_POINT('Line Origine',(3.3125,1.,-1.19999999925)) ;
#298=CARTESIAN_POINT('Vertex',(3.63000000082,1.,-1.19999999925)) ;
#300=CARTESIAN_POINT('Vertex',(2.99499999918,1.,-1.19999999925)) ;
#303=CARTESIAN_POINT('Line Origine',(3.48566243332,1.,-0.949999999255)) ;
#307=CARTESIAN_POINT('Vertex',(3.34132486582,1.,-0.699999999255)) ;
#310=CARTESIAN_POINT('Line Origine',(3.02382486593,1.,-0.699999999255)) ;
#314=CARTESIAN_POINT('Vertex',(2.70632486604,1.,-0.699999999255)) ;
#317=CARTESIAN_POINT('Line Origine',(2.85066243261,1.,-0.949999999255)) ;
#328=CARTESIAN_POINT('Line Origine',(4.30750000011,1.,1.19999999925)) ;
#332=CARTESIAN_POINT('Vertex',(3.99000000022,1.,1.19999999925)) ;
#334=CARTESIAN_POINT('Vertex',(4.625,1.,1.19999999925)) ;
#337=CARTESIAN_POINT('Line Origine',(4.13433756772,1.,0.949999999255)) ;
#341=CARTESIAN_POINT('Vertex',(4.27867513523,1.,0.699999999255)) ;
#344=CARTESIAN_POINT('Line Origine',(4.59617513511,1.,0.699999999255)) ;
#348=CARTESIAN_POINT('Vertex',(4.913675135,1.,0.699999999255)) ;
#351=CARTESIAN_POINT('Line Origine',(4.7693375675,1.,0.949999999255)) ;
#362=CARTESIAN_POINT('Line Origine',(2.85066243261,1.,0.949999999255)) ;
#366=CARTESIAN_POINT('Vertex',(2.70632486604,1.,0.699999999255)) ;
#368=CARTESIAN_POINT('Vertex',(2.99499999918,1.,1.19999999925)) ;
#371=CARTESIAN_POINT('Line Origine',(3.02382486593,1.,0.699999999255)) ;
#375=CARTESIAN_POINT('Vertex',(3.34132486582,1.,0.699999999255)) ;
#378=CARTESIAN_POINT('Line Origine',(3.48566243332,1.,0.949999999255)) ;
#382=CARTESIAN_POINT('Vertex',(3.63000000082,1.,1.19999999925)) ;
#385=CARTESIAN_POINT('Line Origine',(3.3125,1.,1.19999999925)) ;
#396=CARTESIAN_POINT('Line Origine',(2.22933756746,1.,-0.949999999255)) ;
#400=CARTESIAN_POINT('Vertex',(2.37367513403,1.,-0.699999999255)) ;
#402=CARTESIAN_POINT('Vertex',(2.08500000089,1.,-1.19999999925)) ;
#405=CARTESIAN_POINT('Line Origine',(2.05617513414,1.,-0.699999999255)) ;
#409=CARTESIAN_POINT('Vertex',(1.73867513426,1.,-0.699999999255)) ;
#412=CARTESIAN_POINT('Line Origine',(1.59433756676,1.,-0.949999999255)) ;
#416=CARTESIAN_POINT('Vertex',(1.44999999925,1.,-1.19999999925)) ;
#419=CARTESIAN_POINT('Line Origine',(1.76750000007,1.,-1.19999999925)) ;
#430=CARTESIAN_POINT('Line Origine',(0.772499999963,1.,-1.19999999925)) ;
#434=CARTESIAN_POINT('Vertex',(1.08999999985,1.,-1.19999999925)) ;
#436=CARTESIAN_POINT('Vertex',(0.455000000075,1.,-1.19999999925)) ;
#439=CARTESIAN_POINT('Line Origine',(0.94566243235,1.,-0.949999999255)) ;
#443=CARTESIAN_POINT('Vertex',(0.801324864849,1.,-0.699999999255)) ;
#446=CARTESIAN_POINT('Line Origine',(0.483824864961,1.,-0.699999999255)) ;
#450=CARTESIAN_POINT('Vertex',(0.166324865073,1.,-0.699999999255)) ;
#453=CARTESIAN_POINT('Line Origine',(0.310662432574,1.,-0.949999999255)) ;
#464=CARTESIAN_POINT('Line Origine',(1.76750000007,1.,1.19999999925)) ;
#468=CARTESIAN_POINT('Vertex',(1.44999999925,1.,1.19999999925)) ;
#470=CARTESIAN_POINT('Vertex',(2.08500000089,1.,1.19999999925)) ;
#473=CARTESIAN_POINT('Line Origine',(1.59433756676,1.,0.949999999255)) ;
#477=CARTESIAN_POINT('Vertex',(1.73867513426,1.,0.699999999255)) ;
#480=CARTESIAN_POINT('Line Origine',(2.05617513414,1.,0.699999999255)) ;
#484=CARTESIAN_POINT('Vertex',(2.37367513403,1.,0.699999999255)) ;
#487=CARTESIAN_POINT('Line Origine',(2.22933756746,1.,0.949999999255)) ;
#498=CARTESIAN_POINT('Line Origine',(0.310662432574,1.,0.949999999255)) ;
#502=CARTESIAN_POINT('Vertex',(0.166324865073,1.,0.699999999255)) ;
#504=CARTESIAN_POINT('Vertex',(0.455000000075,1.,1.19999999925)) ;
#507=CARTESIAN_POINT('Line Origine',(0.483824864961,1.,0.699999999255)) ;
#511=CARTESIAN_POINT('Vertex',(0.801324864849,1.,0.699999999255)) ;
#514=CARTESIAN_POINT('Line Origine',(0.94566243235,1.,0.949999999255)) ;
#518=CARTESIAN_POINT('Vertex',(1.08999999985,1.,1.19999999925)) ;
#521=CARTESIAN_POINT('Line Origine',(0.772499999963,1.,1.19999999925)) ;
#532=CARTESIAN_POINT('Line Origine',(-0.310662432574,1.,-0.949999999255)) ;
#536=CARTESIAN_POINT('Vertex',(-0.166324865073,1.,-0.699999999255)) ;
#538=CARTESIAN_POINT('Vertex',(-0.455000000075,1.,-1.19999999925)) ;
#541=CARTESIAN_POINT('Line Origine',(-0.483824864961,1.,-0.699999999255)) ;
#545=CARTESIAN_POINT('Vertex',(-0.801324864849,1.,-0.699999999255)) ;
#548=CARTESIAN_POINT('Line Origine',(-0.94566243235,1.,-0.949999999255)) ;
#552=CARTESIAN_POINT('Vertex',(-1.08999999985,1.,-1.19999999925)) ;
#555=CARTESIAN_POINT('Line Origine',(-0.772499999963,1.,-1.19999999925)) ;
#566=CARTESIAN_POINT('Line Origine',(-1.76750000007,1.,-1.19999999925)) ;
#570=CARTESIAN_POINT('Vertex',(-1.44999999925,1.,-1.19999999925)) ;
#572=CARTESIAN_POINT('Vertex',(-2.08500000089,1.,-1.19999999925)) ;
#575=CARTESIAN_POINT('Line Origine',(-1.59433756676,1.,-0.949999999255)) ;
#579=CARTESIAN_POINT('Vertex',(-1.73867513426,1.,-0.699999999255)) ;
#582=CARTESIAN_POINT('Line Origine',(-2.05617513414,1.,-0.699999999255)) ;
#586=CARTESIAN_POINT('Vertex',(-2.37367513403,1.,-0.699999999255)) ;
#589=CARTESIAN_POINT('Line Origine',(-2.22933756746,1.,-0.949999999255)) ;
#600=CARTESIAN_POINT('Line Origine',(-0.772499999963,1.,1.19999999925)) ;
#604=CARTESIAN_POINT('Vertex',(-1.08999999985,1.,1.19999999925)) ;
#606=CARTESIAN_POINT('Vertex',(-0.455000000075,1.,1.19999999925)) ;
#609=CARTESIAN_POINT('Line Origine',(-0.94566243235,1.,0.949999999255)) ;
#613=CARTESIAN_POINT('Vertex',(-0.801324864849,1.,0.699999999255)) ;
#616=CARTESIAN_POINT('Line Origine',(-0.483824864961,1.,0.699999999255)) ;
#620=CARTESIAN_POINT('Vertex',(-0.166324865073,1.,0.699999999255)) ;
#623=CARTESIAN_POINT('Line Origine',(-0.310662432574,1.,0.949999999255)) ;
#634=CARTESIAN_POINT('Line Origine',(-2.22933756746,1.,0.949999999255)) ;
#638=CARTESIAN_POINT('Vertex',(-2.37367513403,1.,0.699999999255)) ;
#640=CARTESIAN_POINT('Vertex',(-2.08500000089,1.,1.19999999925)) ;
#643=CARTESIAN_POINT('Line Origine',(-2.05617513414,1.,0.699999999255)) ;
#647=CARTESIAN_POINT('Vertex',(-1.73867513426,1.,0.699999999255)) ;
#650=CARTESIAN_POINT('Line Origine',(-1.59433756676,1.,0.949999999255)) ;
#654=CARTESIAN_POINT('Vertex',(-1.44999999925,1.,1.19999999925)) ;
#657=CARTESIAN_POINT('Line Origine',(-1.76750000007,1.,1.19999999925)) ;
#668=CARTESIAN_POINT('Line Origine',(-2.85066243261,1.,-0.949999999255)) ;
#672=CARTESIAN_POINT('Vertex',(-2.70632486604,1.,-0.699999999255)) ;
#674=CARTESIAN_POINT('Vertex',(-2.99499999918,1.,-1.19999999925)) ;
#677=CARTESIAN_POINT('Line Origine',(-3.02382486593,1.,-0.699999999255)) ;
#681=CARTESIAN_POINT('Vertex',(-3.34132486582,1.,-0.699999999255)) ;
#684=CARTESIAN_POINT('Line Origine',(-3.48566243332,1.,-0.949999999255)) ;
#688=CARTESIAN_POINT('Vertex',(-3.63000000082,1.,-1.19999999925)) ;
#691=CARTESIAN_POINT('Line Origine',(-3.3125,1.,-1.19999999925)) ;
#702=CARTESIAN_POINT('Line Origine',(-4.30750000011,1.,-1.19999999925)) ;
#706=CARTESIAN_POINT('Vertex',(-3.99000000022,1.,-1.19999999925)) ;
#708=CARTESIAN_POINT('Vertex',(-4.625,1.,-1.19999999925)) ;
#711=CARTESIAN_POINT('Line Origine',(-4.13433756772,1.,-0.949999999255)) ;
#715=CARTESIAN_POINT('Vertex',(-4.27867513523,1.,-0.699999999255)) ;
#718=CARTESIAN_POINT('Line Origine',(-4.59617513511,1.,-0.699999999255)) ;
#722=CARTESIAN_POINT('Vertex',(-4.913675135,1.,-0.699999999255)) ;
#725=CARTESIAN_POINT('Line Origine',(-4.7693375675,1.,-0.949999999255)) ;
#736=CARTESIAN_POINT('Line Origine',(-3.3125,1.,1.19999999925)) ;
#740=CARTESIAN_POINT('Vertex',(-3.63000000082,1.,1.19999999925)) ;
#742=CARTESIAN_POINT('Vertex',(-2.99499999918,1.,1.19999999925)) ;
#745=CARTESIAN_POINT('Line Origine',(-3.48566243332,1.,0.949999999255)) ;
#749=CARTESIAN_POINT('Vertex',(-3.34132486582,1.,0.699999999255)) ;
#752=CARTESIAN_POINT('Line Origine',(-3.02382486593,1.,0.699999999255)) ;
#756=CARTESIAN_POINT('Vertex',(-2.70632486604,1.,0.699999999255)) ;
#759=CARTESIAN_POINT('Line Origine',(-2.85066243261,1.,0.949999999255)) ;
#770=CARTESIAN_POINT('Line Origine',(-4.7693375675,1.,0.949999999255)) ;
#774=CARTESIAN_POINT('Vertex',(-4.913675135,1.,0.699999999255)) ;
#776=CARTESIAN_POINT('Vertex',(-4.625,1.,1.19999999925)) ;
#779=CARTESIAN_POINT('Line Origine',(-4.59617513511,1.,0.699999999255)) ;
#783=CARTESIAN_POINT('Vertex',(-4.27867513523,1.,0.699999999255)) ;
#786=CARTESIAN_POINT('Line Origine',(-4.13433756772,1.,0.949999999255)) ;
#790=CARTESIAN_POINT('Vertex',(-3.99000000022,1.,1.19999999925)) ;
#793=CARTESIAN_POINT('Line Origine',(-4.30750000011,1.,1.19999999925)) ;
#804=CARTESIAN_POINT('Line Origine',(4.13499999978,1.,0.)) ;
#808=CARTESIAN_POINT('Vertex',(4.13499999978,1.,-0.324999999255)) ;
#810=CARTESIAN_POINT('Vertex',(4.13499999978,1.,0.324999999255)) ;
#813=CARTESIAN_POINT('Line Origine',(3.80999999959,1.,0.324999999255)) ;
#817=CARTESIAN_POINT('Vertex',(3.4849999994,1.,0.324999999255)) ;
#820=CARTESIAN_POINT('Line Origine',(3.4849999994,1.,0.)) ;
#824=CARTESIAN_POINT('Vertex',(3.4849999994,1.,-0.324999999255)) ;
#827=CARTESIAN_POINT('Line Origine',(3.80999999959,1.,-0.324999999255)) ;
#838=CARTESIAN_POINT('Line Origine',(1.59500000067,1.,0.)) ;
#842=CARTESIAN_POINT('Vertex',(1.59500000067,1.,-0.324999999255)) ;
#844=CARTESIAN_POINT('Vertex',(1.59500000067,1.,0.324999999255)) ;
#847=CARTESIAN_POINT('Line Origine',(1.27000000048,1.,0.324999999255)) ;
#851=CARTESIAN_POINT('Vertex',(0.945000000298,1.,0.324999999255)) ;
#854=CARTESIAN_POINT('Line Origine',(0.945000000298,1.,0.)) ;
#858=CARTESIAN_POINT('Vertex',(0.945000000298,1.,-0.324999999255)) ;
#861=CARTESIAN_POINT('Line Origine',(1.27000000048,1.,-0.324999999255)) ;
#872=CARTESIAN_POINT('Line Origine',(-0.945000000298,1.,0.)) ;
#876=CARTESIAN_POINT('Vertex',(-0.945000000298,1.,-0.324999999255)) ;
#878=CARTESIAN_POINT('Vertex',(-0.945000000298,1.,0.324999999255)) ;
#881=CARTESIAN_POINT('Line Origine',(-1.27000000048,1.,0.324999999255)) ;
#885=CARTESIAN_POINT('Vertex',(-1.59500000067,1.,0.324999999255)) ;
#888=CARTESIAN_POINT('Line Origine',(-1.59500000067,1.,0.)) ;
#892=CARTESIAN_POINT('Vertex',(-1.59500000067,1.,-0.324999999255)) ;
#895=CARTESIAN_POINT('Line Origine',(-1.27000000048,1.,-0.324999999255)) ;
#906=CARTESIAN_POINT('Line Origine',(-3.4849999994,1.,0.)) ;
#910=CARTESIAN_POINT('Vertex',(-3.4849999994,1.,-0.324999999255)) ;
#912=CARTESIAN_POINT('Vertex',(-3.4849999994,1.,0.324999999255)) ;
#915=CARTESIAN_POINT('Line Origine',(-3.80999999959,1.,0.324999999255)) ;
#919=CARTESIAN_POINT('Vertex',(-4.13499999978,1.,0.324999999255)) ;
#922=CARTESIAN_POINT('Line Origine',(-4.13499999978,1.,0.)) ;
#926=CARTESIAN_POINT('Vertex',(-4.13499999978,1.,-0.324999999255)) ;
#929=CARTESIAN_POINT('Line Origine',(-3.80999999959,1.,-0.324999999255)) ;
#940=CARTESIAN_POINT('Line Origine',(4.7693375675,1.,-0.949999999255)) ;
#944=CARTESIAN_POINT('Vertex',(4.913675135,1.,-0.699999999255)) ;
#946=CARTESIAN_POINT('Vertex',(4.625,1.,-1.19999999925)) ;
#949=CARTESIAN_POINT('Line Origine',(4.59617513511,1.,-0.699999999255)) ;
#953=CARTESIAN_POINT('Vertex',(4.27867513523,1.,-0.699999999255)) ;
#956=CARTESIAN_POINT('Line Origine',(4.13433756772,1.,-0.949999999255)) ;
#960=CARTESIAN_POINT('Vertex',(3.99000000022,1.,-1.19999999925)) ;
#963=CARTESIAN_POINT('Line Origine',(4.30750000011,1.,-1.19999999925)) ;
#983=CARTESIAN_POINT('Axis2P3D Location',(-4.83,1.,-1.25)) ;
#988=CARTESIAN_POINT('Line Origine',(-3.83499999989,-1.,-1.25)) ;
#992=CARTESIAN_POINT('Vertex',(-4.83000000007,-1.,-1.25)) ;
#994=CARTESIAN_POINT('Vertex',(-2.83999999985,-1.,-1.25)) ;
#997=CARTESIAN_POINT('Line Origine',(-4.83,0.,-1.25)) ;
#1002=CARTESIAN_POINT('Line Origine',(-2.83999999978,0.,-1.25)) ;
#1015=CARTESIAN_POINT('Axis2P3D Location',(-5.08,1.,-0.75)) ;
#1020=CARTESIAN_POINT('Line Origine',(-4.95499999983,-1.,-1.00000000034)) ;
#1024=CARTESIAN_POINT('Vertex',(-5.08000000007,-1.,-0.75)) ;
#1027=CARTESIAN_POINT('Line Origine',(-5.08,-2.22044604925E-016,-0.75)) ;
#1040=CARTESIAN_POINT('Axis2P3D Location',(-5.08,1.,0.75)) ;
#1045=CARTESIAN_POINT('Line Origine',(-5.08,-1.,0.)) ;
#1049=CARTESIAN_POINT('Vertex',(-5.08000000007,-1.,0.75)) ;
#1052=CARTESIAN_POINT('Line Origine',(-5.08,0.,0.75)) ;
#1065=CARTESIAN_POINT('Axis2P3D Location',(-4.83,1.,1.25)) ;
#1070=CARTESIAN_POINT('Line Origine',(-4.95500000017,-1.,0.999999999661)) ;
#1074=CARTESIAN_POINT('Vertex',(-4.83000000007,-1.,1.25)) ;
#1077=CARTESIAN_POINT('Line Origine',(-4.83,-2.22044604925E-016,1.25)) ;
#1090=CARTESIAN_POINT('Axis2P3D Location',(4.83,1.,1.25)) ;
#1095=CARTESIAN_POINT('Line Origine',(-3.83500000004,-1.,1.25)) ;
#1099=CARTESIAN_POINT('Vertex',(-2.83999999985,-1.,1.25)) ;
#1102=CARTESIAN_POINT('Line Origine',(-2.83999999993,0.,1.25)) ;
#1115=CARTESIAN_POINT('Axis2P3D Location',(-2.59,1.,0.75)) ;
#1120=CARTESIAN_POINT('Line Origine',(-2.71500000017,-1.,1.00000000034)) ;
#1124=CARTESIAN_POINT('Vertex',(-2.58999999985,-1.,0.75)) ;
#1127=CARTESIAN_POINT('Line Origine',(-2.59,-2.22044604925E-016,0.75)) ;
#1140=CARTESIAN_POINT('Axis2P3D Location',(-2.49,1.,0.75)) ;
#1145=CARTESIAN_POINT('Line Origine',(-2.53999999981,-1.,0.75)) ;
#1149=CARTESIAN_POINT('Vertex',(-2.49000000022,-1.,0.75)) ;
#1152=CARTESIAN_POINT('Line Origine',(-2.49,0.,0.75)) ;
#1165=CARTESIAN_POINT('Axis2P3D Location',(-2.24,1.,1.25)) ;
#1170=CARTESIAN_POINT('Line Origine',(-2.36500000017,-1.,0.999999999661)) ;
#1174=CARTESIAN_POINT('Vertex',(-2.24000000022,-1.,1.25)) ;
#1177=CARTESIAN_POINT('Line Origine',(-2.24,-2.22044604925E-016,1.25)) ;
#1190=CARTESIAN_POINT('Axis2P3D Location',(4.83,1.,1.25)) ;
#1195=CARTESIAN_POINT('Line Origine',(-1.27000000056,-1.,1.25)) ;
#1199=CARTESIAN_POINT('Vertex',(-0.300000000745,-1.,1.25)) ;
#1202=CARTESIAN_POINT('Line Origine',(-0.30000000082,0.,1.25)) ;
#1215=CARTESIAN_POINT('Axis2P3D Location',(-0.05,1.,0.75)) ;
#1220=CARTESIAN_POINT('Line Origine',(-0.175000000169,-1.,1.00000000034)) ;
#1224=CARTESIAN_POINT('Vertex',(-0.0500000007451,-1.,0.75)) ;
#1227=CARTESIAN_POINT('Line Origine',(-0.05,-2.22044604925E-016,0.75)) ;
#1240=CARTESIAN_POINT('Axis2P3D Location',(0.05,1.,0.75)) ;
#1245=CARTESIAN_POINT('Line Origine',(1.86254511814E-010,-1.,0.75)) ;
#1249=CARTESIAN_POINT('Vertex',(0.0500000007451,-1.,0.75)) ;
#1252=CARTESIAN_POINT('Line Origine',(0.05,0.,0.75)) ;
#1265=CARTESIAN_POINT('Axis2P3D Location',(0.3,1.,1.25)) ;
#1270=CARTESIAN_POINT('Line Origine',(0.174999999831,-1.,0.999999999661)) ;
#1274=CARTESIAN_POINT('Vertex',(0.300000000745,-1.,1.25)) ;
#1277=CARTESIAN_POINT('Line Origine',(0.3,-2.22044604925E-016,1.25)) ;
#1290=CARTESIAN_POINT('Axis2P3D Location',(4.83,1.,1.25)) ;
#1295=CARTESIAN_POINT('Line Origine',(1.27000000041,-1.,1.25)) ;
#1299=CARTESIAN_POINT('Vertex',(2.24000000022,-1.,1.25)) ;
#1302=CARTESIAN_POINT('Line Origine',(2.24000000015,0.,1.25)) ;
#1315=CARTESIAN_POINT('Axis2P3D Location',(2.49,1.,0.75)) ;
#1320=CARTESIAN_POINT('Line Origine',(2.36499999983,-1.,1.00000000034)) ;
#1324=CARTESIAN_POINT('Vertex',(2.49000000022,-1.,0.75)) ;
#1327=CARTESIAN_POINT('Line Origine',(2.49,-2.22044604925E-016,0.75)) ;
#1340=CARTESIAN_POINT('Axis2P3D Location',(2.59,1.,0.75)) ;
#1345=CARTESIAN_POINT('Line Origine',(2.54000000019,-1.,0.75)) ;
#1349=CARTESIAN_POINT('Vertex',(2.58999999985,-1.,0.75)) ;
#1352=CARTESIAN_POINT('Line Origine',(2.59,0.,0.75)) ;
#1365=CARTESIAN_POINT('Axis2P3D Location',(2.84,1.,1.25)) ;
#1370=CARTESIAN_POINT('Line Origine',(2.71499999983,-1.,0.999999999661)) ;
#1374=CARTESIAN_POINT('Vertex',(2.83999999985,-1.,1.25)) ;
#1377=CARTESIAN_POINT('Line Origine',(2.84,-2.22044604925E-016,1.25)) ;
#1390=CARTESIAN_POINT('Axis2P3D Location',(4.83,1.,1.25)) ;
#1395=CARTESIAN_POINT('Line Origine',(3.83499999989,-1.,1.25)) ;
#1399=CARTESIAN_POINT('Vertex',(4.83000000007,-1.,1.25)) ;
#1402=CARTESIAN_POINT('Line Origine',(4.83,0.,1.25)) ;
#1415=CARTESIAN_POINT('Axis2P3D Location',(5.08,1.,0.75)) ;
#1420=CARTESIAN_POINT('Line Origine',(4.95499999983,-1.,1.00000000034)) ;
#1424=CARTESIAN_POINT('Vertex',(5.08000000007,-1.,0.75)) ;
#1427=CARTESIAN_POINT('Line Origine',(5.08,-2.22044604925E-016,0.75)) ;
#1440=CARTESIAN_POINT('Axis2P3D Location',(5.08,1.,-0.75)) ;
#1445=CARTESIAN_POINT('Line Origine',(5.08,-1.,0.)) ;
#1449=CARTESIAN_POINT('Vertex',(5.08000000007,-1.,-0.75)) ;
#1452=CARTESIAN_POINT('Line Origine',(5.08,0.,-0.75)) ;
#1465=CARTESIAN_POINT('Axis2P3D Location',(4.83,1.,-1.25)) ;
#1470=CARTESIAN_POINT('Line Origine',(4.95500000017,-1.,-0.999999999661)) ;
#1474=CARTESIAN_POINT('Vertex',(4.83000000007,-1.,-1.25)) ;
#1477=CARTESIAN_POINT('Line Origine',(4.83,-2.22044604925E-016,-1.25)) ;
#1490=CARTESIAN_POINT('Axis2P3D Location',(-4.83,1.,-1.25)) ;
#1495=CARTESIAN_POINT('Line Origine',(3.83500000004,-1.,-1.25)) ;
#1499=CARTESIAN_POINT('Vertex',(2.83999999985,-1.,-1.25)) ;
#1502=CARTESIAN_POINT('Line Origine',(2.83999999993,0.,-1.25)) ;
#1515=CARTESIAN_POINT('Axis2P3D Location',(2.59,1.,-0.75)) ;
#1520=CARTESIAN_POINT('Line Origine',(2.71500000017,-1.,-1.00000000034)) ;
#1524=CARTESIAN_POINT('Vertex',(2.58999999985,-1.,-0.75)) ;
#1527=CARTESIAN_POINT('Line Origine',(2.59,-2.22044604925E-016,-0.75)) ;
#1540=CARTESIAN_POINT('Axis2P3D Location',(2.49,1.,-0.75)) ;
#1545=CARTESIAN_POINT('Line Origine',(2.53999999981,-1.,-0.75)) ;
#1549=CARTESIAN_POINT('Vertex',(2.49000000022,-1.,-0.75)) ;
#1552=CARTESIAN_POINT('Line Origine',(2.49,0.,-0.75)) ;
#1565=CARTESIAN_POINT('Axis2P3D Location',(2.24,1.,-1.25)) ;
#1570=CARTESIAN_POINT('Line Origine',(2.36500000017,-1.,-0.999999999661)) ;
#1574=CARTESIAN_POINT('Vertex',(2.24000000022,-1.,-1.25)) ;
#1577=CARTESIAN_POINT('Line Origine',(2.24,-2.22044604925E-016,-1.25)) ;
#1590=CARTESIAN_POINT('Axis2P3D Location',(-4.83,1.,-1.25)) ;
#1595=CARTESIAN_POINT('Line Origine',(1.27000000056,-1.,-1.25)) ;
#1599=CARTESIAN_POINT('Vertex',(0.300000000745,-1.,-1.25)) ;
#1602=CARTESIAN_POINT('Line Origine',(0.30000000082,0.,-1.25)) ;
#1615=CARTESIAN_POINT('Axis2P3D Location',(0.05,1.,-0.75)) ;
#1620=CARTESIAN_POINT('Line Origine',(0.175000000169,-1.,-1.00000000034)) ;
#1624=CARTESIAN_POINT('Vertex',(0.0500000007451,-1.,-0.75)) ;
#1627=CARTESIAN_POINT('Line Origine',(0.05,-2.22044604925E-016,-0.75)) ;
#1640=CARTESIAN_POINT('Axis2P3D Location',(-0.05,1.,-0.75)) ;
#1645=CARTESIAN_POINT('Line Origine',(-1.86254511814E-010,-1.,-0.75)) ;
#1649=CARTESIAN_POINT('Vertex',(-0.0500000007451,-1.,-0.75)) ;
#1652=CARTESIAN_POINT('Line Origine',(-0.05,0.,-0.75)) ;
#1665=CARTESIAN_POINT('Axis2P3D Location',(-0.3,1.,-1.25)) ;
#1670=CARTESIAN_POINT('Line Origine',(-0.174999999831,-1.,-0.999999999661)) ;
#1674=CARTESIAN_POINT('Vertex',(-0.300000000745,-1.,-1.25)) ;
#1677=CARTESIAN_POINT('Line Origine',(-0.3,-2.22044604925E-016,-1.25)) ;
#1690=CARTESIAN_POINT('Axis2P3D Location',(-4.83,1.,-1.25)) ;
#1695=CARTESIAN_POINT('Line Origine',(-1.27000000041,-1.,-1.25)) ;
#1699=CARTESIAN_POINT('Vertex',(-2.24000000022,-1.,-1.25)) ;
#1702=CARTESIAN_POINT('Line Origine',(-2.24000000015,0.,-1.25)) ;
#1715=CARTESIAN_POINT('Axis2P3D Location',(-2.49,1.,-0.75)) ;
#1720=CARTESIAN_POINT('Line Origine',(-2.36499999983,-1.,-1.00000000034)) ;
#1724=CARTESIAN_POINT('Vertex',(-2.49000000022,-1.,-0.75)) ;
#1727=CARTESIAN_POINT('Line Origine',(-2.49,-2.22044604925E-016,-0.75)) ;
#1740=CARTESIAN_POINT('Axis2P3D Location',(-2.59,1.,-0.75)) ;
#1745=CARTESIAN_POINT('Line Origine',(-2.54000000019,-1.,-0.75)) ;
#1749=CARTESIAN_POINT('Vertex',(-2.58999999985,-1.,-0.75)) ;
#1752=CARTESIAN_POINT('Line Origine',(-2.59,0.,-0.75)) ;
#1765=CARTESIAN_POINT('Axis2P3D Location',(-2.84,1.,-1.25)) ;
#1770=CARTESIAN_POINT('Line Origine',(-2.71499999983,-1.,-0.999999999661)) ;
#1783=CARTESIAN_POINT('Axis2P3D Location',(3.63,1.,-1.2)) ;
#1788=CARTESIAN_POINT('Line Origine',(2.99500000022,1.25,-1.2)) ;
#1792=CARTESIAN_POINT('Vertex',(2.99499999918,1.5,-1.19999999925)) ;
#1795=CARTESIAN_POINT('Line Origine',(3.31250000011,1.5,-1.2)) ;
#1799=CARTESIAN_POINT('Vertex',(3.63000000082,1.5,-1.19999999925)) ;
#1802=CARTESIAN_POINT('Line Origine',(3.63,1.25,-1.2)) ;
#1815=CARTESIAN_POINT('Axis2P3D Location',(3.3413248654,1.,-0.7)) ;
#1820=CARTESIAN_POINT('Line Origine',(3.48566243291,1.5,-0.950000000352)) ;
#1824=CARTESIAN_POINT('Vertex',(3.34132486582,1.5,-0.699999999255)) ;
#1827=CARTESIAN_POINT('Line Origine',(3.3413248654,1.25,-0.7)) ;
#1840=CARTESIAN_POINT('Axis2P3D Location',(2.70632486541,1.,-0.7)) ;
#1845=CARTESIAN_POINT('Line Origine',(3.02382486529,1.5,-0.7)) ;
#1849=CARTESIAN_POINT('Vertex',(2.70632486604,1.5,-0.699999999255)) ;
#1852=CARTESIAN_POINT('Line Origine',(2.70632486541,1.25,-0.7)) ;
#1865=CARTESIAN_POINT('Axis2P3D Location',(2.995,1.,-1.2)) ;
#1870=CARTESIAN_POINT('Line Origine',(2.8506624325,1.5,-0.949999999648)) ;
#1883=CARTESIAN_POINT('Axis2P3D Location',(3.99,1.,1.2)) ;
#1888=CARTESIAN_POINT('Line Origine',(4.62499999978,1.25,1.2)) ;
#1892=CARTESIAN_POINT('Vertex',(4.625,1.5,1.19999999925)) ;
#1895=CARTESIAN_POINT('Line Origine',(4.30749999989,1.5,1.2)) ;
#1899=CARTESIAN_POINT('Vertex',(3.99000000022,1.5,1.19999999925)) ;
#1902=CARTESIAN_POINT('Line Origine',(3.99,1.25,1.2)) ;
#1915=CARTESIAN_POINT('Axis2P3D Location',(4.27867513459,1.,0.7)) ;
#1920=CARTESIAN_POINT('Line Origine',(4.13433756709,1.5,0.950000000352)) ;
#1924=CARTESIAN_POINT('Vertex',(4.27867513523,1.5,0.699999999255)) ;
#1927=CARTESIAN_POINT('Line Origine',(4.27867513459,1.25,0.7)) ;
#1940=CARTESIAN_POINT('Axis2P3D Location',(4.91367513459,1.,0.7)) ;
#1945=CARTESIAN_POINT('Line Origine',(4.59617513471,1.5,0.7)) ;
#1949=CARTESIAN_POINT('Vertex',(4.913675135,1.5,0.699999999255)) ;
#1952=CARTESIAN_POINT('Line Origine',(4.91367513459,1.25,0.7)) ;
#1965=CARTESIAN_POINT('Axis2P3D Location',(4.625,1.,1.2)) ;
#1970=CARTESIAN_POINT('Line Origine',(4.7693375675,1.5,0.949999999648)) ;
#1983=CARTESIAN_POINT('Axis2P3D Location',(2.70632486541,1.,0.7)) ;
#1988=CARTESIAN_POINT('Line Origine',(2.99500000041,1.25,1.2000000007)) ;
#1992=CARTESIAN_POINT('Vertex',(2.99499999918,1.5,1.19999999925)) ;
#1995=CARTESIAN_POINT('Line Origine',(2.85066243291,1.5,0.950000000352)) ;
#1999=CARTESIAN_POINT('Vertex',(2.70632486604,1.5,0.699999999255)) ;
#2002=CARTESIAN_POINT('Line Origine',(2.70632486541,1.25,0.7)) ;
#2015=CARTESIAN_POINT('Axis2P3D Location',(3.3413248654,1.,0.7)) ;
#2020=CARTESIAN_POINT('Line Origine',(3.02382486552,1.5,0.7)) ;
#2024=CARTESIAN_POINT('Vertex',(3.34132486582,1.5,0.699999999255)) ;
#2027=CARTESIAN_POINT('Line Origine',(3.3413248654,1.25,0.7)) ;
#2040=CARTESIAN_POINT('Axis2P3D Location',(3.63,1.,1.2)) ;
#2045=CARTESIAN_POINT('Line Origine',(3.4856624325,1.5,0.949999999648)) ;
#2049=CARTESIAN_POINT('Vertex',(3.63000000082,1.5,1.19999999925)) ;
#2052=CARTESIAN_POINT('Line Origine',(3.63,1.25,1.2)) ;
#2065=CARTESIAN_POINT('Axis2P3D Location',(2.995,1.,1.2)) ;
#2070=CARTESIAN_POINT('Line Origine',(3.31249999989,1.5,1.2)) ;
#2083=CARTESIAN_POINT('Axis2P3D Location',(2.3736751346,1.,-0.7)) ;
#2088=CARTESIAN_POINT('Line Origine',(2.08499999959,1.25,-1.2000000007)) ;
#2092=CARTESIAN_POINT('Vertex',(2.085,1.5,-1.2)) ;
#2095=CARTESIAN_POINT('Line Origine',(2.22933756709,1.5,-0.950000000352)) ;
#2099=CARTESIAN_POINT('Vertex',(2.3736751346,1.5,-0.7)) ;
#2102=CARTESIAN_POINT('Line Origine',(2.3736751346,1.25,-0.7)) ;
#2115=CARTESIAN_POINT('Axis2P3D Location',(1.7386751346,1.,-0.7)) ;
#2120=CARTESIAN_POINT('Line Origine',(2.05617513448,1.5,-0.7)) ;
#2124=CARTESIAN_POINT('Vertex',(1.7386751346,1.5,-0.7)) ;
#2127=CARTESIAN_POINT('Line Origine',(1.7386751346,1.25,-0.7)) ;
#2140=CARTESIAN_POINT('Axis2P3D Location',(1.45,1.,-1.2)) ;
#2145=CARTESIAN_POINT('Line Origine',(1.5943375675,1.5,-0.949999999648)) ;
#2149=CARTESIAN_POINT('Vertex',(1.45000000022,1.5,-1.2)) ;
#2152=CARTESIAN_POINT('Line Origine',(1.45,1.25,-1.2)) ;
#2165=CARTESIAN_POINT('Axis2P3D Location',(2.085,1.,-1.2)) ;
#2170=CARTESIAN_POINT('Line Origine',(1.76750000011,1.5,-1.2)) ;
#2183=CARTESIAN_POINT('Axis2P3D Location',(1.09,1.,-1.2)) ;
#2188=CARTESIAN_POINT('Line Origine',(0.455000000224,1.25,-1.2)) ;
#2192=CARTESIAN_POINT('Vertex',(0.455000000075,1.5,-1.19999999925)) ;
#2195=CARTESIAN_POINT('Line Origine',(0.772500000112,1.5,-1.2)) ;
#2199=CARTESIAN_POINT('Vertex',(1.08999999985,1.5,-1.19999999925)) ;
#2202=CARTESIAN_POINT('Line Origine',(1.09,1.25,-1.2)) ;
#2215=CARTESIAN_POINT('Axis2P3D Location',(0.801324865405,1.,-0.7)) ;
#2220=CARTESIAN_POINT('Line Origine',(0.945662432906,1.5,-0.950000000352)) ;
#2224=CARTESIAN_POINT('Vertex',(0.801324864849,1.5,-0.699999999255)) ;
#2227=CARTESIAN_POINT('Line Origine',(0.801324865405,1.25,-0.7)) ;
#2240=CARTESIAN_POINT('Axis2P3D Location',(0.166324865405,1.,-0.7)) ;
#2245=CARTESIAN_POINT('Line Origine',(0.483824865293,1.5,-0.7)) ;
#2249=CARTESIAN_POINT('Vertex',(0.166324865073,1.5,-0.699999999255)) ;
#2252=CARTESIAN_POINT('Line Origine',(0.166324865405,1.25,-0.7)) ;
#2265=CARTESIAN_POINT('Axis2P3D Location',(0.455,1.,-1.2)) ;
#2270=CARTESIAN_POINT('Line Origine',(0.310662432499,1.5,-0.949999999648)) ;
#2283=CARTESIAN_POINT('Axis2P3D Location',(1.45,1.,1.2)) ;
#2288=CARTESIAN_POINT('Line Origine',(2.08499999978,1.25,1.2)) ;
#2292=CARTESIAN_POINT('Vertex',(2.08500000089,1.5,1.19999999925)) ;
#2295=CARTESIAN_POINT('Line Origine',(1.76749999989,1.5,1.2)) ;
#2299=CARTESIAN_POINT('Vertex',(1.44999999925,1.5,1.19999999925)) ;
#2302=CARTESIAN_POINT('Line Origine',(1.45,1.25,1.2)) ;
#2315=CARTESIAN_POINT('Axis2P3D Location',(1.7386751346,1.,0.7)) ;
#2320=CARTESIAN_POINT('Line Origine',(1.59433756709,1.5,0.950000000352)) ;
#2324=CARTESIAN_POINT('Vertex',(1.73867513426,1.5,0.699999999255)) ;
#2327=CARTESIAN_POINT('Line Origine',(1.7386751346,1.25,0.7)) ;
#2340=CARTESIAN_POINT('Axis2P3D Location',(2.3736751346,1.,0.7)) ;
#2345=CARTESIAN_POINT('Line Origine',(2.05617513471,1.5,0.7)) ;
#2349=CARTESIAN_POINT('Vertex',(2.37367513403,1.5,0.699999999255)) ;
#2352=CARTESIAN_POINT('Line Origine',(2.3736751346,1.25,0.7)) ;
#2365=CARTESIAN_POINT('Axis2P3D Location',(2.085,1.,1.2)) ;
#2370=CARTESIAN_POINT('Line Origine',(2.2293375675,1.5,0.949999999648)) ;
#2383=CARTESIAN_POINT('Axis2P3D Location',(0.166324865405,1.,0.7)) ;
#2388=CARTESIAN_POINT('Line Origine',(0.455000000407,1.25,1.2000000007)) ;
#2392=CARTESIAN_POINT('Vertex',(0.455000000075,1.5,1.19999999925)) ;
#2395=CARTESIAN_POINT('Line Origine',(0.310662432906,1.5,0.950000000352)) ;
#2399=CARTESIAN_POINT('Vertex',(0.166324865073,1.5,0.699999999255)) ;
#2402=CARTESIAN_POINT('Line Origine',(0.166324865405,1.25,0.7)) ;
#2415=CARTESIAN_POINT('Axis2P3D Location',(0.801324865405,1.,0.7)) ;
#2420=CARTESIAN_POINT('Line Origine',(0.483824865517,1.5,0.7)) ;
#2424=CARTESIAN_POINT('Vertex',(0.801324864849,1.5,0.699999999255)) ;
#2427=CARTESIAN_POINT('Line Origine',(0.801324865405,1.25,0.7)) ;
#2440=CARTESIAN_POINT('Axis2P3D Location',(1.09,1.,1.2)) ;
#2445=CARTESIAN_POINT('Line Origine',(0.945662432499,1.5,0.949999999648)) ;
#2449=CARTESIAN_POINT('Vertex',(1.08999999985,1.5,1.19999999925)) ;
#2452=CARTESIAN_POINT('Line Origine',(1.09,1.25,1.2)) ;
#2465=CARTESIAN_POINT('Axis2P3D Location',(0.455,1.,1.2)) ;
#2470=CARTESIAN_POINT('Line Origine',(0.772499999888,1.5,1.2)) ;
#2483=CARTESIAN_POINT('Axis2P3D Location',(-0.166324865405,1.,-0.7)) ;
#2488=CARTESIAN_POINT('Line Origine',(-0.455000000407,1.25,-1.2000000007)) ;
#2492=CARTESIAN_POINT('Vertex',(-0.455,1.5,-1.2)) ;
#2495=CARTESIAN_POINT('Line Origine',(-0.310662432906,1.5,-0.950000000352)) ;
#2499=CARTESIAN_POINT('Vertex',(-0.166324865405,1.5,-0.7)) ;
#2502=CARTESIAN_POINT('Line Origine',(-0.166324865405,1.25,-0.7)) ;
#2515=CARTESIAN_POINT('Axis2P3D Location',(-0.801324865405,1.,-0.7)) ;
#2520=CARTESIAN_POINT('Line Origine',(-0.483824865517,1.5,-0.7)) ;
#2524=CARTESIAN_POINT('Vertex',(-0.801324865405,1.5,-0.7)) ;
#2527=CARTESIAN_POINT('Line Origine',(-0.801324865405,1.25,-0.7)) ;
#2540=CARTESIAN_POINT('Axis2P3D Location',(-1.09,1.,-1.2)) ;
#2545=CARTESIAN_POINT('Line Origine',(-0.945662432499,1.5,-0.949999999648)) ;
#2549=CARTESIAN_POINT('Vertex',(-1.08999999978,1.5,-1.2)) ;
#2552=CARTESIAN_POINT('Line Origine',(-1.09,1.25,-1.2)) ;
#2565=CARTESIAN_POINT('Axis2P3D Location',(-0.455,1.,-1.2)) ;
#2570=CARTESIAN_POINT('Line Origine',(-0.772499999888,1.5,-1.2)) ;
#2583=CARTESIAN_POINT('Axis2P3D Location',(-1.45,1.,-1.2)) ;
#2588=CARTESIAN_POINT('Line Origine',(-2.08499999978,1.25,-1.2)) ;
#2592=CARTESIAN_POINT('Vertex',(-2.08500000089,1.5,-1.19999999925)) ;
#2595=CARTESIAN_POINT('Line Origine',(-1.76749999989,1.5,-1.2)) ;
#2599=CARTESIAN_POINT('Vertex',(-1.44999999925,1.5,-1.19999999925)) ;
#2602=CARTESIAN_POINT('Line Origine',(-1.45,1.25,-1.2)) ;
#2615=CARTESIAN_POINT('Axis2P3D Location',(-1.7386751346,1.,-0.7)) ;
#2620=CARTESIAN_POINT('Line Origine',(-1.59433756709,1.5,-0.950000000352)) ;
#2624=CARTESIAN_POINT('Vertex',(-1.73867513426,1.5,-0.699999999255)) ;
#2627=CARTESIAN_POINT('Line Origine',(-1.7386751346,1.25,-0.7)) ;
#2640=CARTESIAN_POINT('Axis2P3D Location',(-2.3736751346,1.,-0.7)) ;
#2645=CARTESIAN_POINT('Line Origine',(-2.05617513471,1.5,-0.7)) ;
#2649=CARTESIAN_POINT('Vertex',(-2.37367513403,1.5,-0.699999999255)) ;
#2652=CARTESIAN_POINT('Line Origine',(-2.3736751346,1.25,-0.7)) ;
#2665=CARTESIAN_POINT('Axis2P3D Location',(-2.085,1.,-1.2)) ;
#2670=CARTESIAN_POINT('Line Origine',(-2.2293375675,1.5,-0.949999999648)) ;
#2683=CARTESIAN_POINT('Axis2P3D Location',(-1.09,1.,1.2)) ;
#2688=CARTESIAN_POINT('Line Origine',(-0.455000000224,1.25,1.2)) ;
#2692=CARTESIAN_POINT('Vertex',(-0.455000000075,1.5,1.19999999925)) ;
#2695=CARTESIAN_POINT('Line Origine',(-0.772500000112,1.5,1.2)) ;
#2699=CARTESIAN_POINT('Vertex',(-1.08999999985,1.5,1.19999999925)) ;
#2702=CARTESIAN_POINT('Line Origine',(-1.09,1.25,1.2)) ;
#2715=CARTESIAN_POINT('Axis2P3D Location',(-0.801324865405,1.,0.7)) ;
#2720=CARTESIAN_POINT('Line Origine',(-0.945662432906,1.5,0.950000000352)) ;
#2724=CARTESIAN_POINT('Vertex',(-0.801324864849,1.5,0.699999999255)) ;
#2727=CARTESIAN_POINT('Line Origine',(-0.801324865405,1.25,0.7)) ;
#2740=CARTESIAN_POINT('Axis2P3D Location',(-0.166324865405,1.,0.7)) ;
#2745=CARTESIAN_POINT('Line Origine',(-0.483824865293,1.5,0.7)) ;
#2749=CARTESIAN_POINT('Vertex',(-0.166324865073,1.5,0.699999999255)) ;
#2752=CARTESIAN_POINT('Line Origine',(-0.166324865405,1.25,0.7)) ;
#2765=CARTESIAN_POINT('Axis2P3D Location',(-0.455,1.,1.2)) ;
#2770=CARTESIAN_POINT('Line Origine',(-0.310662432499,1.5,0.949999999648)) ;
#2783=CARTESIAN_POINT('Axis2P3D Location',(-2.3736751346,1.,0.7)) ;
#2788=CARTESIAN_POINT('Line Origine',(-2.08499999959,1.25,1.2000000007)) ;
#2792=CARTESIAN_POINT('Vertex',(-2.08500000089,1.5,1.19999999925)) ;
#2795=CARTESIAN_POINT('Line Origine',(-2.22933756709,1.5,0.950000000352)) ;
#2799=CARTESIAN_POINT('Vertex',(-2.37367513403,1.5,0.699999999255)) ;
#2802=CARTESIAN_POINT('Line Origine',(-2.3736751346,1.25,0.7)) ;
#2815=CARTESIAN_POINT('Axis2P3D Location',(-1.7386751346,1.,0.7)) ;
#2820=CARTESIAN_POINT('Line Origine',(-2.05617513448,1.5,0.7)) ;
#2824=CARTESIAN_POINT('Vertex',(-1.73867513426,1.5,0.699999999255)) ;
#2827=CARTESIAN_POINT('Line Origine',(-1.7386751346,1.25,0.7)) ;
#2840=CARTESIAN_POINT('Axis2P3D Location',(-1.45,1.,1.2)) ;
#2845=CARTESIAN_POINT('Line Origine',(-1.5943375675,1.5,0.949999999648)) ;
#2849=CARTESIAN_POINT('Vertex',(-1.44999999925,1.5,1.19999999925)) ;
#2852=CARTESIAN_POINT('Line Origine',(-1.45,1.25,1.2)) ;
#2865=CARTESIAN_POINT('Axis2P3D Location',(-2.085,1.,1.2)) ;
#2870=CARTESIAN_POINT('Line Origine',(-1.76750000011,1.5,1.2)) ;
#2883=CARTESIAN_POINT('Axis2P3D Location',(-2.70632486541,1.,-0.7)) ;
#2888=CARTESIAN_POINT('Line Origine',(-2.99500000041,1.25,-1.2000000007)) ;
#2892=CARTESIAN_POINT('Vertex',(-2.995,1.5,-1.2)) ;
#2895=CARTESIAN_POINT('Line Origine',(-2.85066243291,1.5,-0.950000000352)) ;
#2899=CARTESIAN_POINT('Vertex',(-2.70632486541,1.5,-0.7)) ;
#2902=CARTESIAN_POINT('Line Origine',(-2.70632486541,1.25,-0.7)) ;
#2915=CARTESIAN_POINT('Axis2P3D Location',(-3.3413248654,1.,-0.7)) ;
#2920=CARTESIAN_POINT('Line Origine',(-3.02382486552,1.5,-0.7)) ;
#2924=CARTESIAN_POINT('Vertex',(-3.3413248654,1.5,-0.7)) ;
#2927=CARTESIAN_POINT('Line Origine',(-3.3413248654,1.25,-0.7)) ;
#2940=CARTESIAN_POINT('Axis2P3D Location',(-3.63,1.,-1.2)) ;
#2945=CARTESIAN_POINT('Line Origine',(-3.4856624325,1.5,-0.949999999648)) ;
#2949=CARTESIAN_POINT('Vertex',(-3.62999999978,1.5,-1.2)) ;
#2952=CARTESIAN_POINT('Line Origine',(-3.63,1.25,-1.2)) ;
#2965=CARTESIAN_POINT('Axis2P3D Location',(-2.995,1.,-1.2)) ;
#2970=CARTESIAN_POINT('Line Origine',(-3.31249999989,1.5,-1.2)) ;
#2983=CARTESIAN_POINT('Axis2P3D Location',(-3.99,1.,-1.2)) ;
#2988=CARTESIAN_POINT('Line Origine',(-4.62499999978,1.25,-1.2)) ;
#2992=CARTESIAN_POINT('Vertex',(-4.625,1.5,-1.19999999925)) ;
#2995=CARTESIAN_POINT('Line Origine',(-4.30749999989,1.5,-1.2)) ;
#2999=CARTESIAN_POINT('Vertex',(-3.99000000022,1.5,-1.19999999925)) ;
#3002=CARTESIAN_POINT('Line Origine',(-3.99,1.25,-1.2)) ;
#3015=CARTESIAN_POINT('Axis2P3D Location',(-4.27867513459,1.,-0.7)) ;
#3020=CARTESIAN_POINT('Line Origine',(-4.13433756709,1.5,-0.950000000352)) ;
#3024=CARTESIAN_POINT('Vertex',(-4.27867513523,1.5,-0.699999999255)) ;
#3027=CARTESIAN_POINT('Line Origine',(-4.27867513459,1.25,-0.7)) ;
#3040=CARTESIAN_POINT('Axis2P3D Location',(-4.91367513459,1.,-0.7)) ;
#3045=CARTESIAN_POINT('Line Origine',(-4.59617513471,1.5,-0.7)) ;
#3049=CARTESIAN_POINT('Vertex',(-4.913675135,1.5,-0.699999999255)) ;
#3052=CARTESIAN_POINT('Line Origine',(-4.91367513459,1.25,-0.7)) ;
#3065=CARTESIAN_POINT('Axis2P3D Location',(-4.625,1.,-1.2)) ;
#3070=CARTESIAN_POINT('Line Origine',(-4.7693375675,1.5,-0.949999999648)) ;
#3083=CARTESIAN_POINT('Axis2P3D Location',(-3.63,1.,1.2)) ;
#3088=CARTESIAN_POINT('Line Origine',(-2.99500000022,1.25,1.2)) ;
#3092=CARTESIAN_POINT('Vertex',(-2.99499999918,1.5,1.19999999925)) ;
#3095=CARTESIAN_POINT('Line Origine',(-3.31250000011,1.5,1.2)) ;
#3099=CARTESIAN_POINT('Vertex',(-3.63000000082,1.5,1.19999999925)) ;
#3102=CARTESIAN_POINT('Line Origine',(-3.63,1.25,1.2)) ;
#3115=CARTESIAN_POINT('Axis2P3D Location',(-3.3413248654,1.,0.7)) ;
#3120=CARTESIAN_POINT('Line Origine',(-3.48566243291,1.5,0.950000000352)) ;
#3124=CARTESIAN_POINT('Vertex',(-3.34132486582,1.5,0.699999999255)) ;
#3127=CARTESIAN_POINT('Line Origine',(-3.3413248654,1.25,0.7)) ;
#3140=CARTESIAN_POINT('Axis2P3D Location',(-2.70632486541,1.,0.7)) ;
#3145=CARTESIAN_POINT('Line Origine',(-3.02382486529,1.5,0.7)) ;
#3149=CARTESIAN_POINT('Vertex',(-2.70632486604,1.5,0.699999999255)) ;
#3152=CARTESIAN_POINT('Line Origine',(-2.70632486541,1.25,0.7)) ;
#3165=CARTESIAN_POINT('Axis2P3D Location',(-2.995,1.,1.2)) ;
#3170=CARTESIAN_POINT('Line Origine',(-2.8506624325,1.5,0.949999999648)) ;
#3183=CARTESIAN_POINT('Axis2P3D Location',(-4.91367513459,1.,0.7)) ;
#3188=CARTESIAN_POINT('Line Origine',(-4.62499999959,1.25,1.2000000007)) ;
#3192=CARTESIAN_POINT('Vertex',(-4.625,1.5,1.19999999925)) ;
#3195=CARTESIAN_POINT('Line Origine',(-4.76933756709,1.5,0.950000000352)) ;
#3199=CARTESIAN_POINT('Vertex',(-4.913675135,1.5,0.699999999255)) ;
#3202=CARTESIAN_POINT('Line Origine',(-4.91367513459,1.25,0.7)) ;
#3215=CARTESIAN_POINT('Axis2P3D Location',(-4.27867513459,1.,0.7)) ;
#3220=CARTESIAN_POINT('Line Origine',(-4.59617513448,1.5,0.7)) ;
#3224=CARTESIAN_POINT('Vertex',(-4.27867513523,1.5,0.699999999255)) ;
#3227=CARTESIAN_POINT('Line Origine',(-4.27867513459,1.25,0.7)) ;
#3240=CARTESIAN_POINT('Axis2P3D Location',(-3.99,1.,1.2)) ;
#3245=CARTESIAN_POINT('Line Origine',(-4.1343375675,1.5,0.949999999648)) ;
#3249=CARTESIAN_POINT('Vertex',(-3.99000000022,1.5,1.19999999925)) ;
#3252=CARTESIAN_POINT('Line Origine',(-3.99,1.25,1.2)) ;
#3265=CARTESIAN_POINT('Axis2P3D Location',(-4.625,1.,1.2)) ;
#3270=CARTESIAN_POINT('Line Origine',(-4.30750000011,1.5,1.2)) ;
#3283=CARTESIAN_POINT('Axis2P3D Location',(4.135,-7.75,-0.325)) ;
#3288=CARTESIAN_POINT('Line Origine',(4.135,2.35850000009,0.325000000373)) ;
#3292=CARTESIAN_POINT('Vertex',(4.13500000005,3.71699999985,0.324999999255)) ;
#3295=CARTESIAN_POINT('Line Origine',(4.135,2.35850000009,-0.325)) ;
#3299=CARTESIAN_POINT('Vertex',(4.13499999978,3.71700000018,-0.325)) ;
#3302=CARTESIAN_POINT('Line Origine',(4.135,3.71700000018,1.86264503821E-010)) ;
#3322=CARTESIAN_POINT('Axis2P3D Location',(0.,0.,0.325)) ;
#3327=CARTESIAN_POINT('Line Origine',(3.4849999994,2.35850000009,0.325)) ;
#3331=CARTESIAN_POINT('Vertex',(3.4849999994,3.71700000018,0.325)) ;
#3334=CARTESIAN_POINT('Line Origine',(3.80999999959,3.71700000018,0.325)) ;
#3347=CARTESIAN_POINT('Axis2P3D Location',(3.485,4.367,-0.325)) ;
#3352=CARTESIAN_POINT('Line Origine',(3.485,2.35849999954,-0.325)) ;
#3356=CARTESIAN_POINT('Vertex',(3.4849999994,3.71700000018,-0.325)) ;
#3359=CARTESIAN_POINT('Line Origine',(3.485,3.71699999963,1.86264503821E-010)) ;
#3372=CARTESIAN_POINT('Axis2P3D Location',(0.,0.,-0.325)) ;
#3377=CARTESIAN_POINT('Line Origine',(3.80999999959,3.71700000018,-0.325)) ;
#3390=CARTESIAN_POINT('Axis2P3D Location',(1.595,-7.75,-0.325)) ;
#3395=CARTESIAN_POINT('Line Origine',(1.595,2.35850000009,0.325000000373)) ;
#3399=CARTESIAN_POINT('Vertex',(1.59500000005,3.71699999985,0.324999999255)) ;
#3402=CARTESIAN_POINT('Line Origine',(1.595,2.35850000009,-0.325)) ;
#3406=CARTESIAN_POINT('Vertex',(1.59500000067,3.71700000018,-0.325)) ;
#3409=CARTESIAN_POINT('Line Origine',(1.595,3.71700000018,1.86264503821E-010)) ;
#3422=CARTESIAN_POINT('Axis2P3D Location',(0.,0.,0.325)) ;
#3427=CARTESIAN_POINT('Line Origine',(0.945000000298,2.35850000009,0.325)) ;
#3431=CARTESIAN_POINT('Vertex',(0.945000000298,3.71700000018,0.325)) ;
#3434=CARTESIAN_POINT('Line Origine',(1.27000000048,3.71700000018,0.325)) ;
#3447=CARTESIAN_POINT('Axis2P3D Location',(0.945,4.367,-0.325)) ;
#3452=CARTESIAN_POINT('Line Origine',(0.945,2.35849999954,-0.325)) ;
#3456=CARTESIAN_POINT('Vertex',(0.945000000298,3.71700000018,-0.325)) ;
#3459=CARTESIAN_POINT('Line Origine',(0.945,3.71699999963,1.86264503821E-010)) ;
#3472=CARTESIAN_POINT('Axis2P3D Location',(0.,0.,-0.325)) ;
#3477=CARTESIAN_POINT('Line Origine',(1.27000000048,3.71700000018,-0.325)) ;
#3490=CARTESIAN_POINT('Axis2P3D Location',(-0.945,-7.75,-0.325)) ;
#3495=CARTESIAN_POINT('Line Origine',(-0.945,2.35850000009,0.325000000373)) ;
#3499=CARTESIAN_POINT('Vertex',(-0.944999999953,3.71699999985,0.324999999255)) ;
#3502=CARTESIAN_POINT('Line Origine',(-0.945,2.35850000009,-0.325)) ;
#3506=CARTESIAN_POINT('Vertex',(-0.945000000298,3.71700000018,-0.325)) ;
#3509=CARTESIAN_POINT('Line Origine',(-0.945,3.71700000018,1.86264503821E-010)) ;
#3522=CARTESIAN_POINT('Axis2P3D Location',(0.,0.,0.325)) ;
#3527=CARTESIAN_POINT('Line Origine',(-1.59500000067,2.35850000009,0.325)) ;
#3531=CARTESIAN_POINT('Vertex',(-1.59500000067,3.71700000018,0.325)) ;
#3534=CARTESIAN_POINT('Line Origine',(-1.27000000048,3.71700000018,0.325)) ;
#3547=CARTESIAN_POINT('Axis2P3D Location',(-1.595,4.367,-0.325)) ;
#3552=CARTESIAN_POINT('Line Origine',(-1.595,2.35849999954,-0.325)) ;
#3556=CARTESIAN_POINT('Vertex',(-1.59500000067,3.71700000018,-0.325)) ;
#3559=CARTESIAN_POINT('Line Origine',(-1.595,3.71699999963,1.86264503821E-010)) ;
#3572=CARTESIAN_POINT('Axis2P3D Location',(0.,0.,-0.325)) ;
#3577=CARTESIAN_POINT('Line Origine',(-1.27000000048,3.71700000018,-0.325)) ;
#3590=CARTESIAN_POINT('Axis2P3D Location',(-3.485,-7.75,-0.325)) ;
#3595=CARTESIAN_POINT('Line Origine',(-3.485,2.35850000009,0.325000000373)) ;
#3599=CARTESIAN_POINT('Vertex',(-3.48499999995,3.71699999985,0.324999999255)) ;
#3602=CARTESIAN_POINT('Line Origine',(-3.485,2.35850000009,-0.325)) ;
#3606=CARTESIAN_POINT('Vertex',(-3.4849999994,3.71700000018,-0.325)) ;
#3609=CARTESIAN_POINT('Line Origine',(-3.485,3.71700000018,1.86264503821E-010)) ;
#3622=CARTESIAN_POINT('Axis2P3D Location',(0.,0.,0.325)) ;
#3627=CARTESIAN_POINT('Line Origine',(-4.13499999978,2.35850000009,0.325)) ;
#3631=CARTESIAN_POINT('Vertex',(-4.13499999978,3.71700000018,0.325)) ;
#3634=CARTESIAN_POINT('Line Origine',(-3.80999999959,3.71700000018,0.325)) ;
#3647=CARTESIAN_POINT('Axis2P3D Location',(-4.135,4.367,-0.325)) ;
#3652=CARTESIAN_POINT('Line Origine',(-4.135,2.35849999954,-0.325)) ;
#3656=CARTESIAN_POINT('Vertex',(-4.13499999978,3.71700000018,-0.325)) ;
#3659=CARTESIAN_POINT('Line Origine',(-4.135,3.71699999963,1.86264503821E-010)) ;
#3672=CARTESIAN_POINT('Axis2P3D Location',(0.,0.,-0.325)) ;
#3677=CARTESIAN_POINT('Line Origine',(-3.80999999959,3.71700000018,-0.325)) ;
#3690=CARTESIAN_POINT('Axis2P3D Location',(4.91367513459,1.,-0.7)) ;
#3695=CARTESIAN_POINT('Line Origine',(4.62499999959,1.25,-1.2000000007)) ;
#3699=CARTESIAN_POINT('Vertex',(4.625,1.5,-1.2)) ;
#3702=CARTESIAN_POINT('Line Origine',(4.76933756709,1.5,-0.950000000352)) ;
#3706=CARTESIAN_POINT('Vertex',(4.91367513459,1.5,-0.7)) ;
#3709=CARTESIAN_POINT('Line Origine',(4.91367513459,1.25,-0.7)) ;
#3722=CARTESIAN_POINT('Axis2P3D Location',(4.27867513459,1.,-0.7)) ;
#3727=CARTESIAN_POINT('Line Origine',(4.59617513448,1.5,-0.7)) ;
#3731=CARTESIAN_POINT('Vertex',(4.27867513459,1.5,-0.7)) ;
#3734=CARTESIAN_POINT('Line Origine',(4.27867513459,1.25,-0.7)) ;
#3747=CARTESIAN_POINT('Axis2P3D Location',(3.99,1.,-1.2)) ;
#3752=CARTESIAN_POINT('Line Origine',(4.1343375675,1.5,-0.949999999648)) ;
#3756=CARTESIAN_POINT('Vertex',(3.99000000022,1.5,-1.2)) ;
#3759=CARTESIAN_POINT('Line Origine',(3.99,1.25,-1.2)) ;
#3772=CARTESIAN_POINT('Axis2P3D Location',(4.625,1.,-1.2)) ;
#3777=CARTESIAN_POINT('Line Origine',(4.30750000011,1.5,-1.2)) ;
#3790=CARTESIAN_POINT('Axis2P3D Location',(0.,-1.,0.)) ;
#3829=CARTESIAN_POINT('Line Origine',(0.945000000298,-1.,0.)) ;
#3833=CARTESIAN_POINT('Vertex',(0.945000000298,-1.,-0.324999999255)) ;
#3835=CARTESIAN_POINT('Vertex',(0.945000000298,-1.,0.324999999255)) ;
#3838=CARTESIAN_POINT('Line Origine',(1.27000000048,-1.,0.324999999255)) ;
#3842=CARTESIAN_POINT('Vertex',(1.59500000067,-1.,0.324999999255)) ;
#3845=CARTESIAN_POINT('Line Origine',(1.59500000067,-1.,0.)) ;
#3849=CARTESIAN_POINT('Vertex',(1.59500000067,-1.,-0.324999999255)) ;
#3852=CARTESIAN_POINT('Line Origine',(1.27000000048,-1.,-0.324999999255)) ;
#3863=CARTESIAN_POINT('Line Origine',(-1.59500000067,-1.,0.)) ;
#3867=CARTESIAN_POINT('Vertex',(-1.59500000067,-1.,-0.324999999255)) ;
#3869=CARTESIAN_POINT('Vertex',(-1.59500000067,-1.,0.324999999255)) ;
#3872=CARTESIAN_POINT('Line Origine',(-1.27000000048,-1.,0.324999999255)) ;
#3876=CARTESIAN_POINT('Vertex',(-0.945000000298,-1.,0.324999999255)) ;
#3879=CARTESIAN_POINT('Line Origine',(-0.945000000298,-1.,0.)) ;
#3883=CARTESIAN_POINT('Vertex',(-0.945000000298,-1.,-0.324999999255)) ;
#3886=CARTESIAN_POINT('Line Origine',(-1.27000000048,-1.,-0.324999999255)) ;
#3897=CARTESIAN_POINT('Line Origine',(-4.13499999978,-1.,0.)) ;
#3901=CARTESIAN_POINT('Vertex',(-4.13499999978,-1.,-0.324999999255)) ;
#3903=CARTESIAN_POINT('Vertex',(-4.13499999978,-1.,0.324999999255)) ;
#3906=CARTESIAN_POINT('Line Origine',(-3.80999999959,-1.,0.324999999255)) ;
#3910=CARTESIAN_POINT('Vertex',(-3.4849999994,-1.,0.324999999255)) ;
#3913=CARTESIAN_POINT('Line Origine',(-3.4849999994,-1.,0.)) ;
#3917=CARTESIAN_POINT('Vertex',(-3.4849999994,-1.,-0.324999999255)) ;
#3920=CARTESIAN_POINT('Line Origine',(-3.80999999959,-1.,-0.324999999255)) ;
#3931=CARTESIAN_POINT('Line Origine',(3.4849999994,-1.,0.)) ;
#3935=CARTESIAN_POINT('Vertex',(3.4849999994,-1.,-0.325)) ;
#3937=CARTESIAN_POINT('Vertex',(3.4849999994,-1.,0.325)) ;
#3940=CARTESIAN_POINT('Line Origine',(3.80999999959,-1.,0.324999999255)) ;
#3944=CARTESIAN_POINT('Vertex',(4.135,-1.,0.325000000373)) ;
#3947=CARTESIAN_POINT('Line Origine',(4.13499999978,-1.,0.)) ;
#3951=CARTESIAN_POINT('Vertex',(4.13499999978,-1.,-0.325)) ;
#3954=CARTESIAN_POINT('Line Origine',(3.80999999959,-1.,-0.324999999255)) ;
#3967=CARTESIAN_POINT('Axis2P3D Location',(0.,1.5,0.)) ;
#3980=CARTESIAN_POINT('Axis2P3D Location',(0.,1.5,0.)) ;
#3993=CARTESIAN_POINT('Axis2P3D Location',(0.,1.5,0.)) ;
#4006=CARTESIAN_POINT('Axis2P3D Location',(0.,1.5,0.)) ;
#4019=CARTESIAN_POINT('Axis2P3D Location',(0.,1.5,0.)) ;
#4032=CARTESIAN_POINT('Axis2P3D Location',(0.,1.5,0.)) ;
#4045=CARTESIAN_POINT('Axis2P3D Location',(0.,1.5,0.)) ;
#4058=CARTESIAN_POINT('Axis2P3D Location',(0.,1.5,0.)) ;
#4071=CARTESIAN_POINT('Axis2P3D Location',(0.,1.5,0.)) ;
#4084=CARTESIAN_POINT('Axis2P3D Location',(0.,1.5,0.)) ;
#4097=CARTESIAN_POINT('Axis2P3D Location',(0.,1.5,0.)) ;
#4110=CARTESIAN_POINT('Axis2P3D Location',(0.,1.5,0.)) ;
#4123=CARTESIAN_POINT('Axis2P3D Location',(0.,1.5,0.)) ;
#4136=CARTESIAN_POINT('Axis2P3D Location',(0.,1.5,0.)) ;
#4149=CARTESIAN_POINT('Axis2P3D Location',(0.,1.5,0.)) ;
#4162=CARTESIAN_POINT('Axis2P3D Location',(4.035,4.042,0.)) ;
#4167=CARTESIAN_POINT('Line Origine',(4.035,4.042,-0.224999999627)) ;
#4171=CARTESIAN_POINT('Vertex',(3.935,4.36700000015,-0.124999999953)) ;
#4174=CARTESIAN_POINT('Line Origine',(3.93499999995,4.36700000015,0.)) ;
#4178=CARTESIAN_POINT('Vertex',(3.93499999995,4.36700000015,0.125)) ;
#4181=CARTESIAN_POINT('Line Origine',(4.035,4.042,0.224999999627)) ;
#4194=CARTESIAN_POINT('Axis2P3D Location',(3.81,4.042,0.225)) ;
#4199=CARTESIAN_POINT('Line Origine',(3.58500000037,4.042,0.225)) ;
#4203=CARTESIAN_POINT('Vertex',(3.685,4.36700000015,0.124999999953)) ;
#4206=CARTESIAN_POINT('Line Origine',(3.81,4.36700000015,0.124999999953)) ;
#4219=CARTESIAN_POINT('Axis2P3D Location',(3.585,4.042,0.)) ;
#4224=CARTESIAN_POINT('Line Origine',(3.68500000005,4.36700000015,0.)) ;
#4228=CARTESIAN_POINT('Vertex',(3.685,4.36700000015,-0.124999999953)) ;
#4231=CARTESIAN_POINT('Line Origine',(3.585,4.042,-0.224999999627)) ;
#4244=CARTESIAN_POINT('Axis2P3D Location',(3.81,4.042,-0.225)) ;
#4249=CARTESIAN_POINT('Line Origine',(3.81,4.36700000015,-0.124999999953)) ;
#4262=CARTESIAN_POINT('Axis2P3D Location',(1.495,4.042,0.)) ;
#4267=CARTESIAN_POINT('Line Origine',(1.495,4.042,-0.224999999627)) ;
#4271=CARTESIAN_POINT('Vertex',(1.395,4.36700000015,-0.124999999953)) ;
#4274=CARTESIAN_POINT('Line Origine',(1.39499999995,4.36700000015,0.)) ;
#4278=CARTESIAN_POINT('Vertex',(1.39499999995,4.36700000015,0.125)) ;
#4281=CARTESIAN_POINT('Line Origine',(1.495,4.042,0.224999999627)) ;
#4294=CARTESIAN_POINT('Axis2P3D Location',(1.27,4.042,0.225)) ;
#4299=CARTESIAN_POINT('Line Origine',(1.04500000037,4.042,0.225)) ;
#4303=CARTESIAN_POINT('Vertex',(1.145,4.36700000015,0.124999999953)) ;
#4306=CARTESIAN_POINT('Line Origine',(1.27,4.36700000015,0.124999999953)) ;
#4319=CARTESIAN_POINT('Axis2P3D Location',(1.045,4.042,0.)) ;
#4324=CARTESIAN_POINT('Line Origine',(1.14500000005,4.36700000015,0.)) ;
#4328=CARTESIAN_POINT('Vertex',(1.145,4.36700000015,-0.124999999953)) ;
#4331=CARTESIAN_POINT('Line Origine',(1.045,4.042,-0.224999999627)) ;
#4344=CARTESIAN_POINT('Axis2P3D Location',(1.27,4.042,-0.225)) ;
#4349=CARTESIAN_POINT('Line Origine',(1.27,4.36700000015,-0.124999999953)) ;
#4362=CARTESIAN_POINT('Axis2P3D Location',(-1.045,4.042,0.)) ;
#4367=CARTESIAN_POINT('Line Origine',(-1.045,4.042,-0.224999999627)) ;
#4371=CARTESIAN_POINT('Vertex',(-1.145,4.36700000015,-0.124999999953)) ;
#4374=CARTESIAN_POINT('Line Origine',(-1.14500000005,4.36700000015,0.)) ;
#4378=CARTESIAN_POINT('Vertex',(-1.14500000005,4.36700000015,0.125)) ;
#4381=CARTESIAN_POINT('Line Origine',(-1.045,4.042,0.224999999627)) ;
#4394=CARTESIAN_POINT('Axis2P3D Location',(-1.27,4.042,0.225)) ;
#4399=CARTESIAN_POINT('Line Origine',(-1.49499999963,4.042,0.225)) ;
#4403=CARTESIAN_POINT('Vertex',(-1.395,4.36700000015,0.124999999953)) ;
#4406=CARTESIAN_POINT('Line Origine',(-1.27,4.36700000015,0.124999999953)) ;
#4419=CARTESIAN_POINT('Axis2P3D Location',(-1.495,4.042,0.)) ;
#4424=CARTESIAN_POINT('Line Origine',(-1.39499999995,4.36700000015,0.)) ;
#4428=CARTESIAN_POINT('Vertex',(-1.395,4.36700000015,-0.124999999953)) ;
#4431=CARTESIAN_POINT('Line Origine',(-1.495,4.042,-0.224999999627)) ;
#4444=CARTESIAN_POINT('Axis2P3D Location',(-1.27,4.042,-0.225)) ;
#4449=CARTESIAN_POINT('Line Origine',(-1.27,4.36700000015,-0.124999999953)) ;
#4462=CARTESIAN_POINT('Axis2P3D Location',(-3.585,4.042,0.)) ;
#4467=CARTESIAN_POINT('Line Origine',(-3.585,4.042,-0.224999999627)) ;
#4471=CARTESIAN_POINT('Vertex',(-3.685,4.36700000015,-0.124999999953)) ;
#4474=CARTESIAN_POINT('Line Origine',(-3.68500000005,4.36700000015,0.)) ;
#4478=CARTESIAN_POINT('Vertex',(-3.68500000005,4.36700000015,0.125)) ;
#4481=CARTESIAN_POINT('Line Origine',(-3.585,4.042,0.224999999627)) ;
#4494=CARTESIAN_POINT('Axis2P3D Location',(-3.81,4.042,0.225)) ;
#4499=CARTESIAN_POINT('Line Origine',(-4.03499999963,4.042,0.225)) ;
#4503=CARTESIAN_POINT('Vertex',(-3.935,4.36700000015,0.124999999953)) ;
#4506=CARTESIAN_POINT('Line Origine',(-3.81,4.36700000015,0.124999999953)) ;
#4519=CARTESIAN_POINT('Axis2P3D Location',(-4.035,4.042,0.)) ;
#4524=CARTESIAN_POINT('Line Origine',(-3.93499999995,4.36700000015,0.)) ;
#4528=CARTESIAN_POINT('Vertex',(-3.935,4.36700000015,-0.124999999953)) ;
#4531=CARTESIAN_POINT('Line Origine',(-4.035,4.042,-0.224999999627)) ;
#4544=CARTESIAN_POINT('Axis2P3D Location',(-3.81,4.042,-0.225)) ;
#4549=CARTESIAN_POINT('Line Origine',(-3.81,4.36700000015,-0.124999999953)) ;
#4562=CARTESIAN_POINT('Axis2P3D Location',(0.,1.5,0.)) ;
#4575=CARTESIAN_POINT('Axis2P3D Location',(0.945,4.367,-0.325)) ;
#4580=CARTESIAN_POINT('Line Origine',(0.945,-4.05000000037,0.325000000373)) ;
#4584=CARTESIAN_POINT('Vertex',(0.945000000298,-7.09999999963,0.325)) ;
#4587=CARTESIAN_POINT('Line Origine',(0.945,-4.05000000037,-0.325)) ;
#4591=CARTESIAN_POINT('Vertex',(0.945000000298,-7.09999999963,-0.325)) ;
#4594=CARTESIAN_POINT('Line Origine',(0.945,-7.10000000018,1.86264503821E-010)) ;
#4607=CARTESIAN_POINT('Axis2P3D Location',(0.,0.,0.325)) ;
#4612=CARTESIAN_POINT('Line Origine',(1.59500000067,-4.04999999981,0.325)) ;
#4616=CARTESIAN_POINT('Vertex',(1.595,-7.09999999963,0.325000000373)) ;
#4619=CARTESIAN_POINT('Line Origine',(1.27000000048,-7.09999999963,0.325)) ;
#4632=CARTESIAN_POINT('Axis2P3D Location',(1.595,-7.75,-0.325)) ;
#4637=CARTESIAN_POINT('Line Origine',(1.595,-4.04999999981,-0.325)) ;
#4641=CARTESIAN_POINT('Vertex',(1.59500000067,-7.09999999963,-0.325)) ;
#4644=CARTESIAN_POINT('Line Origine',(1.595,-7.09999999963,1.86264503821E-010)) ;
#4657=CARTESIAN_POINT('Axis2P3D Location',(0.,0.,-0.325)) ;
#4662=CARTESIAN_POINT('Line Origine',(1.27000000048,-7.09999999963,-0.325)) ;
#4675=CARTESIAN_POINT('Axis2P3D Location',(-1.595,4.367,-0.325)) ;
#4680=CARTESIAN_POINT('Line Origine',(-1.595,-4.05000000037,0.325000000373)) ;
#4684=CARTESIAN_POINT('Vertex',(-1.59500000067,-7.09999999963,0.325)) ;
#4687=CARTESIAN_POINT('Line Origine',(-1.595,-4.05000000037,-0.325)) ;
#4691=CARTESIAN_POINT('Vertex',(-1.59500000067,-7.09999999963,-0.325)) ;
#4694=CARTESIAN_POINT('Line Origine',(-1.595,-7.10000000018,1.86264503821E-010)) ;
#4707=CARTESIAN_POINT('Axis2P3D Location',(0.,0.,0.325)) ;
#4712=CARTESIAN_POINT('Line Origine',(-0.945000000298,-4.04999999981,0.325)) ;
#4716=CARTESIAN_POINT('Vertex',(-0.945,-7.09999999963,0.325000000373)) ;
#4719=CARTESIAN_POINT('Line Origine',(-1.27000000048,-7.09999999963,0.325)) ;
#4732=CARTESIAN_POINT('Axis2P3D Location',(-0.945,-7.75,-0.325)) ;
#4737=CARTESIAN_POINT('Line Origine',(-0.945,-4.04999999981,-0.325)) ;
#4741=CARTESIAN_POINT('Vertex',(-0.945000000298,-7.09999999963,-0.325)) ;
#4744=CARTESIAN_POINT('Line Origine',(-0.945,-7.09999999963,1.86264503821E-010)) ;
#4757=CARTESIAN_POINT('Axis2P3D Location',(0.,0.,-0.325)) ;
#4762=CARTESIAN_POINT('Line Origine',(-1.27000000048,-7.09999999963,-0.325)) ;
#4775=CARTESIAN_POINT('Axis2P3D Location',(-4.135,4.367,-0.325)) ;
#4780=CARTESIAN_POINT('Line Origine',(-4.135,-4.05000000037,0.325000000373)) ;
#4784=CARTESIAN_POINT('Vertex',(-4.13499999978,-7.09999999963,0.325)) ;
#4787=CARTESIAN_POINT('Line Origine',(-4.135,-4.05000000037,-0.325)) ;
#4791=CARTESIAN_POINT('Vertex',(-4.13499999978,-7.09999999963,-0.325)) ;
#4794=CARTESIAN_POINT('Line Origine',(-4.135,-7.10000000018,1.86264503821E-010)) ;
#4807=CARTESIAN_POINT('Axis2P3D Location',(0.,0.,0.325)) ;
#4812=CARTESIAN_POINT('Line Origine',(-3.4849999994,-4.04999999981,0.325)) ;
#4816=CARTESIAN_POINT('Vertex',(-3.485,-7.09999999963,0.325000000373)) ;
#4819=CARTESIAN_POINT('Line Origine',(-3.80999999959,-7.09999999963,0.325)) ;
#4832=CARTESIAN_POINT('Axis2P3D Location',(-3.485,-7.75,-0.325)) ;
#4837=CARTESIAN_POINT('Line Origine',(-3.485,-4.04999999981,-0.325)) ;
#4841=CARTESIAN_POINT('Vertex',(-3.4849999994,-7.09999999963,-0.325)) ;
#4844=CARTESIAN_POINT('Line Origine',(-3.485,-7.09999999963,1.86264503821E-010)) ;
#4857=CARTESIAN_POINT('Axis2P3D Location',(0.,0.,-0.325)) ;
#4862=CARTESIAN_POINT('Line Origine',(-3.80999999959,-7.09999999963,-0.325)) ;
#4875=CARTESIAN_POINT('Axis2P3D Location',(3.485,4.367,-0.325)) ;
#4880=CARTESIAN_POINT('Line Origine',(3.485,-4.05000000037,0.325000000373)) ;
#4884=CARTESIAN_POINT('Vertex',(3.4849999994,-7.09999999963,0.325)) ;
#4887=CARTESIAN_POINT('Line Origine',(3.485,-4.05000000037,-0.325)) ;
#4891=CARTESIAN_POINT('Vertex',(3.4849999994,-7.09999999963,-0.325)) ;
#4894=CARTESIAN_POINT('Line Origine',(3.485,-7.10000000018,1.86264503821E-010)) ;
#4907=CARTESIAN_POINT('Axis2P3D Location',(0.,0.,0.325)) ;
#4912=CARTESIAN_POINT('Line Origine',(4.13499999978,-4.04999999981,0.325)) ;
#4916=CARTESIAN_POINT('Vertex',(4.135,-7.09999999963,0.325000000373)) ;
#4919=CARTESIAN_POINT('Line Origine',(3.80999999959,-7.09999999963,0.325)) ;
#4932=CARTESIAN_POINT('Axis2P3D Location',(4.135,-7.75,-0.325)) ;
#4937=CARTESIAN_POINT('Line Origine',(4.135,-4.04999999981,-0.325)) ;
#4941=CARTESIAN_POINT('Vertex',(4.13499999978,-7.09999999963,-0.325)) ;
#4944=CARTESIAN_POINT('Line Origine',(4.135,-7.09999999963,1.86264503821E-010)) ;
#4957=CARTESIAN_POINT('Axis2P3D Location',(0.,0.,-0.325)) ;
#4962=CARTESIAN_POINT('Line Origine',(3.80999999959,-7.09999999963,-0.325)) ;
#4975=CARTESIAN_POINT('Axis2P3D Location',(4.135,4.367,-0.325)) ;
#4988=CARTESIAN_POINT('Axis2P3D Location',(1.595,4.367,-0.325)) ;
#5001=CARTESIAN_POINT('Axis2P3D Location',(-0.945,4.367,-0.325)) ;
#5014=CARTESIAN_POINT('Axis2P3D Location',(-3.485,4.367,-0.325)) ;
#5027=CARTESIAN_POINT('Axis2P3D Location',(1.045,-7.425,0.)) ;
#5032=CARTESIAN_POINT('Line Origine',(1.045,-7.425,0.224999999627)) ;
#5036=CARTESIAN_POINT('Vertex',(1.14500000005,-7.75000000015,0.125)) ;
#5039=CARTESIAN_POINT('Line Origine',(1.045,-7.425,-0.224999999627)) ;
#5043=CARTESIAN_POINT('Vertex',(1.14500000005,-7.75000000015,-0.125)) ;
#5046=CARTESIAN_POINT('Line Origine',(1.14500000005,-7.75000000015,0.)) ;
#5059=CARTESIAN_POINT('Axis2P3D Location',(1.27,-7.425,0.225)) ;
#5064=CARTESIAN_POINT('Line Origine',(1.49499999963,-7.425,0.225)) ;
#5068=CARTESIAN_POINT('Vertex',(1.39499999925,-7.75,0.124999999255)) ;
#5071=CARTESIAN_POINT('Line Origine',(1.27,-7.75000000015,0.124999999953)) ;
#5084=CARTESIAN_POINT('Axis2P3D Location',(1.495,-7.425,0.)) ;
#5089=CARTESIAN_POINT('Line Origine',(1.39499999995,-7.75000000015,0.)) ;
#5093=CARTESIAN_POINT('Vertex',(1.39499999925,-7.75,-0.125000000745)) ;
#5096=CARTESIAN_POINT('Line Origine',(1.495,-7.425,-0.224999999627)) ;
#5109=CARTESIAN_POINT('Axis2P3D Location',(1.27,-7.425,-0.225)) ;
#5114=CARTESIAN_POINT('Line Origine',(1.27,-7.75000000015,-0.124999999953)) ;
#5127=CARTESIAN_POINT('Axis2P3D Location',(-1.495,-7.425,0.)) ;
#5132=CARTESIAN_POINT('Line Origine',(-1.495,-7.425,0.224999999627)) ;
#5136=CARTESIAN_POINT('Vertex',(-1.39499999995,-7.75000000015,0.125)) ;
#5139=CARTESIAN_POINT('Line Origine',(-1.495,-7.425,-0.224999999627)) ;
#5143=CARTESIAN_POINT('Vertex',(-1.39499999995,-7.75000000015,-0.125)) ;
#5146=CARTESIAN_POINT('Line Origine',(-1.39499999995,-7.75000000015,0.)) ;
#5159=CARTESIAN_POINT('Axis2P3D Location',(-1.27,-7.425,0.225)) ;
#5164=CARTESIAN_POINT('Line Origine',(-1.04500000037,-7.425,0.225)) ;
#5168=CARTESIAN_POINT('Vertex',(-1.14500000075,-7.75,0.124999999255)) ;
#5171=CARTESIAN_POINT('Line Origine',(-1.27,-7.75000000015,0.124999999953)) ;
#5184=CARTESIAN_POINT('Axis2P3D Location',(-1.045,-7.425,0.)) ;
#5189=CARTESIAN_POINT('Line Origine',(-1.14500000005,-7.75000000015,0.)) ;
#5193=CARTESIAN_POINT('Vertex',(-1.14500000075,-7.75,-0.125000000745)) ;
#5196=CARTESIAN_POINT('Line Origine',(-1.045,-7.425,-0.224999999627)) ;
#5209=CARTESIAN_POINT('Axis2P3D Location',(-1.27,-7.425,-0.225)) ;
#5214=CARTESIAN_POINT('Line Origine',(-1.27,-7.75000000015,-0.124999999953)) ;
#5227=CARTESIAN_POINT('Axis2P3D Location',(-4.035,-7.425,0.)) ;
#5232=CARTESIAN_POINT('Line Origine',(-4.035,-7.425,0.224999999627)) ;
#5236=CARTESIAN_POINT('Vertex',(-3.93499999995,-7.75000000015,0.125)) ;
#5239=CARTESIAN_POINT('Line Origine',(-4.035,-7.425,-0.224999999627)) ;
#5243=CARTESIAN_POINT('Vertex',(-3.93499999995,-7.75000000015,-0.125)) ;
#5246=CARTESIAN_POINT('Line Origine',(-3.93499999995,-7.75000000015,0.)) ;
#5259=CARTESIAN_POINT('Axis2P3D Location',(-3.81,-7.425,0.225)) ;
#5264=CARTESIAN_POINT('Line Origine',(-3.58500000037,-7.425,0.225)) ;
#5268=CARTESIAN_POINT('Vertex',(-3.68500000075,-7.75,0.124999999255)) ;
#5271=CARTESIAN_POINT('Line Origine',(-3.81,-7.75000000015,0.124999999953)) ;
#5284=CARTESIAN_POINT('Axis2P3D Location',(-3.585,-7.425,0.)) ;
#5289=CARTESIAN_POINT('Line Origine',(-3.68500000005,-7.75000000015,0.)) ;
#5293=CARTESIAN_POINT('Vertex',(-3.68500000075,-7.75,-0.125000000745)) ;
#5296=CARTESIAN_POINT('Line Origine',(-3.585,-7.425,-0.224999999627)) ;
#5309=CARTESIAN_POINT('Axis2P3D Location',(-3.81,-7.425,-0.225)) ;
#5314=CARTESIAN_POINT('Line Origine',(-3.81,-7.75000000015,-0.124999999953)) ;
#5327=CARTESIAN_POINT('Axis2P3D Location',(3.585,-7.425,0.)) ;
#5332=CARTESIAN_POINT('Line Origine',(3.585,-7.425,0.224999999627)) ;
#5336=CARTESIAN_POINT('Vertex',(3.68500000005,-7.75000000015,0.125)) ;
#5339=CARTESIAN_POINT('Line Origine',(3.585,-7.425,-0.224999999627)) ;
#5343=CARTESIAN_POINT('Vertex',(3.68500000005,-7.75000000015,-0.125)) ;
#5346=CARTESIAN_POINT('Line Origine',(3.68500000005,-7.75000000015,0.)) ;
#5359=CARTESIAN_POINT('Axis2P3D Location',(3.81,-7.425,0.225)) ;
#5364=CARTESIAN_POINT('Line Origine',(4.03499999963,-7.425,0.225)) ;
#5368=CARTESIAN_POINT('Vertex',(3.93499999925,-7.75,0.124999999255)) ;
#5371=CARTESIAN_POINT('Line Origine',(3.81,-7.75000000015,0.124999999953)) ;
#5384=CARTESIAN_POINT('Axis2P3D Location',(4.035,-7.425,0.)) ;
#5389=CARTESIAN_POINT('Line Origine',(3.93499999995,-7.75000000015,0.)) ;
#5393=CARTESIAN_POINT('Vertex',(3.93499999925,-7.75,-0.125000000745)) ;
#5396=CARTESIAN_POINT('Line Origine',(4.035,-7.425,-0.224999999627)) ;
#5409=CARTESIAN_POINT('Axis2P3D Location',(3.81,-7.425,-0.225)) ;
#5414=CARTESIAN_POINT('Line Origine',(3.81,-7.75000000015,-0.124999999953)) ;
#5427=CARTESIAN_POINT('Axis2P3D Location',(0.945,-7.75,-0.325)) ;
#5440=CARTESIAN_POINT('Axis2P3D Location',(-1.595,-7.75,-0.325)) ;
#5453=CARTESIAN_POINT('Axis2P3D Location',(-4.135,-7.75,-0.325)) ;
#5466=CARTESIAN_POINT('Axis2P3D Location',(3.485,-7.75,-0.325)) ;
#32=DIRECTION('Axis2P3D Direction',(0.,-1.,0.)) ;
#33=DIRECTION('Axis2P3D XDirection',(1.,0.,0.)) ;
#37=DIRECTION('Vector Direction',(1.,0.,0.)) ;
#46=DIRECTION('Vector Direction',(0.4472135955,0.,-0.894427191)) ;
#53=DIRECTION('Vector Direction',(0.,0.,-1.)) ;
#60=DIRECTION('Vector Direction',(-0.4472135955,0.,-0.894427191)) ;
#67=DIRECTION('Vector Direction',(-1.,0.,0.)) ;
#74=DIRECTION('Vector Direction',(-0.4472135955,0.,0.894427191)) ;
#81=DIRECTION('Vector Direction',(-1.,0.,0.)) ;
#88=DIRECTION('Vector Direction',(-0.4472135955,0.,-0.894427191)) ;
#95=DIRECTION('Vector Direction',(-1.,0.,0.)) ;
#102=DIRECTION('Vector Direction',(-0.4472135955,0.,0.894427191)) ;
#109=DIRECTION('Vector Direction',(-1.,0.,0.)) ;
#116=DIRECTION('Vector Direction',(-0.4472135955,0.,-0.894427191)) ;
#123=DIRECTION('Vector Direction',(-1.,0.,0.)) ;
#130=DIRECTION('Vector Direction',(-0.4472135955,0.,0.894427191)) ;
#137=DIRECTION('Vector Direction',(-1.,0.,0.)) ;
#144=DIRECTION('Vector Direction',(-0.4472135955,0.,-0.894427191)) ;
#151=DIRECTION('Vector Direction',(-1.,0.,0.)) ;
#158=DIRECTION('Vector Direction',(-0.4472135955,0.,0.894427191)) ;
#165=DIRECTION('Vector Direction',(0.,0.,1.)) ;
#172=DIRECTION('Vector Direction',(0.4472135955,0.,0.894427191)) ;
#179=DIRECTION('Vector Direction',(1.,0.,0.)) ;
#186=DIRECTION('Vector Direction',(0.4472135955,0.,-0.894427191)) ;
#193=DIRECTION('Vector Direction',(1.,0.,0.)) ;
#200=DIRECTION('Vector Direction',(0.4472135955,0.,0.894427191)) ;
#207=DIRECTION('Vector Direction',(1.,0.,0.)) ;
#214=DIRECTION('Vector Direction',(0.4472135955,0.,-0.894427191)) ;
#221=DIRECTION('Vector Direction',(1.,0.,0.)) ;
#228=DIRECTION('Vector Direction',(0.4472135955,0.,0.894427191)) ;
#235=DIRECTION('Vector Direction',(1.,0.,0.)) ;
#242=DIRECTION('Vector Direction',(0.4472135955,0.,-0.894427191)) ;
#249=DIRECTION('Vector Direction',(1.,0.,0.)) ;
#256=DIRECTION('Vector Direction',(0.4472135955,0.,0.894427191)) ;
#295=DIRECTION('Vector Direction',(-1.,0.,0.)) ;
#304=DIRECTION('Vector Direction',(0.500000000528,0.,-0.866025403479)) ;
#311=DIRECTION('Vector Direction',(1.,0.,0.)) ;
#318=DIRECTION('Vector Direction',(-0.499999998109,0.,0.866025404876)) ;
#329=DIRECTION('Vector Direction',(1.,0.,0.)) ;
#338=DIRECTION('Vector Direction',(-0.500000000528,0.,0.866025403479)) ;
#345=DIRECTION('Vector Direction',(-1.,0.,0.)) ;
#352=DIRECTION('Vector Direction',(0.500000000528,0.,-0.866025403479)) ;
#363=DIRECTION('Vector Direction',(0.499999998109,0.,0.866025404876)) ;
#372=DIRECTION('Vector Direction',(-1.,0.,0.)) ;
#379=DIRECTION('Vector Direction',(-0.500000000528,0.,-0.866025403479)) ;
#386=DIRECTION('Vector Direction',(1.,0.,0.)) ;
#397=DIRECTION('Vector Direction',(-0.499999998109,0.,-0.866025404876)) ;
#406=DIRECTION('Vector Direction',(1.,0.,0.)) ;
#413=DIRECTION('Vector Direction',(0.500000000528,0.,0.866025403479)) ;
#420=DIRECTION('Vector Direction',(-1.,0.,0.)) ;
#431=DIRECTION('Vector Direction',(-1.,0.,0.)) ;
#440=DIRECTION('Vector Direction',(0.500000000528,0.,-0.866025403479)) ;
#447=DIRECTION('Vector Direction',(1.,0.,0.)) ;
#454=DIRECTION('Vector Direction',(-0.500000000528,0.,0.866025403479)) ;
#465=DIRECTION('Vector Direction',(1.,0.,0.)) ;
#474=DIRECTION('Vector Direction',(-0.500000000528,0.,0.866025403479)) ;
#481=DIRECTION('Vector Direction',(-1.,0.,0.)) ;
#488=DIRECTION('Vector Direction',(0.499999998109,0.,-0.866025404876)) ;
#499=DIRECTION('Vector Direction',(0.500000000528,0.,0.866025403479)) ;
#508=DIRECTION('Vector Direction',(-1.,0.,0.)) ;
#515=DIRECTION('Vector Direction',(-0.500000000528,0.,-0.866025403479)) ;
#522=DIRECTION('Vector Direction',(1.,0.,0.)) ;
#533=DIRECTION('Vector Direction',(-0.500000000528,0.,-0.866025403479)) ;
#542=DIRECTION('Vector Direction',(1.,0.,0.)) ;
#549=DIRECTION('Vector Direction',(0.500000000528,0.,0.866025403479)) ;
#556=DIRECTION('Vector Direction',(-1.,0.,0.)) ;
#567=DIRECTION('Vector Direction',(-1.,0.,0.)) ;
#576=DIRECTION('Vector Direction',(0.500000000528,0.,-0.866025403479)) ;
#583=DIRECTION('Vector Direction',(1.,0.,0.)) ;
#590=DIRECTION('Vector Direction',(-0.499999998109,0.,0.866025404876)) ;
#601=DIRECTION('Vector Direction',(1.,0.,0.)) ;
#610=DIRECTION('Vector Direction',(-0.500000000528,0.,0.866025403479)) ;
#617=DIRECTION('Vector Direction',(-1.,0.,0.)) ;
#624=DIRECTION('Vector Direction',(0.500000000528,0.,-0.866025403479)) ;
#635=DIRECTION('Vector Direction',(0.499999998109,0.,0.866025404876)) ;
#644=DIRECTION('Vector Direction',(-1.,0.,0.)) ;
#651=DIRECTION('Vector Direction',(-0.500000000528,0.,-0.866025403479)) ;
#658=DIRECTION('Vector Direction',(1.,0.,0.)) ;
#669=DIRECTION('Vector Direction',(-0.499999998109,0.,-0.866025404876)) ;
#678=DIRECTION('Vector Direction',(1.,0.,0.)) ;
#685=DIRECTION('Vector Direction',(0.500000000528,0.,0.866025403479)) ;
#692=DIRECTION('Vector Direction',(-1.,0.,0.)) ;
#703=DIRECTION('Vector Direction',(-1.,0.,0.)) ;
#712=DIRECTION('Vector Direction',(0.500000000528,0.,-0.866025403479)) ;
#719=DIRECTION('Vector Direction',(1.,0.,0.)) ;
#726=DIRECTION('Vector Direction',(-0.500000000528,0.,0.866025403479)) ;
#737=DIRECTION('Vector Direction',(1.,0.,0.)) ;
#746=DIRECTION('Vector Direction',(-0.500000000528,0.,0.866025403479)) ;
#753=DIRECTION('Vector Direction',(-1.,0.,0.)) ;
#760=DIRECTION('Vector Direction',(0.499999998109,0.,-0.866025404876)) ;
#771=DIRECTION('Vector Direction',(0.500000000528,0.,0.866025403479)) ;
#780=DIRECTION('Vector Direction',(-1.,0.,0.)) ;
#787=DIRECTION('Vector Direction',(-0.500000000528,0.,-0.866025403479)) ;
#794=DIRECTION('Vector Direction',(1.,0.,0.)) ;
#805=DIRECTION('Vector Direction',(0.,0.,1.)) ;
#814=DIRECTION('Vector Direction',(1.,0.,0.)) ;
#821=DIRECTION('Vector Direction',(0.,0.,1.)) ;
#828=DIRECTION('Vector Direction',(1.,0.,0.)) ;
#839=DIRECTION('Vector Direction',(0.,0.,1.)) ;
#848=DIRECTION('Vector Direction',(1.,0.,0.)) ;
#855=DIRECTION('Vector Direction',(0.,0.,1.)) ;
#862=DIRECTION('Vector Direction',(1.,0.,0.)) ;
#873=DIRECTION('Vector Direction',(0.,0.,1.)) ;
#882=DIRECTION('Vector Direction',(1.,0.,0.)) ;
#889=DIRECTION('Vector Direction',(0.,0.,1.)) ;
#896=DIRECTION('Vector Direction',(1.,0.,0.)) ;
#907=DIRECTION('Vector Direction',(0.,0.,1.)) ;
#916=DIRECTION('Vector Direction',(1.,0.,0.)) ;
#923=DIRECTION('Vector Direction',(0.,0.,1.)) ;
#930=DIRECTION('Vector Direction',(1.,0.,0.)) ;
#941=DIRECTION('Vector Direction',(-0.500000000528,0.,-0.866025403479)) ;
#950=DIRECTION('Vector Direction',(1.,0.,0.)) ;
#957=DIRECTION('Vector Direction',(0.500000000528,0.,0.866025403479)) ;
#964=DIRECTION('Vector Direction',(-1.,0.,0.)) ;
#984=DIRECTION('Axis2P3D Direction',(0.,0.,-1.)) ;
#985=DIRECTION('Axis2P3D XDirection',(1.,0.,0.)) ;
#989=DIRECTION('Vector Direction',(1.,0.,0.)) ;
#998=DIRECTION('Vector Direction',(0.,-1.,0.)) ;
#1003=DIRECTION('Vector Direction',(0.,-1.,0.)) ;
#1016=DIRECTION('Axis2P3D Direction',(-0.894427191,0.,-0.4472135955)) ;
#1017=DIRECTION('Axis2P3D XDirection',(0.4472135955,0.,-0.894427191)) ;
#1021=DIRECTION('Vector Direction',(0.4472135955,0.,-0.894427191)) ;
#1028=DIRECTION('Vector Direction',(0.,-1.,0.)) ;
#1041=DIRECTION('Axis2P3D Direction',(-1.,0.,0.)) ;
#1042=DIRECTION('Axis2P3D XDirection',(0.,0.,-1.)) ;
#1046=DIRECTION('Vector Direction',(0.,0.,-1.)) ;
#1053=DIRECTION('Vector Direction',(0.,-1.,0.)) ;
#1066=DIRECTION('Axis2P3D Direction',(-0.894427191,0.,0.4472135955)) ;
#1067=DIRECTION('Axis2P3D XDirection',(-0.4472135955,0.,-0.894427191)) ;
#1071=DIRECTION('Vector Direction',(-0.4472135955,0.,-0.894427191)) ;
#1078=DIRECTION('Vector Direction',(0.,-1.,0.)) ;
#1091=DIRECTION('Axis2P3D Direction',(0.,0.,1.)) ;
#1092=DIRECTION('Axis2P3D XDirection',(-1.,0.,0.)) ;
#1096=DIRECTION('Vector Direction',(-1.,0.,0.)) ;
#1103=DIRECTION('Vector Direction',(0.,-1.,0.)) ;
#1116=DIRECTION('Axis2P3D Direction',(-0.894427191,0.,-0.4472135955)) ;
#1117=DIRECTION('Axis2P3D XDirection',(-0.4472135955,0.,0.894427191)) ;
#1121=DIRECTION('Vector Direction',(-0.4472135955,0.,0.894427191)) ;
#1128=DIRECTION('Vector Direction',(0.,-1.,0.)) ;
#1141=DIRECTION('Axis2P3D Direction',(0.,0.,-1.)) ;
#1142=DIRECTION('Axis2P3D XDirection',(-1.,0.,0.)) ;
#1146=DIRECTION('Vector Direction',(-1.,0.,0.)) ;
#1153=DIRECTION('Vector Direction',(0.,-1.,0.)) ;
#1166=DIRECTION('Axis2P3D Direction',(0.894427191,0.,-0.4472135955)) ;
#1167=DIRECTION('Axis2P3D XDirection',(-0.4472135955,0.,-0.894427191)) ;
#1171=DIRECTION('Vector Direction',(-0.4472135955,0.,-0.894427191)) ;
#1178=DIRECTION('Vector Direction',(0.,-1.,0.)) ;
#1191=DIRECTION('Axis2P3D Direction',(0.,0.,1.)) ;
#1192=DIRECTION('Axis2P3D XDirection',(-1.,0.,0.)) ;
#1196=DIRECTION('Vector Direction',(-1.,0.,0.)) ;
#1203=DIRECTION('Vector Direction',(0.,-1.,0.)) ;
#1216=DIRECTION('Axis2P3D Direction',(-0.894427191,0.,-0.4472135955)) ;
#1217=DIRECTION('Axis2P3D XDirection',(-0.4472135955,0.,0.894427191)) ;
#1221=DIRECTION('Vector Direction',(-0.4472135955,0.,0.894427191)) ;
#1228=DIRECTION('Vector Direction',(0.,-1.,0.)) ;
#1241=DIRECTION('Axis2P3D Direction',(0.,0.,-1.)) ;
#1242=DIRECTION('Axis2P3D XDirection',(-1.,0.,0.)) ;
#1246=DIRECTION('Vector Direction',(-1.,0.,0.)) ;
#1253=DIRECTION('Vector Direction',(0.,-1.,0.)) ;
#1266=DIRECTION('Axis2P3D Direction',(0.894427191,0.,-0.4472135955)) ;
#1267=DIRECTION('Axis2P3D XDirection',(-0.4472135955,0.,-0.894427191)) ;
#1271=DIRECTION('Vector Direction',(-0.4472135955,0.,-0.894427191)) ;
#1278=DIRECTION('Vector Direction',(0.,-1.,0.)) ;
#1291=DIRECTION('Axis2P3D Direction',(0.,0.,1.)) ;
#1292=DIRECTION('Axis2P3D XDirection',(-1.,0.,0.)) ;
#1296=DIRECTION('Vector Direction',(-1.,0.,0.)) ;
#1303=DIRECTION('Vector Direction',(0.,-1.,0.)) ;
#1316=DIRECTION('Axis2P3D Direction',(-0.894427191,0.,-0.4472135955)) ;
#1317=DIRECTION('Axis2P3D XDirection',(-0.4472135955,0.,0.894427191)) ;
#1321=DIRECTION('Vector Direction',(-0.4472135955,0.,0.894427191)) ;
#1328=DIRECTION('Vector Direction',(0.,-1.,0.)) ;
#1341=DIRECTION('Axis2P3D Direction',(0.,0.,-1.)) ;
#1342=DIRECTION('Axis2P3D XDirection',(-1.,0.,0.)) ;
#1346=DIRECTION('Vector Direction',(-1.,0.,0.)) ;
#1353=DIRECTION('Vector Direction',(0.,-1.,0.)) ;
#1366=DIRECTION('Axis2P3D Direction',(0.894427191,0.,-0.4472135955)) ;
#1367=DIRECTION('Axis2P3D XDirection',(-0.4472135955,0.,-0.894427191)) ;
#1371=DIRECTION('Vector Direction',(-0.4472135955,0.,-0.894427191)) ;
#1378=DIRECTION('Vector Direction',(0.,-1.,0.)) ;
#1391=DIRECTION('Axis2P3D Direction',(0.,0.,1.)) ;
#1392=DIRECTION('Axis2P3D XDirection',(-1.,0.,0.)) ;
#1396=DIRECTION('Vector Direction',(-1.,0.,0.)) ;
#1403=DIRECTION('Vector Direction',(0.,-1.,0.)) ;
#1416=DIRECTION('Axis2P3D Direction',(0.894427191,0.,0.4472135955)) ;
#1417=DIRECTION('Axis2P3D XDirection',(-0.4472135955,0.,0.894427191)) ;
#1421=DIRECTION('Vector Direction',(-0.4472135955,0.,0.894427191)) ;
#1428=DIRECTION('Vector Direction',(0.,-1.,0.)) ;
#1441=DIRECTION('Axis2P3D Direction',(1.,0.,-0.)) ;
#1442=DIRECTION('Axis2P3D XDirection',(0.,0.,1.)) ;
#1446=DIRECTION('Vector Direction',(0.,0.,1.)) ;
#1453=DIRECTION('Vector Direction',(0.,-1.,0.)) ;
#1466=DIRECTION('Axis2P3D Direction',(0.894427191,0.,-0.4472135955)) ;
#1467=DIRECTION('Axis2P3D XDirection',(0.4472135955,0.,0.894427191)) ;
#1471=DIRECTION('Vector Direction',(0.4472135955,0.,0.894427191)) ;
#1478=DIRECTION('Vector Direction',(0.,-1.,0.)) ;
#1491=DIRECTION('Axis2P3D Direction',(0.,0.,-1.)) ;
#1492=DIRECTION('Axis2P3D XDirection',(1.,0.,0.)) ;
#1496=DIRECTION('Vector Direction',(1.,0.,0.)) ;
#1503=DIRECTION('Vector Direction',(0.,-1.,0.)) ;
#1516=DIRECTION('Axis2P3D Direction',(0.894427191,0.,0.4472135955)) ;
#1517=DIRECTION('Axis2P3D XDirection',(0.4472135955,0.,-0.894427191)) ;
#1521=DIRECTION('Vector Direction',(0.4472135955,0.,-0.894427191)) ;
#1528=DIRECTION('Vector Direction',(0.,-1.,0.)) ;
#1541=DIRECTION('Axis2P3D Direction',(0.,0.,1.)) ;
#1542=DIRECTION('Axis2P3D XDirection',(1.,0.,0.)) ;
#1546=DIRECTION('Vector Direction',(1.,0.,0.)) ;
#1553=DIRECTION('Vector Direction',(0.,-1.,0.)) ;
#1566=DIRECTION('Axis2P3D Direction',(-0.894427191,0.,0.4472135955)) ;
#1567=DIRECTION('Axis2P3D XDirection',(0.4472135955,0.,0.894427191)) ;
#1571=DIRECTION('Vector Direction',(0.4472135955,0.,0.894427191)) ;
#1578=DIRECTION('Vector Direction',(0.,-1.,0.)) ;
#1591=DIRECTION('Axis2P3D Direction',(0.,0.,-1.)) ;
#1592=DIRECTION('Axis2P3D XDirection',(1.,0.,0.)) ;
#1596=DIRECTION('Vector Direction',(1.,0.,0.)) ;
#1603=DIRECTION('Vector Direction',(0.,-1.,0.)) ;
#1616=DIRECTION('Axis2P3D Direction',(0.894427191,0.,0.4472135955)) ;
#1617=DIRECTION('Axis2P3D XDirection',(0.4472135955,0.,-0.894427191)) ;
#1621=DIRECTION('Vector Direction',(0.4472135955,0.,-0.894427191)) ;
#1628=DIRECTION('Vector Direction',(0.,-1.,0.)) ;
#1641=DIRECTION('Axis2P3D Direction',(0.,0.,1.)) ;
#1642=DIRECTION('Axis2P3D XDirection',(1.,0.,0.)) ;
#1646=DIRECTION('Vector Direction',(1.,0.,0.)) ;
#1653=DIRECTION('Vector Direction',(0.,-1.,0.)) ;
#1666=DIRECTION('Axis2P3D Direction',(-0.894427191,0.,0.4472135955)) ;
#1667=DIRECTION('Axis2P3D XDirection',(0.4472135955,0.,0.894427191)) ;
#1671=DIRECTION('Vector Direction',(0.4472135955,0.,0.894427191)) ;
#1678=DIRECTION('Vector Direction',(0.,-1.,0.)) ;
#1691=DIRECTION('Axis2P3D Direction',(0.,0.,-1.)) ;
#1692=DIRECTION('Axis2P3D XDirection',(1.,0.,0.)) ;
#1696=DIRECTION('Vector Direction',(1.,0.,0.)) ;
#1703=DIRECTION('Vector Direction',(0.,-1.,0.)) ;
#1716=DIRECTION('Axis2P3D Direction',(0.894427191,0.,0.4472135955)) ;
#1717=DIRECTION('Axis2P3D XDirection',(0.4472135955,0.,-0.894427191)) ;
#1721=DIRECTION('Vector Direction',(0.4472135955,0.,-0.894427191)) ;
#1728=DIRECTION('Vector Direction',(0.,-1.,0.)) ;
#1741=DIRECTION('Axis2P3D Direction',(0.,0.,1.)) ;
#1742=DIRECTION('Axis2P3D XDirection',(1.,0.,0.)) ;
#1746=DIRECTION('Vector Direction',(1.,0.,0.)) ;
#1753=DIRECTION('Vector Direction',(0.,-1.,0.)) ;
#1766=DIRECTION('Axis2P3D Direction',(-0.894427191,0.,0.4472135955)) ;
#1767=DIRECTION('Axis2P3D XDirection',(0.4472135955,0.,0.894427191)) ;
#1771=DIRECTION('Vector Direction',(0.4472135955,0.,0.894427191)) ;
#1784=DIRECTION('Axis2P3D Direction',(0.,0.,-1.)) ;
#1785=DIRECTION('Axis2P3D XDirection',(-1.,0.,0.)) ;
#1789=DIRECTION('Vector Direction',(0.,1.,0.)) ;
#1796=DIRECTION('Vector Direction',(-1.,0.,0.)) ;
#1803=DIRECTION('Vector Direction',(0.,1.,0.)) ;
#1816=DIRECTION('Axis2P3D Direction',(0.866025403784,0.,0.5)) ;
#1817=DIRECTION('Axis2P3D XDirection',(0.5,0.,-0.866025403784)) ;
#1821=DIRECTION('Vector Direction',(0.5,0.,-0.866025403784)) ;
#1828=DIRECTION('Vector Direction',(0.,1.,0.)) ;
#1841=DIRECTION('Axis2P3D Direction',(0.,0.,1.)) ;
#1842=DIRECTION('Axis2P3D XDirection',(1.,0.,0.)) ;
#1846=DIRECTION('Vector Direction',(1.,0.,0.)) ;
#1853=DIRECTION('Vector Direction',(0.,1.,0.)) ;
#1866=DIRECTION('Axis2P3D Direction',(-0.866025403784,0.,-0.5)) ;
#1867=DIRECTION('Axis2P3D XDirection',(-0.5,0.,0.866025403784)) ;
#1871=DIRECTION('Vector Direction',(-0.5,0.,0.866025403784)) ;
#1884=DIRECTION('Axis2P3D Direction',(0.,0.,1.)) ;
#1885=DIRECTION('Axis2P3D XDirection',(1.,0.,0.)) ;
#1889=DIRECTION('Vector Direction',(0.,1.,0.)) ;
#1896=DIRECTION('Vector Direction',(1.,0.,0.)) ;
#1903=DIRECTION('Vector Direction',(0.,1.,0.)) ;
#1916=DIRECTION('Axis2P3D Direction',(-0.866025403784,0.,-0.5)) ;
#1917=DIRECTION('Axis2P3D XDirection',(-0.5,0.,0.866025403784)) ;
#1921=DIRECTION('Vector Direction',(-0.5,0.,0.866025403784)) ;
#1928=DIRECTION('Vector Direction',(0.,1.,0.)) ;
#1941=DIRECTION('Axis2P3D Direction',(0.,0.,-1.)) ;
#1942=DIRECTION('Axis2P3D XDirection',(-1.,0.,0.)) ;
#1946=DIRECTION('Vector Direction',(-1.,0.,0.)) ;
#1953=DIRECTION('Vector Direction',(0.,1.,0.)) ;
#1966=DIRECTION('Axis2P3D Direction',(0.866025403784,0.,0.5)) ;
#1967=DIRECTION('Axis2P3D XDirection',(0.5,0.,-0.866025403784)) ;
#1971=DIRECTION('Vector Direction',(0.5,0.,-0.866025403784)) ;
#1984=DIRECTION('Axis2P3D Direction',(-0.866025403784,0.,0.5)) ;
#1985=DIRECTION('Axis2P3D XDirection',(0.5,0.,0.866025403784)) ;
#1989=DIRECTION('Vector Direction',(0.,1.,0.)) ;
#1996=DIRECTION('Vector Direction',(0.5,0.,0.866025403784)) ;
#2003=DIRECTION('Vector Direction',(0.,1.,0.)) ;
#2016=DIRECTION('Axis2P3D Direction',(0.,0.,-1.)) ;
#2017=DIRECTION('Axis2P3D XDirection',(-1.,0.,0.)) ;
#2021=DIRECTION('Vector Direction',(-1.,0.,0.)) ;
#2028=DIRECTION('Vector Direction',(0.,1.,0.)) ;
#2041=DIRECTION('Axis2P3D Direction',(0.866025403784,0.,-0.5)) ;
#2042=DIRECTION('Axis2P3D XDirection',(-0.5,0.,-0.866025403784)) ;
#2046=DIRECTION('Vector Direction',(-0.5,0.,-0.866025403784)) ;
#2053=DIRECTION('Vector Direction',(0.,1.,0.)) ;
#2066=DIRECTION('Axis2P3D Direction',(0.,0.,1.)) ;
#2067=DIRECTION('Axis2P3D XDirection',(1.,0.,0.)) ;
#2071=DIRECTION('Vector Direction',(1.,0.,0.)) ;
#2084=DIRECTION('Axis2P3D Direction',(0.866025403784,0.,-0.5)) ;
#2085=DIRECTION('Axis2P3D XDirection',(-0.5,0.,-0.866025403784)) ;
#2089=DIRECTION('Vector Direction',(0.,1.,0.)) ;
#2096=DIRECTION('Vector Direction',(-0.5,0.,-0.866025403784)) ;
#2103=DIRECTION('Vector Direction',(0.,1.,0.)) ;
#2116=DIRECTION('Axis2P3D Direction',(0.,0.,1.)) ;
#2117=DIRECTION('Axis2P3D XDirection',(1.,0.,0.)) ;
#2121=DIRECTION('Vector Direction',(1.,0.,0.)) ;
#2128=DIRECTION('Vector Direction',(0.,1.,0.)) ;
#2141=DIRECTION('Axis2P3D Direction',(-0.866025403784,0.,0.5)) ;
#2142=DIRECTION('Axis2P3D XDirection',(0.5,0.,0.866025403784)) ;
#2146=DIRECTION('Vector Direction',(0.5,0.,0.866025403784)) ;
#2153=DIRECTION('Vector Direction',(0.,1.,0.)) ;
#2166=DIRECTION('Axis2P3D Direction',(0.,0.,-1.)) ;
#2167=DIRECTION('Axis2P3D XDirection',(-1.,0.,0.)) ;
#2171=DIRECTION('Vector Direction',(-1.,0.,0.)) ;
#2184=DIRECTION('Axis2P3D Direction',(0.,0.,-1.)) ;
#2185=DIRECTION('Axis2P3D XDirection',(-1.,0.,0.)) ;
#2189=DIRECTION('Vector Direction',(0.,1.,0.)) ;
#2196=DIRECTION('Vector Direction',(-1.,0.,0.)) ;
#2203=DIRECTION('Vector Direction',(0.,1.,0.)) ;
#2216=DIRECTION('Axis2P3D Direction',(0.866025403784,0.,0.5)) ;
#2217=DIRECTION('Axis2P3D XDirection',(0.5,0.,-0.866025403784)) ;
#2221=DIRECTION('Vector Direction',(0.5,0.,-0.866025403784)) ;
#2228=DIRECTION('Vector Direction',(0.,1.,0.)) ;
#2241=DIRECTION('Axis2P3D Direction',(0.,0.,1.)) ;
#2242=DIRECTION('Axis2P3D XDirection',(1.,0.,0.)) ;
#2246=DIRECTION('Vector Direction',(1.,0.,0.)) ;
#2253=DIRECTION('Vector Direction',(0.,1.,0.)) ;
#2266=DIRECTION('Axis2P3D Direction',(-0.866025403784,0.,-0.5)) ;
#2267=DIRECTION('Axis2P3D XDirection',(-0.5,0.,0.866025403784)) ;
#2271=DIRECTION('Vector Direction',(-0.5,0.,0.866025403784)) ;
#2284=DIRECTION('Axis2P3D Direction',(0.,0.,1.)) ;
#2285=DIRECTION('Axis2P3D XDirection',(1.,0.,0.)) ;
#2289=DIRECTION('Vector Direction',(0.,1.,0.)) ;
#2296=DIRECTION('Vector Direction',(1.,0.,0.)) ;
#2303=DIRECTION('Vector Direction',(0.,1.,0.)) ;
#2316=DIRECTION('Axis2P3D Direction',(-0.866025403784,0.,-0.5)) ;
#2317=DIRECTION('Axis2P3D XDirection',(-0.5,0.,0.866025403784)) ;
#2321=DIRECTION('Vector Direction',(-0.5,0.,0.866025403784)) ;
#2328=DIRECTION('Vector Direction',(0.,1.,0.)) ;
#2341=DIRECTION('Axis2P3D Direction',(0.,0.,-1.)) ;
#2342=DIRECTION('Axis2P3D XDirection',(-1.,0.,0.)) ;
#2346=DIRECTION('Vector Direction',(-1.,0.,0.)) ;
#2353=DIRECTION('Vector Direction',(0.,1.,0.)) ;
#2366=DIRECTION('Axis2P3D Direction',(0.866025403784,0.,0.5)) ;
#2367=DIRECTION('Axis2P3D XDirection',(0.5,0.,-0.866025403784)) ;
#2371=DIRECTION('Vector Direction',(0.5,0.,-0.866025403784)) ;
#2384=DIRECTION('Axis2P3D Direction',(-0.866025403784,0.,0.5)) ;
#2385=DIRECTION('Axis2P3D XDirection',(0.5,0.,0.866025403784)) ;
#2389=DIRECTION('Vector Direction',(0.,1.,0.)) ;
#2396=DIRECTION('Vector Direction',(0.5,0.,0.866025403784)) ;
#2403=DIRECTION('Vector Direction',(0.,1.,0.)) ;
#2416=DIRECTION('Axis2P3D Direction',(0.,0.,-1.)) ;
#2417=DIRECTION('Axis2P3D XDirection',(-1.,0.,0.)) ;
#2421=DIRECTION('Vector Direction',(-1.,0.,0.)) ;
#2428=DIRECTION('Vector Direction',(0.,1.,0.)) ;
#2441=DIRECTION('Axis2P3D Direction',(0.866025403784,0.,-0.5)) ;
#2442=DIRECTION('Axis2P3D XDirection',(-0.5,0.,-0.866025403784)) ;
#2446=DIRECTION('Vector Direction',(-0.5,0.,-0.866025403784)) ;
#2453=DIRECTION('Vector Direction',(0.,1.,0.)) ;
#2466=DIRECTION('Axis2P3D Direction',(0.,0.,1.)) ;
#2467=DIRECTION('Axis2P3D XDirection',(1.,0.,0.)) ;
#2471=DIRECTION('Vector Direction',(1.,0.,0.)) ;
#2484=DIRECTION('Axis2P3D Direction',(0.866025403784,0.,-0.5)) ;
#2485=DIRECTION('Axis2P3D XDirection',(-0.5,0.,-0.866025403784)) ;
#2489=DIRECTION('Vector Direction',(0.,1.,0.)) ;
#2496=DIRECTION('Vector Direction',(-0.5,0.,-0.866025403784)) ;
#2503=DIRECTION('Vector Direction',(0.,1.,0.)) ;
#2516=DIRECTION('Axis2P3D Direction',(0.,0.,1.)) ;
#2517=DIRECTION('Axis2P3D XDirection',(1.,0.,0.)) ;
#2521=DIRECTION('Vector Direction',(1.,0.,0.)) ;
#2528=DIRECTION('Vector Direction',(0.,1.,0.)) ;
#2541=DIRECTION('Axis2P3D Direction',(-0.866025403784,0.,0.5)) ;
#2542=DIRECTION('Axis2P3D XDirection',(0.5,0.,0.866025403784)) ;
#2546=DIRECTION('Vector Direction',(0.5,0.,0.866025403784)) ;
#2553=DIRECTION('Vector Direction',(0.,1.,0.)) ;
#2566=DIRECTION('Axis2P3D Direction',(0.,0.,-1.)) ;
#2567=DIRECTION('Axis2P3D XDirection',(-1.,0.,0.)) ;
#2571=DIRECTION('Vector Direction',(-1.,0.,0.)) ;
#2584=DIRECTION('Axis2P3D Direction',(0.,0.,-1.)) ;
#2585=DIRECTION('Axis2P3D XDirection',(-1.,0.,0.)) ;
#2589=DIRECTION('Vector Direction',(0.,1.,0.)) ;
#2596=DIRECTION('Vector Direction',(-1.,0.,0.)) ;
#2603=DIRECTION('Vector Direction',(0.,1.,0.)) ;
#2616=DIRECTION('Axis2P3D Direction',(0.866025403784,0.,0.5)) ;
#2617=DIRECTION('Axis2P3D XDirection',(0.5,0.,-0.866025403784)) ;
#2621=DIRECTION('Vector Direction',(0.5,0.,-0.866025403784)) ;
#2628=DIRECTION('Vector Direction',(0.,1.,0.)) ;
#2641=DIRECTION('Axis2P3D Direction',(0.,0.,1.)) ;
#2642=DIRECTION('Axis2P3D XDirection',(1.,0.,0.)) ;
#2646=DIRECTION('Vector Direction',(1.,0.,0.)) ;
#2653=DIRECTION('Vector Direction',(0.,1.,0.)) ;
#2666=DIRECTION('Axis2P3D Direction',(-0.866025403784,0.,-0.5)) ;
#2667=DIRECTION('Axis2P3D XDirection',(-0.5,0.,0.866025403784)) ;
#2671=DIRECTION('Vector Direction',(-0.5,0.,0.866025403784)) ;
#2684=DIRECTION('Axis2P3D Direction',(0.,0.,1.)) ;
#2685=DIRECTION('Axis2P3D XDirection',(1.,0.,0.)) ;
#2689=DIRECTION('Vector Direction',(0.,1.,0.)) ;
#2696=DIRECTION('Vector Direction',(1.,0.,0.)) ;
#2703=DIRECTION('Vector Direction',(0.,1.,0.)) ;
#2716=DIRECTION('Axis2P3D Direction',(-0.866025403784,0.,-0.5)) ;
#2717=DIRECTION('Axis2P3D XDirection',(-0.5,0.,0.866025403784)) ;
#2721=DIRECTION('Vector Direction',(-0.5,0.,0.866025403784)) ;
#2728=DIRECTION('Vector Direction',(0.,1.,0.)) ;
#2741=DIRECTION('Axis2P3D Direction',(0.,0.,-1.)) ;
#2742=DIRECTION('Axis2P3D XDirection',(-1.,0.,0.)) ;
#2746=DIRECTION('Vector Direction',(-1.,0.,0.)) ;
#2753=DIRECTION('Vector Direction',(0.,1.,0.)) ;
#2766=DIRECTION('Axis2P3D Direction',(0.866025403784,0.,0.5)) ;
#2767=DIRECTION('Axis2P3D XDirection',(0.5,0.,-0.866025403784)) ;
#2771=DIRECTION('Vector Direction',(0.5,0.,-0.866025403784)) ;
#2784=DIRECTION('Axis2P3D Direction',(-0.866025403784,0.,0.5)) ;
#2785=DIRECTION('Axis2P3D XDirection',(0.5,0.,0.866025403784)) ;
#2789=DIRECTION('Vector Direction',(0.,1.,0.)) ;
#2796=DIRECTION('Vector Direction',(0.5,0.,0.866025403784)) ;
#2803=DIRECTION('Vector Direction',(0.,1.,0.)) ;
#2816=DIRECTION('Axis2P3D Direction',(0.,0.,-1.)) ;
#2817=DIRECTION('Axis2P3D XDirection',(-1.,0.,0.)) ;
#2821=DIRECTION('Vector Direction',(-1.,0.,0.)) ;
#2828=DIRECTION('Vector Direction',(0.,1.,0.)) ;
#2841=DIRECTION('Axis2P3D Direction',(0.866025403784,0.,-0.5)) ;
#2842=DIRECTION('Axis2P3D XDirection',(-0.5,0.,-0.866025403784)) ;
#2846=DIRECTION('Vector Direction',(-0.5,0.,-0.866025403784)) ;
#2853=DIRECTION('Vector Direction',(0.,1.,0.)) ;
#2866=DIRECTION('Axis2P3D Direction',(0.,0.,1.)) ;
#2867=DIRECTION('Axis2P3D XDirection',(1.,0.,0.)) ;
#2871=DIRECTION('Vector Direction',(1.,0.,0.)) ;
#2884=DIRECTION('Axis2P3D Direction',(0.866025403784,0.,-0.5)) ;
#2885=DIRECTION('Axis2P3D XDirection',(-0.5,0.,-0.866025403784)) ;
#2889=DIRECTION('Vector Direction',(0.,1.,0.)) ;
#2896=DIRECTION('Vector Direction',(-0.5,0.,-0.866025403784)) ;
#2903=DIRECTION('Vector Direction',(0.,1.,0.)) ;
#2916=DIRECTION('Axis2P3D Direction',(0.,0.,1.)) ;
#2917=DIRECTION('Axis2P3D XDirection',(1.,0.,0.)) ;
#2921=DIRECTION('Vector Direction',(1.,0.,0.)) ;
#2928=DIRECTION('Vector Direction',(0.,1.,0.)) ;
#2941=DIRECTION('Axis2P3D Direction',(-0.866025403784,0.,0.5)) ;
#2942=DIRECTION('Axis2P3D XDirection',(0.5,0.,0.866025403784)) ;
#2946=DIRECTION('Vector Direction',(0.5,0.,0.866025403784)) ;
#2953=DIRECTION('Vector Direction',(0.,1.,0.)) ;
#2966=DIRECTION('Axis2P3D Direction',(0.,0.,-1.)) ;
#2967=DIRECTION('Axis2P3D XDirection',(-1.,0.,0.)) ;
#2971=DIRECTION('Vector Direction',(-1.,0.,0.)) ;
#2984=DIRECTION('Axis2P3D Direction',(0.,0.,-1.)) ;
#2985=DIRECTION('Axis2P3D XDirection',(-1.,0.,0.)) ;
#2989=DIRECTION('Vector Direction',(0.,1.,0.)) ;
#2996=DIRECTION('Vector Direction',(-1.,0.,0.)) ;
#3003=DIRECTION('Vector Direction',(0.,1.,0.)) ;
#3016=DIRECTION('Axis2P3D Direction',(0.866025403784,0.,0.5)) ;
#3017=DIRECTION('Axis2P3D XDirection',(0.5,0.,-0.866025403784)) ;
#3021=DIRECTION('Vector Direction',(0.5,0.,-0.866025403784)) ;
#3028=DIRECTION('Vector Direction',(0.,1.,0.)) ;
#3041=DIRECTION('Axis2P3D Direction',(0.,0.,1.)) ;
#3042=DIRECTION('Axis2P3D XDirection',(1.,0.,0.)) ;
#3046=DIRECTION('Vector Direction',(1.,0.,0.)) ;
#3053=DIRECTION('Vector Direction',(0.,1.,0.)) ;
#3066=DIRECTION('Axis2P3D Direction',(-0.866025403784,0.,-0.5)) ;
#3067=DIRECTION('Axis2P3D XDirection',(-0.5,0.,0.866025403784)) ;
#3071=DIRECTION('Vector Direction',(-0.5,0.,0.866025403784)) ;
#3084=DIRECTION('Axis2P3D Direction',(0.,0.,1.)) ;
#3085=DIRECTION('Axis2P3D XDirection',(1.,0.,0.)) ;
#3089=DIRECTION('Vector Direction',(0.,1.,0.)) ;
#3096=DIRECTION('Vector Direction',(1.,0.,0.)) ;
#3103=DIRECTION('Vector Direction',(0.,1.,0.)) ;
#3116=DIRECTION('Axis2P3D Direction',(-0.866025403784,0.,-0.5)) ;
#3117=DIRECTION('Axis2P3D XDirection',(-0.5,0.,0.866025403784)) ;
#3121=DIRECTION('Vector Direction',(-0.5,0.,0.866025403784)) ;
#3128=DIRECTION('Vector Direction',(0.,1.,0.)) ;
#3141=DIRECTION('Axis2P3D Direction',(0.,0.,-1.)) ;
#3142=DIRECTION('Axis2P3D XDirection',(-1.,0.,0.)) ;
#3146=DIRECTION('Vector Direction',(-1.,0.,0.)) ;
#3153=DIRECTION('Vector Direction',(0.,1.,0.)) ;
#3166=DIRECTION('Axis2P3D Direction',(0.866025403784,0.,0.5)) ;
#3167=DIRECTION('Axis2P3D XDirection',(0.5,0.,-0.866025403784)) ;
#3171=DIRECTION('Vector Direction',(0.5,0.,-0.866025403784)) ;
#3184=DIRECTION('Axis2P3D Direction',(-0.866025403784,0.,0.5)) ;
#3185=DIRECTION('Axis2P3D XDirection',(0.5,0.,0.866025403784)) ;
#3189=DIRECTION('Vector Direction',(0.,1.,0.)) ;
#3196=DIRECTION('Vector Direction',(0.5,0.,0.866025403784)) ;
#3203=DIRECTION('Vector Direction',(0.,1.,0.)) ;
#3216=DIRECTION('Axis2P3D Direction',(0.,0.,-1.)) ;
#3217=DIRECTION('Axis2P3D XDirection',(-1.,0.,0.)) ;
#3221=DIRECTION('Vector Direction',(-1.,0.,0.)) ;
#3228=DIRECTION('Vector Direction',(0.,1.,0.)) ;
#3241=DIRECTION('Axis2P3D Direction',(0.866025403784,0.,-0.5)) ;
#3242=DIRECTION('Axis2P3D XDirection',(-0.5,0.,-0.866025403784)) ;
#3246=DIRECTION('Vector Direction',(-0.5,0.,-0.866025403784)) ;
#3253=DIRECTION('Vector Direction',(0.,1.,0.)) ;
#3266=DIRECTION('Axis2P3D Direction',(0.,0.,1.)) ;
#3267=DIRECTION('Axis2P3D XDirection',(1.,0.,0.)) ;
#3271=DIRECTION('Vector Direction',(1.,0.,0.)) ;
#3284=DIRECTION('Axis2P3D Direction',(1.,0.,0.)) ;
#3285=DIRECTION('Axis2P3D XDirection',(0.,1.,0.)) ;
#3289=DIRECTION('Vector Direction',(0.,1.,0.)) ;
#3296=DIRECTION('Vector Direction',(0.,1.,0.)) ;
#3303=DIRECTION('Vector Direction',(0.,0.,-1.)) ;
#3323=DIRECTION('Axis2P3D Direction',(0.,0.,1.)) ;
#3324=DIRECTION('Axis2P3D XDirection',(1.,0.,0.)) ;
#3328=DIRECTION('Vector Direction',(0.,-1.,0.)) ;
#3335=DIRECTION('Vector Direction',(-1.,0.,0.)) ;
#3348=DIRECTION('Axis2P3D Direction',(-1.,0.,0.)) ;
#3349=DIRECTION('Axis2P3D XDirection',(0.,-1.,0.)) ;
#3353=DIRECTION('Vector Direction',(0.,-1.,0.)) ;
#3360=DIRECTION('Vector Direction',(0.,0.,-1.)) ;
#3373=DIRECTION('Axis2P3D Direction',(0.,0.,1.)) ;
#3374=DIRECTION('Axis2P3D XDirection',(1.,0.,0.)) ;
#3378=DIRECTION('Vector Direction',(1.,0.,0.)) ;
#3391=DIRECTION('Axis2P3D Direction',(1.,0.,0.)) ;
#3392=DIRECTION('Axis2P3D XDirection',(0.,1.,0.)) ;
#3396=DIRECTION('Vector Direction',(0.,1.,0.)) ;
#3403=DIRECTION('Vector Direction',(0.,1.,0.)) ;
#3410=DIRECTION('Vector Direction',(0.,0.,-1.)) ;
#3423=DIRECTION('Axis2P3D Direction',(0.,0.,1.)) ;
#3424=DIRECTION('Axis2P3D XDirection',(1.,0.,0.)) ;
#3428=DIRECTION('Vector Direction',(0.,-1.,0.)) ;
#3435=DIRECTION('Vector Direction',(-1.,0.,0.)) ;
#3448=DIRECTION('Axis2P3D Direction',(-1.,0.,0.)) ;
#3449=DIRECTION('Axis2P3D XDirection',(0.,-1.,0.)) ;
#3453=DIRECTION('Vector Direction',(0.,-1.,0.)) ;
#3460=DIRECTION('Vector Direction',(0.,0.,-1.)) ;
#3473=DIRECTION('Axis2P3D Direction',(0.,0.,1.)) ;
#3474=DIRECTION('Axis2P3D XDirection',(1.,0.,0.)) ;
#3478=DIRECTION('Vector Direction',(1.,0.,0.)) ;
#3491=DIRECTION('Axis2P3D Direction',(1.,0.,0.)) ;
#3492=DIRECTION('Axis2P3D XDirection',(0.,1.,0.)) ;
#3496=DIRECTION('Vector Direction',(0.,1.,0.)) ;
#3503=DIRECTION('Vector Direction',(0.,1.,0.)) ;
#3510=DIRECTION('Vector Direction',(0.,0.,-1.)) ;
#3523=DIRECTION('Axis2P3D Direction',(0.,0.,1.)) ;
#3524=DIRECTION('Axis2P3D XDirection',(1.,0.,0.)) ;
#3528=DIRECTION('Vector Direction',(0.,-1.,0.)) ;
#3535=DIRECTION('Vector Direction',(-1.,0.,0.)) ;
#3548=DIRECTION('Axis2P3D Direction',(-1.,0.,0.)) ;
#3549=DIRECTION('Axis2P3D XDirection',(0.,-1.,0.)) ;
#3553=DIRECTION('Vector Direction',(0.,-1.,0.)) ;
#3560=DIRECTION('Vector Direction',(0.,0.,-1.)) ;
#3573=DIRECTION('Axis2P3D Direction',(0.,0.,1.)) ;
#3574=DIRECTION('Axis2P3D XDirection',(1.,0.,0.)) ;
#3578=DIRECTION('Vector Direction',(1.,0.,0.)) ;
#3591=DIRECTION('Axis2P3D Direction',(1.,0.,0.)) ;
#3592=DIRECTION('Axis2P3D XDirection',(0.,1.,0.)) ;
#3596=DIRECTION('Vector Direction',(0.,1.,0.)) ;
#3603=DIRECTION('Vector Direction',(0.,1.,0.)) ;
#3610=DIRECTION('Vector Direction',(0.,0.,-1.)) ;
#3623=DIRECTION('Axis2P3D Direction',(0.,0.,1.)) ;
#3624=DIRECTION('Axis2P3D XDirection',(1.,0.,0.)) ;
#3628=DIRECTION('Vector Direction',(0.,-1.,0.)) ;
#3635=DIRECTION('Vector Direction',(-1.,0.,0.)) ;
#3648=DIRECTION('Axis2P3D Direction',(-1.,0.,0.)) ;
#3649=DIRECTION('Axis2P3D XDirection',(0.,-1.,0.)) ;
#3653=DIRECTION('Vector Direction',(0.,-1.,0.)) ;
#3660=DIRECTION('Vector Direction',(0.,0.,-1.)) ;
#3673=DIRECTION('Axis2P3D Direction',(0.,0.,1.)) ;
#3674=DIRECTION('Axis2P3D XDirection',(1.,0.,0.)) ;
#3678=DIRECTION('Vector Direction',(1.,0.,0.)) ;
#3691=DIRECTION('Axis2P3D Direction',(0.866025403784,0.,-0.5)) ;
#3692=DIRECTION('Axis2P3D XDirection',(-0.5,0.,-0.866025403784)) ;
#3696=DIRECTION('Vector Direction',(0.,1.,0.)) ;
#3703=DIRECTION('Vector Direction',(-0.5,0.,-0.866025403784)) ;
#3710=DIRECTION('Vector Direction',(0.,1.,0.)) ;
#3723=DIRECTION('Axis2P3D Direction',(0.,0.,1.)) ;
#3724=DIRECTION('Axis2P3D XDirection',(1.,0.,0.)) ;
#3728=DIRECTION('Vector Direction',(1.,0.,0.)) ;
#3735=DIRECTION('Vector Direction',(0.,1.,0.)) ;
#3748=DIRECTION('Axis2P3D Direction',(-0.866025403784,0.,0.5)) ;
#3749=DIRECTION('Axis2P3D XDirection',(0.5,0.,0.866025403784)) ;
#3753=DIRECTION('Vector Direction',(0.5,0.,0.866025403784)) ;
#3760=DIRECTION('Vector Direction',(0.,1.,0.)) ;
#3773=DIRECTION('Axis2P3D Direction',(0.,0.,-1.)) ;
#3774=DIRECTION('Axis2P3D XDirection',(-1.,0.,0.)) ;
#3778=DIRECTION('Vector Direction',(-1.,0.,0.)) ;
#3791=DIRECTION('Axis2P3D Direction',(0.,-1.,0.)) ;
#3792=DIRECTION('Axis2P3D XDirection',(1.,0.,0.)) ;
#3830=DIRECTION('Vector Direction',(0.,0.,1.)) ;
#3839=DIRECTION('Vector Direction',(1.,0.,0.)) ;
#3846=DIRECTION('Vector Direction',(0.,0.,1.)) ;
#3853=DIRECTION('Vector Direction',(1.,0.,0.)) ;
#3864=DIRECTION('Vector Direction',(0.,0.,1.)) ;
#3873=DIRECTION('Vector Direction',(1.,0.,0.)) ;
#3880=DIRECTION('Vector Direction',(0.,0.,1.)) ;
#3887=DIRECTION('Vector Direction',(1.,0.,0.)) ;
#3898=DIRECTION('Vector Direction',(0.,0.,1.)) ;
#3907=DIRECTION('Vector Direction',(1.,0.,0.)) ;
#3914=DIRECTION('Vector Direction',(0.,0.,1.)) ;
#3921=DIRECTION('Vector Direction',(1.,0.,0.)) ;
#3932=DIRECTION('Vector Direction',(0.,0.,1.)) ;
#3941=DIRECTION('Vector Direction',(1.,0.,0.)) ;
#3948=DIRECTION('Vector Direction',(0.,0.,1.)) ;
#3955=DIRECTION('Vector Direction',(1.,0.,0.)) ;
#3968=DIRECTION('Axis2P3D Direction',(-0.,1.,0.)) ;
#3969=DIRECTION('Axis2P3D XDirection',(1.,0.,0.)) ;
#3981=DIRECTION('Axis2P3D Direction',(-0.,1.,0.)) ;
#3982=DIRECTION('Axis2P3D XDirection',(1.,0.,0.)) ;
#3994=DIRECTION('Axis2P3D Direction',(-0.,1.,0.)) ;
#3995=DIRECTION('Axis2P3D XDirection',(1.,0.,0.)) ;
#4007=DIRECTION('Axis2P3D Direction',(-0.,1.,0.)) ;
#4008=DIRECTION('Axis2P3D XDirection',(1.,0.,0.)) ;
#4020=DIRECTION('Axis2P3D Direction',(-0.,1.,0.)) ;
#4021=DIRECTION('Axis2P3D XDirection',(1.,0.,0.)) ;
#4033=DIRECTION('Axis2P3D Direction',(-0.,1.,0.)) ;
#4034=DIRECTION('Axis2P3D XDirection',(1.,0.,0.)) ;
#4046=DIRECTION('Axis2P3D Direction',(-0.,1.,0.)) ;
#4047=DIRECTION('Axis2P3D XDirection',(1.,0.,0.)) ;
#4059=DIRECTION('Axis2P3D Direction',(-0.,1.,0.)) ;
#4060=DIRECTION('Axis2P3D XDirection',(1.,0.,0.)) ;
#4072=DIRECTION('Axis2P3D Direction',(-0.,1.,0.)) ;
#4073=DIRECTION('Axis2P3D XDirection',(1.,0.,0.)) ;
#4085=DIRECTION('Axis2P3D Direction',(-0.,1.,0.)) ;
#4086=DIRECTION('Axis2P3D XDirection',(1.,0.,0.)) ;
#4098=DIRECTION('Axis2P3D Direction',(-0.,1.,0.)) ;
#4099=DIRECTION('Axis2P3D XDirection',(1.,0.,0.)) ;
#4111=DIRECTION('Axis2P3D Direction',(-0.,1.,0.)) ;
#4112=DIRECTION('Axis2P3D XDirection',(1.,0.,0.)) ;
#4124=DIRECTION('Axis2P3D Direction',(-0.,1.,0.)) ;
#4125=DIRECTION('Axis2P3D XDirection',(1.,0.,0.)) ;
#4137=DIRECTION('Axis2P3D Direction',(-0.,1.,0.)) ;
#4138=DIRECTION('Axis2P3D XDirection',(1.,0.,0.)) ;
#4150=DIRECTION('Axis2P3D Direction',(-0.,1.,0.)) ;
#4151=DIRECTION('Axis2P3D XDirection',(1.,0.,0.)) ;
#4163=DIRECTION('Axis2P3D Direction',(0.955779008722,0.294085848838,0.)) ;
#4164=DIRECTION('Axis2P3D XDirection',(0.294085848838,-0.955779008722,0.)) ;
#4168=DIRECTION('Vector Direction',(0.282138246438,-0.916949300922,-0.282138245254)) ;
#4175=DIRECTION('Vector Direction',(0.,0.,-1.)) ;
#4182=DIRECTION('Vector Direction',(0.282138246438,-0.916949300922,0.282138245254)) ;
#4195=DIRECTION('Axis2P3D Direction',(0.,0.294085848838,0.955779008722)) ;
#4196=DIRECTION('Axis2P3D XDirection',(0.,0.955779008722,-0.294085848838)) ;
#4200=DIRECTION('Vector Direction',(-0.282138245254,-0.916949300922,0.282138246438)) ;
#4207=DIRECTION('Vector Direction',(-1.,0.,0.)) ;
#4220=DIRECTION('Axis2P3D Direction',(-0.955779008722,0.294085848837,0.)) ;
#4221=DIRECTION('Axis2P3D XDirection',(0.294085848837,0.955779008722,0.)) ;
#4225=DIRECTION('Vector Direction',(0.,0.,-1.)) ;
#4232=DIRECTION('Vector Direction',(-0.282138246438,-0.916949300922,-0.282138245254)) ;
#4245=DIRECTION('Axis2P3D Direction',(0.,0.294085848838,-0.955779008722)) ;
#4246=DIRECTION('Axis2P3D XDirection',(0.,0.955779008722,0.294085848838)) ;
#4250=DIRECTION('Vector Direction',(1.,0.,0.)) ;
#4263=DIRECTION('Axis2P3D Direction',(0.955779008722,0.294085848837,0.)) ;
#4264=DIRECTION('Axis2P3D XDirection',(0.294085848837,-0.955779008722,0.)) ;
#4268=DIRECTION('Vector Direction',(0.282138246438,-0.916949300922,-0.282138245254)) ;
#4275=DIRECTION('Vector Direction',(0.,0.,-1.)) ;
#4282=DIRECTION('Vector Direction',(0.282138246438,-0.916949300922,0.282138245254)) ;
#4295=DIRECTION('Axis2P3D Direction',(0.,0.294085848838,0.955779008722)) ;
#4296=DIRECTION('Axis2P3D XDirection',(0.,0.955779008722,-0.294085848838)) ;
#4300=DIRECTION('Vector Direction',(0.282138245254,0.916949300922,-0.282138246438)) ;
#4307=DIRECTION('Vector Direction',(-1.,0.,0.)) ;
#4320=DIRECTION('Axis2P3D Direction',(-0.955779008722,0.294085848837,0.)) ;
#4321=DIRECTION('Axis2P3D XDirection',(0.294085848837,0.955779008722,0.)) ;
#4325=DIRECTION('Vector Direction',(0.,0.,-1.)) ;
#4332=DIRECTION('Vector Direction',(-0.282138246438,-0.916949300922,-0.282138245254)) ;
#4345=DIRECTION('Axis2P3D Direction',(0.,0.294085848838,-0.955779008722)) ;
#4346=DIRECTION('Axis2P3D XDirection',(0.,0.955779008722,0.294085848838)) ;
#4350=DIRECTION('Vector Direction',(1.,0.,0.)) ;
#4363=DIRECTION('Axis2P3D Direction',(0.955779008722,0.294085848837,0.)) ;
#4364=DIRECTION('Axis2P3D XDirection',(0.294085848837,-0.955779008722,0.)) ;
#4368=DIRECTION('Vector Direction',(0.282138246438,-0.916949300922,-0.282138245254)) ;
#4375=DIRECTION('Vector Direction',(0.,0.,-1.)) ;
#4382=DIRECTION('Vector Direction',(0.282138246438,-0.916949300922,0.282138245254)) ;
#4395=DIRECTION('Axis2P3D Direction',(0.,0.294085848838,0.955779008722)) ;
#4396=DIRECTION('Axis2P3D XDirection',(0.,0.955779008722,-0.294085848838)) ;
#4400=DIRECTION('Vector Direction',(0.282138245254,0.916949300922,-0.282138246438)) ;
#4407=DIRECTION('Vector Direction',(-1.,0.,0.)) ;
#4420=DIRECTION('Axis2P3D Direction',(-0.955779008722,0.294085848838,0.)) ;
#4421=DIRECTION('Axis2P3D XDirection',(0.294085848838,0.955779008722,0.)) ;
#4425=DIRECTION('Vector Direction',(0.,0.,-1.)) ;
#4432=DIRECTION('Vector Direction',(-0.282138246438,-0.916949300922,-0.282138245254)) ;
#4445=DIRECTION('Axis2P3D Direction',(0.,0.294085848837,-0.955779008722)) ;
#4446=DIRECTION('Axis2P3D XDirection',(0.,0.955779008722,0.294085848837)) ;
#4450=DIRECTION('Vector Direction',(1.,0.,0.)) ;
#4463=DIRECTION('Axis2P3D Direction',(0.955779008722,0.294085848837,0.)) ;
#4464=DIRECTION('Axis2P3D XDirection',(0.294085848837,-0.955779008722,0.)) ;
#4468=DIRECTION('Vector Direction',(0.282138246438,-0.916949300922,-0.282138245254)) ;
#4475=DIRECTION('Vector Direction',(0.,0.,-1.)) ;
#4482=DIRECTION('Vector Direction',(0.282138246438,-0.916949300922,0.282138245254)) ;
#4495=DIRECTION('Axis2P3D Direction',(0.,0.294085848838,0.955779008722)) ;
#4496=DIRECTION('Axis2P3D XDirection',(0.,0.955779008722,-0.294085848838)) ;
#4500=DIRECTION('Vector Direction',(0.282138245254,0.916949300922,-0.282138246438)) ;
#4507=DIRECTION('Vector Direction',(-1.,0.,0.)) ;
#4520=DIRECTION('Axis2P3D Direction',(-0.955779008722,0.294085848838,0.)) ;
#4521=DIRECTION('Axis2P3D XDirection',(0.294085848838,0.955779008722,0.)) ;
#4525=DIRECTION('Vector Direction',(0.,0.,-1.)) ;
#4532=DIRECTION('Vector Direction',(-0.282138246438,-0.916949300922,-0.282138245254)) ;
#4545=DIRECTION('Axis2P3D Direction',(0.,0.294085848838,-0.955779008722)) ;
#4546=DIRECTION('Axis2P3D XDirection',(0.,0.955779008722,0.294085848838)) ;
#4550=DIRECTION('Vector Direction',(1.,0.,0.)) ;
#4563=DIRECTION('Axis2P3D Direction',(-0.,1.,0.)) ;
#4564=DIRECTION('Axis2P3D XDirection',(1.,0.,0.)) ;
#4576=DIRECTION('Axis2P3D Direction',(-1.,0.,0.)) ;
#4577=DIRECTION('Axis2P3D XDirection',(0.,-1.,0.)) ;
#4581=DIRECTION('Vector Direction',(0.,-1.,0.)) ;
#4588=DIRECTION('Vector Direction',(0.,-1.,0.)) ;
#4595=DIRECTION('Vector Direction',(0.,0.,-1.)) ;
#4608=DIRECTION('Axis2P3D Direction',(0.,0.,1.)) ;
#4609=DIRECTION('Axis2P3D XDirection',(1.,0.,0.)) ;
#4613=DIRECTION('Vector Direction',(0.,1.,0.)) ;
#4620=DIRECTION('Vector Direction',(1.,0.,0.)) ;
#4633=DIRECTION('Axis2P3D Direction',(1.,0.,0.)) ;
#4634=DIRECTION('Axis2P3D XDirection',(0.,1.,0.)) ;
#4638=DIRECTION('Vector Direction',(0.,1.,0.)) ;
#4645=DIRECTION('Vector Direction',(0.,0.,-1.)) ;
#4658=DIRECTION('Axis2P3D Direction',(0.,0.,1.)) ;
#4659=DIRECTION('Axis2P3D XDirection',(1.,0.,0.)) ;
#4663=DIRECTION('Vector Direction',(-1.,0.,0.)) ;
#4676=DIRECTION('Axis2P3D Direction',(-1.,0.,0.)) ;
#4677=DIRECTION('Axis2P3D XDirection',(0.,-1.,0.)) ;
#4681=DIRECTION('Vector Direction',(0.,-1.,0.)) ;
#4688=DIRECTION('Vector Direction',(0.,-1.,0.)) ;
#4695=DIRECTION('Vector Direction',(0.,0.,-1.)) ;
#4708=DIRECTION('Axis2P3D Direction',(0.,0.,1.)) ;
#4709=DIRECTION('Axis2P3D XDirection',(1.,0.,0.)) ;
#4713=DIRECTION('Vector Direction',(0.,1.,0.)) ;
#4720=DIRECTION('Vector Direction',(1.,0.,0.)) ;
#4733=DIRECTION('Axis2P3D Direction',(1.,0.,0.)) ;
#4734=DIRECTION('Axis2P3D XDirection',(0.,1.,0.)) ;
#4738=DIRECTION('Vector Direction',(0.,1.,0.)) ;
#4745=DIRECTION('Vector Direction',(0.,0.,-1.)) ;
#4758=DIRECTION('Axis2P3D Direction',(0.,0.,1.)) ;
#4759=DIRECTION('Axis2P3D XDirection',(1.,0.,0.)) ;
#4763=DIRECTION('Vector Direction',(-1.,0.,0.)) ;
#4776=DIRECTION('Axis2P3D Direction',(-1.,0.,0.)) ;
#4777=DIRECTION('Axis2P3D XDirection',(0.,-1.,0.)) ;
#4781=DIRECTION('Vector Direction',(0.,-1.,0.)) ;
#4788=DIRECTION('Vector Direction',(0.,-1.,0.)) ;
#4795=DIRECTION('Vector Direction',(0.,0.,-1.)) ;
#4808=DIRECTION('Axis2P3D Direction',(0.,0.,1.)) ;
#4809=DIRECTION('Axis2P3D XDirection',(1.,0.,0.)) ;
#4813=DIRECTION('Vector Direction',(0.,1.,0.)) ;
#4820=DIRECTION('Vector Direction',(1.,0.,0.)) ;
#4833=DIRECTION('Axis2P3D Direction',(1.,0.,0.)) ;
#4834=DIRECTION('Axis2P3D XDirection',(0.,1.,0.)) ;
#4838=DIRECTION('Vector Direction',(0.,1.,0.)) ;
#4845=DIRECTION('Vector Direction',(0.,0.,-1.)) ;
#4858=DIRECTION('Axis2P3D Direction',(0.,0.,1.)) ;
#4859=DIRECTION('Axis2P3D XDirection',(1.,0.,0.)) ;
#4863=DIRECTION('Vector Direction',(-1.,0.,0.)) ;
#4876=DIRECTION('Axis2P3D Direction',(-1.,0.,0.)) ;
#4877=DIRECTION('Axis2P3D XDirection',(0.,-1.,0.)) ;
#4881=DIRECTION('Vector Direction',(0.,-1.,0.)) ;
#4888=DIRECTION('Vector Direction',(0.,-1.,0.)) ;
#4895=DIRECTION('Vector Direction',(0.,0.,-1.)) ;
#4908=DIRECTION('Axis2P3D Direction',(0.,0.,1.)) ;
#4909=DIRECTION('Axis2P3D XDirection',(1.,0.,0.)) ;
#4913=DIRECTION('Vector Direction',(0.,1.,0.)) ;
#4920=DIRECTION('Vector Direction',(1.,0.,0.)) ;
#4933=DIRECTION('Axis2P3D Direction',(1.,0.,0.)) ;
#4934=DIRECTION('Axis2P3D XDirection',(0.,1.,0.)) ;
#4938=DIRECTION('Vector Direction',(0.,1.,0.)) ;
#4945=DIRECTION('Vector Direction',(0.,0.,-1.)) ;
#4958=DIRECTION('Axis2P3D Direction',(0.,0.,1.)) ;
#4959=DIRECTION('Axis2P3D XDirection',(1.,0.,0.)) ;
#4963=DIRECTION('Vector Direction',(-1.,0.,0.)) ;
#4976=DIRECTION('Axis2P3D Direction',(0.,1.,0.)) ;
#4977=DIRECTION('Axis2P3D XDirection',(-1.,0.,0.)) ;
#4989=DIRECTION('Axis2P3D Direction',(0.,1.,0.)) ;
#4990=DIRECTION('Axis2P3D XDirection',(-1.,0.,0.)) ;
#5002=DIRECTION('Axis2P3D Direction',(0.,1.,0.)) ;
#5003=DIRECTION('Axis2P3D XDirection',(-1.,0.,0.)) ;
#5015=DIRECTION('Axis2P3D Direction',(0.,1.,0.)) ;
#5016=DIRECTION('Axis2P3D XDirection',(-1.,0.,0.)) ;
#5028=DIRECTION('Axis2P3D Direction',(-0.955779008722,-0.294085848837,0.)) ;
#5029=DIRECTION('Axis2P3D XDirection',(-0.294085848837,0.955779008722,0.)) ;
#5033=DIRECTION('Vector Direction',(-0.282138246438,0.916949300922,0.282138245254)) ;
#5040=DIRECTION('Vector Direction',(0.282138246438,-0.916949300922,0.282138245254)) ;
#5047=DIRECTION('Vector Direction',(0.,0.,-1.)) ;
#5060=DIRECTION('Axis2P3D Direction',(0.,-0.294085848837,0.955779008722)) ;
#5061=DIRECTION('Axis2P3D XDirection',(0.,-0.955779008722,-0.294085848837)) ;
#5065=DIRECTION('Vector Direction',(-0.282138245254,-0.916949300922,-0.282138246438)) ;
#5072=DIRECTION('Vector Direction',(1.,0.,0.)) ;
#5085=DIRECTION('Axis2P3D Direction',(0.955779008722,-0.294085848838,0.)) ;
#5086=DIRECTION('Axis2P3D XDirection',(-0.294085848838,-0.955779008722,0.)) ;
#5090=DIRECTION('Vector Direction',(0.,0.,-1.)) ;
#5097=DIRECTION('Vector Direction',(0.282138246438,0.916949300922,-0.282138245254)) ;
#5110=DIRECTION('Axis2P3D Direction',(0.,-0.294085848837,-0.955779008722)) ;
#5111=DIRECTION('Axis2P3D XDirection',(0.,-0.955779008722,0.294085848837)) ;
#5115=DIRECTION('Vector Direction',(-1.,0.,0.)) ;
#5128=DIRECTION('Axis2P3D Direction',(-0.955779008722,-0.294085848837,0.)) ;
#5129=DIRECTION('Axis2P3D XDirection',(-0.294085848837,0.955779008722,0.)) ;
#5133=DIRECTION('Vector Direction',(-0.282138246438,0.916949300922,0.282138245254)) ;
#5140=DIRECTION('Vector Direction',(0.282138246438,-0.916949300922,0.282138245254)) ;
#5147=DIRECTION('Vector Direction',(0.,0.,-1.)) ;
#5160=DIRECTION('Axis2P3D Direction',(0.,-0.294085848837,0.955779008722)) ;
#5161=DIRECTION('Axis2P3D XDirection',(0.,-0.955779008722,-0.294085848837)) ;
#5165=DIRECTION('Vector Direction',(-0.282138245254,-0.916949300922,-0.282138246438)) ;
#5172=DIRECTION('Vector Direction',(1.,0.,0.)) ;
#5185=DIRECTION('Axis2P3D Direction',(0.955779008722,-0.294085848838,0.)) ;
#5186=DIRECTION('Axis2P3D XDirection',(-0.294085848838,-0.955779008722,0.)) ;
#5190=DIRECTION('Vector Direction',(0.,0.,-1.)) ;
#5197=DIRECTION('Vector Direction',(0.282138246438,0.916949300922,-0.282138245254)) ;
#5210=DIRECTION('Axis2P3D Direction',(0.,-0.294085848837,-0.955779008722)) ;
#5211=DIRECTION('Axis2P3D XDirection',(0.,-0.955779008722,0.294085848837)) ;
#5215=DIRECTION('Vector Direction',(-1.,0.,0.)) ;
#5228=DIRECTION('Axis2P3D Direction',(-0.955779008722,-0.294085848837,0.)) ;
#5229=DIRECTION('Axis2P3D XDirection',(-0.294085848837,0.955779008722,0.)) ;
#5233=DIRECTION('Vector Direction',(-0.282138246438,0.916949300922,0.282138245254)) ;
#5240=DIRECTION('Vector Direction',(0.282138246438,-0.916949300922,0.282138245254)) ;
#5247=DIRECTION('Vector Direction',(0.,0.,-1.)) ;
#5260=DIRECTION('Axis2P3D Direction',(0.,-0.294085848837,0.955779008722)) ;
#5261=DIRECTION('Axis2P3D XDirection',(0.,-0.955779008722,-0.294085848837)) ;
#5265=DIRECTION('Vector Direction',(-0.282138245254,-0.916949300922,-0.282138246438)) ;
#5272=DIRECTION('Vector Direction',(1.,0.,0.)) ;
#5285=DIRECTION('Axis2P3D Direction',(0.955779008722,-0.294085848838,0.)) ;
#5286=DIRECTION('Axis2P3D XDirection',(-0.294085848838,-0.955779008722,0.)) ;
#5290=DIRECTION('Vector Direction',(0.,0.,-1.)) ;
#5297=DIRECTION('Vector Direction',(0.282138246438,0.916949300922,-0.282138245254)) ;
#5310=DIRECTION('Axis2P3D Direction',(0.,-0.294085848837,-0.955779008722)) ;
#5311=DIRECTION('Axis2P3D XDirection',(0.,-0.955779008722,0.294085848837)) ;
#5315=DIRECTION('Vector Direction',(-1.,0.,0.)) ;
#5328=DIRECTION('Axis2P3D Direction',(-0.955779008722,-0.294085848837,0.)) ;
#5329=DIRECTION('Axis2P3D XDirection',(-0.294085848837,0.955779008722,0.)) ;
#5333=DIRECTION('Vector Direction',(-0.282138246438,0.916949300922,0.282138245254)) ;
#5340=DIRECTION('Vector Direction',(0.282138246438,-0.916949300922,0.282138245254)) ;
#5347=DIRECTION('Vector Direction',(0.,0.,-1.)) ;
#5360=DIRECTION('Axis2P3D Direction',(0.,-0.294085848837,0.955779008722)) ;
#5361=DIRECTION('Axis2P3D XDirection',(0.,-0.955779008722,-0.294085848837)) ;
#5365=DIRECTION('Vector Direction',(-0.282138245254,-0.916949300922,-0.282138246438)) ;
#5372=DIRECTION('Vector Direction',(1.,0.,0.)) ;
#5385=DIRECTION('Axis2P3D Direction',(0.955779008722,-0.294085848838,0.)) ;
#5386=DIRECTION('Axis2P3D XDirection',(-0.294085848838,-0.955779008722,0.)) ;
#5390=DIRECTION('Vector Direction',(0.,0.,-1.)) ;
#5397=DIRECTION('Vector Direction',(0.282138246438,0.916949300922,-0.282138245254)) ;
#5410=DIRECTION('Axis2P3D Direction',(0.,-0.294085848837,-0.955779008722)) ;
#5411=DIRECTION('Axis2P3D XDirection',(0.,-0.955779008722,0.294085848837)) ;
#5415=DIRECTION('Vector Direction',(-1.,0.,0.)) ;
#5428=DIRECTION('Axis2P3D Direction',(0.,-1.,0.)) ;
#5429=DIRECTION('Axis2P3D XDirection',(1.,0.,0.)) ;
#5441=DIRECTION('Axis2P3D Direction',(0.,-1.,0.)) ;
#5442=DIRECTION('Axis2P3D XDirection',(1.,0.,0.)) ;
#5454=DIRECTION('Axis2P3D Direction',(0.,-1.,0.)) ;
#5455=DIRECTION('Axis2P3D XDirection',(1.,0.,0.)) ;
#5467=DIRECTION('Axis2P3D Direction',(0.,-1.,0.)) ;
#5468=DIRECTION('Axis2P3D XDirection',(1.,0.,0.)) ;
#8=PRODUCT_RELATED_PRODUCT_CATEGORY('part',$,(#5)) ;
#7=PRODUCT_CATEGORY('part','specification') ;
#29=STYLED_ITEM(' ',(#28),#21) ;
#28=PRESENTATION_STYLE_ASSIGNMENT((#27)) ;
#981=PRESENTATION_STYLE_ASSIGNMENT((#980)) ;
#3320=PRESENTATION_STYLE_ASSIGNMENT((#3319)) ;
#27=SURFACE_STYLE_USAGE(.BOTH.,#26) ;
#980=SURFACE_STYLE_USAGE(.BOTH.,#979) ;
#3319=SURFACE_STYLE_USAGE(.BOTH.,#3318) ;
#26=SURFACE_SIDE_STYLE(' ',(#25)) ;
#979=SURFACE_SIDE_STYLE(' ',(#978)) ;
#3318=SURFACE_SIDE_STYLE(' ',(#3317)) ;
#25=SURFACE_STYLE_FILL_AREA(#24) ;
#978=SURFACE_STYLE_FILL_AREA(#977) ;
#3317=SURFACE_STYLE_FILL_AREA(#3316) ;
#24=FILL_AREA_STYLE(' ',(#23)) ;
#977=FILL_AREA_STYLE(' ',(#976)) ;
#3316=FILL_AREA_STYLE(' ',(#3315)) ;
#23=FILL_AREA_STYLE_COLOUR(' ',#22) ;
#976=FILL_AREA_STYLE_COLOUR(' ',#975) ;
#3315=FILL_AREA_STYLE_COLOUR(' ',#3314) ;
#38=VECTOR('Line Direction',#37,1.) ;
#47=VECTOR('Line Direction',#46,1.) ;
#54=VECTOR('Line Direction',#53,1.) ;
#61=VECTOR('Line Direction',#60,1.) ;
#68=VECTOR('Line Direction',#67,1.) ;
#75=VECTOR('Line Direction',#74,1.) ;
#82=VECTOR('Line Direction',#81,1.) ;
#89=VECTOR('Line Direction',#88,1.) ;
#96=VECTOR('Line Direction',#95,1.) ;
#103=VECTOR('Line Direction',#102,1.) ;
#110=VECTOR('Line Direction',#109,1.) ;
#117=VECTOR('Line Direction',#116,1.) ;
#124=VECTOR('Line Direction',#123,1.) ;
#131=VECTOR('Line Direction',#130,1.) ;
#138=VECTOR('Line Direction',#137,1.) ;
#145=VECTOR('Line Direction',#144,1.) ;
#152=VECTOR('Line Direction',#151,1.) ;
#159=VECTOR('Line Direction',#158,1.) ;
#166=VECTOR('Line Direction',#165,1.) ;
#173=VECTOR('Line Direction',#172,1.) ;
#180=VECTOR('Line Direction',#179,1.) ;
#187=VECTOR('Line Direction',#186,1.) ;
#194=VECTOR('Line Direction',#193,1.) ;
#201=VECTOR('Line Direction',#200,1.) ;
#208=VECTOR('Line Direction',#207,1.) ;
#215=VECTOR('Line Direction',#214,1.) ;
#222=VECTOR('Line Direction',#221,1.) ;
#229=VECTOR('Line Direction',#228,1.) ;
#236=VECTOR('Line Direction',#235,1.) ;
#243=VECTOR('Line Direction',#242,1.) ;
#250=VECTOR('Line Direction',#249,1.) ;
#257=VECTOR('Line Direction',#256,1.) ;
#296=VECTOR('Line Direction',#295,1.) ;
#305=VECTOR('Line Direction',#304,1.) ;
#312=VECTOR('Line Direction',#311,1.) ;
#319=VECTOR('Line Direction',#318,1.) ;
#330=VECTOR('Line Direction',#329,1.) ;
#339=VECTOR('Line Direction',#338,1.) ;
#346=VECTOR('Line Direction',#345,1.) ;
#353=VECTOR('Line Direction',#352,1.) ;
#364=VECTOR('Line Direction',#363,1.) ;
#373=VECTOR('Line Direction',#372,1.) ;
#380=VECTOR('Line Direction',#379,1.) ;
#387=VECTOR('Line Direction',#386,1.) ;
#398=VECTOR('Line Direction',#397,1.) ;
#407=VECTOR('Line Direction',#406,1.) ;
#414=VECTOR('Line Direction',#413,1.) ;
#421=VECTOR('Line Direction',#420,1.) ;
#432=VECTOR('Line Direction',#431,1.) ;
#441=VECTOR('Line Direction',#440,1.) ;
#448=VECTOR('Line Direction',#447,1.) ;
#455=VECTOR('Line Direction',#454,1.) ;
#466=VECTOR('Line Direction',#465,1.) ;
#475=VECTOR('Line Direction',#474,1.) ;
#482=VECTOR('Line Direction',#481,1.) ;
#489=VECTOR('Line Direction',#488,1.) ;
#500=VECTOR('Line Direction',#499,1.) ;
#509=VECTOR('Line Direction',#508,1.) ;
#516=VECTOR('Line Direction',#515,1.) ;
#523=VECTOR('Line Direction',#522,1.) ;
#534=VECTOR('Line Direction',#533,1.) ;
#543=VECTOR('Line Direction',#542,1.) ;
#550=VECTOR('Line Direction',#549,1.) ;
#557=VECTOR('Line Direction',#556,1.) ;
#568=VECTOR('Line Direction',#567,1.) ;
#577=VECTOR('Line Direction',#576,1.) ;
#584=VECTOR('Line Direction',#583,1.) ;
#591=VECTOR('Line Direction',#590,1.) ;
#602=VECTOR('Line Direction',#601,1.) ;
#611=VECTOR('Line Direction',#610,1.) ;
#618=VECTOR('Line Direction',#617,1.) ;
#625=VECTOR('Line Direction',#624,1.) ;
#636=VECTOR('Line Direction',#635,1.) ;
#645=VECTOR('Line Direction',#644,1.) ;
#652=VECTOR('Line Direction',#651,1.) ;
#659=VECTOR('Line Direction',#658,1.) ;
#670=VECTOR('Line Direction',#669,1.) ;
#679=VECTOR('Line Direction',#678,1.) ;
#686=VECTOR('Line Direction',#685,1.) ;
#693=VECTOR('Line Direction',#692,1.) ;
#704=VECTOR('Line Direction',#703,1.) ;
#713=VECTOR('Line Direction',#712,1.) ;
#720=VECTOR('Line Direction',#719,1.) ;
#727=VECTOR('Line Direction',#726,1.) ;
#738=VECTOR('Line Direction',#737,1.) ;
#747=VECTOR('Line Direction',#746,1.) ;
#754=VECTOR('Line Direction',#753,1.) ;
#761=VECTOR('Line Direction',#760,1.) ;
#772=VECTOR('Line Direction',#771,1.) ;
#781=VECTOR('Line Direction',#780,1.) ;
#788=VECTOR('Line Direction',#787,1.) ;
#795=VECTOR('Line Direction',#794,1.) ;
#806=VECTOR('Line Direction',#805,1.) ;
#815=VECTOR('Line Direction',#814,1.) ;
#822=VECTOR('Line Direction',#821,1.) ;
#829=VECTOR('Line Direction',#828,1.) ;
#840=VECTOR('Line Direction',#839,1.) ;
#849=VECTOR('Line Direction',#848,1.) ;
#856=VECTOR('Line Direction',#855,1.) ;
#863=VECTOR('Line Direction',#862,1.) ;
#874=VECTOR('Line Direction',#873,1.) ;
#883=VECTOR('Line Direction',#882,1.) ;
#890=VECTOR('Line Direction',#889,1.) ;
#897=VECTOR('Line Direction',#896,1.) ;
#908=VECTOR('Line Direction',#907,1.) ;
#917=VECTOR('Line Direction',#916,1.) ;
#924=VECTOR('Line Direction',#923,1.) ;
#931=VECTOR('Line Direction',#930,1.) ;
#942=VECTOR('Line Direction',#941,1.) ;
#951=VECTOR('Line Direction',#950,1.) ;
#958=VECTOR('Line Direction',#957,1.) ;
#965=VECTOR('Line Direction',#964,1.) ;
#990=VECTOR('Line Direction',#989,1.) ;
#999=VECTOR('Line Direction',#998,1.) ;
#1004=VECTOR('Line Direction',#1003,1.) ;
#1022=VECTOR('Line Direction',#1021,1.) ;
#1029=VECTOR('Line Direction',#1028,1.) ;
#1047=VECTOR('Line Direction',#1046,1.) ;
#1054=VECTOR('Line Direction',#1053,1.) ;
#1072=VECTOR('Line Direction',#1071,1.) ;
#1079=VECTOR('Line Direction',#1078,1.) ;
#1097=VECTOR('Line Direction',#1096,1.) ;
#1104=VECTOR('Line Direction',#1103,1.) ;
#1122=VECTOR('Line Direction',#1121,1.) ;
#1129=VECTOR('Line Direction',#1128,1.) ;
#1147=VECTOR('Line Direction',#1146,1.) ;
#1154=VECTOR('Line Direction',#1153,1.) ;
#1172=VECTOR('Line Direction',#1171,1.) ;
#1179=VECTOR('Line Direction',#1178,1.) ;
#1197=VECTOR('Line Direction',#1196,1.) ;
#1204=VECTOR('Line Direction',#1203,1.) ;
#1222=VECTOR('Line Direction',#1221,1.) ;
#1229=VECTOR('Line Direction',#1228,1.) ;
#1247=VECTOR('Line Direction',#1246,1.) ;
#1254=VECTOR('Line Direction',#1253,1.) ;
#1272=VECTOR('Line Direction',#1271,1.) ;
#1279=VECTOR('Line Direction',#1278,1.) ;
#1297=VECTOR('Line Direction',#1296,1.) ;
#1304=VECTOR('Line Direction',#1303,1.) ;
#1322=VECTOR('Line Direction',#1321,1.) ;
#1329=VECTOR('Line Direction',#1328,1.) ;
#1347=VECTOR('Line Direction',#1346,1.) ;
#1354=VECTOR('Line Direction',#1353,1.) ;
#1372=VECTOR('Line Direction',#1371,1.) ;
#1379=VECTOR('Line Direction',#1378,1.) ;
#1397=VECTOR('Line Direction',#1396,1.) ;
#1404=VECTOR('Line Direction',#1403,1.) ;
#1422=VECTOR('Line Direction',#1421,1.) ;
#1429=VECTOR('Line Direction',#1428,1.) ;
#1447=VECTOR('Line Direction',#1446,1.) ;
#1454=VECTOR('Line Direction',#1453,1.) ;
#1472=VECTOR('Line Direction',#1471,1.) ;
#1479=VECTOR('Line Direction',#1478,1.) ;
#1497=VECTOR('Line Direction',#1496,1.) ;
#1504=VECTOR('Line Direction',#1503,1.) ;
#1522=VECTOR('Line Direction',#1521,1.) ;
#1529=VECTOR('Line Direction',#1528,1.) ;
#1547=VECTOR('Line Direction',#1546,1.) ;
#1554=VECTOR('Line Direction',#1553,1.) ;
#1572=VECTOR('Line Direction',#1571,1.) ;
#1579=VECTOR('Line Direction',#1578,1.) ;
#1597=VECTOR('Line Direction',#1596,1.) ;
#1604=VECTOR('Line Direction',#1603,1.) ;
#1622=VECTOR('Line Direction',#1621,1.) ;
#1629=VECTOR('Line Direction',#1628,1.) ;
#1647=VECTOR('Line Direction',#1646,1.) ;
#1654=VECTOR('Line Direction',#1653,1.) ;
#1672=VECTOR('Line Direction',#1671,1.) ;
#1679=VECTOR('Line Direction',#1678,1.) ;
#1697=VECTOR('Line Direction',#1696,1.) ;
#1704=VECTOR('Line Direction',#1703,1.) ;
#1722=VECTOR('Line Direction',#1721,1.) ;
#1729=VECTOR('Line Direction',#1728,1.) ;
#1747=VECTOR('Line Direction',#1746,1.) ;
#1754=VECTOR('Line Direction',#1753,1.) ;
#1772=VECTOR('Line Direction',#1771,1.) ;
#1790=VECTOR('Line Direction',#1789,1.) ;
#1797=VECTOR('Line Direction',#1796,1.) ;
#1804=VECTOR('Line Direction',#1803,1.) ;
#1822=VECTOR('Line Direction',#1821,1.) ;
#1829=VECTOR('Line Direction',#1828,1.) ;
#1847=VECTOR('Line Direction',#1846,1.) ;
#1854=VECTOR('Line Direction',#1853,1.) ;
#1872=VECTOR('Line Direction',#1871,1.) ;
#1890=VECTOR('Line Direction',#1889,1.) ;
#1897=VECTOR('Line Direction',#1896,1.) ;
#1904=VECTOR('Line Direction',#1903,1.) ;
#1922=VECTOR('Line Direction',#1921,1.) ;
#1929=VECTOR('Line Direction',#1928,1.) ;
#1947=VECTOR('Line Direction',#1946,1.) ;
#1954=VECTOR('Line Direction',#1953,1.) ;
#1972=VECTOR('Line Direction',#1971,1.) ;
#1990=VECTOR('Line Direction',#1989,1.) ;
#1997=VECTOR('Line Direction',#1996,1.) ;
#2004=VECTOR('Line Direction',#2003,1.) ;
#2022=VECTOR('Line Direction',#2021,1.) ;
#2029=VECTOR('Line Direction',#2028,1.) ;
#2047=VECTOR('Line Direction',#2046,1.) ;
#2054=VECTOR('Line Direction',#2053,1.) ;
#2072=VECTOR('Line Direction',#2071,1.) ;
#2090=VECTOR('Line Direction',#2089,1.) ;
#2097=VECTOR('Line Direction',#2096,1.) ;
#2104=VECTOR('Line Direction',#2103,1.) ;
#2122=VECTOR('Line Direction',#2121,1.) ;
#2129=VECTOR('Line Direction',#2128,1.) ;
#2147=VECTOR('Line Direction',#2146,1.) ;
#2154=VECTOR('Line Direction',#2153,1.) ;
#2172=VECTOR('Line Direction',#2171,1.) ;
#2190=VECTOR('Line Direction',#2189,1.) ;
#2197=VECTOR('Line Direction',#2196,1.) ;
#2204=VECTOR('Line Direction',#2203,1.) ;
#2222=VECTOR('Line Direction',#2221,1.) ;
#2229=VECTOR('Line Direction',#2228,1.) ;
#2247=VECTOR('Line Direction',#2246,1.) ;
#2254=VECTOR('Line Direction',#2253,1.) ;
#2272=VECTOR('Line Direction',#2271,1.) ;
#2290=VECTOR('Line Direction',#2289,1.) ;
#2297=VECTOR('Line Direction',#2296,1.) ;
#2304=VECTOR('Line Direction',#2303,1.) ;
#2322=VECTOR('Line Direction',#2321,1.) ;
#2329=VECTOR('Line Direction',#2328,1.) ;
#2347=VECTOR('Line Direction',#2346,1.) ;
#2354=VECTOR('Line Direction',#2353,1.) ;
#2372=VECTOR('Line Direction',#2371,1.) ;
#2390=VECTOR('Line Direction',#2389,1.) ;
#2397=VECTOR('Line Direction',#2396,1.) ;
#2404=VECTOR('Line Direction',#2403,1.) ;
#2422=VECTOR('Line Direction',#2421,1.) ;
#2429=VECTOR('Line Direction',#2428,1.) ;
#2447=VECTOR('Line Direction',#2446,1.) ;
#2454=VECTOR('Line Direction',#2453,1.) ;
#2472=VECTOR('Line Direction',#2471,1.) ;
#2490=VECTOR('Line Direction',#2489,1.) ;
#2497=VECTOR('Line Direction',#2496,1.) ;
#2504=VECTOR('Line Direction',#2503,1.) ;
#2522=VECTOR('Line Direction',#2521,1.) ;
#2529=VECTOR('Line Direction',#2528,1.) ;
#2547=VECTOR('Line Direction',#2546,1.) ;
#2554=VECTOR('Line Direction',#2553,1.) ;
#2572=VECTOR('Line Direction',#2571,1.) ;
#2590=VECTOR('Line Direction',#2589,1.) ;
#2597=VECTOR('Line Direction',#2596,1.) ;
#2604=VECTOR('Line Direction',#2603,1.) ;
#2622=VECTOR('Line Direction',#2621,1.) ;
#2629=VECTOR('Line Direction',#2628,1.) ;
#2647=VECTOR('Line Direction',#2646,1.) ;
#2654=VECTOR('Line Direction',#2653,1.) ;
#2672=VECTOR('Line Direction',#2671,1.) ;
#2690=VECTOR('Line Direction',#2689,1.) ;
#2697=VECTOR('Line Direction',#2696,1.) ;
#2704=VECTOR('Line Direction',#2703,1.) ;
#2722=VECTOR('Line Direction',#2721,1.) ;
#2729=VECTOR('Line Direction',#2728,1.) ;
#2747=VECTOR('Line Direction',#2746,1.) ;
#2754=VECTOR('Line Direction',#2753,1.) ;
#2772=VECTOR('Line Direction',#2771,1.) ;
#2790=VECTOR('Line Direction',#2789,1.) ;
#2797=VECTOR('Line Direction',#2796,1.) ;
#2804=VECTOR('Line Direction',#2803,1.) ;
#2822=VECTOR('Line Direction',#2821,1.) ;
#2829=VECTOR('Line Direction',#2828,1.) ;
#2847=VECTOR('Line Direction',#2846,1.) ;
#2854=VECTOR('Line Direction',#2853,1.) ;
#2872=VECTOR('Line Direction',#2871,1.) ;
#2890=VECTOR('Line Direction',#2889,1.) ;
#2897=VECTOR('Line Direction',#2896,1.) ;
#2904=VECTOR('Line Direction',#2903,1.) ;
#2922=VECTOR('Line Direction',#2921,1.) ;
#2929=VECTOR('Line Direction',#2928,1.) ;
#2947=VECTOR('Line Direction',#2946,1.) ;
#2954=VECTOR('Line Direction',#2953,1.) ;
#2972=VECTOR('Line Direction',#2971,1.) ;
#2990=VECTOR('Line Direction',#2989,1.) ;
#2997=VECTOR('Line Direction',#2996,1.) ;
#3004=VECTOR('Line Direction',#3003,1.) ;
#3022=VECTOR('Line Direction',#3021,1.) ;
#3029=VECTOR('Line Direction',#3028,1.) ;
#3047=VECTOR('Line Direction',#3046,1.) ;
#3054=VECTOR('Line Direction',#3053,1.) ;
#3072=VECTOR('Line Direction',#3071,1.) ;
#3090=VECTOR('Line Direction',#3089,1.) ;
#3097=VECTOR('Line Direction',#3096,1.) ;
#3104=VECTOR('Line Direction',#3103,1.) ;
#3122=VECTOR('Line Direction',#3121,1.) ;
#3129=VECTOR('Line Direction',#3128,1.) ;
#3147=VECTOR('Line Direction',#3146,1.) ;
#3154=VECTOR('Line Direction',#3153,1.) ;
#3172=VECTOR('Line Direction',#3171,1.) ;
#3190=VECTOR('Line Direction',#3189,1.) ;
#3197=VECTOR('Line Direction',#3196,1.) ;
#3204=VECTOR('Line Direction',#3203,1.) ;
#3222=VECTOR('Line Direction',#3221,1.) ;
#3229=VECTOR('Line Direction',#3228,1.) ;
#3247=VECTOR('Line Direction',#3246,1.) ;
#3254=VECTOR('Line Direction',#3253,1.) ;
#3272=VECTOR('Line Direction',#3271,1.) ;
#3290=VECTOR('Line Direction',#3289,1.) ;
#3297=VECTOR('Line Direction',#3296,1.) ;
#3304=VECTOR('Line Direction',#3303,1.) ;
#3329=VECTOR('Line Direction',#3328,1.) ;
#3336=VECTOR('Line Direction',#3335,1.) ;
#3354=VECTOR('Line Direction',#3353,1.) ;
#3361=VECTOR('Line Direction',#3360,1.) ;
#3379=VECTOR('Line Direction',#3378,1.) ;
#3397=VECTOR('Line Direction',#3396,1.) ;
#3404=VECTOR('Line Direction',#3403,1.) ;
#3411=VECTOR('Line Direction',#3410,1.) ;
#3429=VECTOR('Line Direction',#3428,1.) ;
#3436=VECTOR('Line Direction',#3435,1.) ;
#3454=VECTOR('Line Direction',#3453,1.) ;
#3461=VECTOR('Line Direction',#3460,1.) ;
#3479=VECTOR('Line Direction',#3478,1.) ;
#3497=VECTOR('Line Direction',#3496,1.) ;
#3504=VECTOR('Line Direction',#3503,1.) ;
#3511=VECTOR('Line Direction',#3510,1.) ;
#3529=VECTOR('Line Direction',#3528,1.) ;
#3536=VECTOR('Line Direction',#3535,1.) ;
#3554=VECTOR('Line Direction',#3553,1.) ;
#3561=VECTOR('Line Direction',#3560,1.) ;
#3579=VECTOR('Line Direction',#3578,1.) ;
#3597=VECTOR('Line Direction',#3596,1.) ;
#3604=VECTOR('Line Direction',#3603,1.) ;
#3611=VECTOR('Line Direction',#3610,1.) ;
#3629=VECTOR('Line Direction',#3628,1.) ;
#3636=VECTOR('Line Direction',#3635,1.) ;
#3654=VECTOR('Line Direction',#3653,1.) ;
#3661=VECTOR('Line Direction',#3660,1.) ;
#3679=VECTOR('Line Direction',#3678,1.) ;
#3697=VECTOR('Line Direction',#3696,1.) ;
#3704=VECTOR('Line Direction',#3703,1.) ;
#3711=VECTOR('Line Direction',#3710,1.) ;
#3729=VECTOR('Line Direction',#3728,1.) ;
#3736=VECTOR('Line Direction',#3735,1.) ;
#3754=VECTOR('Line Direction',#3753,1.) ;
#3761=VECTOR('Line Direction',#3760,1.) ;
#3779=VECTOR('Line Direction',#3778,1.) ;
#3831=VECTOR('Line Direction',#3830,1.) ;
#3840=VECTOR('Line Direction',#3839,1.) ;
#3847=VECTOR('Line Direction',#3846,1.) ;
#3854=VECTOR('Line Direction',#3853,1.) ;
#3865=VECTOR('Line Direction',#3864,1.) ;
#3874=VECTOR('Line Direction',#3873,1.) ;
#3881=VECTOR('Line Direction',#3880,1.) ;
#3888=VECTOR('Line Direction',#3887,1.) ;
#3899=VECTOR('Line Direction',#3898,1.) ;
#3908=VECTOR('Line Direction',#3907,1.) ;
#3915=VECTOR('Line Direction',#3914,1.) ;
#3922=VECTOR('Line Direction',#3921,1.) ;
#3933=VECTOR('Line Direction',#3932,1.) ;
#3942=VECTOR('Line Direction',#3941,1.) ;
#3949=VECTOR('Line Direction',#3948,1.) ;
#3956=VECTOR('Line Direction',#3955,1.) ;
#4169=VECTOR('Line Direction',#4168,1.) ;
#4176=VECTOR('Line Direction',#4175,1.) ;
#4183=VECTOR('Line Direction',#4182,1.) ;
#4201=VECTOR('Line Direction',#4200,1.) ;
#4208=VECTOR('Line Direction',#4207,1.) ;
#4226=VECTOR('Line Direction',#4225,1.) ;
#4233=VECTOR('Line Direction',#4232,1.) ;
#4251=VECTOR('Line Direction',#4250,1.) ;
#4269=VECTOR('Line Direction',#4268,1.) ;
#4276=VECTOR('Line Direction',#4275,1.) ;
#4283=VECTOR('Line Direction',#4282,1.) ;
#4301=VECTOR('Line Direction',#4300,1.) ;
#4308=VECTOR('Line Direction',#4307,1.) ;
#4326=VECTOR('Line Direction',#4325,1.) ;
#4333=VECTOR('Line Direction',#4332,1.) ;
#4351=VECTOR('Line Direction',#4350,1.) ;
#4369=VECTOR('Line Direction',#4368,1.) ;
#4376=VECTOR('Line Direction',#4375,1.) ;
#4383=VECTOR('Line Direction',#4382,1.) ;
#4401=VECTOR('Line Direction',#4400,1.) ;
#4408=VECTOR('Line Direction',#4407,1.) ;
#4426=VECTOR('Line Direction',#4425,1.) ;
#4433=VECTOR('Line Direction',#4432,1.) ;
#4451=VECTOR('Line Direction',#4450,1.) ;
#4469=VECTOR('Line Direction',#4468,1.) ;
#4476=VECTOR('Line Direction',#4475,1.) ;
#4483=VECTOR('Line Direction',#4482,1.) ;
#4501=VECTOR('Line Direction',#4500,1.) ;
#4508=VECTOR('Line Direction',#4507,1.) ;
#4526=VECTOR('Line Direction',#4525,1.) ;
#4533=VECTOR('Line Direction',#4532,1.) ;
#4551=VECTOR('Line Direction',#4550,1.) ;
#4582=VECTOR('Line Direction',#4581,1.) ;
#4589=VECTOR('Line Direction',#4588,1.) ;
#4596=VECTOR('Line Direction',#4595,1.) ;
#4614=VECTOR('Line Direction',#4613,1.) ;
#4621=VECTOR('Line Direction',#4620,1.) ;
#4639=VECTOR('Line Direction',#4638,1.) ;
#4646=VECTOR('Line Direction',#4645,1.) ;
#4664=VECTOR('Line Direction',#4663,1.) ;
#4682=VECTOR('Line Direction',#4681,1.) ;
#4689=VECTOR('Line Direction',#4688,1.) ;
#4696=VECTOR('Line Direction',#4695,1.) ;
#4714=VECTOR('Line Direction',#4713,1.) ;
#4721=VECTOR('Line Direction',#4720,1.) ;
#4739=VECTOR('Line Direction',#4738,1.) ;
#4746=VECTOR('Line Direction',#4745,1.) ;
#4764=VECTOR('Line Direction',#4763,1.) ;
#4782=VECTOR('Line Direction',#4781,1.) ;
#4789=VECTOR('Line Direction',#4788,1.) ;
#4796=VECTOR('Line Direction',#4795,1.) ;
#4814=VECTOR('Line Direction',#4813,1.) ;
#4821=VECTOR('Line Direction',#4820,1.) ;
#4839=VECTOR('Line Direction',#4838,1.) ;
#4846=VECTOR('Line Direction',#4845,1.) ;
#4864=VECTOR('Line Direction',#4863,1.) ;
#4882=VECTOR('Line Direction',#4881,1.) ;
#4889=VECTOR('Line Direction',#4888,1.) ;
#4896=VECTOR('Line Direction',#4895,1.) ;
#4914=VECTOR('Line Direction',#4913,1.) ;
#4921=VECTOR('Line Direction',#4920,1.) ;
#4939=VECTOR('Line Direction',#4938,1.) ;
#4946=VECTOR('Line Direction',#4945,1.) ;
#4964=VECTOR('Line Direction',#4963,1.) ;
#5034=VECTOR('Line Direction',#5033,1.) ;
#5041=VECTOR('Line Direction',#5040,1.) ;
#5048=VECTOR('Line Direction',#5047,1.) ;
#5066=VECTOR('Line Direction',#5065,1.) ;
#5073=VECTOR('Line Direction',#5072,1.) ;
#5091=VECTOR('Line Direction',#5090,1.) ;
#5098=VECTOR('Line Direction',#5097,1.) ;
#5116=VECTOR('Line Direction',#5115,1.) ;
#5134=VECTOR('Line Direction',#5133,1.) ;
#5141=VECTOR('Line Direction',#5140,1.) ;
#5148=VECTOR('Line Direction',#5147,1.) ;
#5166=VECTOR('Line Direction',#5165,1.) ;
#5173=VECTOR('Line Direction',#5172,1.) ;
#5191=VECTOR('Line Direction',#5190,1.) ;
#5198=VECTOR('Line Direction',#5197,1.) ;
#5216=VECTOR('Line Direction',#5215,1.) ;
#5234=VECTOR('Line Direction',#5233,1.) ;
#5241=VECTOR('Line Direction',#5240,1.) ;
#5248=VECTOR('Line Direction',#5247,1.) ;
#5266=VECTOR('Line Direction',#5265,1.) ;
#5273=VECTOR('Line Direction',#5272,1.) ;
#5291=VECTOR('Line Direction',#5290,1.) ;
#5298=VECTOR('Line Direction',#5297,1.) ;
#5316=VECTOR('Line Direction',#5315,1.) ;
#5334=VECTOR('Line Direction',#5333,1.) ;
#5341=VECTOR('Line Direction',#5340,1.) ;
#5348=VECTOR('Line Direction',#5347,1.) ;
#5366=VECTOR('Line Direction',#5365,1.) ;
#5373=VECTOR('Line Direction',#5372,1.) ;
#5391=VECTOR('Line Direction',#5390,1.) ;
#5398=VECTOR('Line Direction',#5397,1.) ;
#5416=VECTOR('Line Direction',#5415,1.) ;
#15=UNCERTAINTY_MEASURE_WITH_UNIT(LENGTH_MEASURE(0.005),#12,'distance_accuracy_value','CONFUSED CURVE UNCERTAINTY') ;
#5480=SHAPE_REPRESENTATION_RELATIONSHIP(' ',' ',#19,#5479) ;
#261=ORIENTED_EDGE('',*,*,#44,.F.) ;
#262=ORIENTED_EDGE('',*,*,#51,.F.) ;
#263=ORIENTED_EDGE('',*,*,#58,.F.) ;
#264=ORIENTED_EDGE('',*,*,#65,.F.) ;
#265=ORIENTED_EDGE('',*,*,#72,.F.) ;
#266=ORIENTED_EDGE('',*,*,#79,.F.) ;
#267=ORIENTED_EDGE('',*,*,#86,.F.) ;
#268=ORIENTED_EDGE('',*,*,#93,.F.) ;
#269=ORIENTED_EDGE('',*,*,#100,.F.) ;
#270=ORIENTED_EDGE('',*,*,#107,.F.) ;
#271=ORIENTED_EDGE('',*,*,#114,.F.) ;
#272=ORIENTED_EDGE('',*,*,#121,.F.) ;
#273=ORIENTED_EDGE('',*,*,#128,.F.) ;
#274=ORIENTED_EDGE('',*,*,#135,.F.) ;
#275=ORIENTED_EDGE('',*,*,#142,.F.) ;
#276=ORIENTED_EDGE('',*,*,#149,.F.) ;
#277=ORIENTED_EDGE('',*,*,#156,.F.) ;
#278=ORIENTED_EDGE('',*,*,#163,.F.) ;
#279=ORIENTED_EDGE('',*,*,#170,.F.) ;
#280=ORIENTED_EDGE('',*,*,#177,.F.) ;
#281=ORIENTED_EDGE('',*,*,#184,.F.) ;
#282=ORIENTED_EDGE('',*,*,#191,.F.) ;
#283=ORIENTED_EDGE('',*,*,#198,.F.) ;
#284=ORIENTED_EDGE('',*,*,#205,.F.) ;
#285=ORIENTED_EDGE('',*,*,#212,.F.) ;
#286=ORIENTED_EDGE('',*,*,#219,.F.) ;
#287=ORIENTED_EDGE('',*,*,#226,.F.) ;
#288=ORIENTED_EDGE('',*,*,#233,.F.) ;
#289=ORIENTED_EDGE('',*,*,#240,.F.) ;
#290=ORIENTED_EDGE('',*,*,#247,.F.) ;
#291=ORIENTED_EDGE('',*,*,#254,.F.) ;
#292=ORIENTED_EDGE('',*,*,#259,.F.) ;
#323=ORIENTED_EDGE('',*,*,#302,.F.) ;
#324=ORIENTED_EDGE('',*,*,#309,.F.) ;
#325=ORIENTED_EDGE('',*,*,#316,.F.) ;
#326=ORIENTED_EDGE('',*,*,#321,.F.) ;
#357=ORIENTED_EDGE('',*,*,#336,.F.) ;
#358=ORIENTED_EDGE('',*,*,#343,.F.) ;
#359=ORIENTED_EDGE('',*,*,#350,.F.) ;
#360=ORIENTED_EDGE('',*,*,#355,.F.) ;
#391=ORIENTED_EDGE('',*,*,#370,.F.) ;
#392=ORIENTED_EDGE('',*,*,#377,.F.) ;
#393=ORIENTED_EDGE('',*,*,#384,.F.) ;
#394=ORIENTED_EDGE('',*,*,#389,.F.) ;
#425=ORIENTED_EDGE('',*,*,#404,.F.) ;
#426=ORIENTED_EDGE('',*,*,#411,.F.) ;
#427=ORIENTED_EDGE('',*,*,#418,.F.) ;
#428=ORIENTED_EDGE('',*,*,#423,.F.) ;
#459=ORIENTED_EDGE('',*,*,#438,.F.) ;
#460=ORIENTED_EDGE('',*,*,#445,.F.) ;
#461=ORIENTED_EDGE('',*,*,#452,.F.) ;
#462=ORIENTED_EDGE('',*,*,#457,.F.) ;
#493=ORIENTED_EDGE('',*,*,#472,.F.) ;
#494=ORIENTED_EDGE('',*,*,#479,.F.) ;
#495=ORIENTED_EDGE('',*,*,#486,.F.) ;
#496=ORIENTED_EDGE('',*,*,#491,.F.) ;
#527=ORIENTED_EDGE('',*,*,#506,.F.) ;
#528=ORIENTED_EDGE('',*,*,#513,.F.) ;
#529=ORIENTED_EDGE('',*,*,#520,.F.) ;
#530=ORIENTED_EDGE('',*,*,#525,.F.) ;
#561=ORIENTED_EDGE('',*,*,#540,.F.) ;
#562=ORIENTED_EDGE('',*,*,#547,.F.) ;
#563=ORIENTED_EDGE('',*,*,#554,.F.) ;
#564=ORIENTED_EDGE('',*,*,#559,.F.) ;
#595=ORIENTED_EDGE('',*,*,#574,.F.) ;
#596=ORIENTED_EDGE('',*,*,#581,.F.) ;
#597=ORIENTED_EDGE('',*,*,#588,.F.) ;
#598=ORIENTED_EDGE('',*,*,#593,.F.) ;
#629=ORIENTED_EDGE('',*,*,#608,.F.) ;
#630=ORIENTED_EDGE('',*,*,#615,.F.) ;
#631=ORIENTED_EDGE('',*,*,#622,.F.) ;
#632=ORIENTED_EDGE('',*,*,#627,.F.) ;
#663=ORIENTED_EDGE('',*,*,#642,.F.) ;
#664=ORIENTED_EDGE('',*,*,#649,.F.) ;
#665=ORIENTED_EDGE('',*,*,#656,.F.) ;
#666=ORIENTED_EDGE('',*,*,#661,.F.) ;
#697=ORIENTED_EDGE('',*,*,#676,.F.) ;
#698=ORIENTED_EDGE('',*,*,#683,.F.) ;
#699=ORIENTED_EDGE('',*,*,#690,.F.) ;
#700=ORIENTED_EDGE('',*,*,#695,.F.) ;
#731=ORIENTED_EDGE('',*,*,#710,.F.) ;
#732=ORIENTED_EDGE('',*,*,#717,.F.) ;
#733=ORIENTED_EDGE('',*,*,#724,.F.) ;
#734=ORIENTED_EDGE('',*,*,#729,.F.) ;
#765=ORIENTED_EDGE('',*,*,#744,.F.) ;
#766=ORIENTED_EDGE('',*,*,#751,.F.) ;
#767=ORIENTED_EDGE('',*,*,#758,.F.) ;
#768=ORIENTED_EDGE('',*,*,#763,.F.) ;
#799=ORIENTED_EDGE('',*,*,#778,.F.) ;
#800=ORIENTED_EDGE('',*,*,#785,.F.) ;
#801=ORIENTED_EDGE('',*,*,#792,.F.) ;
#802=ORIENTED_EDGE('',*,*,#797,.F.) ;
#833=ORIENTED_EDGE('',*,*,#812,.T.) ;
#834=ORIENTED_EDGE('',*,*,#819,.F.) ;
#835=ORIENTED_EDGE('',*,*,#826,.F.) ;
#836=ORIENTED_EDGE('',*,*,#831,.T.) ;
#867=ORIENTED_EDGE('',*,*,#846,.T.) ;
#868=ORIENTED_EDGE('',*,*,#853,.F.) ;
#869=ORIENTED_EDGE('',*,*,#860,.F.) ;
#870=ORIENTED_EDGE('',*,*,#865,.T.) ;
#901=ORIENTED_EDGE('',*,*,#880,.T.) ;
#902=ORIENTED_EDGE('',*,*,#887,.F.) ;
#903=ORIENTED_EDGE('',*,*,#894,.F.) ;
#904=ORIENTED_EDGE('',*,*,#899,.T.) ;
#935=ORIENTED_EDGE('',*,*,#914,.T.) ;
#936=ORIENTED_EDGE('',*,*,#921,.F.) ;
#937=ORIENTED_EDGE('',*,*,#928,.F.) ;
#938=ORIENTED_EDGE('',*,*,#933,.T.) ;
#969=ORIENTED_EDGE('',*,*,#948,.F.) ;
#970=ORIENTED_EDGE('',*,*,#955,.F.) ;
#971=ORIENTED_EDGE('',*,*,#962,.F.) ;
#972=ORIENTED_EDGE('',*,*,#967,.F.) ;
#1008=ORIENTED_EDGE('',*,*,#996,.F.) ;
#1009=ORIENTED_EDGE('',*,*,#1001,.F.) ;
#1010=ORIENTED_EDGE('',*,*,#44,.T.) ;
#1011=ORIENTED_EDGE('',*,*,#1006,.T.) ;
#1033=ORIENTED_EDGE('',*,*,#1001,.T.) ;
#1034=ORIENTED_EDGE('',*,*,#1026,.F.) ;
#1035=ORIENTED_EDGE('',*,*,#1031,.F.) ;
#1036=ORIENTED_EDGE('',*,*,#51,.T.) ;
#1058=ORIENTED_EDGE('',*,*,#1031,.T.) ;
#1059=ORIENTED_EDGE('',*,*,#1051,.F.) ;
#1060=ORIENTED_EDGE('',*,*,#1056,.F.) ;
#1061=ORIENTED_EDGE('',*,*,#58,.T.) ;
#1083=ORIENTED_EDGE('',*,*,#1056,.T.) ;
#1084=ORIENTED_EDGE('',*,*,#1076,.F.) ;
#1085=ORIENTED_EDGE('',*,*,#1081,.F.) ;
#1086=ORIENTED_EDGE('',*,*,#65,.T.) ;
#1108=ORIENTED_EDGE('',*,*,#72,.T.) ;
#1109=ORIENTED_EDGE('',*,*,#1081,.T.) ;
#1110=ORIENTED_EDGE('',*,*,#1101,.F.) ;
#1111=ORIENTED_EDGE('',*,*,#1106,.F.) ;
#1133=ORIENTED_EDGE('',*,*,#1106,.T.) ;
#1134=ORIENTED_EDGE('',*,*,#1126,.F.) ;
#1135=ORIENTED_EDGE('',*,*,#1131,.F.) ;
#1136=ORIENTED_EDGE('',*,*,#79,.T.) ;
#1158=ORIENTED_EDGE('',*,*,#1131,.T.) ;
#1159=ORIENTED_EDGE('',*,*,#1151,.F.) ;
#1160=ORIENTED_EDGE('',*,*,#1156,.F.) ;
#1161=ORIENTED_EDGE('',*,*,#86,.T.) ;
#1183=ORIENTED_EDGE('',*,*,#1156,.T.) ;
#1184=ORIENTED_EDGE('',*,*,#1176,.F.) ;
#1185=ORIENTED_EDGE('',*,*,#1181,.F.) ;
#1186=ORIENTED_EDGE('',*,*,#93,.T.) ;
#1208=ORIENTED_EDGE('',*,*,#1201,.F.) ;
#1209=ORIENTED_EDGE('',*,*,#1206,.F.) ;
#1210=ORIENTED_EDGE('',*,*,#100,.T.) ;
#1211=ORIENTED_EDGE('',*,*,#1181,.T.) ;
#1233=ORIENTED_EDGE('',*,*,#1206,.T.) ;
#1234=ORIENTED_EDGE('',*,*,#1226,.F.) ;
#1235=ORIENTED_EDGE('',*,*,#1231,.F.) ;
#1236=ORIENTED_EDGE('',*,*,#107,.T.) ;
#1258=ORIENTED_EDGE('',*,*,#1231,.T.) ;
#1259=ORIENTED_EDGE('',*,*,#1251,.F.) ;
#1260=ORIENTED_EDGE('',*,*,#1256,.F.) ;
#1261=ORIENTED_EDGE('',*,*,#114,.T.) ;
#1283=ORIENTED_EDGE('',*,*,#1256,.T.) ;
#1284=ORIENTED_EDGE('',*,*,#1276,.F.) ;
#1285=ORIENTED_EDGE('',*,*,#1281,.F.) ;
#1286=ORIENTED_EDGE('',*,*,#121,.T.) ;
#1308=ORIENTED_EDGE('',*,*,#1301,.F.) ;
#1309=ORIENTED_EDGE('',*,*,#1306,.F.) ;
#1310=ORIENTED_EDGE('',*,*,#128,.T.) ;
#1311=ORIENTED_EDGE('',*,*,#1281,.T.) ;
#1333=ORIENTED_EDGE('',*,*,#1306,.T.) ;
#1334=ORIENTED_EDGE('',*,*,#1326,.F.) ;
#1335=ORIENTED_EDGE('',*,*,#1331,.F.) ;
#1336=ORIENTED_EDGE('',*,*,#135,.T.) ;
#1358=ORIENTED_EDGE('',*,*,#1331,.T.) ;
#1359=ORIENTED_EDGE('',*,*,#1351,.F.) ;
#1360=ORIENTED_EDGE('',*,*,#1356,.F.) ;
#1361=ORIENTED_EDGE('',*,*,#142,.T.) ;
#1383=ORIENTED_EDGE('',*,*,#1356,.T.) ;
#1384=ORIENTED_EDGE('',*,*,#1376,.F.) ;
#1385=ORIENTED_EDGE('',*,*,#1381,.F.) ;
#1386=ORIENTED_EDGE('',*,*,#149,.T.) ;
#1408=ORIENTED_EDGE('',*,*,#1381,.T.) ;
#1409=ORIENTED_EDGE('',*,*,#1401,.F.) ;
#1410=ORIENTED_EDGE('',*,*,#1406,.F.) ;
#1411=ORIENTED_EDGE('',*,*,#156,.T.) ;
#1433=ORIENTED_EDGE('',*,*,#1406,.T.) ;
#1434=ORIENTED_EDGE('',*,*,#1426,.F.) ;
#1435=ORIENTED_EDGE('',*,*,#1431,.F.) ;
#1436=ORIENTED_EDGE('',*,*,#163,.T.) ;
#1458=ORIENTED_EDGE('',*,*,#1431,.T.) ;
#1459=ORIENTED_EDGE('',*,*,#1451,.F.) ;
#1460=ORIENTED_EDGE('',*,*,#1456,.F.) ;
#1461=ORIENTED_EDGE('',*,*,#170,.T.) ;
#1483=ORIENTED_EDGE('',*,*,#1456,.T.) ;
#1484=ORIENTED_EDGE('',*,*,#1476,.F.) ;
#1485=ORIENTED_EDGE('',*,*,#1481,.F.) ;
#1486=ORIENTED_EDGE('',*,*,#177,.T.) ;
#1508=ORIENTED_EDGE('',*,*,#184,.T.) ;
#1509=ORIENTED_EDGE('',*,*,#1481,.T.) ;
#1510=ORIENTED_EDGE('',*,*,#1501,.F.) ;
#1511=ORIENTED_EDGE('',*,*,#1506,.F.) ;
#1533=ORIENTED_EDGE('',*,*,#1506,.T.) ;
#1534=ORIENTED_EDGE('',*,*,#1526,.F.) ;
#1535=ORIENTED_EDGE('',*,*,#1531,.F.) ;
#1536=ORIENTED_EDGE('',*,*,#191,.T.) ;
#1558=ORIENTED_EDGE('',*,*,#1531,.T.) ;
#1559=ORIENTED_EDGE('',*,*,#1551,.F.) ;
#1560=ORIENTED_EDGE('',*,*,#1556,.F.) ;
#1561=ORIENTED_EDGE('',*,*,#198,.T.) ;
#1583=ORIENTED_EDGE('',*,*,#1556,.T.) ;
#1584=ORIENTED_EDGE('',*,*,#1576,.F.) ;
#1585=ORIENTED_EDGE('',*,*,#1581,.F.) ;
#1586=ORIENTED_EDGE('',*,*,#205,.T.) ;
#1608=ORIENTED_EDGE('',*,*,#212,.T.) ;
#1609=ORIENTED_EDGE('',*,*,#1581,.T.) ;
#1610=ORIENTED_EDGE('',*,*,#1601,.F.) ;
#1611=ORIENTED_EDGE('',*,*,#1606,.F.) ;
#1633=ORIENTED_EDGE('',*,*,#1606,.T.) ;
#1634=ORIENTED_EDGE('',*,*,#1626,.F.) ;
#1635=ORIENTED_EDGE('',*,*,#1631,.F.) ;
#1636=ORIENTED_EDGE('',*,*,#219,.T.) ;
#1658=ORIENTED_EDGE('',*,*,#1631,.T.) ;
#1659=ORIENTED_EDGE('',*,*,#1651,.F.) ;
#1660=ORIENTED_EDGE('',*,*,#1656,.F.) ;
#1661=ORIENTED_EDGE('',*,*,#226,.T.) ;
#1683=ORIENTED_EDGE('',*,*,#1656,.T.) ;
#1684=ORIENTED_EDGE('',*,*,#1676,.F.) ;
#1685=ORIENTED_EDGE('',*,*,#1681,.F.) ;
#1686=ORIENTED_EDGE('',*,*,#233,.T.) ;
#1708=ORIENTED_EDGE('',*,*,#240,.T.) ;
#1709=ORIENTED_EDGE('',*,*,#1681,.T.) ;
#1710=ORIENTED_EDGE('',*,*,#1701,.F.) ;
#1711=ORIENTED_EDGE('',*,*,#1706,.F.) ;
#1733=ORIENTED_EDGE('',*,*,#1706,.T.) ;
#1734=ORIENTED_EDGE('',*,*,#1726,.F.) ;
#1735=ORIENTED_EDGE('',*,*,#1731,.F.) ;
#1736=ORIENTED_EDGE('',*,*,#247,.T.) ;
#1758=ORIENTED_EDGE('',*,*,#1731,.T.) ;
#1759=ORIENTED_EDGE('',*,*,#1751,.F.) ;
#1760=ORIENTED_EDGE('',*,*,#1756,.F.) ;
#1761=ORIENTED_EDGE('',*,*,#254,.T.) ;
#1776=ORIENTED_EDGE('',*,*,#1756,.T.) ;
#1777=ORIENTED_EDGE('',*,*,#1774,.F.) ;
#1778=ORIENTED_EDGE('',*,*,#1006,.F.) ;
#1779=ORIENTED_EDGE('',*,*,#259,.T.) ;
#1808=ORIENTED_EDGE('',*,*,#1794,.T.) ;
#1809=ORIENTED_EDGE('',*,*,#1801,.F.) ;
#1810=ORIENTED_EDGE('',*,*,#1806,.F.) ;
#1811=ORIENTED_EDGE('',*,*,#302,.T.) ;
#1833=ORIENTED_EDGE('',*,*,#1806,.T.) ;
#1834=ORIENTED_EDGE('',*,*,#1826,.F.) ;
#1835=ORIENTED_EDGE('',*,*,#1831,.F.) ;
#1836=ORIENTED_EDGE('',*,*,#309,.T.) ;
#1858=ORIENTED_EDGE('',*,*,#1831,.T.) ;
#1859=ORIENTED_EDGE('',*,*,#1851,.F.) ;
#1860=ORIENTED_EDGE('',*,*,#1856,.F.) ;
#1861=ORIENTED_EDGE('',*,*,#316,.T.) ;
#1876=ORIENTED_EDGE('',*,*,#1856,.T.) ;
#1877=ORIENTED_EDGE('',*,*,#1874,.F.) ;
#1878=ORIENTED_EDGE('',*,*,#1794,.F.) ;
#1879=ORIENTED_EDGE('',*,*,#321,.T.) ;
#1908=ORIENTED_EDGE('',*,*,#1894,.T.) ;
#1909=ORIENTED_EDGE('',*,*,#1901,.F.) ;
#1910=ORIENTED_EDGE('',*,*,#1906,.F.) ;
#1911=ORIENTED_EDGE('',*,*,#336,.T.) ;
#1933=ORIENTED_EDGE('',*,*,#1906,.T.) ;
#1934=ORIENTED_EDGE('',*,*,#1926,.F.) ;
#1935=ORIENTED_EDGE('',*,*,#1931,.F.) ;
#1936=ORIENTED_EDGE('',*,*,#343,.T.) ;
#1958=ORIENTED_EDGE('',*,*,#1931,.T.) ;
#1959=ORIENTED_EDGE('',*,*,#1951,.F.) ;
#1960=ORIENTED_EDGE('',*,*,#1956,.F.) ;
#1961=ORIENTED_EDGE('',*,*,#350,.T.) ;
#1976=ORIENTED_EDGE('',*,*,#1956,.T.) ;
#1977=ORIENTED_EDGE('',*,*,#1974,.F.) ;
#1978=ORIENTED_EDGE('',*,*,#1894,.F.) ;
#1979=ORIENTED_EDGE('',*,*,#355,.T.) ;
#2008=ORIENTED_EDGE('',*,*,#1994,.T.) ;
#2009=ORIENTED_EDGE('',*,*,#2001,.F.) ;
#2010=ORIENTED_EDGE('',*,*,#2006,.F.) ;
#2011=ORIENTED_EDGE('',*,*,#370,.T.) ;
#2033=ORIENTED_EDGE('',*,*,#2006,.T.) ;
#2034=ORIENTED_EDGE('',*,*,#2026,.F.) ;
#2035=ORIENTED_EDGE('',*,*,#2031,.F.) ;
#2036=ORIENTED_EDGE('',*,*,#377,.T.) ;
#2058=ORIENTED_EDGE('',*,*,#2031,.T.) ;
#2059=ORIENTED_EDGE('',*,*,#2051,.F.) ;
#2060=ORIENTED_EDGE('',*,*,#2056,.F.) ;
#2061=ORIENTED_EDGE('',*,*,#384,.T.) ;
#2076=ORIENTED_EDGE('',*,*,#2056,.T.) ;
#2077=ORIENTED_EDGE('',*,*,#2074,.F.) ;
#2078=ORIENTED_EDGE('',*,*,#1994,.F.) ;
#2079=ORIENTED_EDGE('',*,*,#389,.T.) ;
#2108=ORIENTED_EDGE('',*,*,#2094,.T.) ;
#2109=ORIENTED_EDGE('',*,*,#2101,.F.) ;
#2110=ORIENTED_EDGE('',*,*,#2106,.F.) ;
#2111=ORIENTED_EDGE('',*,*,#404,.T.) ;
#2133=ORIENTED_EDGE('',*,*,#2106,.T.) ;
#2134=ORIENTED_EDGE('',*,*,#2126,.F.) ;
#2135=ORIENTED_EDGE('',*,*,#2131,.F.) ;
#2136=ORIENTED_EDGE('',*,*,#411,.T.) ;
#2158=ORIENTED_EDGE('',*,*,#2131,.T.) ;
#2159=ORIENTED_EDGE('',*,*,#2151,.F.) ;
#2160=ORIENTED_EDGE('',*,*,#2156,.F.) ;
#2161=ORIENTED_EDGE('',*,*,#418,.T.) ;
#2176=ORIENTED_EDGE('',*,*,#2156,.T.) ;
#2177=ORIENTED_EDGE('',*,*,#2174,.F.) ;
#2178=ORIENTED_EDGE('',*,*,#2094,.F.) ;
#2179=ORIENTED_EDGE('',*,*,#423,.T.) ;
#2208=ORIENTED_EDGE('',*,*,#2194,.T.) ;
#2209=ORIENTED_EDGE('',*,*,#2201,.F.) ;
#2210=ORIENTED_EDGE('',*,*,#2206,.F.) ;
#2211=ORIENTED_EDGE('',*,*,#438,.T.) ;
#2233=ORIENTED_EDGE('',*,*,#2206,.T.) ;
#2234=ORIENTED_EDGE('',*,*,#2226,.F.) ;
#2235=ORIENTED_EDGE('',*,*,#2231,.F.) ;
#2236=ORIENTED_EDGE('',*,*,#445,.T.) ;
#2258=ORIENTED_EDGE('',*,*,#2231,.T.) ;
#2259=ORIENTED_EDGE('',*,*,#2251,.F.) ;
#2260=ORIENTED_EDGE('',*,*,#2256,.F.) ;
#2261=ORIENTED_EDGE('',*,*,#452,.T.) ;
#2276=ORIENTED_EDGE('',*,*,#2256,.T.) ;
#2277=ORIENTED_EDGE('',*,*,#2274,.F.) ;
#2278=ORIENTED_EDGE('',*,*,#2194,.F.) ;
#2279=ORIENTED_EDGE('',*,*,#457,.T.) ;
#2308=ORIENTED_EDGE('',*,*,#2294,.T.) ;
#2309=ORIENTED_EDGE('',*,*,#2301,.F.) ;
#2310=ORIENTED_EDGE('',*,*,#2306,.F.) ;
#2311=ORIENTED_EDGE('',*,*,#472,.T.) ;
#2333=ORIENTED_EDGE('',*,*,#2306,.T.) ;
#2334=ORIENTED_EDGE('',*,*,#2326,.F.) ;
#2335=ORIENTED_EDGE('',*,*,#2331,.F.) ;
#2336=ORIENTED_EDGE('',*,*,#479,.T.) ;
#2358=ORIENTED_EDGE('',*,*,#2331,.T.) ;
#2359=ORIENTED_EDGE('',*,*,#2351,.F.) ;
#2360=ORIENTED_EDGE('',*,*,#2356,.F.) ;
#2361=ORIENTED_EDGE('',*,*,#486,.T.) ;
#2376=ORIENTED_EDGE('',*,*,#2356,.T.) ;
#2377=ORIENTED_EDGE('',*,*,#2374,.F.) ;
#2378=ORIENTED_EDGE('',*,*,#2294,.F.) ;
#2379=ORIENTED_EDGE('',*,*,#491,.T.) ;
#2408=ORIENTED_EDGE('',*,*,#2394,.T.) ;
#2409=ORIENTED_EDGE('',*,*,#2401,.F.) ;
#2410=ORIENTED_EDGE('',*,*,#2406,.F.) ;
#2411=ORIENTED_EDGE('',*,*,#506,.T.) ;
#2433=ORIENTED_EDGE('',*,*,#2406,.T.) ;
#2434=ORIENTED_EDGE('',*,*,#2426,.F.) ;
#2435=ORIENTED_EDGE('',*,*,#2431,.F.) ;
#2436=ORIENTED_EDGE('',*,*,#513,.T.) ;
#2458=ORIENTED_EDGE('',*,*,#2431,.T.) ;
#2459=ORIENTED_EDGE('',*,*,#2451,.F.) ;
#2460=ORIENTED_EDGE('',*,*,#2456,.F.) ;
#2461=ORIENTED_EDGE('',*,*,#520,.T.) ;
#2476=ORIENTED_EDGE('',*,*,#2456,.T.) ;
#2477=ORIENTED_EDGE('',*,*,#2474,.F.) ;
#2478=ORIENTED_EDGE('',*,*,#2394,.F.) ;
#2479=ORIENTED_EDGE('',*,*,#525,.T.) ;
#2508=ORIENTED_EDGE('',*,*,#2494,.T.) ;
#2509=ORIENTED_EDGE('',*,*,#2501,.F.) ;
#2510=ORIENTED_EDGE('',*,*,#2506,.F.) ;
#2511=ORIENTED_EDGE('',*,*,#540,.T.) ;
#2533=ORIENTED_EDGE('',*,*,#2506,.T.) ;
#2534=ORIENTED_EDGE('',*,*,#2526,.F.) ;
#2535=ORIENTED_EDGE('',*,*,#2531,.F.) ;
#2536=ORIENTED_EDGE('',*,*,#547,.T.) ;
#2558=ORIENTED_EDGE('',*,*,#2531,.T.) ;
#2559=ORIENTED_EDGE('',*,*,#2551,.F.) ;
#2560=ORIENTED_EDGE('',*,*,#2556,.F.) ;
#2561=ORIENTED_EDGE('',*,*,#554,.T.) ;
#2576=ORIENTED_EDGE('',*,*,#2556,.T.) ;
#2577=ORIENTED_EDGE('',*,*,#2574,.F.) ;
#2578=ORIENTED_EDGE('',*,*,#2494,.F.) ;
#2579=ORIENTED_EDGE('',*,*,#559,.T.) ;
#2608=ORIENTED_EDGE('',*,*,#2594,.T.) ;
#2609=ORIENTED_EDGE('',*,*,#2601,.F.) ;
#2610=ORIENTED_EDGE('',*,*,#2606,.F.) ;
#2611=ORIENTED_EDGE('',*,*,#574,.T.) ;
#2633=ORIENTED_EDGE('',*,*,#2606,.T.) ;
#2634=ORIENTED_EDGE('',*,*,#2626,.F.) ;
#2635=ORIENTED_EDGE('',*,*,#2631,.F.) ;
#2636=ORIENTED_EDGE('',*,*,#581,.T.) ;
#2658=ORIENTED_EDGE('',*,*,#2631,.T.) ;
#2659=ORIENTED_EDGE('',*,*,#2651,.F.) ;
#2660=ORIENTED_EDGE('',*,*,#2656,.F.) ;
#2661=ORIENTED_EDGE('',*,*,#588,.T.) ;
#2676=ORIENTED_EDGE('',*,*,#2656,.T.) ;
#2677=ORIENTED_EDGE('',*,*,#2674,.F.) ;
#2678=ORIENTED_EDGE('',*,*,#2594,.F.) ;
#2679=ORIENTED_EDGE('',*,*,#593,.T.) ;
#2708=ORIENTED_EDGE('',*,*,#2694,.T.) ;
#2709=ORIENTED_EDGE('',*,*,#2701,.F.) ;
#2710=ORIENTED_EDGE('',*,*,#2706,.F.) ;
#2711=ORIENTED_EDGE('',*,*,#608,.T.) ;
#2733=ORIENTED_EDGE('',*,*,#2706,.T.) ;
#2734=ORIENTED_EDGE('',*,*,#2726,.F.) ;
#2735=ORIENTED_EDGE('',*,*,#2731,.F.) ;
#2736=ORIENTED_EDGE('',*,*,#615,.T.) ;
#2758=ORIENTED_EDGE('',*,*,#2731,.T.) ;
#2759=ORIENTED_EDGE('',*,*,#2751,.F.) ;
#2760=ORIENTED_EDGE('',*,*,#2756,.F.) ;
#2761=ORIENTED_EDGE('',*,*,#622,.T.) ;
#2776=ORIENTED_EDGE('',*,*,#2756,.T.) ;
#2777=ORIENTED_EDGE('',*,*,#2774,.F.) ;
#2778=ORIENTED_EDGE('',*,*,#2694,.F.) ;
#2779=ORIENTED_EDGE('',*,*,#627,.T.) ;
#2808=ORIENTED_EDGE('',*,*,#2794,.T.) ;
#2809=ORIENTED_EDGE('',*,*,#2801,.F.) ;
#2810=ORIENTED_EDGE('',*,*,#2806,.F.) ;
#2811=ORIENTED_EDGE('',*,*,#642,.T.) ;
#2833=ORIENTED_EDGE('',*,*,#2806,.T.) ;
#2834=ORIENTED_EDGE('',*,*,#2826,.F.) ;
#2835=ORIENTED_EDGE('',*,*,#2831,.F.) ;
#2836=ORIENTED_EDGE('',*,*,#649,.T.) ;
#2858=ORIENTED_EDGE('',*,*,#2831,.T.) ;
#2859=ORIENTED_EDGE('',*,*,#2851,.F.) ;
#2860=ORIENTED_EDGE('',*,*,#2856,.F.) ;
#2861=ORIENTED_EDGE('',*,*,#656,.T.) ;
#2876=ORIENTED_EDGE('',*,*,#2856,.T.) ;
#2877=ORIENTED_EDGE('',*,*,#2874,.F.) ;
#2878=ORIENTED_EDGE('',*,*,#2794,.F.) ;
#2879=ORIENTED_EDGE('',*,*,#661,.T.) ;
#2908=ORIENTED_EDGE('',*,*,#2894,.T.) ;
#2909=ORIENTED_EDGE('',*,*,#2901,.F.) ;
#2910=ORIENTED_EDGE('',*,*,#2906,.F.) ;
#2911=ORIENTED_EDGE('',*,*,#676,.T.) ;
#2933=ORIENTED_EDGE('',*,*,#2906,.T.) ;
#2934=ORIENTED_EDGE('',*,*,#2926,.F.) ;
#2935=ORIENTED_EDGE('',*,*,#2931,.F.) ;
#2936=ORIENTED_EDGE('',*,*,#683,.T.) ;
#2958=ORIENTED_EDGE('',*,*,#2931,.T.) ;
#2959=ORIENTED_EDGE('',*,*,#2951,.F.) ;
#2960=ORIENTED_EDGE('',*,*,#2956,.F.) ;
#2961=ORIENTED_EDGE('',*,*,#690,.T.) ;
#2976=ORIENTED_EDGE('',*,*,#2956,.T.) ;
#2977=ORIENTED_EDGE('',*,*,#2974,.F.) ;
#2978=ORIENTED_EDGE('',*,*,#2894,.F.) ;
#2979=ORIENTED_EDGE('',*,*,#695,.T.) ;
#3008=ORIENTED_EDGE('',*,*,#2994,.T.) ;
#3009=ORIENTED_EDGE('',*,*,#3001,.F.) ;
#3010=ORIENTED_EDGE('',*,*,#3006,.F.) ;
#3011=ORIENTED_EDGE('',*,*,#710,.T.) ;
#3033=ORIENTED_EDGE('',*,*,#3006,.T.) ;
#3034=ORIENTED_EDGE('',*,*,#3026,.F.) ;
#3035=ORIENTED_EDGE('',*,*,#3031,.F.) ;
#3036=ORIENTED_EDGE('',*,*,#717,.T.) ;
#3058=ORIENTED_EDGE('',*,*,#3031,.T.) ;
#3059=ORIENTED_EDGE('',*,*,#3051,.F.) ;
#3060=ORIENTED_EDGE('',*,*,#3056,.F.) ;
#3061=ORIENTED_EDGE('',*,*,#724,.T.) ;
#3076=ORIENTED_EDGE('',*,*,#3056,.T.) ;
#3077=ORIENTED_EDGE('',*,*,#3074,.F.) ;
#3078=ORIENTED_EDGE('',*,*,#2994,.F.) ;
#3079=ORIENTED_EDGE('',*,*,#729,.T.) ;
#3108=ORIENTED_EDGE('',*,*,#3094,.T.) ;
#3109=ORIENTED_EDGE('',*,*,#3101,.F.) ;
#3110=ORIENTED_EDGE('',*,*,#3106,.F.) ;
#3111=ORIENTED_EDGE('',*,*,#744,.T.) ;
#3133=ORIENTED_EDGE('',*,*,#3106,.T.) ;
#3134=ORIENTED_EDGE('',*,*,#3126,.F.) ;
#3135=ORIENTED_EDGE('',*,*,#3131,.F.) ;
#3136=ORIENTED_EDGE('',*,*,#751,.T.) ;
#3158=ORIENTED_EDGE('',*,*,#3131,.T.) ;
#3159=ORIENTED_EDGE('',*,*,#3151,.F.) ;
#3160=ORIENTED_EDGE('',*,*,#3156,.F.) ;
#3161=ORIENTED_EDGE('',*,*,#758,.T.) ;
#3176=ORIENTED_EDGE('',*,*,#3156,.T.) ;
#3177=ORIENTED_EDGE('',*,*,#3174,.F.) ;
#3178=ORIENTED_EDGE('',*,*,#3094,.F.) ;
#3179=ORIENTED_EDGE('',*,*,#763,.T.) ;
#3208=ORIENTED_EDGE('',*,*,#3194,.T.) ;
#3209=ORIENTED_EDGE('',*,*,#3201,.F.) ;
#3210=ORIENTED_EDGE('',*,*,#3206,.F.) ;
#3211=ORIENTED_EDGE('',*,*,#778,.T.) ;
#3233=ORIENTED_EDGE('',*,*,#3206,.T.) ;
#3234=ORIENTED_EDGE('',*,*,#3226,.F.) ;
#3235=ORIENTED_EDGE('',*,*,#3231,.F.) ;
#3236=ORIENTED_EDGE('',*,*,#785,.T.) ;
#3258=ORIENTED_EDGE('',*,*,#3231,.T.) ;
#3259=ORIENTED_EDGE('',*,*,#3251,.F.) ;
#3260=ORIENTED_EDGE('',*,*,#3256,.F.) ;
#3261=ORIENTED_EDGE('',*,*,#792,.T.) ;
#3276=ORIENTED_EDGE('',*,*,#3256,.T.) ;
#3277=ORIENTED_EDGE('',*,*,#3274,.F.) ;
#3278=ORIENTED_EDGE('',*,*,#3194,.F.) ;
#3279=ORIENTED_EDGE('',*,*,#797,.T.) ;
#3308=ORIENTED_EDGE('',*,*,#3294,.F.) ;
#3309=ORIENTED_EDGE('',*,*,#812,.F.) ;
#3310=ORIENTED_EDGE('',*,*,#3301,.T.) ;
#3311=ORIENTED_EDGE('',*,*,#3306,.F.) ;
#3340=ORIENTED_EDGE('',*,*,#3333,.T.) ;
#3341=ORIENTED_EDGE('',*,*,#819,.T.) ;
#3342=ORIENTED_EDGE('',*,*,#3294,.T.) ;
#3343=ORIENTED_EDGE('',*,*,#3338,.T.) ;
#3365=ORIENTED_EDGE('',*,*,#3358,.T.) ;
#3366=ORIENTED_EDGE('',*,*,#826,.T.) ;
#3367=ORIENTED_EDGE('',*,*,#3333,.F.) ;
#3368=ORIENTED_EDGE('',*,*,#3363,.T.) ;
#3383=ORIENTED_EDGE('',*,*,#3301,.F.) ;
#3384=ORIENTED_EDGE('',*,*,#831,.F.) ;
#3385=ORIENTED_EDGE('',*,*,#3358,.F.) ;
#3386=ORIENTED_EDGE('',*,*,#3381,.T.) ;
#3415=ORIENTED_EDGE('',*,*,#3401,.F.) ;
#3416=ORIENTED_EDGE('',*,*,#846,.F.) ;
#3417=ORIENTED_EDGE('',*,*,#3408,.T.) ;
#3418=ORIENTED_EDGE('',*,*,#3413,.F.) ;
#3440=ORIENTED_EDGE('',*,*,#3433,.T.) ;
#3441=ORIENTED_EDGE('',*,*,#853,.T.) ;
#3442=ORIENTED_EDGE('',*,*,#3401,.T.) ;
#3443=ORIENTED_EDGE('',*,*,#3438,.T.) ;
#3465=ORIENTED_EDGE('',*,*,#3458,.T.) ;
#3466=ORIENTED_EDGE('',*,*,#860,.T.) ;
#3467=ORIENTED_EDGE('',*,*,#3433,.F.) ;
#3468=ORIENTED_EDGE('',*,*,#3463,.T.) ;
#3483=ORIENTED_EDGE('',*,*,#3408,.F.) ;
#3484=ORIENTED_EDGE('',*,*,#865,.F.) ;
#3485=ORIENTED_EDGE('',*,*,#3458,.F.) ;
#3486=ORIENTED_EDGE('',*,*,#3481,.T.) ;
#3515=ORIENTED_EDGE('',*,*,#3501,.F.) ;
#3516=ORIENTED_EDGE('',*,*,#880,.F.) ;
#3517=ORIENTED_EDGE('',*,*,#3508,.T.) ;
#3518=ORIENTED_EDGE('',*,*,#3513,.F.) ;
#3540=ORIENTED_EDGE('',*,*,#3533,.T.) ;
#3541=ORIENTED_EDGE('',*,*,#887,.T.) ;
#3542=ORIENTED_EDGE('',*,*,#3501,.T.) ;
#3543=ORIENTED_EDGE('',*,*,#3538,.T.) ;
#3565=ORIENTED_EDGE('',*,*,#3558,.T.) ;
#3566=ORIENTED_EDGE('',*,*,#894,.T.) ;
#3567=ORIENTED_EDGE('',*,*,#3533,.F.) ;
#3568=ORIENTED_EDGE('',*,*,#3563,.T.) ;
#3583=ORIENTED_EDGE('',*,*,#3508,.F.) ;
#3584=ORIENTED_EDGE('',*,*,#899,.F.) ;
#3585=ORIENTED_EDGE('',*,*,#3558,.F.) ;
#3586=ORIENTED_EDGE('',*,*,#3581,.T.) ;
#3615=ORIENTED_EDGE('',*,*,#3601,.F.) ;
#3616=ORIENTED_EDGE('',*,*,#914,.F.) ;
#3617=ORIENTED_EDGE('',*,*,#3608,.T.) ;
#3618=ORIENTED_EDGE('',*,*,#3613,.F.) ;
#3640=ORIENTED_EDGE('',*,*,#3633,.T.) ;
#3641=ORIENTED_EDGE('',*,*,#921,.T.) ;
#3642=ORIENTED_EDGE('',*,*,#3601,.T.) ;
#3643=ORIENTED_EDGE('',*,*,#3638,.T.) ;
#3665=ORIENTED_EDGE('',*,*,#3658,.T.) ;
#3666=ORIENTED_EDGE('',*,*,#928,.T.) ;
#3667=ORIENTED_EDGE('',*,*,#3633,.F.) ;
#3668=ORIENTED_EDGE('',*,*,#3663,.T.) ;
#3683=ORIENTED_EDGE('',*,*,#3608,.F.) ;
#3684=ORIENTED_EDGE('',*,*,#933,.F.) ;
#3685=ORIENTED_EDGE('',*,*,#3658,.F.) ;
#3686=ORIENTED_EDGE('',*,*,#3681,.T.) ;
#3715=ORIENTED_EDGE('',*,*,#3701,.T.) ;
#3716=ORIENTED_EDGE('',*,*,#3708,.F.) ;
#3717=ORIENTED_EDGE('',*,*,#3713,.F.) ;
#3718=ORIENTED_EDGE('',*,*,#948,.T.) ;
#3740=ORIENTED_EDGE('',*,*,#3713,.T.) ;
#3741=ORIENTED_EDGE('',*,*,#3733,.F.) ;
#3742=ORIENTED_EDGE('',*,*,#3738,.F.) ;
#3743=ORIENTED_EDGE('',*,*,#955,.T.) ;
#3765=ORIENTED_EDGE('',*,*,#3738,.T.) ;
#3766=ORIENTED_EDGE('',*,*,#3758,.F.) ;
#3767=ORIENTED_EDGE('',*,*,#3763,.F.) ;
#3768=ORIENTED_EDGE('',*,*,#962,.T.) ;
#3783=ORIENTED_EDGE('',*,*,#3763,.T.) ;
#3784=ORIENTED_EDGE('',*,*,#3781,.F.) ;
#3785=ORIENTED_EDGE('',*,*,#3701,.F.) ;
#3786=ORIENTED_EDGE('',*,*,#967,.T.) ;
#3796=ORIENTED_EDGE('',*,*,#1751,.T.) ;
#3797=ORIENTED_EDGE('',*,*,#1726,.T.) ;
#3798=ORIENTED_EDGE('',*,*,#1701,.T.) ;
#3799=ORIENTED_EDGE('',*,*,#1676,.T.) ;
#3800=ORIENTED_EDGE('',*,*,#1651,.T.) ;
#3801=ORIENTED_EDGE('',*,*,#1626,.T.) ;
#3802=ORIENTED_EDGE('',*,*,#1601,.T.) ;
#3803=ORIENTED_EDGE('',*,*,#1576,.T.) ;
#3804=ORIENTED_EDGE('',*,*,#1551,.T.) ;
#3805=ORIENTED_EDGE('',*,*,#1526,.T.) ;
#3806=ORIENTED_EDGE('',*,*,#1501,.T.) ;
#3807=ORIENTED_EDGE('',*,*,#1476,.T.) ;
#3808=ORIENTED_EDGE('',*,*,#1451,.T.) ;
#3809=ORIENTED_EDGE('',*,*,#1426,.T.) ;
#3810=ORIENTED_EDGE('',*,*,#1401,.T.) ;
#3811=ORIENTED_EDGE('',*,*,#1376,.T.) ;
#3812=ORIENTED_EDGE('',*,*,#1351,.T.) ;
#3813=ORIENTED_EDGE('',*,*,#1326,.T.) ;
#3814=ORIENTED_EDGE('',*,*,#1301,.T.) ;
#3815=ORIENTED_EDGE('',*,*,#1276,.T.) ;
#3816=ORIENTED_EDGE('',*,*,#1251,.T.) ;
#3817=ORIENTED_EDGE('',*,*,#1226,.T.) ;
#3818=ORIENTED_EDGE('',*,*,#1201,.T.) ;
#3819=ORIENTED_EDGE('',*,*,#1176,.T.) ;
#3820=ORIENTED_EDGE('',*,*,#1151,.T.) ;
#3821=ORIENTED_EDGE('',*,*,#1126,.T.) ;
#3822=ORIENTED_EDGE('',*,*,#1101,.T.) ;
#3823=ORIENTED_EDGE('',*,*,#1076,.T.) ;
#3824=ORIENTED_EDGE('',*,*,#1051,.T.) ;
#3825=ORIENTED_EDGE('',*,*,#1026,.T.) ;
#3826=ORIENTED_EDGE('',*,*,#996,.T.) ;
#3827=ORIENTED_EDGE('',*,*,#1774,.T.) ;
#3858=ORIENTED_EDGE('',*,*,#3837,.T.) ;
#3859=ORIENTED_EDGE('',*,*,#3844,.T.) ;
#3860=ORIENTED_EDGE('',*,*,#3851,.F.) ;
#3861=ORIENTED_EDGE('',*,*,#3856,.F.) ;
#3892=ORIENTED_EDGE('',*,*,#3871,.T.) ;
#3893=ORIENTED_EDGE('',*,*,#3878,.T.) ;
#3894=ORIENTED_EDGE('',*,*,#3885,.F.) ;
#3895=ORIENTED_EDGE('',*,*,#3890,.F.) ;
#3926=ORIENTED_EDGE('',*,*,#3905,.T.) ;
#3927=ORIENTED_EDGE('',*,*,#3912,.T.) ;
#3928=ORIENTED_EDGE('',*,*,#3919,.F.) ;
#3929=ORIENTED_EDGE('',*,*,#3924,.F.) ;
#3960=ORIENTED_EDGE('',*,*,#3939,.T.) ;
#3961=ORIENTED_EDGE('',*,*,#3946,.T.) ;
#3962=ORIENTED_EDGE('',*,*,#3953,.F.) ;
#3963=ORIENTED_EDGE('',*,*,#3958,.F.) ;
#3973=ORIENTED_EDGE('',*,*,#1851,.T.) ;
#3974=ORIENTED_EDGE('',*,*,#1826,.T.) ;
#3975=ORIENTED_EDGE('',*,*,#1801,.T.) ;
#3976=ORIENTED_EDGE('',*,*,#1874,.T.) ;
#3986=ORIENTED_EDGE('',*,*,#1951,.T.) ;
#3987=ORIENTED_EDGE('',*,*,#1926,.T.) ;
#3988=ORIENTED_EDGE('',*,*,#1901,.T.) ;
#3989=ORIENTED_EDGE('',*,*,#1974,.T.) ;
#3999=ORIENTED_EDGE('',*,*,#2051,.T.) ;
#4000=ORIENTED_EDGE('',*,*,#2026,.T.) ;
#4001=ORIENTED_EDGE('',*,*,#2001,.T.) ;
#4002=ORIENTED_EDGE('',*,*,#2074,.T.) ;
#4012=ORIENTED_EDGE('',*,*,#2151,.T.) ;
#4013=ORIENTED_EDGE('',*,*,#2126,.T.) ;
#4014=ORIENTED_EDGE('',*,*,#2101,.T.) ;
#4015=ORIENTED_EDGE('',*,*,#2174,.T.) ;
#4025=ORIENTED_EDGE('',*,*,#2251,.T.) ;
#4026=ORIENTED_EDGE('',*,*,#2226,.T.) ;
#4027=ORIENTED_EDGE('',*,*,#2201,.T.) ;
#4028=ORIENTED_EDGE('',*,*,#2274,.T.) ;
#4038=ORIENTED_EDGE('',*,*,#2351,.T.) ;
#4039=ORIENTED_EDGE('',*,*,#2326,.T.) ;
#4040=ORIENTED_EDGE('',*,*,#2301,.T.) ;
#4041=ORIENTED_EDGE('',*,*,#2374,.T.) ;
#4051=ORIENTED_EDGE('',*,*,#2451,.T.) ;
#4052=ORIENTED_EDGE('',*,*,#2426,.T.) ;
#4053=ORIENTED_EDGE('',*,*,#2401,.T.) ;
#4054=ORIENTED_EDGE('',*,*,#2474,.T.) ;
#4064=ORIENTED_EDGE('',*,*,#2551,.T.) ;
#4065=ORIENTED_EDGE('',*,*,#2526,.T.) ;
#4066=ORIENTED_EDGE('',*,*,#2501,.T.) ;
#4067=ORIENTED_EDGE('',*,*,#2574,.T.) ;
#4077=ORIENTED_EDGE('',*,*,#2651,.T.) ;
#4078=ORIENTED_EDGE('',*,*,#2626,.T.) ;
#4079=ORIENTED_EDGE('',*,*,#2601,.T.) ;
#4080=ORIENTED_EDGE('',*,*,#2674,.T.) ;
#4090=ORIENTED_EDGE('',*,*,#2751,.T.) ;
#4091=ORIENTED_EDGE('',*,*,#2726,.T.) ;
#4092=ORIENTED_EDGE('',*,*,#2701,.T.) ;
#4093=ORIENTED_EDGE('',*,*,#2774,.T.) ;
#4103=ORIENTED_EDGE('',*,*,#2851,.T.) ;
#4104=ORIENTED_EDGE('',*,*,#2826,.T.) ;
#4105=ORIENTED_EDGE('',*,*,#2801,.T.) ;
#4106=ORIENTED_EDGE('',*,*,#2874,.T.) ;
#4116=ORIENTED_EDGE('',*,*,#2951,.T.) ;
#4117=ORIENTED_EDGE('',*,*,#2926,.T.) ;
#4118=ORIENTED_EDGE('',*,*,#2901,.T.) ;
#4119=ORIENTED_EDGE('',*,*,#2974,.T.) ;
#4129=ORIENTED_EDGE('',*,*,#3051,.T.) ;
#4130=ORIENTED_EDGE('',*,*,#3026,.T.) ;
#4131=ORIENTED_EDGE('',*,*,#3001,.T.) ;
#4132=ORIENTED_EDGE('',*,*,#3074,.T.) ;
#4142=ORIENTED_EDGE('',*,*,#3151,.T.) ;
#4143=ORIENTED_EDGE('',*,*,#3126,.T.) ;
#4144=ORIENTED_EDGE('',*,*,#3101,.T.) ;
#4145=ORIENTED_EDGE('',*,*,#3174,.T.) ;
#4155=ORIENTED_EDGE('',*,*,#3251,.T.) ;
#4156=ORIENTED_EDGE('',*,*,#3226,.T.) ;
#4157=ORIENTED_EDGE('',*,*,#3201,.T.) ;
#4158=ORIENTED_EDGE('',*,*,#3274,.T.) ;
#4187=ORIENTED_EDGE('',*,*,#4173,.F.) ;
#4188=ORIENTED_EDGE('',*,*,#4180,.F.) ;
#4189=ORIENTED_EDGE('',*,*,#4185,.T.) ;
#4190=ORIENTED_EDGE('',*,*,#3306,.T.) ;
#4212=ORIENTED_EDGE('',*,*,#4205,.T.) ;
#4213=ORIENTED_EDGE('',*,*,#3338,.F.) ;
#4214=ORIENTED_EDGE('',*,*,#4185,.F.) ;
#4215=ORIENTED_EDGE('',*,*,#4210,.T.) ;
#4237=ORIENTED_EDGE('',*,*,#4205,.F.) ;
#4238=ORIENTED_EDGE('',*,*,#4230,.T.) ;
#4239=ORIENTED_EDGE('',*,*,#4235,.T.) ;
#4240=ORIENTED_EDGE('',*,*,#3363,.F.) ;
#4255=ORIENTED_EDGE('',*,*,#4235,.F.) ;
#4256=ORIENTED_EDGE('',*,*,#4253,.T.) ;
#4257=ORIENTED_EDGE('',*,*,#4173,.T.) ;
#4258=ORIENTED_EDGE('',*,*,#3381,.F.) ;
#4287=ORIENTED_EDGE('',*,*,#4273,.F.) ;
#4288=ORIENTED_EDGE('',*,*,#4280,.F.) ;
#4289=ORIENTED_EDGE('',*,*,#4285,.T.) ;
#4290=ORIENTED_EDGE('',*,*,#3413,.T.) ;
#4312=ORIENTED_EDGE('',*,*,#4305,.F.) ;
#4313=ORIENTED_EDGE('',*,*,#3438,.F.) ;
#4314=ORIENTED_EDGE('',*,*,#4285,.F.) ;
#4315=ORIENTED_EDGE('',*,*,#4310,.T.) ;
#4337=ORIENTED_EDGE('',*,*,#4305,.T.) ;
#4338=ORIENTED_EDGE('',*,*,#4330,.T.) ;
#4339=ORIENTED_EDGE('',*,*,#4335,.T.) ;
#4340=ORIENTED_EDGE('',*,*,#3463,.F.) ;
#4355=ORIENTED_EDGE('',*,*,#4335,.F.) ;
#4356=ORIENTED_EDGE('',*,*,#4353,.T.) ;
#4357=ORIENTED_EDGE('',*,*,#4273,.T.) ;
#4358=ORIENTED_EDGE('',*,*,#3481,.F.) ;
#4387=ORIENTED_EDGE('',*,*,#4373,.F.) ;
#4388=ORIENTED_EDGE('',*,*,#4380,.F.) ;
#4389=ORIENTED_EDGE('',*,*,#4385,.T.) ;
#4390=ORIENTED_EDGE('',*,*,#3513,.T.) ;
#4412=ORIENTED_EDGE('',*,*,#4405,.F.) ;
#4413=ORIENTED_EDGE('',*,*,#3538,.F.) ;
#4414=ORIENTED_EDGE('',*,*,#4385,.F.) ;
#4415=ORIENTED_EDGE('',*,*,#4410,.T.) ;
#4437=ORIENTED_EDGE('',*,*,#4405,.T.) ;
#4438=ORIENTED_EDGE('',*,*,#4430,.T.) ;
#4439=ORIENTED_EDGE('',*,*,#4435,.T.) ;
#4440=ORIENTED_EDGE('',*,*,#3563,.F.) ;
#4455=ORIENTED_EDGE('',*,*,#4435,.F.) ;
#4456=ORIENTED_EDGE('',*,*,#4453,.T.) ;
#4457=ORIENTED_EDGE('',*,*,#4373,.T.) ;
#4458=ORIENTED_EDGE('',*,*,#3581,.F.) ;
#4487=ORIENTED_EDGE('',*,*,#4473,.F.) ;
#4488=ORIENTED_EDGE('',*,*,#4480,.F.) ;
#4489=ORIENTED_EDGE('',*,*,#4485,.T.) ;
#4490=ORIENTED_EDGE('',*,*,#3613,.T.) ;
#4512=ORIENTED_EDGE('',*,*,#4505,.F.) ;
#4513=ORIENTED_EDGE('',*,*,#3638,.F.) ;
#4514=ORIENTED_EDGE('',*,*,#4485,.F.) ;
#4515=ORIENTED_EDGE('',*,*,#4510,.T.) ;
#4537=ORIENTED_EDGE('',*,*,#4505,.T.) ;
#4538=ORIENTED_EDGE('',*,*,#4530,.T.) ;
#4539=ORIENTED_EDGE('',*,*,#4535,.T.) ;
#4540=ORIENTED_EDGE('',*,*,#3663,.F.) ;
#4555=ORIENTED_EDGE('',*,*,#4535,.F.) ;
#4556=ORIENTED_EDGE('',*,*,#4553,.T.) ;
#4557=ORIENTED_EDGE('',*,*,#4473,.T.) ;
#4558=ORIENTED_EDGE('',*,*,#3681,.F.) ;
#4568=ORIENTED_EDGE('',*,*,#3758,.T.) ;
#4569=ORIENTED_EDGE('',*,*,#3733,.T.) ;
#4570=ORIENTED_EDGE('',*,*,#3708,.T.) ;
#4571=ORIENTED_EDGE('',*,*,#3781,.T.) ;
#4600=ORIENTED_EDGE('',*,*,#4586,.F.) ;
#4601=ORIENTED_EDGE('',*,*,#3837,.F.) ;
#4602=ORIENTED_EDGE('',*,*,#4593,.T.) ;
#4603=ORIENTED_EDGE('',*,*,#4598,.F.) ;
#4625=ORIENTED_EDGE('',*,*,#4618,.T.) ;
#4626=ORIENTED_EDGE('',*,*,#3844,.F.) ;
#4627=ORIENTED_EDGE('',*,*,#4586,.T.) ;
#4628=ORIENTED_EDGE('',*,*,#4623,.T.) ;
#4650=ORIENTED_EDGE('',*,*,#4643,.T.) ;
#4651=ORIENTED_EDGE('',*,*,#3851,.T.) ;
#4652=ORIENTED_EDGE('',*,*,#4618,.F.) ;
#4653=ORIENTED_EDGE('',*,*,#4648,.T.) ;
#4668=ORIENTED_EDGE('',*,*,#4593,.F.) ;
#4669=ORIENTED_EDGE('',*,*,#3856,.T.) ;
#4670=ORIENTED_EDGE('',*,*,#4643,.F.) ;
#4671=ORIENTED_EDGE('',*,*,#4666,.T.) ;
#4700=ORIENTED_EDGE('',*,*,#4686,.F.) ;
#4701=ORIENTED_EDGE('',*,*,#3871,.F.) ;
#4702=ORIENTED_EDGE('',*,*,#4693,.T.) ;
#4703=ORIENTED_EDGE('',*,*,#4698,.F.) ;
#4725=ORIENTED_EDGE('',*,*,#4718,.T.) ;
#4726=ORIENTED_EDGE('',*,*,#3878,.F.) ;
#4727=ORIENTED_EDGE('',*,*,#4686,.T.) ;
#4728=ORIENTED_EDGE('',*,*,#4723,.T.) ;
#4750=ORIENTED_EDGE('',*,*,#4743,.T.) ;
#4751=ORIENTED_EDGE('',*,*,#3885,.T.) ;
#4752=ORIENTED_EDGE('',*,*,#4718,.F.) ;
#4753=ORIENTED_EDGE('',*,*,#4748,.T.) ;
#4768=ORIENTED_EDGE('',*,*,#4693,.F.) ;
#4769=ORIENTED_EDGE('',*,*,#3890,.T.) ;
#4770=ORIENTED_EDGE('',*,*,#4743,.F.) ;
#4771=ORIENTED_EDGE('',*,*,#4766,.T.) ;
#4800=ORIENTED_EDGE('',*,*,#4786,.F.) ;
#4801=ORIENTED_EDGE('',*,*,#3905,.F.) ;
#4802=ORIENTED_EDGE('',*,*,#4793,.T.) ;
#4803=ORIENTED_EDGE('',*,*,#4798,.F.) ;
#4825=ORIENTED_EDGE('',*,*,#4818,.T.) ;
#4826=ORIENTED_EDGE('',*,*,#3912,.F.) ;
#4827=ORIENTED_EDGE('',*,*,#4786,.T.) ;
#4828=ORIENTED_EDGE('',*,*,#4823,.T.) ;
#4850=ORIENTED_EDGE('',*,*,#4843,.T.) ;
#4851=ORIENTED_EDGE('',*,*,#3919,.T.) ;
#4852=ORIENTED_EDGE('',*,*,#4818,.F.) ;
#4853=ORIENTED_EDGE('',*,*,#4848,.T.) ;
#4868=ORIENTED_EDGE('',*,*,#4793,.F.) ;
#4869=ORIENTED_EDGE('',*,*,#3924,.T.) ;
#4870=ORIENTED_EDGE('',*,*,#4843,.F.) ;
#4871=ORIENTED_EDGE('',*,*,#4866,.T.) ;
#4900=ORIENTED_EDGE('',*,*,#4886,.F.) ;
#4901=ORIENTED_EDGE('',*,*,#3939,.F.) ;
#4902=ORIENTED_EDGE('',*,*,#4893,.T.) ;
#4903=ORIENTED_EDGE('',*,*,#4898,.F.) ;
#4925=ORIENTED_EDGE('',*,*,#4918,.T.) ;
#4926=ORIENTED_EDGE('',*,*,#3946,.F.) ;
#4927=ORIENTED_EDGE('',*,*,#4886,.T.) ;
#4928=ORIENTED_EDGE('',*,*,#4923,.T.) ;
#4950=ORIENTED_EDGE('',*,*,#4943,.T.) ;
#4951=ORIENTED_EDGE('',*,*,#3953,.T.) ;
#4952=ORIENTED_EDGE('',*,*,#4918,.F.) ;
#4953=ORIENTED_EDGE('',*,*,#4948,.T.) ;
#4968=ORIENTED_EDGE('',*,*,#4893,.F.) ;
#4969=ORIENTED_EDGE('',*,*,#3958,.T.) ;
#4970=ORIENTED_EDGE('',*,*,#4943,.F.) ;
#4971=ORIENTED_EDGE('',*,*,#4966,.T.) ;
#4981=ORIENTED_EDGE('',*,*,#4210,.F.) ;
#4982=ORIENTED_EDGE('',*,*,#4180,.T.) ;
#4983=ORIENTED_EDGE('',*,*,#4253,.F.) ;
#4984=ORIENTED_EDGE('',*,*,#4230,.F.) ;
#4994=ORIENTED_EDGE('',*,*,#4310,.F.) ;
#4995=ORIENTED_EDGE('',*,*,#4280,.T.) ;
#4996=ORIENTED_EDGE('',*,*,#4353,.F.) ;
#4997=ORIENTED_EDGE('',*,*,#4330,.F.) ;
#5007=ORIENTED_EDGE('',*,*,#4410,.F.) ;
#5008=ORIENTED_EDGE('',*,*,#4380,.T.) ;
#5009=ORIENTED_EDGE('',*,*,#4453,.F.) ;
#5010=ORIENTED_EDGE('',*,*,#4430,.F.) ;
#5020=ORIENTED_EDGE('',*,*,#4510,.F.) ;
#5021=ORIENTED_EDGE('',*,*,#4480,.T.) ;
#5022=ORIENTED_EDGE('',*,*,#4553,.F.) ;
#5023=ORIENTED_EDGE('',*,*,#4530,.F.) ;
#5052=ORIENTED_EDGE('',*,*,#5038,.T.) ;
#5053=ORIENTED_EDGE('',*,*,#4598,.T.) ;
#5054=ORIENTED_EDGE('',*,*,#5045,.T.) ;
#5055=ORIENTED_EDGE('',*,*,#5050,.F.) ;
#5077=ORIENTED_EDGE('',*,*,#5070,.F.) ;
#5078=ORIENTED_EDGE('',*,*,#4623,.F.) ;
#5079=ORIENTED_EDGE('',*,*,#5038,.F.) ;
#5080=ORIENTED_EDGE('',*,*,#5075,.T.) ;
#5102=ORIENTED_EDGE('',*,*,#5070,.T.) ;
#5103=ORIENTED_EDGE('',*,*,#5095,.T.) ;
#5104=ORIENTED_EDGE('',*,*,#5100,.T.) ;
#5105=ORIENTED_EDGE('',*,*,#4648,.F.) ;
#5120=ORIENTED_EDGE('',*,*,#5045,.F.) ;
#5121=ORIENTED_EDGE('',*,*,#4666,.F.) ;
#5122=ORIENTED_EDGE('',*,*,#5100,.F.) ;
#5123=ORIENTED_EDGE('',*,*,#5118,.T.) ;
#5152=ORIENTED_EDGE('',*,*,#5138,.T.) ;
#5153=ORIENTED_EDGE('',*,*,#4698,.T.) ;
#5154=ORIENTED_EDGE('',*,*,#5145,.T.) ;
#5155=ORIENTED_EDGE('',*,*,#5150,.F.) ;
#5177=ORIENTED_EDGE('',*,*,#5170,.F.) ;
#5178=ORIENTED_EDGE('',*,*,#4723,.F.) ;
#5179=ORIENTED_EDGE('',*,*,#5138,.F.) ;
#5180=ORIENTED_EDGE('',*,*,#5175,.T.) ;
#5202=ORIENTED_EDGE('',*,*,#5170,.T.) ;
#5203=ORIENTED_EDGE('',*,*,#5195,.T.) ;
#5204=ORIENTED_EDGE('',*,*,#5200,.T.) ;
#5205=ORIENTED_EDGE('',*,*,#4748,.F.) ;
#5220=ORIENTED_EDGE('',*,*,#5145,.F.) ;
#5221=ORIENTED_EDGE('',*,*,#4766,.F.) ;
#5222=ORIENTED_EDGE('',*,*,#5200,.F.) ;
#5223=ORIENTED_EDGE('',*,*,#5218,.T.) ;
#5252=ORIENTED_EDGE('',*,*,#5238,.T.) ;
#5253=ORIENTED_EDGE('',*,*,#4798,.T.) ;
#5254=ORIENTED_EDGE('',*,*,#5245,.T.) ;
#5255=ORIENTED_EDGE('',*,*,#5250,.F.) ;
#5277=ORIENTED_EDGE('',*,*,#5270,.F.) ;
#5278=ORIENTED_EDGE('',*,*,#4823,.F.) ;
#5279=ORIENTED_EDGE('',*,*,#5238,.F.) ;
#5280=ORIENTED_EDGE('',*,*,#5275,.T.) ;
#5302=ORIENTED_EDGE('',*,*,#5270,.T.) ;
#5303=ORIENTED_EDGE('',*,*,#5295,.T.) ;
#5304=ORIENTED_EDGE('',*,*,#5300,.T.) ;
#5305=ORIENTED_EDGE('',*,*,#4848,.F.) ;
#5320=ORIENTED_EDGE('',*,*,#5245,.F.) ;
#5321=ORIENTED_EDGE('',*,*,#4866,.F.) ;
#5322=ORIENTED_EDGE('',*,*,#5300,.F.) ;
#5323=ORIENTED_EDGE('',*,*,#5318,.T.) ;
#5352=ORIENTED_EDGE('',*,*,#5338,.T.) ;
#5353=ORIENTED_EDGE('',*,*,#4898,.T.) ;
#5354=ORIENTED_EDGE('',*,*,#5345,.T.) ;
#5355=ORIENTED_EDGE('',*,*,#5350,.F.) ;
#5377=ORIENTED_EDGE('',*,*,#5370,.F.) ;
#5378=ORIENTED_EDGE('',*,*,#4923,.F.) ;
#5379=ORIENTED_EDGE('',*,*,#5338,.F.) ;
#5380=ORIENTED_EDGE('',*,*,#5375,.T.) ;
#5402=ORIENTED_EDGE('',*,*,#5370,.T.) ;
#5403=ORIENTED_EDGE('',*,*,#5395,.T.) ;
#5404=ORIENTED_EDGE('',*,*,#5400,.T.) ;
#5405=ORIENTED_EDGE('',*,*,#4948,.F.) ;
#5420=ORIENTED_EDGE('',*,*,#5345,.F.) ;
#5421=ORIENTED_EDGE('',*,*,#4966,.F.) ;
#5422=ORIENTED_EDGE('',*,*,#5400,.F.) ;
#5423=ORIENTED_EDGE('',*,*,#5418,.T.) ;
#5433=ORIENTED_EDGE('',*,*,#5118,.F.) ;
#5434=ORIENTED_EDGE('',*,*,#5095,.F.) ;
#5435=ORIENTED_EDGE('',*,*,#5075,.F.) ;
#5436=ORIENTED_EDGE('',*,*,#5050,.T.) ;
#5446=ORIENTED_EDGE('',*,*,#5218,.F.) ;
#5447=ORIENTED_EDGE('',*,*,#5195,.F.) ;
#5448=ORIENTED_EDGE('',*,*,#5175,.F.) ;
#5449=ORIENTED_EDGE('',*,*,#5150,.T.) ;
#5459=ORIENTED_EDGE('',*,*,#5318,.F.) ;
#5460=ORIENTED_EDGE('',*,*,#5295,.F.) ;
#5461=ORIENTED_EDGE('',*,*,#5275,.F.) ;
#5462=ORIENTED_EDGE('',*,*,#5250,.T.) ;
#5472=ORIENTED_EDGE('',*,*,#5418,.F.) ;
#5473=ORIENTED_EDGE('',*,*,#5395,.F.) ;
#5474=ORIENTED_EDGE('',*,*,#5375,.F.) ;
#5475=ORIENTED_EDGE('',*,*,#5350,.T.) ;
#327=FACE_BOUND('',#322,.T.) ;
#361=FACE_BOUND('',#356,.T.) ;
#395=FACE_BOUND('',#390,.T.) ;
#429=FACE_BOUND('',#424,.T.) ;
#463=FACE_BOUND('',#458,.T.) ;
#497=FACE_BOUND('',#492,.T.) ;
#531=FACE_BOUND('',#526,.T.) ;
#565=FACE_BOUND('',#560,.T.) ;
#599=FACE_BOUND('',#594,.T.) ;
#633=FACE_BOUND('',#628,.T.) ;
#667=FACE_BOUND('',#662,.T.) ;
#701=FACE_BOUND('',#696,.T.) ;
#735=FACE_BOUND('',#730,.T.) ;
#769=FACE_BOUND('',#764,.T.) ;
#803=FACE_BOUND('',#798,.T.) ;
#837=FACE_BOUND('',#832,.T.) ;
#871=FACE_BOUND('',#866,.T.) ;
#905=FACE_BOUND('',#900,.T.) ;
#939=FACE_BOUND('',#934,.T.) ;
#973=FACE_BOUND('',#968,.T.) ;
#3862=FACE_BOUND('',#3857,.T.) ;
#3896=FACE_BOUND('',#3891,.T.) ;
#3930=FACE_BOUND('',#3925,.T.) ;
#3964=FACE_BOUND('',#3959,.T.) ;
#30=CLOSED_SHELL('Closed Shell',(#974,#1013,#1038,#1063,#1088,#1113,#1138,#1163,#1188,#1213,#1238,#1263,#1288,#1313,#1338,#1363,#1388,#1413,#1438,#1463,#1488,#1513,#1538,#1563,#1588,#1613,#1638,#1663,#1688,#1713,#1738,#1763,#1781,#1813,#1838,#1863,#1881,#1913,#1938,#1963,#1981,#2013,#2038,#2063,#2081,#2113,#2138,#2163,#2181,#2213,#2238,#2263,#2281,#2313,#2338,#2363,#2381,#2413,#2438,#2463,#2481,#2513,#2538,#2563,#2581,#2613,#2638,#2663,#2681,#2713,#2738,#2763,#2781,#2813,#2838,#2863,#2881,#2913,#2938,#2963,#2981,#3013,#3038,#3063,#3081,#3113,#3138,#3163,#3181,#3213,#3238,#3263,#3281,#3313,#3345,#3370,#3388,#3420,#3445,#3470,#3488,#3520,#3545,#3570,#3588,#3620,#3645,#3670,#3688,#3720,#3745,#3770,#3788,#3965,#3978,#3991,#4004,#4017,#4030,#4043,#4056,#4069,#4082,#4095,#4108,#4121,#4134,#4147,#4160,#4192,#4217,#4242,#4260,#4292,#4317,#4342,#4360,#4392,#4417,#4442,#4460,#4492,#4517,#4542,#4560,#4573,#4605,#4630,#4655,#4673,#4705,#4730,#4755,#4773,#4805,#4830,#4855,#4873,#4905,#4930,#4955,#4973,#4986,#4999,#5012,#5025,#5057,#5082,#5107,#5125,#5157,#5182,#5207,#5225,#5257,#5282,#5307,#5325,#5357,#5382,#5407,#5425,#5438,#5451,#5464,#5477)) ;
#5479=ADVANCED_BREP_SHAPE_REPRESENTATION('NONE',(#21),#16) ;
#974=ADVANCED_FACE('MANIFOLD_SOLID_BREP #5250',(#293,#327,#361,#395,#429,#463,#497,#531,#565,#599,#633,#667,#701,#735,#769,#803,#837,#871,#905,#939,#973),#35,.F.) ;
#1013=ADVANCED_FACE('MANIFOLD_SOLID_BREP #5250',(#1012),#987,.T.) ;
#1038=ADVANCED_FACE('MANIFOLD_SOLID_BREP #5250',(#1037),#1019,.T.) ;
#1063=ADVANCED_FACE('MANIFOLD_SOLID_BREP #5250',(#1062),#1044,.T.) ;
#1088=ADVANCED_FACE('MANIFOLD_SOLID_BREP #5250',(#1087),#1069,.T.) ;
#1113=ADVANCED_FACE('MANIFOLD_SOLID_BREP #5250',(#1112),#1094,.T.) ;
#1138=ADVANCED_FACE('MANIFOLD_SOLID_BREP #5250',(#1137),#1119,.F.) ;
#1163=ADVANCED_FACE('MANIFOLD_SOLID_BREP #5250',(#1162),#1144,.F.) ;
#1188=ADVANCED_FACE('MANIFOLD_SOLID_BREP #5250',(#1187),#1169,.F.) ;
#1213=ADVANCED_FACE('MANIFOLD_SOLID_BREP #5250',(#1212),#1194,.T.) ;
#1238=ADVANCED_FACE('MANIFOLD_SOLID_BREP #5250',(#1237),#1219,.F.) ;
#1263=ADVANCED_FACE('MANIFOLD_SOLID_BREP #5250',(#1262),#1244,.F.) ;
#1288=ADVANCED_FACE('MANIFOLD_SOLID_BREP #5250',(#1287),#1269,.F.) ;
#1313=ADVANCED_FACE('MANIFOLD_SOLID_BREP #5250',(#1312),#1294,.T.) ;
#1338=ADVANCED_FACE('MANIFOLD_SOLID_BREP #5250',(#1337),#1319,.F.) ;
#1363=ADVANCED_FACE('MANIFOLD_SOLID_BREP #5250',(#1362),#1344,.F.) ;
#1388=ADVANCED_FACE('MANIFOLD_SOLID_BREP #5250',(#1387),#1369,.F.) ;
#1413=ADVANCED_FACE('MANIFOLD_SOLID_BREP #5250',(#1412),#1394,.T.) ;
#1438=ADVANCED_FACE('MANIFOLD_SOLID_BREP #5250',(#1437),#1419,.T.) ;
#1463=ADVANCED_FACE('MANIFOLD_SOLID_BREP #5250',(#1462),#1444,.T.) ;
#1488=ADVANCED_FACE('MANIFOLD_SOLID_BREP #5250',(#1487),#1469,.T.) ;
#1513=ADVANCED_FACE('MANIFOLD_SOLID_BREP #5250',(#1512),#1494,.T.) ;
#1538=ADVANCED_FACE('MANIFOLD_SOLID_BREP #5250',(#1537),#1519,.F.) ;
#1563=ADVANCED_FACE('MANIFOLD_SOLID_BREP #5250',(#1562),#1544,.F.) ;
#1588=ADVANCED_FACE('MANIFOLD_SOLID_BREP #5250',(#1587),#1569,.F.) ;
#1613=ADVANCED_FACE('MANIFOLD_SOLID_BREP #5250',(#1612),#1594,.T.) ;
#1638=ADVANCED_FACE('MANIFOLD_SOLID_BREP #5250',(#1637),#1619,.F.) ;
#1663=ADVANCED_FACE('MANIFOLD_SOLID_BREP #5250',(#1662),#1644,.F.) ;
#1688=ADVANCED_FACE('MANIFOLD_SOLID_BREP #5250',(#1687),#1669,.F.) ;
#1713=ADVANCED_FACE('MANIFOLD_SOLID_BREP #5250',(#1712),#1694,.T.) ;
#1738=ADVANCED_FACE('MANIFOLD_SOLID_BREP #5250',(#1737),#1719,.F.) ;
#1763=ADVANCED_FACE('MANIFOLD_SOLID_BREP #5250',(#1762),#1744,.F.) ;
#1781=ADVANCED_FACE('MANIFOLD_SOLID_BREP #5250',(#1780),#1769,.F.) ;
#1813=ADVANCED_FACE('MANIFOLD_SOLID_BREP #5250',(#1812),#1787,.T.) ;
#1838=ADVANCED_FACE('MANIFOLD_SOLID_BREP #5250',(#1837),#1819,.T.) ;
#1863=ADVANCED_FACE('MANIFOLD_SOLID_BREP #5250',(#1862),#1844,.T.) ;
#1881=ADVANCED_FACE('MANIFOLD_SOLID_BREP #5250',(#1880),#1869,.T.) ;
#1913=ADVANCED_FACE('MANIFOLD_SOLID_BREP #5250',(#1912),#1887,.T.) ;
#1938=ADVANCED_FACE('MANIFOLD_SOLID_BREP #5250',(#1937),#1919,.T.) ;
#1963=ADVANCED_FACE('MANIFOLD_SOLID_BREP #5250',(#1962),#1944,.T.) ;
#1981=ADVANCED_FACE('MANIFOLD_SOLID_BREP #5250',(#1980),#1969,.T.) ;
#2013=ADVANCED_FACE('MANIFOLD_SOLID_BREP #5250',(#2012),#1987,.T.) ;
#2038=ADVANCED_FACE('MANIFOLD_SOLID_BREP #5250',(#2037),#2019,.T.) ;
#2063=ADVANCED_FACE('MANIFOLD_SOLID_BREP #5250',(#2062),#2044,.T.) ;
#2081=ADVANCED_FACE('MANIFOLD_SOLID_BREP #5250',(#2080),#2069,.T.) ;
#2113=ADVANCED_FACE('MANIFOLD_SOLID_BREP #5250',(#2112),#2087,.T.) ;
#2138=ADVANCED_FACE('MANIFOLD_SOLID_BREP #5250',(#2137),#2119,.T.) ;
#2163=ADVANCED_FACE('MANIFOLD_SOLID_BREP #5250',(#2162),#2144,.T.) ;
#2181=ADVANCED_FACE('MANIFOLD_SOLID_BREP #5250',(#2180),#2169,.T.) ;
#2213=ADVANCED_FACE('MANIFOLD_SOLID_BREP #5250',(#2212),#2187,.T.) ;
#2238=ADVANCED_FACE('MANIFOLD_SOLID_BREP #5250',(#2237),#2219,.T.) ;
#2263=ADVANCED_FACE('MANIFOLD_SOLID_BREP #5250',(#2262),#2244,.T.) ;
#2281=ADVANCED_FACE('MANIFOLD_SOLID_BREP #5250',(#2280),#2269,.T.) ;
#2313=ADVANCED_FACE('MANIFOLD_SOLID_BREP #5250',(#2312),#2287,.T.) ;
#2338=ADVANCED_FACE('MANIFOLD_SOLID_BREP #5250',(#2337),#2319,.T.) ;
#2363=ADVANCED_FACE('MANIFOLD_SOLID_BREP #5250',(#2362),#2344,.T.) ;
#2381=ADVANCED_FACE('MANIFOLD_SOLID_BREP #5250',(#2380),#2369,.T.) ;
#2413=ADVANCED_FACE('MANIFOLD_SOLID_BREP #5250',(#2412),#2387,.T.) ;
#2438=ADVANCED_FACE('MANIFOLD_SOLID_BREP #5250',(#2437),#2419,.T.) ;
#2463=ADVANCED_FACE('MANIFOLD_SOLID_BREP #5250',(#2462),#2444,.T.) ;
#2481=ADVANCED_FACE('MANIFOLD_SOLID_BREP #5250',(#2480),#2469,.T.) ;
#2513=ADVANCED_FACE('MANIFOLD_SOLID_BREP #5250',(#2512),#2487,.T.) ;
#2538=ADVANCED_FACE('MANIFOLD_SOLID_BREP #5250',(#2537),#2519,.T.) ;
#2563=ADVANCED_FACE('MANIFOLD_SOLID_BREP #5250',(#2562),#2544,.T.) ;
#2581=ADVANCED_FACE('MANIFOLD_SOLID_BREP #5250',(#2580),#2569,.T.) ;
#2613=ADVANCED_FACE('MANIFOLD_SOLID_BREP #5250',(#2612),#2587,.T.) ;
#2638=ADVANCED_FACE('MANIFOLD_SOLID_BREP #5250',(#2637),#2619,.T.) ;
#2663=ADVANCED_FACE('MANIFOLD_SOLID_BREP #5250',(#2662),#2644,.T.) ;
#2681=ADVANCED_FACE('MANIFOLD_SOLID_BREP #5250',(#2680),#2669,.T.) ;
#2713=ADVANCED_FACE('MANIFOLD_SOLID_BREP #5250',(#2712),#2687,.T.) ;
#2738=ADVANCED_FACE('MANIFOLD_SOLID_BREP #5250',(#2737),#2719,.T.) ;
#2763=ADVANCED_FACE('MANIFOLD_SOLID_BREP #5250',(#2762),#2744,.T.) ;
#2781=ADVANCED_FACE('MANIFOLD_SOLID_BREP #5250',(#2780),#2769,.T.) ;
#2813=ADVANCED_FACE('MANIFOLD_SOLID_BREP #5250',(#2812),#2787,.T.) ;
#2838=ADVANCED_FACE('MANIFOLD_SOLID_BREP #5250',(#2837),#2819,.T.) ;
#2863=ADVANCED_FACE('MANIFOLD_SOLID_BREP #5250',(#2862),#2844,.T.) ;
#2881=ADVANCED_FACE('MANIFOLD_SOLID_BREP #5250',(#2880),#2869,.T.) ;
#2913=ADVANCED_FACE('MANIFOLD_SOLID_BREP #5250',(#2912),#2887,.T.) ;
#2938=ADVANCED_FACE('MANIFOLD_SOLID_BREP #5250',(#2937),#2919,.T.) ;
#2963=ADVANCED_FACE('MANIFOLD_SOLID_BREP #5250',(#2962),#2944,.T.) ;
#2981=ADVANCED_FACE('MANIFOLD_SOLID_BREP #5250',(#2980),#2969,.T.) ;
#3013=ADVANCED_FACE('MANIFOLD_SOLID_BREP #5250',(#3012),#2987,.T.) ;
#3038=ADVANCED_FACE('MANIFOLD_SOLID_BREP #5250',(#3037),#3019,.T.) ;
#3063=ADVANCED_FACE('MANIFOLD_SOLID_BREP #5250',(#3062),#3044,.T.) ;
#3081=ADVANCED_FACE('MANIFOLD_SOLID_BREP #5250',(#3080),#3069,.T.) ;
#3113=ADVANCED_FACE('MANIFOLD_SOLID_BREP #5250',(#3112),#3087,.T.) ;
#3138=ADVANCED_FACE('MANIFOLD_SOLID_BREP #5250',(#3137),#3119,.T.) ;
#3163=ADVANCED_FACE('MANIFOLD_SOLID_BREP #5250',(#3162),#3144,.T.) ;
#3181=ADVANCED_FACE('MANIFOLD_SOLID_BREP #5250',(#3180),#3169,.T.) ;
#3213=ADVANCED_FACE('MANIFOLD_SOLID_BREP #5250',(#3212),#3187,.T.) ;
#3238=ADVANCED_FACE('MANIFOLD_SOLID_BREP #5250',(#3237),#3219,.T.) ;
#3263=ADVANCED_FACE('MANIFOLD_SOLID_BREP #5250',(#3262),#3244,.T.) ;
#3281=ADVANCED_FACE('MANIFOLD_SOLID_BREP #5250',(#3280),#3269,.T.) ;
#3313=ADVANCED_FACE('MANIFOLD_SOLID_BREP #5250',(#3312),#3287,.T.) ;
#3345=ADVANCED_FACE('MANIFOLD_SOLID_BREP #5250',(#3344),#3326,.T.) ;
#3370=ADVANCED_FACE('MANIFOLD_SOLID_BREP #5250',(#3369),#3351,.T.) ;
#3388=ADVANCED_FACE('MANIFOLD_SOLID_BREP #5250',(#3387),#3376,.F.) ;
#3420=ADVANCED_FACE('MANIFOLD_SOLID_BREP #5250',(#3419),#3394,.T.) ;
#3445=ADVANCED_FACE('MANIFOLD_SOLID_BREP #5250',(#3444),#3426,.T.) ;
#3470=ADVANCED_FACE('MANIFOLD_SOLID_BREP #5250',(#3469),#3451,.T.) ;
#3488=ADVANCED_FACE('MANIFOLD_SOLID_BREP #5250',(#3487),#3476,.F.) ;
#3520=ADVANCED_FACE('MANIFOLD_SOLID_BREP #5250',(#3519),#3494,.T.) ;
#3545=ADVANCED_FACE('MANIFOLD_SOLID_BREP #5250',(#3544),#3526,.T.) ;
#3570=ADVANCED_FACE('MANIFOLD_SOLID_BREP #5250',(#3569),#3551,.T.) ;
#3588=ADVANCED_FACE('MANIFOLD_SOLID_BREP #5250',(#3587),#3576,.F.) ;
#3620=ADVANCED_FACE('MANIFOLD_SOLID_BREP #5250',(#3619),#3594,.T.) ;
#3645=ADVANCED_FACE('MANIFOLD_SOLID_BREP #5250',(#3644),#3626,.T.) ;
#3670=ADVANCED_FACE('MANIFOLD_SOLID_BREP #5250',(#3669),#3651,.T.) ;
#3688=ADVANCED_FACE('MANIFOLD_SOLID_BREP #5250',(#3687),#3676,.F.) ;
#3720=ADVANCED_FACE('MANIFOLD_SOLID_BREP #5250',(#3719),#3694,.T.) ;
#3745=ADVANCED_FACE('MANIFOLD_SOLID_BREP #5250',(#3744),#3726,.T.) ;
#3770=ADVANCED_FACE('MANIFOLD_SOLID_BREP #5250',(#3769),#3751,.T.) ;
#3788=ADVANCED_FACE('MANIFOLD_SOLID_BREP #5250',(#3787),#3776,.T.) ;
#3965=ADVANCED_FACE('MANIFOLD_SOLID_BREP #5250',(#3828,#3862,#3896,#3930,#3964),#3794,.T.) ;
#3978=ADVANCED_FACE('MANIFOLD_SOLID_BREP #5250',(#3977),#3971,.T.) ;
#3991=ADVANCED_FACE('MANIFOLD_SOLID_BREP #5250',(#3990),#3984,.T.) ;
#4004=ADVANCED_FACE('MANIFOLD_SOLID_BREP #5250',(#4003),#3997,.T.) ;
#4017=ADVANCED_FACE('MANIFOLD_SOLID_BREP #5250',(#4016),#4010,.T.) ;
#4030=ADVANCED_FACE('MANIFOLD_SOLID_BREP #5250',(#4029),#4023,.T.) ;
#4043=ADVANCED_FACE('MANIFOLD_SOLID_BREP #5250',(#4042),#4036,.T.) ;
#4056=ADVANCED_FACE('MANIFOLD_SOLID_BREP #5250',(#4055),#4049,.T.) ;
#4069=ADVANCED_FACE('MANIFOLD_SOLID_BREP #5250',(#4068),#4062,.T.) ;
#4082=ADVANCED_FACE('MANIFOLD_SOLID_BREP #5250',(#4081),#4075,.T.) ;
#4095=ADVANCED_FACE('MANIFOLD_SOLID_BREP #5250',(#4094),#4088,.T.) ;
#4108=ADVANCED_FACE('MANIFOLD_SOLID_BREP #5250',(#4107),#4101,.T.) ;
#4121=ADVANCED_FACE('MANIFOLD_SOLID_BREP #5250',(#4120),#4114,.T.) ;
#4134=ADVANCED_FACE('MANIFOLD_SOLID_BREP #5250',(#4133),#4127,.T.) ;
#4147=ADVANCED_FACE('MANIFOLD_SOLID_BREP #5250',(#4146),#4140,.T.) ;
#4160=ADVANCED_FACE('MANIFOLD_SOLID_BREP #5250',(#4159),#4153,.T.) ;
#4192=ADVANCED_FACE('MANIFOLD_SOLID_BREP #5250',(#4191),#4166,.T.) ;
#4217=ADVANCED_FACE('MANIFOLD_SOLID_BREP #5250',(#4216),#4198,.T.) ;
#4242=ADVANCED_FACE('MANIFOLD_SOLID_BREP #5250',(#4241),#4223,.T.) ;
#4260=ADVANCED_FACE('MANIFOLD_SOLID_BREP #5250',(#4259),#4248,.T.) ;
#4292=ADVANCED_FACE('MANIFOLD_SOLID_BREP #5250',(#4291),#4266,.T.) ;
#4317=ADVANCED_FACE('MANIFOLD_SOLID_BREP #5250',(#4316),#4298,.T.) ;
#4342=ADVANCED_FACE('MANIFOLD_SOLID_BREP #5250',(#4341),#4323,.T.) ;
#4360=ADVANCED_FACE('MANIFOLD_SOLID_BREP #5250',(#4359),#4348,.T.) ;
#4392=ADVANCED_FACE('MANIFOLD_SOLID_BREP #5250',(#4391),#4366,.T.) ;
#4417=ADVANCED_FACE('MANIFOLD_SOLID_BREP #5250',(#4416),#4398,.T.) ;
#4442=ADVANCED_FACE('MANIFOLD_SOLID_BREP #5250',(#4441),#4423,.T.) ;
#4460=ADVANCED_FACE('MANIFOLD_SOLID_BREP #5250',(#4459),#4448,.T.) ;
#4492=ADVANCED_FACE('MANIFOLD_SOLID_BREP #5250',(#4491),#4466,.T.) ;
#4517=ADVANCED_FACE('MANIFOLD_SOLID_BREP #5250',(#4516),#4498,.T.) ;
#4542=ADVANCED_FACE('MANIFOLD_SOLID_BREP #5250',(#4541),#4523,.T.) ;
#4560=ADVANCED_FACE('MANIFOLD_SOLID_BREP #5250',(#4559),#4548,.T.) ;
#4573=ADVANCED_FACE('MANIFOLD_SOLID_BREP #5250',(#4572),#4566,.T.) ;
#4605=ADVANCED_FACE('MANIFOLD_SOLID_BREP #5250',(#4604),#4579,.T.) ;
#4630=ADVANCED_FACE('MANIFOLD_SOLID_BREP #5250',(#4629),#4611,.T.) ;
#4655=ADVANCED_FACE('MANIFOLD_SOLID_BREP #5250',(#4654),#4636,.T.) ;
#4673=ADVANCED_FACE('MANIFOLD_SOLID_BREP #5250',(#4672),#4661,.F.) ;
#4705=ADVANCED_FACE('MANIFOLD_SOLID_BREP #5250',(#4704),#4679,.T.) ;
#4730=ADVANCED_FACE('MANIFOLD_SOLID_BREP #5250',(#4729),#4711,.T.) ;
#4755=ADVANCED_FACE('MANIFOLD_SOLID_BREP #5250',(#4754),#4736,.T.) ;
#4773=ADVANCED_FACE('MANIFOLD_SOLID_BREP #5250',(#4772),#4761,.F.) ;
#4805=ADVANCED_FACE('MANIFOLD_SOLID_BREP #5250',(#4804),#4779,.T.) ;
#4830=ADVANCED_FACE('MANIFOLD_SOLID_BREP #5250',(#4829),#4811,.T.) ;
#4855=ADVANCED_FACE('MANIFOLD_SOLID_BREP #5250',(#4854),#4836,.T.) ;
#4873=ADVANCED_FACE('MANIFOLD_SOLID_BREP #5250',(#4872),#4861,.F.) ;
#4905=ADVANCED_FACE('MANIFOLD_SOLID_BREP #5250',(#4904),#4879,.T.) ;
#4930=ADVANCED_FACE('MANIFOLD_SOLID_BREP #5250',(#4929),#4911,.T.) ;
#4955=ADVANCED_FACE('MANIFOLD_SOLID_BREP #5250',(#4954),#4936,.T.) ;
#4973=ADVANCED_FACE('MANIFOLD_SOLID_BREP #5250',(#4972),#4961,.F.) ;
#4986=ADVANCED_FACE('MANIFOLD_SOLID_BREP #5250',(#4985),#4979,.T.) ;
#4999=ADVANCED_FACE('MANIFOLD_SOLID_BREP #5250',(#4998),#4992,.T.) ;
#5012=ADVANCED_FACE('MANIFOLD_SOLID_BREP #5250',(#5011),#5005,.T.) ;
#5025=ADVANCED_FACE('MANIFOLD_SOLID_BREP #5250',(#5024),#5018,.T.) ;
#5057=ADVANCED_FACE('MANIFOLD_SOLID_BREP #5250',(#5056),#5031,.T.) ;
#5082=ADVANCED_FACE('MANIFOLD_SOLID_BREP #5250',(#5081),#5063,.T.) ;
#5107=ADVANCED_FACE('MANIFOLD_SOLID_BREP #5250',(#5106),#5088,.T.) ;
#5125=ADVANCED_FACE('MANIFOLD_SOLID_BREP #5250',(#5124),#5113,.T.) ;
#5157=ADVANCED_FACE('MANIFOLD_SOLID_BREP #5250',(#5156),#5131,.T.) ;
#5182=ADVANCED_FACE('MANIFOLD_SOLID_BREP #5250',(#5181),#5163,.T.) ;
#5207=ADVANCED_FACE('MANIFOLD_SOLID_BREP #5250',(#5206),#5188,.T.) ;
#5225=ADVANCED_FACE('MANIFOLD_SOLID_BREP #5250',(#5224),#5213,.T.) ;
#5257=ADVANCED_FACE('MANIFOLD_SOLID_BREP #5250',(#5256),#5231,.T.) ;
#5282=ADVANCED_FACE('MANIFOLD_SOLID_BREP #5250',(#5281),#5263,.T.) ;
#5307=ADVANCED_FACE('MANIFOLD_SOLID_BREP #5250',(#5306),#5288,.T.) ;
#5325=ADVANCED_FACE('MANIFOLD_SOLID_BREP #5250',(#5324),#5313,.T.) ;
#5357=ADVANCED_FACE('MANIFOLD_SOLID_BREP #5250',(#5356),#5331,.T.) ;
#5382=ADVANCED_FACE('MANIFOLD_SOLID_BREP #5250',(#5381),#5363,.T.) ;
#5407=ADVANCED_FACE('MANIFOLD_SOLID_BREP #5250',(#5406),#5388,.T.) ;
#5425=ADVANCED_FACE('MANIFOLD_SOLID_BREP #5250',(#5424),#5413,.T.) ;
#5438=ADVANCED_FACE('MANIFOLD_SOLID_BREP #5250',(#5437),#5431,.T.) ;
#5451=ADVANCED_FACE('MANIFOLD_SOLID_BREP #5250',(#5450),#5444,.T.) ;
#5464=ADVANCED_FACE('MANIFOLD_SOLID_BREP #5250',(#5463),#5457,.T.) ;
#5477=ADVANCED_FACE('MANIFOLD_SOLID_BREP #5250',(#5476),#5470,.T.) ;
#4=APPLICATION_PROTOCOL_DEFINITION('international standard','automotive_design',2001,#1) ;
#21=MANIFOLD_SOLID_BREP('MANIFOLD_SOLID_BREP #5250',#30) ;
#22=COLOUR_RGB('Colour',0.823529411765,0.823529411765,1.) ;
#975=COLOUR_RGB('Colour',0.188235294118,0.188235294118,0.188235294118) ;
#3314=COLOUR_RGB('Colour',0.870588235294,0.63137254902,0.172549019608) ;
#982=OVER_RIDING_STYLED_ITEM(' ',(#981),#974,#29) ;
#1014=OVER_RIDING_STYLED_ITEM(' ',(#981),#1013,#29) ;
#1039=OVER_RIDING_STYLED_ITEM(' ',(#981),#1038,#29) ;
#1064=OVER_RIDING_STYLED_ITEM(' ',(#981),#1063,#29) ;
#1089=OVER_RIDING_STYLED_ITEM(' ',(#981),#1088,#29) ;
#1114=OVER_RIDING_STYLED_ITEM(' ',(#981),#1113,#29) ;
#1139=OVER_RIDING_STYLED_ITEM(' ',(#981),#1138,#29) ;
#1164=OVER_RIDING_STYLED_ITEM(' ',(#981),#1163,#29) ;
#1189=OVER_RIDING_STYLED_ITEM(' ',(#981),#1188,#29) ;
#1214=OVER_RIDING_STYLED_ITEM(' ',(#981),#1213,#29) ;
#1239=OVER_RIDING_STYLED_ITEM(' ',(#981),#1238,#29) ;
#1264=OVER_RIDING_STYLED_ITEM(' ',(#981),#1263,#29) ;
#1289=OVER_RIDING_STYLED_ITEM(' ',(#981),#1288,#29) ;
#1314=OVER_RIDING_STYLED_ITEM(' ',(#981),#1313,#29) ;
#1339=OVER_RIDING_STYLED_ITEM(' ',(#981),#1338,#29) ;
#1364=OVER_RIDING_STYLED_ITEM(' ',(#981),#1363,#29) ;
#1389=OVER_RIDING_STYLED_ITEM(' ',(#981),#1388,#29) ;
#1414=OVER_RIDING_STYLED_ITEM(' ',(#981),#1413,#29) ;
#1439=OVER_RIDING_STYLED_ITEM(' ',(#981),#1438,#29) ;
#1464=OVER_RIDING_STYLED_ITEM(' ',(#981),#1463,#29) ;
#1489=OVER_RIDING_STYLED_ITEM(' ',(#981),#1488,#29) ;
#1514=OVER_RIDING_STYLED_ITEM(' ',(#981),#1513,#29) ;
#1539=OVER_RIDING_STYLED_ITEM(' ',(#981),#1538,#29) ;
#1564=OVER_RIDING_STYLED_ITEM(' ',(#981),#1563,#29) ;
#1589=OVER_RIDING_STYLED_ITEM(' ',(#981),#1588,#29) ;
#1614=OVER_RIDING_STYLED_ITEM(' ',(#981),#1613,#29) ;
#1639=OVER_RIDING_STYLED_ITEM(' ',(#981),#1638,#29) ;
#1664=OVER_RIDING_STYLED_ITEM(' ',(#981),#1663,#29) ;
#1689=OVER_RIDING_STYLED_ITEM(' ',(#981),#1688,#29) ;
#1714=OVER_RIDING_STYLED_ITEM(' ',(#981),#1713,#29) ;
#1739=OVER_RIDING_STYLED_ITEM(' ',(#981),#1738,#29) ;
#1764=OVER_RIDING_STYLED_ITEM(' ',(#981),#1763,#29) ;
#1782=OVER_RIDING_STYLED_ITEM(' ',(#981),#1781,#29) ;
#1814=OVER_RIDING_STYLED_ITEM(' ',(#981),#1813,#29) ;
#1839=OVER_RIDING_STYLED_ITEM(' ',(#981),#1838,#29) ;
#1864=OVER_RIDING_STYLED_ITEM(' ',(#981),#1863,#29) ;
#1882=OVER_RIDING_STYLED_ITEM(' ',(#981),#1881,#29) ;
#1914=OVER_RIDING_STYLED_ITEM(' ',(#981),#1913,#29) ;
#1939=OVER_RIDING_STYLED_ITEM(' ',(#981),#1938,#29) ;
#1964=OVER_RIDING_STYLED_ITEM(' ',(#981),#1963,#29) ;
#1982=OVER_RIDING_STYLED_ITEM(' ',(#981),#1981,#29) ;
#2014=OVER_RIDING_STYLED_ITEM(' ',(#981),#2013,#29) ;
#2039=OVER_RIDING_STYLED_ITEM(' ',(#981),#2038,#29) ;
#2064=OVER_RIDING_STYLED_ITEM(' ',(#981),#2063,#29) ;
#2082=OVER_RIDING_STYLED_ITEM(' ',(#981),#2081,#29) ;
#2114=OVER_RIDING_STYLED_ITEM(' ',(#981),#2113,#29) ;
#2139=OVER_RIDING_STYLED_ITEM(' ',(#981),#2138,#29) ;
#2164=OVER_RIDING_STYLED_ITEM(' ',(#981),#2163,#29) ;
#2182=OVER_RIDING_STYLED_ITEM(' ',(#981),#2181,#29) ;
#2214=OVER_RIDING_STYLED_ITEM(' ',(#981),#2213,#29) ;
#2239=OVER_RIDING_STYLED_ITEM(' ',(#981),#2238,#29) ;
#2264=OVER_RIDING_STYLED_ITEM(' ',(#981),#2263,#29) ;
#2282=OVER_RIDING_STYLED_ITEM(' ',(#981),#2281,#29) ;
#2314=OVER_RIDING_STYLED_ITEM(' ',(#981),#2313,#29) ;
#2339=OVER_RIDING_STYLED_ITEM(' ',(#981),#2338,#29) ;
#2364=OVER_RIDING_STYLED_ITEM(' ',(#981),#2363,#29) ;
#2382=OVER_RIDING_STYLED_ITEM(' ',(#981),#2381,#29) ;
#2414=OVER_RIDING_STYLED_ITEM(' ',(#981),#2413,#29) ;
#2439=OVER_RIDING_STYLED_ITEM(' ',(#981),#2438,#29) ;
#2464=OVER_RIDING_STYLED_ITEM(' ',(#981),#2463,#29) ;
#2482=OVER_RIDING_STYLED_ITEM(' ',(#981),#2481,#29) ;
#2514=OVER_RIDING_STYLED_ITEM(' ',(#981),#2513,#29) ;
#2539=OVER_RIDING_STYLED_ITEM(' ',(#981),#2538,#29) ;
#2564=OVER_RIDING_STYLED_ITEM(' ',(#981),#2563,#29) ;
#2582=OVER_RIDING_STYLED_ITEM(' ',(#981),#2581,#29) ;
#2614=OVER_RIDING_STYLED_ITEM(' ',(#981),#2613,#29) ;
#2639=OVER_RIDING_STYLED_ITEM(' ',(#981),#2638,#29) ;
#2664=OVER_RIDING_STYLED_ITEM(' ',(#981),#2663,#29) ;
#2682=OVER_RIDING_STYLED_ITEM(' ',(#981),#2681,#29) ;
#2714=OVER_RIDING_STYLED_ITEM(' ',(#981),#2713,#29) ;
#2739=OVER_RIDING_STYLED_ITEM(' ',(#981),#2738,#29) ;
#2764=OVER_RIDING_STYLED_ITEM(' ',(#981),#2763,#29) ;
#2782=OVER_RIDING_STYLED_ITEM(' ',(#981),#2781,#29) ;
#2814=OVER_RIDING_STYLED_ITEM(' ',(#981),#2813,#29) ;
#2839=OVER_RIDING_STYLED_ITEM(' ',(#981),#2838,#29) ;
#2864=OVER_RIDING_STYLED_ITEM(' ',(#981),#2863,#29) ;
#2882=OVER_RIDING_STYLED_ITEM(' ',(#981),#2881,#29) ;
#2914=OVER_RIDING_STYLED_ITEM(' ',(#981),#2913,#29) ;
#2939=OVER_RIDING_STYLED_ITEM(' ',(#981),#2938,#29) ;
#2964=OVER_RIDING_STYLED_ITEM(' ',(#981),#2963,#29) ;
#2982=OVER_RIDING_STYLED_ITEM(' ',(#981),#2981,#29) ;
#3014=OVER_RIDING_STYLED_ITEM(' ',(#981),#3013,#29) ;
#3039=OVER_RIDING_STYLED_ITEM(' ',(#981),#3038,#29) ;
#3064=OVER_RIDING_STYLED_ITEM(' ',(#981),#3063,#29) ;
#3082=OVER_RIDING_STYLED_ITEM(' ',(#981),#3081,#29) ;
#3114=OVER_RIDING_STYLED_ITEM(' ',(#981),#3113,#29) ;
#3139=OVER_RIDING_STYLED_ITEM(' ',(#981),#3138,#29) ;
#3164=OVER_RIDING_STYLED_ITEM(' ',(#981),#3163,#29) ;
#3182=OVER_RIDING_STYLED_ITEM(' ',(#981),#3181,#29) ;
#3214=OVER_RIDING_STYLED_ITEM(' ',(#981),#3213,#29) ;
#3239=OVER_RIDING_STYLED_ITEM(' ',(#981),#3238,#29) ;
#3264=OVER_RIDING_STYLED_ITEM(' ',(#981),#3263,#29) ;
#3282=OVER_RIDING_STYLED_ITEM(' ',(#981),#3281,#29) ;
#3321=OVER_RIDING_STYLED_ITEM(' ',(#3320),#3313,#29) ;
#3346=OVER_RIDING_STYLED_ITEM(' ',(#3320),#3345,#29) ;
#3371=OVER_RIDING_STYLED_ITEM(' ',(#3320),#3370,#29) ;
#3389=OVER_RIDING_STYLED_ITEM(' ',(#3320),#3388,#29) ;
#3421=OVER_RIDING_STYLED_ITEM(' ',(#3320),#3420,#29) ;
#3446=OVER_RIDING_STYLED_ITEM(' ',(#3320),#3445,#29) ;
#3471=OVER_RIDING_STYLED_ITEM(' ',(#3320),#3470,#29) ;
#3489=OVER_RIDING_STYLED_ITEM(' ',(#3320),#3488,#29) ;
#3521=OVER_RIDING_STYLED_ITEM(' ',(#3320),#3520,#29) ;
#3546=OVER_RIDING_STYLED_ITEM(' ',(#3320),#3545,#29) ;
#3571=OVER_RIDING_STYLED_ITEM(' ',(#3320),#3570,#29) ;
#3589=OVER_RIDING_STYLED_ITEM(' ',(#3320),#3588,#29) ;
#3621=OVER_RIDING_STYLED_ITEM(' ',(#3320),#3620,#29) ;
#3646=OVER_RIDING_STYLED_ITEM(' ',(#3320),#3645,#29) ;
#3671=OVER_RIDING_STYLED_ITEM(' ',(#3320),#3670,#29) ;
#3689=OVER_RIDING_STYLED_ITEM(' ',(#3320),#3688,#29) ;
#3721=OVER_RIDING_STYLED_ITEM(' ',(#981),#3720,#29) ;
#3746=OVER_RIDING_STYLED_ITEM(' ',(#981),#3745,#29) ;
#3771=OVER_RIDING_STYLED_ITEM(' ',(#981),#3770,#29) ;
#3789=OVER_RIDING_STYLED_ITEM(' ',(#981),#3788,#29) ;
#3966=OVER_RIDING_STYLED_ITEM(' ',(#981),#3965,#29) ;
#3979=OVER_RIDING_STYLED_ITEM(' ',(#981),#3978,#29) ;
#3992=OVER_RIDING_STYLED_ITEM(' ',(#981),#3991,#29) ;
#4005=OVER_RIDING_STYLED_ITEM(' ',(#981),#4004,#29) ;
#4018=OVER_RIDING_STYLED_ITEM(' ',(#981),#4017,#29) ;
#4031=OVER_RIDING_STYLED_ITEM(' ',(#981),#4030,#29) ;
#4044=OVER_RIDING_STYLED_ITEM(' ',(#981),#4043,#29) ;
#4057=OVER_RIDING_STYLED_ITEM(' ',(#981),#4056,#29) ;
#4070=OVER_RIDING_STYLED_ITEM(' ',(#981),#4069,#29) ;
#4083=OVER_RIDING_STYLED_ITEM(' ',(#981),#4082,#29) ;
#4096=OVER_RIDING_STYLED_ITEM(' ',(#981),#4095,#29) ;
#4109=OVER_RIDING_STYLED_ITEM(' ',(#981),#4108,#29) ;
#4122=OVER_RIDING_STYLED_ITEM(' ',(#981),#4121,#29) ;
#4135=OVER_RIDING_STYLED_ITEM(' ',(#981),#4134,#29) ;
#4148=OVER_RIDING_STYLED_ITEM(' ',(#981),#4147,#29) ;
#4161=OVER_RIDING_STYLED_ITEM(' ',(#981),#4160,#29) ;
#4193=OVER_RIDING_STYLED_ITEM(' ',(#3320),#4192,#29) ;
#4218=OVER_RIDING_STYLED_ITEM(' ',(#3320),#4217,#29) ;
#4243=OVER_RIDING_STYLED_ITEM(' ',(#3320),#4242,#29) ;
#4261=OVER_RIDING_STYLED_ITEM(' ',(#3320),#4260,#29) ;
#4293=OVER_RIDING_STYLED_ITEM(' ',(#3320),#4292,#29) ;
#4318=OVER_RIDING_STYLED_ITEM(' ',(#3320),#4317,#29) ;
#4343=OVER_RIDING_STYLED_ITEM(' ',(#3320),#4342,#29) ;
#4361=OVER_RIDING_STYLED_ITEM(' ',(#3320),#4360,#29) ;
#4393=OVER_RIDING_STYLED_ITEM(' ',(#3320),#4392,#29) ;
#4418=OVER_RIDING_STYLED_ITEM(' ',(#3320),#4417,#29) ;
#4443=OVER_RIDING_STYLED_ITEM(' ',(#3320),#4442,#29) ;
#4461=OVER_RIDING_STYLED_ITEM(' ',(#3320),#4460,#29) ;
#4493=OVER_RIDING_STYLED_ITEM(' ',(#3320),#4492,#29) ;
#4518=OVER_RIDING_STYLED_ITEM(' ',(#3320),#4517,#29) ;
#4543=OVER_RIDING_STYLED_ITEM(' ',(#3320),#4542,#29) ;
#4561=OVER_RIDING_STYLED_ITEM(' ',(#3320),#4560,#29) ;
#4574=OVER_RIDING_STYLED_ITEM(' ',(#981),#4573,#29) ;
#4606=OVER_RIDING_STYLED_ITEM(' ',(#3320),#4605,#29) ;
#4631=OVER_RIDING_STYLED_ITEM(' ',(#3320),#4630,#29) ;
#4656=OVER_RIDING_STYLED_ITEM(' ',(#3320),#4655,#29) ;
#4674=OVER_RIDING_STYLED_ITEM(' ',(#3320),#4673,#29) ;
#4706=OVER_RIDING_STYLED_ITEM(' ',(#3320),#4705,#29) ;
#4731=OVER_RIDING_STYLED_ITEM(' ',(#3320),#4730,#29) ;
#4756=OVER_RIDING_STYLED_ITEM(' ',(#3320),#4755,#29) ;
#4774=OVER_RIDING_STYLED_ITEM(' ',(#3320),#4773,#29) ;
#4806=OVER_RIDING_STYLED_ITEM(' ',(#3320),#4805,#29) ;
#4831=OVER_RIDING_STYLED_ITEM(' ',(#3320),#4830,#29) ;
#4856=OVER_RIDING_STYLED_ITEM(' ',(#3320),#4855,#29) ;
#4874=OVER_RIDING_STYLED_ITEM(' ',(#3320),#4873,#29) ;
#4906=OVER_RIDING_STYLED_ITEM(' ',(#3320),#4905,#29) ;
#4931=OVER_RIDING_STYLED_ITEM(' ',(#3320),#4930,#29) ;
#4956=OVER_RIDING_STYLED_ITEM(' ',(#3320),#4955,#29) ;
#4974=OVER_RIDING_STYLED_ITEM(' ',(#3320),#4973,#29) ;
#4987=OVER_RIDING_STYLED_ITEM(' ',(#3320),#4986,#29) ;
#5000=OVER_RIDING_STYLED_ITEM(' ',(#3320),#4999,#29) ;
#5013=OVER_RIDING_STYLED_ITEM(' ',(#3320),#5012,#29) ;
#5026=OVER_RIDING_STYLED_ITEM(' ',(#3320),#5025,#29) ;
#5058=OVER_RIDING_STYLED_ITEM(' ',(#3320),#5057,#29) ;
#5083=OVER_RIDING_STYLED_ITEM(' ',(#3320),#5082,#29) ;
#5108=OVER_RIDING_STYLED_ITEM(' ',(#3320),#5107,#29) ;
#5126=OVER_RIDING_STYLED_ITEM(' ',(#3320),#5125,#29) ;
#5158=OVER_RIDING_STYLED_ITEM(' ',(#3320),#5157,#29) ;
#5183=OVER_RIDING_STYLED_ITEM(' ',(#3320),#5182,#29) ;
#5208=OVER_RIDING_STYLED_ITEM(' ',(#3320),#5207,#29) ;
#5226=OVER_RIDING_STYLED_ITEM(' ',(#3320),#5225,#29) ;
#5258=OVER_RIDING_STYLED_ITEM(' ',(#3320),#5257,#29) ;
#5283=OVER_RIDING_STYLED_ITEM(' ',(#3320),#5282,#29) ;
#5308=OVER_RIDING_STYLED_ITEM(' ',(#3320),#5307,#29) ;
#5326=OVER_RIDING_STYLED_ITEM(' ',(#3320),#5325,#29) ;
#5358=OVER_RIDING_STYLED_ITEM(' ',(#3320),#5357,#29) ;
#5383=OVER_RIDING_STYLED_ITEM(' ',(#3320),#5382,#29) ;
#5408=OVER_RIDING_STYLED_ITEM(' ',(#3320),#5407,#29) ;
#5426=OVER_RIDING_STYLED_ITEM(' ',(#3320),#5425,#29) ;
#5439=OVER_RIDING_STYLED_ITEM(' ',(#3320),#5438,#29) ;
#5452=OVER_RIDING_STYLED_ITEM(' ',(#3320),#5451,#29) ;
#5465=OVER_RIDING_STYLED_ITEM(' ',(#3320),#5464,#29) ;
#5478=OVER_RIDING_STYLED_ITEM(' ',(#3320),#5477,#29) ;
#44=EDGE_CURVE('',#41,#43,#39,.T.) ;
#51=EDGE_CURVE('',#50,#41,#48,.T.) ;
#58=EDGE_CURVE('',#57,#50,#55,.T.) ;
#65=EDGE_CURVE('',#64,#57,#62,.T.) ;
#72=EDGE_CURVE('',#71,#64,#69,.T.) ;
#79=EDGE_CURVE('',#78,#71,#76,.T.) ;
#86=EDGE_CURVE('',#85,#78,#83,.T.) ;
#93=EDGE_CURVE('',#92,#85,#90,.T.) ;
#100=EDGE_CURVE('',#99,#92,#97,.T.) ;
#107=EDGE_CURVE('',#106,#99,#104,.T.) ;
#114=EDGE_CURVE('',#113,#106,#111,.T.) ;
#121=EDGE_CURVE('',#120,#113,#118,.T.) ;
#128=EDGE_CURVE('',#127,#120,#125,.T.) ;
#135=EDGE_CURVE('',#134,#127,#132,.T.) ;
#142=EDGE_CURVE('',#141,#134,#139,.T.) ;
#149=EDGE_CURVE('',#148,#141,#146,.T.) ;
#156=EDGE_CURVE('',#155,#148,#153,.T.) ;
#163=EDGE_CURVE('',#162,#155,#160,.T.) ;
#170=EDGE_CURVE('',#169,#162,#167,.T.) ;
#177=EDGE_CURVE('',#176,#169,#174,.T.) ;
#184=EDGE_CURVE('',#183,#176,#181,.T.) ;
#191=EDGE_CURVE('',#190,#183,#188,.T.) ;
#198=EDGE_CURVE('',#197,#190,#195,.T.) ;
#205=EDGE_CURVE('',#204,#197,#202,.T.) ;
#212=EDGE_CURVE('',#211,#204,#209,.T.) ;
#219=EDGE_CURVE('',#218,#211,#216,.T.) ;
#226=EDGE_CURVE('',#225,#218,#223,.T.) ;
#233=EDGE_CURVE('',#232,#225,#230,.T.) ;
#240=EDGE_CURVE('',#239,#232,#237,.T.) ;
#247=EDGE_CURVE('',#246,#239,#244,.T.) ;
#254=EDGE_CURVE('',#253,#246,#251,.T.) ;
#259=EDGE_CURVE('',#43,#253,#258,.T.) ;
#302=EDGE_CURVE('',#299,#301,#297,.T.) ;
#309=EDGE_CURVE('',#308,#299,#306,.T.) ;
#316=EDGE_CURVE('',#315,#308,#313,.T.) ;
#321=EDGE_CURVE('',#301,#315,#320,.T.) ;
#336=EDGE_CURVE('',#333,#335,#331,.T.) ;
#343=EDGE_CURVE('',#342,#333,#340,.T.) ;
#350=EDGE_CURVE('',#349,#342,#347,.T.) ;
#355=EDGE_CURVE('',#335,#349,#354,.T.) ;
#370=EDGE_CURVE('',#367,#369,#365,.T.) ;
#377=EDGE_CURVE('',#376,#367,#374,.T.) ;
#384=EDGE_CURVE('',#383,#376,#381,.T.) ;
#389=EDGE_CURVE('',#369,#383,#388,.T.) ;
#404=EDGE_CURVE('',#401,#403,#399,.T.) ;
#411=EDGE_CURVE('',#410,#401,#408,.T.) ;
#418=EDGE_CURVE('',#417,#410,#415,.T.) ;
#423=EDGE_CURVE('',#403,#417,#422,.T.) ;
#438=EDGE_CURVE('',#435,#437,#433,.T.) ;
#445=EDGE_CURVE('',#444,#435,#442,.T.) ;
#452=EDGE_CURVE('',#451,#444,#449,.T.) ;
#457=EDGE_CURVE('',#437,#451,#456,.T.) ;
#472=EDGE_CURVE('',#469,#471,#467,.T.) ;
#479=EDGE_CURVE('',#478,#469,#476,.T.) ;
#486=EDGE_CURVE('',#485,#478,#483,.T.) ;
#491=EDGE_CURVE('',#471,#485,#490,.T.) ;
#506=EDGE_CURVE('',#503,#505,#501,.T.) ;
#513=EDGE_CURVE('',#512,#503,#510,.T.) ;
#520=EDGE_CURVE('',#519,#512,#517,.T.) ;
#525=EDGE_CURVE('',#505,#519,#524,.T.) ;
#540=EDGE_CURVE('',#537,#539,#535,.T.) ;
#547=EDGE_CURVE('',#546,#537,#544,.T.) ;
#554=EDGE_CURVE('',#553,#546,#551,.T.) ;
#559=EDGE_CURVE('',#539,#553,#558,.T.) ;
#574=EDGE_CURVE('',#571,#573,#569,.T.) ;
#581=EDGE_CURVE('',#580,#571,#578,.T.) ;
#588=EDGE_CURVE('',#587,#580,#585,.T.) ;
#593=EDGE_CURVE('',#573,#587,#592,.T.) ;
#608=EDGE_CURVE('',#605,#607,#603,.T.) ;
#615=EDGE_CURVE('',#614,#605,#612,.T.) ;
#622=EDGE_CURVE('',#621,#614,#619,.T.) ;
#627=EDGE_CURVE('',#607,#621,#626,.T.) ;
#642=EDGE_CURVE('',#639,#641,#637,.T.) ;
#649=EDGE_CURVE('',#648,#639,#646,.T.) ;
#656=EDGE_CURVE('',#655,#648,#653,.T.) ;
#661=EDGE_CURVE('',#641,#655,#660,.T.) ;
#676=EDGE_CURVE('',#673,#675,#671,.T.) ;
#683=EDGE_CURVE('',#682,#673,#680,.T.) ;
#690=EDGE_CURVE('',#689,#682,#687,.T.) ;
#695=EDGE_CURVE('',#675,#689,#694,.T.) ;
#710=EDGE_CURVE('',#707,#709,#705,.T.) ;
#717=EDGE_CURVE('',#716,#707,#714,.T.) ;
#724=EDGE_CURVE('',#723,#716,#721,.T.) ;
#729=EDGE_CURVE('',#709,#723,#728,.T.) ;
#744=EDGE_CURVE('',#741,#743,#739,.T.) ;
#751=EDGE_CURVE('',#750,#741,#748,.T.) ;
#758=EDGE_CURVE('',#757,#750,#755,.T.) ;
#763=EDGE_CURVE('',#743,#757,#762,.T.) ;
#778=EDGE_CURVE('',#775,#777,#773,.T.) ;
#785=EDGE_CURVE('',#784,#775,#782,.T.) ;
#792=EDGE_CURVE('',#791,#784,#789,.T.) ;
#797=EDGE_CURVE('',#777,#791,#796,.T.) ;
#812=EDGE_CURVE('',#809,#811,#807,.T.) ;
#819=EDGE_CURVE('',#818,#811,#816,.T.) ;
#826=EDGE_CURVE('',#825,#818,#823,.T.) ;
#831=EDGE_CURVE('',#825,#809,#830,.T.) ;
#846=EDGE_CURVE('',#843,#845,#841,.T.) ;
#853=EDGE_CURVE('',#852,#845,#850,.T.) ;
#860=EDGE_CURVE('',#859,#852,#857,.T.) ;
#865=EDGE_CURVE('',#859,#843,#864,.T.) ;
#880=EDGE_CURVE('',#877,#879,#875,.T.) ;
#887=EDGE_CURVE('',#886,#879,#884,.T.) ;
#894=EDGE_CURVE('',#893,#886,#891,.T.) ;
#899=EDGE_CURVE('',#893,#877,#898,.T.) ;
#914=EDGE_CURVE('',#911,#913,#909,.T.) ;
#921=EDGE_CURVE('',#920,#913,#918,.T.) ;
#928=EDGE_CURVE('',#927,#920,#925,.T.) ;
#933=EDGE_CURVE('',#927,#911,#932,.T.) ;
#948=EDGE_CURVE('',#945,#947,#943,.T.) ;
#955=EDGE_CURVE('',#954,#945,#952,.T.) ;
#962=EDGE_CURVE('',#961,#954,#959,.T.) ;
#967=EDGE_CURVE('',#947,#961,#966,.T.) ;
#996=EDGE_CURVE('',#993,#995,#991,.T.) ;
#1001=EDGE_CURVE('',#41,#993,#1000,.T.) ;
#1006=EDGE_CURVE('',#43,#995,#1005,.T.) ;
#1026=EDGE_CURVE('',#1025,#993,#1023,.T.) ;
#1031=EDGE_CURVE('',#50,#1025,#1030,.T.) ;
#1051=EDGE_CURVE('',#1050,#1025,#1048,.T.) ;
#1056=EDGE_CURVE('',#57,#1050,#1055,.T.) ;
#1076=EDGE_CURVE('',#1075,#1050,#1073,.T.) ;
#1081=EDGE_CURVE('',#64,#1075,#1080,.T.) ;
#1101=EDGE_CURVE('',#1100,#1075,#1098,.T.) ;
#1106=EDGE_CURVE('',#71,#1100,#1105,.T.) ;
#1126=EDGE_CURVE('',#1125,#1100,#1123,.T.) ;
#1131=EDGE_CURVE('',#78,#1125,#1130,.T.) ;
#1151=EDGE_CURVE('',#1150,#1125,#1148,.T.) ;
#1156=EDGE_CURVE('',#85,#1150,#1155,.T.) ;
#1176=EDGE_CURVE('',#1175,#1150,#1173,.T.) ;
#1181=EDGE_CURVE('',#92,#1175,#1180,.T.) ;
#1201=EDGE_CURVE('',#1200,#1175,#1198,.T.) ;
#1206=EDGE_CURVE('',#99,#1200,#1205,.T.) ;
#1226=EDGE_CURVE('',#1225,#1200,#1223,.T.) ;
#1231=EDGE_CURVE('',#106,#1225,#1230,.T.) ;
#1251=EDGE_CURVE('',#1250,#1225,#1248,.T.) ;
#1256=EDGE_CURVE('',#113,#1250,#1255,.T.) ;
#1276=EDGE_CURVE('',#1275,#1250,#1273,.T.) ;
#1281=EDGE_CURVE('',#120,#1275,#1280,.T.) ;
#1301=EDGE_CURVE('',#1300,#1275,#1298,.T.) ;
#1306=EDGE_CURVE('',#127,#1300,#1305,.T.) ;
#1326=EDGE_CURVE('',#1325,#1300,#1323,.T.) ;
#1331=EDGE_CURVE('',#134,#1325,#1330,.T.) ;
#1351=EDGE_CURVE('',#1350,#1325,#1348,.T.) ;
#1356=EDGE_CURVE('',#141,#1350,#1355,.T.) ;
#1376=EDGE_CURVE('',#1375,#1350,#1373,.T.) ;
#1381=EDGE_CURVE('',#148,#1375,#1380,.T.) ;
#1401=EDGE_CURVE('',#1400,#1375,#1398,.T.) ;
#1406=EDGE_CURVE('',#155,#1400,#1405,.T.) ;
#1426=EDGE_CURVE('',#1425,#1400,#1423,.T.) ;
#1431=EDGE_CURVE('',#162,#1425,#1430,.T.) ;
#1451=EDGE_CURVE('',#1450,#1425,#1448,.T.) ;
#1456=EDGE_CURVE('',#169,#1450,#1455,.T.) ;
#1476=EDGE_CURVE('',#1475,#1450,#1473,.T.) ;
#1481=EDGE_CURVE('',#176,#1475,#1480,.T.) ;
#1501=EDGE_CURVE('',#1500,#1475,#1498,.T.) ;
#1506=EDGE_CURVE('',#183,#1500,#1505,.T.) ;
#1526=EDGE_CURVE('',#1525,#1500,#1523,.T.) ;
#1531=EDGE_CURVE('',#190,#1525,#1530,.T.) ;
#1551=EDGE_CURVE('',#1550,#1525,#1548,.T.) ;
#1556=EDGE_CURVE('',#197,#1550,#1555,.T.) ;
#1576=EDGE_CURVE('',#1575,#1550,#1573,.T.) ;
#1581=EDGE_CURVE('',#204,#1575,#1580,.T.) ;
#1601=EDGE_CURVE('',#1600,#1575,#1598,.T.) ;
#1606=EDGE_CURVE('',#211,#1600,#1605,.T.) ;
#1626=EDGE_CURVE('',#1625,#1600,#1623,.T.) ;
#1631=EDGE_CURVE('',#218,#1625,#1630,.T.) ;
#1651=EDGE_CURVE('',#1650,#1625,#1648,.T.) ;
#1656=EDGE_CURVE('',#225,#1650,#1655,.T.) ;
#1676=EDGE_CURVE('',#1675,#1650,#1673,.T.) ;
#1681=EDGE_CURVE('',#232,#1675,#1680,.T.) ;
#1701=EDGE_CURVE('',#1700,#1675,#1698,.T.) ;
#1706=EDGE_CURVE('',#239,#1700,#1705,.T.) ;
#1726=EDGE_CURVE('',#1725,#1700,#1723,.T.) ;
#1731=EDGE_CURVE('',#246,#1725,#1730,.T.) ;
#1751=EDGE_CURVE('',#1750,#1725,#1748,.T.) ;
#1756=EDGE_CURVE('',#253,#1750,#1755,.T.) ;
#1774=EDGE_CURVE('',#995,#1750,#1773,.T.) ;
#1794=EDGE_CURVE('',#301,#1793,#1791,.T.) ;
#1801=EDGE_CURVE('',#1800,#1793,#1798,.T.) ;
#1806=EDGE_CURVE('',#299,#1800,#1805,.T.) ;
#1826=EDGE_CURVE('',#1825,#1800,#1823,.T.) ;
#1831=EDGE_CURVE('',#308,#1825,#1830,.T.) ;
#1851=EDGE_CURVE('',#1850,#1825,#1848,.T.) ;
#1856=EDGE_CURVE('',#315,#1850,#1855,.T.) ;
#1874=EDGE_CURVE('',#1793,#1850,#1873,.T.) ;
#1894=EDGE_CURVE('',#335,#1893,#1891,.T.) ;
#1901=EDGE_CURVE('',#1900,#1893,#1898,.T.) ;
#1906=EDGE_CURVE('',#333,#1900,#1905,.T.) ;
#1926=EDGE_CURVE('',#1925,#1900,#1923,.T.) ;
#1931=EDGE_CURVE('',#342,#1925,#1930,.T.) ;
#1951=EDGE_CURVE('',#1950,#1925,#1948,.T.) ;
#1956=EDGE_CURVE('',#349,#1950,#1955,.T.) ;
#1974=EDGE_CURVE('',#1893,#1950,#1973,.T.) ;
#1994=EDGE_CURVE('',#369,#1993,#1991,.T.) ;
#2001=EDGE_CURVE('',#2000,#1993,#1998,.T.) ;
#2006=EDGE_CURVE('',#367,#2000,#2005,.T.) ;
#2026=EDGE_CURVE('',#2025,#2000,#2023,.T.) ;
#2031=EDGE_CURVE('',#376,#2025,#2030,.T.) ;
#2051=EDGE_CURVE('',#2050,#2025,#2048,.T.) ;
#2056=EDGE_CURVE('',#383,#2050,#2055,.T.) ;
#2074=EDGE_CURVE('',#1993,#2050,#2073,.T.) ;
#2094=EDGE_CURVE('',#403,#2093,#2091,.T.) ;
#2101=EDGE_CURVE('',#2100,#2093,#2098,.T.) ;
#2106=EDGE_CURVE('',#401,#2100,#2105,.T.) ;
#2126=EDGE_CURVE('',#2125,#2100,#2123,.T.) ;
#2131=EDGE_CURVE('',#410,#2125,#2130,.T.) ;
#2151=EDGE_CURVE('',#2150,#2125,#2148,.T.) ;
#2156=EDGE_CURVE('',#417,#2150,#2155,.T.) ;
#2174=EDGE_CURVE('',#2093,#2150,#2173,.T.) ;
#2194=EDGE_CURVE('',#437,#2193,#2191,.T.) ;
#2201=EDGE_CURVE('',#2200,#2193,#2198,.T.) ;
#2206=EDGE_CURVE('',#435,#2200,#2205,.T.) ;
#2226=EDGE_CURVE('',#2225,#2200,#2223,.T.) ;
#2231=EDGE_CURVE('',#444,#2225,#2230,.T.) ;
#2251=EDGE_CURVE('',#2250,#2225,#2248,.T.) ;
#2256=EDGE_CURVE('',#451,#2250,#2255,.T.) ;
#2274=EDGE_CURVE('',#2193,#2250,#2273,.T.) ;
#2294=EDGE_CURVE('',#471,#2293,#2291,.T.) ;
#2301=EDGE_CURVE('',#2300,#2293,#2298,.T.) ;
#2306=EDGE_CURVE('',#469,#2300,#2305,.T.) ;
#2326=EDGE_CURVE('',#2325,#2300,#2323,.T.) ;
#2331=EDGE_CURVE('',#478,#2325,#2330,.T.) ;
#2351=EDGE_CURVE('',#2350,#2325,#2348,.T.) ;
#2356=EDGE_CURVE('',#485,#2350,#2355,.T.) ;
#2374=EDGE_CURVE('',#2293,#2350,#2373,.T.) ;
#2394=EDGE_CURVE('',#505,#2393,#2391,.T.) ;
#2401=EDGE_CURVE('',#2400,#2393,#2398,.T.) ;
#2406=EDGE_CURVE('',#503,#2400,#2405,.T.) ;
#2426=EDGE_CURVE('',#2425,#2400,#2423,.T.) ;
#2431=EDGE_CURVE('',#512,#2425,#2430,.T.) ;
#2451=EDGE_CURVE('',#2450,#2425,#2448,.T.) ;
#2456=EDGE_CURVE('',#519,#2450,#2455,.T.) ;
#2474=EDGE_CURVE('',#2393,#2450,#2473,.T.) ;
#2494=EDGE_CURVE('',#539,#2493,#2491,.T.) ;
#2501=EDGE_CURVE('',#2500,#2493,#2498,.T.) ;
#2506=EDGE_CURVE('',#537,#2500,#2505,.T.) ;
#2526=EDGE_CURVE('',#2525,#2500,#2523,.T.) ;
#2531=EDGE_CURVE('',#546,#2525,#2530,.T.) ;
#2551=EDGE_CURVE('',#2550,#2525,#2548,.T.) ;
#2556=EDGE_CURVE('',#553,#2550,#2555,.T.) ;
#2574=EDGE_CURVE('',#2493,#2550,#2573,.T.) ;
#2594=EDGE_CURVE('',#573,#2593,#2591,.T.) ;
#2601=EDGE_CURVE('',#2600,#2593,#2598,.T.) ;
#2606=EDGE_CURVE('',#571,#2600,#2605,.T.) ;
#2626=EDGE_CURVE('',#2625,#2600,#2623,.T.) ;
#2631=EDGE_CURVE('',#580,#2625,#2630,.T.) ;
#2651=EDGE_CURVE('',#2650,#2625,#2648,.T.) ;
#2656=EDGE_CURVE('',#587,#2650,#2655,.T.) ;
#2674=EDGE_CURVE('',#2593,#2650,#2673,.T.) ;
#2694=EDGE_CURVE('',#607,#2693,#2691,.T.) ;
#2701=EDGE_CURVE('',#2700,#2693,#2698,.T.) ;
#2706=EDGE_CURVE('',#605,#2700,#2705,.T.) ;
#2726=EDGE_CURVE('',#2725,#2700,#2723,.T.) ;
#2731=EDGE_CURVE('',#614,#2725,#2730,.T.) ;
#2751=EDGE_CURVE('',#2750,#2725,#2748,.T.) ;
#2756=EDGE_CURVE('',#621,#2750,#2755,.T.) ;
#2774=EDGE_CURVE('',#2693,#2750,#2773,.T.) ;
#2794=EDGE_CURVE('',#641,#2793,#2791,.T.) ;
#2801=EDGE_CURVE('',#2800,#2793,#2798,.T.) ;
#2806=EDGE_CURVE('',#639,#2800,#2805,.T.) ;
#2826=EDGE_CURVE('',#2825,#2800,#2823,.T.) ;
#2831=EDGE_CURVE('',#648,#2825,#2830,.T.) ;
#2851=EDGE_CURVE('',#2850,#2825,#2848,.T.) ;
#2856=EDGE_CURVE('',#655,#2850,#2855,.T.) ;
#2874=EDGE_CURVE('',#2793,#2850,#2873,.T.) ;
#2894=EDGE_CURVE('',#675,#2893,#2891,.T.) ;
#2901=EDGE_CURVE('',#2900,#2893,#2898,.T.) ;
#2906=EDGE_CURVE('',#673,#2900,#2905,.T.) ;
#2926=EDGE_CURVE('',#2925,#2900,#2923,.T.) ;
#2931=EDGE_CURVE('',#682,#2925,#2930,.T.) ;
#2951=EDGE_CURVE('',#2950,#2925,#2948,.T.) ;
#2956=EDGE_CURVE('',#689,#2950,#2955,.T.) ;
#2974=EDGE_CURVE('',#2893,#2950,#2973,.T.) ;
#2994=EDGE_CURVE('',#709,#2993,#2991,.T.) ;
#3001=EDGE_CURVE('',#3000,#2993,#2998,.T.) ;
#3006=EDGE_CURVE('',#707,#3000,#3005,.T.) ;
#3026=EDGE_CURVE('',#3025,#3000,#3023,.T.) ;
#3031=EDGE_CURVE('',#716,#3025,#3030,.T.) ;
#3051=EDGE_CURVE('',#3050,#3025,#3048,.T.) ;
#3056=EDGE_CURVE('',#723,#3050,#3055,.T.) ;
#3074=EDGE_CURVE('',#2993,#3050,#3073,.T.) ;
#3094=EDGE_CURVE('',#743,#3093,#3091,.T.) ;
#3101=EDGE_CURVE('',#3100,#3093,#3098,.T.) ;
#3106=EDGE_CURVE('',#741,#3100,#3105,.T.) ;
#3126=EDGE_CURVE('',#3125,#3100,#3123,.T.) ;
#3131=EDGE_CURVE('',#750,#3125,#3130,.T.) ;
#3151=EDGE_CURVE('',#3150,#3125,#3148,.T.) ;
#3156=EDGE_CURVE('',#757,#3150,#3155,.T.) ;
#3174=EDGE_CURVE('',#3093,#3150,#3173,.T.) ;
#3194=EDGE_CURVE('',#777,#3193,#3191,.T.) ;
#3201=EDGE_CURVE('',#3200,#3193,#3198,.T.) ;
#3206=EDGE_CURVE('',#775,#3200,#3205,.T.) ;
#3226=EDGE_CURVE('',#3225,#3200,#3223,.T.) ;
#3231=EDGE_CURVE('',#784,#3225,#3230,.T.) ;
#3251=EDGE_CURVE('',#3250,#3225,#3248,.T.) ;
#3256=EDGE_CURVE('',#791,#3250,#3255,.T.) ;
#3274=EDGE_CURVE('',#3193,#3250,#3273,.T.) ;
#3294=EDGE_CURVE('',#811,#3293,#3291,.T.) ;
#3301=EDGE_CURVE('',#809,#3300,#3298,.T.) ;
#3306=EDGE_CURVE('',#3293,#3300,#3305,.T.) ;
#3333=EDGE_CURVE('',#3332,#818,#3330,.T.) ;
#3338=EDGE_CURVE('',#3293,#3332,#3337,.T.) ;
#3358=EDGE_CURVE('',#3357,#825,#3355,.T.) ;
#3363=EDGE_CURVE('',#3332,#3357,#3362,.T.) ;
#3381=EDGE_CURVE('',#3357,#3300,#3380,.T.) ;
#3401=EDGE_CURVE('',#845,#3400,#3398,.T.) ;
#3408=EDGE_CURVE('',#843,#3407,#3405,.T.) ;
#3413=EDGE_CURVE('',#3400,#3407,#3412,.T.) ;
#3433=EDGE_CURVE('',#3432,#852,#3430,.T.) ;
#3438=EDGE_CURVE('',#3400,#3432,#3437,.T.) ;
#3458=EDGE_CURVE('',#3457,#859,#3455,.T.) ;
#3463=EDGE_CURVE('',#3432,#3457,#3462,.T.) ;
#3481=EDGE_CURVE('',#3457,#3407,#3480,.T.) ;
#3501=EDGE_CURVE('',#879,#3500,#3498,.T.) ;
#3508=EDGE_CURVE('',#877,#3507,#3505,.T.) ;
#3513=EDGE_CURVE('',#3500,#3507,#3512,.T.) ;
#3533=EDGE_CURVE('',#3532,#886,#3530,.T.) ;
#3538=EDGE_CURVE('',#3500,#3532,#3537,.T.) ;
#3558=EDGE_CURVE('',#3557,#893,#3555,.T.) ;
#3563=EDGE_CURVE('',#3532,#3557,#3562,.T.) ;
#3581=EDGE_CURVE('',#3557,#3507,#3580,.T.) ;
#3601=EDGE_CURVE('',#913,#3600,#3598,.T.) ;
#3608=EDGE_CURVE('',#911,#3607,#3605,.T.) ;
#3613=EDGE_CURVE('',#3600,#3607,#3612,.T.) ;
#3633=EDGE_CURVE('',#3632,#920,#3630,.T.) ;
#3638=EDGE_CURVE('',#3600,#3632,#3637,.T.) ;
#3658=EDGE_CURVE('',#3657,#927,#3655,.T.) ;
#3663=EDGE_CURVE('',#3632,#3657,#3662,.T.) ;
#3681=EDGE_CURVE('',#3657,#3607,#3680,.T.) ;
#3701=EDGE_CURVE('',#947,#3700,#3698,.T.) ;
#3708=EDGE_CURVE('',#3707,#3700,#3705,.T.) ;
#3713=EDGE_CURVE('',#945,#3707,#3712,.T.) ;
#3733=EDGE_CURVE('',#3732,#3707,#3730,.T.) ;
#3738=EDGE_CURVE('',#954,#3732,#3737,.T.) ;
#3758=EDGE_CURVE('',#3757,#3732,#3755,.T.) ;
#3763=EDGE_CURVE('',#961,#3757,#3762,.T.) ;
#3781=EDGE_CURVE('',#3700,#3757,#3780,.T.) ;
#3837=EDGE_CURVE('',#3834,#3836,#3832,.T.) ;
#3844=EDGE_CURVE('',#3836,#3843,#3841,.T.) ;
#3851=EDGE_CURVE('',#3850,#3843,#3848,.T.) ;
#3856=EDGE_CURVE('',#3834,#3850,#3855,.T.) ;
#3871=EDGE_CURVE('',#3868,#3870,#3866,.T.) ;
#3878=EDGE_CURVE('',#3870,#3877,#3875,.T.) ;
#3885=EDGE_CURVE('',#3884,#3877,#3882,.T.) ;
#3890=EDGE_CURVE('',#3868,#3884,#3889,.T.) ;
#3905=EDGE_CURVE('',#3902,#3904,#3900,.T.) ;
#3912=EDGE_CURVE('',#3904,#3911,#3909,.T.) ;
#3919=EDGE_CURVE('',#3918,#3911,#3916,.T.) ;
#3924=EDGE_CURVE('',#3902,#3918,#3923,.T.) ;
#3939=EDGE_CURVE('',#3936,#3938,#3934,.T.) ;
#3946=EDGE_CURVE('',#3938,#3945,#3943,.T.) ;
#3953=EDGE_CURVE('',#3952,#3945,#3950,.T.) ;
#3958=EDGE_CURVE('',#3936,#3952,#3957,.T.) ;
#4173=EDGE_CURVE('',#4172,#3300,#4170,.T.) ;
#4180=EDGE_CURVE('',#4179,#4172,#4177,.T.) ;
#4185=EDGE_CURVE('',#4179,#3293,#4184,.T.) ;
#4205=EDGE_CURVE('',#4204,#3332,#4202,.T.) ;
#4210=EDGE_CURVE('',#4179,#4204,#4209,.T.) ;
#4230=EDGE_CURVE('',#4204,#4229,#4227,.T.) ;
#4235=EDGE_CURVE('',#4229,#3357,#4234,.T.) ;
#4253=EDGE_CURVE('',#4229,#4172,#4252,.T.) ;
#4273=EDGE_CURVE('',#4272,#3407,#4270,.T.) ;
#4280=EDGE_CURVE('',#4279,#4272,#4277,.T.) ;
#4285=EDGE_CURVE('',#4279,#3400,#4284,.T.) ;
#4305=EDGE_CURVE('',#3432,#4304,#4302,.T.) ;
#4310=EDGE_CURVE('',#4279,#4304,#4309,.T.) ;
#4330=EDGE_CURVE('',#4304,#4329,#4327,.T.) ;
#4335=EDGE_CURVE('',#4329,#3457,#4334,.T.) ;
#4353=EDGE_CURVE('',#4329,#4272,#4352,.T.) ;
#4373=EDGE_CURVE('',#4372,#3507,#4370,.T.) ;
#4380=EDGE_CURVE('',#4379,#4372,#4377,.T.) ;
#4385=EDGE_CURVE('',#4379,#3500,#4384,.T.) ;
#4405=EDGE_CURVE('',#3532,#4404,#4402,.T.) ;
#4410=EDGE_CURVE('',#4379,#4404,#4409,.T.) ;
#4430=EDGE_CURVE('',#4404,#4429,#4427,.T.) ;
#4435=EDGE_CURVE('',#4429,#3557,#4434,.T.) ;
#4453=EDGE_CURVE('',#4429,#4372,#4452,.T.) ;
#4473=EDGE_CURVE('',#4472,#3607,#4470,.T.) ;
#4480=EDGE_CURVE('',#4479,#4472,#4477,.T.) ;
#4485=EDGE_CURVE('',#4479,#3600,#4484,.T.) ;
#4505=EDGE_CURVE('',#3632,#4504,#4502,.T.) ;
#4510=EDGE_CURVE('',#4479,#4504,#4509,.T.) ;
#4530=EDGE_CURVE('',#4504,#4529,#4527,.T.) ;
#4535=EDGE_CURVE('',#4529,#3657,#4534,.T.) ;
#4553=EDGE_CURVE('',#4529,#4472,#4552,.T.) ;
#4586=EDGE_CURVE('',#3836,#4585,#4583,.T.) ;
#4593=EDGE_CURVE('',#3834,#4592,#4590,.T.) ;
#4598=EDGE_CURVE('',#4585,#4592,#4597,.T.) ;
#4618=EDGE_CURVE('',#4617,#3843,#4615,.T.) ;
#4623=EDGE_CURVE('',#4585,#4617,#4622,.T.) ;
#4643=EDGE_CURVE('',#4642,#3850,#4640,.T.) ;
#4648=EDGE_CURVE('',#4617,#4642,#4647,.T.) ;
#4666=EDGE_CURVE('',#4642,#4592,#4665,.T.) ;
#4686=EDGE_CURVE('',#3870,#4685,#4683,.T.) ;
#4693=EDGE_CURVE('',#3868,#4692,#4690,.T.) ;
#4698=EDGE_CURVE('',#4685,#4692,#4697,.T.) ;
#4718=EDGE_CURVE('',#4717,#3877,#4715,.T.) ;
#4723=EDGE_CURVE('',#4685,#4717,#4722,.T.) ;
#4743=EDGE_CURVE('',#4742,#3884,#4740,.T.) ;
#4748=EDGE_CURVE('',#4717,#4742,#4747,.T.) ;
#4766=EDGE_CURVE('',#4742,#4692,#4765,.T.) ;
#4786=EDGE_CURVE('',#3904,#4785,#4783,.T.) ;
#4793=EDGE_CURVE('',#3902,#4792,#4790,.T.) ;
#4798=EDGE_CURVE('',#4785,#4792,#4797,.T.) ;
#4818=EDGE_CURVE('',#4817,#3911,#4815,.T.) ;
#4823=EDGE_CURVE('',#4785,#4817,#4822,.T.) ;
#4843=EDGE_CURVE('',#4842,#3918,#4840,.T.) ;
#4848=EDGE_CURVE('',#4817,#4842,#4847,.T.) ;
#4866=EDGE_CURVE('',#4842,#4792,#4865,.T.) ;
#4886=EDGE_CURVE('',#3938,#4885,#4883,.T.) ;
#4893=EDGE_CURVE('',#3936,#4892,#4890,.T.) ;
#4898=EDGE_CURVE('',#4885,#4892,#4897,.T.) ;
#4918=EDGE_CURVE('',#4917,#3945,#4915,.T.) ;
#4923=EDGE_CURVE('',#4885,#4917,#4922,.T.) ;
#4943=EDGE_CURVE('',#4942,#3952,#4940,.T.) ;
#4948=EDGE_CURVE('',#4917,#4942,#4947,.T.) ;
#4966=EDGE_CURVE('',#4942,#4892,#4965,.T.) ;
#5038=EDGE_CURVE('',#5037,#4585,#5035,.T.) ;
#5045=EDGE_CURVE('',#4592,#5044,#5042,.T.) ;
#5050=EDGE_CURVE('',#5037,#5044,#5049,.T.) ;
#5070=EDGE_CURVE('',#4617,#5069,#5067,.T.) ;
#5075=EDGE_CURVE('',#5037,#5069,#5074,.T.) ;
#5095=EDGE_CURVE('',#5069,#5094,#5092,.T.) ;
#5100=EDGE_CURVE('',#5094,#4642,#5099,.T.) ;
#5118=EDGE_CURVE('',#5094,#5044,#5117,.T.) ;
#5138=EDGE_CURVE('',#5137,#4685,#5135,.T.) ;
#5145=EDGE_CURVE('',#4692,#5144,#5142,.T.) ;
#5150=EDGE_CURVE('',#5137,#5144,#5149,.T.) ;
#5170=EDGE_CURVE('',#4717,#5169,#5167,.T.) ;
#5175=EDGE_CURVE('',#5137,#5169,#5174,.T.) ;
#5195=EDGE_CURVE('',#5169,#5194,#5192,.T.) ;
#5200=EDGE_CURVE('',#5194,#4742,#5199,.T.) ;
#5218=EDGE_CURVE('',#5194,#5144,#5217,.T.) ;
#5238=EDGE_CURVE('',#5237,#4785,#5235,.T.) ;
#5245=EDGE_CURVE('',#4792,#5244,#5242,.T.) ;
#5250=EDGE_CURVE('',#5237,#5244,#5249,.T.) ;
#5270=EDGE_CURVE('',#4817,#5269,#5267,.T.) ;
#5275=EDGE_CURVE('',#5237,#5269,#5274,.T.) ;
#5295=EDGE_CURVE('',#5269,#5294,#5292,.T.) ;
#5300=EDGE_CURVE('',#5294,#4842,#5299,.T.) ;
#5318=EDGE_CURVE('',#5294,#5244,#5317,.T.) ;
#5338=EDGE_CURVE('',#5337,#4885,#5335,.T.) ;
#5345=EDGE_CURVE('',#4892,#5344,#5342,.T.) ;
#5350=EDGE_CURVE('',#5337,#5344,#5349,.T.) ;
#5370=EDGE_CURVE('',#4917,#5369,#5367,.T.) ;
#5375=EDGE_CURVE('',#5337,#5369,#5374,.T.) ;
#5395=EDGE_CURVE('',#5369,#5394,#5392,.T.) ;
#5400=EDGE_CURVE('',#5394,#4942,#5399,.T.) ;
#5418=EDGE_CURVE('',#5394,#5344,#5417,.T.) ;
#260=EDGE_LOOP('',(#261,#262,#263,#264,#265,#266,#267,#268,#269,#270,#271,#272,#273,#274,#275,#276,#277,#278,#279,#280,#281,#282,#283,#284,#285,#286,#287,#288,#289,#290,#291,#292)) ;
#322=EDGE_LOOP('',(#323,#324,#325,#326)) ;
#356=EDGE_LOOP('',(#357,#358,#359,#360)) ;
#390=EDGE_LOOP('',(#391,#392,#393,#394)) ;
#424=EDGE_LOOP('',(#425,#426,#427,#428)) ;
#458=EDGE_LOOP('',(#459,#460,#461,#462)) ;
#492=EDGE_LOOP('',(#493,#494,#495,#496)) ;
#526=EDGE_LOOP('',(#527,#528,#529,#530)) ;
#560=EDGE_LOOP('',(#561,#562,#563,#564)) ;
#594=EDGE_LOOP('',(#595,#596,#597,#598)) ;
#628=EDGE_LOOP('',(#629,#630,#631,#632)) ;
#662=EDGE_LOOP('',(#663,#664,#665,#666)) ;
#696=EDGE_LOOP('',(#697,#698,#699,#700)) ;
#730=EDGE_LOOP('',(#731,#732,#733,#734)) ;
#764=EDGE_LOOP('',(#765,#766,#767,#768)) ;
#798=EDGE_LOOP('',(#799,#800,#801,#802)) ;
#832=EDGE_LOOP('',(#833,#834,#835,#836)) ;
#866=EDGE_LOOP('',(#867,#868,#869,#870)) ;
#900=EDGE_LOOP('',(#901,#902,#903,#904)) ;
#934=EDGE_LOOP('',(#935,#936,#937,#938)) ;
#968=EDGE_LOOP('',(#969,#970,#971,#972)) ;
#1007=EDGE_LOOP('',(#1008,#1009,#1010,#1011)) ;
#1032=EDGE_LOOP('',(#1033,#1034,#1035,#1036)) ;
#1057=EDGE_LOOP('',(#1058,#1059,#1060,#1061)) ;
#1082=EDGE_LOOP('',(#1083,#1084,#1085,#1086)) ;
#1107=EDGE_LOOP('',(#1108,#1109,#1110,#1111)) ;
#1132=EDGE_LOOP('',(#1133,#1134,#1135,#1136)) ;
#1157=EDGE_LOOP('',(#1158,#1159,#1160,#1161)) ;
#1182=EDGE_LOOP('',(#1183,#1184,#1185,#1186)) ;
#1207=EDGE_LOOP('',(#1208,#1209,#1210,#1211)) ;
#1232=EDGE_LOOP('',(#1233,#1234,#1235,#1236)) ;
#1257=EDGE_LOOP('',(#1258,#1259,#1260,#1261)) ;
#1282=EDGE_LOOP('',(#1283,#1284,#1285,#1286)) ;
#1307=EDGE_LOOP('',(#1308,#1309,#1310,#1311)) ;
#1332=EDGE_LOOP('',(#1333,#1334,#1335,#1336)) ;
#1357=EDGE_LOOP('',(#1358,#1359,#1360,#1361)) ;
#1382=EDGE_LOOP('',(#1383,#1384,#1385,#1386)) ;
#1407=EDGE_LOOP('',(#1408,#1409,#1410,#1411)) ;
#1432=EDGE_LOOP('',(#1433,#1434,#1435,#1436)) ;
#1457=EDGE_LOOP('',(#1458,#1459,#1460,#1461)) ;
#1482=EDGE_LOOP('',(#1483,#1484,#1485,#1486)) ;
#1507=EDGE_LOOP('',(#1508,#1509,#1510,#1511)) ;
#1532=EDGE_LOOP('',(#1533,#1534,#1535,#1536)) ;
#1557=EDGE_LOOP('',(#1558,#1559,#1560,#1561)) ;
#1582=EDGE_LOOP('',(#1583,#1584,#1585,#1586)) ;
#1607=EDGE_LOOP('',(#1608,#1609,#1610,#1611)) ;
#1632=EDGE_LOOP('',(#1633,#1634,#1635,#1636)) ;
#1657=EDGE_LOOP('',(#1658,#1659,#1660,#1661)) ;
#1682=EDGE_LOOP('',(#1683,#1684,#1685,#1686)) ;
#1707=EDGE_LOOP('',(#1708,#1709,#1710,#1711)) ;
#1732=EDGE_LOOP('',(#1733,#1734,#1735,#1736)) ;
#1757=EDGE_LOOP('',(#1758,#1759,#1760,#1761)) ;
#1775=EDGE_LOOP('',(#1776,#1777,#1778,#1779)) ;
#1807=EDGE_LOOP('',(#1808,#1809,#1810,#1811)) ;
#1832=EDGE_LOOP('',(#1833,#1834,#1835,#1836)) ;
#1857=EDGE_LOOP('',(#1858,#1859,#1860,#1861)) ;
#1875=EDGE_LOOP('',(#1876,#1877,#1878,#1879)) ;
#1907=EDGE_LOOP('',(#1908,#1909,#1910,#1911)) ;
#1932=EDGE_LOOP('',(#1933,#1934,#1935,#1936)) ;
#1957=EDGE_LOOP('',(#1958,#1959,#1960,#1961)) ;
#1975=EDGE_LOOP('',(#1976,#1977,#1978,#1979)) ;
#2007=EDGE_LOOP('',(#2008,#2009,#2010,#2011)) ;
#2032=EDGE_LOOP('',(#2033,#2034,#2035,#2036)) ;
#2057=EDGE_LOOP('',(#2058,#2059,#2060,#2061)) ;
#2075=EDGE_LOOP('',(#2076,#2077,#2078,#2079)) ;
#2107=EDGE_LOOP('',(#2108,#2109,#2110,#2111)) ;
#2132=EDGE_LOOP('',(#2133,#2134,#2135,#2136)) ;
#2157=EDGE_LOOP('',(#2158,#2159,#2160,#2161)) ;
#2175=EDGE_LOOP('',(#2176,#2177,#2178,#2179)) ;
#2207=EDGE_LOOP('',(#2208,#2209,#2210,#2211)) ;
#2232=EDGE_LOOP('',(#2233,#2234,#2235,#2236)) ;
#2257=EDGE_LOOP('',(#2258,#2259,#2260,#2261)) ;
#2275=EDGE_LOOP('',(#2276,#2277,#2278,#2279)) ;
#2307=EDGE_LOOP('',(#2308,#2309,#2310,#2311)) ;
#2332=EDGE_LOOP('',(#2333,#2334,#2335,#2336)) ;
#2357=EDGE_LOOP('',(#2358,#2359,#2360,#2361)) ;
#2375=EDGE_LOOP('',(#2376,#2377,#2378,#2379)) ;
#2407=EDGE_LOOP('',(#2408,#2409,#2410,#2411)) ;
#2432=EDGE_LOOP('',(#2433,#2434,#2435,#2436)) ;
#2457=EDGE_LOOP('',(#2458,#2459,#2460,#2461)) ;
#2475=EDGE_LOOP('',(#2476,#2477,#2478,#2479)) ;
#2507=EDGE_LOOP('',(#2508,#2509,#2510,#2511)) ;
#2532=EDGE_LOOP('',(#2533,#2534,#2535,#2536)) ;
#2557=EDGE_LOOP('',(#2558,#2559,#2560,#2561)) ;
#2575=EDGE_LOOP('',(#2576,#2577,#2578,#2579)) ;
#2607=EDGE_LOOP('',(#2608,#2609,#2610,#2611)) ;
#2632=EDGE_LOOP('',(#2633,#2634,#2635,#2636)) ;
#2657=EDGE_LOOP('',(#2658,#2659,#2660,#2661)) ;
#2675=EDGE_LOOP('',(#2676,#2677,#2678,#2679)) ;
#2707=EDGE_LOOP('',(#2708,#2709,#2710,#2711)) ;
#2732=EDGE_LOOP('',(#2733,#2734,#2735,#2736)) ;
#2757=EDGE_LOOP('',(#2758,#2759,#2760,#2761)) ;
#2775=EDGE_LOOP('',(#2776,#2777,#2778,#2779)) ;
#2807=EDGE_LOOP('',(#2808,#2809,#2810,#2811)) ;
#2832=EDGE_LOOP('',(#2833,#2834,#2835,#2836)) ;
#2857=EDGE_LOOP('',(#2858,#2859,#2860,#2861)) ;
#2875=EDGE_LOOP('',(#2876,#2877,#2878,#2879)) ;
#2907=EDGE_LOOP('',(#2908,#2909,#2910,#2911)) ;
#2932=EDGE_LOOP('',(#2933,#2934,#2935,#2936)) ;
#2957=EDGE_LOOP('',(#2958,#2959,#2960,#2961)) ;
#2975=EDGE_LOOP('',(#2976,#2977,#2978,#2979)) ;
#3007=EDGE_LOOP('',(#3008,#3009,#3010,#3011)) ;
#3032=EDGE_LOOP('',(#3033,#3034,#3035,#3036)) ;
#3057=EDGE_LOOP('',(#3058,#3059,#3060,#3061)) ;
#3075=EDGE_LOOP('',(#3076,#3077,#3078,#3079)) ;
#3107=EDGE_LOOP('',(#3108,#3109,#3110,#3111)) ;
#3132=EDGE_LOOP('',(#3133,#3134,#3135,#3136)) ;
#3157=EDGE_LOOP('',(#3158,#3159,#3160,#3161)) ;
#3175=EDGE_LOOP('',(#3176,#3177,#3178,#3179)) ;
#3207=EDGE_LOOP('',(#3208,#3209,#3210,#3211)) ;
#3232=EDGE_LOOP('',(#3233,#3234,#3235,#3236)) ;
#3257=EDGE_LOOP('',(#3258,#3259,#3260,#3261)) ;
#3275=EDGE_LOOP('',(#3276,#3277,#3278,#3279)) ;
#3307=EDGE_LOOP('',(#3308,#3309,#3310,#3311)) ;
#3339=EDGE_LOOP('',(#3340,#3341,#3342,#3343)) ;
#3364=EDGE_LOOP('',(#3365,#3366,#3367,#3368)) ;
#3382=EDGE_LOOP('',(#3383,#3384,#3385,#3386)) ;
#3414=EDGE_LOOP('',(#3415,#3416,#3417,#3418)) ;
#3439=EDGE_LOOP('',(#3440,#3441,#3442,#3443)) ;
#3464=EDGE_LOOP('',(#3465,#3466,#3467,#3468)) ;
#3482=EDGE_LOOP('',(#3483,#3484,#3485,#3486)) ;
#3514=EDGE_LOOP('',(#3515,#3516,#3517,#3518)) ;
#3539=EDGE_LOOP('',(#3540,#3541,#3542,#3543)) ;
#3564=EDGE_LOOP('',(#3565,#3566,#3567,#3568)) ;
#3582=EDGE_LOOP('',(#3583,#3584,#3585,#3586)) ;
#3614=EDGE_LOOP('',(#3615,#3616,#3617,#3618)) ;
#3639=EDGE_LOOP('',(#3640,#3641,#3642,#3643)) ;
#3664=EDGE_LOOP('',(#3665,#3666,#3667,#3668)) ;
#3682=EDGE_LOOP('',(#3683,#3684,#3685,#3686)) ;
#3714=EDGE_LOOP('',(#3715,#3716,#3717,#3718)) ;
#3739=EDGE_LOOP('',(#3740,#3741,#3742,#3743)) ;
#3764=EDGE_LOOP('',(#3765,#3766,#3767,#3768)) ;
#3782=EDGE_LOOP('',(#3783,#3784,#3785,#3786)) ;
#3795=EDGE_LOOP('',(#3796,#3797,#3798,#3799,#3800,#3801,#3802,#3803,#3804,#3805,#3806,#3807,#3808,#3809,#3810,#3811,#3812,#3813,#3814,#3815,#3816,#3817,#3818,#3819,#3820,#3821,#3822,#3823,#3824,#3825,#3826,#3827)) ;
#3857=EDGE_LOOP('',(#3858,#3859,#3860,#3861)) ;
#3891=EDGE_LOOP('',(#3892,#3893,#3894,#3895)) ;
#3925=EDGE_LOOP('',(#3926,#3927,#3928,#3929)) ;
#3959=EDGE_LOOP('',(#3960,#3961,#3962,#3963)) ;
#3972=EDGE_LOOP('',(#3973,#3974,#3975,#3976)) ;
#3985=EDGE_LOOP('',(#3986,#3987,#3988,#3989)) ;
#3998=EDGE_LOOP('',(#3999,#4000,#4001,#4002)) ;
#4011=EDGE_LOOP('',(#4012,#4013,#4014,#4015)) ;
#4024=EDGE_LOOP('',(#4025,#4026,#4027,#4028)) ;
#4037=EDGE_LOOP('',(#4038,#4039,#4040,#4041)) ;
#4050=EDGE_LOOP('',(#4051,#4052,#4053,#4054)) ;
#4063=EDGE_LOOP('',(#4064,#4065,#4066,#4067)) ;
#4076=EDGE_LOOP('',(#4077,#4078,#4079,#4080)) ;
#4089=EDGE_LOOP('',(#4090,#4091,#4092,#4093)) ;
#4102=EDGE_LOOP('',(#4103,#4104,#4105,#4106)) ;
#4115=EDGE_LOOP('',(#4116,#4117,#4118,#4119)) ;
#4128=EDGE_LOOP('',(#4129,#4130,#4131,#4132)) ;
#4141=EDGE_LOOP('',(#4142,#4143,#4144,#4145)) ;
#4154=EDGE_LOOP('',(#4155,#4156,#4157,#4158)) ;
#4186=EDGE_LOOP('',(#4187,#4188,#4189,#4190)) ;
#4211=EDGE_LOOP('',(#4212,#4213,#4214,#4215)) ;
#4236=EDGE_LOOP('',(#4237,#4238,#4239,#4240)) ;
#4254=EDGE_LOOP('',(#4255,#4256,#4257,#4258)) ;
#4286=EDGE_LOOP('',(#4287,#4288,#4289,#4290)) ;
#4311=EDGE_LOOP('',(#4312,#4313,#4314,#4315)) ;
#4336=EDGE_LOOP('',(#4337,#4338,#4339,#4340)) ;
#4354=EDGE_LOOP('',(#4355,#4356,#4357,#4358)) ;
#4386=EDGE_LOOP('',(#4387,#4388,#4389,#4390)) ;
#4411=EDGE_LOOP('',(#4412,#4413,#4414,#4415)) ;
#4436=EDGE_LOOP('',(#4437,#4438,#4439,#4440)) ;
#4454=EDGE_LOOP('',(#4455,#4456,#4457,#4458)) ;
#4486=EDGE_LOOP('',(#4487,#4488,#4489,#4490)) ;
#4511=EDGE_LOOP('',(#4512,#4513,#4514,#4515)) ;
#4536=EDGE_LOOP('',(#4537,#4538,#4539,#4540)) ;
#4554=EDGE_LOOP('',(#4555,#4556,#4557,#4558)) ;
#4567=EDGE_LOOP('',(#4568,#4569,#4570,#4571)) ;
#4599=EDGE_LOOP('',(#4600,#4601,#4602,#4603)) ;
#4624=EDGE_LOOP('',(#4625,#4626,#4627,#4628)) ;
#4649=EDGE_LOOP('',(#4650,#4651,#4652,#4653)) ;
#4667=EDGE_LOOP('',(#4668,#4669,#4670,#4671)) ;
#4699=EDGE_LOOP('',(#4700,#4701,#4702,#4703)) ;
#4724=EDGE_LOOP('',(#4725,#4726,#4727,#4728)) ;
#4749=EDGE_LOOP('',(#4750,#4751,#4752,#4753)) ;
#4767=EDGE_LOOP('',(#4768,#4769,#4770,#4771)) ;
#4799=EDGE_LOOP('',(#4800,#4801,#4802,#4803)) ;
#4824=EDGE_LOOP('',(#4825,#4826,#4827,#4828)) ;
#4849=EDGE_LOOP('',(#4850,#4851,#4852,#4853)) ;
#4867=EDGE_LOOP('',(#4868,#4869,#4870,#4871)) ;
#4899=EDGE_LOOP('',(#4900,#4901,#4902,#4903)) ;
#4924=EDGE_LOOP('',(#4925,#4926,#4927,#4928)) ;
#4949=EDGE_LOOP('',(#4950,#4951,#4952,#4953)) ;
#4967=EDGE_LOOP('',(#4968,#4969,#4970,#4971)) ;
#4980=EDGE_LOOP('',(#4981,#4982,#4983,#4984)) ;
#4993=EDGE_LOOP('',(#4994,#4995,#4996,#4997)) ;
#5006=EDGE_LOOP('',(#5007,#5008,#5009,#5010)) ;
#5019=EDGE_LOOP('',(#5020,#5021,#5022,#5023)) ;
#5051=EDGE_LOOP('',(#5052,#5053,#5054,#5055)) ;
#5076=EDGE_LOOP('',(#5077,#5078,#5079,#5080)) ;
#5101=EDGE_LOOP('',(#5102,#5103,#5104,#5105)) ;
#5119=EDGE_LOOP('',(#5120,#5121,#5122,#5123)) ;
#5151=EDGE_LOOP('',(#5152,#5153,#5154,#5155)) ;
#5176=EDGE_LOOP('',(#5177,#5178,#5179,#5180)) ;
#5201=EDGE_LOOP('',(#5202,#5203,#5204,#5205)) ;
#5219=EDGE_LOOP('',(#5220,#5221,#5222,#5223)) ;
#5251=EDGE_LOOP('',(#5252,#5253,#5254,#5255)) ;
#5276=EDGE_LOOP('',(#5277,#5278,#5279,#5280)) ;
#5301=EDGE_LOOP('',(#5302,#5303,#5304,#5305)) ;
#5319=EDGE_LOOP('',(#5320,#5321,#5322,#5323)) ;
#5351=EDGE_LOOP('',(#5352,#5353,#5354,#5355)) ;
#5376=EDGE_LOOP('',(#5377,#5378,#5379,#5380)) ;
#5401=EDGE_LOOP('',(#5402,#5403,#5404,#5405)) ;
#5419=EDGE_LOOP('',(#5420,#5421,#5422,#5423)) ;
#5432=EDGE_LOOP('',(#5433,#5434,#5435,#5436)) ;
#5445=EDGE_LOOP('',(#5446,#5447,#5448,#5449)) ;
#5458=EDGE_LOOP('',(#5459,#5460,#5461,#5462)) ;
#5471=EDGE_LOOP('',(#5472,#5473,#5474,#5475)) ;
#293=FACE_OUTER_BOUND('',#260,.T.) ;
#1012=FACE_OUTER_BOUND('',#1007,.T.) ;
#1037=FACE_OUTER_BOUND('',#1032,.T.) ;
#1062=FACE_OUTER_BOUND('',#1057,.T.) ;
#1087=FACE_OUTER_BOUND('',#1082,.T.) ;
#1112=FACE_OUTER_BOUND('',#1107,.T.) ;
#1137=FACE_OUTER_BOUND('',#1132,.T.) ;
#1162=FACE_OUTER_BOUND('',#1157,.T.) ;
#1187=FACE_OUTER_BOUND('',#1182,.T.) ;
#1212=FACE_OUTER_BOUND('',#1207,.T.) ;
#1237=FACE_OUTER_BOUND('',#1232,.T.) ;
#1262=FACE_OUTER_BOUND('',#1257,.T.) ;
#1287=FACE_OUTER_BOUND('',#1282,.T.) ;
#1312=FACE_OUTER_BOUND('',#1307,.T.) ;
#1337=FACE_OUTER_BOUND('',#1332,.T.) ;
#1362=FACE_OUTER_BOUND('',#1357,.T.) ;
#1387=FACE_OUTER_BOUND('',#1382,.T.) ;
#1412=FACE_OUTER_BOUND('',#1407,.T.) ;
#1437=FACE_OUTER_BOUND('',#1432,.T.) ;
#1462=FACE_OUTER_BOUND('',#1457,.T.) ;
#1487=FACE_OUTER_BOUND('',#1482,.T.) ;
#1512=FACE_OUTER_BOUND('',#1507,.T.) ;
#1537=FACE_OUTER_BOUND('',#1532,.T.) ;
#1562=FACE_OUTER_BOUND('',#1557,.T.) ;
#1587=FACE_OUTER_BOUND('',#1582,.T.) ;
#1612=FACE_OUTER_BOUND('',#1607,.T.) ;
#1637=FACE_OUTER_BOUND('',#1632,.T.) ;
#1662=FACE_OUTER_BOUND('',#1657,.T.) ;
#1687=FACE_OUTER_BOUND('',#1682,.T.) ;
#1712=FACE_OUTER_BOUND('',#1707,.T.) ;
#1737=FACE_OUTER_BOUND('',#1732,.T.) ;
#1762=FACE_OUTER_BOUND('',#1757,.T.) ;
#1780=FACE_OUTER_BOUND('',#1775,.T.) ;
#1812=FACE_OUTER_BOUND('',#1807,.T.) ;
#1837=FACE_OUTER_BOUND('',#1832,.T.) ;
#1862=FACE_OUTER_BOUND('',#1857,.T.) ;
#1880=FACE_OUTER_BOUND('',#1875,.T.) ;
#1912=FACE_OUTER_BOUND('',#1907,.T.) ;
#1937=FACE_OUTER_BOUND('',#1932,.T.) ;
#1962=FACE_OUTER_BOUND('',#1957,.T.) ;
#1980=FACE_OUTER_BOUND('',#1975,.T.) ;
#2012=FACE_OUTER_BOUND('',#2007,.T.) ;
#2037=FACE_OUTER_BOUND('',#2032,.T.) ;
#2062=FACE_OUTER_BOUND('',#2057,.T.) ;
#2080=FACE_OUTER_BOUND('',#2075,.T.) ;
#2112=FACE_OUTER_BOUND('',#2107,.T.) ;
#2137=FACE_OUTER_BOUND('',#2132,.T.) ;
#2162=FACE_OUTER_BOUND('',#2157,.T.) ;
#2180=FACE_OUTER_BOUND('',#2175,.T.) ;
#2212=FACE_OUTER_BOUND('',#2207,.T.) ;
#2237=FACE_OUTER_BOUND('',#2232,.T.) ;
#2262=FACE_OUTER_BOUND('',#2257,.T.) ;
#2280=FACE_OUTER_BOUND('',#2275,.T.) ;
#2312=FACE_OUTER_BOUND('',#2307,.T.) ;
#2337=FACE_OUTER_BOUND('',#2332,.T.) ;
#2362=FACE_OUTER_BOUND('',#2357,.T.) ;
#2380=FACE_OUTER_BOUND('',#2375,.T.) ;
#2412=FACE_OUTER_BOUND('',#2407,.T.) ;
#2437=FACE_OUTER_BOUND('',#2432,.T.) ;
#2462=FACE_OUTER_BOUND('',#2457,.T.) ;
#2480=FACE_OUTER_BOUND('',#2475,.T.) ;
#2512=FACE_OUTER_BOUND('',#2507,.T.) ;
#2537=FACE_OUTER_BOUND('',#2532,.T.) ;
#2562=FACE_OUTER_BOUND('',#2557,.T.) ;
#2580=FACE_OUTER_BOUND('',#2575,.T.) ;
#2612=FACE_OUTER_BOUND('',#2607,.T.) ;
#2637=FACE_OUTER_BOUND('',#2632,.T.) ;
#2662=FACE_OUTER_BOUND('',#2657,.T.) ;
#2680=FACE_OUTER_BOUND('',#2675,.T.) ;
#2712=FACE_OUTER_BOUND('',#2707,.T.) ;
#2737=FACE_OUTER_BOUND('',#2732,.T.) ;
#2762=FACE_OUTER_BOUND('',#2757,.T.) ;
#2780=FACE_OUTER_BOUND('',#2775,.T.) ;
#2812=FACE_OUTER_BOUND('',#2807,.T.) ;
#2837=FACE_OUTER_BOUND('',#2832,.T.) ;
#2862=FACE_OUTER_BOUND('',#2857,.T.) ;
#2880=FACE_OUTER_BOUND('',#2875,.T.) ;
#2912=FACE_OUTER_BOUND('',#2907,.T.) ;
#2937=FACE_OUTER_BOUND('',#2932,.T.) ;
#2962=FACE_OUTER_BOUND('',#2957,.T.) ;
#2980=FACE_OUTER_BOUND('',#2975,.T.) ;
#3012=FACE_OUTER_BOUND('',#3007,.T.) ;
#3037=FACE_OUTER_BOUND('',#3032,.T.) ;
#3062=FACE_OUTER_BOUND('',#3057,.T.) ;
#3080=FACE_OUTER_BOUND('',#3075,.T.) ;
#3112=FACE_OUTER_BOUND('',#3107,.T.) ;
#3137=FACE_OUTER_BOUND('',#3132,.T.) ;
#3162=FACE_OUTER_BOUND('',#3157,.T.) ;
#3180=FACE_OUTER_BOUND('',#3175,.T.) ;
#3212=FACE_OUTER_BOUND('',#3207,.T.) ;
#3237=FACE_OUTER_BOUND('',#3232,.T.) ;
#3262=FACE_OUTER_BOUND('',#3257,.T.) ;
#3280=FACE_OUTER_BOUND('',#3275,.T.) ;
#3312=FACE_OUTER_BOUND('',#3307,.T.) ;
#3344=FACE_OUTER_BOUND('',#3339,.T.) ;
#3369=FACE_OUTER_BOUND('',#3364,.T.) ;
#3387=FACE_OUTER_BOUND('',#3382,.T.) ;
#3419=FACE_OUTER_BOUND('',#3414,.T.) ;
#3444=FACE_OUTER_BOUND('',#3439,.T.) ;
#3469=FACE_OUTER_BOUND('',#3464,.T.) ;
#3487=FACE_OUTER_BOUND('',#3482,.T.) ;
#3519=FACE_OUTER_BOUND('',#3514,.T.) ;
#3544=FACE_OUTER_BOUND('',#3539,.T.) ;
#3569=FACE_OUTER_BOUND('',#3564,.T.) ;
#3587=FACE_OUTER_BOUND('',#3582,.T.) ;
#3619=FACE_OUTER_BOUND('',#3614,.T.) ;
#3644=FACE_OUTER_BOUND('',#3639,.T.) ;
#3669=FACE_OUTER_BOUND('',#3664,.T.) ;
#3687=FACE_OUTER_BOUND('',#3682,.T.) ;
#3719=FACE_OUTER_BOUND('',#3714,.T.) ;
#3744=FACE_OUTER_BOUND('',#3739,.T.) ;
#3769=FACE_OUTER_BOUND('',#3764,.T.) ;
#3787=FACE_OUTER_BOUND('',#3782,.T.) ;
#3828=FACE_OUTER_BOUND('',#3795,.T.) ;
#3977=FACE_OUTER_BOUND('',#3972,.T.) ;
#3990=FACE_OUTER_BOUND('',#3985,.T.) ;
#4003=FACE_OUTER_BOUND('',#3998,.T.) ;
#4016=FACE_OUTER_BOUND('',#4011,.T.) ;
#4029=FACE_OUTER_BOUND('',#4024,.T.) ;
#4042=FACE_OUTER_BOUND('',#4037,.T.) ;
#4055=FACE_OUTER_BOUND('',#4050,.T.) ;
#4068=FACE_OUTER_BOUND('',#4063,.T.) ;
#4081=FACE_OUTER_BOUND('',#4076,.T.) ;
#4094=FACE_OUTER_BOUND('',#4089,.T.) ;
#4107=FACE_OUTER_BOUND('',#4102,.T.) ;
#4120=FACE_OUTER_BOUND('',#4115,.T.) ;
#4133=FACE_OUTER_BOUND('',#4128,.T.) ;
#4146=FACE_OUTER_BOUND('',#4141,.T.) ;
#4159=FACE_OUTER_BOUND('',#4154,.T.) ;
#4191=FACE_OUTER_BOUND('',#4186,.T.) ;
#4216=FACE_OUTER_BOUND('',#4211,.T.) ;
#4241=FACE_OUTER_BOUND('',#4236,.T.) ;
#4259=FACE_OUTER_BOUND('',#4254,.T.) ;
#4291=FACE_OUTER_BOUND('',#4286,.T.) ;
#4316=FACE_OUTER_BOUND('',#4311,.T.) ;
#4341=FACE_OUTER_BOUND('',#4336,.T.) ;
#4359=FACE_OUTER_BOUND('',#4354,.T.) ;
#4391=FACE_OUTER_BOUND('',#4386,.T.) ;
#4416=FACE_OUTER_BOUND('',#4411,.T.) ;
#4441=FACE_OUTER_BOUND('',#4436,.T.) ;
#4459=FACE_OUTER_BOUND('',#4454,.T.) ;
#4491=FACE_OUTER_BOUND('',#4486,.T.) ;
#4516=FACE_OUTER_BOUND('',#4511,.T.) ;
#4541=FACE_OUTER_BOUND('',#4536,.T.) ;
#4559=FACE_OUTER_BOUND('',#4554,.T.) ;
#4572=FACE_OUTER_BOUND('',#4567,.T.) ;
#4604=FACE_OUTER_BOUND('',#4599,.T.) ;
#4629=FACE_OUTER_BOUND('',#4624,.T.) ;
#4654=FACE_OUTER_BOUND('',#4649,.T.) ;
#4672=FACE_OUTER_BOUND('',#4667,.T.) ;
#4704=FACE_OUTER_BOUND('',#4699,.T.) ;
#4729=FACE_OUTER_BOUND('',#4724,.T.) ;
#4754=FACE_OUTER_BOUND('',#4749,.T.) ;
#4772=FACE_OUTER_BOUND('',#4767,.T.) ;
#4804=FACE_OUTER_BOUND('',#4799,.T.) ;
#4829=FACE_OUTER_BOUND('',#4824,.T.) ;
#4854=FACE_OUTER_BOUND('',#4849,.T.) ;
#4872=FACE_OUTER_BOUND('',#4867,.T.) ;
#4904=FACE_OUTER_BOUND('',#4899,.T.) ;
#4929=FACE_OUTER_BOUND('',#4924,.T.) ;
#4954=FACE_OUTER_BOUND('',#4949,.T.) ;
#4972=FACE_OUTER_BOUND('',#4967,.T.) ;
#4985=FACE_OUTER_BOUND('',#4980,.T.) ;
#4998=FACE_OUTER_BOUND('',#4993,.T.) ;
#5011=FACE_OUTER_BOUND('',#5006,.T.) ;
#5024=FACE_OUTER_BOUND('',#5019,.T.) ;
#5056=FACE_OUTER_BOUND('',#5051,.T.) ;
#5081=FACE_OUTER_BOUND('',#5076,.T.) ;
#5106=FACE_OUTER_BOUND('',#5101,.T.) ;
#5124=FACE_OUTER_BOUND('',#5119,.T.) ;
#5156=FACE_OUTER_BOUND('',#5151,.T.) ;
#5181=FACE_OUTER_BOUND('',#5176,.T.) ;
#5206=FACE_OUTER_BOUND('',#5201,.T.) ;
#5224=FACE_OUTER_BOUND('',#5219,.T.) ;
#5256=FACE_OUTER_BOUND('',#5251,.T.) ;
#5281=FACE_OUTER_BOUND('',#5276,.T.) ;
#5306=FACE_OUTER_BOUND('',#5301,.T.) ;
#5324=FACE_OUTER_BOUND('',#5319,.T.) ;
#5356=FACE_OUTER_BOUND('',#5351,.T.) ;
#5381=FACE_OUTER_BOUND('',#5376,.T.) ;
#5406=FACE_OUTER_BOUND('',#5401,.T.) ;
#5424=FACE_OUTER_BOUND('',#5419,.T.) ;
#5437=FACE_OUTER_BOUND('',#5432,.T.) ;
#5450=FACE_OUTER_BOUND('',#5445,.T.) ;
#5463=FACE_OUTER_BOUND('',#5458,.T.) ;
#5476=FACE_OUTER_BOUND('',#5471,.T.) ;
#39=LINE('Line',#36,#38) ;
#48=LINE('Line',#45,#47) ;
#55=LINE('Line',#52,#54) ;
#62=LINE('Line',#59,#61) ;
#69=LINE('Line',#66,#68) ;
#76=LINE('Line',#73,#75) ;
#83=LINE('Line',#80,#82) ;
#90=LINE('Line',#87,#89) ;
#97=LINE('Line',#94,#96) ;
#104=LINE('Line',#101,#103) ;
#111=LINE('Line',#108,#110) ;
#118=LINE('Line',#115,#117) ;
#125=LINE('Line',#122,#124) ;
#132=LINE('Line',#129,#131) ;
#139=LINE('Line',#136,#138) ;
#146=LINE('Line',#143,#145) ;
#153=LINE('Line',#150,#152) ;
#160=LINE('Line',#157,#159) ;
#167=LINE('Line',#164,#166) ;
#174=LINE('Line',#171,#173) ;
#181=LINE('Line',#178,#180) ;
#188=LINE('Line',#185,#187) ;
#195=LINE('Line',#192,#194) ;
#202=LINE('Line',#199,#201) ;
#209=LINE('Line',#206,#208) ;
#216=LINE('Line',#213,#215) ;
#223=LINE('Line',#220,#222) ;
#230=LINE('Line',#227,#229) ;
#237=LINE('Line',#234,#236) ;
#244=LINE('Line',#241,#243) ;
#251=LINE('Line',#248,#250) ;
#258=LINE('Line',#255,#257) ;
#297=LINE('Line',#294,#296) ;
#306=LINE('Line',#303,#305) ;
#313=LINE('Line',#310,#312) ;
#320=LINE('Line',#317,#319) ;
#331=LINE('Line',#328,#330) ;
#340=LINE('Line',#337,#339) ;
#347=LINE('Line',#344,#346) ;
#354=LINE('Line',#351,#353) ;
#365=LINE('Line',#362,#364) ;
#374=LINE('Line',#371,#373) ;
#381=LINE('Line',#378,#380) ;
#388=LINE('Line',#385,#387) ;
#399=LINE('Line',#396,#398) ;
#408=LINE('Line',#405,#407) ;
#415=LINE('Line',#412,#414) ;
#422=LINE('Line',#419,#421) ;
#433=LINE('Line',#430,#432) ;
#442=LINE('Line',#439,#441) ;
#449=LINE('Line',#446,#448) ;
#456=LINE('Line',#453,#455) ;
#467=LINE('Line',#464,#466) ;
#476=LINE('Line',#473,#475) ;
#483=LINE('Line',#480,#482) ;
#490=LINE('Line',#487,#489) ;
#501=LINE('Line',#498,#500) ;
#510=LINE('Line',#507,#509) ;
#517=LINE('Line',#514,#516) ;
#524=LINE('Line',#521,#523) ;
#535=LINE('Line',#532,#534) ;
#544=LINE('Line',#541,#543) ;
#551=LINE('Line',#548,#550) ;
#558=LINE('Line',#555,#557) ;
#569=LINE('Line',#566,#568) ;
#578=LINE('Line',#575,#577) ;
#585=LINE('Line',#582,#584) ;
#592=LINE('Line',#589,#591) ;
#603=LINE('Line',#600,#602) ;
#612=LINE('Line',#609,#611) ;
#619=LINE('Line',#616,#618) ;
#626=LINE('Line',#623,#625) ;
#637=LINE('Line',#634,#636) ;
#646=LINE('Line',#643,#645) ;
#653=LINE('Line',#650,#652) ;
#660=LINE('Line',#657,#659) ;
#671=LINE('Line',#668,#670) ;
#680=LINE('Line',#677,#679) ;
#687=LINE('Line',#684,#686) ;
#694=LINE('Line',#691,#693) ;
#705=LINE('Line',#702,#704) ;
#714=LINE('Line',#711,#713) ;
#721=LINE('Line',#718,#720) ;
#728=LINE('Line',#725,#727) ;
#739=LINE('Line',#736,#738) ;
#748=LINE('Line',#745,#747) ;
#755=LINE('Line',#752,#754) ;
#762=LINE('Line',#759,#761) ;
#773=LINE('Line',#770,#772) ;
#782=LINE('Line',#779,#781) ;
#789=LINE('Line',#786,#788) ;
#796=LINE('Line',#793,#795) ;
#807=LINE('Line',#804,#806) ;
#816=LINE('Line',#813,#815) ;
#823=LINE('Line',#820,#822) ;
#830=LINE('Line',#827,#829) ;
#841=LINE('Line',#838,#840) ;
#850=LINE('Line',#847,#849) ;
#857=LINE('Line',#854,#856) ;
#864=LINE('Line',#861,#863) ;
#875=LINE('Line',#872,#874) ;
#884=LINE('Line',#881,#883) ;
#891=LINE('Line',#888,#890) ;
#898=LINE('Line',#895,#897) ;
#909=LINE('Line',#906,#908) ;
#918=LINE('Line',#915,#917) ;
#925=LINE('Line',#922,#924) ;
#932=LINE('Line',#929,#931) ;
#943=LINE('Line',#940,#942) ;
#952=LINE('Line',#949,#951) ;
#959=LINE('Line',#956,#958) ;
#966=LINE('Line',#963,#965) ;
#991=LINE('Line',#988,#990) ;
#1000=LINE('Line',#997,#999) ;
#1005=LINE('Line',#1002,#1004) ;
#1023=LINE('Line',#1020,#1022) ;
#1030=LINE('Line',#1027,#1029) ;
#1048=LINE('Line',#1045,#1047) ;
#1055=LINE('Line',#1052,#1054) ;
#1073=LINE('Line',#1070,#1072) ;
#1080=LINE('Line',#1077,#1079) ;
#1098=LINE('Line',#1095,#1097) ;
#1105=LINE('Line',#1102,#1104) ;
#1123=LINE('Line',#1120,#1122) ;
#1130=LINE('Line',#1127,#1129) ;
#1148=LINE('Line',#1145,#1147) ;
#1155=LINE('Line',#1152,#1154) ;
#1173=LINE('Line',#1170,#1172) ;
#1180=LINE('Line',#1177,#1179) ;
#1198=LINE('Line',#1195,#1197) ;
#1205=LINE('Line',#1202,#1204) ;
#1223=LINE('Line',#1220,#1222) ;
#1230=LINE('Line',#1227,#1229) ;
#1248=LINE('Line',#1245,#1247) ;
#1255=LINE('Line',#1252,#1254) ;
#1273=LINE('Line',#1270,#1272) ;
#1280=LINE('Line',#1277,#1279) ;
#1298=LINE('Line',#1295,#1297) ;
#1305=LINE('Line',#1302,#1304) ;
#1323=LINE('Line',#1320,#1322) ;
#1330=LINE('Line',#1327,#1329) ;
#1348=LINE('Line',#1345,#1347) ;
#1355=LINE('Line',#1352,#1354) ;
#1373=LINE('Line',#1370,#1372) ;
#1380=LINE('Line',#1377,#1379) ;
#1398=LINE('Line',#1395,#1397) ;
#1405=LINE('Line',#1402,#1404) ;
#1423=LINE('Line',#1420,#1422) ;
#1430=LINE('Line',#1427,#1429) ;
#1448=LINE('Line',#1445,#1447) ;
#1455=LINE('Line',#1452,#1454) ;
#1473=LINE('Line',#1470,#1472) ;
#1480=LINE('Line',#1477,#1479) ;
#1498=LINE('Line',#1495,#1497) ;
#1505=LINE('Line',#1502,#1504) ;
#1523=LINE('Line',#1520,#1522) ;
#1530=LINE('Line',#1527,#1529) ;
#1548=LINE('Line',#1545,#1547) ;
#1555=LINE('Line',#1552,#1554) ;
#1573=LINE('Line',#1570,#1572) ;
#1580=LINE('Line',#1577,#1579) ;
#1598=LINE('Line',#1595,#1597) ;
#1605=LINE('Line',#1602,#1604) ;
#1623=LINE('Line',#1620,#1622) ;
#1630=LINE('Line',#1627,#1629) ;
#1648=LINE('Line',#1645,#1647) ;
#1655=LINE('Line',#1652,#1654) ;
#1673=LINE('Line',#1670,#1672) ;
#1680=LINE('Line',#1677,#1679) ;
#1698=LINE('Line',#1695,#1697) ;
#1705=LINE('Line',#1702,#1704) ;
#1723=LINE('Line',#1720,#1722) ;
#1730=LINE('Line',#1727,#1729) ;
#1748=LINE('Line',#1745,#1747) ;
#1755=LINE('Line',#1752,#1754) ;
#1773=LINE('Line',#1770,#1772) ;
#1791=LINE('Line',#1788,#1790) ;
#1798=LINE('Line',#1795,#1797) ;
#1805=LINE('Line',#1802,#1804) ;
#1823=LINE('Line',#1820,#1822) ;
#1830=LINE('Line',#1827,#1829) ;
#1848=LINE('Line',#1845,#1847) ;
#1855=LINE('Line',#1852,#1854) ;
#1873=LINE('Line',#1870,#1872) ;
#1891=LINE('Line',#1888,#1890) ;
#1898=LINE('Line',#1895,#1897) ;
#1905=LINE('Line',#1902,#1904) ;
#1923=LINE('Line',#1920,#1922) ;
#1930=LINE('Line',#1927,#1929) ;
#1948=LINE('Line',#1945,#1947) ;
#1955=LINE('Line',#1952,#1954) ;
#1973=LINE('Line',#1970,#1972) ;
#1991=LINE('Line',#1988,#1990) ;
#1998=LINE('Line',#1995,#1997) ;
#2005=LINE('Line',#2002,#2004) ;
#2023=LINE('Line',#2020,#2022) ;
#2030=LINE('Line',#2027,#2029) ;
#2048=LINE('Line',#2045,#2047) ;
#2055=LINE('Line',#2052,#2054) ;
#2073=LINE('Line',#2070,#2072) ;
#2091=LINE('Line',#2088,#2090) ;
#2098=LINE('Line',#2095,#2097) ;
#2105=LINE('Line',#2102,#2104) ;
#2123=LINE('Line',#2120,#2122) ;
#2130=LINE('Line',#2127,#2129) ;
#2148=LINE('Line',#2145,#2147) ;
#2155=LINE('Line',#2152,#2154) ;
#2173=LINE('Line',#2170,#2172) ;
#2191=LINE('Line',#2188,#2190) ;
#2198=LINE('Line',#2195,#2197) ;
#2205=LINE('Line',#2202,#2204) ;
#2223=LINE('Line',#2220,#2222) ;
#2230=LINE('Line',#2227,#2229) ;
#2248=LINE('Line',#2245,#2247) ;
#2255=LINE('Line',#2252,#2254) ;
#2273=LINE('Line',#2270,#2272) ;
#2291=LINE('Line',#2288,#2290) ;
#2298=LINE('Line',#2295,#2297) ;
#2305=LINE('Line',#2302,#2304) ;
#2323=LINE('Line',#2320,#2322) ;
#2330=LINE('Line',#2327,#2329) ;
#2348=LINE('Line',#2345,#2347) ;
#2355=LINE('Line',#2352,#2354) ;
#2373=LINE('Line',#2370,#2372) ;
#2391=LINE('Line',#2388,#2390) ;
#2398=LINE('Line',#2395,#2397) ;
#2405=LINE('Line',#2402,#2404) ;
#2423=LINE('Line',#2420,#2422) ;
#2430=LINE('Line',#2427,#2429) ;
#2448=LINE('Line',#2445,#2447) ;
#2455=LINE('Line',#2452,#2454) ;
#2473=LINE('Line',#2470,#2472) ;
#2491=LINE('Line',#2488,#2490) ;
#2498=LINE('Line',#2495,#2497) ;
#2505=LINE('Line',#2502,#2504) ;
#2523=LINE('Line',#2520,#2522) ;
#2530=LINE('Line',#2527,#2529) ;
#2548=LINE('Line',#2545,#2547) ;
#2555=LINE('Line',#2552,#2554) ;
#2573=LINE('Line',#2570,#2572) ;
#2591=LINE('Line',#2588,#2590) ;
#2598=LINE('Line',#2595,#2597) ;
#2605=LINE('Line',#2602,#2604) ;
#2623=LINE('Line',#2620,#2622) ;
#2630=LINE('Line',#2627,#2629) ;
#2648=LINE('Line',#2645,#2647) ;
#2655=LINE('Line',#2652,#2654) ;
#2673=LINE('Line',#2670,#2672) ;
#2691=LINE('Line',#2688,#2690) ;
#2698=LINE('Line',#2695,#2697) ;
#2705=LINE('Line',#2702,#2704) ;
#2723=LINE('Line',#2720,#2722) ;
#2730=LINE('Line',#2727,#2729) ;
#2748=LINE('Line',#2745,#2747) ;
#2755=LINE('Line',#2752,#2754) ;
#2773=LINE('Line',#2770,#2772) ;
#2791=LINE('Line',#2788,#2790) ;
#2798=LINE('Line',#2795,#2797) ;
#2805=LINE('Line',#2802,#2804) ;
#2823=LINE('Line',#2820,#2822) ;
#2830=LINE('Line',#2827,#2829) ;
#2848=LINE('Line',#2845,#2847) ;
#2855=LINE('Line',#2852,#2854) ;
#2873=LINE('Line',#2870,#2872) ;
#2891=LINE('Line',#2888,#2890) ;
#2898=LINE('Line',#2895,#2897) ;
#2905=LINE('Line',#2902,#2904) ;
#2923=LINE('Line',#2920,#2922) ;
#2930=LINE('Line',#2927,#2929) ;
#2948=LINE('Line',#2945,#2947) ;
#2955=LINE('Line',#2952,#2954) ;
#2973=LINE('Line',#2970,#2972) ;
#2991=LINE('Line',#2988,#2990) ;
#2998=LINE('Line',#2995,#2997) ;
#3005=LINE('Line',#3002,#3004) ;
#3023=LINE('Line',#3020,#3022) ;
#3030=LINE('Line',#3027,#3029) ;
#3048=LINE('Line',#3045,#3047) ;
#3055=LINE('Line',#3052,#3054) ;
#3073=LINE('Line',#3070,#3072) ;
#3091=LINE('Line',#3088,#3090) ;
#3098=LINE('Line',#3095,#3097) ;
#3105=LINE('Line',#3102,#3104) ;
#3123=LINE('Line',#3120,#3122) ;
#3130=LINE('Line',#3127,#3129) ;
#3148=LINE('Line',#3145,#3147) ;
#3155=LINE('Line',#3152,#3154) ;
#3173=LINE('Line',#3170,#3172) ;
#3191=LINE('Line',#3188,#3190) ;
#3198=LINE('Line',#3195,#3197) ;
#3205=LINE('Line',#3202,#3204) ;
#3223=LINE('Line',#3220,#3222) ;
#3230=LINE('Line',#3227,#3229) ;
#3248=LINE('Line',#3245,#3247) ;
#3255=LINE('Line',#3252,#3254) ;
#3273=LINE('Line',#3270,#3272) ;
#3291=LINE('Line',#3288,#3290) ;
#3298=LINE('Line',#3295,#3297) ;
#3305=LINE('Line',#3302,#3304) ;
#3330=LINE('Line',#3327,#3329) ;
#3337=LINE('Line',#3334,#3336) ;
#3355=LINE('Line',#3352,#3354) ;
#3362=LINE('Line',#3359,#3361) ;
#3380=LINE('Line',#3377,#3379) ;
#3398=LINE('Line',#3395,#3397) ;
#3405=LINE('Line',#3402,#3404) ;
#3412=LINE('Line',#3409,#3411) ;
#3430=LINE('Line',#3427,#3429) ;
#3437=LINE('Line',#3434,#3436) ;
#3455=LINE('Line',#3452,#3454) ;
#3462=LINE('Line',#3459,#3461) ;
#3480=LINE('Line',#3477,#3479) ;
#3498=LINE('Line',#3495,#3497) ;
#3505=LINE('Line',#3502,#3504) ;
#3512=LINE('Line',#3509,#3511) ;
#3530=LINE('Line',#3527,#3529) ;
#3537=LINE('Line',#3534,#3536) ;
#3555=LINE('Line',#3552,#3554) ;
#3562=LINE('Line',#3559,#3561) ;
#3580=LINE('Line',#3577,#3579) ;
#3598=LINE('Line',#3595,#3597) ;
#3605=LINE('Line',#3602,#3604) ;
#3612=LINE('Line',#3609,#3611) ;
#3630=LINE('Line',#3627,#3629) ;
#3637=LINE('Line',#3634,#3636) ;
#3655=LINE('Line',#3652,#3654) ;
#3662=LINE('Line',#3659,#3661) ;
#3680=LINE('Line',#3677,#3679) ;
#3698=LINE('Line',#3695,#3697) ;
#3705=LINE('Line',#3702,#3704) ;
#3712=LINE('Line',#3709,#3711) ;
#3730=LINE('Line',#3727,#3729) ;
#3737=LINE('Line',#3734,#3736) ;
#3755=LINE('Line',#3752,#3754) ;
#3762=LINE('Line',#3759,#3761) ;
#3780=LINE('Line',#3777,#3779) ;
#3832=LINE('Line',#3829,#3831) ;
#3841=LINE('Line',#3838,#3840) ;
#3848=LINE('Line',#3845,#3847) ;
#3855=LINE('Line',#3852,#3854) ;
#3866=LINE('Line',#3863,#3865) ;
#3875=LINE('Line',#3872,#3874) ;
#3882=LINE('Line',#3879,#3881) ;
#3889=LINE('Line',#3886,#3888) ;
#3900=LINE('Line',#3897,#3899) ;
#3909=LINE('Line',#3906,#3908) ;
#3916=LINE('Line',#3913,#3915) ;
#3923=LINE('Line',#3920,#3922) ;
#3934=LINE('Line',#3931,#3933) ;
#3943=LINE('Line',#3940,#3942) ;
#3950=LINE('Line',#3947,#3949) ;
#3957=LINE('Line',#3954,#3956) ;
#4170=LINE('Line',#4167,#4169) ;
#4177=LINE('Line',#4174,#4176) ;
#4184=LINE('Line',#4181,#4183) ;
#4202=LINE('Line',#4199,#4201) ;
#4209=LINE('Line',#4206,#4208) ;
#4227=LINE('Line',#4224,#4226) ;
#4234=LINE('Line',#4231,#4233) ;
#4252=LINE('Line',#4249,#4251) ;
#4270=LINE('Line',#4267,#4269) ;
#4277=LINE('Line',#4274,#4276) ;
#4284=LINE('Line',#4281,#4283) ;
#4302=LINE('Line',#4299,#4301) ;
#4309=LINE('Line',#4306,#4308) ;
#4327=LINE('Line',#4324,#4326) ;
#4334=LINE('Line',#4331,#4333) ;
#4352=LINE('Line',#4349,#4351) ;
#4370=LINE('Line',#4367,#4369) ;
#4377=LINE('Line',#4374,#4376) ;
#4384=LINE('Line',#4381,#4383) ;
#4402=LINE('Line',#4399,#4401) ;
#4409=LINE('Line',#4406,#4408) ;
#4427=LINE('Line',#4424,#4426) ;
#4434=LINE('Line',#4431,#4433) ;
#4452=LINE('Line',#4449,#4451) ;
#4470=LINE('Line',#4467,#4469) ;
#4477=LINE('Line',#4474,#4476) ;
#4484=LINE('Line',#4481,#4483) ;
#4502=LINE('Line',#4499,#4501) ;
#4509=LINE('Line',#4506,#4508) ;
#4527=LINE('Line',#4524,#4526) ;
#4534=LINE('Line',#4531,#4533) ;
#4552=LINE('Line',#4549,#4551) ;
#4583=LINE('Line',#4580,#4582) ;
#4590=LINE('Line',#4587,#4589) ;
#4597=LINE('Line',#4594,#4596) ;
#4615=LINE('Line',#4612,#4614) ;
#4622=LINE('Line',#4619,#4621) ;
#4640=LINE('Line',#4637,#4639) ;
#4647=LINE('Line',#4644,#4646) ;
#4665=LINE('Line',#4662,#4664) ;
#4683=LINE('Line',#4680,#4682) ;
#4690=LINE('Line',#4687,#4689) ;
#4697=LINE('Line',#4694,#4696) ;
#4715=LINE('Line',#4712,#4714) ;
#4722=LINE('Line',#4719,#4721) ;
#4740=LINE('Line',#4737,#4739) ;
#4747=LINE('Line',#4744,#4746) ;
#4765=LINE('Line',#4762,#4764) ;
#4783=LINE('Line',#4780,#4782) ;
#4790=LINE('Line',#4787,#4789) ;
#4797=LINE('Line',#4794,#4796) ;
#4815=LINE('Line',#4812,#4814) ;
#4822=LINE('Line',#4819,#4821) ;
#4840=LINE('Line',#4837,#4839) ;
#4847=LINE('Line',#4844,#4846) ;
#4865=LINE('Line',#4862,#4864) ;
#4883=LINE('Line',#4880,#4882) ;
#4890=LINE('Line',#4887,#4889) ;
#4897=LINE('Line',#4894,#4896) ;
#4915=LINE('Line',#4912,#4914) ;
#4922=LINE('Line',#4919,#4921) ;
#4940=LINE('Line',#4937,#4939) ;
#4947=LINE('Line',#4944,#4946) ;
#4965=LINE('Line',#4962,#4964) ;
#5035=LINE('Line',#5032,#5034) ;
#5042=LINE('Line',#5039,#5041) ;
#5049=LINE('Line',#5046,#5048) ;
#5067=LINE('Line',#5064,#5066) ;
#5074=LINE('Line',#5071,#5073) ;
#5092=LINE('Line',#5089,#5091) ;
#5099=LINE('Line',#5096,#5098) ;
#5117=LINE('Line',#5114,#5116) ;
#5135=LINE('Line',#5132,#5134) ;
#5142=LINE('Line',#5139,#5141) ;
#5149=LINE('Line',#5146,#5148) ;
#5167=LINE('Line',#5164,#5166) ;
#5174=LINE('Line',#5171,#5173) ;
#5192=LINE('Line',#5189,#5191) ;
#5199=LINE('Line',#5196,#5198) ;
#5217=LINE('Line',#5214,#5216) ;
#5235=LINE('Line',#5232,#5234) ;
#5242=LINE('Line',#5239,#5241) ;
#5249=LINE('Line',#5246,#5248) ;
#5267=LINE('Line',#5264,#5266) ;
#5274=LINE('Line',#5271,#5273) ;
#5292=LINE('Line',#5289,#5291) ;
#5299=LINE('Line',#5296,#5298) ;
#5317=LINE('Line',#5314,#5316) ;
#5335=LINE('Line',#5332,#5334) ;
#5342=LINE('Line',#5339,#5341) ;
#5349=LINE('Line',#5346,#5348) ;
#5367=LINE('Line',#5364,#5366) ;
#5374=LINE('Line',#5371,#5373) ;
#5392=LINE('Line',#5389,#5391) ;
#5399=LINE('Line',#5396,#5398) ;
#5417=LINE('Line',#5414,#5416) ;
#35=PLANE('',#34) ;
#987=PLANE('',#986) ;
#1019=PLANE('',#1018) ;
#1044=PLANE('',#1043) ;
#1069=PLANE('',#1068) ;
#1094=PLANE('',#1093) ;
#1119=PLANE('',#1118) ;
#1144=PLANE('',#1143) ;
#1169=PLANE('',#1168) ;
#1194=PLANE('',#1193) ;
#1219=PLANE('',#1218) ;
#1244=PLANE('',#1243) ;
#1269=PLANE('',#1268) ;
#1294=PLANE('',#1293) ;
#1319=PLANE('',#1318) ;
#1344=PLANE('',#1343) ;
#1369=PLANE('',#1368) ;
#1394=PLANE('',#1393) ;
#1419=PLANE('',#1418) ;
#1444=PLANE('',#1443) ;
#1469=PLANE('',#1468) ;
#1494=PLANE('',#1493) ;
#1519=PLANE('',#1518) ;
#1544=PLANE('',#1543) ;
#1569=PLANE('',#1568) ;
#1594=PLANE('',#1593) ;
#1619=PLANE('',#1618) ;
#1644=PLANE('',#1643) ;
#1669=PLANE('',#1668) ;
#1694=PLANE('',#1693) ;
#1719=PLANE('',#1718) ;
#1744=PLANE('',#1743) ;
#1769=PLANE('',#1768) ;
#1787=PLANE('',#1786) ;
#1819=PLANE('',#1818) ;
#1844=PLANE('',#1843) ;
#1869=PLANE('',#1868) ;
#1887=PLANE('',#1886) ;
#1919=PLANE('',#1918) ;
#1944=PLANE('',#1943) ;
#1969=PLANE('',#1968) ;
#1987=PLANE('',#1986) ;
#2019=PLANE('',#2018) ;
#2044=PLANE('',#2043) ;
#2069=PLANE('',#2068) ;
#2087=PLANE('',#2086) ;
#2119=PLANE('',#2118) ;
#2144=PLANE('',#2143) ;
#2169=PLANE('',#2168) ;
#2187=PLANE('',#2186) ;
#2219=PLANE('',#2218) ;
#2244=PLANE('',#2243) ;
#2269=PLANE('',#2268) ;
#2287=PLANE('',#2286) ;
#2319=PLANE('',#2318) ;
#2344=PLANE('',#2343) ;
#2369=PLANE('',#2368) ;
#2387=PLANE('',#2386) ;
#2419=PLANE('',#2418) ;
#2444=PLANE('',#2443) ;
#2469=PLANE('',#2468) ;
#2487=PLANE('',#2486) ;
#2519=PLANE('',#2518) ;
#2544=PLANE('',#2543) ;
#2569=PLANE('',#2568) ;
#2587=PLANE('',#2586) ;
#2619=PLANE('',#2618) ;
#2644=PLANE('',#2643) ;
#2669=PLANE('',#2668) ;
#2687=PLANE('',#2686) ;
#2719=PLANE('',#2718) ;
#2744=PLANE('',#2743) ;
#2769=PLANE('',#2768) ;
#2787=PLANE('',#2786) ;
#2819=PLANE('',#2818) ;
#2844=PLANE('',#2843) ;
#2869=PLANE('',#2868) ;
#2887=PLANE('',#2886) ;
#2919=PLANE('',#2918) ;
#2944=PLANE('',#2943) ;
#2969=PLANE('',#2968) ;
#2987=PLANE('',#2986) ;
#3019=PLANE('',#3018) ;
#3044=PLANE('',#3043) ;
#3069=PLANE('',#3068) ;
#3087=PLANE('',#3086) ;
#3119=PLANE('',#3118) ;
#3144=PLANE('',#3143) ;
#3169=PLANE('',#3168) ;
#3187=PLANE('',#3186) ;
#3219=PLANE('',#3218) ;
#3244=PLANE('',#3243) ;
#3269=PLANE('',#3268) ;
#3287=PLANE('',#3286) ;
#3326=PLANE('',#3325) ;
#3351=PLANE('',#3350) ;
#3376=PLANE('',#3375) ;
#3394=PLANE('',#3393) ;
#3426=PLANE('',#3425) ;
#3451=PLANE('',#3450) ;
#3476=PLANE('',#3475) ;
#3494=PLANE('',#3493) ;
#3526=PLANE('',#3525) ;
#3551=PLANE('',#3550) ;
#3576=PLANE('',#3575) ;
#3594=PLANE('',#3593) ;
#3626=PLANE('',#3625) ;
#3651=PLANE('',#3650) ;
#3676=PLANE('',#3675) ;
#3694=PLANE('',#3693) ;
#3726=PLANE('',#3725) ;
#3751=PLANE('',#3750) ;
#3776=PLANE('',#3775) ;
#3794=PLANE('',#3793) ;
#3971=PLANE('',#3970) ;
#3984=PLANE('',#3983) ;
#3997=PLANE('',#3996) ;
#4010=PLANE('',#4009) ;
#4023=PLANE('',#4022) ;
#4036=PLANE('',#4035) ;
#4049=PLANE('',#4048) ;
#4062=PLANE('',#4061) ;
#4075=PLANE('',#4074) ;
#4088=PLANE('',#4087) ;
#4101=PLANE('',#4100) ;
#4114=PLANE('',#4113) ;
#4127=PLANE('',#4126) ;
#4140=PLANE('',#4139) ;
#4153=PLANE('',#4152) ;
#4166=PLANE('',#4165) ;
#4198=PLANE('',#4197) ;
#4223=PLANE('',#4222) ;
#4248=PLANE('',#4247) ;
#4266=PLANE('',#4265) ;
#4298=PLANE('',#4297) ;
#4323=PLANE('',#4322) ;
#4348=PLANE('',#4347) ;
#4366=PLANE('',#4365) ;
#4398=PLANE('',#4397) ;
#4423=PLANE('',#4422) ;
#4448=PLANE('',#4447) ;
#4466=PLANE('',#4465) ;
#4498=PLANE('',#4497) ;
#4523=PLANE('',#4522) ;
#4548=PLANE('',#4547) ;
#4566=PLANE('',#4565) ;
#4579=PLANE('',#4578) ;
#4611=PLANE('',#4610) ;
#4636=PLANE('',#4635) ;
#4661=PLANE('',#4660) ;
#4679=PLANE('',#4678) ;
#4711=PLANE('',#4710) ;
#4736=PLANE('',#4735) ;
#4761=PLANE('',#4760) ;
#4779=PLANE('',#4778) ;
#4811=PLANE('',#4810) ;
#4836=PLANE('',#4835) ;
#4861=PLANE('',#4860) ;
#4879=PLANE('',#4878) ;
#4911=PLANE('',#4910) ;
#4936=PLANE('',#4935) ;
#4961=PLANE('',#4960) ;
#4979=PLANE('',#4978) ;
#4992=PLANE('',#4991) ;
#5005=PLANE('',#5004) ;
#5018=PLANE('',#5017) ;
#5031=PLANE('',#5030) ;
#5063=PLANE('',#5062) ;
#5088=PLANE('',#5087) ;
#5113=PLANE('',#5112) ;
#5131=PLANE('',#5130) ;
#5163=PLANE('',#5162) ;
#5188=PLANE('',#5187) ;
#5213=PLANE('',#5212) ;
#5231=PLANE('',#5230) ;
#5263=PLANE('',#5262) ;
#5288=PLANE('',#5287) ;
#5313=PLANE('',#5312) ;
#5331=PLANE('',#5330) ;
#5363=PLANE('',#5362) ;
#5388=PLANE('',#5387) ;
#5413=PLANE('',#5412) ;
#5431=PLANE('',#5430) ;
#5444=PLANE('',#5443) ;
#5457=PLANE('',#5456) ;
#5470=PLANE('',#5469) ;
#9=PRODUCT_CATEGORY_RELATIONSHIP(' ',' ',#7,#8) ;
#6=PRODUCT_DEFINITION_FORMATION_WITH_SPECIFIED_SOURCE('1',' ',#5,.MADE.) ;
#20=SHAPE_DEFINITION_REPRESENTATION(#11,#19) ;
#41=VERTEX_POINT('',#40) ;
#43=VERTEX_POINT('',#42) ;
#50=VERTEX_POINT('',#49) ;
#57=VERTEX_POINT('',#56) ;
#64=VERTEX_POINT('',#63) ;
#71=VERTEX_POINT('',#70) ;
#78=VERTEX_POINT('',#77) ;
#85=VERTEX_POINT('',#84) ;
#92=VERTEX_POINT('',#91) ;
#99=VERTEX_POINT('',#98) ;
#106=VERTEX_POINT('',#105) ;
#113=VERTEX_POINT('',#112) ;
#120=VERTEX_POINT('',#119) ;
#127=VERTEX_POINT('',#126) ;
#134=VERTEX_POINT('',#133) ;
#141=VERTEX_POINT('',#140) ;
#148=VERTEX_POINT('',#147) ;
#155=VERTEX_POINT('',#154) ;
#162=VERTEX_POINT('',#161) ;
#169=VERTEX_POINT('',#168) ;
#176=VERTEX_POINT('',#175) ;
#183=VERTEX_POINT('',#182) ;
#190=VERTEX_POINT('',#189) ;
#197=VERTEX_POINT('',#196) ;
#204=VERTEX_POINT('',#203) ;
#211=VERTEX_POINT('',#210) ;
#218=VERTEX_POINT('',#217) ;
#225=VERTEX_POINT('',#224) ;
#232=VERTEX_POINT('',#231) ;
#239=VERTEX_POINT('',#238) ;
#246=VERTEX_POINT('',#245) ;
#253=VERTEX_POINT('',#252) ;
#299=VERTEX_POINT('',#298) ;
#301=VERTEX_POINT('',#300) ;
#308=VERTEX_POINT('',#307) ;
#315=VERTEX_POINT('',#314) ;
#333=VERTEX_POINT('',#332) ;
#335=VERTEX_POINT('',#334) ;
#342=VERTEX_POINT('',#341) ;
#349=VERTEX_POINT('',#348) ;
#367=VERTEX_POINT('',#366) ;
#369=VERTEX_POINT('',#368) ;
#376=VERTEX_POINT('',#375) ;
#383=VERTEX_POINT('',#382) ;
#401=VERTEX_POINT('',#400) ;
#403=VERTEX_POINT('',#402) ;
#410=VERTEX_POINT('',#409) ;
#417=VERTEX_POINT('',#416) ;
#435=VERTEX_POINT('',#434) ;
#437=VERTEX_POINT('',#436) ;
#444=VERTEX_POINT('',#443) ;
#451=VERTEX_POINT('',#450) ;
#469=VERTEX_POINT('',#468) ;
#471=VERTEX_POINT('',#470) ;
#478=VERTEX_POINT('',#477) ;
#485=VERTEX_POINT('',#484) ;
#503=VERTEX_POINT('',#502) ;
#505=VERTEX_POINT('',#504) ;
#512=VERTEX_POINT('',#511) ;
#519=VERTEX_POINT('',#518) ;
#537=VERTEX_POINT('',#536) ;
#539=VERTEX_POINT('',#538) ;
#546=VERTEX_POINT('',#545) ;
#553=VERTEX_POINT('',#552) ;
#571=VERTEX_POINT('',#570) ;
#573=VERTEX_POINT('',#572) ;
#580=VERTEX_POINT('',#579) ;
#587=VERTEX_POINT('',#586) ;
#605=VERTEX_POINT('',#604) ;
#607=VERTEX_POINT('',#606) ;
#614=VERTEX_POINT('',#613) ;
#621=VERTEX_POINT('',#620) ;
#639=VERTEX_POINT('',#638) ;
#641=VERTEX_POINT('',#640) ;
#648=VERTEX_POINT('',#647) ;
#655=VERTEX_POINT('',#654) ;
#673=VERTEX_POINT('',#672) ;
#675=VERTEX_POINT('',#674) ;
#682=VERTEX_POINT('',#681) ;
#689=VERTEX_POINT('',#688) ;
#707=VERTEX_POINT('',#706) ;
#709=VERTEX_POINT('',#708) ;
#716=VERTEX_POINT('',#715) ;
#723=VERTEX_POINT('',#722) ;
#741=VERTEX_POINT('',#740) ;
#743=VERTEX_POINT('',#742) ;
#750=VERTEX_POINT('',#749) ;
#757=VERTEX_POINT('',#756) ;
#775=VERTEX_POINT('',#774) ;
#777=VERTEX_POINT('',#776) ;
#784=VERTEX_POINT('',#783) ;
#791=VERTEX_POINT('',#790) ;
#809=VERTEX_POINT('',#808) ;
#811=VERTEX_POINT('',#810) ;
#818=VERTEX_POINT('',#817) ;
#825=VERTEX_POINT('',#824) ;
#843=VERTEX_POINT('',#842) ;
#845=VERTEX_POINT('',#844) ;
#852=VERTEX_POINT('',#851) ;
#859=VERTEX_POINT('',#858) ;
#877=VERTEX_POINT('',#876) ;
#879=VERTEX_POINT('',#878) ;
#886=VERTEX_POINT('',#885) ;
#893=VERTEX_POINT('',#892) ;
#911=VERTEX_POINT('',#910) ;
#913=VERTEX_POINT('',#912) ;
#920=VERTEX_POINT('',#919) ;
#927=VERTEX_POINT('',#926) ;
#945=VERTEX_POINT('',#944) ;
#947=VERTEX_POINT('',#946) ;
#954=VERTEX_POINT('',#953) ;
#961=VERTEX_POINT('',#960) ;
#993=VERTEX_POINT('',#992) ;
#995=VERTEX_POINT('',#994) ;
#1025=VERTEX_POINT('',#1024) ;
#1050=VERTEX_POINT('',#1049) ;
#1075=VERTEX_POINT('',#1074) ;
#1100=VERTEX_POINT('',#1099) ;
#1125=VERTEX_POINT('',#1124) ;
#1150=VERTEX_POINT('',#1149) ;
#1175=VERTEX_POINT('',#1174) ;
#1200=VERTEX_POINT('',#1199) ;
#1225=VERTEX_POINT('',#1224) ;
#1250=VERTEX_POINT('',#1249) ;
#1275=VERTEX_POINT('',#1274) ;
#1300=VERTEX_POINT('',#1299) ;
#1325=VERTEX_POINT('',#1324) ;
#1350=VERTEX_POINT('',#1349) ;
#1375=VERTEX_POINT('',#1374) ;
#1400=VERTEX_POINT('',#1399) ;
#1425=VERTEX_POINT('',#1424) ;
#1450=VERTEX_POINT('',#1449) ;
#1475=VERTEX_POINT('',#1474) ;
#1500=VERTEX_POINT('',#1499) ;
#1525=VERTEX_POINT('',#1524) ;
#1550=VERTEX_POINT('',#1549) ;
#1575=VERTEX_POINT('',#1574) ;
#1600=VERTEX_POINT('',#1599) ;
#1625=VERTEX_POINT('',#1624) ;
#1650=VERTEX_POINT('',#1649) ;
#1675=VERTEX_POINT('',#1674) ;
#1700=VERTEX_POINT('',#1699) ;
#1725=VERTEX_POINT('',#1724) ;
#1750=VERTEX_POINT('',#1749) ;
#1793=VERTEX_POINT('',#1792) ;
#1800=VERTEX_POINT('',#1799) ;
#1825=VERTEX_POINT('',#1824) ;
#1850=VERTEX_POINT('',#1849) ;
#1893=VERTEX_POINT('',#1892) ;
#1900=VERTEX_POINT('',#1899) ;
#1925=VERTEX_POINT('',#1924) ;
#1950=VERTEX_POINT('',#1949) ;
#1993=VERTEX_POINT('',#1992) ;
#2000=VERTEX_POINT('',#1999) ;
#2025=VERTEX_POINT('',#2024) ;
#2050=VERTEX_POINT('',#2049) ;
#2093=VERTEX_POINT('',#2092) ;
#2100=VERTEX_POINT('',#2099) ;
#2125=VERTEX_POINT('',#2124) ;
#2150=VERTEX_POINT('',#2149) ;
#2193=VERTEX_POINT('',#2192) ;
#2200=VERTEX_POINT('',#2199) ;
#2225=VERTEX_POINT('',#2224) ;
#2250=VERTEX_POINT('',#2249) ;
#2293=VERTEX_POINT('',#2292) ;
#2300=VERTEX_POINT('',#2299) ;
#2325=VERTEX_POINT('',#2324) ;
#2350=VERTEX_POINT('',#2349) ;
#2393=VERTEX_POINT('',#2392) ;
#2400=VERTEX_POINT('',#2399) ;
#2425=VERTEX_POINT('',#2424) ;
#2450=VERTEX_POINT('',#2449) ;
#2493=VERTEX_POINT('',#2492) ;
#2500=VERTEX_POINT('',#2499) ;
#2525=VERTEX_POINT('',#2524) ;
#2550=VERTEX_POINT('',#2549) ;
#2593=VERTEX_POINT('',#2592) ;
#2600=VERTEX_POINT('',#2599) ;
#2625=VERTEX_POINT('',#2624) ;
#2650=VERTEX_POINT('',#2649) ;
#2693=VERTEX_POINT('',#2692) ;
#2700=VERTEX_POINT('',#2699) ;
#2725=VERTEX_POINT('',#2724) ;
#2750=VERTEX_POINT('',#2749) ;
#2793=VERTEX_POINT('',#2792) ;
#2800=VERTEX_POINT('',#2799) ;
#2825=VERTEX_POINT('',#2824) ;
#2850=VERTEX_POINT('',#2849) ;
#2893=VERTEX_POINT('',#2892) ;
#2900=VERTEX_POINT('',#2899) ;
#2925=VERTEX_POINT('',#2924) ;
#2950=VERTEX_POINT('',#2949) ;
#2993=VERTEX_POINT('',#2992) ;
#3000=VERTEX_POINT('',#2999) ;
#3025=VERTEX_POINT('',#3024) ;
#3050=VERTEX_POINT('',#3049) ;
#3093=VERTEX_POINT('',#3092) ;
#3100=VERTEX_POINT('',#3099) ;
#3125=VERTEX_POINT('',#3124) ;
#3150=VERTEX_POINT('',#3149) ;
#3193=VERTEX_POINT('',#3192) ;
#3200=VERTEX_POINT('',#3199) ;
#3225=VERTEX_POINT('',#3224) ;
#3250=VERTEX_POINT('',#3249) ;
#3293=VERTEX_POINT('',#3292) ;
#3300=VERTEX_POINT('',#3299) ;
#3332=VERTEX_POINT('',#3331) ;
#3357=VERTEX_POINT('',#3356) ;
#3400=VERTEX_POINT('',#3399) ;
#3407=VERTEX_POINT('',#3406) ;
#3432=VERTEX_POINT('',#3431) ;
#3457=VERTEX_POINT('',#3456) ;
#3500=VERTEX_POINT('',#3499) ;
#3507=VERTEX_POINT('',#3506) ;
#3532=VERTEX_POINT('',#3531) ;
#3557=VERTEX_POINT('',#3556) ;
#3600=VERTEX_POINT('',#3599) ;
#3607=VERTEX_POINT('',#3606) ;
#3632=VERTEX_POINT('',#3631) ;
#3657=VERTEX_POINT('',#3656) ;
#3700=VERTEX_POINT('',#3699) ;
#3707=VERTEX_POINT('',#3706) ;
#3732=VERTEX_POINT('',#3731) ;
#3757=VERTEX_POINT('',#3756) ;
#3834=VERTEX_POINT('',#3833) ;
#3836=VERTEX_POINT('',#3835) ;
#3843=VERTEX_POINT('',#3842) ;
#3850=VERTEX_POINT('',#3849) ;
#3868=VERTEX_POINT('',#3867) ;
#3870=VERTEX_POINT('',#3869) ;
#3877=VERTEX_POINT('',#3876) ;
#3884=VERTEX_POINT('',#3883) ;
#3902=VERTEX_POINT('',#3901) ;
#3904=VERTEX_POINT('',#3903) ;
#3911=VERTEX_POINT('',#3910) ;
#3918=VERTEX_POINT('',#3917) ;
#3936=VERTEX_POINT('',#3935) ;
#3938=VERTEX_POINT('',#3937) ;
#3945=VERTEX_POINT('',#3944) ;
#3952=VERTEX_POINT('',#3951) ;
#4172=VERTEX_POINT('',#4171) ;
#4179=VERTEX_POINT('',#4178) ;
#4204=VERTEX_POINT('',#4203) ;
#4229=VERTEX_POINT('',#4228) ;
#4272=VERTEX_POINT('',#4271) ;
#4279=VERTEX_POINT('',#4278) ;
#4304=VERTEX_POINT('',#4303) ;
#4329=VERTEX_POINT('',#4328) ;
#4372=VERTEX_POINT('',#4371) ;
#4379=VERTEX_POINT('',#4378) ;
#4404=VERTEX_POINT('',#4403) ;
#4429=VERTEX_POINT('',#4428) ;
#4472=VERTEX_POINT('',#4471) ;
#4479=VERTEX_POINT('',#4478) ;
#4504=VERTEX_POINT('',#4503) ;
#4529=VERTEX_POINT('',#4528) ;
#4585=VERTEX_POINT('',#4584) ;
#4592=VERTEX_POINT('',#4591) ;
#4617=VERTEX_POINT('',#4616) ;
#4642=VERTEX_POINT('',#4641) ;
#4685=VERTEX_POINT('',#4684) ;
#4692=VERTEX_POINT('',#4691) ;
#4717=VERTEX_POINT('',#4716) ;
#4742=VERTEX_POINT('',#4741) ;
#4785=VERTEX_POINT('',#4784) ;
#4792=VERTEX_POINT('',#4791) ;
#4817=VERTEX_POINT('',#4816) ;
#4842=VERTEX_POINT('',#4841) ;
#4885=VERTEX_POINT('',#4884) ;
#4892=VERTEX_POINT('',#4891) ;
#4917=VERTEX_POINT('',#4916) ;
#4942=VERTEX_POINT('',#4941) ;
#5037=VERTEX_POINT('',#5036) ;
#5044=VERTEX_POINT('',#5043) ;
#5069=VERTEX_POINT('',#5068) ;
#5094=VERTEX_POINT('',#5093) ;
#5137=VERTEX_POINT('',#5136) ;
#5144=VERTEX_POINT('',#5143) ;
#5169=VERTEX_POINT('',#5168) ;
#5194=VERTEX_POINT('',#5193) ;
#5237=VERTEX_POINT('',#5236) ;
#5244=VERTEX_POINT('',#5243) ;
#5269=VERTEX_POINT('',#5268) ;
#5294=VERTEX_POINT('',#5293) ;
#5337=VERTEX_POINT('',#5336) ;
#5344=VERTEX_POINT('',#5343) ;
#5369=VERTEX_POINT('',#5368) ;
#5394=VERTEX_POINT('',#5393) ;
#12=(LENGTH_UNIT()NAMED_UNIT(*)SI_UNIT(.MILLI.,.METRE.)) ;
#13=(NAMED_UNIT(*)PLANE_ANGLE_UNIT()SI_UNIT($,.RADIAN.)) ;
#14=(NAMED_UNIT(*)SI_UNIT($,.STERADIAN.)SOLID_ANGLE_UNIT()) ;
#16=(GEOMETRIC_REPRESENTATION_CONTEXT(3)GLOBAL_UNCERTAINTY_ASSIGNED_CONTEXT((#15))GLOBAL_UNIT_ASSIGNED_CONTEXT((#12,#13,#14))REPRESENTATION_CONTEXT(' ',' ')) ;
ENDSEC;
END-ISO-10303-21;
