ISO-10303-21;
HEADER;
FILE_DESCRIPTION(('CATIA V5 STEP Exchange','CAx-IF Rec.Pracs.--- Model Styling and Organization---1.4--- 2014-01-23'),'2;1');

FILE_NAME('Y:\\users\\pluess\\90120-0762.stp','2025-07-18T11:48:33+00:00',('none'),('none'),'CATIA Version 5-6 Release 2016 SP6 HF32','CATIA V5 STEP AP214','none');

FILE_SCHEMA(('AUTOMOTIVE_DESIGN { 1 0 10303 214 1 1 1 1 }'));

ENDSEC;
DATA;
#5=PRODUCT('901200762','901200762','NOT SPECIFIED',(#2)) ;
#2=PRODUCT_CONTEXT(' ',#1,'mechanical') ;
#1=APPLICATION_CONTEXT('automotive design') ;
#10=PRODUCT_DEFINITION('design',' ',#6,#3) ;
#3=PRODUCT_DEFINITION_CONTEXT('part definition',#1,' ') ;
#11=PRODUCT_DEFINITION_SHAPE(' ',' ',#10) ;
#2773=MECHANICAL_DESIGN_GEOMETRIC_PRESENTATION_REPRESENTATION(' ',(#514,#546,#571,#596,#621,#646,#671,#696,#721,#746,#771,#796,#821,#846,#871,#896,#914,#946,#971,#996,#1014,#1046,#1071,#1096,#1114,#1146,#1171,#1196,#1214,#1246,#1271,#1296,#1314,#1346,#1371,#1396,#1414,#1446,#1471,#1496,#1514,#1546,#1571,#1596,#1614,#1653,#1678,#1703,#1721,#1753,#1778,#1803,#1821,#1853,#1878,#1903,#1921,#2014,#2027,#2040,#2053,#2066,#2079,#2092,#2105,#2137,#2162,#2187,#2205,#2237,#2262,#2287,#2305,#2318,#2350,#2375,#2400,#2418,#2450,#2475,#2500,#2518,#2531,#2544,#2576,#2601,#2626,#2644,#2676,#2701,#2726,#2744,#2757,#2770,#29),#16) ;
#19=SHAPE_REPRESENTATION(' ',(#18),#16) ;
#18=AXIS2_PLACEMENT_3D(' ',#17,$,$) ;
#34=AXIS2_PLACEMENT_3D('Plane Axis2P3D',#31,#32,#33) ;
#518=AXIS2_PLACEMENT_3D('Plane Axis2P3D',#515,#516,#517) ;
#550=AXIS2_PLACEMENT_3D('Plane Axis2P3D',#547,#548,#549) ;
#575=AXIS2_PLACEMENT_3D('Plane Axis2P3D',#572,#573,#574) ;
#600=AXIS2_PLACEMENT_3D('Plane Axis2P3D',#597,#598,#599) ;
#625=AXIS2_PLACEMENT_3D('Plane Axis2P3D',#622,#623,#624) ;
#650=AXIS2_PLACEMENT_3D('Plane Axis2P3D',#647,#648,#649) ;
#675=AXIS2_PLACEMENT_3D('Plane Axis2P3D',#672,#673,#674) ;
#700=AXIS2_PLACEMENT_3D('Plane Axis2P3D',#697,#698,#699) ;
#725=AXIS2_PLACEMENT_3D('Plane Axis2P3D',#722,#723,#724) ;
#750=AXIS2_PLACEMENT_3D('Plane Axis2P3D',#747,#748,#749) ;
#775=AXIS2_PLACEMENT_3D('Plane Axis2P3D',#772,#773,#774) ;
#800=AXIS2_PLACEMENT_3D('Plane Axis2P3D',#797,#798,#799) ;
#825=AXIS2_PLACEMENT_3D('Plane Axis2P3D',#822,#823,#824) ;
#850=AXIS2_PLACEMENT_3D('Plane Axis2P3D',#847,#848,#849) ;
#875=AXIS2_PLACEMENT_3D('Plane Axis2P3D',#872,#873,#874) ;
#900=AXIS2_PLACEMENT_3D('Plane Axis2P3D',#897,#898,#899) ;
#918=AXIS2_PLACEMENT_3D('Plane Axis2P3D',#915,#916,#917) ;
#950=AXIS2_PLACEMENT_3D('Plane Axis2P3D',#947,#948,#949) ;
#975=AXIS2_PLACEMENT_3D('Plane Axis2P3D',#972,#973,#974) ;
#1000=AXIS2_PLACEMENT_3D('Plane Axis2P3D',#997,#998,#999) ;
#1018=AXIS2_PLACEMENT_3D('Plane Axis2P3D',#1015,#1016,#1017) ;
#1050=AXIS2_PLACEMENT_3D('Plane Axis2P3D',#1047,#1048,#1049) ;
#1075=AXIS2_PLACEMENT_3D('Plane Axis2P3D',#1072,#1073,#1074) ;
#1100=AXIS2_PLACEMENT_3D('Plane Axis2P3D',#1097,#1098,#1099) ;
#1118=AXIS2_PLACEMENT_3D('Plane Axis2P3D',#1115,#1116,#1117) ;
#1150=AXIS2_PLACEMENT_3D('Plane Axis2P3D',#1147,#1148,#1149) ;
#1175=AXIS2_PLACEMENT_3D('Plane Axis2P3D',#1172,#1173,#1174) ;
#1200=AXIS2_PLACEMENT_3D('Plane Axis2P3D',#1197,#1198,#1199) ;
#1218=AXIS2_PLACEMENT_3D('Plane Axis2P3D',#1215,#1216,#1217) ;
#1250=AXIS2_PLACEMENT_3D('Plane Axis2P3D',#1247,#1248,#1249) ;
#1275=AXIS2_PLACEMENT_3D('Plane Axis2P3D',#1272,#1273,#1274) ;
#1300=AXIS2_PLACEMENT_3D('Plane Axis2P3D',#1297,#1298,#1299) ;
#1318=AXIS2_PLACEMENT_3D('Plane Axis2P3D',#1315,#1316,#1317) ;
#1350=AXIS2_PLACEMENT_3D('Plane Axis2P3D',#1347,#1348,#1349) ;
#1375=AXIS2_PLACEMENT_3D('Plane Axis2P3D',#1372,#1373,#1374) ;
#1400=AXIS2_PLACEMENT_3D('Plane Axis2P3D',#1397,#1398,#1399) ;
#1418=AXIS2_PLACEMENT_3D('Plane Axis2P3D',#1415,#1416,#1417) ;
#1450=AXIS2_PLACEMENT_3D('Plane Axis2P3D',#1447,#1448,#1449) ;
#1475=AXIS2_PLACEMENT_3D('Plane Axis2P3D',#1472,#1473,#1474) ;
#1500=AXIS2_PLACEMENT_3D('Plane Axis2P3D',#1497,#1498,#1499) ;
#1518=AXIS2_PLACEMENT_3D('Plane Axis2P3D',#1515,#1516,#1517) ;
#1550=AXIS2_PLACEMENT_3D('Plane Axis2P3D',#1547,#1548,#1549) ;
#1575=AXIS2_PLACEMENT_3D('Plane Axis2P3D',#1572,#1573,#1574) ;
#1600=AXIS2_PLACEMENT_3D('Plane Axis2P3D',#1597,#1598,#1599) ;
#1618=AXIS2_PLACEMENT_3D('Plane Axis2P3D',#1615,#1616,#1617) ;
#1657=AXIS2_PLACEMENT_3D('Plane Axis2P3D',#1654,#1655,#1656) ;
#1682=AXIS2_PLACEMENT_3D('Plane Axis2P3D',#1679,#1680,#1681) ;
#1707=AXIS2_PLACEMENT_3D('Plane Axis2P3D',#1704,#1705,#1706) ;
#1725=AXIS2_PLACEMENT_3D('Plane Axis2P3D',#1722,#1723,#1724) ;
#1757=AXIS2_PLACEMENT_3D('Plane Axis2P3D',#1754,#1755,#1756) ;
#1782=AXIS2_PLACEMENT_3D('Plane Axis2P3D',#1779,#1780,#1781) ;
#1807=AXIS2_PLACEMENT_3D('Plane Axis2P3D',#1804,#1805,#1806) ;
#1825=AXIS2_PLACEMENT_3D('Plane Axis2P3D',#1822,#1823,#1824) ;
#1857=AXIS2_PLACEMENT_3D('Plane Axis2P3D',#1854,#1855,#1856) ;
#1882=AXIS2_PLACEMENT_3D('Plane Axis2P3D',#1879,#1880,#1881) ;
#1907=AXIS2_PLACEMENT_3D('Plane Axis2P3D',#1904,#1905,#1906) ;
#1925=AXIS2_PLACEMENT_3D('Plane Axis2P3D',#1922,#1923,#1924) ;
#2018=AXIS2_PLACEMENT_3D('Plane Axis2P3D',#2015,#2016,#2017) ;
#2031=AXIS2_PLACEMENT_3D('Plane Axis2P3D',#2028,#2029,#2030) ;
#2044=AXIS2_PLACEMENT_3D('Plane Axis2P3D',#2041,#2042,#2043) ;
#2057=AXIS2_PLACEMENT_3D('Plane Axis2P3D',#2054,#2055,#2056) ;
#2070=AXIS2_PLACEMENT_3D('Plane Axis2P3D',#2067,#2068,#2069) ;
#2083=AXIS2_PLACEMENT_3D('Plane Axis2P3D',#2080,#2081,#2082) ;
#2096=AXIS2_PLACEMENT_3D('Plane Axis2P3D',#2093,#2094,#2095) ;
#2109=AXIS2_PLACEMENT_3D('Plane Axis2P3D',#2106,#2107,#2108) ;
#2141=AXIS2_PLACEMENT_3D('Plane Axis2P3D',#2138,#2139,#2140) ;
#2166=AXIS2_PLACEMENT_3D('Plane Axis2P3D',#2163,#2164,#2165) ;
#2191=AXIS2_PLACEMENT_3D('Plane Axis2P3D',#2188,#2189,#2190) ;
#2209=AXIS2_PLACEMENT_3D('Plane Axis2P3D',#2206,#2207,#2208) ;
#2241=AXIS2_PLACEMENT_3D('Plane Axis2P3D',#2238,#2239,#2240) ;
#2266=AXIS2_PLACEMENT_3D('Plane Axis2P3D',#2263,#2264,#2265) ;
#2291=AXIS2_PLACEMENT_3D('Plane Axis2P3D',#2288,#2289,#2290) ;
#2309=AXIS2_PLACEMENT_3D('Plane Axis2P3D',#2306,#2307,#2308) ;
#2322=AXIS2_PLACEMENT_3D('Plane Axis2P3D',#2319,#2320,#2321) ;
#2354=AXIS2_PLACEMENT_3D('Plane Axis2P3D',#2351,#2352,#2353) ;
#2379=AXIS2_PLACEMENT_3D('Plane Axis2P3D',#2376,#2377,#2378) ;
#2404=AXIS2_PLACEMENT_3D('Plane Axis2P3D',#2401,#2402,#2403) ;
#2422=AXIS2_PLACEMENT_3D('Plane Axis2P3D',#2419,#2420,#2421) ;
#2454=AXIS2_PLACEMENT_3D('Plane Axis2P3D',#2451,#2452,#2453) ;
#2479=AXIS2_PLACEMENT_3D('Plane Axis2P3D',#2476,#2477,#2478) ;
#2504=AXIS2_PLACEMENT_3D('Plane Axis2P3D',#2501,#2502,#2503) ;
#2522=AXIS2_PLACEMENT_3D('Plane Axis2P3D',#2519,#2520,#2521) ;
#2535=AXIS2_PLACEMENT_3D('Plane Axis2P3D',#2532,#2533,#2534) ;
#2548=AXIS2_PLACEMENT_3D('Plane Axis2P3D',#2545,#2546,#2547) ;
#2580=AXIS2_PLACEMENT_3D('Plane Axis2P3D',#2577,#2578,#2579) ;
#2605=AXIS2_PLACEMENT_3D('Plane Axis2P3D',#2602,#2603,#2604) ;
#2630=AXIS2_PLACEMENT_3D('Plane Axis2P3D',#2627,#2628,#2629) ;
#2648=AXIS2_PLACEMENT_3D('Plane Axis2P3D',#2645,#2646,#2647) ;
#2680=AXIS2_PLACEMENT_3D('Plane Axis2P3D',#2677,#2678,#2679) ;
#2705=AXIS2_PLACEMENT_3D('Plane Axis2P3D',#2702,#2703,#2704) ;
#2730=AXIS2_PLACEMENT_3D('Plane Axis2P3D',#2727,#2728,#2729) ;
#2748=AXIS2_PLACEMENT_3D('Plane Axis2P3D',#2745,#2746,#2747) ;
#2761=AXIS2_PLACEMENT_3D('Plane Axis2P3D',#2758,#2759,#2760) ;
#17=CARTESIAN_POINT(' ',(0.,0.,0.)) ;
#31=CARTESIAN_POINT('Axis2P3D Location',(0.,1.,0.)) ;
#36=CARTESIAN_POINT('Line Origine',(-1.29499999993,1.,-1.25)) ;
#40=CARTESIAN_POINT('Vertex',(-2.28999999911,1.,-1.25)) ;
#42=CARTESIAN_POINT('Vertex',(-0.300000000745,1.,-1.25)) ;
#45=CARTESIAN_POINT('Line Origine',(-2.41499999911,1.,-1.)) ;
#49=CARTESIAN_POINT('Vertex',(-2.53999999911,1.,-0.75)) ;
#52=CARTESIAN_POINT('Line Origine',(-2.53999999911,1.,0.)) ;
#56=CARTESIAN_POINT('Vertex',(-2.53999999911,1.,0.75)) ;
#59=CARTESIAN_POINT('Line Origine',(-2.41499999911,1.,1.)) ;
#63=CARTESIAN_POINT('Vertex',(-2.28999999911,1.,1.25)) ;
#66=CARTESIAN_POINT('Line Origine',(-1.29499999993,1.,1.25)) ;
#70=CARTESIAN_POINT('Vertex',(-0.300000000745,1.,1.25)) ;
#73=CARTESIAN_POINT('Line Origine',(-0.175000000745,1.,1.)) ;
#77=CARTESIAN_POINT('Vertex',(-0.0500000007451,1.,0.75)) ;
#80=CARTESIAN_POINT('Line Origine',(0.,1.,0.75)) ;
#84=CARTESIAN_POINT('Vertex',(0.0500000007451,1.,0.75)) ;
#87=CARTESIAN_POINT('Line Origine',(0.175000000745,1.,1.)) ;
#91=CARTESIAN_POINT('Vertex',(0.300000000745,1.,1.25)) ;
#94=CARTESIAN_POINT('Line Origine',(1.29499999993,1.,1.25)) ;
#98=CARTESIAN_POINT('Vertex',(2.28999999911,1.,1.25)) ;
#101=CARTESIAN_POINT('Line Origine',(2.41499999911,1.,1.)) ;
#105=CARTESIAN_POINT('Vertex',(2.53999999911,1.,0.75)) ;
#108=CARTESIAN_POINT('Line Origine',(2.53999999911,1.,0.)) ;
#112=CARTESIAN_POINT('Vertex',(2.53999999911,1.,-0.75)) ;
#115=CARTESIAN_POINT('Line Origine',(2.41499999911,1.,-1.)) ;
#119=CARTESIAN_POINT('Vertex',(2.28999999911,1.,-1.25)) ;
#122=CARTESIAN_POINT('Line Origine',(1.29499999993,1.,-1.25)) ;
#126=CARTESIAN_POINT('Vertex',(0.300000000745,1.,-1.25)) ;
#129=CARTESIAN_POINT('Line Origine',(0.175000000745,1.,-1.)) ;
#133=CARTESIAN_POINT('Vertex',(0.0500000007451,1.,-0.75)) ;
#136=CARTESIAN_POINT('Line Origine',(0.,1.,-0.75)) ;
#140=CARTESIAN_POINT('Vertex',(-0.0500000007451,1.,-0.75)) ;
#143=CARTESIAN_POINT('Line Origine',(-0.175000000745,1.,-1.)) ;
#166=CARTESIAN_POINT('Line Origine',(0.772499999963,1.,-1.19999999925)) ;
#170=CARTESIAN_POINT('Vertex',(1.08999999985,1.,-1.19999999925)) ;
#172=CARTESIAN_POINT('Vertex',(0.455000000075,1.,-1.19999999925)) ;
#175=CARTESIAN_POINT('Line Origine',(0.94566243235,1.,-0.949999999255)) ;
#179=CARTESIAN_POINT('Vertex',(0.801324864849,1.,-0.699999999255)) ;
#182=CARTESIAN_POINT('Line Origine',(0.483824864961,1.,-0.699999999255)) ;
#186=CARTESIAN_POINT('Vertex',(0.166324865073,1.,-0.699999999255)) ;
#189=CARTESIAN_POINT('Line Origine',(0.310662432574,1.,-0.949999999255)) ;
#200=CARTESIAN_POINT('Line Origine',(1.76750000007,1.,1.19999999925)) ;
#204=CARTESIAN_POINT('Vertex',(1.44999999925,1.,1.19999999925)) ;
#206=CARTESIAN_POINT('Vertex',(2.08500000089,1.,1.19999999925)) ;
#209=CARTESIAN_POINT('Line Origine',(1.59433756676,1.,0.949999999255)) ;
#213=CARTESIAN_POINT('Vertex',(1.73867513426,1.,0.699999999255)) ;
#216=CARTESIAN_POINT('Line Origine',(2.05617513414,1.,0.699999999255)) ;
#220=CARTESIAN_POINT('Vertex',(2.37367513403,1.,0.699999999255)) ;
#223=CARTESIAN_POINT('Line Origine',(2.22933756746,1.,0.949999999255)) ;
#234=CARTESIAN_POINT('Line Origine',(0.310662432574,1.,0.949999999255)) ;
#238=CARTESIAN_POINT('Vertex',(0.166324865073,1.,0.699999999255)) ;
#240=CARTESIAN_POINT('Vertex',(0.455000000075,1.,1.19999999925)) ;
#243=CARTESIAN_POINT('Line Origine',(0.483824864961,1.,0.699999999255)) ;
#247=CARTESIAN_POINT('Vertex',(0.801324864849,1.,0.699999999255)) ;
#250=CARTESIAN_POINT('Line Origine',(0.94566243235,1.,0.949999999255)) ;
#254=CARTESIAN_POINT('Vertex',(1.08999999985,1.,1.19999999925)) ;
#257=CARTESIAN_POINT('Line Origine',(0.772499999963,1.,1.19999999925)) ;
#268=CARTESIAN_POINT('Line Origine',(-0.310662432574,1.,-0.949999999255)) ;
#272=CARTESIAN_POINT('Vertex',(-0.166324865073,1.,-0.699999999255)) ;
#274=CARTESIAN_POINT('Vertex',(-0.455000000075,1.,-1.19999999925)) ;
#277=CARTESIAN_POINT('Line Origine',(-0.483824864961,1.,-0.699999999255)) ;
#281=CARTESIAN_POINT('Vertex',(-0.801324864849,1.,-0.699999999255)) ;
#284=CARTESIAN_POINT('Line Origine',(-0.94566243235,1.,-0.949999999255)) ;
#288=CARTESIAN_POINT('Vertex',(-1.08999999985,1.,-1.19999999925)) ;
#291=CARTESIAN_POINT('Line Origine',(-0.772499999963,1.,-1.19999999925)) ;
#302=CARTESIAN_POINT('Line Origine',(-1.76750000007,1.,-1.19999999925)) ;
#306=CARTESIAN_POINT('Vertex',(-1.44999999925,1.,-1.19999999925)) ;
#308=CARTESIAN_POINT('Vertex',(-2.08500000089,1.,-1.19999999925)) ;
#311=CARTESIAN_POINT('Line Origine',(-1.59433756676,1.,-0.949999999255)) ;
#315=CARTESIAN_POINT('Vertex',(-1.73867513426,1.,-0.699999999255)) ;
#318=CARTESIAN_POINT('Line Origine',(-2.05617513414,1.,-0.699999999255)) ;
#322=CARTESIAN_POINT('Vertex',(-2.37367513403,1.,-0.699999999255)) ;
#325=CARTESIAN_POINT('Line Origine',(-2.22933756746,1.,-0.949999999255)) ;
#336=CARTESIAN_POINT('Line Origine',(-0.772499999963,1.,1.19999999925)) ;
#340=CARTESIAN_POINT('Vertex',(-1.08999999985,1.,1.19999999925)) ;
#342=CARTESIAN_POINT('Vertex',(-0.455000000075,1.,1.19999999925)) ;
#345=CARTESIAN_POINT('Line Origine',(-0.94566243235,1.,0.949999999255)) ;
#349=CARTESIAN_POINT('Vertex',(-0.801324864849,1.,0.699999999255)) ;
#352=CARTESIAN_POINT('Line Origine',(-0.483824864961,1.,0.699999999255)) ;
#356=CARTESIAN_POINT('Vertex',(-0.166324865073,1.,0.699999999255)) ;
#359=CARTESIAN_POINT('Line Origine',(-0.310662432574,1.,0.949999999255)) ;
#370=CARTESIAN_POINT('Line Origine',(-2.22933756746,1.,0.949999999255)) ;
#374=CARTESIAN_POINT('Vertex',(-2.37367513403,1.,0.699999999255)) ;
#376=CARTESIAN_POINT('Vertex',(-2.08500000089,1.,1.19999999925)) ;
#379=CARTESIAN_POINT('Line Origine',(-2.05617513414,1.,0.699999999255)) ;
#383=CARTESIAN_POINT('Vertex',(-1.73867513426,1.,0.699999999255)) ;
#386=CARTESIAN_POINT('Line Origine',(-1.59433756676,1.,0.949999999255)) ;
#390=CARTESIAN_POINT('Vertex',(-1.44999999925,1.,1.19999999925)) ;
#393=CARTESIAN_POINT('Line Origine',(-1.76750000007,1.,1.19999999925)) ;
#404=CARTESIAN_POINT('Line Origine',(1.59500000067,1.,0.)) ;
#408=CARTESIAN_POINT('Vertex',(1.59500000067,1.,-0.324999999255)) ;
#410=CARTESIAN_POINT('Vertex',(1.59500000067,1.,0.324999999255)) ;
#413=CARTESIAN_POINT('Line Origine',(1.27000000048,1.,0.324999999255)) ;
#417=CARTESIAN_POINT('Vertex',(0.945000000298,1.,0.324999999255)) ;
#420=CARTESIAN_POINT('Line Origine',(0.945000000298,1.,0.)) ;
#424=CARTESIAN_POINT('Vertex',(0.945000000298,1.,-0.324999999255)) ;
#427=CARTESIAN_POINT('Line Origine',(1.27000000048,1.,-0.324999999255)) ;
#438=CARTESIAN_POINT('Line Origine',(-0.945000000298,1.,0.)) ;
#442=CARTESIAN_POINT('Vertex',(-0.945000000298,1.,-0.324999999255)) ;
#444=CARTESIAN_POINT('Vertex',(-0.945000000298,1.,0.324999999255)) ;
#447=CARTESIAN_POINT('Line Origine',(-1.27000000048,1.,0.324999999255)) ;
#451=CARTESIAN_POINT('Vertex',(-1.59500000067,1.,0.324999999255)) ;
#454=CARTESIAN_POINT('Line Origine',(-1.59500000067,1.,0.)) ;
#458=CARTESIAN_POINT('Vertex',(-1.59500000067,1.,-0.324999999255)) ;
#461=CARTESIAN_POINT('Line Origine',(-1.27000000048,1.,-0.324999999255)) ;
#472=CARTESIAN_POINT('Line Origine',(2.22933756746,1.,-0.949999999255)) ;
#476=CARTESIAN_POINT('Vertex',(2.37367513403,1.,-0.699999999255)) ;
#478=CARTESIAN_POINT('Vertex',(2.08500000089,1.,-1.19999999925)) ;
#481=CARTESIAN_POINT('Line Origine',(2.05617513414,1.,-0.699999999255)) ;
#485=CARTESIAN_POINT('Vertex',(1.73867513426,1.,-0.699999999255)) ;
#488=CARTESIAN_POINT('Line Origine',(1.59433756676,1.,-0.949999999255)) ;
#492=CARTESIAN_POINT('Vertex',(1.44999999925,1.,-1.19999999925)) ;
#495=CARTESIAN_POINT('Line Origine',(1.76750000007,1.,-1.19999999925)) ;
#515=CARTESIAN_POINT('Axis2P3D Location',(-2.29,1.,-1.25)) ;
#520=CARTESIAN_POINT('Line Origine',(-1.29499999989,-1.,-1.25)) ;
#524=CARTESIAN_POINT('Vertex',(-2.28999999911,-1.,-1.25)) ;
#526=CARTESIAN_POINT('Vertex',(-0.300000000745,-1.,-1.25)) ;
#529=CARTESIAN_POINT('Line Origine',(-2.29,0.,-1.25)) ;
#534=CARTESIAN_POINT('Line Origine',(-0.299999999776,0.,-1.25)) ;
#547=CARTESIAN_POINT('Axis2P3D Location',(-2.54,1.,-0.75)) ;
#552=CARTESIAN_POINT('Line Origine',(-2.41499999983,-1.,-1.00000000034)) ;
#556=CARTESIAN_POINT('Vertex',(-2.53999999911,-1.,-0.75)) ;
#559=CARTESIAN_POINT('Line Origine',(-2.54,-2.22044604925E-016,-0.75)) ;
#572=CARTESIAN_POINT('Axis2P3D Location',(-2.54,1.,0.75)) ;
#577=CARTESIAN_POINT('Line Origine',(-2.54,-1.,0.)) ;
#581=CARTESIAN_POINT('Vertex',(-2.53999999911,-1.,0.75)) ;
#584=CARTESIAN_POINT('Line Origine',(-2.54,0.,0.75)) ;
#597=CARTESIAN_POINT('Axis2P3D Location',(-2.29,1.,1.25)) ;
#602=CARTESIAN_POINT('Line Origine',(-2.41500000017,-1.,0.999999999661)) ;
#606=CARTESIAN_POINT('Vertex',(-2.28999999911,-1.,1.25)) ;
#609=CARTESIAN_POINT('Line Origine',(-2.29,-2.22044604925E-016,1.25)) ;
#622=CARTESIAN_POINT('Axis2P3D Location',(2.29,1.,1.25)) ;
#627=CARTESIAN_POINT('Line Origine',(-1.29499999996,-1.,1.25)) ;
#631=CARTESIAN_POINT('Vertex',(-0.300000000745,-1.,1.25)) ;
#634=CARTESIAN_POINT('Line Origine',(-0.299999999851,0.,1.25)) ;
#647=CARTESIAN_POINT('Axis2P3D Location',(-0.05,1.,0.75)) ;
#652=CARTESIAN_POINT('Line Origine',(-0.175000000169,-1.,1.00000000034)) ;
#656=CARTESIAN_POINT('Vertex',(-0.0500000007451,-1.,0.75)) ;
#659=CARTESIAN_POINT('Line Origine',(-0.05,-2.22044604925E-016,0.75)) ;
#672=CARTESIAN_POINT('Axis2P3D Location',(0.05,1.,0.75)) ;
#677=CARTESIAN_POINT('Line Origine',(1.86254511814E-010,-1.,0.75)) ;
#681=CARTESIAN_POINT('Vertex',(0.0500000007451,-1.,0.75)) ;
#684=CARTESIAN_POINT('Line Origine',(0.05,0.,0.75)) ;
#697=CARTESIAN_POINT('Axis2P3D Location',(0.3,1.,1.25)) ;
#702=CARTESIAN_POINT('Line Origine',(0.174999999831,-1.,0.999999999661)) ;
#706=CARTESIAN_POINT('Vertex',(0.300000000745,-1.,1.25)) ;
#709=CARTESIAN_POINT('Line Origine',(0.3,-2.22044604925E-016,1.25)) ;
#722=CARTESIAN_POINT('Axis2P3D Location',(2.29,1.,1.25)) ;
#727=CARTESIAN_POINT('Line Origine',(1.29499999989,-1.,1.25)) ;
#731=CARTESIAN_POINT('Vertex',(2.28999999911,-1.,1.25)) ;
#734=CARTESIAN_POINT('Line Origine',(2.29,0.,1.25)) ;
#747=CARTESIAN_POINT('Axis2P3D Location',(2.54,1.,0.75)) ;
#752=CARTESIAN_POINT('Line Origine',(2.41499999983,-1.,1.00000000034)) ;
#756=CARTESIAN_POINT('Vertex',(2.53999999911,-1.,0.75)) ;
#759=CARTESIAN_POINT('Line Origine',(2.54,-2.22044604925E-016,0.75)) ;
#772=CARTESIAN_POINT('Axis2P3D Location',(2.54,1.,-0.75)) ;
#777=CARTESIAN_POINT('Line Origine',(2.54,-1.,0.)) ;
#781=CARTESIAN_POINT('Vertex',(2.53999999911,-1.,-0.75)) ;
#784=CARTESIAN_POINT('Line Origine',(2.54,0.,-0.75)) ;
#797=CARTESIAN_POINT('Axis2P3D Location',(2.29,1.,-1.25)) ;
#802=CARTESIAN_POINT('Line Origine',(2.41500000017,-1.,-0.999999999661)) ;
#806=CARTESIAN_POINT('Vertex',(2.28999999911,-1.,-1.25)) ;
#809=CARTESIAN_POINT('Line Origine',(2.29,-2.22044604925E-016,-1.25)) ;
#822=CARTESIAN_POINT('Axis2P3D Location',(-2.29,1.,-1.25)) ;
#827=CARTESIAN_POINT('Line Origine',(1.29499999996,-1.,-1.25)) ;
#831=CARTESIAN_POINT('Vertex',(0.300000000745,-1.,-1.25)) ;
#834=CARTESIAN_POINT('Line Origine',(0.299999999851,0.,-1.25)) ;
#847=CARTESIAN_POINT('Axis2P3D Location',(0.05,1.,-0.75)) ;
#852=CARTESIAN_POINT('Line Origine',(0.175000000169,-1.,-1.00000000034)) ;
#856=CARTESIAN_POINT('Vertex',(0.0500000007451,-1.,-0.75)) ;
#859=CARTESIAN_POINT('Line Origine',(0.05,-2.22044604925E-016,-0.75)) ;
#872=CARTESIAN_POINT('Axis2P3D Location',(-0.05,1.,-0.75)) ;
#877=CARTESIAN_POINT('Line Origine',(-1.86254511814E-010,-1.,-0.75)) ;
#881=CARTESIAN_POINT('Vertex',(-0.0500000007451,-1.,-0.75)) ;
#884=CARTESIAN_POINT('Line Origine',(-0.05,0.,-0.75)) ;
#897=CARTESIAN_POINT('Axis2P3D Location',(-0.3,1.,-1.25)) ;
#902=CARTESIAN_POINT('Line Origine',(-0.174999999831,-1.,-0.999999999661)) ;
#915=CARTESIAN_POINT('Axis2P3D Location',(1.09,1.,-1.2)) ;
#920=CARTESIAN_POINT('Line Origine',(0.455000000224,1.25,-1.2)) ;
#924=CARTESIAN_POINT('Vertex',(0.455000000075,1.5,-1.19999999925)) ;
#927=CARTESIAN_POINT('Line Origine',(0.772500000112,1.5,-1.2)) ;
#931=CARTESIAN_POINT('Vertex',(1.08999999985,1.5,-1.19999999925)) ;
#934=CARTESIAN_POINT('Line Origine',(1.09,1.25,-1.2)) ;
#947=CARTESIAN_POINT('Axis2P3D Location',(0.801324865405,1.,-0.7)) ;
#952=CARTESIAN_POINT('Line Origine',(0.945662432906,1.5,-0.950000000352)) ;
#956=CARTESIAN_POINT('Vertex',(0.801324864849,1.5,-0.699999999255)) ;
#959=CARTESIAN_POINT('Line Origine',(0.801324865405,1.25,-0.7)) ;
#972=CARTESIAN_POINT('Axis2P3D Location',(0.166324865405,1.,-0.7)) ;
#977=CARTESIAN_POINT('Line Origine',(0.483824865293,1.5,-0.7)) ;
#981=CARTESIAN_POINT('Vertex',(0.166324865073,1.5,-0.699999999255)) ;
#984=CARTESIAN_POINT('Line Origine',(0.166324865405,1.25,-0.7)) ;
#997=CARTESIAN_POINT('Axis2P3D Location',(0.455,1.,-1.2)) ;
#1002=CARTESIAN_POINT('Line Origine',(0.310662432499,1.5,-0.949999999648)) ;
#1015=CARTESIAN_POINT('Axis2P3D Location',(1.45,1.,1.2)) ;
#1020=CARTESIAN_POINT('Line Origine',(2.08499999978,1.25,1.2)) ;
#1024=CARTESIAN_POINT('Vertex',(2.08500000089,1.5,1.19999999925)) ;
#1027=CARTESIAN_POINT('Line Origine',(1.76749999989,1.5,1.2)) ;
#1031=CARTESIAN_POINT('Vertex',(1.44999999925,1.5,1.19999999925)) ;
#1034=CARTESIAN_POINT('Line Origine',(1.45,1.25,1.2)) ;
#1047=CARTESIAN_POINT('Axis2P3D Location',(1.7386751346,1.,0.7)) ;
#1052=CARTESIAN_POINT('Line Origine',(1.59433756709,1.5,0.950000000352)) ;
#1056=CARTESIAN_POINT('Vertex',(1.73867513426,1.5,0.699999999255)) ;
#1059=CARTESIAN_POINT('Line Origine',(1.7386751346,1.25,0.7)) ;
#1072=CARTESIAN_POINT('Axis2P3D Location',(2.3736751346,1.,0.7)) ;
#1077=CARTESIAN_POINT('Line Origine',(2.05617513471,1.5,0.7)) ;
#1081=CARTESIAN_POINT('Vertex',(2.37367513403,1.5,0.699999999255)) ;
#1084=CARTESIAN_POINT('Line Origine',(2.3736751346,1.25,0.7)) ;
#1097=CARTESIAN_POINT('Axis2P3D Location',(2.085,1.,1.2)) ;
#1102=CARTESIAN_POINT('Line Origine',(2.2293375675,1.5,0.949999999648)) ;
#1115=CARTESIAN_POINT('Axis2P3D Location',(0.166324865405,1.,0.7)) ;
#1120=CARTESIAN_POINT('Line Origine',(0.455000000407,1.25,1.2000000007)) ;
#1124=CARTESIAN_POINT('Vertex',(0.455000000075,1.5,1.19999999925)) ;
#1127=CARTESIAN_POINT('Line Origine',(0.310662432906,1.5,0.950000000352)) ;
#1131=CARTESIAN_POINT('Vertex',(0.166324865073,1.5,0.699999999255)) ;
#1134=CARTESIAN_POINT('Line Origine',(0.166324865405,1.25,0.7)) ;
#1147=CARTESIAN_POINT('Axis2P3D Location',(0.801324865405,1.,0.7)) ;
#1152=CARTESIAN_POINT('Line Origine',(0.483824865517,1.5,0.7)) ;
#1156=CARTESIAN_POINT('Vertex',(0.801324864849,1.5,0.699999999255)) ;
#1159=CARTESIAN_POINT('Line Origine',(0.801324865405,1.25,0.7)) ;
#1172=CARTESIAN_POINT('Axis2P3D Location',(1.09,1.,1.2)) ;
#1177=CARTESIAN_POINT('Line Origine',(0.945662432499,1.5,0.949999999648)) ;
#1181=CARTESIAN_POINT('Vertex',(1.08999999985,1.5,1.19999999925)) ;
#1184=CARTESIAN_POINT('Line Origine',(1.09,1.25,1.2)) ;
#1197=CARTESIAN_POINT('Axis2P3D Location',(0.455,1.,1.2)) ;
#1202=CARTESIAN_POINT('Line Origine',(0.772499999888,1.5,1.2)) ;
#1215=CARTESIAN_POINT('Axis2P3D Location',(-0.166324865405,1.,-0.7)) ;
#1220=CARTESIAN_POINT('Line Origine',(-0.455000000407,1.25,-1.2000000007)) ;
#1224=CARTESIAN_POINT('Vertex',(-0.455,1.5,-1.2)) ;
#1227=CARTESIAN_POINT('Line Origine',(-0.310662432906,1.5,-0.950000000352)) ;
#1231=CARTESIAN_POINT('Vertex',(-0.166324865405,1.5,-0.7)) ;
#1234=CARTESIAN_POINT('Line Origine',(-0.166324865405,1.25,-0.7)) ;
#1247=CARTESIAN_POINT('Axis2P3D Location',(-0.801324865405,1.,-0.7)) ;
#1252=CARTESIAN_POINT('Line Origine',(-0.483824865517,1.5,-0.7)) ;
#1256=CARTESIAN_POINT('Vertex',(-0.801324865405,1.5,-0.7)) ;
#1259=CARTESIAN_POINT('Line Origine',(-0.801324865405,1.25,-0.7)) ;
#1272=CARTESIAN_POINT('Axis2P3D Location',(-1.09,1.,-1.2)) ;
#1277=CARTESIAN_POINT('Line Origine',(-0.945662432499,1.5,-0.949999999648)) ;
#1281=CARTESIAN_POINT('Vertex',(-1.08999999978,1.5,-1.2)) ;
#1284=CARTESIAN_POINT('Line Origine',(-1.09,1.25,-1.2)) ;
#1297=CARTESIAN_POINT('Axis2P3D Location',(-0.455,1.,-1.2)) ;
#1302=CARTESIAN_POINT('Line Origine',(-0.772499999888,1.5,-1.2)) ;
#1315=CARTESIAN_POINT('Axis2P3D Location',(-1.45,1.,-1.2)) ;
#1320=CARTESIAN_POINT('Line Origine',(-2.08499999978,1.25,-1.2)) ;
#1324=CARTESIAN_POINT('Vertex',(-2.08500000089,1.5,-1.19999999925)) ;
#1327=CARTESIAN_POINT('Line Origine',(-1.76749999989,1.5,-1.2)) ;
#1331=CARTESIAN_POINT('Vertex',(-1.44999999925,1.5,-1.19999999925)) ;
#1334=CARTESIAN_POINT('Line Origine',(-1.45,1.25,-1.2)) ;
#1347=CARTESIAN_POINT('Axis2P3D Location',(-1.7386751346,1.,-0.7)) ;
#1352=CARTESIAN_POINT('Line Origine',(-1.59433756709,1.5,-0.950000000352)) ;
#1356=CARTESIAN_POINT('Vertex',(-1.73867513426,1.5,-0.699999999255)) ;
#1359=CARTESIAN_POINT('Line Origine',(-1.7386751346,1.25,-0.7)) ;
#1372=CARTESIAN_POINT('Axis2P3D Location',(-2.3736751346,1.,-0.7)) ;
#1377=CARTESIAN_POINT('Line Origine',(-2.05617513471,1.5,-0.7)) ;
#1381=CARTESIAN_POINT('Vertex',(-2.37367513403,1.5,-0.699999999255)) ;
#1384=CARTESIAN_POINT('Line Origine',(-2.3736751346,1.25,-0.7)) ;
#1397=CARTESIAN_POINT('Axis2P3D Location',(-2.085,1.,-1.2)) ;
#1402=CARTESIAN_POINT('Line Origine',(-2.2293375675,1.5,-0.949999999648)) ;
#1415=CARTESIAN_POINT('Axis2P3D Location',(-1.09,1.,1.2)) ;
#1420=CARTESIAN_POINT('Line Origine',(-0.455000000224,1.25,1.2)) ;
#1424=CARTESIAN_POINT('Vertex',(-0.455000000075,1.5,1.19999999925)) ;
#1427=CARTESIAN_POINT('Line Origine',(-0.772500000112,1.5,1.2)) ;
#1431=CARTESIAN_POINT('Vertex',(-1.08999999985,1.5,1.19999999925)) ;
#1434=CARTESIAN_POINT('Line Origine',(-1.09,1.25,1.2)) ;
#1447=CARTESIAN_POINT('Axis2P3D Location',(-0.801324865405,1.,0.7)) ;
#1452=CARTESIAN_POINT('Line Origine',(-0.945662432906,1.5,0.950000000352)) ;
#1456=CARTESIAN_POINT('Vertex',(-0.801324864849,1.5,0.699999999255)) ;
#1459=CARTESIAN_POINT('Line Origine',(-0.801324865405,1.25,0.7)) ;
#1472=CARTESIAN_POINT('Axis2P3D Location',(-0.166324865405,1.,0.7)) ;
#1477=CARTESIAN_POINT('Line Origine',(-0.483824865293,1.5,0.7)) ;
#1481=CARTESIAN_POINT('Vertex',(-0.166324865073,1.5,0.699999999255)) ;
#1484=CARTESIAN_POINT('Line Origine',(-0.166324865405,1.25,0.7)) ;
#1497=CARTESIAN_POINT('Axis2P3D Location',(-0.455,1.,1.2)) ;
#1502=CARTESIAN_POINT('Line Origine',(-0.310662432499,1.5,0.949999999648)) ;
#1515=CARTESIAN_POINT('Axis2P3D Location',(-2.3736751346,1.,0.7)) ;
#1520=CARTESIAN_POINT('Line Origine',(-2.08499999959,1.25,1.2000000007)) ;
#1524=CARTESIAN_POINT('Vertex',(-2.08500000089,1.5,1.19999999925)) ;
#1527=CARTESIAN_POINT('Line Origine',(-2.22933756709,1.5,0.950000000352)) ;
#1531=CARTESIAN_POINT('Vertex',(-2.37367513403,1.5,0.699999999255)) ;
#1534=CARTESIAN_POINT('Line Origine',(-2.3736751346,1.25,0.7)) ;
#1547=CARTESIAN_POINT('Axis2P3D Location',(-1.7386751346,1.,0.7)) ;
#1552=CARTESIAN_POINT('Line Origine',(-2.05617513448,1.5,0.7)) ;
#1556=CARTESIAN_POINT('Vertex',(-1.73867513426,1.5,0.699999999255)) ;
#1559=CARTESIAN_POINT('Line Origine',(-1.7386751346,1.25,0.7)) ;
#1572=CARTESIAN_POINT('Axis2P3D Location',(-1.45,1.,1.2)) ;
#1577=CARTESIAN_POINT('Line Origine',(-1.5943375675,1.5,0.949999999648)) ;
#1581=CARTESIAN_POINT('Vertex',(-1.44999999925,1.5,1.19999999925)) ;
#1584=CARTESIAN_POINT('Line Origine',(-1.45,1.25,1.2)) ;
#1597=CARTESIAN_POINT('Axis2P3D Location',(-2.085,1.,1.2)) ;
#1602=CARTESIAN_POINT('Line Origine',(-1.76750000011,1.5,1.2)) ;
#1615=CARTESIAN_POINT('Axis2P3D Location',(1.595,-7.75,-0.325)) ;
#1620=CARTESIAN_POINT('Line Origine',(1.595,2.35850000009,0.325000000373)) ;
#1624=CARTESIAN_POINT('Vertex',(1.59500000005,3.71699999985,0.324999999255)) ;
#1627=CARTESIAN_POINT('Line Origine',(1.595,2.35850000009,-0.325)) ;
#1631=CARTESIAN_POINT('Vertex',(1.59500000067,3.71700000018,-0.325)) ;
#1634=CARTESIAN_POINT('Line Origine',(1.595,3.71700000018,1.86264503821E-010)) ;
#1654=CARTESIAN_POINT('Axis2P3D Location',(0.,0.,0.325)) ;
#1659=CARTESIAN_POINT('Line Origine',(0.945000000298,2.35850000009,0.325)) ;
#1663=CARTESIAN_POINT('Vertex',(0.945000000298,3.71700000018,0.325)) ;
#1666=CARTESIAN_POINT('Line Origine',(1.27000000048,3.71700000018,0.325)) ;
#1679=CARTESIAN_POINT('Axis2P3D Location',(0.945,4.367,-0.325)) ;
#1684=CARTESIAN_POINT('Line Origine',(0.945,2.35849999954,-0.325)) ;
#1688=CARTESIAN_POINT('Vertex',(0.945000000298,3.71700000018,-0.325)) ;
#1691=CARTESIAN_POINT('Line Origine',(0.945,3.71699999963,1.86264503821E-010)) ;
#1704=CARTESIAN_POINT('Axis2P3D Location',(0.,0.,-0.325)) ;
#1709=CARTESIAN_POINT('Line Origine',(1.27000000048,3.71700000018,-0.325)) ;
#1722=CARTESIAN_POINT('Axis2P3D Location',(-0.945,-7.75,-0.325)) ;
#1727=CARTESIAN_POINT('Line Origine',(-0.945,2.35850000009,0.325000000373)) ;
#1731=CARTESIAN_POINT('Vertex',(-0.944999999953,3.71699999985,0.324999999255)) ;
#1734=CARTESIAN_POINT('Line Origine',(-0.945,2.35850000009,-0.325)) ;
#1738=CARTESIAN_POINT('Vertex',(-0.945000000298,3.71700000018,-0.325)) ;
#1741=CARTESIAN_POINT('Line Origine',(-0.945,3.71700000018,1.86264503821E-010)) ;
#1754=CARTESIAN_POINT('Axis2P3D Location',(0.,0.,0.325)) ;
#1759=CARTESIAN_POINT('Line Origine',(-1.59500000067,2.35850000009,0.325)) ;
#1763=CARTESIAN_POINT('Vertex',(-1.59500000067,3.71700000018,0.325)) ;
#1766=CARTESIAN_POINT('Line Origine',(-1.27000000048,3.71700000018,0.325)) ;
#1779=CARTESIAN_POINT('Axis2P3D Location',(-1.595,4.367,-0.325)) ;
#1784=CARTESIAN_POINT('Line Origine',(-1.595,2.35849999954,-0.325)) ;
#1788=CARTESIAN_POINT('Vertex',(-1.59500000067,3.71700000018,-0.325)) ;
#1791=CARTESIAN_POINT('Line Origine',(-1.595,3.71699999963,1.86264503821E-010)) ;
#1804=CARTESIAN_POINT('Axis2P3D Location',(0.,0.,-0.325)) ;
#1809=CARTESIAN_POINT('Line Origine',(-1.27000000048,3.71700000018,-0.325)) ;
#1822=CARTESIAN_POINT('Axis2P3D Location',(2.3736751346,1.,-0.7)) ;
#1827=CARTESIAN_POINT('Line Origine',(2.08499999959,1.25,-1.2000000007)) ;
#1831=CARTESIAN_POINT('Vertex',(2.085,1.5,-1.2)) ;
#1834=CARTESIAN_POINT('Line Origine',(2.22933756709,1.5,-0.950000000352)) ;
#1838=CARTESIAN_POINT('Vertex',(2.3736751346,1.5,-0.7)) ;
#1841=CARTESIAN_POINT('Line Origine',(2.3736751346,1.25,-0.7)) ;
#1854=CARTESIAN_POINT('Axis2P3D Location',(1.7386751346,1.,-0.7)) ;
#1859=CARTESIAN_POINT('Line Origine',(2.05617513448,1.5,-0.7)) ;
#1863=CARTESIAN_POINT('Vertex',(1.7386751346,1.5,-0.7)) ;
#1866=CARTESIAN_POINT('Line Origine',(1.7386751346,1.25,-0.7)) ;
#1879=CARTESIAN_POINT('Axis2P3D Location',(1.45,1.,-1.2)) ;
#1884=CARTESIAN_POINT('Line Origine',(1.5943375675,1.5,-0.949999999648)) ;
#1888=CARTESIAN_POINT('Vertex',(1.45000000022,1.5,-1.2)) ;
#1891=CARTESIAN_POINT('Line Origine',(1.45,1.25,-1.2)) ;
#1904=CARTESIAN_POINT('Axis2P3D Location',(2.085,1.,-1.2)) ;
#1909=CARTESIAN_POINT('Line Origine',(1.76750000011,1.5,-1.2)) ;
#1922=CARTESIAN_POINT('Axis2P3D Location',(0.,-1.,0.)) ;
#1945=CARTESIAN_POINT('Line Origine',(-1.59500000067,-1.,0.)) ;
#1949=CARTESIAN_POINT('Vertex',(-1.59500000067,-1.,-0.324999999255)) ;
#1951=CARTESIAN_POINT('Vertex',(-1.59500000067,-1.,0.324999999255)) ;
#1954=CARTESIAN_POINT('Line Origine',(-1.27000000048,-1.,0.324999999255)) ;
#1958=CARTESIAN_POINT('Vertex',(-0.945000000298,-1.,0.324999999255)) ;
#1961=CARTESIAN_POINT('Line Origine',(-0.945000000298,-1.,0.)) ;
#1965=CARTESIAN_POINT('Vertex',(-0.945000000298,-1.,-0.324999999255)) ;
#1968=CARTESIAN_POINT('Line Origine',(-1.27000000048,-1.,-0.324999999255)) ;
#1979=CARTESIAN_POINT('Line Origine',(0.945000000298,-1.,0.)) ;
#1983=CARTESIAN_POINT('Vertex',(0.945000000298,-1.,-0.325)) ;
#1985=CARTESIAN_POINT('Vertex',(0.945000000298,-1.,0.325)) ;
#1988=CARTESIAN_POINT('Line Origine',(1.27000000048,-1.,0.324999999255)) ;
#1992=CARTESIAN_POINT('Vertex',(1.595,-1.,0.325000000373)) ;
#1995=CARTESIAN_POINT('Line Origine',(1.59500000067,-1.,0.)) ;
#1999=CARTESIAN_POINT('Vertex',(1.59500000067,-1.,-0.325)) ;
#2002=CARTESIAN_POINT('Line Origine',(1.27000000048,-1.,-0.324999999255)) ;
#2015=CARTESIAN_POINT('Axis2P3D Location',(0.,1.5,0.)) ;
#2028=CARTESIAN_POINT('Axis2P3D Location',(0.,1.5,0.)) ;
#2041=CARTESIAN_POINT('Axis2P3D Location',(0.,1.5,0.)) ;
#2054=CARTESIAN_POINT('Axis2P3D Location',(0.,1.5,0.)) ;
#2067=CARTESIAN_POINT('Axis2P3D Location',(0.,1.5,0.)) ;
#2080=CARTESIAN_POINT('Axis2P3D Location',(0.,1.5,0.)) ;
#2093=CARTESIAN_POINT('Axis2P3D Location',(0.,1.5,0.)) ;
#2106=CARTESIAN_POINT('Axis2P3D Location',(1.495,4.042,0.)) ;
#2111=CARTESIAN_POINT('Line Origine',(1.495,4.042,-0.224999999627)) ;
#2115=CARTESIAN_POINT('Vertex',(1.395,4.36700000015,-0.124999999953)) ;
#2118=CARTESIAN_POINT('Line Origine',(1.39499999995,4.36700000015,0.)) ;
#2122=CARTESIAN_POINT('Vertex',(1.39499999995,4.36700000015,0.125)) ;
#2125=CARTESIAN_POINT('Line Origine',(1.495,4.042,0.224999999627)) ;
#2138=CARTESIAN_POINT('Axis2P3D Location',(1.27,4.042,0.225)) ;
#2143=CARTESIAN_POINT('Line Origine',(1.04500000037,4.042,0.225)) ;
#2147=CARTESIAN_POINT('Vertex',(1.145,4.36700000015,0.124999999953)) ;
#2150=CARTESIAN_POINT('Line Origine',(1.27,4.36700000015,0.124999999953)) ;
#2163=CARTESIAN_POINT('Axis2P3D Location',(1.045,4.042,0.)) ;
#2168=CARTESIAN_POINT('Line Origine',(1.14500000005,4.36700000015,0.)) ;
#2172=CARTESIAN_POINT('Vertex',(1.145,4.36700000015,-0.124999999953)) ;
#2175=CARTESIAN_POINT('Line Origine',(1.045,4.042,-0.224999999627)) ;
#2188=CARTESIAN_POINT('Axis2P3D Location',(1.27,4.042,-0.225)) ;
#2193=CARTESIAN_POINT('Line Origine',(1.27,4.36700000015,-0.124999999953)) ;
#2206=CARTESIAN_POINT('Axis2P3D Location',(-1.045,4.042,0.)) ;
#2211=CARTESIAN_POINT('Line Origine',(-1.045,4.042,-0.224999999627)) ;
#2215=CARTESIAN_POINT('Vertex',(-1.145,4.36700000015,-0.124999999953)) ;
#2218=CARTESIAN_POINT('Line Origine',(-1.14500000005,4.36700000015,0.)) ;
#2222=CARTESIAN_POINT('Vertex',(-1.14500000005,4.36700000015,0.125)) ;
#2225=CARTESIAN_POINT('Line Origine',(-1.045,4.042,0.224999999627)) ;
#2238=CARTESIAN_POINT('Axis2P3D Location',(-1.27,4.042,0.225)) ;
#2243=CARTESIAN_POINT('Line Origine',(-1.49499999963,4.042,0.225)) ;
#2247=CARTESIAN_POINT('Vertex',(-1.395,4.36700000015,0.124999999953)) ;
#2250=CARTESIAN_POINT('Line Origine',(-1.27,4.36700000015,0.124999999953)) ;
#2263=CARTESIAN_POINT('Axis2P3D Location',(-1.495,4.042,0.)) ;
#2268=CARTESIAN_POINT('Line Origine',(-1.39499999995,4.36700000015,0.)) ;
#2272=CARTESIAN_POINT('Vertex',(-1.395,4.36700000015,-0.124999999953)) ;
#2275=CARTESIAN_POINT('Line Origine',(-1.495,4.042,-0.224999999627)) ;
#2288=CARTESIAN_POINT('Axis2P3D Location',(-1.27,4.042,-0.225)) ;
#2293=CARTESIAN_POINT('Line Origine',(-1.27,4.36700000015,-0.124999999953)) ;
#2306=CARTESIAN_POINT('Axis2P3D Location',(0.,1.5,0.)) ;
#2319=CARTESIAN_POINT('Axis2P3D Location',(-1.595,4.367,-0.325)) ;
#2324=CARTESIAN_POINT('Line Origine',(-1.595,-4.05000000037,0.325000000373)) ;
#2328=CARTESIAN_POINT('Vertex',(-1.59500000067,-7.09999999963,0.325)) ;
#2331=CARTESIAN_POINT('Line Origine',(-1.595,-4.05000000037,-0.325)) ;
#2335=CARTESIAN_POINT('Vertex',(-1.59500000067,-7.09999999963,-0.325)) ;
#2338=CARTESIAN_POINT('Line Origine',(-1.595,-7.10000000018,1.86264503821E-010)) ;
#2351=CARTESIAN_POINT('Axis2P3D Location',(0.,0.,0.325)) ;
#2356=CARTESIAN_POINT('Line Origine',(-0.945000000298,-4.04999999981,0.325)) ;
#2360=CARTESIAN_POINT('Vertex',(-0.945,-7.09999999963,0.325000000373)) ;
#2363=CARTESIAN_POINT('Line Origine',(-1.27000000048,-7.09999999963,0.325)) ;
#2376=CARTESIAN_POINT('Axis2P3D Location',(-0.945,-7.75,-0.325)) ;
#2381=CARTESIAN_POINT('Line Origine',(-0.945,-4.04999999981,-0.325)) ;
#2385=CARTESIAN_POINT('Vertex',(-0.945000000298,-7.09999999963,-0.325)) ;
#2388=CARTESIAN_POINT('Line Origine',(-0.945,-7.09999999963,1.86264503821E-010)) ;
#2401=CARTESIAN_POINT('Axis2P3D Location',(0.,0.,-0.325)) ;
#2406=CARTESIAN_POINT('Line Origine',(-1.27000000048,-7.09999999963,-0.325)) ;
#2419=CARTESIAN_POINT('Axis2P3D Location',(0.945,4.367,-0.325)) ;
#2424=CARTESIAN_POINT('Line Origine',(0.945,-4.05000000037,0.325000000373)) ;
#2428=CARTESIAN_POINT('Vertex',(0.945000000298,-7.09999999963,0.325)) ;
#2431=CARTESIAN_POINT('Line Origine',(0.945,-4.05000000037,-0.325)) ;
#2435=CARTESIAN_POINT('Vertex',(0.945000000298,-7.09999999963,-0.325)) ;
#2438=CARTESIAN_POINT('Line Origine',(0.945,-7.10000000018,1.86264503821E-010)) ;
#2451=CARTESIAN_POINT('Axis2P3D Location',(0.,0.,0.325)) ;
#2456=CARTESIAN_POINT('Line Origine',(1.59500000067,-4.04999999981,0.325)) ;
#2460=CARTESIAN_POINT('Vertex',(1.595,-7.09999999963,0.325000000373)) ;
#2463=CARTESIAN_POINT('Line Origine',(1.27000000048,-7.09999999963,0.325)) ;
#2476=CARTESIAN_POINT('Axis2P3D Location',(1.595,-7.75,-0.325)) ;
#2481=CARTESIAN_POINT('Line Origine',(1.595,-4.04999999981,-0.325)) ;
#2485=CARTESIAN_POINT('Vertex',(1.59500000067,-7.09999999963,-0.325)) ;
#2488=CARTESIAN_POINT('Line Origine',(1.595,-7.09999999963,1.86264503821E-010)) ;
#2501=CARTESIAN_POINT('Axis2P3D Location',(0.,0.,-0.325)) ;
#2506=CARTESIAN_POINT('Line Origine',(1.27000000048,-7.09999999963,-0.325)) ;
#2519=CARTESIAN_POINT('Axis2P3D Location',(1.595,4.367,-0.325)) ;
#2532=CARTESIAN_POINT('Axis2P3D Location',(-0.945,4.367,-0.325)) ;
#2545=CARTESIAN_POINT('Axis2P3D Location',(-1.495,-7.425,0.)) ;
#2550=CARTESIAN_POINT('Line Origine',(-1.495,-7.425,0.224999999627)) ;
#2554=CARTESIAN_POINT('Vertex',(-1.39499999995,-7.75000000015,0.125)) ;
#2557=CARTESIAN_POINT('Line Origine',(-1.495,-7.425,-0.224999999627)) ;
#2561=CARTESIAN_POINT('Vertex',(-1.39499999995,-7.75000000015,-0.125)) ;
#2564=CARTESIAN_POINT('Line Origine',(-1.39499999995,-7.75000000015,0.)) ;
#2577=CARTESIAN_POINT('Axis2P3D Location',(-1.27,-7.425,0.225)) ;
#2582=CARTESIAN_POINT('Line Origine',(-1.04500000037,-7.425,0.225)) ;
#2586=CARTESIAN_POINT('Vertex',(-1.14500000075,-7.75,0.124999999255)) ;
#2589=CARTESIAN_POINT('Line Origine',(-1.27,-7.75000000015,0.124999999953)) ;
#2602=CARTESIAN_POINT('Axis2P3D Location',(-1.045,-7.425,0.)) ;
#2607=CARTESIAN_POINT('Line Origine',(-1.14500000005,-7.75000000015,0.)) ;
#2611=CARTESIAN_POINT('Vertex',(-1.14500000075,-7.75,-0.125000000745)) ;
#2614=CARTESIAN_POINT('Line Origine',(-1.045,-7.425,-0.224999999627)) ;
#2627=CARTESIAN_POINT('Axis2P3D Location',(-1.27,-7.425,-0.225)) ;
#2632=CARTESIAN_POINT('Line Origine',(-1.27,-7.75000000015,-0.124999999953)) ;
#2645=CARTESIAN_POINT('Axis2P3D Location',(1.045,-7.425,0.)) ;
#2650=CARTESIAN_POINT('Line Origine',(1.045,-7.425,0.224999999627)) ;
#2654=CARTESIAN_POINT('Vertex',(1.14500000005,-7.75000000015,0.125)) ;
#2657=CARTESIAN_POINT('Line Origine',(1.045,-7.425,-0.224999999627)) ;
#2661=CARTESIAN_POINT('Vertex',(1.14500000005,-7.75000000015,-0.125)) ;
#2664=CARTESIAN_POINT('Line Origine',(1.14500000005,-7.75000000015,0.)) ;
#2677=CARTESIAN_POINT('Axis2P3D Location',(1.27,-7.425,0.225)) ;
#2682=CARTESIAN_POINT('Line Origine',(1.49499999963,-7.425,0.225)) ;
#2686=CARTESIAN_POINT('Vertex',(1.39499999925,-7.75,0.124999999255)) ;
#2689=CARTESIAN_POINT('Line Origine',(1.27,-7.75000000015,0.124999999953)) ;
#2702=CARTESIAN_POINT('Axis2P3D Location',(1.495,-7.425,0.)) ;
#2707=CARTESIAN_POINT('Line Origine',(1.39499999995,-7.75000000015,0.)) ;
#2711=CARTESIAN_POINT('Vertex',(1.39499999925,-7.75,-0.125000000745)) ;
#2714=CARTESIAN_POINT('Line Origine',(1.495,-7.425,-0.224999999627)) ;
#2727=CARTESIAN_POINT('Axis2P3D Location',(1.27,-7.425,-0.225)) ;
#2732=CARTESIAN_POINT('Line Origine',(1.27,-7.75000000015,-0.124999999953)) ;
#2745=CARTESIAN_POINT('Axis2P3D Location',(-1.595,-7.75,-0.325)) ;
#2758=CARTESIAN_POINT('Axis2P3D Location',(0.945,-7.75,-0.325)) ;
#32=DIRECTION('Axis2P3D Direction',(0.,-1.,0.)) ;
#33=DIRECTION('Axis2P3D XDirection',(1.,0.,0.)) ;
#37=DIRECTION('Vector Direction',(1.,0.,0.)) ;
#46=DIRECTION('Vector Direction',(0.4472135955,0.,-0.894427191)) ;
#53=DIRECTION('Vector Direction',(0.,0.,-1.)) ;
#60=DIRECTION('Vector Direction',(-0.4472135955,0.,-0.894427191)) ;
#67=DIRECTION('Vector Direction',(-1.,0.,0.)) ;
#74=DIRECTION('Vector Direction',(-0.4472135955,0.,0.894427191)) ;
#81=DIRECTION('Vector Direction',(-1.,0.,0.)) ;
#88=DIRECTION('Vector Direction',(-0.4472135955,0.,-0.894427191)) ;
#95=DIRECTION('Vector Direction',(-1.,0.,0.)) ;
#102=DIRECTION('Vector Direction',(-0.4472135955,0.,0.894427191)) ;
#109=DIRECTION('Vector Direction',(0.,0.,1.)) ;
#116=DIRECTION('Vector Direction',(0.4472135955,0.,0.894427191)) ;
#123=DIRECTION('Vector Direction',(1.,0.,0.)) ;
#130=DIRECTION('Vector Direction',(0.4472135955,0.,-0.894427191)) ;
#137=DIRECTION('Vector Direction',(1.,0.,0.)) ;
#144=DIRECTION('Vector Direction',(0.4472135955,0.,0.894427191)) ;
#167=DIRECTION('Vector Direction',(-1.,0.,0.)) ;
#176=DIRECTION('Vector Direction',(0.500000000528,0.,-0.866025403479)) ;
#183=DIRECTION('Vector Direction',(1.,0.,0.)) ;
#190=DIRECTION('Vector Direction',(-0.500000000528,0.,0.866025403479)) ;
#201=DIRECTION('Vector Direction',(1.,0.,0.)) ;
#210=DIRECTION('Vector Direction',(-0.500000000528,0.,0.866025403479)) ;
#217=DIRECTION('Vector Direction',(-1.,0.,0.)) ;
#224=DIRECTION('Vector Direction',(0.499999998109,0.,-0.866025404876)) ;
#235=DIRECTION('Vector Direction',(0.500000000528,0.,0.866025403479)) ;
#244=DIRECTION('Vector Direction',(-1.,0.,0.)) ;
#251=DIRECTION('Vector Direction',(-0.500000000528,0.,-0.866025403479)) ;
#258=DIRECTION('Vector Direction',(1.,0.,0.)) ;
#269=DIRECTION('Vector Direction',(-0.500000000528,0.,-0.866025403479)) ;
#278=DIRECTION('Vector Direction',(1.,0.,0.)) ;
#285=DIRECTION('Vector Direction',(0.500000000528,0.,0.866025403479)) ;
#292=DIRECTION('Vector Direction',(-1.,0.,0.)) ;
#303=DIRECTION('Vector Direction',(-1.,0.,0.)) ;
#312=DIRECTION('Vector Direction',(0.500000000528,0.,-0.866025403479)) ;
#319=DIRECTION('Vector Direction',(1.,0.,0.)) ;
#326=DIRECTION('Vector Direction',(-0.499999998109,0.,0.866025404876)) ;
#337=DIRECTION('Vector Direction',(1.,0.,0.)) ;
#346=DIRECTION('Vector Direction',(-0.500000000528,0.,0.866025403479)) ;
#353=DIRECTION('Vector Direction',(-1.,0.,0.)) ;
#360=DIRECTION('Vector Direction',(0.500000000528,0.,-0.866025403479)) ;
#371=DIRECTION('Vector Direction',(0.499999998109,0.,0.866025404876)) ;
#380=DIRECTION('Vector Direction',(-1.,0.,0.)) ;
#387=DIRECTION('Vector Direction',(-0.500000000528,0.,-0.866025403479)) ;
#394=DIRECTION('Vector Direction',(1.,0.,0.)) ;
#405=DIRECTION('Vector Direction',(0.,0.,1.)) ;
#414=DIRECTION('Vector Direction',(1.,0.,0.)) ;
#421=DIRECTION('Vector Direction',(0.,0.,1.)) ;
#428=DIRECTION('Vector Direction',(1.,0.,0.)) ;
#439=DIRECTION('Vector Direction',(0.,0.,1.)) ;
#448=DIRECTION('Vector Direction',(1.,0.,0.)) ;
#455=DIRECTION('Vector Direction',(0.,0.,1.)) ;
#462=DIRECTION('Vector Direction',(1.,0.,0.)) ;
#473=DIRECTION('Vector Direction',(-0.499999998109,0.,-0.866025404876)) ;
#482=DIRECTION('Vector Direction',(1.,0.,0.)) ;
#489=DIRECTION('Vector Direction',(0.500000000528,0.,0.866025403479)) ;
#496=DIRECTION('Vector Direction',(-1.,0.,0.)) ;
#516=DIRECTION('Axis2P3D Direction',(0.,0.,-1.)) ;
#517=DIRECTION('Axis2P3D XDirection',(1.,0.,0.)) ;
#521=DIRECTION('Vector Direction',(1.,0.,0.)) ;
#530=DIRECTION('Vector Direction',(0.,-1.,0.)) ;
#535=DIRECTION('Vector Direction',(0.,-1.,0.)) ;
#548=DIRECTION('Axis2P3D Direction',(-0.894427191,0.,-0.4472135955)) ;
#549=DIRECTION('Axis2P3D XDirection',(0.4472135955,0.,-0.894427191)) ;
#553=DIRECTION('Vector Direction',(0.4472135955,0.,-0.894427191)) ;
#560=DIRECTION('Vector Direction',(0.,-1.,0.)) ;
#573=DIRECTION('Axis2P3D Direction',(-1.,0.,0.)) ;
#574=DIRECTION('Axis2P3D XDirection',(0.,0.,-1.)) ;
#578=DIRECTION('Vector Direction',(0.,0.,-1.)) ;
#585=DIRECTION('Vector Direction',(0.,-1.,0.)) ;
#598=DIRECTION('Axis2P3D Direction',(-0.894427191,0.,0.4472135955)) ;
#599=DIRECTION('Axis2P3D XDirection',(-0.4472135955,0.,-0.894427191)) ;
#603=DIRECTION('Vector Direction',(-0.4472135955,0.,-0.894427191)) ;
#610=DIRECTION('Vector Direction',(0.,-1.,0.)) ;
#623=DIRECTION('Axis2P3D Direction',(0.,0.,1.)) ;
#624=DIRECTION('Axis2P3D XDirection',(-1.,0.,0.)) ;
#628=DIRECTION('Vector Direction',(-1.,0.,0.)) ;
#635=DIRECTION('Vector Direction',(0.,-1.,0.)) ;
#648=DIRECTION('Axis2P3D Direction',(-0.894427191,0.,-0.4472135955)) ;
#649=DIRECTION('Axis2P3D XDirection',(-0.4472135955,0.,0.894427191)) ;
#653=DIRECTION('Vector Direction',(-0.4472135955,0.,0.894427191)) ;
#660=DIRECTION('Vector Direction',(0.,-1.,0.)) ;
#673=DIRECTION('Axis2P3D Direction',(0.,0.,-1.)) ;
#674=DIRECTION('Axis2P3D XDirection',(-1.,0.,0.)) ;
#678=DIRECTION('Vector Direction',(-1.,0.,0.)) ;
#685=DIRECTION('Vector Direction',(0.,-1.,0.)) ;
#698=DIRECTION('Axis2P3D Direction',(0.894427191,0.,-0.4472135955)) ;
#699=DIRECTION('Axis2P3D XDirection',(-0.4472135955,0.,-0.894427191)) ;
#703=DIRECTION('Vector Direction',(-0.4472135955,0.,-0.894427191)) ;
#710=DIRECTION('Vector Direction',(0.,-1.,0.)) ;
#723=DIRECTION('Axis2P3D Direction',(0.,0.,1.)) ;
#724=DIRECTION('Axis2P3D XDirection',(-1.,0.,0.)) ;
#728=DIRECTION('Vector Direction',(-1.,0.,0.)) ;
#735=DIRECTION('Vector Direction',(0.,-1.,0.)) ;
#748=DIRECTION('Axis2P3D Direction',(0.894427191,0.,0.4472135955)) ;
#749=DIRECTION('Axis2P3D XDirection',(-0.4472135955,0.,0.894427191)) ;
#753=DIRECTION('Vector Direction',(-0.4472135955,0.,0.894427191)) ;
#760=DIRECTION('Vector Direction',(0.,-1.,0.)) ;
#773=DIRECTION('Axis2P3D Direction',(1.,0.,-0.)) ;
#774=DIRECTION('Axis2P3D XDirection',(0.,0.,1.)) ;
#778=DIRECTION('Vector Direction',(0.,0.,1.)) ;
#785=DIRECTION('Vector Direction',(0.,-1.,0.)) ;
#798=DIRECTION('Axis2P3D Direction',(0.894427191,0.,-0.4472135955)) ;
#799=DIRECTION('Axis2P3D XDirection',(0.4472135955,0.,0.894427191)) ;
#803=DIRECTION('Vector Direction',(0.4472135955,0.,0.894427191)) ;
#810=DIRECTION('Vector Direction',(0.,-1.,0.)) ;
#823=DIRECTION('Axis2P3D Direction',(0.,0.,-1.)) ;
#824=DIRECTION('Axis2P3D XDirection',(1.,0.,0.)) ;
#828=DIRECTION('Vector Direction',(1.,0.,0.)) ;
#835=DIRECTION('Vector Direction',(0.,-1.,0.)) ;
#848=DIRECTION('Axis2P3D Direction',(0.894427191,0.,0.4472135955)) ;
#849=DIRECTION('Axis2P3D XDirection',(0.4472135955,0.,-0.894427191)) ;
#853=DIRECTION('Vector Direction',(0.4472135955,0.,-0.894427191)) ;
#860=DIRECTION('Vector Direction',(0.,-1.,0.)) ;
#873=DIRECTION('Axis2P3D Direction',(0.,0.,1.)) ;
#874=DIRECTION('Axis2P3D XDirection',(1.,0.,0.)) ;
#878=DIRECTION('Vector Direction',(1.,0.,0.)) ;
#885=DIRECTION('Vector Direction',(0.,-1.,0.)) ;
#898=DIRECTION('Axis2P3D Direction',(-0.894427191,0.,0.4472135955)) ;
#899=DIRECTION('Axis2P3D XDirection',(0.4472135955,0.,0.894427191)) ;
#903=DIRECTION('Vector Direction',(0.4472135955,0.,0.894427191)) ;
#916=DIRECTION('Axis2P3D Direction',(0.,0.,-1.)) ;
#917=DIRECTION('Axis2P3D XDirection',(-1.,0.,0.)) ;
#921=DIRECTION('Vector Direction',(0.,1.,0.)) ;
#928=DIRECTION('Vector Direction',(-1.,0.,0.)) ;
#935=DIRECTION('Vector Direction',(0.,1.,0.)) ;
#948=DIRECTION('Axis2P3D Direction',(0.866025403784,0.,0.5)) ;
#949=DIRECTION('Axis2P3D XDirection',(0.5,0.,-0.866025403784)) ;
#953=DIRECTION('Vector Direction',(0.5,0.,-0.866025403784)) ;
#960=DIRECTION('Vector Direction',(0.,1.,0.)) ;
#973=DIRECTION('Axis2P3D Direction',(0.,0.,1.)) ;
#974=DIRECTION('Axis2P3D XDirection',(1.,0.,0.)) ;
#978=DIRECTION('Vector Direction',(1.,0.,0.)) ;
#985=DIRECTION('Vector Direction',(0.,1.,0.)) ;
#998=DIRECTION('Axis2P3D Direction',(-0.866025403784,0.,-0.5)) ;
#999=DIRECTION('Axis2P3D XDirection',(-0.5,0.,0.866025403784)) ;
#1003=DIRECTION('Vector Direction',(-0.5,0.,0.866025403784)) ;
#1016=DIRECTION('Axis2P3D Direction',(0.,0.,1.)) ;
#1017=DIRECTION('Axis2P3D XDirection',(1.,0.,0.)) ;
#1021=DIRECTION('Vector Direction',(0.,1.,0.)) ;
#1028=DIRECTION('Vector Direction',(1.,0.,0.)) ;
#1035=DIRECTION('Vector Direction',(0.,1.,0.)) ;
#1048=DIRECTION('Axis2P3D Direction',(-0.866025403784,0.,-0.5)) ;
#1049=DIRECTION('Axis2P3D XDirection',(-0.5,0.,0.866025403784)) ;
#1053=DIRECTION('Vector Direction',(-0.5,0.,0.866025403784)) ;
#1060=DIRECTION('Vector Direction',(0.,1.,0.)) ;
#1073=DIRECTION('Axis2P3D Direction',(0.,0.,-1.)) ;
#1074=DIRECTION('Axis2P3D XDirection',(-1.,0.,0.)) ;
#1078=DIRECTION('Vector Direction',(-1.,0.,0.)) ;
#1085=DIRECTION('Vector Direction',(0.,1.,0.)) ;
#1098=DIRECTION('Axis2P3D Direction',(0.866025403784,0.,0.5)) ;
#1099=DIRECTION('Axis2P3D XDirection',(0.5,0.,-0.866025403784)) ;
#1103=DIRECTION('Vector Direction',(0.5,0.,-0.866025403784)) ;
#1116=DIRECTION('Axis2P3D Direction',(-0.866025403784,0.,0.5)) ;
#1117=DIRECTION('Axis2P3D XDirection',(0.5,0.,0.866025403784)) ;
#1121=DIRECTION('Vector Direction',(0.,1.,0.)) ;
#1128=DIRECTION('Vector Direction',(0.5,0.,0.866025403784)) ;
#1135=DIRECTION('Vector Direction',(0.,1.,0.)) ;
#1148=DIRECTION('Axis2P3D Direction',(0.,0.,-1.)) ;
#1149=DIRECTION('Axis2P3D XDirection',(-1.,0.,0.)) ;
#1153=DIRECTION('Vector Direction',(-1.,0.,0.)) ;
#1160=DIRECTION('Vector Direction',(0.,1.,0.)) ;
#1173=DIRECTION('Axis2P3D Direction',(0.866025403784,0.,-0.5)) ;
#1174=DIRECTION('Axis2P3D XDirection',(-0.5,0.,-0.866025403784)) ;
#1178=DIRECTION('Vector Direction',(-0.5,0.,-0.866025403784)) ;
#1185=DIRECTION('Vector Direction',(0.,1.,0.)) ;
#1198=DIRECTION('Axis2P3D Direction',(0.,0.,1.)) ;
#1199=DIRECTION('Axis2P3D XDirection',(1.,0.,0.)) ;
#1203=DIRECTION('Vector Direction',(1.,0.,0.)) ;
#1216=DIRECTION('Axis2P3D Direction',(0.866025403784,0.,-0.5)) ;
#1217=DIRECTION('Axis2P3D XDirection',(-0.5,0.,-0.866025403784)) ;
#1221=DIRECTION('Vector Direction',(0.,1.,0.)) ;
#1228=DIRECTION('Vector Direction',(-0.5,0.,-0.866025403784)) ;
#1235=DIRECTION('Vector Direction',(0.,1.,0.)) ;
#1248=DIRECTION('Axis2P3D Direction',(0.,0.,1.)) ;
#1249=DIRECTION('Axis2P3D XDirection',(1.,0.,0.)) ;
#1253=DIRECTION('Vector Direction',(1.,0.,0.)) ;
#1260=DIRECTION('Vector Direction',(0.,1.,0.)) ;
#1273=DIRECTION('Axis2P3D Direction',(-0.866025403784,0.,0.5)) ;
#1274=DIRECTION('Axis2P3D XDirection',(0.5,0.,0.866025403784)) ;
#1278=DIRECTION('Vector Direction',(0.5,0.,0.866025403784)) ;
#1285=DIRECTION('Vector Direction',(0.,1.,0.)) ;
#1298=DIRECTION('Axis2P3D Direction',(0.,0.,-1.)) ;
#1299=DIRECTION('Axis2P3D XDirection',(-1.,0.,0.)) ;
#1303=DIRECTION('Vector Direction',(-1.,0.,0.)) ;
#1316=DIRECTION('Axis2P3D Direction',(0.,0.,-1.)) ;
#1317=DIRECTION('Axis2P3D XDirection',(-1.,0.,0.)) ;
#1321=DIRECTION('Vector Direction',(0.,1.,0.)) ;
#1328=DIRECTION('Vector Direction',(-1.,0.,0.)) ;
#1335=DIRECTION('Vector Direction',(0.,1.,0.)) ;
#1348=DIRECTION('Axis2P3D Direction',(0.866025403784,0.,0.5)) ;
#1349=DIRECTION('Axis2P3D XDirection',(0.5,0.,-0.866025403784)) ;
#1353=DIRECTION('Vector Direction',(0.5,0.,-0.866025403784)) ;
#1360=DIRECTION('Vector Direction',(0.,1.,0.)) ;
#1373=DIRECTION('Axis2P3D Direction',(0.,0.,1.)) ;
#1374=DIRECTION('Axis2P3D XDirection',(1.,0.,0.)) ;
#1378=DIRECTION('Vector Direction',(1.,0.,0.)) ;
#1385=DIRECTION('Vector Direction',(0.,1.,0.)) ;
#1398=DIRECTION('Axis2P3D Direction',(-0.866025403784,0.,-0.5)) ;
#1399=DIRECTION('Axis2P3D XDirection',(-0.5,0.,0.866025403784)) ;
#1403=DIRECTION('Vector Direction',(-0.5,0.,0.866025403784)) ;
#1416=DIRECTION('Axis2P3D Direction',(0.,0.,1.)) ;
#1417=DIRECTION('Axis2P3D XDirection',(1.,0.,0.)) ;
#1421=DIRECTION('Vector Direction',(0.,1.,0.)) ;
#1428=DIRECTION('Vector Direction',(1.,0.,0.)) ;
#1435=DIRECTION('Vector Direction',(0.,1.,0.)) ;
#1448=DIRECTION('Axis2P3D Direction',(-0.866025403784,0.,-0.5)) ;
#1449=DIRECTION('Axis2P3D XDirection',(-0.5,0.,0.866025403784)) ;
#1453=DIRECTION('Vector Direction',(-0.5,0.,0.866025403784)) ;
#1460=DIRECTION('Vector Direction',(0.,1.,0.)) ;
#1473=DIRECTION('Axis2P3D Direction',(0.,0.,-1.)) ;
#1474=DIRECTION('Axis2P3D XDirection',(-1.,0.,0.)) ;
#1478=DIRECTION('Vector Direction',(-1.,0.,0.)) ;
#1485=DIRECTION('Vector Direction',(0.,1.,0.)) ;
#1498=DIRECTION('Axis2P3D Direction',(0.866025403784,0.,0.5)) ;
#1499=DIRECTION('Axis2P3D XDirection',(0.5,0.,-0.866025403784)) ;
#1503=DIRECTION('Vector Direction',(0.5,0.,-0.866025403784)) ;
#1516=DIRECTION('Axis2P3D Direction',(-0.866025403784,0.,0.5)) ;
#1517=DIRECTION('Axis2P3D XDirection',(0.5,0.,0.866025403784)) ;
#1521=DIRECTION('Vector Direction',(0.,1.,0.)) ;
#1528=DIRECTION('Vector Direction',(0.5,0.,0.866025403784)) ;
#1535=DIRECTION('Vector Direction',(0.,1.,0.)) ;
#1548=DIRECTION('Axis2P3D Direction',(0.,0.,-1.)) ;
#1549=DIRECTION('Axis2P3D XDirection',(-1.,0.,0.)) ;
#1553=DIRECTION('Vector Direction',(-1.,0.,0.)) ;
#1560=DIRECTION('Vector Direction',(0.,1.,0.)) ;
#1573=DIRECTION('Axis2P3D Direction',(0.866025403784,0.,-0.5)) ;
#1574=DIRECTION('Axis2P3D XDirection',(-0.5,0.,-0.866025403784)) ;
#1578=DIRECTION('Vector Direction',(-0.5,0.,-0.866025403784)) ;
#1585=DIRECTION('Vector Direction',(0.,1.,0.)) ;
#1598=DIRECTION('Axis2P3D Direction',(0.,0.,1.)) ;
#1599=DIRECTION('Axis2P3D XDirection',(1.,0.,0.)) ;
#1603=DIRECTION('Vector Direction',(1.,0.,0.)) ;
#1616=DIRECTION('Axis2P3D Direction',(1.,0.,0.)) ;
#1617=DIRECTION('Axis2P3D XDirection',(0.,1.,0.)) ;
#1621=DIRECTION('Vector Direction',(0.,1.,0.)) ;
#1628=DIRECTION('Vector Direction',(0.,1.,0.)) ;
#1635=DIRECTION('Vector Direction',(0.,0.,-1.)) ;
#1655=DIRECTION('Axis2P3D Direction',(0.,0.,1.)) ;
#1656=DIRECTION('Axis2P3D XDirection',(1.,0.,0.)) ;
#1660=DIRECTION('Vector Direction',(0.,-1.,0.)) ;
#1667=DIRECTION('Vector Direction',(-1.,0.,0.)) ;
#1680=DIRECTION('Axis2P3D Direction',(-1.,0.,0.)) ;
#1681=DIRECTION('Axis2P3D XDirection',(0.,-1.,0.)) ;
#1685=DIRECTION('Vector Direction',(0.,-1.,0.)) ;
#1692=DIRECTION('Vector Direction',(0.,0.,-1.)) ;
#1705=DIRECTION('Axis2P3D Direction',(0.,0.,1.)) ;
#1706=DIRECTION('Axis2P3D XDirection',(1.,0.,0.)) ;
#1710=DIRECTION('Vector Direction',(1.,0.,0.)) ;
#1723=DIRECTION('Axis2P3D Direction',(1.,0.,0.)) ;
#1724=DIRECTION('Axis2P3D XDirection',(0.,1.,0.)) ;
#1728=DIRECTION('Vector Direction',(0.,1.,0.)) ;
#1735=DIRECTION('Vector Direction',(0.,1.,0.)) ;
#1742=DIRECTION('Vector Direction',(0.,0.,-1.)) ;
#1755=DIRECTION('Axis2P3D Direction',(0.,0.,1.)) ;
#1756=DIRECTION('Axis2P3D XDirection',(1.,0.,0.)) ;
#1760=DIRECTION('Vector Direction',(0.,-1.,0.)) ;
#1767=DIRECTION('Vector Direction',(-1.,0.,0.)) ;
#1780=DIRECTION('Axis2P3D Direction',(-1.,0.,0.)) ;
#1781=DIRECTION('Axis2P3D XDirection',(0.,-1.,0.)) ;
#1785=DIRECTION('Vector Direction',(0.,-1.,0.)) ;
#1792=DIRECTION('Vector Direction',(0.,0.,-1.)) ;
#1805=DIRECTION('Axis2P3D Direction',(0.,0.,1.)) ;
#1806=DIRECTION('Axis2P3D XDirection',(1.,0.,0.)) ;
#1810=DIRECTION('Vector Direction',(1.,0.,0.)) ;
#1823=DIRECTION('Axis2P3D Direction',(0.866025403784,0.,-0.5)) ;
#1824=DIRECTION('Axis2P3D XDirection',(-0.5,0.,-0.866025403784)) ;
#1828=DIRECTION('Vector Direction',(0.,1.,0.)) ;
#1835=DIRECTION('Vector Direction',(-0.5,0.,-0.866025403784)) ;
#1842=DIRECTION('Vector Direction',(0.,1.,0.)) ;
#1855=DIRECTION('Axis2P3D Direction',(0.,0.,1.)) ;
#1856=DIRECTION('Axis2P3D XDirection',(1.,0.,0.)) ;
#1860=DIRECTION('Vector Direction',(1.,0.,0.)) ;
#1867=DIRECTION('Vector Direction',(0.,1.,0.)) ;
#1880=DIRECTION('Axis2P3D Direction',(-0.866025403784,0.,0.5)) ;
#1881=DIRECTION('Axis2P3D XDirection',(0.5,0.,0.866025403784)) ;
#1885=DIRECTION('Vector Direction',(0.5,0.,0.866025403784)) ;
#1892=DIRECTION('Vector Direction',(0.,1.,0.)) ;
#1905=DIRECTION('Axis2P3D Direction',(0.,0.,-1.)) ;
#1906=DIRECTION('Axis2P3D XDirection',(-1.,0.,0.)) ;
#1910=DIRECTION('Vector Direction',(-1.,0.,0.)) ;
#1923=DIRECTION('Axis2P3D Direction',(0.,-1.,0.)) ;
#1924=DIRECTION('Axis2P3D XDirection',(1.,0.,0.)) ;
#1946=DIRECTION('Vector Direction',(0.,0.,1.)) ;
#1955=DIRECTION('Vector Direction',(1.,0.,0.)) ;
#1962=DIRECTION('Vector Direction',(0.,0.,1.)) ;
#1969=DIRECTION('Vector Direction',(1.,0.,0.)) ;
#1980=DIRECTION('Vector Direction',(0.,0.,1.)) ;
#1989=DIRECTION('Vector Direction',(1.,0.,0.)) ;
#1996=DIRECTION('Vector Direction',(0.,0.,1.)) ;
#2003=DIRECTION('Vector Direction',(1.,0.,0.)) ;
#2016=DIRECTION('Axis2P3D Direction',(-0.,1.,0.)) ;
#2017=DIRECTION('Axis2P3D XDirection',(1.,0.,0.)) ;
#2029=DIRECTION('Axis2P3D Direction',(-0.,1.,0.)) ;
#2030=DIRECTION('Axis2P3D XDirection',(1.,0.,0.)) ;
#2042=DIRECTION('Axis2P3D Direction',(-0.,1.,0.)) ;
#2043=DIRECTION('Axis2P3D XDirection',(1.,0.,0.)) ;
#2055=DIRECTION('Axis2P3D Direction',(-0.,1.,0.)) ;
#2056=DIRECTION('Axis2P3D XDirection',(1.,0.,0.)) ;
#2068=DIRECTION('Axis2P3D Direction',(-0.,1.,0.)) ;
#2069=DIRECTION('Axis2P3D XDirection',(1.,0.,0.)) ;
#2081=DIRECTION('Axis2P3D Direction',(-0.,1.,0.)) ;
#2082=DIRECTION('Axis2P3D XDirection',(1.,0.,0.)) ;
#2094=DIRECTION('Axis2P3D Direction',(-0.,1.,0.)) ;
#2095=DIRECTION('Axis2P3D XDirection',(1.,0.,0.)) ;
#2107=DIRECTION('Axis2P3D Direction',(0.955779008722,0.294085848837,0.)) ;
#2108=DIRECTION('Axis2P3D XDirection',(0.294085848837,-0.955779008722,0.)) ;
#2112=DIRECTION('Vector Direction',(0.282138246438,-0.916949300922,-0.282138245254)) ;
#2119=DIRECTION('Vector Direction',(0.,0.,-1.)) ;
#2126=DIRECTION('Vector Direction',(0.282138246438,-0.916949300922,0.282138245254)) ;
#2139=DIRECTION('Axis2P3D Direction',(0.,0.294085848838,0.955779008722)) ;
#2140=DIRECTION('Axis2P3D XDirection',(0.,0.955779008722,-0.294085848838)) ;
#2144=DIRECTION('Vector Direction',(-0.282138245254,-0.916949300922,0.282138246438)) ;
#2151=DIRECTION('Vector Direction',(-1.,0.,0.)) ;
#2164=DIRECTION('Axis2P3D Direction',(-0.955779008722,0.294085848838,0.)) ;
#2165=DIRECTION('Axis2P3D XDirection',(0.294085848838,0.955779008722,0.)) ;
#2169=DIRECTION('Vector Direction',(0.,0.,-1.)) ;
#2176=DIRECTION('Vector Direction',(-0.282138246438,-0.916949300922,-0.282138245254)) ;
#2189=DIRECTION('Axis2P3D Direction',(0.,0.294085848838,-0.955779008722)) ;
#2190=DIRECTION('Axis2P3D XDirection',(0.,0.955779008722,0.294085848838)) ;
#2194=DIRECTION('Vector Direction',(1.,0.,0.)) ;
#2207=DIRECTION('Axis2P3D Direction',(0.955779008722,0.294085848838,0.)) ;
#2208=DIRECTION('Axis2P3D XDirection',(0.294085848838,-0.955779008722,0.)) ;
#2212=DIRECTION('Vector Direction',(0.282138246438,-0.916949300922,-0.282138245254)) ;
#2219=DIRECTION('Vector Direction',(0.,0.,-1.)) ;
#2226=DIRECTION('Vector Direction',(0.282138246438,-0.916949300922,0.282138245254)) ;
#2239=DIRECTION('Axis2P3D Direction',(0.,0.294085848838,0.955779008722)) ;
#2240=DIRECTION('Axis2P3D XDirection',(0.,0.955779008722,-0.294085848838)) ;
#2244=DIRECTION('Vector Direction',(0.282138245254,0.916949300922,-0.282138246438)) ;
#2251=DIRECTION('Vector Direction',(-1.,0.,0.)) ;
#2264=DIRECTION('Axis2P3D Direction',(-0.955779008722,0.294085848837,0.)) ;
#2265=DIRECTION('Axis2P3D XDirection',(0.294085848837,0.955779008722,0.)) ;
#2269=DIRECTION('Vector Direction',(0.,0.,-1.)) ;
#2276=DIRECTION('Vector Direction',(-0.282138246438,-0.916949300922,-0.282138245254)) ;
#2289=DIRECTION('Axis2P3D Direction',(0.,0.294085848838,-0.955779008722)) ;
#2290=DIRECTION('Axis2P3D XDirection',(0.,0.955779008722,0.294085848838)) ;
#2294=DIRECTION('Vector Direction',(1.,0.,0.)) ;
#2307=DIRECTION('Axis2P3D Direction',(-0.,1.,0.)) ;
#2308=DIRECTION('Axis2P3D XDirection',(1.,0.,0.)) ;
#2320=DIRECTION('Axis2P3D Direction',(-1.,0.,0.)) ;
#2321=DIRECTION('Axis2P3D XDirection',(0.,-1.,0.)) ;
#2325=DIRECTION('Vector Direction',(0.,-1.,0.)) ;
#2332=DIRECTION('Vector Direction',(0.,-1.,0.)) ;
#2339=DIRECTION('Vector Direction',(0.,0.,-1.)) ;
#2352=DIRECTION('Axis2P3D Direction',(0.,0.,1.)) ;
#2353=DIRECTION('Axis2P3D XDirection',(1.,0.,0.)) ;
#2357=DIRECTION('Vector Direction',(0.,1.,0.)) ;
#2364=DIRECTION('Vector Direction',(1.,0.,0.)) ;
#2377=DIRECTION('Axis2P3D Direction',(1.,0.,0.)) ;
#2378=DIRECTION('Axis2P3D XDirection',(0.,1.,0.)) ;
#2382=DIRECTION('Vector Direction',(0.,1.,0.)) ;
#2389=DIRECTION('Vector Direction',(0.,0.,-1.)) ;
#2402=DIRECTION('Axis2P3D Direction',(0.,0.,1.)) ;
#2403=DIRECTION('Axis2P3D XDirection',(1.,0.,0.)) ;
#2407=DIRECTION('Vector Direction',(-1.,0.,0.)) ;
#2420=DIRECTION('Axis2P3D Direction',(-1.,0.,0.)) ;
#2421=DIRECTION('Axis2P3D XDirection',(0.,-1.,0.)) ;
#2425=DIRECTION('Vector Direction',(0.,-1.,0.)) ;
#2432=DIRECTION('Vector Direction',(0.,-1.,0.)) ;
#2439=DIRECTION('Vector Direction',(0.,0.,-1.)) ;
#2452=DIRECTION('Axis2P3D Direction',(0.,0.,1.)) ;
#2453=DIRECTION('Axis2P3D XDirection',(1.,0.,0.)) ;
#2457=DIRECTION('Vector Direction',(0.,1.,0.)) ;
#2464=DIRECTION('Vector Direction',(1.,0.,0.)) ;
#2477=DIRECTION('Axis2P3D Direction',(1.,0.,0.)) ;
#2478=DIRECTION('Axis2P3D XDirection',(0.,1.,0.)) ;
#2482=DIRECTION('Vector Direction',(0.,1.,0.)) ;
#2489=DIRECTION('Vector Direction',(0.,0.,-1.)) ;
#2502=DIRECTION('Axis2P3D Direction',(0.,0.,1.)) ;
#2503=DIRECTION('Axis2P3D XDirection',(1.,0.,0.)) ;
#2507=DIRECTION('Vector Direction',(-1.,0.,0.)) ;
#2520=DIRECTION('Axis2P3D Direction',(0.,1.,0.)) ;
#2521=DIRECTION('Axis2P3D XDirection',(-1.,0.,0.)) ;
#2533=DIRECTION('Axis2P3D Direction',(0.,1.,0.)) ;
#2534=DIRECTION('Axis2P3D XDirection',(-1.,0.,0.)) ;
#2546=DIRECTION('Axis2P3D Direction',(-0.955779008722,-0.294085848838,0.)) ;
#2547=DIRECTION('Axis2P3D XDirection',(-0.294085848838,0.955779008722,0.)) ;
#2551=DIRECTION('Vector Direction',(-0.282138246438,0.916949300922,0.282138245254)) ;
#2558=DIRECTION('Vector Direction',(0.282138246438,-0.916949300922,0.282138245254)) ;
#2565=DIRECTION('Vector Direction',(0.,0.,-1.)) ;
#2578=DIRECTION('Axis2P3D Direction',(0.,-0.294085848837,0.955779008722)) ;
#2579=DIRECTION('Axis2P3D XDirection',(0.,-0.955779008722,-0.294085848837)) ;
#2583=DIRECTION('Vector Direction',(-0.282138245254,-0.916949300922,-0.282138246438)) ;
#2590=DIRECTION('Vector Direction',(1.,0.,0.)) ;
#2603=DIRECTION('Axis2P3D Direction',(0.955779008722,-0.294085848838,0.)) ;
#2604=DIRECTION('Axis2P3D XDirection',(-0.294085848838,-0.955779008722,0.)) ;
#2608=DIRECTION('Vector Direction',(0.,0.,-1.)) ;
#2615=DIRECTION('Vector Direction',(0.282138246438,0.916949300922,-0.282138245254)) ;
#2628=DIRECTION('Axis2P3D Direction',(0.,-0.294085848837,-0.955779008722)) ;
#2629=DIRECTION('Axis2P3D XDirection',(0.,-0.955779008722,0.294085848837)) ;
#2633=DIRECTION('Vector Direction',(-1.,0.,0.)) ;
#2646=DIRECTION('Axis2P3D Direction',(-0.955779008722,-0.294085848838,0.)) ;
#2647=DIRECTION('Axis2P3D XDirection',(-0.294085848838,0.955779008722,0.)) ;
#2651=DIRECTION('Vector Direction',(-0.282138246438,0.916949300922,0.282138245254)) ;
#2658=DIRECTION('Vector Direction',(0.282138246438,-0.916949300922,0.282138245254)) ;
#2665=DIRECTION('Vector Direction',(0.,0.,-1.)) ;
#2678=DIRECTION('Axis2P3D Direction',(0.,-0.294085848837,0.955779008722)) ;
#2679=DIRECTION('Axis2P3D XDirection',(0.,-0.955779008722,-0.294085848837)) ;
#2683=DIRECTION('Vector Direction',(-0.282138245254,-0.916949300922,-0.282138246438)) ;
#2690=DIRECTION('Vector Direction',(1.,0.,0.)) ;
#2703=DIRECTION('Axis2P3D Direction',(0.955779008722,-0.294085848838,0.)) ;
#2704=DIRECTION('Axis2P3D XDirection',(-0.294085848838,-0.955779008722,0.)) ;
#2708=DIRECTION('Vector Direction',(0.,0.,-1.)) ;
#2715=DIRECTION('Vector Direction',(0.282138246438,0.916949300922,-0.282138245254)) ;
#2728=DIRECTION('Axis2P3D Direction',(0.,-0.294085848837,-0.955779008722)) ;
#2729=DIRECTION('Axis2P3D XDirection',(0.,-0.955779008722,0.294085848837)) ;
#2733=DIRECTION('Vector Direction',(-1.,0.,0.)) ;
#2746=DIRECTION('Axis2P3D Direction',(0.,-1.,0.)) ;
#2747=DIRECTION('Axis2P3D XDirection',(1.,0.,0.)) ;
#2759=DIRECTION('Axis2P3D Direction',(0.,-1.,0.)) ;
#2760=DIRECTION('Axis2P3D XDirection',(1.,0.,0.)) ;
#8=PRODUCT_RELATED_PRODUCT_CATEGORY('part',$,(#5)) ;
#7=PRODUCT_CATEGORY('part','specification') ;
#29=STYLED_ITEM(' ',(#28),#21) ;
#28=PRESENTATION_STYLE_ASSIGNMENT((#27)) ;
#513=PRESENTATION_STYLE_ASSIGNMENT((#512)) ;
#1652=PRESENTATION_STYLE_ASSIGNMENT((#1651)) ;
#27=SURFACE_STYLE_USAGE(.BOTH.,#26) ;
#512=SURFACE_STYLE_USAGE(.BOTH.,#511) ;
#1651=SURFACE_STYLE_USAGE(.BOTH.,#1650) ;
#26=SURFACE_SIDE_STYLE(' ',(#25)) ;
#511=SURFACE_SIDE_STYLE(' ',(#510)) ;
#1650=SURFACE_SIDE_STYLE(' ',(#1649)) ;
#25=SURFACE_STYLE_FILL_AREA(#24) ;
#510=SURFACE_STYLE_FILL_AREA(#509) ;
#1649=SURFACE_STYLE_FILL_AREA(#1648) ;
#24=FILL_AREA_STYLE(' ',(#23)) ;
#509=FILL_AREA_STYLE(' ',(#508)) ;
#1648=FILL_AREA_STYLE(' ',(#1647)) ;
#23=FILL_AREA_STYLE_COLOUR(' ',#22) ;
#508=FILL_AREA_STYLE_COLOUR(' ',#507) ;
#1647=FILL_AREA_STYLE_COLOUR(' ',#1646) ;
#38=VECTOR('Line Direction',#37,1.) ;
#47=VECTOR('Line Direction',#46,1.) ;
#54=VECTOR('Line Direction',#53,1.) ;
#61=VECTOR('Line Direction',#60,1.) ;
#68=VECTOR('Line Direction',#67,1.) ;
#75=VECTOR('Line Direction',#74,1.) ;
#82=VECTOR('Line Direction',#81,1.) ;
#89=VECTOR('Line Direction',#88,1.) ;
#96=VECTOR('Line Direction',#95,1.) ;
#103=VECTOR('Line Direction',#102,1.) ;
#110=VECTOR('Line Direction',#109,1.) ;
#117=VECTOR('Line Direction',#116,1.) ;
#124=VECTOR('Line Direction',#123,1.) ;
#131=VECTOR('Line Direction',#130,1.) ;
#138=VECTOR('Line Direction',#137,1.) ;
#145=VECTOR('Line Direction',#144,1.) ;
#168=VECTOR('Line Direction',#167,1.) ;
#177=VECTOR('Line Direction',#176,1.) ;
#184=VECTOR('Line Direction',#183,1.) ;
#191=VECTOR('Line Direction',#190,1.) ;
#202=VECTOR('Line Direction',#201,1.) ;
#211=VECTOR('Line Direction',#210,1.) ;
#218=VECTOR('Line Direction',#217,1.) ;
#225=VECTOR('Line Direction',#224,1.) ;
#236=VECTOR('Line Direction',#235,1.) ;
#245=VECTOR('Line Direction',#244,1.) ;
#252=VECTOR('Line Direction',#251,1.) ;
#259=VECTOR('Line Direction',#258,1.) ;
#270=VECTOR('Line Direction',#269,1.) ;
#279=VECTOR('Line Direction',#278,1.) ;
#286=VECTOR('Line Direction',#285,1.) ;
#293=VECTOR('Line Direction',#292,1.) ;
#304=VECTOR('Line Direction',#303,1.) ;
#313=VECTOR('Line Direction',#312,1.) ;
#320=VECTOR('Line Direction',#319,1.) ;
#327=VECTOR('Line Direction',#326,1.) ;
#338=VECTOR('Line Direction',#337,1.) ;
#347=VECTOR('Line Direction',#346,1.) ;
#354=VECTOR('Line Direction',#353,1.) ;
#361=VECTOR('Line Direction',#360,1.) ;
#372=VECTOR('Line Direction',#371,1.) ;
#381=VECTOR('Line Direction',#380,1.) ;
#388=VECTOR('Line Direction',#387,1.) ;
#395=VECTOR('Line Direction',#394,1.) ;
#406=VECTOR('Line Direction',#405,1.) ;
#415=VECTOR('Line Direction',#414,1.) ;
#422=VECTOR('Line Direction',#421,1.) ;
#429=VECTOR('Line Direction',#428,1.) ;
#440=VECTOR('Line Direction',#439,1.) ;
#449=VECTOR('Line Direction',#448,1.) ;
#456=VECTOR('Line Direction',#455,1.) ;
#463=VECTOR('Line Direction',#462,1.) ;
#474=VECTOR('Line Direction',#473,1.) ;
#483=VECTOR('Line Direction',#482,1.) ;
#490=VECTOR('Line Direction',#489,1.) ;
#497=VECTOR('Line Direction',#496,1.) ;
#522=VECTOR('Line Direction',#521,1.) ;
#531=VECTOR('Line Direction',#530,1.) ;
#536=VECTOR('Line Direction',#535,1.) ;
#554=VECTOR('Line Direction',#553,1.) ;
#561=VECTOR('Line Direction',#560,1.) ;
#579=VECTOR('Line Direction',#578,1.) ;
#586=VECTOR('Line Direction',#585,1.) ;
#604=VECTOR('Line Direction',#603,1.) ;
#611=VECTOR('Line Direction',#610,1.) ;
#629=VECTOR('Line Direction',#628,1.) ;
#636=VECTOR('Line Direction',#635,1.) ;
#654=VECTOR('Line Direction',#653,1.) ;
#661=VECTOR('Line Direction',#660,1.) ;
#679=VECTOR('Line Direction',#678,1.) ;
#686=VECTOR('Line Direction',#685,1.) ;
#704=VECTOR('Line Direction',#703,1.) ;
#711=VECTOR('Line Direction',#710,1.) ;
#729=VECTOR('Line Direction',#728,1.) ;
#736=VECTOR('Line Direction',#735,1.) ;
#754=VECTOR('Line Direction',#753,1.) ;
#761=VECTOR('Line Direction',#760,1.) ;
#779=VECTOR('Line Direction',#778,1.) ;
#786=VECTOR('Line Direction',#785,1.) ;
#804=VECTOR('Line Direction',#803,1.) ;
#811=VECTOR('Line Direction',#810,1.) ;
#829=VECTOR('Line Direction',#828,1.) ;
#836=VECTOR('Line Direction',#835,1.) ;
#854=VECTOR('Line Direction',#853,1.) ;
#861=VECTOR('Line Direction',#860,1.) ;
#879=VECTOR('Line Direction',#878,1.) ;
#886=VECTOR('Line Direction',#885,1.) ;
#904=VECTOR('Line Direction',#903,1.) ;
#922=VECTOR('Line Direction',#921,1.) ;
#929=VECTOR('Line Direction',#928,1.) ;
#936=VECTOR('Line Direction',#935,1.) ;
#954=VECTOR('Line Direction',#953,1.) ;
#961=VECTOR('Line Direction',#960,1.) ;
#979=VECTOR('Line Direction',#978,1.) ;
#986=VECTOR('Line Direction',#985,1.) ;
#1004=VECTOR('Line Direction',#1003,1.) ;
#1022=VECTOR('Line Direction',#1021,1.) ;
#1029=VECTOR('Line Direction',#1028,1.) ;
#1036=VECTOR('Line Direction',#1035,1.) ;
#1054=VECTOR('Line Direction',#1053,1.) ;
#1061=VECTOR('Line Direction',#1060,1.) ;
#1079=VECTOR('Line Direction',#1078,1.) ;
#1086=VECTOR('Line Direction',#1085,1.) ;
#1104=VECTOR('Line Direction',#1103,1.) ;
#1122=VECTOR('Line Direction',#1121,1.) ;
#1129=VECTOR('Line Direction',#1128,1.) ;
#1136=VECTOR('Line Direction',#1135,1.) ;
#1154=VECTOR('Line Direction',#1153,1.) ;
#1161=VECTOR('Line Direction',#1160,1.) ;
#1179=VECTOR('Line Direction',#1178,1.) ;
#1186=VECTOR('Line Direction',#1185,1.) ;
#1204=VECTOR('Line Direction',#1203,1.) ;
#1222=VECTOR('Line Direction',#1221,1.) ;
#1229=VECTOR('Line Direction',#1228,1.) ;
#1236=VECTOR('Line Direction',#1235,1.) ;
#1254=VECTOR('Line Direction',#1253,1.) ;
#1261=VECTOR('Line Direction',#1260,1.) ;
#1279=VECTOR('Line Direction',#1278,1.) ;
#1286=VECTOR('Line Direction',#1285,1.) ;
#1304=VECTOR('Line Direction',#1303,1.) ;
#1322=VECTOR('Line Direction',#1321,1.) ;
#1329=VECTOR('Line Direction',#1328,1.) ;
#1336=VECTOR('Line Direction',#1335,1.) ;
#1354=VECTOR('Line Direction',#1353,1.) ;
#1361=VECTOR('Line Direction',#1360,1.) ;
#1379=VECTOR('Line Direction',#1378,1.) ;
#1386=VECTOR('Line Direction',#1385,1.) ;
#1404=VECTOR('Line Direction',#1403,1.) ;
#1422=VECTOR('Line Direction',#1421,1.) ;
#1429=VECTOR('Line Direction',#1428,1.) ;
#1436=VECTOR('Line Direction',#1435,1.) ;
#1454=VECTOR('Line Direction',#1453,1.) ;
#1461=VECTOR('Line Direction',#1460,1.) ;
#1479=VECTOR('Line Direction',#1478,1.) ;
#1486=VECTOR('Line Direction',#1485,1.) ;
#1504=VECTOR('Line Direction',#1503,1.) ;
#1522=VECTOR('Line Direction',#1521,1.) ;
#1529=VECTOR('Line Direction',#1528,1.) ;
#1536=VECTOR('Line Direction',#1535,1.) ;
#1554=VECTOR('Line Direction',#1553,1.) ;
#1561=VECTOR('Line Direction',#1560,1.) ;
#1579=VECTOR('Line Direction',#1578,1.) ;
#1586=VECTOR('Line Direction',#1585,1.) ;
#1604=VECTOR('Line Direction',#1603,1.) ;
#1622=VECTOR('Line Direction',#1621,1.) ;
#1629=VECTOR('Line Direction',#1628,1.) ;
#1636=VECTOR('Line Direction',#1635,1.) ;
#1661=VECTOR('Line Direction',#1660,1.) ;
#1668=VECTOR('Line Direction',#1667,1.) ;
#1686=VECTOR('Line Direction',#1685,1.) ;
#1693=VECTOR('Line Direction',#1692,1.) ;
#1711=VECTOR('Line Direction',#1710,1.) ;
#1729=VECTOR('Line Direction',#1728,1.) ;
#1736=VECTOR('Line Direction',#1735,1.) ;
#1743=VECTOR('Line Direction',#1742,1.) ;
#1761=VECTOR('Line Direction',#1760,1.) ;
#1768=VECTOR('Line Direction',#1767,1.) ;
#1786=VECTOR('Line Direction',#1785,1.) ;
#1793=VECTOR('Line Direction',#1792,1.) ;
#1811=VECTOR('Line Direction',#1810,1.) ;
#1829=VECTOR('Line Direction',#1828,1.) ;
#1836=VECTOR('Line Direction',#1835,1.) ;
#1843=VECTOR('Line Direction',#1842,1.) ;
#1861=VECTOR('Line Direction',#1860,1.) ;
#1868=VECTOR('Line Direction',#1867,1.) ;
#1886=VECTOR('Line Direction',#1885,1.) ;
#1893=VECTOR('Line Direction',#1892,1.) ;
#1911=VECTOR('Line Direction',#1910,1.) ;
#1947=VECTOR('Line Direction',#1946,1.) ;
#1956=VECTOR('Line Direction',#1955,1.) ;
#1963=VECTOR('Line Direction',#1962,1.) ;
#1970=VECTOR('Line Direction',#1969,1.) ;
#1981=VECTOR('Line Direction',#1980,1.) ;
#1990=VECTOR('Line Direction',#1989,1.) ;
#1997=VECTOR('Line Direction',#1996,1.) ;
#2004=VECTOR('Line Direction',#2003,1.) ;
#2113=VECTOR('Line Direction',#2112,1.) ;
#2120=VECTOR('Line Direction',#2119,1.) ;
#2127=VECTOR('Line Direction',#2126,1.) ;
#2145=VECTOR('Line Direction',#2144,1.) ;
#2152=VECTOR('Line Direction',#2151,1.) ;
#2170=VECTOR('Line Direction',#2169,1.) ;
#2177=VECTOR('Line Direction',#2176,1.) ;
#2195=VECTOR('Line Direction',#2194,1.) ;
#2213=VECTOR('Line Direction',#2212,1.) ;
#2220=VECTOR('Line Direction',#2219,1.) ;
#2227=VECTOR('Line Direction',#2226,1.) ;
#2245=VECTOR('Line Direction',#2244,1.) ;
#2252=VECTOR('Line Direction',#2251,1.) ;
#2270=VECTOR('Line Direction',#2269,1.) ;
#2277=VECTOR('Line Direction',#2276,1.) ;
#2295=VECTOR('Line Direction',#2294,1.) ;
#2326=VECTOR('Line Direction',#2325,1.) ;
#2333=VECTOR('Line Direction',#2332,1.) ;
#2340=VECTOR('Line Direction',#2339,1.) ;
#2358=VECTOR('Line Direction',#2357,1.) ;
#2365=VECTOR('Line Direction',#2364,1.) ;
#2383=VECTOR('Line Direction',#2382,1.) ;
#2390=VECTOR('Line Direction',#2389,1.) ;
#2408=VECTOR('Line Direction',#2407,1.) ;
#2426=VECTOR('Line Direction',#2425,1.) ;
#2433=VECTOR('Line Direction',#2432,1.) ;
#2440=VECTOR('Line Direction',#2439,1.) ;
#2458=VECTOR('Line Direction',#2457,1.) ;
#2465=VECTOR('Line Direction',#2464,1.) ;
#2483=VECTOR('Line Direction',#2482,1.) ;
#2490=VECTOR('Line Direction',#2489,1.) ;
#2508=VECTOR('Line Direction',#2507,1.) ;
#2552=VECTOR('Line Direction',#2551,1.) ;
#2559=VECTOR('Line Direction',#2558,1.) ;
#2566=VECTOR('Line Direction',#2565,1.) ;
#2584=VECTOR('Line Direction',#2583,1.) ;
#2591=VECTOR('Line Direction',#2590,1.) ;
#2609=VECTOR('Line Direction',#2608,1.) ;
#2616=VECTOR('Line Direction',#2615,1.) ;
#2634=VECTOR('Line Direction',#2633,1.) ;
#2652=VECTOR('Line Direction',#2651,1.) ;
#2659=VECTOR('Line Direction',#2658,1.) ;
#2666=VECTOR('Line Direction',#2665,1.) ;
#2684=VECTOR('Line Direction',#2683,1.) ;
#2691=VECTOR('Line Direction',#2690,1.) ;
#2709=VECTOR('Line Direction',#2708,1.) ;
#2716=VECTOR('Line Direction',#2715,1.) ;
#2734=VECTOR('Line Direction',#2733,1.) ;
#15=UNCERTAINTY_MEASURE_WITH_UNIT(LENGTH_MEASURE(0.005),#12,'distance_accuracy_value','CONFUSED CURVE UNCERTAINTY') ;
#2772=SHAPE_REPRESENTATION_RELATIONSHIP(' ',' ',#19,#2771) ;
#149=ORIENTED_EDGE('',*,*,#44,.F.) ;
#150=ORIENTED_EDGE('',*,*,#51,.F.) ;
#151=ORIENTED_EDGE('',*,*,#58,.F.) ;
#152=ORIENTED_EDGE('',*,*,#65,.F.) ;
#153=ORIENTED_EDGE('',*,*,#72,.F.) ;
#154=ORIENTED_EDGE('',*,*,#79,.F.) ;
#155=ORIENTED_EDGE('',*,*,#86,.F.) ;
#156=ORIENTED_EDGE('',*,*,#93,.F.) ;
#157=ORIENTED_EDGE('',*,*,#100,.F.) ;
#158=ORIENTED_EDGE('',*,*,#107,.F.) ;
#159=ORIENTED_EDGE('',*,*,#114,.F.) ;
#160=ORIENTED_EDGE('',*,*,#121,.F.) ;
#161=ORIENTED_EDGE('',*,*,#128,.F.) ;
#162=ORIENTED_EDGE('',*,*,#135,.F.) ;
#163=ORIENTED_EDGE('',*,*,#142,.F.) ;
#164=ORIENTED_EDGE('',*,*,#147,.F.) ;
#195=ORIENTED_EDGE('',*,*,#174,.F.) ;
#196=ORIENTED_EDGE('',*,*,#181,.F.) ;
#197=ORIENTED_EDGE('',*,*,#188,.F.) ;
#198=ORIENTED_EDGE('',*,*,#193,.F.) ;
#229=ORIENTED_EDGE('',*,*,#208,.F.) ;
#230=ORIENTED_EDGE('',*,*,#215,.F.) ;
#231=ORIENTED_EDGE('',*,*,#222,.F.) ;
#232=ORIENTED_EDGE('',*,*,#227,.F.) ;
#263=ORIENTED_EDGE('',*,*,#242,.F.) ;
#264=ORIENTED_EDGE('',*,*,#249,.F.) ;
#265=ORIENTED_EDGE('',*,*,#256,.F.) ;
#266=ORIENTED_EDGE('',*,*,#261,.F.) ;
#297=ORIENTED_EDGE('',*,*,#276,.F.) ;
#298=ORIENTED_EDGE('',*,*,#283,.F.) ;
#299=ORIENTED_EDGE('',*,*,#290,.F.) ;
#300=ORIENTED_EDGE('',*,*,#295,.F.) ;
#331=ORIENTED_EDGE('',*,*,#310,.F.) ;
#332=ORIENTED_EDGE('',*,*,#317,.F.) ;
#333=ORIENTED_EDGE('',*,*,#324,.F.) ;
#334=ORIENTED_EDGE('',*,*,#329,.F.) ;
#365=ORIENTED_EDGE('',*,*,#344,.F.) ;
#366=ORIENTED_EDGE('',*,*,#351,.F.) ;
#367=ORIENTED_EDGE('',*,*,#358,.F.) ;
#368=ORIENTED_EDGE('',*,*,#363,.F.) ;
#399=ORIENTED_EDGE('',*,*,#378,.F.) ;
#400=ORIENTED_EDGE('',*,*,#385,.F.) ;
#401=ORIENTED_EDGE('',*,*,#392,.F.) ;
#402=ORIENTED_EDGE('',*,*,#397,.F.) ;
#433=ORIENTED_EDGE('',*,*,#412,.T.) ;
#434=ORIENTED_EDGE('',*,*,#419,.F.) ;
#435=ORIENTED_EDGE('',*,*,#426,.F.) ;
#436=ORIENTED_EDGE('',*,*,#431,.T.) ;
#467=ORIENTED_EDGE('',*,*,#446,.T.) ;
#468=ORIENTED_EDGE('',*,*,#453,.F.) ;
#469=ORIENTED_EDGE('',*,*,#460,.F.) ;
#470=ORIENTED_EDGE('',*,*,#465,.T.) ;
#501=ORIENTED_EDGE('',*,*,#480,.F.) ;
#502=ORIENTED_EDGE('',*,*,#487,.F.) ;
#503=ORIENTED_EDGE('',*,*,#494,.F.) ;
#504=ORIENTED_EDGE('',*,*,#499,.F.) ;
#540=ORIENTED_EDGE('',*,*,#528,.F.) ;
#541=ORIENTED_EDGE('',*,*,#533,.F.) ;
#542=ORIENTED_EDGE('',*,*,#44,.T.) ;
#543=ORIENTED_EDGE('',*,*,#538,.T.) ;
#565=ORIENTED_EDGE('',*,*,#533,.T.) ;
#566=ORIENTED_EDGE('',*,*,#558,.F.) ;
#567=ORIENTED_EDGE('',*,*,#563,.F.) ;
#568=ORIENTED_EDGE('',*,*,#51,.T.) ;
#590=ORIENTED_EDGE('',*,*,#563,.T.) ;
#591=ORIENTED_EDGE('',*,*,#583,.F.) ;
#592=ORIENTED_EDGE('',*,*,#588,.F.) ;
#593=ORIENTED_EDGE('',*,*,#58,.T.) ;
#615=ORIENTED_EDGE('',*,*,#588,.T.) ;
#616=ORIENTED_EDGE('',*,*,#608,.F.) ;
#617=ORIENTED_EDGE('',*,*,#613,.F.) ;
#618=ORIENTED_EDGE('',*,*,#65,.T.) ;
#640=ORIENTED_EDGE('',*,*,#613,.T.) ;
#641=ORIENTED_EDGE('',*,*,#633,.F.) ;
#642=ORIENTED_EDGE('',*,*,#638,.F.) ;
#643=ORIENTED_EDGE('',*,*,#72,.T.) ;
#665=ORIENTED_EDGE('',*,*,#638,.T.) ;
#666=ORIENTED_EDGE('',*,*,#658,.F.) ;
#667=ORIENTED_EDGE('',*,*,#663,.F.) ;
#668=ORIENTED_EDGE('',*,*,#79,.T.) ;
#690=ORIENTED_EDGE('',*,*,#663,.T.) ;
#691=ORIENTED_EDGE('',*,*,#683,.F.) ;
#692=ORIENTED_EDGE('',*,*,#688,.F.) ;
#693=ORIENTED_EDGE('',*,*,#86,.T.) ;
#715=ORIENTED_EDGE('',*,*,#688,.T.) ;
#716=ORIENTED_EDGE('',*,*,#708,.F.) ;
#717=ORIENTED_EDGE('',*,*,#713,.F.) ;
#718=ORIENTED_EDGE('',*,*,#93,.T.) ;
#740=ORIENTED_EDGE('',*,*,#713,.T.) ;
#741=ORIENTED_EDGE('',*,*,#733,.F.) ;
#742=ORIENTED_EDGE('',*,*,#738,.F.) ;
#743=ORIENTED_EDGE('',*,*,#100,.T.) ;
#765=ORIENTED_EDGE('',*,*,#738,.T.) ;
#766=ORIENTED_EDGE('',*,*,#758,.F.) ;
#767=ORIENTED_EDGE('',*,*,#763,.F.) ;
#768=ORIENTED_EDGE('',*,*,#107,.T.) ;
#790=ORIENTED_EDGE('',*,*,#763,.T.) ;
#791=ORIENTED_EDGE('',*,*,#783,.F.) ;
#792=ORIENTED_EDGE('',*,*,#788,.F.) ;
#793=ORIENTED_EDGE('',*,*,#114,.T.) ;
#815=ORIENTED_EDGE('',*,*,#788,.T.) ;
#816=ORIENTED_EDGE('',*,*,#808,.F.) ;
#817=ORIENTED_EDGE('',*,*,#813,.F.) ;
#818=ORIENTED_EDGE('',*,*,#121,.T.) ;
#840=ORIENTED_EDGE('',*,*,#128,.T.) ;
#841=ORIENTED_EDGE('',*,*,#813,.T.) ;
#842=ORIENTED_EDGE('',*,*,#833,.F.) ;
#843=ORIENTED_EDGE('',*,*,#838,.F.) ;
#865=ORIENTED_EDGE('',*,*,#838,.T.) ;
#866=ORIENTED_EDGE('',*,*,#858,.F.) ;
#867=ORIENTED_EDGE('',*,*,#863,.F.) ;
#868=ORIENTED_EDGE('',*,*,#135,.T.) ;
#890=ORIENTED_EDGE('',*,*,#863,.T.) ;
#891=ORIENTED_EDGE('',*,*,#883,.F.) ;
#892=ORIENTED_EDGE('',*,*,#888,.F.) ;
#893=ORIENTED_EDGE('',*,*,#142,.T.) ;
#908=ORIENTED_EDGE('',*,*,#888,.T.) ;
#909=ORIENTED_EDGE('',*,*,#906,.F.) ;
#910=ORIENTED_EDGE('',*,*,#538,.F.) ;
#911=ORIENTED_EDGE('',*,*,#147,.T.) ;
#940=ORIENTED_EDGE('',*,*,#926,.T.) ;
#941=ORIENTED_EDGE('',*,*,#933,.F.) ;
#942=ORIENTED_EDGE('',*,*,#938,.F.) ;
#943=ORIENTED_EDGE('',*,*,#174,.T.) ;
#965=ORIENTED_EDGE('',*,*,#938,.T.) ;
#966=ORIENTED_EDGE('',*,*,#958,.F.) ;
#967=ORIENTED_EDGE('',*,*,#963,.F.) ;
#968=ORIENTED_EDGE('',*,*,#181,.T.) ;
#990=ORIENTED_EDGE('',*,*,#963,.T.) ;
#991=ORIENTED_EDGE('',*,*,#983,.F.) ;
#992=ORIENTED_EDGE('',*,*,#988,.F.) ;
#993=ORIENTED_EDGE('',*,*,#188,.T.) ;
#1008=ORIENTED_EDGE('',*,*,#988,.T.) ;
#1009=ORIENTED_EDGE('',*,*,#1006,.F.) ;
#1010=ORIENTED_EDGE('',*,*,#926,.F.) ;
#1011=ORIENTED_EDGE('',*,*,#193,.T.) ;
#1040=ORIENTED_EDGE('',*,*,#1026,.T.) ;
#1041=ORIENTED_EDGE('',*,*,#1033,.F.) ;
#1042=ORIENTED_EDGE('',*,*,#1038,.F.) ;
#1043=ORIENTED_EDGE('',*,*,#208,.T.) ;
#1065=ORIENTED_EDGE('',*,*,#1038,.T.) ;
#1066=ORIENTED_EDGE('',*,*,#1058,.F.) ;
#1067=ORIENTED_EDGE('',*,*,#1063,.F.) ;
#1068=ORIENTED_EDGE('',*,*,#215,.T.) ;
#1090=ORIENTED_EDGE('',*,*,#1063,.T.) ;
#1091=ORIENTED_EDGE('',*,*,#1083,.F.) ;
#1092=ORIENTED_EDGE('',*,*,#1088,.F.) ;
#1093=ORIENTED_EDGE('',*,*,#222,.T.) ;
#1108=ORIENTED_EDGE('',*,*,#1088,.T.) ;
#1109=ORIENTED_EDGE('',*,*,#1106,.F.) ;
#1110=ORIENTED_EDGE('',*,*,#1026,.F.) ;
#1111=ORIENTED_EDGE('',*,*,#227,.T.) ;
#1140=ORIENTED_EDGE('',*,*,#1126,.T.) ;
#1141=ORIENTED_EDGE('',*,*,#1133,.F.) ;
#1142=ORIENTED_EDGE('',*,*,#1138,.F.) ;
#1143=ORIENTED_EDGE('',*,*,#242,.T.) ;
#1165=ORIENTED_EDGE('',*,*,#1138,.T.) ;
#1166=ORIENTED_EDGE('',*,*,#1158,.F.) ;
#1167=ORIENTED_EDGE('',*,*,#1163,.F.) ;
#1168=ORIENTED_EDGE('',*,*,#249,.T.) ;
#1190=ORIENTED_EDGE('',*,*,#1163,.T.) ;
#1191=ORIENTED_EDGE('',*,*,#1183,.F.) ;
#1192=ORIENTED_EDGE('',*,*,#1188,.F.) ;
#1193=ORIENTED_EDGE('',*,*,#256,.T.) ;
#1208=ORIENTED_EDGE('',*,*,#1188,.T.) ;
#1209=ORIENTED_EDGE('',*,*,#1206,.F.) ;
#1210=ORIENTED_EDGE('',*,*,#1126,.F.) ;
#1211=ORIENTED_EDGE('',*,*,#261,.T.) ;
#1240=ORIENTED_EDGE('',*,*,#1226,.T.) ;
#1241=ORIENTED_EDGE('',*,*,#1233,.F.) ;
#1242=ORIENTED_EDGE('',*,*,#1238,.F.) ;
#1243=ORIENTED_EDGE('',*,*,#276,.T.) ;
#1265=ORIENTED_EDGE('',*,*,#1238,.T.) ;
#1266=ORIENTED_EDGE('',*,*,#1258,.F.) ;
#1267=ORIENTED_EDGE('',*,*,#1263,.F.) ;
#1268=ORIENTED_EDGE('',*,*,#283,.T.) ;
#1290=ORIENTED_EDGE('',*,*,#1263,.T.) ;
#1291=ORIENTED_EDGE('',*,*,#1283,.F.) ;
#1292=ORIENTED_EDGE('',*,*,#1288,.F.) ;
#1293=ORIENTED_EDGE('',*,*,#290,.T.) ;
#1308=ORIENTED_EDGE('',*,*,#1288,.T.) ;
#1309=ORIENTED_EDGE('',*,*,#1306,.F.) ;
#1310=ORIENTED_EDGE('',*,*,#1226,.F.) ;
#1311=ORIENTED_EDGE('',*,*,#295,.T.) ;
#1340=ORIENTED_EDGE('',*,*,#1326,.T.) ;
#1341=ORIENTED_EDGE('',*,*,#1333,.F.) ;
#1342=ORIENTED_EDGE('',*,*,#1338,.F.) ;
#1343=ORIENTED_EDGE('',*,*,#310,.T.) ;
#1365=ORIENTED_EDGE('',*,*,#1338,.T.) ;
#1366=ORIENTED_EDGE('',*,*,#1358,.F.) ;
#1367=ORIENTED_EDGE('',*,*,#1363,.F.) ;
#1368=ORIENTED_EDGE('',*,*,#317,.T.) ;
#1390=ORIENTED_EDGE('',*,*,#1363,.T.) ;
#1391=ORIENTED_EDGE('',*,*,#1383,.F.) ;
#1392=ORIENTED_EDGE('',*,*,#1388,.F.) ;
#1393=ORIENTED_EDGE('',*,*,#324,.T.) ;
#1408=ORIENTED_EDGE('',*,*,#1388,.T.) ;
#1409=ORIENTED_EDGE('',*,*,#1406,.F.) ;
#1410=ORIENTED_EDGE('',*,*,#1326,.F.) ;
#1411=ORIENTED_EDGE('',*,*,#329,.T.) ;
#1440=ORIENTED_EDGE('',*,*,#1426,.T.) ;
#1441=ORIENTED_EDGE('',*,*,#1433,.F.) ;
#1442=ORIENTED_EDGE('',*,*,#1438,.F.) ;
#1443=ORIENTED_EDGE('',*,*,#344,.T.) ;
#1465=ORIENTED_EDGE('',*,*,#1438,.T.) ;
#1466=ORIENTED_EDGE('',*,*,#1458,.F.) ;
#1467=ORIENTED_EDGE('',*,*,#1463,.F.) ;
#1468=ORIENTED_EDGE('',*,*,#351,.T.) ;
#1490=ORIENTED_EDGE('',*,*,#1463,.T.) ;
#1491=ORIENTED_EDGE('',*,*,#1483,.F.) ;
#1492=ORIENTED_EDGE('',*,*,#1488,.F.) ;
#1493=ORIENTED_EDGE('',*,*,#358,.T.) ;
#1508=ORIENTED_EDGE('',*,*,#1488,.T.) ;
#1509=ORIENTED_EDGE('',*,*,#1506,.F.) ;
#1510=ORIENTED_EDGE('',*,*,#1426,.F.) ;
#1511=ORIENTED_EDGE('',*,*,#363,.T.) ;
#1540=ORIENTED_EDGE('',*,*,#1526,.T.) ;
#1541=ORIENTED_EDGE('',*,*,#1533,.F.) ;
#1542=ORIENTED_EDGE('',*,*,#1538,.F.) ;
#1543=ORIENTED_EDGE('',*,*,#378,.T.) ;
#1565=ORIENTED_EDGE('',*,*,#1538,.T.) ;
#1566=ORIENTED_EDGE('',*,*,#1558,.F.) ;
#1567=ORIENTED_EDGE('',*,*,#1563,.F.) ;
#1568=ORIENTED_EDGE('',*,*,#385,.T.) ;
#1590=ORIENTED_EDGE('',*,*,#1563,.T.) ;
#1591=ORIENTED_EDGE('',*,*,#1583,.F.) ;
#1592=ORIENTED_EDGE('',*,*,#1588,.F.) ;
#1593=ORIENTED_EDGE('',*,*,#392,.T.) ;
#1608=ORIENTED_EDGE('',*,*,#1588,.T.) ;
#1609=ORIENTED_EDGE('',*,*,#1606,.F.) ;
#1610=ORIENTED_EDGE('',*,*,#1526,.F.) ;
#1611=ORIENTED_EDGE('',*,*,#397,.T.) ;
#1640=ORIENTED_EDGE('',*,*,#1626,.F.) ;
#1641=ORIENTED_EDGE('',*,*,#412,.F.) ;
#1642=ORIENTED_EDGE('',*,*,#1633,.T.) ;
#1643=ORIENTED_EDGE('',*,*,#1638,.F.) ;
#1672=ORIENTED_EDGE('',*,*,#1665,.T.) ;
#1673=ORIENTED_EDGE('',*,*,#419,.T.) ;
#1674=ORIENTED_EDGE('',*,*,#1626,.T.) ;
#1675=ORIENTED_EDGE('',*,*,#1670,.T.) ;
#1697=ORIENTED_EDGE('',*,*,#1690,.T.) ;
#1698=ORIENTED_EDGE('',*,*,#426,.T.) ;
#1699=ORIENTED_EDGE('',*,*,#1665,.F.) ;
#1700=ORIENTED_EDGE('',*,*,#1695,.T.) ;
#1715=ORIENTED_EDGE('',*,*,#1633,.F.) ;
#1716=ORIENTED_EDGE('',*,*,#431,.F.) ;
#1717=ORIENTED_EDGE('',*,*,#1690,.F.) ;
#1718=ORIENTED_EDGE('',*,*,#1713,.T.) ;
#1747=ORIENTED_EDGE('',*,*,#1733,.F.) ;
#1748=ORIENTED_EDGE('',*,*,#446,.F.) ;
#1749=ORIENTED_EDGE('',*,*,#1740,.T.) ;
#1750=ORIENTED_EDGE('',*,*,#1745,.F.) ;
#1772=ORIENTED_EDGE('',*,*,#1765,.T.) ;
#1773=ORIENTED_EDGE('',*,*,#453,.T.) ;
#1774=ORIENTED_EDGE('',*,*,#1733,.T.) ;
#1775=ORIENTED_EDGE('',*,*,#1770,.T.) ;
#1797=ORIENTED_EDGE('',*,*,#1790,.T.) ;
#1798=ORIENTED_EDGE('',*,*,#460,.T.) ;
#1799=ORIENTED_EDGE('',*,*,#1765,.F.) ;
#1800=ORIENTED_EDGE('',*,*,#1795,.T.) ;
#1815=ORIENTED_EDGE('',*,*,#1740,.F.) ;
#1816=ORIENTED_EDGE('',*,*,#465,.F.) ;
#1817=ORIENTED_EDGE('',*,*,#1790,.F.) ;
#1818=ORIENTED_EDGE('',*,*,#1813,.T.) ;
#1847=ORIENTED_EDGE('',*,*,#1833,.T.) ;
#1848=ORIENTED_EDGE('',*,*,#1840,.F.) ;
#1849=ORIENTED_EDGE('',*,*,#1845,.F.) ;
#1850=ORIENTED_EDGE('',*,*,#480,.T.) ;
#1872=ORIENTED_EDGE('',*,*,#1845,.T.) ;
#1873=ORIENTED_EDGE('',*,*,#1865,.F.) ;
#1874=ORIENTED_EDGE('',*,*,#1870,.F.) ;
#1875=ORIENTED_EDGE('',*,*,#487,.T.) ;
#1897=ORIENTED_EDGE('',*,*,#1870,.T.) ;
#1898=ORIENTED_EDGE('',*,*,#1890,.F.) ;
#1899=ORIENTED_EDGE('',*,*,#1895,.F.) ;
#1900=ORIENTED_EDGE('',*,*,#494,.T.) ;
#1915=ORIENTED_EDGE('',*,*,#1895,.T.) ;
#1916=ORIENTED_EDGE('',*,*,#1913,.F.) ;
#1917=ORIENTED_EDGE('',*,*,#1833,.F.) ;
#1918=ORIENTED_EDGE('',*,*,#499,.T.) ;
#1928=ORIENTED_EDGE('',*,*,#883,.T.) ;
#1929=ORIENTED_EDGE('',*,*,#858,.T.) ;
#1930=ORIENTED_EDGE('',*,*,#833,.T.) ;
#1931=ORIENTED_EDGE('',*,*,#808,.T.) ;
#1932=ORIENTED_EDGE('',*,*,#783,.T.) ;
#1933=ORIENTED_EDGE('',*,*,#758,.T.) ;
#1934=ORIENTED_EDGE('',*,*,#733,.T.) ;
#1935=ORIENTED_EDGE('',*,*,#708,.T.) ;
#1936=ORIENTED_EDGE('',*,*,#683,.T.) ;
#1937=ORIENTED_EDGE('',*,*,#658,.T.) ;
#1938=ORIENTED_EDGE('',*,*,#633,.T.) ;
#1939=ORIENTED_EDGE('',*,*,#608,.T.) ;
#1940=ORIENTED_EDGE('',*,*,#583,.T.) ;
#1941=ORIENTED_EDGE('',*,*,#558,.T.) ;
#1942=ORIENTED_EDGE('',*,*,#528,.T.) ;
#1943=ORIENTED_EDGE('',*,*,#906,.T.) ;
#1974=ORIENTED_EDGE('',*,*,#1953,.T.) ;
#1975=ORIENTED_EDGE('',*,*,#1960,.T.) ;
#1976=ORIENTED_EDGE('',*,*,#1967,.F.) ;
#1977=ORIENTED_EDGE('',*,*,#1972,.F.) ;
#2008=ORIENTED_EDGE('',*,*,#1987,.T.) ;
#2009=ORIENTED_EDGE('',*,*,#1994,.T.) ;
#2010=ORIENTED_EDGE('',*,*,#2001,.F.) ;
#2011=ORIENTED_EDGE('',*,*,#2006,.F.) ;
#2021=ORIENTED_EDGE('',*,*,#983,.T.) ;
#2022=ORIENTED_EDGE('',*,*,#958,.T.) ;
#2023=ORIENTED_EDGE('',*,*,#933,.T.) ;
#2024=ORIENTED_EDGE('',*,*,#1006,.T.) ;
#2034=ORIENTED_EDGE('',*,*,#1083,.T.) ;
#2035=ORIENTED_EDGE('',*,*,#1058,.T.) ;
#2036=ORIENTED_EDGE('',*,*,#1033,.T.) ;
#2037=ORIENTED_EDGE('',*,*,#1106,.T.) ;
#2047=ORIENTED_EDGE('',*,*,#1183,.T.) ;
#2048=ORIENTED_EDGE('',*,*,#1158,.T.) ;
#2049=ORIENTED_EDGE('',*,*,#1133,.T.) ;
#2050=ORIENTED_EDGE('',*,*,#1206,.T.) ;
#2060=ORIENTED_EDGE('',*,*,#1283,.T.) ;
#2061=ORIENTED_EDGE('',*,*,#1258,.T.) ;
#2062=ORIENTED_EDGE('',*,*,#1233,.T.) ;
#2063=ORIENTED_EDGE('',*,*,#1306,.T.) ;
#2073=ORIENTED_EDGE('',*,*,#1383,.T.) ;
#2074=ORIENTED_EDGE('',*,*,#1358,.T.) ;
#2075=ORIENTED_EDGE('',*,*,#1333,.T.) ;
#2076=ORIENTED_EDGE('',*,*,#1406,.T.) ;
#2086=ORIENTED_EDGE('',*,*,#1483,.T.) ;
#2087=ORIENTED_EDGE('',*,*,#1458,.T.) ;
#2088=ORIENTED_EDGE('',*,*,#1433,.T.) ;
#2089=ORIENTED_EDGE('',*,*,#1506,.T.) ;
#2099=ORIENTED_EDGE('',*,*,#1583,.T.) ;
#2100=ORIENTED_EDGE('',*,*,#1558,.T.) ;
#2101=ORIENTED_EDGE('',*,*,#1533,.T.) ;
#2102=ORIENTED_EDGE('',*,*,#1606,.T.) ;
#2131=ORIENTED_EDGE('',*,*,#2117,.F.) ;
#2132=ORIENTED_EDGE('',*,*,#2124,.F.) ;
#2133=ORIENTED_EDGE('',*,*,#2129,.T.) ;
#2134=ORIENTED_EDGE('',*,*,#1638,.T.) ;
#2156=ORIENTED_EDGE('',*,*,#2149,.T.) ;
#2157=ORIENTED_EDGE('',*,*,#1670,.F.) ;
#2158=ORIENTED_EDGE('',*,*,#2129,.F.) ;
#2159=ORIENTED_EDGE('',*,*,#2154,.T.) ;
#2181=ORIENTED_EDGE('',*,*,#2149,.F.) ;
#2182=ORIENTED_EDGE('',*,*,#2174,.T.) ;
#2183=ORIENTED_EDGE('',*,*,#2179,.T.) ;
#2184=ORIENTED_EDGE('',*,*,#1695,.F.) ;
#2199=ORIENTED_EDGE('',*,*,#2179,.F.) ;
#2200=ORIENTED_EDGE('',*,*,#2197,.T.) ;
#2201=ORIENTED_EDGE('',*,*,#2117,.T.) ;
#2202=ORIENTED_EDGE('',*,*,#1713,.F.) ;
#2231=ORIENTED_EDGE('',*,*,#2217,.F.) ;
#2232=ORIENTED_EDGE('',*,*,#2224,.F.) ;
#2233=ORIENTED_EDGE('',*,*,#2229,.T.) ;
#2234=ORIENTED_EDGE('',*,*,#1745,.T.) ;
#2256=ORIENTED_EDGE('',*,*,#2249,.F.) ;
#2257=ORIENTED_EDGE('',*,*,#1770,.F.) ;
#2258=ORIENTED_EDGE('',*,*,#2229,.F.) ;
#2259=ORIENTED_EDGE('',*,*,#2254,.T.) ;
#2281=ORIENTED_EDGE('',*,*,#2249,.T.) ;
#2282=ORIENTED_EDGE('',*,*,#2274,.T.) ;
#2283=ORIENTED_EDGE('',*,*,#2279,.T.) ;
#2284=ORIENTED_EDGE('',*,*,#1795,.F.) ;
#2299=ORIENTED_EDGE('',*,*,#2279,.F.) ;
#2300=ORIENTED_EDGE('',*,*,#2297,.T.) ;
#2301=ORIENTED_EDGE('',*,*,#2217,.T.) ;
#2302=ORIENTED_EDGE('',*,*,#1813,.F.) ;
#2312=ORIENTED_EDGE('',*,*,#1890,.T.) ;
#2313=ORIENTED_EDGE('',*,*,#1865,.T.) ;
#2314=ORIENTED_EDGE('',*,*,#1840,.T.) ;
#2315=ORIENTED_EDGE('',*,*,#1913,.T.) ;
#2344=ORIENTED_EDGE('',*,*,#2330,.F.) ;
#2345=ORIENTED_EDGE('',*,*,#1953,.F.) ;
#2346=ORIENTED_EDGE('',*,*,#2337,.T.) ;
#2347=ORIENTED_EDGE('',*,*,#2342,.F.) ;
#2369=ORIENTED_EDGE('',*,*,#2362,.T.) ;
#2370=ORIENTED_EDGE('',*,*,#1960,.F.) ;
#2371=ORIENTED_EDGE('',*,*,#2330,.T.) ;
#2372=ORIENTED_EDGE('',*,*,#2367,.T.) ;
#2394=ORIENTED_EDGE('',*,*,#2387,.T.) ;
#2395=ORIENTED_EDGE('',*,*,#1967,.T.) ;
#2396=ORIENTED_EDGE('',*,*,#2362,.F.) ;
#2397=ORIENTED_EDGE('',*,*,#2392,.T.) ;
#2412=ORIENTED_EDGE('',*,*,#2337,.F.) ;
#2413=ORIENTED_EDGE('',*,*,#1972,.T.) ;
#2414=ORIENTED_EDGE('',*,*,#2387,.F.) ;
#2415=ORIENTED_EDGE('',*,*,#2410,.T.) ;
#2444=ORIENTED_EDGE('',*,*,#2430,.F.) ;
#2445=ORIENTED_EDGE('',*,*,#1987,.F.) ;
#2446=ORIENTED_EDGE('',*,*,#2437,.T.) ;
#2447=ORIENTED_EDGE('',*,*,#2442,.F.) ;
#2469=ORIENTED_EDGE('',*,*,#2462,.T.) ;
#2470=ORIENTED_EDGE('',*,*,#1994,.F.) ;
#2471=ORIENTED_EDGE('',*,*,#2430,.T.) ;
#2472=ORIENTED_EDGE('',*,*,#2467,.T.) ;
#2494=ORIENTED_EDGE('',*,*,#2487,.T.) ;
#2495=ORIENTED_EDGE('',*,*,#2001,.T.) ;
#2496=ORIENTED_EDGE('',*,*,#2462,.F.) ;
#2497=ORIENTED_EDGE('',*,*,#2492,.T.) ;
#2512=ORIENTED_EDGE('',*,*,#2437,.F.) ;
#2513=ORIENTED_EDGE('',*,*,#2006,.T.) ;
#2514=ORIENTED_EDGE('',*,*,#2487,.F.) ;
#2515=ORIENTED_EDGE('',*,*,#2510,.T.) ;
#2525=ORIENTED_EDGE('',*,*,#2154,.F.) ;
#2526=ORIENTED_EDGE('',*,*,#2124,.T.) ;
#2527=ORIENTED_EDGE('',*,*,#2197,.F.) ;
#2528=ORIENTED_EDGE('',*,*,#2174,.F.) ;
#2538=ORIENTED_EDGE('',*,*,#2254,.F.) ;
#2539=ORIENTED_EDGE('',*,*,#2224,.T.) ;
#2540=ORIENTED_EDGE('',*,*,#2297,.F.) ;
#2541=ORIENTED_EDGE('',*,*,#2274,.F.) ;
#2570=ORIENTED_EDGE('',*,*,#2556,.T.) ;
#2571=ORIENTED_EDGE('',*,*,#2342,.T.) ;
#2572=ORIENTED_EDGE('',*,*,#2563,.T.) ;
#2573=ORIENTED_EDGE('',*,*,#2568,.F.) ;
#2595=ORIENTED_EDGE('',*,*,#2588,.F.) ;
#2596=ORIENTED_EDGE('',*,*,#2367,.F.) ;
#2597=ORIENTED_EDGE('',*,*,#2556,.F.) ;
#2598=ORIENTED_EDGE('',*,*,#2593,.T.) ;
#2620=ORIENTED_EDGE('',*,*,#2588,.T.) ;
#2621=ORIENTED_EDGE('',*,*,#2613,.T.) ;
#2622=ORIENTED_EDGE('',*,*,#2618,.T.) ;
#2623=ORIENTED_EDGE('',*,*,#2392,.F.) ;
#2638=ORIENTED_EDGE('',*,*,#2563,.F.) ;
#2639=ORIENTED_EDGE('',*,*,#2410,.F.) ;
#2640=ORIENTED_EDGE('',*,*,#2618,.F.) ;
#2641=ORIENTED_EDGE('',*,*,#2636,.T.) ;
#2670=ORIENTED_EDGE('',*,*,#2656,.T.) ;
#2671=ORIENTED_EDGE('',*,*,#2442,.T.) ;
#2672=ORIENTED_EDGE('',*,*,#2663,.T.) ;
#2673=ORIENTED_EDGE('',*,*,#2668,.F.) ;
#2695=ORIENTED_EDGE('',*,*,#2688,.F.) ;
#2696=ORIENTED_EDGE('',*,*,#2467,.F.) ;
#2697=ORIENTED_EDGE('',*,*,#2656,.F.) ;
#2698=ORIENTED_EDGE('',*,*,#2693,.T.) ;
#2720=ORIENTED_EDGE('',*,*,#2688,.T.) ;
#2721=ORIENTED_EDGE('',*,*,#2713,.T.) ;
#2722=ORIENTED_EDGE('',*,*,#2718,.T.) ;
#2723=ORIENTED_EDGE('',*,*,#2492,.F.) ;
#2738=ORIENTED_EDGE('',*,*,#2663,.F.) ;
#2739=ORIENTED_EDGE('',*,*,#2510,.F.) ;
#2740=ORIENTED_EDGE('',*,*,#2718,.F.) ;
#2741=ORIENTED_EDGE('',*,*,#2736,.T.) ;
#2751=ORIENTED_EDGE('',*,*,#2636,.F.) ;
#2752=ORIENTED_EDGE('',*,*,#2613,.F.) ;
#2753=ORIENTED_EDGE('',*,*,#2593,.F.) ;
#2754=ORIENTED_EDGE('',*,*,#2568,.T.) ;
#2764=ORIENTED_EDGE('',*,*,#2736,.F.) ;
#2765=ORIENTED_EDGE('',*,*,#2713,.F.) ;
#2766=ORIENTED_EDGE('',*,*,#2693,.F.) ;
#2767=ORIENTED_EDGE('',*,*,#2668,.T.) ;
#199=FACE_BOUND('',#194,.T.) ;
#233=FACE_BOUND('',#228,.T.) ;
#267=FACE_BOUND('',#262,.T.) ;
#301=FACE_BOUND('',#296,.T.) ;
#335=FACE_BOUND('',#330,.T.) ;
#369=FACE_BOUND('',#364,.T.) ;
#403=FACE_BOUND('',#398,.T.) ;
#437=FACE_BOUND('',#432,.T.) ;
#471=FACE_BOUND('',#466,.T.) ;
#505=FACE_BOUND('',#500,.T.) ;
#1978=FACE_BOUND('',#1973,.T.) ;
#2012=FACE_BOUND('',#2007,.T.) ;
#30=CLOSED_SHELL('Closed Shell',(#506,#545,#570,#595,#620,#645,#670,#695,#720,#745,#770,#795,#820,#845,#870,#895,#913,#945,#970,#995,#1013,#1045,#1070,#1095,#1113,#1145,#1170,#1195,#1213,#1245,#1270,#1295,#1313,#1345,#1370,#1395,#1413,#1445,#1470,#1495,#1513,#1545,#1570,#1595,#1613,#1645,#1677,#1702,#1720,#1752,#1777,#1802,#1820,#1852,#1877,#1902,#1920,#2013,#2026,#2039,#2052,#2065,#2078,#2091,#2104,#2136,#2161,#2186,#2204,#2236,#2261,#2286,#2304,#2317,#2349,#2374,#2399,#2417,#2449,#2474,#2499,#2517,#2530,#2543,#2575,#2600,#2625,#2643,#2675,#2700,#2725,#2743,#2756,#2769)) ;
#2771=ADVANCED_BREP_SHAPE_REPRESENTATION('NONE',(#21),#16) ;
#506=ADVANCED_FACE('MANIFOLD_SOLID_BREP #2634',(#165,#199,#233,#267,#301,#335,#369,#403,#437,#471,#505),#35,.F.) ;
#545=ADVANCED_FACE('MANIFOLD_SOLID_BREP #2634',(#544),#519,.T.) ;
#570=ADVANCED_FACE('MANIFOLD_SOLID_BREP #2634',(#569),#551,.T.) ;
#595=ADVANCED_FACE('MANIFOLD_SOLID_BREP #2634',(#594),#576,.T.) ;
#620=ADVANCED_FACE('MANIFOLD_SOLID_BREP #2634',(#619),#601,.T.) ;
#645=ADVANCED_FACE('MANIFOLD_SOLID_BREP #2634',(#644),#626,.T.) ;
#670=ADVANCED_FACE('MANIFOLD_SOLID_BREP #2634',(#669),#651,.F.) ;
#695=ADVANCED_FACE('MANIFOLD_SOLID_BREP #2634',(#694),#676,.F.) ;
#720=ADVANCED_FACE('MANIFOLD_SOLID_BREP #2634',(#719),#701,.F.) ;
#745=ADVANCED_FACE('MANIFOLD_SOLID_BREP #2634',(#744),#726,.T.) ;
#770=ADVANCED_FACE('MANIFOLD_SOLID_BREP #2634',(#769),#751,.T.) ;
#795=ADVANCED_FACE('MANIFOLD_SOLID_BREP #2634',(#794),#776,.T.) ;
#820=ADVANCED_FACE('MANIFOLD_SOLID_BREP #2634',(#819),#801,.T.) ;
#845=ADVANCED_FACE('MANIFOLD_SOLID_BREP #2634',(#844),#826,.T.) ;
#870=ADVANCED_FACE('MANIFOLD_SOLID_BREP #2634',(#869),#851,.F.) ;
#895=ADVANCED_FACE('MANIFOLD_SOLID_BREP #2634',(#894),#876,.F.) ;
#913=ADVANCED_FACE('MANIFOLD_SOLID_BREP #2634',(#912),#901,.F.) ;
#945=ADVANCED_FACE('MANIFOLD_SOLID_BREP #2634',(#944),#919,.T.) ;
#970=ADVANCED_FACE('MANIFOLD_SOLID_BREP #2634',(#969),#951,.T.) ;
#995=ADVANCED_FACE('MANIFOLD_SOLID_BREP #2634',(#994),#976,.T.) ;
#1013=ADVANCED_FACE('MANIFOLD_SOLID_BREP #2634',(#1012),#1001,.T.) ;
#1045=ADVANCED_FACE('MANIFOLD_SOLID_BREP #2634',(#1044),#1019,.T.) ;
#1070=ADVANCED_FACE('MANIFOLD_SOLID_BREP #2634',(#1069),#1051,.T.) ;
#1095=ADVANCED_FACE('MANIFOLD_SOLID_BREP #2634',(#1094),#1076,.T.) ;
#1113=ADVANCED_FACE('MANIFOLD_SOLID_BREP #2634',(#1112),#1101,.T.) ;
#1145=ADVANCED_FACE('MANIFOLD_SOLID_BREP #2634',(#1144),#1119,.T.) ;
#1170=ADVANCED_FACE('MANIFOLD_SOLID_BREP #2634',(#1169),#1151,.T.) ;
#1195=ADVANCED_FACE('MANIFOLD_SOLID_BREP #2634',(#1194),#1176,.T.) ;
#1213=ADVANCED_FACE('MANIFOLD_SOLID_BREP #2634',(#1212),#1201,.T.) ;
#1245=ADVANCED_FACE('MANIFOLD_SOLID_BREP #2634',(#1244),#1219,.T.) ;
#1270=ADVANCED_FACE('MANIFOLD_SOLID_BREP #2634',(#1269),#1251,.T.) ;
#1295=ADVANCED_FACE('MANIFOLD_SOLID_BREP #2634',(#1294),#1276,.T.) ;
#1313=ADVANCED_FACE('MANIFOLD_SOLID_BREP #2634',(#1312),#1301,.T.) ;
#1345=ADVANCED_FACE('MANIFOLD_SOLID_BREP #2634',(#1344),#1319,.T.) ;
#1370=ADVANCED_FACE('MANIFOLD_SOLID_BREP #2634',(#1369),#1351,.T.) ;
#1395=ADVANCED_FACE('MANIFOLD_SOLID_BREP #2634',(#1394),#1376,.T.) ;
#1413=ADVANCED_FACE('MANIFOLD_SOLID_BREP #2634',(#1412),#1401,.T.) ;
#1445=ADVANCED_FACE('MANIFOLD_SOLID_BREP #2634',(#1444),#1419,.T.) ;
#1470=ADVANCED_FACE('MANIFOLD_SOLID_BREP #2634',(#1469),#1451,.T.) ;
#1495=ADVANCED_FACE('MANIFOLD_SOLID_BREP #2634',(#1494),#1476,.T.) ;
#1513=ADVANCED_FACE('MANIFOLD_SOLID_BREP #2634',(#1512),#1501,.T.) ;
#1545=ADVANCED_FACE('MANIFOLD_SOLID_BREP #2634',(#1544),#1519,.T.) ;
#1570=ADVANCED_FACE('MANIFOLD_SOLID_BREP #2634',(#1569),#1551,.T.) ;
#1595=ADVANCED_FACE('MANIFOLD_SOLID_BREP #2634',(#1594),#1576,.T.) ;
#1613=ADVANCED_FACE('MANIFOLD_SOLID_BREP #2634',(#1612),#1601,.T.) ;
#1645=ADVANCED_FACE('MANIFOLD_SOLID_BREP #2634',(#1644),#1619,.T.) ;
#1677=ADVANCED_FACE('MANIFOLD_SOLID_BREP #2634',(#1676),#1658,.T.) ;
#1702=ADVANCED_FACE('MANIFOLD_SOLID_BREP #2634',(#1701),#1683,.T.) ;
#1720=ADVANCED_FACE('MANIFOLD_SOLID_BREP #2634',(#1719),#1708,.F.) ;
#1752=ADVANCED_FACE('MANIFOLD_SOLID_BREP #2634',(#1751),#1726,.T.) ;
#1777=ADVANCED_FACE('MANIFOLD_SOLID_BREP #2634',(#1776),#1758,.T.) ;
#1802=ADVANCED_FACE('MANIFOLD_SOLID_BREP #2634',(#1801),#1783,.T.) ;
#1820=ADVANCED_FACE('MANIFOLD_SOLID_BREP #2634',(#1819),#1808,.F.) ;
#1852=ADVANCED_FACE('MANIFOLD_SOLID_BREP #2634',(#1851),#1826,.T.) ;
#1877=ADVANCED_FACE('MANIFOLD_SOLID_BREP #2634',(#1876),#1858,.T.) ;
#1902=ADVANCED_FACE('MANIFOLD_SOLID_BREP #2634',(#1901),#1883,.T.) ;
#1920=ADVANCED_FACE('MANIFOLD_SOLID_BREP #2634',(#1919),#1908,.T.) ;
#2013=ADVANCED_FACE('MANIFOLD_SOLID_BREP #2634',(#1944,#1978,#2012),#1926,.T.) ;
#2026=ADVANCED_FACE('MANIFOLD_SOLID_BREP #2634',(#2025),#2019,.T.) ;
#2039=ADVANCED_FACE('MANIFOLD_SOLID_BREP #2634',(#2038),#2032,.T.) ;
#2052=ADVANCED_FACE('MANIFOLD_SOLID_BREP #2634',(#2051),#2045,.T.) ;
#2065=ADVANCED_FACE('MANIFOLD_SOLID_BREP #2634',(#2064),#2058,.T.) ;
#2078=ADVANCED_FACE('MANIFOLD_SOLID_BREP #2634',(#2077),#2071,.T.) ;
#2091=ADVANCED_FACE('MANIFOLD_SOLID_BREP #2634',(#2090),#2084,.T.) ;
#2104=ADVANCED_FACE('MANIFOLD_SOLID_BREP #2634',(#2103),#2097,.T.) ;
#2136=ADVANCED_FACE('MANIFOLD_SOLID_BREP #2634',(#2135),#2110,.T.) ;
#2161=ADVANCED_FACE('MANIFOLD_SOLID_BREP #2634',(#2160),#2142,.T.) ;
#2186=ADVANCED_FACE('MANIFOLD_SOLID_BREP #2634',(#2185),#2167,.T.) ;
#2204=ADVANCED_FACE('MANIFOLD_SOLID_BREP #2634',(#2203),#2192,.T.) ;
#2236=ADVANCED_FACE('MANIFOLD_SOLID_BREP #2634',(#2235),#2210,.T.) ;
#2261=ADVANCED_FACE('MANIFOLD_SOLID_BREP #2634',(#2260),#2242,.T.) ;
#2286=ADVANCED_FACE('MANIFOLD_SOLID_BREP #2634',(#2285),#2267,.T.) ;
#2304=ADVANCED_FACE('MANIFOLD_SOLID_BREP #2634',(#2303),#2292,.T.) ;
#2317=ADVANCED_FACE('MANIFOLD_SOLID_BREP #2634',(#2316),#2310,.T.) ;
#2349=ADVANCED_FACE('MANIFOLD_SOLID_BREP #2634',(#2348),#2323,.T.) ;
#2374=ADVANCED_FACE('MANIFOLD_SOLID_BREP #2634',(#2373),#2355,.T.) ;
#2399=ADVANCED_FACE('MANIFOLD_SOLID_BREP #2634',(#2398),#2380,.T.) ;
#2417=ADVANCED_FACE('MANIFOLD_SOLID_BREP #2634',(#2416),#2405,.F.) ;
#2449=ADVANCED_FACE('MANIFOLD_SOLID_BREP #2634',(#2448),#2423,.T.) ;
#2474=ADVANCED_FACE('MANIFOLD_SOLID_BREP #2634',(#2473),#2455,.T.) ;
#2499=ADVANCED_FACE('MANIFOLD_SOLID_BREP #2634',(#2498),#2480,.T.) ;
#2517=ADVANCED_FACE('MANIFOLD_SOLID_BREP #2634',(#2516),#2505,.F.) ;
#2530=ADVANCED_FACE('MANIFOLD_SOLID_BREP #2634',(#2529),#2523,.T.) ;
#2543=ADVANCED_FACE('MANIFOLD_SOLID_BREP #2634',(#2542),#2536,.T.) ;
#2575=ADVANCED_FACE('MANIFOLD_SOLID_BREP #2634',(#2574),#2549,.T.) ;
#2600=ADVANCED_FACE('MANIFOLD_SOLID_BREP #2634',(#2599),#2581,.T.) ;
#2625=ADVANCED_FACE('MANIFOLD_SOLID_BREP #2634',(#2624),#2606,.T.) ;
#2643=ADVANCED_FACE('MANIFOLD_SOLID_BREP #2634',(#2642),#2631,.T.) ;
#2675=ADVANCED_FACE('MANIFOLD_SOLID_BREP #2634',(#2674),#2649,.T.) ;
#2700=ADVANCED_FACE('MANIFOLD_SOLID_BREP #2634',(#2699),#2681,.T.) ;
#2725=ADVANCED_FACE('MANIFOLD_SOLID_BREP #2634',(#2724),#2706,.T.) ;
#2743=ADVANCED_FACE('MANIFOLD_SOLID_BREP #2634',(#2742),#2731,.T.) ;
#2756=ADVANCED_FACE('MANIFOLD_SOLID_BREP #2634',(#2755),#2749,.T.) ;
#2769=ADVANCED_FACE('MANIFOLD_SOLID_BREP #2634',(#2768),#2762,.T.) ;
#4=APPLICATION_PROTOCOL_DEFINITION('international standard','automotive_design',2001,#1) ;
#21=MANIFOLD_SOLID_BREP('MANIFOLD_SOLID_BREP #2634',#30) ;
#22=COLOUR_RGB('Colour',0.823529411765,0.823529411765,1.) ;
#1646=COLOUR_RGB('Colour',0.870588235294,0.63137254902,0.172549019608) ;
#514=OVER_RIDING_STYLED_ITEM(' ',(#513),#506,#29) ;
#546=OVER_RIDING_STYLED_ITEM(' ',(#513),#545,#29) ;
#571=OVER_RIDING_STYLED_ITEM(' ',(#513),#570,#29) ;
#596=OVER_RIDING_STYLED_ITEM(' ',(#513),#595,#29) ;
#621=OVER_RIDING_STYLED_ITEM(' ',(#513),#620,#29) ;
#646=OVER_RIDING_STYLED_ITEM(' ',(#513),#645,#29) ;
#671=OVER_RIDING_STYLED_ITEM(' ',(#513),#670,#29) ;
#696=OVER_RIDING_STYLED_ITEM(' ',(#513),#695,#29) ;
#721=OVER_RIDING_STYLED_ITEM(' ',(#513),#720,#29) ;
#746=OVER_RIDING_STYLED_ITEM(' ',(#513),#745,#29) ;
#771=OVER_RIDING_STYLED_ITEM(' ',(#513),#770,#29) ;
#796=OVER_RIDING_STYLED_ITEM(' ',(#513),#795,#29) ;
#821=OVER_RIDING_STYLED_ITEM(' ',(#513),#820,#29) ;
#846=OVER_RIDING_STYLED_ITEM(' ',(#513),#845,#29) ;
#871=OVER_RIDING_STYLED_ITEM(' ',(#513),#870,#29) ;
#896=OVER_RIDING_STYLED_ITEM(' ',(#513),#895,#29) ;
#914=OVER_RIDING_STYLED_ITEM(' ',(#513),#913,#29) ;
#946=OVER_RIDING_STYLED_ITEM(' ',(#513),#945,#29) ;
#971=OVER_RIDING_STYLED_ITEM(' ',(#513),#970,#29) ;
#996=OVER_RIDING_STYLED_ITEM(' ',(#513),#995,#29) ;
#1014=OVER_RIDING_STYLED_ITEM(' ',(#513),#1013,#29) ;
#1046=OVER_RIDING_STYLED_ITEM(' ',(#513),#1045,#29) ;
#1071=OVER_RIDING_STYLED_ITEM(' ',(#513),#1070,#29) ;
#1096=OVER_RIDING_STYLED_ITEM(' ',(#513),#1095,#29) ;
#1114=OVER_RIDING_STYLED_ITEM(' ',(#513),#1113,#29) ;
#1146=OVER_RIDING_STYLED_ITEM(' ',(#513),#1145,#29) ;
#1171=OVER_RIDING_STYLED_ITEM(' ',(#513),#1170,#29) ;
#1196=OVER_RIDING_STYLED_ITEM(' ',(#513),#1195,#29) ;
#1214=OVER_RIDING_STYLED_ITEM(' ',(#513),#1213,#29) ;
#1246=OVER_RIDING_STYLED_ITEM(' ',(#513),#1245,#29) ;
#1271=OVER_RIDING_STYLED_ITEM(' ',(#513),#1270,#29) ;
#1296=OVER_RIDING_STYLED_ITEM(' ',(#513),#1295,#29) ;
#1314=OVER_RIDING_STYLED_ITEM(' ',(#513),#1313,#29) ;
#1346=OVER_RIDING_STYLED_ITEM(' ',(#513),#1345,#29) ;
#1371=OVER_RIDING_STYLED_ITEM(' ',(#513),#1370,#29) ;
#1396=OVER_RIDING_STYLED_ITEM(' ',(#513),#1395,#29) ;
#1414=OVER_RIDING_STYLED_ITEM(' ',(#513),#1413,#29) ;
#1446=OVER_RIDING_STYLED_ITEM(' ',(#513),#1445,#29) ;
#1471=OVER_RIDING_STYLED_ITEM(' ',(#513),#1470,#29) ;
#1496=OVER_RIDING_STYLED_ITEM(' ',(#513),#1495,#29) ;
#1514=OVER_RIDING_STYLED_ITEM(' ',(#513),#1513,#29) ;
#1546=OVER_RIDING_STYLED_ITEM(' ',(#513),#1545,#29) ;
#1571=OVER_RIDING_STYLED_ITEM(' ',(#513),#1570,#29) ;
#1596=OVER_RIDING_STYLED_ITEM(' ',(#513),#1595,#29) ;
#1614=OVER_RIDING_STYLED_ITEM(' ',(#513),#1613,#29) ;
#1653=OVER_RIDING_STYLED_ITEM(' ',(#1652),#1645,#29) ;
#1678=OVER_RIDING_STYLED_ITEM(' ',(#1652),#1677,#29) ;
#1703=OVER_RIDING_STYLED_ITEM(' ',(#1652),#1702,#29) ;
#1721=OVER_RIDING_STYLED_ITEM(' ',(#1652),#1720,#29) ;
#1753=OVER_RIDING_STYLED_ITEM(' ',(#1652),#1752,#29) ;
#1778=OVER_RIDING_STYLED_ITEM(' ',(#1652),#1777,#29) ;
#1803=OVER_RIDING_STYLED_ITEM(' ',(#1652),#1802,#29) ;
#1821=OVER_RIDING_STYLED_ITEM(' ',(#1652),#1820,#29) ;
#1853=OVER_RIDING_STYLED_ITEM(' ',(#513),#1852,#29) ;
#1878=OVER_RIDING_STYLED_ITEM(' ',(#513),#1877,#29) ;
#1903=OVER_RIDING_STYLED_ITEM(' ',(#513),#1902,#29) ;
#1921=OVER_RIDING_STYLED_ITEM(' ',(#513),#1920,#29) ;
#2014=OVER_RIDING_STYLED_ITEM(' ',(#513),#2013,#29) ;
#2027=OVER_RIDING_STYLED_ITEM(' ',(#513),#2026,#29) ;
#2040=OVER_RIDING_STYLED_ITEM(' ',(#513),#2039,#29) ;
#2053=OVER_RIDING_STYLED_ITEM(' ',(#513),#2052,#29) ;
#2066=OVER_RIDING_STYLED_ITEM(' ',(#513),#2065,#29) ;
#2079=OVER_RIDING_STYLED_ITEM(' ',(#513),#2078,#29) ;
#2092=OVER_RIDING_STYLED_ITEM(' ',(#513),#2091,#29) ;
#2105=OVER_RIDING_STYLED_ITEM(' ',(#513),#2104,#29) ;
#2137=OVER_RIDING_STYLED_ITEM(' ',(#1652),#2136,#29) ;
#2162=OVER_RIDING_STYLED_ITEM(' ',(#1652),#2161,#29) ;
#2187=OVER_RIDING_STYLED_ITEM(' ',(#1652),#2186,#29) ;
#2205=OVER_RIDING_STYLED_ITEM(' ',(#1652),#2204,#29) ;
#2237=OVER_RIDING_STYLED_ITEM(' ',(#1652),#2236,#29) ;
#2262=OVER_RIDING_STYLED_ITEM(' ',(#1652),#2261,#29) ;
#2287=OVER_RIDING_STYLED_ITEM(' ',(#1652),#2286,#29) ;
#2305=OVER_RIDING_STYLED_ITEM(' ',(#1652),#2304,#29) ;
#2318=OVER_RIDING_STYLED_ITEM(' ',(#513),#2317,#29) ;
#2350=OVER_RIDING_STYLED_ITEM(' ',(#1652),#2349,#29) ;
#2375=OVER_RIDING_STYLED_ITEM(' ',(#1652),#2374,#29) ;
#2400=OVER_RIDING_STYLED_ITEM(' ',(#1652),#2399,#29) ;
#2418=OVER_RIDING_STYLED_ITEM(' ',(#1652),#2417,#29) ;
#2450=OVER_RIDING_STYLED_ITEM(' ',(#1652),#2449,#29) ;
#2475=OVER_RIDING_STYLED_ITEM(' ',(#1652),#2474,#29) ;
#2500=OVER_RIDING_STYLED_ITEM(' ',(#1652),#2499,#29) ;
#2518=OVER_RIDING_STYLED_ITEM(' ',(#1652),#2517,#29) ;
#2531=OVER_RIDING_STYLED_ITEM(' ',(#1652),#2530,#29) ;
#2544=OVER_RIDING_STYLED_ITEM(' ',(#1652),#2543,#29) ;
#2576=OVER_RIDING_STYLED_ITEM(' ',(#1652),#2575,#29) ;
#2601=OVER_RIDING_STYLED_ITEM(' ',(#1652),#2600,#29) ;
#2626=OVER_RIDING_STYLED_ITEM(' ',(#1652),#2625,#29) ;
#2644=OVER_RIDING_STYLED_ITEM(' ',(#1652),#2643,#29) ;
#2676=OVER_RIDING_STYLED_ITEM(' ',(#1652),#2675,#29) ;
#2701=OVER_RIDING_STYLED_ITEM(' ',(#1652),#2700,#29) ;
#2726=OVER_RIDING_STYLED_ITEM(' ',(#1652),#2725,#29) ;
#2744=OVER_RIDING_STYLED_ITEM(' ',(#1652),#2743,#29) ;
#2757=OVER_RIDING_STYLED_ITEM(' ',(#1652),#2756,#29) ;
#2770=OVER_RIDING_STYLED_ITEM(' ',(#1652),#2769,#29) ;
#507=DRAUGHTING_PRE_DEFINED_COLOUR('black') ;
#44=EDGE_CURVE('',#41,#43,#39,.T.) ;
#51=EDGE_CURVE('',#50,#41,#48,.T.) ;
#58=EDGE_CURVE('',#57,#50,#55,.T.) ;
#65=EDGE_CURVE('',#64,#57,#62,.T.) ;
#72=EDGE_CURVE('',#71,#64,#69,.T.) ;
#79=EDGE_CURVE('',#78,#71,#76,.T.) ;
#86=EDGE_CURVE('',#85,#78,#83,.T.) ;
#93=EDGE_CURVE('',#92,#85,#90,.T.) ;
#100=EDGE_CURVE('',#99,#92,#97,.T.) ;
#107=EDGE_CURVE('',#106,#99,#104,.T.) ;
#114=EDGE_CURVE('',#113,#106,#111,.T.) ;
#121=EDGE_CURVE('',#120,#113,#118,.T.) ;
#128=EDGE_CURVE('',#127,#120,#125,.T.) ;
#135=EDGE_CURVE('',#134,#127,#132,.T.) ;
#142=EDGE_CURVE('',#141,#134,#139,.T.) ;
#147=EDGE_CURVE('',#43,#141,#146,.T.) ;
#174=EDGE_CURVE('',#171,#173,#169,.T.) ;
#181=EDGE_CURVE('',#180,#171,#178,.T.) ;
#188=EDGE_CURVE('',#187,#180,#185,.T.) ;
#193=EDGE_CURVE('',#173,#187,#192,.T.) ;
#208=EDGE_CURVE('',#205,#207,#203,.T.) ;
#215=EDGE_CURVE('',#214,#205,#212,.T.) ;
#222=EDGE_CURVE('',#221,#214,#219,.T.) ;
#227=EDGE_CURVE('',#207,#221,#226,.T.) ;
#242=EDGE_CURVE('',#239,#241,#237,.T.) ;
#249=EDGE_CURVE('',#248,#239,#246,.T.) ;
#256=EDGE_CURVE('',#255,#248,#253,.T.) ;
#261=EDGE_CURVE('',#241,#255,#260,.T.) ;
#276=EDGE_CURVE('',#273,#275,#271,.T.) ;
#283=EDGE_CURVE('',#282,#273,#280,.T.) ;
#290=EDGE_CURVE('',#289,#282,#287,.T.) ;
#295=EDGE_CURVE('',#275,#289,#294,.T.) ;
#310=EDGE_CURVE('',#307,#309,#305,.T.) ;
#317=EDGE_CURVE('',#316,#307,#314,.T.) ;
#324=EDGE_CURVE('',#323,#316,#321,.T.) ;
#329=EDGE_CURVE('',#309,#323,#328,.T.) ;
#344=EDGE_CURVE('',#341,#343,#339,.T.) ;
#351=EDGE_CURVE('',#350,#341,#348,.T.) ;
#358=EDGE_CURVE('',#357,#350,#355,.T.) ;
#363=EDGE_CURVE('',#343,#357,#362,.T.) ;
#378=EDGE_CURVE('',#375,#377,#373,.T.) ;
#385=EDGE_CURVE('',#384,#375,#382,.T.) ;
#392=EDGE_CURVE('',#391,#384,#389,.T.) ;
#397=EDGE_CURVE('',#377,#391,#396,.T.) ;
#412=EDGE_CURVE('',#409,#411,#407,.T.) ;
#419=EDGE_CURVE('',#418,#411,#416,.T.) ;
#426=EDGE_CURVE('',#425,#418,#423,.T.) ;
#431=EDGE_CURVE('',#425,#409,#430,.T.) ;
#446=EDGE_CURVE('',#443,#445,#441,.T.) ;
#453=EDGE_CURVE('',#452,#445,#450,.T.) ;
#460=EDGE_CURVE('',#459,#452,#457,.T.) ;
#465=EDGE_CURVE('',#459,#443,#464,.T.) ;
#480=EDGE_CURVE('',#477,#479,#475,.T.) ;
#487=EDGE_CURVE('',#486,#477,#484,.T.) ;
#494=EDGE_CURVE('',#493,#486,#491,.T.) ;
#499=EDGE_CURVE('',#479,#493,#498,.T.) ;
#528=EDGE_CURVE('',#525,#527,#523,.T.) ;
#533=EDGE_CURVE('',#41,#525,#532,.T.) ;
#538=EDGE_CURVE('',#43,#527,#537,.T.) ;
#558=EDGE_CURVE('',#557,#525,#555,.T.) ;
#563=EDGE_CURVE('',#50,#557,#562,.T.) ;
#583=EDGE_CURVE('',#582,#557,#580,.T.) ;
#588=EDGE_CURVE('',#57,#582,#587,.T.) ;
#608=EDGE_CURVE('',#607,#582,#605,.T.) ;
#613=EDGE_CURVE('',#64,#607,#612,.T.) ;
#633=EDGE_CURVE('',#632,#607,#630,.T.) ;
#638=EDGE_CURVE('',#71,#632,#637,.T.) ;
#658=EDGE_CURVE('',#657,#632,#655,.T.) ;
#663=EDGE_CURVE('',#78,#657,#662,.T.) ;
#683=EDGE_CURVE('',#682,#657,#680,.T.) ;
#688=EDGE_CURVE('',#85,#682,#687,.T.) ;
#708=EDGE_CURVE('',#707,#682,#705,.T.) ;
#713=EDGE_CURVE('',#92,#707,#712,.T.) ;
#733=EDGE_CURVE('',#732,#707,#730,.T.) ;
#738=EDGE_CURVE('',#99,#732,#737,.T.) ;
#758=EDGE_CURVE('',#757,#732,#755,.T.) ;
#763=EDGE_CURVE('',#106,#757,#762,.T.) ;
#783=EDGE_CURVE('',#782,#757,#780,.T.) ;
#788=EDGE_CURVE('',#113,#782,#787,.T.) ;
#808=EDGE_CURVE('',#807,#782,#805,.T.) ;
#813=EDGE_CURVE('',#120,#807,#812,.T.) ;
#833=EDGE_CURVE('',#832,#807,#830,.T.) ;
#838=EDGE_CURVE('',#127,#832,#837,.T.) ;
#858=EDGE_CURVE('',#857,#832,#855,.T.) ;
#863=EDGE_CURVE('',#134,#857,#862,.T.) ;
#883=EDGE_CURVE('',#882,#857,#880,.T.) ;
#888=EDGE_CURVE('',#141,#882,#887,.T.) ;
#906=EDGE_CURVE('',#527,#882,#905,.T.) ;
#926=EDGE_CURVE('',#173,#925,#923,.T.) ;
#933=EDGE_CURVE('',#932,#925,#930,.T.) ;
#938=EDGE_CURVE('',#171,#932,#937,.T.) ;
#958=EDGE_CURVE('',#957,#932,#955,.T.) ;
#963=EDGE_CURVE('',#180,#957,#962,.T.) ;
#983=EDGE_CURVE('',#982,#957,#980,.T.) ;
#988=EDGE_CURVE('',#187,#982,#987,.T.) ;
#1006=EDGE_CURVE('',#925,#982,#1005,.T.) ;
#1026=EDGE_CURVE('',#207,#1025,#1023,.T.) ;
#1033=EDGE_CURVE('',#1032,#1025,#1030,.T.) ;
#1038=EDGE_CURVE('',#205,#1032,#1037,.T.) ;
#1058=EDGE_CURVE('',#1057,#1032,#1055,.T.) ;
#1063=EDGE_CURVE('',#214,#1057,#1062,.T.) ;
#1083=EDGE_CURVE('',#1082,#1057,#1080,.T.) ;
#1088=EDGE_CURVE('',#221,#1082,#1087,.T.) ;
#1106=EDGE_CURVE('',#1025,#1082,#1105,.T.) ;
#1126=EDGE_CURVE('',#241,#1125,#1123,.T.) ;
#1133=EDGE_CURVE('',#1132,#1125,#1130,.T.) ;
#1138=EDGE_CURVE('',#239,#1132,#1137,.T.) ;
#1158=EDGE_CURVE('',#1157,#1132,#1155,.T.) ;
#1163=EDGE_CURVE('',#248,#1157,#1162,.T.) ;
#1183=EDGE_CURVE('',#1182,#1157,#1180,.T.) ;
#1188=EDGE_CURVE('',#255,#1182,#1187,.T.) ;
#1206=EDGE_CURVE('',#1125,#1182,#1205,.T.) ;
#1226=EDGE_CURVE('',#275,#1225,#1223,.T.) ;
#1233=EDGE_CURVE('',#1232,#1225,#1230,.T.) ;
#1238=EDGE_CURVE('',#273,#1232,#1237,.T.) ;
#1258=EDGE_CURVE('',#1257,#1232,#1255,.T.) ;
#1263=EDGE_CURVE('',#282,#1257,#1262,.T.) ;
#1283=EDGE_CURVE('',#1282,#1257,#1280,.T.) ;
#1288=EDGE_CURVE('',#289,#1282,#1287,.T.) ;
#1306=EDGE_CURVE('',#1225,#1282,#1305,.T.) ;
#1326=EDGE_CURVE('',#309,#1325,#1323,.T.) ;
#1333=EDGE_CURVE('',#1332,#1325,#1330,.T.) ;
#1338=EDGE_CURVE('',#307,#1332,#1337,.T.) ;
#1358=EDGE_CURVE('',#1357,#1332,#1355,.T.) ;
#1363=EDGE_CURVE('',#316,#1357,#1362,.T.) ;
#1383=EDGE_CURVE('',#1382,#1357,#1380,.T.) ;
#1388=EDGE_CURVE('',#323,#1382,#1387,.T.) ;
#1406=EDGE_CURVE('',#1325,#1382,#1405,.T.) ;
#1426=EDGE_CURVE('',#343,#1425,#1423,.T.) ;
#1433=EDGE_CURVE('',#1432,#1425,#1430,.T.) ;
#1438=EDGE_CURVE('',#341,#1432,#1437,.T.) ;
#1458=EDGE_CURVE('',#1457,#1432,#1455,.T.) ;
#1463=EDGE_CURVE('',#350,#1457,#1462,.T.) ;
#1483=EDGE_CURVE('',#1482,#1457,#1480,.T.) ;
#1488=EDGE_CURVE('',#357,#1482,#1487,.T.) ;
#1506=EDGE_CURVE('',#1425,#1482,#1505,.T.) ;
#1526=EDGE_CURVE('',#377,#1525,#1523,.T.) ;
#1533=EDGE_CURVE('',#1532,#1525,#1530,.T.) ;
#1538=EDGE_CURVE('',#375,#1532,#1537,.T.) ;
#1558=EDGE_CURVE('',#1557,#1532,#1555,.T.) ;
#1563=EDGE_CURVE('',#384,#1557,#1562,.T.) ;
#1583=EDGE_CURVE('',#1582,#1557,#1580,.T.) ;
#1588=EDGE_CURVE('',#391,#1582,#1587,.T.) ;
#1606=EDGE_CURVE('',#1525,#1582,#1605,.T.) ;
#1626=EDGE_CURVE('',#411,#1625,#1623,.T.) ;
#1633=EDGE_CURVE('',#409,#1632,#1630,.T.) ;
#1638=EDGE_CURVE('',#1625,#1632,#1637,.T.) ;
#1665=EDGE_CURVE('',#1664,#418,#1662,.T.) ;
#1670=EDGE_CURVE('',#1625,#1664,#1669,.T.) ;
#1690=EDGE_CURVE('',#1689,#425,#1687,.T.) ;
#1695=EDGE_CURVE('',#1664,#1689,#1694,.T.) ;
#1713=EDGE_CURVE('',#1689,#1632,#1712,.T.) ;
#1733=EDGE_CURVE('',#445,#1732,#1730,.T.) ;
#1740=EDGE_CURVE('',#443,#1739,#1737,.T.) ;
#1745=EDGE_CURVE('',#1732,#1739,#1744,.T.) ;
#1765=EDGE_CURVE('',#1764,#452,#1762,.T.) ;
#1770=EDGE_CURVE('',#1732,#1764,#1769,.T.) ;
#1790=EDGE_CURVE('',#1789,#459,#1787,.T.) ;
#1795=EDGE_CURVE('',#1764,#1789,#1794,.T.) ;
#1813=EDGE_CURVE('',#1789,#1739,#1812,.T.) ;
#1833=EDGE_CURVE('',#479,#1832,#1830,.T.) ;
#1840=EDGE_CURVE('',#1839,#1832,#1837,.T.) ;
#1845=EDGE_CURVE('',#477,#1839,#1844,.T.) ;
#1865=EDGE_CURVE('',#1864,#1839,#1862,.T.) ;
#1870=EDGE_CURVE('',#486,#1864,#1869,.T.) ;
#1890=EDGE_CURVE('',#1889,#1864,#1887,.T.) ;
#1895=EDGE_CURVE('',#493,#1889,#1894,.T.) ;
#1913=EDGE_CURVE('',#1832,#1889,#1912,.T.) ;
#1953=EDGE_CURVE('',#1950,#1952,#1948,.T.) ;
#1960=EDGE_CURVE('',#1952,#1959,#1957,.T.) ;
#1967=EDGE_CURVE('',#1966,#1959,#1964,.T.) ;
#1972=EDGE_CURVE('',#1950,#1966,#1971,.T.) ;
#1987=EDGE_CURVE('',#1984,#1986,#1982,.T.) ;
#1994=EDGE_CURVE('',#1986,#1993,#1991,.T.) ;
#2001=EDGE_CURVE('',#2000,#1993,#1998,.T.) ;
#2006=EDGE_CURVE('',#1984,#2000,#2005,.T.) ;
#2117=EDGE_CURVE('',#2116,#1632,#2114,.T.) ;
#2124=EDGE_CURVE('',#2123,#2116,#2121,.T.) ;
#2129=EDGE_CURVE('',#2123,#1625,#2128,.T.) ;
#2149=EDGE_CURVE('',#2148,#1664,#2146,.T.) ;
#2154=EDGE_CURVE('',#2123,#2148,#2153,.T.) ;
#2174=EDGE_CURVE('',#2148,#2173,#2171,.T.) ;
#2179=EDGE_CURVE('',#2173,#1689,#2178,.T.) ;
#2197=EDGE_CURVE('',#2173,#2116,#2196,.T.) ;
#2217=EDGE_CURVE('',#2216,#1739,#2214,.T.) ;
#2224=EDGE_CURVE('',#2223,#2216,#2221,.T.) ;
#2229=EDGE_CURVE('',#2223,#1732,#2228,.T.) ;
#2249=EDGE_CURVE('',#1764,#2248,#2246,.T.) ;
#2254=EDGE_CURVE('',#2223,#2248,#2253,.T.) ;
#2274=EDGE_CURVE('',#2248,#2273,#2271,.T.) ;
#2279=EDGE_CURVE('',#2273,#1789,#2278,.T.) ;
#2297=EDGE_CURVE('',#2273,#2216,#2296,.T.) ;
#2330=EDGE_CURVE('',#1952,#2329,#2327,.T.) ;
#2337=EDGE_CURVE('',#1950,#2336,#2334,.T.) ;
#2342=EDGE_CURVE('',#2329,#2336,#2341,.T.) ;
#2362=EDGE_CURVE('',#2361,#1959,#2359,.T.) ;
#2367=EDGE_CURVE('',#2329,#2361,#2366,.T.) ;
#2387=EDGE_CURVE('',#2386,#1966,#2384,.T.) ;
#2392=EDGE_CURVE('',#2361,#2386,#2391,.T.) ;
#2410=EDGE_CURVE('',#2386,#2336,#2409,.T.) ;
#2430=EDGE_CURVE('',#1986,#2429,#2427,.T.) ;
#2437=EDGE_CURVE('',#1984,#2436,#2434,.T.) ;
#2442=EDGE_CURVE('',#2429,#2436,#2441,.T.) ;
#2462=EDGE_CURVE('',#2461,#1993,#2459,.T.) ;
#2467=EDGE_CURVE('',#2429,#2461,#2466,.T.) ;
#2487=EDGE_CURVE('',#2486,#2000,#2484,.T.) ;
#2492=EDGE_CURVE('',#2461,#2486,#2491,.T.) ;
#2510=EDGE_CURVE('',#2486,#2436,#2509,.T.) ;
#2556=EDGE_CURVE('',#2555,#2329,#2553,.T.) ;
#2563=EDGE_CURVE('',#2336,#2562,#2560,.T.) ;
#2568=EDGE_CURVE('',#2555,#2562,#2567,.T.) ;
#2588=EDGE_CURVE('',#2361,#2587,#2585,.T.) ;
#2593=EDGE_CURVE('',#2555,#2587,#2592,.T.) ;
#2613=EDGE_CURVE('',#2587,#2612,#2610,.T.) ;
#2618=EDGE_CURVE('',#2612,#2386,#2617,.T.) ;
#2636=EDGE_CURVE('',#2612,#2562,#2635,.T.) ;
#2656=EDGE_CURVE('',#2655,#2429,#2653,.T.) ;
#2663=EDGE_CURVE('',#2436,#2662,#2660,.T.) ;
#2668=EDGE_CURVE('',#2655,#2662,#2667,.T.) ;
#2688=EDGE_CURVE('',#2461,#2687,#2685,.T.) ;
#2693=EDGE_CURVE('',#2655,#2687,#2692,.T.) ;
#2713=EDGE_CURVE('',#2687,#2712,#2710,.T.) ;
#2718=EDGE_CURVE('',#2712,#2486,#2717,.T.) ;
#2736=EDGE_CURVE('',#2712,#2662,#2735,.T.) ;
#148=EDGE_LOOP('',(#149,#150,#151,#152,#153,#154,#155,#156,#157,#158,#159,#160,#161,#162,#163,#164)) ;
#194=EDGE_LOOP('',(#195,#196,#197,#198)) ;
#228=EDGE_LOOP('',(#229,#230,#231,#232)) ;
#262=EDGE_LOOP('',(#263,#264,#265,#266)) ;
#296=EDGE_LOOP('',(#297,#298,#299,#300)) ;
#330=EDGE_LOOP('',(#331,#332,#333,#334)) ;
#364=EDGE_LOOP('',(#365,#366,#367,#368)) ;
#398=EDGE_LOOP('',(#399,#400,#401,#402)) ;
#432=EDGE_LOOP('',(#433,#434,#435,#436)) ;
#466=EDGE_LOOP('',(#467,#468,#469,#470)) ;
#500=EDGE_LOOP('',(#501,#502,#503,#504)) ;
#539=EDGE_LOOP('',(#540,#541,#542,#543)) ;
#564=EDGE_LOOP('',(#565,#566,#567,#568)) ;
#589=EDGE_LOOP('',(#590,#591,#592,#593)) ;
#614=EDGE_LOOP('',(#615,#616,#617,#618)) ;
#639=EDGE_LOOP('',(#640,#641,#642,#643)) ;
#664=EDGE_LOOP('',(#665,#666,#667,#668)) ;
#689=EDGE_LOOP('',(#690,#691,#692,#693)) ;
#714=EDGE_LOOP('',(#715,#716,#717,#718)) ;
#739=EDGE_LOOP('',(#740,#741,#742,#743)) ;
#764=EDGE_LOOP('',(#765,#766,#767,#768)) ;
#789=EDGE_LOOP('',(#790,#791,#792,#793)) ;
#814=EDGE_LOOP('',(#815,#816,#817,#818)) ;
#839=EDGE_LOOP('',(#840,#841,#842,#843)) ;
#864=EDGE_LOOP('',(#865,#866,#867,#868)) ;
#889=EDGE_LOOP('',(#890,#891,#892,#893)) ;
#907=EDGE_LOOP('',(#908,#909,#910,#911)) ;
#939=EDGE_LOOP('',(#940,#941,#942,#943)) ;
#964=EDGE_LOOP('',(#965,#966,#967,#968)) ;
#989=EDGE_LOOP('',(#990,#991,#992,#993)) ;
#1007=EDGE_LOOP('',(#1008,#1009,#1010,#1011)) ;
#1039=EDGE_LOOP('',(#1040,#1041,#1042,#1043)) ;
#1064=EDGE_LOOP('',(#1065,#1066,#1067,#1068)) ;
#1089=EDGE_LOOP('',(#1090,#1091,#1092,#1093)) ;
#1107=EDGE_LOOP('',(#1108,#1109,#1110,#1111)) ;
#1139=EDGE_LOOP('',(#1140,#1141,#1142,#1143)) ;
#1164=EDGE_LOOP('',(#1165,#1166,#1167,#1168)) ;
#1189=EDGE_LOOP('',(#1190,#1191,#1192,#1193)) ;
#1207=EDGE_LOOP('',(#1208,#1209,#1210,#1211)) ;
#1239=EDGE_LOOP('',(#1240,#1241,#1242,#1243)) ;
#1264=EDGE_LOOP('',(#1265,#1266,#1267,#1268)) ;
#1289=EDGE_LOOP('',(#1290,#1291,#1292,#1293)) ;
#1307=EDGE_LOOP('',(#1308,#1309,#1310,#1311)) ;
#1339=EDGE_LOOP('',(#1340,#1341,#1342,#1343)) ;
#1364=EDGE_LOOP('',(#1365,#1366,#1367,#1368)) ;
#1389=EDGE_LOOP('',(#1390,#1391,#1392,#1393)) ;
#1407=EDGE_LOOP('',(#1408,#1409,#1410,#1411)) ;
#1439=EDGE_LOOP('',(#1440,#1441,#1442,#1443)) ;
#1464=EDGE_LOOP('',(#1465,#1466,#1467,#1468)) ;
#1489=EDGE_LOOP('',(#1490,#1491,#1492,#1493)) ;
#1507=EDGE_LOOP('',(#1508,#1509,#1510,#1511)) ;
#1539=EDGE_LOOP('',(#1540,#1541,#1542,#1543)) ;
#1564=EDGE_LOOP('',(#1565,#1566,#1567,#1568)) ;
#1589=EDGE_LOOP('',(#1590,#1591,#1592,#1593)) ;
#1607=EDGE_LOOP('',(#1608,#1609,#1610,#1611)) ;
#1639=EDGE_LOOP('',(#1640,#1641,#1642,#1643)) ;
#1671=EDGE_LOOP('',(#1672,#1673,#1674,#1675)) ;
#1696=EDGE_LOOP('',(#1697,#1698,#1699,#1700)) ;
#1714=EDGE_LOOP('',(#1715,#1716,#1717,#1718)) ;
#1746=EDGE_LOOP('',(#1747,#1748,#1749,#1750)) ;
#1771=EDGE_LOOP('',(#1772,#1773,#1774,#1775)) ;
#1796=EDGE_LOOP('',(#1797,#1798,#1799,#1800)) ;
#1814=EDGE_LOOP('',(#1815,#1816,#1817,#1818)) ;
#1846=EDGE_LOOP('',(#1847,#1848,#1849,#1850)) ;
#1871=EDGE_LOOP('',(#1872,#1873,#1874,#1875)) ;
#1896=EDGE_LOOP('',(#1897,#1898,#1899,#1900)) ;
#1914=EDGE_LOOP('',(#1915,#1916,#1917,#1918)) ;
#1927=EDGE_LOOP('',(#1928,#1929,#1930,#1931,#1932,#1933,#1934,#1935,#1936,#1937,#1938,#1939,#1940,#1941,#1942,#1943)) ;
#1973=EDGE_LOOP('',(#1974,#1975,#1976,#1977)) ;
#2007=EDGE_LOOP('',(#2008,#2009,#2010,#2011)) ;
#2020=EDGE_LOOP('',(#2021,#2022,#2023,#2024)) ;
#2033=EDGE_LOOP('',(#2034,#2035,#2036,#2037)) ;
#2046=EDGE_LOOP('',(#2047,#2048,#2049,#2050)) ;
#2059=EDGE_LOOP('',(#2060,#2061,#2062,#2063)) ;
#2072=EDGE_LOOP('',(#2073,#2074,#2075,#2076)) ;
#2085=EDGE_LOOP('',(#2086,#2087,#2088,#2089)) ;
#2098=EDGE_LOOP('',(#2099,#2100,#2101,#2102)) ;
#2130=EDGE_LOOP('',(#2131,#2132,#2133,#2134)) ;
#2155=EDGE_LOOP('',(#2156,#2157,#2158,#2159)) ;
#2180=EDGE_LOOP('',(#2181,#2182,#2183,#2184)) ;
#2198=EDGE_LOOP('',(#2199,#2200,#2201,#2202)) ;
#2230=EDGE_LOOP('',(#2231,#2232,#2233,#2234)) ;
#2255=EDGE_LOOP('',(#2256,#2257,#2258,#2259)) ;
#2280=EDGE_LOOP('',(#2281,#2282,#2283,#2284)) ;
#2298=EDGE_LOOP('',(#2299,#2300,#2301,#2302)) ;
#2311=EDGE_LOOP('',(#2312,#2313,#2314,#2315)) ;
#2343=EDGE_LOOP('',(#2344,#2345,#2346,#2347)) ;
#2368=EDGE_LOOP('',(#2369,#2370,#2371,#2372)) ;
#2393=EDGE_LOOP('',(#2394,#2395,#2396,#2397)) ;
#2411=EDGE_LOOP('',(#2412,#2413,#2414,#2415)) ;
#2443=EDGE_LOOP('',(#2444,#2445,#2446,#2447)) ;
#2468=EDGE_LOOP('',(#2469,#2470,#2471,#2472)) ;
#2493=EDGE_LOOP('',(#2494,#2495,#2496,#2497)) ;
#2511=EDGE_LOOP('',(#2512,#2513,#2514,#2515)) ;
#2524=EDGE_LOOP('',(#2525,#2526,#2527,#2528)) ;
#2537=EDGE_LOOP('',(#2538,#2539,#2540,#2541)) ;
#2569=EDGE_LOOP('',(#2570,#2571,#2572,#2573)) ;
#2594=EDGE_LOOP('',(#2595,#2596,#2597,#2598)) ;
#2619=EDGE_LOOP('',(#2620,#2621,#2622,#2623)) ;
#2637=EDGE_LOOP('',(#2638,#2639,#2640,#2641)) ;
#2669=EDGE_LOOP('',(#2670,#2671,#2672,#2673)) ;
#2694=EDGE_LOOP('',(#2695,#2696,#2697,#2698)) ;
#2719=EDGE_LOOP('',(#2720,#2721,#2722,#2723)) ;
#2737=EDGE_LOOP('',(#2738,#2739,#2740,#2741)) ;
#2750=EDGE_LOOP('',(#2751,#2752,#2753,#2754)) ;
#2763=EDGE_LOOP('',(#2764,#2765,#2766,#2767)) ;
#165=FACE_OUTER_BOUND('',#148,.T.) ;
#544=FACE_OUTER_BOUND('',#539,.T.) ;
#569=FACE_OUTER_BOUND('',#564,.T.) ;
#594=FACE_OUTER_BOUND('',#589,.T.) ;
#619=FACE_OUTER_BOUND('',#614,.T.) ;
#644=FACE_OUTER_BOUND('',#639,.T.) ;
#669=FACE_OUTER_BOUND('',#664,.T.) ;
#694=FACE_OUTER_BOUND('',#689,.T.) ;
#719=FACE_OUTER_BOUND('',#714,.T.) ;
#744=FACE_OUTER_BOUND('',#739,.T.) ;
#769=FACE_OUTER_BOUND('',#764,.T.) ;
#794=FACE_OUTER_BOUND('',#789,.T.) ;
#819=FACE_OUTER_BOUND('',#814,.T.) ;
#844=FACE_OUTER_BOUND('',#839,.T.) ;
#869=FACE_OUTER_BOUND('',#864,.T.) ;
#894=FACE_OUTER_BOUND('',#889,.T.) ;
#912=FACE_OUTER_BOUND('',#907,.T.) ;
#944=FACE_OUTER_BOUND('',#939,.T.) ;
#969=FACE_OUTER_BOUND('',#964,.T.) ;
#994=FACE_OUTER_BOUND('',#989,.T.) ;
#1012=FACE_OUTER_BOUND('',#1007,.T.) ;
#1044=FACE_OUTER_BOUND('',#1039,.T.) ;
#1069=FACE_OUTER_BOUND('',#1064,.T.) ;
#1094=FACE_OUTER_BOUND('',#1089,.T.) ;
#1112=FACE_OUTER_BOUND('',#1107,.T.) ;
#1144=FACE_OUTER_BOUND('',#1139,.T.) ;
#1169=FACE_OUTER_BOUND('',#1164,.T.) ;
#1194=FACE_OUTER_BOUND('',#1189,.T.) ;
#1212=FACE_OUTER_BOUND('',#1207,.T.) ;
#1244=FACE_OUTER_BOUND('',#1239,.T.) ;
#1269=FACE_OUTER_BOUND('',#1264,.T.) ;
#1294=FACE_OUTER_BOUND('',#1289,.T.) ;
#1312=FACE_OUTER_BOUND('',#1307,.T.) ;
#1344=FACE_OUTER_BOUND('',#1339,.T.) ;
#1369=FACE_OUTER_BOUND('',#1364,.T.) ;
#1394=FACE_OUTER_BOUND('',#1389,.T.) ;
#1412=FACE_OUTER_BOUND('',#1407,.T.) ;
#1444=FACE_OUTER_BOUND('',#1439,.T.) ;
#1469=FACE_OUTER_BOUND('',#1464,.T.) ;
#1494=FACE_OUTER_BOUND('',#1489,.T.) ;
#1512=FACE_OUTER_BOUND('',#1507,.T.) ;
#1544=FACE_OUTER_BOUND('',#1539,.T.) ;
#1569=FACE_OUTER_BOUND('',#1564,.T.) ;
#1594=FACE_OUTER_BOUND('',#1589,.T.) ;
#1612=FACE_OUTER_BOUND('',#1607,.T.) ;
#1644=FACE_OUTER_BOUND('',#1639,.T.) ;
#1676=FACE_OUTER_BOUND('',#1671,.T.) ;
#1701=FACE_OUTER_BOUND('',#1696,.T.) ;
#1719=FACE_OUTER_BOUND('',#1714,.T.) ;
#1751=FACE_OUTER_BOUND('',#1746,.T.) ;
#1776=FACE_OUTER_BOUND('',#1771,.T.) ;
#1801=FACE_OUTER_BOUND('',#1796,.T.) ;
#1819=FACE_OUTER_BOUND('',#1814,.T.) ;
#1851=FACE_OUTER_BOUND('',#1846,.T.) ;
#1876=FACE_OUTER_BOUND('',#1871,.T.) ;
#1901=FACE_OUTER_BOUND('',#1896,.T.) ;
#1919=FACE_OUTER_BOUND('',#1914,.T.) ;
#1944=FACE_OUTER_BOUND('',#1927,.T.) ;
#2025=FACE_OUTER_BOUND('',#2020,.T.) ;
#2038=FACE_OUTER_BOUND('',#2033,.T.) ;
#2051=FACE_OUTER_BOUND('',#2046,.T.) ;
#2064=FACE_OUTER_BOUND('',#2059,.T.) ;
#2077=FACE_OUTER_BOUND('',#2072,.T.) ;
#2090=FACE_OUTER_BOUND('',#2085,.T.) ;
#2103=FACE_OUTER_BOUND('',#2098,.T.) ;
#2135=FACE_OUTER_BOUND('',#2130,.T.) ;
#2160=FACE_OUTER_BOUND('',#2155,.T.) ;
#2185=FACE_OUTER_BOUND('',#2180,.T.) ;
#2203=FACE_OUTER_BOUND('',#2198,.T.) ;
#2235=FACE_OUTER_BOUND('',#2230,.T.) ;
#2260=FACE_OUTER_BOUND('',#2255,.T.) ;
#2285=FACE_OUTER_BOUND('',#2280,.T.) ;
#2303=FACE_OUTER_BOUND('',#2298,.T.) ;
#2316=FACE_OUTER_BOUND('',#2311,.T.) ;
#2348=FACE_OUTER_BOUND('',#2343,.T.) ;
#2373=FACE_OUTER_BOUND('',#2368,.T.) ;
#2398=FACE_OUTER_BOUND('',#2393,.T.) ;
#2416=FACE_OUTER_BOUND('',#2411,.T.) ;
#2448=FACE_OUTER_BOUND('',#2443,.T.) ;
#2473=FACE_OUTER_BOUND('',#2468,.T.) ;
#2498=FACE_OUTER_BOUND('',#2493,.T.) ;
#2516=FACE_OUTER_BOUND('',#2511,.T.) ;
#2529=FACE_OUTER_BOUND('',#2524,.T.) ;
#2542=FACE_OUTER_BOUND('',#2537,.T.) ;
#2574=FACE_OUTER_BOUND('',#2569,.T.) ;
#2599=FACE_OUTER_BOUND('',#2594,.T.) ;
#2624=FACE_OUTER_BOUND('',#2619,.T.) ;
#2642=FACE_OUTER_BOUND('',#2637,.T.) ;
#2674=FACE_OUTER_BOUND('',#2669,.T.) ;
#2699=FACE_OUTER_BOUND('',#2694,.T.) ;
#2724=FACE_OUTER_BOUND('',#2719,.T.) ;
#2742=FACE_OUTER_BOUND('',#2737,.T.) ;
#2755=FACE_OUTER_BOUND('',#2750,.T.) ;
#2768=FACE_OUTER_BOUND('',#2763,.T.) ;
#39=LINE('Line',#36,#38) ;
#48=LINE('Line',#45,#47) ;
#55=LINE('Line',#52,#54) ;
#62=LINE('Line',#59,#61) ;
#69=LINE('Line',#66,#68) ;
#76=LINE('Line',#73,#75) ;
#83=LINE('Line',#80,#82) ;
#90=LINE('Line',#87,#89) ;
#97=LINE('Line',#94,#96) ;
#104=LINE('Line',#101,#103) ;
#111=LINE('Line',#108,#110) ;
#118=LINE('Line',#115,#117) ;
#125=LINE('Line',#122,#124) ;
#132=LINE('Line',#129,#131) ;
#139=LINE('Line',#136,#138) ;
#146=LINE('Line',#143,#145) ;
#169=LINE('Line',#166,#168) ;
#178=LINE('Line',#175,#177) ;
#185=LINE('Line',#182,#184) ;
#192=LINE('Line',#189,#191) ;
#203=LINE('Line',#200,#202) ;
#212=LINE('Line',#209,#211) ;
#219=LINE('Line',#216,#218) ;
#226=LINE('Line',#223,#225) ;
#237=LINE('Line',#234,#236) ;
#246=LINE('Line',#243,#245) ;
#253=LINE('Line',#250,#252) ;
#260=LINE('Line',#257,#259) ;
#271=LINE('Line',#268,#270) ;
#280=LINE('Line',#277,#279) ;
#287=LINE('Line',#284,#286) ;
#294=LINE('Line',#291,#293) ;
#305=LINE('Line',#302,#304) ;
#314=LINE('Line',#311,#313) ;
#321=LINE('Line',#318,#320) ;
#328=LINE('Line',#325,#327) ;
#339=LINE('Line',#336,#338) ;
#348=LINE('Line',#345,#347) ;
#355=LINE('Line',#352,#354) ;
#362=LINE('Line',#359,#361) ;
#373=LINE('Line',#370,#372) ;
#382=LINE('Line',#379,#381) ;
#389=LINE('Line',#386,#388) ;
#396=LINE('Line',#393,#395) ;
#407=LINE('Line',#404,#406) ;
#416=LINE('Line',#413,#415) ;
#423=LINE('Line',#420,#422) ;
#430=LINE('Line',#427,#429) ;
#441=LINE('Line',#438,#440) ;
#450=LINE('Line',#447,#449) ;
#457=LINE('Line',#454,#456) ;
#464=LINE('Line',#461,#463) ;
#475=LINE('Line',#472,#474) ;
#484=LINE('Line',#481,#483) ;
#491=LINE('Line',#488,#490) ;
#498=LINE('Line',#495,#497) ;
#523=LINE('Line',#520,#522) ;
#532=LINE('Line',#529,#531) ;
#537=LINE('Line',#534,#536) ;
#555=LINE('Line',#552,#554) ;
#562=LINE('Line',#559,#561) ;
#580=LINE('Line',#577,#579) ;
#587=LINE('Line',#584,#586) ;
#605=LINE('Line',#602,#604) ;
#612=LINE('Line',#609,#611) ;
#630=LINE('Line',#627,#629) ;
#637=LINE('Line',#634,#636) ;
#655=LINE('Line',#652,#654) ;
#662=LINE('Line',#659,#661) ;
#680=LINE('Line',#677,#679) ;
#687=LINE('Line',#684,#686) ;
#705=LINE('Line',#702,#704) ;
#712=LINE('Line',#709,#711) ;
#730=LINE('Line',#727,#729) ;
#737=LINE('Line',#734,#736) ;
#755=LINE('Line',#752,#754) ;
#762=LINE('Line',#759,#761) ;
#780=LINE('Line',#777,#779) ;
#787=LINE('Line',#784,#786) ;
#805=LINE('Line',#802,#804) ;
#812=LINE('Line',#809,#811) ;
#830=LINE('Line',#827,#829) ;
#837=LINE('Line',#834,#836) ;
#855=LINE('Line',#852,#854) ;
#862=LINE('Line',#859,#861) ;
#880=LINE('Line',#877,#879) ;
#887=LINE('Line',#884,#886) ;
#905=LINE('Line',#902,#904) ;
#923=LINE('Line',#920,#922) ;
#930=LINE('Line',#927,#929) ;
#937=LINE('Line',#934,#936) ;
#955=LINE('Line',#952,#954) ;
#962=LINE('Line',#959,#961) ;
#980=LINE('Line',#977,#979) ;
#987=LINE('Line',#984,#986) ;
#1005=LINE('Line',#1002,#1004) ;
#1023=LINE('Line',#1020,#1022) ;
#1030=LINE('Line',#1027,#1029) ;
#1037=LINE('Line',#1034,#1036) ;
#1055=LINE('Line',#1052,#1054) ;
#1062=LINE('Line',#1059,#1061) ;
#1080=LINE('Line',#1077,#1079) ;
#1087=LINE('Line',#1084,#1086) ;
#1105=LINE('Line',#1102,#1104) ;
#1123=LINE('Line',#1120,#1122) ;
#1130=LINE('Line',#1127,#1129) ;
#1137=LINE('Line',#1134,#1136) ;
#1155=LINE('Line',#1152,#1154) ;
#1162=LINE('Line',#1159,#1161) ;
#1180=LINE('Line',#1177,#1179) ;
#1187=LINE('Line',#1184,#1186) ;
#1205=LINE('Line',#1202,#1204) ;
#1223=LINE('Line',#1220,#1222) ;
#1230=LINE('Line',#1227,#1229) ;
#1237=LINE('Line',#1234,#1236) ;
#1255=LINE('Line',#1252,#1254) ;
#1262=LINE('Line',#1259,#1261) ;
#1280=LINE('Line',#1277,#1279) ;
#1287=LINE('Line',#1284,#1286) ;
#1305=LINE('Line',#1302,#1304) ;
#1323=LINE('Line',#1320,#1322) ;
#1330=LINE('Line',#1327,#1329) ;
#1337=LINE('Line',#1334,#1336) ;
#1355=LINE('Line',#1352,#1354) ;
#1362=LINE('Line',#1359,#1361) ;
#1380=LINE('Line',#1377,#1379) ;
#1387=LINE('Line',#1384,#1386) ;
#1405=LINE('Line',#1402,#1404) ;
#1423=LINE('Line',#1420,#1422) ;
#1430=LINE('Line',#1427,#1429) ;
#1437=LINE('Line',#1434,#1436) ;
#1455=LINE('Line',#1452,#1454) ;
#1462=LINE('Line',#1459,#1461) ;
#1480=LINE('Line',#1477,#1479) ;
#1487=LINE('Line',#1484,#1486) ;
#1505=LINE('Line',#1502,#1504) ;
#1523=LINE('Line',#1520,#1522) ;
#1530=LINE('Line',#1527,#1529) ;
#1537=LINE('Line',#1534,#1536) ;
#1555=LINE('Line',#1552,#1554) ;
#1562=LINE('Line',#1559,#1561) ;
#1580=LINE('Line',#1577,#1579) ;
#1587=LINE('Line',#1584,#1586) ;
#1605=LINE('Line',#1602,#1604) ;
#1623=LINE('Line',#1620,#1622) ;
#1630=LINE('Line',#1627,#1629) ;
#1637=LINE('Line',#1634,#1636) ;
#1662=LINE('Line',#1659,#1661) ;
#1669=LINE('Line',#1666,#1668) ;
#1687=LINE('Line',#1684,#1686) ;
#1694=LINE('Line',#1691,#1693) ;
#1712=LINE('Line',#1709,#1711) ;
#1730=LINE('Line',#1727,#1729) ;
#1737=LINE('Line',#1734,#1736) ;
#1744=LINE('Line',#1741,#1743) ;
#1762=LINE('Line',#1759,#1761) ;
#1769=LINE('Line',#1766,#1768) ;
#1787=LINE('Line',#1784,#1786) ;
#1794=LINE('Line',#1791,#1793) ;
#1812=LINE('Line',#1809,#1811) ;
#1830=LINE('Line',#1827,#1829) ;
#1837=LINE('Line',#1834,#1836) ;
#1844=LINE('Line',#1841,#1843) ;
#1862=LINE('Line',#1859,#1861) ;
#1869=LINE('Line',#1866,#1868) ;
#1887=LINE('Line',#1884,#1886) ;
#1894=LINE('Line',#1891,#1893) ;
#1912=LINE('Line',#1909,#1911) ;
#1948=LINE('Line',#1945,#1947) ;
#1957=LINE('Line',#1954,#1956) ;
#1964=LINE('Line',#1961,#1963) ;
#1971=LINE('Line',#1968,#1970) ;
#1982=LINE('Line',#1979,#1981) ;
#1991=LINE('Line',#1988,#1990) ;
#1998=LINE('Line',#1995,#1997) ;
#2005=LINE('Line',#2002,#2004) ;
#2114=LINE('Line',#2111,#2113) ;
#2121=LINE('Line',#2118,#2120) ;
#2128=LINE('Line',#2125,#2127) ;
#2146=LINE('Line',#2143,#2145) ;
#2153=LINE('Line',#2150,#2152) ;
#2171=LINE('Line',#2168,#2170) ;
#2178=LINE('Line',#2175,#2177) ;
#2196=LINE('Line',#2193,#2195) ;
#2214=LINE('Line',#2211,#2213) ;
#2221=LINE('Line',#2218,#2220) ;
#2228=LINE('Line',#2225,#2227) ;
#2246=LINE('Line',#2243,#2245) ;
#2253=LINE('Line',#2250,#2252) ;
#2271=LINE('Line',#2268,#2270) ;
#2278=LINE('Line',#2275,#2277) ;
#2296=LINE('Line',#2293,#2295) ;
#2327=LINE('Line',#2324,#2326) ;
#2334=LINE('Line',#2331,#2333) ;
#2341=LINE('Line',#2338,#2340) ;
#2359=LINE('Line',#2356,#2358) ;
#2366=LINE('Line',#2363,#2365) ;
#2384=LINE('Line',#2381,#2383) ;
#2391=LINE('Line',#2388,#2390) ;
#2409=LINE('Line',#2406,#2408) ;
#2427=LINE('Line',#2424,#2426) ;
#2434=LINE('Line',#2431,#2433) ;
#2441=LINE('Line',#2438,#2440) ;
#2459=LINE('Line',#2456,#2458) ;
#2466=LINE('Line',#2463,#2465) ;
#2484=LINE('Line',#2481,#2483) ;
#2491=LINE('Line',#2488,#2490) ;
#2509=LINE('Line',#2506,#2508) ;
#2553=LINE('Line',#2550,#2552) ;
#2560=LINE('Line',#2557,#2559) ;
#2567=LINE('Line',#2564,#2566) ;
#2585=LINE('Line',#2582,#2584) ;
#2592=LINE('Line',#2589,#2591) ;
#2610=LINE('Line',#2607,#2609) ;
#2617=LINE('Line',#2614,#2616) ;
#2635=LINE('Line',#2632,#2634) ;
#2653=LINE('Line',#2650,#2652) ;
#2660=LINE('Line',#2657,#2659) ;
#2667=LINE('Line',#2664,#2666) ;
#2685=LINE('Line',#2682,#2684) ;
#2692=LINE('Line',#2689,#2691) ;
#2710=LINE('Line',#2707,#2709) ;
#2717=LINE('Line',#2714,#2716) ;
#2735=LINE('Line',#2732,#2734) ;
#35=PLANE('',#34) ;
#519=PLANE('',#518) ;
#551=PLANE('',#550) ;
#576=PLANE('',#575) ;
#601=PLANE('',#600) ;
#626=PLANE('',#625) ;
#651=PLANE('',#650) ;
#676=PLANE('',#675) ;
#701=PLANE('',#700) ;
#726=PLANE('',#725) ;
#751=PLANE('',#750) ;
#776=PLANE('',#775) ;
#801=PLANE('',#800) ;
#826=PLANE('',#825) ;
#851=PLANE('',#850) ;
#876=PLANE('',#875) ;
#901=PLANE('',#900) ;
#919=PLANE('',#918) ;
#951=PLANE('',#950) ;
#976=PLANE('',#975) ;
#1001=PLANE('',#1000) ;
#1019=PLANE('',#1018) ;
#1051=PLANE('',#1050) ;
#1076=PLANE('',#1075) ;
#1101=PLANE('',#1100) ;
#1119=PLANE('',#1118) ;
#1151=PLANE('',#1150) ;
#1176=PLANE('',#1175) ;
#1201=PLANE('',#1200) ;
#1219=PLANE('',#1218) ;
#1251=PLANE('',#1250) ;
#1276=PLANE('',#1275) ;
#1301=PLANE('',#1300) ;
#1319=PLANE('',#1318) ;
#1351=PLANE('',#1350) ;
#1376=PLANE('',#1375) ;
#1401=PLANE('',#1400) ;
#1419=PLANE('',#1418) ;
#1451=PLANE('',#1450) ;
#1476=PLANE('',#1475) ;
#1501=PLANE('',#1500) ;
#1519=PLANE('',#1518) ;
#1551=PLANE('',#1550) ;
#1576=PLANE('',#1575) ;
#1601=PLANE('',#1600) ;
#1619=PLANE('',#1618) ;
#1658=PLANE('',#1657) ;
#1683=PLANE('',#1682) ;
#1708=PLANE('',#1707) ;
#1726=PLANE('',#1725) ;
#1758=PLANE('',#1757) ;
#1783=PLANE('',#1782) ;
#1808=PLANE('',#1807) ;
#1826=PLANE('',#1825) ;
#1858=PLANE('',#1857) ;
#1883=PLANE('',#1882) ;
#1908=PLANE('',#1907) ;
#1926=PLANE('',#1925) ;
#2019=PLANE('',#2018) ;
#2032=PLANE('',#2031) ;
#2045=PLANE('',#2044) ;
#2058=PLANE('',#2057) ;
#2071=PLANE('',#2070) ;
#2084=PLANE('',#2083) ;
#2097=PLANE('',#2096) ;
#2110=PLANE('',#2109) ;
#2142=PLANE('',#2141) ;
#2167=PLANE('',#2166) ;
#2192=PLANE('',#2191) ;
#2210=PLANE('',#2209) ;
#2242=PLANE('',#2241) ;
#2267=PLANE('',#2266) ;
#2292=PLANE('',#2291) ;
#2310=PLANE('',#2309) ;
#2323=PLANE('',#2322) ;
#2355=PLANE('',#2354) ;
#2380=PLANE('',#2379) ;
#2405=PLANE('',#2404) ;
#2423=PLANE('',#2422) ;
#2455=PLANE('',#2454) ;
#2480=PLANE('',#2479) ;
#2505=PLANE('',#2504) ;
#2523=PLANE('',#2522) ;
#2536=PLANE('',#2535) ;
#2549=PLANE('',#2548) ;
#2581=PLANE('',#2580) ;
#2606=PLANE('',#2605) ;
#2631=PLANE('',#2630) ;
#2649=PLANE('',#2648) ;
#2681=PLANE('',#2680) ;
#2706=PLANE('',#2705) ;
#2731=PLANE('',#2730) ;
#2749=PLANE('',#2748) ;
#2762=PLANE('',#2761) ;
#9=PRODUCT_CATEGORY_RELATIONSHIP(' ',' ',#7,#8) ;
#6=PRODUCT_DEFINITION_FORMATION_WITH_SPECIFIED_SOURCE('1',' ',#5,.MADE.) ;
#20=SHAPE_DEFINITION_REPRESENTATION(#11,#19) ;
#41=VERTEX_POINT('',#40) ;
#43=VERTEX_POINT('',#42) ;
#50=VERTEX_POINT('',#49) ;
#57=VERTEX_POINT('',#56) ;
#64=VERTEX_POINT('',#63) ;
#71=VERTEX_POINT('',#70) ;
#78=VERTEX_POINT('',#77) ;
#85=VERTEX_POINT('',#84) ;
#92=VERTEX_POINT('',#91) ;
#99=VERTEX_POINT('',#98) ;
#106=VERTEX_POINT('',#105) ;
#113=VERTEX_POINT('',#112) ;
#120=VERTEX_POINT('',#119) ;
#127=VERTEX_POINT('',#126) ;
#134=VERTEX_POINT('',#133) ;
#141=VERTEX_POINT('',#140) ;
#171=VERTEX_POINT('',#170) ;
#173=VERTEX_POINT('',#172) ;
#180=VERTEX_POINT('',#179) ;
#187=VERTEX_POINT('',#186) ;
#205=VERTEX_POINT('',#204) ;
#207=VERTEX_POINT('',#206) ;
#214=VERTEX_POINT('',#213) ;
#221=VERTEX_POINT('',#220) ;
#239=VERTEX_POINT('',#238) ;
#241=VERTEX_POINT('',#240) ;
#248=VERTEX_POINT('',#247) ;
#255=VERTEX_POINT('',#254) ;
#273=VERTEX_POINT('',#272) ;
#275=VERTEX_POINT('',#274) ;
#282=VERTEX_POINT('',#281) ;
#289=VERTEX_POINT('',#288) ;
#307=VERTEX_POINT('',#306) ;
#309=VERTEX_POINT('',#308) ;
#316=VERTEX_POINT('',#315) ;
#323=VERTEX_POINT('',#322) ;
#341=VERTEX_POINT('',#340) ;
#343=VERTEX_POINT('',#342) ;
#350=VERTEX_POINT('',#349) ;
#357=VERTEX_POINT('',#356) ;
#375=VERTEX_POINT('',#374) ;
#377=VERTEX_POINT('',#376) ;
#384=VERTEX_POINT('',#383) ;
#391=VERTEX_POINT('',#390) ;
#409=VERTEX_POINT('',#408) ;
#411=VERTEX_POINT('',#410) ;
#418=VERTEX_POINT('',#417) ;
#425=VERTEX_POINT('',#424) ;
#443=VERTEX_POINT('',#442) ;
#445=VERTEX_POINT('',#444) ;
#452=VERTEX_POINT('',#451) ;
#459=VERTEX_POINT('',#458) ;
#477=VERTEX_POINT('',#476) ;
#479=VERTEX_POINT('',#478) ;
#486=VERTEX_POINT('',#485) ;
#493=VERTEX_POINT('',#492) ;
#525=VERTEX_POINT('',#524) ;
#527=VERTEX_POINT('',#526) ;
#557=VERTEX_POINT('',#556) ;
#582=VERTEX_POINT('',#581) ;
#607=VERTEX_POINT('',#606) ;
#632=VERTEX_POINT('',#631) ;
#657=VERTEX_POINT('',#656) ;
#682=VERTEX_POINT('',#681) ;
#707=VERTEX_POINT('',#706) ;
#732=VERTEX_POINT('',#731) ;
#757=VERTEX_POINT('',#756) ;
#782=VERTEX_POINT('',#781) ;
#807=VERTEX_POINT('',#806) ;
#832=VERTEX_POINT('',#831) ;
#857=VERTEX_POINT('',#856) ;
#882=VERTEX_POINT('',#881) ;
#925=VERTEX_POINT('',#924) ;
#932=VERTEX_POINT('',#931) ;
#957=VERTEX_POINT('',#956) ;
#982=VERTEX_POINT('',#981) ;
#1025=VERTEX_POINT('',#1024) ;
#1032=VERTEX_POINT('',#1031) ;
#1057=VERTEX_POINT('',#1056) ;
#1082=VERTEX_POINT('',#1081) ;
#1125=VERTEX_POINT('',#1124) ;
#1132=VERTEX_POINT('',#1131) ;
#1157=VERTEX_POINT('',#1156) ;
#1182=VERTEX_POINT('',#1181) ;
#1225=VERTEX_POINT('',#1224) ;
#1232=VERTEX_POINT('',#1231) ;
#1257=VERTEX_POINT('',#1256) ;
#1282=VERTEX_POINT('',#1281) ;
#1325=VERTEX_POINT('',#1324) ;
#1332=VERTEX_POINT('',#1331) ;
#1357=VERTEX_POINT('',#1356) ;
#1382=VERTEX_POINT('',#1381) ;
#1425=VERTEX_POINT('',#1424) ;
#1432=VERTEX_POINT('',#1431) ;
#1457=VERTEX_POINT('',#1456) ;
#1482=VERTEX_POINT('',#1481) ;
#1525=VERTEX_POINT('',#1524) ;
#1532=VERTEX_POINT('',#1531) ;
#1557=VERTEX_POINT('',#1556) ;
#1582=VERTEX_POINT('',#1581) ;
#1625=VERTEX_POINT('',#1624) ;
#1632=VERTEX_POINT('',#1631) ;
#1664=VERTEX_POINT('',#1663) ;
#1689=VERTEX_POINT('',#1688) ;
#1732=VERTEX_POINT('',#1731) ;
#1739=VERTEX_POINT('',#1738) ;
#1764=VERTEX_POINT('',#1763) ;
#1789=VERTEX_POINT('',#1788) ;
#1832=VERTEX_POINT('',#1831) ;
#1839=VERTEX_POINT('',#1838) ;
#1864=VERTEX_POINT('',#1863) ;
#1889=VERTEX_POINT('',#1888) ;
#1950=VERTEX_POINT('',#1949) ;
#1952=VERTEX_POINT('',#1951) ;
#1959=VERTEX_POINT('',#1958) ;
#1966=VERTEX_POINT('',#1965) ;
#1984=VERTEX_POINT('',#1983) ;
#1986=VERTEX_POINT('',#1985) ;
#1993=VERTEX_POINT('',#1992) ;
#2000=VERTEX_POINT('',#1999) ;
#2116=VERTEX_POINT('',#2115) ;
#2123=VERTEX_POINT('',#2122) ;
#2148=VERTEX_POINT('',#2147) ;
#2173=VERTEX_POINT('',#2172) ;
#2216=VERTEX_POINT('',#2215) ;
#2223=VERTEX_POINT('',#2222) ;
#2248=VERTEX_POINT('',#2247) ;
#2273=VERTEX_POINT('',#2272) ;
#2329=VERTEX_POINT('',#2328) ;
#2336=VERTEX_POINT('',#2335) ;
#2361=VERTEX_POINT('',#2360) ;
#2386=VERTEX_POINT('',#2385) ;
#2429=VERTEX_POINT('',#2428) ;
#2436=VERTEX_POINT('',#2435) ;
#2461=VERTEX_POINT('',#2460) ;
#2486=VERTEX_POINT('',#2485) ;
#2555=VERTEX_POINT('',#2554) ;
#2562=VERTEX_POINT('',#2561) ;
#2587=VERTEX_POINT('',#2586) ;
#2612=VERTEX_POINT('',#2611) ;
#2655=VERTEX_POINT('',#2654) ;
#2662=VERTEX_POINT('',#2661) ;
#2687=VERTEX_POINT('',#2686) ;
#2712=VERTEX_POINT('',#2711) ;
#12=(LENGTH_UNIT()NAMED_UNIT(*)SI_UNIT(.MILLI.,.METRE.)) ;
#13=(NAMED_UNIT(*)PLANE_ANGLE_UNIT()SI_UNIT($,.RADIAN.)) ;
#14=(NAMED_UNIT(*)SI_UNIT($,.STERADIAN.)SOLID_ANGLE_UNIT()) ;
#16=(GEOMETRIC_REPRESENTATION_CONTEXT(3)GLOBAL_UNCERTAINTY_ASSIGNED_CONTEXT((#15))GLOBAL_UNIT_ASSIGNED_CONTEXT((#12,#13,#14))REPRESENTATION_CONTEXT(' ',' ')) ;
ENDSEC;
END-ISO-10303-21;
