ISO-10303-21;
HEADER;
FILE_DESCRIPTION(('CATIA V5 STEP Exchange','CAx-IF Rec.Pracs.--- Model Styling and Organization---1.4--- 2014-01-23'),'2;1');

FILE_NAME('Y:\\users\\pluess\\90120-0763.stp','2025-07-18T11:51:30+00:00',('none'),('none'),'CATIA Version 5-6 Release 2016 SP6 HF32','CATIA V5 STEP AP214','none');

FILE_SCHEMA(('AUTOMOTIVE_DESIGN { 1 0 10303 214 1 1 1 1 }'));

ENDSEC;
DATA;
#5=PRODUCT('901200763','901200763','NOT SPECIFIED',(#2)) ;
#2=PRODUCT_CONTEXT(' ',#1,'mechanical') ;
#1=APPLICATION_CONTEXT('automotive design') ;
#10=PRODUCT_DEFINITION('design',' ',#6,#3) ;
#3=PRODUCT_DEFINITION_CONTEXT('part definition',#1,' ') ;
#11=PRODUCT_DEFINITION_SHAPE(' ',' ',#10) ;
#4127=MECHANICAL_DESIGN_GEOMETRIC_PRESENTATION_REPRESENTATION(' ',(#748,#780,#805,#830,#855,#880,#905,#930,#955,#980,#1005,#1030,#1055,#1080,#1105,#1130,#1155,#1180,#1205,#1230,#1255,#1280,#1305,#1330,#1348,#1380,#1405,#1430,#1448,#1480,#1505,#1530,#1548,#1580,#1605,#1630,#1648,#1680,#1705,#1730,#1748,#1780,#1805,#1830,#1848,#1880,#1905,#1930,#1948,#1980,#2005,#2030,#2048,#2080,#2105,#2130,#2148,#2180,#2205,#2230,#2248,#2280,#2305,#2330,#2348,#2380,#2405,#2430,#2448,#2487,#2512,#2537,#2555,#2587,#2612,#2637,#2655,#2687,#2712,#2737,#2755,#2787,#2812,#2837,#2855,#2990,#3003,#3016,#3029,#3042,#3055,#3068,#3081,#3094,#3107,#3120,#3133,#3165,#3190,#3215,#3233,#3265,#3290,#3315,#3333,#3365,#3390,#3415,#3433,#3446,#3478,#3503,#3528,#3546,#3578,#3603,#3628,#3646,#3678,#3703,#3728,#3746,#3759,#3772,#3785,#3817,#3842,#3867,#3885,#3917,#3942,#3967,#3985,#4017,#4042,#4067,#4085,#4098,#4111,#4124,#29),#16) ;
#19=SHAPE_REPRESENTATION(' ',(#18),#16) ;
#18=AXIS2_PLACEMENT_3D(' ',#17,$,$) ;
#34=AXIS2_PLACEMENT_3D('Plane Axis2P3D',#31,#32,#33) ;
#752=AXIS2_PLACEMENT_3D('Plane Axis2P3D',#749,#750,#751) ;
#784=AXIS2_PLACEMENT_3D('Plane Axis2P3D',#781,#782,#783) ;
#809=AXIS2_PLACEMENT_3D('Plane Axis2P3D',#806,#807,#808) ;
#834=AXIS2_PLACEMENT_3D('Plane Axis2P3D',#831,#832,#833) ;
#859=AXIS2_PLACEMENT_3D('Plane Axis2P3D',#856,#857,#858) ;
#884=AXIS2_PLACEMENT_3D('Plane Axis2P3D',#881,#882,#883) ;
#909=AXIS2_PLACEMENT_3D('Plane Axis2P3D',#906,#907,#908) ;
#934=AXIS2_PLACEMENT_3D('Plane Axis2P3D',#931,#932,#933) ;
#959=AXIS2_PLACEMENT_3D('Plane Axis2P3D',#956,#957,#958) ;
#984=AXIS2_PLACEMENT_3D('Plane Axis2P3D',#981,#982,#983) ;
#1009=AXIS2_PLACEMENT_3D('Plane Axis2P3D',#1006,#1007,#1008) ;
#1034=AXIS2_PLACEMENT_3D('Plane Axis2P3D',#1031,#1032,#1033) ;
#1059=AXIS2_PLACEMENT_3D('Plane Axis2P3D',#1056,#1057,#1058) ;
#1084=AXIS2_PLACEMENT_3D('Plane Axis2P3D',#1081,#1082,#1083) ;
#1109=AXIS2_PLACEMENT_3D('Plane Axis2P3D',#1106,#1107,#1108) ;
#1134=AXIS2_PLACEMENT_3D('Plane Axis2P3D',#1131,#1132,#1133) ;
#1159=AXIS2_PLACEMENT_3D('Plane Axis2P3D',#1156,#1157,#1158) ;
#1184=AXIS2_PLACEMENT_3D('Plane Axis2P3D',#1181,#1182,#1183) ;
#1209=AXIS2_PLACEMENT_3D('Plane Axis2P3D',#1206,#1207,#1208) ;
#1234=AXIS2_PLACEMENT_3D('Plane Axis2P3D',#1231,#1232,#1233) ;
#1259=AXIS2_PLACEMENT_3D('Plane Axis2P3D',#1256,#1257,#1258) ;
#1284=AXIS2_PLACEMENT_3D('Plane Axis2P3D',#1281,#1282,#1283) ;
#1309=AXIS2_PLACEMENT_3D('Plane Axis2P3D',#1306,#1307,#1308) ;
#1334=AXIS2_PLACEMENT_3D('Plane Axis2P3D',#1331,#1332,#1333) ;
#1352=AXIS2_PLACEMENT_3D('Plane Axis2P3D',#1349,#1350,#1351) ;
#1384=AXIS2_PLACEMENT_3D('Plane Axis2P3D',#1381,#1382,#1383) ;
#1409=AXIS2_PLACEMENT_3D('Plane Axis2P3D',#1406,#1407,#1408) ;
#1434=AXIS2_PLACEMENT_3D('Plane Axis2P3D',#1431,#1432,#1433) ;
#1452=AXIS2_PLACEMENT_3D('Plane Axis2P3D',#1449,#1450,#1451) ;
#1484=AXIS2_PLACEMENT_3D('Plane Axis2P3D',#1481,#1482,#1483) ;
#1509=AXIS2_PLACEMENT_3D('Plane Axis2P3D',#1506,#1507,#1508) ;
#1534=AXIS2_PLACEMENT_3D('Plane Axis2P3D',#1531,#1532,#1533) ;
#1552=AXIS2_PLACEMENT_3D('Plane Axis2P3D',#1549,#1550,#1551) ;
#1584=AXIS2_PLACEMENT_3D('Plane Axis2P3D',#1581,#1582,#1583) ;
#1609=AXIS2_PLACEMENT_3D('Plane Axis2P3D',#1606,#1607,#1608) ;
#1634=AXIS2_PLACEMENT_3D('Plane Axis2P3D',#1631,#1632,#1633) ;
#1652=AXIS2_PLACEMENT_3D('Plane Axis2P3D',#1649,#1650,#1651) ;
#1684=AXIS2_PLACEMENT_3D('Plane Axis2P3D',#1681,#1682,#1683) ;
#1709=AXIS2_PLACEMENT_3D('Plane Axis2P3D',#1706,#1707,#1708) ;
#1734=AXIS2_PLACEMENT_3D('Plane Axis2P3D',#1731,#1732,#1733) ;
#1752=AXIS2_PLACEMENT_3D('Plane Axis2P3D',#1749,#1750,#1751) ;
#1784=AXIS2_PLACEMENT_3D('Plane Axis2P3D',#1781,#1782,#1783) ;
#1809=AXIS2_PLACEMENT_3D('Plane Axis2P3D',#1806,#1807,#1808) ;
#1834=AXIS2_PLACEMENT_3D('Plane Axis2P3D',#1831,#1832,#1833) ;
#1852=AXIS2_PLACEMENT_3D('Plane Axis2P3D',#1849,#1850,#1851) ;
#1884=AXIS2_PLACEMENT_3D('Plane Axis2P3D',#1881,#1882,#1883) ;
#1909=AXIS2_PLACEMENT_3D('Plane Axis2P3D',#1906,#1907,#1908) ;
#1934=AXIS2_PLACEMENT_3D('Plane Axis2P3D',#1931,#1932,#1933) ;
#1952=AXIS2_PLACEMENT_3D('Plane Axis2P3D',#1949,#1950,#1951) ;
#1984=AXIS2_PLACEMENT_3D('Plane Axis2P3D',#1981,#1982,#1983) ;
#2009=AXIS2_PLACEMENT_3D('Plane Axis2P3D',#2006,#2007,#2008) ;
#2034=AXIS2_PLACEMENT_3D('Plane Axis2P3D',#2031,#2032,#2033) ;
#2052=AXIS2_PLACEMENT_3D('Plane Axis2P3D',#2049,#2050,#2051) ;
#2084=AXIS2_PLACEMENT_3D('Plane Axis2P3D',#2081,#2082,#2083) ;
#2109=AXIS2_PLACEMENT_3D('Plane Axis2P3D',#2106,#2107,#2108) ;
#2134=AXIS2_PLACEMENT_3D('Plane Axis2P3D',#2131,#2132,#2133) ;
#2152=AXIS2_PLACEMENT_3D('Plane Axis2P3D',#2149,#2150,#2151) ;
#2184=AXIS2_PLACEMENT_3D('Plane Axis2P3D',#2181,#2182,#2183) ;
#2209=AXIS2_PLACEMENT_3D('Plane Axis2P3D',#2206,#2207,#2208) ;
#2234=AXIS2_PLACEMENT_3D('Plane Axis2P3D',#2231,#2232,#2233) ;
#2252=AXIS2_PLACEMENT_3D('Plane Axis2P3D',#2249,#2250,#2251) ;
#2284=AXIS2_PLACEMENT_3D('Plane Axis2P3D',#2281,#2282,#2283) ;
#2309=AXIS2_PLACEMENT_3D('Plane Axis2P3D',#2306,#2307,#2308) ;
#2334=AXIS2_PLACEMENT_3D('Plane Axis2P3D',#2331,#2332,#2333) ;
#2352=AXIS2_PLACEMENT_3D('Plane Axis2P3D',#2349,#2350,#2351) ;
#2384=AXIS2_PLACEMENT_3D('Plane Axis2P3D',#2381,#2382,#2383) ;
#2409=AXIS2_PLACEMENT_3D('Plane Axis2P3D',#2406,#2407,#2408) ;
#2434=AXIS2_PLACEMENT_3D('Plane Axis2P3D',#2431,#2432,#2433) ;
#2452=AXIS2_PLACEMENT_3D('Plane Axis2P3D',#2449,#2450,#2451) ;
#2491=AXIS2_PLACEMENT_3D('Plane Axis2P3D',#2488,#2489,#2490) ;
#2516=AXIS2_PLACEMENT_3D('Plane Axis2P3D',#2513,#2514,#2515) ;
#2541=AXIS2_PLACEMENT_3D('Plane Axis2P3D',#2538,#2539,#2540) ;
#2559=AXIS2_PLACEMENT_3D('Plane Axis2P3D',#2556,#2557,#2558) ;
#2591=AXIS2_PLACEMENT_3D('Plane Axis2P3D',#2588,#2589,#2590) ;
#2616=AXIS2_PLACEMENT_3D('Plane Axis2P3D',#2613,#2614,#2615) ;
#2641=AXIS2_PLACEMENT_3D('Plane Axis2P3D',#2638,#2639,#2640) ;
#2659=AXIS2_PLACEMENT_3D('Plane Axis2P3D',#2656,#2657,#2658) ;
#2691=AXIS2_PLACEMENT_3D('Plane Axis2P3D',#2688,#2689,#2690) ;
#2716=AXIS2_PLACEMENT_3D('Plane Axis2P3D',#2713,#2714,#2715) ;
#2741=AXIS2_PLACEMENT_3D('Plane Axis2P3D',#2738,#2739,#2740) ;
#2759=AXIS2_PLACEMENT_3D('Plane Axis2P3D',#2756,#2757,#2758) ;
#2791=AXIS2_PLACEMENT_3D('Plane Axis2P3D',#2788,#2789,#2790) ;
#2816=AXIS2_PLACEMENT_3D('Plane Axis2P3D',#2813,#2814,#2815) ;
#2841=AXIS2_PLACEMENT_3D('Plane Axis2P3D',#2838,#2839,#2840) ;
#2859=AXIS2_PLACEMENT_3D('Plane Axis2P3D',#2856,#2857,#2858) ;
#2994=AXIS2_PLACEMENT_3D('Plane Axis2P3D',#2991,#2992,#2993) ;
#3007=AXIS2_PLACEMENT_3D('Plane Axis2P3D',#3004,#3005,#3006) ;
#3020=AXIS2_PLACEMENT_3D('Plane Axis2P3D',#3017,#3018,#3019) ;
#3033=AXIS2_PLACEMENT_3D('Plane Axis2P3D',#3030,#3031,#3032) ;
#3046=AXIS2_PLACEMENT_3D('Plane Axis2P3D',#3043,#3044,#3045) ;
#3059=AXIS2_PLACEMENT_3D('Plane Axis2P3D',#3056,#3057,#3058) ;
#3072=AXIS2_PLACEMENT_3D('Plane Axis2P3D',#3069,#3070,#3071) ;
#3085=AXIS2_PLACEMENT_3D('Plane Axis2P3D',#3082,#3083,#3084) ;
#3098=AXIS2_PLACEMENT_3D('Plane Axis2P3D',#3095,#3096,#3097) ;
#3111=AXIS2_PLACEMENT_3D('Plane Axis2P3D',#3108,#3109,#3110) ;
#3124=AXIS2_PLACEMENT_3D('Plane Axis2P3D',#3121,#3122,#3123) ;
#3137=AXIS2_PLACEMENT_3D('Plane Axis2P3D',#3134,#3135,#3136) ;
#3169=AXIS2_PLACEMENT_3D('Plane Axis2P3D',#3166,#3167,#3168) ;
#3194=AXIS2_PLACEMENT_3D('Plane Axis2P3D',#3191,#3192,#3193) ;
#3219=AXIS2_PLACEMENT_3D('Plane Axis2P3D',#3216,#3217,#3218) ;
#3237=AXIS2_PLACEMENT_3D('Plane Axis2P3D',#3234,#3235,#3236) ;
#3269=AXIS2_PLACEMENT_3D('Plane Axis2P3D',#3266,#3267,#3268) ;
#3294=AXIS2_PLACEMENT_3D('Plane Axis2P3D',#3291,#3292,#3293) ;
#3319=AXIS2_PLACEMENT_3D('Plane Axis2P3D',#3316,#3317,#3318) ;
#3337=AXIS2_PLACEMENT_3D('Plane Axis2P3D',#3334,#3335,#3336) ;
#3369=AXIS2_PLACEMENT_3D('Plane Axis2P3D',#3366,#3367,#3368) ;
#3394=AXIS2_PLACEMENT_3D('Plane Axis2P3D',#3391,#3392,#3393) ;
#3419=AXIS2_PLACEMENT_3D('Plane Axis2P3D',#3416,#3417,#3418) ;
#3437=AXIS2_PLACEMENT_3D('Plane Axis2P3D',#3434,#3435,#3436) ;
#3450=AXIS2_PLACEMENT_3D('Plane Axis2P3D',#3447,#3448,#3449) ;
#3482=AXIS2_PLACEMENT_3D('Plane Axis2P3D',#3479,#3480,#3481) ;
#3507=AXIS2_PLACEMENT_3D('Plane Axis2P3D',#3504,#3505,#3506) ;
#3532=AXIS2_PLACEMENT_3D('Plane Axis2P3D',#3529,#3530,#3531) ;
#3550=AXIS2_PLACEMENT_3D('Plane Axis2P3D',#3547,#3548,#3549) ;
#3582=AXIS2_PLACEMENT_3D('Plane Axis2P3D',#3579,#3580,#3581) ;
#3607=AXIS2_PLACEMENT_3D('Plane Axis2P3D',#3604,#3605,#3606) ;
#3632=AXIS2_PLACEMENT_3D('Plane Axis2P3D',#3629,#3630,#3631) ;
#3650=AXIS2_PLACEMENT_3D('Plane Axis2P3D',#3647,#3648,#3649) ;
#3682=AXIS2_PLACEMENT_3D('Plane Axis2P3D',#3679,#3680,#3681) ;
#3707=AXIS2_PLACEMENT_3D('Plane Axis2P3D',#3704,#3705,#3706) ;
#3732=AXIS2_PLACEMENT_3D('Plane Axis2P3D',#3729,#3730,#3731) ;
#3750=AXIS2_PLACEMENT_3D('Plane Axis2P3D',#3747,#3748,#3749) ;
#3763=AXIS2_PLACEMENT_3D('Plane Axis2P3D',#3760,#3761,#3762) ;
#3776=AXIS2_PLACEMENT_3D('Plane Axis2P3D',#3773,#3774,#3775) ;
#3789=AXIS2_PLACEMENT_3D('Plane Axis2P3D',#3786,#3787,#3788) ;
#3821=AXIS2_PLACEMENT_3D('Plane Axis2P3D',#3818,#3819,#3820) ;
#3846=AXIS2_PLACEMENT_3D('Plane Axis2P3D',#3843,#3844,#3845) ;
#3871=AXIS2_PLACEMENT_3D('Plane Axis2P3D',#3868,#3869,#3870) ;
#3889=AXIS2_PLACEMENT_3D('Plane Axis2P3D',#3886,#3887,#3888) ;
#3921=AXIS2_PLACEMENT_3D('Plane Axis2P3D',#3918,#3919,#3920) ;
#3946=AXIS2_PLACEMENT_3D('Plane Axis2P3D',#3943,#3944,#3945) ;
#3971=AXIS2_PLACEMENT_3D('Plane Axis2P3D',#3968,#3969,#3970) ;
#3989=AXIS2_PLACEMENT_3D('Plane Axis2P3D',#3986,#3987,#3988) ;
#4021=AXIS2_PLACEMENT_3D('Plane Axis2P3D',#4018,#4019,#4020) ;
#4046=AXIS2_PLACEMENT_3D('Plane Axis2P3D',#4043,#4044,#4045) ;
#4071=AXIS2_PLACEMENT_3D('Plane Axis2P3D',#4068,#4069,#4070) ;
#4089=AXIS2_PLACEMENT_3D('Plane Axis2P3D',#4086,#4087,#4088) ;
#4102=AXIS2_PLACEMENT_3D('Plane Axis2P3D',#4099,#4100,#4101) ;
#4115=AXIS2_PLACEMENT_3D('Plane Axis2P3D',#4112,#4113,#4114) ;
#17=CARTESIAN_POINT(' ',(0.,0.,0.)) ;
#31=CARTESIAN_POINT('Axis2P3D Location',(0.,1.,0.)) ;
#36=CARTESIAN_POINT('Line Origine',(-2.56500000041,1.,-1.25)) ;
#40=CARTESIAN_POINT('Vertex',(-3.56000000052,1.,-1.25)) ;
#42=CARTESIAN_POINT('Vertex',(-1.5700000003,1.,-1.25)) ;
#45=CARTESIAN_POINT('Line Origine',(-3.68500000052,1.,-1.)) ;
#49=CARTESIAN_POINT('Vertex',(-3.81000000052,1.,-0.75)) ;
#52=CARTESIAN_POINT('Line Origine',(-3.81000000052,1.,0.)) ;
#56=CARTESIAN_POINT('Vertex',(-3.81000000052,1.,0.75)) ;
#59=CARTESIAN_POINT('Line Origine',(-3.68500000052,1.,1.)) ;
#63=CARTESIAN_POINT('Vertex',(-3.56000000052,1.,1.25)) ;
#66=CARTESIAN_POINT('Line Origine',(-2.56500000041,1.,1.25)) ;
#70=CARTESIAN_POINT('Vertex',(-1.5700000003,1.,1.25)) ;
#73=CARTESIAN_POINT('Line Origine',(-1.4450000003,1.,1.)) ;
#77=CARTESIAN_POINT('Vertex',(-1.3200000003,1.,0.75)) ;
#80=CARTESIAN_POINT('Line Origine',(-1.27000000048,1.,0.75)) ;
#84=CARTESIAN_POINT('Vertex',(-1.22000000067,1.,0.75)) ;
#87=CARTESIAN_POINT('Line Origine',(-1.09500000067,1.,1.)) ;
#91=CARTESIAN_POINT('Vertex',(-0.970000000671,1.,1.25)) ;
#94=CARTESIAN_POINT('Line Origine',(0.,1.,1.25)) ;
#98=CARTESIAN_POINT('Vertex',(0.970000000671,1.,1.25)) ;
#101=CARTESIAN_POINT('Line Origine',(1.09500000067,1.,1.)) ;
#105=CARTESIAN_POINT('Vertex',(1.22000000067,1.,0.75)) ;
#108=CARTESIAN_POINT('Line Origine',(1.27000000048,1.,0.75)) ;
#112=CARTESIAN_POINT('Vertex',(1.3200000003,1.,0.75)) ;
#115=CARTESIAN_POINT('Line Origine',(1.4450000003,1.,1.)) ;
#119=CARTESIAN_POINT('Vertex',(1.5700000003,1.,1.25)) ;
#122=CARTESIAN_POINT('Line Origine',(2.56500000041,1.,1.25)) ;
#126=CARTESIAN_POINT('Vertex',(3.56000000052,1.,1.25)) ;
#129=CARTESIAN_POINT('Line Origine',(3.68500000052,1.,1.)) ;
#133=CARTESIAN_POINT('Vertex',(3.81000000052,1.,0.75)) ;
#136=CARTESIAN_POINT('Line Origine',(3.81000000052,1.,0.)) ;
#140=CARTESIAN_POINT('Vertex',(3.81000000052,1.,-0.75)) ;
#143=CARTESIAN_POINT('Line Origine',(3.68500000052,1.,-1.)) ;
#147=CARTESIAN_POINT('Vertex',(3.56000000052,1.,-1.25)) ;
#150=CARTESIAN_POINT('Line Origine',(2.56500000041,1.,-1.25)) ;
#154=CARTESIAN_POINT('Vertex',(1.5700000003,1.,-1.25)) ;
#157=CARTESIAN_POINT('Line Origine',(1.4450000003,1.,-1.)) ;
#161=CARTESIAN_POINT('Vertex',(1.3200000003,1.,-0.75)) ;
#164=CARTESIAN_POINT('Line Origine',(1.27000000048,1.,-0.75)) ;
#168=CARTESIAN_POINT('Vertex',(1.22000000067,1.,-0.75)) ;
#171=CARTESIAN_POINT('Line Origine',(1.09500000067,1.,-1.)) ;
#175=CARTESIAN_POINT('Vertex',(0.970000000671,1.,-1.25)) ;
#178=CARTESIAN_POINT('Line Origine',(0.,1.,-1.25)) ;
#182=CARTESIAN_POINT('Vertex',(-0.970000000671,1.,-1.25)) ;
#185=CARTESIAN_POINT('Line Origine',(-1.09500000067,1.,-1.)) ;
#189=CARTESIAN_POINT('Vertex',(-1.22000000067,1.,-0.75)) ;
#192=CARTESIAN_POINT('Line Origine',(-1.27000000048,1.,-0.75)) ;
#196=CARTESIAN_POINT('Vertex',(-1.3200000003,1.,-0.75)) ;
#199=CARTESIAN_POINT('Line Origine',(-1.4450000003,1.,-1.)) ;
#230=CARTESIAN_POINT('Line Origine',(2.04249999952,1.,-1.19999999925)) ;
#234=CARTESIAN_POINT('Vertex',(2.3599999994,1.,-1.19999999925)) ;
#236=CARTESIAN_POINT('Vertex',(1.72499999963,1.,-1.19999999925)) ;
#239=CARTESIAN_POINT('Line Origine',(2.21566243283,1.,-0.949999999255)) ;
#243=CARTESIAN_POINT('Vertex',(2.07132486627,1.,-0.699999999255)) ;
#246=CARTESIAN_POINT('Line Origine',(1.75382486545,1.,-0.699999999255)) ;
#250=CARTESIAN_POINT('Vertex',(1.43632486463,1.,-0.699999999255)) ;
#253=CARTESIAN_POINT('Line Origine',(1.58066243213,1.,-0.949999999255)) ;
#264=CARTESIAN_POINT('Line Origine',(3.03750000056,1.,1.19999999925)) ;
#268=CARTESIAN_POINT('Vertex',(2.72000000067,1.,1.19999999925)) ;
#270=CARTESIAN_POINT('Vertex',(3.35500000045,1.,1.19999999925)) ;
#273=CARTESIAN_POINT('Line Origine',(2.86433756724,1.,0.949999999255)) ;
#277=CARTESIAN_POINT('Vertex',(3.00867513381,1.,0.699999999255)) ;
#280=CARTESIAN_POINT('Line Origine',(3.32617513463,1.,0.699999999255)) ;
#284=CARTESIAN_POINT('Vertex',(3.64367513545,1.,0.699999999255)) ;
#287=CARTESIAN_POINT('Line Origine',(3.49933756795,1.,0.949999999255)) ;
#298=CARTESIAN_POINT('Line Origine',(1.58066243213,1.,0.949999999255)) ;
#302=CARTESIAN_POINT('Vertex',(1.43632486463,1.,0.699999999255)) ;
#304=CARTESIAN_POINT('Vertex',(1.72499999963,1.,1.19999999925)) ;
#307=CARTESIAN_POINT('Line Origine',(1.75382486545,1.,0.699999999255)) ;
#311=CARTESIAN_POINT('Vertex',(2.07132486627,1.,0.699999999255)) ;
#314=CARTESIAN_POINT('Line Origine',(2.21566243283,1.,0.949999999255)) ;
#318=CARTESIAN_POINT('Vertex',(2.3599999994,1.,1.19999999925)) ;
#321=CARTESIAN_POINT('Line Origine',(2.04249999952,1.,1.19999999925)) ;
#332=CARTESIAN_POINT('Line Origine',(0.959337566979,1.,-0.949999999255)) ;
#336=CARTESIAN_POINT('Vertex',(1.10367513448,1.,-0.699999999255)) ;
#338=CARTESIAN_POINT('Vertex',(0.814999999478,1.,-1.19999999925)) ;
#341=CARTESIAN_POINT('Line Origine',(0.786175134592,1.,-0.699999999255)) ;
#345=CARTESIAN_POINT('Vertex',(0.468675134704,1.,-0.699999999255)) ;
#348=CARTESIAN_POINT('Line Origine',(0.324337567203,1.,-0.949999999255)) ;
#352=CARTESIAN_POINT('Vertex',(0.179999999702,1.,-1.19999999925)) ;
#355=CARTESIAN_POINT('Line Origine',(0.49749999959,1.,-1.19999999925)) ;
#366=CARTESIAN_POINT('Line Origine',(-0.49749999959,1.,-1.19999999925)) ;
#370=CARTESIAN_POINT('Vertex',(-0.179999999702,1.,-1.19999999925)) ;
#372=CARTESIAN_POINT('Vertex',(-0.814999999478,1.,-1.19999999925)) ;
#375=CARTESIAN_POINT('Line Origine',(-0.324337567203,1.,-0.949999999255)) ;
#379=CARTESIAN_POINT('Vertex',(-0.468675134704,1.,-0.699999999255)) ;
#382=CARTESIAN_POINT('Line Origine',(-0.786175134592,1.,-0.699999999255)) ;
#386=CARTESIAN_POINT('Vertex',(-1.10367513448,1.,-0.699999999255)) ;
#389=CARTESIAN_POINT('Line Origine',(-0.959337566979,1.,-0.949999999255)) ;
#400=CARTESIAN_POINT('Line Origine',(0.49749999959,1.,1.19999999925)) ;
#404=CARTESIAN_POINT('Vertex',(0.179999999702,1.,1.19999999925)) ;
#406=CARTESIAN_POINT('Vertex',(0.814999999478,1.,1.19999999925)) ;
#409=CARTESIAN_POINT('Line Origine',(0.324337567203,1.,0.949999999255)) ;
#413=CARTESIAN_POINT('Vertex',(0.468675134704,1.,0.699999999255)) ;
#416=CARTESIAN_POINT('Line Origine',(0.786175134592,1.,0.699999999255)) ;
#420=CARTESIAN_POINT('Vertex',(1.10367513448,1.,0.699999999255)) ;
#423=CARTESIAN_POINT('Line Origine',(0.959337566979,1.,0.949999999255)) ;
#434=CARTESIAN_POINT('Line Origine',(-0.959337566979,1.,0.949999999255)) ;
#438=CARTESIAN_POINT('Vertex',(-1.10367513448,1.,0.699999999255)) ;
#440=CARTESIAN_POINT('Vertex',(-0.814999999478,1.,1.19999999925)) ;
#443=CARTESIAN_POINT('Line Origine',(-0.786175134592,1.,0.699999999255)) ;
#447=CARTESIAN_POINT('Vertex',(-0.468675134704,1.,0.699999999255)) ;
#450=CARTESIAN_POINT('Line Origine',(-0.324337567203,1.,0.949999999255)) ;
#454=CARTESIAN_POINT('Vertex',(-0.179999999702,1.,1.19999999925)) ;
#457=CARTESIAN_POINT('Line Origine',(-0.49749999959,1.,1.19999999925)) ;
#468=CARTESIAN_POINT('Line Origine',(-1.58066243213,1.,-0.949999999255)) ;
#472=CARTESIAN_POINT('Vertex',(-1.43632486463,1.,-0.699999999255)) ;
#474=CARTESIAN_POINT('Vertex',(-1.72499999963,1.,-1.19999999925)) ;
#477=CARTESIAN_POINT('Line Origine',(-1.75382486545,1.,-0.699999999255)) ;
#481=CARTESIAN_POINT('Vertex',(-2.07132486627,1.,-0.699999999255)) ;
#484=CARTESIAN_POINT('Line Origine',(-2.21566243283,1.,-0.949999999255)) ;
#488=CARTESIAN_POINT('Vertex',(-2.3599999994,1.,-1.19999999925)) ;
#491=CARTESIAN_POINT('Line Origine',(-2.04249999952,1.,-1.19999999925)) ;
#502=CARTESIAN_POINT('Line Origine',(-3.03750000056,1.,-1.19999999925)) ;
#506=CARTESIAN_POINT('Vertex',(-2.72000000067,1.,-1.19999999925)) ;
#508=CARTESIAN_POINT('Vertex',(-3.35500000045,1.,-1.19999999925)) ;
#511=CARTESIAN_POINT('Line Origine',(-2.86433756724,1.,-0.949999999255)) ;
#515=CARTESIAN_POINT('Vertex',(-3.00867513381,1.,-0.699999999255)) ;
#518=CARTESIAN_POINT('Line Origine',(-3.32617513463,1.,-0.699999999255)) ;
#522=CARTESIAN_POINT('Vertex',(-3.64367513545,1.,-0.699999999255)) ;
#525=CARTESIAN_POINT('Line Origine',(-3.49933756795,1.,-0.949999999255)) ;
#536=CARTESIAN_POINT('Line Origine',(-2.04249999952,1.,1.19999999925)) ;
#540=CARTESIAN_POINT('Vertex',(-2.3599999994,1.,1.19999999925)) ;
#542=CARTESIAN_POINT('Vertex',(-1.72499999963,1.,1.19999999925)) ;
#545=CARTESIAN_POINT('Line Origine',(-2.21566243283,1.,0.949999999255)) ;
#549=CARTESIAN_POINT('Vertex',(-2.07132486627,1.,0.699999999255)) ;
#552=CARTESIAN_POINT('Line Origine',(-1.75382486545,1.,0.699999999255)) ;
#556=CARTESIAN_POINT('Vertex',(-1.43632486463,1.,0.699999999255)) ;
#559=CARTESIAN_POINT('Line Origine',(-1.58066243213,1.,0.949999999255)) ;
#570=CARTESIAN_POINT('Line Origine',(-3.49933756795,1.,0.949999999255)) ;
#574=CARTESIAN_POINT('Vertex',(-3.64367513545,1.,0.699999999255)) ;
#576=CARTESIAN_POINT('Vertex',(-3.35500000045,1.,1.19999999925)) ;
#579=CARTESIAN_POINT('Line Origine',(-3.32617513463,1.,0.699999999255)) ;
#583=CARTESIAN_POINT('Vertex',(-3.00867513381,1.,0.699999999255)) ;
#586=CARTESIAN_POINT('Line Origine',(-2.86433756724,1.,0.949999999255)) ;
#590=CARTESIAN_POINT('Vertex',(-2.72000000067,1.,1.19999999925)) ;
#593=CARTESIAN_POINT('Line Origine',(-3.03750000056,1.,1.19999999925)) ;
#604=CARTESIAN_POINT('Line Origine',(2.86500000022,1.,0.)) ;
#608=CARTESIAN_POINT('Vertex',(2.86500000022,1.,-0.324999999255)) ;
#610=CARTESIAN_POINT('Vertex',(2.86500000022,1.,0.324999999255)) ;
#613=CARTESIAN_POINT('Line Origine',(2.54000000004,1.,0.324999999255)) ;
#617=CARTESIAN_POINT('Vertex',(2.21499999985,1.,0.324999999255)) ;
#620=CARTESIAN_POINT('Line Origine',(2.21499999985,1.,0.)) ;
#624=CARTESIAN_POINT('Vertex',(2.21499999985,1.,-0.324999999255)) ;
#627=CARTESIAN_POINT('Line Origine',(2.54000000004,1.,-0.324999999255)) ;
#638=CARTESIAN_POINT('Line Origine',(0.324999999255,1.,0.)) ;
#642=CARTESIAN_POINT('Vertex',(0.324999999255,1.,-0.324999999255)) ;
#644=CARTESIAN_POINT('Vertex',(0.324999999255,1.,0.324999999255)) ;
#647=CARTESIAN_POINT('Line Origine',(0.,1.,0.324999999255)) ;
#651=CARTESIAN_POINT('Vertex',(-0.324999999255,1.,0.324999999255)) ;
#654=CARTESIAN_POINT('Line Origine',(-0.324999999255,1.,0.)) ;
#658=CARTESIAN_POINT('Vertex',(-0.324999999255,1.,-0.324999999255)) ;
#661=CARTESIAN_POINT('Line Origine',(0.,1.,-0.324999999255)) ;
#672=CARTESIAN_POINT('Line Origine',(-2.21499999985,1.,0.)) ;
#676=CARTESIAN_POINT('Vertex',(-2.21499999985,1.,-0.324999999255)) ;
#678=CARTESIAN_POINT('Vertex',(-2.21499999985,1.,0.324999999255)) ;
#681=CARTESIAN_POINT('Line Origine',(-2.54000000004,1.,0.324999999255)) ;
#685=CARTESIAN_POINT('Vertex',(-2.86500000022,1.,0.324999999255)) ;
#688=CARTESIAN_POINT('Line Origine',(-2.86500000022,1.,0.)) ;
#692=CARTESIAN_POINT('Vertex',(-2.86500000022,1.,-0.324999999255)) ;
#695=CARTESIAN_POINT('Line Origine',(-2.54000000004,1.,-0.324999999255)) ;
#706=CARTESIAN_POINT('Line Origine',(3.49933756795,1.,-0.949999999255)) ;
#710=CARTESIAN_POINT('Vertex',(3.64367513545,1.,-0.699999999255)) ;
#712=CARTESIAN_POINT('Vertex',(3.35500000045,1.,-1.19999999925)) ;
#715=CARTESIAN_POINT('Line Origine',(3.32617513463,1.,-0.699999999255)) ;
#719=CARTESIAN_POINT('Vertex',(3.00867513381,1.,-0.699999999255)) ;
#722=CARTESIAN_POINT('Line Origine',(2.86433756724,1.,-0.949999999255)) ;
#726=CARTESIAN_POINT('Vertex',(2.72000000067,1.,-1.19999999925)) ;
#729=CARTESIAN_POINT('Line Origine',(3.03750000056,1.,-1.19999999925)) ;
#749=CARTESIAN_POINT('Axis2P3D Location',(-3.56,1.,-1.25)) ;
#754=CARTESIAN_POINT('Line Origine',(-2.56499999989,-1.,-1.25)) ;
#758=CARTESIAN_POINT('Vertex',(-3.56000000052,-1.,-1.25)) ;
#760=CARTESIAN_POINT('Vertex',(-1.5700000003,-1.,-1.25)) ;
#763=CARTESIAN_POINT('Line Origine',(-3.56,0.,-1.25)) ;
#768=CARTESIAN_POINT('Line Origine',(-1.56999999978,0.,-1.25)) ;
#781=CARTESIAN_POINT('Axis2P3D Location',(-3.81,1.,-0.75)) ;
#786=CARTESIAN_POINT('Line Origine',(-3.68499999983,-1.,-1.00000000034)) ;
#790=CARTESIAN_POINT('Vertex',(-3.81000000052,-1.,-0.75)) ;
#793=CARTESIAN_POINT('Line Origine',(-3.81,-2.22044604925E-016,-0.75)) ;
#806=CARTESIAN_POINT('Axis2P3D Location',(-3.81,1.,0.75)) ;
#811=CARTESIAN_POINT('Line Origine',(-3.81,-1.,0.)) ;
#815=CARTESIAN_POINT('Vertex',(-3.81000000052,-1.,0.75)) ;
#818=CARTESIAN_POINT('Line Origine',(-3.81,0.,0.75)) ;
#831=CARTESIAN_POINT('Axis2P3D Location',(-3.56,1.,1.25)) ;
#836=CARTESIAN_POINT('Line Origine',(-3.68500000017,-1.,0.999999999661)) ;
#840=CARTESIAN_POINT('Vertex',(-3.56000000052,-1.,1.25)) ;
#843=CARTESIAN_POINT('Line Origine',(-3.56,-2.22044604925E-016,1.25)) ;
#856=CARTESIAN_POINT('Axis2P3D Location',(3.56,1.,1.25)) ;
#861=CARTESIAN_POINT('Line Origine',(-2.565,-1.,1.25)) ;
#865=CARTESIAN_POINT('Vertex',(-1.5700000003,-1.,1.25)) ;
#868=CARTESIAN_POINT('Line Origine',(-1.57000000082,0.,1.25)) ;
#881=CARTESIAN_POINT('Axis2P3D Location',(-1.32,1.,0.75)) ;
#886=CARTESIAN_POINT('Line Origine',(-1.44500000017,-1.,1.00000000034)) ;
#890=CARTESIAN_POINT('Vertex',(-1.3200000003,-1.,0.75)) ;
#893=CARTESIAN_POINT('Line Origine',(-1.32,-2.22044604925E-016,0.75)) ;
#906=CARTESIAN_POINT('Axis2P3D Location',(-1.22,1.,0.75)) ;
#911=CARTESIAN_POINT('Line Origine',(-1.26999999981,-1.,0.75)) ;
#915=CARTESIAN_POINT('Vertex',(-1.22000000067,-1.,0.75)) ;
#918=CARTESIAN_POINT('Line Origine',(-1.22,0.,0.75)) ;
#931=CARTESIAN_POINT('Axis2P3D Location',(-0.97,1.,1.25)) ;
#936=CARTESIAN_POINT('Line Origine',(-1.09500000017,-1.,0.999999999661)) ;
#940=CARTESIAN_POINT('Vertex',(-0.970000000671,-1.,1.25)) ;
#943=CARTESIAN_POINT('Line Origine',(-0.97,-2.22044604925E-016,1.25)) ;
#956=CARTESIAN_POINT('Axis2P3D Location',(3.56,1.,1.25)) ;
#961=CARTESIAN_POINT('Line Origine',(4.09781986122E-010,-1.,1.25)) ;
#965=CARTESIAN_POINT('Vertex',(0.970000000671,-1.,1.25)) ;
#968=CARTESIAN_POINT('Line Origine',(0.970000000149,0.,1.25)) ;
#981=CARTESIAN_POINT('Axis2P3D Location',(1.22,1.,0.75)) ;
#986=CARTESIAN_POINT('Line Origine',(1.09499999983,-1.,1.00000000034)) ;
#990=CARTESIAN_POINT('Vertex',(1.22000000067,-1.,0.75)) ;
#993=CARTESIAN_POINT('Line Origine',(1.22,-2.22044604925E-016,0.75)) ;
#1006=CARTESIAN_POINT('Axis2P3D Location',(1.32,1.,0.75)) ;
#1011=CARTESIAN_POINT('Line Origine',(1.27000000019,-1.,0.75)) ;
#1015=CARTESIAN_POINT('Vertex',(1.3200000003,-1.,0.75)) ;
#1018=CARTESIAN_POINT('Line Origine',(1.32,0.,0.75)) ;
#1031=CARTESIAN_POINT('Axis2P3D Location',(1.57,1.,1.25)) ;
#1036=CARTESIAN_POINT('Line Origine',(1.44499999983,-1.,0.999999999661)) ;
#1040=CARTESIAN_POINT('Vertex',(1.5700000003,-1.,1.25)) ;
#1043=CARTESIAN_POINT('Line Origine',(1.57,-2.22044604925E-016,1.25)) ;
#1056=CARTESIAN_POINT('Axis2P3D Location',(3.56,1.,1.25)) ;
#1061=CARTESIAN_POINT('Line Origine',(2.56499999989,-1.,1.25)) ;
#1065=CARTESIAN_POINT('Vertex',(3.56000000052,-1.,1.25)) ;
#1068=CARTESIAN_POINT('Line Origine',(3.56,0.,1.25)) ;
#1081=CARTESIAN_POINT('Axis2P3D Location',(3.81,1.,0.75)) ;
#1086=CARTESIAN_POINT('Line Origine',(3.68499999983,-1.,1.00000000034)) ;
#1090=CARTESIAN_POINT('Vertex',(3.81000000052,-1.,0.75)) ;
#1093=CARTESIAN_POINT('Line Origine',(3.81,-2.22044604925E-016,0.75)) ;
#1106=CARTESIAN_POINT('Axis2P3D Location',(3.81,1.,-0.75)) ;
#1111=CARTESIAN_POINT('Line Origine',(3.81,-1.,0.)) ;
#1115=CARTESIAN_POINT('Vertex',(3.81000000052,-1.,-0.75)) ;
#1118=CARTESIAN_POINT('Line Origine',(3.81,0.,-0.75)) ;
#1131=CARTESIAN_POINT('Axis2P3D Location',(3.56,1.,-1.25)) ;
#1136=CARTESIAN_POINT('Line Origine',(3.68500000017,-1.,-0.999999999661)) ;
#1140=CARTESIAN_POINT('Vertex',(3.56000000052,-1.,-1.25)) ;
#1143=CARTESIAN_POINT('Line Origine',(3.56,-2.22044604925E-016,-1.25)) ;
#1156=CARTESIAN_POINT('Axis2P3D Location',(-3.56,1.,-1.25)) ;
#1161=CARTESIAN_POINT('Line Origine',(2.565,-1.,-1.25)) ;
#1165=CARTESIAN_POINT('Vertex',(1.5700000003,-1.,-1.25)) ;
#1168=CARTESIAN_POINT('Line Origine',(1.57000000082,0.,-1.25)) ;
#1181=CARTESIAN_POINT('Axis2P3D Location',(1.32,1.,-0.75)) ;
#1186=CARTESIAN_POINT('Line Origine',(1.44500000017,-1.,-1.00000000034)) ;
#1190=CARTESIAN_POINT('Vertex',(1.3200000003,-1.,-0.75)) ;
#1193=CARTESIAN_POINT('Line Origine',(1.32,-2.22044604925E-016,-0.75)) ;
#1206=CARTESIAN_POINT('Axis2P3D Location',(1.22,1.,-0.75)) ;
#1211=CARTESIAN_POINT('Line Origine',(1.26999999981,-1.,-0.75)) ;
#1215=CARTESIAN_POINT('Vertex',(1.22000000067,-1.,-0.75)) ;
#1218=CARTESIAN_POINT('Line Origine',(1.22,0.,-0.75)) ;
#1231=CARTESIAN_POINT('Axis2P3D Location',(0.97,1.,-1.25)) ;
#1236=CARTESIAN_POINT('Line Origine',(1.09500000017,-1.,-0.999999999661)) ;
#1240=CARTESIAN_POINT('Vertex',(0.970000000671,-1.,-1.25)) ;
#1243=CARTESIAN_POINT('Line Origine',(0.97,-2.22044604925E-016,-1.25)) ;
#1256=CARTESIAN_POINT('Axis2P3D Location',(-3.56,1.,-1.25)) ;
#1261=CARTESIAN_POINT('Line Origine',(-4.09781986122E-010,-1.,-1.25)) ;
#1265=CARTESIAN_POINT('Vertex',(-0.970000000671,-1.,-1.25)) ;
#1268=CARTESIAN_POINT('Line Origine',(-0.970000000149,0.,-1.25)) ;
#1281=CARTESIAN_POINT('Axis2P3D Location',(-1.22,1.,-0.75)) ;
#1286=CARTESIAN_POINT('Line Origine',(-1.09499999983,-1.,-1.00000000034)) ;
#1290=CARTESIAN_POINT('Vertex',(-1.22000000067,-1.,-0.75)) ;
#1293=CARTESIAN_POINT('Line Origine',(-1.22,-2.22044604925E-016,-0.75)) ;
#1306=CARTESIAN_POINT('Axis2P3D Location',(-1.32,1.,-0.75)) ;
#1311=CARTESIAN_POINT('Line Origine',(-1.27000000019,-1.,-0.75)) ;
#1315=CARTESIAN_POINT('Vertex',(-1.3200000003,-1.,-0.75)) ;
#1318=CARTESIAN_POINT('Line Origine',(-1.32,0.,-0.75)) ;
#1331=CARTESIAN_POINT('Axis2P3D Location',(-1.57,1.,-1.25)) ;
#1336=CARTESIAN_POINT('Line Origine',(-1.44499999983,-1.,-0.999999999661)) ;
#1349=CARTESIAN_POINT('Axis2P3D Location',(2.36,1.,-1.2)) ;
#1354=CARTESIAN_POINT('Line Origine',(1.72500000022,1.25,-1.2)) ;
#1358=CARTESIAN_POINT('Vertex',(1.72499999963,1.5,-1.19999999925)) ;
#1361=CARTESIAN_POINT('Line Origine',(2.04250000011,1.5,-1.2)) ;
#1365=CARTESIAN_POINT('Vertex',(2.3599999994,1.5,-1.19999999925)) ;
#1368=CARTESIAN_POINT('Line Origine',(2.36,1.25,-1.2)) ;
#1381=CARTESIAN_POINT('Axis2P3D Location',(2.0713248654,1.,-0.7)) ;
#1386=CARTESIAN_POINT('Line Origine',(2.21566243291,1.5,-0.950000000352)) ;
#1390=CARTESIAN_POINT('Vertex',(2.07132486627,1.5,-0.699999999255)) ;
#1393=CARTESIAN_POINT('Line Origine',(2.0713248654,1.25,-0.7)) ;
#1406=CARTESIAN_POINT('Axis2P3D Location',(1.43632486541,1.,-0.7)) ;
#1411=CARTESIAN_POINT('Line Origine',(1.75382486529,1.5,-0.7)) ;
#1415=CARTESIAN_POINT('Vertex',(1.43632486463,1.5,-0.699999999255)) ;
#1418=CARTESIAN_POINT('Line Origine',(1.43632486541,1.25,-0.7)) ;
#1431=CARTESIAN_POINT('Axis2P3D Location',(1.725,1.,-1.2)) ;
#1436=CARTESIAN_POINT('Line Origine',(1.5806624325,1.5,-0.949999999648)) ;
#1449=CARTESIAN_POINT('Axis2P3D Location',(2.72,1.,1.2)) ;
#1454=CARTESIAN_POINT('Line Origine',(3.35499999978,1.25,1.2)) ;
#1458=CARTESIAN_POINT('Vertex',(3.35500000045,1.5,1.19999999925)) ;
#1461=CARTESIAN_POINT('Line Origine',(3.03749999989,1.5,1.2)) ;
#1465=CARTESIAN_POINT('Vertex',(2.72000000067,1.5,1.19999999925)) ;
#1468=CARTESIAN_POINT('Line Origine',(2.72,1.25,1.2)) ;
#1481=CARTESIAN_POINT('Axis2P3D Location',(3.00867513459,1.,0.7)) ;
#1486=CARTESIAN_POINT('Line Origine',(2.86433756709,1.5,0.950000000352)) ;
#1490=CARTESIAN_POINT('Vertex',(3.00867513381,1.5,0.699999999255)) ;
#1493=CARTESIAN_POINT('Line Origine',(3.00867513459,1.25,0.7)) ;
#1506=CARTESIAN_POINT('Axis2P3D Location',(3.6436751346,1.,0.7)) ;
#1511=CARTESIAN_POINT('Line Origine',(3.32617513471,1.5,0.7)) ;
#1515=CARTESIAN_POINT('Vertex',(3.64367513545,1.5,0.699999999255)) ;
#1518=CARTESIAN_POINT('Line Origine',(3.6436751346,1.25,0.7)) ;
#1531=CARTESIAN_POINT('Axis2P3D Location',(3.355,1.,1.2)) ;
#1536=CARTESIAN_POINT('Line Origine',(3.4993375675,1.5,0.949999999648)) ;
#1549=CARTESIAN_POINT('Axis2P3D Location',(1.43632486541,1.,0.7)) ;
#1554=CARTESIAN_POINT('Line Origine',(1.72500000041,1.25,1.2000000007)) ;
#1558=CARTESIAN_POINT('Vertex',(1.72499999963,1.5,1.19999999925)) ;
#1561=CARTESIAN_POINT('Line Origine',(1.58066243291,1.5,0.950000000352)) ;
#1565=CARTESIAN_POINT('Vertex',(1.43632486463,1.5,0.699999999255)) ;
#1568=CARTESIAN_POINT('Line Origine',(1.43632486541,1.25,0.7)) ;
#1581=CARTESIAN_POINT('Axis2P3D Location',(2.0713248654,1.,0.7)) ;
#1586=CARTESIAN_POINT('Line Origine',(1.75382486552,1.5,0.7)) ;
#1590=CARTESIAN_POINT('Vertex',(2.07132486627,1.5,0.699999999255)) ;
#1593=CARTESIAN_POINT('Line Origine',(2.0713248654,1.25,0.7)) ;
#1606=CARTESIAN_POINT('Axis2P3D Location',(2.36,1.,1.2)) ;
#1611=CARTESIAN_POINT('Line Origine',(2.2156624325,1.5,0.949999999648)) ;
#1615=CARTESIAN_POINT('Vertex',(2.3599999994,1.5,1.19999999925)) ;
#1618=CARTESIAN_POINT('Line Origine',(2.36,1.25,1.2)) ;
#1631=CARTESIAN_POINT('Axis2P3D Location',(1.725,1.,1.2)) ;
#1636=CARTESIAN_POINT('Line Origine',(2.04249999989,1.5,1.2)) ;
#1649=CARTESIAN_POINT('Axis2P3D Location',(1.1036751346,1.,-0.7)) ;
#1654=CARTESIAN_POINT('Line Origine',(0.814999999593,1.25,-1.2000000007)) ;
#1658=CARTESIAN_POINT('Vertex',(0.815,1.5,-1.2)) ;
#1661=CARTESIAN_POINT('Line Origine',(0.959337567094,1.5,-0.950000000352)) ;
#1665=CARTESIAN_POINT('Vertex',(1.1036751346,1.5,-0.7)) ;
#1668=CARTESIAN_POINT('Line Origine',(1.1036751346,1.25,-0.7)) ;
#1681=CARTESIAN_POINT('Axis2P3D Location',(0.468675134595,1.,-0.7)) ;
#1686=CARTESIAN_POINT('Line Origine',(0.786175134483,1.5,-0.7)) ;
#1690=CARTESIAN_POINT('Vertex',(0.468675134595,1.5,-0.7)) ;
#1693=CARTESIAN_POINT('Line Origine',(0.468675134595,1.25,-0.7)) ;
#1706=CARTESIAN_POINT('Axis2P3D Location',(0.18,1.,-1.2)) ;
#1711=CARTESIAN_POINT('Line Origine',(0.324337567501,1.5,-0.949999999648)) ;
#1715=CARTESIAN_POINT('Vertex',(0.180000000224,1.5,-1.2)) ;
#1718=CARTESIAN_POINT('Line Origine',(0.18,1.25,-1.2)) ;
#1731=CARTESIAN_POINT('Axis2P3D Location',(0.815,1.,-1.2)) ;
#1736=CARTESIAN_POINT('Line Origine',(0.497500000112,1.5,-1.2)) ;
#1749=CARTESIAN_POINT('Axis2P3D Location',(-0.18,1.,-1.2)) ;
#1754=CARTESIAN_POINT('Line Origine',(-0.814999999776,1.25,-1.2)) ;
#1758=CARTESIAN_POINT('Vertex',(-0.814999999478,1.5,-1.19999999925)) ;
#1761=CARTESIAN_POINT('Line Origine',(-0.497499999888,1.5,-1.2)) ;
#1765=CARTESIAN_POINT('Vertex',(-0.179999999702,1.5,-1.19999999925)) ;
#1768=CARTESIAN_POINT('Line Origine',(-0.18,1.25,-1.2)) ;
#1781=CARTESIAN_POINT('Axis2P3D Location',(-0.468675134595,1.,-0.7)) ;
#1786=CARTESIAN_POINT('Line Origine',(-0.324337567094,1.5,-0.950000000352)) ;
#1790=CARTESIAN_POINT('Vertex',(-0.468675134704,1.5,-0.699999999255)) ;
#1793=CARTESIAN_POINT('Line Origine',(-0.468675134595,1.25,-0.7)) ;
#1806=CARTESIAN_POINT('Axis2P3D Location',(-1.1036751346,1.,-0.7)) ;
#1811=CARTESIAN_POINT('Line Origine',(-0.786175134707,1.5,-0.7)) ;
#1815=CARTESIAN_POINT('Vertex',(-1.10367513448,1.5,-0.699999999255)) ;
#1818=CARTESIAN_POINT('Line Origine',(-1.1036751346,1.25,-0.7)) ;
#1831=CARTESIAN_POINT('Axis2P3D Location',(-0.815,1.,-1.2)) ;
#1836=CARTESIAN_POINT('Line Origine',(-0.959337567501,1.5,-0.949999999648)) ;
#1849=CARTESIAN_POINT('Axis2P3D Location',(0.18,1.,1.2)) ;
#1854=CARTESIAN_POINT('Line Origine',(0.814999999776,1.25,1.2)) ;
#1858=CARTESIAN_POINT('Vertex',(0.814999999478,1.5,1.19999999925)) ;
#1861=CARTESIAN_POINT('Line Origine',(0.497499999888,1.5,1.2)) ;
#1865=CARTESIAN_POINT('Vertex',(0.179999999702,1.5,1.19999999925)) ;
#1868=CARTESIAN_POINT('Line Origine',(0.18,1.25,1.2)) ;
#1881=CARTESIAN_POINT('Axis2P3D Location',(0.468675134595,1.,0.7)) ;
#1886=CARTESIAN_POINT('Line Origine',(0.324337567094,1.5,0.950000000352)) ;
#1890=CARTESIAN_POINT('Vertex',(0.468675134704,1.5,0.699999999255)) ;
#1893=CARTESIAN_POINT('Line Origine',(0.468675134595,1.25,0.7)) ;
#1906=CARTESIAN_POINT('Axis2P3D Location',(1.1036751346,1.,0.7)) ;
#1911=CARTESIAN_POINT('Line Origine',(0.786175134707,1.5,0.7)) ;
#1915=CARTESIAN_POINT('Vertex',(1.10367513448,1.5,0.699999999255)) ;
#1918=CARTESIAN_POINT('Line Origine',(1.1036751346,1.25,0.7)) ;
#1931=CARTESIAN_POINT('Axis2P3D Location',(0.815,1.,1.2)) ;
#1936=CARTESIAN_POINT('Line Origine',(0.959337567501,1.5,0.949999999648)) ;
#1949=CARTESIAN_POINT('Axis2P3D Location',(-1.1036751346,1.,0.7)) ;
#1954=CARTESIAN_POINT('Line Origine',(-0.814999999593,1.25,1.2000000007)) ;
#1958=CARTESIAN_POINT('Vertex',(-0.814999999478,1.5,1.19999999925)) ;
#1961=CARTESIAN_POINT('Line Origine',(-0.959337567094,1.5,0.950000000352)) ;
#1965=CARTESIAN_POINT('Vertex',(-1.10367513448,1.5,0.699999999255)) ;
#1968=CARTESIAN_POINT('Line Origine',(-1.1036751346,1.25,0.7)) ;
#1981=CARTESIAN_POINT('Axis2P3D Location',(-0.468675134595,1.,0.7)) ;
#1986=CARTESIAN_POINT('Line Origine',(-0.786175134483,1.5,0.7)) ;
#1990=CARTESIAN_POINT('Vertex',(-0.468675134704,1.5,0.699999999255)) ;
#1993=CARTESIAN_POINT('Line Origine',(-0.468675134595,1.25,0.7)) ;
#2006=CARTESIAN_POINT('Axis2P3D Location',(-0.18,1.,1.2)) ;
#2011=CARTESIAN_POINT('Line Origine',(-0.324337567501,1.5,0.949999999648)) ;
#2015=CARTESIAN_POINT('Vertex',(-0.179999999702,1.5,1.19999999925)) ;
#2018=CARTESIAN_POINT('Line Origine',(-0.18,1.25,1.2)) ;
#2031=CARTESIAN_POINT('Axis2P3D Location',(-0.815,1.,1.2)) ;
#2036=CARTESIAN_POINT('Line Origine',(-0.497500000112,1.5,1.2)) ;
#2049=CARTESIAN_POINT('Axis2P3D Location',(-1.43632486541,1.,-0.7)) ;
#2054=CARTESIAN_POINT('Line Origine',(-1.72500000041,1.25,-1.2000000007)) ;
#2058=CARTESIAN_POINT('Vertex',(-1.725,1.5,-1.2)) ;
#2061=CARTESIAN_POINT('Line Origine',(-1.58066243291,1.5,-0.950000000352)) ;
#2065=CARTESIAN_POINT('Vertex',(-1.43632486541,1.5,-0.7)) ;
#2068=CARTESIAN_POINT('Line Origine',(-1.43632486541,1.25,-0.7)) ;
#2081=CARTESIAN_POINT('Axis2P3D Location',(-2.0713248654,1.,-0.7)) ;
#2086=CARTESIAN_POINT('Line Origine',(-1.75382486552,1.5,-0.7)) ;
#2090=CARTESIAN_POINT('Vertex',(-2.0713248654,1.5,-0.7)) ;
#2093=CARTESIAN_POINT('Line Origine',(-2.0713248654,1.25,-0.7)) ;
#2106=CARTESIAN_POINT('Axis2P3D Location',(-2.36,1.,-1.2)) ;
#2111=CARTESIAN_POINT('Line Origine',(-2.2156624325,1.5,-0.949999999648)) ;
#2115=CARTESIAN_POINT('Vertex',(-2.35999999978,1.5,-1.2)) ;
#2118=CARTESIAN_POINT('Line Origine',(-2.36,1.25,-1.2)) ;
#2131=CARTESIAN_POINT('Axis2P3D Location',(-1.725,1.,-1.2)) ;
#2136=CARTESIAN_POINT('Line Origine',(-2.04249999989,1.5,-1.2)) ;
#2149=CARTESIAN_POINT('Axis2P3D Location',(-2.72,1.,-1.2)) ;
#2154=CARTESIAN_POINT('Line Origine',(-3.35499999978,1.25,-1.2)) ;
#2158=CARTESIAN_POINT('Vertex',(-3.35500000045,1.5,-1.19999999925)) ;
#2161=CARTESIAN_POINT('Line Origine',(-3.03749999989,1.5,-1.2)) ;
#2165=CARTESIAN_POINT('Vertex',(-2.72000000067,1.5,-1.19999999925)) ;
#2168=CARTESIAN_POINT('Line Origine',(-2.72,1.25,-1.2)) ;
#2181=CARTESIAN_POINT('Axis2P3D Location',(-3.00867513459,1.,-0.7)) ;
#2186=CARTESIAN_POINT('Line Origine',(-2.86433756709,1.5,-0.950000000352)) ;
#2190=CARTESIAN_POINT('Vertex',(-3.00867513381,1.5,-0.699999999255)) ;
#2193=CARTESIAN_POINT('Line Origine',(-3.00867513459,1.25,-0.7)) ;
#2206=CARTESIAN_POINT('Axis2P3D Location',(-3.6436751346,1.,-0.7)) ;
#2211=CARTESIAN_POINT('Line Origine',(-3.32617513471,1.5,-0.7)) ;
#2215=CARTESIAN_POINT('Vertex',(-3.64367513545,1.5,-0.699999999255)) ;
#2218=CARTESIAN_POINT('Line Origine',(-3.6436751346,1.25,-0.7)) ;
#2231=CARTESIAN_POINT('Axis2P3D Location',(-3.355,1.,-1.2)) ;
#2236=CARTESIAN_POINT('Line Origine',(-3.4993375675,1.5,-0.949999999648)) ;
#2249=CARTESIAN_POINT('Axis2P3D Location',(-2.36,1.,1.2)) ;
#2254=CARTESIAN_POINT('Line Origine',(-1.72500000022,1.25,1.2)) ;
#2258=CARTESIAN_POINT('Vertex',(-1.72499999963,1.5,1.19999999925)) ;
#2261=CARTESIAN_POINT('Line Origine',(-2.04250000011,1.5,1.2)) ;
#2265=CARTESIAN_POINT('Vertex',(-2.3599999994,1.5,1.19999999925)) ;
#2268=CARTESIAN_POINT('Line Origine',(-2.36,1.25,1.2)) ;
#2281=CARTESIAN_POINT('Axis2P3D Location',(-2.0713248654,1.,0.7)) ;
#2286=CARTESIAN_POINT('Line Origine',(-2.21566243291,1.5,0.950000000352)) ;
#2290=CARTESIAN_POINT('Vertex',(-2.07132486627,1.5,0.699999999255)) ;
#2293=CARTESIAN_POINT('Line Origine',(-2.0713248654,1.25,0.7)) ;
#2306=CARTESIAN_POINT('Axis2P3D Location',(-1.43632486541,1.,0.7)) ;
#2311=CARTESIAN_POINT('Line Origine',(-1.75382486529,1.5,0.7)) ;
#2315=CARTESIAN_POINT('Vertex',(-1.43632486463,1.5,0.699999999255)) ;
#2318=CARTESIAN_POINT('Line Origine',(-1.43632486541,1.25,0.7)) ;
#2331=CARTESIAN_POINT('Axis2P3D Location',(-1.725,1.,1.2)) ;
#2336=CARTESIAN_POINT('Line Origine',(-1.5806624325,1.5,0.949999999648)) ;
#2349=CARTESIAN_POINT('Axis2P3D Location',(-3.6436751346,1.,0.7)) ;
#2354=CARTESIAN_POINT('Line Origine',(-3.35499999959,1.25,1.2000000007)) ;
#2358=CARTESIAN_POINT('Vertex',(-3.35500000045,1.5,1.19999999925)) ;
#2361=CARTESIAN_POINT('Line Origine',(-3.49933756709,1.5,0.950000000352)) ;
#2365=CARTESIAN_POINT('Vertex',(-3.64367513545,1.5,0.699999999255)) ;
#2368=CARTESIAN_POINT('Line Origine',(-3.6436751346,1.25,0.7)) ;
#2381=CARTESIAN_POINT('Axis2P3D Location',(-3.00867513459,1.,0.7)) ;
#2386=CARTESIAN_POINT('Line Origine',(-3.32617513448,1.5,0.7)) ;
#2390=CARTESIAN_POINT('Vertex',(-3.00867513381,1.5,0.699999999255)) ;
#2393=CARTESIAN_POINT('Line Origine',(-3.00867513459,1.25,0.7)) ;
#2406=CARTESIAN_POINT('Axis2P3D Location',(-2.72,1.,1.2)) ;
#2411=CARTESIAN_POINT('Line Origine',(-2.8643375675,1.5,0.949999999648)) ;
#2415=CARTESIAN_POINT('Vertex',(-2.72000000067,1.5,1.19999999925)) ;
#2418=CARTESIAN_POINT('Line Origine',(-2.72,1.25,1.2)) ;
#2431=CARTESIAN_POINT('Axis2P3D Location',(-3.355,1.,1.2)) ;
#2436=CARTESIAN_POINT('Line Origine',(-3.03750000011,1.5,1.2)) ;
#2449=CARTESIAN_POINT('Axis2P3D Location',(2.865,-7.75,-0.325)) ;
#2454=CARTESIAN_POINT('Line Origine',(2.865,2.35850000009,0.325000000373)) ;
#2458=CARTESIAN_POINT('Vertex',(2.86500000005,3.71699999985,0.324999999255)) ;
#2461=CARTESIAN_POINT('Line Origine',(2.865,2.35850000009,-0.325)) ;
#2465=CARTESIAN_POINT('Vertex',(2.86500000022,3.71700000018,-0.325)) ;
#2468=CARTESIAN_POINT('Line Origine',(2.865,3.71700000018,1.86264503821E-010)) ;
#2488=CARTESIAN_POINT('Axis2P3D Location',(0.,0.,0.325)) ;
#2493=CARTESIAN_POINT('Line Origine',(2.21499999985,2.35850000009,0.325)) ;
#2497=CARTESIAN_POINT('Vertex',(2.21499999985,3.71700000018,0.325)) ;
#2500=CARTESIAN_POINT('Line Origine',(2.54000000004,3.71700000018,0.325)) ;
#2513=CARTESIAN_POINT('Axis2P3D Location',(2.215,4.367,-0.325)) ;
#2518=CARTESIAN_POINT('Line Origine',(2.215,2.35849999954,-0.325)) ;
#2522=CARTESIAN_POINT('Vertex',(2.21499999985,3.71700000018,-0.325)) ;
#2525=CARTESIAN_POINT('Line Origine',(2.215,3.71699999963,1.86264503821E-010)) ;
#2538=CARTESIAN_POINT('Axis2P3D Location',(0.,0.,-0.325)) ;
#2543=CARTESIAN_POINT('Line Origine',(2.54000000004,3.71700000018,-0.325)) ;
#2556=CARTESIAN_POINT('Axis2P3D Location',(0.325,-7.75,-0.325)) ;
#2561=CARTESIAN_POINT('Line Origine',(0.325,2.35850000009,0.325000000373)) ;
#2565=CARTESIAN_POINT('Vertex',(0.325000000047,3.71699999985,0.324999999255)) ;
#2568=CARTESIAN_POINT('Line Origine',(0.325,2.35850000009,-0.325)) ;
#2572=CARTESIAN_POINT('Vertex',(0.324999999255,3.71700000018,-0.325)) ;
#2575=CARTESIAN_POINT('Line Origine',(0.325,3.71700000018,1.86264503821E-010)) ;
#2588=CARTESIAN_POINT('Axis2P3D Location',(0.,0.,0.325)) ;
#2593=CARTESIAN_POINT('Line Origine',(-0.324999999255,2.35850000009,0.325)) ;
#2597=CARTESIAN_POINT('Vertex',(-0.324999999255,3.71700000018,0.325)) ;
#2600=CARTESIAN_POINT('Line Origine',(0.,3.71700000018,0.325)) ;
#2613=CARTESIAN_POINT('Axis2P3D Location',(-0.325,4.367,-0.325)) ;
#2618=CARTESIAN_POINT('Line Origine',(-0.325,2.35849999954,-0.325)) ;
#2622=CARTESIAN_POINT('Vertex',(-0.324999999255,3.71700000018,-0.325)) ;
#2625=CARTESIAN_POINT('Line Origine',(-0.325,3.71699999963,1.86264503821E-010)) ;
#2638=CARTESIAN_POINT('Axis2P3D Location',(0.,0.,-0.325)) ;
#2643=CARTESIAN_POINT('Line Origine',(0.,3.71700000018,-0.325)) ;
#2656=CARTESIAN_POINT('Axis2P3D Location',(-2.215,-7.75,-0.325)) ;
#2661=CARTESIAN_POINT('Line Origine',(-2.215,2.35850000009,0.325000000373)) ;
#2665=CARTESIAN_POINT('Vertex',(-2.21499999995,3.71699999985,0.324999999255)) ;
#2668=CARTESIAN_POINT('Line Origine',(-2.215,2.35850000009,-0.325)) ;
#2672=CARTESIAN_POINT('Vertex',(-2.21499999985,3.71700000018,-0.325)) ;
#2675=CARTESIAN_POINT('Line Origine',(-2.215,3.71700000018,1.86264503821E-010)) ;
#2688=CARTESIAN_POINT('Axis2P3D Location',(0.,0.,0.325)) ;
#2693=CARTESIAN_POINT('Line Origine',(-2.86500000022,2.35850000009,0.325)) ;
#2697=CARTESIAN_POINT('Vertex',(-2.86500000022,3.71700000018,0.325)) ;
#2700=CARTESIAN_POINT('Line Origine',(-2.54000000004,3.71700000018,0.325)) ;
#2713=CARTESIAN_POINT('Axis2P3D Location',(-2.865,4.367,-0.325)) ;
#2718=CARTESIAN_POINT('Line Origine',(-2.865,2.35849999954,-0.325)) ;
#2722=CARTESIAN_POINT('Vertex',(-2.86500000022,3.71700000018,-0.325)) ;
#2725=CARTESIAN_POINT('Line Origine',(-2.865,3.71699999963,1.86264503821E-010)) ;
#2738=CARTESIAN_POINT('Axis2P3D Location',(0.,0.,-0.325)) ;
#2743=CARTESIAN_POINT('Line Origine',(-2.54000000004,3.71700000018,-0.325)) ;
#2756=CARTESIAN_POINT('Axis2P3D Location',(3.6436751346,1.,-0.7)) ;
#2761=CARTESIAN_POINT('Line Origine',(3.35499999959,1.25,-1.2000000007)) ;
#2765=CARTESIAN_POINT('Vertex',(3.355,1.5,-1.2)) ;
#2768=CARTESIAN_POINT('Line Origine',(3.49933756709,1.5,-0.950000000352)) ;
#2772=CARTESIAN_POINT('Vertex',(3.6436751346,1.5,-0.7)) ;
#2775=CARTESIAN_POINT('Line Origine',(3.6436751346,1.25,-0.7)) ;
#2788=CARTESIAN_POINT('Axis2P3D Location',(3.00867513459,1.,-0.7)) ;
#2793=CARTESIAN_POINT('Line Origine',(3.32617513448,1.5,-0.7)) ;
#2797=CARTESIAN_POINT('Vertex',(3.00867513459,1.5,-0.7)) ;
#2800=CARTESIAN_POINT('Line Origine',(3.00867513459,1.25,-0.7)) ;
#2813=CARTESIAN_POINT('Axis2P3D Location',(2.72,1.,-1.2)) ;
#2818=CARTESIAN_POINT('Line Origine',(2.8643375675,1.5,-0.949999999648)) ;
#2822=CARTESIAN_POINT('Vertex',(2.72000000022,1.5,-1.2)) ;
#2825=CARTESIAN_POINT('Line Origine',(2.72,1.25,-1.2)) ;
#2838=CARTESIAN_POINT('Axis2P3D Location',(3.355,1.,-1.2)) ;
#2843=CARTESIAN_POINT('Line Origine',(3.03750000011,1.5,-1.2)) ;
#2856=CARTESIAN_POINT('Axis2P3D Location',(0.,-1.,0.)) ;
#2887=CARTESIAN_POINT('Line Origine',(-0.324999999255,-1.,0.)) ;
#2891=CARTESIAN_POINT('Vertex',(-0.324999999255,-1.,-0.324999999255)) ;
#2893=CARTESIAN_POINT('Vertex',(-0.324999999255,-1.,0.324999999255)) ;
#2896=CARTESIAN_POINT('Line Origine',(0.,-1.,0.324999999255)) ;
#2900=CARTESIAN_POINT('Vertex',(0.324999999255,-1.,0.324999999255)) ;
#2903=CARTESIAN_POINT('Line Origine',(0.324999999255,-1.,0.)) ;
#2907=CARTESIAN_POINT('Vertex',(0.324999999255,-1.,-0.324999999255)) ;
#2910=CARTESIAN_POINT('Line Origine',(0.,-1.,-0.324999999255)) ;
#2921=CARTESIAN_POINT('Line Origine',(-2.86500000022,-1.,0.)) ;
#2925=CARTESIAN_POINT('Vertex',(-2.86500000022,-1.,-0.324999999255)) ;
#2927=CARTESIAN_POINT('Vertex',(-2.86500000022,-1.,0.324999999255)) ;
#2930=CARTESIAN_POINT('Line Origine',(-2.54000000004,-1.,0.324999999255)) ;
#2934=CARTESIAN_POINT('Vertex',(-2.21499999985,-1.,0.324999999255)) ;
#2937=CARTESIAN_POINT('Line Origine',(-2.21499999985,-1.,0.)) ;
#2941=CARTESIAN_POINT('Vertex',(-2.21499999985,-1.,-0.324999999255)) ;
#2944=CARTESIAN_POINT('Line Origine',(-2.54000000004,-1.,-0.324999999255)) ;
#2955=CARTESIAN_POINT('Line Origine',(2.21499999985,-1.,0.)) ;
#2959=CARTESIAN_POINT('Vertex',(2.21499999985,-1.,-0.325)) ;
#2961=CARTESIAN_POINT('Vertex',(2.21499999985,-1.,0.325)) ;
#2964=CARTESIAN_POINT('Line Origine',(2.54000000004,-1.,0.324999999255)) ;
#2968=CARTESIAN_POINT('Vertex',(2.865,-1.,0.325000000373)) ;
#2971=CARTESIAN_POINT('Line Origine',(2.86500000022,-1.,0.)) ;
#2975=CARTESIAN_POINT('Vertex',(2.86500000022,-1.,-0.325)) ;
#2978=CARTESIAN_POINT('Line Origine',(2.54000000004,-1.,-0.324999999255)) ;
#2991=CARTESIAN_POINT('Axis2P3D Location',(0.,1.5,0.)) ;
#3004=CARTESIAN_POINT('Axis2P3D Location',(0.,1.5,0.)) ;
#3017=CARTESIAN_POINT('Axis2P3D Location',(0.,1.5,0.)) ;
#3030=CARTESIAN_POINT('Axis2P3D Location',(0.,1.5,0.)) ;
#3043=CARTESIAN_POINT('Axis2P3D Location',(0.,1.5,0.)) ;
#3056=CARTESIAN_POINT('Axis2P3D Location',(0.,1.5,0.)) ;
#3069=CARTESIAN_POINT('Axis2P3D Location',(0.,1.5,0.)) ;
#3082=CARTESIAN_POINT('Axis2P3D Location',(0.,1.5,0.)) ;
#3095=CARTESIAN_POINT('Axis2P3D Location',(0.,1.5,0.)) ;
#3108=CARTESIAN_POINT('Axis2P3D Location',(0.,1.5,0.)) ;
#3121=CARTESIAN_POINT('Axis2P3D Location',(0.,1.5,0.)) ;
#3134=CARTESIAN_POINT('Axis2P3D Location',(2.765,4.042,0.)) ;
#3139=CARTESIAN_POINT('Line Origine',(2.765,4.042,-0.224999999627)) ;
#3143=CARTESIAN_POINT('Vertex',(2.665,4.36700000015,-0.124999999953)) ;
#3146=CARTESIAN_POINT('Line Origine',(2.66499999995,4.36700000015,0.)) ;
#3150=CARTESIAN_POINT('Vertex',(2.66499999995,4.36700000015,0.125)) ;
#3153=CARTESIAN_POINT('Line Origine',(2.765,4.042,0.224999999627)) ;
#3166=CARTESIAN_POINT('Axis2P3D Location',(2.54,4.042,0.225)) ;
#3171=CARTESIAN_POINT('Line Origine',(2.31500000037,4.042,0.225)) ;
#3175=CARTESIAN_POINT('Vertex',(2.415,4.36700000015,0.124999999953)) ;
#3178=CARTESIAN_POINT('Line Origine',(2.54,4.36700000015,0.124999999953)) ;
#3191=CARTESIAN_POINT('Axis2P3D Location',(2.315,4.042,0.)) ;
#3196=CARTESIAN_POINT('Line Origine',(2.41500000005,4.36700000015,0.)) ;
#3200=CARTESIAN_POINT('Vertex',(2.415,4.36700000015,-0.124999999953)) ;
#3203=CARTESIAN_POINT('Line Origine',(2.315,4.042,-0.224999999627)) ;
#3216=CARTESIAN_POINT('Axis2P3D Location',(2.54,4.042,-0.225)) ;
#3221=CARTESIAN_POINT('Line Origine',(2.54,4.36700000015,-0.124999999953)) ;
#3234=CARTESIAN_POINT('Axis2P3D Location',(0.225,4.042,0.)) ;
#3239=CARTESIAN_POINT('Line Origine',(0.225,4.042,-0.224999999627)) ;
#3243=CARTESIAN_POINT('Vertex',(0.125,4.36700000015,-0.124999999953)) ;
#3246=CARTESIAN_POINT('Line Origine',(0.124999999953,4.36700000015,0.)) ;
#3250=CARTESIAN_POINT('Vertex',(0.124999999953,4.36700000015,0.125)) ;
#3253=CARTESIAN_POINT('Line Origine',(0.225,4.042,0.224999999627)) ;
#3266=CARTESIAN_POINT('Axis2P3D Location',(0.,4.042,0.225)) ;
#3271=CARTESIAN_POINT('Line Origine',(-0.224999999627,4.042,0.225)) ;
#3275=CARTESIAN_POINT('Vertex',(-0.125,4.36700000015,0.124999999953)) ;
#3278=CARTESIAN_POINT('Line Origine',(0.,4.36700000015,0.124999999953)) ;
#3291=CARTESIAN_POINT('Axis2P3D Location',(-0.225,4.042,0.)) ;
#3296=CARTESIAN_POINT('Line Origine',(-0.124999999953,4.36700000015,0.)) ;
#3300=CARTESIAN_POINT('Vertex',(-0.125,4.36700000015,-0.124999999953)) ;
#3303=CARTESIAN_POINT('Line Origine',(-0.225,4.042,-0.224999999627)) ;
#3316=CARTESIAN_POINT('Axis2P3D Location',(0.,4.042,-0.225)) ;
#3321=CARTESIAN_POINT('Line Origine',(0.,4.36700000015,-0.124999999953)) ;
#3334=CARTESIAN_POINT('Axis2P3D Location',(-2.315,4.042,0.)) ;
#3339=CARTESIAN_POINT('Line Origine',(-2.315,4.042,-0.224999999627)) ;
#3343=CARTESIAN_POINT('Vertex',(-2.415,4.36700000015,-0.124999999953)) ;
#3346=CARTESIAN_POINT('Line Origine',(-2.41500000005,4.36700000015,0.)) ;
#3350=CARTESIAN_POINT('Vertex',(-2.41500000005,4.36700000015,0.125)) ;
#3353=CARTESIAN_POINT('Line Origine',(-2.315,4.042,0.224999999627)) ;
#3366=CARTESIAN_POINT('Axis2P3D Location',(-2.54,4.042,0.225)) ;
#3371=CARTESIAN_POINT('Line Origine',(-2.76499999963,4.042,0.225)) ;
#3375=CARTESIAN_POINT('Vertex',(-2.665,4.36700000015,0.124999999953)) ;
#3378=CARTESIAN_POINT('Line Origine',(-2.54,4.36700000015,0.124999999953)) ;
#3391=CARTESIAN_POINT('Axis2P3D Location',(-2.765,4.042,0.)) ;
#3396=CARTESIAN_POINT('Line Origine',(-2.66499999995,4.36700000015,0.)) ;
#3400=CARTESIAN_POINT('Vertex',(-2.665,4.36700000015,-0.124999999953)) ;
#3403=CARTESIAN_POINT('Line Origine',(-2.765,4.042,-0.224999999627)) ;
#3416=CARTESIAN_POINT('Axis2P3D Location',(-2.54,4.042,-0.225)) ;
#3421=CARTESIAN_POINT('Line Origine',(-2.54,4.36700000015,-0.124999999953)) ;
#3434=CARTESIAN_POINT('Axis2P3D Location',(0.,1.5,0.)) ;
#3447=CARTESIAN_POINT('Axis2P3D Location',(-0.325,4.367,-0.325)) ;
#3452=CARTESIAN_POINT('Line Origine',(-0.325,-4.05000000037,0.325000000373)) ;
#3456=CARTESIAN_POINT('Vertex',(-0.324999999255,-7.09999999963,0.325)) ;
#3459=CARTESIAN_POINT('Line Origine',(-0.325,-4.05000000037,-0.325)) ;
#3463=CARTESIAN_POINT('Vertex',(-0.324999999255,-7.09999999963,-0.325)) ;
#3466=CARTESIAN_POINT('Line Origine',(-0.325,-7.10000000018,1.86264503821E-010)) ;
#3479=CARTESIAN_POINT('Axis2P3D Location',(0.,0.,0.325)) ;
#3484=CARTESIAN_POINT('Line Origine',(0.324999999255,-4.04999999981,0.325)) ;
#3488=CARTESIAN_POINT('Vertex',(0.325,-7.09999999963,0.325000000373)) ;
#3491=CARTESIAN_POINT('Line Origine',(0.,-7.09999999963,0.325)) ;
#3504=CARTESIAN_POINT('Axis2P3D Location',(0.325,-7.75,-0.325)) ;
#3509=CARTESIAN_POINT('Line Origine',(0.325,-4.04999999981,-0.325)) ;
#3513=CARTESIAN_POINT('Vertex',(0.324999999255,-7.09999999963,-0.325)) ;
#3516=CARTESIAN_POINT('Line Origine',(0.325,-7.09999999963,1.86264503821E-010)) ;
#3529=CARTESIAN_POINT('Axis2P3D Location',(0.,0.,-0.325)) ;
#3534=CARTESIAN_POINT('Line Origine',(0.,-7.09999999963,-0.325)) ;
#3547=CARTESIAN_POINT('Axis2P3D Location',(-2.865,4.367,-0.325)) ;
#3552=CARTESIAN_POINT('Line Origine',(-2.865,-4.05000000037,0.325000000373)) ;
#3556=CARTESIAN_POINT('Vertex',(-2.86500000022,-7.09999999963,0.325)) ;
#3559=CARTESIAN_POINT('Line Origine',(-2.865,-4.05000000037,-0.325)) ;
#3563=CARTESIAN_POINT('Vertex',(-2.86500000022,-7.09999999963,-0.325)) ;
#3566=CARTESIAN_POINT('Line Origine',(-2.865,-7.10000000018,1.86264503821E-010)) ;
#3579=CARTESIAN_POINT('Axis2P3D Location',(0.,0.,0.325)) ;
#3584=CARTESIAN_POINT('Line Origine',(-2.21499999985,-4.04999999981,0.325)) ;
#3588=CARTESIAN_POINT('Vertex',(-2.215,-7.09999999963,0.325000000373)) ;
#3591=CARTESIAN_POINT('Line Origine',(-2.54000000004,-7.09999999963,0.325)) ;
#3604=CARTESIAN_POINT('Axis2P3D Location',(-2.215,-7.75,-0.325)) ;
#3609=CARTESIAN_POINT('Line Origine',(-2.215,-4.04999999981,-0.325)) ;
#3613=CARTESIAN_POINT('Vertex',(-2.21499999985,-7.09999999963,-0.325)) ;
#3616=CARTESIAN_POINT('Line Origine',(-2.215,-7.09999999963,1.86264503821E-010)) ;
#3629=CARTESIAN_POINT('Axis2P3D Location',(0.,0.,-0.325)) ;
#3634=CARTESIAN_POINT('Line Origine',(-2.54000000004,-7.09999999963,-0.325)) ;
#3647=CARTESIAN_POINT('Axis2P3D Location',(2.215,4.367,-0.325)) ;
#3652=CARTESIAN_POINT('Line Origine',(2.215,-4.05000000037,0.325000000373)) ;
#3656=CARTESIAN_POINT('Vertex',(2.21499999985,-7.09999999963,0.325)) ;
#3659=CARTESIAN_POINT('Line Origine',(2.215,-4.05000000037,-0.325)) ;
#3663=CARTESIAN_POINT('Vertex',(2.21499999985,-7.09999999963,-0.325)) ;
#3666=CARTESIAN_POINT('Line Origine',(2.215,-7.10000000018,1.86264503821E-010)) ;
#3679=CARTESIAN_POINT('Axis2P3D Location',(0.,0.,0.325)) ;
#3684=CARTESIAN_POINT('Line Origine',(2.86500000022,-4.04999999981,0.325)) ;
#3688=CARTESIAN_POINT('Vertex',(2.865,-7.09999999963,0.325000000373)) ;
#3691=CARTESIAN_POINT('Line Origine',(2.54000000004,-7.09999999963,0.325)) ;
#3704=CARTESIAN_POINT('Axis2P3D Location',(2.865,-7.75,-0.325)) ;
#3709=CARTESIAN_POINT('Line Origine',(2.865,-4.04999999981,-0.325)) ;
#3713=CARTESIAN_POINT('Vertex',(2.86500000022,-7.09999999963,-0.325)) ;
#3716=CARTESIAN_POINT('Line Origine',(2.865,-7.09999999963,1.86264503821E-010)) ;
#3729=CARTESIAN_POINT('Axis2P3D Location',(0.,0.,-0.325)) ;
#3734=CARTESIAN_POINT('Line Origine',(2.54000000004,-7.09999999963,-0.325)) ;
#3747=CARTESIAN_POINT('Axis2P3D Location',(2.865,4.367,-0.325)) ;
#3760=CARTESIAN_POINT('Axis2P3D Location',(0.325,4.367,-0.325)) ;
#3773=CARTESIAN_POINT('Axis2P3D Location',(-2.215,4.367,-0.325)) ;
#3786=CARTESIAN_POINT('Axis2P3D Location',(-0.225,-7.425,0.)) ;
#3791=CARTESIAN_POINT('Line Origine',(-0.225,-7.425,0.224999999627)) ;
#3795=CARTESIAN_POINT('Vertex',(-0.124999999953,-7.75000000015,0.125)) ;
#3798=CARTESIAN_POINT('Line Origine',(-0.225,-7.425,-0.224999999627)) ;
#3802=CARTESIAN_POINT('Vertex',(-0.124999999953,-7.75000000015,-0.125)) ;
#3805=CARTESIAN_POINT('Line Origine',(-0.124999999953,-7.75000000015,0.)) ;
#3818=CARTESIAN_POINT('Axis2P3D Location',(0.,-7.425,0.225)) ;
#3823=CARTESIAN_POINT('Line Origine',(0.224999999627,-7.425,0.225)) ;
#3827=CARTESIAN_POINT('Vertex',(0.124999999255,-7.75,0.124999999255)) ;
#3830=CARTESIAN_POINT('Line Origine',(0.,-7.75000000015,0.124999999953)) ;
#3843=CARTESIAN_POINT('Axis2P3D Location',(0.225,-7.425,0.)) ;
#3848=CARTESIAN_POINT('Line Origine',(0.124999999953,-7.75000000015,0.)) ;
#3852=CARTESIAN_POINT('Vertex',(0.124999999255,-7.75,-0.125000000745)) ;
#3855=CARTESIAN_POINT('Line Origine',(0.225,-7.425,-0.224999999627)) ;
#3868=CARTESIAN_POINT('Axis2P3D Location',(0.,-7.425,-0.225)) ;
#3873=CARTESIAN_POINT('Line Origine',(0.,-7.75000000015,-0.124999999953)) ;
#3886=CARTESIAN_POINT('Axis2P3D Location',(-2.765,-7.425,0.)) ;
#3891=CARTESIAN_POINT('Line Origine',(-2.765,-7.425,0.224999999627)) ;
#3895=CARTESIAN_POINT('Vertex',(-2.66499999995,-7.75000000015,0.125)) ;
#3898=CARTESIAN_POINT('Line Origine',(-2.765,-7.425,-0.224999999627)) ;
#3902=CARTESIAN_POINT('Vertex',(-2.66499999995,-7.75000000015,-0.125)) ;
#3905=CARTESIAN_POINT('Line Origine',(-2.66499999995,-7.75000000015,0.)) ;
#3918=CARTESIAN_POINT('Axis2P3D Location',(-2.54,-7.425,0.225)) ;
#3923=CARTESIAN_POINT('Line Origine',(-2.31500000037,-7.425,0.225)) ;
#3927=CARTESIAN_POINT('Vertex',(-2.41500000075,-7.75,0.124999999255)) ;
#3930=CARTESIAN_POINT('Line Origine',(-2.54,-7.75000000015,0.124999999953)) ;
#3943=CARTESIAN_POINT('Axis2P3D Location',(-2.315,-7.425,0.)) ;
#3948=CARTESIAN_POINT('Line Origine',(-2.41500000005,-7.75000000015,0.)) ;
#3952=CARTESIAN_POINT('Vertex',(-2.41500000075,-7.75,-0.125000000745)) ;
#3955=CARTESIAN_POINT('Line Origine',(-2.315,-7.425,-0.224999999627)) ;
#3968=CARTESIAN_POINT('Axis2P3D Location',(-2.54,-7.425,-0.225)) ;
#3973=CARTESIAN_POINT('Line Origine',(-2.54,-7.75000000015,-0.124999999953)) ;
#3986=CARTESIAN_POINT('Axis2P3D Location',(2.315,-7.425,0.)) ;
#3991=CARTESIAN_POINT('Line Origine',(2.315,-7.425,0.224999999627)) ;
#3995=CARTESIAN_POINT('Vertex',(2.41500000005,-7.75000000015,0.125)) ;
#3998=CARTESIAN_POINT('Line Origine',(2.315,-7.425,-0.224999999627)) ;
#4002=CARTESIAN_POINT('Vertex',(2.41500000005,-7.75000000015,-0.125)) ;
#4005=CARTESIAN_POINT('Line Origine',(2.41500000005,-7.75000000015,0.)) ;
#4018=CARTESIAN_POINT('Axis2P3D Location',(2.54,-7.425,0.225)) ;
#4023=CARTESIAN_POINT('Line Origine',(2.76499999963,-7.425,0.225)) ;
#4027=CARTESIAN_POINT('Vertex',(2.66499999925,-7.75,0.124999999255)) ;
#4030=CARTESIAN_POINT('Line Origine',(2.54,-7.75000000015,0.124999999953)) ;
#4043=CARTESIAN_POINT('Axis2P3D Location',(2.765,-7.425,0.)) ;
#4048=CARTESIAN_POINT('Line Origine',(2.66499999995,-7.75000000015,0.)) ;
#4052=CARTESIAN_POINT('Vertex',(2.66499999925,-7.75,-0.125000000745)) ;
#4055=CARTESIAN_POINT('Line Origine',(2.765,-7.425,-0.224999999627)) ;
#4068=CARTESIAN_POINT('Axis2P3D Location',(2.54,-7.425,-0.225)) ;
#4073=CARTESIAN_POINT('Line Origine',(2.54,-7.75000000015,-0.124999999953)) ;
#4086=CARTESIAN_POINT('Axis2P3D Location',(-0.325,-7.75,-0.325)) ;
#4099=CARTESIAN_POINT('Axis2P3D Location',(-2.865,-7.75,-0.325)) ;
#4112=CARTESIAN_POINT('Axis2P3D Location',(2.215,-7.75,-0.325)) ;
#32=DIRECTION('Axis2P3D Direction',(0.,-1.,0.)) ;
#33=DIRECTION('Axis2P3D XDirection',(1.,0.,0.)) ;
#37=DIRECTION('Vector Direction',(1.,0.,0.)) ;
#46=DIRECTION('Vector Direction',(0.4472135955,0.,-0.894427191)) ;
#53=DIRECTION('Vector Direction',(0.,0.,-1.)) ;
#60=DIRECTION('Vector Direction',(-0.4472135955,0.,-0.894427191)) ;
#67=DIRECTION('Vector Direction',(-1.,0.,0.)) ;
#74=DIRECTION('Vector Direction',(-0.4472135955,0.,0.894427191)) ;
#81=DIRECTION('Vector Direction',(-1.,0.,0.)) ;
#88=DIRECTION('Vector Direction',(-0.4472135955,0.,-0.894427191)) ;
#95=DIRECTION('Vector Direction',(-1.,0.,0.)) ;
#102=DIRECTION('Vector Direction',(-0.4472135955,0.,0.894427191)) ;
#109=DIRECTION('Vector Direction',(-1.,0.,0.)) ;
#116=DIRECTION('Vector Direction',(-0.4472135955,0.,-0.894427191)) ;
#123=DIRECTION('Vector Direction',(-1.,0.,0.)) ;
#130=DIRECTION('Vector Direction',(-0.4472135955,0.,0.894427191)) ;
#137=DIRECTION('Vector Direction',(0.,0.,1.)) ;
#144=DIRECTION('Vector Direction',(0.4472135955,0.,0.894427191)) ;
#151=DIRECTION('Vector Direction',(1.,0.,0.)) ;
#158=DIRECTION('Vector Direction',(0.4472135955,0.,-0.894427191)) ;
#165=DIRECTION('Vector Direction',(1.,0.,0.)) ;
#172=DIRECTION('Vector Direction',(0.4472135955,0.,0.894427191)) ;
#179=DIRECTION('Vector Direction',(1.,0.,0.)) ;
#186=DIRECTION('Vector Direction',(0.4472135955,0.,-0.894427191)) ;
#193=DIRECTION('Vector Direction',(1.,0.,0.)) ;
#200=DIRECTION('Vector Direction',(0.4472135955,0.,0.894427191)) ;
#231=DIRECTION('Vector Direction',(-1.,0.,0.)) ;
#240=DIRECTION('Vector Direction',(0.499999998109,0.,-0.866025404876)) ;
#247=DIRECTION('Vector Direction',(1.,0.,0.)) ;
#254=DIRECTION('Vector Direction',(-0.500000000528,0.,0.866025403479)) ;
#265=DIRECTION('Vector Direction',(1.,0.,0.)) ;
#274=DIRECTION('Vector Direction',(-0.499999998109,0.,0.866025404876)) ;
#281=DIRECTION('Vector Direction',(-1.,0.,0.)) ;
#288=DIRECTION('Vector Direction',(0.500000000528,0.,-0.866025403479)) ;
#299=DIRECTION('Vector Direction',(0.500000000528,0.,0.866025403479)) ;
#308=DIRECTION('Vector Direction',(-1.,0.,0.)) ;
#315=DIRECTION('Vector Direction',(-0.499999998109,0.,-0.866025404876)) ;
#322=DIRECTION('Vector Direction',(1.,0.,0.)) ;
#333=DIRECTION('Vector Direction',(-0.500000000528,0.,-0.866025403479)) ;
#342=DIRECTION('Vector Direction',(1.,0.,0.)) ;
#349=DIRECTION('Vector Direction',(0.500000000528,0.,0.866025403479)) ;
#356=DIRECTION('Vector Direction',(-1.,0.,0.)) ;
#367=DIRECTION('Vector Direction',(-1.,0.,0.)) ;
#376=DIRECTION('Vector Direction',(0.500000000528,0.,-0.866025403479)) ;
#383=DIRECTION('Vector Direction',(1.,0.,0.)) ;
#390=DIRECTION('Vector Direction',(-0.500000000528,0.,0.866025403479)) ;
#401=DIRECTION('Vector Direction',(1.,0.,0.)) ;
#410=DIRECTION('Vector Direction',(-0.500000000528,0.,0.866025403479)) ;
#417=DIRECTION('Vector Direction',(-1.,0.,0.)) ;
#424=DIRECTION('Vector Direction',(0.500000000528,0.,-0.866025403479)) ;
#435=DIRECTION('Vector Direction',(0.500000000528,0.,0.866025403479)) ;
#444=DIRECTION('Vector Direction',(-1.,0.,0.)) ;
#451=DIRECTION('Vector Direction',(-0.500000000528,0.,-0.866025403479)) ;
#458=DIRECTION('Vector Direction',(1.,0.,0.)) ;
#469=DIRECTION('Vector Direction',(-0.500000000528,0.,-0.866025403479)) ;
#478=DIRECTION('Vector Direction',(1.,0.,0.)) ;
#485=DIRECTION('Vector Direction',(0.499999998109,0.,0.866025404876)) ;
#492=DIRECTION('Vector Direction',(-1.,0.,0.)) ;
#503=DIRECTION('Vector Direction',(-1.,0.,0.)) ;
#512=DIRECTION('Vector Direction',(0.499999998109,0.,-0.866025404876)) ;
#519=DIRECTION('Vector Direction',(1.,0.,0.)) ;
#526=DIRECTION('Vector Direction',(-0.500000000528,0.,0.866025403479)) ;
#537=DIRECTION('Vector Direction',(1.,0.,0.)) ;
#546=DIRECTION('Vector Direction',(-0.499999998109,0.,0.866025404876)) ;
#553=DIRECTION('Vector Direction',(-1.,0.,0.)) ;
#560=DIRECTION('Vector Direction',(0.500000000528,0.,-0.866025403479)) ;
#571=DIRECTION('Vector Direction',(0.500000000528,0.,0.866025403479)) ;
#580=DIRECTION('Vector Direction',(-1.,0.,0.)) ;
#587=DIRECTION('Vector Direction',(-0.499999998109,0.,-0.866025404876)) ;
#594=DIRECTION('Vector Direction',(1.,0.,0.)) ;
#605=DIRECTION('Vector Direction',(0.,0.,1.)) ;
#614=DIRECTION('Vector Direction',(1.,0.,0.)) ;
#621=DIRECTION('Vector Direction',(0.,0.,1.)) ;
#628=DIRECTION('Vector Direction',(1.,0.,0.)) ;
#639=DIRECTION('Vector Direction',(0.,0.,1.)) ;
#648=DIRECTION('Vector Direction',(1.,0.,0.)) ;
#655=DIRECTION('Vector Direction',(0.,0.,1.)) ;
#662=DIRECTION('Vector Direction',(1.,0.,0.)) ;
#673=DIRECTION('Vector Direction',(0.,0.,1.)) ;
#682=DIRECTION('Vector Direction',(1.,0.,0.)) ;
#689=DIRECTION('Vector Direction',(0.,0.,1.)) ;
#696=DIRECTION('Vector Direction',(1.,0.,0.)) ;
#707=DIRECTION('Vector Direction',(-0.500000000528,0.,-0.866025403479)) ;
#716=DIRECTION('Vector Direction',(1.,0.,0.)) ;
#723=DIRECTION('Vector Direction',(0.499999998109,0.,0.866025404876)) ;
#730=DIRECTION('Vector Direction',(-1.,0.,0.)) ;
#750=DIRECTION('Axis2P3D Direction',(0.,0.,-1.)) ;
#751=DIRECTION('Axis2P3D XDirection',(1.,0.,0.)) ;
#755=DIRECTION('Vector Direction',(1.,0.,0.)) ;
#764=DIRECTION('Vector Direction',(0.,-1.,0.)) ;
#769=DIRECTION('Vector Direction',(0.,-1.,0.)) ;
#782=DIRECTION('Axis2P3D Direction',(-0.894427191,0.,-0.4472135955)) ;
#783=DIRECTION('Axis2P3D XDirection',(0.4472135955,0.,-0.894427191)) ;
#787=DIRECTION('Vector Direction',(0.4472135955,0.,-0.894427191)) ;
#794=DIRECTION('Vector Direction',(0.,-1.,0.)) ;
#807=DIRECTION('Axis2P3D Direction',(-1.,0.,0.)) ;
#808=DIRECTION('Axis2P3D XDirection',(0.,0.,-1.)) ;
#812=DIRECTION('Vector Direction',(0.,0.,-1.)) ;
#819=DIRECTION('Vector Direction',(0.,-1.,0.)) ;
#832=DIRECTION('Axis2P3D Direction',(-0.894427191,0.,0.4472135955)) ;
#833=DIRECTION('Axis2P3D XDirection',(-0.4472135955,0.,-0.894427191)) ;
#837=DIRECTION('Vector Direction',(-0.4472135955,0.,-0.894427191)) ;
#844=DIRECTION('Vector Direction',(0.,-1.,0.)) ;
#857=DIRECTION('Axis2P3D Direction',(0.,0.,1.)) ;
#858=DIRECTION('Axis2P3D XDirection',(-1.,0.,0.)) ;
#862=DIRECTION('Vector Direction',(-1.,0.,0.)) ;
#869=DIRECTION('Vector Direction',(0.,-1.,0.)) ;
#882=DIRECTION('Axis2P3D Direction',(-0.894427191,0.,-0.4472135955)) ;
#883=DIRECTION('Axis2P3D XDirection',(-0.4472135955,0.,0.894427191)) ;
#887=DIRECTION('Vector Direction',(-0.4472135955,0.,0.894427191)) ;
#894=DIRECTION('Vector Direction',(0.,-1.,0.)) ;
#907=DIRECTION('Axis2P3D Direction',(0.,0.,-1.)) ;
#908=DIRECTION('Axis2P3D XDirection',(-1.,0.,0.)) ;
#912=DIRECTION('Vector Direction',(-1.,0.,0.)) ;
#919=DIRECTION('Vector Direction',(0.,-1.,0.)) ;
#932=DIRECTION('Axis2P3D Direction',(0.894427191,0.,-0.4472135955)) ;
#933=DIRECTION('Axis2P3D XDirection',(-0.4472135955,0.,-0.894427191)) ;
#937=DIRECTION('Vector Direction',(-0.4472135955,0.,-0.894427191)) ;
#944=DIRECTION('Vector Direction',(0.,-1.,0.)) ;
#957=DIRECTION('Axis2P3D Direction',(0.,0.,1.)) ;
#958=DIRECTION('Axis2P3D XDirection',(-1.,0.,0.)) ;
#962=DIRECTION('Vector Direction',(-1.,0.,0.)) ;
#969=DIRECTION('Vector Direction',(0.,-1.,0.)) ;
#982=DIRECTION('Axis2P3D Direction',(-0.894427191,0.,-0.4472135955)) ;
#983=DIRECTION('Axis2P3D XDirection',(-0.4472135955,0.,0.894427191)) ;
#987=DIRECTION('Vector Direction',(-0.4472135955,0.,0.894427191)) ;
#994=DIRECTION('Vector Direction',(0.,-1.,0.)) ;
#1007=DIRECTION('Axis2P3D Direction',(0.,0.,-1.)) ;
#1008=DIRECTION('Axis2P3D XDirection',(-1.,0.,0.)) ;
#1012=DIRECTION('Vector Direction',(-1.,0.,0.)) ;
#1019=DIRECTION('Vector Direction',(0.,-1.,0.)) ;
#1032=DIRECTION('Axis2P3D Direction',(0.894427191,0.,-0.4472135955)) ;
#1033=DIRECTION('Axis2P3D XDirection',(-0.4472135955,0.,-0.894427191)) ;
#1037=DIRECTION('Vector Direction',(-0.4472135955,0.,-0.894427191)) ;
#1044=DIRECTION('Vector Direction',(0.,-1.,0.)) ;
#1057=DIRECTION('Axis2P3D Direction',(0.,0.,1.)) ;
#1058=DIRECTION('Axis2P3D XDirection',(-1.,0.,0.)) ;
#1062=DIRECTION('Vector Direction',(-1.,0.,0.)) ;
#1069=DIRECTION('Vector Direction',(0.,-1.,0.)) ;
#1082=DIRECTION('Axis2P3D Direction',(0.894427191,0.,0.4472135955)) ;
#1083=DIRECTION('Axis2P3D XDirection',(-0.4472135955,0.,0.894427191)) ;
#1087=DIRECTION('Vector Direction',(-0.4472135955,0.,0.894427191)) ;
#1094=DIRECTION('Vector Direction',(0.,-1.,0.)) ;
#1107=DIRECTION('Axis2P3D Direction',(1.,0.,-0.)) ;
#1108=DIRECTION('Axis2P3D XDirection',(0.,0.,1.)) ;
#1112=DIRECTION('Vector Direction',(0.,0.,1.)) ;
#1119=DIRECTION('Vector Direction',(0.,-1.,0.)) ;
#1132=DIRECTION('Axis2P3D Direction',(0.894427191,0.,-0.4472135955)) ;
#1133=DIRECTION('Axis2P3D XDirection',(0.4472135955,0.,0.894427191)) ;
#1137=DIRECTION('Vector Direction',(0.4472135955,0.,0.894427191)) ;
#1144=DIRECTION('Vector Direction',(0.,-1.,0.)) ;
#1157=DIRECTION('Axis2P3D Direction',(0.,0.,-1.)) ;
#1158=DIRECTION('Axis2P3D XDirection',(1.,0.,0.)) ;
#1162=DIRECTION('Vector Direction',(1.,0.,0.)) ;
#1169=DIRECTION('Vector Direction',(0.,-1.,0.)) ;
#1182=DIRECTION('Axis2P3D Direction',(0.894427191,0.,0.4472135955)) ;
#1183=DIRECTION('Axis2P3D XDirection',(0.4472135955,0.,-0.894427191)) ;
#1187=DIRECTION('Vector Direction',(0.4472135955,0.,-0.894427191)) ;
#1194=DIRECTION('Vector Direction',(0.,-1.,0.)) ;
#1207=DIRECTION('Axis2P3D Direction',(0.,0.,1.)) ;
#1208=DIRECTION('Axis2P3D XDirection',(1.,0.,0.)) ;
#1212=DIRECTION('Vector Direction',(1.,0.,0.)) ;
#1219=DIRECTION('Vector Direction',(0.,-1.,0.)) ;
#1232=DIRECTION('Axis2P3D Direction',(-0.894427191,0.,0.4472135955)) ;
#1233=DIRECTION('Axis2P3D XDirection',(0.4472135955,0.,0.894427191)) ;
#1237=DIRECTION('Vector Direction',(0.4472135955,0.,0.894427191)) ;
#1244=DIRECTION('Vector Direction',(0.,-1.,0.)) ;
#1257=DIRECTION('Axis2P3D Direction',(0.,0.,-1.)) ;
#1258=DIRECTION('Axis2P3D XDirection',(1.,0.,0.)) ;
#1262=DIRECTION('Vector Direction',(1.,0.,0.)) ;
#1269=DIRECTION('Vector Direction',(0.,-1.,0.)) ;
#1282=DIRECTION('Axis2P3D Direction',(0.894427191,0.,0.4472135955)) ;
#1283=DIRECTION('Axis2P3D XDirection',(0.4472135955,0.,-0.894427191)) ;
#1287=DIRECTION('Vector Direction',(0.4472135955,0.,-0.894427191)) ;
#1294=DIRECTION('Vector Direction',(0.,-1.,0.)) ;
#1307=DIRECTION('Axis2P3D Direction',(0.,0.,1.)) ;
#1308=DIRECTION('Axis2P3D XDirection',(1.,0.,0.)) ;
#1312=DIRECTION('Vector Direction',(1.,0.,0.)) ;
#1319=DIRECTION('Vector Direction',(0.,-1.,0.)) ;
#1332=DIRECTION('Axis2P3D Direction',(-0.894427191,0.,0.4472135955)) ;
#1333=DIRECTION('Axis2P3D XDirection',(0.4472135955,0.,0.894427191)) ;
#1337=DIRECTION('Vector Direction',(0.4472135955,0.,0.894427191)) ;
#1350=DIRECTION('Axis2P3D Direction',(0.,0.,-1.)) ;
#1351=DIRECTION('Axis2P3D XDirection',(-1.,0.,0.)) ;
#1355=DIRECTION('Vector Direction',(0.,1.,0.)) ;
#1362=DIRECTION('Vector Direction',(-1.,0.,0.)) ;
#1369=DIRECTION('Vector Direction',(0.,1.,0.)) ;
#1382=DIRECTION('Axis2P3D Direction',(0.866025403784,0.,0.5)) ;
#1383=DIRECTION('Axis2P3D XDirection',(0.5,0.,-0.866025403784)) ;
#1387=DIRECTION('Vector Direction',(0.5,0.,-0.866025403784)) ;
#1394=DIRECTION('Vector Direction',(0.,1.,0.)) ;
#1407=DIRECTION('Axis2P3D Direction',(0.,0.,1.)) ;
#1408=DIRECTION('Axis2P3D XDirection',(1.,0.,0.)) ;
#1412=DIRECTION('Vector Direction',(1.,0.,0.)) ;
#1419=DIRECTION('Vector Direction',(0.,1.,0.)) ;
#1432=DIRECTION('Axis2P3D Direction',(-0.866025403784,0.,-0.5)) ;
#1433=DIRECTION('Axis2P3D XDirection',(-0.5,0.,0.866025403784)) ;
#1437=DIRECTION('Vector Direction',(-0.5,0.,0.866025403784)) ;
#1450=DIRECTION('Axis2P3D Direction',(0.,0.,1.)) ;
#1451=DIRECTION('Axis2P3D XDirection',(1.,0.,0.)) ;
#1455=DIRECTION('Vector Direction',(0.,1.,0.)) ;
#1462=DIRECTION('Vector Direction',(1.,0.,0.)) ;
#1469=DIRECTION('Vector Direction',(0.,1.,0.)) ;
#1482=DIRECTION('Axis2P3D Direction',(-0.866025403784,0.,-0.5)) ;
#1483=DIRECTION('Axis2P3D XDirection',(-0.5,0.,0.866025403784)) ;
#1487=DIRECTION('Vector Direction',(-0.5,0.,0.866025403784)) ;
#1494=DIRECTION('Vector Direction',(0.,1.,0.)) ;
#1507=DIRECTION('Axis2P3D Direction',(0.,0.,-1.)) ;
#1508=DIRECTION('Axis2P3D XDirection',(-1.,0.,0.)) ;
#1512=DIRECTION('Vector Direction',(-1.,0.,0.)) ;
#1519=DIRECTION('Vector Direction',(0.,1.,0.)) ;
#1532=DIRECTION('Axis2P3D Direction',(0.866025403784,0.,0.5)) ;
#1533=DIRECTION('Axis2P3D XDirection',(0.5,0.,-0.866025403784)) ;
#1537=DIRECTION('Vector Direction',(0.5,0.,-0.866025403784)) ;
#1550=DIRECTION('Axis2P3D Direction',(-0.866025403784,0.,0.5)) ;
#1551=DIRECTION('Axis2P3D XDirection',(0.5,0.,0.866025403784)) ;
#1555=DIRECTION('Vector Direction',(0.,1.,0.)) ;
#1562=DIRECTION('Vector Direction',(0.5,0.,0.866025403784)) ;
#1569=DIRECTION('Vector Direction',(0.,1.,0.)) ;
#1582=DIRECTION('Axis2P3D Direction',(0.,0.,-1.)) ;
#1583=DIRECTION('Axis2P3D XDirection',(-1.,0.,0.)) ;
#1587=DIRECTION('Vector Direction',(-1.,0.,0.)) ;
#1594=DIRECTION('Vector Direction',(0.,1.,0.)) ;
#1607=DIRECTION('Axis2P3D Direction',(0.866025403784,0.,-0.5)) ;
#1608=DIRECTION('Axis2P3D XDirection',(-0.5,0.,-0.866025403784)) ;
#1612=DIRECTION('Vector Direction',(-0.5,0.,-0.866025403784)) ;
#1619=DIRECTION('Vector Direction',(0.,1.,0.)) ;
#1632=DIRECTION('Axis2P3D Direction',(0.,0.,1.)) ;
#1633=DIRECTION('Axis2P3D XDirection',(1.,0.,0.)) ;
#1637=DIRECTION('Vector Direction',(1.,0.,0.)) ;
#1650=DIRECTION('Axis2P3D Direction',(0.866025403784,0.,-0.5)) ;
#1651=DIRECTION('Axis2P3D XDirection',(-0.5,0.,-0.866025403784)) ;
#1655=DIRECTION('Vector Direction',(0.,1.,0.)) ;
#1662=DIRECTION('Vector Direction',(-0.5,0.,-0.866025403784)) ;
#1669=DIRECTION('Vector Direction',(0.,1.,0.)) ;
#1682=DIRECTION('Axis2P3D Direction',(0.,0.,1.)) ;
#1683=DIRECTION('Axis2P3D XDirection',(1.,0.,0.)) ;
#1687=DIRECTION('Vector Direction',(1.,0.,0.)) ;
#1694=DIRECTION('Vector Direction',(0.,1.,0.)) ;
#1707=DIRECTION('Axis2P3D Direction',(-0.866025403784,0.,0.5)) ;
#1708=DIRECTION('Axis2P3D XDirection',(0.5,0.,0.866025403784)) ;
#1712=DIRECTION('Vector Direction',(0.5,0.,0.866025403784)) ;
#1719=DIRECTION('Vector Direction',(0.,1.,0.)) ;
#1732=DIRECTION('Axis2P3D Direction',(0.,0.,-1.)) ;
#1733=DIRECTION('Axis2P3D XDirection',(-1.,0.,0.)) ;
#1737=DIRECTION('Vector Direction',(-1.,0.,0.)) ;
#1750=DIRECTION('Axis2P3D Direction',(0.,0.,-1.)) ;
#1751=DIRECTION('Axis2P3D XDirection',(-1.,0.,0.)) ;
#1755=DIRECTION('Vector Direction',(0.,1.,0.)) ;
#1762=DIRECTION('Vector Direction',(-1.,0.,0.)) ;
#1769=DIRECTION('Vector Direction',(0.,1.,0.)) ;
#1782=DIRECTION('Axis2P3D Direction',(0.866025403784,0.,0.5)) ;
#1783=DIRECTION('Axis2P3D XDirection',(0.5,0.,-0.866025403784)) ;
#1787=DIRECTION('Vector Direction',(0.5,0.,-0.866025403784)) ;
#1794=DIRECTION('Vector Direction',(0.,1.,0.)) ;
#1807=DIRECTION('Axis2P3D Direction',(0.,0.,1.)) ;
#1808=DIRECTION('Axis2P3D XDirection',(1.,0.,0.)) ;
#1812=DIRECTION('Vector Direction',(1.,0.,0.)) ;
#1819=DIRECTION('Vector Direction',(0.,1.,0.)) ;
#1832=DIRECTION('Axis2P3D Direction',(-0.866025403784,0.,-0.5)) ;
#1833=DIRECTION('Axis2P3D XDirection',(-0.5,0.,0.866025403784)) ;
#1837=DIRECTION('Vector Direction',(-0.5,0.,0.866025403784)) ;
#1850=DIRECTION('Axis2P3D Direction',(0.,0.,1.)) ;
#1851=DIRECTION('Axis2P3D XDirection',(1.,0.,0.)) ;
#1855=DIRECTION('Vector Direction',(0.,1.,0.)) ;
#1862=DIRECTION('Vector Direction',(1.,0.,0.)) ;
#1869=DIRECTION('Vector Direction',(0.,1.,0.)) ;
#1882=DIRECTION('Axis2P3D Direction',(-0.866025403784,0.,-0.5)) ;
#1883=DIRECTION('Axis2P3D XDirection',(-0.5,0.,0.866025403784)) ;
#1887=DIRECTION('Vector Direction',(-0.5,0.,0.866025403784)) ;
#1894=DIRECTION('Vector Direction',(0.,1.,0.)) ;
#1907=DIRECTION('Axis2P3D Direction',(0.,0.,-1.)) ;
#1908=DIRECTION('Axis2P3D XDirection',(-1.,0.,0.)) ;
#1912=DIRECTION('Vector Direction',(-1.,0.,0.)) ;
#1919=DIRECTION('Vector Direction',(0.,1.,0.)) ;
#1932=DIRECTION('Axis2P3D Direction',(0.866025403784,0.,0.5)) ;
#1933=DIRECTION('Axis2P3D XDirection',(0.5,0.,-0.866025403784)) ;
#1937=DIRECTION('Vector Direction',(0.5,0.,-0.866025403784)) ;
#1950=DIRECTION('Axis2P3D Direction',(-0.866025403784,0.,0.5)) ;
#1951=DIRECTION('Axis2P3D XDirection',(0.5,0.,0.866025403784)) ;
#1955=DIRECTION('Vector Direction',(0.,1.,0.)) ;
#1962=DIRECTION('Vector Direction',(0.5,0.,0.866025403784)) ;
#1969=DIRECTION('Vector Direction',(0.,1.,0.)) ;
#1982=DIRECTION('Axis2P3D Direction',(0.,0.,-1.)) ;
#1983=DIRECTION('Axis2P3D XDirection',(-1.,0.,0.)) ;
#1987=DIRECTION('Vector Direction',(-1.,0.,0.)) ;
#1994=DIRECTION('Vector Direction',(0.,1.,0.)) ;
#2007=DIRECTION('Axis2P3D Direction',(0.866025403784,0.,-0.5)) ;
#2008=DIRECTION('Axis2P3D XDirection',(-0.5,0.,-0.866025403784)) ;
#2012=DIRECTION('Vector Direction',(-0.5,0.,-0.866025403784)) ;
#2019=DIRECTION('Vector Direction',(0.,1.,0.)) ;
#2032=DIRECTION('Axis2P3D Direction',(0.,0.,1.)) ;
#2033=DIRECTION('Axis2P3D XDirection',(1.,0.,0.)) ;
#2037=DIRECTION('Vector Direction',(1.,0.,0.)) ;
#2050=DIRECTION('Axis2P3D Direction',(0.866025403784,0.,-0.5)) ;
#2051=DIRECTION('Axis2P3D XDirection',(-0.5,0.,-0.866025403784)) ;
#2055=DIRECTION('Vector Direction',(0.,1.,0.)) ;
#2062=DIRECTION('Vector Direction',(-0.5,0.,-0.866025403784)) ;
#2069=DIRECTION('Vector Direction',(0.,1.,0.)) ;
#2082=DIRECTION('Axis2P3D Direction',(0.,0.,1.)) ;
#2083=DIRECTION('Axis2P3D XDirection',(1.,0.,0.)) ;
#2087=DIRECTION('Vector Direction',(1.,0.,0.)) ;
#2094=DIRECTION('Vector Direction',(0.,1.,0.)) ;
#2107=DIRECTION('Axis2P3D Direction',(-0.866025403784,0.,0.5)) ;
#2108=DIRECTION('Axis2P3D XDirection',(0.5,0.,0.866025403784)) ;
#2112=DIRECTION('Vector Direction',(0.5,0.,0.866025403784)) ;
#2119=DIRECTION('Vector Direction',(0.,1.,0.)) ;
#2132=DIRECTION('Axis2P3D Direction',(0.,0.,-1.)) ;
#2133=DIRECTION('Axis2P3D XDirection',(-1.,0.,0.)) ;
#2137=DIRECTION('Vector Direction',(-1.,0.,0.)) ;
#2150=DIRECTION('Axis2P3D Direction',(0.,0.,-1.)) ;
#2151=DIRECTION('Axis2P3D XDirection',(-1.,0.,0.)) ;
#2155=DIRECTION('Vector Direction',(0.,1.,0.)) ;
#2162=DIRECTION('Vector Direction',(-1.,0.,0.)) ;
#2169=DIRECTION('Vector Direction',(0.,1.,0.)) ;
#2182=DIRECTION('Axis2P3D Direction',(0.866025403784,0.,0.5)) ;
#2183=DIRECTION('Axis2P3D XDirection',(0.5,0.,-0.866025403784)) ;
#2187=DIRECTION('Vector Direction',(0.5,0.,-0.866025403784)) ;
#2194=DIRECTION('Vector Direction',(0.,1.,0.)) ;
#2207=DIRECTION('Axis2P3D Direction',(0.,0.,1.)) ;
#2208=DIRECTION('Axis2P3D XDirection',(1.,0.,0.)) ;
#2212=DIRECTION('Vector Direction',(1.,0.,0.)) ;
#2219=DIRECTION('Vector Direction',(0.,1.,0.)) ;
#2232=DIRECTION('Axis2P3D Direction',(-0.866025403784,0.,-0.5)) ;
#2233=DIRECTION('Axis2P3D XDirection',(-0.5,0.,0.866025403784)) ;
#2237=DIRECTION('Vector Direction',(-0.5,0.,0.866025403784)) ;
#2250=DIRECTION('Axis2P3D Direction',(0.,0.,1.)) ;
#2251=DIRECTION('Axis2P3D XDirection',(1.,0.,0.)) ;
#2255=DIRECTION('Vector Direction',(0.,1.,0.)) ;
#2262=DIRECTION('Vector Direction',(1.,0.,0.)) ;
#2269=DIRECTION('Vector Direction',(0.,1.,0.)) ;
#2282=DIRECTION('Axis2P3D Direction',(-0.866025403784,0.,-0.5)) ;
#2283=DIRECTION('Axis2P3D XDirection',(-0.5,0.,0.866025403784)) ;
#2287=DIRECTION('Vector Direction',(-0.5,0.,0.866025403784)) ;
#2294=DIRECTION('Vector Direction',(0.,1.,0.)) ;
#2307=DIRECTION('Axis2P3D Direction',(0.,0.,-1.)) ;
#2308=DIRECTION('Axis2P3D XDirection',(-1.,0.,0.)) ;
#2312=DIRECTION('Vector Direction',(-1.,0.,0.)) ;
#2319=DIRECTION('Vector Direction',(0.,1.,0.)) ;
#2332=DIRECTION('Axis2P3D Direction',(0.866025403784,0.,0.5)) ;
#2333=DIRECTION('Axis2P3D XDirection',(0.5,0.,-0.866025403784)) ;
#2337=DIRECTION('Vector Direction',(0.5,0.,-0.866025403784)) ;
#2350=DIRECTION('Axis2P3D Direction',(-0.866025403784,0.,0.5)) ;
#2351=DIRECTION('Axis2P3D XDirection',(0.5,0.,0.866025403784)) ;
#2355=DIRECTION('Vector Direction',(0.,1.,0.)) ;
#2362=DIRECTION('Vector Direction',(0.5,0.,0.866025403784)) ;
#2369=DIRECTION('Vector Direction',(0.,1.,0.)) ;
#2382=DIRECTION('Axis2P3D Direction',(0.,0.,-1.)) ;
#2383=DIRECTION('Axis2P3D XDirection',(-1.,0.,0.)) ;
#2387=DIRECTION('Vector Direction',(-1.,0.,0.)) ;
#2394=DIRECTION('Vector Direction',(0.,1.,0.)) ;
#2407=DIRECTION('Axis2P3D Direction',(0.866025403784,0.,-0.5)) ;
#2408=DIRECTION('Axis2P3D XDirection',(-0.5,0.,-0.866025403784)) ;
#2412=DIRECTION('Vector Direction',(-0.5,0.,-0.866025403784)) ;
#2419=DIRECTION('Vector Direction',(0.,1.,0.)) ;
#2432=DIRECTION('Axis2P3D Direction',(0.,0.,1.)) ;
#2433=DIRECTION('Axis2P3D XDirection',(1.,0.,0.)) ;
#2437=DIRECTION('Vector Direction',(1.,0.,0.)) ;
#2450=DIRECTION('Axis2P3D Direction',(1.,0.,0.)) ;
#2451=DIRECTION('Axis2P3D XDirection',(0.,1.,0.)) ;
#2455=DIRECTION('Vector Direction',(0.,1.,0.)) ;
#2462=DIRECTION('Vector Direction',(0.,1.,0.)) ;
#2469=DIRECTION('Vector Direction',(0.,0.,-1.)) ;
#2489=DIRECTION('Axis2P3D Direction',(0.,0.,1.)) ;
#2490=DIRECTION('Axis2P3D XDirection',(1.,0.,0.)) ;
#2494=DIRECTION('Vector Direction',(0.,-1.,0.)) ;
#2501=DIRECTION('Vector Direction',(-1.,0.,0.)) ;
#2514=DIRECTION('Axis2P3D Direction',(-1.,0.,0.)) ;
#2515=DIRECTION('Axis2P3D XDirection',(0.,-1.,0.)) ;
#2519=DIRECTION('Vector Direction',(0.,-1.,0.)) ;
#2526=DIRECTION('Vector Direction',(0.,0.,-1.)) ;
#2539=DIRECTION('Axis2P3D Direction',(0.,0.,1.)) ;
#2540=DIRECTION('Axis2P3D XDirection',(1.,0.,0.)) ;
#2544=DIRECTION('Vector Direction',(1.,0.,0.)) ;
#2557=DIRECTION('Axis2P3D Direction',(1.,0.,0.)) ;
#2558=DIRECTION('Axis2P3D XDirection',(0.,1.,0.)) ;
#2562=DIRECTION('Vector Direction',(0.,1.,0.)) ;
#2569=DIRECTION('Vector Direction',(0.,1.,0.)) ;
#2576=DIRECTION('Vector Direction',(0.,0.,-1.)) ;
#2589=DIRECTION('Axis2P3D Direction',(0.,0.,1.)) ;
#2590=DIRECTION('Axis2P3D XDirection',(1.,0.,0.)) ;
#2594=DIRECTION('Vector Direction',(0.,-1.,0.)) ;
#2601=DIRECTION('Vector Direction',(-1.,0.,0.)) ;
#2614=DIRECTION('Axis2P3D Direction',(-1.,0.,0.)) ;
#2615=DIRECTION('Axis2P3D XDirection',(0.,-1.,0.)) ;
#2619=DIRECTION('Vector Direction',(0.,-1.,0.)) ;
#2626=DIRECTION('Vector Direction',(0.,0.,-1.)) ;
#2639=DIRECTION('Axis2P3D Direction',(0.,0.,1.)) ;
#2640=DIRECTION('Axis2P3D XDirection',(1.,0.,0.)) ;
#2644=DIRECTION('Vector Direction',(1.,0.,0.)) ;
#2657=DIRECTION('Axis2P3D Direction',(1.,0.,0.)) ;
#2658=DIRECTION('Axis2P3D XDirection',(0.,1.,0.)) ;
#2662=DIRECTION('Vector Direction',(0.,1.,0.)) ;
#2669=DIRECTION('Vector Direction',(0.,1.,0.)) ;
#2676=DIRECTION('Vector Direction',(0.,0.,-1.)) ;
#2689=DIRECTION('Axis2P3D Direction',(0.,0.,1.)) ;
#2690=DIRECTION('Axis2P3D XDirection',(1.,0.,0.)) ;
#2694=DIRECTION('Vector Direction',(0.,-1.,0.)) ;
#2701=DIRECTION('Vector Direction',(-1.,0.,0.)) ;
#2714=DIRECTION('Axis2P3D Direction',(-1.,0.,0.)) ;
#2715=DIRECTION('Axis2P3D XDirection',(0.,-1.,0.)) ;
#2719=DIRECTION('Vector Direction',(0.,-1.,0.)) ;
#2726=DIRECTION('Vector Direction',(0.,0.,-1.)) ;
#2739=DIRECTION('Axis2P3D Direction',(0.,0.,1.)) ;
#2740=DIRECTION('Axis2P3D XDirection',(1.,0.,0.)) ;
#2744=DIRECTION('Vector Direction',(1.,0.,0.)) ;
#2757=DIRECTION('Axis2P3D Direction',(0.866025403784,0.,-0.5)) ;
#2758=DIRECTION('Axis2P3D XDirection',(-0.5,0.,-0.866025403784)) ;
#2762=DIRECTION('Vector Direction',(0.,1.,0.)) ;
#2769=DIRECTION('Vector Direction',(-0.5,0.,-0.866025403784)) ;
#2776=DIRECTION('Vector Direction',(0.,1.,0.)) ;
#2789=DIRECTION('Axis2P3D Direction',(0.,0.,1.)) ;
#2790=DIRECTION('Axis2P3D XDirection',(1.,0.,0.)) ;
#2794=DIRECTION('Vector Direction',(1.,0.,0.)) ;
#2801=DIRECTION('Vector Direction',(0.,1.,0.)) ;
#2814=DIRECTION('Axis2P3D Direction',(-0.866025403784,0.,0.5)) ;
#2815=DIRECTION('Axis2P3D XDirection',(0.5,0.,0.866025403784)) ;
#2819=DIRECTION('Vector Direction',(0.5,0.,0.866025403784)) ;
#2826=DIRECTION('Vector Direction',(0.,1.,0.)) ;
#2839=DIRECTION('Axis2P3D Direction',(0.,0.,-1.)) ;
#2840=DIRECTION('Axis2P3D XDirection',(-1.,0.,0.)) ;
#2844=DIRECTION('Vector Direction',(-1.,0.,0.)) ;
#2857=DIRECTION('Axis2P3D Direction',(0.,-1.,0.)) ;
#2858=DIRECTION('Axis2P3D XDirection',(1.,0.,0.)) ;
#2888=DIRECTION('Vector Direction',(0.,0.,1.)) ;
#2897=DIRECTION('Vector Direction',(1.,0.,0.)) ;
#2904=DIRECTION('Vector Direction',(0.,0.,1.)) ;
#2911=DIRECTION('Vector Direction',(1.,0.,0.)) ;
#2922=DIRECTION('Vector Direction',(0.,0.,1.)) ;
#2931=DIRECTION('Vector Direction',(1.,0.,0.)) ;
#2938=DIRECTION('Vector Direction',(0.,0.,1.)) ;
#2945=DIRECTION('Vector Direction',(1.,0.,0.)) ;
#2956=DIRECTION('Vector Direction',(0.,0.,1.)) ;
#2965=DIRECTION('Vector Direction',(1.,0.,0.)) ;
#2972=DIRECTION('Vector Direction',(0.,0.,1.)) ;
#2979=DIRECTION('Vector Direction',(1.,0.,0.)) ;
#2992=DIRECTION('Axis2P3D Direction',(-0.,1.,0.)) ;
#2993=DIRECTION('Axis2P3D XDirection',(1.,0.,0.)) ;
#3005=DIRECTION('Axis2P3D Direction',(-0.,1.,0.)) ;
#3006=DIRECTION('Axis2P3D XDirection',(1.,0.,0.)) ;
#3018=DIRECTION('Axis2P3D Direction',(-0.,1.,0.)) ;
#3019=DIRECTION('Axis2P3D XDirection',(1.,0.,0.)) ;
#3031=DIRECTION('Axis2P3D Direction',(-0.,1.,0.)) ;
#3032=DIRECTION('Axis2P3D XDirection',(1.,0.,0.)) ;
#3044=DIRECTION('Axis2P3D Direction',(-0.,1.,0.)) ;
#3045=DIRECTION('Axis2P3D XDirection',(1.,0.,0.)) ;
#3057=DIRECTION('Axis2P3D Direction',(-0.,1.,0.)) ;
#3058=DIRECTION('Axis2P3D XDirection',(1.,0.,0.)) ;
#3070=DIRECTION('Axis2P3D Direction',(-0.,1.,0.)) ;
#3071=DIRECTION('Axis2P3D XDirection',(1.,0.,0.)) ;
#3083=DIRECTION('Axis2P3D Direction',(-0.,1.,0.)) ;
#3084=DIRECTION('Axis2P3D XDirection',(1.,0.,0.)) ;
#3096=DIRECTION('Axis2P3D Direction',(-0.,1.,0.)) ;
#3097=DIRECTION('Axis2P3D XDirection',(1.,0.,0.)) ;
#3109=DIRECTION('Axis2P3D Direction',(-0.,1.,0.)) ;
#3110=DIRECTION('Axis2P3D XDirection',(1.,0.,0.)) ;
#3122=DIRECTION('Axis2P3D Direction',(-0.,1.,0.)) ;
#3123=DIRECTION('Axis2P3D XDirection',(1.,0.,0.)) ;
#3135=DIRECTION('Axis2P3D Direction',(0.955779008722,0.294085848838,0.)) ;
#3136=DIRECTION('Axis2P3D XDirection',(0.294085848838,-0.955779008722,0.)) ;
#3140=DIRECTION('Vector Direction',(0.282138246438,-0.916949300922,-0.282138245254)) ;
#3147=DIRECTION('Vector Direction',(0.,0.,-1.)) ;
#3154=DIRECTION('Vector Direction',(0.282138246438,-0.916949300922,0.282138245254)) ;
#3167=DIRECTION('Axis2P3D Direction',(0.,0.294085848838,0.955779008722)) ;
#3168=DIRECTION('Axis2P3D XDirection',(0.,0.955779008722,-0.294085848838)) ;
#3172=DIRECTION('Vector Direction',(-0.282138245254,-0.916949300922,0.282138246438)) ;
#3179=DIRECTION('Vector Direction',(-1.,0.,0.)) ;
#3192=DIRECTION('Axis2P3D Direction',(-0.955779008722,0.294085848838,0.)) ;
#3193=DIRECTION('Axis2P3D XDirection',(0.294085848838,0.955779008722,0.)) ;
#3197=DIRECTION('Vector Direction',(0.,0.,-1.)) ;
#3204=DIRECTION('Vector Direction',(-0.282138246438,-0.916949300922,-0.282138245254)) ;
#3217=DIRECTION('Axis2P3D Direction',(0.,0.294085848838,-0.955779008722)) ;
#3218=DIRECTION('Axis2P3D XDirection',(0.,0.955779008722,0.294085848838)) ;
#3222=DIRECTION('Vector Direction',(1.,0.,0.)) ;
#3235=DIRECTION('Axis2P3D Direction',(0.955779008722,0.294085848837,0.)) ;
#3236=DIRECTION('Axis2P3D XDirection',(0.294085848837,-0.955779008722,0.)) ;
#3240=DIRECTION('Vector Direction',(0.282138246438,-0.916949300922,-0.282138245254)) ;
#3247=DIRECTION('Vector Direction',(0.,0.,-1.)) ;
#3254=DIRECTION('Vector Direction',(0.282138246438,-0.916949300922,0.282138245254)) ;
#3267=DIRECTION('Axis2P3D Direction',(0.,0.294085848838,0.955779008722)) ;
#3268=DIRECTION('Axis2P3D XDirection',(0.,0.955779008722,-0.294085848838)) ;
#3272=DIRECTION('Vector Direction',(0.282138245254,0.916949300922,-0.282138246438)) ;
#3279=DIRECTION('Vector Direction',(-1.,0.,0.)) ;
#3292=DIRECTION('Axis2P3D Direction',(-0.955779008722,0.294085848838,0.)) ;
#3293=DIRECTION('Axis2P3D XDirection',(0.294085848838,0.955779008722,0.)) ;
#3297=DIRECTION('Vector Direction',(0.,0.,-1.)) ;
#3304=DIRECTION('Vector Direction',(-0.282138246438,-0.916949300922,-0.282138245254)) ;
#3317=DIRECTION('Axis2P3D Direction',(0.,0.294085848838,-0.955779008722)) ;
#3318=DIRECTION('Axis2P3D XDirection',(0.,0.955779008722,0.294085848838)) ;
#3322=DIRECTION('Vector Direction',(1.,0.,0.)) ;
#3335=DIRECTION('Axis2P3D Direction',(0.955779008722,0.294085848838,0.)) ;
#3336=DIRECTION('Axis2P3D XDirection',(0.294085848838,-0.955779008722,0.)) ;
#3340=DIRECTION('Vector Direction',(0.282138246438,-0.916949300922,-0.282138245254)) ;
#3347=DIRECTION('Vector Direction',(0.,0.,-1.)) ;
#3354=DIRECTION('Vector Direction',(0.282138246438,-0.916949300922,0.282138245254)) ;
#3367=DIRECTION('Axis2P3D Direction',(0.,0.294085848838,0.955779008722)) ;
#3368=DIRECTION('Axis2P3D XDirection',(0.,0.955779008722,-0.294085848838)) ;
#3372=DIRECTION('Vector Direction',(0.282138245254,0.916949300922,-0.282138246438)) ;
#3379=DIRECTION('Vector Direction',(-1.,0.,0.)) ;
#3392=DIRECTION('Axis2P3D Direction',(-0.955779008722,0.294085848838,0.)) ;
#3393=DIRECTION('Axis2P3D XDirection',(0.294085848838,0.955779008722,0.)) ;
#3397=DIRECTION('Vector Direction',(0.,0.,-1.)) ;
#3404=DIRECTION('Vector Direction',(-0.282138246438,-0.916949300922,-0.282138245254)) ;
#3417=DIRECTION('Axis2P3D Direction',(0.,0.294085848838,-0.955779008722)) ;
#3418=DIRECTION('Axis2P3D XDirection',(0.,0.955779008722,0.294085848838)) ;
#3422=DIRECTION('Vector Direction',(1.,0.,0.)) ;
#3435=DIRECTION('Axis2P3D Direction',(-0.,1.,0.)) ;
#3436=DIRECTION('Axis2P3D XDirection',(1.,0.,0.)) ;
#3448=DIRECTION('Axis2P3D Direction',(-1.,0.,0.)) ;
#3449=DIRECTION('Axis2P3D XDirection',(0.,-1.,0.)) ;
#3453=DIRECTION('Vector Direction',(0.,-1.,0.)) ;
#3460=DIRECTION('Vector Direction',(0.,-1.,0.)) ;
#3467=DIRECTION('Vector Direction',(0.,0.,-1.)) ;
#3480=DIRECTION('Axis2P3D Direction',(0.,0.,1.)) ;
#3481=DIRECTION('Axis2P3D XDirection',(1.,0.,0.)) ;
#3485=DIRECTION('Vector Direction',(0.,1.,0.)) ;
#3492=DIRECTION('Vector Direction',(1.,0.,0.)) ;
#3505=DIRECTION('Axis2P3D Direction',(1.,0.,0.)) ;
#3506=DIRECTION('Axis2P3D XDirection',(0.,1.,0.)) ;
#3510=DIRECTION('Vector Direction',(0.,1.,0.)) ;
#3517=DIRECTION('Vector Direction',(0.,0.,-1.)) ;
#3530=DIRECTION('Axis2P3D Direction',(0.,0.,1.)) ;
#3531=DIRECTION('Axis2P3D XDirection',(1.,0.,0.)) ;
#3535=DIRECTION('Vector Direction',(-1.,0.,0.)) ;
#3548=DIRECTION('Axis2P3D Direction',(-1.,0.,0.)) ;
#3549=DIRECTION('Axis2P3D XDirection',(0.,-1.,0.)) ;
#3553=DIRECTION('Vector Direction',(0.,-1.,0.)) ;
#3560=DIRECTION('Vector Direction',(0.,-1.,0.)) ;
#3567=DIRECTION('Vector Direction',(0.,0.,-1.)) ;
#3580=DIRECTION('Axis2P3D Direction',(0.,0.,1.)) ;
#3581=DIRECTION('Axis2P3D XDirection',(1.,0.,0.)) ;
#3585=DIRECTION('Vector Direction',(0.,1.,0.)) ;
#3592=DIRECTION('Vector Direction',(1.,0.,0.)) ;
#3605=DIRECTION('Axis2P3D Direction',(1.,0.,0.)) ;
#3606=DIRECTION('Axis2P3D XDirection',(0.,1.,0.)) ;
#3610=DIRECTION('Vector Direction',(0.,1.,0.)) ;
#3617=DIRECTION('Vector Direction',(0.,0.,-1.)) ;
#3630=DIRECTION('Axis2P3D Direction',(0.,0.,1.)) ;
#3631=DIRECTION('Axis2P3D XDirection',(1.,0.,0.)) ;
#3635=DIRECTION('Vector Direction',(-1.,0.,0.)) ;
#3648=DIRECTION('Axis2P3D Direction',(-1.,0.,0.)) ;
#3649=DIRECTION('Axis2P3D XDirection',(0.,-1.,0.)) ;
#3653=DIRECTION('Vector Direction',(0.,-1.,0.)) ;
#3660=DIRECTION('Vector Direction',(0.,-1.,0.)) ;
#3667=DIRECTION('Vector Direction',(0.,0.,-1.)) ;
#3680=DIRECTION('Axis2P3D Direction',(0.,0.,1.)) ;
#3681=DIRECTION('Axis2P3D XDirection',(1.,0.,0.)) ;
#3685=DIRECTION('Vector Direction',(0.,1.,0.)) ;
#3692=DIRECTION('Vector Direction',(1.,0.,0.)) ;
#3705=DIRECTION('Axis2P3D Direction',(1.,0.,0.)) ;
#3706=DIRECTION('Axis2P3D XDirection',(0.,1.,0.)) ;
#3710=DIRECTION('Vector Direction',(0.,1.,0.)) ;
#3717=DIRECTION('Vector Direction',(0.,0.,-1.)) ;
#3730=DIRECTION('Axis2P3D Direction',(0.,0.,1.)) ;
#3731=DIRECTION('Axis2P3D XDirection',(1.,0.,0.)) ;
#3735=DIRECTION('Vector Direction',(-1.,0.,0.)) ;
#3748=DIRECTION('Axis2P3D Direction',(0.,1.,0.)) ;
#3749=DIRECTION('Axis2P3D XDirection',(-1.,0.,0.)) ;
#3761=DIRECTION('Axis2P3D Direction',(0.,1.,0.)) ;
#3762=DIRECTION('Axis2P3D XDirection',(-1.,0.,0.)) ;
#3774=DIRECTION('Axis2P3D Direction',(0.,1.,0.)) ;
#3775=DIRECTION('Axis2P3D XDirection',(-1.,0.,0.)) ;
#3787=DIRECTION('Axis2P3D Direction',(-0.955779008722,-0.294085848837,0.)) ;
#3788=DIRECTION('Axis2P3D XDirection',(-0.294085848837,0.955779008722,0.)) ;
#3792=DIRECTION('Vector Direction',(-0.282138246438,0.916949300922,0.282138245254)) ;
#3799=DIRECTION('Vector Direction',(0.282138246438,-0.916949300922,0.282138245254)) ;
#3806=DIRECTION('Vector Direction',(0.,0.,-1.)) ;
#3819=DIRECTION('Axis2P3D Direction',(0.,-0.294085848837,0.955779008722)) ;
#3820=DIRECTION('Axis2P3D XDirection',(0.,-0.955779008722,-0.294085848837)) ;
#3824=DIRECTION('Vector Direction',(-0.282138245254,-0.916949300922,-0.282138246438)) ;
#3831=DIRECTION('Vector Direction',(1.,0.,0.)) ;
#3844=DIRECTION('Axis2P3D Direction',(0.955779008722,-0.294085848837,0.)) ;
#3845=DIRECTION('Axis2P3D XDirection',(-0.294085848837,-0.955779008722,0.)) ;
#3849=DIRECTION('Vector Direction',(0.,0.,-1.)) ;
#3856=DIRECTION('Vector Direction',(0.282138246438,0.916949300922,-0.282138245254)) ;
#3869=DIRECTION('Axis2P3D Direction',(0.,-0.294085848837,-0.955779008722)) ;
#3870=DIRECTION('Axis2P3D XDirection',(0.,-0.955779008722,0.294085848837)) ;
#3874=DIRECTION('Vector Direction',(-1.,0.,0.)) ;
#3887=DIRECTION('Axis2P3D Direction',(-0.955779008722,-0.294085848838,0.)) ;
#3888=DIRECTION('Axis2P3D XDirection',(-0.294085848838,0.955779008722,0.)) ;
#3892=DIRECTION('Vector Direction',(-0.282138246438,0.916949300922,0.282138245254)) ;
#3899=DIRECTION('Vector Direction',(0.282138246438,-0.916949300922,0.282138245254)) ;
#3906=DIRECTION('Vector Direction',(0.,0.,-1.)) ;
#3919=DIRECTION('Axis2P3D Direction',(0.,-0.294085848837,0.955779008722)) ;
#3920=DIRECTION('Axis2P3D XDirection',(0.,-0.955779008722,-0.294085848837)) ;
#3924=DIRECTION('Vector Direction',(-0.282138245254,-0.916949300922,-0.282138246438)) ;
#3931=DIRECTION('Vector Direction',(1.,0.,0.)) ;
#3944=DIRECTION('Axis2P3D Direction',(0.955779008722,-0.294085848838,0.)) ;
#3945=DIRECTION('Axis2P3D XDirection',(-0.294085848838,-0.955779008722,0.)) ;
#3949=DIRECTION('Vector Direction',(0.,0.,-1.)) ;
#3956=DIRECTION('Vector Direction',(0.282138246438,0.916949300922,-0.282138245254)) ;
#3969=DIRECTION('Axis2P3D Direction',(0.,-0.294085848837,-0.955779008722)) ;
#3970=DIRECTION('Axis2P3D XDirection',(0.,-0.955779008722,0.294085848837)) ;
#3974=DIRECTION('Vector Direction',(-1.,0.,0.)) ;
#3987=DIRECTION('Axis2P3D Direction',(-0.955779008722,-0.294085848838,0.)) ;
#3988=DIRECTION('Axis2P3D XDirection',(-0.294085848838,0.955779008722,0.)) ;
#3992=DIRECTION('Vector Direction',(-0.282138246438,0.916949300922,0.282138245254)) ;
#3999=DIRECTION('Vector Direction',(0.282138246438,-0.916949300922,0.282138245254)) ;
#4006=DIRECTION('Vector Direction',(0.,0.,-1.)) ;
#4019=DIRECTION('Axis2P3D Direction',(0.,-0.294085848837,0.955779008722)) ;
#4020=DIRECTION('Axis2P3D XDirection',(0.,-0.955779008722,-0.294085848837)) ;
#4024=DIRECTION('Vector Direction',(-0.282138245254,-0.916949300922,-0.282138246438)) ;
#4031=DIRECTION('Vector Direction',(1.,0.,0.)) ;
#4044=DIRECTION('Axis2P3D Direction',(0.955779008722,-0.294085848838,0.)) ;
#4045=DIRECTION('Axis2P3D XDirection',(-0.294085848838,-0.955779008722,0.)) ;
#4049=DIRECTION('Vector Direction',(0.,0.,-1.)) ;
#4056=DIRECTION('Vector Direction',(0.282138246438,0.916949300922,-0.282138245254)) ;
#4069=DIRECTION('Axis2P3D Direction',(0.,-0.294085848837,-0.955779008722)) ;
#4070=DIRECTION('Axis2P3D XDirection',(0.,-0.955779008722,0.294085848837)) ;
#4074=DIRECTION('Vector Direction',(-1.,0.,0.)) ;
#4087=DIRECTION('Axis2P3D Direction',(0.,-1.,0.)) ;
#4088=DIRECTION('Axis2P3D XDirection',(1.,0.,0.)) ;
#4100=DIRECTION('Axis2P3D Direction',(0.,-1.,0.)) ;
#4101=DIRECTION('Axis2P3D XDirection',(1.,0.,0.)) ;
#4113=DIRECTION('Axis2P3D Direction',(0.,-1.,0.)) ;
#4114=DIRECTION('Axis2P3D XDirection',(1.,0.,0.)) ;
#8=PRODUCT_RELATED_PRODUCT_CATEGORY('part',$,(#5)) ;
#7=PRODUCT_CATEGORY('part','specification') ;
#29=STYLED_ITEM(' ',(#28),#21) ;
#28=PRESENTATION_STYLE_ASSIGNMENT((#27)) ;
#747=PRESENTATION_STYLE_ASSIGNMENT((#746)) ;
#2486=PRESENTATION_STYLE_ASSIGNMENT((#2485)) ;
#27=SURFACE_STYLE_USAGE(.BOTH.,#26) ;
#746=SURFACE_STYLE_USAGE(.BOTH.,#745) ;
#2485=SURFACE_STYLE_USAGE(.BOTH.,#2484) ;
#26=SURFACE_SIDE_STYLE(' ',(#25)) ;
#745=SURFACE_SIDE_STYLE(' ',(#744)) ;
#2484=SURFACE_SIDE_STYLE(' ',(#2483)) ;
#25=SURFACE_STYLE_FILL_AREA(#24) ;
#744=SURFACE_STYLE_FILL_AREA(#743) ;
#2483=SURFACE_STYLE_FILL_AREA(#2482) ;
#24=FILL_AREA_STYLE(' ',(#23)) ;
#743=FILL_AREA_STYLE(' ',(#742)) ;
#2482=FILL_AREA_STYLE(' ',(#2481)) ;
#23=FILL_AREA_STYLE_COLOUR(' ',#22) ;
#742=FILL_AREA_STYLE_COLOUR(' ',#741) ;
#2481=FILL_AREA_STYLE_COLOUR(' ',#2480) ;
#38=VECTOR('Line Direction',#37,1.) ;
#47=VECTOR('Line Direction',#46,1.) ;
#54=VECTOR('Line Direction',#53,1.) ;
#61=VECTOR('Line Direction',#60,1.) ;
#68=VECTOR('Line Direction',#67,1.) ;
#75=VECTOR('Line Direction',#74,1.) ;
#82=VECTOR('Line Direction',#81,1.) ;
#89=VECTOR('Line Direction',#88,1.) ;
#96=VECTOR('Line Direction',#95,1.) ;
#103=VECTOR('Line Direction',#102,1.) ;
#110=VECTOR('Line Direction',#109,1.) ;
#117=VECTOR('Line Direction',#116,1.) ;
#124=VECTOR('Line Direction',#123,1.) ;
#131=VECTOR('Line Direction',#130,1.) ;
#138=VECTOR('Line Direction',#137,1.) ;
#145=VECTOR('Line Direction',#144,1.) ;
#152=VECTOR('Line Direction',#151,1.) ;
#159=VECTOR('Line Direction',#158,1.) ;
#166=VECTOR('Line Direction',#165,1.) ;
#173=VECTOR('Line Direction',#172,1.) ;
#180=VECTOR('Line Direction',#179,1.) ;
#187=VECTOR('Line Direction',#186,1.) ;
#194=VECTOR('Line Direction',#193,1.) ;
#201=VECTOR('Line Direction',#200,1.) ;
#232=VECTOR('Line Direction',#231,1.) ;
#241=VECTOR('Line Direction',#240,1.) ;
#248=VECTOR('Line Direction',#247,1.) ;
#255=VECTOR('Line Direction',#254,1.) ;
#266=VECTOR('Line Direction',#265,1.) ;
#275=VECTOR('Line Direction',#274,1.) ;
#282=VECTOR('Line Direction',#281,1.) ;
#289=VECTOR('Line Direction',#288,1.) ;
#300=VECTOR('Line Direction',#299,1.) ;
#309=VECTOR('Line Direction',#308,1.) ;
#316=VECTOR('Line Direction',#315,1.) ;
#323=VECTOR('Line Direction',#322,1.) ;
#334=VECTOR('Line Direction',#333,1.) ;
#343=VECTOR('Line Direction',#342,1.) ;
#350=VECTOR('Line Direction',#349,1.) ;
#357=VECTOR('Line Direction',#356,1.) ;
#368=VECTOR('Line Direction',#367,1.) ;
#377=VECTOR('Line Direction',#376,1.) ;
#384=VECTOR('Line Direction',#383,1.) ;
#391=VECTOR('Line Direction',#390,1.) ;
#402=VECTOR('Line Direction',#401,1.) ;
#411=VECTOR('Line Direction',#410,1.) ;
#418=VECTOR('Line Direction',#417,1.) ;
#425=VECTOR('Line Direction',#424,1.) ;
#436=VECTOR('Line Direction',#435,1.) ;
#445=VECTOR('Line Direction',#444,1.) ;
#452=VECTOR('Line Direction',#451,1.) ;
#459=VECTOR('Line Direction',#458,1.) ;
#470=VECTOR('Line Direction',#469,1.) ;
#479=VECTOR('Line Direction',#478,1.) ;
#486=VECTOR('Line Direction',#485,1.) ;
#493=VECTOR('Line Direction',#492,1.) ;
#504=VECTOR('Line Direction',#503,1.) ;
#513=VECTOR('Line Direction',#512,1.) ;
#520=VECTOR('Line Direction',#519,1.) ;
#527=VECTOR('Line Direction',#526,1.) ;
#538=VECTOR('Line Direction',#537,1.) ;
#547=VECTOR('Line Direction',#546,1.) ;
#554=VECTOR('Line Direction',#553,1.) ;
#561=VECTOR('Line Direction',#560,1.) ;
#572=VECTOR('Line Direction',#571,1.) ;
#581=VECTOR('Line Direction',#580,1.) ;
#588=VECTOR('Line Direction',#587,1.) ;
#595=VECTOR('Line Direction',#594,1.) ;
#606=VECTOR('Line Direction',#605,1.) ;
#615=VECTOR('Line Direction',#614,1.) ;
#622=VECTOR('Line Direction',#621,1.) ;
#629=VECTOR('Line Direction',#628,1.) ;
#640=VECTOR('Line Direction',#639,1.) ;
#649=VECTOR('Line Direction',#648,1.) ;
#656=VECTOR('Line Direction',#655,1.) ;
#663=VECTOR('Line Direction',#662,1.) ;
#674=VECTOR('Line Direction',#673,1.) ;
#683=VECTOR('Line Direction',#682,1.) ;
#690=VECTOR('Line Direction',#689,1.) ;
#697=VECTOR('Line Direction',#696,1.) ;
#708=VECTOR('Line Direction',#707,1.) ;
#717=VECTOR('Line Direction',#716,1.) ;
#724=VECTOR('Line Direction',#723,1.) ;
#731=VECTOR('Line Direction',#730,1.) ;
#756=VECTOR('Line Direction',#755,1.) ;
#765=VECTOR('Line Direction',#764,1.) ;
#770=VECTOR('Line Direction',#769,1.) ;
#788=VECTOR('Line Direction',#787,1.) ;
#795=VECTOR('Line Direction',#794,1.) ;
#813=VECTOR('Line Direction',#812,1.) ;
#820=VECTOR('Line Direction',#819,1.) ;
#838=VECTOR('Line Direction',#837,1.) ;
#845=VECTOR('Line Direction',#844,1.) ;
#863=VECTOR('Line Direction',#862,1.) ;
#870=VECTOR('Line Direction',#869,1.) ;
#888=VECTOR('Line Direction',#887,1.) ;
#895=VECTOR('Line Direction',#894,1.) ;
#913=VECTOR('Line Direction',#912,1.) ;
#920=VECTOR('Line Direction',#919,1.) ;
#938=VECTOR('Line Direction',#937,1.) ;
#945=VECTOR('Line Direction',#944,1.) ;
#963=VECTOR('Line Direction',#962,1.) ;
#970=VECTOR('Line Direction',#969,1.) ;
#988=VECTOR('Line Direction',#987,1.) ;
#995=VECTOR('Line Direction',#994,1.) ;
#1013=VECTOR('Line Direction',#1012,1.) ;
#1020=VECTOR('Line Direction',#1019,1.) ;
#1038=VECTOR('Line Direction',#1037,1.) ;
#1045=VECTOR('Line Direction',#1044,1.) ;
#1063=VECTOR('Line Direction',#1062,1.) ;
#1070=VECTOR('Line Direction',#1069,1.) ;
#1088=VECTOR('Line Direction',#1087,1.) ;
#1095=VECTOR('Line Direction',#1094,1.) ;
#1113=VECTOR('Line Direction',#1112,1.) ;
#1120=VECTOR('Line Direction',#1119,1.) ;
#1138=VECTOR('Line Direction',#1137,1.) ;
#1145=VECTOR('Line Direction',#1144,1.) ;
#1163=VECTOR('Line Direction',#1162,1.) ;
#1170=VECTOR('Line Direction',#1169,1.) ;
#1188=VECTOR('Line Direction',#1187,1.) ;
#1195=VECTOR('Line Direction',#1194,1.) ;
#1213=VECTOR('Line Direction',#1212,1.) ;
#1220=VECTOR('Line Direction',#1219,1.) ;
#1238=VECTOR('Line Direction',#1237,1.) ;
#1245=VECTOR('Line Direction',#1244,1.) ;
#1263=VECTOR('Line Direction',#1262,1.) ;
#1270=VECTOR('Line Direction',#1269,1.) ;
#1288=VECTOR('Line Direction',#1287,1.) ;
#1295=VECTOR('Line Direction',#1294,1.) ;
#1313=VECTOR('Line Direction',#1312,1.) ;
#1320=VECTOR('Line Direction',#1319,1.) ;
#1338=VECTOR('Line Direction',#1337,1.) ;
#1356=VECTOR('Line Direction',#1355,1.) ;
#1363=VECTOR('Line Direction',#1362,1.) ;
#1370=VECTOR('Line Direction',#1369,1.) ;
#1388=VECTOR('Line Direction',#1387,1.) ;
#1395=VECTOR('Line Direction',#1394,1.) ;
#1413=VECTOR('Line Direction',#1412,1.) ;
#1420=VECTOR('Line Direction',#1419,1.) ;
#1438=VECTOR('Line Direction',#1437,1.) ;
#1456=VECTOR('Line Direction',#1455,1.) ;
#1463=VECTOR('Line Direction',#1462,1.) ;
#1470=VECTOR('Line Direction',#1469,1.) ;
#1488=VECTOR('Line Direction',#1487,1.) ;
#1495=VECTOR('Line Direction',#1494,1.) ;
#1513=VECTOR('Line Direction',#1512,1.) ;
#1520=VECTOR('Line Direction',#1519,1.) ;
#1538=VECTOR('Line Direction',#1537,1.) ;
#1556=VECTOR('Line Direction',#1555,1.) ;
#1563=VECTOR('Line Direction',#1562,1.) ;
#1570=VECTOR('Line Direction',#1569,1.) ;
#1588=VECTOR('Line Direction',#1587,1.) ;
#1595=VECTOR('Line Direction',#1594,1.) ;
#1613=VECTOR('Line Direction',#1612,1.) ;
#1620=VECTOR('Line Direction',#1619,1.) ;
#1638=VECTOR('Line Direction',#1637,1.) ;
#1656=VECTOR('Line Direction',#1655,1.) ;
#1663=VECTOR('Line Direction',#1662,1.) ;
#1670=VECTOR('Line Direction',#1669,1.) ;
#1688=VECTOR('Line Direction',#1687,1.) ;
#1695=VECTOR('Line Direction',#1694,1.) ;
#1713=VECTOR('Line Direction',#1712,1.) ;
#1720=VECTOR('Line Direction',#1719,1.) ;
#1738=VECTOR('Line Direction',#1737,1.) ;
#1756=VECTOR('Line Direction',#1755,1.) ;
#1763=VECTOR('Line Direction',#1762,1.) ;
#1770=VECTOR('Line Direction',#1769,1.) ;
#1788=VECTOR('Line Direction',#1787,1.) ;
#1795=VECTOR('Line Direction',#1794,1.) ;
#1813=VECTOR('Line Direction',#1812,1.) ;
#1820=VECTOR('Line Direction',#1819,1.) ;
#1838=VECTOR('Line Direction',#1837,1.) ;
#1856=VECTOR('Line Direction',#1855,1.) ;
#1863=VECTOR('Line Direction',#1862,1.) ;
#1870=VECTOR('Line Direction',#1869,1.) ;
#1888=VECTOR('Line Direction',#1887,1.) ;
#1895=VECTOR('Line Direction',#1894,1.) ;
#1913=VECTOR('Line Direction',#1912,1.) ;
#1920=VECTOR('Line Direction',#1919,1.) ;
#1938=VECTOR('Line Direction',#1937,1.) ;
#1956=VECTOR('Line Direction',#1955,1.) ;
#1963=VECTOR('Line Direction',#1962,1.) ;
#1970=VECTOR('Line Direction',#1969,1.) ;
#1988=VECTOR('Line Direction',#1987,1.) ;
#1995=VECTOR('Line Direction',#1994,1.) ;
#2013=VECTOR('Line Direction',#2012,1.) ;
#2020=VECTOR('Line Direction',#2019,1.) ;
#2038=VECTOR('Line Direction',#2037,1.) ;
#2056=VECTOR('Line Direction',#2055,1.) ;
#2063=VECTOR('Line Direction',#2062,1.) ;
#2070=VECTOR('Line Direction',#2069,1.) ;
#2088=VECTOR('Line Direction',#2087,1.) ;
#2095=VECTOR('Line Direction',#2094,1.) ;
#2113=VECTOR('Line Direction',#2112,1.) ;
#2120=VECTOR('Line Direction',#2119,1.) ;
#2138=VECTOR('Line Direction',#2137,1.) ;
#2156=VECTOR('Line Direction',#2155,1.) ;
#2163=VECTOR('Line Direction',#2162,1.) ;
#2170=VECTOR('Line Direction',#2169,1.) ;
#2188=VECTOR('Line Direction',#2187,1.) ;
#2195=VECTOR('Line Direction',#2194,1.) ;
#2213=VECTOR('Line Direction',#2212,1.) ;
#2220=VECTOR('Line Direction',#2219,1.) ;
#2238=VECTOR('Line Direction',#2237,1.) ;
#2256=VECTOR('Line Direction',#2255,1.) ;
#2263=VECTOR('Line Direction',#2262,1.) ;
#2270=VECTOR('Line Direction',#2269,1.) ;
#2288=VECTOR('Line Direction',#2287,1.) ;
#2295=VECTOR('Line Direction',#2294,1.) ;
#2313=VECTOR('Line Direction',#2312,1.) ;
#2320=VECTOR('Line Direction',#2319,1.) ;
#2338=VECTOR('Line Direction',#2337,1.) ;
#2356=VECTOR('Line Direction',#2355,1.) ;
#2363=VECTOR('Line Direction',#2362,1.) ;
#2370=VECTOR('Line Direction',#2369,1.) ;
#2388=VECTOR('Line Direction',#2387,1.) ;
#2395=VECTOR('Line Direction',#2394,1.) ;
#2413=VECTOR('Line Direction',#2412,1.) ;
#2420=VECTOR('Line Direction',#2419,1.) ;
#2438=VECTOR('Line Direction',#2437,1.) ;
#2456=VECTOR('Line Direction',#2455,1.) ;
#2463=VECTOR('Line Direction',#2462,1.) ;
#2470=VECTOR('Line Direction',#2469,1.) ;
#2495=VECTOR('Line Direction',#2494,1.) ;
#2502=VECTOR('Line Direction',#2501,1.) ;
#2520=VECTOR('Line Direction',#2519,1.) ;
#2527=VECTOR('Line Direction',#2526,1.) ;
#2545=VECTOR('Line Direction',#2544,1.) ;
#2563=VECTOR('Line Direction',#2562,1.) ;
#2570=VECTOR('Line Direction',#2569,1.) ;
#2577=VECTOR('Line Direction',#2576,1.) ;
#2595=VECTOR('Line Direction',#2594,1.) ;
#2602=VECTOR('Line Direction',#2601,1.) ;
#2620=VECTOR('Line Direction',#2619,1.) ;
#2627=VECTOR('Line Direction',#2626,1.) ;
#2645=VECTOR('Line Direction',#2644,1.) ;
#2663=VECTOR('Line Direction',#2662,1.) ;
#2670=VECTOR('Line Direction',#2669,1.) ;
#2677=VECTOR('Line Direction',#2676,1.) ;
#2695=VECTOR('Line Direction',#2694,1.) ;
#2702=VECTOR('Line Direction',#2701,1.) ;
#2720=VECTOR('Line Direction',#2719,1.) ;
#2727=VECTOR('Line Direction',#2726,1.) ;
#2745=VECTOR('Line Direction',#2744,1.) ;
#2763=VECTOR('Line Direction',#2762,1.) ;
#2770=VECTOR('Line Direction',#2769,1.) ;
#2777=VECTOR('Line Direction',#2776,1.) ;
#2795=VECTOR('Line Direction',#2794,1.) ;
#2802=VECTOR('Line Direction',#2801,1.) ;
#2820=VECTOR('Line Direction',#2819,1.) ;
#2827=VECTOR('Line Direction',#2826,1.) ;
#2845=VECTOR('Line Direction',#2844,1.) ;
#2889=VECTOR('Line Direction',#2888,1.) ;
#2898=VECTOR('Line Direction',#2897,1.) ;
#2905=VECTOR('Line Direction',#2904,1.) ;
#2912=VECTOR('Line Direction',#2911,1.) ;
#2923=VECTOR('Line Direction',#2922,1.) ;
#2932=VECTOR('Line Direction',#2931,1.) ;
#2939=VECTOR('Line Direction',#2938,1.) ;
#2946=VECTOR('Line Direction',#2945,1.) ;
#2957=VECTOR('Line Direction',#2956,1.) ;
#2966=VECTOR('Line Direction',#2965,1.) ;
#2973=VECTOR('Line Direction',#2972,1.) ;
#2980=VECTOR('Line Direction',#2979,1.) ;
#3141=VECTOR('Line Direction',#3140,1.) ;
#3148=VECTOR('Line Direction',#3147,1.) ;
#3155=VECTOR('Line Direction',#3154,1.) ;
#3173=VECTOR('Line Direction',#3172,1.) ;
#3180=VECTOR('Line Direction',#3179,1.) ;
#3198=VECTOR('Line Direction',#3197,1.) ;
#3205=VECTOR('Line Direction',#3204,1.) ;
#3223=VECTOR('Line Direction',#3222,1.) ;
#3241=VECTOR('Line Direction',#3240,1.) ;
#3248=VECTOR('Line Direction',#3247,1.) ;
#3255=VECTOR('Line Direction',#3254,1.) ;
#3273=VECTOR('Line Direction',#3272,1.) ;
#3280=VECTOR('Line Direction',#3279,1.) ;
#3298=VECTOR('Line Direction',#3297,1.) ;
#3305=VECTOR('Line Direction',#3304,1.) ;
#3323=VECTOR('Line Direction',#3322,1.) ;
#3341=VECTOR('Line Direction',#3340,1.) ;
#3348=VECTOR('Line Direction',#3347,1.) ;
#3355=VECTOR('Line Direction',#3354,1.) ;
#3373=VECTOR('Line Direction',#3372,1.) ;
#3380=VECTOR('Line Direction',#3379,1.) ;
#3398=VECTOR('Line Direction',#3397,1.) ;
#3405=VECTOR('Line Direction',#3404,1.) ;
#3423=VECTOR('Line Direction',#3422,1.) ;
#3454=VECTOR('Line Direction',#3453,1.) ;
#3461=VECTOR('Line Direction',#3460,1.) ;
#3468=VECTOR('Line Direction',#3467,1.) ;
#3486=VECTOR('Line Direction',#3485,1.) ;
#3493=VECTOR('Line Direction',#3492,1.) ;
#3511=VECTOR('Line Direction',#3510,1.) ;
#3518=VECTOR('Line Direction',#3517,1.) ;
#3536=VECTOR('Line Direction',#3535,1.) ;
#3554=VECTOR('Line Direction',#3553,1.) ;
#3561=VECTOR('Line Direction',#3560,1.) ;
#3568=VECTOR('Line Direction',#3567,1.) ;
#3586=VECTOR('Line Direction',#3585,1.) ;
#3593=VECTOR('Line Direction',#3592,1.) ;
#3611=VECTOR('Line Direction',#3610,1.) ;
#3618=VECTOR('Line Direction',#3617,1.) ;
#3636=VECTOR('Line Direction',#3635,1.) ;
#3654=VECTOR('Line Direction',#3653,1.) ;
#3661=VECTOR('Line Direction',#3660,1.) ;
#3668=VECTOR('Line Direction',#3667,1.) ;
#3686=VECTOR('Line Direction',#3685,1.) ;
#3693=VECTOR('Line Direction',#3692,1.) ;
#3711=VECTOR('Line Direction',#3710,1.) ;
#3718=VECTOR('Line Direction',#3717,1.) ;
#3736=VECTOR('Line Direction',#3735,1.) ;
#3793=VECTOR('Line Direction',#3792,1.) ;
#3800=VECTOR('Line Direction',#3799,1.) ;
#3807=VECTOR('Line Direction',#3806,1.) ;
#3825=VECTOR('Line Direction',#3824,1.) ;
#3832=VECTOR('Line Direction',#3831,1.) ;
#3850=VECTOR('Line Direction',#3849,1.) ;
#3857=VECTOR('Line Direction',#3856,1.) ;
#3875=VECTOR('Line Direction',#3874,1.) ;
#3893=VECTOR('Line Direction',#3892,1.) ;
#3900=VECTOR('Line Direction',#3899,1.) ;
#3907=VECTOR('Line Direction',#3906,1.) ;
#3925=VECTOR('Line Direction',#3924,1.) ;
#3932=VECTOR('Line Direction',#3931,1.) ;
#3950=VECTOR('Line Direction',#3949,1.) ;
#3957=VECTOR('Line Direction',#3956,1.) ;
#3975=VECTOR('Line Direction',#3974,1.) ;
#3993=VECTOR('Line Direction',#3992,1.) ;
#4000=VECTOR('Line Direction',#3999,1.) ;
#4007=VECTOR('Line Direction',#4006,1.) ;
#4025=VECTOR('Line Direction',#4024,1.) ;
#4032=VECTOR('Line Direction',#4031,1.) ;
#4050=VECTOR('Line Direction',#4049,1.) ;
#4057=VECTOR('Line Direction',#4056,1.) ;
#4075=VECTOR('Line Direction',#4074,1.) ;
#15=UNCERTAINTY_MEASURE_WITH_UNIT(LENGTH_MEASURE(0.005),#12,'distance_accuracy_value','CONFUSED CURVE UNCERTAINTY') ;
#4126=SHAPE_REPRESENTATION_RELATIONSHIP(' ',' ',#19,#4125) ;
#205=ORIENTED_EDGE('',*,*,#44,.F.) ;
#206=ORIENTED_EDGE('',*,*,#51,.F.) ;
#207=ORIENTED_EDGE('',*,*,#58,.F.) ;
#208=ORIENTED_EDGE('',*,*,#65,.F.) ;
#209=ORIENTED_EDGE('',*,*,#72,.F.) ;
#210=ORIENTED_EDGE('',*,*,#79,.F.) ;
#211=ORIENTED_EDGE('',*,*,#86,.F.) ;
#212=ORIENTED_EDGE('',*,*,#93,.F.) ;
#213=ORIENTED_EDGE('',*,*,#100,.F.) ;
#214=ORIENTED_EDGE('',*,*,#107,.F.) ;
#215=ORIENTED_EDGE('',*,*,#114,.F.) ;
#216=ORIENTED_EDGE('',*,*,#121,.F.) ;
#217=ORIENTED_EDGE('',*,*,#128,.F.) ;
#218=ORIENTED_EDGE('',*,*,#135,.F.) ;
#219=ORIENTED_EDGE('',*,*,#142,.F.) ;
#220=ORIENTED_EDGE('',*,*,#149,.F.) ;
#221=ORIENTED_EDGE('',*,*,#156,.F.) ;
#222=ORIENTED_EDGE('',*,*,#163,.F.) ;
#223=ORIENTED_EDGE('',*,*,#170,.F.) ;
#224=ORIENTED_EDGE('',*,*,#177,.F.) ;
#225=ORIENTED_EDGE('',*,*,#184,.F.) ;
#226=ORIENTED_EDGE('',*,*,#191,.F.) ;
#227=ORIENTED_EDGE('',*,*,#198,.F.) ;
#228=ORIENTED_EDGE('',*,*,#203,.F.) ;
#259=ORIENTED_EDGE('',*,*,#238,.F.) ;
#260=ORIENTED_EDGE('',*,*,#245,.F.) ;
#261=ORIENTED_EDGE('',*,*,#252,.F.) ;
#262=ORIENTED_EDGE('',*,*,#257,.F.) ;
#293=ORIENTED_EDGE('',*,*,#272,.F.) ;
#294=ORIENTED_EDGE('',*,*,#279,.F.) ;
#295=ORIENTED_EDGE('',*,*,#286,.F.) ;
#296=ORIENTED_EDGE('',*,*,#291,.F.) ;
#327=ORIENTED_EDGE('',*,*,#306,.F.) ;
#328=ORIENTED_EDGE('',*,*,#313,.F.) ;
#329=ORIENTED_EDGE('',*,*,#320,.F.) ;
#330=ORIENTED_EDGE('',*,*,#325,.F.) ;
#361=ORIENTED_EDGE('',*,*,#340,.F.) ;
#362=ORIENTED_EDGE('',*,*,#347,.F.) ;
#363=ORIENTED_EDGE('',*,*,#354,.F.) ;
#364=ORIENTED_EDGE('',*,*,#359,.F.) ;
#395=ORIENTED_EDGE('',*,*,#374,.F.) ;
#396=ORIENTED_EDGE('',*,*,#381,.F.) ;
#397=ORIENTED_EDGE('',*,*,#388,.F.) ;
#398=ORIENTED_EDGE('',*,*,#393,.F.) ;
#429=ORIENTED_EDGE('',*,*,#408,.F.) ;
#430=ORIENTED_EDGE('',*,*,#415,.F.) ;
#431=ORIENTED_EDGE('',*,*,#422,.F.) ;
#432=ORIENTED_EDGE('',*,*,#427,.F.) ;
#463=ORIENTED_EDGE('',*,*,#442,.F.) ;
#464=ORIENTED_EDGE('',*,*,#449,.F.) ;
#465=ORIENTED_EDGE('',*,*,#456,.F.) ;
#466=ORIENTED_EDGE('',*,*,#461,.F.) ;
#497=ORIENTED_EDGE('',*,*,#476,.F.) ;
#498=ORIENTED_EDGE('',*,*,#483,.F.) ;
#499=ORIENTED_EDGE('',*,*,#490,.F.) ;
#500=ORIENTED_EDGE('',*,*,#495,.F.) ;
#531=ORIENTED_EDGE('',*,*,#510,.F.) ;
#532=ORIENTED_EDGE('',*,*,#517,.F.) ;
#533=ORIENTED_EDGE('',*,*,#524,.F.) ;
#534=ORIENTED_EDGE('',*,*,#529,.F.) ;
#565=ORIENTED_EDGE('',*,*,#544,.F.) ;
#566=ORIENTED_EDGE('',*,*,#551,.F.) ;
#567=ORIENTED_EDGE('',*,*,#558,.F.) ;
#568=ORIENTED_EDGE('',*,*,#563,.F.) ;
#599=ORIENTED_EDGE('',*,*,#578,.F.) ;
#600=ORIENTED_EDGE('',*,*,#585,.F.) ;
#601=ORIENTED_EDGE('',*,*,#592,.F.) ;
#602=ORIENTED_EDGE('',*,*,#597,.F.) ;
#633=ORIENTED_EDGE('',*,*,#612,.T.) ;
#634=ORIENTED_EDGE('',*,*,#619,.F.) ;
#635=ORIENTED_EDGE('',*,*,#626,.F.) ;
#636=ORIENTED_EDGE('',*,*,#631,.T.) ;
#667=ORIENTED_EDGE('',*,*,#646,.T.) ;
#668=ORIENTED_EDGE('',*,*,#653,.F.) ;
#669=ORIENTED_EDGE('',*,*,#660,.F.) ;
#670=ORIENTED_EDGE('',*,*,#665,.T.) ;
#701=ORIENTED_EDGE('',*,*,#680,.T.) ;
#702=ORIENTED_EDGE('',*,*,#687,.F.) ;
#703=ORIENTED_EDGE('',*,*,#694,.F.) ;
#704=ORIENTED_EDGE('',*,*,#699,.T.) ;
#735=ORIENTED_EDGE('',*,*,#714,.F.) ;
#736=ORIENTED_EDGE('',*,*,#721,.F.) ;
#737=ORIENTED_EDGE('',*,*,#728,.F.) ;
#738=ORIENTED_EDGE('',*,*,#733,.F.) ;
#774=ORIENTED_EDGE('',*,*,#762,.F.) ;
#775=ORIENTED_EDGE('',*,*,#767,.F.) ;
#776=ORIENTED_EDGE('',*,*,#44,.T.) ;
#777=ORIENTED_EDGE('',*,*,#772,.T.) ;
#799=ORIENTED_EDGE('',*,*,#767,.T.) ;
#800=ORIENTED_EDGE('',*,*,#792,.F.) ;
#801=ORIENTED_EDGE('',*,*,#797,.F.) ;
#802=ORIENTED_EDGE('',*,*,#51,.T.) ;
#824=ORIENTED_EDGE('',*,*,#797,.T.) ;
#825=ORIENTED_EDGE('',*,*,#817,.F.) ;
#826=ORIENTED_EDGE('',*,*,#822,.F.) ;
#827=ORIENTED_EDGE('',*,*,#58,.T.) ;
#849=ORIENTED_EDGE('',*,*,#822,.T.) ;
#850=ORIENTED_EDGE('',*,*,#842,.F.) ;
#851=ORIENTED_EDGE('',*,*,#847,.F.) ;
#852=ORIENTED_EDGE('',*,*,#65,.T.) ;
#874=ORIENTED_EDGE('',*,*,#72,.T.) ;
#875=ORIENTED_EDGE('',*,*,#847,.T.) ;
#876=ORIENTED_EDGE('',*,*,#867,.F.) ;
#877=ORIENTED_EDGE('',*,*,#872,.F.) ;
#899=ORIENTED_EDGE('',*,*,#872,.T.) ;
#900=ORIENTED_EDGE('',*,*,#892,.F.) ;
#901=ORIENTED_EDGE('',*,*,#897,.F.) ;
#902=ORIENTED_EDGE('',*,*,#79,.T.) ;
#924=ORIENTED_EDGE('',*,*,#897,.T.) ;
#925=ORIENTED_EDGE('',*,*,#917,.F.) ;
#926=ORIENTED_EDGE('',*,*,#922,.F.) ;
#927=ORIENTED_EDGE('',*,*,#86,.T.) ;
#949=ORIENTED_EDGE('',*,*,#922,.T.) ;
#950=ORIENTED_EDGE('',*,*,#942,.F.) ;
#951=ORIENTED_EDGE('',*,*,#947,.F.) ;
#952=ORIENTED_EDGE('',*,*,#93,.T.) ;
#974=ORIENTED_EDGE('',*,*,#967,.F.) ;
#975=ORIENTED_EDGE('',*,*,#972,.F.) ;
#976=ORIENTED_EDGE('',*,*,#100,.T.) ;
#977=ORIENTED_EDGE('',*,*,#947,.T.) ;
#999=ORIENTED_EDGE('',*,*,#972,.T.) ;
#1000=ORIENTED_EDGE('',*,*,#992,.F.) ;
#1001=ORIENTED_EDGE('',*,*,#997,.F.) ;
#1002=ORIENTED_EDGE('',*,*,#107,.T.) ;
#1024=ORIENTED_EDGE('',*,*,#997,.T.) ;
#1025=ORIENTED_EDGE('',*,*,#1017,.F.) ;
#1026=ORIENTED_EDGE('',*,*,#1022,.F.) ;
#1027=ORIENTED_EDGE('',*,*,#114,.T.) ;
#1049=ORIENTED_EDGE('',*,*,#1022,.T.) ;
#1050=ORIENTED_EDGE('',*,*,#1042,.F.) ;
#1051=ORIENTED_EDGE('',*,*,#1047,.F.) ;
#1052=ORIENTED_EDGE('',*,*,#121,.T.) ;
#1074=ORIENTED_EDGE('',*,*,#1047,.T.) ;
#1075=ORIENTED_EDGE('',*,*,#1067,.F.) ;
#1076=ORIENTED_EDGE('',*,*,#1072,.F.) ;
#1077=ORIENTED_EDGE('',*,*,#128,.T.) ;
#1099=ORIENTED_EDGE('',*,*,#1072,.T.) ;
#1100=ORIENTED_EDGE('',*,*,#1092,.F.) ;
#1101=ORIENTED_EDGE('',*,*,#1097,.F.) ;
#1102=ORIENTED_EDGE('',*,*,#135,.T.) ;
#1124=ORIENTED_EDGE('',*,*,#1097,.T.) ;
#1125=ORIENTED_EDGE('',*,*,#1117,.F.) ;
#1126=ORIENTED_EDGE('',*,*,#1122,.F.) ;
#1127=ORIENTED_EDGE('',*,*,#142,.T.) ;
#1149=ORIENTED_EDGE('',*,*,#1122,.T.) ;
#1150=ORIENTED_EDGE('',*,*,#1142,.F.) ;
#1151=ORIENTED_EDGE('',*,*,#1147,.F.) ;
#1152=ORIENTED_EDGE('',*,*,#149,.T.) ;
#1174=ORIENTED_EDGE('',*,*,#156,.T.) ;
#1175=ORIENTED_EDGE('',*,*,#1147,.T.) ;
#1176=ORIENTED_EDGE('',*,*,#1167,.F.) ;
#1177=ORIENTED_EDGE('',*,*,#1172,.F.) ;
#1199=ORIENTED_EDGE('',*,*,#1172,.T.) ;
#1200=ORIENTED_EDGE('',*,*,#1192,.F.) ;
#1201=ORIENTED_EDGE('',*,*,#1197,.F.) ;
#1202=ORIENTED_EDGE('',*,*,#163,.T.) ;
#1224=ORIENTED_EDGE('',*,*,#1197,.T.) ;
#1225=ORIENTED_EDGE('',*,*,#1217,.F.) ;
#1226=ORIENTED_EDGE('',*,*,#1222,.F.) ;
#1227=ORIENTED_EDGE('',*,*,#170,.T.) ;
#1249=ORIENTED_EDGE('',*,*,#1222,.T.) ;
#1250=ORIENTED_EDGE('',*,*,#1242,.F.) ;
#1251=ORIENTED_EDGE('',*,*,#1247,.F.) ;
#1252=ORIENTED_EDGE('',*,*,#177,.T.) ;
#1274=ORIENTED_EDGE('',*,*,#184,.T.) ;
#1275=ORIENTED_EDGE('',*,*,#1247,.T.) ;
#1276=ORIENTED_EDGE('',*,*,#1267,.F.) ;
#1277=ORIENTED_EDGE('',*,*,#1272,.F.) ;
#1299=ORIENTED_EDGE('',*,*,#1272,.T.) ;
#1300=ORIENTED_EDGE('',*,*,#1292,.F.) ;
#1301=ORIENTED_EDGE('',*,*,#1297,.F.) ;
#1302=ORIENTED_EDGE('',*,*,#191,.T.) ;
#1324=ORIENTED_EDGE('',*,*,#1297,.T.) ;
#1325=ORIENTED_EDGE('',*,*,#1317,.F.) ;
#1326=ORIENTED_EDGE('',*,*,#1322,.F.) ;
#1327=ORIENTED_EDGE('',*,*,#198,.T.) ;
#1342=ORIENTED_EDGE('',*,*,#1322,.T.) ;
#1343=ORIENTED_EDGE('',*,*,#1340,.F.) ;
#1344=ORIENTED_EDGE('',*,*,#772,.F.) ;
#1345=ORIENTED_EDGE('',*,*,#203,.T.) ;
#1374=ORIENTED_EDGE('',*,*,#1360,.T.) ;
#1375=ORIENTED_EDGE('',*,*,#1367,.F.) ;
#1376=ORIENTED_EDGE('',*,*,#1372,.F.) ;
#1377=ORIENTED_EDGE('',*,*,#238,.T.) ;
#1399=ORIENTED_EDGE('',*,*,#1372,.T.) ;
#1400=ORIENTED_EDGE('',*,*,#1392,.F.) ;
#1401=ORIENTED_EDGE('',*,*,#1397,.F.) ;
#1402=ORIENTED_EDGE('',*,*,#245,.T.) ;
#1424=ORIENTED_EDGE('',*,*,#1397,.T.) ;
#1425=ORIENTED_EDGE('',*,*,#1417,.F.) ;
#1426=ORIENTED_EDGE('',*,*,#1422,.F.) ;
#1427=ORIENTED_EDGE('',*,*,#252,.T.) ;
#1442=ORIENTED_EDGE('',*,*,#1422,.T.) ;
#1443=ORIENTED_EDGE('',*,*,#1440,.F.) ;
#1444=ORIENTED_EDGE('',*,*,#1360,.F.) ;
#1445=ORIENTED_EDGE('',*,*,#257,.T.) ;
#1474=ORIENTED_EDGE('',*,*,#1460,.T.) ;
#1475=ORIENTED_EDGE('',*,*,#1467,.F.) ;
#1476=ORIENTED_EDGE('',*,*,#1472,.F.) ;
#1477=ORIENTED_EDGE('',*,*,#272,.T.) ;
#1499=ORIENTED_EDGE('',*,*,#1472,.T.) ;
#1500=ORIENTED_EDGE('',*,*,#1492,.F.) ;
#1501=ORIENTED_EDGE('',*,*,#1497,.F.) ;
#1502=ORIENTED_EDGE('',*,*,#279,.T.) ;
#1524=ORIENTED_EDGE('',*,*,#1497,.T.) ;
#1525=ORIENTED_EDGE('',*,*,#1517,.F.) ;
#1526=ORIENTED_EDGE('',*,*,#1522,.F.) ;
#1527=ORIENTED_EDGE('',*,*,#286,.T.) ;
#1542=ORIENTED_EDGE('',*,*,#1522,.T.) ;
#1543=ORIENTED_EDGE('',*,*,#1540,.F.) ;
#1544=ORIENTED_EDGE('',*,*,#1460,.F.) ;
#1545=ORIENTED_EDGE('',*,*,#291,.T.) ;
#1574=ORIENTED_EDGE('',*,*,#1560,.T.) ;
#1575=ORIENTED_EDGE('',*,*,#1567,.F.) ;
#1576=ORIENTED_EDGE('',*,*,#1572,.F.) ;
#1577=ORIENTED_EDGE('',*,*,#306,.T.) ;
#1599=ORIENTED_EDGE('',*,*,#1572,.T.) ;
#1600=ORIENTED_EDGE('',*,*,#1592,.F.) ;
#1601=ORIENTED_EDGE('',*,*,#1597,.F.) ;
#1602=ORIENTED_EDGE('',*,*,#313,.T.) ;
#1624=ORIENTED_EDGE('',*,*,#1597,.T.) ;
#1625=ORIENTED_EDGE('',*,*,#1617,.F.) ;
#1626=ORIENTED_EDGE('',*,*,#1622,.F.) ;
#1627=ORIENTED_EDGE('',*,*,#320,.T.) ;
#1642=ORIENTED_EDGE('',*,*,#1622,.T.) ;
#1643=ORIENTED_EDGE('',*,*,#1640,.F.) ;
#1644=ORIENTED_EDGE('',*,*,#1560,.F.) ;
#1645=ORIENTED_EDGE('',*,*,#325,.T.) ;
#1674=ORIENTED_EDGE('',*,*,#1660,.T.) ;
#1675=ORIENTED_EDGE('',*,*,#1667,.F.) ;
#1676=ORIENTED_EDGE('',*,*,#1672,.F.) ;
#1677=ORIENTED_EDGE('',*,*,#340,.T.) ;
#1699=ORIENTED_EDGE('',*,*,#1672,.T.) ;
#1700=ORIENTED_EDGE('',*,*,#1692,.F.) ;
#1701=ORIENTED_EDGE('',*,*,#1697,.F.) ;
#1702=ORIENTED_EDGE('',*,*,#347,.T.) ;
#1724=ORIENTED_EDGE('',*,*,#1697,.T.) ;
#1725=ORIENTED_EDGE('',*,*,#1717,.F.) ;
#1726=ORIENTED_EDGE('',*,*,#1722,.F.) ;
#1727=ORIENTED_EDGE('',*,*,#354,.T.) ;
#1742=ORIENTED_EDGE('',*,*,#1722,.T.) ;
#1743=ORIENTED_EDGE('',*,*,#1740,.F.) ;
#1744=ORIENTED_EDGE('',*,*,#1660,.F.) ;
#1745=ORIENTED_EDGE('',*,*,#359,.T.) ;
#1774=ORIENTED_EDGE('',*,*,#1760,.T.) ;
#1775=ORIENTED_EDGE('',*,*,#1767,.F.) ;
#1776=ORIENTED_EDGE('',*,*,#1772,.F.) ;
#1777=ORIENTED_EDGE('',*,*,#374,.T.) ;
#1799=ORIENTED_EDGE('',*,*,#1772,.T.) ;
#1800=ORIENTED_EDGE('',*,*,#1792,.F.) ;
#1801=ORIENTED_EDGE('',*,*,#1797,.F.) ;
#1802=ORIENTED_EDGE('',*,*,#381,.T.) ;
#1824=ORIENTED_EDGE('',*,*,#1797,.T.) ;
#1825=ORIENTED_EDGE('',*,*,#1817,.F.) ;
#1826=ORIENTED_EDGE('',*,*,#1822,.F.) ;
#1827=ORIENTED_EDGE('',*,*,#388,.T.) ;
#1842=ORIENTED_EDGE('',*,*,#1822,.T.) ;
#1843=ORIENTED_EDGE('',*,*,#1840,.F.) ;
#1844=ORIENTED_EDGE('',*,*,#1760,.F.) ;
#1845=ORIENTED_EDGE('',*,*,#393,.T.) ;
#1874=ORIENTED_EDGE('',*,*,#1860,.T.) ;
#1875=ORIENTED_EDGE('',*,*,#1867,.F.) ;
#1876=ORIENTED_EDGE('',*,*,#1872,.F.) ;
#1877=ORIENTED_EDGE('',*,*,#408,.T.) ;
#1899=ORIENTED_EDGE('',*,*,#1872,.T.) ;
#1900=ORIENTED_EDGE('',*,*,#1892,.F.) ;
#1901=ORIENTED_EDGE('',*,*,#1897,.F.) ;
#1902=ORIENTED_EDGE('',*,*,#415,.T.) ;
#1924=ORIENTED_EDGE('',*,*,#1897,.T.) ;
#1925=ORIENTED_EDGE('',*,*,#1917,.F.) ;
#1926=ORIENTED_EDGE('',*,*,#1922,.F.) ;
#1927=ORIENTED_EDGE('',*,*,#422,.T.) ;
#1942=ORIENTED_EDGE('',*,*,#1922,.T.) ;
#1943=ORIENTED_EDGE('',*,*,#1940,.F.) ;
#1944=ORIENTED_EDGE('',*,*,#1860,.F.) ;
#1945=ORIENTED_EDGE('',*,*,#427,.T.) ;
#1974=ORIENTED_EDGE('',*,*,#1960,.T.) ;
#1975=ORIENTED_EDGE('',*,*,#1967,.F.) ;
#1976=ORIENTED_EDGE('',*,*,#1972,.F.) ;
#1977=ORIENTED_EDGE('',*,*,#442,.T.) ;
#1999=ORIENTED_EDGE('',*,*,#1972,.T.) ;
#2000=ORIENTED_EDGE('',*,*,#1992,.F.) ;
#2001=ORIENTED_EDGE('',*,*,#1997,.F.) ;
#2002=ORIENTED_EDGE('',*,*,#449,.T.) ;
#2024=ORIENTED_EDGE('',*,*,#1997,.T.) ;
#2025=ORIENTED_EDGE('',*,*,#2017,.F.) ;
#2026=ORIENTED_EDGE('',*,*,#2022,.F.) ;
#2027=ORIENTED_EDGE('',*,*,#456,.T.) ;
#2042=ORIENTED_EDGE('',*,*,#2022,.T.) ;
#2043=ORIENTED_EDGE('',*,*,#2040,.F.) ;
#2044=ORIENTED_EDGE('',*,*,#1960,.F.) ;
#2045=ORIENTED_EDGE('',*,*,#461,.T.) ;
#2074=ORIENTED_EDGE('',*,*,#2060,.T.) ;
#2075=ORIENTED_EDGE('',*,*,#2067,.F.) ;
#2076=ORIENTED_EDGE('',*,*,#2072,.F.) ;
#2077=ORIENTED_EDGE('',*,*,#476,.T.) ;
#2099=ORIENTED_EDGE('',*,*,#2072,.T.) ;
#2100=ORIENTED_EDGE('',*,*,#2092,.F.) ;
#2101=ORIENTED_EDGE('',*,*,#2097,.F.) ;
#2102=ORIENTED_EDGE('',*,*,#483,.T.) ;
#2124=ORIENTED_EDGE('',*,*,#2097,.T.) ;
#2125=ORIENTED_EDGE('',*,*,#2117,.F.) ;
#2126=ORIENTED_EDGE('',*,*,#2122,.F.) ;
#2127=ORIENTED_EDGE('',*,*,#490,.T.) ;
#2142=ORIENTED_EDGE('',*,*,#2122,.T.) ;
#2143=ORIENTED_EDGE('',*,*,#2140,.F.) ;
#2144=ORIENTED_EDGE('',*,*,#2060,.F.) ;
#2145=ORIENTED_EDGE('',*,*,#495,.T.) ;
#2174=ORIENTED_EDGE('',*,*,#2160,.T.) ;
#2175=ORIENTED_EDGE('',*,*,#2167,.F.) ;
#2176=ORIENTED_EDGE('',*,*,#2172,.F.) ;
#2177=ORIENTED_EDGE('',*,*,#510,.T.) ;
#2199=ORIENTED_EDGE('',*,*,#2172,.T.) ;
#2200=ORIENTED_EDGE('',*,*,#2192,.F.) ;
#2201=ORIENTED_EDGE('',*,*,#2197,.F.) ;
#2202=ORIENTED_EDGE('',*,*,#517,.T.) ;
#2224=ORIENTED_EDGE('',*,*,#2197,.T.) ;
#2225=ORIENTED_EDGE('',*,*,#2217,.F.) ;
#2226=ORIENTED_EDGE('',*,*,#2222,.F.) ;
#2227=ORIENTED_EDGE('',*,*,#524,.T.) ;
#2242=ORIENTED_EDGE('',*,*,#2222,.T.) ;
#2243=ORIENTED_EDGE('',*,*,#2240,.F.) ;
#2244=ORIENTED_EDGE('',*,*,#2160,.F.) ;
#2245=ORIENTED_EDGE('',*,*,#529,.T.) ;
#2274=ORIENTED_EDGE('',*,*,#2260,.T.) ;
#2275=ORIENTED_EDGE('',*,*,#2267,.F.) ;
#2276=ORIENTED_EDGE('',*,*,#2272,.F.) ;
#2277=ORIENTED_EDGE('',*,*,#544,.T.) ;
#2299=ORIENTED_EDGE('',*,*,#2272,.T.) ;
#2300=ORIENTED_EDGE('',*,*,#2292,.F.) ;
#2301=ORIENTED_EDGE('',*,*,#2297,.F.) ;
#2302=ORIENTED_EDGE('',*,*,#551,.T.) ;
#2324=ORIENTED_EDGE('',*,*,#2297,.T.) ;
#2325=ORIENTED_EDGE('',*,*,#2317,.F.) ;
#2326=ORIENTED_EDGE('',*,*,#2322,.F.) ;
#2327=ORIENTED_EDGE('',*,*,#558,.T.) ;
#2342=ORIENTED_EDGE('',*,*,#2322,.T.) ;
#2343=ORIENTED_EDGE('',*,*,#2340,.F.) ;
#2344=ORIENTED_EDGE('',*,*,#2260,.F.) ;
#2345=ORIENTED_EDGE('',*,*,#563,.T.) ;
#2374=ORIENTED_EDGE('',*,*,#2360,.T.) ;
#2375=ORIENTED_EDGE('',*,*,#2367,.F.) ;
#2376=ORIENTED_EDGE('',*,*,#2372,.F.) ;
#2377=ORIENTED_EDGE('',*,*,#578,.T.) ;
#2399=ORIENTED_EDGE('',*,*,#2372,.T.) ;
#2400=ORIENTED_EDGE('',*,*,#2392,.F.) ;
#2401=ORIENTED_EDGE('',*,*,#2397,.F.) ;
#2402=ORIENTED_EDGE('',*,*,#585,.T.) ;
#2424=ORIENTED_EDGE('',*,*,#2397,.T.) ;
#2425=ORIENTED_EDGE('',*,*,#2417,.F.) ;
#2426=ORIENTED_EDGE('',*,*,#2422,.F.) ;
#2427=ORIENTED_EDGE('',*,*,#592,.T.) ;
#2442=ORIENTED_EDGE('',*,*,#2422,.T.) ;
#2443=ORIENTED_EDGE('',*,*,#2440,.F.) ;
#2444=ORIENTED_EDGE('',*,*,#2360,.F.) ;
#2445=ORIENTED_EDGE('',*,*,#597,.T.) ;
#2474=ORIENTED_EDGE('',*,*,#2460,.F.) ;
#2475=ORIENTED_EDGE('',*,*,#612,.F.) ;
#2476=ORIENTED_EDGE('',*,*,#2467,.T.) ;
#2477=ORIENTED_EDGE('',*,*,#2472,.F.) ;
#2506=ORIENTED_EDGE('',*,*,#2499,.T.) ;
#2507=ORIENTED_EDGE('',*,*,#619,.T.) ;
#2508=ORIENTED_EDGE('',*,*,#2460,.T.) ;
#2509=ORIENTED_EDGE('',*,*,#2504,.T.) ;
#2531=ORIENTED_EDGE('',*,*,#2524,.T.) ;
#2532=ORIENTED_EDGE('',*,*,#626,.T.) ;
#2533=ORIENTED_EDGE('',*,*,#2499,.F.) ;
#2534=ORIENTED_EDGE('',*,*,#2529,.T.) ;
#2549=ORIENTED_EDGE('',*,*,#2467,.F.) ;
#2550=ORIENTED_EDGE('',*,*,#631,.F.) ;
#2551=ORIENTED_EDGE('',*,*,#2524,.F.) ;
#2552=ORIENTED_EDGE('',*,*,#2547,.T.) ;
#2581=ORIENTED_EDGE('',*,*,#2567,.F.) ;
#2582=ORIENTED_EDGE('',*,*,#646,.F.) ;
#2583=ORIENTED_EDGE('',*,*,#2574,.T.) ;
#2584=ORIENTED_EDGE('',*,*,#2579,.F.) ;
#2606=ORIENTED_EDGE('',*,*,#2599,.T.) ;
#2607=ORIENTED_EDGE('',*,*,#653,.T.) ;
#2608=ORIENTED_EDGE('',*,*,#2567,.T.) ;
#2609=ORIENTED_EDGE('',*,*,#2604,.T.) ;
#2631=ORIENTED_EDGE('',*,*,#2624,.T.) ;
#2632=ORIENTED_EDGE('',*,*,#660,.T.) ;
#2633=ORIENTED_EDGE('',*,*,#2599,.F.) ;
#2634=ORIENTED_EDGE('',*,*,#2629,.T.) ;
#2649=ORIENTED_EDGE('',*,*,#2574,.F.) ;
#2650=ORIENTED_EDGE('',*,*,#665,.F.) ;
#2651=ORIENTED_EDGE('',*,*,#2624,.F.) ;
#2652=ORIENTED_EDGE('',*,*,#2647,.T.) ;
#2681=ORIENTED_EDGE('',*,*,#2667,.F.) ;
#2682=ORIENTED_EDGE('',*,*,#680,.F.) ;
#2683=ORIENTED_EDGE('',*,*,#2674,.T.) ;
#2684=ORIENTED_EDGE('',*,*,#2679,.F.) ;
#2706=ORIENTED_EDGE('',*,*,#2699,.T.) ;
#2707=ORIENTED_EDGE('',*,*,#687,.T.) ;
#2708=ORIENTED_EDGE('',*,*,#2667,.T.) ;
#2709=ORIENTED_EDGE('',*,*,#2704,.T.) ;
#2731=ORIENTED_EDGE('',*,*,#2724,.T.) ;
#2732=ORIENTED_EDGE('',*,*,#694,.T.) ;
#2733=ORIENTED_EDGE('',*,*,#2699,.F.) ;
#2734=ORIENTED_EDGE('',*,*,#2729,.T.) ;
#2749=ORIENTED_EDGE('',*,*,#2674,.F.) ;
#2750=ORIENTED_EDGE('',*,*,#699,.F.) ;
#2751=ORIENTED_EDGE('',*,*,#2724,.F.) ;
#2752=ORIENTED_EDGE('',*,*,#2747,.T.) ;
#2781=ORIENTED_EDGE('',*,*,#2767,.T.) ;
#2782=ORIENTED_EDGE('',*,*,#2774,.F.) ;
#2783=ORIENTED_EDGE('',*,*,#2779,.F.) ;
#2784=ORIENTED_EDGE('',*,*,#714,.T.) ;
#2806=ORIENTED_EDGE('',*,*,#2779,.T.) ;
#2807=ORIENTED_EDGE('',*,*,#2799,.F.) ;
#2808=ORIENTED_EDGE('',*,*,#2804,.F.) ;
#2809=ORIENTED_EDGE('',*,*,#721,.T.) ;
#2831=ORIENTED_EDGE('',*,*,#2804,.T.) ;
#2832=ORIENTED_EDGE('',*,*,#2824,.F.) ;
#2833=ORIENTED_EDGE('',*,*,#2829,.F.) ;
#2834=ORIENTED_EDGE('',*,*,#728,.T.) ;
#2849=ORIENTED_EDGE('',*,*,#2829,.T.) ;
#2850=ORIENTED_EDGE('',*,*,#2847,.F.) ;
#2851=ORIENTED_EDGE('',*,*,#2767,.F.) ;
#2852=ORIENTED_EDGE('',*,*,#733,.T.) ;
#2862=ORIENTED_EDGE('',*,*,#1317,.T.) ;
#2863=ORIENTED_EDGE('',*,*,#1292,.T.) ;
#2864=ORIENTED_EDGE('',*,*,#1267,.T.) ;
#2865=ORIENTED_EDGE('',*,*,#1242,.T.) ;
#2866=ORIENTED_EDGE('',*,*,#1217,.T.) ;
#2867=ORIENTED_EDGE('',*,*,#1192,.T.) ;
#2868=ORIENTED_EDGE('',*,*,#1167,.T.) ;
#2869=ORIENTED_EDGE('',*,*,#1142,.T.) ;
#2870=ORIENTED_EDGE('',*,*,#1117,.T.) ;
#2871=ORIENTED_EDGE('',*,*,#1092,.T.) ;
#2872=ORIENTED_EDGE('',*,*,#1067,.T.) ;
#2873=ORIENTED_EDGE('',*,*,#1042,.T.) ;
#2874=ORIENTED_EDGE('',*,*,#1017,.T.) ;
#2875=ORIENTED_EDGE('',*,*,#992,.T.) ;
#2876=ORIENTED_EDGE('',*,*,#967,.T.) ;
#2877=ORIENTED_EDGE('',*,*,#942,.T.) ;
#2878=ORIENTED_EDGE('',*,*,#917,.T.) ;
#2879=ORIENTED_EDGE('',*,*,#892,.T.) ;
#2880=ORIENTED_EDGE('',*,*,#867,.T.) ;
#2881=ORIENTED_EDGE('',*,*,#842,.T.) ;
#2882=ORIENTED_EDGE('',*,*,#817,.T.) ;
#2883=ORIENTED_EDGE('',*,*,#792,.T.) ;
#2884=ORIENTED_EDGE('',*,*,#762,.T.) ;
#2885=ORIENTED_EDGE('',*,*,#1340,.T.) ;
#2916=ORIENTED_EDGE('',*,*,#2895,.T.) ;
#2917=ORIENTED_EDGE('',*,*,#2902,.T.) ;
#2918=ORIENTED_EDGE('',*,*,#2909,.F.) ;
#2919=ORIENTED_EDGE('',*,*,#2914,.F.) ;
#2950=ORIENTED_EDGE('',*,*,#2929,.T.) ;
#2951=ORIENTED_EDGE('',*,*,#2936,.T.) ;
#2952=ORIENTED_EDGE('',*,*,#2943,.F.) ;
#2953=ORIENTED_EDGE('',*,*,#2948,.F.) ;
#2984=ORIENTED_EDGE('',*,*,#2963,.T.) ;
#2985=ORIENTED_EDGE('',*,*,#2970,.T.) ;
#2986=ORIENTED_EDGE('',*,*,#2977,.F.) ;
#2987=ORIENTED_EDGE('',*,*,#2982,.F.) ;
#2997=ORIENTED_EDGE('',*,*,#1417,.T.) ;
#2998=ORIENTED_EDGE('',*,*,#1392,.T.) ;
#2999=ORIENTED_EDGE('',*,*,#1367,.T.) ;
#3000=ORIENTED_EDGE('',*,*,#1440,.T.) ;
#3010=ORIENTED_EDGE('',*,*,#1517,.T.) ;
#3011=ORIENTED_EDGE('',*,*,#1492,.T.) ;
#3012=ORIENTED_EDGE('',*,*,#1467,.T.) ;
#3013=ORIENTED_EDGE('',*,*,#1540,.T.) ;
#3023=ORIENTED_EDGE('',*,*,#1617,.T.) ;
#3024=ORIENTED_EDGE('',*,*,#1592,.T.) ;
#3025=ORIENTED_EDGE('',*,*,#1567,.T.) ;
#3026=ORIENTED_EDGE('',*,*,#1640,.T.) ;
#3036=ORIENTED_EDGE('',*,*,#1717,.T.) ;
#3037=ORIENTED_EDGE('',*,*,#1692,.T.) ;
#3038=ORIENTED_EDGE('',*,*,#1667,.T.) ;
#3039=ORIENTED_EDGE('',*,*,#1740,.T.) ;
#3049=ORIENTED_EDGE('',*,*,#1817,.T.) ;
#3050=ORIENTED_EDGE('',*,*,#1792,.T.) ;
#3051=ORIENTED_EDGE('',*,*,#1767,.T.) ;
#3052=ORIENTED_EDGE('',*,*,#1840,.T.) ;
#3062=ORIENTED_EDGE('',*,*,#1917,.T.) ;
#3063=ORIENTED_EDGE('',*,*,#1892,.T.) ;
#3064=ORIENTED_EDGE('',*,*,#1867,.T.) ;
#3065=ORIENTED_EDGE('',*,*,#1940,.T.) ;
#3075=ORIENTED_EDGE('',*,*,#2017,.T.) ;
#3076=ORIENTED_EDGE('',*,*,#1992,.T.) ;
#3077=ORIENTED_EDGE('',*,*,#1967,.T.) ;
#3078=ORIENTED_EDGE('',*,*,#2040,.T.) ;
#3088=ORIENTED_EDGE('',*,*,#2117,.T.) ;
#3089=ORIENTED_EDGE('',*,*,#2092,.T.) ;
#3090=ORIENTED_EDGE('',*,*,#2067,.T.) ;
#3091=ORIENTED_EDGE('',*,*,#2140,.T.) ;
#3101=ORIENTED_EDGE('',*,*,#2217,.T.) ;
#3102=ORIENTED_EDGE('',*,*,#2192,.T.) ;
#3103=ORIENTED_EDGE('',*,*,#2167,.T.) ;
#3104=ORIENTED_EDGE('',*,*,#2240,.T.) ;
#3114=ORIENTED_EDGE('',*,*,#2317,.T.) ;
#3115=ORIENTED_EDGE('',*,*,#2292,.T.) ;
#3116=ORIENTED_EDGE('',*,*,#2267,.T.) ;
#3117=ORIENTED_EDGE('',*,*,#2340,.T.) ;
#3127=ORIENTED_EDGE('',*,*,#2417,.T.) ;
#3128=ORIENTED_EDGE('',*,*,#2392,.T.) ;
#3129=ORIENTED_EDGE('',*,*,#2367,.T.) ;
#3130=ORIENTED_EDGE('',*,*,#2440,.T.) ;
#3159=ORIENTED_EDGE('',*,*,#3145,.F.) ;
#3160=ORIENTED_EDGE('',*,*,#3152,.F.) ;
#3161=ORIENTED_EDGE('',*,*,#3157,.T.) ;
#3162=ORIENTED_EDGE('',*,*,#2472,.T.) ;
#3184=ORIENTED_EDGE('',*,*,#3177,.T.) ;
#3185=ORIENTED_EDGE('',*,*,#2504,.F.) ;
#3186=ORIENTED_EDGE('',*,*,#3157,.F.) ;
#3187=ORIENTED_EDGE('',*,*,#3182,.T.) ;
#3209=ORIENTED_EDGE('',*,*,#3177,.F.) ;
#3210=ORIENTED_EDGE('',*,*,#3202,.T.) ;
#3211=ORIENTED_EDGE('',*,*,#3207,.T.) ;
#3212=ORIENTED_EDGE('',*,*,#2529,.F.) ;
#3227=ORIENTED_EDGE('',*,*,#3207,.F.) ;
#3228=ORIENTED_EDGE('',*,*,#3225,.T.) ;
#3229=ORIENTED_EDGE('',*,*,#3145,.T.) ;
#3230=ORIENTED_EDGE('',*,*,#2547,.F.) ;
#3259=ORIENTED_EDGE('',*,*,#3245,.F.) ;
#3260=ORIENTED_EDGE('',*,*,#3252,.F.) ;
#3261=ORIENTED_EDGE('',*,*,#3257,.T.) ;
#3262=ORIENTED_EDGE('',*,*,#2579,.T.) ;
#3284=ORIENTED_EDGE('',*,*,#3277,.F.) ;
#3285=ORIENTED_EDGE('',*,*,#2604,.F.) ;
#3286=ORIENTED_EDGE('',*,*,#3257,.F.) ;
#3287=ORIENTED_EDGE('',*,*,#3282,.T.) ;
#3309=ORIENTED_EDGE('',*,*,#3277,.T.) ;
#3310=ORIENTED_EDGE('',*,*,#3302,.T.) ;
#3311=ORIENTED_EDGE('',*,*,#3307,.T.) ;
#3312=ORIENTED_EDGE('',*,*,#2629,.F.) ;
#3327=ORIENTED_EDGE('',*,*,#3307,.F.) ;
#3328=ORIENTED_EDGE('',*,*,#3325,.T.) ;
#3329=ORIENTED_EDGE('',*,*,#3245,.T.) ;
#3330=ORIENTED_EDGE('',*,*,#2647,.F.) ;
#3359=ORIENTED_EDGE('',*,*,#3345,.F.) ;
#3360=ORIENTED_EDGE('',*,*,#3352,.F.) ;
#3361=ORIENTED_EDGE('',*,*,#3357,.T.) ;
#3362=ORIENTED_EDGE('',*,*,#2679,.T.) ;
#3384=ORIENTED_EDGE('',*,*,#3377,.F.) ;
#3385=ORIENTED_EDGE('',*,*,#2704,.F.) ;
#3386=ORIENTED_EDGE('',*,*,#3357,.F.) ;
#3387=ORIENTED_EDGE('',*,*,#3382,.T.) ;
#3409=ORIENTED_EDGE('',*,*,#3377,.T.) ;
#3410=ORIENTED_EDGE('',*,*,#3402,.T.) ;
#3411=ORIENTED_EDGE('',*,*,#3407,.T.) ;
#3412=ORIENTED_EDGE('',*,*,#2729,.F.) ;
#3427=ORIENTED_EDGE('',*,*,#3407,.F.) ;
#3428=ORIENTED_EDGE('',*,*,#3425,.T.) ;
#3429=ORIENTED_EDGE('',*,*,#3345,.T.) ;
#3430=ORIENTED_EDGE('',*,*,#2747,.F.) ;
#3440=ORIENTED_EDGE('',*,*,#2824,.T.) ;
#3441=ORIENTED_EDGE('',*,*,#2799,.T.) ;
#3442=ORIENTED_EDGE('',*,*,#2774,.T.) ;
#3443=ORIENTED_EDGE('',*,*,#2847,.T.) ;
#3472=ORIENTED_EDGE('',*,*,#3458,.F.) ;
#3473=ORIENTED_EDGE('',*,*,#2895,.F.) ;
#3474=ORIENTED_EDGE('',*,*,#3465,.T.) ;
#3475=ORIENTED_EDGE('',*,*,#3470,.F.) ;
#3497=ORIENTED_EDGE('',*,*,#3490,.T.) ;
#3498=ORIENTED_EDGE('',*,*,#2902,.F.) ;
#3499=ORIENTED_EDGE('',*,*,#3458,.T.) ;
#3500=ORIENTED_EDGE('',*,*,#3495,.T.) ;
#3522=ORIENTED_EDGE('',*,*,#3515,.T.) ;
#3523=ORIENTED_EDGE('',*,*,#2909,.T.) ;
#3524=ORIENTED_EDGE('',*,*,#3490,.F.) ;
#3525=ORIENTED_EDGE('',*,*,#3520,.T.) ;
#3540=ORIENTED_EDGE('',*,*,#3465,.F.) ;
#3541=ORIENTED_EDGE('',*,*,#2914,.T.) ;
#3542=ORIENTED_EDGE('',*,*,#3515,.F.) ;
#3543=ORIENTED_EDGE('',*,*,#3538,.T.) ;
#3572=ORIENTED_EDGE('',*,*,#3558,.F.) ;
#3573=ORIENTED_EDGE('',*,*,#2929,.F.) ;
#3574=ORIENTED_EDGE('',*,*,#3565,.T.) ;
#3575=ORIENTED_EDGE('',*,*,#3570,.F.) ;
#3597=ORIENTED_EDGE('',*,*,#3590,.T.) ;
#3598=ORIENTED_EDGE('',*,*,#2936,.F.) ;
#3599=ORIENTED_EDGE('',*,*,#3558,.T.) ;
#3600=ORIENTED_EDGE('',*,*,#3595,.T.) ;
#3622=ORIENTED_EDGE('',*,*,#3615,.T.) ;
#3623=ORIENTED_EDGE('',*,*,#2943,.T.) ;
#3624=ORIENTED_EDGE('',*,*,#3590,.F.) ;
#3625=ORIENTED_EDGE('',*,*,#3620,.T.) ;
#3640=ORIENTED_EDGE('',*,*,#3565,.F.) ;
#3641=ORIENTED_EDGE('',*,*,#2948,.T.) ;
#3642=ORIENTED_EDGE('',*,*,#3615,.F.) ;
#3643=ORIENTED_EDGE('',*,*,#3638,.T.) ;
#3672=ORIENTED_EDGE('',*,*,#3658,.F.) ;
#3673=ORIENTED_EDGE('',*,*,#2963,.F.) ;
#3674=ORIENTED_EDGE('',*,*,#3665,.T.) ;
#3675=ORIENTED_EDGE('',*,*,#3670,.F.) ;
#3697=ORIENTED_EDGE('',*,*,#3690,.T.) ;
#3698=ORIENTED_EDGE('',*,*,#2970,.F.) ;
#3699=ORIENTED_EDGE('',*,*,#3658,.T.) ;
#3700=ORIENTED_EDGE('',*,*,#3695,.T.) ;
#3722=ORIENTED_EDGE('',*,*,#3715,.T.) ;
#3723=ORIENTED_EDGE('',*,*,#2977,.T.) ;
#3724=ORIENTED_EDGE('',*,*,#3690,.F.) ;
#3725=ORIENTED_EDGE('',*,*,#3720,.T.) ;
#3740=ORIENTED_EDGE('',*,*,#3665,.F.) ;
#3741=ORIENTED_EDGE('',*,*,#2982,.T.) ;
#3742=ORIENTED_EDGE('',*,*,#3715,.F.) ;
#3743=ORIENTED_EDGE('',*,*,#3738,.T.) ;
#3753=ORIENTED_EDGE('',*,*,#3182,.F.) ;
#3754=ORIENTED_EDGE('',*,*,#3152,.T.) ;
#3755=ORIENTED_EDGE('',*,*,#3225,.F.) ;
#3756=ORIENTED_EDGE('',*,*,#3202,.F.) ;
#3766=ORIENTED_EDGE('',*,*,#3282,.F.) ;
#3767=ORIENTED_EDGE('',*,*,#3252,.T.) ;
#3768=ORIENTED_EDGE('',*,*,#3325,.F.) ;
#3769=ORIENTED_EDGE('',*,*,#3302,.F.) ;
#3779=ORIENTED_EDGE('',*,*,#3382,.F.) ;
#3780=ORIENTED_EDGE('',*,*,#3352,.T.) ;
#3781=ORIENTED_EDGE('',*,*,#3425,.F.) ;
#3782=ORIENTED_EDGE('',*,*,#3402,.F.) ;
#3811=ORIENTED_EDGE('',*,*,#3797,.T.) ;
#3812=ORIENTED_EDGE('',*,*,#3470,.T.) ;
#3813=ORIENTED_EDGE('',*,*,#3804,.T.) ;
#3814=ORIENTED_EDGE('',*,*,#3809,.F.) ;
#3836=ORIENTED_EDGE('',*,*,#3829,.F.) ;
#3837=ORIENTED_EDGE('',*,*,#3495,.F.) ;
#3838=ORIENTED_EDGE('',*,*,#3797,.F.) ;
#3839=ORIENTED_EDGE('',*,*,#3834,.T.) ;
#3861=ORIENTED_EDGE('',*,*,#3829,.T.) ;
#3862=ORIENTED_EDGE('',*,*,#3854,.T.) ;
#3863=ORIENTED_EDGE('',*,*,#3859,.T.) ;
#3864=ORIENTED_EDGE('',*,*,#3520,.F.) ;
#3879=ORIENTED_EDGE('',*,*,#3804,.F.) ;
#3880=ORIENTED_EDGE('',*,*,#3538,.F.) ;
#3881=ORIENTED_EDGE('',*,*,#3859,.F.) ;
#3882=ORIENTED_EDGE('',*,*,#3877,.T.) ;
#3911=ORIENTED_EDGE('',*,*,#3897,.T.) ;
#3912=ORIENTED_EDGE('',*,*,#3570,.T.) ;
#3913=ORIENTED_EDGE('',*,*,#3904,.T.) ;
#3914=ORIENTED_EDGE('',*,*,#3909,.F.) ;
#3936=ORIENTED_EDGE('',*,*,#3929,.F.) ;
#3937=ORIENTED_EDGE('',*,*,#3595,.F.) ;
#3938=ORIENTED_EDGE('',*,*,#3897,.F.) ;
#3939=ORIENTED_EDGE('',*,*,#3934,.T.) ;
#3961=ORIENTED_EDGE('',*,*,#3929,.T.) ;
#3962=ORIENTED_EDGE('',*,*,#3954,.T.) ;
#3963=ORIENTED_EDGE('',*,*,#3959,.T.) ;
#3964=ORIENTED_EDGE('',*,*,#3620,.F.) ;
#3979=ORIENTED_EDGE('',*,*,#3904,.F.) ;
#3980=ORIENTED_EDGE('',*,*,#3638,.F.) ;
#3981=ORIENTED_EDGE('',*,*,#3959,.F.) ;
#3982=ORIENTED_EDGE('',*,*,#3977,.T.) ;
#4011=ORIENTED_EDGE('',*,*,#3997,.T.) ;
#4012=ORIENTED_EDGE('',*,*,#3670,.T.) ;
#4013=ORIENTED_EDGE('',*,*,#4004,.T.) ;
#4014=ORIENTED_EDGE('',*,*,#4009,.F.) ;
#4036=ORIENTED_EDGE('',*,*,#4029,.F.) ;
#4037=ORIENTED_EDGE('',*,*,#3695,.F.) ;
#4038=ORIENTED_EDGE('',*,*,#3997,.F.) ;
#4039=ORIENTED_EDGE('',*,*,#4034,.T.) ;
#4061=ORIENTED_EDGE('',*,*,#4029,.T.) ;
#4062=ORIENTED_EDGE('',*,*,#4054,.T.) ;
#4063=ORIENTED_EDGE('',*,*,#4059,.T.) ;
#4064=ORIENTED_EDGE('',*,*,#3720,.F.) ;
#4079=ORIENTED_EDGE('',*,*,#4004,.F.) ;
#4080=ORIENTED_EDGE('',*,*,#3738,.F.) ;
#4081=ORIENTED_EDGE('',*,*,#4059,.F.) ;
#4082=ORIENTED_EDGE('',*,*,#4077,.T.) ;
#4092=ORIENTED_EDGE('',*,*,#3877,.F.) ;
#4093=ORIENTED_EDGE('',*,*,#3854,.F.) ;
#4094=ORIENTED_EDGE('',*,*,#3834,.F.) ;
#4095=ORIENTED_EDGE('',*,*,#3809,.T.) ;
#4105=ORIENTED_EDGE('',*,*,#3977,.F.) ;
#4106=ORIENTED_EDGE('',*,*,#3954,.F.) ;
#4107=ORIENTED_EDGE('',*,*,#3934,.F.) ;
#4108=ORIENTED_EDGE('',*,*,#3909,.T.) ;
#4118=ORIENTED_EDGE('',*,*,#4077,.F.) ;
#4119=ORIENTED_EDGE('',*,*,#4054,.F.) ;
#4120=ORIENTED_EDGE('',*,*,#4034,.F.) ;
#4121=ORIENTED_EDGE('',*,*,#4009,.T.) ;
#263=FACE_BOUND('',#258,.T.) ;
#297=FACE_BOUND('',#292,.T.) ;
#331=FACE_BOUND('',#326,.T.) ;
#365=FACE_BOUND('',#360,.T.) ;
#399=FACE_BOUND('',#394,.T.) ;
#433=FACE_BOUND('',#428,.T.) ;
#467=FACE_BOUND('',#462,.T.) ;
#501=FACE_BOUND('',#496,.T.) ;
#535=FACE_BOUND('',#530,.T.) ;
#569=FACE_BOUND('',#564,.T.) ;
#603=FACE_BOUND('',#598,.T.) ;
#637=FACE_BOUND('',#632,.T.) ;
#671=FACE_BOUND('',#666,.T.) ;
#705=FACE_BOUND('',#700,.T.) ;
#739=FACE_BOUND('',#734,.T.) ;
#2920=FACE_BOUND('',#2915,.T.) ;
#2954=FACE_BOUND('',#2949,.T.) ;
#2988=FACE_BOUND('',#2983,.T.) ;
#30=CLOSED_SHELL('Closed Shell',(#740,#779,#804,#829,#854,#879,#904,#929,#954,#979,#1004,#1029,#1054,#1079,#1104,#1129,#1154,#1179,#1204,#1229,#1254,#1279,#1304,#1329,#1347,#1379,#1404,#1429,#1447,#1479,#1504,#1529,#1547,#1579,#1604,#1629,#1647,#1679,#1704,#1729,#1747,#1779,#1804,#1829,#1847,#1879,#1904,#1929,#1947,#1979,#2004,#2029,#2047,#2079,#2104,#2129,#2147,#2179,#2204,#2229,#2247,#2279,#2304,#2329,#2347,#2379,#2404,#2429,#2447,#2479,#2511,#2536,#2554,#2586,#2611,#2636,#2654,#2686,#2711,#2736,#2754,#2786,#2811,#2836,#2854,#2989,#3002,#3015,#3028,#3041,#3054,#3067,#3080,#3093,#3106,#3119,#3132,#3164,#3189,#3214,#3232,#3264,#3289,#3314,#3332,#3364,#3389,#3414,#3432,#3445,#3477,#3502,#3527,#3545,#3577,#3602,#3627,#3645,#3677,#3702,#3727,#3745,#3758,#3771,#3784,#3816,#3841,#3866,#3884,#3916,#3941,#3966,#3984,#4016,#4041,#4066,#4084,#4097,#4110,#4123)) ;
#4125=ADVANCED_BREP_SHAPE_REPRESENTATION('NONE',(#21),#16) ;
#740=ADVANCED_FACE('MANIFOLD_SOLID_BREP #3942',(#229,#263,#297,#331,#365,#399,#433,#467,#501,#535,#569,#603,#637,#671,#705,#739),#35,.F.) ;
#779=ADVANCED_FACE('MANIFOLD_SOLID_BREP #3942',(#778),#753,.T.) ;
#804=ADVANCED_FACE('MANIFOLD_SOLID_BREP #3942',(#803),#785,.T.) ;
#829=ADVANCED_FACE('MANIFOLD_SOLID_BREP #3942',(#828),#810,.T.) ;
#854=ADVANCED_FACE('MANIFOLD_SOLID_BREP #3942',(#853),#835,.T.) ;
#879=ADVANCED_FACE('MANIFOLD_SOLID_BREP #3942',(#878),#860,.T.) ;
#904=ADVANCED_FACE('MANIFOLD_SOLID_BREP #3942',(#903),#885,.F.) ;
#929=ADVANCED_FACE('MANIFOLD_SOLID_BREP #3942',(#928),#910,.F.) ;
#954=ADVANCED_FACE('MANIFOLD_SOLID_BREP #3942',(#953),#935,.F.) ;
#979=ADVANCED_FACE('MANIFOLD_SOLID_BREP #3942',(#978),#960,.T.) ;
#1004=ADVANCED_FACE('MANIFOLD_SOLID_BREP #3942',(#1003),#985,.F.) ;
#1029=ADVANCED_FACE('MANIFOLD_SOLID_BREP #3942',(#1028),#1010,.F.) ;
#1054=ADVANCED_FACE('MANIFOLD_SOLID_BREP #3942',(#1053),#1035,.F.) ;
#1079=ADVANCED_FACE('MANIFOLD_SOLID_BREP #3942',(#1078),#1060,.T.) ;
#1104=ADVANCED_FACE('MANIFOLD_SOLID_BREP #3942',(#1103),#1085,.T.) ;
#1129=ADVANCED_FACE('MANIFOLD_SOLID_BREP #3942',(#1128),#1110,.T.) ;
#1154=ADVANCED_FACE('MANIFOLD_SOLID_BREP #3942',(#1153),#1135,.T.) ;
#1179=ADVANCED_FACE('MANIFOLD_SOLID_BREP #3942',(#1178),#1160,.T.) ;
#1204=ADVANCED_FACE('MANIFOLD_SOLID_BREP #3942',(#1203),#1185,.F.) ;
#1229=ADVANCED_FACE('MANIFOLD_SOLID_BREP #3942',(#1228),#1210,.F.) ;
#1254=ADVANCED_FACE('MANIFOLD_SOLID_BREP #3942',(#1253),#1235,.F.) ;
#1279=ADVANCED_FACE('MANIFOLD_SOLID_BREP #3942',(#1278),#1260,.T.) ;
#1304=ADVANCED_FACE('MANIFOLD_SOLID_BREP #3942',(#1303),#1285,.F.) ;
#1329=ADVANCED_FACE('MANIFOLD_SOLID_BREP #3942',(#1328),#1310,.F.) ;
#1347=ADVANCED_FACE('MANIFOLD_SOLID_BREP #3942',(#1346),#1335,.F.) ;
#1379=ADVANCED_FACE('MANIFOLD_SOLID_BREP #3942',(#1378),#1353,.T.) ;
#1404=ADVANCED_FACE('MANIFOLD_SOLID_BREP #3942',(#1403),#1385,.T.) ;
#1429=ADVANCED_FACE('MANIFOLD_SOLID_BREP #3942',(#1428),#1410,.T.) ;
#1447=ADVANCED_FACE('MANIFOLD_SOLID_BREP #3942',(#1446),#1435,.T.) ;
#1479=ADVANCED_FACE('MANIFOLD_SOLID_BREP #3942',(#1478),#1453,.T.) ;
#1504=ADVANCED_FACE('MANIFOLD_SOLID_BREP #3942',(#1503),#1485,.T.) ;
#1529=ADVANCED_FACE('MANIFOLD_SOLID_BREP #3942',(#1528),#1510,.T.) ;
#1547=ADVANCED_FACE('MANIFOLD_SOLID_BREP #3942',(#1546),#1535,.T.) ;
#1579=ADVANCED_FACE('MANIFOLD_SOLID_BREP #3942',(#1578),#1553,.T.) ;
#1604=ADVANCED_FACE('MANIFOLD_SOLID_BREP #3942',(#1603),#1585,.T.) ;
#1629=ADVANCED_FACE('MANIFOLD_SOLID_BREP #3942',(#1628),#1610,.T.) ;
#1647=ADVANCED_FACE('MANIFOLD_SOLID_BREP #3942',(#1646),#1635,.T.) ;
#1679=ADVANCED_FACE('MANIFOLD_SOLID_BREP #3942',(#1678),#1653,.T.) ;
#1704=ADVANCED_FACE('MANIFOLD_SOLID_BREP #3942',(#1703),#1685,.T.) ;
#1729=ADVANCED_FACE('MANIFOLD_SOLID_BREP #3942',(#1728),#1710,.T.) ;
#1747=ADVANCED_FACE('MANIFOLD_SOLID_BREP #3942',(#1746),#1735,.T.) ;
#1779=ADVANCED_FACE('MANIFOLD_SOLID_BREP #3942',(#1778),#1753,.T.) ;
#1804=ADVANCED_FACE('MANIFOLD_SOLID_BREP #3942',(#1803),#1785,.T.) ;
#1829=ADVANCED_FACE('MANIFOLD_SOLID_BREP #3942',(#1828),#1810,.T.) ;
#1847=ADVANCED_FACE('MANIFOLD_SOLID_BREP #3942',(#1846),#1835,.T.) ;
#1879=ADVANCED_FACE('MANIFOLD_SOLID_BREP #3942',(#1878),#1853,.T.) ;
#1904=ADVANCED_FACE('MANIFOLD_SOLID_BREP #3942',(#1903),#1885,.T.) ;
#1929=ADVANCED_FACE('MANIFOLD_SOLID_BREP #3942',(#1928),#1910,.T.) ;
#1947=ADVANCED_FACE('MANIFOLD_SOLID_BREP #3942',(#1946),#1935,.T.) ;
#1979=ADVANCED_FACE('MANIFOLD_SOLID_BREP #3942',(#1978),#1953,.T.) ;
#2004=ADVANCED_FACE('MANIFOLD_SOLID_BREP #3942',(#2003),#1985,.T.) ;
#2029=ADVANCED_FACE('MANIFOLD_SOLID_BREP #3942',(#2028),#2010,.T.) ;
#2047=ADVANCED_FACE('MANIFOLD_SOLID_BREP #3942',(#2046),#2035,.T.) ;
#2079=ADVANCED_FACE('MANIFOLD_SOLID_BREP #3942',(#2078),#2053,.T.) ;
#2104=ADVANCED_FACE('MANIFOLD_SOLID_BREP #3942',(#2103),#2085,.T.) ;
#2129=ADVANCED_FACE('MANIFOLD_SOLID_BREP #3942',(#2128),#2110,.T.) ;
#2147=ADVANCED_FACE('MANIFOLD_SOLID_BREP #3942',(#2146),#2135,.T.) ;
#2179=ADVANCED_FACE('MANIFOLD_SOLID_BREP #3942',(#2178),#2153,.T.) ;
#2204=ADVANCED_FACE('MANIFOLD_SOLID_BREP #3942',(#2203),#2185,.T.) ;
#2229=ADVANCED_FACE('MANIFOLD_SOLID_BREP #3942',(#2228),#2210,.T.) ;
#2247=ADVANCED_FACE('MANIFOLD_SOLID_BREP #3942',(#2246),#2235,.T.) ;
#2279=ADVANCED_FACE('MANIFOLD_SOLID_BREP #3942',(#2278),#2253,.T.) ;
#2304=ADVANCED_FACE('MANIFOLD_SOLID_BREP #3942',(#2303),#2285,.T.) ;
#2329=ADVANCED_FACE('MANIFOLD_SOLID_BREP #3942',(#2328),#2310,.T.) ;
#2347=ADVANCED_FACE('MANIFOLD_SOLID_BREP #3942',(#2346),#2335,.T.) ;
#2379=ADVANCED_FACE('MANIFOLD_SOLID_BREP #3942',(#2378),#2353,.T.) ;
#2404=ADVANCED_FACE('MANIFOLD_SOLID_BREP #3942',(#2403),#2385,.T.) ;
#2429=ADVANCED_FACE('MANIFOLD_SOLID_BREP #3942',(#2428),#2410,.T.) ;
#2447=ADVANCED_FACE('MANIFOLD_SOLID_BREP #3942',(#2446),#2435,.T.) ;
#2479=ADVANCED_FACE('MANIFOLD_SOLID_BREP #3942',(#2478),#2453,.T.) ;
#2511=ADVANCED_FACE('MANIFOLD_SOLID_BREP #3942',(#2510),#2492,.T.) ;
#2536=ADVANCED_FACE('MANIFOLD_SOLID_BREP #3942',(#2535),#2517,.T.) ;
#2554=ADVANCED_FACE('MANIFOLD_SOLID_BREP #3942',(#2553),#2542,.F.) ;
#2586=ADVANCED_FACE('MANIFOLD_SOLID_BREP #3942',(#2585),#2560,.T.) ;
#2611=ADVANCED_FACE('MANIFOLD_SOLID_BREP #3942',(#2610),#2592,.T.) ;
#2636=ADVANCED_FACE('MANIFOLD_SOLID_BREP #3942',(#2635),#2617,.T.) ;
#2654=ADVANCED_FACE('MANIFOLD_SOLID_BREP #3942',(#2653),#2642,.F.) ;
#2686=ADVANCED_FACE('MANIFOLD_SOLID_BREP #3942',(#2685),#2660,.T.) ;
#2711=ADVANCED_FACE('MANIFOLD_SOLID_BREP #3942',(#2710),#2692,.T.) ;
#2736=ADVANCED_FACE('MANIFOLD_SOLID_BREP #3942',(#2735),#2717,.T.) ;
#2754=ADVANCED_FACE('MANIFOLD_SOLID_BREP #3942',(#2753),#2742,.F.) ;
#2786=ADVANCED_FACE('MANIFOLD_SOLID_BREP #3942',(#2785),#2760,.T.) ;
#2811=ADVANCED_FACE('MANIFOLD_SOLID_BREP #3942',(#2810),#2792,.T.) ;
#2836=ADVANCED_FACE('MANIFOLD_SOLID_BREP #3942',(#2835),#2817,.T.) ;
#2854=ADVANCED_FACE('MANIFOLD_SOLID_BREP #3942',(#2853),#2842,.T.) ;
#2989=ADVANCED_FACE('MANIFOLD_SOLID_BREP #3942',(#2886,#2920,#2954,#2988),#2860,.T.) ;
#3002=ADVANCED_FACE('MANIFOLD_SOLID_BREP #3942',(#3001),#2995,.T.) ;
#3015=ADVANCED_FACE('MANIFOLD_SOLID_BREP #3942',(#3014),#3008,.T.) ;
#3028=ADVANCED_FACE('MANIFOLD_SOLID_BREP #3942',(#3027),#3021,.T.) ;
#3041=ADVANCED_FACE('MANIFOLD_SOLID_BREP #3942',(#3040),#3034,.T.) ;
#3054=ADVANCED_FACE('MANIFOLD_SOLID_BREP #3942',(#3053),#3047,.T.) ;
#3067=ADVANCED_FACE('MANIFOLD_SOLID_BREP #3942',(#3066),#3060,.T.) ;
#3080=ADVANCED_FACE('MANIFOLD_SOLID_BREP #3942',(#3079),#3073,.T.) ;
#3093=ADVANCED_FACE('MANIFOLD_SOLID_BREP #3942',(#3092),#3086,.T.) ;
#3106=ADVANCED_FACE('MANIFOLD_SOLID_BREP #3942',(#3105),#3099,.T.) ;
#3119=ADVANCED_FACE('MANIFOLD_SOLID_BREP #3942',(#3118),#3112,.T.) ;
#3132=ADVANCED_FACE('MANIFOLD_SOLID_BREP #3942',(#3131),#3125,.T.) ;
#3164=ADVANCED_FACE('MANIFOLD_SOLID_BREP #3942',(#3163),#3138,.T.) ;
#3189=ADVANCED_FACE('MANIFOLD_SOLID_BREP #3942',(#3188),#3170,.T.) ;
#3214=ADVANCED_FACE('MANIFOLD_SOLID_BREP #3942',(#3213),#3195,.T.) ;
#3232=ADVANCED_FACE('MANIFOLD_SOLID_BREP #3942',(#3231),#3220,.T.) ;
#3264=ADVANCED_FACE('MANIFOLD_SOLID_BREP #3942',(#3263),#3238,.T.) ;
#3289=ADVANCED_FACE('MANIFOLD_SOLID_BREP #3942',(#3288),#3270,.T.) ;
#3314=ADVANCED_FACE('MANIFOLD_SOLID_BREP #3942',(#3313),#3295,.T.) ;
#3332=ADVANCED_FACE('MANIFOLD_SOLID_BREP #3942',(#3331),#3320,.T.) ;
#3364=ADVANCED_FACE('MANIFOLD_SOLID_BREP #3942',(#3363),#3338,.T.) ;
#3389=ADVANCED_FACE('MANIFOLD_SOLID_BREP #3942',(#3388),#3370,.T.) ;
#3414=ADVANCED_FACE('MANIFOLD_SOLID_BREP #3942',(#3413),#3395,.T.) ;
#3432=ADVANCED_FACE('MANIFOLD_SOLID_BREP #3942',(#3431),#3420,.T.) ;
#3445=ADVANCED_FACE('MANIFOLD_SOLID_BREP #3942',(#3444),#3438,.T.) ;
#3477=ADVANCED_FACE('MANIFOLD_SOLID_BREP #3942',(#3476),#3451,.T.) ;
#3502=ADVANCED_FACE('MANIFOLD_SOLID_BREP #3942',(#3501),#3483,.T.) ;
#3527=ADVANCED_FACE('MANIFOLD_SOLID_BREP #3942',(#3526),#3508,.T.) ;
#3545=ADVANCED_FACE('MANIFOLD_SOLID_BREP #3942',(#3544),#3533,.F.) ;
#3577=ADVANCED_FACE('MANIFOLD_SOLID_BREP #3942',(#3576),#3551,.T.) ;
#3602=ADVANCED_FACE('MANIFOLD_SOLID_BREP #3942',(#3601),#3583,.T.) ;
#3627=ADVANCED_FACE('MANIFOLD_SOLID_BREP #3942',(#3626),#3608,.T.) ;
#3645=ADVANCED_FACE('MANIFOLD_SOLID_BREP #3942',(#3644),#3633,.F.) ;
#3677=ADVANCED_FACE('MANIFOLD_SOLID_BREP #3942',(#3676),#3651,.T.) ;
#3702=ADVANCED_FACE('MANIFOLD_SOLID_BREP #3942',(#3701),#3683,.T.) ;
#3727=ADVANCED_FACE('MANIFOLD_SOLID_BREP #3942',(#3726),#3708,.T.) ;
#3745=ADVANCED_FACE('MANIFOLD_SOLID_BREP #3942',(#3744),#3733,.F.) ;
#3758=ADVANCED_FACE('MANIFOLD_SOLID_BREP #3942',(#3757),#3751,.T.) ;
#3771=ADVANCED_FACE('MANIFOLD_SOLID_BREP #3942',(#3770),#3764,.T.) ;
#3784=ADVANCED_FACE('MANIFOLD_SOLID_BREP #3942',(#3783),#3777,.T.) ;
#3816=ADVANCED_FACE('MANIFOLD_SOLID_BREP #3942',(#3815),#3790,.T.) ;
#3841=ADVANCED_FACE('MANIFOLD_SOLID_BREP #3942',(#3840),#3822,.T.) ;
#3866=ADVANCED_FACE('MANIFOLD_SOLID_BREP #3942',(#3865),#3847,.T.) ;
#3884=ADVANCED_FACE('MANIFOLD_SOLID_BREP #3942',(#3883),#3872,.T.) ;
#3916=ADVANCED_FACE('MANIFOLD_SOLID_BREP #3942',(#3915),#3890,.T.) ;
#3941=ADVANCED_FACE('MANIFOLD_SOLID_BREP #3942',(#3940),#3922,.T.) ;
#3966=ADVANCED_FACE('MANIFOLD_SOLID_BREP #3942',(#3965),#3947,.T.) ;
#3984=ADVANCED_FACE('MANIFOLD_SOLID_BREP #3942',(#3983),#3972,.T.) ;
#4016=ADVANCED_FACE('MANIFOLD_SOLID_BREP #3942',(#4015),#3990,.T.) ;
#4041=ADVANCED_FACE('MANIFOLD_SOLID_BREP #3942',(#4040),#4022,.T.) ;
#4066=ADVANCED_FACE('MANIFOLD_SOLID_BREP #3942',(#4065),#4047,.T.) ;
#4084=ADVANCED_FACE('MANIFOLD_SOLID_BREP #3942',(#4083),#4072,.T.) ;
#4097=ADVANCED_FACE('MANIFOLD_SOLID_BREP #3942',(#4096),#4090,.T.) ;
#4110=ADVANCED_FACE('MANIFOLD_SOLID_BREP #3942',(#4109),#4103,.T.) ;
#4123=ADVANCED_FACE('MANIFOLD_SOLID_BREP #3942',(#4122),#4116,.T.) ;
#4=APPLICATION_PROTOCOL_DEFINITION('international standard','automotive_design',2001,#1) ;
#21=MANIFOLD_SOLID_BREP('MANIFOLD_SOLID_BREP #3942',#30) ;
#22=COLOUR_RGB('Colour',0.823529411765,0.823529411765,1.) ;
#741=COLOUR_RGB('Colour',0.188235294118,0.188235294118,0.188235294118) ;
#2480=COLOUR_RGB('Colour',0.870588235294,0.63137254902,0.172549019608) ;
#748=OVER_RIDING_STYLED_ITEM(' ',(#747),#740,#29) ;
#780=OVER_RIDING_STYLED_ITEM(' ',(#747),#779,#29) ;
#805=OVER_RIDING_STYLED_ITEM(' ',(#747),#804,#29) ;
#830=OVER_RIDING_STYLED_ITEM(' ',(#747),#829,#29) ;
#855=OVER_RIDING_STYLED_ITEM(' ',(#747),#854,#29) ;
#880=OVER_RIDING_STYLED_ITEM(' ',(#747),#879,#29) ;
#905=OVER_RIDING_STYLED_ITEM(' ',(#747),#904,#29) ;
#930=OVER_RIDING_STYLED_ITEM(' ',(#747),#929,#29) ;
#955=OVER_RIDING_STYLED_ITEM(' ',(#747),#954,#29) ;
#980=OVER_RIDING_STYLED_ITEM(' ',(#747),#979,#29) ;
#1005=OVER_RIDING_STYLED_ITEM(' ',(#747),#1004,#29) ;
#1030=OVER_RIDING_STYLED_ITEM(' ',(#747),#1029,#29) ;
#1055=OVER_RIDING_STYLED_ITEM(' ',(#747),#1054,#29) ;
#1080=OVER_RIDING_STYLED_ITEM(' ',(#747),#1079,#29) ;
#1105=OVER_RIDING_STYLED_ITEM(' ',(#747),#1104,#29) ;
#1130=OVER_RIDING_STYLED_ITEM(' ',(#747),#1129,#29) ;
#1155=OVER_RIDING_STYLED_ITEM(' ',(#747),#1154,#29) ;
#1180=OVER_RIDING_STYLED_ITEM(' ',(#747),#1179,#29) ;
#1205=OVER_RIDING_STYLED_ITEM(' ',(#747),#1204,#29) ;
#1230=OVER_RIDING_STYLED_ITEM(' ',(#747),#1229,#29) ;
#1255=OVER_RIDING_STYLED_ITEM(' ',(#747),#1254,#29) ;
#1280=OVER_RIDING_STYLED_ITEM(' ',(#747),#1279,#29) ;
#1305=OVER_RIDING_STYLED_ITEM(' ',(#747),#1304,#29) ;
#1330=OVER_RIDING_STYLED_ITEM(' ',(#747),#1329,#29) ;
#1348=OVER_RIDING_STYLED_ITEM(' ',(#747),#1347,#29) ;
#1380=OVER_RIDING_STYLED_ITEM(' ',(#747),#1379,#29) ;
#1405=OVER_RIDING_STYLED_ITEM(' ',(#747),#1404,#29) ;
#1430=OVER_RIDING_STYLED_ITEM(' ',(#747),#1429,#29) ;
#1448=OVER_RIDING_STYLED_ITEM(' ',(#747),#1447,#29) ;
#1480=OVER_RIDING_STYLED_ITEM(' ',(#747),#1479,#29) ;
#1505=OVER_RIDING_STYLED_ITEM(' ',(#747),#1504,#29) ;
#1530=OVER_RIDING_STYLED_ITEM(' ',(#747),#1529,#29) ;
#1548=OVER_RIDING_STYLED_ITEM(' ',(#747),#1547,#29) ;
#1580=OVER_RIDING_STYLED_ITEM(' ',(#747),#1579,#29) ;
#1605=OVER_RIDING_STYLED_ITEM(' ',(#747),#1604,#29) ;
#1630=OVER_RIDING_STYLED_ITEM(' ',(#747),#1629,#29) ;
#1648=OVER_RIDING_STYLED_ITEM(' ',(#747),#1647,#29) ;
#1680=OVER_RIDING_STYLED_ITEM(' ',(#747),#1679,#29) ;
#1705=OVER_RIDING_STYLED_ITEM(' ',(#747),#1704,#29) ;
#1730=OVER_RIDING_STYLED_ITEM(' ',(#747),#1729,#29) ;
#1748=OVER_RIDING_STYLED_ITEM(' ',(#747),#1747,#29) ;
#1780=OVER_RIDING_STYLED_ITEM(' ',(#747),#1779,#29) ;
#1805=OVER_RIDING_STYLED_ITEM(' ',(#747),#1804,#29) ;
#1830=OVER_RIDING_STYLED_ITEM(' ',(#747),#1829,#29) ;
#1848=OVER_RIDING_STYLED_ITEM(' ',(#747),#1847,#29) ;
#1880=OVER_RIDING_STYLED_ITEM(' ',(#747),#1879,#29) ;
#1905=OVER_RIDING_STYLED_ITEM(' ',(#747),#1904,#29) ;
#1930=OVER_RIDING_STYLED_ITEM(' ',(#747),#1929,#29) ;
#1948=OVER_RIDING_STYLED_ITEM(' ',(#747),#1947,#29) ;
#1980=OVER_RIDING_STYLED_ITEM(' ',(#747),#1979,#29) ;
#2005=OVER_RIDING_STYLED_ITEM(' ',(#747),#2004,#29) ;
#2030=OVER_RIDING_STYLED_ITEM(' ',(#747),#2029,#29) ;
#2048=OVER_RIDING_STYLED_ITEM(' ',(#747),#2047,#29) ;
#2080=OVER_RIDING_STYLED_ITEM(' ',(#747),#2079,#29) ;
#2105=OVER_RIDING_STYLED_ITEM(' ',(#747),#2104,#29) ;
#2130=OVER_RIDING_STYLED_ITEM(' ',(#747),#2129,#29) ;
#2148=OVER_RIDING_STYLED_ITEM(' ',(#747),#2147,#29) ;
#2180=OVER_RIDING_STYLED_ITEM(' ',(#747),#2179,#29) ;
#2205=OVER_RIDING_STYLED_ITEM(' ',(#747),#2204,#29) ;
#2230=OVER_RIDING_STYLED_ITEM(' ',(#747),#2229,#29) ;
#2248=OVER_RIDING_STYLED_ITEM(' ',(#747),#2247,#29) ;
#2280=OVER_RIDING_STYLED_ITEM(' ',(#747),#2279,#29) ;
#2305=OVER_RIDING_STYLED_ITEM(' ',(#747),#2304,#29) ;
#2330=OVER_RIDING_STYLED_ITEM(' ',(#747),#2329,#29) ;
#2348=OVER_RIDING_STYLED_ITEM(' ',(#747),#2347,#29) ;
#2380=OVER_RIDING_STYLED_ITEM(' ',(#747),#2379,#29) ;
#2405=OVER_RIDING_STYLED_ITEM(' ',(#747),#2404,#29) ;
#2430=OVER_RIDING_STYLED_ITEM(' ',(#747),#2429,#29) ;
#2448=OVER_RIDING_STYLED_ITEM(' ',(#747),#2447,#29) ;
#2487=OVER_RIDING_STYLED_ITEM(' ',(#2486),#2479,#29) ;
#2512=OVER_RIDING_STYLED_ITEM(' ',(#2486),#2511,#29) ;
#2537=OVER_RIDING_STYLED_ITEM(' ',(#2486),#2536,#29) ;
#2555=OVER_RIDING_STYLED_ITEM(' ',(#2486),#2554,#29) ;
#2587=OVER_RIDING_STYLED_ITEM(' ',(#2486),#2586,#29) ;
#2612=OVER_RIDING_STYLED_ITEM(' ',(#2486),#2611,#29) ;
#2637=OVER_RIDING_STYLED_ITEM(' ',(#2486),#2636,#29) ;
#2655=OVER_RIDING_STYLED_ITEM(' ',(#2486),#2654,#29) ;
#2687=OVER_RIDING_STYLED_ITEM(' ',(#2486),#2686,#29) ;
#2712=OVER_RIDING_STYLED_ITEM(' ',(#2486),#2711,#29) ;
#2737=OVER_RIDING_STYLED_ITEM(' ',(#2486),#2736,#29) ;
#2755=OVER_RIDING_STYLED_ITEM(' ',(#2486),#2754,#29) ;
#2787=OVER_RIDING_STYLED_ITEM(' ',(#747),#2786,#29) ;
#2812=OVER_RIDING_STYLED_ITEM(' ',(#747),#2811,#29) ;
#2837=OVER_RIDING_STYLED_ITEM(' ',(#747),#2836,#29) ;
#2855=OVER_RIDING_STYLED_ITEM(' ',(#747),#2854,#29) ;
#2990=OVER_RIDING_STYLED_ITEM(' ',(#747),#2989,#29) ;
#3003=OVER_RIDING_STYLED_ITEM(' ',(#747),#3002,#29) ;
#3016=OVER_RIDING_STYLED_ITEM(' ',(#747),#3015,#29) ;
#3029=OVER_RIDING_STYLED_ITEM(' ',(#747),#3028,#29) ;
#3042=OVER_RIDING_STYLED_ITEM(' ',(#747),#3041,#29) ;
#3055=OVER_RIDING_STYLED_ITEM(' ',(#747),#3054,#29) ;
#3068=OVER_RIDING_STYLED_ITEM(' ',(#747),#3067,#29) ;
#3081=OVER_RIDING_STYLED_ITEM(' ',(#747),#3080,#29) ;
#3094=OVER_RIDING_STYLED_ITEM(' ',(#747),#3093,#29) ;
#3107=OVER_RIDING_STYLED_ITEM(' ',(#747),#3106,#29) ;
#3120=OVER_RIDING_STYLED_ITEM(' ',(#747),#3119,#29) ;
#3133=OVER_RIDING_STYLED_ITEM(' ',(#747),#3132,#29) ;
#3165=OVER_RIDING_STYLED_ITEM(' ',(#2486),#3164,#29) ;
#3190=OVER_RIDING_STYLED_ITEM(' ',(#2486),#3189,#29) ;
#3215=OVER_RIDING_STYLED_ITEM(' ',(#2486),#3214,#29) ;
#3233=OVER_RIDING_STYLED_ITEM(' ',(#2486),#3232,#29) ;
#3265=OVER_RIDING_STYLED_ITEM(' ',(#2486),#3264,#29) ;
#3290=OVER_RIDING_STYLED_ITEM(' ',(#2486),#3289,#29) ;
#3315=OVER_RIDING_STYLED_ITEM(' ',(#2486),#3314,#29) ;
#3333=OVER_RIDING_STYLED_ITEM(' ',(#2486),#3332,#29) ;
#3365=OVER_RIDING_STYLED_ITEM(' ',(#2486),#3364,#29) ;
#3390=OVER_RIDING_STYLED_ITEM(' ',(#2486),#3389,#29) ;
#3415=OVER_RIDING_STYLED_ITEM(' ',(#2486),#3414,#29) ;
#3433=OVER_RIDING_STYLED_ITEM(' ',(#2486),#3432,#29) ;
#3446=OVER_RIDING_STYLED_ITEM(' ',(#747),#3445,#29) ;
#3478=OVER_RIDING_STYLED_ITEM(' ',(#2486),#3477,#29) ;
#3503=OVER_RIDING_STYLED_ITEM(' ',(#2486),#3502,#29) ;
#3528=OVER_RIDING_STYLED_ITEM(' ',(#2486),#3527,#29) ;
#3546=OVER_RIDING_STYLED_ITEM(' ',(#2486),#3545,#29) ;
#3578=OVER_RIDING_STYLED_ITEM(' ',(#2486),#3577,#29) ;
#3603=OVER_RIDING_STYLED_ITEM(' ',(#2486),#3602,#29) ;
#3628=OVER_RIDING_STYLED_ITEM(' ',(#2486),#3627,#29) ;
#3646=OVER_RIDING_STYLED_ITEM(' ',(#2486),#3645,#29) ;
#3678=OVER_RIDING_STYLED_ITEM(' ',(#2486),#3677,#29) ;
#3703=OVER_RIDING_STYLED_ITEM(' ',(#2486),#3702,#29) ;
#3728=OVER_RIDING_STYLED_ITEM(' ',(#2486),#3727,#29) ;
#3746=OVER_RIDING_STYLED_ITEM(' ',(#2486),#3745,#29) ;
#3759=OVER_RIDING_STYLED_ITEM(' ',(#2486),#3758,#29) ;
#3772=OVER_RIDING_STYLED_ITEM(' ',(#2486),#3771,#29) ;
#3785=OVER_RIDING_STYLED_ITEM(' ',(#2486),#3784,#29) ;
#3817=OVER_RIDING_STYLED_ITEM(' ',(#2486),#3816,#29) ;
#3842=OVER_RIDING_STYLED_ITEM(' ',(#2486),#3841,#29) ;
#3867=OVER_RIDING_STYLED_ITEM(' ',(#2486),#3866,#29) ;
#3885=OVER_RIDING_STYLED_ITEM(' ',(#2486),#3884,#29) ;
#3917=OVER_RIDING_STYLED_ITEM(' ',(#2486),#3916,#29) ;
#3942=OVER_RIDING_STYLED_ITEM(' ',(#2486),#3941,#29) ;
#3967=OVER_RIDING_STYLED_ITEM(' ',(#2486),#3966,#29) ;
#3985=OVER_RIDING_STYLED_ITEM(' ',(#2486),#3984,#29) ;
#4017=OVER_RIDING_STYLED_ITEM(' ',(#2486),#4016,#29) ;
#4042=OVER_RIDING_STYLED_ITEM(' ',(#2486),#4041,#29) ;
#4067=OVER_RIDING_STYLED_ITEM(' ',(#2486),#4066,#29) ;
#4085=OVER_RIDING_STYLED_ITEM(' ',(#2486),#4084,#29) ;
#4098=OVER_RIDING_STYLED_ITEM(' ',(#2486),#4097,#29) ;
#4111=OVER_RIDING_STYLED_ITEM(' ',(#2486),#4110,#29) ;
#4124=OVER_RIDING_STYLED_ITEM(' ',(#2486),#4123,#29) ;
#44=EDGE_CURVE('',#41,#43,#39,.T.) ;
#51=EDGE_CURVE('',#50,#41,#48,.T.) ;
#58=EDGE_CURVE('',#57,#50,#55,.T.) ;
#65=EDGE_CURVE('',#64,#57,#62,.T.) ;
#72=EDGE_CURVE('',#71,#64,#69,.T.) ;
#79=EDGE_CURVE('',#78,#71,#76,.T.) ;
#86=EDGE_CURVE('',#85,#78,#83,.T.) ;
#93=EDGE_CURVE('',#92,#85,#90,.T.) ;
#100=EDGE_CURVE('',#99,#92,#97,.T.) ;
#107=EDGE_CURVE('',#106,#99,#104,.T.) ;
#114=EDGE_CURVE('',#113,#106,#111,.T.) ;
#121=EDGE_CURVE('',#120,#113,#118,.T.) ;
#128=EDGE_CURVE('',#127,#120,#125,.T.) ;
#135=EDGE_CURVE('',#134,#127,#132,.T.) ;
#142=EDGE_CURVE('',#141,#134,#139,.T.) ;
#149=EDGE_CURVE('',#148,#141,#146,.T.) ;
#156=EDGE_CURVE('',#155,#148,#153,.T.) ;
#163=EDGE_CURVE('',#162,#155,#160,.T.) ;
#170=EDGE_CURVE('',#169,#162,#167,.T.) ;
#177=EDGE_CURVE('',#176,#169,#174,.T.) ;
#184=EDGE_CURVE('',#183,#176,#181,.T.) ;
#191=EDGE_CURVE('',#190,#183,#188,.T.) ;
#198=EDGE_CURVE('',#197,#190,#195,.T.) ;
#203=EDGE_CURVE('',#43,#197,#202,.T.) ;
#238=EDGE_CURVE('',#235,#237,#233,.T.) ;
#245=EDGE_CURVE('',#244,#235,#242,.T.) ;
#252=EDGE_CURVE('',#251,#244,#249,.T.) ;
#257=EDGE_CURVE('',#237,#251,#256,.T.) ;
#272=EDGE_CURVE('',#269,#271,#267,.T.) ;
#279=EDGE_CURVE('',#278,#269,#276,.T.) ;
#286=EDGE_CURVE('',#285,#278,#283,.T.) ;
#291=EDGE_CURVE('',#271,#285,#290,.T.) ;
#306=EDGE_CURVE('',#303,#305,#301,.T.) ;
#313=EDGE_CURVE('',#312,#303,#310,.T.) ;
#320=EDGE_CURVE('',#319,#312,#317,.T.) ;
#325=EDGE_CURVE('',#305,#319,#324,.T.) ;
#340=EDGE_CURVE('',#337,#339,#335,.T.) ;
#347=EDGE_CURVE('',#346,#337,#344,.T.) ;
#354=EDGE_CURVE('',#353,#346,#351,.T.) ;
#359=EDGE_CURVE('',#339,#353,#358,.T.) ;
#374=EDGE_CURVE('',#371,#373,#369,.T.) ;
#381=EDGE_CURVE('',#380,#371,#378,.T.) ;
#388=EDGE_CURVE('',#387,#380,#385,.T.) ;
#393=EDGE_CURVE('',#373,#387,#392,.T.) ;
#408=EDGE_CURVE('',#405,#407,#403,.T.) ;
#415=EDGE_CURVE('',#414,#405,#412,.T.) ;
#422=EDGE_CURVE('',#421,#414,#419,.T.) ;
#427=EDGE_CURVE('',#407,#421,#426,.T.) ;
#442=EDGE_CURVE('',#439,#441,#437,.T.) ;
#449=EDGE_CURVE('',#448,#439,#446,.T.) ;
#456=EDGE_CURVE('',#455,#448,#453,.T.) ;
#461=EDGE_CURVE('',#441,#455,#460,.T.) ;
#476=EDGE_CURVE('',#473,#475,#471,.T.) ;
#483=EDGE_CURVE('',#482,#473,#480,.T.) ;
#490=EDGE_CURVE('',#489,#482,#487,.T.) ;
#495=EDGE_CURVE('',#475,#489,#494,.T.) ;
#510=EDGE_CURVE('',#507,#509,#505,.T.) ;
#517=EDGE_CURVE('',#516,#507,#514,.T.) ;
#524=EDGE_CURVE('',#523,#516,#521,.T.) ;
#529=EDGE_CURVE('',#509,#523,#528,.T.) ;
#544=EDGE_CURVE('',#541,#543,#539,.T.) ;
#551=EDGE_CURVE('',#550,#541,#548,.T.) ;
#558=EDGE_CURVE('',#557,#550,#555,.T.) ;
#563=EDGE_CURVE('',#543,#557,#562,.T.) ;
#578=EDGE_CURVE('',#575,#577,#573,.T.) ;
#585=EDGE_CURVE('',#584,#575,#582,.T.) ;
#592=EDGE_CURVE('',#591,#584,#589,.T.) ;
#597=EDGE_CURVE('',#577,#591,#596,.T.) ;
#612=EDGE_CURVE('',#609,#611,#607,.T.) ;
#619=EDGE_CURVE('',#618,#611,#616,.T.) ;
#626=EDGE_CURVE('',#625,#618,#623,.T.) ;
#631=EDGE_CURVE('',#625,#609,#630,.T.) ;
#646=EDGE_CURVE('',#643,#645,#641,.T.) ;
#653=EDGE_CURVE('',#652,#645,#650,.T.) ;
#660=EDGE_CURVE('',#659,#652,#657,.T.) ;
#665=EDGE_CURVE('',#659,#643,#664,.T.) ;
#680=EDGE_CURVE('',#677,#679,#675,.T.) ;
#687=EDGE_CURVE('',#686,#679,#684,.T.) ;
#694=EDGE_CURVE('',#693,#686,#691,.T.) ;
#699=EDGE_CURVE('',#693,#677,#698,.T.) ;
#714=EDGE_CURVE('',#711,#713,#709,.T.) ;
#721=EDGE_CURVE('',#720,#711,#718,.T.) ;
#728=EDGE_CURVE('',#727,#720,#725,.T.) ;
#733=EDGE_CURVE('',#713,#727,#732,.T.) ;
#762=EDGE_CURVE('',#759,#761,#757,.T.) ;
#767=EDGE_CURVE('',#41,#759,#766,.T.) ;
#772=EDGE_CURVE('',#43,#761,#771,.T.) ;
#792=EDGE_CURVE('',#791,#759,#789,.T.) ;
#797=EDGE_CURVE('',#50,#791,#796,.T.) ;
#817=EDGE_CURVE('',#816,#791,#814,.T.) ;
#822=EDGE_CURVE('',#57,#816,#821,.T.) ;
#842=EDGE_CURVE('',#841,#816,#839,.T.) ;
#847=EDGE_CURVE('',#64,#841,#846,.T.) ;
#867=EDGE_CURVE('',#866,#841,#864,.T.) ;
#872=EDGE_CURVE('',#71,#866,#871,.T.) ;
#892=EDGE_CURVE('',#891,#866,#889,.T.) ;
#897=EDGE_CURVE('',#78,#891,#896,.T.) ;
#917=EDGE_CURVE('',#916,#891,#914,.T.) ;
#922=EDGE_CURVE('',#85,#916,#921,.T.) ;
#942=EDGE_CURVE('',#941,#916,#939,.T.) ;
#947=EDGE_CURVE('',#92,#941,#946,.T.) ;
#967=EDGE_CURVE('',#966,#941,#964,.T.) ;
#972=EDGE_CURVE('',#99,#966,#971,.T.) ;
#992=EDGE_CURVE('',#991,#966,#989,.T.) ;
#997=EDGE_CURVE('',#106,#991,#996,.T.) ;
#1017=EDGE_CURVE('',#1016,#991,#1014,.T.) ;
#1022=EDGE_CURVE('',#113,#1016,#1021,.T.) ;
#1042=EDGE_CURVE('',#1041,#1016,#1039,.T.) ;
#1047=EDGE_CURVE('',#120,#1041,#1046,.T.) ;
#1067=EDGE_CURVE('',#1066,#1041,#1064,.T.) ;
#1072=EDGE_CURVE('',#127,#1066,#1071,.T.) ;
#1092=EDGE_CURVE('',#1091,#1066,#1089,.T.) ;
#1097=EDGE_CURVE('',#134,#1091,#1096,.T.) ;
#1117=EDGE_CURVE('',#1116,#1091,#1114,.T.) ;
#1122=EDGE_CURVE('',#141,#1116,#1121,.T.) ;
#1142=EDGE_CURVE('',#1141,#1116,#1139,.T.) ;
#1147=EDGE_CURVE('',#148,#1141,#1146,.T.) ;
#1167=EDGE_CURVE('',#1166,#1141,#1164,.T.) ;
#1172=EDGE_CURVE('',#155,#1166,#1171,.T.) ;
#1192=EDGE_CURVE('',#1191,#1166,#1189,.T.) ;
#1197=EDGE_CURVE('',#162,#1191,#1196,.T.) ;
#1217=EDGE_CURVE('',#1216,#1191,#1214,.T.) ;
#1222=EDGE_CURVE('',#169,#1216,#1221,.T.) ;
#1242=EDGE_CURVE('',#1241,#1216,#1239,.T.) ;
#1247=EDGE_CURVE('',#176,#1241,#1246,.T.) ;
#1267=EDGE_CURVE('',#1266,#1241,#1264,.T.) ;
#1272=EDGE_CURVE('',#183,#1266,#1271,.T.) ;
#1292=EDGE_CURVE('',#1291,#1266,#1289,.T.) ;
#1297=EDGE_CURVE('',#190,#1291,#1296,.T.) ;
#1317=EDGE_CURVE('',#1316,#1291,#1314,.T.) ;
#1322=EDGE_CURVE('',#197,#1316,#1321,.T.) ;
#1340=EDGE_CURVE('',#761,#1316,#1339,.T.) ;
#1360=EDGE_CURVE('',#237,#1359,#1357,.T.) ;
#1367=EDGE_CURVE('',#1366,#1359,#1364,.T.) ;
#1372=EDGE_CURVE('',#235,#1366,#1371,.T.) ;
#1392=EDGE_CURVE('',#1391,#1366,#1389,.T.) ;
#1397=EDGE_CURVE('',#244,#1391,#1396,.T.) ;
#1417=EDGE_CURVE('',#1416,#1391,#1414,.T.) ;
#1422=EDGE_CURVE('',#251,#1416,#1421,.T.) ;
#1440=EDGE_CURVE('',#1359,#1416,#1439,.T.) ;
#1460=EDGE_CURVE('',#271,#1459,#1457,.T.) ;
#1467=EDGE_CURVE('',#1466,#1459,#1464,.T.) ;
#1472=EDGE_CURVE('',#269,#1466,#1471,.T.) ;
#1492=EDGE_CURVE('',#1491,#1466,#1489,.T.) ;
#1497=EDGE_CURVE('',#278,#1491,#1496,.T.) ;
#1517=EDGE_CURVE('',#1516,#1491,#1514,.T.) ;
#1522=EDGE_CURVE('',#285,#1516,#1521,.T.) ;
#1540=EDGE_CURVE('',#1459,#1516,#1539,.T.) ;
#1560=EDGE_CURVE('',#305,#1559,#1557,.T.) ;
#1567=EDGE_CURVE('',#1566,#1559,#1564,.T.) ;
#1572=EDGE_CURVE('',#303,#1566,#1571,.T.) ;
#1592=EDGE_CURVE('',#1591,#1566,#1589,.T.) ;
#1597=EDGE_CURVE('',#312,#1591,#1596,.T.) ;
#1617=EDGE_CURVE('',#1616,#1591,#1614,.T.) ;
#1622=EDGE_CURVE('',#319,#1616,#1621,.T.) ;
#1640=EDGE_CURVE('',#1559,#1616,#1639,.T.) ;
#1660=EDGE_CURVE('',#339,#1659,#1657,.T.) ;
#1667=EDGE_CURVE('',#1666,#1659,#1664,.T.) ;
#1672=EDGE_CURVE('',#337,#1666,#1671,.T.) ;
#1692=EDGE_CURVE('',#1691,#1666,#1689,.T.) ;
#1697=EDGE_CURVE('',#346,#1691,#1696,.T.) ;
#1717=EDGE_CURVE('',#1716,#1691,#1714,.T.) ;
#1722=EDGE_CURVE('',#353,#1716,#1721,.T.) ;
#1740=EDGE_CURVE('',#1659,#1716,#1739,.T.) ;
#1760=EDGE_CURVE('',#373,#1759,#1757,.T.) ;
#1767=EDGE_CURVE('',#1766,#1759,#1764,.T.) ;
#1772=EDGE_CURVE('',#371,#1766,#1771,.T.) ;
#1792=EDGE_CURVE('',#1791,#1766,#1789,.T.) ;
#1797=EDGE_CURVE('',#380,#1791,#1796,.T.) ;
#1817=EDGE_CURVE('',#1816,#1791,#1814,.T.) ;
#1822=EDGE_CURVE('',#387,#1816,#1821,.T.) ;
#1840=EDGE_CURVE('',#1759,#1816,#1839,.T.) ;
#1860=EDGE_CURVE('',#407,#1859,#1857,.T.) ;
#1867=EDGE_CURVE('',#1866,#1859,#1864,.T.) ;
#1872=EDGE_CURVE('',#405,#1866,#1871,.T.) ;
#1892=EDGE_CURVE('',#1891,#1866,#1889,.T.) ;
#1897=EDGE_CURVE('',#414,#1891,#1896,.T.) ;
#1917=EDGE_CURVE('',#1916,#1891,#1914,.T.) ;
#1922=EDGE_CURVE('',#421,#1916,#1921,.T.) ;
#1940=EDGE_CURVE('',#1859,#1916,#1939,.T.) ;
#1960=EDGE_CURVE('',#441,#1959,#1957,.T.) ;
#1967=EDGE_CURVE('',#1966,#1959,#1964,.T.) ;
#1972=EDGE_CURVE('',#439,#1966,#1971,.T.) ;
#1992=EDGE_CURVE('',#1991,#1966,#1989,.T.) ;
#1997=EDGE_CURVE('',#448,#1991,#1996,.T.) ;
#2017=EDGE_CURVE('',#2016,#1991,#2014,.T.) ;
#2022=EDGE_CURVE('',#455,#2016,#2021,.T.) ;
#2040=EDGE_CURVE('',#1959,#2016,#2039,.T.) ;
#2060=EDGE_CURVE('',#475,#2059,#2057,.T.) ;
#2067=EDGE_CURVE('',#2066,#2059,#2064,.T.) ;
#2072=EDGE_CURVE('',#473,#2066,#2071,.T.) ;
#2092=EDGE_CURVE('',#2091,#2066,#2089,.T.) ;
#2097=EDGE_CURVE('',#482,#2091,#2096,.T.) ;
#2117=EDGE_CURVE('',#2116,#2091,#2114,.T.) ;
#2122=EDGE_CURVE('',#489,#2116,#2121,.T.) ;
#2140=EDGE_CURVE('',#2059,#2116,#2139,.T.) ;
#2160=EDGE_CURVE('',#509,#2159,#2157,.T.) ;
#2167=EDGE_CURVE('',#2166,#2159,#2164,.T.) ;
#2172=EDGE_CURVE('',#507,#2166,#2171,.T.) ;
#2192=EDGE_CURVE('',#2191,#2166,#2189,.T.) ;
#2197=EDGE_CURVE('',#516,#2191,#2196,.T.) ;
#2217=EDGE_CURVE('',#2216,#2191,#2214,.T.) ;
#2222=EDGE_CURVE('',#523,#2216,#2221,.T.) ;
#2240=EDGE_CURVE('',#2159,#2216,#2239,.T.) ;
#2260=EDGE_CURVE('',#543,#2259,#2257,.T.) ;
#2267=EDGE_CURVE('',#2266,#2259,#2264,.T.) ;
#2272=EDGE_CURVE('',#541,#2266,#2271,.T.) ;
#2292=EDGE_CURVE('',#2291,#2266,#2289,.T.) ;
#2297=EDGE_CURVE('',#550,#2291,#2296,.T.) ;
#2317=EDGE_CURVE('',#2316,#2291,#2314,.T.) ;
#2322=EDGE_CURVE('',#557,#2316,#2321,.T.) ;
#2340=EDGE_CURVE('',#2259,#2316,#2339,.T.) ;
#2360=EDGE_CURVE('',#577,#2359,#2357,.T.) ;
#2367=EDGE_CURVE('',#2366,#2359,#2364,.T.) ;
#2372=EDGE_CURVE('',#575,#2366,#2371,.T.) ;
#2392=EDGE_CURVE('',#2391,#2366,#2389,.T.) ;
#2397=EDGE_CURVE('',#584,#2391,#2396,.T.) ;
#2417=EDGE_CURVE('',#2416,#2391,#2414,.T.) ;
#2422=EDGE_CURVE('',#591,#2416,#2421,.T.) ;
#2440=EDGE_CURVE('',#2359,#2416,#2439,.T.) ;
#2460=EDGE_CURVE('',#611,#2459,#2457,.T.) ;
#2467=EDGE_CURVE('',#609,#2466,#2464,.T.) ;
#2472=EDGE_CURVE('',#2459,#2466,#2471,.T.) ;
#2499=EDGE_CURVE('',#2498,#618,#2496,.T.) ;
#2504=EDGE_CURVE('',#2459,#2498,#2503,.T.) ;
#2524=EDGE_CURVE('',#2523,#625,#2521,.T.) ;
#2529=EDGE_CURVE('',#2498,#2523,#2528,.T.) ;
#2547=EDGE_CURVE('',#2523,#2466,#2546,.T.) ;
#2567=EDGE_CURVE('',#645,#2566,#2564,.T.) ;
#2574=EDGE_CURVE('',#643,#2573,#2571,.T.) ;
#2579=EDGE_CURVE('',#2566,#2573,#2578,.T.) ;
#2599=EDGE_CURVE('',#2598,#652,#2596,.T.) ;
#2604=EDGE_CURVE('',#2566,#2598,#2603,.T.) ;
#2624=EDGE_CURVE('',#2623,#659,#2621,.T.) ;
#2629=EDGE_CURVE('',#2598,#2623,#2628,.T.) ;
#2647=EDGE_CURVE('',#2623,#2573,#2646,.T.) ;
#2667=EDGE_CURVE('',#679,#2666,#2664,.T.) ;
#2674=EDGE_CURVE('',#677,#2673,#2671,.T.) ;
#2679=EDGE_CURVE('',#2666,#2673,#2678,.T.) ;
#2699=EDGE_CURVE('',#2698,#686,#2696,.T.) ;
#2704=EDGE_CURVE('',#2666,#2698,#2703,.T.) ;
#2724=EDGE_CURVE('',#2723,#693,#2721,.T.) ;
#2729=EDGE_CURVE('',#2698,#2723,#2728,.T.) ;
#2747=EDGE_CURVE('',#2723,#2673,#2746,.T.) ;
#2767=EDGE_CURVE('',#713,#2766,#2764,.T.) ;
#2774=EDGE_CURVE('',#2773,#2766,#2771,.T.) ;
#2779=EDGE_CURVE('',#711,#2773,#2778,.T.) ;
#2799=EDGE_CURVE('',#2798,#2773,#2796,.T.) ;
#2804=EDGE_CURVE('',#720,#2798,#2803,.T.) ;
#2824=EDGE_CURVE('',#2823,#2798,#2821,.T.) ;
#2829=EDGE_CURVE('',#727,#2823,#2828,.T.) ;
#2847=EDGE_CURVE('',#2766,#2823,#2846,.T.) ;
#2895=EDGE_CURVE('',#2892,#2894,#2890,.T.) ;
#2902=EDGE_CURVE('',#2894,#2901,#2899,.T.) ;
#2909=EDGE_CURVE('',#2908,#2901,#2906,.T.) ;
#2914=EDGE_CURVE('',#2892,#2908,#2913,.T.) ;
#2929=EDGE_CURVE('',#2926,#2928,#2924,.T.) ;
#2936=EDGE_CURVE('',#2928,#2935,#2933,.T.) ;
#2943=EDGE_CURVE('',#2942,#2935,#2940,.T.) ;
#2948=EDGE_CURVE('',#2926,#2942,#2947,.T.) ;
#2963=EDGE_CURVE('',#2960,#2962,#2958,.T.) ;
#2970=EDGE_CURVE('',#2962,#2969,#2967,.T.) ;
#2977=EDGE_CURVE('',#2976,#2969,#2974,.T.) ;
#2982=EDGE_CURVE('',#2960,#2976,#2981,.T.) ;
#3145=EDGE_CURVE('',#3144,#2466,#3142,.T.) ;
#3152=EDGE_CURVE('',#3151,#3144,#3149,.T.) ;
#3157=EDGE_CURVE('',#3151,#2459,#3156,.T.) ;
#3177=EDGE_CURVE('',#3176,#2498,#3174,.T.) ;
#3182=EDGE_CURVE('',#3151,#3176,#3181,.T.) ;
#3202=EDGE_CURVE('',#3176,#3201,#3199,.T.) ;
#3207=EDGE_CURVE('',#3201,#2523,#3206,.T.) ;
#3225=EDGE_CURVE('',#3201,#3144,#3224,.T.) ;
#3245=EDGE_CURVE('',#3244,#2573,#3242,.T.) ;
#3252=EDGE_CURVE('',#3251,#3244,#3249,.T.) ;
#3257=EDGE_CURVE('',#3251,#2566,#3256,.T.) ;
#3277=EDGE_CURVE('',#2598,#3276,#3274,.T.) ;
#3282=EDGE_CURVE('',#3251,#3276,#3281,.T.) ;
#3302=EDGE_CURVE('',#3276,#3301,#3299,.T.) ;
#3307=EDGE_CURVE('',#3301,#2623,#3306,.T.) ;
#3325=EDGE_CURVE('',#3301,#3244,#3324,.T.) ;
#3345=EDGE_CURVE('',#3344,#2673,#3342,.T.) ;
#3352=EDGE_CURVE('',#3351,#3344,#3349,.T.) ;
#3357=EDGE_CURVE('',#3351,#2666,#3356,.T.) ;
#3377=EDGE_CURVE('',#2698,#3376,#3374,.T.) ;
#3382=EDGE_CURVE('',#3351,#3376,#3381,.T.) ;
#3402=EDGE_CURVE('',#3376,#3401,#3399,.T.) ;
#3407=EDGE_CURVE('',#3401,#2723,#3406,.T.) ;
#3425=EDGE_CURVE('',#3401,#3344,#3424,.T.) ;
#3458=EDGE_CURVE('',#2894,#3457,#3455,.T.) ;
#3465=EDGE_CURVE('',#2892,#3464,#3462,.T.) ;
#3470=EDGE_CURVE('',#3457,#3464,#3469,.T.) ;
#3490=EDGE_CURVE('',#3489,#2901,#3487,.T.) ;
#3495=EDGE_CURVE('',#3457,#3489,#3494,.T.) ;
#3515=EDGE_CURVE('',#3514,#2908,#3512,.T.) ;
#3520=EDGE_CURVE('',#3489,#3514,#3519,.T.) ;
#3538=EDGE_CURVE('',#3514,#3464,#3537,.T.) ;
#3558=EDGE_CURVE('',#2928,#3557,#3555,.T.) ;
#3565=EDGE_CURVE('',#2926,#3564,#3562,.T.) ;
#3570=EDGE_CURVE('',#3557,#3564,#3569,.T.) ;
#3590=EDGE_CURVE('',#3589,#2935,#3587,.T.) ;
#3595=EDGE_CURVE('',#3557,#3589,#3594,.T.) ;
#3615=EDGE_CURVE('',#3614,#2942,#3612,.T.) ;
#3620=EDGE_CURVE('',#3589,#3614,#3619,.T.) ;
#3638=EDGE_CURVE('',#3614,#3564,#3637,.T.) ;
#3658=EDGE_CURVE('',#2962,#3657,#3655,.T.) ;
#3665=EDGE_CURVE('',#2960,#3664,#3662,.T.) ;
#3670=EDGE_CURVE('',#3657,#3664,#3669,.T.) ;
#3690=EDGE_CURVE('',#3689,#2969,#3687,.T.) ;
#3695=EDGE_CURVE('',#3657,#3689,#3694,.T.) ;
#3715=EDGE_CURVE('',#3714,#2976,#3712,.T.) ;
#3720=EDGE_CURVE('',#3689,#3714,#3719,.T.) ;
#3738=EDGE_CURVE('',#3714,#3664,#3737,.T.) ;
#3797=EDGE_CURVE('',#3796,#3457,#3794,.T.) ;
#3804=EDGE_CURVE('',#3464,#3803,#3801,.T.) ;
#3809=EDGE_CURVE('',#3796,#3803,#3808,.T.) ;
#3829=EDGE_CURVE('',#3489,#3828,#3826,.T.) ;
#3834=EDGE_CURVE('',#3796,#3828,#3833,.T.) ;
#3854=EDGE_CURVE('',#3828,#3853,#3851,.T.) ;
#3859=EDGE_CURVE('',#3853,#3514,#3858,.T.) ;
#3877=EDGE_CURVE('',#3853,#3803,#3876,.T.) ;
#3897=EDGE_CURVE('',#3896,#3557,#3894,.T.) ;
#3904=EDGE_CURVE('',#3564,#3903,#3901,.T.) ;
#3909=EDGE_CURVE('',#3896,#3903,#3908,.T.) ;
#3929=EDGE_CURVE('',#3589,#3928,#3926,.T.) ;
#3934=EDGE_CURVE('',#3896,#3928,#3933,.T.) ;
#3954=EDGE_CURVE('',#3928,#3953,#3951,.T.) ;
#3959=EDGE_CURVE('',#3953,#3614,#3958,.T.) ;
#3977=EDGE_CURVE('',#3953,#3903,#3976,.T.) ;
#3997=EDGE_CURVE('',#3996,#3657,#3994,.T.) ;
#4004=EDGE_CURVE('',#3664,#4003,#4001,.T.) ;
#4009=EDGE_CURVE('',#3996,#4003,#4008,.T.) ;
#4029=EDGE_CURVE('',#3689,#4028,#4026,.T.) ;
#4034=EDGE_CURVE('',#3996,#4028,#4033,.T.) ;
#4054=EDGE_CURVE('',#4028,#4053,#4051,.T.) ;
#4059=EDGE_CURVE('',#4053,#3714,#4058,.T.) ;
#4077=EDGE_CURVE('',#4053,#4003,#4076,.T.) ;
#204=EDGE_LOOP('',(#205,#206,#207,#208,#209,#210,#211,#212,#213,#214,#215,#216,#217,#218,#219,#220,#221,#222,#223,#224,#225,#226,#227,#228)) ;
#258=EDGE_LOOP('',(#259,#260,#261,#262)) ;
#292=EDGE_LOOP('',(#293,#294,#295,#296)) ;
#326=EDGE_LOOP('',(#327,#328,#329,#330)) ;
#360=EDGE_LOOP('',(#361,#362,#363,#364)) ;
#394=EDGE_LOOP('',(#395,#396,#397,#398)) ;
#428=EDGE_LOOP('',(#429,#430,#431,#432)) ;
#462=EDGE_LOOP('',(#463,#464,#465,#466)) ;
#496=EDGE_LOOP('',(#497,#498,#499,#500)) ;
#530=EDGE_LOOP('',(#531,#532,#533,#534)) ;
#564=EDGE_LOOP('',(#565,#566,#567,#568)) ;
#598=EDGE_LOOP('',(#599,#600,#601,#602)) ;
#632=EDGE_LOOP('',(#633,#634,#635,#636)) ;
#666=EDGE_LOOP('',(#667,#668,#669,#670)) ;
#700=EDGE_LOOP('',(#701,#702,#703,#704)) ;
#734=EDGE_LOOP('',(#735,#736,#737,#738)) ;
#773=EDGE_LOOP('',(#774,#775,#776,#777)) ;
#798=EDGE_LOOP('',(#799,#800,#801,#802)) ;
#823=EDGE_LOOP('',(#824,#825,#826,#827)) ;
#848=EDGE_LOOP('',(#849,#850,#851,#852)) ;
#873=EDGE_LOOP('',(#874,#875,#876,#877)) ;
#898=EDGE_LOOP('',(#899,#900,#901,#902)) ;
#923=EDGE_LOOP('',(#924,#925,#926,#927)) ;
#948=EDGE_LOOP('',(#949,#950,#951,#952)) ;
#973=EDGE_LOOP('',(#974,#975,#976,#977)) ;
#998=EDGE_LOOP('',(#999,#1000,#1001,#1002)) ;
#1023=EDGE_LOOP('',(#1024,#1025,#1026,#1027)) ;
#1048=EDGE_LOOP('',(#1049,#1050,#1051,#1052)) ;
#1073=EDGE_LOOP('',(#1074,#1075,#1076,#1077)) ;
#1098=EDGE_LOOP('',(#1099,#1100,#1101,#1102)) ;
#1123=EDGE_LOOP('',(#1124,#1125,#1126,#1127)) ;
#1148=EDGE_LOOP('',(#1149,#1150,#1151,#1152)) ;
#1173=EDGE_LOOP('',(#1174,#1175,#1176,#1177)) ;
#1198=EDGE_LOOP('',(#1199,#1200,#1201,#1202)) ;
#1223=EDGE_LOOP('',(#1224,#1225,#1226,#1227)) ;
#1248=EDGE_LOOP('',(#1249,#1250,#1251,#1252)) ;
#1273=EDGE_LOOP('',(#1274,#1275,#1276,#1277)) ;
#1298=EDGE_LOOP('',(#1299,#1300,#1301,#1302)) ;
#1323=EDGE_LOOP('',(#1324,#1325,#1326,#1327)) ;
#1341=EDGE_LOOP('',(#1342,#1343,#1344,#1345)) ;
#1373=EDGE_LOOP('',(#1374,#1375,#1376,#1377)) ;
#1398=EDGE_LOOP('',(#1399,#1400,#1401,#1402)) ;
#1423=EDGE_LOOP('',(#1424,#1425,#1426,#1427)) ;
#1441=EDGE_LOOP('',(#1442,#1443,#1444,#1445)) ;
#1473=EDGE_LOOP('',(#1474,#1475,#1476,#1477)) ;
#1498=EDGE_LOOP('',(#1499,#1500,#1501,#1502)) ;
#1523=EDGE_LOOP('',(#1524,#1525,#1526,#1527)) ;
#1541=EDGE_LOOP('',(#1542,#1543,#1544,#1545)) ;
#1573=EDGE_LOOP('',(#1574,#1575,#1576,#1577)) ;
#1598=EDGE_LOOP('',(#1599,#1600,#1601,#1602)) ;
#1623=EDGE_LOOP('',(#1624,#1625,#1626,#1627)) ;
#1641=EDGE_LOOP('',(#1642,#1643,#1644,#1645)) ;
#1673=EDGE_LOOP('',(#1674,#1675,#1676,#1677)) ;
#1698=EDGE_LOOP('',(#1699,#1700,#1701,#1702)) ;
#1723=EDGE_LOOP('',(#1724,#1725,#1726,#1727)) ;
#1741=EDGE_LOOP('',(#1742,#1743,#1744,#1745)) ;
#1773=EDGE_LOOP('',(#1774,#1775,#1776,#1777)) ;
#1798=EDGE_LOOP('',(#1799,#1800,#1801,#1802)) ;
#1823=EDGE_LOOP('',(#1824,#1825,#1826,#1827)) ;
#1841=EDGE_LOOP('',(#1842,#1843,#1844,#1845)) ;
#1873=EDGE_LOOP('',(#1874,#1875,#1876,#1877)) ;
#1898=EDGE_LOOP('',(#1899,#1900,#1901,#1902)) ;
#1923=EDGE_LOOP('',(#1924,#1925,#1926,#1927)) ;
#1941=EDGE_LOOP('',(#1942,#1943,#1944,#1945)) ;
#1973=EDGE_LOOP('',(#1974,#1975,#1976,#1977)) ;
#1998=EDGE_LOOP('',(#1999,#2000,#2001,#2002)) ;
#2023=EDGE_LOOP('',(#2024,#2025,#2026,#2027)) ;
#2041=EDGE_LOOP('',(#2042,#2043,#2044,#2045)) ;
#2073=EDGE_LOOP('',(#2074,#2075,#2076,#2077)) ;
#2098=EDGE_LOOP('',(#2099,#2100,#2101,#2102)) ;
#2123=EDGE_LOOP('',(#2124,#2125,#2126,#2127)) ;
#2141=EDGE_LOOP('',(#2142,#2143,#2144,#2145)) ;
#2173=EDGE_LOOP('',(#2174,#2175,#2176,#2177)) ;
#2198=EDGE_LOOP('',(#2199,#2200,#2201,#2202)) ;
#2223=EDGE_LOOP('',(#2224,#2225,#2226,#2227)) ;
#2241=EDGE_LOOP('',(#2242,#2243,#2244,#2245)) ;
#2273=EDGE_LOOP('',(#2274,#2275,#2276,#2277)) ;
#2298=EDGE_LOOP('',(#2299,#2300,#2301,#2302)) ;
#2323=EDGE_LOOP('',(#2324,#2325,#2326,#2327)) ;
#2341=EDGE_LOOP('',(#2342,#2343,#2344,#2345)) ;
#2373=EDGE_LOOP('',(#2374,#2375,#2376,#2377)) ;
#2398=EDGE_LOOP('',(#2399,#2400,#2401,#2402)) ;
#2423=EDGE_LOOP('',(#2424,#2425,#2426,#2427)) ;
#2441=EDGE_LOOP('',(#2442,#2443,#2444,#2445)) ;
#2473=EDGE_LOOP('',(#2474,#2475,#2476,#2477)) ;
#2505=EDGE_LOOP('',(#2506,#2507,#2508,#2509)) ;
#2530=EDGE_LOOP('',(#2531,#2532,#2533,#2534)) ;
#2548=EDGE_LOOP('',(#2549,#2550,#2551,#2552)) ;
#2580=EDGE_LOOP('',(#2581,#2582,#2583,#2584)) ;
#2605=EDGE_LOOP('',(#2606,#2607,#2608,#2609)) ;
#2630=EDGE_LOOP('',(#2631,#2632,#2633,#2634)) ;
#2648=EDGE_LOOP('',(#2649,#2650,#2651,#2652)) ;
#2680=EDGE_LOOP('',(#2681,#2682,#2683,#2684)) ;
#2705=EDGE_LOOP('',(#2706,#2707,#2708,#2709)) ;
#2730=EDGE_LOOP('',(#2731,#2732,#2733,#2734)) ;
#2748=EDGE_LOOP('',(#2749,#2750,#2751,#2752)) ;
#2780=EDGE_LOOP('',(#2781,#2782,#2783,#2784)) ;
#2805=EDGE_LOOP('',(#2806,#2807,#2808,#2809)) ;
#2830=EDGE_LOOP('',(#2831,#2832,#2833,#2834)) ;
#2848=EDGE_LOOP('',(#2849,#2850,#2851,#2852)) ;
#2861=EDGE_LOOP('',(#2862,#2863,#2864,#2865,#2866,#2867,#2868,#2869,#2870,#2871,#2872,#2873,#2874,#2875,#2876,#2877,#2878,#2879,#2880,#2881,#2882,#2883,#2884,#2885)) ;
#2915=EDGE_LOOP('',(#2916,#2917,#2918,#2919)) ;
#2949=EDGE_LOOP('',(#2950,#2951,#2952,#2953)) ;
#2983=EDGE_LOOP('',(#2984,#2985,#2986,#2987)) ;
#2996=EDGE_LOOP('',(#2997,#2998,#2999,#3000)) ;
#3009=EDGE_LOOP('',(#3010,#3011,#3012,#3013)) ;
#3022=EDGE_LOOP('',(#3023,#3024,#3025,#3026)) ;
#3035=EDGE_LOOP('',(#3036,#3037,#3038,#3039)) ;
#3048=EDGE_LOOP('',(#3049,#3050,#3051,#3052)) ;
#3061=EDGE_LOOP('',(#3062,#3063,#3064,#3065)) ;
#3074=EDGE_LOOP('',(#3075,#3076,#3077,#3078)) ;
#3087=EDGE_LOOP('',(#3088,#3089,#3090,#3091)) ;
#3100=EDGE_LOOP('',(#3101,#3102,#3103,#3104)) ;
#3113=EDGE_LOOP('',(#3114,#3115,#3116,#3117)) ;
#3126=EDGE_LOOP('',(#3127,#3128,#3129,#3130)) ;
#3158=EDGE_LOOP('',(#3159,#3160,#3161,#3162)) ;
#3183=EDGE_LOOP('',(#3184,#3185,#3186,#3187)) ;
#3208=EDGE_LOOP('',(#3209,#3210,#3211,#3212)) ;
#3226=EDGE_LOOP('',(#3227,#3228,#3229,#3230)) ;
#3258=EDGE_LOOP('',(#3259,#3260,#3261,#3262)) ;
#3283=EDGE_LOOP('',(#3284,#3285,#3286,#3287)) ;
#3308=EDGE_LOOP('',(#3309,#3310,#3311,#3312)) ;
#3326=EDGE_LOOP('',(#3327,#3328,#3329,#3330)) ;
#3358=EDGE_LOOP('',(#3359,#3360,#3361,#3362)) ;
#3383=EDGE_LOOP('',(#3384,#3385,#3386,#3387)) ;
#3408=EDGE_LOOP('',(#3409,#3410,#3411,#3412)) ;
#3426=EDGE_LOOP('',(#3427,#3428,#3429,#3430)) ;
#3439=EDGE_LOOP('',(#3440,#3441,#3442,#3443)) ;
#3471=EDGE_LOOP('',(#3472,#3473,#3474,#3475)) ;
#3496=EDGE_LOOP('',(#3497,#3498,#3499,#3500)) ;
#3521=EDGE_LOOP('',(#3522,#3523,#3524,#3525)) ;
#3539=EDGE_LOOP('',(#3540,#3541,#3542,#3543)) ;
#3571=EDGE_LOOP('',(#3572,#3573,#3574,#3575)) ;
#3596=EDGE_LOOP('',(#3597,#3598,#3599,#3600)) ;
#3621=EDGE_LOOP('',(#3622,#3623,#3624,#3625)) ;
#3639=EDGE_LOOP('',(#3640,#3641,#3642,#3643)) ;
#3671=EDGE_LOOP('',(#3672,#3673,#3674,#3675)) ;
#3696=EDGE_LOOP('',(#3697,#3698,#3699,#3700)) ;
#3721=EDGE_LOOP('',(#3722,#3723,#3724,#3725)) ;
#3739=EDGE_LOOP('',(#3740,#3741,#3742,#3743)) ;
#3752=EDGE_LOOP('',(#3753,#3754,#3755,#3756)) ;
#3765=EDGE_LOOP('',(#3766,#3767,#3768,#3769)) ;
#3778=EDGE_LOOP('',(#3779,#3780,#3781,#3782)) ;
#3810=EDGE_LOOP('',(#3811,#3812,#3813,#3814)) ;
#3835=EDGE_LOOP('',(#3836,#3837,#3838,#3839)) ;
#3860=EDGE_LOOP('',(#3861,#3862,#3863,#3864)) ;
#3878=EDGE_LOOP('',(#3879,#3880,#3881,#3882)) ;
#3910=EDGE_LOOP('',(#3911,#3912,#3913,#3914)) ;
#3935=EDGE_LOOP('',(#3936,#3937,#3938,#3939)) ;
#3960=EDGE_LOOP('',(#3961,#3962,#3963,#3964)) ;
#3978=EDGE_LOOP('',(#3979,#3980,#3981,#3982)) ;
#4010=EDGE_LOOP('',(#4011,#4012,#4013,#4014)) ;
#4035=EDGE_LOOP('',(#4036,#4037,#4038,#4039)) ;
#4060=EDGE_LOOP('',(#4061,#4062,#4063,#4064)) ;
#4078=EDGE_LOOP('',(#4079,#4080,#4081,#4082)) ;
#4091=EDGE_LOOP('',(#4092,#4093,#4094,#4095)) ;
#4104=EDGE_LOOP('',(#4105,#4106,#4107,#4108)) ;
#4117=EDGE_LOOP('',(#4118,#4119,#4120,#4121)) ;
#229=FACE_OUTER_BOUND('',#204,.T.) ;
#778=FACE_OUTER_BOUND('',#773,.T.) ;
#803=FACE_OUTER_BOUND('',#798,.T.) ;
#828=FACE_OUTER_BOUND('',#823,.T.) ;
#853=FACE_OUTER_BOUND('',#848,.T.) ;
#878=FACE_OUTER_BOUND('',#873,.T.) ;
#903=FACE_OUTER_BOUND('',#898,.T.) ;
#928=FACE_OUTER_BOUND('',#923,.T.) ;
#953=FACE_OUTER_BOUND('',#948,.T.) ;
#978=FACE_OUTER_BOUND('',#973,.T.) ;
#1003=FACE_OUTER_BOUND('',#998,.T.) ;
#1028=FACE_OUTER_BOUND('',#1023,.T.) ;
#1053=FACE_OUTER_BOUND('',#1048,.T.) ;
#1078=FACE_OUTER_BOUND('',#1073,.T.) ;
#1103=FACE_OUTER_BOUND('',#1098,.T.) ;
#1128=FACE_OUTER_BOUND('',#1123,.T.) ;
#1153=FACE_OUTER_BOUND('',#1148,.T.) ;
#1178=FACE_OUTER_BOUND('',#1173,.T.) ;
#1203=FACE_OUTER_BOUND('',#1198,.T.) ;
#1228=FACE_OUTER_BOUND('',#1223,.T.) ;
#1253=FACE_OUTER_BOUND('',#1248,.T.) ;
#1278=FACE_OUTER_BOUND('',#1273,.T.) ;
#1303=FACE_OUTER_BOUND('',#1298,.T.) ;
#1328=FACE_OUTER_BOUND('',#1323,.T.) ;
#1346=FACE_OUTER_BOUND('',#1341,.T.) ;
#1378=FACE_OUTER_BOUND('',#1373,.T.) ;
#1403=FACE_OUTER_BOUND('',#1398,.T.) ;
#1428=FACE_OUTER_BOUND('',#1423,.T.) ;
#1446=FACE_OUTER_BOUND('',#1441,.T.) ;
#1478=FACE_OUTER_BOUND('',#1473,.T.) ;
#1503=FACE_OUTER_BOUND('',#1498,.T.) ;
#1528=FACE_OUTER_BOUND('',#1523,.T.) ;
#1546=FACE_OUTER_BOUND('',#1541,.T.) ;
#1578=FACE_OUTER_BOUND('',#1573,.T.) ;
#1603=FACE_OUTER_BOUND('',#1598,.T.) ;
#1628=FACE_OUTER_BOUND('',#1623,.T.) ;
#1646=FACE_OUTER_BOUND('',#1641,.T.) ;
#1678=FACE_OUTER_BOUND('',#1673,.T.) ;
#1703=FACE_OUTER_BOUND('',#1698,.T.) ;
#1728=FACE_OUTER_BOUND('',#1723,.T.) ;
#1746=FACE_OUTER_BOUND('',#1741,.T.) ;
#1778=FACE_OUTER_BOUND('',#1773,.T.) ;
#1803=FACE_OUTER_BOUND('',#1798,.T.) ;
#1828=FACE_OUTER_BOUND('',#1823,.T.) ;
#1846=FACE_OUTER_BOUND('',#1841,.T.) ;
#1878=FACE_OUTER_BOUND('',#1873,.T.) ;
#1903=FACE_OUTER_BOUND('',#1898,.T.) ;
#1928=FACE_OUTER_BOUND('',#1923,.T.) ;
#1946=FACE_OUTER_BOUND('',#1941,.T.) ;
#1978=FACE_OUTER_BOUND('',#1973,.T.) ;
#2003=FACE_OUTER_BOUND('',#1998,.T.) ;
#2028=FACE_OUTER_BOUND('',#2023,.T.) ;
#2046=FACE_OUTER_BOUND('',#2041,.T.) ;
#2078=FACE_OUTER_BOUND('',#2073,.T.) ;
#2103=FACE_OUTER_BOUND('',#2098,.T.) ;
#2128=FACE_OUTER_BOUND('',#2123,.T.) ;
#2146=FACE_OUTER_BOUND('',#2141,.T.) ;
#2178=FACE_OUTER_BOUND('',#2173,.T.) ;
#2203=FACE_OUTER_BOUND('',#2198,.T.) ;
#2228=FACE_OUTER_BOUND('',#2223,.T.) ;
#2246=FACE_OUTER_BOUND('',#2241,.T.) ;
#2278=FACE_OUTER_BOUND('',#2273,.T.) ;
#2303=FACE_OUTER_BOUND('',#2298,.T.) ;
#2328=FACE_OUTER_BOUND('',#2323,.T.) ;
#2346=FACE_OUTER_BOUND('',#2341,.T.) ;
#2378=FACE_OUTER_BOUND('',#2373,.T.) ;
#2403=FACE_OUTER_BOUND('',#2398,.T.) ;
#2428=FACE_OUTER_BOUND('',#2423,.T.) ;
#2446=FACE_OUTER_BOUND('',#2441,.T.) ;
#2478=FACE_OUTER_BOUND('',#2473,.T.) ;
#2510=FACE_OUTER_BOUND('',#2505,.T.) ;
#2535=FACE_OUTER_BOUND('',#2530,.T.) ;
#2553=FACE_OUTER_BOUND('',#2548,.T.) ;
#2585=FACE_OUTER_BOUND('',#2580,.T.) ;
#2610=FACE_OUTER_BOUND('',#2605,.T.) ;
#2635=FACE_OUTER_BOUND('',#2630,.T.) ;
#2653=FACE_OUTER_BOUND('',#2648,.T.) ;
#2685=FACE_OUTER_BOUND('',#2680,.T.) ;
#2710=FACE_OUTER_BOUND('',#2705,.T.) ;
#2735=FACE_OUTER_BOUND('',#2730,.T.) ;
#2753=FACE_OUTER_BOUND('',#2748,.T.) ;
#2785=FACE_OUTER_BOUND('',#2780,.T.) ;
#2810=FACE_OUTER_BOUND('',#2805,.T.) ;
#2835=FACE_OUTER_BOUND('',#2830,.T.) ;
#2853=FACE_OUTER_BOUND('',#2848,.T.) ;
#2886=FACE_OUTER_BOUND('',#2861,.T.) ;
#3001=FACE_OUTER_BOUND('',#2996,.T.) ;
#3014=FACE_OUTER_BOUND('',#3009,.T.) ;
#3027=FACE_OUTER_BOUND('',#3022,.T.) ;
#3040=FACE_OUTER_BOUND('',#3035,.T.) ;
#3053=FACE_OUTER_BOUND('',#3048,.T.) ;
#3066=FACE_OUTER_BOUND('',#3061,.T.) ;
#3079=FACE_OUTER_BOUND('',#3074,.T.) ;
#3092=FACE_OUTER_BOUND('',#3087,.T.) ;
#3105=FACE_OUTER_BOUND('',#3100,.T.) ;
#3118=FACE_OUTER_BOUND('',#3113,.T.) ;
#3131=FACE_OUTER_BOUND('',#3126,.T.) ;
#3163=FACE_OUTER_BOUND('',#3158,.T.) ;
#3188=FACE_OUTER_BOUND('',#3183,.T.) ;
#3213=FACE_OUTER_BOUND('',#3208,.T.) ;
#3231=FACE_OUTER_BOUND('',#3226,.T.) ;
#3263=FACE_OUTER_BOUND('',#3258,.T.) ;
#3288=FACE_OUTER_BOUND('',#3283,.T.) ;
#3313=FACE_OUTER_BOUND('',#3308,.T.) ;
#3331=FACE_OUTER_BOUND('',#3326,.T.) ;
#3363=FACE_OUTER_BOUND('',#3358,.T.) ;
#3388=FACE_OUTER_BOUND('',#3383,.T.) ;
#3413=FACE_OUTER_BOUND('',#3408,.T.) ;
#3431=FACE_OUTER_BOUND('',#3426,.T.) ;
#3444=FACE_OUTER_BOUND('',#3439,.T.) ;
#3476=FACE_OUTER_BOUND('',#3471,.T.) ;
#3501=FACE_OUTER_BOUND('',#3496,.T.) ;
#3526=FACE_OUTER_BOUND('',#3521,.T.) ;
#3544=FACE_OUTER_BOUND('',#3539,.T.) ;
#3576=FACE_OUTER_BOUND('',#3571,.T.) ;
#3601=FACE_OUTER_BOUND('',#3596,.T.) ;
#3626=FACE_OUTER_BOUND('',#3621,.T.) ;
#3644=FACE_OUTER_BOUND('',#3639,.T.) ;
#3676=FACE_OUTER_BOUND('',#3671,.T.) ;
#3701=FACE_OUTER_BOUND('',#3696,.T.) ;
#3726=FACE_OUTER_BOUND('',#3721,.T.) ;
#3744=FACE_OUTER_BOUND('',#3739,.T.) ;
#3757=FACE_OUTER_BOUND('',#3752,.T.) ;
#3770=FACE_OUTER_BOUND('',#3765,.T.) ;
#3783=FACE_OUTER_BOUND('',#3778,.T.) ;
#3815=FACE_OUTER_BOUND('',#3810,.T.) ;
#3840=FACE_OUTER_BOUND('',#3835,.T.) ;
#3865=FACE_OUTER_BOUND('',#3860,.T.) ;
#3883=FACE_OUTER_BOUND('',#3878,.T.) ;
#3915=FACE_OUTER_BOUND('',#3910,.T.) ;
#3940=FACE_OUTER_BOUND('',#3935,.T.) ;
#3965=FACE_OUTER_BOUND('',#3960,.T.) ;
#3983=FACE_OUTER_BOUND('',#3978,.T.) ;
#4015=FACE_OUTER_BOUND('',#4010,.T.) ;
#4040=FACE_OUTER_BOUND('',#4035,.T.) ;
#4065=FACE_OUTER_BOUND('',#4060,.T.) ;
#4083=FACE_OUTER_BOUND('',#4078,.T.) ;
#4096=FACE_OUTER_BOUND('',#4091,.T.) ;
#4109=FACE_OUTER_BOUND('',#4104,.T.) ;
#4122=FACE_OUTER_BOUND('',#4117,.T.) ;
#39=LINE('Line',#36,#38) ;
#48=LINE('Line',#45,#47) ;
#55=LINE('Line',#52,#54) ;
#62=LINE('Line',#59,#61) ;
#69=LINE('Line',#66,#68) ;
#76=LINE('Line',#73,#75) ;
#83=LINE('Line',#80,#82) ;
#90=LINE('Line',#87,#89) ;
#97=LINE('Line',#94,#96) ;
#104=LINE('Line',#101,#103) ;
#111=LINE('Line',#108,#110) ;
#118=LINE('Line',#115,#117) ;
#125=LINE('Line',#122,#124) ;
#132=LINE('Line',#129,#131) ;
#139=LINE('Line',#136,#138) ;
#146=LINE('Line',#143,#145) ;
#153=LINE('Line',#150,#152) ;
#160=LINE('Line',#157,#159) ;
#167=LINE('Line',#164,#166) ;
#174=LINE('Line',#171,#173) ;
#181=LINE('Line',#178,#180) ;
#188=LINE('Line',#185,#187) ;
#195=LINE('Line',#192,#194) ;
#202=LINE('Line',#199,#201) ;
#233=LINE('Line',#230,#232) ;
#242=LINE('Line',#239,#241) ;
#249=LINE('Line',#246,#248) ;
#256=LINE('Line',#253,#255) ;
#267=LINE('Line',#264,#266) ;
#276=LINE('Line',#273,#275) ;
#283=LINE('Line',#280,#282) ;
#290=LINE('Line',#287,#289) ;
#301=LINE('Line',#298,#300) ;
#310=LINE('Line',#307,#309) ;
#317=LINE('Line',#314,#316) ;
#324=LINE('Line',#321,#323) ;
#335=LINE('Line',#332,#334) ;
#344=LINE('Line',#341,#343) ;
#351=LINE('Line',#348,#350) ;
#358=LINE('Line',#355,#357) ;
#369=LINE('Line',#366,#368) ;
#378=LINE('Line',#375,#377) ;
#385=LINE('Line',#382,#384) ;
#392=LINE('Line',#389,#391) ;
#403=LINE('Line',#400,#402) ;
#412=LINE('Line',#409,#411) ;
#419=LINE('Line',#416,#418) ;
#426=LINE('Line',#423,#425) ;
#437=LINE('Line',#434,#436) ;
#446=LINE('Line',#443,#445) ;
#453=LINE('Line',#450,#452) ;
#460=LINE('Line',#457,#459) ;
#471=LINE('Line',#468,#470) ;
#480=LINE('Line',#477,#479) ;
#487=LINE('Line',#484,#486) ;
#494=LINE('Line',#491,#493) ;
#505=LINE('Line',#502,#504) ;
#514=LINE('Line',#511,#513) ;
#521=LINE('Line',#518,#520) ;
#528=LINE('Line',#525,#527) ;
#539=LINE('Line',#536,#538) ;
#548=LINE('Line',#545,#547) ;
#555=LINE('Line',#552,#554) ;
#562=LINE('Line',#559,#561) ;
#573=LINE('Line',#570,#572) ;
#582=LINE('Line',#579,#581) ;
#589=LINE('Line',#586,#588) ;
#596=LINE('Line',#593,#595) ;
#607=LINE('Line',#604,#606) ;
#616=LINE('Line',#613,#615) ;
#623=LINE('Line',#620,#622) ;
#630=LINE('Line',#627,#629) ;
#641=LINE('Line',#638,#640) ;
#650=LINE('Line',#647,#649) ;
#657=LINE('Line',#654,#656) ;
#664=LINE('Line',#661,#663) ;
#675=LINE('Line',#672,#674) ;
#684=LINE('Line',#681,#683) ;
#691=LINE('Line',#688,#690) ;
#698=LINE('Line',#695,#697) ;
#709=LINE('Line',#706,#708) ;
#718=LINE('Line',#715,#717) ;
#725=LINE('Line',#722,#724) ;
#732=LINE('Line',#729,#731) ;
#757=LINE('Line',#754,#756) ;
#766=LINE('Line',#763,#765) ;
#771=LINE('Line',#768,#770) ;
#789=LINE('Line',#786,#788) ;
#796=LINE('Line',#793,#795) ;
#814=LINE('Line',#811,#813) ;
#821=LINE('Line',#818,#820) ;
#839=LINE('Line',#836,#838) ;
#846=LINE('Line',#843,#845) ;
#864=LINE('Line',#861,#863) ;
#871=LINE('Line',#868,#870) ;
#889=LINE('Line',#886,#888) ;
#896=LINE('Line',#893,#895) ;
#914=LINE('Line',#911,#913) ;
#921=LINE('Line',#918,#920) ;
#939=LINE('Line',#936,#938) ;
#946=LINE('Line',#943,#945) ;
#964=LINE('Line',#961,#963) ;
#971=LINE('Line',#968,#970) ;
#989=LINE('Line',#986,#988) ;
#996=LINE('Line',#993,#995) ;
#1014=LINE('Line',#1011,#1013) ;
#1021=LINE('Line',#1018,#1020) ;
#1039=LINE('Line',#1036,#1038) ;
#1046=LINE('Line',#1043,#1045) ;
#1064=LINE('Line',#1061,#1063) ;
#1071=LINE('Line',#1068,#1070) ;
#1089=LINE('Line',#1086,#1088) ;
#1096=LINE('Line',#1093,#1095) ;
#1114=LINE('Line',#1111,#1113) ;
#1121=LINE('Line',#1118,#1120) ;
#1139=LINE('Line',#1136,#1138) ;
#1146=LINE('Line',#1143,#1145) ;
#1164=LINE('Line',#1161,#1163) ;
#1171=LINE('Line',#1168,#1170) ;
#1189=LINE('Line',#1186,#1188) ;
#1196=LINE('Line',#1193,#1195) ;
#1214=LINE('Line',#1211,#1213) ;
#1221=LINE('Line',#1218,#1220) ;
#1239=LINE('Line',#1236,#1238) ;
#1246=LINE('Line',#1243,#1245) ;
#1264=LINE('Line',#1261,#1263) ;
#1271=LINE('Line',#1268,#1270) ;
#1289=LINE('Line',#1286,#1288) ;
#1296=LINE('Line',#1293,#1295) ;
#1314=LINE('Line',#1311,#1313) ;
#1321=LINE('Line',#1318,#1320) ;
#1339=LINE('Line',#1336,#1338) ;
#1357=LINE('Line',#1354,#1356) ;
#1364=LINE('Line',#1361,#1363) ;
#1371=LINE('Line',#1368,#1370) ;
#1389=LINE('Line',#1386,#1388) ;
#1396=LINE('Line',#1393,#1395) ;
#1414=LINE('Line',#1411,#1413) ;
#1421=LINE('Line',#1418,#1420) ;
#1439=LINE('Line',#1436,#1438) ;
#1457=LINE('Line',#1454,#1456) ;
#1464=LINE('Line',#1461,#1463) ;
#1471=LINE('Line',#1468,#1470) ;
#1489=LINE('Line',#1486,#1488) ;
#1496=LINE('Line',#1493,#1495) ;
#1514=LINE('Line',#1511,#1513) ;
#1521=LINE('Line',#1518,#1520) ;
#1539=LINE('Line',#1536,#1538) ;
#1557=LINE('Line',#1554,#1556) ;
#1564=LINE('Line',#1561,#1563) ;
#1571=LINE('Line',#1568,#1570) ;
#1589=LINE('Line',#1586,#1588) ;
#1596=LINE('Line',#1593,#1595) ;
#1614=LINE('Line',#1611,#1613) ;
#1621=LINE('Line',#1618,#1620) ;
#1639=LINE('Line',#1636,#1638) ;
#1657=LINE('Line',#1654,#1656) ;
#1664=LINE('Line',#1661,#1663) ;
#1671=LINE('Line',#1668,#1670) ;
#1689=LINE('Line',#1686,#1688) ;
#1696=LINE('Line',#1693,#1695) ;
#1714=LINE('Line',#1711,#1713) ;
#1721=LINE('Line',#1718,#1720) ;
#1739=LINE('Line',#1736,#1738) ;
#1757=LINE('Line',#1754,#1756) ;
#1764=LINE('Line',#1761,#1763) ;
#1771=LINE('Line',#1768,#1770) ;
#1789=LINE('Line',#1786,#1788) ;
#1796=LINE('Line',#1793,#1795) ;
#1814=LINE('Line',#1811,#1813) ;
#1821=LINE('Line',#1818,#1820) ;
#1839=LINE('Line',#1836,#1838) ;
#1857=LINE('Line',#1854,#1856) ;
#1864=LINE('Line',#1861,#1863) ;
#1871=LINE('Line',#1868,#1870) ;
#1889=LINE('Line',#1886,#1888) ;
#1896=LINE('Line',#1893,#1895) ;
#1914=LINE('Line',#1911,#1913) ;
#1921=LINE('Line',#1918,#1920) ;
#1939=LINE('Line',#1936,#1938) ;
#1957=LINE('Line',#1954,#1956) ;
#1964=LINE('Line',#1961,#1963) ;
#1971=LINE('Line',#1968,#1970) ;
#1989=LINE('Line',#1986,#1988) ;
#1996=LINE('Line',#1993,#1995) ;
#2014=LINE('Line',#2011,#2013) ;
#2021=LINE('Line',#2018,#2020) ;
#2039=LINE('Line',#2036,#2038) ;
#2057=LINE('Line',#2054,#2056) ;
#2064=LINE('Line',#2061,#2063) ;
#2071=LINE('Line',#2068,#2070) ;
#2089=LINE('Line',#2086,#2088) ;
#2096=LINE('Line',#2093,#2095) ;
#2114=LINE('Line',#2111,#2113) ;
#2121=LINE('Line',#2118,#2120) ;
#2139=LINE('Line',#2136,#2138) ;
#2157=LINE('Line',#2154,#2156) ;
#2164=LINE('Line',#2161,#2163) ;
#2171=LINE('Line',#2168,#2170) ;
#2189=LINE('Line',#2186,#2188) ;
#2196=LINE('Line',#2193,#2195) ;
#2214=LINE('Line',#2211,#2213) ;
#2221=LINE('Line',#2218,#2220) ;
#2239=LINE('Line',#2236,#2238) ;
#2257=LINE('Line',#2254,#2256) ;
#2264=LINE('Line',#2261,#2263) ;
#2271=LINE('Line',#2268,#2270) ;
#2289=LINE('Line',#2286,#2288) ;
#2296=LINE('Line',#2293,#2295) ;
#2314=LINE('Line',#2311,#2313) ;
#2321=LINE('Line',#2318,#2320) ;
#2339=LINE('Line',#2336,#2338) ;
#2357=LINE('Line',#2354,#2356) ;
#2364=LINE('Line',#2361,#2363) ;
#2371=LINE('Line',#2368,#2370) ;
#2389=LINE('Line',#2386,#2388) ;
#2396=LINE('Line',#2393,#2395) ;
#2414=LINE('Line',#2411,#2413) ;
#2421=LINE('Line',#2418,#2420) ;
#2439=LINE('Line',#2436,#2438) ;
#2457=LINE('Line',#2454,#2456) ;
#2464=LINE('Line',#2461,#2463) ;
#2471=LINE('Line',#2468,#2470) ;
#2496=LINE('Line',#2493,#2495) ;
#2503=LINE('Line',#2500,#2502) ;
#2521=LINE('Line',#2518,#2520) ;
#2528=LINE('Line',#2525,#2527) ;
#2546=LINE('Line',#2543,#2545) ;
#2564=LINE('Line',#2561,#2563) ;
#2571=LINE('Line',#2568,#2570) ;
#2578=LINE('Line',#2575,#2577) ;
#2596=LINE('Line',#2593,#2595) ;
#2603=LINE('Line',#2600,#2602) ;
#2621=LINE('Line',#2618,#2620) ;
#2628=LINE('Line',#2625,#2627) ;
#2646=LINE('Line',#2643,#2645) ;
#2664=LINE('Line',#2661,#2663) ;
#2671=LINE('Line',#2668,#2670) ;
#2678=LINE('Line',#2675,#2677) ;
#2696=LINE('Line',#2693,#2695) ;
#2703=LINE('Line',#2700,#2702) ;
#2721=LINE('Line',#2718,#2720) ;
#2728=LINE('Line',#2725,#2727) ;
#2746=LINE('Line',#2743,#2745) ;
#2764=LINE('Line',#2761,#2763) ;
#2771=LINE('Line',#2768,#2770) ;
#2778=LINE('Line',#2775,#2777) ;
#2796=LINE('Line',#2793,#2795) ;
#2803=LINE('Line',#2800,#2802) ;
#2821=LINE('Line',#2818,#2820) ;
#2828=LINE('Line',#2825,#2827) ;
#2846=LINE('Line',#2843,#2845) ;
#2890=LINE('Line',#2887,#2889) ;
#2899=LINE('Line',#2896,#2898) ;
#2906=LINE('Line',#2903,#2905) ;
#2913=LINE('Line',#2910,#2912) ;
#2924=LINE('Line',#2921,#2923) ;
#2933=LINE('Line',#2930,#2932) ;
#2940=LINE('Line',#2937,#2939) ;
#2947=LINE('Line',#2944,#2946) ;
#2958=LINE('Line',#2955,#2957) ;
#2967=LINE('Line',#2964,#2966) ;
#2974=LINE('Line',#2971,#2973) ;
#2981=LINE('Line',#2978,#2980) ;
#3142=LINE('Line',#3139,#3141) ;
#3149=LINE('Line',#3146,#3148) ;
#3156=LINE('Line',#3153,#3155) ;
#3174=LINE('Line',#3171,#3173) ;
#3181=LINE('Line',#3178,#3180) ;
#3199=LINE('Line',#3196,#3198) ;
#3206=LINE('Line',#3203,#3205) ;
#3224=LINE('Line',#3221,#3223) ;
#3242=LINE('Line',#3239,#3241) ;
#3249=LINE('Line',#3246,#3248) ;
#3256=LINE('Line',#3253,#3255) ;
#3274=LINE('Line',#3271,#3273) ;
#3281=LINE('Line',#3278,#3280) ;
#3299=LINE('Line',#3296,#3298) ;
#3306=LINE('Line',#3303,#3305) ;
#3324=LINE('Line',#3321,#3323) ;
#3342=LINE('Line',#3339,#3341) ;
#3349=LINE('Line',#3346,#3348) ;
#3356=LINE('Line',#3353,#3355) ;
#3374=LINE('Line',#3371,#3373) ;
#3381=LINE('Line',#3378,#3380) ;
#3399=LINE('Line',#3396,#3398) ;
#3406=LINE('Line',#3403,#3405) ;
#3424=LINE('Line',#3421,#3423) ;
#3455=LINE('Line',#3452,#3454) ;
#3462=LINE('Line',#3459,#3461) ;
#3469=LINE('Line',#3466,#3468) ;
#3487=LINE('Line',#3484,#3486) ;
#3494=LINE('Line',#3491,#3493) ;
#3512=LINE('Line',#3509,#3511) ;
#3519=LINE('Line',#3516,#3518) ;
#3537=LINE('Line',#3534,#3536) ;
#3555=LINE('Line',#3552,#3554) ;
#3562=LINE('Line',#3559,#3561) ;
#3569=LINE('Line',#3566,#3568) ;
#3587=LINE('Line',#3584,#3586) ;
#3594=LINE('Line',#3591,#3593) ;
#3612=LINE('Line',#3609,#3611) ;
#3619=LINE('Line',#3616,#3618) ;
#3637=LINE('Line',#3634,#3636) ;
#3655=LINE('Line',#3652,#3654) ;
#3662=LINE('Line',#3659,#3661) ;
#3669=LINE('Line',#3666,#3668) ;
#3687=LINE('Line',#3684,#3686) ;
#3694=LINE('Line',#3691,#3693) ;
#3712=LINE('Line',#3709,#3711) ;
#3719=LINE('Line',#3716,#3718) ;
#3737=LINE('Line',#3734,#3736) ;
#3794=LINE('Line',#3791,#3793) ;
#3801=LINE('Line',#3798,#3800) ;
#3808=LINE('Line',#3805,#3807) ;
#3826=LINE('Line',#3823,#3825) ;
#3833=LINE('Line',#3830,#3832) ;
#3851=LINE('Line',#3848,#3850) ;
#3858=LINE('Line',#3855,#3857) ;
#3876=LINE('Line',#3873,#3875) ;
#3894=LINE('Line',#3891,#3893) ;
#3901=LINE('Line',#3898,#3900) ;
#3908=LINE('Line',#3905,#3907) ;
#3926=LINE('Line',#3923,#3925) ;
#3933=LINE('Line',#3930,#3932) ;
#3951=LINE('Line',#3948,#3950) ;
#3958=LINE('Line',#3955,#3957) ;
#3976=LINE('Line',#3973,#3975) ;
#3994=LINE('Line',#3991,#3993) ;
#4001=LINE('Line',#3998,#4000) ;
#4008=LINE('Line',#4005,#4007) ;
#4026=LINE('Line',#4023,#4025) ;
#4033=LINE('Line',#4030,#4032) ;
#4051=LINE('Line',#4048,#4050) ;
#4058=LINE('Line',#4055,#4057) ;
#4076=LINE('Line',#4073,#4075) ;
#35=PLANE('',#34) ;
#753=PLANE('',#752) ;
#785=PLANE('',#784) ;
#810=PLANE('',#809) ;
#835=PLANE('',#834) ;
#860=PLANE('',#859) ;
#885=PLANE('',#884) ;
#910=PLANE('',#909) ;
#935=PLANE('',#934) ;
#960=PLANE('',#959) ;
#985=PLANE('',#984) ;
#1010=PLANE('',#1009) ;
#1035=PLANE('',#1034) ;
#1060=PLANE('',#1059) ;
#1085=PLANE('',#1084) ;
#1110=PLANE('',#1109) ;
#1135=PLANE('',#1134) ;
#1160=PLANE('',#1159) ;
#1185=PLANE('',#1184) ;
#1210=PLANE('',#1209) ;
#1235=PLANE('',#1234) ;
#1260=PLANE('',#1259) ;
#1285=PLANE('',#1284) ;
#1310=PLANE('',#1309) ;
#1335=PLANE('',#1334) ;
#1353=PLANE('',#1352) ;
#1385=PLANE('',#1384) ;
#1410=PLANE('',#1409) ;
#1435=PLANE('',#1434) ;
#1453=PLANE('',#1452) ;
#1485=PLANE('',#1484) ;
#1510=PLANE('',#1509) ;
#1535=PLANE('',#1534) ;
#1553=PLANE('',#1552) ;
#1585=PLANE('',#1584) ;
#1610=PLANE('',#1609) ;
#1635=PLANE('',#1634) ;
#1653=PLANE('',#1652) ;
#1685=PLANE('',#1684) ;
#1710=PLANE('',#1709) ;
#1735=PLANE('',#1734) ;
#1753=PLANE('',#1752) ;
#1785=PLANE('',#1784) ;
#1810=PLANE('',#1809) ;
#1835=PLANE('',#1834) ;
#1853=PLANE('',#1852) ;
#1885=PLANE('',#1884) ;
#1910=PLANE('',#1909) ;
#1935=PLANE('',#1934) ;
#1953=PLANE('',#1952) ;
#1985=PLANE('',#1984) ;
#2010=PLANE('',#2009) ;
#2035=PLANE('',#2034) ;
#2053=PLANE('',#2052) ;
#2085=PLANE('',#2084) ;
#2110=PLANE('',#2109) ;
#2135=PLANE('',#2134) ;
#2153=PLANE('',#2152) ;
#2185=PLANE('',#2184) ;
#2210=PLANE('',#2209) ;
#2235=PLANE('',#2234) ;
#2253=PLANE('',#2252) ;
#2285=PLANE('',#2284) ;
#2310=PLANE('',#2309) ;
#2335=PLANE('',#2334) ;
#2353=PLANE('',#2352) ;
#2385=PLANE('',#2384) ;
#2410=PLANE('',#2409) ;
#2435=PLANE('',#2434) ;
#2453=PLANE('',#2452) ;
#2492=PLANE('',#2491) ;
#2517=PLANE('',#2516) ;
#2542=PLANE('',#2541) ;
#2560=PLANE('',#2559) ;
#2592=PLANE('',#2591) ;
#2617=PLANE('',#2616) ;
#2642=PLANE('',#2641) ;
#2660=PLANE('',#2659) ;
#2692=PLANE('',#2691) ;
#2717=PLANE('',#2716) ;
#2742=PLANE('',#2741) ;
#2760=PLANE('',#2759) ;
#2792=PLANE('',#2791) ;
#2817=PLANE('',#2816) ;
#2842=PLANE('',#2841) ;
#2860=PLANE('',#2859) ;
#2995=PLANE('',#2994) ;
#3008=PLANE('',#3007) ;
#3021=PLANE('',#3020) ;
#3034=PLANE('',#3033) ;
#3047=PLANE('',#3046) ;
#3060=PLANE('',#3059) ;
#3073=PLANE('',#3072) ;
#3086=PLANE('',#3085) ;
#3099=PLANE('',#3098) ;
#3112=PLANE('',#3111) ;
#3125=PLANE('',#3124) ;
#3138=PLANE('',#3137) ;
#3170=PLANE('',#3169) ;
#3195=PLANE('',#3194) ;
#3220=PLANE('',#3219) ;
#3238=PLANE('',#3237) ;
#3270=PLANE('',#3269) ;
#3295=PLANE('',#3294) ;
#3320=PLANE('',#3319) ;
#3338=PLANE('',#3337) ;
#3370=PLANE('',#3369) ;
#3395=PLANE('',#3394) ;
#3420=PLANE('',#3419) ;
#3438=PLANE('',#3437) ;
#3451=PLANE('',#3450) ;
#3483=PLANE('',#3482) ;
#3508=PLANE('',#3507) ;
#3533=PLANE('',#3532) ;
#3551=PLANE('',#3550) ;
#3583=PLANE('',#3582) ;
#3608=PLANE('',#3607) ;
#3633=PLANE('',#3632) ;
#3651=PLANE('',#3650) ;
#3683=PLANE('',#3682) ;
#3708=PLANE('',#3707) ;
#3733=PLANE('',#3732) ;
#3751=PLANE('',#3750) ;
#3764=PLANE('',#3763) ;
#3777=PLANE('',#3776) ;
#3790=PLANE('',#3789) ;
#3822=PLANE('',#3821) ;
#3847=PLANE('',#3846) ;
#3872=PLANE('',#3871) ;
#3890=PLANE('',#3889) ;
#3922=PLANE('',#3921) ;
#3947=PLANE('',#3946) ;
#3972=PLANE('',#3971) ;
#3990=PLANE('',#3989) ;
#4022=PLANE('',#4021) ;
#4047=PLANE('',#4046) ;
#4072=PLANE('',#4071) ;
#4090=PLANE('',#4089) ;
#4103=PLANE('',#4102) ;
#4116=PLANE('',#4115) ;
#9=PRODUCT_CATEGORY_RELATIONSHIP(' ',' ',#7,#8) ;
#6=PRODUCT_DEFINITION_FORMATION_WITH_SPECIFIED_SOURCE('1',' ',#5,.MADE.) ;
#20=SHAPE_DEFINITION_REPRESENTATION(#11,#19) ;
#41=VERTEX_POINT('',#40) ;
#43=VERTEX_POINT('',#42) ;
#50=VERTEX_POINT('',#49) ;
#57=VERTEX_POINT('',#56) ;
#64=VERTEX_POINT('',#63) ;
#71=VERTEX_POINT('',#70) ;
#78=VERTEX_POINT('',#77) ;
#85=VERTEX_POINT('',#84) ;
#92=VERTEX_POINT('',#91) ;
#99=VERTEX_POINT('',#98) ;
#106=VERTEX_POINT('',#105) ;
#113=VERTEX_POINT('',#112) ;
#120=VERTEX_POINT('',#119) ;
#127=VERTEX_POINT('',#126) ;
#134=VERTEX_POINT('',#133) ;
#141=VERTEX_POINT('',#140) ;
#148=VERTEX_POINT('',#147) ;
#155=VERTEX_POINT('',#154) ;
#162=VERTEX_POINT('',#161) ;
#169=VERTEX_POINT('',#168) ;
#176=VERTEX_POINT('',#175) ;
#183=VERTEX_POINT('',#182) ;
#190=VERTEX_POINT('',#189) ;
#197=VERTEX_POINT('',#196) ;
#235=VERTEX_POINT('',#234) ;
#237=VERTEX_POINT('',#236) ;
#244=VERTEX_POINT('',#243) ;
#251=VERTEX_POINT('',#250) ;
#269=VERTEX_POINT('',#268) ;
#271=VERTEX_POINT('',#270) ;
#278=VERTEX_POINT('',#277) ;
#285=VERTEX_POINT('',#284) ;
#303=VERTEX_POINT('',#302) ;
#305=VERTEX_POINT('',#304) ;
#312=VERTEX_POINT('',#311) ;
#319=VERTEX_POINT('',#318) ;
#337=VERTEX_POINT('',#336) ;
#339=VERTEX_POINT('',#338) ;
#346=VERTEX_POINT('',#345) ;
#353=VERTEX_POINT('',#352) ;
#371=VERTEX_POINT('',#370) ;
#373=VERTEX_POINT('',#372) ;
#380=VERTEX_POINT('',#379) ;
#387=VERTEX_POINT('',#386) ;
#405=VERTEX_POINT('',#404) ;
#407=VERTEX_POINT('',#406) ;
#414=VERTEX_POINT('',#413) ;
#421=VERTEX_POINT('',#420) ;
#439=VERTEX_POINT('',#438) ;
#441=VERTEX_POINT('',#440) ;
#448=VERTEX_POINT('',#447) ;
#455=VERTEX_POINT('',#454) ;
#473=VERTEX_POINT('',#472) ;
#475=VERTEX_POINT('',#474) ;
#482=VERTEX_POINT('',#481) ;
#489=VERTEX_POINT('',#488) ;
#507=VERTEX_POINT('',#506) ;
#509=VERTEX_POINT('',#508) ;
#516=VERTEX_POINT('',#515) ;
#523=VERTEX_POINT('',#522) ;
#541=VERTEX_POINT('',#540) ;
#543=VERTEX_POINT('',#542) ;
#550=VERTEX_POINT('',#549) ;
#557=VERTEX_POINT('',#556) ;
#575=VERTEX_POINT('',#574) ;
#577=VERTEX_POINT('',#576) ;
#584=VERTEX_POINT('',#583) ;
#591=VERTEX_POINT('',#590) ;
#609=VERTEX_POINT('',#608) ;
#611=VERTEX_POINT('',#610) ;
#618=VERTEX_POINT('',#617) ;
#625=VERTEX_POINT('',#624) ;
#643=VERTEX_POINT('',#642) ;
#645=VERTEX_POINT('',#644) ;
#652=VERTEX_POINT('',#651) ;
#659=VERTEX_POINT('',#658) ;
#677=VERTEX_POINT('',#676) ;
#679=VERTEX_POINT('',#678) ;
#686=VERTEX_POINT('',#685) ;
#693=VERTEX_POINT('',#692) ;
#711=VERTEX_POINT('',#710) ;
#713=VERTEX_POINT('',#712) ;
#720=VERTEX_POINT('',#719) ;
#727=VERTEX_POINT('',#726) ;
#759=VERTEX_POINT('',#758) ;
#761=VERTEX_POINT('',#760) ;
#791=VERTEX_POINT('',#790) ;
#816=VERTEX_POINT('',#815) ;
#841=VERTEX_POINT('',#840) ;
#866=VERTEX_POINT('',#865) ;
#891=VERTEX_POINT('',#890) ;
#916=VERTEX_POINT('',#915) ;
#941=VERTEX_POINT('',#940) ;
#966=VERTEX_POINT('',#965) ;
#991=VERTEX_POINT('',#990) ;
#1016=VERTEX_POINT('',#1015) ;
#1041=VERTEX_POINT('',#1040) ;
#1066=VERTEX_POINT('',#1065) ;
#1091=VERTEX_POINT('',#1090) ;
#1116=VERTEX_POINT('',#1115) ;
#1141=VERTEX_POINT('',#1140) ;
#1166=VERTEX_POINT('',#1165) ;
#1191=VERTEX_POINT('',#1190) ;
#1216=VERTEX_POINT('',#1215) ;
#1241=VERTEX_POINT('',#1240) ;
#1266=VERTEX_POINT('',#1265) ;
#1291=VERTEX_POINT('',#1290) ;
#1316=VERTEX_POINT('',#1315) ;
#1359=VERTEX_POINT('',#1358) ;
#1366=VERTEX_POINT('',#1365) ;
#1391=VERTEX_POINT('',#1390) ;
#1416=VERTEX_POINT('',#1415) ;
#1459=VERTEX_POINT('',#1458) ;
#1466=VERTEX_POINT('',#1465) ;
#1491=VERTEX_POINT('',#1490) ;
#1516=VERTEX_POINT('',#1515) ;
#1559=VERTEX_POINT('',#1558) ;
#1566=VERTEX_POINT('',#1565) ;
#1591=VERTEX_POINT('',#1590) ;
#1616=VERTEX_POINT('',#1615) ;
#1659=VERTEX_POINT('',#1658) ;
#1666=VERTEX_POINT('',#1665) ;
#1691=VERTEX_POINT('',#1690) ;
#1716=VERTEX_POINT('',#1715) ;
#1759=VERTEX_POINT('',#1758) ;
#1766=VERTEX_POINT('',#1765) ;
#1791=VERTEX_POINT('',#1790) ;
#1816=VERTEX_POINT('',#1815) ;
#1859=VERTEX_POINT('',#1858) ;
#1866=VERTEX_POINT('',#1865) ;
#1891=VERTEX_POINT('',#1890) ;
#1916=VERTEX_POINT('',#1915) ;
#1959=VERTEX_POINT('',#1958) ;
#1966=VERTEX_POINT('',#1965) ;
#1991=VERTEX_POINT('',#1990) ;
#2016=VERTEX_POINT('',#2015) ;
#2059=VERTEX_POINT('',#2058) ;
#2066=VERTEX_POINT('',#2065) ;
#2091=VERTEX_POINT('',#2090) ;
#2116=VERTEX_POINT('',#2115) ;
#2159=VERTEX_POINT('',#2158) ;
#2166=VERTEX_POINT('',#2165) ;
#2191=VERTEX_POINT('',#2190) ;
#2216=VERTEX_POINT('',#2215) ;
#2259=VERTEX_POINT('',#2258) ;
#2266=VERTEX_POINT('',#2265) ;
#2291=VERTEX_POINT('',#2290) ;
#2316=VERTEX_POINT('',#2315) ;
#2359=VERTEX_POINT('',#2358) ;
#2366=VERTEX_POINT('',#2365) ;
#2391=VERTEX_POINT('',#2390) ;
#2416=VERTEX_POINT('',#2415) ;
#2459=VERTEX_POINT('',#2458) ;
#2466=VERTEX_POINT('',#2465) ;
#2498=VERTEX_POINT('',#2497) ;
#2523=VERTEX_POINT('',#2522) ;
#2566=VERTEX_POINT('',#2565) ;
#2573=VERTEX_POINT('',#2572) ;
#2598=VERTEX_POINT('',#2597) ;
#2623=VERTEX_POINT('',#2622) ;
#2666=VERTEX_POINT('',#2665) ;
#2673=VERTEX_POINT('',#2672) ;
#2698=VERTEX_POINT('',#2697) ;
#2723=VERTEX_POINT('',#2722) ;
#2766=VERTEX_POINT('',#2765) ;
#2773=VERTEX_POINT('',#2772) ;
#2798=VERTEX_POINT('',#2797) ;
#2823=VERTEX_POINT('',#2822) ;
#2892=VERTEX_POINT('',#2891) ;
#2894=VERTEX_POINT('',#2893) ;
#2901=VERTEX_POINT('',#2900) ;
#2908=VERTEX_POINT('',#2907) ;
#2926=VERTEX_POINT('',#2925) ;
#2928=VERTEX_POINT('',#2927) ;
#2935=VERTEX_POINT('',#2934) ;
#2942=VERTEX_POINT('',#2941) ;
#2960=VERTEX_POINT('',#2959) ;
#2962=VERTEX_POINT('',#2961) ;
#2969=VERTEX_POINT('',#2968) ;
#2976=VERTEX_POINT('',#2975) ;
#3144=VERTEX_POINT('',#3143) ;
#3151=VERTEX_POINT('',#3150) ;
#3176=VERTEX_POINT('',#3175) ;
#3201=VERTEX_POINT('',#3200) ;
#3244=VERTEX_POINT('',#3243) ;
#3251=VERTEX_POINT('',#3250) ;
#3276=VERTEX_POINT('',#3275) ;
#3301=VERTEX_POINT('',#3300) ;
#3344=VERTEX_POINT('',#3343) ;
#3351=VERTEX_POINT('',#3350) ;
#3376=VERTEX_POINT('',#3375) ;
#3401=VERTEX_POINT('',#3400) ;
#3457=VERTEX_POINT('',#3456) ;
#3464=VERTEX_POINT('',#3463) ;
#3489=VERTEX_POINT('',#3488) ;
#3514=VERTEX_POINT('',#3513) ;
#3557=VERTEX_POINT('',#3556) ;
#3564=VERTEX_POINT('',#3563) ;
#3589=VERTEX_POINT('',#3588) ;
#3614=VERTEX_POINT('',#3613) ;
#3657=VERTEX_POINT('',#3656) ;
#3664=VERTEX_POINT('',#3663) ;
#3689=VERTEX_POINT('',#3688) ;
#3714=VERTEX_POINT('',#3713) ;
#3796=VERTEX_POINT('',#3795) ;
#3803=VERTEX_POINT('',#3802) ;
#3828=VERTEX_POINT('',#3827) ;
#3853=VERTEX_POINT('',#3852) ;
#3896=VERTEX_POINT('',#3895) ;
#3903=VERTEX_POINT('',#3902) ;
#3928=VERTEX_POINT('',#3927) ;
#3953=VERTEX_POINT('',#3952) ;
#3996=VERTEX_POINT('',#3995) ;
#4003=VERTEX_POINT('',#4002) ;
#4028=VERTEX_POINT('',#4027) ;
#4053=VERTEX_POINT('',#4052) ;
#12=(LENGTH_UNIT()NAMED_UNIT(*)SI_UNIT(.MILLI.,.METRE.)) ;
#13=(NAMED_UNIT(*)PLANE_ANGLE_UNIT()SI_UNIT($,.RADIAN.)) ;
#14=(NAMED_UNIT(*)SI_UNIT($,.STERADIAN.)SOLID_ANGLE_UNIT()) ;
#16=(GEOMETRIC_REPRESENTATION_CONTEXT(3)GLOBAL_UNCERTAINTY_ASSIGNED_CONTEXT((#15))GLOBAL_UNIT_ASSIGNED_CONTEXT((#12,#13,#14))REPRESENTATION_CONTEXT(' ',' ')) ;
ENDSEC;
END-ISO-10303-21;
